value,is_anomaly
6.116361391252697,0
37.91066189889051,0
16.96911058790735,0
31.557860318172498,0
28.425819210733668,0
7.450414755619842,0
12.664998782892084,0
22.695527747449674,0
19.499694549848247,0
59.75280095503812,0
36.26216694791563,0
13.756721649022573,0
50.126653030904464,0
39.80802932585535,0
6.704812335927597,0
26.04835523719859,0
55.81545668609914,0
10.702836801729822,0
23.827122854287023,0
55.85541473475576,0
36.49068823713057,0
19.59783309980287,0
16.503321389660822,0
58.97324877564605,0
6.292021986819536,0
45.42845327364689,0
24.84829425507764,0
37.807220684968556,0
33.01685086456145,0
24.041229935598913,0
23.16028682693892,0
48.67525689990426,0
51.39235563217106,0
8.17453265709869,0
46.499196133944544,0
28.708184589081874,0
33.94154413925404,0
30.574602369960107,0
22.55296451898569,0
23.555168506645998,0
4.862737257094334,0
47.887072172171656,0
16.075677395177802,0
38.42408929608466,0
20.13242437365848,0
6.597927169753802,0
45.39222886058232,0
37.50970788820783,0
18.40228145943735,0
29.21916016883307,0
61.521818489733604,0
9.507369432114636,0
36.09233768628603,0
11.244499562680382,0
3.7988785062086716,0
15.288053194166999,0
13.49117135918631,0
47.95072054235984,0
18.590621494498883,0
20.74380568211776,0
24.539953185846343,0
33.73472443025383,0
43.631722350672035,0
8.995673429680288,0
40.31995798712055,0
40.88938362359185,0
43.29395691470005,0
38.644042270741984,0
7.038672863759886,0
32.84776762821303,0
39.49557633770008,0
32.41326438848209,0
5.1630056047238675,0
13.174511419564269,0
17.517631920698957,0
60.30308359111455,0
44.58643105757716,0
39.858311369552915,0
26.257498040951187,0
44.48716658357485,0
41.32674043778263,0
35.074481187959286,0
57.876743411720135,0
45.71061190440403,0
47.518133411106945,0
26.04479191543013,0
65.95283729070657,0
71.02444983247949,0
17.711681840719955,0
4.648986222712529,0
49.928050519494555,0
36.13580488244395,0
11.702702494465893,0
9.253661711816296,0
27.21254002610296,0
17.376363046492187,0
27.571904494860117,0
44.30735528902412,0
5.336789710406269,0
3.147429534219818,0
23.50006563730626,0
19.77187689077236,0
38.376504491875075,0
10.36208076462126,0
34.50229841179756,0
33.711232810357714,0
46.11868193636041,0
47.41311597983556,0
16.730827154353776,0
30.28114363361348,0
15.785953402712838,0
24.775854989713135,0
18.36332451982644,0
38.935826251181496,0
74.8306127872014,0
5.684786341376274,0
43.80317262568576,0
30.251673493850102,0
37.36869520973411,0
13.721125785169491,0
5.013501985010281,0
16.75428249777089,0
15.413758331676721,0
52.393258669349365,0
35.14010497328664,0
24.766442566874797,0
26.515709545742222,0
57.85739463065917,0
-134.01452780655012,1
40.63833710623654,0
58.8416908361821,0
42.023987459342656,0
26.412348488698623,0
6.29379030896329,0
12.871258179705064,0
11.596681808435504,0
36.088644377230914,0
50.36759674879758,0
22.60069324868365,0
12.071339141119074,0
31.779613496317626,0
31.739983480222357,0
18.073402458470635,0
55.63744513184589,0
54.54857951049179,0
24.117932248091105,0
30.376068592883463,0
21.992091645992645,0
24.391254710887406,0
27.151467532048397,0
11.12966780133102,0
24.924391875510292,0
41.44604152121364,0
9.972397692047268,0
7.637829546022429,0
34.50107211171223,0
5.403887939104147,0
35.507485864014235,0
25.250506080089757,0
-134.01452780655012,1
26.654775998007356,0
2.2032310818885246,0
26.152078126160184,0
12.024066407573061,0
32.87720448476731,0
28.229990605704046,0
20.729971772971975,0
19.50989321510855,0
37.33871980371568,0
59.82233178010951,0
40.329000886361044,0
34.908382754502874,0
6.178654596447161,0
23.518695189186634,0
40.78862420658304,0
12.170546840415279,0
19.1304487328899,0
51.45868414988317,0
23.667781909834424,0
58.78944931564427,0
68.64798318958918,0
45.97013261725818,0
9.890214739208051,0
56.371413178609544,0
8.075016028232188,0
31.584563542685594,0
22.715262047992496,0
24.783832818122686,0
37.44320158193406,0
11.186011037826821,0
47.06915062666977,0
15.753601323719954,0
29.058013826404604,0
6.256010188447167,0
16.871820034116404,0
11.841280460705129,0
16.95889289465357,0
20.046092810170915,0
16.67933993855363,0
26.69106004106875,0
3.7763482181543298,0
30.944961056670543,0
14.629842125858842,0
43.422981397754334,0
19.369511312605344,0
32.66850201485735,0
11.509015600520337,0
38.598143948826866,0
16.4210068018102,0
25.55725932988775,0
33.141342649140086,0
53.86786255191727,0
18.075762404126937,0
12.4829353117598,0
191.39355949468143,1
15.949975315153548,0
47.009773672647185,0
7.2567711559472405,0
31.404979785912822,0
26.48746166692037,0
32.93747390423041,0
22.964737253979067,0
13.553105550358369,0
16.623827528619497,0
8.130411372708073,0
25.60747051811832,0
19.518358521136587,0
26.724660881194506,0
18.287736395588034,0
21.93408021379895,0
40.676904458130565,0
10.139473780154127,0
31.99317827156407,0
43.64066058851729,0
10.148697199670869,0
19.492098225745664,0
27.961680259963334,0
73.23508898745585,0
4.541998229453742,0
4.796811054804202,0
55.399956732900094,0
29.461560384633856,0
9.478921239855499,0
17.338027363292987,0
43.08920517607051,0
8.899084762219838,0
24.681862387271845,0
15.207922935388668,0
11.836949704217412,0
15.30995172273894,0
32.256291398069834,0
20.89366228417103,0
41.71521488544035,0
45.07104315774855,0
38.261916243574206,0
28.4121143769827,0
31.280346197318316,0
15.03827284168355,0
59.874395049328044,0
33.908794583605285,0
30.479275222062125,0
18.930250398820434,0
56.97063986429575,0
19.79707398528009,0
44.949787409414405,0
35.87007635290493,0
35.63299708469128,0
14.04181864340141,0
6.415729527604268,0
51.42482748742062,0
68.31124175072198,0
22.790122321191948,0
17.10410218596219,0
35.08482761442375,0
32.67289984645598,0
52.905977637698854,0
11.911743136337872,0
23.485206025666777,0
21.647253730314088,0
4.9137186816193745,0
8.431290648784817,0
16.566966820686147,0
46.039924171677235,0
23.07825160444957,0
42.71064686335123,0
29.958253461688063,0
50.87754389904697,0
1.2871867971444442,0
10.253596678502054,0
46.46558294264482,0
27.135597616296753,0
36.85007764112424,0
28.274819300983346,0
36.01295439494954,0
36.113938317210355,0
34.27743628563638,0
12.240447631439789,0
7.619953492263592,0
8.97558835829135,0
43.36766474106621,0
45.09928440089072,0
50.971329685370094,0
20.54013479139025,0
42.345696514619036,0
72.18465158550119,0
58.890830741623645,0
15.001103191594797,0
17.74299087033551,0
19.179548627875125,0
9.712473816224678,0
24.250909230253626,0
19.561112535229196,0
17.445091824413623,0
78.54250749581043,0
23.472311607451417,0
68.86480228142379,0
25.69487646956375,0
30.851171091709578,0
33.75020394534785,0
24.906772302697274,0
15.694675989441642,0
14.5229348540018,0
13.321823117700907,0
60.0623968373417,0
14.354742870285733,0
58.02662338931328,0
48.3021378433262,0
32.953859781030395,0
12.790623880841897,0
17.213737273875747,0
21.382766533516374,0
39.85902582138931,0
38.10644098557655,0
3.2386686929718347,0
19.23534234527378,0
18.84101886256002,0
19.155443867962724,0
48.878050039084684,0
23.921611131995927,0
8.300715143801806,0
42.199990705257036,0
26.422328200860985,0
53.75478801316884,0
33.213264756275784,0
27.105742397498123,0
14.059724482947312,0
49.64293717920949,0
35.69703889011553,0
21.664449956953696,0
30.622008526132028,0
3.0106097120908704,0
21.664404350394776,0
39.2180651461691,0
30.292618415748386,0
29.892618964687806,0
34.22609413617295,0
41.23726316111227,0
33.20292250273242,0
31.382764992037988,0
25.188514733588008,0
18.473687629820738,0
50.41264574104495,0
21.917151408304544,0
14.986191695229767,0
17.839881793442032,0
14.623060691955303,0
28.266525042275852,0
13.607123223563168,0
24.602755659929496,0
53.786141312344206,0
32.71194740712654,0
26.514747479487184,0
7.133170323941855,0
30.026279123678563,0
1.7548397399551476,0
42.177414822884835,0
5.418610238357139,0
5.783315070947983,0
32.06388129557004,0
26.488060303984952,0
44.285547189536445,0
43.2988461336674,0
15.167209185226888,0
25.836446861664193,0
22.28711790677364,0
52.14101450103597,0
32.42930783176119,0
21.081938227937226,0
23.25380263473423,0
3.660386158542174,0
55.6921539414867,0
62.850353208286144,0
61.096754999308104,0
10.753744456663618,0
37.77185407070899,0
41.589996601329595,0
42.73020371966228,0
18.99065144768371,0
29.697614198767702,0
26.7574434719224,0
40.83542181250734,0
43.80574775997236,0
17.039680185439824,0
12.206325695564695,0
36.861948564625855,0
3.3341648379341158,0
47.45719871611797,0
41.40802394402836,0
52.18431786553257,0
25.542320097696226,0
24.624878823716166,0
23.735551894393424,0
27.52544021079313,0
18.00286437925952,0
23.406854065123074,0
51.52662926198646,0
59.83911784997525,0
11.227626850573854,0
10.179838126100137,0
68.22052966227952,0
20.057291567127027,0
5.308567315738158,0
36.39463753638893,0
19.836502975056813,0
9.55211262273821,0
28.39864764308977,0
22.330891558544007,0
30.658351023869468,0
11.5429057931574,0
53.57659843872772,0
38.656465904357134,0
26.600464969224397,0
32.41190874050254,0
29.582150142859977,0
32.348368488063166,0
24.224397404542643,0
33.8090541764913,0
34.26993245136369,0
7.343830871025564,0
31.16006987594885,0
35.014788435242814,0
26.655551896825237,0
21.16437656413251,0
46.323774251569084,0
3.082109977104709,0
24.81033224933022,0
42.89728422060265,0
30.595623896264396,0
7.430384259419751,0
21.689326432662543,0
20.721229908170223,0
31.11220259082738,0
16.649074148229378,0
24.68728132069138,0
25.84656119803963,0
21.44005467030462,0
23.738021715225447,0
3.7165136938363035,0
3.5069436551476207,0
16.883120935657526,0
27.718871006828333,0
67.6308020230542,0
36.785357843844686,0
42.27822793991845,0
9.024674910434847,0
27.926377922013145,0
26.8684968361959,0
21.46046294901253,0
17.10012389273906,0
29.19130766073184,0
42.911778216439714,0
9.403592735699833,0
48.998501851545214,0
32.55985859331128,0
20.027391497468,0
12.756446237852703,0
33.25192043974206,0
9.214749761530436,0
31.19332729561206,0
36.29840736171426,0
2.1964769221836375,0
32.08162138217618,0
5.534647226342214,0
1.2551373240796295,0
22.155092226923102,0
29.14998433733758,0
25.052153333568615,0
33.71158919595527,0
48.80151219812457,0
49.3261847666613,0
18.935522424957473,0
17.08775493104106,0
17.6513991946986,0
12.299985851919221,0
26.744805805347127,0
51.71176971251066,0
48.655967931569,0
21.669757054084023,0
13.998803831471449,0
22.19589660974764,0
30.373983676098987,0
32.42243246923732,0
29.474965638833705,0
24.815206817051628,0
27.42379058950312,0
64.83593285324373,0
66.09984448448975,0
22.708520557571706,0
21.9666657905684,0
19.584426858620624,0
55.759514754994285,0
43.22366353858293,0
8.97618596953101,0
40.5048932380635,0
50.935483049613715,0
48.51977112468169,0
13.677069714843373,0
33.419226064355584,0
18.969553338053974,0
20.053018217541684,0
18.40623442648992,0
5.593343870856533,0
28.107415790804964,0
26.576952843407938,0
28.930974043029845,0
38.56678905270935,0
48.30923898385048,0
4.894684271570476,0
11.311825716420307,0
14.031408942269543,0
53.367427019992185,0
39.59338550590129,0
30.75541882758564,0
26.72783560711553,0
5.1020600173878865,0
38.482334472272896,0
26.570124693695274,0
10.028013311031179,0
19.419945653170938,0
9.953328488201084,0
37.46586238331881,0
21.11345488513562,0
31.53235622750632,0
42.22420295810775,0
12.446400728773526,0
6.033341098945201,0
6.068734263048069,0
31.94654906991536,0
50.641784339985264,0
33.69183911097749,0
16.795501375373117,0
27.84897290569816,0
5.4240063510306005,0
17.995044844429255,0
53.446079338580496,0
21.550065602045752,0
32.749367616646595,0
65.89168321749835,0
12.582991549664133,0
42.5489269868876,0
22.836713323097342,0
-134.01452780655012,1
12.234019327013721,0
35.96246485859999,0
6.238134985149549,0
7.009537941990088,0
12.550101045000531,0
37.205534777746664,0
18.720542722615463,0
14.657619935111866,0
45.098444439568745,0
6.220598562767598,0
52.60409861645668,0
26.603775042199228,0
20.401305260808655,0
8.872938941885343,0
25.893081240479304,0
10.571580276352016,0
44.845073153941556,0
33.28021563862119,0
56.6930256436327,0
13.446901080295346,0
8.713525106793304,0
10.463282482778443,0
72.02414418932844,0
28.882247019486528,0
29.209684582607252,0
21.970753303114773,0
46.69895790564399,0
13.242048653269933,0
25.176439026758196,0
30.912531248497256,0
43.69635828000577,0
36.53776007874408,0
56.623213699296684,0
12.49819505522993,0
20.014332073842176,0
47.74446786985647,0
26.88175524879685,0
39.5564018342076,0
28.863506116648058,0
30.146608338423675,0
6.937437492522255,0
34.867170717195286,0
33.946765655332264,0
191.39355949468143,1
24.296288368033647,0
16.030362219182983,0
59.00721734536189,0
20.06813456197903,0
5.322651507488254,0
45.85326030450607,0
35.54171497443581,0
19.710803925994412,0
191.39355949468143,1
32.422729069971226,0
36.371602181626415,0
23.398361063296058,0
33.06398003653462,0
40.742185459128244,0
7.9627850502437365,0
10.87041734058676,0
17.150365111398685,0
7.624939004902225,0
61.96746859254506,0
10.631668246814836,0
43.233365171407776,0
8.540628936598722,0
14.678190849848066,0
41.10217523395177,0
50.99206742871579,0
9.250283391978527,0
38.59949051431102,0
5.737948290797918,0
9.178214859701662,0
45.172385678690205,0
58.56924772358847,0
47.46467857201411,0
44.00950199025369,0
32.447085660207996,0
20.782281481731964,0
51.759295352294444,0
34.45105497369813,0
15.130035984852148,0
9.512609066591153,0
14.014653435234104,0
24.246379860490805,0
19.867807139592788,0
41.89950173865596,0
11.132113482573239,0
31.648951955329125,0
4.176627041980697,0
17.20080024983173,0
50.45780910923896,0
14.987934291973398,0
39.38652136874973,0
7.442173278115958,0
15.286170729345203,0
28.509224636354187,0
44.23646087752287,0
27.855019253456824,0
31.70430519574111,0
11.384888292221763,0
28.147210781236463,0
28.778700033484277,0
22.05005354553628,0
50.39637499308049,0
11.7321259266118,0
6.411611402949421,0
31.007585725290582,0
40.47438357009948,0
25.93378377686483,0
35.560262136281544,0
58.36070933750468,0
17.11927283646354,0
8.638121153348903,0
41.431052748790684,0
17.79954866965738,0
28.405879134547213,0
34.22473068895668,0
36.39014942480051,0
77.11763936427894,0
32.325717466929774,0
7.571252026392254,0
-134.01452780655012,1
54.3465780598775,0
33.1753950396551,0
37.754816549106735,0
14.667870087993403,0
39.484268219071126,0
12.078302875641977,0
25.428831721321405,0
16.267539739517396,0
26.178170938817676,0
32.89938991655241,0
6.521861428140265,0
36.80569725078933,0
8.639926230726365,0
41.57835731620525,0
31.683905379984168,0
16.227920127970513,0
8.015224206357226,0
38.02872540772705,0
45.69770481020654,0
16.89453101370941,0
27.55868216969384,0
19.71156862888934,0
80.56854171547326,0
19.21247709913858,0
27.556783625915028,0
55.55766508837965,0
16.840951723558565,0
29.56723427541782,0
28.931884054503637,0
34.47427277683365,0
20.846685769851838,0
69.58709600479708,0
33.82801994009085,0
19.92863771619987,0
11.431949453977829,0
40.58461027947616,0
31.159780139401853,0
29.905365696123432,0
40.932699303153626,0
28.692541230093262,0
23.68438284717767,0
17.977204190660593,0
46.982485585286675,0
37.16066570835197,0
11.863338367136539,0
35.54820101524337,0
26.613725295240183,0
29.20793164558453,0
24.017214721909575,0
9.198737279638483,0
18.2037752208866,0
27.295133032937898,0
19.58796386886708,0
33.53733339434885,0
23.91981700793582,0
28.434063515472964,0
34.32012650286863,0
15.186119712248058,0
14.02013091542987,0
19.098655580052405,0
11.730594867931067,0
39.39794623711166,0
49.573265914733625,0
11.35774213352648,0
55.44261917946902,0
42.644179335334584,0
27.81121680688145,0
14.975188272122175,0
24.06001302667404,0
29.365892298292724,0
12.03334649048997,0
35.10722572139469,0
10.497379327194176,0
30.610371358246436,0
59.10631734593724,0
26.920164252112034,0
16.610224177247183,0
44.087193789053345,0
52.06917225031516,0
36.36377661457711,0
23.24507882634456,0
54.707754433273045,0
12.41902860898738,0
42.679259974189456,0
-134.01452780655012,1
18.101196291710924,0
17.146501261036974,0
8.04019660580882,0
14.66051004392831,0
13.638893387182502,0
8.16814951756704,0
28.586071136456802,0
21.34364249895475,0
52.17489589785216,0
29.968698486963934,0
38.20551010580673,0
31.620983458057438,0
46.11428128191084,0
35.69764147032773,0
18.065219462721696,0
34.17727132261825,0
18.809479306062187,0
-134.01452780655012,1
12.248770967445385,0
27.606679963891867,0
51.55023484617875,0
25.60133622067721,0
47.050421651945406,0
28.6585493170601,0
30.00940294652799,0
22.317591222737857,0
37.76946646161951,0
29.17132527381402,0
11.463491132791175,0
70.42636184417015,0
48.82129571811489,0
40.17783525427725,0
42.465114348443095,0
19.4214777375773,0
30.42026342084746,0
7.812345535956619,0
26.395787028685714,0
43.84266870803333,0
16.865459509046733,0
31.620275872755737,0
3.5427472850680957,0
27.630881068100066,0
30.68008186226587,0
35.14424849460827,0
31.09949352674336,0
27.978805857988657,0
66.5035161512265,0
48.63551344344636,0
37.35694846318196,0
54.23302627221701,0
20.897372767953147,0
27.170249190171635,0
21.890038189129022,0
23.454934143858843,0
40.25625850341462,0
22.779394373103692,0
31.22700250277754,0
36.17363320228919,0
49.47713457202352,0
21.63639159621757,0
17.67389602586345,0
14.171908902309326,0
55.50022035734855,0
24.770175574678248,0
22.10068244249075,0
36.71981414129996,0
14.323699232441555,0
57.19222126344008,0
23.801051881400674,0
44.56952910559494,0
22.152455740201514,0
40.267362544816145,0
27.049495801945493,0
28.35819980303757,0
39.88631954909847,0
25.666517510907322,0
27.01473627469741,0
37.449171444958246,0
19.52600468187503,0
42.750455066217654,0
31.041626575623777,0
16.079928847138095,0
28.929266829237793,0
15.42431843131746,0
25.609850111410775,0
27.882007557573335,0
3.6805652366782473,0
31.001745036759814,0
18.616136652116168,0
18.244526352908387,0
33.51147633266628,0
12.856539982885048,0
17.731568603659206,0
53.17627366241305,0
9.477359339966998,0
25.624936883303384,0
191.39355949468143,1
31.82418042348212,0
16.117764309751625,0
19.97740383096726,0
17.231405328401863,0
47.718876141924824,0
31.74411823039831,0
15.297346372575399,0
8.575472341570231,0
16.332168183785363,0
55.308589979733256,0
12.694035538146341,0
25.705248843598618,0
26.31018113642174,0
26.9910873577103,0
5.168305352685468,0
6.29042181294877,0
28.14485928315668,0
24.14908913416708,0
22.629136487078625,0
11.315372614326078,0
37.133376539990195,0
8.18793777230388,0
2.053878037067329,0
24.902361870087418,0
24.772675239408297,0
44.235674002805084,0
22.09759666329733,0
35.06435735469595,0
24.18403671891263,0
42.06204817349916,0
11.24369113804109,0
47.47153087834867,0
16.53275980384762,0
6.452257999029945,0
24.827654288817886,0
36.59330022099911,0
14.158839545790839,0
25.368504884673044,0
6.283183059428149,0
28.950102955269102,0
5.836157937530097,0
2.522559464533463,0
6.82253202298249,0
5.517743339268366,0
32.69416842518094,0
29.982584462603825,0
5.624122138659353,0
43.522768576386916,0
12.393538671306338,0
7.611443845210905,0
63.20074831513376,0
8.907601455292676,0
23.312514938690956,0
22.007730285305076,0
36.80440414111016,0
22.44356849712133,0
17.395856293480893,0
65.56477746527706,0
9.421806296562291,0
23.380937849881718,0
44.432835614074385,0
33.756950160949785,0
7.774105162115657,0
30.479748464069488,0
41.10642204997939,0
18.753592936755684,0
8.314564254456139,0
39.73594210497571,0
10.492862847951919,0
42.55726053925356,0
50.4023460520846,0
12.572661424922405,0
4.245372150765571,0
49.02217500574159,0
3.07576903805373,0
20.03768732330928,0
1.9859697664558515,0
11.743659547131212,0
6.888789053912231,0
56.96579703044652,0
17.686352206626893,0
21.149919341431296,0
25.175388487613443,0
59.51554443856737,0
1.6002586344346708,0
29.28719543845923,0
31.58576731855082,0
41.945515638246604,0
29.5203506226983,0
7.129731228878377,0
36.30513240316608,0
15.912279286427426,0
2.384783649807373,0
21.987584781700704,0
47.117358789417025,0
12.163416064786283,0
53.493942152558496,0
57.52553394436312,0
49.174798167427085,0
42.12894818652904,0
59.144691105693816,0
51.91519739528412,0
25.465889058235327,0
63.99621208344403,0
51.864105402119456,0
70.80583372752068,0
26.144110329277524,0
40.1389925557538,0
24.876850603504593,0
16.998262577662786,0
32.55081052173925,0
23.688982600634798,0
3.983770822488291,0
29.28848276823059,0
12.943878849162932,0
28.292005637048977,0
31.35916154072683,0
30.679777636461814,0
14.267824688731404,0
21.759769048184957,0
54.086919602224825,0
24.212268445525552,0
37.11415153676255,0
11.042127947853155,0
23.685857527298964,0
1.8400900264441928,0
55.724134409962545,0
29.05688583280447,0
63.9671329788889,0
40.29558357000958,0
10.167586075216297,0
60.66289795421034,0
5.706655630623541,0
34.266455216638384,0
31.347947795759513,0
25.913149539883158,0
12.074041300648224,0
71.39000273212814,0
55.29251291676837,0
40.46105186345349,0
54.097161344368125,0
21.696703966265886,0
23.860988832408864,0
15.436084702424516,0
56.254424523699,0
45.657878663744526,0
69.66558811941994,0
32.4378483703746,0
23.98559621675457,0
15.589883137528792,0
54.67961977321502,0
6.409412567467619,0
54.04782271509937,0
20.74890250790231,0
31.21924572103622,0
23.25822401270996,0
29.409685730930963,0
47.97123433555179,0
2.127168448177969,0
25.116407528603947,0
9.861988089590085,0
10.290048127579638,0
37.45612352659637,0
21.97769096074581,0
5.861864751301526,0
9.667446752174417,0
26.257443965181928,0
6.3548882023113835,0
44.01832434551227,0
69.55077052768503,0
11.878826276529262,0
13.63852159885309,0
23.191882251087396,0
9.617373991784747,0
9.655848760777177,0
7.74575940295994,0
11.391826131191735,0
45.27338878203339,0
32.014584129028535,0
44.844976595165356,0
25.025431369590745,0
25.37493096005978,0
21.36985494568684,0
24.583975090978033,0
25.69301427095435,0
44.563517135885206,0
17.0605453470846,0
22.581024056398494,0
22.634074264808422,0
41.501693133934495,0
49.80373735430766,0
27.255980242715573,0
49.69449097986036,0
33.981775485412534,0
11.859220065201706,0
21.764316758677868,0
38.170075736642595,0
9.744327192748539,0
31.55409647108534,0
26.38458810035064,0
46.17297781426192,0
8.841155337315074,0
12.589015628710666,0
30.431127690415195,0
47.10855820598141,0
33.93725611101877,0
47.34435356836922,0
46.91523848539879,0
66.20987672491928,0
13.207603359146638,0
39.77771181119295,0
36.960737055151824,0
24.4393257694163,0
12.731870093346151,0
58.27028563967982,0
10.309891651778504,0
36.70690150155912,0
10.698469520210464,0
12.827959524462033,0
25.259529746927754,0
46.83370072843817,0
44.46216074634169,0
3.7058502329536056,0
50.15970798753043,0
42.76047255412193,0
19.05184236471704,0
24.65868469215686,0
16.798776853792376,0
45.63174334604956,0
14.94087354567934,0
31.11940211364606,0
39.19462269191114,0
45.172278232150035,0
31.999543725960063,0
71.41403381421365,0
35.39814323047047,0
24.20145058323034,0
18.60575954710931,0
23.21836700809073,0
45.49371959909635,0
10.711885112812816,0
17.86068256913555,0
43.167827314541455,0
19.253060030346877,0
24.383006634412666,0
16.06936681108271,0
25.665097607308496,0
58.19643094024454,0
54.3467469343898,0
9.724408201102786,0
37.51782815496533,0
36.923273492557925,0
6.909141506235182,0
9.431412059794665,0
43.24066648109511,0
4.774768613653339,0
18.37550018527281,0
28.941889522627314,0
3.918177580028211,0
22.180373349058858,0
25.74201840207822,0
29.47422455878405,0
16.080928290203932,0
15.194591847505498,0
38.160961405385905,0
36.35731676253253,0
21.636660058527433,0
4.469675665811472,0
12.381631306290982,0
42.24003683221476,0
25.99495199428517,0
15.113140960046179,0
41.98050499862331,0
33.47964624997502,0
25.232244811671972,0
6.489886514249276,0
24.992424444791453,0
15.27665276643678,0
39.969567518178465,0
27.977320939728145,0
38.115490699610255,0
82.5127696849785,0
25.505337712807464,0
14.494001862791237,0
19.863497576711623,0
59.81597109655925,0
24.148231426665102,0
20.926438074583352,0
32.278446423691854,0
11.199817847411865,0
15.230075520580025,0
19.815605463266202,0
37.647677992000084,0
26.894131408718497,0
12.8172665436283,0
82.38719408212056,0
31.72789222847926,0
26.4219514354851,0
48.8820591815163,0
19.402650816807945,0
29.093534564819397,0
10.867882337906156,0
21.174682761442103,0
18.876107070544766,0
35.14821711432386,0
37.46335171296799,0
35.99997708231532,0
14.486411662967141,0
10.250597870059485,0
25.03246264162492,0
12.356148606480058,0
8.954544560412806,0
27.20568213494351,0
37.034353987427814,0
33.462771237002045,0
35.87743140462528,0
54.621728949826384,0
14.551700875041545,0
54.68171987496041,0
5.581487160821029,0
47.77809306380566,0
64.71218307987851,0
28.591812397045253,0
15.972412586461754,0
18.26404940922481,0
33.05983519213385,0
45.70204023501107,0
27.596890219443033,0
44.64085218169952,0
43.630845908915184,0
191.39355949468143,1
17.064580805984672,0
9.381454055459832,0
71.13177940586506,0
59.794043180305614,0
16.30448836504411,0
52.187325878486476,0
42.19979560564442,0
5.541679131374912,0
43.69610823149444,0
10.095799679469005,0
25.18291496059143,0
13.443096907513914,0
13.376974177705286,0
27.286556302919156,0
27.029699236184847,0
31.143140405139704,0
49.679774952613656,0
22.672692947674264,0
41.32972424397136,0
5.4992104576396725,0
46.21236150065535,0
60.99290954239706,0
48.08137905460468,0
64.85979355807754,0
34.31032288430686,0
16.954752765898494,0
47.722766594524614,0
4.372070327785738,0
17.033846724265437,0
9.615999573292811,0
13.961409371378966,0
39.08101439857895,0
19.044623215867993,0
23.685209404862047,0
24.363121187915013,0
9.545169444819122,0
35.156587054984826,0
21.51240185549425,0
45.802682264442716,0
29.258092650247885,0
24.365425281528534,0
24.287032793243508,0
49.72929608195335,0
46.829419205284275,0
46.581166561190216,0
11.223961592353653,0
53.7234857450577,0
4.830808978339495,0
22.55886980955028,0
18.341843249225235,0
12.718186102419732,0
35.15779417257287,0
15.877015003309673,0
31.14355711645925,0
25.45442327633352,0
21.301448167249067,0
28.2291633236534,0
34.3339431008043,0
48.29709582590782,0
5.806549407488015,0
4.749934587463517,0
13.198650415208215,0
22.635316479823686,0
17.82139766908382,0
22.666153462333043,0
57.36445814491997,0
2.426788828712243,0
12.936221987627444,0
25.83277650049145,0
4.451965153754423,0
56.152150087002575,0
82.30468017353326,0
7.58535772646857,0
12.994245517132455,0
27.99334616258576,0
40.07514734603229,0
21.6242095852034,0
53.55514206155595,0
55.252145393711594,0
34.980514024468604,0
34.09685902973324,0
13.125882947241285,0
17.385696377711525,0
21.350150539269812,0
14.749777687232553,0
39.56516881674184,0
18.37097835939212,0
8.686651774743998,0
15.344559674074384,0
29.386033914559174,0
62.5967744446482,0
51.18866408475912,0
48.26054039789409,0
18.3040574674789,0
20.11402415424654,0
13.040531289945575,0
38.004301402429974,0
8.546222806075752,0
22.434837705639683,0
9.999822871951913,0
32.654262937346815,0
47.087415387254424,0
18.26634170596304,0
5.553092564185697,0
46.69326057769225,0
21.76411999994474,0
25.071002928497094,0
21.912933400699245,0
38.08194460513795,0
15.571880197777697,0
8.956963947204114,0
46.292501446037434,0
-134.01452780655012,1
16.287103707238444,0
26.19890418175513,0
24.353164272139185,0
56.35280617837082,0
30.69416934671102,0
54.535378602949216,0
48.13759995238359,0
39.61779722424431,0
32.44262892361988,0
10.261229873569738,0
3.0145540999591165,0
40.57022614643968,0
10.752211955840151,0
41.565377944298035,0
36.63319413227196,0
9.071975096261138,0
49.00351667943266,0
15.311348185619963,0
3.3179672393818818,0
23.252525645585763,0
15.163316742920982,0
39.40961405975196,0
28.61325913614382,0
2.0099922196656514,0
12.812099639109107,0
64.30198713648196,0
16.92092050083375,0
24.911322529131176,0
5.893435637530452,0
4.115049899225185,0
28.959619490207665,0
14.846710471014857,0
18.554797157326128,0
24.409134142834674,0
14.075300482535374,0
27.974709918551554,0
60.89597160083813,0
30.550071824598678,0
15.336343494149855,0
4.78346197889017,0
43.79223649163408,0
2.2430780393627776,0
7.755721335794879,0
36.343914645037664,0
46.14047771874475,0
22.879686180879784,0
38.38114239631411,0
13.134079855064652,0
5.667630672277572,0
26.445416927143782,0
53.927776409002526,0
26.316317332814627,0
38.50762403348738,0
69.14495012143635,0
12.224100233422853,0
10.294032922440152,0
25.928300646147868,0
22.17080269496825,0
27.79221957221513,0
13.310753527170183,0
2.41388460907063,0
15.430876254461594,0
17.968837404718265,0
51.360728511875145,0
22.077201093925858,0
65.82440471165202,0
48.33190191521874,0
32.51192327258472,0
36.365826497303914,0
63.117044057397585,0
11.486066851790506,0
35.99723995106213,0
44.87715362226404,0
28.915655041112075,0
20.93370791893186,0
42.70628056961386,0
34.68951290263667,0
41.69200361783915,0
31.315942772265053,0
30.603491248318292,0
29.90348419929376,0
28.78877323210704,0
33.38775421252474,0
20.462634601707766,0
8.240980838231854,0
41.25499075249326,0
51.24752136872974,0
30.89378961523796,0
15.900948960607172,0
36.34911151636171,0
56.47235457657753,0
2.496110404367095,0
15.578885769875834,0
12.698775431057078,0
8.219728225931688,0
39.86692427007901,0
52.9701129952033,0
20.209509577519462,0
7.527261739608212,0
26.610737484682684,0
39.14248091671345,0
20.345209906568396,0
35.83335272241032,0
24.717563503063236,0
40.34921504657093,0
45.66824827583177,0
46.88211272738545,0
40.963347637065034,0
61.87187841257041,0
25.656328517864562,0
25.521875041730674,0
21.847422624198074,0
23.824234693127565,0
57.10972741248519,0
29.542539730626,0
43.20342504723566,0
16.843426773752228,0
43.85767515436274,0
35.9837426491343,0
13.617067104695693,0
49.55050184041703,0
10.91534605118605,0
10.92770803285575,0
44.95157913493155,0
19.46854784641418,0
32.23877335059275,0
10.558546201750659,0
11.784144432687478,0
21.06445240676779,0
12.531573924422265,0
14.493677481494643,0
30.167336102128022,0
52.87699870781422,0
21.29282685416682,0
19.621174618917372,0
39.635650336061346,0
27.576516165203667,0
24.481130538882237,0
13.821092463029148,0
19.50513575454883,0
39.32420802273202,0
24.843086652669825,0
10.413543392610567,0
44.55243753724216,0
28.81430742997927,0
14.034005639598485,0
19.282904158292705,0
41.47154028481341,0
13.18633407008364,0
24.98996086719842,0
37.79174566383783,0
27.466197167341594,0
26.768300043782705,0
12.646026513791911,0
32.71075893896324,0
30.014496605956936,0
4.922691652864818,0
33.58042390655664,0
51.711014510226036,0
53.10719292617602,0
26.9767571613099,0
19.348105488737815,0
43.66367708107528,0
22.77252818514712,0
17.59949395172692,0
61.64355934435459,0
6.290038779670542,0
49.53862444123827,0
20.316168928043748,0
36.22394351581188,0
26.18719760224809,0
40.37160260927951,0
24.725658784424578,0
21.70568838314687,0
31.720129056653445,0
36.9567831670589,0
19.00607182450937,0
18.660690285467243,0
44.98338258930193,0
19.17617705305426,0
23.796054224373854,0
40.49976708846493,0
38.69196883373894,0
49.85916540378877,0
17.12649307797534,0
27.592376200149708,0
31.126635403982444,0
43.80326643392215,0
8.950490246734372,0
8.572162002722873,0
8.15232808373074,0
38.963079396443305,0
39.46461765638992,0
27.318182496722553,0
7.423462646497388,0
62.509053550120896,0
29.096408446687754,0
26.380477492441862,0
39.20058415817956,0
23.977174750086373,0
17.893454730443416,0
13.146546948588988,0
39.616182099518824,0
25.529451921272294,0
35.41779097077421,0
39.20169362940516,0
39.18982942644653,0
50.88665399018421,0
30.746243245792076,0
33.882657925990934,0
54.032782245855714,0
16.18676259355034,0
10.694352693263252,0
43.195096265951946,0
39.745327395570946,0
5.884514104191173,0
22.34723094558521,0
26.430991490479368,0
43.85312594507341,0
33.62382148598804,0
13.593456285820066,0
49.604866612140434,0
45.03364335775149,0
11.476545606039327,0
64.85592913975597,0
34.40728887764275,0
42.65559869459121,0
31.49543635280726,0
32.128428081446984,0
37.008933404426934,0
39.231579474440615,0
47.637097504498264,0
35.095301115018515,0
29.032402053718137,0
19.015817657788507,0
9.07140703065347,0
41.87794914687335,0
40.455930433695144,0
48.44944144359376,0
57.75996636886095,0
21.40450544515052,0
6.463237868323468,0
19.541657796531926,0
16.75133520610688,0
54.156574252494984,0
25.064634066470344,0
79.02255334987083,0
30.357116799207024,0
37.83071635686069,0
43.656963908020444,0
4.656155716183048,0
1.5308047078863236,0
14.904950141199452,0
36.06514774580762,0
23.222997146461513,0
19.404097113572387,0
47.63293376988919,0
17.83147695902333,0
6.241024983857209,0
22.56579122440918,0
13.297436300195672,0
31.462736411267496,0
13.830430479502947,0
49.99243442240545,0
45.15026355923045,0
12.789218562477393,0
8.877596044213046,0
33.87349115134485,0
9.97222450787051,0
29.27860619886448,0
7.4549072551602285,0
33.94686526666682,0
51.54640394235782,0
27.347547832902404,0
11.3514750547472,0
8.343567050539258,0
33.347178580791365,0
5.415190340382008,0
19.13118254902343,0
7.23577142822297,0
4.929014073143949,0
0.9782910495613655,0
34.98085127279899,0
10.876284585921416,0
24.301837827260282,0
34.84882763960095,0
29.426164544469614,0
36.30756332304516,0
20.26720358102096,0
29.951758305781173,0
60.060035817127236,0
50.39552213879988,0
32.6322307240231,0
10.893717338975764,0
35.07593763004247,0
22.14322676877189,0
17.215323387347013,0
17.018418367969943,0
34.60868886396663,0
23.031381531315102,0
36.70127238196193,0
19.198664624728085,0
43.45595198933577,0
10.688019758932887,0
37.76564541674826,0
38.316272128242595,0
52.94927864052218,0
16.5131104027945,0
191.39355949468143,1
46.16130799122916,0
19.326415486856046,0
18.406764156143236,0
37.1048981933219,0
20.69238847203713,0
62.526652573950074,0
15.459516958776751,0
40.88978310884533,0
10.22437280645541,0
34.105005411561315,0
30.304163110155617,0
37.789595455160935,0
25.384053994444727,0
49.944984415208594,0
53.27949336001271,0
9.42398888972919,0
44.05497066882063,0
5.686537356009665,0
10.207257014705668,0
14.60473217435834,0
18.781398602973244,0
31.228937456589396,0
17.4961826847492,0
21.33779049146967,0
47.17345703594506,0
35.743794455357595,0
31.05721229815349,0
31.4562575824408,0
10.315865143241869,0
25.15493884687283,0
3.773416465525399,0
2.4290914802047188,0
30.694190169387483,0
24.867646416092633,0
0.9915734665504541,0
14.796003901650352,0
37.63421082179135,0
51.53755528967024,0
37.06338815100455,0
34.86649921344573,0
26.281921223974596,0
31.98347440796743,0
5.155135185613593,0
35.45259934621367,0
19.652406143544688,0
42.65802462303559,0
51.50044558542155,0
32.09545250989626,0
55.31075011721527,0
34.619402638973526,0
7.001779174488481,0
38.06883513082916,0
23.05028371876888,0
48.332436406729165,0
5.529176781018963,0
4.287324796236117,0
13.808041307358751,0
7.3931792592772645,0
44.63833756344241,0
43.091583380628336,0
15.448645558835459,0
43.55395978714516,0
7.115074109367398,0
53.50711671905167,0
39.14456534874135,0
49.826207943835605,0
24.451909427509737,0
4.433019432385667,0
26.38070382287252,0
17.404039100759555,0
26.15467043750513,0
38.06100086595719,0
53.24252899815151,0
14.168652363772546,0
46.15716992869521,0
9.750519522712665,0
24.405643620283787,0
34.3984242865772,0
2.294951524755466,0
65.14014209280748,0
46.14521266956596,0
24.03797946690064,0
32.44351445420987,0
39.05307070420184,0
15.663657492489907,0
5.379429633251654,0
43.6146553253331,0
38.87470989647805,0
15.579470746389795,0
19.444374485875933,0
26.756874555457504,0
37.58294274568797,0
30.709102141860317,0
2.0627099860625373,0
12.221185468567576,0
29.834445559285385,0
27.70634293531724,0
17.94954782558556,0
19.351471892710144,0
2.237900471981823,0
72.98071241503207,0
37.883192070725784,0
32.09117148382085,0
39.93119734385218,0
34.7811115022735,0
17.43161083319465,0
6.013449470860274,0
10.751499145868172,0
3.7385925232105524,0
41.948292139400436,0
56.33523551895664,0
39.30279353952608,0
13.021738459735548,0
40.90636349735874,0
31.081220222190925,0
47.15348646012538,0
64.69145440172099,0
20.34344137261518,0
8.831737099588228,0
26.52336300612181,0
23.277701325850735,0
17.519783531864082,0
23.032637176357866,0
36.81959865468685,0
4.910675061909602,0
24.45683973361317,0
37.23604421063575,0
54.07765476124868,0
25.78317673005793,0
22.46156157487626,0
17.596628332147198,0
1.6830442942972812,0
191.39355949468143,1
44.791289565254225,0
36.89890373566682,0
10.980848898121746,0
-134.01452780655012,1
21.349019509008006,0
1.2122952264492268,0
23.19616402077597,0
39.84329522625388,0
33.998141719265924,0
56.850399908977636,0
20.880167210468798,0
30.899272501461006,0
25.279589565997096,0
20.87159134681688,0
10.927144036483332,0
23.575593708293628,0
34.9325406419598,0
53.35496514101293,0
29.37598558555247,0
61.02465358561453,0
26.14611798952236,0
35.93163629201012,0
19.226801128881956,0
15.392933241000645,0
57.50553130108885,0
25.244914765312092,0
11.205800860091564,0
63.02850398817977,0
25.696008131554184,0
22.087518784495668,0
5.787273275882304,0
39.819384977663724,0
48.603378889473184,0
43.69000690492447,0
33.56043503199756,0
22.590890178775847,0
29.30853139180766,0
20.624144968358316,0
28.86216382433674,0
36.13783111984708,0
32.478201168831326,0
38.48865337208183,0
9.242721722268959,0
4.872680451436336,0
47.372025171485184,0
56.4016264299257,0
33.62816311461939,0
25.002484291311518,0
33.45373619288473,0
39.735964250749504,0
42.572215407209754,0
17.837089088149526,0
21.75987007455791,0
26.148019555430192,0
56.701164451347054,0
49.230421685416765,0
29.523958767984066,0
21.982717825140487,0
11.296533399033546,0
45.50591393200339,0
5.551960558606368,0
63.529395240799026,0
35.11393999426762,0
46.57617190869746,0
49.479695146354814,0
57.713518522698834,0
22.474632709927917,0
26.03036591281032,0
47.12571086321341,0
35.54578860386749,0
33.87071787789097,0
9.291355667794301,0
30.40385894778037,0
4.739609990845538,0
5.819125894393008,0
43.72976507883342,0
29.491428130213936,0
33.97632333930404,0
35.3493601311377,0
55.787929427178625,0
24.703424755939007,0
17.091246878956962,0
45.846510138282234,0
9.303787132989894,0
36.67664732570579,0
19.569755273489616,0
15.690071662322982,0
32.4432937968955,0
23.488779201666734,0
11.99838880274601,0
13.213121319898601,0
26.50673421455736,0
67.57583753081018,0
19.03423736151127,0
28.831114427536562,0
31.40429859948643,0
16.184025551733235,0
45.85404261046775,0
25.625912744841628,0
27.177614175279512,0
43.53507175164184,0
26.46552141323626,0
60.782946602780996,0
33.205206622461795,0
39.067006854901756,0
67.4681188717676,0
63.53066779443952,0
3.6193277425365746,0
30.401740973826897,0
33.14825003427519,0
1.3343259529485056,0
7.85024822057341,0
10.309467979307376,0
9.038077822826093,0
30.93002778008721,0
26.70920658073015,0
39.59800031164366,0
27.465111209229924,0
17.064987604896643,0
36.525430521304344,0
30.595269787467817,0
23.55868848274718,0
46.85310417460301,0
20.30438845926979,0
23.13026399401435,0
26.974317154179968,0
25.055044721853072,0
42.52792727148568,0
17.816866949153955,0
47.23176181134258,0
25.18769856249709,0
52.48829894233026,0
7.958283972881388,0
43.00599746626925,0
42.365330217433375,0
21.578204892150215,0
8.347161938132931,0
23.599952824591988,0
40.40550053594342,0
21.831088740859713,0
12.37612547005212,0
27.17700460220624,0
45.491670248616764,0
5.82292309965864,0
16.45726564802119,0
30.945723481682784,0
13.186759241881491,0
28.208072562537023,0
72.93942389773939,0
78.44690937382629,0
37.74447501118633,0
26.942011188007903,0
53.71655562594465,0
27.465966691863635,0
31.091737458886758,0
2.2389357123383804,0
51.4051649210687,0
16.344980325366766,0
52.852825735686,0
13.587327100066194,0
20.560429849779045,0
15.290333442938866,0
12.119528429302434,0
26.061735647313927,0
51.27207074934318,0
5.294300362402132,0
23.985738295081873,0
35.48570535599428,0
24.96125851141905,0
26.318433079242926,0
37.70178105707049,0
191.39355949468143,1
7.272643935145397,0
47.44350769675675,0
41.77504817418083,0
5.452337958685506,0
11.344360711270497,0
25.469102791576002,0
28.221688031529656,0
6.9415348007747015,0
50.28533355624637,0
10.020230907769555,0
6.356860918529963,0
16.40311796625568,0
22.11843446957204,0
41.67562463805288,0
42.541611057915155,0
46.07876777448669,0
26.66791148036515,0
28.64139903082853,0
29.334979410233952,0
24.117464135851552,0
14.896996826794274,0
2.814437827874368,0
55.11826263072882,0
12.331214218443883,0
29.72154786984495,0
26.071812224466683,0
26.353519166256508,0
19.476647411955643,0
32.17538094165926,0
54.35214699212375,0
35.05861505472224,0
38.371575306670934,0
7.917569948854723,0
59.54908720673961,0
33.6382301852697,0
42.723286527543294,0
24.12538735798716,0
79.61115104911806,0
35.39411251431965,0
15.218194599395844,0
9.943355423859279,0
4.408571085146914,0
39.16139216640172,0
20.656232450969092,0
43.7203910111611,0
49.75950030210547,0
21.355178643236002,0
7.971641370516033,0
60.648799795375794,0
22.59566573838886,0
46.30357497349739,0
17.100360662811497,0
8.956240340089657,0
33.9356869321514,0
26.971216132662075,0
33.53685559577225,0
14.457136362591616,0
16.836013168758484,0
62.021744417117866,0
58.58173185844956,0
24.887315068164146,0
6.3943388885414745,0
16.708832560578404,0
23.85148583761377,0
46.14195967234147,0
23.703275398740242,0
30.352178031344017,0
19.5118271254075,0
13.876905441083426,0
49.41152507155333,0
79.8702807390008,0
57.12463455276065,0
27.008698069177957,0
37.4488579775586,0
7.346971298917674,0
20.882044118534342,0
15.701500790753151,0
34.58202964777814,0
20.037510659679796,0
26.836036130976265,0
26.527621586348822,0
5.976225326995067,0
23.50541437607636,0
11.017513178584872,0
23.882375118467138,0
42.3623358833161,0
19.83261494088532,0
31.996904423556998,0
18.463223042340545,0
6.39140561027923,0
24.234045949540082,0
13.724651803933217,0
12.346796083549323,0
9.6347047101799,0
33.06288600263405,0
55.29827487463358,0
61.682680955252025,0
-134.01452780655012,1
12.387664999053118,0
38.46701714115484,0
33.32862500309318,0
29.517897330019427,0
191.39355949468143,1
47.281206405189195,0
23.429474217340044,0
25.705915295064035,0
17.840376554577563,0
13.854438461670455,0
57.46673967303053,0
32.214502209853926,0
21.53967260141342,0
29.486364677699896,0
34.077794122592145,0
20.33277107357486,0
14.678254516228852,0
6.157127496398805,0
18.48840102047302,0
13.629658495955562,0
36.064815775252654,0
26.632464751898905,0
62.17636352515665,0
46.11682386576701,0
17.122591562577636,0
41.38905783299881,0
45.93565362220097,0
29.017446682446558,0
33.742781323154496,0
18.845562157567933,0
14.251675729424864,0
9.344334472745722,0
12.811845031711263,0
10.746687250081884,0
12.039568842829915,0
13.73232985210856,0
13.14139193205632,0
2.8083584339289693,0
17.768233048396105,0
13.679386891599824,0
15.51526385224291,0
47.72352497964661,0
19.52439877151667,0
36.47246180070687,0
9.687036617093305,0
31.34985318269284,0
51.902027366535506,0
6.542372790197123,0
41.733688620337205,0
22.398195406648867,0
43.021257074138454,0
38.44140376617066,0
46.97762397998045,0
44.162219532276005,0
20.799585906019097,0
26.34529117660227,0
7.0923298914830655,0
26.66916117271635,0
51.338866077187504,0
52.904063143654355,0
26.80136069585219,0
66.97480841221784,0
37.8809894805293,0
12.58417553487632,0
13.124734729552173,0
53.05589550830572,0
5.7461159979661165,0
43.08810014178916,0
33.88880313038939,0
14.355521222526907,0
81.7357001798987,0
23.459157589438348,0
20.805925059198547,0
24.482518784654964,0
35.41201161950633,0
60.13224634021548,0
10.298764195561928,0
28.58520373202584,0
32.51427537981462,0
11.692487343433863,0
31.468954213088185,0
20.435039702141278,0
11.255209822475832,0
51.773820177030835,0
46.935509263894964,0
27.343178574976434,0
16.613466557210057,0
25.993159011026577,0
4.6960692811823606,0
52.659040164651486,0
11.102370031987272,0
21.96131269734482,0
31.91090973017305,0
64.65759755578975,0
39.47281242899236,0
37.65413418804432,0
52.18110970751844,0
24.685352646050752,0
33.24618970796243,0
25.50893686729832,0
67.20178954375147,0
40.70556403275945,0
13.992103451824637,0
62.54158722473603,0
15.493243096333082,0
9.806252879558098,0
51.68614356670508,0
41.111664296237606,0
36.124312346404125,0
32.910832290199934,0
42.66562369524335,0
40.24898840609593,0
19.54507736442348,0
53.94473561234817,0
52.101485119602486,0
18.908017882394862,0
47.10782957513959,0
28.23298000149142,0
44.29087293623139,0
5.983974643488335,0
51.98177341709901,0
-134.01452780655012,1
20.047423450127685,0
30.18698923360083,0
25.365817538105993,0
37.58828301568848,0
16.626964640426685,0
32.38750075535369,0
28.677333571395735,0
46.693793662735516,0
5.555580844471568,0
28.450625858681615,0
28.80267023951636,0
16.162407240687557,0
10.985436676699162,0
30.544569438606935,0
14.416633502058385,0
23.65036234594796,0
30.133233889817006,0
5.4073189308025595,0
75.08219757634788,0
35.725637201049516,0
19.63622011078004,0
28.388851274884868,0
12.82095499829664,0
5.532845308103755,0
16.397249688123228,0
15.429578538533137,0
16.727562489166086,0
48.23857596327157,0
40.886516262496,0
14.852700186867057,0
3.5458827619805775,0
41.32995702758591,0
27.385909653190367,0
49.49109718779118,0
49.52924897851674,0
21.19747487353724,0
17.067621083316197,0
19.178807201909496,0
36.17456712714855,0
23.22599334543174,0
14.617093519288172,0
15.662385665119775,0
11.148478392183902,0
57.116476995665636,0
61.14549134147273,0
17.670442572291424,0
44.754634008643585,0
11.971736622582313,0
23.114140964955173,0
37.55320477930947,0
42.012855586016535,0
33.52348871556883,0
12.888069758338167,0
53.09522512876138,0
9.879909700180676,0
31.816999609090345,0
73.4728149695476,0
17.9802045736966,0
39.13071828911606,0
32.90791102275633,0
35.977895239933524,0
30.956003324445653,0
37.66189266769386,0
26.57074097241578,0
32.58124174157518,0
40.71933790218685,0
58.57145404590026,0
38.00048399318795,0
18.807886810416917,0
25.424619595573784,0
32.9124300330028,0
20.21273399666023,0
9.603159870285486,0
22.4289912548048,0
22.36154177874848,0
12.51380424475853,0
17.650818346666565,0
2.539704005079217,0
18.62712210671179,0
29.89441085288692,0
19.89929044316813,0
21.06329472811197,0
70.20429828890032,0
35.490065529166905,0
28.980390026909575,0
30.990325475409335,0
24.7663401806295,0
22.051609091423625,0
20.563778117365587,0
11.481480394968777,0
48.243577258981446,0
15.227319960561445,0
36.22004999756708,0
3.0067202834466578,0
20.209249833786746,0
34.233689371847156,0
40.0299230475094,0
8.559869036499663,0
21.620985641293856,0
43.41054375008874,0
11.388198521067626,0
12.220027620586087,0
15.75696559557311,0
37.295666257435634,0
30.39893818490918,0
34.28528023465966,0
12.178401509058547,0
7.393528024603864,0
57.90561114778362,0
15.928529183720924,0
6.076255313409261,0
19.159987561741335,0
39.29740402554276,0
39.232636721930064,0
52.649705238433384,0
11.97889841375663,0
41.115218173003875,0
6.886426076930189,0
6.548045939227866,0
32.76829854810712,0
27.70694930921984,0
49.663138906768104,0
11.252792853735569,0
59.39219397833148,0
39.586259543429506,0
35.593471066247595,0
8.852933906945221,0
41.05303081265536,0
53.288903123181406,0
22.30248374924493,0
58.329442188262746,0
8.095560406548865,0
11.115632580202936,0
13.305661101259531,0
7.385666464648024,0
54.03776817736242,0
8.122846901119017,0
14.48812125691198,0
10.248108439922417,0
50.50402819838664,0
38.08496439709306,0
13.72900347065892,0
12.998610540629778,0
51.53368893563065,0
24.82563243752455,0
16.257481358552788,0
54.35627653898738,0
3.9543475363959955,0
9.43359468920823,0
11.727215855695535,0
13.455120256906334,0
16.980202945196908,0
19.319011453813637,0
51.752800199259816,0
26.571186978510962,0
7.594726139174687,0
23.092053008444182,0
11.073845311963511,0
14.62536457183385,0
54.7073627679459,0
33.610286686181276,0
52.53918450148431,0
23.72322212502392,0
5.5782816582575965,0
10.361696458447875,0
51.94118681695487,0
43.52915086909981,0
36.599342235008834,0
43.98107028279154,0
35.034230353690496,0
25.87708353580932,0
27.03335759322271,0
6.407296673365326,0
31.38169894031461,0
17.698905849293826,0
1.6563280240486267,0
21.662762183156847,0
30.551379424546326,0
26.974986192364536,0
60.85137548576524,0
38.22244125239542,0
47.57692554527224,0
58.82513643850956,0
16.090594824237385,0
51.007937813212365,0
15.0502902393754,0
13.73141848872871,0
31.04578582159578,0
25.85030137942299,0
55.25749171916774,0
17.582859496182337,0
15.7537567399512,0
19.525390149314966,0
5.364385606788497,0
4.575788007734558,0
-134.01452780655012,1
60.72079524465942,0
7.775604312180882,0
28.54489175439472,0
55.29637531001549,0
14.044329916954895,0
17.02071331681552,0
40.36799793229111,0
32.89746650141096,0
15.546065226068906,0
25.502615171829657,0
37.33066447951482,0
48.09710586588684,0
15.858817506306147,0
13.009472261107843,0
38.28205379297726,0
60.034528958586264,0
37.11284307120675,0
34.93424198186095,0
5.0943534063750135,0
16.336758749067503,0
14.43377526905613,0
28.32841406712936,0
53.039359937348095,0
37.03662367867084,0
50.67590629946482,0
50.96558896041753,0
58.35700112444866,0
10.30363007876516,0
20.312007086443447,0
28.70223739840558,0
23.71405840411245,0
34.6352859610967,0
32.908299351520284,0
29.07785875241536,0
17.034361657573665,0
7.303369636797383,0
15.0725058442453,0
12.029687884050713,0
18.32974370484671,0
20.424431018796337,0
26.93964659894962,0
12.70418038723586,0
24.77219358336295,0
30.431538790284307,0
21.98255220275579,0
26.55976508374957,0
43.30919036432212,0
44.621184992095095,0
29.61339977502725,0
32.655179220093764,0
15.232210726471129,0
29.855061026662792,0
18.878489947771197,0
27.909536980292955,0
76.28183807580317,0
43.195730180598765,0
59.01632626951398,0
54.14960913707193,0
31.702305484345068,0
44.10454006122857,0
14.9892021337073,0
33.24371480708355,0
24.98066448196454,0
6.71502374926375,0
46.02920078593639,0
60.81103360961371,0
20.517941901342006,0
17.310173600643743,0
37.82715549683226,0
54.4011678904203,0
7.629080544622748,0
17.01543034227818,0
38.81583749692407,0
13.693850053199313,0
22.490083937586387,0
9.551344944584802,0
41.334102128277586,0
22.7720281113613,0
28.86431017686077,0
19.839536039690074,0
17.780342507470984,0
46.086762659437966,0
36.60005867954354,0
8.177172951813674,0
46.24465974933469,0
4.423880570673694,0
39.011074261807224,0
18.365461939088007,0
10.5731809649776,0
18.96379635442252,0
20.611538680158244,0
22.88176793601069,0
33.77372651636363,0
16.426595686721853,0
26.090979655383435,0
31.931556822581285,0
9.199018335262046,0
54.595951923104394,0
41.6551607788507,0
-134.01452780655012,1
5.591646626040923,0
4.9525141339618575,0
63.76005306816065,0
11.325614375131591,0
29.963235366765534,0
19.863120805251132,0
51.85757854911931,0
50.87406198540159,0
31.112325358313146,0
51.301036539338874,0
50.638301441382396,0
8.134270200903048,0
30.682922607468004,0
14.733554916815732,0
10.237631818285525,0
40.04203790254737,0
27.78722598547032,0
41.95024123958754,0
5.340154286209113,0
23.567969465480967,0
55.397051494310965,0
24.478498094052675,0
29.701981078892814,0
6.641547186871627,0
28.936450159676646,0
6.512624110823423,0
47.35908352637276,0
26.629428365028218,0
15.57636334674927,0
64.29397957703775,0
42.08209537503642,0
32.031214332292954,0
30.24110720285529,0
191.39355949468143,1
63.80505411016719,0
15.05916787911368,0
15.449283134527686,0
26.907102807054827,0
25.94905861865232,0
25.545319566729862,0
46.95535420890645,0
19.217561803304072,0
4.607782920269823,0
50.452467780250956,0
36.389886621871966,0
36.54057454592168,0
67.67370186535973,0
20.056929001376673,0
33.599484224530144,0
9.54528079327253,0
49.549833608299885,0
24.74634359112305,0
10.20284831029124,0
24.846865457441982,0
191.39355949468143,1
35.06195331112323,0
18.556494748265628,0
47.484518851816034,0
34.925070313977294,0
22.42394052165719,0
30.343554318273757,0
52.995682636869745,0
29.341768617592773,0
39.00062780627992,0
15.655462502833553,0
9.153643156813335,0
49.77115070589678,0
53.92330761998237,0
40.88765478369528,0
5.962721724657587,0
13.581794116943193,0
53.66976962809421,0
15.403882931522805,0
38.817456360653665,0
56.13777090241433,0
3.1410747643853334,0
17.283758094756774,0
18.06765448527102,0
22.097563973818314,0
14.254089159385918,0
23.3506894018893,0
43.33049696744266,0
44.758204795403145,0
38.29383626107665,0
191.39355949468143,1
39.7677379316086,0
65.09463179172685,0
52.499718867657066,0
53.71894071056796,0
68.03768389011296,0
52.90262177058135,0
43.28460165653178,0
14.082005258231789,0
10.516600208550198,0
22.283860013377698,0
42.153615530335756,0
40.77356645747909,0
19.75656568291788,0
12.895002099341879,0
14.781115869107273,0
48.22477858726594,0
18.044924427761742,0
30.5125398399243,0
15.554451520331556,0
25.187627675141687,0
17.347642402528695,0
40.4563804145609,0
32.511555861124805,0
14.781961617019116,0
44.45164133291349,0
6.27986991229655,0
44.13809416510065,0
29.333962987786776,0
32.86063912348759,0
34.74141502269723,0
15.113417805801973,0
23.320107332143888,0
18.185115466563566,0
9.218154677879696,0
8.024560444154728,0
10.210999363730208,0
22.35998167295078,0
32.42274012267323,0
24.60595904575503,0
47.939174710223966,0
40.20459370636556,0
41.88806257341163,0
12.346586127981189,0
55.244555482437285,0
38.97730822954171,0
10.742636624431473,0
19.1443593208608,0
47.08965121143207,0
6.507620862988807,0
37.87669102318709,0
29.27262532216376,0
38.03163444169017,0
36.47651629077782,0
6.001550653004257,0
51.27446601928584,0
31.172463562988916,0
42.352547271506594,0
7.654974608405597,0
21.371291090517357,0
12.237725596105555,0
58.319965361891725,0
49.18305254962797,0
15.166844307429558,0
35.52672143837287,0
7.324104186457908,0
15.42158043965747,0
46.29078181317395,0
4.623003822795723,0
25.605822958691725,0
26.175640651433852,0
52.59337611956877,0
18.12582871252843,0
70.35443741181233,0
23.467203375382837,0
191.39355949468143,1
1.1156109350462213,0
36.66447358804683,0
24.018445408038744,0
6.223325005938833,0
33.37907521730744,0
19.947983098758627,0
35.17499940638666,0
15.027146731811822,0
25.088575128956776,0
26.851222504344907,0
25.26896920599786,0
34.81043443969901,0
27.004836041440633,0
30.60191079239557,0
17.949096426131845,0
11.609647321593227,0
8.912668098928677,0
45.49510373538186,0
12.757378623278386,0
10.333874258684482,0
87.8080794744083,0
31.64478966871775,0
59.63100504370876,0
24.06301501382168,0
5.4178100790955215,0
2.2996598218528153,0
49.97269425435491,0
9.407415603615535,0
17.726928162211184,0
20.467838797973254,0
43.7711677485857,0
29.40082921385425,0
15.317383740782118,0
13.566482433189577,0
4.838231137403628,0
57.67031806980594,0
24.057136966650845,0
2.3617293400793318,0
36.89325717549803,0
23.00649897613717,0
67.09577069506246,0
41.325208476487134,0
13.98660425851364,0
34.7179359940933,0
15.285365761694953,0
41.18995529733861,0
34.09823514633252,0
12.25991619393243,0
50.61150727902866,0
24.5603213475593,0
10.757993598862535,0
17.953056952683774,0
4.019040946439153,0
31.26237413298106,0
14.494966574645312,0
20.380001808598706,0
14.255936804801243,0
34.695480872856926,0
11.626914789929813,0
25.68509828550354,0
67.51070930340019,0
34.48057803266265,0
15.593738678117008,0
12.497870399657614,0
21.14227267886438,0
-134.01452780655012,1
45.05065714038541,0
73.1058571937214,0
16.19806153902072,0
11.67586671210427,0
31.877133974150112,0
8.936562506676813,0
45.00699268230759,0
51.440585742635314,0
20.399985143429927,0
22.48665743519614,0
26.556060000267394,0
-134.01452780655012,1
37.73844426044474,0
12.891067690128082,0
43.544827832392436,0
52.47786803765173,0
20.888693050039254,0
30.942015903893992,0
29.900471181024425,0
58.755763969369724,0
32.842034215556225,0
5.9352259233808855,0
71.28599699878639,0
18.730443929431033,0
12.77397719794105,0
30.293349347930583,0
29.26653650737347,0
11.271441353658673,0
13.993357371626395,0
43.46229120082302,0
42.895727791832044,0
7.066982794693495,0
6.780567291465063,0
40.16537838917859,0
15.943336823938617,0
11.368258688680513,0
34.65115138580134,0
20.300888109864204,0
17.371754878591123,0
21.794357604007665,0
26.24550471458064,0
17.469242871658345,0
26.318521507871612,0
45.54818309424662,0
64.11805539532673,0
35.81205036627522,0
33.0191632356913,0
30.889204984172252,0
41.85743324958515,0
35.63364834901964,0
12.066626967580818,0
49.137739436585655,0
13.939453004178159,0
20.27077530259208,0
46.204631938847335,0
51.591113972823436,0
28.2761381819468,0
27.170616676092372,0
27.373149249624127,0
16.49380983838118,0
14.210074577733616,0
32.16304979956461,0
8.5114007978933,0
16.067486966547776,0
16.564445079932767,0
17.003487969261236,0
48.43912255167114,0
30.70178549690471,0
11.482369624768365,0
22.239598894079997,0
16.867818230547353,0
4.935344637124594,0
33.672334556379255,0
42.12469599157071,0
41.02782712906524,0
50.9010468268761,0
26.350995916208074,0
8.218341033670638,0
21.16874022843924,0
19.4304132697616,0
17.722531946048335,0
13.18981422096237,0
24.163412806592856,0
37.013691080075745,0
45.842503490730294,0
20.588106042904172,0
10.492108425754045,0
60.346229028381956,0
8.282171850457432,0
24.566591447590742,0
22.567777265834874,0
10.781184267741303,0
64.13535441309544,0
9.548783244431663,0
28.33177196429161,0
19.44809722957665,0
25.81435501915123,0
37.694929689691556,0
43.61065754820128,0
22.430932362160732,0
5.154873665907197,0
50.1121562971334,0
55.29221144942142,0
25.469112388257397,0
34.64713159597131,0
24.691649586653718,0
30.653382779755177,0
25.954630045211236,0
58.685691036445995,0
29.072042242905326,0
40.85440107039046,0
42.41126616351352,0
15.896493838852832,0
5.0185203006624235,0
-134.01452780655012,1
9.011137558645576,0
57.912984153310695,0
17.98979304830713,0
37.19332804002244,0
18.250499090070207,0
23.410993214126467,0
52.10885295009584,0
66.87980412371688,0
8.918110801502491,0
36.89258438551307,0
5.900749062853236,0
26.4438223259637,0
34.470027641752345,0
10.89798146345579,0
29.160378397023884,0
11.96751717825558,0
11.785213439798024,0
53.31868715742557,0
57.54981690102338,0
62.11528274618673,0
32.825208139733064,0
26.15014013305923,0
16.745610551129264,0
8.094535851637751,0
62.509072825795755,0
15.489915719639704,0
38.62540917733966,0
29.101979097292862,0
47.731341827223815,0
37.1963073057057,0
17.072781951028414,0
12.528243956582818,0
5.898503704843446,0
7.375760058676276,0
9.690537018696652,0
12.583839817114463,0
45.09600141619381,0
24.320220362821342,0
49.59753486121767,0
31.438793974960532,0
20.622017379232595,0
26.723077588965644,0
18.549212981995137,0
34.703652409757105,0
15.591721664122698,0
17.30167743830145,0
20.641349977459107,0
6.364168750135328,0
55.62645236967507,0
30.86072115648818,0
49.53896341783684,0
33.86064109827232,0
30.986009893823873,0
33.67974789023529,0
10.826104221018078,0
26.61468144954532,0
12.168095760253973,0
52.66100899788761,0
17.65251620901934,0
14.466481629733336,0
20.74650449245204,0
9.16357756873988,0
9.249640919772535,0
50.758877924920554,0
20.812598311133605,0
10.748747642813903,0
22.497976023460613,0
54.11284001804114,0
11.452710763792332,0
50.61479459103426,0
14.444300159250032,0
17.351507698248973,0
32.985027914542,0
55.07280211480939,0
13.030079639761313,0
20.584517235741025,0
22.41519818475992,0
22.978651681418363,0
71.46356490916402,0
28.339030718504972,0
8.051358368831226,0
31.091802983725785,0
45.88260400029786,0
31.67884165923192,0
32.54255623364658,0
22.275478290782562,0
39.952352523277376,0
23.921703349912306,0
12.982742601227345,0
31.278307178715465,0
3.1179498778892785,0
45.584614161399685,0
22.443984666893858,0
22.43671325502502,0
41.18898577331754,0
30.722278895952677,0
11.166761415812472,0
24.405907496798704,0
19.58502755779685,0
18.639011890683427,0
12.952268227294999,0
39.29945254083578,0
61.102867094210424,0
45.50298079131094,0
46.2448933991208,0
7.654835809906961,0
3.5451783683259332,0
20.650673448761065,0
29.342496520194334,0
58.75476053502682,0
11.194911527176902,0
21.49056269624585,0
38.67090869701466,0
10.634856088044899,0
17.369345289219762,0
20.471221959783552,0
19.229121816478703,0
45.68862746807773,0
16.348299019520955,0
41.14968060059295,0
33.34482766311258,0
11.93574837536015,0
14.860372027473739,0
11.3948329453843,0
5.099574378682171,0
29.487734053661608,0
27.521360626688395,0
55.06978346343537,0
7.175789751987772,0
21.59191117790438,0
24.70612194203471,0
30.894853309538316,0
42.91252387211983,0
42.34069232204864,0
44.69355212708439,0
13.045483771869817,0
56.19053656304719,0
62.69152948409309,0
22.99924138441654,0
25.723276919085304,0
51.30603236117659,0
33.96489139727154,0
33.584173039770626,0
16.69261881250559,0
82.37709170776176,0
26.797188571004565,0
46.432380593831375,0
16.068307006964325,0
48.26375463164094,0
53.41223372502996,0
55.08035804134306,0
41.239954140409715,0
26.83553554902166,0
68.90567690499563,0
32.04650062600706,0
8.854776813634906,0
53.491340233552286,0
21.703484612868866,0
30.06901341694203,0
3.0126740668996175,0
33.72007952816887,0
25.4021111411661,0
26.161976707588313,0
11.86966893966542,0
37.8688100902082,0
12.052406513877854,0
27.707713506410116,0
26.266974228575847,0
36.46020496546905,0
23.869347635140187,0
26.30391770971877,0
27.880048740534725,0
34.27494176298033,0
42.11581972137705,0
29.539892338920694,0
53.57276561514753,0
24.215297474539295,0
14.75981794410991,0
62.401454558468274,0
40.14312229723577,0
30.910565689336618,0
29.99246349402499,0
19.965759455902006,0
7.283880880741584,0
57.205429648124394,0
57.83946510253675,0
10.357658879423743,0
52.19441755932217,0
39.456736782490815,0
11.751456470270595,0
25.320298381535927,0
21.014944681531034,0
25.793648111734868,0
19.549323748709334,0
14.119812345722021,0
25.767161813380067,0
35.52245891220252,0
19.8457240499788,0
64.95372064627809,0
32.09915375164443,0
55.556866557056715,0
11.711723222342089,0
13.4859232663494,0
23.070312091547258,0
48.24463877863233,0
31.712381837370486,0
52.24216925088171,0
3.912201925474802,0
30.332051089084562,0
85.0572979439423,0
9.130241837879908,0
26.89417372385504,0
22.573190443371967,0
23.364796926383722,0
5.5651722067912885,0
60.57827472347771,0
18.212419929511974,0
9.314188753357888,0
13.152384541911525,0
11.281240961229463,0
10.106353782706108,0
25.158770044177803,0
45.594160047351906,0
42.54105750384285,0
17.714719849105286,0
26.93014505254423,0
20.560249811348665,0
20.488630850735316,0
8.028116629842748,0
15.554920733787952,0
25.954118633938656,0
26.618620713845182,0
51.236709756878184,0
45.757780351177004,0
43.04236020489458,0
38.943310507691145,0
29.609321375174265,0
67.97252736345023,0
44.77954237558864,0
11.984185977188297,0
18.351751805601083,0
45.4329631706519,0
8.043287784200658,0
27.744746077279387,0
32.30302685373356,0
68.0224680095817,0
64.02468275962731,0
23.20279003053658,0
2.580905996955672,0
32.416188201168474,0
1.573670456392367,0
3.590184930609635,0
17.233400966736472,0
2.1857023261300084,0
13.565480486123926,0
41.72166780949323,0
20.586551957622877,0
26.6098800271969,0
11.609901873860311,0
50.08223455427996,0
35.46692684840471,0
10.607535124914012,0
23.283637989092156,0
34.20269534660277,0
9.814640383515464,0
7.284104839931098,0
10.536027485636739,0
67.2810639234921,0
16.304252432486592,0
12.923853642241298,0
10.618135604065182,0
12.93739547867383,0
18.31726424581013,0
7.122312248717612,0
63.24044810266351,0
9.704439280703237,0
21.435935660854735,0
6.609578568706204,0
9.674278698110479,0
12.567197678410835,0
80.5054722494584,0
18.972926960837455,0
8.852373638441074,0
37.35573700882136,0
44.686085686111696,0
33.71583890228784,0
10.0534870019808,0
5.760919911097077,0
39.53169154495258,0
40.101867366288076,0
5.284069129158427,0
4.3456646424319505,0
29.88030974937127,0
13.415448452687901,0
30.218754469728914,0
31.078301646450267,0
41.944635130204425,0
21.403764296556368,0
42.595851414356126,0
27.32153798753804,0
29.740836329832117,0
191.39355949468143,1
8.774190714161275,0
29.67511187857383,0
54.99474438842372,0
23.556247127084312,0
42.8133148730337,0
34.91809888931388,0
28.708928016701734,0
51.95576153510542,0
16.6190764954924,0
28.992691443223322,0
47.75991872948448,0
16.406649926355563,0
41.25797479441425,0
32.297406627852055,0
15.932875128410256,0
14.411641538089698,0
22.645129809733557,0
13.520182306938079,0
30.606016936067704,0
7.512081470427534,0
23.160853167192645,0
6.724582551877295,0
4.280230068547895,0
33.791492780389184,0
4.818047131038432,0
71.85013132014011,0
27.9211888703109,0
40.143056227742576,0
37.8953155696559,0
28.113773734532888,0
6.007931993273602,0
14.780447887102557,0
39.434968630559894,0
32.47202802213358,0
56.92942847519349,0
25.703121673062668,0
42.49083823818211,0
20.976517154065487,0
22.010447150285355,0
48.23743072691856,0
6.377522631028001,0
32.83633372511457,0
31.504884032794557,0
21.829778153537553,0
20.729112531530667,0
16.359009978194795,0
66.85340236625586,0
16.561654944746113,0
42.29911047126393,0
36.05177884875211,0
22.568424428745853,0
11.205212223977039,0
22.078876485046926,0
18.061497513132167,0
38.17838933359297,0
22.252702392422737,0
41.11043609810253,0
39.07567259261596,0
45.856656934620204,0
55.64303313715615,0
30.860615674254056,0
64.97357172937951,0
40.99159075879627,0
23.869125311823012,0
22.739725904515137,0
67.40851775758216,0
40.98972306997627,0
33.86613782248978,0
29.28686654866688,0
36.490345734386196,0
39.84094303093544,0
27.86917205855124,0
43.410953875405944,0
32.85882116710863,0
51.32050509934144,0
37.53333808148216,0
45.06801059791214,0
23.65163663281537,0
29.589674393294548,0
19.155418799185885,0
2.4206944872627334,0
45.350659213385725,0
18.984152075836878,0
27.771174542325454,0
40.00636497123882,0
29.502925567100984,0
10.561509550020801,0
19.591632691781633,0
14.172189357752602,0
9.276222209642675,0
46.618513871358466,0
32.37412288502603,0
56.698417846520385,0
37.38007641741981,0
34.740627800377496,0
23.123859384998294,0
50.71936980226693,0
32.37977314081815,0
11.404270033645519,0
13.617218969303563,0
14.219024285917781,0
20.887752862601072,0
65.64096900801374,0
36.92703855322536,0
21.40024605400116,0
15.050088403496487,0
15.261219459884062,0
28.071124596117986,0
48.89849814587287,0
53.59494944348195,0
38.01231000308759,0
34.65101442775163,0
5.131836569701136,0
14.396412480443264,0
34.98858131123549,0
58.512672419890286,0
74.85252426083649,0
-134.01452780655012,1
6.92901842230392,0
6.237418790286085,0
22.694821666344833,0
51.56036025719749,0
19.420734260756426,0
34.46508480209396,0
66.48143316631426,0
50.77337520632583,0
42.19825331660223,0
27.997467998244485,0
22.406928920071138,0
32.92927436411574,0
14.518897391747942,0
36.00250951534559,0
59.229630231474104,0
5.0277366410719555,0
5.08906432998001,0
34.85646843166397,0
11.488604530497502,0
21.08303109226467,0
63.60434019123872,0
22.363494816818648,0
46.75568446780696,0
23.30837402743147,0
34.39705653388097,0
29.788260140218725,0
42.7704045787424,0
11.455919457253902,0
40.94379717528465,0
4.188854186405062,0
28.05531078477524,0
17.235815313084363,0
74.89462938923093,0
37.338648402513435,0
9.621141309388955,0
35.85294660193426,0
40.44797058281289,0
22.19250939277022,0
44.89237550449872,0
17.71984883182122,0
39.434211206739306,0
24.583993714828033,0
74.49591577137454,0
24.534897184494184,0
63.3735120837464,0
9.432974183482008,0
27.603548378255717,0
5.558406855677305,0
45.62044306945015,0
45.81706159263019,0
37.26877236097214,0
20.05054231074343,0
6.681288611816941,0
62.845771946849204,0
8.49897432614467,0
24.150790443505972,0
50.99495664069277,0
22.473170514272013,0
12.401976872293995,0
31.49882666408152,0
28.236951928913978,0
13.828961726913747,0
56.76556718126135,0
27.162097531110835,0
33.11377624206351,0
17.004883774141355,0
28.719061400262785,0
21.191201778529546,0
22.24910954838169,0
42.94069699368935,0
59.61696951348701,0
14.620188938706486,0
34.37202718354298,0
36.74268681311465,0
35.27281908663584,0
11.819490193487455,0
5.8254174948108925,0
18.61882303253576,0
40.056900072659865,0
56.307026897411426,0
6.282811276096069,0
41.31037158712223,0
11.048873244978312,0
66.63069172316605,0
21.27226378515725,0
45.885182134889355,0
20.62934554866208,0
60.46800837578451,0
30.720552328903977,0
20.765797867641616,0
1.863395841570907,0
26.784738433867574,0
55.704393172050516,0
15.839004913894517,0
40.04215133385539,0
18.998209446963045,0
14.356825514696814,0
7.803142916060995,0
25.239527265694473,0
27.946094827925954,0
51.6799417692222,0
14.463912868691661,0
52.674477474129546,0
3.7046729606369135,0
6.962917614740401,0
22.674639554161445,0
3.459752287500307,0
13.977881260052403,0
37.772723282761476,0
14.589835020062417,0
44.612431185951,0
25.848957912627146,0
27.023724379181434,0
5.1235900474897935,0
20.439926831457917,0
20.594671387910083,0
29.341837728922727,0
71.37054989237552,0
40.47741516215311,0
16.725296836228278,0
38.55935287337983,0
21.83467730535618,0
35.669968203816865,0
17.23261082451458,0
24.111503971150185,0
41.765040238677734,0
11.792939442271269,0
1.8521542412282654,0
23.56186948451244,0
37.274194891351755,0
26.083282145035653,0
21.424088862918737,0
58.71923146877817,0
28.291819880706875,0
3.64620789987634,0
30.579363501168487,0
34.47175988479296,0
43.39537633156737,0
19.788692543985984,0
27.590148213371663,0
12.770335505823907,0
54.869231159106036,0
15.88403743822978,0
31.247069592129183,0
31.833174669265883,0
3.5675687533465306,0
25.201930296072312,0
37.0294902537639,0
31.936697786184475,0
44.10374545586905,0
23.30303655147779,0
53.60158626003155,0
36.13407706994289,0
39.59498519596096,0
26.498202404825484,0
43.4313886135931,0
4.917139861262564,0
37.90743439744885,0
36.203336507128476,0
2.426065976134095,0
36.00167696333855,0
191.39355949468143,1
21.074056604717523,0
21.68194828517396,0
5.987388178075383,0
13.64083635338034,0
17.4239272695559,0
27.698710408482153,0
17.89357005595144,0
32.61931684963522,0
46.20465268641783,0
30.957056405414413,0
13.063672383282743,0
20.653027911438333,0
18.861123399905182,0
44.73720822306921,0
37.3956412653015,0
70.4584016612429,0
64.75690772097448,0
20.398106354005538,0
17.281091033626627,0
41.18902061699262,0
10.905163816352543,0
39.53818754484296,0
24.192714537904983,0
20.6793064162236,0
4.4673451438552965,0
46.55987836262713,0
5.5495803946845745,0
27.65428059924872,0
22.0232632708063,0
14.293714039634938,0
21.48084414251238,0
25.182387062012157,0
38.90720930457698,0
27.798950215101385,0
55.01154008031459,0
39.76040054933246,0
16.26286912653933,0
30.421160776366406,0
9.3200964536868,0
21.31955095028347,0
25.451399304082774,0
6.820760408915752,0
16.60341489450271,0
45.5005178656678,0
42.39974183140812,0
19.45754760862298,0
65.21622238529368,0
44.43166788577202,0
38.84041137481875,0
10.246651415800473,0
15.336105718834038,0
16.133803559445735,0
4.877398133622647,0
30.54918327400263,0
12.018219572536806,0
45.10171700992424,0
34.42636362037212,0
43.74487483614431,0
16.407258791331717,0
37.26073335982924,0
53.239857500832734,0
25.196612278715868,0
32.97562278940754,0
32.81396113460596,0
43.988023694669195,0
25.734124727987933,0
20.06563484930797,0
8.072507022018543,0
16.610831096207747,0
3.3042992057944587,0
44.80670103288013,0
4.7050699702640975,0
38.26234222980956,0
56.85319872949874,0
53.881976027119215,0
20.143446597892652,0
10.275584360323037,0
40.68636978117846,0
10.927484226274874,0
191.39355949468143,1
39.06878106260568,0
37.738654667206085,0
62.96854566305039,0
17.65987717030456,0
23.566802356103697,0
19.91577074763883,0
10.078378423105907,0
22.30375937198185,0
20.188107868270457,0
13.536023785581412,0
33.662266699128246,0
8.594696551210347,0
17.90278462257837,0
31.75429468269606,0
72.91656112105098,0
19.758160334998824,0
5.565229014043731,0
41.64331000581002,0
18.009718894757782,0
41.94580326164372,0
55.26984978357267,0
9.609462014564267,0
21.53869906306733,0
55.04582000528791,0
18.939239346127316,0
31.488121388821966,0
30.788595454029128,0
0.06787400030289956,0
35.69498209554992,0
30.13045637383612,0
37.83625602940797,0
21.02110819610764,0
27.64061532458581,0
62.628666002014974,0
2.7538529826274836,0
50.62635029552275,0
16.134268568853084,0
17.70469566764876,0
25.08217985279046,0
47.629648213935766,0
21.72623300175355,0
6.534321827415298,0
55.67489352205245,0
39.11200699301615,0
33.574634542921736,0
15.195053164356406,0
7.256424276513217,0
45.29965049735336,0
8.593319382506905,0
34.96485677387243,0
27.693614102542803,0
27.021343257811004,0
17.357910304764037,0
34.74273765395586,0
19.64637264019922,0
24.048468346550916,0
27.068149458446683,0
46.20124583774447,0
38.642708165186775,0
4.8787178912063025,0
52.78636604264841,0
38.17179443493999,0
64.7925265071166,0
13.353599815194691,0
7.02515230994587,0
18.005060492873575,0
33.01527398743248,0
6.777604377930363,0
14.32863062596649,0
34.11497189711816,0
1.4491868901953782,0
20.96535164434396,0
34.138273980577324,0
25.229410741831636,0
15.284613720917124,0
35.98063459807621,0
3.2467993157572885,0
63.5536560060606,0
14.77359073228258,0
5.059509448230308,0
35.836591913963964,0
54.91534154534888,0
43.50742495235914,0
18.290997290621444,0
60.154388234984914,0
22.898672816368084,0
59.38626652265049,0
17.408327146124645,0
66.14947516996953,0
36.79822282215203,0
73.81969145496495,0
25.41182734012549,0
28.940520032407523,0
19.120859400107847,0
21.340550310583822,0
2.563642260885073,0
8.756936218406963,0
15.960634565916394,0
18.926031890219708,0
32.649481763908554,0
24.175432821147236,0
3.867781443839329,0
14.194903370348522,0
7.444120376030118,0
24.0244566589109,0
8.039835158597624,0
5.732088136914794,0
10.48230674566343,0
39.316720359572216,0
47.952637198042225,0
27.319053607824895,0
58.84141094867886,0
9.99192872488892,0
60.67434606861315,0
12.01999716737287,0
13.712571301227946,0
25.87844815123929,0
25.932374556622545,0
8.685038524664058,0
17.802958144517035,0
33.3242356269871,0
61.12304946065198,0
44.312914149088506,0
19.914372171720313,0
26.293874756857065,0
48.310733446804214,0
33.6385330691569,0
17.490054509393136,0
24.909107419862416,0
57.43521310441212,0
13.375732726299672,0
53.34375100399613,0
37.00228548849574,0
-134.01452780655012,1
20.20903403869289,0
44.95882447672496,0
41.587385205796544,0
30.759748779212792,0
21.97281702196612,0
36.287712516479054,0
4.341174714839514,0
51.27072391872511,0
54.707735466827735,0
22.97070363896493,0
34.907996687092414,0
11.229649100923798,0
43.1222616807012,0
12.05912382515578,0
32.35502899328003,0
13.938431299898738,0
43.0702178126265,0
48.97625846535162,0
18.07029617709843,0
39.83287411913866,0
17.15819363072369,0
11.769802926901844,0
41.498001129260096,0
33.78614935631468,0
19.37572472077786,0
18.560205943575465,0
12.4022606570171,0
41.29609556737817,0
42.617825061756214,0
29.27593512157522,0
18.430582197621227,0
17.95526590326726,0
17.807855362600744,0
23.163571700886205,0
36.616498174589,0
20.461600953535577,0
24.297451176221912,0
15.60298039625923,0
3.5852113461856523,0
17.992320840000424,0
55.073447358955875,0
10.479006417470787,0
29.70192719641016,0
13.990526656749285,0
27.280339846058553,0
7.3189005115949985,0
27.189417615896843,0
51.36698283283446,0
13.73254566965166,0
25.298375283571534,0
29.89417094477037,0
12.692205804815195,0
10.776381591466192,0
11.833932931102405,0
25.541954050288997,0
6.81315122614712,0
59.40188180359712,0
37.09226385595936,0
51.895264471529345,0
42.20347184328811,0
12.927637117452395,0
34.744045922308636,0
26.892937728150766,0
-134.01452780655012,1
29.858752629192235,0
39.49919830711594,0
61.51049035239933,0
53.368309413638926,0
8.289208813873161,0
23.720501961146454,0
41.54757944808372,0
24.396617928648862,0
14.651607679102586,0
42.58774168937866,0
45.57355145044703,0
50.54875501253525,0
-134.01452780655012,1
47.090759824060214,0
23.738293071780344,0
17.060729495684438,0
74.74745725435085,0
30.78074407444608,0
2.812106370325225,0
15.66794579500641,0
24.388881653673668,0
31.875320824968885,0
18.283217505857518,0
41.07031715463646,0
46.25761241173748,0
52.27010768749947,0
40.83160233610185,0
18.15642457022378,0
25.542239203551176,0
23.347050101306273,0
50.46296408809445,0
32.059288001724646,0
13.432970878882811,0
20.316026093394633,0
33.066680983318975,0
17.043252803718282,0
12.758012232324422,0
19.61015680890949,0
18.06685643524756,0
20.444027456262422,0
41.10188353858701,0
11.792645111061033,0
35.813182281583856,0
23.720278935634976,0
34.834455704849965,0
57.222788710868485,0
37.22082890357086,0
17.167750738539382,0
35.533445866646666,0
27.64748077209824,0
35.0699041363132,0
10.41019273970456,0
15.465189990392926,0
52.880465937499324,0
22.74298783254102,0
12.929287163964117,0
48.914498750617454,0
17.88541934062312,0
18.89461178658039,0
20.929814237127328,0
43.94702856278648,0
15.927334573116111,0
15.433534593099887,0
6.66574967518975,0
35.535529851203705,0
18.583931973321192,0
25.94462798400224,0
12.251879330759413,0
17.80306267221626,0
14.849327400309981,0
31.55864492241714,0
27.092377209067475,0
10.708045567191775,0
58.45677408358464,0
38.009879133915135,0
34.99027590577234,0
32.19623723180067,0
9.699568503042237,0
191.39355949468143,1
2.9415478620601605,0
20.13244741403967,0
43.91225970041674,0
59.490750640126976,0
10.147541874230924,0
14.083396317072786,0
23.22441561711774,0
41.901616686091906,0
32.940178904051315,0
14.096963487113436,0
7.817827444097178,0
8.099494318043247,0
11.626410969403878,0
4.899746990518106,0
24.90989143346179,0
34.7456496319964,0
25.3752548142901,0
52.860598960555784,0
37.428707112162606,0
58.72990942721359,0
8.632282753673884,0
0.6872249457834428,0
21.29030596887859,0
18.32803278231975,0
3.3779128553623456,0
14.713750913298874,0
71.86941471710959,0
47.850313787834395,0
16.232544509655508,0
60.8673636683601,0
22.353738409747542,0
35.301674222993185,0
49.74738308234595,0
6.898788083344773,0
55.738932617843496,0
22.30033486951639,0
18.189775697202823,0
51.2284955798211,0
38.30264166141643,0
26.382536994855904,0
44.16670475348198,0
16.273461064551505,0
30.29780627526816,0
13.092323962131566,0
34.890342767218264,0
29.362053268394924,0
38.79231063143932,0
14.231281482015321,0
9.867276466125999,0
21.11596015393316,0
17.020830688798977,0
27.701548350060406,0
11.852166203374818,0
18.20084694255264,0
33.02686071645984,0
28.00801968775354,0
7.024056504193729,0
21.75446956675038,0
26.21461608758201,0
4.9889061317264085,0
36.10672535504411,0
3.9158608078343837,0
17.08462352238923,0
19.51676616974931,0
20.79367857322254,0
72.70948738476373,0
-134.01452780655012,1
31.139926281982987,0
16.466483468288338,0
40.14553551196583,0
15.949208714486623,0
76.79558642215729,0
27.83285501731831,0
25.111963158216522,0
69.34305240630177,0
7.378396471237209,0
29.517901594811274,0
7.074207868169796,0
49.83564107444479,0
26.431120421779973,0
28.134785884533514,0
33.1576241664569,0
37.515678811620155,0
16.847189702001657,0
6.860102320395212,0
8.082096141709545,0
31.256628537572556,0
20.87712739129763,0
44.69271213371858,0
26.665024682731055,0
23.096989738844943,0
47.74520049399242,0
39.736945030638495,0
30.051153332224878,0
30.624379655274563,0
6.960076205382896,0
43.40143124931701,0
42.05787494698413,0
25.372151691435583,0
46.7889114290992,0
48.39669774579918,0
43.27779760018636,0
23.932594995497233,0
35.49885837452078,0
26.784083588431194,0
18.40371747137592,0
29.002337826733964,0
70.15508728550277,0
5.343869040043479,0
38.54252973671381,0
53.413264431315575,0
17.89878361419957,0
10.551687479302064,0
13.678825763607971,0
69.96379748953557,0
60.94303065765803,0
36.47674975431015,0
42.34696197051487,0
44.57506262378259,0
14.634295480440743,0
58.09754046837544,0
25.013921878822515,0
20.665910289615812,0
21.27942545354894,0
25.695940322948196,0
55.43426702355541,0
26.904123413159674,0
10.35193415297809,0
13.87598256796678,0
43.55765908393007,0
37.646488070746265,0
53.98448037183944,0
31.444996647416296,0
8.682874644243922,0
48.13124987966552,0
47.42264443099879,0
13.31565333631459,0
58.79565724887357,0
11.361725912218464,0
20.257761092546524,0
0.6133790051985396,0
19.120333041468125,0
46.32465962170735,0
16.957701429757837,0
36.91904301967096,0
29.01539196300842,0
18.806309700604032,0
19.41878212320678,0
26.354443288331325,0
19.126111104708524,0
1.6299168280565157,0
28.71635729146297,0
60.14879516795077,0
46.4994958676591,0
30.205621636966782,0
32.66883503831781,0
33.39242741228071,0
36.570339962477775,0
34.31449972819413,0
13.913002119196314,0
52.07885757881676,0
33.35002472746901,0
21.816962562473034,0
28.71700465051996,0
14.463246131271687,0
23.996112447281938,0
18.109225732790215,0
26.87805187004535,0
45.77174588825446,0
35.84309398348585,0
34.49022177972197,0
1.6180285860480024,0
32.92266539323052,0
15.365373007167385,0
6.141359370896215,0
39.15502092495096,0
27.715122243894758,0
13.525650087650599,0
13.317827606620636,0
23.653354411823273,0
1.283715049911151,0
25.035487745282847,0
41.13633957455106,0
191.39355949468143,1
35.531440917907176,0
56.029777414134095,0
26.243487350190158,0
49.19577644296874,0
21.121629700634266,0
12.413141057411643,0
21.040166173725392,0
20.195612973624925,0
27.717975567148684,0
21.775705364570573,0
45.08271481862071,0
44.438380825012494,0
24.747953327153873,0
-134.01452780655012,1
10.2239088833091,0
56.864320795689274,0
10.30163307207865,0
54.69137150889922,0
28.678893718024685,0
9.88173269970511,0
33.82221062956579,0
15.961261385217437,0
50.2821904306225,0
6.4371237180160845,0
47.0722918225745,0
34.297309497789726,0
10.913236842838197,0
4.65266559159206,0
21.44383643773399,0
22.07240776984523,0
42.81509172126235,0
5.23469426279391,0
2.773075109126356,0
71.69066485591472,0
37.01784998913769,0
55.50175359069648,0
40.755003579566775,0
11.132648593201342,0
31.50866486928983,0
52.76569379372575,0
53.10203805920713,0
7.484914369489652,0
33.86299727707631,0
18.88905592021738,0
2.678786622459989,0
34.269163537724545,0
14.70886972013079,0
66.81986094243368,0
24.252362588774997,0
36.00904619429299,0
33.383605089118504,0
8.311419648068961,0
35.83467613184685,0
50.709819468363335,0
39.370579943000024,0
9.386405242595378,0
40.679140257224404,0
36.46509423829516,0
24.1763215909955,0
16.616327605206692,0
49.5774685975522,0
13.936365592586474,0
64.08630639831638,0
37.92309079750459,0
4.913902359912579,0
36.6807490124466,0
28.912020615386325,0
25.863524144863536,0
23.04094936771811,0
51.44578224876788,0
18.5109302522051,0
23.640205299151827,0
49.15934084497551,0
33.445279249484514,0
25.5050861190942,0
32.46824973573443,0
11.696327395908146,0
15.501957383702603,0
32.565370452514514,0
7.824975969614047,0
55.32903799223617,0
6.5432339803745,0
15.962626033641596,0
24.170199058703172,0
24.493835407043612,0
17.873770389842626,0
53.65072935414068,0
41.763128793673076,0
-134.01452780655012,1
49.43356277542605,0
28.72545992740456,0
30.467819669847024,0
59.172922483744294,0
19.237646944605853,0
65.0493234191966,0
42.92342474591888,0
38.01871658577504,0
42.64732846453788,0
5.266077584340289,0
34.912841709508555,0
25.110815571926214,0
46.9121468176081,0
40.447055962938585,0
28.799745726654642,0
45.33725605432038,0
5.233870144485399,0
33.23211074154688,0
37.48190895494836,0
21.229678460128294,0
0.8774829821641175,0
60.204614497839124,0
1.5643465382570005,0
22.97168051302762,0
18.469183559914413,0
42.16858149283442,0
7.219127937915502,0
51.702621789215456,0
22.616559213329936,0
191.39355949468143,1
45.907532285014675,0
38.78512999552287,0
19.602804688286252,0
10.82519262103053,0
30.53352868245149,0
28.727757637824435,0
22.76015114747826,0
34.346332404914484,0
58.10932580063337,0
26.494475155815017,0
7.650360208768745,0
20.180561024275008,0
31.574696597161335,0
7.49963754877548,0
10.684228061874554,0
39.47435984651099,0
38.357313792176896,0
61.959907641737,0
14.288258251108942,0
34.10492305439294,0
21.523881670821044,0
53.460236726352925,0
55.71554706300419,0
20.59604622402146,0
2.7554006031383302,0
16.211583852402516,0
46.76820718890547,0
25.18884078424522,0
27.77256337660044,0
34.37934076964477,0
33.54415718841619,0
52.60418072161577,0
32.19200914773504,0
26.75869882358146,0
26.882986972948796,0
4.925409297376641,0
18.521489290199085,0
26.892287787749403,0
21.237883705015744,0
2.1266961321787687,0
51.44645894507561,0
22.5793929950028,0
15.93150065722677,0
15.695364257020996,0
13.669448262468967,0
41.38790754146387,0
12.856523337285319,0
33.38645251901494,0
57.765038855747264,0
15.260419123195579,0
34.86740973397283,0
62.58341280250633,0
33.340989069607154,0
55.764968027329274,0
23.410468831110016,0
34.52199388930245,0
37.23380641811772,0
20.281346449886026,0
41.946422371281265,0
46.06674660791056,0
5.4932829127992235,0
45.162598402027335,0
14.909526062794434,0
62.47707429615357,0
59.890264759019644,0
8.20508403164459,0
5.284436660469779,0
8.67043529471633,0
24.58103136400167,0
11.243313758954303,0
17.719776012790724,0
34.860103984562144,0
17.591884544264477,0
11.978717426217209,0
44.155638547495336,0
21.017061598887082,0
35.86032498943153,0
24.16046843578085,0
35.12651081287543,0
4.595570118830953,0
58.180649645631064,0
15.539253340870044,0
24.82080590468158,0
25.48891078447411,0
5.953775829854381,0
38.626407859148735,0
30.300635116691698,0
39.12336592552082,0
54.28761615626924,0
2.2131598547010807,0
22.134616911871184,0
36.03872739605124,0
6.755511482521618,0
0.39517071595150155,0
55.20242424754094,0
67.66096432119961,0
9.801837395089711,0
31.011187158512026,0
44.50059852956288,0
31.015762543434235,0
15.23106899572506,0
53.907438012781526,0
26.294111122793034,0
9.043187118215897,0
15.618670129704402,0
49.59148692636568,0
46.96693592683284,0
36.0300877122264,0
23.34664314889722,0
5.465022435519716,0
12.681835235341993,0
37.10271146335294,0
57.72001180154592,0
8.862375760053382,0
43.99721328978971,0
8.332756101358804,0
41.09250092463234,0
48.60038215193337,0
36.673975967121144,0
38.84439496395546,0
25.102769217704378,0
16.558672593359272,0
3.06244709119972,0
40.189022160406054,0
25.717844881056173,0
44.62825225715501,0
58.43992257031276,0
71.15637437312733,0
15.119282883939578,0
57.03666543204897,0
30.163758844633513,0
16.49094258455643,0
50.47345031883981,0
16.883666765199592,0
32.95884804836906,0
9.628191981195842,0
25.648450100154434,0
30.46408039822991,0
15.154336743389504,0
22.997848282213045,0
25.703028995323418,0
19.470783005884975,0
7.405731101152001,0
5.962896714657054,0
17.390032483603765,0
19.54196362921295,0
24.293365709719172,0
29.487358371027888,0
7.342908911731691,0
60.19219467770625,0
28.555572801676497,0
62.17653156500127,0
20.153173833783374,0
13.793876108422257,0
52.526177120049624,0
57.4364492067956,0
15.596236276436173,0
24.92062400391278,0
2.210729446557178,0
15.217102673024819,0
26.92982817926954,0
63.35390134623864,0
14.260267955553793,0
6.432058531417005,0
19.93365808420528,0
35.2463888433691,0
11.193675797874105,0
-134.01452780655012,1
41.32674700201415,0
31.96014204755629,0
30.21008273167271,0
31.42406373921101,0
28.75369246785919,0
21.119955084740326,0
15.946426341526799,0
26.908025461409967,0
32.80739772230416,0
3.84538427250086,0
8.958656336546658,0
44.94614623090052,0
27.7972671731311,0
11.889676907874817,0
58.162072530467015,0
4.989649509882826,0
72.9608894314954,0
1.866901640881082,0
16.14453699761133,0
16.837372063476497,0
29.002340849782893,0
19.340717677060233,0
3.8695724674454737,0
39.78622628552479,0
36.98295329820131,0
34.29030633788007,0
16.307388220225757,0
18.584430688905858,0
38.26031025241668,0
28.464115039336612,0
34.27486729483876,0
7.084915947119154,0
20.171694371199987,0
38.75593684061248,0
32.349924093305845,0
56.18910294727479,0
9.424909685901573,0
46.17145525311049,0
53.84755382807585,0
39.8897214678336,0
27.90853700728008,0
34.86437181041093,0
31.6252318612353,0
29.878119055383646,0
43.22980263615244,0
41.333491908536494,0
35.22711301003593,0
4.971244578544642,0
16.334516081837716,0
24.587773789980698,0
13.428232158492676,0
47.984493279356464,0
31.404990210485323,0
21.415365422898088,0
57.583432838185686,0
20.638218388305585,0
26.39264133530007,0
34.76332091429103,0
17.171817114016978,0
12.207630442484296,0
2.3937101782533836,0
35.39304394878939,0
31.124392382524046,0
35.40031839829961,0
23.255646403049038,0
5.406959962000934,0
39.86589688930393,0
15.203175511927164,0
13.378592786784967,0
-134.01452780655012,1
60.429411879104556,0
17.128933133306308,0
49.25505901041292,0
4.051204065657628,0
48.58459627594861,0
66.8082978912486,0
31.154063784281938,0
19.90685921379507,0
53.710830308884084,0
12.406047513652062,0
13.103768948642575,0
7.09005270242506,0
26.58101231406705,0
21.65964630715913,0
32.76395491610016,0
36.50216150044905,0
16.983500103747108,0
48.5750899789673,0
33.332239950181496,0
22.07666965202419,0
22.390239815720584,0
37.67244015546666,0
12.611423350581086,0
57.475241602408545,0
191.39355949468143,1
72.77325811193295,0
50.377087061497306,0
10.03672426125176,0
35.49317097284782,0
8.438144655694547,0
26.381575420030316,0
20.921164605588142,0
14.173603483899724,0
21.398437636707595,0
20.069187625121923,0
17.340757179357315,0
74.15411292790127,0
29.060427633165098,0
38.819540196888276,0
4.529381016905262,0
11.97994365921926,0
37.68420292175104,0
27.669324244084294,0
26.56482643965014,0
10.279756906934862,0
12.332693417575083,0
20.334238172580978,0
50.999611473356055,0
23.16590536017343,0
22.702474478688877,0
45.73441246048611,0
11.01662500342314,0
14.369906922927337,0
12.23544566522487,0
35.50716040897723,0
43.914487268002524,0
17.891175807147324,0
26.570747242214406,0
64.61116294386309,0
31.637418042410616,0
40.9832131960465,0
21.103987585703756,0
7.505417766017221,0
27.744906175867428,0
23.59576831528338,0
34.400915633082114,0
50.18994312720776,0
43.799997052949614,0
16.914453312599097,0
2.96541746086623,0
11.89549178101637,0
9.204089164114288,0
18.146853139709513,0
18.143756225334073,0
53.08844137520751,0
39.560574493230696,0
27.879129255939755,0
48.72393263083289,0
35.11173383247787,0
5.466995630269365,0
29.58571559229528,0
41.88385610084519,0
19.3402798359573,0
39.132791716880725,0
51.39509618722335,0
30.300029072459424,0
52.54906680850099,0
57.78872205073562,0
39.030508247031534,0
4.2034732518453755,0
17.51562430235537,0
44.60347255267319,0
18.46417224291437,0
6.383576047484464,0
7.608196599397278,0
35.8591765749448,0
43.45718685334766,0
5.926994681365212,0
17.605425348705378,0
21.264880725929416,0
29.884868267467724,0
9.305563993453992,0
47.94219379470552,0
19.209720530380288,0
30.884435547600976,0
41.64841326282958,0
29.678587833425883,0
27.96882934769312,0
38.96748878901518,0
5.95988890960706,0
4.485125140031802,0
33.419564034575444,0
41.659530719925115,0
49.574943466924005,0
33.03435585948027,0
36.24292419110747,0
66.58821835934917,0
30.282234359957407,0
36.11540136366153,0
54.71730675668568,0
45.55985626262415,0
16.469832592479587,0
41.82396301889054,0
32.567361126996914,0
7.055287399963336,0
30.386341037202875,0
32.5998858271419,0
21.05291233204037,0
23.598325977325512,0
23.72080653438732,0
12.825315106432747,0
20.633802281621872,0
13.023389196354573,0
35.06221652959343,0
17.974531857684614,0
25.928163739045658,0
7.5690499054307425,0
25.140258278431,0
34.488659455552636,0
15.83405590610734,0
40.36558995348524,0
13.931810194396796,0
44.67309860116137,0
83.12892387406698,0
24.995124932069164,0
49.48265370937544,0
22.61375776951067,0
29.51511034466953,0
29.01343421532986,0
24.948454556903652,0
45.346001120907786,0
42.63651740758563,0
49.54460880336981,0
26.208550806018337,0
16.23907170223004,0
39.19526916990006,0
38.130219486208716,0
16.32738767880898,0
26.786060218284426,0
28.811378417688793,0
22.448792690780433,0
44.36537297914472,0
51.96770985939975,0
56.089725100249986,0
21.067243558739072,0
13.4843203784408,0
3.7106530868154373,0
6.045920047732955,0
13.058152943406931,0
20.889222722774477,0
45.3623116411106,0
13.55539243318025,0
33.232786477565284,0
57.447301753605565,0
29.279851706164965,0
17.898797624810907,0
16.764958062400765,0
13.000502594240787,0
43.10688362359777,0
17.737081457176394,0
50.27004844918519,0
23.371842115011404,0
34.99121936622836,0
12.93912369609809,0
44.225070776551064,0
48.8464457499166,0
11.816063154277204,0
43.53099750581949,0
25.061194968332018,0
40.90521454396344,0
4.626249883888604,0
22.928580212048857,0
20.36054789967696,0
15.957513412295409,0
15.301386322831473,0
7.057266780692288,0
63.3884297930311,0
28.049213748400337,0
47.56459633883471,0
36.34097861452095,0
36.20227995696779,0
41.54004105097655,0
40.76506541335287,0
44.1713181077274,0
44.17720407808679,0
23.959768196154734,0
26.923514357693147,0
29.952984743199778,0
15.060425812045,0
10.309876713340794,0
3.776692036649967,0
19.310928850095628,0
27.65364854202511,0
27.18487053749073,0
30.594891339180474,0
25.941406441534692,0
21.479546824449116,0
29.98429478940137,0
19.399635697116487,0
10.63111085520926,0
38.05438934150478,0
16.086564634740906,0
24.81415355330485,0
57.657418694326154,0
22.47444813066487,0
31.524526820689946,0
11.190517112031099,0
52.155882489979774,0
26.138153446886992,0
28.918765438754086,0
12.695723447374604,0
10.55086729809655,0
8.712069618182303,0
17.61602398937187,0
46.41786355502058,0
59.25143136439986,0
57.6963226568713,0
26.18006339272106,0
9.862820652896355,0
20.452434948609458,0
9.601517667215278,0
28.41449836154142,0
26.715645919009184,0
12.992393490961096,0
13.72772724888525,0
28.50455958082618,0
22.560832026529816,0
35.7520657155612,0
47.675619843734346,0
18.53638941397441,0
4.7208375828344,0
51.38468242294121,0
59.130225057398434,0
42.70511107148053,0
-134.01452780655012,1
11.767220000600553,0
26.648666692960344,0
20.542911561815618,0
47.17221209310454,0
33.61400679656577,0
20.459429574827094,0
49.18432571152301,0
11.595745745249966,0
50.77499445565849,0
18.391588248783343,0
50.58313104480303,0
12.842136417950847,0
22.12548060134067,0
30.127258150459728,0
89.10589823172049,0
26.024713221022555,0
64.23082953925204,0
41.248932475865516,0
8.306686458229036,0
68.26110038117137,0
15.208860453719147,0
7.189994238483973,0
44.69805501031073,0
26.9200471061334,0
17.414887022953497,0
19.9446410018907,0
17.973389184152417,0
33.64751661442352,0
10.069932611874005,0
10.814863639052794,0
25.805730071448313,0
41.74587396799348,0
2.057244942765988,0
25.973655893426017,0
30.553343598750317,0
18.158436760197812,0
21.31562663945164,0
30.746078353887864,0
25.925777592245435,0
33.13614890296162,0
19.83507455414453,0
20.260550266444397,0
25.973398218207787,0
191.39355949468143,1
14.730395358235304,0
22.36710697514799,0
32.71178824251499,0
6.88733543930838,0
29.759698984513378,0
22.01323073866871,0
65.23436517672162,0
17.673985792800515,0
4.770149520568581,0
11.305800050974577,0
5.631014637222216,0
16.774171335381663,0
26.92412021064033,0
33.25000016128761,0
12.119195101452481,0
54.87268938371216,0
23.924683049199256,0
1.5781124981382455,0
18.23213876141945,0
7.5017168148245785,0
26.32386473957658,0
46.80779263260436,0
17.765723802916582,0
14.309619658141848,0
55.460616483731215,0
31.173528857135363,0
18.789533876000934,0
36.50142230672256,0
23.44149461388277,0
26.142898521949565,0
53.11280562282623,0
28.228408450678934,0
55.769496024459166,0
25.06128071584608,0
57.9021448952346,0
5.934965730643968,0
23.92627869346872,0
7.88696640196677,0
8.646715399536419,0
42.54230962008884,0
26.42559983211307,0
13.492707398085807,0
38.01787675374555,0
7.524409888939864,0
55.60113647884366,0
15.851757112119087,0
46.032087412742236,0
8.987640258771115,0
30.73550193667861,0
42.95820704430169,0
13.767952693943156,0
35.20494206059373,0
11.928936810504043,0
34.3821105394844,0
6.046921044138505,0
34.42527775592786,0
40.44710616007314,0
18.248811384102645,0
25.47829695795725,0
19.925263584451383,0
22.855231425813624,0
12.536886875441558,0
42.04553961822003,0
34.14697669122047,0
53.809342162878636,0
14.36655734075697,0
39.31609250299755,0
25.42662183690872,0
35.1493629221526,0
70.83377578003306,0
45.841884452070694,0
7.726538980737923,0
2.33355541758771,0
30.262292560679327,0
20.2427355926388,0
9.05310087666076,0
50.75849329747179,0
30.10737055498885,0
18.72869542654065,0
16.915342475871935,0
12.1007459923373,0
27.653496102837096,0
26.020048421373136,0
45.42272249854532,0
32.811991004642096,0
47.00707758141106,0
26.99298803918141,0
28.54850391047399,0
20.772012399326606,0
13.341403163747623,0
7.771854480396288,0
32.33144103999334,0
36.051836449418694,0
46.533411625869334,0
26.17569444784879,0
37.13353723121693,0
41.2462770299932,0
18.953793958546218,0
44.395220445538264,0
15.235175586083857,0
13.651791411848038,0
35.08946810164002,0
36.34041372495383,0
19.45373393192878,0
7.954024784126676,0
6.374996548588981,0
36.00141599377132,0
14.775070504662219,0
21.578635828685915,0
68.9895502102602,0
6.679993344516857,0
15.385520314152638,0
33.264926457895236,0
30.28914514114881,0
23.05378275455835,0
5.985458949076795,0
25.779972027822396,0
49.60957361213951,0
29.446650223782562,0
8.473944641920781,0
-134.01452780655012,1
54.13599059532385,0
62.79471710072379,0
34.71353764194854,0
26.581987292468234,0
42.11137039725165,0
18.30308799267909,0
37.202332682565284,0
16.863122220673134,0
13.73009014169396,0
6.422653630861849,0
47.11553427788669,0
22.737707182781165,0
32.786927061895,0
49.29745043733359,0
11.864174839119736,0
11.618121308699893,0
57.40820481386043,0
26.23654218792858,0
31.63569234802688,0
31.516959551393718,0
6.1426294301767115,0
39.8164428060742,0
40.48061208107459,0
18.50109546748145,0
26.59596313398823,0
36.32502253133653,0
27.353314663594798,0
42.82895627534479,0
28.243513276811992,0
19.39467028797707,0
20.716936058215605,0
31.713561643386495,0
28.939509588477115,0
22.320352142090023,0
44.55099213345678,0
3.2563086337183793,0
21.156569802397147,0
22.56603930995072,0
28.624159814984836,0
191.39355949468143,1
15.841220761914512,0
18.82457705693204,0
20.280012311052428,0
31.223555818048332,0
17.949445719570022,0
28.41559214106525,0
18.362781732974877,0
63.16747293026466,0
17.62234547819031,0
20.637824782552382,0
15.268054539134113,0
5.283459829480394,0
5.104874934900741,0
10.970649067496135,0
36.150772756103294,0
5.352708331894017,0
8.047560183101195,0
33.074715403676926,0
20.97988559861402,0
40.2040553591119,0
38.395934310891036,0
40.95840266620289,0
12.48296682843712,0
11.225107139577691,0
6.927116714232577,0
30.418264833578824,0
19.475666286440983,0
12.085651157581667,0
13.938115500023288,0
27.351864780730427,0
56.02312116689095,0
25.209197803698608,0
38.862510741994484,0
22.14861082067075,0
51.22636269549938,0
61.0442916075118,0
31.68674078370416,0
20.42975265711168,0
31.20904081833098,0
48.68382940382869,0
15.05177364677405,0
20.334364945171185,0
35.95833784933669,0
34.97940582486003,0
46.0041315346299,0
45.64620177811809,0
46.07774769186109,0
75.77419261538107,0
28.074795451743228,0
4.132021071636835,0
4.328052888467128,0
66.94785706368434,0
26.365149864063426,0
23.198128585403172,0
58.265551331479436,0
28.12991290306192,0
17.64594339641959,0
50.71462407129449,0
53.91076640662508,0
40.462069991000874,0
35.43775530037339,0
31.35251398457503,0
24.79350847035185,0
32.39493495980221,0
42.349880947514826,0
29.351573495498073,0
25.386855201150464,0
1.4737538739461413,0
20.35621996275205,0
49.47057476844462,0
6.226235892487656,0
28.199834785284533,0
13.229762638739533,0
23.558483491088246,0
18.462640292385878,0
25.920300466037066,0
30.758572069891365,0
18.83732970865141,0
25.315247834007614,0
33.67395588061075,0
6.5275652763615755,0
48.42774200948795,0
29.18793959935373,0
40.0221556934044,0
32.14616139918641,0
38.56644717037973,0
4.373999263279522,0
41.05090335653608,0
16.768653151504147,0
37.99903681056249,0
8.961659985162248,0
15.374736684107052,0
43.70728337824761,0
15.130827673632766,0
43.43395070515306,0
34.308382422362286,0
8.547847892671454,0
45.73766282421175,0
32.99696423981504,0
13.163545109065614,0
34.22948151504998,0
35.479848866097676,0
2.8115642721059313,0
14.901004522515352,0
24.528502178342052,0
13.281678996010879,0
21.32061372655044,0
27.320368339539964,0
36.71814898423188,0
21.830634725978747,0
15.160024203998207,0
40.76548037632002,0
27.90800928835845,0
24.295506974238936,0
36.18905013340581,0
6.772209212009972,0
56.23325997675398,0
9.079415716873152,0
63.01766438742553,0
10.921295476790434,0
39.460777354878864,0
45.34401625484959,0
33.417634304866695,0
34.43029750489214,0
19.951405155181828,0
25.35723477432769,0
40.870233306766764,0
16.232171456899565,0
57.28341897972552,0
39.345777556846514,0
32.744121721000546,0
8.806748798746478,0
10.894001396819421,0
8.371024737448531,0
37.677051386074226,0
32.394928008082395,0
16.146872757376148,0
25.58574790660968,0
35.43521695510438,0
31.807176125972354,0
11.012163278754365,0
55.31638460902185,0
1.0454024215710844,0
30.414649098372585,0
42.37977271026421,0
17.104675769811024,0
26.649488902404293,0
11.781840802864613,0
16.956168554049533,0
54.86529955516674,0
39.3470237670102,0
23.378671765257376,0
191.39355949468143,1
21.21282170688191,0
28.834260697266046,0
18.861580029836187,0
23.74159960644026,0
0.8827789415835011,0
25.15290324823391,0
23.50730434735709,0
-134.01452780655012,1
18.119456692943743,0
37.37302791457929,0
41.299629433825075,0
37.67736203580848,0
29.093907942111485,0
29.615459210435326,0
39.54754261734573,0
21.75872922755836,0
29.46620175842546,0
17.366916245127104,0
47.52800622388725,0
39.353338224180185,0
11.190608215226689,0
29.965334242017782,0
36.00576037433669,0
51.071644378203274,0
44.86433735262308,0
31.62277557896446,0
9.2130489585923,0
28.058298768058894,0
28.281660086772327,0
24.584300117421932,0
46.483736093060365,0
40.78662277108865,0
40.28903367729753,0
50.01634044079361,0
31.419205298818188,0
29.794914039253477,0
35.78972730656069,0
5.10549584110945,0
26.00735860681539,0
17.168293585033823,0
38.31380456834105,0
48.23296575768412,0
28.98394105180655,0
4.047483813840173,0
75.64818041229809,0
28.235209486029145,0
41.31389357003888,0
50.72896687205852,0
69.1462806820191,0
30.120703495645813,0
62.65179209606162,0
26.521636603839454,0
3.9631330892498458,0
39.677958132801514,0
70.35811864636948,0
3.190232690756482,0
13.890256564416251,0
61.41042975117106,0
58.42282107080285,0
12.61166131885263,0
46.751227591738584,0
36.74546602144733,0
22.451493192895676,0
33.05621590017108,0
24.837032441624487,0
29.25451953472276,0
16.813481286294852,0
30.04453176394342,0
47.6113259023536,0
10.11979860093486,0
16.520641960931137,0
7.333572480822122,0
24.00626309478714,0
12.801328162792247,0
5.727672529082264,0
12.886886877132303,0
44.36189757868621,0
53.83176103892563,0
53.17421568589169,0
48.4514805179529,0
26.69683408410752,0
21.296396963576868,0
52.05718878188844,0
38.68549933960616,0
13.694331270709084,0
63.483307172914174,0
13.719676517786853,0
53.528098559340656,0
42.64242015324733,0
43.28821505766172,0
15.92462080391101,0
21.198857749410255,0
17.899806020148496,0
32.1791234826328,0
20.556860086845187,0
9.820603154513282,0
16.033058935442387,0
23.83454945425727,0
15.40150273645246,0
48.04656341843052,0
49.97213087651187,0
24.60122152085602,0
29.55968555497406,0
40.2307544244366,0
54.60144038953555,0
30.980414046012015,0
19.735045256652725,0
17.929784505148522,0
60.25382736516159,0
16.90109780616944,0
16.383528209091796,0
52.258912570369546,0
24.710680968722595,0
37.90613323839859,0
36.557996321139335,0
9.653455568100554,0
21.676372943329554,0
12.558154768310587,0
14.644820453448595,0
15.688873584663407,0
9.914065183812195,0
58.63926029688218,0
27.997530426874555,0
47.75037499390295,0
25.447681179513708,0
