value,is_anomaly
1.2688221264813717,0
1.7785560467614168,0
1.7320394209046588,0
3.1624469972881233,0
1.1858475740732977,0
1.3660346494501197,0
1.6189391250618392,0
1.4308985170799466,0
2.1757899495526427,0
0.3558845120940168,0
2.7112403575388977,0
6.205750843962509,0
0.007987269911424946,0
2.7477139033239486,0
0.18355892557420123,0
3.3841136721683958,0
3.8404511537229533,0
0.9520929509867582,0
3.623494016229767,0
0.7988462668393581,0
9.283033007757282,0
1.348594642200402,0
0.04449756858828202,0
0.0012195817250673865,0
0.6749344466181753,0
1.0115429797555138,0
3.44162358391259,0
2.5788303723397794,0
3.4533845647578145,0
5.296729027082977,0
7.520762768167534,0
0.3113840883476369,0
1.3507329838187139,0
2.3055424392440376,0
4.486204856921761,0
5.4353716833830585,0
0.49058009517045054,0
10.507071284410497,0
0.9968169184813681,0
5.055953780578022,0
1.0566934653491404,0
0.05295810363671742,0
2.746822383221992,0
2.31304233733524,0
0.8270694482041346,0
0.6962668198621773,0
1.4606592063422899,0
3.3936211018411906,0
1.1112261563307575,0
2.059809617073778,0
9.264421665295261,0
0.4665477070052597,0
0.9888434735817414,0
0.3077853944037507,0
1.2450623723224825,0
4.551579560033207,0
8.896086100544276,0
1.616864946857256,0
3.3541364191956444,0
2.6993663385926387,0
2.7706766645858534,0
1.7115091322706613,0
2.0033194009839437,0
0.3009540571399022,0
0.45593463642715015,0
0.0328935088008867,0
0.2884049349375985,0
1.872721837536436,0
0.5051566749195424,0
1.5518512455617557,0
0.11099735263369882,0
0.9297793866698332,0
3.850685519002813,0
2.5112362892211686,0
3.3042927409867193,0
1.4803757583824497,0
1.6800360557413856,0
2.339688763716056,0
1.1027351216591026,0
0.12278534602590402,0
4.159848289228612,0
3.0753797114312826,0
3.619165669762465,0
0.20287726804674389,0
1.3206208825387244,0
4.309059823713319,0
3.611919215282307,0
0.5322866537010222,0
0.9540906615200082,0
1.131011594396898,0
0.5442725050504736,0
0.3529794976352225,0
0.6264769258797869,0
0.9013558763620146,0
0.5074999989718315,0
0.028156897774144735,0
0.6791725646622376,0
2.666893763649916,0
1.4996878859216434,0
1.212084091836294,0
1.354002861756168,0
2.5903667630741474,0
0.34652602991895287,0
1.4591603182135977,0
1.7140546797251177,0
0.1569872623195382,0
0.3012503064544067,0
0.13248418771445372,0
3.6415119465013475,0
8.099761912872609,0
0.5327931669930145,0
0.89933288352296,0
0.6389217312742811,0
0.6157876339151783,0
0.4124408643814191,0
0.18287600568514548,0
1.2817749049132576,0
2.556127659411539,0
0.23307143926482607,0
0.5510574848888253,0
2.778166816417172,0
0.92540869893311,0
1.0036523366729049,0
1.172370186704831,0
3.714896797142787,0
0.3127966723961364,0
0.13721518470338118,0
0.9455656264796117,0
0.756011898939208,0
2.7270890549989146,0
1.3082867246495626,0
0.5773322795724912,0
0.12511384529174419,0
6.433308279785437,0
0.15836929068115033,0
1.392467207913697,0
0.23461566672429987,0
3.299693581962707,0
0.6102401630908376,0
0.18712768485215314,0
0.15040801894299435,0
0.37741774147426715,0
3.9736595723014645,0
3.854967759552138,0
0.5584387086579565,0
1.1453598797552411,0
0.8989919540678601,0
2.5981762497890726,0
0.9235531086966089,0
1.8538895498256418,0
0.867462206218677,0
0.028621104102448836,0
0.47020866469467537,0
0.905500386943448,0
1.4431650992911873,0
0.7258767429021544,0
0.9935356502563062,0
0.9595879649338603,0
0.04249522309911313,0
1.1839867166734461,0
3.360761846489676,0
0.2045312049631319,0
3.524582414817759,0
0.39573283620231203,0
7.408652962889476,0
4.2411111528494585,0
0.385501547478249,0
1.6135006649412997,0
1.1842773912860238,0
3.0232596527725066,0
1.5063754532149312,0
2.3546851917469467,0
2.51011728512479,0
5.740570985374461,0
1.5349087821999865,0
0.023993393953283818,0
2.5169712089871723,0
0.6460963989657424,0
0.8218311346968925,0
0.30631789591341013,0
1.0283620317149664,0
1.2231881452178142,0
0.10531170898266658,0
2.9828369917056192,0
0.1736409047285403,0
0.7256374184779327,0
1.9923590168053753,0
0.8716427579595918,0
1.2498044830369377,0
11.561768078577515,0
0.9388058094266121,0
2.3547941624612396,0
3.171640614786166,0
1.3420111582352074,0
4.232988741616589,0
4.983812675480295,0
1.257783701516422,0
2.3750499161109557,0
0.34325872639833316,0
4.45255085163951,0
1.9107731279036562,0
0.9099264376116764,0
1.0606646829038944,0
1.1640095070876055,0
0.9549183059815713,0
1.061886980837086,0
0.5342638029759658,0
1.5409333252615713,0
0.38153983678190245,0
4.838983066069582,0
2.4881419132901783,0
1.6509374940219532,0
5.304083312958077,0
0.11535503387302339,0
1.1499568830619213,0
4.994225210605217,0
1.3359035006080882,0
1.7456985165831536,0
0.14042676215361563,0
0.8661944747309095,0
0.1863021670284428,0
6.692182807036287,0
2.610215695627959,0
1.6707719668945444,0
5.823316207837027,0
0.9289651514165436,0
2.817255317502733,0
0.4991730246826068,0
0.6795633894162885,0
0.4128273785042279,0
4.535431646618111,0
4.218365257077147,0
0.14848846028787852,0
3.2538267088555264,0
1.7827301623595164,0
0.9626950192157385,0
1.217443968764475,0
4.878270248514745,0
2.33299197115432,0
0.9640735396166971,0
0.9584846928343498,0
0.4401146833726463,0
1.700920028406976,0
0.5127665538545956,0
3.874235139370978,0
1.0986734640998912,0
2.4866700598259177,0
6.49094903526168,0
1.6520874830409003,0
0.12316301402132998,0
1.1486748990887194,0
2.742866661857116,0
10.157485772428258,0
2.535739558925831,0
1.6041373980457763,0
8.044557413172578,0
0.7713186715327539,0
0.6757224446448297,0
0.8722722536185155,0
0.7100495695853133,0
1.1851617457485704,0
1.5159183156175362,0
0.30861746993230926,0
3.5256962038879807,0
2.4588062182555848,0
2.561894873933893,0
3.365826982651958,0
3.48172956762235,0
1.4170936903862699,0
3.5745881932069734,0
0.5723502897438237,0
10.654977735557576,0
3.5414839464784835,0
0.2847630590469375,0
0.42912115611861423,0
2.12986775426163,0
0.5565619259394984,0
1.863027888604419,0
1.71098814415994,0
0.7386622667953778,0
0.03535430767062727,0
0.1547855287358105,0
0.8620894707396327,0
0.3906928833708297,0
1.4725305502931376,0
3.2957278463351094,0
0.3951242779830782,0
1.7460613561025295,0
0.6708955022715304,0
1.0567610773068037,0
0.7877535683485333,0
4.082949505630425,0
1.2500704259104265,0
0.46526915745130604,0
5.924890003952268,0
0.045450372027042725,0
0.7201940822936562,0
3.5723492149878022,0
2.589824973538374,0
4.086577541450067,0
2.6447981126936697,0
1.1533319988438555,0
5.375021715494753,0
0.6633175766467063,0
2.241246065845568,0
4.13109515513193,0
0.576176283076572,0
0.7820253664335534,0
2.2561316446314303,0
0.3763470317296588,0
1.2710444212481211,0
0.06840402761659144,0
-17.577790737766293,1
2.570270012239565,0
5.625711841191302,0
0.04672301746719685,0
5.0606498402115,0
1.9219721538292691,0
21.559385039390996,1
3.036347165343079,0
6.153932367563175,0
1.6455390902056166,0
0.8491162459576362,0
2.559397773204451,0
2.093094245795287,0
0.6815733317003395,0
0.19603480320162,0
2.396010070320215,0
2.1566353980480106,0
2.1759953621521175,0
2.9782097088555264,0
3.056706005543611,0
0.9035675455958307,0
1.5029475518418896,0
0.7715677326330471,0
1.2691774053679734,0
1.1797069319796958,0
0.0767767431257772,0
9.209938466358231,0
3.119178742181725,0
1.1266060240198483,0
0.6150730381596258,0
1.750696365224001,0
2.057790486466699,0
2.4045770386028584,0
3.4831399537122847,0
0.35924169561464886,0
0.4541363421990839,0
0.9311868741352648,0
0.011148530241230773,0
0.34276155518552825,0
0.04719377948716692,0
1.596695682280922,0
2.381218092717976,0
0.21332473864767965,0
1.7311356916720708,0
0.7140898811464537,0
0.8776475810505056,0
0.5355035271437656,0
1.42292082623766,0
0.07512998639025044,0
3.8141803097172375,0
-17.577790737766293,1
0.3466138207287931,0
1.732756308335765,0
0.28790684942085754,0
0.7141248251037728,0
1.829526003162179,0
-17.577790737766293,1
0.47737631755037035,0
0.7057016627460455,0
0.41023402430064465,0
3.8459101948935075,0
2.2544871859226827,0
0.1278745147654633,0
3.8557823089540304,0
5.9806286347,0
0.1951703644903677,0
1.0123229386004646,0
0.741171933906504,0
0.6641429731348795,0
1.7299083236383361,0
5.087776942206584,0
-17.577790737766293,1
0.6480609448580895,0
4.125935588512037,0
0.2638585134437514,0
6.115425258683974,0
1.5381521538963059,0
4.470545219061313,0
2.3222029160721265,0
1.8743421123306987,0
5.909260245574025,0
1.2381081225491446,0
3.5996935011197366,0
0.7935170363952905,0
2.325161639124666,0
1.8359505796067779,0
0.12426598072420587,0
1.2018211623958817,0
1.0343269626535794,0
0.8789485693841578,0
2.8614779466285607,0
1.0820027838972925,0
0.11133126646925341,0
2.0722735752326504,0
4.0187121657217135,0
0.4396358808690999,0
1.2970986048907356,0
1.3880548187918322,0
0.4776363364085276,0
3.2481259383206607,0
0.5661760126793475,0
2.296523585774984,0
0.5187957625558686,0
2.0486407802506235,0
2.9191483212576963,0
3.1750722808094696,0
1.2699062263641572,0
0.39050055463141753,0
1.3438609743326655,0
5.372629254173098,0
3.438087191842862,0
1.221050505458713,0
1.7073599709498004,0
1.1628563740330353,0
0.048292666355955194,0
7.38422402463188,0
1.957877365926438,0
1.7188079746972595,0
1.5336887557013794,0
1.8454254280635027,0
2.5633378408891128,0
0.7891651530691796,0
0.6232897368575228,0
2.093378244295769,0
3.042631384885145,0
0.11461813025283413,0
1.0678326734836856,0
1.3203208831530746,0
5.81829174273709,0
-17.577790737766293,1
1.2337615541441114,0
4.701122274971101,0
6.166288376123026,0
0.46044905641092726,0
0.9252302558611787,0
0.8146164872922493,0
0.14853011123746726,0
1.890114028863919,0
1.679335438575927,0
0.26266554002404824,0
13.1011716901352,0
2.9000088274745335,0
0.13746271789382863,0
0.7611525344291937,0
4.71752500989682,0
1.0304412347696645,0
0.07751069325173682,0
0.4215934996779452,0
3.2926012685800483,0
0.7719306594552282,0
1.7910348766649211,0
0.5717783015871094,0
1.0828006679770203,0
2.160487352262556,0
2.932718361732836,0
3.24315960099723,0
0.6253839031155745,0
2.51555113122741,0
3.139606986081523,0
0.6219270800805593,0
0.9101003762741233,0
4.735459298884213,0
0.4241164249223083,0
3.8658444634388545,0
4.327083343646528,0
3.761137389712636,0
4.702615554241462,0
3.890889777273825,0
0.410447592388244,0
1.3639508375509626,0
2.247440230248981,0
2.0771942754216526,0
3.7778917005178156,0
0.8544235154034187,0
2.32672390665551,0
3.8913215671704426,0
4.421237879751795,0
0.5632162030622296,0
1.1816399005609695,0
0.8119299984348006,0
2.40651336201366,0
1.5598289469312363,0
4.197225642272871,0
1.8348794570268963,0
1.503569324310175,0
2.260847674899045,0
1.0687146450839136,0
0.7722188194805496,0
3.3128025405316492,0
4.628810427787371,0
0.46794031878313874,0
0.5484384015306114,0
0.0804035307776968,0
5.076860389660715,0
0.7301169108112695,0
0.5284120864206494,0
0.9707290160343242,0
1.045413847046224,0
0.11898286859698283,0
0.06593034899449544,0
0.5736089262705499,0
4.901012254460249,0
0.8242191351479397,0
1.6331751580204943,0
3.0229198793413223,0
3.222984768470474,0
2.3536095299227986,0
0.26197270985407667,0
3.8955325259949216,0
2.186918482426919,0
1.5113912320144482,0
0.3674870897482846,0
1.162085079149641,0
4.127116941248399,0
0.35516195341882856,0
0.21708658855004254,0
1.687660024531152,0
2.945205145859429,0
3.770822331153079,0
2.0641174198627197,0
0.6429432312743867,0
21.559385039390996,1
0.11266770854970894,0
4.5452684281217115,0
5.46299257114812,0
0.20682761844846984,0
3.973464480415044,0
2.4441245961701825,0
2.2497159306185015,0
2.914796823159372,0
1.3478947723523136,0
0.021200605407214315,0
4.30306232501986,0
0.3757740562425695,0
2.7013357357716723,0
1.3485733536051265,0
0.5282368536850676,0
1.0934273035084525,0
1.3530762522151552,0
2.8775946205409624,0
3.3285349262543327,0
0.7448813812232619,0
4.908917263001521,0
1.0663614657925071,0
2.319783430544049,0
2.3183880476600027,0
1.7205499083645754,0
4.928616778493032,0
1.1181472386698748,0
8.584959494353818,0
2.35125514238734,0
1.060513002391599,0
4.895149507824575,0
4.261552319586325,0
3.443733433619278,0
0.23698192005788157,0
0.5268583092398832,0
2.823039383154052,0
6.815754743526395,0
2.4009223897041627,0
1.156883061191348,0
3.387625367003512,0
0.10555173419300654,0
2.080770721237112,0
0.30968059957943717,0
0.7621650563006244,0
0.8112561586849999,0
0.4706198737454664,0
5.663290820331837,0
1.7338389414271704,0
6.584897242114346,0
4.912709084906227,0
2.856869908633281,0
4.702392171394452,0
1.146567328019216,0
0.24076724460811927,0
1.596159444066918,0
1.0389240580696903,0
5.332604110763581,0
1.930702410073441,0
1.829445153845728,0
2.4091451178951306,0
0.1369880901301275,0
1.605300512132389,0
1.4181421036690856,0
0.08047979163843266,0
0.83833051826132,0
3.1387953808977818,0
1.0817200362869837,0
1.357528789858635,0
0.4387735942047093,0
0.0911081519080389,0
0.1353336720128919,0
1.8685900530024722,0
0.27224907078240335,0
2.9543858370432465,0
4.534788915599343,0
1.5463054355551715,0
1.4927491077889599,0
0.1865551560585666,0
3.3181569342839294,0
0.4185677471834211,0
1.2102682088664931,0
0.5335746305090454,0
0.24559331859613856,0
4.924540234659929,0
3.213772270143855,0
0.155014955064175,0
1.708327393415612,0
0.400929950192713,0
0.18770421319128816,0
0.08850233110977661,0
0.8850147815654426,0
3.642214186796921,0
4.233690927884587,0
4.498239498197887,0
1.610303218976517,0
2.3640866215820955,0
0.21066213577210266,0
1.1910202694429095,0
1.8188575243717071,0
0.17385910301976057,0
1.4804633958639868,0
6.5495068716142235,0
1.7355184396248367,0
3.5804553141763114,0
0.47187542496194185,0
1.330113364440128,0
1.5329690288853326,0
0.2369747097439316,0
2.5571458099903115,0
3.513090297433001,0
1.3917150824748246,0
0.27920173760544453,0
0.7104811282292379,0
0.7862420053841243,0
2.074684410923409,0
0.21209551334337468,0
0.8619758713359038,0
0.8783567882054664,0
0.2976800937387449,0
0.04763775629518874,0
3.709939238300797,0
0.46907455873508364,0
0.572704536858455,0
0.834879238239412,0
0.17396849886802665,0
2.8643936287982052,0
0.26433138849611004,0
1.4414944526512545,0
0.7786673448180552,0
0.8963052321992139,0
0.7583211799062501,0
0.20297451738322284,0
1.6447315950436838,0
1.1618909092065905,0
3.622370323770336,0
0.8577856178908342,0
4.052859252480383,0
0.5469106866042038,0
0.9473209705664027,0
0.36346135249605666,0
0.36630402895803255,0
2.183393179670884,0
1.1819762038960404,0
0.6444438787935505,0
5.685463530012476,0
1.6356189944688169,0
4.490583338388491,0
6.021076764833648,0
1.8924263743813532,0
0.11108221093087214,0
3.030330268137458,0
5.600669737600775,0
2.0521004435825407,0
0.1577989223257187,0
3.047265043471525,0
2.571723156105002,0
21.559385039390996,1
0.5343827256065766,0
1.1975114479940117,0
0.1454567961278488,0
0.7206695044713297,0
3.6618632644583213,0
2.432610382948895,0
3.543615917008036,0
1.7476652050462333,0
0.05936701372354023,0
0.9330715812003515,0
1.0301442395939155,0
4.201624620192445,0
0.43666233842027263,0
1.049924279277913,0
0.06093304573733398,0
1.3404868699687444,0
7.422323680940582,0
-17.577790737766293,1
1.1256798194996405,0
0.04132608418526091,0
2.1171956261027924,0
0.9027241669797693,0
1.6102457303095066,0
1.1262198687145613,0
1.7933633066980574,0
0.5969022137724223,0
0.8126683449770027,0
0.29836705786656487,0
1.2784585504999941,0
11.491912934338265,0
3.397306642270574,0
0.8141397030683817,0
1.5716137223953204,0
0.5329150132080631,0
4.357553022511977,0
0.2175497755301103,0
1.570366091322597,0
0.7348679211351762,0
2.1522204432784457,0
0.8247712425263148,0
1.478036927929961,0
0.3587197566810339,0
0.9145725045117402,0
3.791687526145349,0
0.5577575937350864,0
2.055916801865424,0
2.7607087521501263,0
11.47334038619767,0
1.64454712525124,0
3.8482341167487735,0
0.7564447485641134,0
3.090698850735892,0
1.3044810336609136,0
0.2918263067399401,0
3.1406049753214926,0
0.17206027324466894,0
3.9052547410696907,0
0.48655222493173705,0
4.410820113421617,0
5.4726815284008135,0
0.6935576454503141,0
1.2521139070572147,0
0.047237347702573894,0
0.6270240918129543,0
1.4908823401825766,0
0.48295964299974203,0
0.8997368669871847,0
3.0145357146232383,0
0.2263449210898017,0
7.42284064515532,0
4.006090875447375,0
0.0460401841987207,0
4.66573347652065,0
0.6756544112801105,0
1.6853822328000911,0
3.2121359765326,0
0.5855276472535847,0
1.4949111330605034,0
2.9523893974478868,0
0.3557449537715257,0
2.6603963204216003,0
0.49560844468681964,0
0.17230256505130662,0
4.461060656998257,0
0.49944698438446694,0
0.2548623749940997,0
0.06747332400080756,0
8.492843266815317,0
0.5050305597254268,0
1.9529448131762583,0
2.524156120190216,0
1.9168421217942082,0
0.5579839033072773,0
-17.577790737766293,1
1.3783912510249108,0
1.5667599798100915,0
5.115665742431855,0
0.0011110587017564026,0
0.10992504211408541,0
1.0452668088769637,0
1.6003740229056374,0
2.6726652329213874,0
1.2674781795432557,0
2.7084401146885506,0
0.35058678056623344,0
0.12875020090064543,0
0.6192161350512619,0
3.973486328256251,0
0.21389338080796652,0
3.520639589485825,0
2.998291562081432,0
2.1264998666701693,0
0.09772840515699653,0
2.2148656647778684,0
0.4776289292373378,0
1.2442166053851613,0
1.4110497005534914,0
0.21640828351737282,0
11.407994089941793,0
2.3981378548143155,0
0.28610998682580646,0
0.4888806099550049,0
3.406766464678448,0
7.388389232475878,0
2.095242490696845,0
1.5766287798364664,0
0.20791162764009266,0
1.0024223632279703,0
1.5778527966810112,0
1.1713369156880244,0
3.3169637390844473,0
1.0913799202660692,0
6.283327622871815,0
1.75141747288495,0
1.362538252450731,0
0.07824020798913907,0
2.3258104130741284,0
1.5593306636319904,0
2.443229834470541,0
1.4648338717965468,0
3.7948103284423387,0
0.11365585233246771,0
2.0415281415751636,0
2.8336782955504782,0
0.6989931369750371,0
0.16476430981038462,0
4.712601350071791,0
1.1382429603503392,0
4.2093726446215936,0
1.1066595389497933,0
1.0937641319117355,0
2.8590708856251297,0
0.9466485023082044,0
0.8116514059691511,0
7.904433504608945,0
0.008424878572768803,0
0.6111864862648598,0
1.9346057463185637,0
2.5781301143112376,0
2.9271325742718517,0
1.3275616237549694,0
1.1374644548404396,0
0.12189533077528254,0
0.23265398511980295,0
4.900646581571721,0
1.4778485079483281,0
0.27548592261717986,0
5.350191604009415,0
0.5301338217941796,0
2.0064774626262247,0
2.3522754838212547,0
8.807547479020972,0
0.47543114579015655,0
0.846926935923333,0
1.1170105711191836,0
2.074938339136482,0
1.4796340395259084,0
0.8252430131879445,0
2.444212596241509,0
2.083822684272447,0
1.4340101105563459,0
21.559385039390996,1
0.2911143145276443,0
0.6451549375097816,0
0.9440711508369171,0
0.5923162471255574,0
3.992425811423179,0
0.8368270583621947,0
4.162098122421462,0
1.600235391825804,0
0.6767898842209401,0
0.12353117739488251,0
0.05413337539374417,0
0.24671124741460312,0
3.1444993917883868,0
0.42500746015501406,0
4.043666545604622,0
3.4086069362294493,0
0.7858253721296636,0
0.018056585933202127,0
0.12453467998712504,0
2.3025170371088586,0
3.080422332658162,0
2.061975715701854,0
0.6356552331500106,0
8.523870855874543,0
1.1798329890145571,0
0.5213147770616545,0
0.6838544014630213,0
0.059037784169117785,0
4.495787492365502,0
1.7670073984231989,0
0.27712611448923846,0
0.34499718073513846,0
0.9804850738359463,0
3.9044189433087975,0
5.974519795125031,0
0.26282754367668437,0
2.0910481532027214,0
1.019570801086218,0
2.739255513952863,0
0.257721520755902,0
3.5452194008010864,0
0.1753716601881873,0
7.507570948814355,0
3.4139242418868947,0
0.8716107137820178,0
21.559385039390996,1
2.4119981897619214,0
2.513843113247753,0
2.305448193806167,0
2.7551869503898403,0
0.6781858500181847,0
0.9075342082573321,0
4.894876736676124,0
2.273258883626698,0
2.6065463311351853,0
2.7191926623912015,0
0.3632185025750709,0
0.3723804700373158,0
4.110980525363077,0
6.240459732569787,0
1.3752235230701404,0
1.4988468117311093,0
0.3597568412849103,0
3.8252223961854255,0
0.6036501138585225,0
1.423659204504914,0
3.122807751108662,0
0.2055682790609901,0
4.455915452618228,0
1.0054939692364269,0
1.333126485403241,0
1.3481130358357984,0
1.6682510041292957,0
3.9341158663443876,0
0.5281128114213356,0
0.5497835635382436,0
4.21667854939812,0
2.5294543741585565,0
0.86629901618172,0
1.1832200142155331,0
4.712364235363606,0
1.1337030615313828,0
2.541946764307828,0
3.7077373747809337,0
1.1476254705627877,0
5.833332809290917,0
1.110571089739708,0
5.299027634276339,0
0.5355808644664636,0
0.6714262934575429,0
1.9842021860058803,0
8.68293150466714,0
0.10168590312606374,0
1.2031092053348207,0
0.31665497820558786,0
2.1257871103307697,0
4.48773511338322,0
3.5274177134786857,0
2.112737723808505,0
2.80590345571178,0
0.6008825775568617,0
6.1787543048317275,0
0.2778308637839715,0
2.0517967643742434,0
0.9885112537438162,0
4.383523717597489,0
8.016250915146644,0
0.27043290118916974,0
1.1917374781575365,0
0.09886746816845948,0
0.23808346231703337,0
0.11771038214752867,0
4.74886713634185,0
0.42967225328055103,0
2.348809906759991,0
2.51577802125457,0
1.3096077370210468,0
5.084280902448734,0
0.11782467932266244,0
3.648597135418958,0
1.202531781432863,0
3.309034954855271,0
3.449071763436361,0
0.07626990712583755,0
2.0413739047649226,0
0.28712470533276213,0
0.45583291801397396,0
1.4972576034483525,0
0.6480630752153356,0
0.5380613505462954,0
0.5075932092601994,0
0.39445565574719593,0
3.9085212750151634,0
1.6499410196860134,0
5.453431453632208,0
0.5315667401341317,0
1.1088143632508634,0
1.4412527807836113,0
1.6625595120159777,0
0.0335039194806235,0
2.8133597672599913,0
0.4193511000209715,0
0.4751248836618078,0
2.006996366164878,0
21.559385039390996,1
4.116441125948944,0
0.4586507115495702,0
2.596657402384182,0
0.4977816157247654,0
1.2655884923151088,0
1.2064213431976591,0
0.8340374569505651,0
0.45351418487201417,0
3.6648583772409835,0
3.566068617836994,0
3.181315771678721,0
1.0360609091486377,0
1.3632967787452814,0
6.69629303961447,0
0.7550002155031866,0
3.3712396527964006,0
1.4844597094032908,0
0.2694651130736723,0
0.9147024096437142,0
1.4854444891874814,0
0.22909148870283558,0
0.5730565296888637,0
0.13326619809062043,0
4.6530033985204104,0
3.444353008355705,0
0.757967562731064,0
2.8205623110590454,0
0.916164263079668,0
2.260692235748927,0
3.4416221051722404,0
0.748293132129224,0
0.9824227931151311,0
4.58779215754733,0
0.9266977659671314,0
1.7703920631266612,0
0.07642093177549385,0
2.608404289707514,0
1.9963066750486222,0
0.4407194790269602,0
3.079083358872613,0
2.7356833608162416,0
1.892833664742187,0
3.02197409024606,0
0.7250830036774953,0
0.19973280676436583,0
4.642083021186028,0
6.515741113380252,0
0.9560238753413083,0
2.095425648095328,0
0.9718126593323865,0
1.1221938464570598,0
0.7368881342105257,0
2.0753513532985006,0
1.6096541276476553,0
0.16850896936192242,0
3.700901769073576,0
0.034307922449637505,0
1.62979977889237,0
0.06649102002802837,0
2.869360266268518,0
2.098521016353801,0
6.431056231426867,0
1.0183434924392827,0
3.5667674187824887,0
2.105064624550698,0
2.9686118810078144,0
3.066627454825048,0
3.583274940907437,0
-17.577790737766293,1
0.2228930076971645,0
2.520327328120951,0
0.16434495903135593,0
0.13771593876503185,0
6.612504027202942,0
2.069418831816495,0
0.02084173916230812,0
0.6024730338760859,0
1.6748867797830922,0
0.8549701068333744,0
2.1588654478933886,0
0.3543591336495255,0
0.6253735650953045,0
0.6027114408397641,0
5.989237494197744,0
0.11742687338447143,0
0.49949910903702266,0
2.1598331580223524,0
2.2849636581128214,0
0.04750989159653351,0
2.152194624243991,0
2.527935302950397,0
1.5313338635586273,0
0.22535957636643675,0
1.8338958561864782,0
0.1803176421271352,0
0.9759518412717585,0
1.424727294030804,0
2.310937158255815,0
0.8853171014166089,0
1.3438667491101184,0
3.304872276481997,0
0.2516656247711756,0
6.240438759264963,0
4.423867435831094,0
5.907485065602812,0
1.1022322737499213,0
0.4580326259344846,0
2.907863443997901,0
1.5787168368435234,0
2.392119111475977,0
4.097015679321052,0
1.0300005264810392,0
1.9479021555226186,0
0.8549308737050618,0
1.4386609008731757,0
5.312835795406115,0
0.05814698530774999,0
0.10143383634691318,0
3.425464282877867,0
2.8696183949986755,0
1.8945035818001528,0
0.5147327068303655,0
0.3160449522678918,0
0.5842125039974309,0
2.4724040308681565,0
0.9384579129581947,0
0.8822984576584647,0
1.5615637005807872,0
1.5629641161193961,0
2.1095673603659963,0
2.6015010203784454,0
5.873157808073724,0
0.39110105517778065,0
1.1453673802400235,0
0.5604132320255193,0
2.1955194182282596,0
0.8347760232149994,0
2.6534212843837652,0
3.1832235970820566,0
0.1860095406608473,0
3.29855344812842,0
0.6747577802780012,0
0.5544631652497639,0
0.9717732139116314,0
1.087136822912525,0
0.5719850904553693,0
0.014542968481162965,0
0.7506262470143304,0
3.942105921499843,0
0.10859309759623252,0
0.6157371968994888,0
2.0955192807351213,0
0.4175146657602532,0
0.3732020043925916,0
0.5261393737449132,0
1.61108832017875,0
2.084810486287178,0
3.8126234383627353,0
1.3496186506281351,0
2.5180957397288517,0
3.215425334523002,0
0.061454039039349116,0
0.5163711686737722,0
0.43032275968816874,0
1.5693865529085007,0
1.0862147959444863,0
1.1595736028169858,0
0.4469490359893313,0
1.7133125106072216,0
5.486797502101761,0
2.3216661456356165,0
1.8166008107139775,0
0.9863490651025585,0
3.4009151165608076,0
1.1232885329753175,0
2.7615506203028493,0
5.642216701658687,0
0.8807279380839069,0
0.6977027124739688,0
4.090804497400712,0
7.980255906623204,0
0.10544203881818498,0
3.1813651003741077,0
1.9268769564419728,0
1.4173015439642151,0
0.8264880374029523,0
2.49690600202192,0
2.206898813033223,0
0.2583189494824132,0
2.8442153675254613,0
3.2578223190837736,0
2.5987834469360496,0
1.432882919068007,0
5.381981928986396,0
0.8779789382978327,0
3.582383929891697,0
5.916968082133264,0
1.4551406514748857,0
0.8254546892868284,0
1.6589638664754127,0
0.33693126097357035,0
2.3829348219496533,0
1.634308622398938,0
0.6037358921660736,0
1.9760641471502811,0
0.26845859039604125,0
0.053088744229506636,0
4.0569786028518635,0
0.07115342299894145,0
0.607313851576517,0
3.821503627881207,0
5.409891064983531,0
0.33203839245346134,0
0.33040050524314774,0
6.695265219089289,0
0.05947313748950581,0
3.1051507597623607,0
7.231376616812672,0
1.090158636058508,0
0.9029109023150567,0
0.39776102880582526,0
4.812031617265346,0
21.559385039390996,1
8.681441923473088,0
2.318776970622007,0
1.8545736048611734,0
4.418419225987067,0
2.781697122282277,0
1.0773085606251362,0
1.1520156444078251,0
2.0375914627641336,0
0.6712871045833214,0
1.9656619477523574,0
4.763899183681398,0
0.6802816854328039,0
0.4190900488283945,0
1.5031642522788597,0
1.0224504843021098,0
4.143016396222006,0
2.4742805742318783,0
0.8171178173553759,0
0.6373340250630922,0
1.191526841774816,0
1.855886945318953,0
2.0209125749451555,0
2.6220508520225847,0
0.6897172372895465,0
0.8896645402734378,0
0.4509802180169881,0
0.1260207508141651,0
2.3389877380408453,0
5.835462734430102,0
1.0652514643167914,0
1.4552760773807247,0
2.2991458246243988,0
5.195055716797257,0
0.1592595811461511,0
0.7492777265170019,0
2.545022976098226,0
4.5993570086821665,0
1.7127330503220801,0
0.9157963526970582,0
2.587546877006086,0
1.316704413213927,0
0.5568340241676477,0
3.491957086283209,0
2.7393636570885747,0
0.6799160743011169,0
2.2708687307454882,0
1.933740714471352,0
0.02810583515247431,0
0.5661062798411716,0
0.42583896571946583,0
0.44465152803582836,0
0.5383984142650181,0
3.714289648265426,0
0.9621676668239596,0
1.57432685378433,0
3.636173987548345,0
2.7418201413543613,0
0.383172598866008,0
1.1457259174623142,0
6.954566585623034,0
1.0991362771397495,0
0.9803864101135233,0
2.9440943909018276,0
2.2880961795897132,0
0.4438736611278751,0
-17.577790737766293,1
4.931624928467544,0
2.3664984568015415,0
2.538292715970161,0
0.8168179369335558,0
2.898027807412649,0
2.292642380930378,0
1.3476626098356264,0
6.2121533605852735,0
2.652166480180678,0
8.66003366976611,0
1.3030466140416175,0
1.14748593627581,0
2.9246264129921737,0
0.8203569925035034,0
0.4994765483226388,0
0.15201412184528867,0
1.3264393250704736,0
0.0032270217928188857,0
0.9422247155122934,0
0.27468193020950266,0
1.1410497772933041,0
0.5669779817639625,0
2.67537063762664,0
0.20646963678654884,0
6.198611713001301,0
0.1764954756052476,0
3.4999324979454767,0
0.0952386040698868,0
0.18875770208107306,0
1.0346471264565666,0
0.5186337952044872,0
0.2911761106048355,0
0.19860181384007217,0
4.519553706232044,0
1.7203016606169752,0
1.101290808915673,0
1.0892491352061742,0
3.346129775483714,0
9.982509444530047,0
2.49562437690404,0
1.5290185887165855,0
1.7127845482405295,0
0.7855378451203066,0
1.7594968467878545,0
2.0157169578000023,0
0.42735441510093414,0
1.6130791540552791,0
2.3113555806155315,0
3.2242670450363162,0
1.8233943739737914,0
0.20291279548545613,0
0.1544237589024431,0
0.3149509024780342,0
0.48196297073287453,0
2.5968734373085582,0
2.1312024656452473,0
1.0139712196253876,0
2.287016334775185,0
0.9872148391816683,0
4.156388109464277,0
1.172872176118174,0
4.654852175247043,0
1.1521788287558385,0
5.0726270621026535,0
1.0423804270028487,0
0.0002702115702362352,0
1.830417659912558,0
0.03214972047362875,0
0.5534171488835152,0
0.5329345913728019,0
2.1497170893341706,0
2.445648420757986,0
1.762184702787867,0
0.7378220189379747,0
1.1970802330802017,0
0.550228853640368,0
5.094637198949295,0
5.141083465268469,0
0.33458354959169523,0
1.8941797163335314,0
1.836853961351988,0
2.0024689426202316,0
4.054951415853749,0
1.5514640961882475,0
5.432764775040261,0
0.0320334898964947,0
2.5880026627845507,0
1.7875366039527436,0
0.674928153516961,0
0.0651455540008745,0
0.2947683109139625,0
0.33067901354507656,0
5.737720862216797,0
2.758756234730045,0
0.21383148581951866,0
0.5270994060602411,0
6.152844715744931,0
1.0359385293847065,0
4.5615798901848565,0
0.4384394726089508,0
0.7189944328709229,0
2.502790762539391,0
0.8625324696867848,0
1.7887132352595747,0
1.6695260598063286,0
1.0639507955715795,0
1.7789693210454354,0
2.7406033928275346,0
1.3722959553164285,0
0.9222224860387254,0
4.110363892100791,0
1.4003093518600913,0
0.36274756351796633,0
2.701923721010982,0
0.2439465092980235,0
0.1077729422448336,0
0.20959182089634926,0
2.2543713784528543,0
6.599379949274553,0
4.588494590053477,0
7.2384731698748634,0
0.3678041742298831,0
2.096748645512175,0
0.24618102018262863,0
1.37226245345409,0
0.5438369284702645,0
1.1862722961145709,0
0.5245752483824457,0
4.35584238338866,0
4.159488494349931,0
1.350010414274732,0
8.514702448169011,0
0.5759315074400393,0
0.192756314374372,0
1.0642087755085876,0
1.7169152432629267,0
0.030985103883032408,0
0.4374777261820794,0
1.4604780511350792,0
4.735350978499157,0
3.1926556859638464,0
6.008941384887776,0
0.010575204153011355,0
3.546314312318496,0
1.6987692977717448,0
0.9141299369040294,0
2.6032536813643787,0
3.7542986851994917,0
0.7508558176356441,0
2.222866186799713,0
0.11403810250847018,0
0.29283572414693987,0
21.559385039390996,1
1.1602683096365796,0
0.23584804404849274,0
0.9258238791241746,0
0.7755537528908741,0
2.691789249313973,0
3.294791769330377,0
1.50592813328608,0
1.2118005264460634,0
6.820744655920683,0
1.6756188053748224,0
1.6575066672153398,0
1.171723071648549,0
0.5246089657676729,0
2.6919082149712557,0
3.1851617898213753,0
0.9557682572834684,0
1.5680840927897932,0
1.238785658860734,0
0.5098890091163802,0
0.14350550788002311,0
0.6757322093187275,0
3.0516989448810956,0
0.4516987774096202,0
1.1492764508979345,0
0.16756832914931385,0
0.1648692838106026,0
2.079110727137475,0
2.303671351275251,0
4.508549512956766,0
2.5209765777048063,0
4.187457243627895,0
0.7469945825950638,0
1.606598208987331,0
3.423765105078855,0
0.7089439953622174,0
2.7565715501728145,0
2.878185439047559,0
0.162805683597976,0
2.4656217992972658,0
7.434062541508789,0
0.2287047464450989,0
4.34268531649105,0
1.962787856674755,0
3.7472744690394206,0
1.2731037465986323,0
0.7808749112113705,0
4.292904020982422,0
7.816321147227512,0
1.6903238868727768,0
1.8463338680143846,0
2.3315760078404475,0
1.7896611043717654,0
1.769438670392402,0
7.123865996566594,0
3.172973426592405,0
3.453261110272838,0
1.7986533827635212,0
1.511822273997356,0
3.2683334917234967,0
6.203228856892708,0
0.1530958066674771,0
1.8237686682060874,0
2.492292956695229,0
4.054144241110197,0
0.5284235698352266,0
0.6954061117867872,0
0.09384958549872319,0
1.7933444089166175,0
1.6511352368994205,0
2.2228100787393865,0
0.5824365879101161,0
1.6870188960448846,0
9.45187976261356,0
4.988061227917268,0
2.123207341552274,0
1.932576189508797,0
2.5341536261851823,0
1.9474367723296198,0
6.671752570822182,0
3.4099335320187922,0
3.0789633803568766,0
1.1040559395207765,0
0.057742181504150634,0
0.43440807214885613,0
1.0371862920605233,0
3.3887844875182984,0
2.261061747859597,0
0.4220724414810536,0
2.088284825890126,0
0.6297391005231169,0
0.037195037153504806,0
2.225157101811404,0
0.9135342461733563,0
0.43593174186554584,0
1.0393290026237143,0
0.5924997436871534,0
0.5221552076487023,0
0.7165656275558012,0
7.958910950252063,0
0.5259758487812094,0
1.4127568486700988,0
4.506348616726041,0
2.1903078464275025,0
1.1256152775446284,0
2.6193269389837743,0
1.5307399923534803,0
0.30926513926418625,0
2.073184458129753,0
1.5478542261026218,0
6.907380749407083,0
2.6890069028455192,0
4.404340453406152,0
1.9311426657079773,0
0.5829700233233502,0
1.3247736128902272,0
1.2247431558941235,0
2.2876082098579595,0
1.9725175123745295,0
6.641762648513682,0
1.456726434050594,0
1.1989830640035106,0
1.2273901312655537,0
5.1999701396250755,0
3.127642301160165,0
0.16055804903195173,0
0.3026134332275771,0
4.397357404154865,0
0.23669574234562618,0
0.50090540832829,0
0.5381469918853805,0
1.1082187171813838,0
4.284027174237294,0
1.1240045133760626,0
5.895776067953329,0
2.4066011619056513,0
0.9936148600259644,0
0.14215224071984198,0
4.234216788918455,0
2.117333560227521,0
1.0863672878775574,0
2.9189600043621264,0
1.5750327776884103,0
0.8382476549441018,0
0.01832256030337261,0
0.7213549237360616,0
1.2656668111551062,0
0.5302927249128446,0
0.9841573831634233,0
0.7989133153268042,0
1.0998521355489732,0
4.591536506085946,0
3.3344002099056738,0
1.5787639283753416,0
0.0016895720541480344,0
1.2930919705894923,0
0.3442875943935289,0
1.6937146264273222,0
1.2918026967628424,0
1.5734327590864368,0
4.2559258389298815,0
2.0367169397324867,0
3.460747094215241,0
1.9451738386375874,0
1.6084369831548049,0
2.289400283625516,0
2.104123201911977,0
0.7003330422867305,0
0.5777377936274358,0
0.5412886713168581,0
1.2303833536781135,0
0.0507138376630166,0
1.8847544359725776,0
1.7535964667623543,0
0.03651075270254161,0
2.0648974244814795,0
0.30261279039467287,0
3.15720714380947,0
7.33955048033883,0
1.6791785422164316,0
2.992540590650167,0
1.3270902834208465,0
0.34614762772761426,0
3.497450367999155,0
1.9588749626794832,0
0.7007927224531659,0
2.661121899421616,0
0.4900071283202812,0
0.48271983007449326,0
0.4917539265241292,0
0.01999170180352586,0
1.790212568375924,0
2.2335000617942598,0
1.2773647491574616,0
3.889499680652783,0
4.248537904376404,0
2.0957874556988356,0
1.5834899417983173,0
0.6623420958183834,0
3.949613363746916,0
2.125129860628022,0
4.835638513443291,0
0.06964452870050326,0
0.7315893470529968,0
0.8780801884236604,0
0.17269124925357607,0
0.7043839552745418,0
0.6616377672495706,0
1.169285119355019,0
3.3089090551810934,0
1.6807491504242738,0
2.874260198017444,0
5.513308359142137,0
7.058811688977281,0
0.9007126707790125,0
2.416884808718051,0
0.8478081691640071,0
1.024447690084277,0
0.8538382542478583,0
1.988465495289003,0
1.5080871601274248,0
0.3421732254920894,0
3.5339233648661756,0
4.691468506798623,0
2.867758890821789,0
0.03974916319569765,0
5.245112761126896,0
1.6299749838448525,0
-17.577790737766293,1
1.337620370260036,0
1.3086095646540308,0
0.7032169108795079,0
6.19397109217333,0
3.8502128706347047,0
0.924779408033557,0
0.07316932521485375,0
3.9363043626837766,0
0.7275435293107197,0
0.5573872083135969,0
2.8947418392160444,0
1.612325828880829,0
3.1156625926787087,0
4.463345005357352,0
1.0691861873175756,0
0.579357295754167,0
1.6582845527788543,0
0.1365547522288573,0
2.5028484302687612,0
10.666374766102598,0
0.7414360621668652,0
4.181374232457231,0
0.6536754329921513,0
1.851739512253298,0
1.3461853327984858,0
0.728967073453738,0
1.4523416504484188,0
1.0344092631083788,0
3.0303859873327554,0
3.0718707378797996,0
2.030700670135749,0
2.030248088450556,0
0.5095128636406482,0
0.6641162968414247,0
0.04644295646082573,0
0.8227921157349545,0
1.5077176961781202,0
2.712030706887228,0
0.49061771462774073,0
1.5708994301486674,0
0.5493143696780701,0
0.8467928345714845,0
2.9059997904033392,0
0.443165415585337,0
6.733950556064522,0
1.8413079538109531,0
2.298540143144053,0
1.4622390751853822,0
0.15316605444460255,0
0.3711748765005063,0
4.271735768597615,0
0.17446629682898854,0
0.41071999102214507,0
0.1414611926716529,0
1.494482645413301,0
0.5998322299741867,0
0.559904230178174,0
0.2277515772903073,0
2.3195452469115776,0
0.06574576741614467,0
0.4236996130306075,0
0.028162936409421465,0
3.6148581996406497,0
1.5797715631871079,0
4.063713949486342,0
1.765126906366802,0
2.6607893474721225,0
8.321789221000728,0
8.488545387776114,0
4.547525242723584,0
0.247345296098461,0
2.034094132506974,0
6.240331673342261,0
0.7394449170932861,0
0.2801895328533484,0
0.6806884542147521,0
0.01812009334554162,0
0.804299250231377,0
0.8735884723566519,0
6.158617123006537,0
1.2377643727537573,0
8.212685677947194,0
1.6071734489842677,0
0.2581132391180729,0
0.13164050392784318,0
0.9964197814614331,0
2.8762096459002384,0
0.44760680958240345,0
2.2128589851914997,0
7.8390451793234925,0
5.162499968476884,0
-17.577790737766293,1
0.2654102605440015,0
0.12441238325098712,0
0.30546095750032276,0
0.84005405667426,0
1.978627598859113,0
1.1428377990827705,0
1.5876673089884004,0
1.474010302207876,0
2.316168552464385,0
1.1142105056384255,0
0.7655469836358099,0
7.4903727422194315,0
0.6735705396449087,0
0.48621091267299466,0
1.7556896662425872,0
0.012677498627077522,0
0.49643271802699723,0
0.38015747814681167,0
1.9548271382376932,0
0.032253627386477586,0
0.1944618642860589,0
1.077810102823794,0
0.5223617112323012,0
0.8337705454818937,0
1.0076869280979466,0
0.2882203073893152,0
0.6869803813342913,0
1.3198542778180322,0
0.4920977992235566,0
4.797413836801801,0
0.20476453241709008,0
2.1650551084514094,0
3.0729913828564137,0
0.0033083491924956548,0
1.052778994713051,0
0.9458138133286308,0
0.7687437041170154,0
3.9295278468293136,0
2.538341490412755,0
0.05786942782703394,0
0.5625963501760084,0
0.8108240276607394,0
6.807179265981283,0
2.7329685600547835,0
1.8001452263476936,0
0.8502354638318323,0
0.1912528647066358,0
0.4828030273882813,0
1.3772254959798642,0
5.536464991326655,0
1.405179938024339,0
2.1705053560215983,0
4.662165905339558,0
1.1627745569252905,0
1.9808310312896713,0
3.1246918196694384,0
3.833372205237996,0
2.4612781837705513,0
0.46822551442568444,0
1.3497158277808399,0
0.2301962540768056,0
0.937091182416789,0
2.3434895598603624,0
0.9768657629631529,0
0.7055687354605664,0
1.0896288317811424,0
0.0716500933521328,0
6.655066361214495,0
0.7925627024141904,0
0.4562770159857892,0
0.7862479974523121,0
0.4461851189072495,0
0.23186091471684803,0
2.100327737427318,0
2.2725377390707098,0
0.8156574067688751,0
0.11370178926528958,0
5.285929205697217,0
0.7001797989481094,0
1.3786063074019215,0
0.9927930836733166,0
0.043751881334652146,0
4.3793412303842505,0
0.4341119504207936,0
1.0720036001824225,0
0.8735365889675654,0
1.9768343998840625,0
1.3127967866259698,0
21.559385039390996,1
0.6246402247505878,0
3.667092607515483,0
0.20452312854249421,0
0.008256342269007141,0
0.16564800579777336,0
1.9513286136189953,0
1.3258444290666485,0
0.023112920406604787,0
0.7084595926742268,0
4.288250569157901,0
0.8795857668770262,0
2.5102616555304773,0
3.9556932728155494,0
6.894317992982258,0
0.4866785177170026,0
0.6110007612760178,0
0.7229316627067712,0
2.6253252562150124,0
0.8583739718961568,0
1.5502390791608873,0
9.233205310537585,0
1.8350533388715171,0
0.2500676823453026,0
0.11658532157279719,0
1.5649379875698624,0
0.38086584557024356,0
2.410457771401443,0
2.8020101774024244,0
1.203812687998271,0
1.2727063477000011,0
1.001427514184635,0
3.8563735758765856,0
0.310913502128575,0
0.1650722763598253,0
0.7216805218490338,0
2.271415572261891,0
0.3993630009836247,0
0.5559257046972467,0
0.5758127035321975,0
0.45105496118045785,0
1.2217833231284347,0
0.4247211996951641,0
0.8764656344092869,0
0.669251015379719,0
6.359575609520112,0
1.6969958187836778,0
1.2629528602084503,0
7.401434300456091,0
1.1310277049709447,0
7.082073738181605,0
0.7923429477125203,0
8.310719795333071,0
1.2737913613093494,0
0.28531934240440526,0
3.5731896332688384,0
2.1968603396196,0
0.30056830481979435,0
0.4646837666503749,0
2.199039096646443,0
1.8082920458852618,0
3.769546844472029,0
2.791292542981326,0
2.2187276640811824,0
0.8613573064975472,0
0.5971804286987654,0
1.2143612073299417,0
3.716556386444345,0
3.21309756391597,0
0.6454298485185711,0
1.1982429082379062,0
6.647927538167198,0
6.156166417063221,0
2.827015217492334,0
1.7777644665392518,0
1.1041492057866167,0
0.4508898823596462,0
1.824487020906859,0
0.12953455526715588,0
4.31862910860769,0
4.9830748881642695,0
1.3855536567465268,0
3.437944075056025,0
1.4413364990531796,0
5.267700673030669,0
4.959005137916276,0
0.3347974419829247,0
2.8412636370891313,0
0.964298613595371,0
1.7678910203915872,0
1.9947318856535434,0
0.14271148374731316,0
1.3710800115414477,0
0.882661804692453,0
5.4367564411483515,0
1.3595331011330756,0
1.9555785607810539,0
1.7066219857868856,0
4.349265469732491,0
0.8240855503129368,0
3.602182278237077,0
1.6098055247397187,0
3.437334280190217,0
1.4281537358009009,0
1.41006044440683,0
3.891604688846059,0
2.7788386763823296,0
0.1676125687953898,0
0.049735180292507924,0
0.4470732502046609,0
1.8177789231128587,0
3.4722614715571667,0
0.5452885177699269,0
0.8361835957422564,0
0.09021047734058142,0
2.7451433563797534,0
0.7131076232873728,0
2.4742170406050414,0
2.954916597418194,0
1.2214335120398296,0
5.165544635424084,0
1.2266540188804997,0
0.3342531902098994,0
0.13223621192687104,0
4.129022679479853,0
0.4207057255832707,0
1.0805896578944385,0
3.3297819446004397,0
1.0885145304484303,0
0.6587686408383364,0
3.2682968875216063,0
8.11641845066267,0
1.0416348259644916,0
1.8565429865704979,0
2.8652611793087885,0
1.9852987461415503,0
1.8590406392997738,0
0.4291786646208136,0
0.01120874313130985,0
1.6551390662828882,0
2.926223906345655,0
-17.577790737766293,1
0.708996199060003,0
1.5561649669216322,0
0.7578685348776745,0
2.166564673388187,0
0.10810477842075528,0
0.6626706958171259,0
1.6742118924920253,0
2.795888543653533,0
4.294170001320624,0
1.0629534623416506,0
3.9779135596399833,0
1.1742143760310355,0
8.013503045060364,0
2.421619023233477,0
2.5840241990428376,0
0.6015194186669751,0
3.8067804780816803,0
8.330270815491863,0
1.7544503398570965,0
1.182763288317625,0
0.16712330995677394,0
1.657260562830978,0
1.0371529133316246,0
4.495571566754883,0
21.559385039390996,1
1.7339522941968009,0
2.8894320096502875,0
1.9925215938169334,0
0.11207670403578877,0
0.7072469578490117,0
0.6524192644994948,0
4.311967417384228,0
2.663223298255007,0
4.992521554127267,0
1.6073616855728285,0
2.1971716379428163,0
0.19749789150746747,0
3.6807370124745127,0
2.4881101516118416,0
6.757936958832213,0
0.5111766315589816,0
2.624899913909425,0
1.8358160011597962,0
2.677567962865145,0
1.0299327759362604,0
0.26922108539958084,0
0.5944950934510675,0
4.617605512351468,0
5.328726938419949,0
0.4363887806651854,0
3.724311130617573,0
1.0676962595061363,0
0.5084073585431698,0
4.5530449031194795,0
2.614474697127667,0
3.1980292104563026,0
1.0359215632829564,0
2.3919685527497956,0
1.1268303898458532,0
6.197524597207925,0
1.7361737085414324,0
0.200122574184938,0
0.16677203329101803,0
0.27297197293593106,0
2.2769520510043155,0
0.8184756460838368,0
1.1523480936277641,0
1.9359126969390035,0
1.3092205487511783,0
3.2017633214595107,0
4.574662978266679,0
4.3618256312691335,0
3.641494973502675,0
2.60219275687537,0
3.9694139872198684,0
1.4501574067615144,0
1.2463733231391272,0
2.6077828901780484,0
6.695571824005758,0
3.3965489852296553,0
3.2826512275349633,0
1.6233294469662867,0
-17.577790737766293,1
0.7640577747161348,0
0.19441384368395154,0
0.7979009726266331,0
0.2236527525168837,0
0.20317889281570242,0
0.47493941155837643,0
2.4037646764284504,0
4.004259438364229,0
7.68764220398579,0
0.10979383752859158,0
1.6762139423434366,0
0.4416224256018664,0
2.1595881826872856,0
1.069705119741117,0
3.9520835344151335,0
0.13357576353471678,0
5.7381220473071854,0
3.9140129302126074,0
2.0569278744943693,0
0.24821028505813603,0
3.981750719590408,0
1.0770529061481944,0
2.0049109784636774,0
4.556210300871982,0
5.125023964813931,0
0.5692295051193909,0
5.678966787894746,0
1.1428665678523249,0
0.15060387282329699,0
0.6829471393482789,0
6.261086604918585,0
0.6551134069288834,0
1.932590727202227,0
1.155726146791686,0
4.245763502782229,0
1.3683123579603442,0
1.2542852127340078,0
4.9700939739124514,0
3.4585826106238327,0
0.32115727974305325,0
2.6286560426463694,0
1.0419360831873596,0
0.22426046104899833,0
1.2360775986724788,0
1.5122434207901831,0
0.8256711163140522,0
0.15756696476716994,0
1.6115974548455843,0
1.1995059811423363,0
0.24172407335143772,0
1.8304287032130746,0
4.652157628020063,0
5.472916592678119,0
0.38703502081405766,0
1.567206205618533,0
0.36797504264833525,0
3.379366964915519,0
0.007219618259351558,0
1.278101970549792,0
0.5550822141150528,0
1.011017143552084,0
2.5504729580667704,0
0.16493132504345248,0
0.7090840356728492,0
-17.577790737766293,1
0.3151116475563575,0
3.6162050216592654,0
1.864219766170992,0
0.5101974359547039,0
0.2856795502431397,0
0.9216434595630244,0
1.4613584607151604,0
0.5307762128651564,0
0.9670620173368588,0
6.2175240961155955,0
0.13097042450097857,0
0.3926547050137831,0
0.8077443098747491,0
0.7011126698263368,0
0.5171132148928876,0
0.5923567414359447,0
21.559385039390996,1
3.2240310344709004,0
0.7443311497391487,0
1.1488426812186574,0
2.575415661667697,0
0.5331162615635362,0
0.773552375628643,0
1.4969483794139309,0
0.3125462117344378,0
0.5272416502850129,0
2.1169450991605006,0
1.2957452520221802,0
21.559385039390996,1
3.241373336034588,0
0.8983831445868955,0
1.5978628440570086,0
5.99646785851721,0
1.7662801808080006,0
0.8993430038719129,0
0.23478574543740646,0
1.1163362608815666,0
0.5967109424541227,0
1.1920338767283098,0
0.5562318621022123,0
0.0676509764575174,0
0.3373301334774297,0
0.03122343894359717,0
0.20530826044967657,0
1.0913124966970402,0
5.569148579410669,0
2.115740207936763,0
0.14740241764628523,0
0.7984630240163141,0
4.439701939084641,0
0.6009049902169407,0
1.165350404730712,0
3.6313375356995303,0
1.128020366284068,0
0.14659054570855093,0
0.8037669302848788,0
5.1000590235153895,0
12.799381561889692,0
10.354607187737814,0
1.293235850314999,0
1.072413067242932,0
2.0923739681393085,0
1.4779706232013907,0
3.676568653490148,0
0.19413616740386155,0
1.109798081418574,0
1.0575998023000794,0
0.015284231564670132,0
0.26016069955279064,0
4.15544783553089,0
1.0978909924057412,0
0.0894669157973444,0
3.3290788025679423,0
2.763506933824211,0
3.2601232998655374,0
0.9530229683100087,0
0.7577840875522586,0
1.8102191102840537,0
0.23284653522918256,0
0.2477499702751141,0
1.1748865681970218,0
2.692955761861797,0
0.8642039734580091,0
7.186646670665458,0
2.0272159374918344,0
7.827255311634218,0
1.702715841720606,0
2.050342592290742,0
2.373897829772102,0
16.239401867015406,0
0.6419009336170758,0
0.8907628962580876,0
0.5528650110858075,0
1.1228482248799287,0
5.150473772867413,0
1.2232477602926783,0
0.5795255764043911,0
0.5280510634206976,0
7.345310766145772,0
0.4734648269662079,0
0.06585512600573824,0
1.7326262498032745,0
0.07250612898007983,0
0.8555900180937226,0
2.5659651811013378,0
1.113031780818944,0
0.4525113587006884,0
0.6021667527303999,0
1.121181842275173,0
-17.577790737766293,1
0.5040676941972703,0
1.9115870232442536,0
0.2813445678876493,0
4.791748920571978,0
0.04605829456859916,0
0.06455494184494295,0
1.2101158053269137,0
4.7224902687825905,0
0.48847874585902956,0
0.32404368038523257,0
0.39372440581350937,0
5.9881209543807605,0
0.07436455439662655,0
3.2344359513474665,0
5.236292232727407,0
1.2797257218765061,0
0.589315535830878,0
2.0324144330812537,0
0.26579460951711803,0
1.249384088779353,0
0.5686713444023951,0
0.35331823801711215,0
3.129578555824851,0
2.9963436750384584,0
0.7553603944850888,0
1.5525557384768989,0
1.6661279452670616,0
0.02210438159019622,0
1.4098325906521894,0
5.000835253585992,0
1.4805878660018819,0
2.608741119712182,0
2.999625075258108,0
0.3617588791670599,0
0.44421019007901186,0
0.3290498078146095,0
4.163015327144301,0
0.3098015255826847,0
1.1403558688080426,0
4.163021056354731,0
0.9040519919500781,0
0.5930922476936556,0
1.442557131776629,0
1.548064706570056,0
2.752150446171093,0
1.174166627152821,0
0.07266324136087403,0
2.660268647024976,0
0.03223697040013996,0
4.076317943112659,0
2.0217680832865375,0
0.18092692822768397,0
1.4606068156551406,0
2.49302743393464,0
0.2827298157241265,0
0.7064733364890611,0
1.4103728552618175,0
1.2151132034486014,0
1.9019456875483858,0
0.2757312651996103,0
5.084133118466976,0
2.204266151609711,0
0.6744983575368565,0
1.040477416028184,0
0.3108191175251851,0
1.3585607211135324,0
1.4557133896999213,0
4.39077557448262,0
1.747181617784739,0
2.067068867191965,0
2.6224534190342452,0
3.207613900420469,0
2.9165992211901606,0
0.5711182997587693,0
0.9807810572177171,0
0.19678620057767873,0
0.4605961509867779,0
2.1507730135656016,0
1.8983060046725062,0
0.09367585917976298,0
1.3352138732511607,0
0.7376845232084901,0
0.49606199464953865,0
1.5018020180738112,0
0.24215696444039275,0
3.5291225668456248,0
0.48024330366780726,0
1.9554483874329367,0
0.2821638079669179,0
0.28074745662469136,0
3.2671237617013644,0
0.7522451210773603,0
0.31254301419886865,0
0.18130056806652262,0
1.9110317101302505,0
3.638141387911464,0
3.392640902595544,0
0.1646252984028701,0
0.18780951445472793,0
0.7021704224705237,0
4.691540029183325,0
0.24498112945147324,0
0.5310409616965406,0
21.559385039390996,1
2.093622462585283,0
0.3321777079173611,0
1.1408319998640268,0
0.0110846955162304,0
2.448792908122282,0
3.251711559764909,0
3.616008547014881,0
0.36941940465580936,0
1.800171257035266,0
0.2640930008253198,0
3.8790817471570316,0
1.604969068782637,0
4.353368645480615,0
3.0413727170509666,0
2.034771993721409,0
3.2737451638693575,0
0.21941774763710772,0
0.7066270180711461,0
1.0179463453905233,0
1.7314341961080058,0
0.02503216546448056,0
1.2546754669639788,0
3.351203956263438,0
1.4730607272052096,0
4.141285751125264,0
0.4775011891365747,0
0.8159626978315742,0
3.265787981803878,0
0.5151920060685694,0
1.4467738405923687,0
3.762823307421445,0
2.674973908694769,0
1.3555297190205557,0
0.1079983000029445,0
10.585650461180997,0
0.7926333845331499,0
1.4613797546446414,0
0.038756846136900724,0
0.6289846532057033,0
0.6963922895999188,0
4.1027155981615975,0
0.08491334676095742,0
3.822405140604435,0
3.678675292668899,0
1.4372808055484523,0
0.07093713088171433,0
0.42650036890721205,0
2.55741208012004,0
1.6738728092179802,0
1.3292302440312567,0
5.023195576780032,0
4.246665581981174,0
1.6783218405197098,0
2.126940700361309,0
1.6221561443520094,0
0.5976203833668464,0
1.2392145284160418,0
0.874450506495475,0
8.734510367610167,0
4.447186639135159,0
0.8497561225936198,0
1.4718219940914796,0
0.7698921625038154,0
4.358904581400633,0
1.1220958653652446,0
0.04855878761007025,0
0.5981879243396291,0
0.49058155337324333,0
0.4110271991975167,0
0.3620942056886391,0
1.3927853305550928,0
0.23403707580807354,0
0.7138482069600796,0
2.960698379598127,0
0.3187697824378313,0
1.9801877953320175,0
2.3676626154747553,0
0.7001571595779589,0
4.772203610925437,0
0.5036876569778969,0
3.268848300633969,0
0.49117205680457854,0
0.4188117168386427,0
0.13709976598229842,0
2.7563485777389576,0
0.9436477066401627,0
0.5953182958544637,0
2.596196186940119,0
4.739771475050634,0
5.135580530253295,0
1.8847412734345461,0
3.021374467939861,0
0.619394295421622,0
0.026300602354149324,0
0.24700361176510874,0
2.3239749959729985,0
10.40956968608434,0
14.330871931203733,0
0.16455383044030225,0
0.5321671919952989,0
0.07648784068069242,0
4.0390958878181324,0
0.45761358501298083,0
0.8084797469751327,0
0.37174705062916225,0
0.019137801946487523,0
0.8267998041028005,0
0.021739378617169618,0
2.395450362212798,0
1.242178369051707,0
0.2703821747749678,0
3.8529526516220836,0
3.5166154660555082,0
1.0155342114693737,0
0.18185093351818601,0
0.04636802420041191,0
2.3528171807699456,0
4.0324645517129865,0
0.32803288092251637,0
5.158176804344462,0
2.287062912670592,0
2.0457548492750033,0
0.33746787978969345,0
4.47795562043856,0
3.817229103671701,0
0.14874371141605733,0
0.43493266993720775,0
4.462749679937025,0
4.586927349746356,0
0.7392017609623134,0
0.060673046422580985,0
2.363550302657522,0
1.1814767668486272,0
0.9003141721821383,0
4.462931942748454,0
0.5497597952777734,0
3.0854659948894065,0
0.9521008450586982,0
0.8016495631674585,0
7.158767197020205,0
0.09145341686751027,0
2.2217979156257375,0
0.5095575883877532,0
7.54362689578224,0
0.07747618657358082,0
2.703862102767375,0
0.9408462030766045,0
0.4271927397528086,0
2.4584449472755545,0
3.9559704803870273,0
2.5165755311018665,0
0.5591085083277755,0
2.6309668154106345,0
0.29494770264459297,0
0.42856752991421454,0
1.343922605311946,0
0.02006217593937142,0
0.5045411163420951,0
4.757378938700019,0
0.3485612213696865,0
3.0529547020803323,0
3.8704896957006842,0
0.8431635250702806,0
1.7112858962064814,0
3.7639585866535357,0
0.22555013198261126,0
3.1807439936611517,0
4.0502505787421645,0
5.300977638502184,0
1.5529640718856181,0
4.825272184049289,0
1.758823674813951,0
0.437313981664202,0
2.2260192135329935,0
1.2127359647106295,0
3.392664992344177,0
1.985036867323406,0
1.229205568057402,0
1.311815577686203,0
1.3673309499335742,0
4.457507896533952,0
1.0617625751534392,0
1.2820249168776938,0
2.148274880883741,0
1.4691522530805383,0
2.5856580750332783,0
2.2823897625620297,0
3.8975244958053774,0
7.429106432861999,0
6.528686521432113,0
0.72970095962963,0
0.3735731323905445,0
1.0188115441439147,0
2.24509186630948,0
1.130596934760002,0
-17.577790737766293,1
2.0669442401041342,0
2.3740095315697087,0
12.634016037430085,0
2.319743841272802,0
4.206317263891334,0
0.05083640584702673,0
1.914580903627647,0
3.920478814327864,0
1.7188530081705689,0
4.519211970352353,0
5.128126424088803,0
2.1262141708422804,0
0.36787670109705395,0
5.028026644358608,0
3.210406260793685,0
9.489526037840049,0
0.17273151982037208,0
0.4737253969067683,0
0.02152759225095288,0
0.8342476420474693,0
2.7906015851349193,0
0.3383988446378685,0
0.6596813483502469,0
0.6158808452216638,0
1.450278369520445,0
2.0285633149401234,0
1.8101288005358669,0
2.8404060406683906,0
1.4388149348705412,0
0.2592509353022364,0
0.871381083485082,0
1.9772711920851505,0
1.319235199404525,0
3.550750264957574,0
6.018526008988224,0
1.3620329891833007,0
1.131053865184309,0
0.600943704286724,0
0.327553832585222,0
3.649310738246073,0
0.4741220216537775,0
0.36815386841712033,0
0.5282843034236834,0
2.5827593603599093,0
0.7784847014775873,0
2.91395563263927,0
-17.577790737766293,1
0.3542011942543931,0
0.8953967540806442,0
0.39596173527548195,0
5.00397901732068,0
0.45416506967996717,0
2.0070483689530727,0
4.474556247582622,0
2.1360813259515155,0
3.2979445037230715,0
1.5573370047216843,0
2.6298664778559986,0
0.31573054039180426,0
2.721260388599413,0
4.697521324789348,0
2.4932361528275524,0
0.56609539009376,0
2.7657574614251135,0
1.161790839387126,0
2.0391978668136335,0
1.5013836464670545,0
4.309970716500419,0
0.45916635377640797,0
0.7884260234670698,0
6.947090300037523,0
1.6003058921553865,0
0.3654938151598045,0
0.6881612728549082,0
0.14099346890901757,0
2.5984088945322106,0
0.3755207233395004,0
0.5932445637436198,0
7.129104534932535,0
0.0280582375060423,0
1.3333360908637812,0
0.4860880288975079,0
1.9563547271787547,0
5.943998697451409,0
4.61697818928928,0
0.9102478646639791,0
0.31239131885833404,0
1.092894930534309,0
2.2201645671047996,0
0.021085402712934718,0
2.6505396939206496,0
1.7025761759478013,0
6.541143212749035,0
3.833861439600891,0
1.838048687703961,0
3.025833412241088,0
1.3533793567049197,0
0.2006644806601372,0
0.9627228009037504,0
0.07672853006857648,0
0.1425789873176614,0
0.8700519497986053,0
0.793451376753629,0
1.2909762436246677,0
5.443972065010589,0
0.7487117114104821,0
7.392287107941002,0
2.62126198353983,0
1.9258848895266594,0
1.9118127678465036,0
1.5932780071144224,0
2.382412800207614,0
3.8006951680774645,0
0.1646075837334018,0
2.95545643297276,0
0.698179512708342,0
3.8442907134023394,0
7.832678830084368,0
3.7092219373239907,0
1.239673299395556,0
1.2753690350154345,0
3.9037074355101806,0
1.3382685129082315,0
3.2721733637640016,0
1.71761177993367,0
0.890007003493279,0
0.2366871894095114,0
3.218750478785053,0
0.7072850440880956,0
3.364064183910862,0
1.1659490583233576,0
0.78688977685352,0
0.44612636770155456,0
0.47773408918597654,0
0.24042167028309142,0
0.4518577863596086,0
5.055136254274254,0
0.9463202294596572,0
5.1222459165108685,0
1.3230772563875475,0
1.9496230470603517,0
1.2120278275504426,0
0.7635082319135614,0
0.2482656515271912,0
5.420392262742462,0
1.834804187863003,0
1.8176651123024712,0
4.318900334128661,0
0.9216307592958092,0
1.4170069555865812,0
5.075436629371131,0
1.5091600196237476,0
1.199400955211357,0
0.4405348743951602,0
0.416590857065085,0
1.127049086892418,0
0.18045520430512127,0
6.928913351771882,0
1.9434290244561527,0
1.914911539702541,0
1.2028698277532592,0
3.7021801999779855,0
2.8965187843133804,0
6.986898585637189,0
2.585388108300266,0
0.12934916549851214,0
3.6875121378040254,0
1.1427133094805568,0
0.9878399069603094,0
0.513891191577944,0
2.542346501964141,0
4.2551315785190384,0
0.985461798486254,0
1.600077039917129,0
1.947574381869193,0
1.563803316688702,0
1.5662949258532504,0
1.1482606438535132,0
3.089942012880813,0
2.2121136277356825,0
1.1856012691854154,0
1.4525228918059039,0
7.743137376331684,0
4.795076131745654,0
3.338595403804172,0
1.5533432344058693,0
1.623763478262408,0
1.2231325501533172,0
2.4007410347842897,0
1.2058938006941868,0
1.0389422025377741,0
1.5076766132976254,0
1.1537265966321548,0
3.695867389157152,0
4.110424357448593,0
3.019433028477219,0
1.0031137919493305,0
2.7274691083419524,0
0.7282358414782557,0
0.9967304312927449,0
3.3859407550422636,0
0.7784115592176546,0
1.48640499792236,0
-17.577790737766293,1
3.4629265001699743,0
0.5521938293159765,0
5.662656004583994,0
2.0142202510283336,0
5.637722367608225,0
1.338608887047349,0
1.394685393813472,0
0.18125508323894213,0
4.2018724403804875,0
4.037890999417936,0
4.807973445637223,0
0.12563026427000432,0
0.6033367564104722,0
1.5209543071634162,0
2.848827012959807,0
2.122312822901436,0
2.990390670450474,0
2.164395858808632,0
0.787772749697853,0
0.6457939703520936,0
0.38429584919094,0
8.086440328382048,0
0.2419884897375862,0
1.703045047948506,0
0.5283348782269572,0
2.10832475107355,0
1.0920816927007955,0
2.9410515983951657,0
2.333553930212254,0
0.5086755487059765,0
0.7290283085121796,0
1.6140350642679298,0
0.2704535581330854,0
1.2896561978744796,0
0.7315407916303696,0
0.7257446562828355,0
2.0003230439066155,0
0.9298553610462392,0
0.7364709566033669,0
2.600730739990665,0
1.9382221883450879,0
1.6133696928292325,0
4.039643535311245,0
2.0825180650500124,0
3.5876813922404835,0
3.008955824653895,0
1.2140708961243363,0
0.6744550658250031,0
1.3327925092750441,0
0.6699786677993012,0
0.78473270143721,0
2.2405218162249736,0
1.6937509361046548,0
0.5704881071135881,0
1.4505490261945613,0
1.6481574957664653,0
0.3016721944957031,0
2.56698629389069,0
1.4666471107178884,0
1.7350549554266796,0
4.434393803748241,0
9.784994606214054,0
0.9440958715530154,0
2.6112782179391227,0
0.23097356412093706,0
3.44309576555813,0
4.012956139803731,0
1.7526587791715793,0
1.3159488619619886,0
1.227920545815658,0
0.0937147562432472,0
0.5682043647575347,0
1.380853135310809,0
2.9038983739738202,0
0.6983030735541355,0
4.119194638980742,0
2.2978135628863536,0
1.657352327517915,0
0.2755728781707015,0
0.8748877691948752,0
4.53415600260487,0
5.073954801243535,0
5.2572958040466,0
3.0117821381174505,0
3.9250658466740393,0
0.7675014313889559,0
0.5467174165709024,0
1.651687153453146,0
0.6192674333954772,0
0.4244627363956622,0
4.94392259110037,0
6.04837120109666,0
0.67770940949549,0
0.7624050229488504,0
0.23746904159513027,0
1.1093053382178137,0
0.2620039892966946,0
5.59629728751894,0
3.5874015879469967,0
4.000369756424204,0
0.05789489700052995,0
0.006146214099675704,0
0.8442405990752666,0
0.20072585368078869,0
1.0170401386588028,0
0.4124750397593616,0
2.8789759718769408,0
0.1053111479406794,0
0.007698759501139221,0
0.04582646020763746,0
0.05992099282275135,0
4.627872986744197,0
3.3948547255773884,0
7.666631030713947,0
4.526208267853153,0
2.793372359823959,0
1.9021933910953126,0
0.41174244541107363,0
0.3664526454554083,0
0.035548348080146494,0
0.3643275246784967,0
0.027629016103810945,0
4.23464526812559,0
2.939106495586203,0
0.5512734521050482,0
1.2942053677755285,0
1.5121500344440808,0
0.5784508756971963,0
1.111365319675413,0
1.0692061076196,0
1.8599323605635034,0
0.8258946968074923,0
2.486743881676946,0
1.026950125208223,0
1.6357066871354349,0
6.322182923821399,0
1.2423321999364132,0
2.4309380252577464,0
5.409943036553793,0
2.987957606218477,0
1.9529005183661534,0
1.4128813153839874,0
4.872113104486677,0
7.40998310045137,0
0.9273431197283599,0
0.49523999035261024,0
1.3323401791531608,0
1.1009883860303875,0
2.258403188789387,0
0.1366496886087316,0
6.322727096014418,0
1.2616630306694139,0
1.01038861664984,0
0.11660673795351476,0
0.10743887065749147,0
1.6377109078498508,0
3.9056377846817028,0
1.083266303800898,0
0.13912478583490884,0
1.130219457816726,0
1.114835578969594,0
1.8924077116448568,0
0.9044208945991526,0
0.028207593486997737,0
3.3895963801408127,0
3.328460962684196,0
4.919857492592541,0
1.220747417816337,0
2.4881051725106285,0
0.9798152214928061,0
1.7605506850937243,0
6.193716432835891,0
1.0409655537895177,0
1.0427411926169927,0
0.2725042319083548,0
0.7714115602572555,0
0.21073908073515238,0
4.794665568026294,0
2.4816276783215216,0
1.4885427055289266,0
1.9010770723206514,0
0.3129551787766324,0
2.2322695837864317,0
2.6838707927588827,0
3.320308894648929,0
0.11911938105231541,0
1.034162471507003,0
8.459213834091086,0
2.489622772233405,0
0.9664489346723337,0
4.030775186310098,0
0.1026135662174407,0
2.0938252599542264,0
1.647366268802389,0
1.1870326845342394,0
8.294446214116086,0
7.585111794317291,0
2.998277360235456,0
1.4956156403264131,0
2.4091477086265454,0
1.0481647506174532,0
2.382329616541155,0
1.6940683992687795,0
0.19467044164283187,0
1.633476552499794,0
0.6764549268529184,0
8.021220260279176,0
2.295158946757086,0
0.1771766614591962,0
0.2633293152944689,0
2.595402408001993,0
2.4087346158229757,0
2.9352073304255115,0
0.07172089787691176,0
1.724020488747345,0
0.5617839420879747,0
1.580577044564442,0
3.814726785643992,0
8.11832716907717,0
2.3340650486474135,0
0.9600637115453232,0
1.9041195721132576,0
3.5289650421307304,0
0.16976219193217304,0
3.2683803033849217,0
2.2882684875155666,0
0.8033786614914177,0
1.9332947981326412,0
3.052878962989928,0
3.295818619436661,0
0.8809373622428361,0
0.1553059874416196,0
1.063235427606595,0
1.0623254384353107,0
5.4284998907771,0
12.147664103273545,0
5.300894074436663,0
0.18558356344163673,0
1.0183752231943624,0
2.0874855575394426,0
4.576807198599938,0
0.8495128852437323,0
0.7108157323852893,0
7.596521399410361,0
3.766399502209961,0
0.7463960402836568,0
0.04739290507660261,0
0.08765720710444626,0
1.6458984374685253,0
3.184656320928267,0
1.2141311985156973,0
3.4143466766037,0
3.440355494723299,0
1.5486329565393104,0
0.10479160033855657,0
0.8531205804259877,0
2.893655553181304,0
2.097892132594483,0
1.6099149306200182,0
1.6120063764930352,0
6.912601956822561,0
2.2886024624850605,0
4.818061965180991,0
0.1808202838806777,0
0.8233212107659251,0
0.7465468537533371,0
0.678692096841858,0
0.2616712620624812,0
1.8708509973098184,0
4.334812983732023,0
3.221082612090179,0
1.289240827119273,0
3.9187579553214302,0
0.40425164477291253,0
0.47106755582068005,0
0.3519216526757762,0
1.6137139454323584,0
1.8831057244167309,0
0.06923661297189282,0
0.06699275016932195,0
0.9018359779760423,0
0.11523081840179818,0
3.0604255440294903,0
1.4700748928264136,0
0.5567444246401952,0
0.6957483350115458,0
1.2170980491439785,0
0.041012021784117815,0
3.140211456617701,0
0.6281614204070243,0
0.23818809961804932,0
0.7339104884720762,0
2.4381824915453794,0
0.2673402952071614,0
0.20335003770845772,0
1.6050205944098752,0
0.6731339559332843,0
0.05091174479613536,0
4.650576991551879,0
2.711503407786863,0
12.291681699977666,0
2.160001682171641,0
3.9633042119297057,0
2.2273186399554508,0
0.5622376247296307,0
7.872617878876038,0
5.23050894004626,0
0.1456426584523541,0
1.5238364888601925,0
0.26961430711461176,0
1.5924927397871456,0
1.4370587199248084,0
3.441493493336404,0
2.2870614418485102,0
1.7710653371669622,0
3.7546929538017038,0
4.087450168705508,0
5.329960653270024,0
1.8049736753264285,0
1.5786680456366582,0
3.7309059248183107,0
1.6609114878167723,0
2.315556447717669,0
1.6533198136422331,0
5.528512928203805,0
4.582818530636568,0
1.005995129867622,0
2.3232386494514996,0
2.3729943181390865,0
0.6305875880149671,0
1.9895500703940936,0
3.934523113772962,0
0.6218237056853364,0
4.899774557656346,0
1.5084243866338218,0
2.5942874568276757,0
0.400845652608659,0
4.736522069737324,0
0.5780312107523862,0
0.43486103046374625,0
0.8879024784561388,0
0.4803312079451492,0
3.685662575464954,0
0.8023575274116133,0
0.6009548292327773,0
2.7651377593276516,0
0.6450525139604516,0
1.3776079991750234,0
0.6049829892670429,0
1.0777048465750443,0
5.4331542443794785,0
2.6077484573604495,0
0.3158118317231123,0
0.6847618481826587,0
2.968955817487665,0
0.7353097521471922,0
4.100411048122764,0
-17.577790737766293,1
0.6157535534487872,0
1.7274960409026152,0
0.2554379903435876,0
1.569825905520461,0
0.49534289847105933,0
3.724527050841073,0
1.9149309936657541,0
2.1723155374310084,0
5.840355759380113,0
0.037331379096808344,0
2.427833747968138,0
2.2506455717511082,0
3.9820809218471833,0
0.08375726231711689,0
3.8338818059620356,0
0.21439562747729843,0
1.5372054894230407,0
0.6949743375626299,0
6.229884654190133,0
0.2998431480340035,0
0.19594668791436304,0
4.446242055502269,0
0.8009409549836903,0
0.19670367272433115,0
3.1751576761067035,0
1.6580306535528517,0
3.3190995099275415,0
0.5707927951671321,0
2.98749450953111,0
1.0620859312420423,0
3.2969964019122693,0
0.5225772887072738,0
0.04759124208435001,0
1.3049480458932663,0
0.48862312670392777,0
0.05905651599036808,0
0.06962632740121938,0
0.8753689453322528,0
2.127538228623288,0
3.147850393660712,0
0.687354844068393,0
1.526337941935284,0
1.0654186210275447,0
3.350534091779466,0
2.2723226075927054,0
1.553708741212955,0
0.3785711137139097,0
0.5178490321972857,0
1.0095820340707404,0
1.2514344426433215,0
5.527170755729547,0
0.9851559045936343,0
0.8828685184558743,0
2.132692164592194,0
0.8136386246948641,0
0.2941597811862595,0
2.54731693717049,0
0.9960283738747454,0
0.6669700441031448,0
3.6842410153441905,0
2.7371648702598708,0
3.442757485152615,0
2.766886013323716,0
3.3736635076491015,0
3.949411647264391,0
0.7474122006728844,0
0.6154224870817027,0
8.395151287337471,0
1.5613517710719234,0
2.479449213758257,0
1.1844734410084952,0
0.21492642002813697,0
4.407660561802867,0
3.353325166509617,0
2.3459236497376352,0
1.850339235334125,0
2.236522232361308,0
1.567282826995051,0
1.16722568675412,0
5.110725132251304,0
1.322978166569602,0
1.2109387681313646,0
0.43080679719346077,0
2.598929476623256,0
2.4080986533909052,0
2.785303887701677,0
0.004785412127468278,0
4.555543775122384,0
0.6352557664915093,0
3.757247907454437,0
0.872183334494624,0
3.7063535962145715,0
1.157160718072633,0
1.691286417943494,0
2.218919670726444,0
1.7443011616468993,0
0.5007917197747054,0
1.0593732855165945,0
1.0953261549858084,0
0.37615915387542465,0
2.596832386944844,0
0.057470773055362134,0
0.38381412164462947,0
0.8536760378321847,0
8.674446587717584,0
0.8028204613869246,0
0.1424120494273379,0
2.5058018371047015,0
4.165087835012207,0
0.7933982542782391,0
0.5577670974059376,0
0.08826467917989642,0
1.2382301559415003,0
2.1130602071158875,0
1.4831824377023057,0
1.8225485054216861,0
1.569188477795523,0
2.984569300800934,0
0.4337881196637093,0
2.299914107481615,0
1.3344614301418432,0
2.5305008791600696,0
3.7959167219121714,0
1.2850242431687524,0
0.5202945238851149,0
0.19571349674848149,0
2.5249219251133375,0
2.4006312947512853,0
3.385256615231603,0
5.6676364077820445,0
2.6490348732902262,0
0.8431358515647336,0
1.7941018097985622,0
0.13412110332468366,0
3.4410862313108623,0
2.946280507914351,0
0.27343020205874685,0
2.3072489699101735,0
3.981067180633495,0
6.977339705543962,0
1.5644493926694958,0
1.7807713652341939,0
1.4703987486705437,0
0.2820504686294373,0
0.9479933132465939,0
1.1086260141353808,0
0.43540054426072555,0
1.5234576017303723,0
3.07535462778047,0
6.725624622946558,0
0.8227015210678089,0
0.875800096023185,0
2.9564271675199887,0
1.8270266552780732,0
0.5533659987131395,0
0.7355133075991297,0
1.0415564958758912,0
0.24122933924714998,0
1.659163679265416,0
0.08355838688286976,0
2.511676255509745,0
1.3206070179988105,0
2.4170526987806555,0
0.19028103324350207,0
6.416736276403205,0
0.22439653305756618,0
1.3891539859683701,0
3.374384737961687,0
0.6283116407679439,0
1.7737354933169678,0
2.8986571628125817,0
1.5989702866595172,0
5.166149632894485,0
0.5692658109093944,0
0.16475435334009092,0
1.7383202054783389,0
1.2116298338078881,0
3.476254950422978,0
2.1426591401503834,0
3.6568427998619746,0
2.9286990805992255,0
2.484303456073773,0
0.5573976397966375,0
0.29153929247339666,0
0.6529031148223631,0
3.0463672440564413,0
2.9691572484127504,0
5.827536571071789,0
1.148447471533571,0
1.2650696687003318,0
0.8653767879079272,0
5.994184523124456,0
1.3309428085371586,0
1.752074146353237,0
0.3874010310796534,0
1.6291019213058435,0
0.363827911020565,0
1.37152043944086,0
1.3811926732534239,0
0.9942757952612254,0
2.0941901804883263,0
5.66645149452496,0
0.3217094964777429,0
0.8965686779226689,0
0.5975139178920149,0
0.053156665567228284,0
2.0644301786534753,0
1.0718306834212705,0
8.695925926136004,0
3.9980240262794755,0
9.449759554078184,0
0.07294967033883976,0
0.3535661666538961,0
0.032697338089506554,0
4.362392686879338,0
0.5560279383196429,0
0.44921710956521393,0
0.04665337946646663,0
0.1630021858489521,0
1.1682514677714848,0
1.4636160856804779,0
0.6772241521111877,0
4.541732866965365,0
0.16498107664896106,0
0.8494576601177907,0
7.70916124397782,0
2.239385148529295,0
1.8654762121678856,0
2.6873023610396376,0
0.3910835922669651,0
1.3947074860504052,0
2.191085206592463,0
0.6918697486192894,0
0.5048031133982053,0
2.007001784033265,0
8.204305655117768,0
3.023862546369639,0
5.836462127584506,0
1.8857434553197747,0
4.338395390257494,0
1.3437386352232519,0
0.32857579715174934,0
0.7319932885943066,0
1.3714896647041448,0
2.2707180486292216,0
1.8461229163974056,0
0.5748305860953185,0
0.5764859127438257,0
1.277898911735542,0
2.3873660946478754,0
2.732277993226889,0
2.512808426916505,0
0.4999788169071719,0
2.7700984622307407,0
2.554214732463208,0
0.3421863724417229,0
3.194141426877605,0
0.7667346521246998,0
4.57916447131207,0
1.774184788282232,0
4.823467941543098,0
0.6378668456658276,0
0.9111557299725567,0
0.09134171881110034,0
2.3272439618272287,0
0.5646906097943145,0
1.635960461269497,0
4.129745104917585,0
2.1391810592631297,0
7.278866269578993,0
4.441512320514075,0
1.576762122047491,0
2.4390760161900844,0
1.2483997346176094,0
1.8855822332517844,0
7.666828154730343,0
1.0175025125939618,0
2.4139211690393325,0
4.213658079565154,0
0.11843410234838422,0
0.32330566318894743,0
0.11886220546486582,0
0.958340599002881,0
0.6495924690924014,0
0.583417912743155,0
1.7755925605639034,0
0.8471804525351618,0
2.9473737862597384,0
1.3801229069267635,0
1.4839574271552267,0
0.37657399572586814,0
2.662127913116642,0
1.8183311582935675,0
1.1217878306919846,0
2.713198039052334,0
1.349429081894558,0
1.6960125312027836,0
3.9193333861349022,0
2.61141494655603,0
0.23303919995473982,0
0.21997918235362912,0
1.9276053329068101,0
0.5958425937879153,0
0.2667426032230235,0
5.099595263857422,0
1.983021598342068,0
0.5736256668269023,0
1.3246523018478524,0
0.9419626169580545,0
0.15498422073037488,0
5.308957017913932,0
4.973497601444813,0
3.5060159016225687,0
1.2634610386170397,0
0.2665049209508012,0
2.142425533321575,0
2.5679802410855026,0
0.5588777649055293,0
0.5224892093679657,0
2.056858361629301,0
1.9967415546217595,0
0.3545443682984646,0
1.774536931608763,0
3.733514097916428,0
0.41372372349548076,0
0.621417969613487,0
0.27235179866459086,0
2.4231888646293953,0
0.8626005029007942,0
1.4874177172379477,0
0.8007573926913769,0
0.733190844592647,0
0.39156465707063676,0
1.6304930030176592,0
-17.577790737766293,1
3.607925886510763,0
2.0240136487514726,0
1.3672191819081239,0
1.0341448566228075,0
0.14985367246174602,0
1.7154304041797734,0
1.4636682251236346,0
4.615787899797475,0
0.6428530574428492,0
8.00748459096409,0
0.6933551733691188,0
1.6869715990265959,0
1.8869539406935836,0
1.8947403952594453,0
0.2188130676061149,0
0.3674180675776627,0
3.0314247495317046,0
0.23892774229774974,0
1.825196450421259,0
0.49008055489290303,0
4.6064046711331725,0
0.9489241369072848,0
2.5882077014630602,0
0.48200687222885796,0
0.3101052086941102,0
3.259427259771065,0
1.3950296428142661,0
1.3883354790605398,0
1.5440951043308866,0
1.02943746938529,0
1.8044932801418438,0
0.8197092466719516,0
0.7046823515444549,0
6.185491962253604,0
0.04591342423289149,0
0.45968516184281305,0
0.19660913034101726,0
0.9363856018723599,0
7.264024004420656,0
0.48870525065597603,0
1.0428126209891484,0
2.7934629133069477,0
1.425562417572518,0
1.1323825185792684,0
0.2766649066243429,0
0.6374310084155692,0
3.5043405870325075,0
2.9700987078415637,0
3.833967175644356,0
6.849304887420076,0
0.10756819722221496,0
4.909272282481696,0
2.3803271223311593,0
1.698429363040669,0
1.7630734236127867,0
0.20917259385416298,0
0.9360346150609379,0
1.0428593008916478,0
0.8045296632473895,0
7.2926931340936925,0
2.8249770155959313,0
4.420178927031727,0
4.177125227602436,0
2.3341722204392914,0
0.4403069755871904,0
0.7411451092870643,0
1.0229516088334993,0
0.8813147104388521,0
2.041956237950477,0
2.1642861145904777,0
10.27304927032989,0
0.08199266098885405,0
0.28706308956757187,0
1.7258313585528764,0
16.66774318620804,0
7.898962535946176,0
0.23130661206790054,0
0.5877020052207562,0
0.2209078867183576,0
0.3197576062885578,0
2.221974178938974,0
0.30807987710296325,0
0.6426890513381559,0
2.7254434954133213,0
0.7350089718082086,0
0.29952680298708584,0
3.1539313695339706,0
2.230949641507742,0
1.1588681739712954,0
0.760655499910413,0
0.8246860945555465,0
4.458152051299614,0
0.5445845493850265,0
2.2476264601302898,0
2.79517994746877,0
1.1556154058167099,0
1.091561788684843,0
3.6142169781943814,0
0.3300522386235045,0
1.4302669111425321,0
1.962538822444587,0
2.0671665168489457,0
5.4049219564631095,0
1.193212745654517,0
3.3139319931436813,0
1.2064870041145137,0
0.5611059118430592,0
1.4545084568209194,0
0.5033163636629872,0
1.0222020074199007,0
1.8181628466323922,0
4.409351485869867,0
0.310642682834298,0
3.0657349715500035,0
2.4693352586949775,0
0.09838779856810002,0
2.0355714123788227,0
4.346532261768993,0
4.768336780517294,0
3.6986105285563906,0
0.7268507082202607,0
0.22179055206254036,0
1.217584014737051,0
2.446629520924426,0
0.05622628543579109,0
1.4183660487659222,0
0.010458636234134297,0
0.8206118453596222,0
3.9148414369498292,0
0.9630963176681299,0
1.1060583200533196,0
2.5531865384148493,0
0.027477831313961434,0
1.4191022204879407,0
1.0355597924254392,0
0.0248546632177693,0
1.7765357934297348,0
1.6481486129972054,0
3.3577810077182435,0
2.308817661536881,0
5.438334321628778,0
1.143477274834505,0
2.1717130741365005,0
2.2154061592323737,0
3.0966695625169502,0
1.3412761590970141,0
0.2549886861423074,0
1.2127568572305625,0
0.048735715137060064,0
0.02207136572390349,0
2.5429020217704856,0
2.8277718886733765,0
2.002565511665996,0
0.617537973034998,0
0.07440806390377308,0
0.6535390641594004,0
1.9974153205799554,0
0.7678380545373898,0
0.5921413100607502,0
1.4146662261678187,0
2.451197534099592,0
2.574104523076772,0
1.1259251755762496,0
1.0594334889537516,0
0.2759174618330852,0
0.8432990569185008,0
3.2393884090050338,0
1.714455026909366,0
5.016903798061842,0
4.566307304629031,0
1.122708981120911,0
4.247238724756851,0
0.37924966450022707,0
0.5609828697613363,0
1.5952173094202002,0
1.2599254472815586,0
2.7659301312065225,0
0.5446379644637442,0
4.221038012391853,0
1.7288662703972528,0
0.7839495987699593,0
0.06805193087466092,0
5.35277585000011,0
1.0827079679468625,0
0.7328601535547011,0
1.1101291317543451,0
0.31787113460277105,0
5.107331070823864,0
2.300653812156081,0
0.04643750282045209,0
0.10532700922194844,0
5.626053909125141,0
0.8285920716065687,0
14.885686795927397,0
0.3037898976825395,0
6.028119540496559,0
0.949811971335648,0
0.5960895266565649,0
2.4407753021793055,0
0.6212119654263247,0
1.3473735662719626,0
1.3612235514770519,0
2.7006103284684726,0
1.5606400705731116,0
1.1827785888579303,0
0.18604213182870788,0
2.104632614077823,0
1.2262279491712764,0
1.407145067730406,0
4.695431234205197,0
0.6591814220377449,0
1.1864069212170059,0
0.9799527264123843,0
1.0638866859251577,0
1.6383172411752098,0
1.803324211271837,0
0.14821565807938955,0
1.1003593634029638,0
1.8540255070848783,0
2.155134585697547,0
2.3942462251871874,0
0.4513560419713022,0
1.271540349393558,0
0.8941251561349406,0
1.4560277286139929,0
1.8958614224580541,0
8.211613049607967,0
4.174721243850075,0
0.6762885983810722,0
1.0530290016263582,0
3.2786001866641556,0
0.057109622590239946,0
0.12546125929585245,0
1.1117275838923715,0
0.13457863486468452,0
1.9382587873642236,0
0.1154589537471785,0
0.20921360636784636,0
0.1746909841037088,0
2.465268969535449,0
1.6633870188943527,0
0.15951610895815302,0
3.231632352487807,0
0.0058129175785950294,0
4.105508939742988,0
0.4922714678713082,0
2.142213992867132,0
1.4525226676789154,0
1.437850872279922,0
0.5537941147358572,0
1.1106027342879359,0
2.7316505860949265,0
2.652253363020866,0
0.38006269776431895,0
1.0081812400672805,0
1.1984309414006968,0
0.9872720876958819,0
6.087794044692909,0
0.02654809250323267,0
0.8110722393728635,0
2.339824626827501,0
4.290398039442689,0
7.29294473223137,0
2.73549996065042,0
0.5361577577705969,0
3.2121017487864716,0
1.6977507671820933,0
0.3261530473498862,0
0.5474492861873181,0
0.6983037346316412,0
0.9044198121070868,0
3.108472389758432,0
2.3240280964289393,0
2.3199579276709987,0
3.4128817170889776,0
3.148259466244725,0
0.6107210550482228,0
0.899168381436751,0
2.557386663862711,0
3.484386527339126,0
2.6651649823631787,0
2.2453886029486303,0
0.882401898675252,0
1.241227748295336,0
0.22074539280553093,0
2.191928969212194,0
0.4068522841455252,0
4.168127982033206,0
0.12848497812871362,0
0.17735816068975258,0
2.2771319133685473,0
0.7335100272758103,0
0.7626423183570061,0
2.139499731645895,0
1.6634392726826512,0
0.8187103464666797,0
1.0669535242120882,0
0.2678264201290566,0
0.5078190644103453,0
1.669663955115955,0
2.4968113584059224,0
2.2629675569766494,0
1.6176709909155458,0
2.4756529707808475,0
1.0226716981120392,0
3.6650929931814082,0
1.5250188400775244,0
3.364198296958139,0
2.4765318395638074,0
3.5220208205932173,0
0.15127961612534574,0
0.23013869524052558,0
3.4847482421847134,0
1.9454494031791219,0
3.3069488927327537,0
0.09405514381696334,0
1.313613038776386,0
0.5661964914911318,0
0.16955654643224852,0
1.8538329801289632,0
0.9020519480465963,0
4.111870043257122,0
0.998697351299281,0
2.3115961863109966,0
0.17247025110118572,0
0.5598241583942344,0
0.1560941708380547,0
1.880785988293308,0
1.4244714979941409,0
6.5158889128090625,0
0.26190859532271116,0
1.1281845163509252,0
0.22064137842062753,0
1.9002013065471663,0
1.3203347679361894,0
1.0773313763214192,0
0.767819257822016,0
3.6790827242338744,0
0.34950829172589004,0
2.1992527561151407,0
0.25150542007683047,0
0.31478627851301116,0
0.40399972490379327,0
0.31468385125487186,0
0.7565364177882257,0
0.6519164752557879,0
0.9871714372492124,0
1.1569838145540035,0
1.0072798913698902,0
7.572230279105816,0
0.6735043064821018,0
0.4576408101576176,0
0.9439723407015579,0
3.3335705765595423,0
1.4795558146742716,0
0.49711621201587997,0
2.8988508901647716,0
1.2846626341696814,0
0.4710048551657374,0
1.1697125001438362,0
1.6489865444026375,0
0.08867621512148037,0
2.841681266742161,0
2.545847200573509,0
0.1476110552253641,0
0.17971564028378423,0
6.584639626142426,0
2.6751875075132885,0
1.9069749397038473,0
1.1117642202271407,0
6.730352464925809,0
1.9570515232328036,0
0.9230631960282983,0
0.6392051935175213,0
1.9533328148507274,0
1.2014866209254655,0
0.8852168510554038,0
0.9278323914353699,0
0.057087130197295236,0
5.573912442241341,0
2.117047307462552,0
0.5501769373723858,0
2.8979312665826167,0
1.5252057169989415,0
5.735302051488002,0
2.819241312742125,0
4.571823928802619,0
3.8555756433927733,0
0.630344511294486,0
2.5949942198804803,0
0.42016542402938006,0
0.8915335798761156,0
0.28707199289486607,0
1.0101142451406722,0
2.8869190469432837,0
0.26914364828508797,0
2.361784674292303,0
10.003870322729744,0
1.3370725953019793,0
0.32732023799201726,0
0.9421300476174178,0
0.17637486384140602,0
10.585625014995841,0
1.8902367534008495,0
2.2603817802099186,0
0.34927190015524007,0
0.6343397472615767,0
1.2230484349633444,0
1.4985787831754647,0
0.8890604332753143,0
3.2608546607974245,0
1.4949735331793017,0
3.122285883962052,0
0.6636613928130106,0
0.9773622141708067,0
1.2980722685441606,0
3.0694796595286293,0
0.346685296012286,0
2.231007987264454,0
0.02603199177512555,0
0.23418698033163146,0
3.6204913568368897,0
0.7783774046017999,0
2.1488994250293576,0
5.466637224958182,0
0.6896864032196198,0
8.488139253598291,0
8.217515293474182,0
3.0328215704112407,0
4.391991930891452,0
0.4604361508790624,0
1.0001062177573319,0
1.0983054968256716,0
0.6122118854516014,0
0.3986910732757864,0
2.0924449663398867,0
3.982601323581813,0
6.178168636568268,0
4.9412118294980605,0
0.22062232951664165,0
4.0909277149791645,0
0.30275089234513197,0
1.9979161174544966,0
2.6203842163957,0
0.054781356331336,0
1.700133230979906,0
2.950885065118566,0
0.6541479271215296,0
1.1059495409442819,0
16.352698132909673,0
0.31560916099972547,0
0.30210289845820015,0
0.25014760880177267,0
0.2784136652839078,0
0.38574500154239566,0
0.9290436959183662,0
0.9860408105653361,0
5.050346086178114,0
1.7166732314879534,0
0.9068180993430117,0
2.9576101770671612,0
3.465836015237067,0
0.037367315175183165,0
0.43543079359174036,0
0.8715653460310746,0
1.519034153815684,0
2.9400228692266634,0
0.8424563201979347,0
1.958304545352169,0
0.08285290918672034,0
6.160473234697938,0
4.070482364576867,0
0.15214028114170075,0
0.8258260490717835,0
6.064402132609721,0
0.27858570789357434,0
2.3083068368341944,0
0.48907941443497205,0
0.303055107029865,0
2.045904477012891,0
1.460433494762357,0
0.33906315240324003,0
1.3838590453050335,0
5.858883547551939,0
1.1738091162514872,0
1.7144439596997525,0
1.301316264245363,0
0.09958551356654877,0
3.409678208598475,0
3.754757181900154,0
1.3440490354597794,0
0.6050516187002702,0
4.038315835015412,0
1.5026817164012578,0
5.437033081468981,0
1.899022001463788,0
0.8147582297904811,0
2.7930050926322467,0
0.9027207179682776,0
2.9888532739063556,0
0.8771006695609106,0
9.020366279126947,0
0.16764856329093272,0
3.960643830285104,0
1.8950371618402155,0
0.9027009676147789,0
4.880219717119659,0
2.547886512834213,0
1.8955974999618346,0
1.4022391348862981,0
3.8751470702164923,0
2.4317331700284432,0
1.0537838997265128,0
2.2369710613998217,0
0.9728525950934788,0
0.7835411438129538,0
0.06180386325787984,0
0.6819600487195832,0
0.6676996569991318,0
2.31337253227351,0
1.4797154008981583,0
0.4761658049271798,0
3.4564645180605003,0
1.264241466203306,0
1.0906661784063343,0
0.6391006517410835,0
0.4445295545499124,0
5.966397032119616,0
1.093909295935671,0
0.1028304218102642,0
1.3225290950809478,0
5.01646095432227,0
0.4539409526847982,0
2.3526230878428036,0
0.4433683147997434,0
1.4764634390664397,0
1.488853503879001,0
3.3565725691662895,0
0.3659161207072978,0
0.1702411390579059,0
5.192068635370194,0
3.2184493423406195,0
0.578057681430104,0
1.627559607874873,0
0.08000565269013925,0
1.5408716368188358,0
0.23487194259991445,0
3.131303520744096,0
0.3879734467482941,0
0.3762870446422079,0
0.8146646810744047,0
0.4503952034535767,0
0.7830631823160489,0
1.5747498130884527,0
0.20589900314735948,0
1.7859881468184098,0
0.020547032216108974,0
1.0134099841866895,0
3.446784030418331,0
4.068414234276253,0
0.042742090509790304,0
6.898291624665377,0
2.4017087933373467,0
2.2847552830315006,0
1.133927187665486,0
0.041974827099516075,0
0.8828219156595306,0
0.9045696237877444,0
0.8824899857417565,0
1.399579381102718,0
0.1254789095128501,0
0.009210754175631554,0
0.9482906179830891,0
1.2125223197458947,0
0.5505397210748402,0
3.9809393972558786,0
1.4421070241951297,0
0.5981215971640613,0
0.9845826654193484,0
1.383220750365389,0
2.352086690855734,0
1.13546123148619,0
0.9688912695086823,0
7.86796083028389,0
2.868840207724183,0
2.967889714587802,0
0.11731212318326215,0
1.10506529372447,0
2.557790385402807,0
0.1680680713759859,0
0.052239178938868557,0
0.29239106544307286,0
0.21861847975237506,0
6.439771365040434,0
1.5389218926059403,0
3.179631811260409,0
1.999832627447468,0
1.7982778064534246,0
2.1781381096654897,0
2.0419669249381394,0
7.942168811231944,0
1.8496260728732876,0
0.017036718535183064,0
2.2513158866619043,0
1.151896553612853,0
1.4271231980487324,0
0.6596467977563791,0
0.9716128199940102,0
2.01871287889474,0
0.35788214179127004,0
0.45468593623351383,0
1.3283163838278707,0
1.0319632665566925,0
0.15769578781711538,0
0.796603916524798,0
3.0185574543860905,0
0.7281631231922964,0
0.9691583951969571,0
4.210297114896725,0
1.2621051909301784,0
1.1697255258255002,0
2.139260010208216,0
2.7232889727998546,0
-17.577790737766293,1
0.6340808367233505,0
0.5342620440107001,0
1.251692866321827,0
0.5844431373404416,0
1.7539162969713744,0
0.9049245051358931,0
3.4788787222124737,0
1.0107381646863451,0
1.824384543963321,0
3.090270050311533,0
1.941995923730729,0
2.22295065831813,0
3.8611816579516027,0
-17.577790737766293,1
0.31347251734030157,0
0.36130446247079145,0
0.0008705120727570014,0
1.3394469734336716,0
0.1122196970242144,0
3.9061863923413815,0
9.499957679759966,0
0.2637804423893716,0
2.7866152620468463,0
3.673175407399585,0
0.13163252903773065,0
0.44382154088435066,0
5.34007351897712,0
21.559385039390996,1
0.050466190319511176,0
4.402224863249187,0
5.556890071352959,0
7.107063429238469,0
0.24681544138690298,0
1.5117901124283537,0
0.02606173918731667,0
2.0408385376016223,0
0.175109841539369,0
0.5214793757933532,0
4.383916932742866,0
0.07704380362566315,0
1.7786765601355368,0
0.5910721922355245,0
0.21397200506938774,0
6.089621423865981,0
3.2893921471255054,0
0.36815664702383943,0
0.018001023507145247,0
1.2569083915117412,0
4.640305841278148,0
2.2384547003333815,0
1.0104902018304864,0
2.0416419460841673,0
2.7505035980058574,0
1.431354273406633,0
2.7025050611911947,0
0.3841653349185949,0
0.9687401845827824,0
5.990735462437317,0
6.250589261084346,0
3.864105164574141,0
0.7969920233535043,0
1.3766465217101034,0
2.7451472529107535,0
5.310034374227836,0
3.2534486476998703,0
0.2920551922272412,0
1.3928788779799388,0
0.4867902041187132,0
0.40281482394730955,0
5.678922970032631,0
5.201531066453038,0
1.2152262488382233,0
0.583955865559841,0
10.409134606169912,0
0.17180114828715182,0
0.7023752386201522,0
7.667616918543067,0
0.2273346661528222,0
1.2530430781605808,0
2.454845547643928,0
0.6753861399278086,0
1.105055406916082,0
8.19911762765483,0
0.46555840411127786,0
3.5552418891801407,0
0.6985406575635518,0
0.36911260331873813,0
2.0134926238408752,0
1.2177928986559607,0
1.0558338715464761,0
0.2105282479060149,0
1.9808328702984264,0
0.36860581535951176,0
2.805459395921899,0
2.280784414304464,0
6.292255639293685,0
4.635949829272905,0
0.007340781496462369,0
0.2104969310981627,0
4.150764895310547,0
1.0520762549942357,0
1.5756783910263656,0
0.21215551874472463,0
0.9910738826668299,0
0.6767075887101325,0
0.491152220259423,0
1.2110064209202904,0
0.1255964174806811,0
0.8534550316367507,0
2.4867468233204697,0
2.8167941996502903,0
0.13925936594340943,0
1.6041273441539854,0
5.699158578481365,0
1.4890746568852047,0
0.9653462950800588,0
6.508705580850236,0
4.434454344336131,0
5.620483366574562,0
0.8300939223519692,0
0.6486936117922243,0
1.0987198249279364,0
5.80097881324856,0
0.719714238439217,0
0.6098103708840942,0
0.10424844353317127,0
0.4403649660395537,0
0.07924700242884543,0
1.4668903721742488,0
0.2745531206664211,0
1.7605742676749652,0
1.6272282291321838,0
0.02247817380136836,0
1.0380258968606066,0
1.2354403894867236,0
1.5563656046058278,0
2.7622179381082734,0
1.5157981227266866,0
0.1993077455315264,0
1.2908053177553858,0
2.5943797972363485,0
0.4462232867432089,0
21.559385039390996,1
3.997267698775733,0
0.31753283047401515,0
3.7621608379247378,0
2.118432587748891,0
1.2458157363871531,0
3.95488383639855,0
2.4231152020069278,0
1.7195211967199702,0
2.9702972934016985,0
1.7528146954408683,0
3.9954547744830644,0
1.4348822716787448,0
4.188811395470661,0
2.0379377038389936,0
3.4306379015668345,0
1.024350051572796,0
0.9158096935422833,0
4.617698693008913,0
2.405763332967704,0
1.371846772698392,0
0.8608668116643138,0
0.004655939806458626,0
0.1717349318419496,0
2.1104740111931144,0
0.2552579479397651,0
0.2646101025663901,0
0.7129771727158486,0
0.7971117559593265,0
0.9472814266241001,0
5.316390706022269,0
1.6415412824613314,0
2.1937232069177552,0
0.31829403907766984,0
3.7263794331614357,0
0.09348689011848357,0
4.788840352313504,0
0.8750235416290438,0
2.2928987277073976,0
1.2659243403406701,0
0.2330076238006181,0
0.6584159551559765,0
2.9287231900141535,0
0.27127294321799017,0
1.2414670043738976,0
1.9041946549468516,0
1.629308326191319,0
0.2332247885692629,0
4.234510880263071,0
5.156919548443762,0
0.18311949741033093,0
0.9053913847147803,0
0.44466061457020123,0
2.2361710706465785,0
5.364508578773146,0
3.2291992115581296,0
1.4578302071749907,0
3.5797708220747886,0
0.6031405942231651,0
2.579428641341454,0
2.1561400463151137,0
1.011266986867611,0
0.2901586384204217,0
4.858238909804011,0
2.5977438971902913,0
0.8959952622979217,0
1.3416064658314062,0
2.663035917697231,0
5.570740882720376,0
1.5170772665693957,0
1.7889946483894619,0
0.2067544719804226,0
3.019164162199833,0
1.9713345582969781,0
0.8821913408846408,0
0.15327238842445953,0
1.6793401574751392,0
0.8815067061607641,0
0.5026136596159849,0
2.121393656819245,0
1.433575086866576,0
0.1284245075521157,0
3.4045993564440726,0
2.0627945109511043,0
0.10140048444211659,0
1.4820181852623546,0
3.116409660996412,0
-17.577790737766293,1
0.6527475456840099,0
2.59783274143145,0
3.8941353487367314,0
2.713159692826377,0
1.013606035127394,0
1.378354893750065,0
0.1480020221100205,0
0.7662247290433603,0
0.9410101155794067,0
0.22709496083326106,0
0.4318764318903021,0
3.702016941825495,0
0.025338206890787807,0
-17.577790737766293,1
0.7071035491224988,0
8.865059824421884,0
1.455524191798731,0
3.652832741101496,0
3.210527997827668,0
3.974975082018423,0
1.9170454871658258,0
3.052093902842889,0
0.6372708086184701,0
6.325777076062601,0
0.6003337925209884,0
0.6408120194152391,0
4.654867756153274,0
0.23404915565463233,0
3.079527469697927,0
3.5655976324217438,0
2.1014343966467752,0
0.7871750055882911,0
1.1436768647044002,0
4.651278915532596,0
2.9731989589479695,0
1.9211787564684624,0
0.17710248585861618,0
3.2826255809216125,0
0.927908781907058,0
5.089925385827605,0
3.647846627521319,0
2.926522965364969,0
1.6068981046978918,0
1.8147815885309557,0
8.064036690430632,0
1.3628411933965028,0
2.7515516684110524,0
1.1492854807280106,0
7.620600174949209,0
0.49238689028747745,0
1.6986379230297766,0
21.559385039390996,1
1.4056359519993848,0
5.700385803486231,0
1.6163438051738765,0
3.887848652404918,0
3.3520837921037145,0
0.01551560894910057,0
3.232464962979668,0
2.4511048019310233,0
0.2532910067789081,0
3.259686321422257,0
2.721782804044993,0
4.019752395641463,0
0.021055426951305353,0
1.5026651989256261,0
5.52733370421177,0
0.09581799510387665,0
0.05168000361276593,0
1.7310206900040273,0
2.161103197165571,0
1.277204714480084,0
0.27726649268463355,0
3.1606055200554333,0
0.7910433601488679,0
2.129430561765645,0
3.150267197833835,0
1.393438097304053,0
0.34021962001562295,0
4.495004011993765,0
0.7529392833176876,0
6.139033164883764,0
1.306681164172929,0
1.7930282876883694,0
0.5635599539689163,0
0.43361599833853043,0
0.6493754323858911,0
0.6500404041940712,0
0.9535241163441723,0
1.9237625150963493,0
3.0909317483716654,0
1.4258961623892181,0
0.4841461313500145,0
1.5308499500768353,0
1.0584171618001719,0
2.7475360188601186,0
1.029753161193338,0
4.54063607290793,0
0.028948246611108452,0
0.004234282123461206,0
1.748596544996993,0
3.2506731688492323,0
0.2539954490763446,0
2.9275339444197073,0
0.5189991470360604,0
1.9867593120908866,0
1.5071906419078522,0
0.4872760783920961,0
0.19524331539037337,0
0.6464735974067505,0
1.6914276910200323,0
1.2721382948491644,0
5.179064735984529,0
0.7492746908242103,0
1.5358203298766129,0
0.2945011008281521,0
1.685180074077789,0
0.41672631749068695,0
5.1855865964061545,0
1.1355170111718687,0
1.198332272777222,0
0.8808222272076963,0
0.3724055306332478,0
0.6982460144293929,0
3.1772122201168154,0
6.663771064595694,0
2.0037095820827315,0
1.5024777758276913,0
6.2453822655711715,0
2.6808404458070227,0
4.0272342712218965,0
0.3726279453475721,0
1.0679835316044222,0
21.559385039390996,1
0.04483977072851799,0
3.6724057089112114,0
0.11579783002863567,0
0.1628087659295185,0
0.1742424873678883,0
1.9538537578990305,0
2.666371759918459,0
2.703620104240508,0
2.947859882025796,0
4.271221356323476,0
0.24155115904653437,0
0.965036871604065,0
0.07974440763937125,0
5.880762849852119,0
1.530051164673616,0
1.8591543672857576,0
1.2615137264828253,0
6.859283401705983,0
0.7776565788005202,0
1.3076860003214363,0
13.35489215061844,0
0.31756238031112555,0
0.7770057294583707,0
6.059685411596982,0
0.0006673302359292891,0
0.19131905489098822,0
1.5584886062236836,0
3.7470512949874117,0
0.5098830007192564,0
1.280841373388843,0
2.3115633196751353,0
8.356474978374619,0
3.831557697258948,0
1.0123501655647453,0
0.6547277289342472,0
0.30425503897680334,0
0.10457541711748165,0
4.996587831612597,0
0.268435227536458,0
3.233636245657275,0
6.410990262777427e-05,0
1.0191593007891004,0
0.1305876321109786,0
0.835770212265644,0
2.8974602409054078,0
5.467729576366633,0
0.1638439470543797,0
0.4366106992757686,0
0.7067800679287565,0
2.4534838750875156,0
4.856554640769327,0
0.5382231626395098,0
0.4220309065311289,0
0.11800352304144164,0
0.012107598880149607,0
1.2137909967380276,0
0.07265455736563974,0
0.13434468113878148,0
1.678928810608422,0
2.4326273812713093,0
3.874217403490755,0
2.004899686318022,0
4.877539836932545,0
5.443279468687921,0
0.8211686019980592,0
1.381306315557125,0
0.3826041949538444,0
0.3300875830004012,0
0.5242761341575225,0
1.3869291508464865,0
3.02154992042847,0
2.562386201548324,0
8.191084681462476,0
0.8651668159316128,0
1.0441964001735564,0
4.440468969707775,0
0.6281568599215985,0
6.9923589104528405,0
0.5599339413973531,0
1.7612508959019844,0
2.642139262101508,0
0.7351680859524959,0
0.25561821177100463,0
0.05311261435118304,0
2.1567200942613054,0
2.8717199575293586,0
1.687580966342395,0
-17.577790737766293,1
1.0817103364098566,0
1.831287069494175,0
3.9009949664070933,0
3.816839121720656,0
0.7098857476825329,0
0.026715071312505,0
1.8127495170223449,0
1.168069217989352,0
2.20517592039998,0
2.727351200024273,0
3.66997936919594,0
4.2217372910137385,0
1.6825480734888631,0
0.7680250880781505,0
3.473685699318759,0
2.0039371453164994,0
0.4864391613891054,0
1.4457647630103323,0
0.4698785900937524,0
0.8948027091677354,0
5.041228068178192,0
0.11071892497632096,0
0.2016024096972902,0
2.6636725307262483,0
1.0926618921187974,0
2.2481540155565285,0
-17.577790737766293,1
0.7527137569550089,0
3.588631724108654,0
-17.577790737766293,1
2.820037758170565,0
0.575381762426,0
0.6006757617138262,0
1.7590652694129474,0
2.5226812452099563,0
0.4574258208153539,0
0.22265042415348074,0
0.7077326909350912,0
2.4821744671385013,0
8.696514038533419,0
1.1139901350818102,0
4.11531457526392,0
2.1372783763858325,0
0.11459570048889572,0
2.002120334617044,0
5.688025802248875,0
5.287556033583575,0
2.1805358011488467,0
2.6363641729778644,0
2.822591840516083,0
2.3129456064984066,0
4.294448904527022,0
0.5530599690951427,0
1.478731200319069,0
0.7981612261340336,0
0.2626773049104334,0
3.905789585761327,0
0.46125774929269264,0
0.9330617367311843,0
6.28234228671706,0
0.9892487787211662,0
1.5055086240023272,0
0.030646672078209643,0
6.259302052196131,0
3.792209894529691,0
0.911780144573086,0
10.270135346312093,0
1.3620005483752253,0
1.3967910941046555,0
0.1988516807669889,0
0.11311701286833238,0
0.8466092024956373,0
0.3355837589839384,0
2.550167187714488,0
3.543833105000377,0
1.1773013076510863,0
2.978422681281686,0
1.5384117705242644,0
0.4772145276361367,0
0.615100798404335,0
0.4831606221936637,0
2.605738262209703,0
0.004106246099930892,0
0.6481847897914563,0
6.6500459281165085,0
0.4064848892834883,0
3.2134354553259112,0
21.559385039390996,1
0.15760193750114493,0
0.886009156816958,0
0.5844892871357654,0
0.7511642322798112,0
3.7810231520287467,0
0.8497806683864975,0
1.333170099784376,0
1.0946031497814166,0
0.05983781661968309,0
0.023064918366245055,0
0.6636862062403934,0
3.6930871003037167,0
3.2197672675427578,0
4.4942208932182,0
2.210689460033447,0
0.27579063781201973,0
0.6257117966076488,0
1.8327824972985898,0
0.18531839911459083,0
2.2668036110884358,0
4.11328439624385,0
8.314701134629193,0
2.849289243184671,0
4.705797772563785,0
4.690861697629873,0
5.202237985984708,0
0.08692732859393155,0
0.16349847566699133,0
5.426850960799176,0
4.494497236358066,0
0.5251192702283819,0
1.6930299054948517,0
4.631540441829808,0
0.20779393168455598,0
0.09474070972032103,0
2.5342463481275246,0
0.8469927922459416,0
0.33629085670737036,0
0.7937940571563697,0
1.571812566361857,0
1.4700955995924925,0
1.6951636295274632,0
1.7771832866901904,0
9.385234498780775,0
8.544569532730081,0
0.043867778002157146,0
2.678746480324797,0
0.7237996937247335,0
3.429879951109041,0
0.0682041612053204,0
4.814746259593213,0
0.8292682905378712,0
0.9122687518733539,0
3.762143848646285,0
0.37884442626443027,0
2.6446622130106894,0
1.405650371742004,0
2.5530773664376545,0
2.0889173404165735,0
1.5254365720312306,0
1.6157036868009422,0
2.348397930995469,0
0.7302745889242795,0
2.001962498544417,0
3.577433249427696,0
0.09361202721446422,0
1.0912795816912595,0
4.04028753381928,0
0.014280719181801562,0
4.005624570583022,0
0.18014814902156384,0
0.42263748513517224,0
0.7236576820940049,0
2.4472287978497924,0
2.041657277437956,0
5.993356594345373,0
2.328560466536673,0
0.40942301383723084,0
3.5227390990597893,0
0.44826632587884907,0
4.401812992688607,0
1.2145642104427046,0
3.1914680756401363,0
0.11213664205569743,0
2.817603667902526,0
0.6167018839124235,0
0.42427229961722845,0
1.766733575857198,0
0.2494091171156083,0
2.494962502654567,0
3.798678925404561,0
2.937304761455051,0
0.7602707982189211,0
0.15052108939339554,0
0.16293118701122647,0
6.508797443854666,0
0.9641036452794266,0
0.35624374752263416,0
1.2449467118681727,0
0.7619248550819522,0
2.8187675046677967,0
0.6224394652639913,0
7.466535083592901,0
1.6710541435874497,0
1.0164399329928775,0
3.444114029028116,0
1.2097104774790122,0
0.35288105199917463,0
2.387923870413791,0
2.6919479841975726,0
3.4583004698183992,0
4.349056839108103,0
1.4506634357354211,0
3.147383542281402,0
-17.577790737766293,1
1.4778617489393815,0
9.707042603362687,0
0.015445453109550077,0
0.5466231262395321,0
3.225403806624295,0
0.1851128721106749,0
0.052132291190419615,0
0.5909952662791504,0
0.2164380843928331,0
2.2677142265021035,0
3.9197309615860596,0
0.42298368758607363,0
0.013027251028653276,0
0.2895583328844745,0
0.025143044245573357,0
4.038832424120076,0
10.122864642175358,0
3.7610708795803776,0
1.0081950438979503,0
0.04062021138433936,0
-17.577790737766293,1
0.13467274055864303,0
1.7945726281840462,0
1.2006705454287658,0
2.2580516249970057,0
3.652793308354494,0
0.7242872067028919,0
2.4854452757210534,0
2.769815446177666,0
-17.577790737766293,1
3.4886048637304694,0
1.6200823086319007,0
3.5580069300615302,0
0.08830693927140046,0
2.4610030798068436,0
1.5176997654508968,0
1.0844183706893573,0
0.8315257997973294,0
6.840525606192698,0
3.276393191626659,0
0.02982168532909148,0
2.9473961558298347,0
0.18011643860365256,0
1.0169711256475693,0
0.7546365918474502,0
2.2412132711148898,0
1.1948257163161953,0
0.9248006003592288,0
0.8641578686922027,0
1.000565152308552,0
0.2270980839981823,0
6.2690098372906045,0
0.6986222344985091,0
0.908734128743561,0
0.09728877531960924,0
4.271235317692473,0
0.9024984243025564,0
1.3451154998036765,0
3.3713713912024024,0
7.1337696722952995,0
3.10143646828751,0
0.072301677722476,0
3.489381834052866,0
8.18053665587388,0
2.8638621138374254,0
1.7188299241863607,0
0.0029450526682110734,0
0.638677356774369,0
0.015567095304833547,0
1.32149658921808,0
0.04269139395061208,0
0.567278465893452,0
1.9941138888117347,0
-17.577790737766293,1
4.8692402037932565,0
2.0946537888932237,0
2.0843757690404696,0
1.8532886383893439,0
0.021267347676411252,0
3.8692987733054682,0
2.6971849152602516,0
0.2228301429806414,0
0.6306994639847585,0
0.9665730816669165,0
0.1345888821010703,0
0.09512266659086685,0
3.963222514566429,0
1.1615609542879521,0
5.366151727518394,0
0.9279486644115676,0
0.8928575081486058,0
0.5670149453526566,0
0.7771152678544668,0
0.8175974150661186,0
0.6213181267842444,0
1.1643827363594987,0
4.313848899820361,0
0.7102252851750378,0
0.16525146971358054,0
0.41369513296755817,0
1.0072221842838416,0
1.9060700719375208,0
3.785704101731559,0
0.24024854826670045,0
1.4313148456030598,0
1.5018405383865472,0
1.2546321227976431,0
7.48790143052777,0
0.5883184620597632,0
0.3319929984251918,0
0.12529318082948845,0
2.3357625433239653,0
1.448624788194348,0
0.051792542958746884,0
1.522344746744115,0
1.206331078603524,0
-17.577790737766293,1
1.5328747119008468,0
0.6822420795224862,0
0.17003329271604192,0
12.66129845391712,0
1.4536819833575707,0
0.23204203926137182,0
0.4201567253943572,0
0.4677162541005045,0
0.709817363654554,0
5.735513998655466,0
0.025178820865061798,0
1.0342379857958517,0
1.7823441985747959,0
0.5881947037999878,0
0.4794961104795061,0
0.3764071434511129,0
0.5733031829632844,0
0.23703047946357717,0
0.11765630419289308,0
0.6425406570182872,0
0.9701772770417184,0
1.7092984262152462,0
2.7603677664750643,0
0.07586291385360054,0
1.8509933705085044,0
4.040933560126529,0
1.0478287226583536,0
0.4581183129268879,0
0.9123647239471587,0
8.651405969034304,0
1.0659932685029454,0
0.6593269888045883,0
0.28371676150510916,0
1.5839527682203114,0
0.8788203694571761,0
3.803899680501608,0
2.747457484506524,0
5.5078232364453,0
0.029673050765791516,0
10.277510179436543,0
0.9754361017628709,0
6.170488956589717,0
0.4317278776922905,0
0.5094034892091287,0
0.3819417812988518,0
0.9752161223717474,0
2.3261065936078156,0
2.14739871480927,0
2.1194575230316457,0
0.7314881305962423,0
3.028500349964537,0
1.3040501547174916,0
0.9319307445460574,0
1.1469236343878686,0
0.10505983765891157,0
3.236781723560729,0
4.327039905530912,0
2.3636802029160955,0
0.4502547689756097,0
0.2724457653872593,0
3.202523559551096,0
0.014065453617874427,0
1.3351287889037178,0
5.728426574462763,0
3.8962400669657353,0
0.4822009163069435,0
0.46860531837920394,0
1.5773243931762508,0
0.5364850354143733,0
0.08677326525938588,0
0.6001732361898232,0
0.07966287462506273,0
0.7082852781048493,0
2.585924698267852,0
0.7547975462351059,0
3.893124362581333,0
1.3968137770115936,0
1.6764898504474277,0
0.046581822979347105,0
0.0017183535885741017,0
0.08732700327095136,0
3.965610075632124,0
4.3461654694332035,0
6.724872341960265,0
10.421684068094482,0
1.5687661910644706,0
0.5843439651227318,0
3.1380245190997487,0
0.9807710446204227,0
0.5638738895624662,0
0.06201297971726699,0
0.3889575118989674,0
1.306924008360065,0
0.7986130350495104,0
3.5426971743731386,0
2.4617444777168416,0
0.5367115386342592,0
1.8673017246439438,0
1.4453692338411444,0
1.936559380222227,0
0.5520321707425844,0
0.3530302906953822,0
2.323654844493877,0
1.2536936915073702,0
0.6046277518462231,0
2.234252286198136,0
2.875666309913963,0
2.9519138433665857,0
2.4179884624173753,0
0.5844827998709384,0
0.4108020462293734,0
5.466638398892125,0
0.4212018311497857,0
1.6232860037276866,0
0.36927951705864603,0
2.4989302214199127,0
7.57016088351652,0
0.9317747441020385,0
0.13441748393317107,0
3.6672244160698715,0
1.047193853358666,0
3.8755276350652705,0
2.363113589011165,0
3.669609520207224,0
0.18035338054262215,0
0.7094001222331459,0
2.3408129571965492,0
5.669399631981841,0
2.427505120689618,0
4.89598156514872,0
0.8067815180098701,0
2.1794355805373455,0
3.038345471690613,0
0.07048180841276176,0
0.9735470698175642,0
0.49740799780376443,0
1.094062633100739,0
1.3586840106388358,0
0.9229129021515087,0
