value,is_anomaly
0.8789950201946864,0
0.8609292538122303,0
0.7058659329078002,0
1.2389217740922014,0
1.1244826844471396,0
0.45143456297359447,0
0.4379007477390191,0
1.2365710001663577,0
0.6652161760420856,0
1.163020589950119,0
1.477668915617624,0
0.5296830772711133,0
0.49372893484198516,0
2.3099268126531296,0
1.192182178743163,0
0.8108920602696376,0
0.6268987552154827,0
0.7747457062394288,0
0.5514047488624015,0
1.5553585332257123,0
0.6781575951667289,0
1.7276589674559675,0
0.8184733355753787,0
0.5935255050969627,0
0.8080342813021578,0
0.2692585014861982,0
0.9414026939876101,0
0.9184575467739123,0
1.5103952526161826,0
0.3893983341707475,0
1.7877059047701018,0
1.507269366947657,0
1.87015587283389,0
0.973983722002782,0
1.6602171665776357,0
0.47920729095285636,0
1.4283555001254762,0
0.6800551500744669,0
0.43792793407796965,0
0.5700277363454826,0
1.0027693970292424,0
0.6622251970305649,0
1.2068778864227363,0
0.40489853363382633,0
0.34522849673365247,0
1.9861413118045412,0
1.5712949129036935,0
0.5917633811757683,0
0.9985013024352604,0
1.6648808013696086,0
1.2331850624812346,0
1.076926927940135,0
1.7290584998980818,0
0.6939493959720805,0
1.01571137018423,0
0.9911153843931125,0
0.8725101219923171,0
0.8229146779184933,0
1.0371059760992676,0
1.0173525847569487,0
0.5920206154748167,0
1.4931648906397996,0
0.6137346539808897,0
0.8966257551934405,0
0.8627414421180541,0
1.196082707217799,0
0.3466110676664782,0
1.56120023596042,0
0.7128422196953711,0
1.8403976223691767,0
0.7873499530405903,0
0.9758740062422812,0
2.603594577535095,0
0.8705160307333355,0
1.8578593583371807,0
1.0197143538002282,0
1.230855449627181,0
1.0355982662107448,0
1.5279482359127867,0
0.7098044237309993,0
0.6113875324679856,0
0.7266661701199532,0
1.051118870898661,0
0.8954674623355438,0
1.4263766795046064,0
1.920078076219884,0
0.6139024936246171,0
0.6928273841033752,0
0.48766835276425363,0
2.759878053889436,0
1.1645500037936778,0
1.2711235062975994,0
0.5116552643600859,0
0.9994151765724861,0
1.289976488458784,0
0.8812809144295477,0
1.712326226473267,0
3.176930766090023,0
0.6227990193867999,0
0.5998692147226478,0
0.6447594143577419,0
2.2324498725429702,0
1.6840096707256549,0
0.9344810702024996,0
1.018447931043765,0
0.6647981534158838,0
1.5605113856725232,0
0.8269997286647922,0
0.8780618270907101,0
1.3558043382278553,0
0.9102850661314763,0
0.8891556301543425,0
1.0053016068077614,0
1.4883642630612341,0
2.2778830794497904,0
1.340098496514505,0
1.4942988673911466,0
0.904903445480713,0
0.7019459083312087,0
1.3867919306348209,0
1.089392729731265,0
0.49099844196752823,0
0.8487124762309709,0
0.9593987318403949,0
0.7747391139093125,0
2.0977551510377883,0
1.2711468423377674,0
1.9869234927823682,0
1.140780447024618,0
1.0415332623892748,0
0.6260663589390791,0
1.0059825912408906,0
1.00654830987817,0
0.5048181861201333,0
0.7635598755887801,0
0.8507463131492456,0
1.2296625375530665,0
1.2594499222457114,0
0.7477704441304815,0
1.264194045903674,0
0.9129816796636981,0
0.23816060727236857,0
0.784780658650228,0
1.715139331321909,0
0.43132091726956223,0
1.0579632528825955,0
2.2092003270671094,0
0.6836518538711263,0
1.001075117739018,0
0.5209984935904935,0
2.2560501676719085,0
0.9591897958645651,0
1.0235873034400629,0
1.968260647612509,0
1.391996708495325,0
0.6454455882230057,0
0.7235114103122066,0
1.280775369890914,0
0.7319372245341375,0
0.34693367485179094,0
0.9737308002518884,0
0.47706318642714024,0
2.2437327311060833,0
1.0924182522602535,0
0.6359804034057783,0
0.7051701150521476,0
0.3887966611783537,0
0.5771050634254549,0
1.6622325381054723,0
3.052292881908953,0
1.4379209082934463,0
0.9550216493226874,0
0.8057516682745751,0
0.6198685083215574,0
2.800737988206057,0
0.9099420608150949,0
2.880070909017103,0
2.0072382149125825,0
0.4187847493878071,0
0.716787255009168,0
0.7156796974182091,0
0.9608632478595437,0
0.9702930627621038,0
4.473269386701506,0
0.5835565380645316,0
1.121295785430869,0
1.3610464756288936,0
0.9992143065842423,0
1.0566360128621841,0
0.5930927719249512,0
1.0546860052795073,0
1.2913646120917732,0
1.1779790399219403,0
1.3298956120275438,0
2.026487401758585,0
1.5975692749929686,0
1.0362902894385069,0
0.5566162829860204,0
0.7408162668832412,0
0.8959993638836808,0
1.1344783204033426,0
0.7872838825924587,0
0.6263370717055612,0
0.5520595574686846,0
0.4379770008199907,0
0.8891624276520933,0
0.47958567686090553,0
0.6063712588827821,0
0.8212309248516395,0
0.5127542185828265,0
1.209099773960329,0
1.4478960921197055,0
0.7597897643023714,0
0.8037125056359103,0
1.3082820771125054,0
0.6997742131468808,0
0.6761319999528825,0
1.81893149694441,0
1.5559617907110446,0
1.3509053552192978,0
1.5885510488079768,0
0.37208261624604094,0
1.9678031601850945,0
1.2165646891687587,0
1.6576330179303673,0
1.2135875491419466,0
1.024764071899845,0
0.8713996158153078,0
1.2015016968180305,0
0.8556670365944044,0
1.5433232563294592,0
0.45238200047682664,0
0.7627782409511893,0
2.779890738516653,0
0.7312204936705349,0
0.8875043453001217,0
0.6432058495719138,0
1.182845334572762,0
0.6920255202495809,0
0.9113707743758788,0
1.5287237974469428,0
0.7051239264582918,0
1.4833537324554127,0
1.5084983077101357,0
1.6946530800709942,0
1.0727983312326708,0
5.056272432930739,0
1.6942952086773664,0
1.1763763363705213,0
0.645350172089101,0
0.9526291763731548,0
2.040435954987441,0
2.3508272977815605,0
2.0941851968831644,0
1.480820244284986,0
0.5337487250283699,0
1.2758095380275976,0
0.5375673690717716,0
0.4753349352025335,0
1.1270226610771394,0
1.2990064767605365,0
1.5709625948833388,0
1.2821881622996083,0
1.3044649971821043,0
0.6112029023717708,0
0.9488653825391272,0
0.4706886740388594,0
0.36726024613443126,0
1.4481999260678766,0
0.6862164358275079,0
1.5468943117668632,0
1.7405023682488998,0
0.7336973520452259,0
1.3433352945841934,0
0.7185080538238943,0
0.3973493393197652,0
1.0635950243148145,0
0.79022549316955,0
0.8024830824225542,0
2.68497538124566,0
0.4662988733280127,0
1.2109868039438971,0
0.608107490794453,0
1.5748038181800108,0
1.1609232782817258,0
1.2088532398841025,0
0.6234761235626574,0
0.6819533967776036,0
1.5898270769348246,0
2.423951017894774,0
1.2714448215711147,0
0.6384509926154143,0
1.1846759309936894,0
3.3660367784639686,0
1.0525453834997056,0
2.0769914527530533,0
7.294291938593907,1
0.9791768337786809,0
1.3631287419045992,0
1.219772241633676,0
0.6816804086037882,0
0.6671377527250988,0
1.6390916255942078,0
1.8144373258102682,0
2.1298930752772725,0
2.4644415783968654,0
1.069626709695546,0
0.8559018059327399,0
1.965006335303852,0
1.428371009755812,0
0.6118747774999977,0
0.5964154250907345,0
1.2788549415927302,0
0.9151774201114364,0
0.9868719570761734,0
-5.021332394094956,1
1.4615807748405503,0
1.9443672916173007,0
0.38069069672202105,0
1.135075261708848,0
1.4153038757207794,0
0.4661289677378229,0
0.720760899125984,0
0.6568874519630027,0
1.010908150264576,0
2.2567528415905933,0
2.749158053210985,0
0.6655484931648706,0
1.3011892126149176,0
1.3223347524715825,0
1.2138691295022586,0
1.220779778618438,0
1.1640103618768307,0
2.325151179585943,0
1.7353918832178619,0
0.5885596789753293,0
1.4886364108519345,0
1.5623431088574395,0
1.1705616116229498,0
1.7607012817920091,0
1.0986004122202142,0
1.1054294041649393,0
1.0624953786897673,0
0.36453888862331585,0
0.9605980718841511,0
0.7159640754539198,0
0.5525430173874775,0
2.048297872934319,0
1.2867295404728656,0
0.9851951452059424,0
0.7539707720754255,0
1.1596112183134124,0
1.641676616350604,0
0.6613428288466366,0
0.9975887256653668,0
1.543470186760444,0
0.37984174841467316,0
0.9716254568864093,0
0.8068272603190495,0
0.9352747628264396,0
0.7781668807040085,0
1.0712351222338672,0
2.616437370586569,0
0.8504741708619594,0
1.1570289905433864,0
2.7111508406794935,0
0.7595662067992515,0
2.477717254668333,0
1.0026650482577601,0
2.4374395240415687,0
1.4551377395105545,0
1.165970959222809,0
0.9677172408438214,0
0.7319663617723802,0
1.038622976738834,0
1.5662445217085614,0
0.9934657263234314,0
0.8535839323806093,0
0.8821516781324572,0
1.6425309374603292,0
1.8451871848507684,0
0.7163579857413634,0
0.7158433443812445,0
1.2088620467060878,0
2.1463442206167986,0
1.7735712232831429,0
0.5347659491189786,0
0.8763077079024516,0
0.6279455768445673,0
0.8748032623293969,0
2.2304536561149075,0
0.4910053159856665,0
0.4451105295526806,0
0.6608178286632096,0
1.1544860900623584,0
1.3639397819556793,0
1.2444880212538925,0
1.8001008689102553,0
0.4141434791854113,0
1.8115236181766214,0
0.8555184153718792,0
1.4415906974291797,0
0.515966873924746,0
1.0024814221488527,0
1.125396463185617,0
1.7822480533092866,0
0.4526539687425163,0
1.015495097410536,0
0.58122481876662,0
1.2875587995986795,0
1.4749266625167552,0
1.9032921956151319,0
0.7652790601571198,0
1.5898079819090567,0
1.974767744543671,0
0.4397172004628215,0
1.358216524439361,0
1.6148718874795611,0
0.8786547861492419,0
0.5458632520305825,0
1.6023605376769485,0
0.5489464332213234,0
0.9146848335439139,0
0.9801378745452968,0
1.4301352580560223,0
0.7310190351048544,0
0.7101409238020481,0
1.050701187994551,0
1.653997754214177,0
3.138437298264547,0
0.47060291904649204,0
1.1707809548188535,0
0.5808472223270554,0
1.6643016759390068,0
0.6254572644355183,0
0.713677493050281,0
0.7448030711796594,0
0.9626171852136567,0
1.1753885789674863,0
1.2736040254691379,0
0.9971203809881294,0
0.5143015506070534,0
1.4389203495970089,0
0.9738681716989872,0
1.7875883036466726,0
0.7019666454143073,0
0.44881820419003965,0
0.9831309025311775,0
1.9116683531950067,0
1.0837974900935077,0
0.9049868194006667,0
0.6471523706862697,0
2.4082087968441863,0
0.5976193313108134,0
0.6957971384937162,0
1.3297847646428702,0
0.39533951764001385,0
1.8913584598108382,0
1.3662866113453684,0
1.5677093416592964,0
1.3218846797590096,0
0.9225979233498891,0
0.5876790255292655,0
0.932358650103306,0
0.6140873139122798,0
1.2751676434657884,0
1.4968904383347965,0
2.092593729814517,0
1.2042823390605268,0
1.5877019849378498,0
0.8619376276809744,0
0.7873057786359987,0
1.2672332052952957,0
0.8242870596668734,0
1.1440709318648354,0
0.5882542099479308,0
0.6435124909117009,0
1.3739703998369923,0
1.5579097792288539,0
0.6108962825889453,0
1.3983698359061034,0
0.7661572550460475,0
1.0082867345729545,0
2.0308861154714113,0
1.4974199847287872,0
1.4887487380224784,0
2.5970993281842913,0
0.7033225517768197,0
0.6108294523508222,0
0.6969363898785937,0
0.8805130529303821,0
0.3081171204322169,0
0.9014829780290144,0
0.7616368848441626,0
1.4797599574343239,0
1.1926881266143525,0
0.7405602283432042,0
1.3431000641310917,0
1.435669843094196,0
0.6809455752499401,0
0.7815218834234555,0
0.3286764017527199,0
0.5796504745486847,0
0.6898819519127718,0
1.037779244572347,0
0.6233224363911137,0
0.7735801506986446,0
0.5419045821191832,0
1.0893235957564593,0
1.2372080857020822,0
1.222848134238193,0
1.0061997050602325,0
0.46276472923272644,0
0.7334639489595087,0
0.8157451115099734,0
0.817382876786887,0
1.0382022472734649,0
2.0396346245162547,0
1.5008747523159547,0
0.610327921563024,0
1.4038261001612862,0
1.3773359795287075,0
0.6682895532089217,0
1.5287233285877075,0
0.9229425233552953,0
0.494120064881074,0
1.2555847022807924,0
1.1145836329480774,0
0.8924017864356348,0
0.9814477097956039,0
0.6979954188843559,0
1.3567135282514857,0
0.9785089776725595,0
1.0867856797698767,0
1.1955077161383918,0
0.5614161729549983,0
0.6394534122177555,0
0.3312200801594521,0
1.3262708465580804,0
0.5454713411841826,0
1.068531050175102,0
1.2038131122681885,0
1.3514477421704667,0
0.5477104777515271,0
0.967944227997621,0
2.3051372298287065,0
2.356452570283986,0
1.6383039780747493,0
1.183820084680912,0
0.6049840442602121,0
1.432341922447297,0
0.9240301163923266,0
1.323479346879329,0
0.7287520506262258,0
0.9171662215937363,0
1.0855357892015005,0
1.1310416765490985,0
1.2800016375032532,0
0.7485648100763936,0
0.5108689262649906,0
2.253292590197278,0
3.4716399296137173,0
1.2507087061886037,0
0.5158207036835033,0
0.6793644444187775,0
1.2898923748258095,0
1.9553277097118176,0
0.5452857459238971,0
0.9397264934940626,0
1.1029253205497613,0
1.5407806840070104,0
0.8421471250206471,0
0.4575325058917969,0
1.3642417499171309,0
1.7548756199546995,0
0.9595453208093019,0
1.2246070850558448,0
0.7887975239450491,0
0.6551530559992429,0
1.670650113629465,0
1.213790276879008,0
1.2778568001302448,0
2.119240085092844,0
0.5901248424109165,0
0.7588029645171719,0
1.0821682575816713,0
0.7541555602834209,0
1.4792989123009503,0
0.9105562427415614,0
0.6087994330163411,0
1.0334325533597524,0
1.0889014950972218,0
1.5957455100351836,0
1.217221072997621,0
1.2593216408160095,0
1.173682030649327,0
0.910181489226584,0
0.6989964904645037,0
1.155368309504882,0
0.8465700037608447,0
2.3277713558867204,0
1.9563708453644502,0
1.3722058660318974,0
1.2083230263035831,0
0.9569735508364369,0
0.5322926400079062,0
0.897550303555119,0
1.0520072613363003,0
1.1215685955545838,0
1.264615576004082,0
1.5851279013614277,0
0.7074579853825153,0
0.7106766009748787,0
2.0656156960610557,0
7.294291938593907,1
0.8225175402264929,0
0.9478058621350932,0
0.9499395069236845,0
1.0159123351584187,0
1.2666068409492834,0
3.5519486665827498,0
1.0995250134352492,0
1.3927762748858332,0
0.43031475353701154,0
0.7847029845801823,0
1.8485610051366366,0
1.2228175896689069,0
0.11140787169699808,0
1.400755314028129,0
2.6093005510459797,0
0.3686329693114273,0
2.1376216613993346,0
0.2500791489782093,0
1.5983941556441887,0
0.9956850233727109,0
0.3088234243593985,0
1.2499067063637586,0
1.7778768555118123,0
1.1995464198846895,0
1.3396572779549976,0
0.8139648822009461,0
0.3942796390661549,0
1.4133065234920734,0
2.398580153844228,0
1.7590790888072212,0
0.3701163309448369,0
0.4688618093132722,0
0.6550891990266678,0
0.4509099054416862,0
1.0223408611224092,0
1.2173883927703426,0
0.4891301636369138,0
1.4748617102559571,0
1.35060409752592,0
0.7602715838060181,0
0.9173547768056315,0
0.3772298529387626,0
0.846935212217968,0
1.0036993126941225,0
1.0880355228881076,0
1.2085707414350368,0
1.1298906652366334,0
0.8761904100167606,0
1.1538422626640439,0
1.6503972172302595,0
0.9533730187390451,0
1.1721005083033587,0
0.9111155680351691,0
0.7236991886388688,0
1.298798794989827,0
0.7575899732494178,0
1.2129718836338255,0
1.0142279531329954,0
0.8590163372511354,0
0.8486814102220827,0
0.7756448770534033,0
0.43915599556902074,0
1.211001311525688,0
1.1227414442885095,0
1.5293382511040954,0
0.7666472814227827,0
2.5797482399007587,0
0.8270683213197857,0
0.6456131322373552,0
0.6084488313378188,0
0.42022659486105335,0
2.15181989352361,0
1.9848308479792414,0
1.3503618336208034,0
0.6388763148098107,0
2.4734992309739643,0
0.8387357497043885,0
0.8741415887289103,0
2.0516196209500968,0
1.3902106636481102,0
3.005823486990466,0
1.1324247498960436,0
0.8199471436298775,0
0.7364584635652571,0
0.39712742159507375,0
0.8699688379675535,0
1.7723328433888628,0
1.349072185710438,0
1.0102057301013685,0
0.6080688143595085,0
1.1201207690540553,0
1.6593182953951193,0
1.2403078664985132,0
1.0869412782347456,0
0.6713404949750352,0
1.5427875954813084,0
0.2088889705900015,0
1.210971408459945,0
3.615249931163959,0
0.47039303283103345,0
0.8863133459058187,0
0.9960523176038489,0
0.793508198474343,0
1.678981099912458,0
1.2664598737590889,0
1.079124631694819,0
1.489791653902469,0
1.0084105259400948,0
4.9034166831892465,0
1.0786103146012198,0
1.1025669468313675,0
0.4251836759191821,0
0.7620636751088572,0
1.7748019529506842,0
0.5128722833287584,0
0.3400105653992788,0
1.0162889777092203,0
1.9845104394827746,0
1.0214167297667618,0
0.8453011696712298,0
0.39485211804743814,0
1.2537349564155784,0
1.3918552291295345,0
0.41030017642224603,0
1.7634396076040726,0
1.4664547643211054,0
1.7614863527867286,0
1.338785079909057,0
1.3865814846866036,0
1.2973976485347574,0
1.543783406117958,0
0.40277431570322697,0
0.4721163984984915,0
0.6921144477655903,0
0.9371517228027265,0
1.2141794048412868,0
1.1762610740894437,0
1.7481409442906732,0
1.7757940043305638,0
0.6464932289974396,0
1.1266944215387422,0
0.6544790038270747,0
0.9101703318071351,0
1.1745624373835637,0
0.18188947833923544,0
3.338835253992358,0
1.327376368467074,0
0.7424114774467956,0
2.6213380083239186,0
0.8405359244860724,0
-5.021332394094956,1
0.7838340866495207,0
2.2841544651262793,0
0.9488615768274183,0
1.0776061469235145,0
1.8255678266157032,0
1.3398661604731499,0
0.9731918597082246,0
1.742281543446937,0
3.5581530879167595,0
1.1719924209875168,0
1.0601178105074078,0
1.0890584785382154,0
1.9255559869271541,0
0.7411154465439194,0
0.8700898647464508,0
0.4636054208848057,0
0.5532562897861742,0
0.7719002081639696,0
0.9724190004051113,0
2.421874102272825,0
1.307342436793181,0
0.6337889571645621,0
0.6948979750503118,0
1.98848758374478,0
1.7564683509494643,0
1.0141744736509741,0
0.8015056699617904,0
1.7549957194452543,0
0.6085576904770384,0
1.2165453955022556,0
3.115312584773198,0
1.1081343562484764,0
0.678544823242342,0
1.2277513817088497,0
0.7905674031365625,0
0.49804844783669344,0
1.419802835077793,0
1.7487778985162268,0
0.8560270216108077,0
0.8281029164858437,0
0.6182992622799373,0
0.9277733599328807,0
0.7548892785144959,0
0.6031940397721022,0
2.575604889827375,0
1.2626925790231127,0
1.331355443887107,0
1.5553487304864477,0
1.4703759382192882,0
0.8133815434400058,0
1.1459985024003694,0
0.874139555026006,0
1.2451198774481715,0
1.1863073827168362,0
0.8258599016564265,0
0.5144538834430732,0
1.0758580491798644,0
0.9029078821392719,0
0.38860723509381684,0
1.288953803695972,0
1.6203967977281568,0
3.540182351720594,0
0.82234213190347,0
0.7638713085772709,0
0.5742384704352521,0
1.109956641937213,0
1.106452653623726,0
0.6665446383127456,0
0.9162509939296238,0
0.37182467727790225,0
1.5891326653670859,0
0.680219574106563,0
0.9828210936977734,0
0.4900015568444751,0
0.7473835291297467,0
0.8695359705930649,0
0.9943704819776303,0
1.2710791419829404,0
2.0534833406969257,0
1.442467907594726,0
1.617824380383448,0
2.0607130320435205,0
1.3295678182754753,0
0.9818138037619383,0
1.6562499045588157,0
1.7100192760259483,0
1.3830385396304243,0
0.48320523494152695,0
0.6565673004056527,0
0.8715979289905891,0
1.4767009478502624,0
0.9893835470611257,0
1.7655006714885926,0
1.9301897504359864,0
1.821363204789508,0
1.8271735820959276,0
0.5954148125877876,0
1.2729254427677075,0
0.7380346380339625,0
0.43843962336047865,0
0.8661167484722113,0
1.9393802878937374,0
1.2590670435312683,0
2.7425953656114483,0
1.0926599806385124,0
3.400428240559599,0
1.0928190180809816,0
1.011303555889637,0
0.5274532495733242,0
1.7424311839244226,0
0.7779736965241261,0
0.7235947219047498,0
1.8976481086789123,0
1.784451944864902,0
1.7612533452766674,0
0.8343556179992773,0
0.9748341425569937,0
0.9705161856731227,0
1.478841617353565,0
2.1744642975941413,0
1.2021039071572774,0
2.6843686017681265,0
1.5661137136558483,0
0.8892296996291595,0
1.513395350518782,0
2.3466062592048185,0
2.7159573101774757,0
1.8102150896884492,0
1.0129199777436233,0
0.89731650836335,0
1.3338036553701078,0
2.309398838602812,0
1.2422006955876745,0
1.255163616669653,0
1.0260319915993805,0
0.848788253000591,0
0.9221316729408675,0
1.0700581498194137,0
2.3609167526466983,0
0.8870473736351883,0
1.0266550958272092,0
0.6487623356436127,0
1.430917051143885,0
1.9804806927527783,0
2.2529690474358146,0
1.1070316701968586,0
1.3326602621919283,0
0.9260980530813671,0
1.3021403580361564,0
1.169975228366973,0
1.0295606868397775,0
1.0713042657667433,0
1.2535269544013492,0
0.8632281818816723,0
0.8858138995990253,0
2.3482749783349246,0
3.8778209475770637,0
0.547614627303686,0
0.5327326357311329,0
0.6196649105491447,0
0.9496666910095305,0
1.5650069353543583,0
1.3439680520524715,0
1.089823294967399,0
1.3027374398201872,0
0.7074820093177631,0
0.885094034562048,0
0.990003031053587,0
0.45288902137693987,0
0.5595316959398877,0
0.5707619647196469,0
1.4652913726028178,0
1.1305197404549865,0
1.3573450192864156,0
0.3985877935809649,0
0.47626381598211753,0
1.3932062145476083,0
0.24924103945088055,0
1.8446963404038466,0
0.40185716206036853,0
1.5245090837851878,0
0.6412779399472702,0
1.6895324900961477,0
4.9732843504722455,0
0.3209118465007296,0
1.4157912667671,0
0.4049136855059597,0
1.2378604689794168,0
0.9017787459239476,0
1.0670428824300562,0
7.294291938593907,1
1.4773804521117797,0
0.48472240196815375,0
1.860450441860758,0
0.8149527415057048,0
0.49591767755600363,0
2.2199139007149347,0
0.9668892433824772,0
2.5956007305476514,0
1.8416797534509393,0
0.6709418198556143,0
0.958395352875897,0
1.062387750696097,0
2.145025842286067,0
1.2445311301356814,0
1.0921479030975345,0
0.9048918967254601,0
0.9750383085581139,0
1.9199440458703314,0
1.0018543926621506,0
0.8207812604606226,0
0.7540824379444852,0
0.7581435154321222,0
0.4960651559801335,0
0.6871603181968318,0
2.115328538580957,0
0.9018567094121471,0
1.4222012313566084,0
0.2895641959304997,0
1.3286397233874336,0
0.9224922057224008,0
0.7860616838549254,0
1.0946995901249015,0
0.7804281287194444,0
0.3457852159097996,0
1.5858554385227528,0
1.1291992810125036,0
0.8547286512517662,0
0.6168726452434419,0
0.47953962109398995,0
1.1184528579924078,0
2.2405480029323668,0
1.1069220529452963,0
0.5008839692386204,0
1.1191375718139198,0
0.9736810615965524,0
1.5403687149146188,0
1.3544108851792163,0
0.2247174896963815,0
1.3134025052334197,0
-5.021332394094956,1
0.4912194182197011,0
0.9100673190887681,0
1.2281212400267871,0
0.44026991140033345,0
1.4223183889427415,0
1.464727800890393,0
1.0237661159631142,0
0.648034194252752,0
0.6128169493393631,0
1.6702378906757172,0
0.4697233647278777,0
1.702734061092101,0
0.9207197484194476,0
0.9532126623320135,0
0.4256900189170018,0
0.929267799713067,0
1.3590592847281244,0
0.5126278970283646,0
1.2831499247333107,0
1.0455113823712794,0
0.7247867488471463,0
1.53316855243015,0
0.3324956889649336,0
1.1892708335134543,0
7.294291938593907,1
2.0543748030141753,0
1.2151935448380888,0
0.8599849515671398,0
0.7276746221635619,0
0.8594497698867195,0
1.3124605054680745,0
0.6678966034171048,0
1.4604022464267528,0
2.9054266848996333,0
0.9695321750741831,0
0.5105853830246259,0
0.5104960529411658,0
1.4744466632607265,0
0.9705687011110516,0
1.5502488214758672,0
0.7658131070542932,0
1.514842955375175,0
0.9239017106768769,0
0.6933280413432794,0
0.8183221124403186,0
0.5496205336387333,0
2.7038583711908903,0
0.9529518447435906,0
1.3802395131199106,0
0.7645754500702068,0
0.5909854323759437,0
0.889638342610165,0
1.7342868070830046,0
0.7707695129522728,0
0.6470925263967867,0
1.0808330886804882,0
1.2833980672326195,0
2.2737355243904105,0
1.193482184029843,0
1.379879724574849,0
1.4328100965413098,0
0.5618571229894957,0
0.6177533351662863,0
0.5816140795199549,0
0.5137220709078505,0
1.4884420031586072,0
1.1560685246033338,0
-5.021332394094956,1
0.27352609298569547,0
2.794738184216069,0
0.6394569348894995,0
2.7896227676648606,0
0.4845082885701788,0
0.6661765328150161,0
0.3323971828375181,0
1.1984900681663897,0
0.5765873630109021,0
0.5847913997005146,0
0.5034569315640891,0
1.4750288241079272,0
1.4272247520588406,0
2.474447021842798,0
0.7097423156440504,0
1.1156193098110718,0
0.524836969605496,0
0.8457601151912966,0
0.7714968758466493,0
1.2614034858840908,0
1.6628132605715162,0
1.641373424639754,0
0.6561235718148363,0
1.647458755217001,0
0.9781985936653517,0
0.850187429978544,0
0.7016954904092297,0
0.755808004634006,0
2.3896739238456117,0
1.1661472696411546,0
1.0912304619754136,0
0.8771095067246956,0
3.397328222243901,0
1.9203457432224114,0
0.6973059182582975,0
0.8721380727026569,0
0.8984158154582139,0
1.0756616806831023,0
0.7042562508873146,0
1.2453395973537886,0
2.0668879412941346,0
0.5185006205466018,0
0.5688870512321347,0
0.7853865377228691,0
0.8038056402145555,0
2.7161975355524803,0
1.6501308866476676,0
1.6034558015877207,0
0.8761807736190932,0
0.8666182562330741,0
0.4839117580903,0
1.4782664948565507,0
1.278295183646381,0
1.9021763582224076,0
0.8999510944105702,0
0.9315647562560019,0
1.0887418508409874,0
1.5619714724174254,0
0.4794537657750848,0
1.444882591735475,0
0.9898045485155322,0
0.5890061617695608,0
0.3526416560473864,0
0.9340392146395898,0
2.0623714121049326,0
2.310219018795754,0
1.1944527197007941,0
2.6671295839335682,0
0.9787583098173043,0
1.6106724712894456,0
0.7980249275784639,0
0.7731366867952828,0
0.7126573433550248,0
0.3569125541511222,0
1.9032179852618794,0
0.7255565818392848,0
0.6698379979908012,0
0.5543351336174507,0
0.9028672753442171,0
2.415113189295902,0
2.8487759916395445,0
0.4358603269881484,0
0.8375921445530278,0
0.5962001268065765,0
1.6391353392008854,0
1.1540722490790316,0
0.7273956957973239,0
1.0369529327250748,0
0.7876438087222272,0
2.241450155364036,0
1.31453074956458,0
1.3978169671547611,0
0.2635640836092089,0
0.9671570962179934,0
2.8337629125494668,0
1.940730667731821,0
0.39710887444420817,0
0.8549494656100257,0
0.5483948441509408,0
2.3526698277034104,0
1.1299113079883205,0
0.6812010560841745,0
1.0172256512639108,0
0.27152996848642175,0
0.5813044484423269,0
1.018388894054251,0
1.5262865354799402,0
0.37883403950166783,0
0.8264815757597842,0
1.656725177553348,0
0.4839727564449487,0
1.1214151532269483,0
1.0335373631610234,0
2.356529910765137,0
0.8913054470091061,0
0.9177774938318759,0
1.5333883223442824,0
0.5152132769612777,0
0.8954386193451374,0
0.7962337301315981,0
0.9329012674972674,0
1.5283721648657849,0
1.3192728881800468,0
0.6877422456027107,0
1.0707395753896403,0
2.1069066034548842,0
0.6598895216591841,0
1.0752824703701964,0
0.9079369524046463,0
0.9689885263065491,0
0.4424938065520264,0
2.024618782247847,0
0.6789716190581301,0
1.6703546766003203,0
0.7329422954330596,0
0.7314310466280175,0
1.8341141726184418,0
1.6436876780633036,0
1.1099699573216681,0
1.4631260470713279,0
0.8656484583036985,0
0.9958249260967286,0
0.7183400633440109,0
1.5715029817585129,0
0.7070126889977024,0
2.101346169538376,0
0.8539205825756678,0
1.0103070373263603,0
1.4613548872084463,0
1.0120036834129746,0
0.8616086125943221,0
0.9851003903127228,0
1.5634722932478504,0
0.7178991990619208,0
0.9388322120654925,0
1.0051566134700947,0
1.5407858797145033,0
0.9513029698053269,0
2.4698305554315314,0
0.9247153774644192,0
0.8879482460153553,0
0.9180383984965047,0
0.5177200047003253,0
0.5954943230108903,0
0.7669501717342917,0
1.7645839221306818,0
0.9835733831203072,0
-5.021332394094956,1
1.8464546089584013,0
2.1718700409094174,0
1.8732806095139913,0
0.652760491594932,0
0.7806531717075951,0
2.4765538944548235,0
1.1281395342479559,0
0.8747531624774079,0
1.4321459456025005,0
1.6547493276125975,0
0.7514694027931164,0
1.115965533263794,0
1.5892783330426217,0
0.5598179860588307,0
1.0061918192630006,0
0.5728136538876967,0
0.6115306218685996,0
0.7546131548389673,0
1.2694195756311766,0
0.8512824393715275,0
0.723099053691962,0
1.0261123889768093,0
0.5635600618021606,0
1.2391201965982852,0
1.7606681733971168,0
0.961171889757385,0
0.9036397572308313,0
1.2052899695298622,0
0.3626798791508767,0
1.3078815990044064,0
4.715914731705363,0
0.9405051912768392,0
0.9421766298272765,0
1.4503479599888898,0
2.2765618267238,0
1.6282143478582136,0
0.34034228768708685,0
1.3253802757552144,0
3.6181580581259123,0
1.3650902223055121,0
0.56141159775593,0
1.1513265648406354,0
0.52711126395768,0
1.8522513490308419,0
0.6200585970648737,0
1.037819437547648,0
0.6512315600643275,0
0.7609223000426005,0
2.102391114481865,0
1.0530898766430452,0
0.7560851802488128,0
-5.021332394094956,1
0.3922520178055888,0
0.5349188013612716,0
1.0575761308792186,0
1.632507023344989,0
0.7556509269979139,0
2.1930029187177396,0
0.6985488192918985,0
0.8878025969450989,0
0.5828715981678367,0
1.641123170165995,0
2.8540964324887623,0
0.41440626062378744,0
0.8410694565938236,0
1.8821032914393765,0
0.48506481358628567,0
1.3275590476524217,0
1.841786639260425,0
1.0398894476624339,0
1.3167038567383267,0
2.4119877330788553,0
2.6490822971272827,0
0.9694914662873901,0
0.7662943419346154,0
0.6312899233150917,0
1.6298403662623273,0
0.5036429074985185,0
0.8813618428857843,0
1.052685886758448,0
0.7776324806232947,0
1.150170431282369,0
3.604765280357695,0
0.9410120864919211,0
0.8043644522338644,0
1.6614087917667704,0
1.1272621560519072,0
2.0537510170919004,0
1.0858290644543254,0
0.883192933963517,0
0.4098916411685596,0
0.4449170819360962,0
0.3993770402670281,0
1.2088501072076248,0
0.5060475003284238,0
1.8734631742990295,0
1.0152382179334398,0
0.8850656467993119,0
0.6557815571758809,0
1.3649658010334367,0
0.6688142505679869,0
0.6109812534484869,0
1.8115357393448932,0
1.1940018691094816,0
0.889171886401709,0
1.3781148194337878,0
1.0044759237118086,0
1.211072796190959,0
0.6646970199883269,0
2.815667354753912,0
0.7484057632590676,0
2.177131453890186,0
0.9098873988523613,0
1.4971279276936005,0
1.4435592271426816,0
1.7743353064862712,0
0.6568419493571616,0
1.7122661047176861,0
2.517383139972491,0
0.8786694629459968,0
1.017504472162914,0
0.7697239605195504,0
0.8409541607921855,0
2.3530477421978957,0
0.6052478332687177,0
0.6243404846635854,0
2.2377042864529373,0
1.366529361697214,0
2.886905376778121,0
0.7983411082535493,0
1.0651765591057762,0
0.7186804391365138,0
1.0742799082355388,0
0.41186965599081765,0
1.408432351360037,0
1.1755510798152589,0
0.9716327926569024,0
0.8226847822536,0
0.6393028497023434,0
1.438867658537885,0
0.5568023258198302,0
1.2916855017419104,0
2.8213787880792114,0
2.1017298512264837,0
0.47115696977069615,0
0.7646255591305204,0
1.2345732579894193,0
0.9654693131383988,0
0.49673288149963796,0
1.2124680291090413,0
0.9950040738024073,0
2.6042968207197843,0
0.8810733918872967,0
1.7931999271317918,0
0.5307075294038692,0
0.5980956135407397,0
1.4345209775145877,0
1.7192108721821522,0
0.6195905867379262,0
1.0121114601027725,0
0.5011801875524808,0
0.9133739365745615,0
1.5196216551848145,0
0.8045442993883357,0
0.882922939896485,0
0.5684182934589597,0
0.7231206426222191,0
2.408623585759964,0
1.0371353545586066,0
0.6058311977244788,0
0.8543742281109209,0
0.4499072580935687,0
0.6022516811332649,0
1.9742130623801093,0
0.9312372392572094,0
2.5737528534943763,0
0.9534446363377509,0
0.9821714942992972,0
1.3777435872635704,0
0.2628179239028581,0
1.107903689625901,0
0.9758042814001247,0
2.1022736441948506,0
1.6198599535505223,0
0.5673120109325235,0
1.860916874064055,0
0.8770798315228933,0
0.6362099798417071,0
1.103571375276771,0
0.9035853767586722,0
2.1581096079882935,0
1.1856735553476412,0
1.1083023835607904,0
1.5688196815473452,0
1.727086369225533,0
1.4796455223290832,0
2.0334456860264525,0
1.3557315615428747,0
1.0874393718062063,0
1.8581586626061548,0
0.9555692239540805,0
1.0167621933123967,0
2.3650246829350907,0
2.2500716586039724,0
0.995920440641859,0
0.797099481004733,0
2.0783758557208745,0
1.4921367886167498,0
1.1709210099119791,0
0.8513462532343575,0
1.1803940098046741,0
0.9892044646564769,0
0.7173660133325965,0
1.066648152860454,0
1.1419211037566348,0
0.8288653733632223,0
1.5713149935588242,0
1.9048746314593106,0
1.624091929265077,0
0.870990514445868,0
1.4592327036012,0
1.0397504149530121,0
0.539089868919109,0
1.3998494417749399,0
1.0758013443436163,0
3.6574785931632317,0
2.072250949401102,0
1.4270010559412376,0
1.1326785779227084,0
1.0853050803654154,0
0.6054128228576973,0
0.4191637543388071,0
0.6464369862784769,0
0.9764238550889984,0
0.34896988876770324,0
0.7617316915434953,0
0.8835507767873366,0
0.8978850040393104,0
0.7183044325045659,0
0.8430264822405688,0
2.3677660461489833,0
1.3924609380348414,0
0.7556700888572452,0
7.294291938593907,1
0.9859430666054021,0
0.6811466050887396,0
0.6807466225056076,0
1.657419724388183,0
0.8106716407751466,0
0.5784818000011713,0
0.9786608004399034,0
1.0607804136917192,0
0.3729346364487823,0
0.9798329520796114,0
1.5434033833414171,0
1.2530927465416335,0
3.0492557900929937,0
1.8692826378725755,0
2.0636309170601144,0
4.05537421424664,0
1.4609371756022673,0
1.084951303009554,0
1.6272152964084836,0
0.7560723421564755,0
1.0553190726647348,0
0.7233487401911421,0
1.2201725446446037,0
0.7218379985468878,0
0.7093088385311758,0
1.2296586942794197,0
0.9334613498021556,0
0.3814556953151286,0
0.4829807599205299,0
0.5634744738994556,0
0.6430801238767636,0
1.2302429432759359,0
1.1156859566819108,0
1.7034228804349756,0
1.457031157196776,0
7.294291938593907,1
1.3555375556955245,0
1.1105325272361326,0
1.7326913115867817,0
1.583608962599929,0
1.2068910631018583,0
1.8880337345317455,0
0.3094700002590182,0
0.8648219883270948,0
0.8582196303470382,0
1.7795160383012496,0
2.1939366746633238,0
0.4842811342032323,0
2.025028120390421,0
0.5567034464176382,0
0.5651819169364747,0
0.8894581239595812,0
0.8529083035257969,0
0.4587689191276764,0
1.3839462043438524,0
1.40452787229976,0
1.6938783783034002,0
0.8051492098496876,0
0.9804032057582941,0
0.9849015594477307,0
2.3256456995860004,0
0.24241057698397092,0
0.619729507420234,0
1.0027742625596492,0
0.5811274880999385,0
0.8788331839704918,0
0.9389080121680198,0
0.7197559704183937,0
1.0327596208924408,0
1.3689919127557697,0
0.8885776661770168,0
0.7972417135123504,0
0.9204593331918307,0
0.996288730524417,0
0.41888461339940464,0
1.2595782704951795,0
0.7981165698268111,0
1.8790522688214937,0
1.343834020497856,0
1.795050584117137,0
0.6032027538742273,0
0.8305282618436423,0
0.5372835790297084,0
0.7028613699134614,0
1.8702137184069725,0
2.103800117051671,0
0.5632303160336564,0
0.7952181224018946,0
0.962618757503725,0
1.3401785091914424,0
0.4148222632695525,0
0.4486554576243878,0
1.277382512246537,0
0.3773737193786658,0
0.7997959046345723,0
1.0844206749739038,0
1.2310075556109694,0
0.9315931930100214,0
0.8328694602133854,0
1.5254438697775827,0
1.1532718193816696,0
0.7236059440259527,0
1.0190404490912313,0
1.2111671861623863,0
2.3610787704652725,0
7.294291938593907,1
1.8354293419928178,0
0.7368995453765889,0
0.7694406527356827,0
0.8889715942917099,0
0.9307297498089888,0
0.6041018442814506,0
1.8831893707869352,0
1.555311456088069,0
-5.021332394094956,1
1.378306159345187,0
1.1178973798777432,0
1.4332061398663527,0
0.510607767516617,0
0.929758376693104,0
0.9713977513258344,0
1.3659102412548887,0
0.7303592076493268,0
0.2865147209734148,0
0.5822532090076509,0
0.9699371602259482,0
1.0324577374377948,0
2.3207120607229696,0
1.338263958070738,0
1.041607444491353,0
0.9839348058023304,0
1.736882242037366,0
0.744490471041211,0
0.9322615283241028,0
0.5800569097078753,0
2.032879019162871,0
1.2168304283357212,0
0.7020422805951587,0
0.9443791937860146,0
1.2902363022064085,0
0.8821797404656626,0
0.7654929214757367,0
0.72098507452081,0
1.1846897780283545,0
0.8360832081208188,0
0.7970173212382264,0
0.5127171873583137,0
1.039583641480436,0
0.9133722868005762,0
7.294291938593907,1
1.1044918210601384,0
-5.021332394094956,1
1.4201787386352078,0
1.3183279781402328,0
0.8866232446101612,0
0.7531437487775294,0
0.5933577220316152,0
0.7433574545397927,0
1.009873471808367,0
0.6749321843231416,0
1.0492006300952976,0
0.6170974419401682,0
0.435833083691409,0
1.5063704177151145,0
0.7888277489029832,0
0.6580220572172157,0
0.5787274887602721,0
1.2355521897572839,0
1.9886457028687288,0
0.8174733872991903,0
0.89782358129873,0
1.7088419518297306,0
0.4044517421070183,0
2.6736225722235356,0
3.3941391037383224,0
0.25842008940765576,0
0.9524176670991459,0
0.6980437382492293,0
0.8760028930765771,0
0.8112390288556403,0
1.500621790536159,0
0.9452697396038984,0
0.6341602431073489,0
0.9175092836843349,0
1.2935522530708896,0
0.553296826941731,0
0.43906103464671065,0
2.7084361459742476,0
0.7252685058067728,0
0.9336286662079968,0
0.8196337351881555,0
1.315272478356848,0
2.4263667200977683,0
1.3363832808908707,0
0.4680488661008167,0
0.5005430281941297,0
0.8191546479132149,0
0.8744880935509175,0
0.4227494320062262,0
1.5063213103199955,0
0.5809095123403093,0
2.1099215803003433,0
2.485108445416067,0
0.8832678651721393,0
1.2454368105240312,0
0.5401147775224353,0
1.3659336168693035,0
0.7795049722648292,0
0.5806438756242133,0
0.8653099659277161,0
0.7922533878333686,0
0.8499483453661068,0
1.6077568576718346,0
0.6752624854822191,0
2.380978410099932,0
-5.021332394094956,1
2.2427776872157876,0
0.6015441713391436,0
0.9994935120400452,0
0.7826277925500176,0
0.8420934073741797,0
1.492837420586377,0
2.116816689416241,0
1.8135066605207824,0
0.8167451504224525,0
1.096504739441218,0
0.6763538204500257,0
0.6090985776632275,0
0.5637465810362581,0
0.8034931223205333,0
1.1329250357920833,0
0.3844630552318206,0
0.977089668923694,0
2.1340307498709015,0
1.752346127810324,0
0.7463265512750444,0
0.49736234474939567,0
1.258493226317137,0
0.31388954417471,0
1.742075220332187,0
0.8987110319482916,0
2.4983990838418064,0
0.42169088102223146,0
1.5826064070281556,0
0.9509874450090703,0
-5.021332394094956,1
0.5041296849474133,0
1.3469919933583154,0
1.402236823093589,0
2.4413810932109246,0
1.6553709644743104,0
0.7430829009759133,0
0.6053604024356608,0
0.5044705998212567,0
2.088846861535785,0
0.6776752133732523,0
2.0961764236088034,0
1.300223301928775,0
1.1793358497119788,0
0.8577572402669384,0
1.3914362074731574,0
0.9922944596508518,0
0.8314312665731409,0
1.4162356392468542,0
0.9305438725174112,0
0.6708783940428512,0
1.3497418983039007,0
0.968513528413183,0
1.2769252068043784,0
0.7969766251416006,0
0.5463143958720786,0
2.3810390814652287,0
2.166917618353302,0
1.555648469100001,0
0.8237358732026203,0
0.860571146284412,0
1.996037016280918,0
0.8378509830932963,0
0.7288567865641946,0
2.550061146285224,0
0.9764430598539604,0
2.4210774400732284,0
0.496984741111876,0
1.2957535805568463,0
2.8166304640216513,0
1.014986561322181,0
0.8763390267023685,0
0.5577324238288431,0
1.7180183889786664,0
0.6804070606427495,0
0.9537017573867799,0
0.5394252058771911,0
2.178087721888161,0
1.7814767503280373,0
0.9843316710907992,0
0.5615387656193291,0
2.15535086485619,0
0.8327965839928254,0
0.5754502964482525,0
0.4143438864976457,0
0.7239864762765696,0
0.48320269196135734,0
0.7324132184161605,0
1.4509294728798883,0
0.8288632609797152,0
1.1946421578682098,0
0.6965140387928084,0
1.0331212224772546,0
2.61287307531309,0
0.8400926975447232,0
1.211930713349738,0
0.4571409030969366,0
2.1383896830272495,0
0.787727300422479,0
1.690909965164213,0
0.9402681787362734,0
1.3576967291502757,0
1.3986482208080315,0
0.7975424875987503,0
1.7262530936836895,0
0.684208603487365,0
1.475456022806737,0
0.8227502008130781,0
1.1909829496980013,0
0.7937422431938974,0
1.0253028038501055,0
0.5842964232628236,0
1.1317651485869769,0
1.022339795538898,0
0.7633208865716485,0
0.9728610787520258,0
1.0692978713503312,0
0.7347841277629555,0
0.9376492930790878,0
0.604849283331091,0
3.231241793300741,0
1.698183805228526,0
1.1463088135642685,0
1.7968883305884866,0
0.37171559809965027,0
0.27836004734583464,0
0.8190210192938409,0
0.5019362939622874,0
0.8884270297481571,0
1.108301119935476,0
1.584402317035671,0
0.5660165323324449,0
1.2211772385113349,0
1.0072207916710771,0
1.1897636274120336,0
0.7711395096827537,0
1.9968432725986882,0
0.9495621226090779,0
2.42805642386625,0
0.6735491378541595,0
1.4497826809276755,0
0.9706064076610235,0
0.8488513398192022,0
1.3718465379392912,0
0.8610637464599297,0
0.264217495458142,0
0.21622536438319764,0
1.8893088609225885,0
1.8498956441651786,0
2.5693950269634898,0
0.9912741688450756,0
0.5239718062374745,0
0.8107529288147013,0
1.0057286037340296,0
0.6043999615849404,0
2.280255188506825,0
3.0640924972551002,0
1.2701567910438478,0
0.9945828525997146,0
0.5233611649770255,0
2.166725297123107,0
1.0388905921072156,0
0.8653837756208126,0
1.27199564902884,0
0.7461297513381809,0
1.0762013651473576,0
0.4861522534580878,0
1.7220984816207947,0
0.9491337802829494,0
1.7849678972161291,0
0.9043235359028328,0
0.9341671882232186,0
0.5454420489200629,0
1.4621069129242967,0
0.6453774258212499,0
0.7841059036253261,0
1.0005237301400318,0
1.0624866869884146,0
0.42611395430783455,0
0.8910070556496177,0
1.488271097984108,0
7.294291938593907,1
0.8937172070079887,0
1.0845910737749789,0
0.9389620496737666,0
0.5973466079726505,0
0.981991072476504,0
1.6438426576084386,0
0.5912076476439352,0
0.8292439103520659,0
0.5011671193477297,0
1.6011001316413278,0
0.9548709262270758,0
0.6537045311768169,0
1.047213471747108,0
0.5478246048281913,0
0.5964572156118227,0
0.48187681654623726,0
0.5866132007955392,0
1.9712518385951787,0
0.6931151266684182,0
1.2625235826576828,0
0.6582630141443698,0
1.461943730974842,0
0.5986722452616947,0
1.019807581468132,0
1.0267779085531226,0
3.202406851596791,0
1.3705507193463495,0
0.743451306744083,0
1.4084988358625077,0
2.912719658404475,0
0.4427198750207698,0
0.6562319164876184,0
0.8882973134738108,0
0.8117652240498551,0
0.846725815572911,0
0.5209422266126149,0
2.017739906337129,0
0.4910033643186357,0
0.9047411441033776,0
1.6869384126621776,0
0.9850208913201087,0
0.6128119969669911,0
0.509493681287629,0
0.8913665022237112,0
0.6848778464822425,0
1.108065326864984,0
0.49622512515858297,0
1.5015799720234846,0
1.0594763340602642,0
1.0995689036057736,0
2.0555395929376523,0
0.8034038626528649,0
0.6956501887490979,0
0.7604219410459859,0
0.9082248628208714,0
0.9555363745766692,0
0.6601099490932815,0
0.36365755885838674,0
0.7554327610972139,0
1.1971130099957867,0
1.0705035584326397,0
1.8217129411445714,0
2.658450068574115,0
1.4617975626918456,0
1.996229839288397,0
1.4672459587225808,0
2.3512559400423,0
2.52294486671138,0
1.6089512760009095,0
1.4236017062687496,0
0.9024733791754134,0
0.9795434918582535,0
0.844577593740941,0
1.364278620032364,0
0.6975549279210075,0
0.9088700949257085,0
0.308021731219776,0
2.36681447436552,0
0.8956215868750498,0
1.2558218498171305,0
2.072785484418849,0
1.1620047180675699,0
2.058899982388487,0
0.5374772174190888,0
3.315764763099804,0
1.7221182938202353,0
1.110267798619531,0
2.0391634828084118,0
0.5574862481237581,0
0.8656215809798998,0
-5.021332394094956,1
0.3931633555705302,0
1.3234326948467898,0
1.3048499847111439,0
2.67677552655953,0
0.45317463962271076,0
2.236283930151929,0
0.7559837697827054,0
0.7997111092603488,0
0.5428065991536551,0
0.5804648570775804,0
1.2235557559529509,0
0.5734033074622706,0
1.447940449130114,0
0.7178583428463056,0
0.5452467126846144,0
0.7680468284262818,0
1.183354966117478,0
0.8705094787593041,0
1.017252188378442,0
1.416379164431116,0
1.7180857341984803,0
0.8563743665947617,0
0.5932668342285751,0
1.038780303141348,0
1.2653196690376054,0
0.48173425604180514,0
0.6406293999247101,0
0.6979600254550465,0
0.9013054249947303,0
0.6835079771782905,0
1.4240719843909144,0
0.44817719476855633,0
0.45390863367883494,0
0.8462466564727884,0
0.9159198647155593,0
0.4832013026763303,0
0.7383226008852081,0
0.8183035618542854,0
0.8214789435767189,0
1.07889863850403,0
0.7183564086542314,0
2.093669252765336,0
1.2764749325528024,0
0.6679401132279973,0
1.0483900970875297,0
1.063970493969011,0
1.8355804210631343,0
0.7406765790694373,0
1.4676600779658873,0
1.0211477480708129,0
2.1080919688715967,0
1.906836767217099,0
1.1035029856133853,0
0.8770938230597103,0
7.294291938593907,1
0.9137255614932978,0
2.3167226891640365,0
1.040014899079355,0
0.816424110109385,0
0.794686530743083,0
0.5452462275924448,0
1.3208554092807534,0
0.6636465328294763,0
1.7316489868052762,0
0.5238931503494215,0
1.0656881326886172,0
1.7773293620648352,0
0.34091451157862956,0
2.7432209848182816,0
0.8084450249734815,0
1.0730957453065717,0
1.3307259398415718,0
1.4377286300841257,0
1.1467615990159983,0
1.6465666335879108,0
1.29632761645813,0
2.411962110554326,0
1.2984402954423013,0
2.670638974149683,0
1.5691583928457427,0
0.40540242514252867,0
3.6897228218228633,0
0.7503826112209305,0
2.1122886071079146,0
1.0134868597027582,0
1.699858698029254,0
0.7087591914891332,0
1.367346870769766,0
0.8810902017046152,0
2.202298429743561,0
1.2452472240136534,0
1.596751608233393,0
0.33890398705743996,0
0.9581160793820632,0
1.2278636845900306,0
1.1182975153278647,0
1.6170097444981775,0
0.8328080274917044,0
1.0246935092569738,0
1.8050952892280434,0
0.3200287313587721,0
1.3426902503182934,0
0.8462483428400711,0
0.633713029244122,0
1.1832585458572935,0
1.8473009879767104,0
1.6813077542396322,0
0.9346748955479018,0
1.5494042185025982,0
1.5434712668771464,0
0.9572548373584563,0
0.7071303383363883,0
0.7278815023283505,0
1.5203288717280452,0
0.9791470858218255,0
0.5926856570250204,0
0.4306621298554475,0
1.5157581245607403,0
0.7607966194831275,0
1.1796217990549016,0
1.8586556424723757,0
0.5197214736893845,0
0.9776840775167703,0
0.9181935488023334,0
1.2090941438784861,0
1.8581474545357355,0
0.5144145056299573,0
1.3296276948377395,0
1.674914111920294,0
0.9110217273756854,0
0.9335847839034302,0
1.232721940920401,0
1.1881631449903918,0
1.338000457566006,0
1.323977234923704,0
0.6120225487365215,0
1.6407168481292609,0
1.7921062087912285,0
1.0975072225373261,0
0.4737489905870041,0
0.9442419402842068,0
1.1020840061707562,0
0.5642261577764062,0
0.8352125532048393,0
0.4942643943275482,0
1.3547895281568756,0
1.086517532705861,0
0.43915994958816035,0
1.1921190416239933,0
0.9721409510221692,0
1.2946069575200654,0
0.8222044297300714,0
0.6698243933883784,0
0.6801633335694245,0
0.7640782235018935,0
1.009456985636644,0
1.0767844433717975,0
0.9090456746711245,0
0.8092399748121338,0
0.8388682357595421,0
3.5038501009627296,0
0.6802039660264518,0
0.7565504916150205,0
5.191003619887919,0
1.2343032628301138,0
0.5015809178495039,0
1.5240078405798148,0
0.6344356314808458,0
1.5754339433282618,0
0.899891444922544,0
0.802600719454668,0
2.235762838092627,0
1.32737150713376,0
1.626604508899265,0
1.2429155127200788,0
0.8007373711480911,0
1.3575440343532008,0
1.8305339428443381,0
1.069690144288321,0
2.461624018311604,0
1.529963075726377,0
1.1118121757760149,0
1.133990996306341,0
1.0710276032582011,0
0.5349299941000304,0
0.9559629729503402,0
1.1169404907110565,0
0.8121724694017233,0
1.1839289300354752,0
1.0107106983960434,0
1.4723296548648994,0
1.3931344250447468,0
1.08716853681946,0
0.5047931964040163,0
2.448220341398089,0
0.9315126588495746,0
0.9603636858376529,0
0.8426021107893942,0
7.294291938593907,1
2.164152920169519,0
1.99974997489563,0
1.24881699824399,0
0.9476689209635422,0
1.36282396600569,0
1.0375876908837103,0
0.9092715821718458,0
1.1841828524790285,0
0.8020543755528522,0
1.1344320531585075,0
1.107505803175287,0
1.3518418698752555,0
0.7337635224782151,0
1.4262778895133574,0
0.6356191304777437,0
0.7510497940076327,0
0.7676184113184422,0
0.5850687681962322,0
1.6616833281940286,0
0.6159889597488263,0
0.7050700152403659,0
1.8733042594365374,0
0.7517951861838027,0
0.9102178226464546,0
0.6028936292065483,0
1.5166070014404698,0
1.527096350416374,0
1.4469717901596935,0
1.3083475308297108,0
1.0374798544221255,0
0.7693661126732804,0
0.6653216617896649,0
1.905896999014867,0
1.4658014179477132,0
0.7070512589942469,0
1.0201155284937664,0
0.8606584471250744,0
0.5688688560651113,0
1.0928901361959567,0
0.8124130936833021,0
0.6210967990259474,0
0.47732089564876656,0
0.4575350660486912,0
0.8305118646754086,0
0.9583449572265682,0
0.6455514249113389,0
1.3845424358518625,0
0.9677579536146713,0
1.334347829552031,0
0.9126020217716991,0
0.6746516350174624,0
1.0587180459092715,0
0.5318800654129843,0
1.3095967433477838,0
0.6258937797083463,0
1.5826746990169944,0
0.84431648443093,0
1.7010858086691185,0
0.5704603604048138,0
0.7125644959073084,0
1.2098150218575805,0
1.7954371801977216,0
2.3009094415648996,0
1.0208984591033015,0
2.506463549919795,0
0.8651673912183128,0
1.7321853357188133,0
0.624321075746577,0
1.2338017466156794,0
0.31010432048207054,0
0.5707548444014003,0
1.262808740296736,0
0.5188090274265978,0
1.2379723076513731,0
1.573384545343666,0
0.7782868691450212,0
0.6160196122808976,0
0.7889176723103302,0
0.6169877190362567,0
0.9506524135309498,0
1.052370577685759,0
0.8581253783572619,0
2.3098431460685265,0
0.697884327516316,0
2.005145425656308,0
0.5941522863470992,0
1.0370589610612704,0
1.8067916516560225,0
1.7606421071574692,0
0.810479728802575,0
1.3198721291313038,0
1.2344055792108934,0
0.7634027095974072,0
1.3606669290773732,0
2.537669362609595,0
1.2659848192436307,0
1.3273416591393308,0
1.3994474625343694,0
0.48167372960204263,0
1.2587414047210674,0
0.6014692979066893,0
0.7445736767664174,0
2.947539901063505,0
0.881058895247282,0
0.6906742033479304,0
1.7794267990728874,0
0.6226077947227654,0
0.7995473115031312,0
1.8673607755356403,0
1.021614054163882,0
0.4580401098717782,0
1.3125801852762404,0
0.8201787776003236,0
2.159605882549206,0
0.7385300599202632,0
1.6914953951078342,0
2.4298973561257857,0
0.6534615322091244,0
0.9079131902715917,0
1.2144759138037824,0
0.6513729738853664,0
1.1447055854761103,0
0.8936329632548623,0
0.8846760149545866,0
1.0247710239372139,0
1.0362747980927958,0
1.0853911018088058,0
0.7412530805982679,0
0.7576105117239774,0
0.9424298478567327,0
0.9778697276632653,0
0.8029806439681287,0
1.175824755620813,0
0.40357986738637835,0
0.6940348320545606,0
0.8693896084073439,0
0.6517738757690521,0
2.258269941240903,0
1.0094755346518072,0
1.092408442641151,0
0.7853582043668397,0
0.9921415799209994,0
0.5446419176186263,0
0.9185963155422037,0
0.6259378372703146,0
0.8704875757867175,0
0.2780488995351413,0
0.5689278784919055,0
2.079158412074603,0
1.5146719404468383,0
1.9338632148092783,0
2.0014274176891114,0
1.4000300659682752,0
0.7973716938751717,0
0.5953382943148867,0
1.7742402492844274,0
1.0328107686934436,0
3.4799273188869018,0
0.8331438288742458,0
2.6816919699575945,0
0.9245983099068369,0
1.9503801428533742,0
2.3357799676902595,0
0.5996105222708632,0
0.7846645015268291,0
0.5966112126369216,0
0.5406559014764574,0
1.3958917038083365,0
0.9063640928992173,0
1.0265289519356295,0
1.3206440938643036,0
0.3950695645281857,0
1.9029075424496769,0
0.8398373123552096,0
1.3049968841129949,0
1.3639111521970522,0
1.984562090302499,0
0.9489219825772645,0
0.3458262735720009,0
1.0289756643090113,0
1.1055615866501016,0
0.596229016667914,0
1.0765326070266652,0
0.8348449855920765,0
0.5110044529434994,0
1.3989786679606335,0
0.7543773473783407,0
0.8161234837283248,0
0.7935097723079606,0
1.8547303075645667,0
0.9797497658551602,0
1.0403424213633856,0
0.8022635756280873,0
1.2604053948089884,0
1.9633634024650595,0
1.3825510903037028,0
1.4097797417562945,0
1.3540703129497347,0
0.5015152207181421,0
0.6452874414167131,0
0.9025838389018433,0
0.6956337202049448,0
0.5872712253985625,0
0.39215901519612195,0
0.5100407744451838,0
0.8796222028181675,0
0.9658824076318435,0
0.6726521901420758,0
1.0402515993447219,0
0.8049969257989253,0
1.7251030601047515,0
0.9223662666177674,0
1.4164665715786477,0
1.1069482239657358,0
0.4960713461178774,0
0.9556829264204522,0
0.5391227218511428,0
0.9473748652278473,0
0.6889645858644717,0
1.2104370790542012,0
0.5111065648532326,0
1.0073779969220948,0
1.3313690733979169,0
1.5742796217882418,0
0.6824378086431712,0
1.0089149900160244,0
1.0964453930062406,0
2.1674755292773376,0
0.4767967257569491,0
0.6340983105953819,0
4.0642582188803384,0
0.8723638857226542,0
0.3884864820757416,0
0.7473100859067148,0
0.2504648692687617,0
1.1280160212694683,0
1.4991411540124528,0
0.6339208414580896,0
0.7902847454964267,0
1.5869708568220637,0
0.4168171125420778,0
0.516445452383252,0
0.8922065714609831,0
0.6864873925712098,0
0.8633514326328721,0
0.531594042094377,0
1.1131087127616937,0
0.9280993046591979,0
1.3159979131064772,0
1.1053916982816514,0
1.1088739447832956,0
0.48521961443526485,0
1.2792778970616328,0
0.8475264753179775,0
0.9200758618326579,0
1.6889924845912143,0
0.6978732532860784,0
1.9651963504641605,0
2.059035459663937,0
1.4570184915878477,0
0.612436261164141,0
0.3351602099521947,0
1.7150075057346197,0
1.0572725548668063,0
0.6889416252652938,0
1.7981910221659336,0
0.6500022591787332,0
0.8089019007900409,0
1.3001051972544098,0
0.5730390492520754,0
0.9467308355092952,0
1.72386453291156,0
1.1113276390427023,0
1.8658433857038854,0
1.762619718879785,0
1.0038766621014732,0
0.31087303797454735,0
0.5752870487075458,0
1.4647243330436912,0
0.46064586950104763,0
0.8492970307697522,0
1.1844047252907386,0
2.0850343874170987,0
0.7501291792920128,0
0.724883842256026,0
0.9741179508387763,0
1.1917901266623598,0
0.9257755931664743,0
1.6898405484309944,0
0.6706070604061968,0
1.061921992454802,0
1.2493286850916745,0
0.8186354543099408,0
1.521740838922271,0
1.0773230110539733,0
1.4835277355192127,0
1.1019177313806403,0
1.2070776652578665,0
0.7289166571365222,0
0.7295073376569808,0
1.8444815586148064,0
1.374039885682959,0
0.5996059538431988,0
1.0946467542101597,0
0.3051694671232079,0
0.7505341830956602,0
1.6169050165149286,0
0.9393446813338682,0
1.0607289228233863,0
7.294291938593907,1
0.821908002681681,0
1.1842813227512887,0
1.2619333348190043,0
1.61797902605191,0
0.9002084999415081,0
0.9205095474726871,0
0.5137293468774451,0
0.9027940997266884,0
0.5321725334621317,0
0.39695392621546904,0
0.5812410703395383,0
2.126212980553597,0
0.8734707807357016,0
1.116209624073585,0
0.7735630299545976,0
0.4084950387797066,0
1.5968877240383956,0
0.337530612213567,0
0.7577541105384706,0
0.9730620369266854,0
1.1221481301748415,0
-5.021332394094956,1
0.39892544207223846,0
0.669953718286281,0
0.6877162222410799,0
0.6793989643764995,0
1.6242225899166485,0
0.5450916196110753,0
1.1624032593104041,0
1.0823650614869387,0
1.616442163557775,0
0.9356012241432534,0
1.4852238232119377,0
0.9174932380557556,0
1.242587952610209,0
0.47167242761459627,0
0.26736539430697004,0
1.207767273763246,0
1.2405955703993767,0
1.2683935348470818,0
0.7691523171471165,0
2.1061489255658854,0
0.7945821437373792,0
1.2342203927703526,0
1.346243488222778,0
2.36167255997707,0
0.853410324780112,0
0.7213747928474096,0
0.47280478508294127,0
2.173162550949236,0
1.234548669543149,0
1.2542409300053527,0
4.750985739691443,0
1.1764746365897591,0
0.5214401884186599,0
0.9066926166211222,0
0.6142266977359035,0
0.8204238374723708,0
0.8176713453805375,0
0.7456401293294554,0
0.4982560125244242,0
2.217212589901832,0
1.1611652447019898,0
0.8933864675171778,0
1.4605585262004075,0
1.265583951526094,0
1.147798048373099,0
1.40846299644327,0
1.0692605896418814,0
1.3980951856287847,0
1.4572573627674714,0
1.0847606542716521,0
0.8956574523521827,0
2.149421853710098,0
0.7874536478507547,0
1.2161094651971247,0
1.2299262464731058,0
0.7372863511216163,0
0.6677034156030923,0
0.8378417737781296,0
0.7818374483628003,0
0.4823596502540653,0
0.7219874364643344,0
1.1423773575297766,0
1.8831987468257756,0
1.319424514389709,0
0.27259523241341943,0
1.3780257478773035,0
0.7564824893503008,0
1.2542528257803405,0
0.9929572873529706,0
0.9081517279779453,0
0.9501666735055289,0
0.9888504678044905,0
1.9585462444939674,0
0.9902180639004153,0
1.7207634637070262,0
1.5999188879394077,0
1.3958768355880091,0
0.40929897078326655,0
1.7477274221360553,0
0.795367786268901,0
1.4302705762549668,0
0.6149179611239167,0
0.5529227268612823,0
2.68637947886881,0
0.6197175102396126,0
1.7736743867090863,0
1.0609981974542169,0
0.8105355887229531,0
0.9778348950509997,0
0.5217601662721411,0
0.9931464039479683,0
0.5819503425627406,0
0.820598032053438,0
1.588277001782339,0
1.1355252716460011,0
0.47659640877402015,0
1.5307289555176624,0
0.9964564124237075,0
0.7625458553043948,0
1.4525754480202555,0
0.9197959578445918,0
0.5583157201141612,0
2.519107962508086,0
0.9913935281125227,0
0.9601242246246611,0
0.8166435375619095,0
1.8039575128517351,0
0.76917308708317,0
0.4618616325489352,0
0.7122410788796988,0
1.9413571691725042,0
1.5159860430229497,0
0.8802865263944726,0
1.9870031936094237,0
1.453495164786436,0
0.875207146472254,0
0.9203926306355659,0
1.1789908562036704,0
0.6597175600764555,0
-5.021332394094956,1
1.1667903427808228,0
0.43020943991515986,0
0.9096820271165423,0
0.8593937392580523,0
1.672022564323369,0
0.39762397890321843,0
0.8263366599623544,0
7.294291938593907,1
1.6161317446987886,0
0.978462042239337,0
2.4548049864240533,0
1.392508352426493,0
0.8145564906658785,0
1.1273044587183254,0
0.8377509614694618,0
1.53679341140367,0
0.513708725198431,0
0.6624249647535067,0
1.2558905961517923,0
1.845736203817235,0
0.33254360052993515,0
1.9882117327990674,0
0.93233082557847,0
0.38987173406417297,0
0.22293747657336255,0
0.46547679510588175,0
0.9901959482407084,0
0.9675878870221668,0
1.3724537790314355,0
0.7597669110112163,0
0.5746349707684213,0
0.8133911272197396,0
1.0169471442115499,0
1.122307010398775,0
0.6739614607261432,0
1.569447034769743,0
0.7329349060646315,0
0.6473561442319423,0
0.7624672252263037,0
1.7115854211509864,0
0.9357581464197522,0
0.706623878199641,0
1.5889189434746007,0
2.919388772768327,0
1.1105343736187412,0
1.8532136319527959,0
1.6787323840152892,0
0.7387321479028334,0
1.0134061576179425,0
0.5266219686662053,0
0.9026042046892323,0
0.7311803121781052,0
0.8175501940976132,0
0.6873253516410452,0
0.8662788677253801,0
1.3048868644812919,0
0.9420038143407237,0
0.39369192220719573,0
0.688623719668282,0
0.4678068994239398,0
1.129788122567518,0
1.2861569738678256,0
1.1368645869966876,0
0.6745549110438175,0
1.1313673716171069,0
0.7905256872786254,0
0.5660274380266028,0
1.449132294690498,0
1.5053326096333377,0
1.607126401605626,0
0.7377322684972331,0
1.8034133168288273,0
0.7813038708162142,0
1.3864557362719654,0
0.7745629603022645,0
0.8940522307362448,0
0.29802171419815676,0
0.8598850106606816,0
1.0465980830874417,0
0.8146271063359589,0
2.406308989914414,0
0.5592084134509149,0
0.7544316319844288,0
0.6360765857835996,0
0.7543577986602131,0
1.6748213978964959,0
2.093873912989717,0
0.7044088733126813,0
0.6966279688345691,0
0.5607027763440721,0
1.9215702556225278,0
1.7515519148838807,0
0.9483886427849968,0
0.49755478982123774,0
0.5203095881547638,0
1.0890597673120015,0
1.316094921660417,0
0.35591177477450947,0
0.8515858556323652,0
2.245993460696161,0
0.8969504991724524,0
2.10606029918874,0
1.3833707099878958,0
0.5815026205971423,0
0.8638677001960834,0
0.9376794564222426,0
0.62110459328137,0
0.6157378270975098,0
2.124176708601774,0
0.6134354049089407,0
1.7146655348792417,0
0.803930674568,0
0.9872621569467506,0
1.324350577530252,0
0.7413522937892016,0
1.3283693757207014,0
0.3594375430368825,0
1.2458944356792958,0
0.29104858636734715,0
0.892772612892499,0
1.5328388790833838,0
1.3649907513267743,0
0.5224608430508139,0
0.5571993531077399,0
0.7086907536546853,0
1.097580191999623,0
0.3620523026907439,0
0.9934100218518215,0
1.1684927692313278,0
0.8680390382111476,0
1.300385142467295,0
1.1183586050529986,0
0.7627483415437312,0
0.37980600106751333,0
1.0689817296018684,0
0.6209295294620788,0
0.7488839012914419,0
1.2706926035985564,0
2.031281128375459,0
0.9811498667459078,0
1.3192091367576544,0
0.4856633111482969,0
1.1306150656149836,0
0.9704911758023403,0
1.8489423821898332,0
0.7632045187936436,0
0.8861945158884044,0
1.6979255369927309,0
0.9550258257495907,0
0.5744049229763145,0
3.581625102449473,0
0.5831584290140663,0
0.9681676246127727,0
1.189275238153773,0
1.1431741718393147,0
0.909489476255267,0
0.9117584465186532,0
0.8891708024841976,0
0.5723715535740495,0
2.930314066485577,0
0.895838203416957,0
1.3477890328363982,0
0.8459234324577999,0
0.8374599509581812,0
0.796345747462156,0
0.46073930539673424,0
0.9228296986016103,0
0.81586708186307,0
1.796359747368182,0
0.5497178904553224,0
0.7493316607177221,0
0.6381255466730938,0
2.057034118374217,0
0.6474561417656977,0
1.3246521840347607,0
1.6243061446731881,0
0.9295437025043253,0
0.5023764698220575,0
0.505565876573284,0
1.5370761876607235,0
0.5324336397245296,0
1.2165430919771834,0
1.0588406200947713,0
1.2075170688708285,0
1.265911484628939,0
0.6269832882526637,0
0.6139977044594522,0
1.4296984773663362,0
0.7300280614163072,0
0.2528208241723334,0
1.3831695610201886,0
0.5956329579243734,0
1.2630986385745047,0
2.006538151820576,0
1.0084164494568244,0
1.645234481215834,0
1.079932825151719,0
2.211596524670014,0
0.5879851688895603,0
0.9959009339916075,0
1.400152000510216,0
0.9091857333989743,0
1.7791033444758435,0
7.294291938593907,1
2.814221237278408,0
2.8895441384910687,0
1.1514660978461355,0
-5.021332394094956,1
1.814546760523955,0
0.552336012565225,0
0.5189228763765659,0
1.8742516447071689,0
1.1468215387225882,0
0.8929250582231426,0
1.0055771461360006,0
0.3033036784767249,0
0.9091172936336211,0
0.6862430802754123,0
1.582547383562527,0
1.6446299248174274,0
1.33421101489604,0
1.2186324950935767,0
0.47299362217252217,0
1.3435582969725461,0
1.3698468876592909,0
1.8637606975597545,0
2.88378857245958,0
0.4290077320517857,0
0.8234615570806496,0
0.6899519520132694,0
1.0900827319066697,0
1.006723430566627,0
0.8895486884140034,0
1.6716349854646495,0
0.576541990147167,0
0.5941872737135881,0
0.5992282896368687,0
0.8351334106058539,0
0.5410221231215635,0
0.9760067814369027,0
0.9205857771009178,0
0.6748549115946009,0
1.5478751617142061,0
0.9706879188600351,0
1.7011826437972324,0
0.9070797317654494,0
0.9879754357785387,0
0.7547330243949161,0
0.9964829291660501,0
1.4277726650018239,0
0.8141040332788012,0
1.295900708608811,0
0.6660613600204144,0
1.4615905824730167,0
0.7482988014038476,0
1.5308757183712394,0
1.0309577980974003,0
2.139296136374851,0
0.5615615671764768,0
0.4780268451548117,0
0.7348354936469176,0
0.5004210304385746,0
0.500890659005576,0
1.3644826969721033,0
0.9979127845635252,0
0.7867533473809314,0
0.8240852475554099,0
0.741842121908014,0
2.2823020026776533,0
0.6922882569446733,0
0.5163001745377661,0
1.4888817111552721,0
0.8977372827449516,0
2.771494885287997,0
0.7686628597961426,0
1.5265222209423004,0
1.717893215423984,0
0.7705367599840713,0
0.6897263295175368,0
1.4487241397443247,0
1.3330185525037093,0
0.49395786924740426,0
0.568804881656364,0
0.2813333531899214,0
1.3467488477358658,0
0.8772935722920262,0
0.9221243354155582,0
0.4292473087627303,0
0.5774974936794195,0
0.7874310589667395,0
0.7145067745912352,0
1.0606883007869805,0
1.3387469483711625,0
3.1105709191809447,0
0.9900414034954167,0
1.746652906277613,0
0.6603492689945635,0
0.43280276731568174,0
0.8384915096970406,0
0.44984110483586853,0
1.0073635622506207,0
0.6769031578902099,0
0.37638764596190233,0
-5.021332394094956,1
0.7643107309853714,0
0.4409562338317546,0
1.5668792389090604,0
0.6946777699651714,0
1.7247515598667613,0
0.693019482203919,0
0.7630369320518686,0
1.1881718373785541,0
1.3452901172508775,0
1.4685005830148246,0
0.9561212252024714,0
1.3025297834773237,0
1.4518147178322744,0
1.1054854605243034,0
0.9311554388374033,0
0.4854652963095103,0
1.3493015367663967,0
1.0213107481857484,0
0.8131758247793214,0
1.894364037218997,0
0.48972228372627996,0
2.275086691162614,0
0.9889251434867817,0
1.1720555518857647,0
0.8207620366622078,0
0.43450994061123877,0
0.9325757017732919,0
1.1821944957348498,0
1.4022985660800307,0
0.905727673526353,0
0.33411503785106916,0
0.4626286158839621,0
2.7899113241842013,0
0.5791070146022198,0
2.041173176587266,0
0.6268529040218084,0
0.9128096077911676,0
1.366980277145757,0
-5.021332394094956,1
2.216894999259529,0
1.0385901609797248,0
1.2591355614200082,0
0.8747619349296667,0
1.3900783931591874,0
2.202066791249962,0
0.9364651518785843,0
2.3746650486057135,0
0.7365354551457851,0
1.4652824458316822,0
1.2770556670111073,0
0.5860846556097026,0
1.1128283664031169,0
1.003689759389035,0
0.6527271432260741,0
1.1960221998421048,0
1.075886284983882,0
0.964357238508397,0
0.9662924623555489,0
0.9559925780931035,0
0.8320607611300112,0
7.294291938593907,1
0.7247292760689517,0
3.7750164704893248,0
0.4942733262831619,0
0.746493746883587,0
0.7765680120358174,0
2.7738790153763255,0
0.5168165386527472,0
1.2373365785377641,0
1.1322389369175185,0
1.181519299596754,0
1.8555322484749297,0
1.8365975089775073,0
0.7981342893792752,0
1.1018699871159323,0
0.3937453036797071,0
1.0507944574982653,0
0.6723375796562134,0
0.9110192849280077,0
0.4305525339800388,0
1.224381897710918,0
0.42814885672205727,0
1.0769600496645795,0
0.5415863306612088,0
0.6538871358517697,0
1.7813402871491446,0
1.3417288553700475,0
1.7764226037670126,0
2.1811746593601278,0
0.6794855212466662,0
2.115911801084995,0
0.48058420177957095,0
1.4521571887707754,0
0.7813994054026331,0
0.6280408471983688,0
-5.021332394094956,1
1.6039603065281616,0
1.5803308017541982,0
1.1134128572612876,0
1.06820391147899,0
1.3013904799960663,0
1.1640229175806478,0
1.3108528026441626,0
1.1073831733494295,0
1.5240814675802254,0
0.4432577262484295,0
0.936470987262487,0
0.500612341474799,0
1.1483785705250034,0
2.2726921272195177,0
0.7889578426177366,0
1.065693770899221,0
1.4597181329533135,0
0.3556310485990634,0
0.7702383696465299,0
1.1999235298476032,0
0.23492302708097024,0
0.6136047752940704,0
1.7339967198513013,0
1.651193649365339,0
1.205819132112388,0
1.5544143019299812,0
1.1135488942966338,0
1.3200867494526296,0
0.8539976350836388,0
1.0596157489998055,0
0.7289244458106201,0
1.8808836106546478,0
2.1399440947653545,0
1.9936286098356448,0
0.8154180268651824,0
0.6207126536446849,0
1.8936133521188108,0
1.3125261003878477,0
1.178558605160048,0
0.7284647493748113,0
1.2371766721824689,0
0.5812123898369297,0
1.3730453801212361,0
1.9926060399274355,0
2.2603570147897547,0
1.4251285598001862,0
0.5010693447450951,0
1.1036965715558678,0
2.9149156184612934,0
0.647714157304186,0
0.9708427342698305,0
2.0274162029123994,0
1.3614726721170796,0
3.4558835738165024,0
0.6932014068691225,0
0.6096453447946624,0
1.8442316076360121,0
0.5499437305195284,0
0.9063008224790724,0
0.9677095654380333,0
1.67865812089685,0
1.3595231102312026,0
1.2567543150558733,0
0.8177362403376387,0
1.8358397560345086,0
7.485082361591055,0
1.4128953652319343,0
1.0510988111290502,0
0.5226038883672676,0
0.7270640346463014,0
0.8986558635400324,0
0.7654433120403369,0
0.9919933084209387,0
2.4327152938665435,0
1.8656013833626526,0
0.9236552728958585,0
0.5465442677641221,0
1.9516668873409178,0
0.9757712093186094,0
0.4217889481986747,0
1.4279146014836317,0
1.6700329255236488,0
0.29731764424120305,0
0.6621406250438744,0
0.946270314858693,0
1.4437666903753796,0
0.7726931320646897,0
0.6596334671785047,0
1.4384765826055352,0
0.7912342692096274,0
1.3113109018251823,0
0.5736373782611415,0
0.5085628310270304,0
1.4588297581208183,0
1.1345770691128214,0
1.5860202111698187,0
0.7662119116330699,0
0.671962562054141,0
1.9745873578125455,0
0.46697508122542153,0
1.869610937842244,0
1.9352806480973492,0
1.5373263283275167,0
0.7089971597125421,0
0.664804731450437,0
0.9002994160373455,0
0.5233421415743729,0
0.618259504556315,0
1.3803914878073305,0
1.383580296335871,0
0.5916811345568949,0
1.4022259912228046,0
1.2550201809213826,0
2.1274905237598762,0
1.3291879886526823,0
1.697727389270615,0
1.269392951771111,0
1.6322583632851955,0
0.5254193473951707,0
0.9409434578004676,0
0.9806973447290193,0
0.8852590424522099,0
1.2485006047993554,0
1.3732632299642298,0
1.2166832859714682,0
0.9153287939426635,0
0.6922105961806387,0
1.7308161098586177,0
1.1910870866428604,0
0.6009119090201374,0
0.9076978039357363,0
0.41826091657684417,0
-5.021332394094956,1
0.9055706592471578,0
0.7503365234316876,0
2.2084702800782807,0
0.5609760534902815,0
1.42361082109132,0
2.984266775927732,0
1.713664314580386,0
0.9843542947945255,0
0.5672050957774999,0
0.5060948947267546,0
0.814015519465623,0
0.7092832208679646,0
0.6978343994224928,0
0.8494580443453824,0
0.9501612742350695,0
1.2745663126710656,0
0.5385375200314819,0
0.7109722367829608,0
0.9232677116485283,0
0.9068823082013876,0
2.504807420923472,0
1.1231343419749882,0
0.44628616552460765,0
1.2325567626878764,0
1.3136793460115637,0
0.9393529290354438,0
0.5451477952135066,0
2.4085558792176687,0
0.5857032852566072,0
1.3915052894134694,0
1.1051988400543533,0
1.3504059818198055,0
2.347683182532766,0
1.324214476977615,0
0.7562886878017606,0
1.7384538696852576,0
0.72938780131407,0
1.085215956784161,0
0.5238542385793117,0
0.5965211306565203,0
1.0260262541056226,0
1.2020679367690723,0
0.42690434324835175,0
1.2822850529794758,0
0.6638397570999466,0
1.8961850662206752,0
0.8386328987834415,0
0.570175463526766,0
1.038629731961994,0
0.6324731559041599,0
1.8860271331441654,0
1.0002651389096588,0
0.9269660741539698,0
1.344336401431344,0
0.6050321271704358,0
0.5248846117635667,0
1.2265137430149058,0
0.57704481067692,0
0.5769468812860102,0
1.5194949586655595,0
1.3002181459827251,0
0.5342375059386161,0
0.7337638580042364,0
0.6364395882039281,0
2.430652279282081,0
1.5730323879459422,0
0.8102419088497419,0
1.3338871446098808,0
0.5075839855622138,0
0.7143922658225182,0
1.0538305123543934,0
1.2537203043789138,0
0.9524386697609645,0
1.132023518196471,0
1.0399454189285195,0
0.9214666430972532,0
0.8623683356093587,0
0.8080491150633897,0
1.1229607839053657,0
1.2280257451360974,0
1.104264589629491,0
0.5547162678812984,0
0.6068558924560395,0
-5.021332394094956,1
2.087227541818997,0
1.079186731175083,0
0.8139680159156387,0
1.1187032787474158,0
0.56642493650484,0
1.9241254989644103,0
1.097787809130823,0
0.7155322507304649,0
0.9199851659407977,0
0.7683437029741836,0
1.9267506603598636,0
0.9038245270077514,0
1.080779859905427,0
1.3322419880469714,0
0.6904696216032485,0
1.1017003213700092,0
1.1470779373404592,0
0.4597651742933676,0
1.1346772444709912,0
0.9773787531916048,0
1.0671410386994544,0
1.0179744878317438,0
1.1383557952853292,0
1.951643060340384,0
0.5544638290095089,0
0.8427573800933037,0
1.3955789044804854,0
1.2718377908429161,0
1.2582259802326294,0
3.962157134293864,0
1.3594330829348917,0
1.7602729779437172,0
0.8576698622890884,0
0.6086839040748298,0
0.8545684155550669,0
1.427579118701527,0
1.2255796642908952,0
1.2233899895375613,0
0.8983709661211094,0
0.8295255987194876,0
0.9139964220455553,0
1.4365404030577944,0
1.5225152151543413,0
0.604640734363143,0
1.4639983371554939,0
0.7222668461415688,0
1.264226946538837,0
0.9084795770720305,0
2.1877951910369764,0
0.8113649594084148,0
1.0934151032042096,0
1.3543160662923392,0
0.6459847223698665,0
0.9642270069425258,0
0.8752091065058722,0
0.7734403401311679,0
0.8026299539181635,0
1.743696524333484,0
0.7413552362758006,0
1.3273758410170098,0
1.1703437405657147,0
0.4973356852277069,0
1.2963916083365743,0
0.4932413826034554,0
1.3689525893066847,0
0.7760053833118642,0
1.0041923902110326,0
0.5235409779685908,0
1.063102119281316,0
1.5895885497229931,0
0.6679895735594039,0
0.7381682177151601,0
1.2552195679009535,0
1.2710065705991136,0
0.29609064180977224,0
2.7393021053805486,0
1.3024885994351307,0
1.416882918861161,0
0.9307447346674882,0
0.3954714212131798,0
1.4012448647376783,0
0.7538257683650029,0
1.312542173413083,0
0.896371317383571,0
1.1263920962327374,0
0.6787528623147198,0
1.5406346953231322,0
0.552009777649461,0
3.0734008360586524,0
3.0617122475517013,0
2.2622271502234153,0
1.8921987125457571,0
0.9586069145407363,0
1.7918943437858554,0
0.9530496775536867,0
0.45989422061724106,0
2.120391426993804,0
1.7584139385298712,0
0.9844525748978851,0
0.5419442575579239,0
0.7459472898669695,0
0.40229372721939993,0
1.6040640279288125,0
0.4485861714290676,0
1.1542092010635452,0
0.6558345882511843,0
0.4899991010359106,0
1.1265699192361605,0
0.8462844956298698,0
7.294291938593907,1
0.530570394892192,0
0.6847802310801883,0
0.30306102101955024,0
0.33548657403050636,0
2.457381138391877,0
2.834311702674672,0
1.0474546754438256,0
0.6623809847282048,0
0.8613757464331949,0
1.547726532923063,0
0.7732178006119003,0
1.1261637365862402,0
0.9936422711890551,0
0.752460831375977,0
0.7686678149212435,0
1.157960694316365,0
7.294291938593907,1
1.253406033886285,0
0.7899469562010858,0
1.0657551962483063,0
1.9976695638374713,0
0.9193429741416025,0
1.5839190227686881,0
-5.021332394094956,1
0.7904273686493818,0
1.0139405867848763,0
2.616049458585184,0
0.3753200908013073,0
0.9530337790942498,0
2.0716479993012937,0
0.6753594558724683,0
0.8990475037836381,0
1.1804190381654285,0
1.0966436377333966,0
2.187775420256826,0
1.2513674395643544,0
1.9423264346909084,0
0.8352667211125562,0
0.6905528946763805,0
0.8932742838394142,0
0.5601495111537256,0
1.2734832315126798,0
0.8245322225883426,0
0.7146985382738029,0
1.2831643874344594,0
0.5644757306374957,0
1.4699833981155108,0
0.7872820612164659,0
1.7852317202047545,0
0.8217091414060033,0
1.371568304983984,0
1.0939348902156023,0
1.4505618104260576,0
1.0565125597464853,0
0.4353091954841337,0
1.655986277874498,0
0.9571056838043477,0
1.484025070807183,0
1.412163941817676,0
0.6793300136852989,0
0.6329285726706588,0
1.3877414239207448,0
0.8593108787705163,0
1.597140175640649,0
0.9147536623473665,0
1.6681327527081766,0
1.2357180796299754,0
1.1548696689341125,0
0.8294390920359186,0
1.1232360022160646,0
1.8156188203823391,0
0.9732563876163459,0
1.3041966036915067,0
1.0234507831211586,0
1.0642837326264654,0
2.367194215434974,0
1.823695643330206,0
1.0405005626466848,0
1.1131869681760793,0
0.7040293370294697,0
0.9171485968434755,0
1.1673064249510752,0
1.5300597620188625,0
1.4544247308487788,0
0.5742849783230368,0
1.6298555077533268,0
0.9565838412943936,0
0.6104885883919432,0
1.9507079709611848,0
2.0784854893321807,0
1.140963968120278,0
1.4253206428745289,0
1.4677411765153838,0
2.0095002843422742,0
1.4391235215936495,0
0.5148683002360551,0
2.7316446794550986,0
1.7037444469961247,0
0.7751008704829686,0
0.5976126148624742,0
1.287119421879112,0
0.870114889475559,0
1.1793903789837443,0
1.450202817282749,0
0.7533533205755666,0
0.5723217210428062,0
1.2127727099178485,0
0.7659074586984016,0
1.0757820579671098,0
0.5108582019994091,0
0.8815343041578937,0
1.4297161749552914,0
1.353868775776581,0
0.6742333674863288,0
0.5575895366654753,0
1.007912988384216,0
1.323813251048852,0
1.224567315904491,0
0.7740801001503372,0
1.1605711112485853,0
2.1194947517587623,0
1.1080174570425196,0
0.4419431752689316,0
1.10694079404679,0
2.7786869211737297,0
0.5253474600910076,0
1.0149733245476098,0
0.8930008765599169,0
1.0491092592739073,0
1.1019993011626934,0
1.7682422835462412,0
1.0433030012744187,0
1.89388406014574,0
0.9428690895265384,0
0.8393996147955084,0
0.7156303677230452,0
0.4031109218598623,0
1.1478500902479611,0
2.7926756322000035,0
1.2574900854704354,0
1.4096954343924044,0
0.8134135212620339,0
0.885000830428964,0
1.636108807411352,0
2.7301234286782967,0
2.104281266838755,0
1.4957418654994317,0
1.0177306438963418,0
1.1105545188718828,0
0.686085063471364,0
0.4847685295389872,0
0.5692707183208933,0
1.0252126118349438,0
0.8641610468649858,0
0.4796393304762972,0
0.981511361655309,0
0.8528128461110445,0
0.5563128697370633,0
0.8310298989345001,0
0.8517378388709187,0
0.7346812333521158,0
1.5893658216937747,0
0.3861803537105679,0
0.3705008665599473,0
1.0016442425113339,0
1.0492373791351262,0
1.223979662086256,0
0.7637713962646944,0
0.6319393197199573,0
0.9963486162263114,0
0.8018858060907856,0
2.1717552299493956,0
0.8503445786798359,0
0.9737578931897416,0
3.4477059567460886,0
0.9072110975218831,0
1.320589770435912,0
1.3814790722458246,0
1.4415239056922808,0
1.1557432375178387,0
1.1017726659467857,0
1.0514468256835316,0
0.7497638781779837,0
1.1767535303971173,0
2.7574957164112104,0
1.831876688987255,0
1.1641125197768707,0
1.534055525834469,0
0.6475314246129474,0
0.8778705995775192,0
1.6062863858788199,0
2.1034599764145345,0
0.6801560063325549,0
0.7852177943005771,0
2.9763207704720314,0
1.0493077120714447,0
2.4885021576143416,0
1.1089666753497607,0
1.1309863647786915,0
0.8583481918320515,0
1.6020396053080943,0
1.9716855284886954,0
0.5960080441747122,0
0.8384290840178794,0
1.580180786276358,0
0.9372789656657933,0
0.7813807481778539,0
1.6566062416708387,0
1.7362482416481484,0
0.7986591297478609,0
1.1120256520959997,0
0.5464910229441694,0
0.6390705299164959,0
1.0640502487431533,0
1.0158273400204303,0
0.6166596389961227,0
0.699082189327077,0
0.587122269673831,0
1.255495014219904,0
0.373880295485633,0
0.6030298296251287,0
0.3939738376012654,0
1.2330740780869835,0
0.4060143500609351,0
1.0159911101521564,0
2.269959540744075,0
2.308774791731037,0
0.40537051242842526,0
1.160910720326711,0
0.6098845218428526,0
0.5506983836199879,0
0.944844441512037,0
1.848076888096049,0
1.3496285913906598,0
0.6993734163891513,0
1.4226438386460245,0
0.32567537825794624,0
0.6862777160984745,0
0.6623601933145818,0
1.0399372199197823,0
0.9035588984824785,0
0.9317082527703755,0
0.9163473665652486,0
1.011266616090409,0
1.3100502345716756,0
1.0775236729947686,0
0.8674686481265965,0
1.2224709018334554,0
1.511438387360062,0
0.7572870180968131,0
0.970735385501788,0
1.7877418399712703,0
0.5761539736559749,0
2.4653926826856365,0
0.5119248268043989,0
0.8414048820048884,0
0.6218259811621119,0
2.986085996000929,0
0.7774973724472111,0
0.7784733052597034,0
0.8307932015999067,0
1.048962314861855,0
0.848554564424337,0
0.9357158737134964,0
0.1712544226445165,0
1.0289922425515632,0
1.0089430631027048,0
1.6808244191045805,0
1.9242388253496834,0
0.9104156452802931,0
1.5039794183660586,0
0.576497434033393,0
1.4676627527608608,0
0.7510839121532527,0
0.5530268451488826,0
0.911380916441066,0
2.0142284595720334,0
1.0947245382350115,0
2.1132859826400594,0
0.6877249128984468,0
1.6886435141290648,0
0.7217474318886014,0
1.1192561755971764,0
1.114428162186899,0
1.3920059926423023,0
1.1335681469238528,0
0.6910160219215028,0
1.5529455401641314,0
2.3769741117220677,0
0.7468419386176313,0
0.3994702285929026,0
1.2835886452262086,0
0.8473934273907672,0
0.9365508806033404,0
1.3206035644193297,0
0.7959680637077386,0
0.8742175811090317,0
0.9511725821857322,0
2.08522542933732,0
1.0151483932529939,0
0.5391093837193598,0
0.549943770976256,0
1.0720953030863087,0
0.5685227208101039,0
0.45787834910279956,0
1.374057436690715,0
1.4081111571149671,0
0.8318790120478282,0
1.158156649114653,0
1.0986265646574318,0
1.3514927103667742,0
1.3530684672953328,0
0.2717441463553218,0
0.8866991960782239,0
1.2955717377970926,0
0.8144613573067221,0
1.0182661415119907,0
1.4555007374081539,0
1.0412923819524234,0
2.1253993382801406,0
1.7567985134096207,0
0.9424408912453107,0
0.9057217988662509,0
0.24046949134422438,0
0.8493778841693732,0
0.5083249114652806,0
1.1169645368330623,0
1.0794324087781124,0
1.4161301119399043,0
2.010403073354809,0
0.986951169099378,0
3.127419288406329,0
-5.021332394094956,1
0.519385863628129,0
0.7550012020953866,0
0.8299636700663154,0
1.3445556350147485,0
0.6227407676285528,0
0.8615795042748801,0
0.9226363211338714,0
0.7992668541338235,0
1.5003639182358974,0
1.3780379253434702,0
1.7919126475037428,0
0.8474591931556619,0
1.824423020367044,0
0.5056055076121823,0
0.49947778792798553,0
0.545037410777888,0
1.0046164695295559,0
1.8242866944742233,0
0.7400251992524848,0
0.7879294666308134,0
0.8976195378760264,0
1.3316437237706664,0
0.7875624170499353,0
0.7658963138151471,0
0.5103300367507481,0
0.7513673826245973,0
1.8017003834525167,0
1.0465122873795483,0
0.6907845798482792,0
1.8553474560524619,0
0.7463155708273447,0
2.0339460836762417,0
2.017387765134424,0
1.0284016626955688,0
0.47270925437346883,0
3.141656811295509,0
1.2136568937851482,0
0.8504892453134275,0
1.6129486400660071,0
1.4207023947549353,0
1.9260459579269056,0
0.7180802880851129,0
1.172615479406238,0
0.5527026557411839,0
1.3953805836291524,0
0.9885928754777858,0
1.1508544054114105,0
0.9294382924508326,0
0.8820606948730522,0
0.6478373695747117,0
1.4847035272034614,0
2.1061297434080757,0
0.7570437907564116,0
1.3188633306527844,0
1.2412163327331054,0
1.0040571135669316,0
0.4661266658408717,0
0.5216289980180231,0
0.6767245377006699,0
0.3431792540437245,0
2.0218549152902408,0
1.2018374747178686,0
0.9851311256334396,0
0.33450016383142994,0
-5.021332394094956,1
0.9988299909015185,0
2.6784679824820943,0
0.705165961185555,0
1.5401795602695816,0
0.7866662464240259,0
1.0280045875748172,0
1.835545888976162,0
0.8411579579337919,0
0.7081832054332088,0
2.032029966828335,0
1.02304033112481,0
1.7256478501714096,0
0.7099047685878533,0
2.0204840359796137,0
1.1466144424067553,0
1.242833449878452,0
1.0680287457954394,0
0.7766717383882067,0
0.9991589486346497,0
0.8014801133788989,0
1.615707645545623,0
0.9034553550259903,0
0.4731922078707449,0
0.4318349311858834,0
0.42174303333623847,0
1.3620424556313133,0
0.5622817862718499,0
1.1618840724500448,0
1.070672824440946,0
0.9681635034416569,0
1.245083507159725,0
1.0823685791101634,0
0.2579821528661872,0
0.8506005747832421,0
1.2368298915670946,0
2.270820921119982,0
2.3238581689849482,0
0.5058195687454881,0
0.8395723283980486,0
0.4570066179718257,0
2.1381533534473465,0
1.659353558733725,0
1.1915964270816466,0
1.0865933451330496,0
1.9943447497974491,0
1.832465993882599,0
1.7842931605642711,0
1.2565123789602854,0
0.8397809879619816,0
1.4675031452794853,0
1.5038386702115754,0
0.9090831318590352,0
0.8389329775662057,0
1.7623649607928478,0
2.298043375063384,0
0.6874969468082986,0
0.876614160073864,0
1.1918021081728414,0
1.275450562928312,0
0.7701398327709441,0
2.564491761107776,0
1.234971178761723,0
1.3043328763929827,0
2.4095548978484356,0
0.7988909603952599,0
0.9567473368472061,0
0.5343730360580807,0
0.9174334496488893,0
0.4749889387942036,0
1.4534276699417068,0
1.2336760552746986,0
0.8706330802461297,0
0.9510279241739197,0
1.463357140753848,0
0.5667153987865367,0
1.1074764224499116,0
1.4187197823397282,0
0.4101890866266026,0
1.4084206959594465,0
0.432994076318578,0
0.9428979299452229,0
0.5589498341138315,0
2.045461199805604,0
0.5607049054603502,0
0.4381933857881646,0
1.06894915823842,0
0.8131404004934322,0
0.471280126037603,0
1.300706527566149,0
0.3694464291066469,0
0.5956390082415048,0
0.7500547049260304,0
1.4934833287552383,0
1.9112054784189108,0
1.73566586505117,0
0.9262261096721969,0
0.29710961850555717,0
1.21582944007416,0
2.086080339735406,0
1.8531653998678046,0
1.2604571906503674,0
0.5516997112041734,0
0.7690083111372095,0
2.6297984265968,0
0.49244880779691313,0
0.5633125724365369,0
1.6020367293732767,0
0.80607408614736,0
0.5538410420565099,0
2.1468155172144363,0
1.2592647124438474,0
0.8262147245278848,0
0.5638948855738245,0
2.7834837257262364,0
0.9878485234117423,0
2.0110641930378805,0
1.563327828087583,0
0.7707040888568638,0
0.7737777761802255,0
2.0609302302688146,0
2.077694086129123,0
0.3912306528009954,0
1.3163860362347504,0
0.9411926772732995,0
0.5965086230513629,0
1.1398230685770667,0
0.5092590791844794,0
0.7919732386491093,0
0.6708317850333687,0
0.7788820691325414,0
0.964891859293464,0
0.6018281551695679,0
2.1958945743041673,0
1.279720400161862,0
2.4529257952100916,0
0.9230794367429856,0
0.7600318177264491,0
2.40899056544407,0
0.7489898327894232,0
0.9147120058138015,0
1.4333633923932452,0
0.5385564798923579,0
1.4271041803710738,0
1.338665916158113,0
1.8863856789166962,0
1.560524919474497,0
1.9155200961526764,0
0.9462855077287402,0
0.6496411409781591,0
2.871954208782632,0
0.4661033875536799,0
0.49004574287085445,0
1.326526696954989,0
2.253519066809197,0
1.0994119247206886,0
1.6481473680521872,0
7.294291938593907,1
0.7789779951350169,0
0.39181170320163217,0
1.477284313770483,0
0.46134199180075974,0
0.5278677907081715,0
1.2930614224382924,0
1.700482740937235,0
0.9235927473552834,0
1.3298767277745387,0
1.3085165401313765,0
0.8978848666822135,0
0.5784791691137582,0
1.326369755829617,0
1.3587264747168344,0
1.5636333779132499,0
1.1688650228364728,0
0.5575238720524055,0
1.4122300923036146,0
0.9993096982537834,0
0.7855519225785219,0
0.8630195638292475,0
0.7081292898375554,0
1.5595883206686296,0
0.49210785610467617,0
0.6085093704557424,0
0.8484140953971585,0
2.2408951893139446,0
1.6940807689937052,0
0.4402465352383013,0
1.9653562849391968,0
1.9634637020062018,0
0.5559904489584852,0
0.2834472797189138,0
0.9645334064823262,0
1.7527959604155219,0
2.215838716558878,0
0.6469969929454835,0
2.401250281500603,0
0.3282544536903952,0
0.8319147503646954,0
0.8117155284623442,0
1.7792083398203207,0
1.9139156709012761,0
1.611413634686322,0
0.5090164094363643,0
1.5392719053615793,0
1.2898436175205175,0
0.4336067799166561,0
0.3557571604697926,0
1.6803374645689844,0
0.9138858092668781,0
0.5259279534635158,0
0.9011478275002307,0
1.1996388348761864,0
0.9594207487655974,0
0.4602464939696475,0
2.567104093685943,0
1.6522020674779274,0
0.8456170124503086,0
0.8628216017764133,0
1.1969105524667738,0
0.5684677487281543,0
1.1750823359246585,0
0.5140852257444569,0
0.9653475293614067,0
0.5575039168523437,0
0.5717565493856709,0
2.277005737426751,0
1.0300557707575921,0
1.1092712217347418,0
0.3657921765305696,0
0.7419296295003838,0
1.259363027429732,0
1.1019354492024578,0
0.34061076315618016,0
1.1091222739462094,0
1.2011499646330728,0
1.900051515259576,0
0.7206400096866624,0
0.32594247831587364,0
0.6075107697733622,0
0.5777970945490901,0
1.4453542379486355,0
0.25707991369347494,0
0.7991726850986889,0
2.0398937777878805,0
1.0036127416928349,0
1.5654266522570575,0
0.4400358109867101,0
0.4488822134041251,0
2.051602569404196,0
1.0519101299673077,0
1.0529936272135128,0
0.5717368682115275,0
1.051682081215768,0
0.5638490054449159,0
1.8101961769374695,0
3.9114781848081726,0
1.2737566506200457,0
0.7279861958346838,0
0.2817235057053748,0
0.43074799542465037,0
2.175875071853555,0
0.5977420804675945,0
0.8307574193817762,0
1.3877212137860064,0
2.098336524591666,0
0.905024321930585,0
0.8168225254481427,0
1.0364594335952069,0
0.7306513310569076,0
0.7505795769282858,0
1.2286795532205153,0
1.0970730380850167,0
2.9031682866690214,0
1.245359705562382,0
1.7781487127252007,0
0.5852930667665484,0
1.3002787245874352,0
0.6966370933700061,0
1.2186292136237695,0
1.410941622757148,0
1.025247884614833,0
3.3323003481300417,0
2.042122860241493,0
1.8015054319063692,0
1.4654217663945048,0
2.4149544094819095,0
0.48749041575140767,0
1.9840526761623687,0
0.6091917770503629,0
0.7541458010813458,0
1.3240513252139994,0
1.8526370985337397,0
0.5616994740259216,0
0.7739310911800839,0
1.0499746659909142,0
0.9110267650031747,0
1.532677231289675,0
5.573168861141473,0
1.2332591176127923,0
0.6923953170369319,0
0.5229579784278534,0
0.8499081817587537,0
0.6249241834934739,0
1.2633600727756542,0
1.253589226397841,0
0.7932759763931652,0
2.6979102905803387,0
0.692308468042614,0
0.9420324717298535,0
1.3765513269864618,0
1.5620943405689527,0
1.8941842307781593,0
1.2389301680246654,0
1.6912304659911968,0
0.7170898832816717,0
1.5825555548575871,0
1.5720249652421396,0
2.1306846018011982,0
0.43421390566162554,0
0.6353421808153994,0
1.5091860785629534,0
0.2656216795389864,0
1.2789035213754756,0
1.6987661823397924,0
0.7496209323345743,0
0.8064648223347866,0
0.5844589838302442,0
0.7704553618795837,0
0.7816999943521968,0
0.710759873251959,0
0.6915366774308381,0
0.873277073659313,0
0.8680099008930214,0
2.552481312893894,0
0.8211146179343877,0
1.1877670407845995,0
0.749430658119767,0
0.7446820815009542,0
0.4264819352006017,0
0.4558082219153443,0
0.5468946233447411,0
1.096198644823759,0
1.7127269837772685,0
0.4092896170240413,0
0.7599228221397515,0
0.5048745205827346,0
0.8762195890154316,0
1.7123809095261857,0
0.7997619158427494,0
0.9765215248024947,0
2.0701357776549223,0
1.2572797584337836,0
0.6838300016094429,0
1.0826996985581152,0
0.6611500200184056,0
1.2339754200566542,0
1.29391185696137,0
0.5048066217604125,0
1.0915238077138474,0
0.9429079369059837,0
1.3130316479688742,0
1.5153910515809805,0
1.2696290891954543,0
0.8593348006129431,0
1.5946671170831677,0
0.6462742122126282,0
0.5167164556091247,0
0.20237288007306284,0
0.9655373667751039,0
0.6631373009947589,0
1.2200321831613452,0
7.294291938593907,1
0.7235473600229404,0
1.265079483399215,0
0.5975495479504629,0
1.2270689698631154,0
0.7569097164883297,0
0.983729660549933,0
1.346594756456708,0
1.610264597164038,0
1.0473322383416521,0
0.6656407639472265,0
0.7953130794755318,0
1.3750329322286674,0
0.6001193110758507,0
0.9148151112608732,0
0.8245297549294314,0
0.9496318539424775,0
0.6037221130636768,0
0.39614610802951095,0
1.2974117365709146,0
1.6194161964687142,0
0.4081634880847781,0
1.20257258204247,0
1.7187399882929535,0
1.3471018720106385,0
0.811934920387847,0
0.6239106032643729,0
1.0413198964354715,0
1.131894219137959,0
1.0490696833601885,0
0.9138696660103778,0
0.5819761205580843,0
1.235337417919558,0
1.2654493129359194,0
1.1056253060358519,0
1.0570656582786193,0
2.315497908952508,0
0.7318429096999151,0
1.897842185091404,0
0.6928011688397955,0
1.7410272045425985,0
1.852773628625185,0
0.8637036197699286,0
2.2944233011435986,0
1.2642991580236762,0
0.6449153438984052,0
0.8293787958101283,0
1.7618795283189534,0
1.5865032029836594,0
0.5891819670463688,0
0.9327401229625834,0
1.1071193827284254,0
0.7758451757136272,0
3.250795909814958,0
1.1239304492917408,0
0.9695666155165562,0
1.8138025939130897,0
0.8330956917026843,0
1.6548556844662992,0
0.43436668825811947,0
0.7970586430814703,0
1.689673321206402,0
2.192623693443718,0
0.679330274549891,0
0.640881428501291,0
1.3280652915709399,0
0.7323351991795423,0
0.8743373805492298,0
1.5499187533574412,0
0.7618153383351234,0
0.37429430630545935,0
0.5217627909738053,0
1.0049902026536024,0
0.3938789799963176,0
0.8619308700875115,0
0.4985515632485217,0
2.270430596137349,0
2.9522609407150786,0
0.5891358061640125,0
1.1369842245193273,0
0.618658493085771,0
0.8567082920264786,0
2.463873398760056,0
0.7918809026926887,0
0.8667378337743163,0
0.6242123689773792,0
1.7737477639062955,0
0.19560981352152668,0
0.8013971310045814,0
0.9773181433222983,0
0.7185365787153424,0
1.5399851197295615,0
1.8239667129113097,0
0.49360496068084037,0
2.848359820068153,0
0.49084375871840286,0
1.9046825244110883,0
1.0777912943757424,0
0.777360907097285,0
0.8149052217476548,0
0.9833832122014458,0
1.1098323089925555,0
0.6312349276386149,0
0.8896118999444271,0
0.6802217633099115,0
0.544697456831907,0
0.6645428945935254,0
0.5627120060051108,0
0.8105214634841352,0
1.2413971171458016,0
1.0622137535426117,0
2.6836354549476487,0
0.3311358692008652,0
1.264492028590839,0
1.0032152772127503,0
1.5035593108462253,0
1.430798388565954,0
0.9208152361495833,0
1.0901612732737735,0
0.689330386827508,0
1.3591234768858025,0
0.39084741971626785,0
1.4746390077429155,0
0.9884801454388937,0
0.7838551613181189,0
0.8902378544919146,0
0.9234874054378124,0
1.9129601904674478,0
5.036678472666041,0
1.840312532975526,0
0.7537738475166241,0
1.3701098404575927,0
1.4002693108701996,0
0.6296568054870736,0
0.5323789939605985,0
0.9688548572226287,0
1.4975849860504877,0
0.4466838819357876,0
0.6973631858626943,0
1.3315262683885085,0
1.0210809352769938,0
2.0302050753668777,0
0.4937708543314087,0
3.2416500236307186,0
0.46347806407982484,0
0.3625539966827385,0
0.9709732211041061,0
0.5670944196722377,0
0.9808087112863035,0
0.9638077444518776,0
0.9067512647044172,0
0.6562552165374891,0
1.2415096220642365,0
0.8532791251719374,0
1.7364320037688659,0
0.913761094503691,0
0.6173471870727961,0
0.43004936441364383,0
0.9175440257608077,0
0.5301462931665284,0
0.5091661318393539,0
1.3017749177025364,0
0.41113443291549134,0
2.0260674331689623,0
1.0831334600083478,0
0.9783172104111196,0
0.5960784635827547,0
1.4654848570706327,0
0.9985485875206866,0
0.7096039216978104,0
1.1050740522396834,0
0.4311096867143117,0
0.44146189717599943,0
0.5711559195158855,0
1.1909646795508917,0
0.9983721654591746,0
1.689596313715962,0
0.6312868485950595,0
1.3328692111824512,0
0.9446552090649545,0
0.6240513655771656,0
1.2124630090407087,0
0.9675328229512828,0
0.7301103462089921,0
1.0212215855233433,0
0.9372875192409316,0
0.9260342719656933,0
0.8135917495621189,0
0.5207556915131512,0
1.0380902302069739,0
0.6694109135475733,0
0.6003968451469268,0
0.8866101379919479,0
1.443417076143748,0
1.0972496754985477,0
0.7667679205439536,0
0.7515082972484715,0
1.3742479432106953,0
0.3016861969655694,0
1.4898605047473834,0
0.3917983881406729,0
0.4927743319984343,0
0.7732654278719245,0
2.9596235212071518,0
7.294291938593907,1
1.423678304772597,0
1.1951493888351687,0
0.39410477288530615,0
1.081532569894686,0
0.759867837173337,0
0.6647563696966906,0
1.0804758489582522,0
0.790132200810392,0
1.544422065890751,0
0.37985055352791697,0
1.0382179265070737,0
0.6443271971731851,0
0.8147956654153815,0
1.1645249198648624,0
0.5719784682073296,0
1.0855818056242543,0
0.8992725658843738,0
0.7187128087275356,0
0.7903445866373531,0
0.9256343936295091,0
0.6811871076708539,0
1.0035535365560122,0
0.8701511812893943,0
0.7366508318958476,0
2.214266321837042,0
1.2307453497733079,0
0.8258384412394756,0
1.0756554701220502,0
0.598451335308614,0
0.80381526718278,0
0.852110790150206,0
0.5361201648123737,0
1.213704222308259,0
0.7766182583743066,0
0.8371656375688268,0
0.752495750492064,0
4.390948642031336,0
0.7179843009917101,0
0.35546144910935823,0
0.44934424808645673,0
1.461774796276191,0
1.9507742515369364,0
0.7111310163028808,0
1.8954851750557895,0
1.4488860211914112,0
0.9096093425975753,0
0.8778995129102307,0
1.0946504769791934,0
1.550733292628538,0
1.2197516626224782,0
0.7129071076193495,0
0.916582202911682,0
2.6929351359215064,0
1.1338363680573087,0
1.5444420515472144,0
1.3098891215917776,0
1.1464599290153639,0
1.0558535057101766,0
1.5662673626577848,0
1.4323566827493015,0
1.141047544322113,0
0.7068892573444432,0
1.2126152644488626,0
0.967051073738798,0
0.8571623352110708,0
3.816706918021497,0
0.4632327488739641,0
1.6148731836387349,0
0.649640937787732,0
1.0677971036901266,0
3.61211603371688,0
0.618050878395703,0
0.6963267033524373,0
0.9912813611256185,0
0.654680152886635,0
1.5558595768916152,0
0.7654704108221568,0
1.3868081616830823,0
0.5144820740045073,0
0.4051832880855964,0
0.8918186364177769,0
0.4564601309983825,0
2.136426249892816,0
0.46537965449077123,0
0.5952086016710836,0
1.22974882687316,0
0.7458863956465186,0
0.46804352514900954,0
2.773145068859175,0
0.6060353861809327,0
0.9065320408440534,0
0.9006880929502848,0
1.4264011245977322,0
1.2600812844306755,0
0.6613973276642968,0
0.8496645888539627,0
0.8927388190339302,0
1.454234650894781,0
0.5575734935006333,0
2.7430084112096074,0
0.6841406911261366,0
0.9956348566760822,0
0.5599013229224592,0
0.522526538095116,0
0.6458330762167577,0
0.6155361460067642,0
0.8129151738567377,0
0.6129435015748735,0
1.415915347502301,0
0.6760474942376111,0
0.6396029110157893,0
0.8216141220361677,0
1.642828480234888,0
1.1134219231040632,0
0.9513771001158671,0
0.4884479396728367,0
0.564760105558713,0
0.5277118040162249,0
1.922113980455236,0
1.3037980235156952,0
0.6499822303026306,0
0.7541335369758803,0
0.6618971563106834,0
0.6421517656148621,0
1.2587894631327892,0
0.8660885617119386,0
2.8308693977123265,0
1.8685821080197549,0
1.9246423730243352,0
1.3988891921037212,0
0.8095072617420563,0
1.3483686337316867,0
0.8399471151644122,0
2.2594875174153963,0
1.2240189812474018,0
1.1401731984159678,0
1.0655981995752342,0
2.3872288438837934,0
0.48827565445533744,0
2.5071431403943616,0
0.9111234288143005,0
0.49506090285659937,0
0.6865303356996797,0
0.43805814277159827,0
1.3865634847394337,0
0.595028202635005,0
1.0879920409485475,0
1.763161518767646,0
0.7146170570694017,0
0.8745447213343382,0
0.5211677537142854,0
0.8235108495924334,0
3.6219473117847563,0
1.4754552438273194,0
0.8760210055045144,0
0.7365014914056099,0
0.9789088971514623,0
1.067186105058517,0
0.810961374039168,0
1.3034695551501625,0
0.6208140085615306,0
0.6192824329041895,0
1.2033360346373003,0
0.5574843338377273,0
1.4398063515163482,0
0.9928851252224603,0
0.4009355413503518,0
1.0562760507113527,0
0.4306010255859479,0
1.414365477642281,0
0.8830643851910466,0
2.5232357565881065,0
1.7085694171041566,0
0.5884011986537745,0
0.36408426826339463,0
0.6855384929915986,0
0.5430090451700631,0
2.491460397172869,0
0.9948559465513951,0
1.594737908574242,0
0.8671741509062687,0
0.9140831443178122,0
0.9838188334241741,0
1.7389294396355113,0
1.1686069259610918,0
0.5893901494048769,0
2.2507355390604418,0
0.8638054151466773,0
0.7963153032655903,0
0.24298570825794027,0
1.3732769191773477,0
1.0518035105543693,0
1.0512320195694909,0
0.8175752466985483,0
0.7500548662958179,0
0.8312786566713348,0
1.2605907188247731,0
1.3765204286726707,0
0.8909065009818138,0
1.607160162248412,0
0.9612823635767694,0
0.7771567519018485,0
1.1042957345199913,0
0.5067724416181728,0
1.123399273636115,0
0.4625081721079404,0
-5.021332394094956,1
0.3644573648055205,0
0.9161652960949845,0
2.236286887949623,0
0.9431420885605832,0
1.3795987413032202,0
3.241891476977462,0
1.2238821833937803,0
0.6820815712898795,0
0.7306766171097578,0
1.0003291582722025,0
0.7287333983072363,0
0.7565069945155984,0
1.6366098777595506,0
1.670425092402609,0
0.4389164332782408,0
0.6642579281315178,0
0.7929443840156073,0
1.3492440505843069,0
1.770988374223884,0
3.861222978627977,0
0.7922829838523218,0
0.8123172142443478,0
1.3421663770720995,0
0.7109818624090913,0
0.9319455108627085,0
0.8125977580695458,0
0.2695970179687072,0
1.0635545157878485,0
-5.021332394094956,1
1.888184008547258,0
1.0027489752904513,0
0.533992364316425,0
0.8789305132322085,0
0.3515014573793521,0
0.5458238809688183,0
7.294291938593907,1
0.8836712099483516,0
1.5860618497126477,0
0.3740199557244647,0
0.8858295763204006,0
0.7883948395523199,0
1.6127233815815671,0
1.3998728122246913,0
1.3786793870018008,0
2.161289467004281,0
0.8318995699485842,0
1.9494366192954076,0
0.5932715402463512,0
0.5824925549166998,0
1.4569909062154793,0
0.4712481955945163,0
1.3316021139043555,0
1.0519615843389178,0
1.7090306942471527,0
0.9707153719196798,0
1.028420852808943,0
1.2899874587956075,0
0.7179719518089452,0
0.7025047236463416,0
1.2677132918524165,0
0.9854627959328665,0
0.8157421564844528,0
0.9594529028372065,0
2.2194951362534265,0
0.8013085473749959,0
0.7897729288752352,0
0.4258270026189107,0
0.9790461779472724,0
1.3888023480409333,0
1.5190711428564538,0
1.0555994459877336,0
1.6127112785151207,0
1.4414004863744476,0
1.7445124439142938,0
1.6358316471800372,0
2.192383039360603,0
0.9186532103504615,0
0.515030569833148,0
1.393556861398689,0
1.47738937538833,0
2.19240189094745,0
1.897704842001119,0
2.645172360750921,0
1.3633255743209336,0
1.1212064532654804,0
0.5003279174313864,0
1.166547191452732,0
0.7586219779402312,0
1.1115495209780442,0
1.0276314521330345,0
1.266005659922755,0
0.9524998258944704,0
1.5960153158300137,0
0.2562563018010594,0
1.0996553225644925,0
1.8243885495922931,0
2.547275239184477,0
1.4419273687647554,0
2.3220293224372943,0
1.0881380209505904,0
1.0014323127450095,0
1.3030501970498076,0
0.9984041333061228,0
0.6762592747057329,0
0.7728887797401621,0
0.573454631850927,0
1.3023737323761226,0
1.0057121587671962,0
0.835150727555547,0
0.753262219737226,0
7.294291938593907,1
1.477311808046422,0
0.5682140979609278,0
0.5252702773363264,0
1.611644325210585,0
0.5027980808269971,0
1.3148773836521888,0
2.244436751189024,0
2.247048105399544,0
1.4461954713147034,0
1.4253319837804401,0
3.083155930349911,0
0.31123786141086457,0
0.7928130479511364,0
1.5284374278375175,0
0.8448100211692556,0
1.8587219990925197,0
0.980515299047779,0
1.0680899183107313,0
0.8716761321710216,0
0.7700841538406715,0
0.760670512344168,0
1.1452044138115083,0
-5.021332394094956,1
1.61059301221178,0
1.3862648365849448,0
1.7327473639156512,0
0.5686659055649166,0
0.42752681244896507,0
0.9979093107258447,0
4.260558720719863,0
1.8834484698350273,0
0.7578853528985292,0
1.2364644625564194,0
1.4387770094294403,0
0.5044966293569805,0
1.9834007750085738,0
0.9196960321128341,0
0.9556720943555026,0
1.0119633246224569,0
1.7722857003880435,0
0.6855107630370927,0
0.4259279824047177,0
1.175246186940373,0
0.35993599929003955,0
0.8602331708674296,0
1.810199653380178,0
1.335822159028583,0
1.6840103011310812,0
1.3636646652449276,0
3.337317178978012,0
0.7451872023627668,0
1.2202623034999371,0
0.8032733310401875,0
1.613491775120095,0
0.9696816686215749,0
2.3617962200294604,0
0.7668930108966238,0
2.0209410370473364,0
1.3452364075074195,0
0.9839004708621121,0
1.3115651157621215,0
1.1395485711526454,0
1.1947982469502072,0
0.9017341497651066,0
0.7041286107550501,0
0.8457465420229199,0
0.4310321968612801,0
1.5234449216299972,0
0.539246768621534,0
0.8968886796151936,0
1.38267844571134,0
1.5215025381609113,0
0.4117553286994806,0
0.9551145122137897,0
1.258439359545105,0
1.026349215304523,0
1.9582230969073138,0
0.6630509461075341,0
0.3589685261979015,0
1.4995469188554345,0
0.7644925031997446,0
0.415085689728197,0
0.9238032200974847,0
1.8501727034806044,0
0.5317263461566887,0
3.2155485877967216,0
0.6577431343054443,0
1.0444656626774669,0
0.5435866209625833,0
1.0210231107655106,0
0.9353131267117571,0
0.4748544461019707,0
4.107906307485214,0
0.7806186095121523,0
0.7809600532538871,0
1.6233922471989009,0
2.477196412007454,0
1.7563160009434426,0
0.5484878989913152,0
1.1128836224059828,0
0.3903598624045181,0
1.5696498055044281,0
0.4414925783029623,0
0.6692479486026892,0
0.9984005285044962,0
1.2491999177323372,0
0.8776851825184352,0
7.294291938593907,1
1.4356529901293542,0
1.3803849051191914,0
0.5408028680111812,0
2.33890752050645,0
0.669293519022974,0
2.3839796581072035,0
2.7486160445160457,0
1.2921768362820523,0
1.675323948789666,0
0.21406835875612795,0
0.9071012460079746,0
1.7351308353161021,0
1.5876503153820742,0
0.5434260365153073,0
0.8634139664081785,0
0.28134242630125583,0
1.2293633331946403,0
0.38997829290968505,0
1.7598682026600152,0
1.8064478990388915,0
0.7888465946013993,0
1.2977577469441393,0
0.8971346093382411,0
1.1285732197170195,0
0.5634764652832723,0
1.3651254260340089,0
0.44017072537455376,0
0.40053061190910666,0
0.9408569610531189,0
0.8997650189479166,0
1.1458547502485097,0
0.7227053014395239,0
2.567277073838892,0
1.0836148058274,0
1.1234910981120685,0
1.1036434554835466,0
1.651121797996451,0
1.3337689175218708,0
1.2473345939767888,0
1.4448305560403052,0
0.4015965430746169,0
0.4092521434271162,0
0.9626846638755288,0
0.9058904092566175,0
1.3363004292453204,0
1.0100587031468744,0
1.337674244048687,0
0.5364415687453042,0
0.9946421197124928,0
0.511438278263037,0
1.2134031920466057,0
0.39096293410270017,0
1.1902400973729976,0
0.47974542015841937,0
0.8255017492454806,0
1.5643397433281556,0
1.1204047391848206,0
0.43918694581931933,0
0.7144823944118956,0
0.4720410802582563,0
0.4285365488128438,0
1.0605966085736902,0
1.3233272006888026,0
1.24645429963092,0
1.35163288696616,0
0.9940622729519406,0
0.8722361222119015,0
0.5847711741730738,0
0.8024868295605064,0
0.5165029945513895,0
0.6553520128143601,0
1.0454667487488725,0
0.9427981748821036,0
4.629107194523161,0
0.5102278957036699,0
0.9393666941383998,0
0.490727617512717,0
0.8237460914641639,0
0.840677982173142,0
1.5256796960883017,0
0.7986493667803845,0
0.9087731280784308,0
0.8064132254143346,0
0.4963242321214903,0
0.7217682421316072,0
0.8261587294305771,0
1.0376026849834534,0
1.3224335577642017,0
0.889319909623175,0
0.8815371517357217,0
0.4229900683694511,0
1.30979057579547,0
0.7061349280190163,0
1.4529000872026707,0
1.931351416971059,0
0.9103214379306654,0
0.5995021966509319,0
0.9916854521125664,0
1.1904733474611822,0
0.8540547299766114,0
0.754259199080152,0
1.3254686636970563,0
1.2824715791970414,0
0.8410158099777624,0
0.4373449296060126,0
1.2563228644427933,0
0.6813606005704714,0
1.1131240678955239,0
1.0785080121981125,0
0.38888418154163673,0
1.0413738408386872,0
1.293389462269326,0
1.3751684155512407,0
1.0604388963077507,0
0.3720998592177648,0
1.8937150432463017,0
1.2281529004870722,0
0.5479015482319978,0
0.674433958388968,0
1.12256035172694,0
1.404796000189474,0
0.7835021851941143,0
1.510986431883709,0
7.294291938593907,1
0.5937900308381816,0
0.35622881888756586,0
0.6384559654981953,0
2.12556700416042,0
2.7979894824760216,0
1.1244513570914998,0
0.7267195759086175,0
0.89509989677687,0
1.2670228620524657,0
0.457723300041768,0
0.7510751332178492,0
2.049193983849057,0
0.5928255919276295,0
0.6876244486320642,0
1.0066186349864503,0
1.1520824486856978,0
0.7316141488167531,0
1.0392322211571026,0
1.3552280826831145,0
2.666391104558955,0
0.9388287514605187,0
0.9795630660869508,0
2.1462586703528577,0
0.7598889846890087,0
0.5157276224280529,0
1.133289525038918,0
1.7127281568272328,0
1.197844351464178,0
0.9526498811963793,0
0.4847137896995284,0
0.9712371355546402,0
1.8525766672434674,0
0.5395291087062363,0
0.8848177504272868,0
0.8238701338214597,0
0.7054973348873481,0
1.1319722917847908,0
1.248137725248496,0
1.2416156218472736,0
0.6136043854894415,0
0.4391159195287052,0
1.1401892053786509,0
0.7764993133041355,0
2.5071739182951065,0
2.5657603001311347,0
2.705657354013666,0
0.6249676125444237,0
1.3293426120320435,0
1.5456990361784568,0
1.4610817949188981,0
0.8376131063052095,0
1.8956891718252844,0
1.000237521387,0
1.0661489697558857,0
0.4635149101484425,0
1.380412661838889,0
0.877914687621426,0
1.2616109436497778,0
1.1247455698019941,0
1.0946867927469548,0
-5.021332394094956,1
1.4818626849181584,0
0.9053385938143194,0
0.4830675839641994,0
1.3290678119028203,0
0.6673085392369984,0
0.5157511375857204,0
0.5998224003067122,0
1.1521919707636354,0
0.9528865747632485,0
0.3442657072936767,0
0.8254488569852562,0
1.794301146111103,0
0.7979990791609112,0
0.9205920560711894,0
1.6845453722801378,0
1.4884638710136022,0
1.666749868843153,0
0.25000438906178707,0
2.3791933917747574,0
1.3746514632499518,0
3.423756044351529,0
0.6762699046528777,0
0.41406790253353487,0
1.0036157494703035,0
0.8713721160123156,0
1.386568502741996,0
1.7116608771022026,0
0.9572917525036123,0
0.8866065021397329,0
1.2986949943317383,0
0.879708802214262,0
0.8436723670519848,0
1.6796198185734867,0
1.8774020417318693,0
1.7194132895919998,0
0.9193256596295682,0
0.3430447088268496,0
0.9285760054716276,0
0.6845524538175799,0
0.9371963101039132,0
0.7149480141894362,0
0.9896836545928976,0
0.5947359136220778,0
0.527103308491521,0
1.8429098105745074,0
0.6158026090318381,0
1.0001658263758504,0
1.6116482664769518,0
1.579569060179339,0
1.4879868551356625,0
1.1635006439864428,0
1.4362013178208786,0
1.9868372767946445,0
1.2367800853881283,0
0.39907689019308473,0
0.767768822839757,0
1.4164943277399586,0
0.7308493216195954,0
2.2480272857104207,0
0.9689038344370526,0
1.0435458504611745,0
1.7548301988603794,0
0.9126298076766645,0
