value,is_anomaly
26.326637470747883,0
17.167703213569556,0
15.497607189510976,0
10.592806763318407,0
10.984742727162335,0
14.6268763840594,0
10.887724938757897,0
12.774427021938596,0
10.376817327358815,0
12.220567776507583,0
25.562153458477045,0
24.759892035785374,0
14.57821033939725,0
13.429092596468433,0
35.00931265543993,0
79.9540369647328,0
16.519528403067028,0
20.986675822874624,0
11.729933505302652,0
10.7865426935352,0
10.269211075113729,0
36.531496559638185,0
10.351901976716578,0
11.893318074905146,0
11.973518002869294,0
16.947098752282457,0
10.883566896275765,0
11.918191601032198,0
10.462517860022464,0
14.678011918142616,0
11.518292341459537,0
10.046673920904452,0
11.12403317526101,0
22.32154573637393,0
10.690596298113856,0
10.033222182402447,0
11.649803138348824,0
20.017616925629355,0
10.579159643874522,0
15.68197077479299,0
12.309182929065996,0
10.623840287951289,0
11.569869912883883,0
16.01441218006829,0
15.63151823005275,0
12.113636772140424,0
12.066420253459748,0
10.884151138202828,0
15.402393991961308,0
10.915470101008326,0
15.91385149347932,0
10.670151631218612,0
12.666701407261364,0
10.905012471084792,0
10.380013516230749,0
11.967156280193517,0
16.910346484804798,0
14.148578283733864,0
13.133618949173037,0
12.162321117685151,0
10.567880722419297,0
12.644439119845678,0
11.04230941332975,0
14.155135417699224,0
11.484600698901756,0
12.254343008155333,0
10.074854176968506,0
10.150639839242544,0
15.00667992914611,0
13.096451291831869,0
11.828970318819273,0
19.82282211080461,0
11.432186276347107,0
11.06109137101097,0
14.959847499351264,0
20.54254382780567,0
19.95913444698076,0
15.833992935454127,0
10.472277004629579,0
12.651780431075057,0
27.24443310632612,0
11.364152691590752,0
15.39975909909301,0
10.664740398698333,0
17.398886838898818,0
10.284708087929197,0
12.488060606592715,0
23.561790240523116,0
17.798633795498407,0
11.052558781335462,0
11.10823145038819,0
14.493933624362052,0
14.123024577018162,0
16.203204299368778,0
10.494897042197199,0
17.505469025501753,0
12.14300718975034,0
12.93886870210249,0
15.024381861812419,0
14.815492804368118,0
12.664020589373381,0
21.756064194767916,0
10.273522261738599,0
11.985088388442017,0
21.759074619187764,0
10.143892973889535,0
14.95525635908081,0
12.637297132748518,0
16.472915570344743,0
12.603990549783703,0
10.207167068607472,0
10.39462431412435,0
11.705860426093171,0
18.80858439633704,0
10.495903472948559,0
13.5515412126282,0
11.66696414664231,0
15.040792997084274,0
10.69224130874105,0
10.28883281936843,0
11.399670135057764,0
24.448202466144377,0
22.703249895454697,0
10.634445201054103,0
10.09852802393344,0
10.20999633249075,0
30.24246454520196,0
10.438968563592743,0
10.856880012392045,0
18.927471293928647,0
12.206460948132474,0
11.287890531095696,0
18.525931026989227,0
13.738163739957827,0
10.368216965625228,0
20.700637561871652,0
20.432941885663073,0
10.603637807647067,0
10.893166278886708,0
13.628420946978856,0
15.155729179884856,0
12.447306291299514,0
10.080162974371865,0
10.084407249715102,0
15.101567565292163,0
11.358221814862784,0
10.230980570809098,0
13.25886584857933,0
20.261197790965188,0
15.556409761203154,0
12.902955190494554,0
10.710146464262474,0
11.41784568138464,0
10.176155574747739,0
13.178291972797762,0
10.73041371990923,0
14.711896235844167,0
13.956763039637355,0
19.383609194222174,0
17.93984506914593,0
10.006109416202449,0
37.77307075132944,0
11.850744216082932,0
21.25728792304149,0
17.706420801994884,0
11.042528143601311,0
15.45214070737867,0
15.887844220130209,0
19.881102645378604,0
13.940074504826221,0
11.274677319009964,0
16.705632706059347,0
10.464766052584245,0
10.919919823795315,0
20.12093761204758,0
13.239702860815736,0
10.347435999547978,0
11.212957592838057,0
10.713705329033216,0
11.32220521448437,0
24.840887528486654,0
16.34003847454033,0
16.682486725517293,0
10.133931977668889,0
19.795411795461778,0
11.76925599743779,0
14.345341126642733,0
18.246624229566883,0
12.744830328556716,0
11.820252343496534,0
11.642848932111589,0
13.973510057512147,0
18.08383951845597,0
17.377775579832008,0
10.964177568885196,0
18.83505653473631,0
11.998101969385782,0
11.106171123236646,0
16.782734416627505,0
10.389748574170607,0
13.889027428910794,0
29.23734404860238,0
15.582038541005257,0
27.148308355510157,0
12.564209650451314,0
10.826105635338774,0
22.05538151445964,0
21.240754649007908,0
10.208086015575692,0
17.919025682878736,0
10.038565759926872,0
10.177688681748059,0
11.639984903559458,0
10.372195788392913,0
14.00245627343084,0
13.099234652083052,0
16.785827576286113,0
16.757414999940043,0
19.242086843211514,0
12.739520817264358,0
18.378780470939915,0
13.84822440894463,0
10.58446762469557,0
12.262523052431526,0
11.418474208762966,0
10.612273576539755,0
19.04970914255863,0
22.266791765629538,0
11.390450420750504,0
18.979635290883195,0
11.227772709012488,0
10.757366973631177,0
30.83244378597491,0
11.571228152435808,0
10.714349521585167,0
24.585523360347526,0
13.700993876958321,0
11.804623717201183,0
11.372001346116036,0
12.97071040287987,0
11.790035859839573,0
14.738218167784973,0
11.55509183807279,0
10.425234699540585,0
12.956477736069337,0
23.047154224831385,0
10.191284445537022,0
13.647408255054025,0
16.452625394398666,0
12.189374438943457,0
15.151941682837256,0
15.337852376681857,0
10.109090865630659,0
15.80559128834981,0
10.16666314074383,0
16.468419402299645,0
19.860936502492713,0
10.588642103729917,0
11.066397977452741,0
15.870324615014589,0
16.18712283710464,0
15.952445818012823,0
10.53770380706553,0
12.873282216814557,0
15.723169772101555,0
11.830196467066795,0
13.698725292831138,0
17.13183907558505,0
10.528000792685262,0
31.96146638206183,0
14.137775397571628,0
11.368655862769836,0
10.639903926716435,0
12.028179995103,0
11.210597310789003,0
10.335118839736118,0
24.118311612129787,0
12.311822735138445,0
10.197347230314776,0
12.267117196649803,0
14.439857285542066,0
12.264611464739444,0
10.763089102689179,0
13.52740148644829,0
11.995741534366314,0
18.122574080988752,0
29.69883378676316,0
10.178715891424101,0
11.264495840016796,0
10.630685792298243,0
11.508735050940324,0
13.506772187156901,0
12.27389697777856,0
14.913756888654248,0
11.10574027569599,0
12.752185458903941,0
10.848014275635636,0
43.54389830184844,0
12.9239804159937,0
12.703486068122762,0
10.450119779963774,0
17.952329999218428,0
10.797506526469382,0
12.162577003804802,0
16.536043667849704,0
15.108011695491454,0
21.112658776979806,0
10.000882055475525,0
17.481083049082212,0
13.268209103305855,0
10.6962914222661,0
13.527434986557314,0
25.480325749211275,0
23.811487512456374,0
12.96383216107061,0
12.543025653303863,0
22.90009377612723,0
23.323539540905717,0
11.00369694447846,0
10.383603205371688,0
14.715531305234677,0
49.86841013002341,0
10.30451476299077,0
12.715385326707008,0
13.034112813086953,0
10.078381709214614,0
14.292308011413027,0
12.379138646044833,0
10.716664222858945,0
12.696743117140448,0
17.298472001698933,0
11.862383817613953,0
12.608813519925022,0
14.971648972868355,0
10.315500901236405,0
15.817572674518201,0
13.835852120048497,0
15.146694144809182,0
37.263276748027685,0
11.134275105473412,0
10.667763159305597,0
12.937835892276794,0
14.745409357077033,0
14.69591902122275,0
11.827715905473152,0
11.51756562333956,0
13.077619467228764,0
10.539423323326316,0
13.31003046956459,0
10.633555093719684,0
12.50730927243592,0
10.302801099066059,0
13.575003001594501,0
11.492205578661903,0
10.937533913376338,0
10.267768925108774,0
24.95540560884958,0
12.582211096577964,0
13.563822739569574,0
15.660383260219781,0
10.46028550337796,0
16.373543388186068,0
10.05322411789571,0
10.351439573294783,0
12.22384553695311,0
12.56021751776222,0
10.296583530723975,0
13.800815362145078,0
18.474896084432196,0
19.29528950613199,0
13.590812995885786,0
10.38479786934973,0
11.178722084411826,0
12.592329238869805,0
10.113679311600448,0
11.291850290863934,0
11.790004787336532,0
12.36829908787221,0
13.59289017864195,0
22.612931786809746,0
13.13455974066004,0
10.4322071415936,0
15.590405034708372,0
26.77976969947349,0
17.13635422323748,0
12.23921119682074,0
11.409543296018274,0
10.221774562854486,0
10.269831324630205,0
11.129286990242797,0
16.88935068235087,0
10.382057527328065,0
11.64988221871712,0
20.134441768534543,0
10.85927489145649,0
11.37058309552567,0
13.615654816713699,0
16.03516986718281,0
12.059227751835097,0
10.436714076117692,0
11.07611739526014,0
16.749478045378652,0
11.667563212036587,0
10.593957295268995,0
15.711716766183484,0
27.70730302702781,0
11.42328452753,0
19.05185818555998,0
17.67798256960762,0
11.44062662134115,0
10.863245441327416,0
13.822865906337247,0
14.505711745213823,0
11.7797116468317,0
16.586920438592568,0
10.042870425877197,0
13.841095604680941,0
14.023264690039367,0
11.212895684119275,0
-83.23794281153042,1
10.790404719437827,0
10.343885139290986,0
26.44253799853938,0
18.48392110543092,0
10.74670140411287,0
11.114874167175394,0
15.914088794691509,0
10.43516277686024,0
15.688943602353332,0
21.02891982583515,0
10.433692850527363,0
13.75235328966584,0
12.20497122639454,0
11.377677846030565,0
10.153686326225227,0
11.813431111489498,0
12.11819770725485,0
10.702776678037687,0
12.8758332188232,0
24.358600160837987,0
10.236084513105048,0
17.05481119897238,0
11.082209477197974,0
10.111216428898523,0
10.287504446892004,0
10.491431379233562,0
11.303708640149445,0
12.19173570703332,0
20.758616468836067,0
10.087574315548583,0
10.032206846272622,0
14.72954576515598,0
10.287598037527196,0
10.231315178927066,0
41.2902120404172,0
10.711683038713174,0
10.910621996656527,0
14.052872108514855,0
13.574833849263303,0
24.204058745371952,0
11.154141544650313,0
11.479389792857615,0
12.654106327387995,0
10.024347647478445,0
11.344065461350896,0
11.61497785606459,0
12.601892789435723,0
10.771154904741715,0
13.552286536487706,0
47.866205763183636,0
10.160950732615255,0
10.17386251066575,0
11.581938299819047,0
13.746654032752371,0
13.47370816860209,0
14.174902319913123,0
15.697862776301593,0
28.431827958574058,0
14.373803417073889,0
13.608578771424217,0
15.446586561424546,0
11.059408860601181,0
15.406629942713707,0
16.57068114721467,0
13.871265503774449,0
13.136206130655335,0
10.034194505166408,0
24.206196071668487,0
30.205982049225515,0
10.553865105791067,0
12.624325426418155,0
10.404756403849438,0
15.383681254437256,0
19.187191081172475,0
12.601260785432721,0
73.4640979981911,0
16.830416159353426,0
10.038865923405943,0
12.057412522730246,0
15.24661899172756,0
12.963522121367479,0
11.847207964005886,0
10.395055189349815,0
10.64232425799974,0
13.17823997794557,0
11.068563242716543,0
17.270067878358102,0
13.038390605292236,0
23.755531077943864,0
13.762081317994921,0
10.615483360035611,0
10.153567495506275,0
12.324418404715763,0
13.600788512247966,0
13.131125000068337,0
10.584161702030277,0
10.269430181546698,0
14.182340861880169,0
10.531338741693599,0
10.359666887431487,0
10.81012060133313,0
24.475365142161124,0
13.732226564636129,0
11.855371413897576,0
11.755854882723845,0
12.078172447363011,0
10.847184434800582,0
19.60112736426561,0
10.30952743082235,0
11.552259997675927,0
11.756740973479099,0
10.570423937717768,0
15.477169289670998,0
12.552370508863799,0
17.12506390590082,0
12.906841512777882,0
11.942754295323379,0
11.898007953499539,0
10.472589087869984,0
15.829432750813794,0
13.459254439651993,0
16.231176045857172,0
10.922530982536198,0
10.24473104194244,0
18.89962573915555,0
11.027294695328498,0
14.368094053326502,0
15.647760966105428,0
10.640472276849383,0
26.157820362141088,0
11.233300587192936,0
11.740952435755343,0
24.274320533799344,0
17.942887015048036,0
32.42242443322456,0
10.46737654307668,0
11.205956594579627,0
16.39556896565051,0
27.330504693785898,0
13.306648297403228,0
11.435736274711168,0
10.451248735279712,0
27.369203149539082,0
11.140601408792513,0
14.558054917293518,0
28.784624332172925,0
11.746364806030467,0
10.84028238337838,0
14.005783109975523,0
11.554385629774082,0
10.597158084366109,0
113.15632959182867,1
10.417425807971654,0
24.050154728401356,0
11.44520985116422,0
20.551300908933776,0
11.627345911845818,0
15.808012013962106,0
18.398304809663763,0
13.59575054647813,0
13.25170982288968,0
14.576926637075786,0
33.53907123065572,0
14.927178373983905,0
24.473630203125097,0
16.684759462613894,0
10.77625131768145,0
10.154590918075462,0
22.618514230883378,0
11.977389386545491,0
12.773016700004117,0
10.689485927501396,0
17.151684639131915,0
11.34545930193531,0
10.349482106328878,0
11.519748276656935,0
10.40632993908874,0
18.026035453501702,0
10.380158838298774,0
10.474541021413783,0
15.875985436092972,0
14.07133591550438,0
11.85145989261844,0
20.641462932992624,0
15.45593059008642,0
33.38842571511962,0
11.095228478752441,0
10.347355962056286,0
10.017790815014573,0
12.884896778966535,0
18.75555911014643,0
13.005856196442977,0
18.270315297120373,0
33.06757926364204,0
10.43985083856294,0
29.998779431517683,0
13.90510342286899,0
10.20722128631224,0
17.418580769400677,0
19.677532316786852,0
-83.23794281153042,1
10.782965055309031,0
10.18827713217039,0
20.400319050235982,0
15.477186816196586,0
11.645308707665905,0
32.07746601081094,0
20.66372789934606,0
13.144945333646728,0
12.240814829576339,0
11.170072801649429,0
20.538940748755504,0
30.90251440621089,0
11.623915749394463,0
14.204312052173343,0
11.776821191821046,0
12.831293627219381,0
13.849619983892769,0
13.894210893706626,0
12.256137218357242,0
15.208540093094701,0
15.616321351430098,0
10.499133277819626,0
16.995189191035436,0
11.575583231251759,0
13.720127904308947,0
10.972465635005923,0
10.833427168101927,0
13.427659195474915,0
26.674680135688952,0
14.457733417868443,0
12.332012171572913,0
10.748991014204414,0
11.81522391051967,0
10.375544170595024,0
11.515915041971084,0
12.719217932590013,0
14.493676045806385,0
11.83746971095873,0
28.195415600263477,0
17.6605797770322,0
11.185328540186978,0
28.17206802233773,0
12.15098613941871,0
10.551847710226426,0
11.389713617350788,0
13.888779515420154,0
30.133445235178264,0
16.734525352193273,0
14.50600899998824,0
10.487396865688153,0
11.061306918445537,0
113.15632959182867,1
13.107091554573051,0
13.246626238227332,0
13.191938014631074,0
22.863459047409584,0
16.148312363761384,0
11.00748108453388,0
13.494952264258062,0
10.656457910267603,0
12.787993032477072,0
11.572996970622073,0
13.916731008844964,0
10.449971010522379,0
12.15971439090443,0
10.315762911315694,0
13.609721506327014,0
15.823198932374332,0
10.265012312693118,0
11.087048144059962,0
13.966130202674512,0
11.185856640901537,0
11.944789385987155,0
12.624246963680397,0
10.811865575762763,0
14.49374607236059,0
11.037234672285777,0
12.456144761624628,0
10.294506521717764,0
12.401620832392537,0
11.242589364844358,0
14.375101027329544,0
13.447203125638996,0
10.609354638280719,0
15.769011548618025,0
12.189856681415307,0
11.16131793166192,0
15.944622053004693,0
17.634952462664792,0
24.553112768236392,0
18.315207435729338,0
13.052865936808043,0
412.0641672292607,0
11.460954026485473,0
12.907136835182575,0
16.325624497750493,0
17.18359428966057,0
12.097855690827133,0
11.384576472235686,0
23.787609482492353,0
10.471404470352915,0
12.945023868690694,0
18.133859189515768,0
10.893082878716047,0
10.78278555532105,0
16.079305400560187,0
44.28037848845094,0
15.060754781963377,0
14.20169671954458,0
12.991521488580574,0
17.751807046637737,0
12.280222588402506,0
36.860611388234545,0
12.721054794216657,0
16.865647041755654,0
15.56363459306195,0
13.645953949406397,0
36.38746125106125,0
13.130935387906565,0
13.30227139094099,0
10.282079180472488,0
12.171617350861464,0
24.171474227036136,0
12.055717773302973,0
13.226062848674369,0
10.489568117273532,0
13.832579204919544,0
113.15632959182867,1
27.739983308178928,0
10.271964766484555,0
10.892213504007465,0
10.299064449090567,0
20.237581082116773,0
15.610670945942786,0
11.846255896880358,0
10.062036522217904,0
10.84639136379365,0
12.690738288185152,0
11.884016506259716,0
10.341846784741582,0
12.299142053957315,0
11.277962678157225,0
22.15625584165144,0
11.030049364987441,0
10.611141884517558,0
10.44803248640764,0
24.255872903446317,0
18.6971232103575,0
11.845567671392732,0
12.643821403946829,0
13.780887936722932,0
38.122555762363184,0
11.181102964599168,0
11.851825144318122,0
10.49959751466545,0
13.667386425687017,0
-83.23794281153042,1
24.69708950408193,0
10.644610413094,0
10.906201348250338,0
14.189850006977242,0
12.70619812504676,0
12.623966960893089,0
11.062757678907582,0
11.894727910587372,0
10.286411518244403,0
10.676076672753696,0
10.5301184096889,0
11.85330596640594,0
10.146893421943858,0
14.469486284747743,0
12.277571095007257,0
10.707103322577236,0
13.846001627072408,0
10.551354185634558,0
14.697577567262876,0
10.827158857614334,0
12.808048706608739,0
10.687128178729333,0
14.573524393072388,0
13.46200531386414,0
16.855996998872488,0
16.042967752580182,0
14.408256513596863,0
12.636467793816998,0
12.906197290407624,0
11.91778088521788,0
11.33127236104885,0
10.432503144603281,0
14.768711272609805,0
17.424264230757295,0
14.062177361413406,0
42.47620448055892,0
14.67190479368173,0
13.855351554832009,0
13.490257813709977,0
10.131228765014146,0
10.108769365397865,0
10.854184480304841,0
11.501804629683898,0
13.413443691751306,0
10.280073568133513,0
10.778485807500058,0
14.770419025986751,0
13.639055181568898,0
12.545022969353605,0
43.900872226399414,0
14.59031256063377,0
11.627368377745757,0
12.604781210672137,0
10.13798580032831,0
11.545741945405164,0
13.347947265977556,0
11.019088228278322,0
10.993740298471282,0
14.46111905315755,0
11.827790565202882,0
10.8305197860868,0
13.734474004113599,0
18.89558050406577,0
10.360307501429043,0
11.412798697996106,0
15.662978419344844,0
10.228315804832844,0
17.732824462715758,0
14.611609033936332,0
26.4115952544088,0
13.748919963850534,0
23.307945308360033,0
12.683001407129478,0
11.456456432344664,0
13.053114039600892,0
11.596669519099805,0
12.035991105765875,0
13.75784804567359,0
22.70133748268706,0
15.205197316828343,0
18.926101202138906,0
29.657846861907828,0
11.613979689540969,0
12.305024902782908,0
10.758313193712375,0
10.422297479001266,0
18.241454272530934,0
15.64526663990695,0
15.30774695094813,0
17.718269357984674,0
11.666541659264386,0
11.16451115513524,0
11.980356197784701,0
13.060398151589613,0
10.0437656447424,0
10.13026339587322,0
16.451081605185998,0
20.15424420832888,0
18.123560005339904,0
25.452825561818337,0
10.391787567217687,0
10.933964727465977,0
11.278696442270688,0
11.026015301853374,0
11.60243357786166,0
13.412274802731305,0
10.40505312132974,0
67.64542218159843,0
19.526738792845354,0
13.154284738679674,0
11.988565444837217,0
10.9229535000391,0
38.31538120530266,0
18.6606293704967,0
11.306578950476373,0
18.18795981752565,0
24.49672785719383,0
15.649421061498177,0
13.884080294909936,0
12.60026209763546,0
28.27640427424246,0
12.402643002871354,0
21.516926713181643,0
113.15632959182867,1
10.1308906913592,0
11.46226691889424,0
13.068638204437416,0
10.26680958590912,0
10.17255452129296,0
27.187751476396066,0
11.667891667705948,0
10.587732263813667,0
11.239220576565081,0
12.02786374285234,0
11.411212560261482,0
10.265914084840073,0
11.88651317625288,0
34.77636485850097,0
13.025147412922424,0
22.674726247987724,0
13.45042998737529,0
12.73946647166191,0
19.44428941066318,0
16.64199954831333,0
11.63019962735671,0
12.019055510987183,0
19.58860964049439,0
10.86403759651741,0
10.568814489047815,0
13.144852507102442,0
12.932385748282195,0
11.983914607405817,0
10.054616878028833,0
11.486271033163115,0
14.993838764426819,0
25.594786952178538,0
11.345534820893647,0
16.251672165836997,0
10.934010393269215,0
23.864931864759633,0
11.437511578637006,0
10.471355368620895,0
10.380264128945853,0
12.291008280676595,0
17.051446209494127,0
19.54779449771045,0
17.17556535114273,0
10.755515178689969,0
17.422202047698615,0
17.059279109669163,0
11.194769064249947,0
12.457814279748492,0
11.329919956604606,0
12.869508566128328,0
14.943874177177534,0
13.963520205976476,0
14.974153008039988,0
10.389459410355709,0
17.705683350197972,0
10.701351164918947,0
12.883442919690062,0
11.24508272300574,0
14.108847928257207,0
10.598204851142437,0
10.450514274904277,0
10.163065740425525,0
10.233551961786791,0
10.323124312421932,0
44.31134587580977,0
15.15166275688249,0
11.246778080570623,0
10.747148802900139,0
11.915221540815919,0
14.675503253601054,0
11.143318504839254,0
15.49029804203931,0
14.0543251408493,0
14.841882628501102,0
14.507549278607927,0
11.828211371916076,0
18.721119592404282,0
12.875656516438843,0
13.375902904465358,0
11.01715339641485,0
17.17522172505931,0
16.47145868823938,0
10.379848759865144,0
10.888035788318685,0
14.770566120435632,0
15.124317517929278,0
12.036269756788176,0
48.02549393527326,0
13.005606119718882,0
10.504712602385489,0
10.165185278428343,0
11.795072830532607,0
14.256258413470245,0
13.361154487199165,0
11.198325785222654,0
10.805150562776952,0
113.15632959182867,1
14.446787744908125,0
11.43492381960321,0
17.671681624141403,0
11.165541636376554,0
13.454623545286935,0
49.3305891578224,0
11.345216703316598,0
17.130580698300303,0
13.421020282849863,0
12.583871908568725,0
11.721409931063235,0
10.696219185749204,0
11.550718271798797,0
10.310333251304808,0
11.154318703826958,0
11.648250868481949,0
44.769031733995746,0
12.41733663831482,0
10.719855492810824,0
12.74367716243012,0
13.955409958747683,0
17.107404338385123,0
12.52474016573602,0
10.460432025078452,0
10.155806238596908,0
16.194126836071685,0
10.034605585108343,0
14.697043049653802,0
12.46189309369896,0
15.945584583035252,0
10.815432259772173,0
13.834741029240572,0
10.076990195399723,0
10.365001288630474,0
11.811441369498931,0
11.138774377919312,0
11.28285946719612,0
13.185113313154675,0
10.440545617733612,0
21.812602428569093,0
18.21589228914208,0
10.260212708072604,0
12.17286915668174,0
12.48162592518461,0
13.343849725023276,0
12.679209299691678,0
11.512957278646482,0
13.341571225820834,0
11.065858050812963,0
33.37977569501192,0
10.071914448273722,0
12.874701377857114,0
11.14851660305587,0
13.574435302666341,0
11.225562510512306,0
12.91299917947428,0
34.88576642696419,0
10.469540350933308,0
11.497775948568298,0
10.396004480816764,0
14.107585457993963,0
11.734703105916973,0
17.180319462225967,0
11.921143279382633,0
16.71666898289501,0
10.045849558767568,0
16.84338780731717,0
11.753710282363954,0
10.689889286279001,0
30.060366400297603,0
11.328566022001151,0
10.376628519532233,0
17.33162365065102,0
12.881696492918433,0
10.5368536835145,0
24.358241136332296,0
13.75537083885375,0
13.650186701478333,0
11.465555685784814,0
16.127109062824957,0
19.083787286938314,0
10.05657790239267,0
11.872341461247021,0
13.972332844707452,0
16.38004340816423,0
18.72477397022507,0
10.42426759870823,0
12.587377363975756,0
10.22751820213742,0
16.261601787155435,0
12.741312232371405,0
11.070104722767253,0
14.194616030862239,0
11.364352378836912,0
10.600035918060545,0
10.441978107590144,0
10.102561046362506,0
10.64430512997739,0
11.168171422436973,0
13.717074710366166,0
11.896201894271062,0
18.342986689393964,0
11.484831006513055,0
12.824013897643498,0
18.29987431786194,0
11.956837159950716,0
10.99987003872191,0
113.15632959182867,1
10.022667391099038,0
60.90632381504107,0
14.59153880221084,0
16.321793972208418,0
113.15632959182867,1
11.691416245976711,0
14.3067698235505,0
11.573343174799934,0
13.793027594041716,0
13.382335290313584,0
10.571359721653861,0
12.51038970089442,0
11.309365736365326,0
12.557734034963097,0
18.43077691304529,0
10.432663112615359,0
15.64074705916732,0
11.07725993598703,0
20.15452947823178,0
10.334809136802123,0
14.103041460725837,0
21.38329962699523,0
11.337854823666827,0
14.061333389693022,0
14.368379966471363,0
14.167635183706619,0
16.821255231544413,0
11.588112148252405,0
10.870825083668251,0
18.944065324706045,0
12.324932835558108,0
10.701975907515127,0
15.509849944375043,0
10.307050162919467,0
10.772565616229153,0
17.411182265283117,0
12.56563611374582,0
10.428640073400778,0
10.503672278248455,0
10.988945301376896,0
12.989578050354764,0
11.114470316359927,0
13.162363803600044,0
13.407993666552947,0
12.221849491188546,0
32.482355503308135,0
11.27250091412234,0
11.012463580363608,0
10.21026630440123,0
10.099253744630234,0
15.970735449840912,0
21.03369962990222,0
17.943979541195514,0
11.145807550267728,0
11.150233014365654,0
11.015537867217592,0
10.620023251554873,0
18.132721521895075,0
13.722359650052827,0
19.138225299951785,0
10.911155037324713,0
15.317779855986927,0
16.46855194833546,0
11.419940387189522,0
10.15431705907375,0
10.24949787533767,0
31.056577212578116,0
10.661025672093276,0
13.1079148858297,0
17.010175191324297,0
10.508886002328207,0
12.812752639338473,0
10.74458463717839,0
12.697916758216717,0
10.277282123638349,0
10.048388475048196,0
12.829935235566188,0
10.896950612082703,0
20.942874513444664,0
12.671704824328991,0
10.456856368404509,0
14.218525534655404,0
12.836407278689935,0
24.71538792537871,0
11.122932153294645,0
11.082078287165357,0
12.531636942969602,0
15.105677734103134,0
10.550370251494092,0
14.211098832706536,0
118.42074063704783,0
18.124193486469213,0
14.524844149972688,0
10.226438698849032,0
12.052313874774907,0
12.14731597519695,0
10.366665030758082,0
11.944918352292424,0
20.216802721080494,0
12.127963802164334,0
10.790659253054052,0
10.025996633965184,0
11.792615320801385,0
40.62676809755886,0
15.810530791840101,0
11.506466058685296,0
16.465818965598412,0
10.674555546448094,0
10.63927770776505,0
10.6602822723066,0
17.85291286408686,0
13.58484278305653,0
10.265802563893462,0
16.43088037401201,0
17.710069679598497,0
17.471650630795775,0
15.795678187310102,0
10.911919758532012,0
11.20522329206831,0
13.56896633808286,0
10.474377766026393,0
13.463881037188806,0
13.126762844929143,0
14.262923768034412,0
14.881518668207253,0
12.034816242059067,0
11.482553206468847,0
10.377306118096,0
10.819108029807952,0
10.918901712646056,0
14.386568568652915,0
11.604627102663436,0
11.976735259277111,0
14.139383985386079,0
10.830950818909518,0
11.2356847647428,0
14.956996737974118,0
10.469420321704657,0
12.232030233994195,0
13.887124646013717,0
11.357551790251218,0
18.617244133518742,0
11.412129413629295,0
22.094687649163063,0
11.196132291089231,0
11.303955427357195,0
12.174781695512193,0
10.537366696893667,0
13.820648511876712,0
18.772504756949257,0
10.06911688594343,0
10.247153043445739,0
10.077791230352355,0
13.34400956629734,0
13.093949176548579,0
11.197826951840884,0
10.267327708809614,0
14.979617879120719,0
12.034911764234792,0
12.442375675327941,0
17.047680658165287,0
10.973185077825143,0
15.193416036858409,0
10.28639968408225,0
14.184575772715867,0
18.176139797976163,0
13.475925735990229,0
16.030129772080958,0
15.951801674499155,0
10.355665086280922,0
12.525621476789883,0
23.872269574650424,0
13.96714943497209,0
10.699802979859914,0
10.689552813105143,0
28.72082663954236,0
10.845855350314526,0
11.265565511553454,0
11.139012647881824,0
11.599437697879724,0
12.578027301786673,0
14.546742653098281,0
18.45592623948447,0
22.159042964320868,0
15.203560643241424,0
29.304470810464238,0
10.135386035269903,0
64.94057580857599,0
11.509547017367936,0
23.741187525146287,0
14.951823400629644,0
21.163832348157122,0
14.784336972847845,0
16.507190135832268,0
11.284947815332655,0
10.545726009242816,0
10.443905812994236,0
10.470977915505097,0
12.642467109398442,0
19.23510710984736,0
10.121344226943217,0
12.179707587379475,0
15.975626803753354,0
18.10160181516687,0
17.410661534168383,0
17.600466152300708,0
13.699955163830985,0
16.826073865898383,0
16.58264860837181,0
10.120716841524866,0
11.494336121684352,0
10.981724087148315,0
13.057313301737118,0
10.015212278428947,0
21.427390941249634,0
20.68645295214891,0
20.11109999563903,0
11.989391027388951,0
11.583088680246947,0
12.361959024587055,0
22.490921710592353,0
11.238868056428508,0
14.899406311347438,0
10.105683403838812,0
14.301542495962483,0
11.889828528594865,0
10.429825597691966,0
13.686204073596468,0
19.50481410972433,0
20.120024088576315,0
32.930966798805386,0
12.761658254584454,0
20.88918808263436,0
113.15632959182867,1
18.47171316696379,0
16.73301733176327,0
10.483776996506373,0
29.70260186193641,0
14.801553948593643,0
10.095791065945294,0
10.198493762122256,0
11.184686978885694,0
10.026425319132674,0
11.87140499984762,0
10.94072739338035,0
12.44038240795867,0
13.708340590929279,0
10.494564971658747,0
11.309096236842198,0
10.139605973999146,0
29.306059946515365,0
15.128157301065599,0
12.165617349312825,0
11.704945622616176,0
12.018278010815477,0
11.692579447232198,0
13.327447162889863,0
13.295702720622959,0
10.199948230684818,0
31.39266311486328,0
15.432229902109182,0
13.228901029744096,0
12.984563100955192,0
15.786693041812171,0
15.885084112316614,0
10.34345924349392,0
12.219181681970054,0
11.630926649961022,0
12.952104133090426,0
12.597752668865063,0
13.511503786786324,0
14.621079672260734,0
13.81868976517612,0
13.74502917987417,0
16.799748830342747,0
11.762846137182237,0
11.89980189899747,0
16.261478556152152,0
13.840847062274623,0
39.8304204155051,0
14.028349113522092,0
10.447063016731716,0
12.381085349115807,0
10.806877726646933,0
12.895753464445164,0
14.715336784235456,0
10.271263100097308,0
11.587285698363734,0
13.60838675069589,0
32.12411206770226,0
11.204859637016664,0
29.716726560654088,0
16.906408138738243,0
10.001182376242308,0
15.045342467136638,0
10.121350117839114,0
12.011897689524274,0
10.323546363208573,0
13.297101468329146,0
16.246495795727135,0
35.95393087644912,0
14.031464258925922,0
10.520800820559728,0
11.539730848713896,0
10.110422900422488,0
13.379762163261962,0
10.127776656735861,0
13.98810976118732,0
13.529610638342453,0
10.59079433995075,0
12.862299855479161,0
11.57328178970208,0
12.149894851388607,0
17.00090770158004,0
22.66464676583223,0
10.083109879094778,0
21.452803884062806,0
12.536542855050406,0
10.98629810463115,0
12.088363870148672,0
11.515562999919695,0
11.78862721650178,0
10.208716695723252,0
12.572904253527167,0
12.544340867316981,0
11.383721423993308,0
24.444203896487334,0
16.31636794948514,0
22.210917414777676,0
11.731471972965675,0
27.6781074755932,0
10.41599138521773,0
11.301884023483098,0
11.504666448762508,0
10.452224757277735,0
12.352133951982578,0
12.801252159114064,0
12.050267587083873,0
10.782855214724943,0
12.258241743144968,0
10.716156698938175,0
20.356820300830538,0
18.756629641715442,0
12.667196943658139,0
29.458892154467364,0
11.169661026860755,0
12.647735732221172,0
10.67274865607348,0
14.987353868134413,0
10.901631980397728,0
10.234117354469596,0
13.213306417450344,0
21.728527145882268,0
11.874258092673438,0
13.658096217616729,0
17.234887522243092,0
11.217406349644195,0
21.335019514674286,0
16.927849765618653,0
12.156709417788294,0
15.244253669640845,0
13.481654768108527,0
26.07372404870886,0
17.026650442907357,0
10.84680845757563,0
11.398368584436627,0
10.405108407852827,0
11.15248708816744,0
21.056278526740705,0
11.529066290791018,0
16.061023299874638,0
12.417734175201273,0
18.215845215554655,0
10.032850796388328,0
12.758265348821219,0
12.450290770674087,0
13.417613782083144,0
10.053535705456744,0
22.482885648312557,0
13.315870717033992,0
13.785488824157854,0
12.146536410527634,0
13.048934417833443,0
11.022819549588153,0
11.730673334898505,0
10.541806163025278,0
11.034612683937958,0
25.092372792954897,0
10.442980406879183,0
20.678550477764823,0
10.135990320363849,0
10.03921613692018,0
11.619393742962618,0
14.733790666098521,0
10.634077294148438,0
11.53502147063309,0
13.670810373621059,0
15.776733541074222,0
39.4581823259696,0
15.219981441191885,0
21.975614717180502,0
11.26436701620689,0
10.074353687446738,0
14.325373087533215,0
11.048929600853064,0
12.600585102730673,0
18.38631959621432,0
10.680017511539504,0
11.512837866720263,0
14.564873369384115,0
16.79799978353471,0
10.406020826853384,0
12.231192954523555,0
14.955843828068506,0
16.167654336047857,0
10.405561598816849,0
57.490691227762454,0
12.314098193153246,0
11.433068401308626,0
11.178693931825979,0
10.095451566390125,0
10.072099480489102,0
10.406019875798052,0
11.650962137025367,0
13.124736964034835,0
12.219979314232711,0
11.813039804849305,0
10.831443444653024,0
11.526239070122834,0
11.646049127163106,0
12.285008018984662,0
-83.23794281153042,1
11.460232036989474,0
10.513888076874576,0
11.13424708224496,0
10.832990622171012,0
10.56053266880103,0
16.999062298352097,0
11.952218081036051,0
13.818850239074669,0
12.941359383734012,0
12.382629534086975,0
24.58034483559913,0
11.115432057731152,0
10.315066010619699,0
10.465607313944574,0
15.325893808837156,0
13.610253920623496,0
11.704814300238532,0
10.417168501632485,0
12.457089860962803,0
10.387994100731264,0
11.394444650834071,0
10.495123373007614,0
10.403012224311894,0
10.83199689758281,0
14.207970967034173,0
11.749496294246413,0
14.254420998992162,0
12.272723794757264,0
25.69909099346637,0
10.471987977320241,0
43.113750049320345,0
18.64409670429362,0
31.62299148461832,0
10.240476250954169,0
20.352612527144053,0
11.309948449358851,0
12.459006694849108,0
11.085394988946625,0
12.380821058929294,0
10.746605292101323,0
10.077838980947426,0
13.624758871370926,0
15.09223870102205,0
12.604593618590506,0
11.794890356740543,0
11.009635403488309,0
23.32888827757836,0
14.550040475354045,0
10.407276980227545,0
32.80718975364244,0
13.185683100604141,0
15.140544515040324,0
13.572327424444314,0
10.321180903766559,0
17.457743905747755,0
16.8083871805861,0
10.634629604144873,0
10.954424497031459,0
113.15632959182867,1
11.824681881259991,0
10.452287595929539,0
11.862713071082387,0
11.05975107705918,0
11.023336555286086,0
14.636904998663214,0
16.792181878219694,0
10.905685810612994,0
14.673936813729895,0
13.535780078486791,0
15.099668601232167,0
13.426252477401386,0
26.000671160781653,0
18.669869545234338,0
13.047238364322705,0
20.161939643808886,0
12.05885186164914,0
16.971140892110448,0
14.732878505167747,0
11.891666631773505,0
18.825403780724365,0
37.9008084240516,0
11.080689507205117,0
19.32744269687076,0
10.105958237956202,0
13.361871340536617,0
15.938674233499677,0
14.824573514007977,0
17.27807623065273,0
12.380606377353162,0
11.748215846013998,0
10.065231773481322,0
12.070142501099863,0
10.214450793434196,0
12.69588934143562,0
19.81076461359444,0
14.788975375059806,0
17.732561190069884,0
11.313101739272238,0
10.291069313025766,0
10.516599475689896,0
11.333199718179223,0
12.50470428894507,0
11.366555434091374,0
13.106277296243922,0
12.915871721516684,0
15.456220576436454,0
15.073385481484864,0
11.597631761329435,0
11.807616208333862,0
14.050906989374523,0
11.484103238732857,0
21.170259496125986,0
10.316632091009064,0
10.450922980993234,0
12.327723159420245,0
22.40188897782859,0
12.095015707865356,0
19.306698228502373,0
13.36482145834157,0
10.711414655550502,0
19.20153938672897,0
10.740138629684125,0
15.836132121481244,0
10.156063119453954,0
11.099444276671885,0
21.4385212207042,0
10.656232430696193,0
14.902524278317541,0
13.154411922034209,0
10.428043523369471,0
13.03508553078604,0
11.893991833966462,0
10.526169927893466,0
16.85017795330548,0
10.616723879975815,0
12.815852145600125,0
17.2156034579587,0
30.718148841379687,0
19.833281829792522,0
22.915173661508774,0
29.47458203685603,0
15.618359577441465,0
15.632355727379,0
11.627495636383774,0
16.049655434456078,0
113.15632959182867,1
22.190476168504464,0
13.121441481230216,0
10.766278339563296,0
11.377337991839156,0
22.60683852237928,0
11.14386762746726,0
22.750493796500052,0
11.242172806517159,0
10.747195054907955,0
10.943867598623365,0
29.56387141634378,0
18.50852851807161,0
10.353313784325824,0
15.349734351794007,0
10.045502056299151,0
10.907025497769713,0
26.121563709134715,0
11.774738185704123,0
32.09794290802667,0
15.302815442021025,0
10.14670301884623,0
13.761692565953538,0
11.89452568786594,0
11.156892828418917,0
15.241736541726931,0
17.51492335923414,0
10.917637370952143,0
14.570559151866087,0
13.771540614457539,0
11.778768491271506,0
12.557577444529823,0
13.130074683592044,0
11.66849714987773,0
10.019802338328494,0
11.554698837983466,0
11.396470835512327,0
10.497903646870784,0
11.21573772370404,0
30.65840998200389,0
10.209902368873383,0
14.047651054315597,0
34.518845551652255,0
11.550766577713867,0
11.88649664929276,0
11.440872222953907,0
10.01875535564862,0
12.287500588269324,0
11.462051696048741,0
11.906461524798477,0
10.58123014682531,0
11.527229194010848,0
113.15632959182867,1
29.75038861473816,0
18.11324802204053,0
12.793292440567562,0
10.419746808209496,0
10.145108722701464,0
14.980231874966588,0
12.015343153132171,0
11.166258769639693,0
10.366876787272687,0
13.822660518510993,0
10.328972733691735,0
10.300994000664286,0
12.889904331201624,0
25.262562141999474,0
15.374245500553121,0
10.349624739189395,0
15.341673572002367,0
14.508407883903025,0
10.916911848839838,0
10.998755453002184,0
21.586921937808924,0
12.542836663388517,0
12.142427539477087,0
11.079701232554601,0
20.218735027904827,0
12.614486764206783,0
15.533457040732157,0
10.227168910490692,0
14.6541375862951,0
14.076009401691888,0
15.921210313458937,0
12.538431760370731,0
13.62337141360708,0
31.331558338089902,0
12.743528531012291,0
36.81326601636678,0
14.83548290317691,0
15.711633341325195,0
11.854357648748174,0
11.36135819188855,0
15.569266164489676,0
17.52107246345384,0
16.698083026514215,0
15.671447182314754,0
12.526442226314131,0
10.571014295472338,0
10.349097990896306,0
13.131387445870367,0
16.881852658499263,0
14.755728262610795,0
11.017164578812238,0
13.979248721884847,0
13.668836040336574,0
54.85961417523386,0
10.5151885474712,0
11.659843235862745,0
12.755639637359506,0
10.424684399288747,0
27.612269582684913,0
11.206881890139883,0
19.323909044790557,0
10.506246900071371,0
18.80262714488358,0
19.323335342386127,0
11.012793561600663,0
15.243575498529385,0
10.746965899352547,0
14.845649027429719,0
17.885534391658023,0
10.151257780192813,0
15.32494786825836,0
13.42215553948838,0
30.34236209056833,0
14.33176596562217,0
10.547892993363853,0
11.368219522666347,0
10.760907854105783,0
13.268086670753584,0
19.02776878427956,0
11.491425892894798,0
18.378759581429478,0
12.885335627033868,0
14.349697126246676,0
11.888514792913078,0
10.217385041056007,0
10.921544995273393,0
10.584759834279982,0
13.413333067719595,0
12.988192969197778,0
16.633247943686982,0
11.44306495312543,0
15.329997372545908,0
11.583964185760237,0
11.303385648529625,0
16.351959034115726,0
11.6416632685923,0
12.805100627459716,0
10.690094412649112,0
15.633024110584978,0
13.648018478323984,0
27.391819124095992,0
15.001842580254547,0
10.413194612167842,0
17.06676386308886,0
16.021291114123972,0
14.045359308243397,0
12.611605413327457,0
11.46139407046196,0
11.595151236189151,0
10.123154385191548,0
16.12454335689243,0
13.16965413958316,0
12.656644061616882,0
12.092100509702375,0
13.103099926544818,0
11.555722726078578,0
20.09621150982234,0
24.144555701782817,0
10.330828787216337,0
25.98335217802123,0
14.873608185343501,0
18.332939185618123,0
26.32382195207944,0
10.523568810857174,0
20.372191599072647,0
12.160469260441587,0
12.425895220340749,0
10.401340902221781,0
14.166581387572336,0
16.105707586945435,0
113.15632959182867,1
10.564995212421042,0
10.517971567500124,0
11.192886074115275,0
10.256853158588035,0
34.49778420487513,0
10.890718646441965,0
13.05986631403313,0
11.29671732921533,0
15.319016249676258,0
10.70888585390737,0
14.88999465069359,0
50.458534271180994,0
35.659157345312344,0
12.62952098255635,0
11.438790591243723,0
10.455457008347489,0
14.546558153230148,0
13.201716523052102,0
18.387599372833133,0
10.678858266118972,0
15.225288651441653,0
10.307516193464163,0
10.653080115315401,0
10.495270176863986,0
11.60627494936293,0
16.107573502907677,0
13.465764225874286,0
13.001527148044145,0
13.422382778149768,0
21.977155835247842,0
17.029588644213643,0
12.492869916580487,0
25.195322889078927,0
11.04679397835255,0
21.42090565921356,0
13.012987937784048,0
10.905526900756737,0
10.80432966622614,0
11.113518973780558,0
28.48975208291283,0
12.231994642760595,0
12.823528542177415,0
14.017038116794463,0
10.664118594038772,0
12.559713663713332,0
21.840219561258113,0
11.963033960317917,0
12.044506779649765,0
10.165460895653375,0
11.568742359019655,0
11.588622126663964,0
26.34484735080573,0
19.531901556347194,0
17.323653422005663,0
10.203934056046515,0
13.127355746505124,0
13.114467080657588,0
11.419629898446704,0
15.78546409069049,0
10.507180331403905,0
13.750020693841549,0
11.878202205045147,0
11.653954283456379,0
13.65732502490999,0
20.173691513897754,0
10.399433774054629,0
11.240213610127899,0
15.496617701593332,0
14.465800234404345,0
11.913913891958387,0
15.107615442847235,0
12.784416184451468,0
13.903089630004253,0
12.332032640776871,0
10.172387151055059,0
11.081534319664017,0
12.504176240980014,0
10.760219873280587,0
25.186702282014192,0
31.361735158548775,0
13.032443359296265,0
16.8981264141196,0
10.10949992543992,0
12.902555747314466,0
12.609024537882226,0
10.904047450402228,0
12.918352527883439,0
15.031182791089922,0
14.499013667752543,0
10.650581229526107,0
10.36530014071207,0
15.512246153113248,0
11.405130777476941,0
10.177090876206075,0
12.6827380301885,0
23.231286951010226,0
10.134616534589057,0
10.66862671037301,0
12.454358260626028,0
12.456235293452425,0
10.272564580296248,0
11.355119545188192,0
13.805347539691876,0
17.439001645849604,0
10.944808110885253,0
12.42063938968287,0
14.556952035183848,0
10.527748447112495,0
13.189294187767306,0
32.24355828533946,0
11.156735958467499,0
18.61804986982683,0
10.07763283615433,0
13.042094525796601,0
13.034960617098987,0
13.208154516280942,0
15.608220429248792,0
12.215902670302512,0
13.086220718774452,0
11.93082681027158,0
13.655631601654646,0
15.334551649940543,0
16.9484646273033,0
12.17729367976197,0
14.204590034626733,0
16.018461948727886,0
52.877910654184475,0
16.608918929949365,0
16.18427785113977,0
15.492412740793778,0
16.466288850519074,0
13.165109491465493,0
29.948888010710068,0
18.602136801066514,0
12.716171880469084,0
16.219698213331203,0
23.38628945998506,0
11.164447742675561,0
12.009543182841519,0
10.02235343466931,0
13.01173152977223,0
12.098644730284338,0
11.645506226169012,0
21.754429522975567,0
13.85953835543162,0
15.69475447117091,0
10.130208487247064,0
12.432818053441704,0
12.073222257619209,0
13.666833086333286,0
18.895952405782182,0
10.287670039649267,0
11.825380577306852,0
12.866896368874453,0
10.66186514763091,0
10.493532024823914,0
10.113266773652796,0
11.554654676799887,0
11.532888988990138,0
16.945284726116384,0
10.686985050307005,0
14.69874808781178,0
16.786712354319754,0
29.92008511822297,0
11.624518487349057,0
13.42001075100046,0
11.374826193195876,0
12.835608269814763,0
11.872213073605156,0
10.128402674913444,0
10.804988515696802,0
12.999359187417639,0
14.085543885637373,0
-83.23794281153042,1
13.010009954559854,0
16.05814131805779,0
14.4971799959794,0
12.953266028150715,0
11.831128637130501,0
16.803830204117002,0
10.583661020729288,0
16.740911497468048,0
10.02915801371592,0
23.276781919753383,0
21.849717667608562,0
10.088183222457223,0
16.709217420413662,0
11.685051651403988,0
24.306251771532974,0
14.89712920500542,0
113.15632959182867,1
20.509892477037567,0
22.755806290136093,0
10.455422921554918,0
23.95115667246513,0
11.239068857955452,0
20.89369457369939,0
11.826786907082628,0
11.427395850343665,0
11.733661098026651,0
11.500792606497964,0
12.323070204215226,0
11.004106888816223,0
34.252571525014744,0
10.475768125054996,0
13.68978943511555,0
11.146844135008,0
14.659301502953753,0
50.49176290187452,0
19.738546620654745,0
10.5301167875397,0
113.15632959182867,1
20.729098162045464,0
120.01022836910403,0
25.879030473055987,0
16.899116125897777,0
21.51305554477191,0
15.629429283046685,0
10.958578416496348,0
18.01343217887915,0
10.76232051418065,0
13.102386170563365,0
10.963620009932335,0
41.0557350066413,0
12.930732056682984,0
20.957122831108308,0
12.337244934349155,0
10.257011236443185,0
10.442438227294568,0
22.274087736733076,0
11.167985044533177,0
11.323379555931352,0
16.392649622860283,0
13.079991783084278,0
23.40922751234693,0
11.95826589963872,0
18.12742624138879,0
22.671023725784426,0
15.630099034448282,0
-83.23794281153042,1
14.079868608387486,0
21.08792264043089,0
19.611639696203557,0
10.015109887957896,0
11.252166105336771,0
10.827326176961938,0
16.656204218430318,0
13.457185570811198,0
10.20903054643329,0
13.271438584085606,0
10.871247199399916,0
11.130647661438429,0
12.580798171285469,0
14.191976322776886,0
68.40029031778394,0
21.704876068009785,0
10.620414851628901,0
10.521476408373582,0
10.621356946076215,0
12.30902511598324,0
10.16454591286577,0
25.38560484373715,0
10.789923117312334,0
13.10052881945261,0
15.537449275698897,0
35.33578933774946,0
10.2824197800456,0
12.14431932865043,0
11.767155379460643,0
18.64796868276118,0
11.269974631695376,0
11.94915055707089,0
10.614807985058173,0
10.615206925862736,0
10.176575616605632,0
16.93872147877678,0
16.918842173184974,0
10.712403516027237,0
15.858556553578884,0
12.508830453467281,0
12.668279309891071,0
16.754878837443748,0
12.057387613726089,0
13.658195671977705,0
16.67684104811187,0
11.306053244744742,0
21.189423126826973,0
24.508533419690444,0
21.37903917364366,0
10.02262538646204,0
11.593246157264705,0
14.99524014806757,0
12.221628679389617,0
10.244322942117567,0
15.14839049756958,0
13.072712389742925,0
11.124372694768034,0
10.415243492087836,0
11.764401595990785,0
15.063993852904488,0
13.045180043510937,0
10.515201214410908,0
10.512883377866446,0
16.9390839510641,0
10.492945218190414,0
13.732620990900703,0
10.497627440518267,0
10.567833174855267,0
12.868556876636902,0
10.466848735353205,0
15.752150223022934,0
18.613382038418447,0
11.175465904642056,0
12.699960460154722,0
23.090305369509423,0
11.471621892994586,0
11.721453473585864,0
10.83573943427107,0
15.67771243091348,0
12.94692684667891,0
10.510728759060372,0
13.72525551066924,0
11.234171340863899,0
10.760533055883226,0
15.849352799655104,0
16.04459464273514,0
10.967713527170304,0
11.739207534804201,0
21.44214068873255,0
14.026136419313126,0
12.478306811954042,0
12.309011086706791,0
31.415520097505066,0
25.34926812523659,0
19.720986835723856,0
14.312156420461108,0
25.54314698824863,0
12.30475399919487,0
17.34538821715227,0
12.492742499984233,0
19.72233721274437,0
13.366127031920819,0
20.170258534155998,0
19.133789300563627,0
14.294352061456232,0
14.45535901829495,0
10.424155207678789,0
10.710674080363825,0
11.11959634707387,0
11.876405766917767,0
14.022531568884345,0
10.856097385373609,0
10.033188210820649,0
20.785931386487626,0
10.137450255507755,0
22.88087865588546,0
10.933760068491928,0
14.930712960327226,0
11.864464367747143,0
25.739426789324114,0
17.92622689778147,0
14.020716095328854,0
10.082348343969255,0
13.2424397579587,0
12.050224012807673,0
14.598447493265404,0
11.746737646914093,0
17.58721537424674,0
11.39944229396991,0
11.008800872865141,0
12.22513680576512,0
10.819726101945285,0
11.187856829374114,0
14.012902695915908,0
10.760420430571005,0
15.707966865063064,0
10.77717806341447,0
20.292207089238516,0
18.814054375196676,0
10.57137506908627,0
10.6832556896266,0
17.931254350626013,0
21.31654320757784,0
14.081716563959715,0
20.18376510775951,0
13.777665309540307,0
14.170925395428632,0
13.293404444009285,0
13.58049233821271,0
15.786951798627442,0
10.823630714774508,0
16.387491296023487,0
10.895747671624314,0
12.207543209523347,0
16.560868293435366,0
11.657758180760922,0
48.08607971569614,0
13.657409996156034,0
23.33388237111009,0
15.95033680505628,0
12.086200138126543,0
17.38782092075735,0
11.763729593980553,0
11.976225198137593,0
36.39019198304392,0
16.700377270178542,0
11.208105907190319,0
11.662875494679525,0
11.577764957961719,0
18.408196211987992,0
13.091353287625353,0
26.629762157365246,0
18.12485518235723,0
14.643035621684714,0
12.54681536815917,0
16.341377056541024,0
11.576259723837028,0
11.10625136296755,0
12.369233279266581,0
17.73962510032027,0
14.339645001387368,0
11.965547520828,0
15.262497662525721,0
10.976943263680866,0
10.029576885650744,0
12.672398720556968,0
12.377887408954768,0
13.588546735128915,0
15.653122621430803,0
11.501452947589417,0
23.923421229893925,0
11.30194857529933,0
27.415222090209262,0
11.011840648197204,0
14.902028910105841,0
10.024367571539855,0
10.12065551949902,0
11.565131917464328,0
10.536913950591632,0
14.713649625816602,0
14.385980708562451,0
12.10237422708972,0
11.604121978485768,0
11.562023308977745,0
10.831438255857723,0
14.508544362114142,0
26.528865803197924,0
11.306958696507703,0
10.662516675022298,0
22.555335588395344,0
14.427500925992378,0
15.818865359730179,0
14.865438122760736,0
12.353562609731032,0
11.243200477741242,0
24.07872641359792,0
12.935700440780053,0
10.679651330379816,0
12.342965434900178,0
11.029784455638428,0
24.826799634959194,0
16.547900572379927,0
10.257602303383063,0
12.226205117338552,0
13.758680010018058,0
12.154444312276492,0
11.11496226744882,0
25.075445178490448,0
10.055108952271361,0
12.384092159433857,0
12.751724784632458,0
10.499899989526178,0
14.903583690197618,0
11.751731602144845,0
11.063046484650982,0
13.819384047864144,0
10.933724158123841,0
11.339215447680651,0
14.853108572632692,0
10.848390123706547,0
11.919657610275385,0
11.016904346386365,0
12.605985342446662,0
14.71974843259796,0
16.643006175101426,0
10.68443845671894,0
12.725307512812766,0
12.891793968473234,0
11.626103251645585,0
19.028064460238596,0
13.410075379464526,0
10.693632642968359,0
11.728346118982193,0
10.140643066131227,0
20.962925878288374,0
14.232823768653963,0
12.060887405890377,0
10.923110027975563,0
12.63277884405888,0
43.81075795133177,0
15.827062133899556,0
14.255895475299408,0
14.657513187568746,0
13.054686796116924,0
13.455199528184687,0
16.723118792467723,0
13.780815741650612,0
16.672451909521783,0
13.26941427769448,0
13.301451406769043,0
12.220432709160466,0
18.489749883052472,0
10.590586977104868,0
14.46071415043962,0
12.515643026953583,0
11.489192390868798,0
10.474475890269336,0
14.511544809633563,0
14.718722418525829,0
11.438181250174921,0
12.338158220449882,0
10.414494557300442,0
13.634762800297462,0
11.922442427746118,0
13.000748269628335,0
10.886103128134877,0
27.52603046541745,0
15.15614381904356,0
18.30449336693961,0
10.611289936090314,0
14.09792589991759,0
12.586250333971138,0
13.588788586827787,0
10.330883116039214,0
16.118535448126526,0
23.555140849781374,0
12.559368762987742,0
10.913308030631628,0
10.154044082769113,0
10.187239983631786,0
26.62094809264119,0
12.243624907370947,0
16.20558376873058,0
18.56798044683392,0
24.427090825535043,0
24.777547312322245,0
12.706156418671135,0
20.752782963602392,0
-83.23794281153042,1
17.686565155887827,0
11.862125603457518,0
113.15632959182867,1
15.766875651746048,0
11.358720915784662,0
16.91428462491587,0
12.571164844481263,0
13.311996448537606,0
13.252681379052923,0
113.15632959182867,1
41.44110993200336,0
15.132944300480577,0
12.458309759162006,0
12.315720584429027,0
10.302505716988218,0
10.85079646541363,0
14.177836248540983,0
10.313966236507966,0
11.262065260016668,0
15.685561154191173,0
17.6418660088744,0
12.263546408616468,0
10.110628705846958,0
11.450762208639942,0
12.865062204247558,0
17.497525311995318,0
16.056013183060234,0
10.169736069633231,0
19.820954249887844,0
12.814791213990498,0
16.34306266735755,0
10.035121888828245,0
14.558179400560856,0
18.78461144100212,0
17.004146539566023,0
12.155694977580445,0
12.818879645296226,0
12.455517289973368,0
11.718450764250406,0
13.60386338408587,0
10.137872567740768,0
10.45844641681133,0
10.436583705998292,0
11.914005222611168,0
10.360107599721655,0
28.15520568440048,0
11.846419629721144,0
10.800637500788275,0
11.246736559884223,0
13.435317900659818,0
11.364214466050024,0
11.476063059060607,0
15.581143847587846,0
11.479340295549088,0
12.056926748227708,0
10.343394974269184,0
16.80334921084842,0
11.000042455188838,0
27.79658717387244,0
10.33613012188162,0
14.061899957561476,0
19.064377710693094,0
17.84595626852348,0
13.313814104539759,0
11.3101056683369,0
12.72647478276152,0
11.118696757410873,0
17.439626522752864,0
24.274461397642384,0
15.262458069622586,0
16.439007462527048,0
14.150302611649387,0
10.731065587845137,0
25.443550449971678,0
10.327714989974687,0
14.438203282575547,0
27.618309265754938,0
11.969744017551797,0
15.217295091656931,0
10.688212061068405,0
13.366396046951511,0
16.443411239725897,0
15.271152957239329,0
13.057034200765862,0
11.54596001720006,0
10.31192788651042,0
14.964838277194277,0
13.201604234157037,0
10.068291837251898,0
12.0387210930555,0
10.061233245526118,0
11.811901189898308,0
19.495262657342963,0
13.312080697658338,0
12.504199775528315,0
14.13719565302709,0
53.59387618744392,0
11.877075248565392,0
14.430801489249276,0
17.078029661767566,0
16.893001442676795,0
12.464952790881153,0
10.67921733992109,0
14.411678861394666,0
41.88275766101181,0
10.692179965805549,0
11.099848063369164,0
15.446080829627281,0
10.039757752124963,0
13.129739347211732,0
10.090626486237486,0
11.062377889891035,0
11.567682488917818,0
11.73283593530365,0
15.552606283110965,0
10.064843667085894,0
13.751810503869429,0
10.16059386101249,0
28.013675235680992,0
12.750797728329346,0
10.76357584759845,0
16.591427551840642,0
10.421762409252601,0
10.1559933482939,0
17.372986482830896,0
15.508445470650365,0
11.682814312449937,0
21.805206876780986,0
10.02042878182925,0
34.07507532538817,0
19.071147834547492,0
12.5792811697322,0
14.181864679092248,0
17.801453589988,0
11.364427319153581,0
18.668924798367446,0
62.688201150154505,0
15.328744202733924,0
10.847830264970785,0
13.494241785262338,0
14.337462812531252,0
11.748371429454165,0
13.726112865226748,0
10.909242093709263,0
13.948865092208887,0
13.168080685871871,0
12.04810738400661,0
24.908996094085452,0
12.821923060265092,0
10.92865928228106,0
24.987940966519137,0
11.461134987155932,0
12.226244676973357,0
16.093256931424538,0
18.92046188229714,0
13.762786629449128,0
12.884627467492145,0
47.55451482140187,0
13.5875165023767,0
13.471541795541462,0
12.575387824552202,0
10.082908719645154,0
12.634556954621374,0
14.501286210584695,0
13.669861447249223,0
11.727471592271614,0
10.593767228767046,0
10.122516238652835,0
15.435809680096082,0
12.10793966750151,0
12.2028569936188,0
27.73513111653522,0
-83.23794281153042,1
12.13039749675437,0
12.909721706724678,0
10.130667589489594,0
10.936618713069397,0
14.274503691811496,0
49.52034141875069,0
10.297038205982172,0
30.320657792010195,0
18.41191311283563,0
23.37079496873923,0
12.2147420387814,0
25.652060479588876,0
12.12893989811464,0
10.06254944911593,0
12.329362957983609,0
14.630557924273367,0
10.045578565104396,0
10.885676850086005,0
19.14192066271572,0
23.850745293255002,0
18.75945391585168,0
13.61441565408634,0
12.150470769844468,0
18.43992183150963,0
13.480142711393537,0
12.395932268114066,0
16.197501584905698,0
16.404264911760354,0
11.720837546331664,0
11.993949612896653,0
10.656897262331066,0
13.432683466581263,0
14.260073685172072,0
10.632172770326061,0
11.193451890616728,0
11.674136518084728,0
10.300719039580136,0
12.133258037633755,0
14.026149004952016,0
15.35430537970605,0
30.813335659576108,0
13.204043429842937,0
41.2877727475033,0
16.19837309072842,0
11.612086955519674,0
12.537398015288861,0
12.169344549946867,0
19.836285565601596,0
33.9794711339262,0
10.704648533116668,0
11.899653385897672,0
12.85740848551123,0
11.250305590834024,0
25.33943719743009,0
10.486780548351858,0
10.109346773039391,0
11.568205561032425,0
42.22072246724412,0
11.510028877984922,0
10.427893953578986,0
11.066620805500001,0
18.282715646451283,0
11.908590461854738,0
10.416012288329622,0
10.445132977368388,0
11.901004320497119,0
15.540916829101057,0
12.508469037080456,0
15.503644453305018,0
16.80544213935956,0
16.297116419967384,0
10.937295352228578,0
12.459397599867208,0
11.034884718949236,0
12.743973816114433,0
14.002495189497342,0
10.49359547862364,0
11.463780464464083,0
11.436549841301833,0
15.786240904170965,0
20.020854489623932,0
10.161454616563896,0
10.031159879325205,0
101.63659273992566,0
49.625771010181865,0
10.55334104338224,0
31.94726962664285,0
13.289221933533906,0
10.059429535268281,0
15.145678366674362,0
21.14979675698632,0
24.150558201430314,0
10.211086099203023,0
11.644089747381559,0
12.886681667427487,0
11.44254750903496,0
12.078641672319293,0
13.699274241347153,0
10.285262490168321,0
10.177553104387249,0
10.617605861742804,0
10.189087865315042,0
10.747234228303613,0
11.905135241182666,0
10.74018061437018,0
10.178548423249655,0
11.857739275635888,0
10.498605672667871,0
11.23410149248917,0
13.990162136776625,0
16.974379350757825,0
10.89811892044313,0
18.854174006707737,0
14.296581841002693,0
17.585981782013253,0
17.104519447963114,0
15.034908746633228,0
32.17260024236941,0
12.842782869601105,0
18.1311779183268,0
13.243368653943758,0
18.516816431707927,0
12.391237402537893,0
13.055653729611638,0
12.1015973985425,0
27.96736577207087,0
13.637091404396568,0
13.471504654805635,0
10.626401336827286,0
10.8071274428968,0
10.336540354925113,0
14.536265018878014,0
20.746796289955086,0
14.748229114550835,0
11.102927142181564,0
12.906733249567548,0
10.636212180699822,0
11.856205723097412,0
13.250809117546517,0
14.71493297734893,0
14.25351960545768,0
17.555849901676858,0
13.316782351294083,0
46.88981145524093,0
16.9672479756752,0
15.480370795228374,0
18.011843670117248,0
28.507488254837497,0
12.517039787328272,0
10.472952077916789,0
13.369091028983721,0
29.582511609184586,0
28.741025417007997,0
16.544423313343525,0
12.218286301422625,0
15.2918907365653,0
10.949558899354015,0
12.452155637242061,0
14.813669605525464,0
17.240801222250646,0
14.612661330954142,0
12.66554955772218,0
10.251840624470706,0
13.529673381428523,0
10.14715580110699,0
10.00983866733334,0
11.38549852836271,0
11.460973896755913,0
29.321008440259376,0
19.482799442196953,0
12.232280179457202,0
18.73847787266496,0
11.37590955460254,0
11.704342604860628,0
11.070132941223674,0
10.066787013566055,0
14.155718018661297,0
10.653522597263784,0
10.507216414468887,0
14.962317308060522,0
10.229960191635145,0
18.020741004163774,0
14.826735666035296,0
30.896990132553555,0
11.64900598317541,0
13.232429404110244,0
10.295566691413145,0
11.928014935522338,0
11.80742078282901,0
13.694217150927768,0
25.080665489087757,0
10.816907081503341,0
10.34701299421943,0
10.352305337065191,0
14.788138371082491,0
27.864675166514957,0
19.3258034549278,0
13.553573872815923,0
10.506693464593313,0
10.492032294999438,0
17.157573076817002,0
10.711945687152543,0
10.405245510177817,0
11.293447871663329,0
31.39182774179218,0
11.778896684514999,0
14.138272380950545,0
22.024484993727924,0
15.350056777353466,0
11.113076116317222,0
11.717323264519964,0
11.747169681007708,0
17.19568726930663,0
36.183472267870386,0
13.07670763552785,0
24.513475155771424,0
10.128075013757927,0
10.385995654022226,0
14.721835564995903,0
10.111131811279863,0
11.747084941470032,0
10.263173212712566,0
23.23163679466997,0
105.99535010490627,0
13.35356361202886,0
10.972565111820556,0
10.927020053014388,0
10.4174559481892,0
11.181694534365255,0
12.199931530556496,0
10.759729641751619,0
10.237182755595517,0
26.241353675621948,0
20.254119224220336,0
17.439283919498077,0
12.847953747804262,0
12.73242187314526,0
11.818713183446876,0
12.066347470539334,0
12.221471165760349,0
11.745199156588127,0
16.075497035778696,0
11.532567647521738,0
33.291924665481986,0
11.22920738341474,0
10.563986404456925,0
12.957000467782445,0
15.698914402224258,0
13.414520894163612,0
15.234660932963111,0
13.6995260226313,0
11.691022973543026,0
12.886283374800843,0
11.32475148745517,0
26.695545387722866,0
15.818400243472297,0
12.259232725141075,0
14.528614345943671,0
16.09408966442006,0
13.771500012585411,0
12.0496009627967,0
11.667705830107803,0
113.15632959182867,1
11.811989428533995,0
11.999140334030473,0
13.752571144230314,0
10.700737561957654,0
11.83414605247185,0
12.26951417694349,0
10.63302734132579,0
11.584093979903255,0
12.67551251106272,0
10.356545288767894,0
13.382082297931209,0
10.760760044363444,0
17.903729332307503,0
11.386635688115895,0
10.07597241079996,0
113.15632959182867,1
13.2918413588287,0
23.345703378236003,0
12.119287253928242,0
11.207216079999059,0
10.086152358352134,0
10.091066271531496,0
12.18057060580942,0
11.967035223199279,0
11.896785600148503,0
10.406365123598146,0
11.467164685970905,0
25.107376659069157,0
18.955374158654994,0
13.643750633797826,0
11.905342034296245,0
12.84121552101388,0
10.2420677403869,0
10.218807948429822,0
15.562616080095616,0
12.081753180768345,0
16.96342113442723,0
13.399359302842,0
21.71559152398041,0
10.72975902427287,0
22.63967577675819,0
10.673614335725901,0
15.3952660818947,0
20.84151905079206,0
12.124909148319386,0
11.325877519664562,0
11.859670855842186,0
11.56891275009377,0
21.009408309029016,0
10.23910607934987,0
23.82059073570389,0
12.097088364725215,0
13.064099047641786,0
11.486087365469634,0
18.367190353037184,0
10.02086245932139,0
11.110725775447726,0
13.389029281072947,0
10.796288096722384,0
12.254039996207347,0
10.582767998073642,0
14.238684221004295,0
10.790189908141109,0
14.268994141816314,0
11.629147906094161,0
30.149172482745588,0
12.102938785942001,0
11.369112993408901,0
10.078015251923414,0
12.227190133068046,0
55.887910661622335,0
13.5900826134129,0
11.25543012138619,0
15.327520703710993,0
12.33646006401441,0
12.63045438112398,0
11.006253521356024,0
13.069091335594392,0
15.3289675541652,0
10.546811626183052,0
11.131180070828101,0
16.548088263174066,0
17.77013911032601,0
10.431495593024325,0
43.64614071334725,0
10.931168400407268,0
12.201479797950746,0
10.525559452571681,0
11.054796685127048,0
13.607496765408854,0
11.516573393558772,0
11.982621231770239,0
35.77827799149685,0
22.70590718918666,0
10.45092989596512,0
12.148679816174448,0
10.450018160686273,0
10.307397354184165,0
10.875748586127038,0
113.15632959182867,1
11.071563855840251,0
11.692714649176843,0
11.230776408238698,0
10.470496462025562,0
11.658596282348558,0
12.66689662130269,0
10.236575574596799,0
10.410162928981624,0
11.80973255102053,0
13.641385108521543,0
11.890978083879041,0
10.578770439771601,0
14.864046835191012,0
17.183275764295068,0
14.41083870760201,0
15.495709780060793,0
10.684945478093882,0
10.365203819593107,0
11.354856067391113,0
11.157545054998668,0
11.282497599051482,0
12.348952500250574,0
10.266871448598627,0
10.031303911237835,0
16.674859245438377,0
15.024128317073638,0
12.183227418467906,0
17.92915879532441,0
13.138400243400849,0
10.477811584140825,0
10.938130098982796,0
14.859887253097504,0
13.334362938537616,0
20.740510860184052,0
10.848599059760806,0
11.460009190687405,0
10.014526025048124,0
10.568139132705426,0
10.691947358835312,0
13.145528927608412,0
10.06012492143794,0
17.752272095156098,0
16.90860097600521,0
12.780811432017266,0
17.141600526217026,0
10.396229246560836,0
11.781977707004232,0
13.836334002701406,0
10.999402137573808,0
11.520188162513705,0
15.400538747560269,0
14.127117244282221,0
10.0549152882095,0
11.878968493899016,0
15.904006169363434,0
10.055262155035072,0
31.753051407434537,0
10.14261216861543,0
12.039089124078435,0
15.96792389576989,0
12.426296634501558,0
16.804308412429908,0
10.1269967848747,0
11.565551118862649,0
10.79403700049334,0
10.754742435840399,0
11.779783588011217,0
12.306278942952048,0
10.32967975084649,0
14.699421079193888,0
11.496117716497805,0
11.364510946512471,0
14.31192009971216,0
20.719619587059302,0
14.250022516629972,0
10.340615670562947,0
10.769584611275548,0
10.036748421204557,0
12.052665150804128,0
12.935418166463123,0
11.61513001669993,0
11.77307832042797,0
10.806244672750992,0
11.197555354167843,0
16.290332109982625,0
14.968617602425507,0
15.491821782644779,0
12.365963794234977,0
34.4922451270231,0
16.648851445850564,0
12.953374148583546,0
11.862106662724567,0
11.883264582527778,0
22.326313876441723,0
16.563492364262743,0
12.941983150161285,0
10.610624471808897,0
10.786019799115035,0
14.032183958117773,0
15.20111820982664,0
15.478343082988093,0
15.918291848617283,0
16.988722066341648,0
15.995606425234856,0
10.481924671876122,0
12.30548964470606,0
12.157855368293262,0
15.006373674708765,0
27.934432001421435,0
15.085068072273076,0
19.557757146866365,0
10.425536028582076,0
13.103114751116607,0
15.060440274427151,0
10.083845720837106,0
12.078252408857892,0
12.99276271310556,0
10.217530046500936,0
17.769941054867548,0
13.29111358722821,0
11.17140746265197,0
11.30037041085588,0
13.019941668192345,0
22.360043501156248,0
13.26590312364309,0
11.570674311105712,0
-83.23794281153042,1
10.512295611826199,0
15.300464916788613,0
10.151835916925174,0
11.600561625175931,0
16.88239615853061,0
12.710340951588442,0
11.977545971007473,0
15.905240699523697,0
24.184712593088562,0
10.209978397068236,0
13.568655295203635,0
11.769900185065804,0
17.894960018707362,0
11.19402755940892,0
25.281250429900936,0
15.489755265968954,0
23.58137761190701,0
10.924952535295828,0
10.571121532545003,0
11.13769779963464,0
18.64750603427479,0
15.093051372010214,0
12.755387831844402,0
14.778908032922239,0
26.297002643052284,0
10.488810513552318,0
17.05405038846205,0
10.984520463752593,0
12.26954488724973,0
10.862235113035187,0
10.82122000321661,0
16.24602826878663,0
10.286179682833103,0
16.834682712878536,0
10.824662458996954,0
12.178783405473991,0
11.939795166811834,0
10.74855398873962,0
15.792632565536076,0
10.421332363961746,0
15.636094328268442,0
24.52834647713409,0
12.752480597241146,0
10.757171818199033,0
10.016572059039483,0
13.408817327126503,0
10.39865130832202,0
13.108520690869064,0
10.629212911084085,0
13.293794553915323,0
11.172147270797055,0
13.04940638149301,0
10.836839456128747,0
14.91821109127031,0
10.118564025579719,0
13.708882318419038,0
15.232053799015135,0
27.219586043397275,0
11.237866698768391,0
-83.23794281153042,1
10.207131967592808,0
10.737951111784147,0
11.417962397887482,0
10.265804268966104,0
37.483311402208074,0
10.857635738178713,0
10.077017189473626,0
12.754842675041383,0
14.075120253064169,0
10.071964402969357,0
11.301383086759017,0
11.821092913668805,0
10.133453445824003,0
15.272926686375875,0
12.762099063689295,0
18.72873355867775,0
10.299040502430657,0
11.608905723919829,0
15.149965776149724,0
16.48879255164101,0
13.961253605906894,0
18.359851898041775,0
11.484085215216497,0
10.870393902478593,0
11.715625263545164,0
24.18550363709324,0
13.588366138952054,0
17.31098873632663,0
12.890359119918235,0
11.05150118150285,0
13.128831346693614,0
12.001783607407098,0
15.340754288080593,0
10.08014686450384,0
10.699524002755123,0
18.033947394546146,0
12.210578419853055,0
10.447781395914934,0
18.81287428103385,0
10.85809354708536,0
25.878583754568055,0
-83.23794281153042,1
14.306138208549207,0
10.41513629375026,0
13.875088415846736,0
13.150888055505568,0
21.631300168291467,0
10.419372239837283,0
10.106035068434789,0
12.313498005762382,0
12.719637101179956,0
11.320572187796232,0
18.691171204111477,0
10.208862484137482,0
13.252848823026351,0
12.139470651932474,0
15.330090434236194,0
14.528834648440592,0
10.585622254602198,0
11.26980543701746,0
18.82300107528337,0
10.537815454200743,0
21.8841879599942,0
-83.23794281153042,1
10.127508013711758,0
12.770748943139324,0
17.495844181497603,0
28.89188042601852,0
12.47061452513889,0
18.152378353115573,0
11.379861709672863,0
11.125274386614821,0
20.485114047862698,0
17.498899176941805,0
10.497631853610605,0
32.72297760934862,0
12.102979078971414,0
17.565126862575934,0
11.811508417763523,0
10.8994581054508,0
20.232669539246594,0
29.596529101134223,0
12.605710020158828,0
11.059176571680787,0
20.06082603943065,0
16.208355227285043,0
10.10940070681686,0
10.035893250375626,0
13.360667508211169,0
12.54983126423599,0
15.28800652301461,0
11.368740334101075,0
10.362711924364646,0
20.21496038053822,0
11.777051914527302,0
12.808970957345165,0
113.15632959182867,1
12.661413033928246,0
14.871286014438061,0
22.127624047674637,0
11.181415030918165,0
16.25025791913378,0
25.149070325183963,0
11.545032146984619,0
28.644544644093504,0
11.939644186961495,0
16.505876988913723,0
12.119446916614578,0
11.571980806178221,0
14.539465401542033,0
10.24642110529966,0
10.768816932175282,0
12.55829863573454,0
20.712416364703643,0
10.916618178752964,0
24.215128880291218,0
12.40533211484476,0
18.11056707323217,0
12.449686572460351,0
12.453957597761704,0
13.401451549052268,0
10.684846017173141,0
14.96896506046371,0
12.585586899994986,0
11.124956665374356,0
10.299256168622001,0
15.93477568469192,0
11.008476719870622,0
16.188506256876746,0
12.692803289956514,0
11.334196158378514,0
12.246668788015363,0
10.445599110766166,0
11.072030828687664,0
14.883910645678213,0
26.093333939793016,0
10.192022209791148,0
10.147020646960076,0
31.823021313163483,0
14.665812907430178,0
23.4136704021819,0
18.486757479229706,0
12.024723994605889,0
19.872843929592726,0
10.673234310610123,0
10.693380145875413,0
10.518307862135241,0
16.49880175805839,0
11.371859069226755,0
31.499771901190066,0
20.544195067620848,0
15.56565900827231,0
12.503546731035538,0
12.769909322031472,0
113.15632959182867,1
10.168917916456726,0
11.409726649465421,0
23.43724956552805,0
16.284852786230125,0
14.02558583295683,0
10.651225046060993,0
12.626663237256633,0
22.711732965800326,0
11.191274610266342,0
17.521644772965523,0
27.300191879735536,0
11.332288356671398,0
11.702066333439713,0
14.699087824443161,0
12.670134152057607,0
15.309351025016593,0
13.29254035718806,0
12.687284134451478,0
12.401556317870135,0
11.0997515113278,0
11.344359485652735,0
10.457335665972714,0
11.823659763393461,0
17.37324159876262,0
10.653039053723234,0
18.67742285592569,0
10.586692562568365,0
14.779046992267011,0
10.149019381124969,0
13.499189493813645,0
16.88125809079385,0
17.096875926469167,0
11.179657157079564,0
14.7180477221426,0
20.995457538669097,0
12.178603134679499,0
13.316684392788938,0
19.096429329197242,0
23.966555060034224,0
16.45830989497146,0
17.18660834084352,0
10.002187833487548,0
13.552807741519866,0
10.392497477186273,0
13.834253316025853,0
11.042527160375325,0
14.422983609005406,0
20.802322728534904,0
10.872779084395257,0
15.357729639586212,0
10.572444392491732,0
10.013599518399046,0
10.733502110939273,0
10.4137324907744,0
13.180754410024129,0
10.844243594497776,0
14.161750551379733,0
10.247786561112399,0
113.15632959182867,1
21.119475405312855,0
12.546572607860075,0
33.29435000660264,0
13.195120308687443,0
14.266682011160272,0
10.36019438973447,0
19.558456438426933,0
14.439891324665888,0
11.923715372783208,0
16.378746223774524,0
10.001734169195045,0
10.259202533806874,0
10.958286495511695,0
12.416258970098133,0
14.18214103673657,0
14.130349393194273,0
10.10919715331476,0
10.157124317235713,0
19.643106699359873,0
10.743228812568395,0
20.881318126638465,0
30.32316728097292,0
12.223350021183528,0
11.67972819918826,0
13.182695958505848,0
10.781119666183168,0
11.652053721210265,0
12.749918416134312,0
11.21303821791928,0
11.33106866549169,0
13.407093587709229,0
10.726323611232168,0
10.033260660422012,0
11.271925439702336,0
10.08704587664334,0
11.199099542254169,0
16.305676712124164,0
15.552403929516611,0
10.61204852945952,0
13.932233911122179,0
11.457241289677707,0
11.315383038755137,0
10.31083085914888,0
15.755859638908507,0
12.808672959727778,0
15.91460832288271,0
23.251840391424388,0
11.266027590764832,0
11.547291069774841,0
10.1808268839191,0
10.744863696285666,0
10.853668128126625,0
61.871416173343796,0
10.339846902514505,0
10.58820013245141,0
10.614068472684883,0
12.899075959160635,0
10.295550383461844,0
11.218409483912886,0
11.917928228251572,0
14.789008324348094,0
11.38012368542441,0
27.170869951910788,0
10.391639520040016,0
10.152425082880365,0
10.159674214917196,0
12.81509386170534,0
10.149473155562392,0
11.966202499764908,0
11.42272633623903,0
14.710728715428655,0
11.856122832039425,0
11.858125078408834,0
12.580086358276969,0
29.802265927655903,0
18.164723230361666,0
15.884193510142772,0
16.503480861577696,0
10.826366534377712,0
16.96554728736159,0
12.471340936511755,0
18.12927426260694,0
11.204784289259491,0
19.251846889673715,0
11.854205232343237,0
10.801594540953516,0
11.739085977798496,0
14.839618020083588,0
113.15632959182867,1
11.095629416738102,0
19.629331497925254,0
11.740157240615892,0
40.59412063285465,0
10.917077694742359,0
10.32542226097731,0
10.880862207209256,0
12.834097990522535,0
13.953102370367553,0
10.204275145486385,0
15.382605050925523,0
10.146619514869823,0
17.47699598033913,0
10.916892921306934,0
10.254761457167277,0
11.554180761831987,0
11.488687894659096,0
64.20072174236181,0
11.272009912047764,0
10.672879481544456,0
19.907077454228695,0
10.799574939750867,0
28.12397180395255,0
30.27883440991339,0
11.732039655142259,0
11.350284048311037,0
14.246050115564962,0
16.59499675052464,0
11.54928236369702,0
16.04895591470392,0
15.733983535785246,0
113.15632959182867,1
10.833328467099772,0
10.74352445102357,0
11.440428334715023,0
14.06040955292891,0
16.88845136696617,0
14.281667593087581,0
20.868193553110082,0
21.075393436195952,0
10.099451950931313,0
10.00997098663577,0
10.897299483375003,0
14.686145697340585,0
24.29088391456758,0
16.07194446856924,0
15.663031004649673,0
22.36530883308109,0
10.371384225850896,0
11.009702976318072,0
19.8785875627498,0
11.243617203422849,0
29.936317705837663,0
14.846656291801988,0
14.995605662944138,0
22.398636326999508,0
16.37523932925095,0
15.625013595868966,0
22.565456811527234,0
11.422876998310262,0
21.87089588257615,0
10.325391654512465,0
11.08551280362324,0
12.80918215207574,0
13.347599811475025,0
15.49041471559944,0
15.06905487484077,0
13.034666011535405,0
19.807570351333105,0
10.298217439560977,0
21.019795289926023,0
10.326100577469177,0
11.118890876995355,0
21.32303990426997,0
11.440934847385506,0
13.931104782604427,0
10.543246519248711,0
29.02939996603837,0
10.817794075766136,0
10.693405297412228,0
10.915166395695179,0
25.46481990863353,0
10.225864920159385,0
12.180074440027509,0
26.242098200455462,0
11.335662987700676,0
20.648848054787045,0
10.253923863766452,0
11.002729287219656,0
11.005566343571743,0
20.731992102030453,0
14.386451563785478,0
18.778554630143166,0
13.061430288503233,0
13.860423697751754,0
14.383824509841718,0
12.674084993864517,0
20.68300004710072,0
15.191914909362554,0
17.752678577729107,0
10.214125324068604,0
10.079646821026497,0
13.115846477493168,0
17.2122356784404,0
10.915072116705868,0
10.27820205153488,0
14.31083033193746,0
15.021241945593506,0
10.092541830649216,0
12.595122124437502,0
10.81817418405496,0
10.86494186468805,0
22.261172588396555,0
17.804026932506915,0
14.998871355901322,0
10.129139541841441,0
10.59042449601251,0
10.80602183192581,0
12.415205791259503,0
26.83196877818262,0
13.8880931805084,0
14.902434998420375,0
10.082458900916023,0
11.262657899108532,0
22.228693938825547,0
35.66334796939962,0
10.54143998811736,0
12.046969933639973,0
-83.23794281153042,1
13.853729000755697,0
11.649613116809201,0
11.759012544153231,0
14.64041186992294,0
11.506098014865893,0
12.335777434822074,0
10.426166532449963,0
11.333959644715009,0
20.691836849355578,0
10.042773844094885,0
25.96265073600557,0
12.66011892381294,0
12.173362191617707,0
12.09752646909081,0
15.005786072876495,0
16.336429287299378,0
10.207333743017944,0
26.93534817932736,0
10.624019171129028,0
10.070617205178765,0
10.742550681176873,0
10.03828551698601,0
12.246507210886541,0
22.65521765515644,0
27.35892716716412,0
12.706477336935825,0
35.63152861604718,0
13.917021671433076,0
10.14445788211397,0
13.637809295550671,0
13.631157656590055,0
14.816111204970708,0
10.154345464543336,0
10.075789798183903,0
15.803522292039446,0
21.84549862829715,0
11.312135946479984,0
10.07272758269988,0
11.68687715678487,0
13.047868288174513,0
10.517522690987615,0
26.542115774799665,0
11.855112037112278,0
11.935646740932015,0
12.409218432911679,0
11.37094727670442,0
12.832161863871175,0
15.287900172162189,0
10.615446865760966,0
20.031651140766897,0
13.093716846305778,0
18.423245078067907,0
14.991365408743727,0
11.296758245242554,0
11.86083878128059,0
11.416294053655037,0
10.697957168377581,0
19.92629511981719,0
10.252882274821655,0
34.13714358197619,0
29.91427496582872,0
20.824348356674385,0
10.34054952045993,0
13.753448391658573,0
10.464251763904262,0
10.682959610941264,0
10.701648629021491,0
14.774653863391464,0
10.034226304951206,0
11.369728138552341,0
10.153309908856707,0
11.395648125408346,0
11.037278024580708,0
12.435189286082974,0
17.756152334325236,0
12.800838920912936,0
15.170743053189854,0
12.540208757340888,0
12.751292950235857,0
11.456652329774034,0
14.176779490113088,0
12.433335774770722,0
10.002022036102558,0
10.322118002817524,0
10.272541785830674,0
10.707870267455364,0
18.46241675546791,0
14.193247224240606,0
16.549488900251482,0
21.694034770628612,0
25.985606383577526,0
12.538104919341304,0
12.406584437722795,0
10.350318674621423,0
13.36856793859293,0
11.79879739926901,0
10.247933968690123,0
15.922857739513265,0
10.346906707659391,0
28.329279923287643,0
10.5316136478718,0
14.073178813644777,0
10.654554466717876,0
14.685396737595664,0
22.288776627218546,0
16.081999924552782,0
11.417397135175001,0
12.587910571291118,0
10.185156264379236,0
10.18916130307707,0
12.394737104908524,0
12.725426737931372,0
10.859503532494315,0
11.24264223523199,0
10.074057844912579,0
11.509598563736052,0
23.71841256959483,0
11.737448883984616,0
11.301107213703315,0
13.485144971998398,0
12.546719364257067,0
10.410750839347712,0
10.858745295633794,0
10.787011297683055,0
12.581673193537636,0
10.42527137127209,0
11.648201320322249,0
11.387082750558799,0
16.0593306298056,0
10.460314897601371,0
21.026635884139292,0
16.039833747223923,0
12.34562506764468,0
18.88581702035312,0
19.98331102586865,0
15.948690735171391,0
11.717772806908911,0
11.247557848614349,0
16.963205288893064,0
11.079704829307392,0
10.352142974939698,0
10.055367435713382,0
10.409759173304622,0
12.014949185311997,0
10.087167988653114,0
10.413744223129914,0
11.834189789718277,0
12.64039939091024,0
11.429631215456995,0
11.59787608593483,0
12.800869443660751,0
11.109436694976814,0
13.157670951778053,0
18.78529427137208,0
10.526695125433124,0
10.334126276208607,0
14.45199712537757,0
11.517250903265444,0
11.260395422101663,0
11.588744979211574,0
15.402999850062063,0
11.457910756248113,0
18.447313193908283,0
12.637344868965759,0
10.489302281879683,0
13.200032594602042,0
10.980513066248815,0
15.115149150392401,0
11.476368975286489,0
11.251039839936151,0
14.673150167090423,0
10.741031765059283,0
10.68703685998868,0
12.165183767437535,0
10.814468052553888,0
12.1199280112949,0
21.09183707499919,0
-83.23794281153042,1
13.946483986529103,0
14.36920412849701,0
10.693293991658436,0
10.032756810425589,0
11.129238156421344,0
12.936307922381484,0
11.79752323526856,0
11.4857436601784,0
10.638467559438316,0
11.823309172634291,0
15.596091371249184,0
11.285292171853449,0
24.802219886216612,0
13.732595661555285,0
10.6234956863998,0
12.772621145305003,0
24.360724422608758,0
10.289550837962915,0
13.255717318763605,0
14.437767232885612,0
10.578215598141025,0
19.830320603336858,0
10.002644586969328,0
26.88962496524003,0
15.229671816361156,0
13.336879006088642,0
10.22388326472954,0
11.020429490710823,0
14.237378659023442,0
11.998951840033138,0
10.39471356447139,0
14.162080816358396,0
10.644375105873443,0
15.45466992051555,0
18.175847650462938,0
12.312549132756326,0
10.652871982020553,0
12.749260193428174,0
18.779425607709296,0
10.089164061594216,0
10.429882187146413,0
14.458818932522906,0
15.08952467571075,0
16.62399387159496,0
11.09460471880261,0
23.641304508205447,0
14.261614324526104,0
10.429726679884126,0
10.481392441661,0
13.354624617192234,0
10.811509886580557,0
31.003470080832024,0
18.912808215590243,0
14.167362798886352,0
11.251426178555992,0
10.833189259320203,0
25.76729623290744,0
11.117275844199801,0
13.952410220386666,0
14.341091618519695,0
12.811177348351796,0
11.829227596229996,0
10.425456355963224,0
20.30371534754893,0
10.830186342441863,0
19.00188173528703,0
14.946018689236295,0
13.254871176975758,0
14.62731882357943,0
19.69966168202579,0
21.2194625009639,0
11.939992546705476,0
23.940454791597233,0
14.959924736261222,0
12.871794498074184,0
18.277267162699882,0
10.487566614421205,0
21.203734924279946,0
10.597875692996583,0
23.327446457048453,0
11.637337899246196,0
11.105730606700305,0
11.202353387567188,0
12.182120267512726,0
11.310304381571715,0
37.259824078480555,0
60.692925474368295,0
10.696745736923848,0
14.303691316811545,0
16.83963491180799,0
12.467536714387125,0
15.999135270034525,0
14.470979181987433,0
13.161703058083685,0
16.435645677521492,0
12.92413613688052,0
11.17621628760563,0
11.13884792147693,0
10.121327976140018,0
18.57707860737589,0
14.718574785769247,0
12.046330081262578,0
14.339705640289711,0
14.68267889961135,0
10.922199063702374,0
14.359762197924786,0
22.857875081052118,0
30.66679747763871,0
11.181371092414551,0
13.880372941232487,0
13.97490873445099,0
10.463548058227488,0
22.100070515995483,0
12.012917742363411,0
12.702963564975198,0
11.570102519519272,0
10.632529061964068,0
13.99175024481483,0
13.503315898765225,0
18.195997213050433,0
16.444563112753883,0
29.82320329705456,0
30.2157728743623,0
11.548665846087964,0
15.022457921817837,0
12.242493633284514,0
14.441969724632564,0
21.982897460866212,0
12.47644720433726,0
19.324809047120628,0
21.562729188360535,0
11.283787531857392,0
10.04286844236589,0
21.168634567108818,0
15.337542728261433,0
11.20930297058858,0
12.352249029464453,0
10.385995892683908,0
17.96201446888113,0
18.17202132206809,0
12.72808416278707,0
10.416457205524548,0
14.708289633294012,0
13.197448528391655,0
12.229165592447861,0
10.634488565522755,0
10.19773925515463,0
14.348933948818567,0
11.5406622929246,0
12.216423887551162,0
11.438161218911647,0
11.625507046377916,0
41.317094153475495,0
10.91768202718571,0
17.045258626753217,0
12.155886016502475,0
15.327470623298108,0
10.742357352686405,0
12.141508884181647,0
10.397327596535158,0
13.569448010600691,0
10.136880967980437,0
10.943692945448351,0
18.38747091001852,0
12.515246046019595,0
15.5145697419151,0
11.8797943098222,0
13.05371279555432,0
26.177648553638555,0
10.667325737809605,0
10.886688187186389,0
10.677689482881389,0
10.096580163149076,0
10.327765658203877,0
10.026687810284123,0
10.468219429496656,0
36.80486927487625,0
11.746080843152367,0
14.333500530398,0
17.48099245265078,0
20.685129644948283,0
12.380725685493335,0
12.532597511895741,0
11.521238096035678,0
13.375425640568409,0
10.565717201487615,0
10.70311049352015,0
13.071410169193328,0
15.775836512809176,0
11.721346275610864,0
17.52365354979836,0
17.959870924876164,0
25.334627830258583,0
11.579887665876864,0
21.18729971268533,0
14.863487541675667,0
13.722885261362787,0
10.729455600545528,0
10.077762588558087,0
13.158933462031964,0
12.404551301875344,0
11.410421182308907,0
13.209486048197867,0
11.923960806405596,0
16.848816306832745,0
12.741061139754894,0
11.345308764851815,0
16.746616353063885,0
10.286306302473218,0
12.705166382676662,0
10.44196410858367,0
10.139590757964887,0
14.399877933222708,0
13.419009115470999,0
11.136622581507819,0
10.244470028956062,0
11.742625099795799,0
10.439123095949983,0
113.15632959182867,1
17.193435652473934,0
13.95169632090884,0
13.180165395090276,0
13.419419859038321,0
11.26429243004017,0
12.49080483001684,0
12.983224729484355,0
12.526307142381585,0
14.611713263426406,0
15.089008791478456,0
12.875529833938923,0
17.050802238043204,0
13.167377432063965,0
17.33013733920565,0
11.595844388978971,0
20.108556534526073,0
11.53706114623559,0
17.41761698421335,0
10.729503855390725,0
10.916830724598102,0
11.850287707946823,0
23.50915734954102,0
15.721982244548382,0
14.252103347095371,0
11.597335913897005,0
14.824093617405353,0
11.578212131353819,0
17.122191838698157,0
11.149976730161036,0
12.093055884460092,0
13.978747878788539,0
113.15632959182867,1
18.72535802572716,0
10.35367889385019,0
10.532280402009668,0
18.640177759540624,0
10.429907460039827,0
28.636023412886075,0
12.137568266556062,0
10.999245166137413,0
14.148597115087043,0
37.003143700831465,0
23.177529548852874,0
10.602833792941787,0
15.108204690227874,0
10.512928320319862,0
21.49298015528824,0
11.46848217723182,0
17.177883419946426,0
18.300434296245104,0
11.714364889487365,0
11.9164730494393,0
28.899368654359318,0
14.19552244501612,0
24.99742145091379,0
34.70782334621573,0
14.976352187976676,0
12.045596657237336,0
12.514093843151075,0
113.15632959182867,1
12.033695254300795,0
17.590303010176648,0
14.910655228683517,0
13.777742574533054,0
11.076413178161665,0
12.379762180816256,0
10.616133272931084,0
17.849575140999747,0
11.934882403426215,0
11.720695980946838,0
10.309422314528407,0
15.090418253135915,0
12.577955466795899,0
11.752263479524746,0
11.002605055333213,0
11.514069710108972,0
11.25575216428934,0
25.448993909098792,0
10.62994298815594,0
28.84346022496959,0
10.28212635818168,0
10.41371608479433,0
10.505058713816718,0
10.90510787590636,0
12.118401992794904,0
10.790584749636569,0
15.107837405661806,0
11.785374958027777,0
16.99329815091559,0
10.743811180132568,0
16.822444252533387,0
11.208009330039335,0
10.348018276081788,0
10.680269948530078,0
10.408017200350484,0
25.697603992258358,0
10.501929001319896,0
10.395511862762106,0
10.72648565281712,0
13.977500172258878,0
10.39191419439057,0
11.658439312090978,0
17.739348555633413,0
11.20776199932321,0
10.379644717023043,0
15.983010526881747,0
11.214959859081938,0
13.204742712812097,0
10.104131806457682,0
10.621079326363246,0
10.530549702062581,0
16.34667784848275,0
10.331278484370351,0
13.143451979435596,0
12.395954180231843,0
12.574510249082467,0
10.983562808703354,0
25.66159607306607,0
10.081032336596415,0
12.2373498601467,0
10.256846018612018,0
14.872004735329423,0
11.756480791956061,0
10.16684916447698,0
12.46502091854158,0
15.59438611063677,0
14.283786194723442,0
10.163466292207538,0
11.249500113860222,0
38.10356292060153,0
10.5650728892845,0
13.747485703445124,0
11.304951330499588,0
16.067498463428326,0
12.157910708140795,0
11.590461949938636,0
27.90321415503412,0
15.82181924468707,0
26.1113437085802,0
18.242197013179776,0
12.16440418751008,0
18.12866876263603,0
11.767600318090652,0
15.82594998660166,0
22.27518107318886,0
48.3630416341217,0
33.82162745684569,0
14.746597533357118,0
12.517342963146243,0
14.178372095607335,0
13.79901467926253,0
36.65106185634826,0
10.994511056229817,0
25.985431358305043,0
23.2336584568568,0
11.968728917503924,0
11.084742453349794,0
11.986145496963196,0
13.213816526313432,0
13.564206138823122,0
11.720323826840826,0
22.70506861806529,0
14.366943195434288,0
20.83543921884155,0
13.502867277226551,0
10.930647534576522,0
12.115265338245427,0
12.853423277171682,0
12.08109107687867,0
28.203086340066132,0
14.12097139780105,0
10.79095750166141,0
15.772622279561832,0
12.763877033118288,0
13.1639859404099,0
22.76664420851755,0
12.420573380530548,0
11.413324272513066,0
14.134767323376076,0
10.359787169923182,0
10.720623805060567,0
18.328840975926916,0
16.183468801718625,0
10.664658069262401,0
12.178788802738952,0
11.667608908902384,0
22.760466274175158,0
14.323555874901825,0
13.30686238368405,0
11.691163502569378,0
20.265656946411134,0
12.487820244796984,0
12.97625628280626,0
14.556508304289013,0
10.170225205231834,0
12.32503737888001,0
14.42548565514934,0
12.876725399337218,0
10.691627486778177,0
10.069265604329267,0
10.365023585856424,0
22.36672377485686,0
10.610456866378469,0
14.580750466240652,0
10.470938367736299,0
13.082149448274452,0
11.427291691293348,0
13.250645666489106,0
20.562664480569612,0
12.101217294031759,0
10.674713571005299,0
10.53512986159528,0
11.216594109081225,0
11.457757354670212,0
23.291253003527746,0
17.75006626354319,0
10.118976000100941,0
12.103972094595065,0
23.500042276548175,0
21.756042811459743,0
11.857134861153364,0
11.366297776722114,0
10.22312527250586,0
14.202594327949036,0
10.36378778215447,0
13.591591853852393,0
21.677239709458213,0
12.656994684196603,0
10.951645964960232,0
11.97855807855091,0
10.235940099250762,0
11.596733890997807,0
11.33028020022959,0
23.938827922422913,0
12.218071122980842,0
17.33280410496848,0
18.26541713894414,0
10.772893591384655,0
13.921179442091818,0
13.727478534889991,0
10.426644334649982,0
11.239880345147693,0
10.462530151902687,0
19.40077989278803,0
12.997508964124966,0
17.61430412624427,0
17.81817696874654,0
11.357520840458921,0
12.900715351531922,0
10.903782419667467,0
51.541101940949694,0
19.83274164944199,0
16.455735446432854,0
11.135386005296667,0
16.425256437846564,0
23.40168729527907,0
10.174110801746538,0
13.06146174045168,0
15.177078455670083,0
14.741080118973338,0
13.561374229667958,0
11.820230427829934,0
19.911627487755577,0
10.378601711296653,0
13.532958695369796,0
16.55326387950665,0
10.143320286950008,0
14.41885103407147,0
11.670210437576042,0
14.880793780315722,0
19.345285563781538,0
18.182721983960516,0
13.21044839384886,0
12.494850772359776,0
10.165414077924673,0
12.350486416945259,0
11.880853686999666,0
10.174626484504412,0
31.430605767333418,0
12.576330170641308,0
10.762336994831527,0
13.246946935895776,0
11.195208981380924,0
37.237893083457024,0
18.869383437023355,0
10.648156902080526,0
11.942871735955267,0
10.015411913261492,0
14.855121392988053,0
16.57629570879419,0
22.203026322764963,0
16.243251124549637,0
10.448333717420438,0
10.788757549227448,0
17.860344540880313,0
22.09613474567082,0
12.790636753495244,0
12.987575557204478,0
13.067589881538398,0
14.5722280536171,0
22.369005048526994,0
11.195592824982853,0
11.74029199564565,0
12.035717525498919,0
19.358885238036777,0
24.124346201697215,0
12.719333324700706,0
10.181700098341512,0
12.172731195898534,0
14.629979279681242,0
10.509343296401486,0
11.670921249112148,0
13.860847281599597,0
24.518507348237243,0
12.246267554819365,0
17.460418803938428,0
46.96562337955994,0
11.527105260945296,0
32.79448615722074,0
19.73374991662495,0
10.215934398797582,0
10.561767772060964,0
21.321606694336612,0
13.21480532757236,0
14.099747213374783,0
12.11890237141774,0
14.39246105765392,0
14.816525141907013,0
12.565962110656583,0
10.23604594774871,0
14.801349071777095,0
13.335797601365812,0
19.103273812401923,0
10.710287865860124,0
12.53108851888417,0
12.768336797555254,0
11.484245879019959,0
-83.23794281153042,1
10.237305087673414,0
16.227289306116994,0
13.277339471717909,0
14.767673737400113,0
10.175245812038114,0
11.735459568386322,0
10.033318251315704,0
12.315624423579274,0
12.378736382361248,0
16.83565477757933,0
11.356270771547676,0
17.138711547303473,0
10.382751085550204,0
10.231796028676802,0
11.902918084491338,0
20.978856456597477,0
17.10598332122135,0
18.6908538856135,0
11.322869413651187,0
12.1424427164171,0
13.346395739711651,0
11.072026059256768,0
10.772722711007269,0
13.283406689637626,0
11.917379202263819,0
10.262367922889972,0
12.848065857604228,0
10.574430554677479,0
13.251869638915203,0
38.012228491266406,0
43.924885736879055,0
11.510160790240828,0
12.977479278377636,0
18.3334557494867,0
12.111681664220214,0
19.29782239634784,0
12.856103981929829,0
15.696265496136013,0
24.198124377499262,0
14.834612813005315,0
12.737527818680977,0
14.354156536750732,0
12.742372185213853,0
10.610079377232129,0
15.949905038967154,0
21.46902407229094,0
12.582328346717848,0
12.647596505654048,0
12.229874252481496,0
11.81333681718548,0
10.675743019560532,0
12.085693521632965,0
13.295674083470725,0
10.245977061107501,0
24.89569304738501,0
10.206027955748196,0
40.4162301551589,0
36.982120460628416,0
16.23399102281956,0
-83.23794281153042,1
11.796311718016508,0
10.58807466385161,0
10.306020037228336,0
14.7912742668743,0
11.373636817011683,0
11.827888136327903,0
12.776918375108611,0
12.016750511866416,0
10.944863279022169,0
14.830721599529348,0
13.391930713607362,0
10.338462002251855,0
11.990168613055278,0
18.351744996052133,0
11.830111068448216,0
66.18900486273469,0
12.87751339865059,0
14.514598194424778,0
12.24275021504588,0
14.213103317778017,0
21.219285463625475,0
11.697712090075091,0
11.860525270488846,0
11.011554666618132,0
32.708887859953165,0
10.459611311012635,0
10.21039629597932,0
10.326034728236422,0
17.860012572602287,0
17.286798766877187,0
12.303098920199725,0
11.284209431545086,0
13.096808257576162,0
11.018237747928694,0
10.550008459613247,0
12.24357306787423,0
11.73527530235647,0
11.112833697677365,0
11.47465359935312,0
11.757599372080314,0
11.255488600442675,0
12.518017508162526,0
10.191744631863076,0
10.033262822756067,0
11.85299009795655,0
18.608696545892297,0
14.10348410965387,0
11.732548307871934,0
12.10990158911936,0
10.321306782873762,0
11.444381622413811,0
13.708993321255402,0
15.416937168593021,0
28.93409368115412,0
11.210466630058548,0
10.879779529676206,0
20.325771151464874,0
27.07137664136001,0
14.403053430094207,0
11.991701844919724,0
11.569656199833263,0
11.31522261889467,0
13.607879556634185,0
10.63250647604761,0
12.24520548810917,0
14.90172824900495,0
11.693654982855175,0
13.37031303261351,0
11.192444068480556,0
14.12540415283197,0
46.48960900869633,0
13.397001800302917,0
10.055982878633872,0
18.876326950957928,0
13.996950241046006,0
11.472473723639085,0
13.321138589480803,0
21.28321375282824,0
12.782159298554795,0
-83.23794281153042,1
11.957439588629644,0
10.179474216546389,0
113.15632959182867,1
12.442756802805714,0
12.28221715976057,0
12.473365805143306,0
11.09634953411707,0
12.202249186196907,0
10.656097263088117,0
10.36229434893206,0
29.41886008622967,0
12.846068242862865,0
10.674861871914205,0
20.625334938432562,0
11.193497008332605,0
11.250524494255242,0
23.39444715935173,0
11.347944330897654,0
22.878822852266005,0
30.465933933807428,0
13.04814840183569,0
26.227961386756515,0
11.492507525165049,0
10.620393194084755,0
10.06415417968109,0
10.52659378060487,0
10.119207382607108,0
12.372766554467765,0
11.82644616236448,0
10.109001658413426,0
10.613029657090696,0
11.263501347733358,0
17.606717561615646,0
13.392061568360427,0
14.614125239172138,0
17.10917640110968,0
11.897263726701324,0
13.396844407208665,0
14.559811546582006,0
11.759262522554437,0
10.156545838764853,0
30.40016861136948,0
11.735123563552722,0
11.606817673309024,0
12.460750836720427,0
17.97854142934166,0
12.261710512207218,0
12.363053663741857,0
12.333162120654372,0
33.412970320593786,0
12.033150315370257,0
12.928408029793506,0
11.814021043641546,0
15.536855476214043,0
16.07322119892498,0
11.636185815275672,0
17.40219228493561,0
11.899926555931447,0
10.496662079004476,0
11.10061745686195,0
12.929047006996356,0
10.456228642549238,0
17.006659416689697,0
13.172328184301277,0
10.810631788499357,0
10.648357835854963,0
14.053646746166013,0
13.538632209383453,0
16.31962945760655,0
12.237143596811828,0
13.46941391281456,0
11.073539357924762,0
21.886700503016975,0
29.32046968208219,0
10.908543930898233,0
20.132878648882496,0
10.037012498180996,0
17.07533912422672,0
20.6281109771402,0
12.097003453526789,0
13.94497916007088,0
25.595302785016973,0
25.93832225344681,0
11.616806446124343,0
16.96955676282571,0
11.023491834801849,0
11.557376248276308,0
19.836177198278996,0
10.922840875822189,0
10.667781743887318,0
53.392542940463485,0
43.174303033272345,0
32.01184825050046,0
10.90640975423797,0
15.162881209570607,0
14.223750160698769,0
10.731853293647696,0
16.53679139972739,0
10.634480591650334,0
12.068523901324838,0
28.525659114993548,0
10.034842594445706,0
10.65282117071401,0
10.37872661252493,0
14.221179298216475,0
12.989348984176816,0
10.861965742984857,0
13.202182374731864,0
21.281459967100943,0
16.325924581387874,0
11.760826880541558,0
11.6947118961866,0
12.592700905395901,0
20.052021038930636,0
10.960917361036234,0
21.5014334601221,0
12.96978597029625,0
11.00923203543263,0
10.656709730743625,0
10.70065147867076,0
11.991653950138218,0
17.207971790816085,0
10.814437016101955,0
10.78435743538806,0
11.603316548313138,0
10.634605608067504,0
14.90555555139096,0
13.446149257306658,0
10.203883989748622,0
10.810189031700297,0
11.510895169599797,0
10.543420307009095,0
11.468745414224642,0
11.115871038217351,0
13.830603578547741,0
11.893516785935855,0
10.963663286500518,0
25.424875505908272,0
11.981300021661522,0
11.027300160281497,0
15.990262426322236,0
11.557579267465268,0
36.124716667326496,0
12.205370448012673,0
20.985178904406084,0
11.800193158346552,0
11.911804008721614,0
18.909512300213663,0
20.19004525314603,0
11.762033788858249,0
14.121026196007847,0
10.749951087992109,0
25.63044219636764,0
11.262791916665888,0
10.746315623742632,0
41.63438903739876,0
10.431542427265798,0
10.294024179069343,0
14.369736804647486,0
10.629575466062821,0
12.164075542211979,0
110.1311442743377,0
20.81306027895036,0
11.834016864353835,0
10.565643057730298,0
11.522594352856219,0
10.177550376670563,0
15.497190554020543,0
10.621777779887118,0
11.650905811634633,0
12.06937856897251,0
10.849736267590258,0
11.606267295026754,0
11.38233315056456,0
10.14312181517072,0
31.500716022256725,0
12.765443943429586,0
10.77646282439131,0
14.810902839867921,0
11.59689793760192,0
13.600750746672436,0
34.070319086165284,0
10.920717336242367,0
10.647284954402227,0
24.59446388717361,0
11.198026964249891,0
12.52904356231376,0
17.45809274145,0
17.554232170291883,0
19.713775004446056,0
11.972634546223029,0
10.001447446245646,0
17.473254324115292,0
12.542020173570261,0
20.100383393618113,0
11.004095099470554,0
13.186471165699611,0
10.228243802839707,0
13.721626837168362,0
11.380489583014512,0
12.210540556989084,0
10.916949569167446,0
15.67025519151034,0
14.891608020090652,0
14.794443541226826,0
11.774038972981185,0
11.366053085583358,0
12.822991319625306,0
12.492168388761378,0
10.005250198827913,0
13.156039636773333,0
15.75489901844011,0
17.317181918561175,0
-83.23794281153042,1
17.66713513829714,0
13.510436243354892,0
18.413939278449103,0
20.079557156430067,0
18.501583410957355,0
13.759624271899524,0
10.01389056078189,0
13.04865149183913,0
10.560339782398263,0
10.6803533248501,0
15.143897314166168,0
34.53250083099546,0
14.495843596864095,0
14.848485463334779,0
11.123396164247715,0
19.05615630218955,0
10.099343910029324,0
-83.23794281153042,1
12.76285049322319,0
15.798437373221999,0
16.252628097024093,0
15.124465933629628,0
25.146726595119667,0
12.885305200415416,0
34.15699127234272,0
11.161653418859709,0
13.266865152832551,0
13.299558139946095,0
14.917243642437315,0
12.046498219368875,0
27.936924089034694,0
11.450345753606356,0
10.387848917268423,0
11.656739018193958,0
27.522269850385204,0
66.70595135816387,0
56.95647417547682,0
30.112057518906695,0
11.211548114235498,0
27.48794664521277,0
10.993756165494444,0
22.634018167023868,0
14.509876497847474,0
21.455670798769763,0
18.22374600456364,0
21.887139780035593,0
19.594927520397455,0
14.481875915004261,0
10.615219110945342,0
18.859614201455518,0
10.601802080889515,0
14.526167160758483,0
11.28236596687925,0
11.510161944298789,0
11.976762325104273,0
16.957718434265555,0
11.15145303486517,0
10.304039332042127,0
16.625005079473468,0
13.128268451828493,0
13.443900086491599,0
10.519843657550252,0
53.088970284602254,0
30.13262028168532,0
13.64556783583173,0
18.446664128439178,0
12.137950035415212,0
22.505148659102126,0
14.37344724584236,0
10.361096646613166,0
10.744210736499095,0
10.979894369824256,0
14.983992276647797,0
10.346709808371452,0
16.458875513658413,0
11.480729803909682,0
17.032784774521367,0
21.01451828329569,0
14.4986270192011,0
10.034062794995213,0
11.414778773670093,0
10.713355735077831,0
21.898893722130772,0
14.249281552914901,0
15.477361923782285,0
12.21290537307456,0
11.706289790567347,0
13.845136143825183,0
10.20919226235023,0
17.543917694421715,0
15.500875783171914,0
10.318351637684271,0
15.96890055291654,0
12.59774036976291,0
19.95430916886862,0
10.974769975544298,0
10.017057924595775,0
12.259624339091593,0
11.330430966177513,0
11.981657071904355,0
22.55450258402587,0
11.25226254672987,0
13.52358755187219,0
10.228432145491537,0
10.466981054310793,0
13.900681406036622,0
12.96684532598119,0
10.727429695865037,0
12.502305415496588,0
25.000421717868026,0
10.64592547646734,0
17.731907853601616,0
21.378258277352774,0
14.928433400362016,0
10.44495240988841,0
10.527068669912367,0
21.242894341172157,0
24.56374780870922,0
11.763916996740672,0
14.126978399042194,0
18.31363600778205,0
121.12811261988858,0
12.246982805416318,0
10.041282397723679,0
17.627976076279804,0
12.43462805231145,0
21.882117226774852,0
11.423268327295453,0
17.3767137724261,0
17.632406623971193,0
17.122356056433844,0
33.16343343574799,0
10.980922998339055,0
10.187689518325506,0
11.038143801869643,0
-83.23794281153042,1
27.95240493674982,0
12.598131027586808,0
10.120429619233908,0
21.04361585616185,0
10.746538233649396,0
10.099389517593153,0
12.219922863415938,0
17.76832815013175,0
10.621105762563658,0
11.665250312728741,0
18.677407556324212,0
11.767322267442232,0
11.379051103901958,0
16.690473374993317,0
10.46832358105036,0
10.583575551124095,0
10.585793877719068,0
11.123506207183576,0
11.139380083566607,0
11.928200799691467,0
19.34646662851946,0
10.21809219245018,0
10.447592191314715,0
14.855904111403937,0
11.097859045764116,0
12.795385131847429,0
10.55543888794471,0
14.301034679257885,0
31.81077724593514,0
10.801707588823959,0
15.532501937857244,0
12.055305682885404,0
20.739925785262088,0
13.410545179636573,0
11.913153288730584,0
11.51326937526531,0
20.738263477870635,0
11.567981643152706,0
10.32963850670145,0
10.18109945789411,0
13.599018387022088,0
10.811004678755257,0
10.992549950563253,0
13.316170243570289,0
46.291590425909426,0
19.97231204193137,0
17.746607626933688,0
11.467723911841825,0
28.693932954616077,0
10.652449086474501,0
11.941975640786215,0
10.027011461609748,0
11.945447723262506,0
10.251795693241705,0
48.3612889259378,0
12.514596230959452,0
17.796190463738153,0
113.15632959182867,1
10.07038556392443,0
10.908570510067861,0
10.055861936333159,0
10.038242647549147,0
11.387996893378563,0
13.179386877209849,0
13.934381625484452,0
14.297638571394371,0
11.220517624101994,0
17.295054520332286,0
13.813328493444763,0
10.698677845006625,0
10.099959161294038,0
10.489471711335433,0
11.330939930163568,0
18.86865102597236,0
10.605280831205254,0
16.71175558504333,0
11.061089333544968,0
16.183537962224264,0
23.8998826157634,0
12.94200795223017,0
14.118779261117577,0
15.70965317233766,0
11.24064832010583,0
10.322883788008092,0
10.236443061524763,0
12.912383714552242,0
17.30596726358244,0
10.049324717402744,0
10.25980936980497,0
10.576353296097034,0
38.682779639042636,0
13.89228152750714,0
11.649726913191362,0
15.58885434879776,0
11.416794075765107,0
11.331859823175376,0
11.937600126258474,0
13.180603739547436,0
10.039880083361268,0
10.008540759479141,0
23.636331710657224,0
10.256246373012605,0
13.061643961895076,0
12.225322903616531,0
11.933909016071908,0
28.620753534756602,0
38.687566129042224,0
10.583374259351874,0
12.91992737401635,0
34.40338705296925,0
10.366422965262476,0
17.034921392254954,0
10.074043263863201,0
12.071551987007691,0
10.297953095785303,0
12.919314930144505,0
11.742438260298515,0
10.005400296923712,0
15.350534541521075,0
14.793969544169801,0
11.526596479755646,0
11.063740124917672,0
13.52997898950466,0
13.435283565125742,0
13.143498168776485,0
10.386302263081898,0
10.508408310826752,0
12.169175546866027,0
10.327769308311305,0
10.14600904495428,0
10.188056491751752,0
16.669449646755673,0
10.10313880078999,0
-83.23794281153042,1
10.102913758045561,0
10.49840936427347,0
15.341866168111043,0
12.722351212601549,0
11.441262631096514,0
10.323830891452651,0
10.517041712640957,0
11.185857867417681,0
24.140920339955105,0
13.034321965277382,0
18.354650436614026,0
12.173017635593897,0
10.911885073292343,0
16.15873342346181,0
13.798722836725581,0
12.411602602206475,0
27.302525276760242,0
10.554241392560522,0
43.89705410461169,0
10.273234917115513,0
10.130096110558675,0
12.285472198576976,0
12.1589044042126,0
10.233535016400408,0
10.106461969866778,0
10.524867476649288,0
22.98140585064409,0
12.717571712403412,0
13.597695348304713,0
10.17342023137325,0
11.727773060922026,0
10.115178936556635,0
15.701726891209569,0
11.555602023507793,0
10.404426130768147,0
12.179192091119276,0
12.496218825257788,0
14.271045802026155,0
16.406703223841458,0
14.29770799144447,0
10.465669074223793,0
13.84416673137988,0
14.441828564962606,0
16.55959812643752,0
12.81095461412361,0
10.9453518331975,0
12.062716768885506,0
12.055870119002474,0
10.148301286551822,0
10.906472252017888,0
10.12094716989401,0
12.495751936940813,0
11.240614801105872,0
17.007095806855762,0
18.10690834427315,0
12.386745033590618,0
10.611312489708498,0
10.795603758791364,0
26.394098139211337,0
10.609044225931596,0
12.681643237663609,0
11.556868906203835,0
18.203484412543215,0
10.600026612803736,0
19.589793866723806,0
11.906740063434555,0
27.666621739411493,0
13.690838606383792,0
13.680392043130674,0
