date,gig_category,n_active_vendors,n_new_vendors,avg_vendor_rating,top_rated_fraction,total_profile_views,avg_profile_views,search_impressions,click_through_rate,avg_response_time_hours
2024-10-01,AI/ML Development,1730,7,4.48,0.113,11025.0,6.4,159617.0,0.0419,11.5
2024-10-01,Content Writing,6437,41,4.06,0.163,45264.0,7.0,641596.0,0.0575,9.7
2024-10-01,Data Analysis,3081,57,4.39,0.2,23433.0,7.6,360735.0,0.0434,17.7
2024-10-01,Financial Modeling,1012,9,4.5,0.135,7266.0,7.2,97489.0,0.0417,6.0
2024-10-01,Graphic Design,5874,22,4.15,0.193,36062.0,6.1,501330.0,0.0538,6.9
2024-10-01,Legal Consulting,639,4,4.66,0.172,4362.0,6.8,73122.0,0.0521,10.6
2024-10-01,Mobile App,2265,13,4.22,0.104,15951.0,7.0,227400.0,0.0428,12.4
2024-10-01,Music Production,1474,3,3.91,0.145,8232.0,5.6,136489.0,0.0419,6.2
2024-10-01,Photography,1822,7,4.08,0.116,15270.0,8.4,267056.0,0.0343,7.7
2024-10-01,SEO/SEM,2556,16,4.08,0.166,21135.0,8.3,368456.0,0.0509,6.1
2024-10-01,Social Media Management,3165,18,3.74,0.136,21870.0,6.9,315483.0,0.0451,9.0
2024-10-01,Translation,4503,15,3.84,0.151,35549.0,7.9,616346.0,0.0435,4.9
2024-10-01,Video Production,1703,28,4.29,0.131,11323.0,6.6,178883.0,0.0509,3.6
2024-10-01,Virtual Assistant,5130,9,3.81,0.166,40611.0,7.9,554681.0,0.0343,4.4
2024-10-01,Web Development,3937,44,4.37,0.223,30088.0,7.6,389274.0,0.0649,21.9
2024-10-02,AI/ML Development,2026,19,4.36,0.205,13433.0,6.6,195040.0,0.0427,20.7
2024-10-02,Content Writing,6925,44,3.99,0.145,41855.0,6.0,654825.0,0.0449,5.9
2024-10-02,Data Analysis,3153,13,4.28,0.177,19584.0,6.2,292480.0,0.0414,3.4
2024-10-02,Financial Modeling,1058,5,4.65,0.182,9392.0,8.9,130225.0,0.0366,13.1
2024-10-02,Graphic Design,5559,30,4.15,0.161,36344.0,6.5,636271.0,0.0492,11.4
2024-10-02,Legal Consulting,740,2,4.5,0.167,4918.0,6.6,81620.0,0.0556,37.7
2024-10-02,Mobile App,2307,15,4.33,0.189,19799.0,8.6,315225.0,0.0408,9.2
2024-10-02,Music Production,1209,7,3.86,0.125,7834.0,6.5,115949.0,0.055,7.1
2024-10-02,Photography,1907,20,4.12,0.141,13666.0,7.2,224653.0,0.045,19.1
2024-10-02,SEO/SEM,2111,16,4.08,0.203,14776.0,7.0,221257.0,0.0596,7.8
2024-10-02,Social Media Management,3181,78,3.8,0.135,20151.0,6.3,360958.0,0.0491,11.3
2024-10-02,Translation,4226,29,3.97,0.123,29214.0,6.9,443380.0,0.0447,6.3
2024-10-02,Video Production,1522,11,4.25,0.153,11931.0,7.8,197692.0,0.0461,4.6
2024-10-02,Virtual Assistant,4962,36,3.97,0.146,33984.0,6.8,525844.0,0.0408,6.5
2024-10-02,Web Development,3296,62,4.29,0.139,21540.0,6.5,329189.0,0.0385,6.1
2024-10-03,AI/ML Development,1785,10,4.43,0.145,10796.0,6.0,138935.0,0.0296,6.6
2024-10-03,Content Writing,7963,60,4.07,0.131,47797.0,6.0,686015.0,0.055,7.2
2024-10-03,Data Analysis,2819,19,4.38,0.174,14669.0,5.2,206017.0,0.0447,17.0
2024-10-03,Financial Modeling,874,4,4.55,0.198,6862.0,7.9,115292.0,0.043,5.6
2024-10-03,Graphic Design,5136,18,4.13,0.151,26466.0,5.2,469607.0,0.0494,8.3
2024-10-03,Legal Consulting,646,2,4.77,0.171,3777.0,5.8,61358.0,0.0357,4.5
2024-10-03,Mobile App,1918,20,4.18,0.178,11500.0,6.0,176874.0,0.0354,15.9
2024-10-03,Music Production,1414,5,3.82,0.168,8610.0,6.1,114154.0,0.0462,10.0
2024-10-03,Photography,2145,11,4.18,0.11,12372.0,5.8,156438.0,0.0381,10.1
2024-10-03,SEO/SEM,2510,5,3.92,0.115,15756.0,6.3,192811.0,0.0479,12.8
2024-10-03,Social Media Management,3388,23,3.77,0.123,20225.0,6.0,319762.0,0.0567,3.8
2024-10-03,Translation,4317,20,3.9,0.181,22410.0,5.2,357409.0,0.0435,8.6
2024-10-03,Video Production,1566,24,4.24,0.05,8495.0,5.4,149267.0,0.0519,11.5
2024-10-03,Virtual Assistant,4484,33,3.82,0.175,24925.0,5.6,442594.0,0.0546,11.4
2024-10-03,Web Development,3685,17,4.32,0.164,28153.0,7.6,492502.0,0.0406,10.3
2024-10-04,AI/ML Development,2070,14,4.43,0.111,14391.0,7.0,240254.0,0.0469,18.7
2024-10-04,Content Writing,7796,91,4.03,0.126,37709.0,4.8,597622.0,0.0356,7.9
2024-10-04,Data Analysis,2725,28,4.3,0.116,18370.0,6.7,298805.0,0.0423,7.1
2024-10-04,Financial Modeling,969,8,4.59,0.137,6969.0,7.2,116068.0,0.0475,18.7
2024-10-04,Graphic Design,4898,20,4.22,0.157,34287.0,7.0,565161.0,0.0497,3.4
2024-10-04,Legal Consulting,719,4,4.69,0.176,5369.0,7.5,86725.0,0.0449,6.6
2024-10-04,Mobile App,2031,12,4.23,0.161,12995.0,6.4,173857.0,0.05,2.8
2024-10-04,Music Production,1331,10,3.83,0.198,7770.0,5.8,116526.0,0.0397,1.0
2024-10-04,Photography,2230,13,4.13,0.138,12433.0,5.6,172254.0,0.0608,7.3
2024-10-04,SEO/SEM,2155,23,4.04,0.216,14079.0,6.5,241427.0,0.0493,4.1
2024-10-04,Social Media Management,3172,71,3.72,0.132,18590.0,5.9,286928.0,0.0424,5.0
2024-10-04,Translation,3960,14,4.04,0.173,26715.0,6.7,388514.0,0.0419,7.0
2024-10-04,Video Production,1429,9,4.24,0.17,10510.0,7.4,171568.0,0.0423,4.5
2024-10-04,Virtual Assistant,4691,16,3.84,0.135,21426.0,4.6,278811.0,0.0528,4.8
2024-10-04,Web Development,3774,22,4.38,0.159,24668.0,6.5,309037.0,0.0508,3.9
2024-10-05,AI/ML Development,1912,20,4.44,0.164,8597.0,4.5,127650.0,0.0387,6.7
2024-10-05,Content Writing,7451,37,4.01,0.118,34670.0,4.7,619455.0,0.0425,5.1
2024-10-05,Data Analysis,2660,12,4.24,0.184,11124.0,4.2,154331.0,0.0432,12.0
2024-10-05,Financial Modeling,1015,3,4.63,0.158,4478.0,4.4,54632.0,0.052,6.0
2024-10-05,Graphic Design,4878,20,4.16,0.101,24403.0,5.0,306012.0,0.0485,18.1
2024-10-05,Legal Consulting,652,2,4.65,0.129,2509.0,3.8,30908.0,0.047,5.2
2024-10-05,Mobile App,2032,16,4.16,0.114,9793.0,4.8,154900.0,0.0276,25.8
2024-10-05,Music Production,1252,12,3.99,0.109,4242.0,3.4,73914.0,0.0447,6.1
2024-10-05,Photography,2130,14,4.22,0.147,9587.0,4.5,128406.0,0.0413,8.4
2024-10-05,SEO/SEM,2400,6,4.06,0.102,11970.0,5.0,179011.0,0.0374,9.7
2024-10-05,Social Media Management,3474,19,3.81,0.154,14051.0,4.0,246382.0,0.0515,4.0
2024-10-05,Translation,4520,14,3.91,0.14,16081.0,3.6,217946.0,0.0564,12.0
2024-10-05,Video Production,1609,11,4.23,0.134,7490.0,4.7,115404.0,0.0465,4.9
2024-10-05,Virtual Assistant,4362,76,3.85,0.142,15008.0,3.4,265493.0,0.0428,7.0
2024-10-05,Web Development,3563,21,4.31,0.142,14688.0,4.1,210805.0,0.0334,3.1
2024-10-06,AI/ML Development,2006,10,4.45,0.139,9730.0,4.9,170968.0,0.0532,15.8
2024-10-06,Content Writing,7570,27,3.95,0.142,30406.0,4.0,449576.0,0.0506,21.3
2024-10-06,Data Analysis,2716,12,4.31,0.139,12056.0,4.4,153304.0,0.046,5.9
2024-10-06,Financial Modeling,861,5,4.6,0.175,3610.0,4.2,45713.0,0.0346,2.1
2024-10-06,Graphic Design,5821,66,4.14,0.159,21563.0,3.7,295173.0,0.0401,8.6
2024-10-06,Legal Consulting,625,2,4.66,0.146,3140.0,5.0,52776.0,0.0379,26.5
2024-10-06,Mobile App,2300,22,4.25,0.18,9163.0,4.0,112220.0,0.0366,13.0
2024-10-06,Music Production,1480,9,3.91,0.122,6144.0,4.2,109253.0,0.0448,8.0
2024-10-06,Photography,2160,12,4.12,0.114,9531.0,4.4,143653.0,0.0473,13.7
2024-10-06,SEO/SEM,2551,27,4.03,0.173,8592.0,3.4,121805.0,0.0467,12.1
2024-10-06,Social Media Management,3450,53,3.91,0.133,13787.0,4.0,229597.0,0.045,7.7
2024-10-06,Translation,4498,45,3.89,0.163,16561.0,3.7,273789.0,0.0447,21.5
2024-10-06,Video Production,1725,8,4.19,0.155,7402.0,4.3,118767.0,0.0509,15.1
2024-10-06,Virtual Assistant,5126,10,3.78,0.143,15428.0,3.0,261289.0,0.0226,3.8
2024-10-06,Web Development,3559,27,4.3,0.161,12973.0,3.6,174654.0,0.0355,7.1
2024-10-07,AI/ML Development,1797,13,4.43,0.162,11326.0,6.3,176327.0,0.0411,11.5
2024-10-07,Content Writing,7261,14,4.1,0.167,46039.0,6.3,685555.0,0.0433,4.1
2024-10-07,Data Analysis,2820,21,4.38,0.13,25134.0,8.9,304789.0,0.0475,3.3
2024-10-07,Financial Modeling,839,7,4.45,0.169,6218.0,7.4,105857.0,0.0434,7.6
2024-10-07,Graphic Design,5809,13,4.2,0.118,46299.0,8.0,734051.0,0.0457,8.8
2024-10-07,Legal Consulting,712,9,4.62,0.159,5453.0,7.7,89643.0,0.05,9.6
2024-10-07,Mobile App,2292,20,4.38,0.128,19458.0,8.5,318220.0,0.0444,10.1
2024-10-07,Music Production,1494,10,3.94,0.205,9815.0,6.6,154404.0,0.0434,1.6
2024-10-07,Photography,1939,9,4.19,0.128,14645.0,7.6,193990.0,0.0175,7.5
2024-10-07,SEO/SEM,2065,24,4.03,0.168,16115.0,7.8,277308.0,0.0556,5.1
2024-10-07,Social Media Management,3556,17,3.88,0.172,29222.0,8.2,487416.0,0.0435,2.5
2024-10-07,Translation,4741,35,3.87,0.179,30039.0,6.3,404571.0,0.0331,6.2
2024-10-07,Video Production,1672,22,4.19,0.149,12194.0,7.3,163552.0,0.048,3.2
2024-10-07,Virtual Assistant,5123,12,3.89,0.103,41788.0,8.2,547941.0,0.0403,7.7
2024-10-07,Web Development,3510,39,4.39,0.141,29082.0,8.3,440754.0,0.0488,14.7
2024-10-08,AI/ML Development,1850,7,4.42,0.14,13779.0,7.4,188013.0,0.0482,9.8
2024-10-08,Content Writing,7993,107,3.99,0.175,57667.0,7.2,877016.0,0.045,7.7
2024-10-08,Data Analysis,2877,29,4.36,0.139,22505.0,7.8,343841.0,0.0516,7.9
2024-10-08,Financial Modeling,1026,4,4.46,0.155,6840.0,6.7,106081.0,0.0546,3.3
2024-10-08,Graphic Design,5117,33,4.09,0.226,33950.0,6.6,470023.0,0.0464,6.4
2024-10-08,Legal Consulting,676,2,4.62,0.13,5468.0,8.1,87801.0,0.0597,10.9
2024-10-08,Mobile App,2369,14,4.09,0.152,13813.0,5.8,222860.0,0.0511,3.3
2024-10-08,Music Production,1250,5,3.97,0.138,7779.0,6.2,117708.0,0.0449,4.5
2024-10-08,Photography,1993,8,4.07,0.173,14824.0,7.4,206504.0,0.0526,33.4
2024-10-08,SEO/SEM,2544,20,4.07,0.163,20999.0,8.3,330575.0,0.0316,6.0
2024-10-08,Social Media Management,2992,15,3.78,0.093,21848.0,7.3,352914.0,1.4522,24.0
2024-10-08,Translation,4453,21,3.9,0.185,24969.0,5.6,441289.0,0.0597,5.5
2024-10-08,Video Production,1693,25,4.27,0.195,10948.0,6.5,136532.0,0.0536,18.8
2024-10-08,Virtual Assistant,4936,36,3.82,0.115,39595.0,8.0,494711.0,0.063,14.5
2024-10-08,Web Development,3883,79,4.37,0.104,33886.0,8.7,546916.0,0.0498,8.1
2024-10-09,AI/ML Development,2050,7,4.41,0.178,14196.0,6.9,195773.0,0.0586,6.2
2024-10-09,Content Writing,7270,60,4.13,0.114,59420.0,8.2,831728.0,0.0479,4.3
2024-10-09,Data Analysis,2851,25,4.4,0.074,22145.0,7.8,380817.0,0.0459,13.6
2024-10-09,Financial Modeling,850,3,4.49,0.098,7757.0,9.1,120451.0,0.0448,9.1
2024-10-09,Graphic Design,4806,46,4.14,0.153,33186.0,6.9,442474.0,0.0412,4.2
2024-10-09,Legal Consulting,670,2,4.63,0.134,6182.0,9.2,104587.0,0.0491,2.5
2024-10-09,Mobile App,1869,13,4.33,0.114,15232.0,8.1,188736.0,0.0393,16.8
2024-10-09,Music Production,1461,11,3.95,0.181,10762.0,7.4,192205.0,0.046,9.5
2024-10-09,Photography,1820,10,4.2,0.133,14034.0,7.7,197051.0,0.0397,14.2
2024-10-09,SEO/SEM,2303,18,4.03,0.165,17361.0,7.5,281718.0,0.0319,27.3
2024-10-09,Social Media Management,3313,26,3.87,0.102,20451.0,6.2,323703.0,0.0481,2.5
2024-10-09,Translation,4092,13,4.01,0.158,33209.0,8.1,525617.0,0.0522,6.3
2024-10-09,Video Production,1617,10,4.24,0.076,13525.0,8.4,163704.0,0.0464,5.8
2024-10-09,Virtual Assistant,4597,23,3.71,0.165,28172.0,6.1,393083.0,0.0451,5.7
2024-10-09,Web Development,3960,19,4.26,0.168,30383.0,7.7,543181.0,0.0569,13.0
2024-10-10,AI/ML Development,1704,10,4.49,0.229,10537.0,6.2,166331.0,0.0394,7.3
2024-10-10,Content Writing,7837,31,4.01,0.127,42533.0,5.4,689054.0,0.0463,11.9
2024-10-10,Data Analysis,2603,17,4.3,0.104,18337.0,7.0,259005.0,0.0477,6.0
2024-10-10,Financial Modeling,976,2,4.47,0.172,7577.0,7.8,119655.0,0.0544,18.3
2024-10-10,Graphic Design,5618,22,4.04,0.121,35157.0,6.3,623256.0,0.0498,8.0
2024-10-10,Legal Consulting,642,7,4.6,0.112,5217.0,8.1,64203.0,0.0452,11.4
2024-10-10,Mobile App,2333,14,4.18,0.204,14844.0,6.4,243651.0,0.0466,13.1
2024-10-10,Music Production,1407,9,3.92,0.173,7775.0,5.5,127339.0,0.0564,2.8
2024-10-10,Photography,2148,10,4.08,0.201,14606.0,6.8,261233.0,0.0329,6.1
2024-10-10,SEO/SEM,2520,22,4.06,0.174,12523.0,5.0,168735.0,0.0459,9.7
2024-10-10,Social Media Management,3121,54,3.81,0.111,19303.0,6.2,314044.0,0.0557,4.2
2024-10-10,Translation,4485,14,4.0,0.216,30402.0,6.8,397806.0,0.0473,10.8
2024-10-10,Video Production,1472,7,4.25,0.154,10470.0,7.1,132296.0,0.0295,3.7
2024-10-10,Virtual Assistant,4286,13,3.79,0.177,24417.0,5.7,359385.0,0.0419,9.2
2024-10-10,Web Development,3524,29,4.35,0.179,24713.0,7.0,430340.0,0.0361,2.8
2024-10-11,AI/ML Development,2089,36,4.35,0.126,12536.0,6.0,156915.0,0.0446,3.4
2024-10-11,Content Writing,6443,78,4.06,0.122,36792.0,5.7,543740.0,0.0485,6.0
2024-10-11,Data Analysis,2763,20,4.31,0.096,19968.0,7.2,344356.0,0.042,14.7
2024-10-11,Financial Modeling,878,4,4.46,0.147,5327.0,6.1,70679.0,0.0479,1.7
2024-10-11,Graphic Design,5850,67,4.17,0.123,40921.0,7.0,707119.0,0.0447,10.0
2024-10-11,Legal Consulting,738,9,4.64,0.096,4798.0,6.5,58368.0,0.0427,8.7
2024-10-11,Mobile App,2031,21,4.31,0.227,15461.0,7.6,237794.0,0.0384,2.7
2024-10-11,Music Production,1376,6,3.82,0.188,6625.0,4.8,85941.0,0.0577,8.0
2024-10-11,Photography,1857,13,4.14,0.073,9611.0,5.2,139051.0,0.0414,8.0
2024-10-11,SEO/SEM,2379,8,3.99,0.155,14627.0,6.1,177981.0,0.0421,6.3
2024-10-11,Social Media Management,3092,9,3.87,0.153,20587.0,6.7,361611.0,0.0518,9.7
2024-10-11,Translation,4217,18,3.93,0.13,21172.0,5.0,318333.0,0.0559,7.4
2024-10-11,Video Production,1649,25,4.23,0.123,11963.0,7.3,196352.0,0.0429,31.1
2024-10-11,Virtual Assistant,4879,37,3.9,0.186,25253.0,5.2,310180.0,0.0424,11.5
2024-10-11,Web Development,3559,31,4.35,0.158,19437.0,5.5,296609.0,0.0637,24.7
2024-10-12,AI/ML Development,2056,6,4.54,0.162,10784.0,5.2,149819.0,0.0332,43.5
2024-10-12,Content Writing,7582,70,4.02,0.098,29588.0,3.9,448536.0,0.0569,50.4
2024-10-12,Data Analysis,2997,31,4.3,0.137,12043.0,4.0,159601.0,0.0389,5.6
2024-10-12,Financial Modeling,1017,8,4.45,0.161,5594.0,5.5,71239.0,0.0523,4.1
2024-10-12,Graphic Design,5453,45,4.07,0.168,20508.0,3.8,262137.0,0.043,4.1
2024-10-12,Legal Consulting,718,9,4.6,0.152,3616.0,5.0,59862.0,0.0458,4.4
2024-10-12,Mobile App,2158,6,4.17,0.115,9553.0,4.4,156155.0,0.0523,9.0
2024-10-12,Music Production,1338,10,3.91,0.136,5284.0,3.9,83273.0,0.0521,24.1
2024-10-12,Photography,2106,16,4.21,0.182,9672.0,4.6,152328.0,0.0441,12.7
2024-10-12,SEO/SEM,2259,23,4.03,0.211,7952.0,3.5,133033.0,0.0416,6.4
2024-10-12,Social Media Management,2969,22,3.73,0.19,9719.0,3.3,140649.0,0.0406,23.9
2024-10-12,Translation,4652,37,3.89,0.176,20445.0,4.4,306497.0,0.0522,16.1
2024-10-12,Video Production,1533,14,4.27,0.124,6075.0,4.0,108997.0,0.0542,9.5
2024-10-12,Virtual Assistant,5187,25,3.84,0.136,23616.0,4.6,422564.0,0.0265,5.8
2024-10-12,Web Development,3657,70,4.31,0.157,17676.0,4.8,281399.0,0.051,4.0
2024-10-13,AI/ML Development,1887,13,4.53,0.17,8374.0,4.4,123349.0,0.048,19.0
2024-10-13,Content Writing,6996,43,4.12,0.124,26525.0,3.8,341043.0,0.0386,4.8
2024-10-13,Data Analysis,2725,27,4.31,0.167,13144.0,4.8,162672.0,0.0508,24.3
2024-10-13,Financial Modeling,878,5,4.47,0.188,4067.0,4.6,58102.0,0.039,9.6
2024-10-13,Graphic Design,4990,24,4.02,0.125,22447.0,4.5,334632.0,0.0403,5.3
2024-10-13,Legal Consulting,736,3,4.63,0.138,3458.0,4.7,60154.0,0.043,8.7
2024-10-13,Mobile App,2017,15,4.25,0.17,7404.0,3.7,116542.0,0.05,16.2
2024-10-13,Music Production,1221,2,3.84,0.108,3805.0,3.1,56368.0,0.0524,9.6
2024-10-13,Photography,2224,36,4.16,0.151,8166.0,3.7,137783.0,0.0308,4.8
2024-10-13,SEO/SEM,2213,11,4.09,0.156,8438.0,3.8,140839.0,0.0469,6.5
2024-10-13,Social Media Management,3158,22,3.77,0.141,11103.0,3.5,165392.0,0.0554,8.1
2024-10-13,Translation,4667,27,3.97,0.129,14782.0,3.2,200982.0,0.053,10.0
2024-10-13,Video Production,1704,8,4.28,0.158,7063.0,4.1,125782.0,0.0412,5.1
2024-10-13,Virtual Assistant,4373,25,3.8,0.129,15967.0,3.7,223614.0,0.0572,3.5
2024-10-13,Web Development,3176,39,4.32,0.135,12076.0,3.8,183235.0,0.0297,7.4
2024-10-14,AI/ML Development,2003,23,4.42,0.161,16705.0,8.3,268076.0,0.0488,8.1
2024-10-14,Content Writing,7884,31,4.05,0.162,61533.0,7.8,777313.0,0.0248,9.9
2024-10-14,Data Analysis,3056,32,4.32,0.16,19323.0,6.3,269518.0,0.0636,6.2
2024-10-14,Financial Modeling,941,6,4.63,0.182,7308.0,7.8,118999.0,0.063,8.8
2024-10-14,Graphic Design,4998,21,4.02,0.146,42726.0,8.5,513699.0,0.0572,11.6
2024-10-14,Legal Consulting,594,4,4.72,0.119,4862.0,8.2,79026.0,0.0324,6.8
2024-10-14,Mobile App,2213,8,4.38,0.14,20083.0,9.1,302899.0,0.0665,14.2
2024-10-14,Music Production,1386,14,3.83,0.135,7752.0,5.6,115232.0,0.0324,13.5
2024-10-14,Photography,2066,12,4.13,0.153,13576.0,6.6,171445.0,0.0364,6.5
2024-10-14,SEO/SEM,2288,11,4.03,0.174,15735.0,6.9,245117.0,0.0422,25.0
2024-10-14,Social Media Management,3448,29,3.83,0.205,23821.0,6.9,410313.0,0.0443,9.9
2024-10-14,Translation,4724,24,3.97,0.126,39336.0,8.3,595179.0,0.036,7.6
2024-10-14,Video Production,1490,13,4.23,0.137,12538.0,8.4,189934.0,0.0256,13.3
2024-10-14,Virtual Assistant,4142,38,3.78,0.221,28192.0,6.8,376152.0,0.0561,5.0
2024-10-14,Web Development,3353,28,4.41,0.208,22273.0,6.6,383884.0,0.0524,16.6
2024-10-15,AI/ML Development,1800,2,4.34,0.092,16509.0,9.2,286076.0,0.0441,12.6
2024-10-15,Content Writing,6512,36,4.02,0.161,53393.0,8.2,901495.0,0.0494,23.9
2024-10-15,Data Analysis,3114,23,4.28,0.106,21122.0,6.8,293812.0,0.0437,4.8
2024-10-15,Financial Modeling,977,8,4.57,0.14,6399.0,6.5,101396.0,0.0524,8.7
2024-10-15,Graphic Design,5668,69,4.06,0.129,37141.0,6.6,501600.0,0.0342,6.4
2024-10-15,Legal Consulting,614,3,4.65,0.168,4533.0,7.4,69171.0,0.0424,10.9
2024-10-15,Mobile App,2353,12,4.2,0.138,18371.0,7.8,311028.0,0.0358,3.1
2024-10-15,Music Production,1447,6,4.03,0.197,9064.0,6.3,110385.0,0.0312,7.5
2024-10-15,Photography,1932,8,4.13,0.176,11500.0,6.0,156118.0,0.0566,4.4
2024-10-15,SEO/SEM,2456,35,4.09,0.119,15533.0,6.3,189815.0,0.0452,5.1
2024-10-15,Social Media Management,3670,15,3.81,0.18,23514.0,6.4,343569.0,0.0433,7.3
2024-10-15,Translation,4723,33,3.88,0.174,34035.0,7.2,607113.0,0.0494,4.0
2024-10-15,Video Production,1456,15,4.25,0.125,8886.0,6.1,150307.0,0.048,7.2
2024-10-15,Virtual Assistant,4688,67,3.8,0.15,36869.0,7.9,447106.0,0.0486,5.4
2024-10-15,Web Development,3589,15,4.37,0.165,32368.0,9.0,476289.0,1.1597,13.9
2024-10-16,AI/ML Development,1925,3,4.42,0.139,12505.0,6.5,223548.0,0.0509,16.7
2024-10-16,Content Writing,7787,28,4.08,0.134,50465.0,6.5,797533.0,0.0504,9.9
2024-10-16,Data Analysis,2755,33,4.31,0.138,19391.0,7.0,315987.0,0.0316,14.8
2024-10-16,Financial Modeling,940,2,4.57,0.187,7700.0,8.2,100960.0,0.034,2.9
2024-10-16,Graphic Design,5893,16,4.19,0.159,41117.0,7.0,622479.0,0.0432,9.6
2024-10-16,Legal Consulting,726,9,4.66,0.186,5629.0,7.8,78417.0,0.0193,7.0
2024-10-16,Mobile App,1940,20,4.35,0.16,14922.0,7.7,242851.0,0.0405,6.1
2024-10-16,Music Production,1363,8,3.92,0.205,9019.0,6.6,124114.0,0.0489,3.4
2024-10-16,Photography,1972,4,4.16,0.122,16536.0,8.4,271572.0,0.0235,11.0
2024-10-16,SEO/SEM,2284,23,3.97,0.163,18606.0,8.1,311105.0,0.0424,18.3
2024-10-16,Social Media Management,3152,32,3.8,0.178,25239.0,8.0,388448.0,0.0451,20.3
2024-10-16,Translation,4166,39,3.95,0.2,32779.0,7.9,545137.0,0.0405,5.8
2024-10-16,Video Production,1705,15,4.27,0.104,11292.0,6.6,153138.0,0.0445,11.4
2024-10-16,Virtual Assistant,4239,29,3.79,0.172,29661.0,7.0,393507.0,0.0492,4.2
2024-10-16,Web Development,3754,12,4.35,0.202,29164.0,7.8,512012.0,0.0296,23.1
2024-10-17,AI/ML Development,1849,7,4.38,0.161,10863.0,5.9,144618.0,0.0485,5.9
2024-10-17,Content Writing,6712,33,4.03,0.15,45622.0,6.8,657812.0,0.0453,34.4
2024-10-17,Data Analysis,2950,10,4.33,0.118,19287.0,6.5,284791.0,0.0471,5.9
2024-10-17,Financial Modeling,1013,3,4.46,0.159,7559.0,7.5,94319.0,0.0414,7.5
2024-10-17,Graphic Design,4776,21,4.05,0.203,25352.0,5.3,366225.0,0.0341,6.3
2024-10-17,Legal Consulting,750,3,4.61,0.097,5642.0,7.5,68086.0,0.0397,8.1
2024-10-17,Mobile App,2181,14,4.14,0.114,13811.0,6.3,201966.0,0.0588,17.9
2024-10-17,Music Production,1206,12,3.96,0.182,7191.0,6.0,90847.0,0.0543,10.5
2024-10-17,Photography,1908,6,4.11,0.182,13282.0,7.0,234283.0,0.0437,3.8
2024-10-17,SEO/SEM,2125,19,4.0,0.133,14565.0,6.9,240924.0,0.0404,14.8
2024-10-17,Social Media Management,3619,18,3.93,0.086,18340.0,5.1,223847.0,0.0495,1.7
2024-10-17,Translation,-3,11,3.99,0.116,26199.0,6.3,358680.0,0.032,7.0
2024-10-17,Video Production,1484,3,4.22,0.142,8827.0,5.9,106807.0,0.0294,4.4
2024-10-17,Virtual Assistant,4823,26,3.79,0.236,24901.0,5.2,424248.0,0.0533,30.4
2024-10-17,Web Development,3365,11,4.26,0.189,23241.0,6.9,398349.0,0.0604,8.6
2024-10-18,AI/ML Development,2032,21,4.51,0.165,13591.0,6.7,216628.0,0.0442,10.8
2024-10-18,Content Writing,6535,37,4.0,0.196,43063.0,6.6,734555.0,0.0505,15.2
2024-10-18,Data Analysis,2825,55,4.25,0.162,17017.0,6.0,220166.0,0.0456,11.6
2024-10-18,Financial Modeling,1003,12,4.48,0.152,6629.0,6.6,113967.0,0.0321,17.6
2024-10-18,Graphic Design,4979,42,4.15,0.168,32356.0,6.5,495345.0,0.0509,17.6
2024-10-18,Legal Consulting,734,9,4.7,0.093,5791.0,7.9,71429.0,0.0488,1.9
2024-10-18,Mobile App,1972,14,4.26,0.163,10437.0,5.3,128874.0,0.047,6.1
2024-10-18,Music Production,1485,16,3.93,0.163,7176.0,4.8,98782.0,0.0462,17.6
2024-10-18,Photography,2095,20,4.13,0.216,13577.0,6.5,228527.0,0.0453,5.6
2024-10-18,SEO/SEM,2232,6,4.1,0.164,14047.0,6.3,251399.0,0.0448,7.4
2024-10-18,Social Media Management,3412,57,3.86,0.157,19604.0,5.7,322594.0,0.0586,10.8
2024-10-18,Translation,3969,29,3.9,0.125,21026.0,5.3,370114.0,0.0445,23.0
2024-10-18,Video Production,1591,4,4.3,0.174,11522.0,7.2,144769.0,0.0391,5.1
2024-10-18,Virtual Assistant,4749,42,3.93,0.16,28162.0,5.9,410742.0,0.0577,6.8
2024-10-18,Web Development,3214,7,4.34,0.128,23645.0,7.4,366550.0,0.0399,12.3
2024-10-19,AI/ML Development,1721,19,4.37,0.137,7381.0,4.3,102747.0,0.0486,1.7
2024-10-19,Content Writing,7224,125,3.97,0.16,27139.0,3.8,488499.0,0.0369,8.1
2024-10-19,Data Analysis,2944,10,4.36,0.193,11904.0,4.0,186218.0,0.0433,9.6
2024-10-19,Financial Modeling,1021,7,4.59,0.126,3971.0,3.9,50151.0,0.0378,6.1
2024-10-19,Graphic Design,5217,21,4.09,0.137,25513.0,4.9,436972.0,0.0475,8.3
2024-10-19,Legal Consulting,741,6,4.57,0.131,3054.0,4.1,41395.0,0.0497,10.2
2024-10-19,Mobile App,1977,12,4.16,0.194,9332.0,4.7,145519.0,0.0542,10.5
2024-10-19,Music Production,1338,32,3.92,0.146,5446.0,4.1,97351.0,0.0442,27.5
2024-10-19,Photography,1989,18,4.01,0.176,8308.0,4.2,121219.0,0.0466,8.0
2024-10-19,SEO/SEM,2380,12,4.0,0.13,10011.0,4.2,168371.0,0.0426,1.7
2024-10-19,Social Media Management,3154,18,3.8,0.117,11984.0,3.8,164569.0,0.0343,9.1
2024-10-19,Translation,4732,21,3.97,0.183,16265.0,3.4,244522.0,0.0577,11.5
2024-10-19,Video Production,1419,5,4.23,0.165,5418.0,3.8,69902.0,0.0557,25.2
2024-10-19,Virtual Assistant,4630,23,3.81,0.229,21758.0,4.7,327269.0,0.0438,5.3
2024-10-19,Web Development,3970,18,4.38,0.113,19513.0,4.9,290376.0,0.0493,12.0
2024-10-20,AI/ML Development,1808,9,4.43,0.13,8842.0,4.9,142058.0,0.035,4.1
2024-10-20,Content Writing,6405,76,4.06,0.188,29468.0,4.6,508169.0,0.0391,7.2
2024-10-20,Data Analysis,3223,35,4.36,0.158,13675.0,4.2,214797.0,0.0563,26.5
2024-10-20,Financial Modeling,852,6,4.46,0.179,3418.0,4.0,49641.0,0.0464,18.9
2024-10-20,Graphic Design,5720,37,4.08,0.186,25851.0,4.5,428175.0,0.0484,5.9
2024-10-20,Legal Consulting,681,2,4.64,0.168,2701.0,4.0,47636.0,0.036,6.4
2024-10-20,Mobile App,1872,6,4.22,0.159,8665.0,4.6,155630.0,0.0502,13.1
2024-10-20,Music Production,1377,10,3.83,0.105,5132.0,3.7,70064.0,0.0413,6.7
2024-10-20,Photography,1907,22,4.11,0.145,8406.0,4.4,147274.0,0.0609,7.3
2024-10-20,SEO/SEM,2591,10,4.07,0.173,10071.0,3.9,127248.0,0.0386,13.0
2024-10-20,Social Media Management,3219,15,3.76,0.126,13193.0,4.1,192012.0,0.0381,41.8
2024-10-20,Translation,4367,43,3.97,0.13,15535.0,3.6,252688.0,0.0361,13.5
2024-10-20,Video Production,1570,15,4.11,0.127,5462.0,3.5,76166.0,0.0471,5.8
2024-10-20,Virtual Assistant,5203,58,3.73,0.171,19011.0,3.7,300763.0,0.0368,9.1
2024-10-20,Web Development,3442,27,4.36,0.1,12058.0,3.5,176782.0,0.05,9.7
2024-10-21,AI/ML Development,2099,15,4.43,0.133,16668.0,7.9,232828.0,0.0435,9.5
2024-10-21,Content Writing,8009,54,3.99,0.151,55532.0,6.9,729131.0,0.037,11.3
2024-10-21,Data Analysis,2619,50,4.31,0.173,21259.0,8.1,294379.0,0.0488,3.6
2024-10-21,Financial Modeling,898,8,4.48,0.114,6898.0,7.7,112458.0,0.0442,28.2
2024-10-21,Graphic Design,5956,48,4.22,0.187,45984.0,7.7,593351.0,0.0594,6.5
2024-10-21,Legal Consulting,686,1,4.66,0.195,5895.0,8.6,76069.0,0.0431,10.5
2024-10-21,Mobile App,2154,19,4.36,0.144,17108.0,7.9,303969.0,0.0406,6.5
2024-10-21,Music Production,1259,8,3.89,0.131,10366.0,8.2,161069.0,0.0431,4.8
2024-10-21,Photography,2000,10,4.13,0.138,17033.0,8.5,274791.0,0.0543,11.7
2024-10-21,SEO/SEM,2138,19,3.99,0.13,14555.0,6.8,206090.0,0.0421,7.1
2024-10-21,Social Media Management,3100,23,3.94,0.122,19243.0,6.2,306200.0,0.0494,5.8
2024-10-21,Translation,4597,37,3.98,0.15,30966.0,6.7,453585.0,0.0489,5.6
2024-10-21,Video Production,1605,7,4.22,0.108,10448.0,6.5,170281.0,0.0467,23.0
2024-10-21,Virtual Assistant,4727,28,3.82,0.155,35000.0,7.4,501448.0,0.0445,13.4
2024-10-21,Web Development,3974,9,4.34,0.174,27710.0,7.0,415100.0,0.042,5.3
2024-10-22,AI/ML Development,1834,12,4.37,0.147,16742.0,9.1,278839.0,0.037,0.8
2024-10-22,Content Writing,7501,67,4.02,0.123,51952.0,6.9,924661.0,0.0391,2.1
2024-10-22,Data Analysis,2939,11,4.39,0.153,24995.0,8.5,382100.0,0.0416,15.6
2024-10-22,Financial Modeling,1059,10,4.6,0.11,10071.0,9.5,136742.0,0.0304,4.7
2024-10-22,Graphic Design,5414,68,4.14,0.139,41980.0,7.8,709550.0,0.0501,10.1
2024-10-22,Legal Consulting,703,4,4.58,0.083,5081.0,7.2,61859.0,0.0614,9.5
2024-10-22,Mobile App,1930,12,4.24,0.152,14484.0,7.5,223693.0,0.0507,7.7
2024-10-22,Music Production,1341,21,3.91,0.144,8335.0,6.2,145811.0,0.0398,26.9
2024-10-22,Photography,2130,16,4.12,0.147,17911.0,8.4,221018.0,0.0532,13.4
2024-10-22,SEO/SEM,2117,10,4.02,0.181,17050.0,8.1,206611.0,0.0513,4.5
2024-10-22,Social Media Management,3712,45,3.74,0.176,21481.0,5.8,328049.0,0.0549,10.8
2024-10-22,Translation,3992,70,3.92,0.152,26546.0,6.6,412695.0,0.0509,9.7
2024-10-22,Video Production,1498,13,4.23,0.148,11113.0,7.4,177422.0,0.0485,2.7
2024-10-22,Virtual Assistant,4750,13,3.83,0.159,33744.0,7.1,465259.0,0.0482,1.6
2024-10-22,Web Development,3191,20,4.29,0.179,24360.0,7.6,311526.0,0.0485,5.3
2024-10-23,AI/ML Development,1896,14,4.45,0.185,13401.0,7.1,221203.0,0.0393,21.5
2024-10-23,Content Writing,7691,21,4.04,0.154,58807.0,7.6,795048.0,0.0511,4.0
2024-10-23,Data Analysis,2609,10,4.25,0.158,16452.0,6.3,249067.0,0.0418,4.3
2024-10-23,Financial Modeling,860,3,4.45,0.197,6948.0,8.1,107661.0,0.0468,10.5
2024-10-23,Graphic Design,4788,28,4.12,0.187,36278.0,7.6,629355.0,0.049,3.3
2024-10-23,Legal Consulting,701,4,4.7,0.123,6965.0,9.9,112499.0,0.0475,10.7
2024-10-23,Mobile App,2081,27,4.35,0.137,13199.0,6.3,180076.0,0.0495,33.4
2024-10-23,Music Production,1450,12,3.91,0.16,10324.0,7.1,139590.0,0.0327,11.0
2024-10-23,Photography,1788,10,4.18,0.167,15411.0,8.6,249615.0,0.0344,5.4
2024-10-23,SEO/SEM,2297,23,4.15,0.193,16195.0,7.1,275068.0,0.0512,18.8
2024-10-23,Social Media Management,3530,17,3.92,0.106,24761.0,7.0,401895.0,0.0401,2.3
2024-10-23,Translation,4109,34,3.89,0.162,29060.0,7.1,498886.0,0.0501,8.8
2024-10-23,Video Production,1553,17,4.26,0.142,12045.0,7.8,145076.0,0.0387,3.0
2024-10-23,Virtual Assistant,4952,24,3.74,0.203,28612.0,5.8,458954.0,0.0472,4.8
2024-10-23,Web Development,3558,15,4.31,0.126,32273.0,9.1,429220.0,0.0506,27.5
2024-10-24,AI/ML Development,1769,7,4.4,0.187,11738.0,6.6,179204.0,0.0358,7.6
2024-10-24,Content Writing,6530,61,4.04,0.175,36110.0,5.5,577308.0,0.0539,18.9
2024-10-24,Data Analysis,3083,35,4.23,0.193,22313.0,7.2,357108.0,0.0408,43.7
2024-10-24,Financial Modeling,894,10,4.52,0.123,5293.0,5.9,72701.0,0.0582,9.9
2024-10-24,Graphic Design,5631,24,4.05,0.156,31783.0,5.6,394113.0,0.0359,4.7
2024-10-24,Legal Consulting,619,1,4.57,0.185,4574.0,7.4,65854.0,0.0272,10.7
2024-10-24,Mobile App,2014,9,4.21,0.171,14879.0,7.4,231346.0,0.0518,2.2
2024-10-24,Music Production,1431,12,3.91,0.139,7688.0,5.4,118852.0,0.0563,5.2
2024-10-24,Photography,1973,15,4.11,0.13,,7.0,243487.0,0.0576,21.6
2024-10-24,SEO/SEM,2220,13,4.09,0.132,15295.0,6.9,218932.0,0.0642,8.5
2024-10-24,Social Media Management,3707,34,3.84,0.165,18601.0,5.0,333325.0,0.0434,36.7
2024-10-24,Translation,4604,21,3.83,0.146,28547.0,6.2,388316.0,0.0359,5.1
2024-10-24,Video Production,1590,8,4.18,0.207,9298.0,5.8,131902.0,0.0329,5.4
2024-10-24,Virtual Assistant,4588,57,3.82,0.162,23048.0,5.0,301010.0,0.0471,18.6
2024-10-24,Web Development,3198,47,4.33,0.089,21552.0,6.7,361492.0,0.0374,6.6
2024-10-25,AI/ML Development,1716,9,4.42,0.202,11610.0,6.8,148341.0,0.0463,10.8
2024-10-25,Content Writing,7781,92,4.19,0.167,55538.0,7.1,913979.0,0.0554,10.0
2024-10-25,Data Analysis,2964,12,4.39,0.105,17718.0,6.0,264018.0,0.0474,21.7
2024-10-25,Financial Modeling,1041,2,4.51,0.173,6395.0,6.1,88922.0,0.0429,12.7
2024-10-25,Graphic Design,4801,32,4.07,0.151,28680.0,6.0,460051.0,0.0459,23.4
2024-10-25,Legal Consulting,649,3,4.59,0.15,4630.0,7.1,60084.0,0.0409,24.8
2024-10-25,Mobile App,2269,7,4.3,0.133,16758.0,7.4,240499.0,0.0485,7.7
2024-10-25,Music Production,1252,9,3.97,0.202,7835.0,6.3,123744.0,0.0416,18.4
2024-10-25,Photography,2176,37,4.22,0.111,14444.0,6.6,200572.0,0.0524,14.2
2024-10-25,SEO/SEM,2318,14,4.01,0.132,12540.0,5.4,216941.0,0.0396,15.8
2024-10-25,Social Media Management,2957,21,3.76,0.137,17137.0,5.8,300273.0,0.0455,10.5
2024-10-25,Translation,4193,29,3.94,0.142,21057.0,5.0,361319.0,0.0393,55.8
2024-10-25,Video Production,1437,15,4.16,0.136,8753.0,6.1,151008.0,0.0489,2.8
2024-10-25,Virtual Assistant,4202,28,3.84,0.169,19136.0,4.6,250299.0,0.0375,10.1
2024-10-25,Web Development,3479,26,4.33,0.125,25568.0,7.3,369125.0,0.056,10.5
2024-10-26,AI/ML Development,1708,38,4.45,0.209,8426.0,4.9,134896.0,0.0434,19.9
2024-10-26,Content Writing,7186,56,4.01,0.111,31953.0,4.4,402716.0,0.045,10.2
2024-10-26,Data Analysis,2781,3,4.29,0.147,10084.0,3.6,152880.0,0.0551,4.5
2024-10-26,Financial Modeling,970,8,4.48,0.172,4467.0,4.6,55637.0,0.0393,4.2
2024-10-26,Graphic Design,5774,34,4.11,0.155,20430.0,3.5,296407.0,0.0463,2.7
2024-10-26,Legal Consulting,608,3,4.67,0.166,3058.0,5.0,40024.0,0.0603,14.7
2024-10-26,Mobile App,1924,4,4.12,0.148,8678.0,4.5,147101.0,0.0398,9.9
2024-10-26,Music Production,1236,8,3.96,0.182,5299.0,4.3,90118.0,0.0547,3.5
2024-10-26,Photography,2122,33,4.16,0.095,8074.0,3.8,110664.0,0.045,2.8
2024-10-26,SEO/SEM,2463,15,4.07,0.117,8760.0,3.6,143946.0,0.0582,8.5
2024-10-26,Social Media Management,3144,41,3.89,0.14,14244.0,4.5,239760.0,0.0368,4.5
2024-10-26,Translation,-4,20,4.03,0.117,19390.0,4.4,235282.0,0.0515,6.7
2024-10-26,Video Production,1663,9,4.24,0.136,6639.0,4.0,103681.0,0.0356,10.3
2024-10-26,Virtual Assistant,4916,34,3.8,0.133,20994.0,4.3,356527.0,0.0423,4.4
2024-10-26,Web Development,3489,40,4.21,0.129,14075.0,4.0,235663.0,0.0634,7.2
2024-10-27,AI/ML Development,1946,10,4.41,0.182,8222.0,4.2,102687.0,0.04,3.1
2024-10-27,Content Writing,6498,31,4.07,0.187,23919.0,3.7,297248.0,0.0471,3.2
2024-10-27,Data Analysis,2818,28,4.36,0.177,13521.0,4.8,205819.0,0.0447,4.3
2024-10-27,Financial Modeling,975,7,4.63,0.129,3685.0,3.8,50156.0,0.0488,15.1
2024-10-27,Graphic Design,5758,17,4.04,0.125,26169.0,4.5,463613.0,0.0444,4.0
2024-10-27,Legal Consulting,730,6,4.6,0.101,3854.0,5.3,65902.0,0.0458,8.5
2024-10-27,Mobile App,2154,8,4.24,0.178,7688.0,3.6,96268.0,0.0365,3.8
2024-10-27,Music Production,1466,17,4.02,0.144,5950.0,4.1,97586.0,0.0424,8.3
2024-10-27,Photography,2236,10,4.09,0.149,7725.0,3.5,136258.0,0.0408,6.2
2024-10-27,SEO/SEM,2068,10,4.06,0.156,7274.0,3.5,110106.0,0.033,9.5
2024-10-27,Social Media Management,3506,17,3.84,0.212,10843.0,3.1,181758.0,0.058,7.4
2024-10-27,Translation,4754,25,3.87,0.125,21015.0,4.4,328778.0,0.0384,14.1
2024-10-27,Video Production,1704,9,4.21,0.19,8185.0,4.8,102108.0,0.0469,5.4
2024-10-27,Virtual Assistant,4844,46,3.79,0.136,19588.0,4.0,278090.0,0.0566,21.4
2024-10-27,Web Development,3564,50,4.36,0.14,13975.0,3.9,239410.0,0.0333,7.3
2024-10-28,AI/ML Development,2055,12,4.5,0.17,18052.0,8.8,269213.0,0.0266,8.1
2024-10-28,Content Writing,7719,35,3.97,0.152,62595.0,8.1,987190.0,0.0583,34.8
2024-10-28,Data Analysis,2856,13,4.21,0.11,19520.0,6.8,312055.0,0.031,8.6
2024-10-28,Financial Modeling,888,3,4.56,0.12,7103.0,8.0,87992.0,0.0393,11.0
2024-10-28,Graphic Design,5696,29,3.99,0.119,33770.0,5.9,603458.0,0.0409,11.3
2024-10-28,Legal Consulting,739,4,4.64,0.157,5346.0,7.2,75573.0,0.0468,14.4
2024-10-28,Mobile App,2358,17,4.3,0.13,18493.0,7.8,249065.0,0.0451,3.1
2024-10-28,Music Production,1321,3,3.92,0.132,7418.0,5.6,108146.0,0.0542,7.0
2024-10-28,Photography,1924,9,4.23,0.169,17176.0,8.9,276018.0,0.0296,11.0
2024-10-28,SEO/SEM,2370,8,4.0,0.172,19796.0,8.4,352044.0,0.0393,16.4
2024-10-28,Social Media Management,3151,21,3.78,0.133,24350.0,7.7,389257.0,0.053,18.3
2024-10-28,Translation,3930,25,3.88,0.152,25238.0,6.4,441521.0,0.0563,14.1
2024-10-28,Video Production,1485,4,4.34,0.143,11332.0,7.6,153076.0,0.0594,2.1
2024-10-28,Virtual Assistant,4334,50,3.75,0.194,27739.0,6.4,367061.0,0.0289,7.5
2024-10-28,Web Development,3350,40,4.46,0.189,28568.0,8.5,343726.0,0.0447,7.0
2024-10-29,AI/ML Development,1952,43,4.47,0.154,14768.0,7.6,223067.0,0.0462,3.9
2024-10-29,Content Writing,6838,16,4.05,0.169,47805.0,7.0,582613.0,0.0526,3.0
2024-10-29,Data Analysis,3030,30,4.37,0.143,22295.0,7.4,356567.0,0.0312,3.5
2024-10-29,Financial Modeling,1047,5,4.55,0.172,9648.0,9.2,160991.0,0.0392,9.3
2024-10-29,Graphic Design,5991,23,4.23,0.152,40937.0,6.8,718683.0,0.0489,5.0
2024-10-29,Legal Consulting,711,5,4.53,0.146,5466.0,7.7,69914.0,0.0295,7.6
2024-10-29,Mobile App,2277,20,4.23,0.115,19419.0,8.5,240943.0,0.0376,2.7
2024-10-29,Music Production,1268,14,3.92,0.13,9293.0,7.3,152314.0,0.0409,1.5
2024-10-29,Photography,1822,11,4.18,0.184,13097.0,7.2,197459.0,0.0519,9.3
2024-10-29,SEO/SEM,2576,15,3.98,0.149,14778.0,5.7,180860.0,0.046,12.4
2024-10-29,Social Media Management,3394,26,3.92,0.133,26534.0,7.8,432333.0,0.0478,6.2
2024-10-29,Translation,4029,9,3.89,0.113,28412.0,7.1,460333.0,0.0423,17.0
2024-10-29,Video Production,1578,12,4.28,0.169,14380.0,9.1,237987.0,0.0427,3.8
2024-10-29,Virtual Assistant,5267,72,3.78,0.16,33619.0,6.4,470330.0,0.0446,2.5
2024-10-29,Web Development,3509,14,4.33,0.131,25377.0,7.2,352063.0,0.0588,5.5
2024-10-30,AI/ML Development,1839,8,4.47,0.135,16377.0,8.9,238991.0,0.0517,8.9
2024-10-30,Content Writing,6506,30,4.04,0.167,52230.0,8.0,711578.0,0.0321,5.9
2024-10-30,Data Analysis,2665,21,4.35,0.15,19119.0,7.2,291070.0,0.0459,2.6
2024-10-30,Financial Modeling,838,3,4.64,0.169,7630.0,9.1,104964.0,0.0336,18.5
2024-10-30,Graphic Design,5694,41,4.07,0.15,36558.0,6.4,488766.0,0.0449,9.2
2024-10-30,Legal Consulting,605,3,4.67,0.095,4402.0,7.3,68935.0,0.0426,18.1
2024-10-30,Mobile App,2014,11,4.29,0.136,13435.0,6.7,208509.0,0.0512,9.4
2024-10-30,Music Production,1322,8,3.88,0.148,8982.0,6.8,113230.0,0.0404,10.1
2024-10-30,Photography,2220,12,4.28,0.145,18453.0,8.3,262227.0,0.0426,5.5
2024-10-30,SEO/SEM,2070,11,4.09,0.132,15716.0,7.6,266851.0,0.0417,4.8
2024-10-30,Social Media Management,3147,29,3.82,0.092,24516.0,7.8,306440.0,0.0546,3.2
2024-10-30,Translation,4540,35,3.91,0.227,29298.0,6.5,396165.0,0.0296,12.5
2024-10-30,Video Production,1506,3,4.23,0.174,10931.0,7.3,189693.0,0.0492,9.7
2024-10-30,Virtual Assistant,4520,46,3.83,0.192,29158.0,6.5,433200.0,0.0509,7.2
2024-10-30,Web Development,3519,14,4.38,0.157,21921.0,6.2,373326.0,0.0421,4.4
2024-10-31,AI/ML Development,2093,34,4.33,0.174,14469.0,6.9,239819.0,0.05,11.0
2024-10-31,Content Writing,6599,54,3.97,0.169,38086.0,5.8,462395.0,0.046,5.4
2024-10-31,Data Analysis,2732,11,4.36,0.168,18623.0,6.8,224163.0,0.0609,5.5
2024-10-31,Financial Modeling,843,7,4.49,0.144,4885.0,5.8,65115.0,0.0526,23.2
2024-10-31,Graphic Design,5996,31,4.12,0.087,31864.0,5.3,470872.0,0.0492,47.6
2024-10-31,Legal Consulting,659,3,4.77,0.161,4469.0,6.8,65009.0,0.0495,21.0
2024-10-31,Mobile App,2063,13,4.14,0.192,14307.0,6.9,220826.0,0.0399,9.4
2024-10-31,Music Production,1206,10,3.84,0.168,8216.0,6.8,144078.0,0.0434,6.7
2024-10-31,Photography,2227,23,4.1,0.182,13082.0,5.9,199993.0,0.052,3.2
2024-10-31,SEO/SEM,2424,6,4.07,0.14,12115.0,5.0,193798.0,0.0486,26.3
2024-10-31,Social Media Management,3630,21,3.81,0.126,22440.0,6.2,325923.0,0.0484,1.7
2024-10-31,Translation,3859,23,3.86,0.097,20365.0,5.3,264736.0,0.0388,7.2
2024-10-31,Video Production,1524,20,4.27,0.128,9960.0,6.5,177766.0,0.0566,15.9
2024-10-31,Virtual Assistant,4852,40,3.81,0.126,25028.0,5.2,321287.0,0.0517,19.1
2024-10-31,Web Development,3825,21,4.32,0.203,21732.0,5.7,322533.0,0.0403,10.8
2024-11-01,AI/ML Development,1704,3,4.4,0.167,9837.0,5.8,174216.0,0.0419,6.3
2024-11-01,Content Writing,6548,56,3.97,0.176,38198.0,5.8,662795.0,0.0419,6.0
2024-11-01,Data Analysis,2943,19,4.43,0.188,19650.0,6.7,,0.0462,8.7
2024-11-01,Financial Modeling,974,11,4.62,0.164,5748.0,5.9,74344.0,0.0263,10.8
2024-11-01,Graphic Design,5489,36,4.11,0.138,36686.0,6.7,535863.0,0.0406,28.2
2024-11-01,Legal Consulting,676,7,4.6,0.173,4656.0,6.9,55902.0,0.0396,2.1
2024-11-01,Mobile App,2104,8,4.21,0.154,12752.0,6.1,189980.0,0.0421,5.5
2024-11-01,Music Production,1463,23,3.9,0.168,9833.0,6.7,143345.0,0.0394,4.5
2024-11-01,Photography,2108,5,4.17,0.128,12871.0,6.1,158201.0,0.0474,2.0
2024-11-01,SEO/SEM,2214,28,4.03,0.144,12349.0,5.6,149220.0,0.0365,13.5
2024-11-01,Social Media Management,3666,42,3.8,0.136,24375.0,6.6,324124.0,0.0465,3.5
2024-11-01,Translation,4170,26,3.86,0.152,26411.0,6.3,335831.0,0.0557,2.0
2024-11-01,Video Production,1441,12,4.26,0.175,10128.0,7.0,167072.0,0.0403,2.4
2024-11-01,Virtual Assistant,4267,18,3.84,0.211,26712.0,6.3,386352.0,0.0446,11.2
2024-11-01,Web Development,3706,73,4.3,0.13,27530.0,7.4,486368.0,0.0614,2.1
2024-11-02,AI/ML Development,1933,6,4.35,0.154,9540.0,4.9,141248.0,0.0459,11.3
2024-11-02,Content Writing,7690,30,3.89,0.17,30440.0,4.0,373166.0,0.0566,5.1
2024-11-02,Data Analysis,2915,15,4.42,0.214,12426.0,4.3,183228.0,0.0438,10.5
2024-11-02,Financial Modeling,972,5,4.52,0.127,5099.0,5.2,67972.0,0.0447,27.7
2024-11-02,Graphic Design,5344,27,4.21,0.152,27822.0,5.2,342131.0,0.0474,8.6
2024-11-02,Legal Consulting,696,3,4.59,0.216,2858.0,4.1,42618.0,0.0516,19.5
2024-11-02,Mobile App,2098,20,4.23,0.099,9097.0,4.3,110999.0,0.0522,4.0
2024-11-02,Music Production,1319,15,3.86,0.087,5294.0,4.0,83454.0,0.032,12.9
2024-11-02,Photography,2250,12,4.16,0.134,9134.0,4.1,143675.0,0.0498,13.3
2024-11-02,SEO/SEM,2414,11,4.01,0.186,8211.0,3.4,146459.0,0.0496,11.3
2024-11-02,Social Media Management,3445,26,3.81,0.166,14757.0,4.3,230351.0,0.0414,12.7
2024-11-02,Translation,4573,48,3.96,0.217,16442.0,3.6,237928.0,0.0333,4.3
2024-11-02,Video Production,1383,4,4.21,0.096,6231.0,4.5,83367.0,0.0457,6.4
2024-11-02,Virtual Assistant,4175,32,3.89,0.149,17347.0,4.2,295442.0,0.051,15.8
2024-11-02,Web Development,3790,76,4.39,0.172,19786.0,5.2,343368.0,0.0444,6.9
2024-11-03,AI/ML Development,1814,9,4.36,0.188,7857.0,4.3,124223.0,0.0591,10.0
2024-11-03,Content Writing,6568,54,3.98,0.165,22872.0,3.5,338230.0,0.0432,8.4
2024-11-03,Data Analysis,3141,29,4.34,0.131,14850.0,4.7,218089.0,0.0423,15.7
2024-11-03,Financial Modeling,998,4,4.53,0.201,3808.0,3.8,54938.0,0.0405,6.6
2024-11-03,Graphic Design,4870,33,4.24,0.145,19354.0,4.0,253037.0,0.0529,21.9
2024-11-03,Legal Consulting,646,1,4.66,0.149,2408.0,3.7,33848.0,0.0386,5.3
2024-11-03,Mobile App,2117,12,4.27,0.14,7650.0,3.6,115577.0,0.0464,12.7
2024-11-03,Music Production,1390,14,3.95,0.14,5909.0,4.3,88245.0,0.0567,7.9
2024-11-03,Photography,1986,5,4.17,0.178,7764.0,3.9,136485.0,0.0432,4.8
2024-11-03,SEO/SEM,2248,13,4.01,0.114,9200.0,4.1,125746.0,0.0462,5.5
2024-11-03,Social Media Management,3685,13,3.84,0.168,14425.0,3.9,236002.0,0.0563,17.2
2024-11-03,Translation,4514,22,3.86,0.194,14831.0,3.3,237800.0,0.035,5.7
2024-11-03,Video Production,1592,14,4.14,0.187,6703.0,4.2,116724.0,0.0478,5.5
2024-11-03,Virtual Assistant,4894,55,3.76,0.15,15154.0,3.1,196474.0,0.0379,2.2
2024-11-03,Web Development,3983,16,4.39,0.138,18827.0,4.7,331717.0,0.043,4.2
2024-11-04,AI/ML Development,1776,7,4.41,0.148,13555.0,7.6,190110.0,0.0415,7.5
2024-11-04,Content Writing,6732,66,4.01,0.103,42460.0,6.3,587628.0,1.4931,21.1
2024-11-04,Data Analysis,2619,55,4.32,0.149,16656.0,6.4,252122.0,0.0528,4.2
2024-11-04,Financial Modeling,880,13,4.47,0.166,8073.0,9.2,138687.0,0.0548,5.9
2024-11-04,Graphic Design,5656,36,4.17,0.199,46713.0,8.3,814621.0,0.0396,2.3
2024-11-04,Legal Consulting,621,2,4.6,0.109,4660.0,7.5,67606.0,0.0443,17.9
2024-11-04,Mobile App,2201,13,4.23,0.125,16893.0,7.7,202798.0,0.0497,9.3
2024-11-04,Music Production,1461,19,4.02,0.176,12177.0,8.3,191761.0,0.0539,12.4
2024-11-04,Photography,1897,11,4.09,0.163,12370.0,6.5,165398.0,0.0457,6.3
2024-11-04,SEO/SEM,2278,9,4.07,0.179,14185.0,6.2,253162.0,0.0399,12.4
2024-11-04,Social Media Management,3561,25,3.78,0.12,23229.0,6.5,300488.0,0.0407,10.9
2024-11-04,Translation,4609,38,3.87,0.119,25672.0,5.6,339094.0,0.0458,9.5
2024-11-04,Video Production,1382,8,4.27,0.119,9713.0,7.0,121463.0,0.0364,5.4
2024-11-04,Virtual Assistant,4819,65,3.78,0.166,33652.0,7.0,526042.0,0.0386,8.9
2024-11-04,Web Development,3447,14,4.29,0.112,22082.0,6.4,348669.0,0.0525,2.9
2024-11-05,AI/ML Development,1970,26,4.5,0.128,14535.0,7.4,223779.0,0.0497,11.6
2024-11-05,Content Writing,7939,95,3.97,0.115,53801.0,6.8,961742.0,0.0428,11.8
2024-11-05,Data Analysis,2728,16,4.25,0.132,20239.0,7.4,309064.0,0.0347,20.0
2024-11-05,Financial Modeling,936,8,4.54,0.122,8245.0,8.8,124195.0,0.0496,6.5
2024-11-05,Graphic Design,5503,132,4.07,0.118,39808.0,7.2,651648.0,0.0506,17.7
2024-11-05,Legal Consulting,620,4,4.7,0.141,6033.0,9.7,87091.0,0.0415,6.1
2024-11-05,Mobile App,1948,17,4.2,0.133,11984.0,6.2,163747.0,0.0486,2.0
2024-11-05,Music Production,1231,9,3.94,0.17,7670.0,6.2,95054.0,0.0499,30.7
2024-11-05,Photography,2156,11,4.28,0.17,18588.0,8.6,334384.0,0.0352,10.5
2024-11-05,SEO/SEM,2342,7,4.02,0.21,19760.0,8.4,296267.0,0.0394,6.2
2024-11-05,Social Media Management,3399,8,3.91,0.152,27836.0,8.2,434164.0,0.0507,14.5
2024-11-05,Translation,3870,15,3.9,0.094,21549.0,5.6,349151.0,0.0521,1.5
2024-11-05,Video Production,1557,13,4.34,0.178,10399.0,6.7,184029.0,0.0477,7.2
2024-11-05,Virtual Assistant,4781,20,3.98,0.149,29088.0,6.1,492562.0,0.0436,18.1
2024-11-05,Web Development,3419,50,4.4,0.208,25964.0,7.6,346405.0,0.0588,4.7
2024-11-06,AI/ML Development,1961,13,4.51,0.155,17945.0,9.2,249880.0,0.0385,20.1
2024-11-06,Content Writing,7286,55,3.94,0.101,56553.0,7.8,703477.0,0.0416,6.0
2024-11-06,Data Analysis,2981,16,4.28,0.181,22835.0,7.7,393533.0,0.0598,6.8
2024-11-06,Financial Modeling,952,6,4.5,0.071,6440.0,6.8,84842.0,0.0499,8.7
2024-11-06,Graphic Design,5549,56,3.99,0.171,46479.0,8.4,703228.0,0.0421,8.6
2024-11-06,Legal Consulting,670,5,4.74,0.201,5234.0,7.8,85321.0,0.049,8.0
2024-11-06,Mobile App,2135,33,4.32,0.162,13285.0,6.2,238299.0,0.0351,5.0
2024-11-06,Music Production,1186,11,3.83,0.144,8159.0,6.9,145789.0,0.0362,11.8
2024-11-06,Photography,1878,16,4.13,0.053,16242.0,8.6,268457.0,0.0467,8.6
2024-11-06,SEO/SEM,2301,9,4.02,0.158,14842.0,6.5,209610.0,0.0483,8.1
2024-11-06,Social Media Management,3161,17,3.89,0.175,19743.0,6.2,283608.0,0.0465,11.6
2024-11-06,Translation,4104,12,3.97,0.098,34281.0,8.4,488506.0,0.0558,10.1
2024-11-06,Video Production,1610,5,4.09,0.191,13909.0,8.6,247707.0,0.0509,12.1
2024-11-06,Virtual Assistant,4229,30,3.76,0.191,30144.0,7.1,470441.0,0.0525,2.2
2024-11-06,Web Development,3415,14,4.27,0.107,22404.0,6.6,350952.0,0.0443,6.2
2024-11-07,AI/ML Development,1893,19,4.45,0.153,10773.0,5.7,193801.0,0.0488,7.4
2024-11-07,Content Writing,7633,51,4.01,0.171,37472.0,4.9,473168.0,0.0521,4.6
2024-11-07,Data Analysis,3099,13,4.45,0.096,17182.0,5.5,295082.0,0.0454,2.1
2024-11-07,Financial Modeling,972,11,4.42,0.18,6268.0,6.4,78605.0,0.0536,7.9
2024-11-07,Graphic Design,5095,41,4.09,0.12,36972.0,7.3,563780.0,0.0475,6.1
2024-11-07,Legal Consulting,635,4,4.6,0.095,4996.0,7.9,60857.0,0.0477,3.6
2024-11-07,Mobile App,2357,12,4.21,0.121,15925.0,6.8,191278.0,0.0548,3.7
2024-11-07,Music Production,1421,7,3.91,0.109,9767.0,6.9,159169.0,0.0408,12.4
2024-11-07,Photography,1988,15,4.14,0.134,13018.0,6.5,218328.0,0.0347,10.7
2024-11-07,SEO/SEM,2381,18,4.01,0.153,15475.0,6.5,187248.0,0.0512,4.5
2024-11-07,Social Media Management,3663,19,3.79,0.152,22873.0,6.2,306687.0,0.044,2.5
2024-11-07,Translation,4610,10,3.92,0.133,28726.0,6.2,464994.0,0.0278,10.0
2024-11-07,Video Production,1554,13,4.26,0.131,10894.0,7.0,166916.0,0.045,11.1
2024-11-07,Virtual Assistant,4479,10,3.87,0.155,28954.0,6.5,357994.0,0.0467,17.1
2024-11-07,Web Development,3189,27,4.31,0.135,17163.0,5.4,221738.0,0.0323,7.4
2024-11-08,AI/ML Development,1895,29,4.42,0.143,10576.0,5.6,150894.0,0.0562,4.2
2024-11-08,Content Writing,6592,43,4.0,0.189,44282.0,6.7,745980.0,0.0349,8.2
2024-11-08,Data Analysis,2707,7,4.25,0.173,19070.0,7.0,276899.0,0.0545,6.5
2024-11-08,Financial Modeling,1001,9,4.56,0.141,5957.0,6.0,85814.0,0.0464,0.7
2024-11-08,Graphic Design,5950,43,4.18,0.153,39985.0,6.7,715461.0,0.0375,9.2
2024-11-08,Legal Consulting,671,3,4.59,0.148,4076.0,6.1,62263.0,0.0401,2.7
2024-11-08,Mobile App,1914,14,4.26,0.152,14215.0,7.4,244183.0,0.0521,10.4
2024-11-08,Music Production,1254,11,3.82,0.172,6105.0,4.9,92327.0,0.0288,31.6
2024-11-08,Photography,2210,17,4.14,0.177,14095.0,6.4,225171.0,0.0671,2.6
2024-11-08,SEO/SEM,2364,20,4.03,0.144,13429.0,5.7,176678.0,0.0386,10.9
2024-11-08,Social Media Management,3297,18,3.78,0.153,15961.0,4.8,269194.0,0.0332,9.3
2024-11-08,Translation,4702,24,3.99,0.172,26257.0,5.6,345639.0,0.0607,3.1
2024-11-08,Video Production,1404,8,4.15,0.165,8533.0,6.1,111147.0,0.044,6.8
2024-11-08,Virtual Assistant,5212,72,3.76,0.151,30590.0,5.9,495607.0,0.0435,14.6
2024-11-08,Web Development,3570,49,4.39,0.185,26574.0,7.4,327680.0,0.0285,4.3
2024-11-09,AI/ML Development,2028,6,4.45,0.085,8289.0,4.1,109330.0,0.0489,6.6
2024-11-09,Content Writing,6536,36,4.04,0.113,26332.0,4.0,472097.0,0.041,31.5
2024-11-09,Data Analysis,3223,29,4.37,0.156,12052.0,3.7,156024.0,0.0356,11.7
2024-11-09,Financial Modeling,1037,5,4.55,0.191,5830.0,5.6,70375.0,0.037,4.9
2024-11-09,Graphic Design,5702,41,4.21,0.133,23554.0,4.1,357092.0,0.0449,10.1
2024-11-09,Legal Consulting,659,2,4.67,0.157,3242.0,4.9,41617.0,0.0263,3.0
2024-11-09,Mobile App,1924,19,4.26,0.204,8399.0,4.4,142284.0,0.0382,8.1
2024-11-09,Music Production,1359,12,3.93,0.125,5462.0,4.0,76318.0,0.0485,16.8
2024-11-09,Photography,1843,15,4.06,0.117,7906.0,4.3,103285.0,0.0289,4.4
2024-11-09,SEO/SEM,2279,10,4.02,0.147,9672.0,4.2,127764.0,0.0474,22.7
2024-11-09,Social Media Management,3572,44,3.82,0.166,11510.0,3.2,185171.0,0.0358,3.3
2024-11-09,Translation,4037,28,4.02,0.138,16617.0,4.1,218535.0,0.0434,14.6
2024-11-09,Video Production,1472,19,4.21,0.172,6525.0,4.4,92519.0,0.0526,3.8
2024-11-09,Virtual Assistant,4750,35,3.81,0.146,17018.0,3.6,238001.0,0.0467,27.6
2024-11-09,Web Development,3490,59,4.29,0.132,18388.0,5.3,295276.0,0.0494,9.7
2024-11-10,AI/ML Development,2026,14,4.45,0.176,10218.0,5.0,171089.0,0.0445,5.9
2024-11-10,Content Writing,7263,63,4.12,0.124,25404.0,3.5,426288.0,0.0433,7.8
2024-11-10,Data Analysis,2696,15,4.23,0.176,10115.0,3.8,168625.0,0.0468,10.7
2024-11-10,Financial Modeling,884,6,4.59,0.149,3849.0,4.4,59925.0,0.0351,4.7
2024-11-10,Graphic Design,5195,36,4.24,0.117,24811.0,4.8,306266.0,0.0494,2.7
2024-11-10,Legal Consulting,626,5,4.62,0.172,2614.0,4.2,35369.0,0.0519,5.9
2024-11-10,Mobile App,2165,7,4.27,0.138,8913.0,4.1,111811.0,0.0451,3.3
2024-11-10,Music Production,1355,14,3.85,0.125,4739.0,3.5,78421.0,0.0533,20.5
2024-11-10,Photography,2156,9,4.19,0.139,7025.0,3.3,99316.0,0.0296,9.7
2024-11-10,SEO/SEM,2337,14,4.07,0.135,10680.0,4.6,175303.0,0.0464,12.8
2024-11-10,Social Media Management,3481,50,3.89,0.176,12850.0,3.7,192932.0,0.0434,14.7
2024-11-10,Translation,4260,26,3.99,0.186,17943.0,4.2,278160.0,0.0541,11.1
2024-11-10,Video Production,1406,6,4.2,0.132,6227.0,4.4,98415.0,0.0388,4.5
2024-11-10,Virtual Assistant,5032,33,3.91,0.16,18637.0,3.7,327434.0,0.054,19.5
2024-11-10,Web Development,3901,14,4.33,0.14,18099.0,4.6,217968.0,0.0368,7.2
2024-11-11,AI/ML Development,2135,17,4.48,0.091,19421.0,9.1,326014.0,0.0583,8.8
2024-11-11,Content Writing,6847,29,3.97,0.172,51655.0,7.5,838648.0,0.041,8.7
2024-11-11,Data Analysis,2969,30,4.42,0.118,27128.0,9.1,392294.0,0.0447,7.4
2024-11-11,Financial Modeling,918,4,4.5,0.133,8080.0,8.8,108314.0,0.0378,13.5
2024-11-11,Graphic Design,5807,52,4.15,0.109,42047.0,7.2,621161.0,0.0555,20.2
2024-11-11,Legal Consulting,627,4,4.65,0.143,5199.0,8.3,80928.0,0.0504,7.5
2024-11-11,Mobile App,2333,16,4.25,0.122,17237.0,7.4,247534.0,0.0448,2.7
2024-11-11,Music Production,1408,12,3.8,0.117,8501.0,6.0,133615.0,0.0362,1.0
2024-11-11,Photography,1902,11,4.14,0.126,14026.0,7.4,171381.0,0.0455,6.1
2024-11-11,SEO/SEM,2377,21,3.98,0.119,16561.0,7.0,223420.0,0.0548,4.0
2024-11-11,Social Media Management,3499,13,3.88,0.157,23749.0,6.8,406225.0,0.0479,6.2
2024-11-11,Translation,4726,14,3.96,0.072,39463.0,8.4,646556.0,0.0456,3.8
2024-11-11,Video Production,1427,6,4.31,0.169,9200.0,6.4,132838.0,0.0449,9.8
2024-11-11,Virtual Assistant,4173,45,3.9,0.197,27062.0,6.5,339705.0,0.0357,7.3
2024-11-11,Web Development,3836,38,4.37,0.168,30233.0,7.9,480410.0,0.0427,10.2
2024-11-12,AI/ML Development,2065,22,4.46,0.142,17709.0,8.6,234315.0,0.0515,8.3
2024-11-12,Content Writing,6903,22,3.99,0.136,45388.0,6.6,602967.0,0.0586,4.5
2024-11-12,Data Analysis,2590,14,4.34,0.138,17579.0,6.8,269147.0,0.0567,72.0
2024-11-12,Financial Modeling,945,10,4.48,0.154,7894.0,8.4,125033.0,0.0398,4.4
2024-11-12,Graphic Design,5695,97,4.1,0.21,48060.0,8.4,705400.0,0.0393,3.4
2024-11-12,Legal Consulting,658,3,4.59,0.148,5353.0,8.1,89551.0,2.1704,2.9
2024-11-12,Mobile App,1965,13,4.26,0.154,12194.0,6.2,178312.0,0.0564,2.7
2024-11-12,Music Production,1402,4,3.88,0.132,7905.0,5.6,127283.0,0.0372,2.2
2024-11-12,Photography,2224,18,4.16,0.136,16217.0,7.3,225113.0,0.0475,20.1
2024-11-12,SEO/SEM,2247,15,4.08,0.208,14995.0,6.7,242346.0,0.0441,5.7
2024-11-12,Social Media Management,3323,15,3.8,0.108,19254.0,5.8,249359.0,0.0348,11.6
2024-11-12,Translation,4337,84,3.96,0.167,25800.0,5.9,449496.0,0.0333,5.2
2024-11-12,Video Production,1451,22,4.16,0.131,8879.0,6.1,112731.0,0.0494,11.1
2024-11-12,Virtual Assistant,4772,25,3.8,0.213,33256.0,7.0,501210.0,0.0448,3.3
2024-11-12,Web Development,3455,15,4.4,0.17,29963.0,8.7,440093.0,0.0656,6.3
2024-11-13,AI/ML Development,1726,11,4.54,0.129,14424.0,8.4,257026.0,0.0498,4.1
2024-11-13,Content Writing,7341,32,4.09,0.158,50857.0,6.9,874110.0,0.0408,18.1
2024-11-13,Data Analysis,3021,35,4.29,0.116,23757.0,7.9,312011.0,0.0404,2.6
2024-11-13,Financial Modeling,955,5,4.51,0.176,8310.0,8.7,104278.0,0.0595,2.8
2024-11-13,Graphic Design,5497,42,4.05,0.176,46759.0,8.5,631138.0,0.0502,5.9
2024-11-13,Legal Consulting,736,3,4.64,0.094,4943.0,6.7,73042.0,0.0445,10.6
2024-11-13,Mobile App,2017,31,4.24,0.123,13900.0,6.9,244953.0,0.0527,2.3
2024-11-13,Music Production,1279,3,3.85,0.177,10342.0,8.1,185315.0,0.0598,5.8
2024-11-13,Photography,1848,12,4.16,0.097,12007.0,6.5,172358.0,0.0527,18.5
2024-11-13,SEO/SEM,2379,6,4.0,0.125,17466.0,7.3,219670.0,0.0499,8.2
2024-11-13,Social Media Management,3405,16,3.88,0.117,20944.0,6.2,354281.0,0.0459,2.1
2024-11-13,Translation,4492,39,3.92,0.133,32933.0,7.3,516370.0,0.0364,8.9
2024-11-13,Video Production,1565,7,4.24,0.203,11487.0,7.3,190285.0,0.0454,9.9
2024-11-13,Virtual Assistant,5099,30,3.93,0.152,40185.0,7.9,612820.0,0.0347,11.3
2024-11-13,Web Development,3814,18,4.4,0.198,28565.0,7.5,481684.0,0.0497,4.8
2024-11-14,AI/ML Development,1701,21,4.51,0.12,9712.0,5.7,138741.0,0.0495,8.8
2024-11-14,Content Writing,7205,63,4.08,0.106,48012.0,6.7,685405.0,0.0468,4.3
2024-11-14,Data Analysis,3004,23,4.31,0.19,15326.0,5.1,207703.0,0.0444,4.4
2024-11-14,Financial Modeling,915,10,4.56,0.198,7223.0,7.9,128845.0,0.0597,4.7
2024-11-14,Graphic Design,5486,18,4.1,0.186,28656.0,5.2,469899.0,0.0468,8.2
2024-11-14,Legal Consulting,655,2,4.66,0.106,3966.0,6.1,67230.0,0.0447,17.2
2024-11-14,Mobile App,1896,30,4.3,0.122,10333.0,5.4,170031.0,0.0419,14.6
2024-11-14,Music Production,1309,23,3.94,0.129,6328.0,4.8,87748.0,0.028,22.9
2024-11-14,Photography,2000,19,4.03,0.181,9913.0,5.0,156773.0,0.0544,6.9
2024-11-14,SEO/SEM,2578,44,3.96,0.181,13159.0,5.1,231396.0,0.0428,11.2
2024-11-14,Social Media Management,3770,31,3.87,0.187,20090.0,5.3,262839.0,0.0497,21.7
2024-11-14,Translation,4546,26,3.92,0.142,26889.0,5.9,388165.0,0.0616,9.3
2024-11-14,Video Production,1481,13,4.03,0.137,10521.0,7.1,128338.0,0.0501,28.4
2024-11-14,Virtual Assistant,4325,79,3.8,0.154,27775.0,6.4,401583.0,0.0489,5.9
2024-11-14,Web Development,3725,22,4.35,0.099,26695.0,7.2,471092.0,0.0251,8.5
2024-11-15,AI/ML Development,1809,15,4.47,0.162,12320.0,6.8,200855.0,0.0567,1.6
2024-11-15,Content Writing,7474,53,4.02,0.15,43194.0,5.8,525698.0,0.0512,7.3
2024-11-15,Data Analysis,3253,30,4.31,0.135,23430.0,7.2,336021.0,0.0447,4.7
2024-11-15,Financial Modeling,936,5,4.43,0.124,5028.0,5.4,87358.0,0.0558,8.4
2024-11-15,Graphic Design,5854,20,4.11,0.198,37871.0,6.5,512822.0,0.0387,6.0
2024-11-15,Legal Consulting,623,4,4.76,0.155,4270.0,6.9,63963.0,0.0448,8.7
2024-11-15,Mobile App,2216,17,4.17,0.194,15686.0,7.1,231363.0,0.0255,6.2
2024-11-15,Music Production,1287,3,3.9,0.137,8258.0,6.4,101129.0,0.043,8.5
2024-11-15,Photography,2120,11,4.22,0.201,13997.0,6.6,233088.0,0.0446,7.6
2024-11-15,SEO/SEM,2480,14,4.18,0.13,16962.0,6.8,226262.0,0.0435,11.4
2024-11-15,Social Media Management,3031,46,3.89,0.154,14979.0,4.9,249652.0,0.0517,17.2
2024-11-15,Translation,4532,31,3.95,0.133,24602.0,5.4,326413.0,0.026,10.1
2024-11-15,Video Production,1665,24,4.23,0.23,10478.0,6.3,165080.0,0.0426,1.4
2024-11-15,Virtual Assistant,4228,13,3.78,0.132,25120.0,5.9,343855.0,0.0493,7.8
2024-11-15,Web Development,3288,16,4.45,0.139,22817.0,6.9,285375.0,0.0563,15.1
2024-11-16,AI/ML Development,1833,12,4.35,0.109,9452.0,5.2,145329.0,0.0511,2.4
2024-11-16,Content Writing,7476,60,4.14,0.156,33239.0,4.4,436442.0,0.0303,12.0
2024-11-16,Data Analysis,2741,18,4.26,0.195,12277.0,4.5,149586.0,0.0523,7.7
2024-11-16,Financial Modeling,862,3,4.47,0.151,4649.0,5.4,68051.0,0.042,10.0
2024-11-16,Graphic Design,5551,31,4.08,0.124,25724.0,4.6,387685.0,0.0436,6.0
2024-11-16,Legal Consulting,744,3,4.66,0.134,3784.0,5.1,61491.0,0.064,4.5
2024-11-16,Mobile App,1941,11,4.2,0.158,9080.0,4.7,134880.0,0.0459,5.0
2024-11-16,Music Production,1349,6,3.92,0.147,6511.0,4.8,104762.0,0.0438,4.7
2024-11-16,Photography,2261,6,4.09,0.096,9169.0,4.1,115203.0,0.0542,7.6
2024-11-16,SEO/SEM,2456,35,4.09,0.209,10852.0,4.4,140152.0,0.0366,14.5
2024-11-16,Social Media Management,3605,17,3.91,0.118,12075.0,3.3,192099.0,0.0464,20.4
2024-11-16,Translation,3989,16,3.94,0.168,13421.0,3.4,233276.0,0.0357,7.7
2024-11-16,Video Production,1593,18,4.26,0.119,6478.0,4.1,97924.0,0.0426,5.2
2024-11-16,Virtual Assistant,4278,25,3.77,0.116,16493.0,3.9,203723.0,0.045,18.4
2024-11-16,Web Development,3541,30,4.35,0.14,18276.0,5.2,261635.0,0.0503,10.3
2024-11-17,AI/ML Development,1999,8,4.3,0.128,9660.0,4.8,160965.0,0.043,10.6
2024-11-17,Content Writing,7660,35,4.02,0.158,32811.0,4.3,485413.0,0.0481,1.9
2024-11-17,Data Analysis,2890,14,4.4,0.208,12704.0,4.4,194397.0,0.0364,7.2
2024-11-17,Financial Modeling,995,6,4.51,0.132,4472.0,4.5,61063.0,0.0432,7.0
2024-11-17,Graphic Design,5758,106,4.18,0.133,25293.0,4.4,308809.0,0.0383,17.7
2024-11-17,Legal Consulting,692,2,4.74,0.149,3468.0,5.0,45921.0,0.0482,10.5
2024-11-17,Mobile App,2343,14,4.13,0.096,10484.0,4.5,138329.0,0.0406,8.1
2024-11-17,Music Production,1318,6,3.88,0.148,4193.0,3.2,69631.0,0.0454,18.9
2024-11-17,Photography,2167,16,4.2,0.171,7031.0,3.2,104932.0,0.0442,7.8
2024-11-17,SEO/SEM,2577,52,3.92,0.167,11544.0,4.5,201423.0,0.0486,3.3
2024-11-17,Social Media Management,3051,33,3.73,0.135,12993.0,4.3,159769.0,0.0517,9.3
2024-11-17,Translation,4737,32,3.95,0.185,17010.0,3.6,280200.0,0.056,11.1
2024-11-17,Video Production,1726,33,4.29,0.243,6425.0,3.7,106146.0,0.0419,3.6
2024-11-17,Virtual Assistant,4936,36,3.85,0.18,16859.0,3.4,224061.0,0.0526,10.2
2024-11-17,Web Development,3775,17,4.36,0.132,15431.0,4.1,260365.0,0.0393,8.4
2024-11-18,AI/ML Development,2136,10,4.4,0.124,17418.0,8.2,245471.0,0.0356,11.7
2024-11-18,Content Writing,7269,58,3.94,0.164,52014.0,7.2,666018.0,0.0465,4.9
2024-11-18,Data Analysis,2758,16,4.33,0.135,25239.0,9.2,307056.0,0.0426,1.4
2024-11-18,Financial Modeling,1015,7,4.49,0.143,7462.0,7.4,110241.0,0.0434,21.8
2024-11-18,Graphic Design,5391,25,4.11,0.12,40617.0,7.5,725491.0,0.0418,11.6
2024-11-18,Legal Consulting,663,5,4.55,0.138,6180.0,9.3,93998.0,0.0356,4.5
2024-11-18,Mobile App,1999,48,4.12,0.102,12567.0,6.3,193985.0,0.0365,18.0
2024-11-18,Music Production,1352,6,3.94,0.161,10827.0,8.0,156489.0,0.0357,8.8
2024-11-18,Photography,1944,7,4.11,0.148,16472.0,8.5,230511.0,0.0326,9.9
2024-11-18,SEO/SEM,2436,17,3.98,0.088,17356.0,7.1,308192.0,0.0358,29.7
2024-11-18,Social Media Management,3475,4,3.72,0.181,27158.0,7.8,371199.0,0.0357,13.9
2024-11-18,Translation,4504,43,3.97,0.164,28304.0,6.3,373684.0,0.0385,3.7
2024-11-18,Video Production,1543,7,4.36,0.164,9815.0,6.4,146645.0,0.0292,6.6
2024-11-18,Virtual Assistant,4846,41,3.86,0.182,33394.0,6.9,484445.0,0.0404,9.9
2024-11-18,Web Development,3377,16,4.32,0.126,29716.0,8.8,380351.0,0.0397,4.4
2024-11-19,AI/ML Development,1992,12,4.37,0.155,13317.0,6.7,228975.0,0.0428,35.0
2024-11-19,Content Writing,6750,57,4.06,0.141,42000.0,6.2,670981.0,0.0355,11.0
2024-11-19,Data Analysis,2846,41,4.28,0.121,19007.0,6.7,297526.0,0.0309,14.0
2024-11-19,Financial Modeling,1028,7,4.6,0.131,9353.0,9.1,128480.0,0.0558,8.9
2024-11-19,Graphic Design,5109,25,4.1,0.16,43508.0,8.5,707275.0,0.0498,28.2
2024-11-19,Legal Consulting,665,4,4.69,0.182,6303.0,9.5,110569.0,0.0378,22.7
2024-11-19,Mobile App,2305,16,4.31,0.16,17189.0,7.5,300532.0,0.0385,4.4
2024-11-19,Music Production,1202,13,3.93,0.136,9311.0,7.7,124889.0,0.0308,19.7
2024-11-19,Photography,1798,10,4.09,0.153,12367.0,6.9,221243.0,0.0458,8.6
2024-11-19,SEO/SEM,2405,13,4.04,0.124,20060.0,8.3,336636.0,0.0389,1.3
2024-11-19,Social Media Management,3055,7,3.83,0.173,18054.0,5.9,303486.0,0.0615,8.6
2024-11-19,Translation,3952,39,4.03,0.114,27854.0,7.0,376893.0,0.0503,4.9
2024-11-19,Video Production,1521,6,4.23,0.196,11531.0,7.6,201184.0,0.0408,16.3
2024-11-19,Virtual Assistant,4683,18,3.76,0.206,29778.0,6.4,521032.0,0.0423,4.2
2024-11-19,Web Development,3959,38,4.4,0.12,30205.0,7.6,453272.0,0.0459,2.3
2024-11-20,AI/ML Development,1879,22,4.46,0.131,21333.0,11.4,284686.0,0.0486,1.6
2024-11-20,Content Writing,6905,82,4.12,0.17,86930.0,12.6,1263046.0,0.0497,9.3
2024-11-20,Data Analysis,2977,13,4.39,0.119,37334.0,12.5,585304.0,0.0567,5.8
2024-11-20,Financial Modeling,943,9,4.47,0.114,11206.0,11.9,168170.0,0.0524,7.3
2024-11-20,Graphic Design,5186,46,4.12,0.135,65580.0,12.6,1150736.0,0.0531,7.1
2024-11-20,Legal Consulting,650,6,4.66,0.073,8548.0,13.2,124117.0,0.0486,3.0
2024-11-20,Mobile App,1932,10,4.29,0.156,22649.0,11.7,384784.0,0.0312,1.7
2024-11-20,Music Production,1406,21,3.99,0.097,12084.0,8.6,205161.0,0.0431,5.3
2024-11-20,Photography,2033,12,4.23,0.169,22015.0,10.8,365438.0,0.0439,11.1
2024-11-20,SEO/SEM,2470,27,4.08,0.145,30927.0,12.5,,0.0338,17.8
2024-11-20,Social Media Management,3523,14,3.87,0.124,35533.0,10.1,614862.0,0.0494,7.6
2024-11-20,Translation,4442,15,3.84,0.117,49701.0,11.2,616286.0,0.0454,6.7
2024-11-20,Video Production,1555,19,4.29,0.177,14655.0,9.4,257390.0,0.0545,6.0
2024-11-20,Virtual Assistant,4537,68,3.83,0.166,44864.0,9.9,757297.0,0.0376,5.9
2024-11-20,Web Development,3745,8,4.32,0.17,48647.0,13.0,780599.0,0.0525,3.8
2024-11-21,AI/ML Development,2036,7,4.6,0.09,23854.0,11.7,345229.0,0.0493,10.9
2024-11-21,Content Writing,7245,54,3.96,0.17,62918.0,8.7,944068.0,0.0436,6.5
2024-11-21,Data Analysis,2999,32,4.37,0.116,27548.0,9.2,385824.0,0.0489,15.6
2024-11-21,Financial Modeling,903,3,4.42,0.205,7323.0,8.1,127781.0,0.0601,4.8
2024-11-21,Graphic Design,5450,61,4.08,0.169,47124.0,8.6,763127.0,0.063,13.1
2024-11-21,Legal Consulting,734,1,4.61,0.128,6728.0,9.2,89999.0,0.0486,3.7
2024-11-21,Mobile App,2265,8,4.26,0.159,23872.0,10.5,342816.0,0.0562,6.3
2024-11-21,Music Production,1249,12,4.09,0.138,11705.0,9.4,152234.0,0.0425,16.5
2024-11-21,Photography,2126,15,4.15,0.192,22185.0,10.4,369880.0,0.0445,12.3
2024-11-21,SEO/SEM,2611,29,3.93,0.125,20436.0,7.8,249155.0,0.0424,11.0
2024-11-21,Social Media Management,3341,17,3.87,0.118,28727.0,8.6,446146.0,0.045,6.2
2024-11-21,Translation,4285,48,3.98,0.117,33945.0,7.9,449157.0,0.0449,0.8
2024-11-21,Video Production,1579,13,4.22,0.147,13437.0,8.5,173651.0,0.0426,7.6
2024-11-21,Virtual Assistant,4208,18,3.84,0.127,28726.0,6.8,453717.0,0.037,5.8
2024-11-21,Web Development,3645,13,4.23,0.17,40900.0,11.2,680289.0,0.0507,8.9
2024-11-22,AI/ML Development,1848,18,4.44,0.101,19809.0,10.7,260051.0,0.0411,3.8
2024-11-22,Content Writing,8130,110,4.11,0.169,79401.0,9.8,1276014.0,0.0445,16.6
2024-11-22,Data Analysis,2918,11,4.35,0.181,23055.0,7.9,281172.0,0.0495,26.9
2024-11-22,Financial Modeling,1013,7,4.5,0.121,9135.0,9.0,158517.0,0.0404,2.2
2024-11-22,Graphic Design,5409,32,4.09,0.14,55710.0,10.3,751255.0,0.0554,13.3
2024-11-22,Legal Consulting,644,2,4.63,0.224,7678.0,11.9,123402.0,0.055,6.4
2024-11-22,Mobile App,2093,16,4.23,0.202,20515.0,9.8,352117.0,0.0529,9.0
2024-11-22,Music Production,1434,16,3.86,0.118,13061.0,9.1,204089.0,0.044,6.8
2024-11-22,Photography,2067,8,4.2,0.176,16481.0,8.0,228726.0,0.0525,7.0
2024-11-22,SEO/SEM,2602,25,4.09,0.133,19724.0,7.6,284526.0,0.0411,9.1
2024-11-22,Social Media Management,3246,32,3.83,0.145,24109.0,7.4,337066.0,0.0428,4.7
2024-11-22,Translation,4690,80,3.98,0.118,40790.0,8.7,513208.0,0.042,8.7
2024-11-22,Video Production,1656,6,4.17,0.154,18231.0,11.0,326389.0,0.0433,9.0
2024-11-22,Virtual Assistant,5113,101,3.9,0.105,37761.0,7.4,635857.0,0.0436,6.0
2024-11-22,Web Development,3823,23,4.24,0.144,30226.0,7.9,513219.0,0.0373,2.9
2024-11-23,AI/ML Development,1800,15,4.52,0.119,10222.0,5.7,137870.0,0.0441,12.1
2024-11-23,Content Writing,6805,49,4.04,0.138,35056.0,5.2,481155.0,0.0527,6.7
2024-11-23,Data Analysis,2776,18,4.39,0.165,15734.0,5.7,259215.0,0.0473,5.7
2024-11-23,Financial Modeling,885,3,4.67,0.166,7222.0,8.2,88338.0,0.0424,22.5
2024-11-23,Graphic Design,5809,65,4.17,0.143,32234.0,5.5,410181.0,0.0378,2.3
2024-11-23,Legal Consulting,667,5,4.58,0.115,5456.0,8.2,85166.0,0.0374,21.1
2024-11-23,Mobile App,2311,12,4.17,0.191,17474.0,7.6,273607.0,0.0343,3.3
2024-11-23,Music Production,1276,12,3.87,0.101,7931.0,6.2,120894.0,0.0526,13.5
2024-11-23,Photography,1948,17,4.11,0.184,12532.0,6.4,157488.0,0.0414,7.2
2024-11-23,SEO/SEM,2191,7,4.06,0.178,11672.0,5.3,145475.0,0.0452,8.9
2024-11-23,Social Media Management,2991,18,3.75,0.182,19762.0,6.6,275623.0,0.0371,5.2
2024-11-23,Translation,4736,26,4.01,0.159,27758.0,5.9,374038.0,0.0561,7.4
2024-11-23,Video Production,1450,10,4.18,0.206,7635.0,5.3,93382.0,0.0496,7.4
2024-11-23,Virtual Assistant,4603,12,3.75,0.162,30700.0,6.7,506432.0,0.0485,6.4
2024-11-23,Web Development,3291,51,4.32,0.173,20392.0,6.2,323712.0,0.0359,9.4
2024-11-24,AI/ML Development,1697,13,4.55,0.135,12345.0,7.3,164853.0,0.0483,7.2
2024-11-24,Content Writing,7311,26,4.07,0.107,42525.0,5.8,590986.0,0.0361,11.7
2024-11-24,Data Analysis,2642,11,4.35,0.164,13894.0,5.3,189996.0,0.0401,3.9
2024-11-24,Financial Modeling,1021,3,4.49,0.173,7789.0,7.6,135668.0,0.0591,4.5
2024-11-24,Graphic Design,5776,11,4.13,0.157,28620.0,5.0,490826.0,0.0498,25.0
2024-11-24,Legal Consulting,693,6,4.64,0.181,4609.0,6.7,69722.0,0.0454,5.8
2024-11-24,Mobile App,2358,28,4.19,0.104,15683.0,6.7,235294.0,0.034,10.3
2024-11-24,Music Production,1296,8,3.92,0.188,5976.0,4.6,73832.0,0.0429,10.7
2024-11-24,Photography,1871,14,4.17,0.152,10171.0,5.4,179057.0,0.0482,6.2
2024-11-24,SEO/SEM,2362,13,4.07,0.175,15697.0,6.6,248101.0,0.0361,3.3
2024-11-24,Social Media Management,3593,49,3.74,0.146,16734.0,4.7,254756.0,0.0515,12.0
2024-11-24,Translation,4196,41,4.03,0.101,25965.0,6.2,397616.0,0.0435,14.9
2024-11-24,Video Production,1612,20,4.27,0.129,10151.0,6.3,141769.0,0.0505,15.9
2024-11-24,Virtual Assistant,4460,35,3.79,0.142,22079.0,5.0,275880.0,0.0382,17.3
2024-11-24,Web Development,3778,15,4.31,0.159,26715.0,7.1,360438.0,0.0353,4.2
2024-11-25,AI/ML Development,2015,13,4.44,0.178,20123.0,10.0,250406.0,0.0433,6.9
2024-11-25,Content Writing,7097,37,4.14,0.154,63180.0,8.9,909797.0,0.0596,18.9
2024-11-25,Data Analysis,3050,24,4.42,0.144,36229.0,11.9,533319.0,0.0426,2.5
2024-11-25,Financial Modeling,982,28,4.54,0.164,10283.0,10.5,180906.0,0.0388,15.7
2024-11-25,Graphic Design,6008,64,4.25,0.182,70019.0,11.7,1050338.0,0.036,6.4
2024-11-25,Legal Consulting,673,4,4.66,0.132,8679.0,12.9,117641.0,0.0547,4.8
2024-11-25,Mobile App,2213,15,4.17,0.144,25941.0,11.7,440658.0,0.0476,10.6
2024-11-25,Music Production,1311,11,4.05,0.162,14680.0,11.2,220435.0,0.0506,6.5
2024-11-25,Photography,1941,10,4.17,0.111,21374.0,11.0,311316.0,0.0283,12.6
2024-11-25,SEO/SEM,2307,18,4.06,0.178,26390.0,11.4,351403.0,0.0443,16.8
2024-11-25,Social Media Management,3365,11,3.92,0.175,37309.0,11.1,613571.0,0.0546,2.9
2024-11-25,Translation,4014,43,3.88,0.138,35932.0,9.0,571902.0,0.0547,5.1
2024-11-25,Video Production,1616,16,4.19,0.121,14442.0,8.9,191636.0,0.033,8.0
2024-11-25,Virtual Assistant,4875,52,3.73,0.176,40853.0,8.4,547268.0,0.0342,7.8
2024-11-25,Web Development,3919,19,4.26,0.159,38796.0,9.9,491698.0,0.0536,7.5
2024-11-26,AI/ML Development,2107,20,4.52,0.075,28377.0,13.5,464297.0,0.0401,9.5
2024-11-26,Content Writing,6618,67,4.05,0.182,68465.0,10.3,846133.0,0.0435,19.0
2024-11-26,Data Analysis,2877,23,4.31,0.141,29429.0,10.2,522579.0,0.0386,15.1
2024-11-26,Financial Modeling,1007,7,4.52,0.13,12444.0,12.4,215089.0,0.0565,2.4
2024-11-26,Graphic Design,5826,50,4.15,0.159,68955.0,11.8,1144768.0,0.0508,6.1
2024-11-26,Legal Consulting,750,8,4.55,0.155,9224.0,12.3,132960.0,0.037,6.7
2024-11-26,Mobile App,2009,23,4.24,0.118,19562.0,9.7,283490.0,0.0472,12.8
2024-11-26,Music Production,1431,9,3.93,0.166,17619.0,12.3,242373.0,0.0282,6.3
2024-11-26,Photography,2126,18,4.07,0.11,25922.0,12.2,440424.0,0.0641,7.5
2024-11-26,SEO/SEM,2465,25,4.05,0.132,24375.0,9.9,394685.0,0.0517,3.5
2024-11-26,Social Media Management,3704,31,3.8,0.136,31789.0,8.6,382475.0,0.0242,1.9
2024-11-26,Translation,3974,31,3.97,0.188,40866.0,10.3,518735.0,0.0404,3.1
2024-11-26,Video Production,1668,10,4.31,0.125,18092.0,10.8,246389.0,0.042,4.0
2024-11-26,Virtual Assistant,4483,79,3.86,0.142,39214.0,8.7,578362.0,0.0366,3.3
2024-11-26,Web Development,3903,34,4.34,0.181,49936.0,12.8,871364.0,0.0317,16.4
2024-11-27,AI/ML Development,1767,16,4.31,0.155,19367.0,11.0,328530.0,0.0579,15.1
2024-11-27,Content Writing,6538,28,3.97,0.132,82771.0,12.7,1478252.0,0.0469,11.0
2024-11-27,Data Analysis,2792,75,4.41,0.17,27847.0,10.0,478056.0,0.0544,2.4
2024-11-27,Financial Modeling,889,3,4.49,0.168,10377.0,11.7,164668.0,0.052,3.5
2024-11-27,Graphic Design,5925,33,4.13,0.123,52184.0,8.8,860306.0,0.0573,5.2
2024-11-27,Legal Consulting,599,1,4.76,0.179,7589.0,12.7,119998.0,0.0501,18.7
2024-11-27,Mobile App,2214,23,4.21,0.105,19960.0,9.0,298561.0,0.0462,1.9
2024-11-27,Music Production,1464,8,3.89,0.161,15355.0,10.5,231262.0,0.0532,9.7
2024-11-27,Photography,1997,24,4.11,0.092,24097.0,12.1,347769.0,0.0401,10.9
2024-11-27,SEO/SEM,2425,28,4.0,0.205,24689.0,10.2,369926.0,0.0324,6.3
2024-11-27,Social Media Management,3604,23,3.89,0.168,37117.0,10.3,599005.0,0.034,9.6
2024-11-27,Translation,4495,54,4.08,0.142,48335.0,10.8,726792.0,0.0445,13.8
2024-11-27,Video Production,1748,19,4.22,0.207,18569.0,10.6,295106.0,0.0466,12.8
2024-11-27,Virtual Assistant,4204,24,3.8,0.112,38970.0,9.3,678403.0,0.0403,39.1
2024-11-27,Web Development,3511,28,4.33,0.162,34659.0,9.9,462175.0,0.0425,3.2
2024-11-28,AI/ML Development,1995,15,4.36,0.159,22095.0,11.1,340108.0,0.0369,4.4
2024-11-28,Content Writing,6700,51,4.01,0.157,53646.0,8.0,822281.0,0.0431,15.1
2024-11-28,Data Analysis,2666,43,4.32,0.169,22377.0,8.4,275101.0,0.0485,5.3
2024-11-28,Financial Modeling,903,13,4.54,0.145,8555.0,9.5,148396.0,0.0422,15.2
2024-11-28,Graphic Design,5868,41,4.18,0.127,44319.0,7.6,700251.0,0.0585,11.6
2024-11-28,Legal Consulting,744,9,4.47,0.176,6909.0,9.3,93681.0,0.0486,15.9
2024-11-28,Mobile App,2304,21,4.31,0.146,19555.0,8.5,286851.0,0.0445,14.4
2024-11-28,Music Production,1267,5,3.92,0.165,9004.0,7.1,155714.0,0.0607,2.6
2024-11-28,Photography,2075,18,4.25,0.203,23196.0,11.2,366851.0,0.05,6.1
2024-11-28,SEO/SEM,2418,19,4.14,0.187,21632.0,8.9,386922.0,0.0531,6.8
2024-11-28,Social Media Management,3203,16,3.79,0.15,23781.0,7.4,354753.0,0.0452,10.5
2024-11-28,Translation,4223,68,3.92,0.184,42586.0,10.1,572789.0,0.0339,11.1
2024-11-28,Video Production,1651,5,4.24,0.164,13354.0,8.1,214090.0,0.0449,8.8
2024-11-28,Virtual Assistant,4757,40,3.8,0.176,43989.0,9.2,702068.0,0.0447,3.0
2024-11-28,Web Development,3828,100,4.42,0.152,38117.0,10.0,513571.0,0.0432,10.2
2024-11-29,AI/ML Development,1871,10,4.47,0.137,16105.0,8.6,287469.0,0.0545,12.2
2024-11-29,Content Writing,7470,58,3.95,0.12,66204.0,8.9,1044755.0,0.0451,18.6
2024-11-29,Data Analysis,2893,43,4.36,0.103,27292.0,9.4,465010.0,0.0361,38.7
2024-11-29,Financial Modeling,902,4,4.52,0.137,10730.0,11.9,184152.0,0.0406,27.9
2024-11-29,Graphic Design,5845,27,4.15,0.191,63679.0,10.9,1072254.0,0.05,9.8
2024-11-29,Legal Consulting,606,3,4.72,0.137,7211.0,11.9,115243.0,0.0416,9.6
2024-11-29,Mobile App,2188,16,4.22,0.172,23335.0,10.7,330608.0,0.0376,10.9
2024-11-29,Music Production,1383,3,3.92,0.182,11966.0,8.7,179292.0,0.0493,12.2
2024-11-29,Photography,2049,9,4.06,0.158,18453.0,9.0,330910.0,0.0365,3.1
2024-11-29,SEO/SEM,2547,17,4.02,0.174,20026.0,7.9,315205.0,0.0478,4.0
2024-11-29,Social Media Management,3333,45,3.92,0.152,31867.0,9.6,389937.0,0.0374,11.2
2024-11-29,Translation,4481,36,4.01,0.193,32828.0,7.3,541270.0,0.0428,6.0
2024-11-29,Video Production,1617,9,4.18,0.202,14473.0,9.0,194201.0,0.022,8.0
2024-11-29,Virtual Assistant,4612,20,3.87,0.157,37024.0,8.0,595185.0,0.0524,2.9
2024-11-29,Web Development,3421,36,4.32,0.166,34774.0,10.2,586298.0,0.0468,17.9
2024-11-30,AI/ML Development,2007,18,4.58,0.174,16408.0,8.2,266355.0,0.0454,10.4
2024-11-30,Content Writing,7205,33,4.01,0.13,40539.0,5.6,659892.0,0.0527,19.5
2024-11-30,Data Analysis,3025,19,4.23,0.186,23438.0,7.7,390172.0,0.0338,2.9
2024-11-30,Financial Modeling,1046,3,4.59,0.1,7333.0,7.0,110265.0,0.0609,3.8
2024-11-30,Graphic Design,5799,64,4.03,0.195,29366.0,5.1,520267.0,0.04,18.9
2024-11-30,Legal Consulting,675,3,4.66,0.156,4387.0,6.5,60514.0,0.0439,11.4
2024-11-30,Mobile App,2295,40,4.24,0.171,16889.0,7.4,239840.0,0.0473,13.9
2024-11-30,Music Production,1360,6,3.9,0.166,8464.0,6.2,148258.0,0.0444,8.9
2024-11-30,Photography,2180,10,4.14,0.159,12025.0,5.5,205117.0,0.0482,6.9
2024-11-30,SEO/SEM,2109,27,4.04,0.195,13229.0,6.3,206203.0,0.046,3.7
2024-11-30,Social Media Management,3706,18,3.8,0.152,18970.0,5.1,300079.0,0.0384,2.7
2024-11-30,Translation,4351,24,3.93,0.163,30003.0,6.9,377772.0,0.0491,3.2
2024-11-30,Video Production,1722,24,4.26,0.163,9181.0,5.3,134201.0,0.0539,5.1
2024-11-30,Virtual Assistant,4406,34,3.98,0.127,27135.0,6.2,388420.0,0.0531,6.7
2024-11-30,Web Development,3457,15,4.38,0.141,25105.0,7.3,391160.0,0.0572,19.1
2024-12-01,AI/ML Development,2138,15,4.45,0.174,12940.0,6.1,195981.0,0.032,16.3
2024-12-01,Content Writing,7634,56,4.07,0.118,36253.0,4.7,515840.0,0.0485,2.6
2024-12-01,Data Analysis,2774,49,4.3,0.15,14227.0,5.1,214589.0,0.0394,3.9
2024-12-01,Financial Modeling,957,6,4.58,0.158,5695.0,6.0,82501.0,0.0409,9.5
2024-12-01,Graphic Design,4810,53,4.13,0.162,33594.0,7.0,569419.0,0.0472,13.9
2024-12-01,Legal Consulting,753,5,4.69,0.195,5887.0,7.8,74123.0,0.0448,7.0
2024-12-01,Mobile App,2025,14,4.2,0.15,11297.0,5.6,142191.0,0.0406,3.6
2024-12-01,Music Production,1431,6,3.87,0.134,7789.0,5.4,95931.0,0.0375,4.1
2024-12-01,Photography,1937,11,4.11,0.146,12049.0,6.2,149823.0,0.0381,7.8
2024-12-01,SEO/SEM,2554,29,3.99,0.121,17238.0,6.7,277397.0,0.0472,7.2
2024-12-01,Social Media Management,3073,12,3.82,0.192,19911.0,6.5,339624.0,0.0395,7.5
2024-12-01,Translation,3833,11,3.93,0.181,19772.0,5.2,276058.0,0.0458,18.7
2024-12-01,Video Production,1538,15,4.18,0.128,9849.0,6.4,136931.0,0.0502,8.7
2024-12-01,Virtual Assistant,4578,24,3.86,0.179,30287.0,6.6,513904.0,0.0547,3.7
2024-12-01,Web Development,3920,30,4.35,0.155,22085.0,5.6,310600.0,0.044,3.1
2024-12-02,AI/ML Development,1757,8,4.39,0.131,20622.0,11.7,256369.0,0.0398,6.2
2024-12-02,Content Writing,8114,22,4.06,0.099,98001.0,12.1,1304730.0,0.0342,3.9
2024-12-02,Data Analysis,2902,30,4.42,0.195,36302.0,12.5,608893.0,0.038,17.7
2024-12-02,Financial Modeling,957,5,4.51,0.14,11076.0,11.6,138691.0,0.0393,11.1
2024-12-02,Graphic Design,5464,37,4.08,0.12,65439.0,12.0,1048790.0,0.0603,8.3
2024-12-02,Legal Consulting,614,4,4.68,0.176,6793.0,11.1,107708.0,0.0473,6.2
2024-12-02,Mobile App,2120,14,4.23,0.164,20002.0,9.4,337195.0,0.0392,54.2
2024-12-02,Music Production,1342,4,3.85,0.165,12294.0,9.2,215992.0,0.0386,3.2
2024-12-02,Photography,1882,14,4.19,0.141,21313.0,11.3,381303.0,0.0513,2.5
2024-12-02,SEO/SEM,2349,20,4.05,0.119,22239.0,9.5,277287.0,0.0487,11.2
2024-12-02,Social Media Management,3120,19,3.87,0.086,31001.0,9.9,438302.0,0.0533,7.0
2024-12-02,Translation,4436,27,4.0,0.133,41111.0,9.3,647375.0,0.0492,23.0
2024-12-02,Video Production,1692,27,4.25,0.154,19289.0,11.4,312904.0,0.0486,8.4
2024-12-02,Virtual Assistant,5202,29,3.94,0.16,58841.0,11.3,890830.0,0.0554,4.0
2024-12-02,Web Development,3361,54,4.35,0.149,40960.0,12.2,723116.0,0.0288,2.4
2024-12-03,AI/ML Development,1838,7,4.49,0.117,23261.0,12.7,291412.0,0.0415,5.9
2024-12-03,Content Writing,-5,44,3.93,0.078,70413.0,9.4,1241771.0,0.0454,9.3
2024-12-03,Data Analysis,2702,9,4.39,0.105,36358.0,13.5,609034.0,0.0288,11.0
2024-12-03,Financial Modeling,863,6,4.5,0.139,12364.0,14.3,184987.0,0.0474,12.4
2024-12-03,Graphic Design,5726,45,4.15,0.135,54812.0,9.6,926099.0,0.0383,6.3
2024-12-03,Legal Consulting,617,4,4.65,0.132,6867.0,11.1,91631.0,0.0437,2.7
2024-12-03,Mobile App,2392,15,4.29,0.146,27559.0,11.5,387590.0,0.0321,11.4
2024-12-03,Music Production,1224,8,3.87,0.185,11716.0,9.6,191656.0,0.0506,5.2
2024-12-03,Photography,1796,16,4.21,0.126,22352.0,12.4,314844.0,0.0379,41.6
2024-12-03,SEO/SEM,2162,15,3.93,0.152,24030.0,11.1,367000.0,0.0502,7.7
2024-12-03,Social Media Management,3490,12,3.82,0.112,38357.0,11.0,516477.0,0.0457,5.5
2024-12-03,Translation,4635,14,3.95,0.153,45831.0,9.9,662928.0,0.048,4.9
2024-12-03,Video Production,1598,4,4.3,0.188,20967.0,13.1,309236.0,0.0376,3.2
2024-12-03,Virtual Assistant,4458,34,3.91,0.124,42643.0,9.6,568791.0,0.0487,11.8
2024-12-03,Web Development,3812,32,4.3,0.165,44994.0,11.8,666670.0,0.0662,6.7
2024-12-04,AI/ML Development,1703,12,4.46,0.134,22569.0,13.3,306010.0,0.0508,5.7
2024-12-04,Content Writing,8115,76,4.13,0.193,71500.0,8.8,918640.0,0.0383,5.0
2024-12-04,Data Analysis,2912,15,4.28,0.151,30220.0,10.4,400121.0,0.0446,1.8
2024-12-04,Financial Modeling,886,5,4.59,0.185,11234.0,12.7,185371.0,0.0288,3.4
2024-12-04,Graphic Design,5615,39,4.13,0.226,60477.0,10.8,1024010.0,0.0488,4.9
2024-12-04,Legal Consulting,697,2,4.68,0.16,7325.0,10.5,117364.0,0.0476,22.0
2024-12-04,Mobile App,2184,9,4.19,0.14,21509.0,9.8,267479.0,0.041,12.8
2024-12-04,Music Production,1437,7,4.05,0.124,15121.0,10.5,249108.0,0.0477,13.9
2024-12-04,Photography,1915,5,4.05,0.177,20030.0,10.5,329196.0,0.0515,8.8
2024-12-04,SEO/SEM,2490,18,4.02,0.104,25961.0,10.4,442515.0,0.0403,11.6
2024-12-04,Social Media Management,3428,20,3.9,0.153,30977.0,9.0,472795.0,0.0507,3.8
2024-12-04,Translation,4440,33,4.01,0.118,50199.0,11.3,676945.0,0.0391,9.5
2024-12-04,Video Production,1466,6,4.23,0.2,18555.0,12.7,227300.0,0.0605,13.6
2024-12-04,Virtual Assistant,4641,26,3.88,0.191,41673.0,9.0,740026.0,0.0331,7.8
2024-12-04,Web Development,3302,23,4.31,0.141,43436.0,13.2,633663.0,0.05,5.1
2024-12-05,AI/ML Development,1812,9,4.49,0.184,19101.0,10.5,312866.0,0.048,24.6
2024-12-05,Content Writing,7290,97,4.07,0.171,67013.0,9.2,1077590.0,0.0489,7.7
2024-12-05,Data Analysis,3081,32,4.26,0.161,32021.0,10.4,456413.0,0.0366,2.7
2024-12-05,Financial Modeling,937,3,4.54,0.145,10337.0,11.0,165368.0,0.0297,4.5
2024-12-05,Graphic Design,5967,37,4.08,0.213,61736.0,10.3,1020639.0,0.0643,3.3
2024-12-05,Legal Consulting,705,2,4.52,0.175,5657.0,8.0,75461.0,0.0543,24.2
2024-12-05,Mobile App,2220,10,4.27,0.139,24138.0,10.9,423162.0,0.0488,4.6
2024-12-05,Music Production,1204,11,3.9,0.137,10360.0,8.6,130570.0,0.0495,6.7
2024-12-05,Photography,1971,9,4.16,0.175,20645.0,10.5,281555.0,0.037,11.3
2024-12-05,SEO/SEM,2451,19,3.95,0.192,21794.0,8.9,316518.0,0.0412,16.3
2024-12-05,Social Media Management,3113,20,3.81,0.102,24652.0,7.9,386222.0,0.045,8.6
2024-12-05,Translation,3966,46,3.94,0.164,40775.0,10.3,656533.0,0.0472,1.0
2024-12-05,Video Production,1480,5,4.23,0.106,12432.0,8.4,207396.0,0.046,19.2
2024-12-05,Virtual Assistant,5242,55,3.87,0.119,49708.0,9.5,793836.0,0.0501,13.2
2024-12-05,Web Development,4037,28,4.32,0.137,45124.0,11.2,726549.0,0.0345,10.2
2024-12-06,AI/ML Development,2096,6,4.35,0.182,14915.0,7.1,244182.0,0.0502,20.6
2024-12-06,Content Writing,7615,57,4.0,0.079,43101.0,5.7,554030.0,0.0446,14.8
2024-12-06,Data Analysis,2929,9,4.34,0.135,22215.0,7.6,344296.0,0.039,5.5
2024-12-06,Financial Modeling,1074,6,4.59,0.163,6349.0,5.9,105932.0,0.0568,3.3
2024-12-06,Graphic Design,5045,29,4.1,0.149,34564.0,6.9,518686.0,0.0528,15.4
2024-12-06,Legal Consulting,606,3,4.66,0.118,3886.0,6.4,51444.0,0.0513,32.8
2024-12-06,Mobile App,1893,5,4.18,0.149,11499.0,6.1,179179.0,0.0372,9.4
2024-12-06,Music Production,1314,10,3.86,0.101,8523.0,6.5,140129.0,0.051,12.0
2024-12-06,Photography,2013,12,4.13,0.224,13530.0,6.7,191408.0,0.0567,6.4
2024-12-06,SEO/SEM,2453,25,3.98,0.067,12963.0,5.3,230977.0,0.0495,3.6
2024-12-06,Social Media Management,3581,13,3.8,0.198,21464.0,6.0,380487.0,0.0431,12.8
2024-12-06,Translation,4382,15,3.91,0.132,26411.0,6.0,450027.0,0.0554,8.6
2024-12-06,Video Production,1627,5,4.2,0.179,11570.0,7.1,178339.0,0.042,3.9
2024-12-06,Virtual Assistant,5032,65,3.7,0.14,24001.0,4.8,426436.0,0.055,4.1
2024-12-06,Web Development,3529,36,4.29,0.148,21229.0,6.0,261203.0,0.0435,2.4
2024-12-07,AI/ML Development,1696,15,4.42,0.094,7957.0,4.7,105250.0,0.0599,2.4
2024-12-07,Content Writing,7575,41,3.99,0.206,29062.0,3.8,367709.0,0.0512,11.7
2024-12-07,Data Analysis,2774,17,4.36,0.183,11844.0,4.3,212290.0,0.0498,3.7
2024-12-07,Financial Modeling,860,4,4.54,0.129,3827.0,4.5,67876.0,0.0425,13.3
2024-12-07,Graphic Design,5671,55,4.18,0.192,26111.0,4.6,354875.0,0.0351,17.5
2024-12-07,Legal Consulting,732,8,4.59,0.153,2914.0,4.0,36122.0,0.0436,4.5
2024-12-07,Mobile App,2114,19,4.39,0.156,9103.0,4.3,148914.0,0.0369,6.7
2024-12-07,Music Production,1286,15,3.81,0.159,4205.0,3.3,61049.0,0.0455,3.8
2024-12-07,Photography,1931,24,4.12,0.19,7475.0,3.9,98059.0,0.0444,9.3
2024-12-07,SEO/SEM,2581,13,4.02,0.108,10731.0,4.2,179190.0,0.0351,20.3
2024-12-07,Social Media Management,3635,22,3.78,0.2,14182.0,3.9,241148.0,0.0394,8.3
2024-12-07,Translation,4798,30,3.94,0.185,20836.0,4.3,358495.0,0.0403,5.9
2024-12-07,Video Production,1407,12,4.25,0.167,6227.0,4.4,90756.0,0.0337,20.7
2024-12-07,Virtual Assistant,4545,42,3.83,0.191,17107.0,3.8,236525.0,0.0417,3.5
2024-12-07,Web Development,3296,18,4.35,0.175,13201.0,4.0,237271.0,0.0461,1.8
2024-12-08,AI/ML Development,2112,8,4.42,0.159,9924.0,4.7,149839.0,0.0412,19.0
2024-12-08,Content Writing,7009,35,4.02,0.129,27999.0,4.0,494422.0,0.0654,5.5
2024-12-08,Data Analysis,2805,3,4.24,0.142,10973.0,3.9,182282.0,0.0377,1.9
2024-12-08,Financial Modeling,991,7,4.58,0.192,3733.0,3.8,63644.0,0.05,5.5
2024-12-08,Graphic Design,5765,74,4.1,0.132,24820.0,4.3,412720.0,0.0488,4.1
2024-12-08,Legal Consulting,610,3,4.63,0.158,2619.0,4.3,38594.0,0.0432,6.7
2024-12-08,Mobile App,2043,13,4.12,0.172,7481.0,3.7,105591.0,0.0415,11.7
2024-12-08,Music Production,1224,9,3.99,0.113,5502.0,4.5,68425.0,0.0427,18.4
2024-12-08,Photography,2021,8,3.94,0.148,6285.0,3.1,77944.0,0.0367,26.4
2024-12-08,SEO/SEM,2415,18,4.04,0.125,9919.0,4.1,128083.0,0.0349,4.0
2024-12-08,Social Media Management,3216,49,3.84,0.176,12999.0,4.0,224590.0,0.0329,2.2
2024-12-08,Translation,4799,28,3.97,0.104,16098.0,3.4,228153.0,0.0415,14.5
2024-12-08,Video Production,1575,11,4.25,0.164,5241.0,3.3,72133.0,0.0424,14.0
2024-12-08,Virtual Assistant,4587,19,3.89,0.134,20227.0,4.4,356489.0,0.044,10.5
2024-12-08,Web Development,3301,24,4.43,0.202,11351.0,3.4,164940.0,0.0506,6.1
2024-12-09,AI/ML Development,1740,16,4.44,0.143,11955.0,6.9,185357.0,0.0416,6.7
2024-12-09,Content Writing,6512,31,4.1,0.21,50789.0,7.8,745251.0,0.038,6.8
2024-12-09,Data Analysis,3265,25,4.4,0.2,24259.0,7.4,296608.0,0.0392,3.7
2024-12-09,Financial Modeling,1043,4,4.51,0.13,8369.0,8.0,131042.0,0.0514,8.4
2024-12-09,Graphic Design,5075,84,4.15,0.121,34023.0,6.7,507733.0,0.0325,28.5
2024-12-09,Legal Consulting,639,2,4.71,0.109,4859.0,7.6,68595.0,0.0468,3.0
2024-12-09,Mobile App,2018,34,4.25,0.101,15693.0,7.8,256988.0,0.034,6.9
2024-12-09,Music Production,1278,8,3.94,0.161,7941.0,6.2,114473.0,0.0586,5.5
2024-12-09,Photography,2246,46,4.06,0.144,15566.0,6.9,198285.0,0.0534,1.4
2024-12-09,SEO/SEM,2316,20,4.05,0.154,17441.0,7.5,282381.0,0.0402,15.6
2024-12-09,Social Media Management,3642,31,3.91,0.14,24938.0,6.8,433594.0,0.0558,15.6
2024-12-09,Translation,4235,42,3.92,0.109,27549.0,6.5,355894.0,0.043,5.0
2024-12-09,Video Production,1471,13,4.28,0.141,10994.0,7.5,189535.0,0.0404,9.8
2024-12-09,Virtual Assistant,4989,18,3.77,0.156,36540.0,7.3,522714.0,0.068,7.7
2024-12-09,Web Development,3239,28,4.38,0.132,28608.0,8.8,468547.0,0.0349,65.5
2024-12-10,AI/ML Development,1801,19,4.52,0.128,13319.0,7.4,160655.0,0.0482,9.3
2024-12-10,Content Writing,6742,17,4.09,0.05,44159.0,6.5,594379.0,0.0526,22.4
2024-12-10,Data Analysis,2711,13,4.28,0.139,16842.0,6.2,205068.0,0.0484,6.5
2024-12-10,Financial Modeling,949,11,4.66,0.175,6522.0,6.9,102389.0,0.0249,12.2
2024-12-10,Graphic Design,5437,20,4.1,0.149,36268.0,6.7,567920.0,0.0531,9.9
2024-12-10,Legal Consulting,752,6,4.65,0.139,5193.0,6.9,67706.0,0.0379,29.1
2024-12-10,Mobile App,2186,13,4.17,0.141,18875.0,8.6,312705.0,0.0346,9.4
2024-12-10,Music Production,1478,13,3.95,0.109,9821.0,6.6,147355.0,0.0526,32.7
2024-12-10,Photography,1971,12,4.13,0.199,14488.0,7.4,202706.0,0.0596,14.4
2024-12-10,SEO/SEM,2581,15,4.07,0.12,15757.0,6.1,199579.0,0.0355,3.4
2024-12-10,Social Media Management,3474,36,3.72,0.152,23688.0,6.8,313471.0,0.047,1.7
2024-12-10,Translation,4429,87,4.04,0.111,35229.0,8.0,557371.0,0.0449,3.9
2024-12-10,Video Production,1538,12,4.3,0.15,13719.0,8.9,165101.0,0.0549,4.8
2024-12-10,Virtual Assistant,4808,31,3.76,0.128,33682.0,7.0,605842.0,0.0415,8.4
2024-12-10,Web Development,3992,44,4.41,0.137,29847.0,7.5,414874.0,0.0494,13.3
2024-12-11,AI/ML Development,1988,14,4.47,0.146,13061.0,6.6,194554.0,0.0385,1.0
2024-12-11,Content Writing,8079,26,3.97,0.173,46225.0,5.7,726580.0,0.0489,6.7
2024-12-11,Data Analysis,2818,16,4.33,0.151,21109.0,7.5,283699.0,0.0395,7.3
2024-12-11,Financial Modeling,896,2,4.53,0.129,8087.0,9.0,145319.0,0.0425,6.1
2024-12-11,Graphic Design,5403,33,4.19,0.138,44217.0,8.2,612774.0,0.0379,10.3
2024-12-11,Legal Consulting,0,8,4.6,0.118,6109.0,8.3,94445.0,0.042,4.2
2024-12-11,Mobile App,2383,9,4.25,0.157,17551.0,7.4,235460.0,0.041,2.5
2024-12-11,Music Production,1449,12,3.94,0.087,9019.0,6.2,136687.0,0.0515,4.8
2024-12-11,Photography,1987,7,4.06,0.145,17006.0,8.6,265925.0,0.0428,5.3
2024-12-11,SEO/SEM,2265,7,4.03,0.128,15416.0,6.8,263255.0,0.0444,46.9
2024-12-11,Social Media Management,3269,16,3.74,0.191,22581.0,6.9,316856.0,0.0467,8.0
2024-12-11,Translation,4366,39,3.91,0.163,35857.0,8.2,470940.0,0.0449,12.9
2024-12-11,Video Production,1479,6,4.25,0.12,10152.0,6.9,158591.0,0.0545,6.4
2024-12-11,Virtual Assistant,4489,48,3.8,0.177,29596.0,6.6,481659.0,0.0502,4.0
2024-12-11,Web Development,3307,18,4.33,0.167,21260.0,6.4,376367.0,0.0528,9.0
2024-12-12,AI/ML Development,2033,4,4.45,0.116,13831.0,6.8,190646.0,0.0458,9.8
2024-12-12,Content Writing,6859,51,3.95,0.136,35300.0,5.1,445241.0,0.0413,4.7
2024-12-12,Data Analysis,3129,27,4.37,0.163,19555.0,6.2,323228.0,0.0369,6.5
2024-12-12,Financial Modeling,1074,13,4.51,0.136,6558.0,6.1,85697.0,0.0365,3.3
2024-12-12,Graphic Design,5512,29,4.09,0.175,30695.0,5.6,441492.0,0.0462,9.2
2024-12-12,Legal Consulting,654,2,4.62,0.126,3958.0,6.1,51061.0,0.042,23.6
2024-12-12,Mobile App,2304,15,4.32,0.172,13799.0,6.0,188259.0,0.0484,10.9
2024-12-12,Music Production,1505,31,3.9,0.115,7894.0,5.2,102775.0,0.0647,4.6
2024-12-12,Photography,2133,7,4.18,0.144,11809.0,5.5,157469.0,0.0456,7.0
2024-12-12,SEO/SEM,2093,17,4.03,0.151,14585.0,7.0,206643.0,0.0555,7.4
2024-12-12,Social Media Management,3556,24,3.84,0.17,21066.0,5.9,319271.0,0.0386,6.7
2024-12-12,Translation,4398,15,3.97,0.105,27047.0,6.1,402762.0,0.0568,4.1
2024-12-12,Video Production,1409,9,4.22,0.158,7858.0,5.6,139366.0,0.0378,2.3
2024-12-12,Virtual Assistant,4300,66,3.86,0.107,25327.0,5.9,317033.0,0.0513,3.5
2024-12-12,Web Development,3216,24,4.3,0.105,24214.0,7.5,416913.0,0.049,10.3
2024-12-13,AI/ML Development,2035,7,4.45,0.14,13066.0,6.4,215811.0,0.0514,6.7
2024-12-13,Content Writing,6799,41,4.0,0.156,43932.0,6.5,558649.0,0.0431,3.7
2024-12-13,Data Analysis,2697,11,4.34,0.16,19364.0,7.2,314583.0,0.0475,1.8
2024-12-13,Financial Modeling,1012,7,4.46,0.122,7377.0,7.3,93882.0,0.0587,6.1
2024-12-13,Graphic Design,5101,27,4.04,0.17,31526.0,6.2,392492.0,0.0447,21.0
2024-12-13,Legal Consulting,617,3,4.62,0.113,4029.0,6.5,51044.0,0.0351,44.1
2024-12-13,Mobile App,2215,6,4.25,0.195,14703.0,6.6,235382.0,0.0434,3.0
2024-12-13,Music Production,1313,16,3.92,0.129,8625.0,6.6,149182.0,0.0596,44.9
2024-12-13,Photography,1860,11,4.22,0.115,10802.0,5.8,132805.0,0.0445,4.8
2024-12-13,SEO/SEM,2318,21,4.03,0.126,15468.0,6.7,276825.0,0.0406,8.2
2024-12-13,Social Media Management,3277,20,3.78,0.159,19548.0,6.0,292245.0,0.0388,2.5
2024-12-13,Translation,3839,17,3.94,0.148,25113.0,6.5,348545.0,0.0523,9.7
2024-12-13,Video Production,1423,4,4.25,0.177,9143.0,6.4,162754.0,0.033,5.3
2024-12-13,Virtual Assistant,5246,68,3.8,0.101,34798.0,6.6,562737.0,0.0522,3.9
2024-12-13,Web Development,3819,22,4.38,0.151,22658.0,5.9,305560.0,0.0254,3.8
2024-12-14,AI/ML Development,1992,31,4.44,0.163,7828.0,3.9,105001.0,0.0354,3.5
2024-12-14,Content Writing,6586,51,3.92,0.134,30645.0,4.7,475155.0,0.036,5.7
2024-12-14,Data Analysis,2692,33,4.4,0.178,13986.0,5.2,239669.0,0.0457,8.8
2024-12-14,Financial Modeling,853,5,4.43,0.174,3153.0,3.7,55979.0,0.0484,16.2
2024-12-14,Graphic Design,5585,41,4.1,0.137,24547.0,4.4,305527.0,0.0649,20.5
2024-12-14,Legal Consulting,688,4,4.65,0.157,3148.0,4.6,45476.0,0.0332,2.6
2024-12-14,Mobile App,2030,4,4.2,0.136,8184.0,4.0,128551.0,0.0557,6.9
2024-12-14,Music Production,1214,5,3.89,0.164,5544.0,4.6,81273.0,0.0603,2.5
2024-12-14,Photography,1896,16,4.22,0.181,7065.0,3.7,92111.0,0.0367,1.2
2024-12-14,SEO/SEM,2621,11,4.0,0.099,11414.0,4.4,180770.0,0.0336,17.1
2024-12-14,Social Media Management,3092,123,3.89,0.233,13642.0,4.4,189859.0,0.0395,4.6
2024-12-14,Translation,4779,35,4.0,0.165,17634.0,3.7,251694.0,0.0357,5.0
2024-12-14,Video Production,1614,6,4.17,0.174,6978.0,4.3,109731.0,0.045,11.1
2024-12-14,Virtual Assistant,4724,64,3.75,0.196,17752.0,3.8,293233.0,0.0388,21.2
2024-12-14,Web Development,3476,15,4.32,0.123,15157.0,4.4,227517.0,0.0326,7.1
2024-12-15,AI/ML Development,1786,12,4.49,0.197,8515.0,4.8,132115.0,0.0466,8.3
2024-12-15,Content Writing,6994,101,4.03,0.182,29373.0,4.2,407601.0,0.0392,12.9
2024-12-15,Data Analysis,3084,27,4.26,0.197,10693.0,3.5,158644.0,0.0422,4.2
2024-12-15,Financial Modeling,1000,6,4.57,0.154,4103.0,4.1,59873.0,0.0415,4.0
2024-12-15,Graphic Design,5674,39,4.11,0.17,19158.0,3.4,232135.0,0.0464,18.1
2024-12-15,Legal Consulting,600,8,4.64,0.129,3160.0,5.3,38761.0,0.0402,7.8
2024-12-15,Mobile App,2279,15,4.16,0.145,7949.0,3.5,140027.0,0.0586,2.5
2024-12-15,Music Production,1490,5,3.99,0.138,6457.0,4.3,89498.0,0.0468,34.4
2024-12-15,Photography,2219,17,4.16,0.09,9815.0,4.4,163043.0,0.0489,28.5
2024-12-15,SEO/SEM,2173,12,4.08,0.226,7700.0,3.5,103035.0,0.0447,5.0
2024-12-15,Social Media Management,3265,27,3.87,0.159,11825.0,3.6,146351.0,0.0388,9.0
2024-12-15,Translation,3877,30,3.97,0.157,14012.0,3.6,190030.0,0.0389,21.8
2024-12-15,Video Production,1562,7,4.26,0.092,6922.0,4.4,123076.0,0.0578,12.2
2024-12-15,Virtual Assistant,4335,31,3.82,0.155,15132.0,3.5,220372.0,0.0413,6.2
2024-12-15,Web Development,4022,22,4.36,0.15,18212.0,4.5,241748.0,0.0522,22.0
2024-12-16,AI/ML Development,2124,14,4.47,0.132,13986.0,6.6,219236.0,0.0379,5.3
2024-12-16,Content Writing,7310,65,4.11,0.163,43198.0,5.9,728186.0,0.0539,5.1
2024-12-16,Data Analysis,2899,11,4.4,0.174,23792.0,8.2,351634.0,0.0364,10.1
2024-12-16,Financial Modeling,1011,7,4.54,0.164,6523.0,6.5,91323.0,0.0524,8.7
2024-12-16,Graphic Design,4902,75,4.17,0.141,37273.0,7.6,602185.0,0.0385,22.5
2024-12-16,Legal Consulting,626,2,4.76,0.163,4593.0,7.3,72131.0,0.0346,14.0
2024-12-16,Mobile App,2325,12,4.18,0.161,14510.0,6.2,178490.0,0.0508,10.5
2024-12-16,Music Production,1212,8,3.95,0.191,8325.0,6.9,124140.0,0.0488,5.1
2024-12-16,Photography,2113,10,4.02,0.107,12985.0,6.1,198682.0,0.0369,17.7
2024-12-16,SEO/SEM,2187,13,3.99,0.133,15904.0,7.3,254378.0,0.0493,7.7
2024-12-16,Social Media Management,3036,18,3.85,0.135,22621.0,7.5,398449.0,0.0552,8.5
2024-12-16,Translation,4794,31,3.92,0.134,37032.0,7.7,626738.0,0.0436,32.6
2024-12-16,Video Production,1688,9,4.3,0.151,13652.0,8.1,230657.0,0.0395,10.4
2024-12-16,Virtual Assistant,5004,43,3.86,0.145,39130.0,7.8,599441.0,0.0402,3.0
2024-12-16,Web Development,3581,29,4.41,0.165,24093.0,6.7,371934.0,0.0509,4.1
2024-12-17,AI/ML Development,1740,36,4.49,0.126,16346.0,9.4,287151.0,0.0362,1.3
2024-12-17,Content Writing,7166,55,3.97,0.134,40652.0,5.7,,0.055,16.7
2024-12-17,Data Analysis,3018,17,4.39,0.146,19483.0,6.5,309672.0,0.0632,5.9
2024-12-17,Financial Modeling,878,2,4.54,0.171,7145.0,8.1,116036.0,0.044,8.7
2024-12-17,Graphic Design,6024,53,4.21,0.135,41256.0,6.8,555170.0,0.0483,3.2
2024-12-17,Legal Consulting,618,5,4.62,0.146,5500.0,8.9,91388.0,0.0516,10.2
2024-12-17,Mobile App,1983,24,4.21,0.156,16729.0,8.4,212788.0,0.0438,4.6
2024-12-17,Music Production,1431,11,3.96,0.196,10570.0,7.4,181222.0,0.0502,5.7
2024-12-17,Photography,2100,11,4.08,0.153,17005.0,8.1,295793.0,0.049,6.8
2024-12-17,SEO/SEM,2153,28,4.07,0.097,17116.0,7.9,244489.0,0.0428,3.0
2024-12-17,Social Media Management,3309,31,3.77,0.087,22155.0,6.7,287929.0,0.0466,7.2
2024-12-17,Translation,4736,15,3.95,0.121,33410.0,7.1,545937.0,0.0322,5.1
2024-12-17,Video Production,1550,6,4.27,0.152,13674.0,8.8,209979.0,0.0444,5.1
2024-12-17,Virtual Assistant,4579,25,3.87,0.159,30351.0,6.6,545785.0,0.0472,5.2
2024-12-17,Web Development,3815,22,4.43,0.133,24482.0,6.4,299528.0,0.056,11.1
2024-12-18,AI/ML Development,2001,21,4.37,0.107,18286.0,9.1,315829.0,0.0481,8.2
2024-12-18,Content Writing,8145,81,4.0,0.156,54495.0,6.7,735027.0,0.0448,13.0
2024-12-18,Data Analysis,3240,19,4.35,0.189,26839.0,8.3,427385.0,0.0427,13.9
2024-12-18,Financial Modeling,905,4,4.58,0.203,8604.0,9.5,148554.0,0.0396,14.0
2024-12-18,Graphic Design,6022,72,3.94,0.163,42746.0,7.1,613550.0,0.0261,23.2
2024-12-18,Legal Consulting,641,6,4.63,0.14,5671.0,8.8,75170.0,0.0364,8.5
2024-12-18,Mobile App,2344,70,4.18,0.144,19740.0,8.4,309306.0,0.043,3.2
2024-12-18,Music Production,1474,7,3.89,0.122,10999.0,7.5,155615.0,0.0349,8.5
2024-12-18,Photography,2138,21,4.1,0.161,13229.0,6.2,220152.0,0.05,8.0
2024-12-18,SEO/SEM,2487,22,4.1,0.12,17001.0,6.8,267158.0,0.0481,4.6
2024-12-18,Social Media Management,3287,14,3.86,0.147,23816.0,7.2,318603.0,0.0454,1.3
2024-12-18,Translation,4715,48,3.88,0.159,29818.0,6.3,380291.0,0.0405,14.7
2024-12-18,Video Production,1568,10,4.21,0.135,11176.0,7.1,175670.0,0.0466,6.4
2024-12-18,Virtual Assistant,4851,20,3.84,0.184,31636.0,6.5,465500.0,0.0452,5.2
2024-12-18,Web Development,3977,19,4.27,0.107,32729.0,8.2,416490.0,0.0371,25.3
2024-12-19,AI/ML Development,2146,12,4.47,0.228,15486.0,7.2,232568.0,0.0499,6.7
2024-12-19,Content Writing,7074,49,4.01,0.137,42044.0,5.9,727019.0,0.0589,7.2
2024-12-19,Data Analysis,2963,14,4.38,0.14,22670.0,7.7,312688.0,0.0288,3.2
2024-12-19,Financial Modeling,957,2,4.55,0.135,7353.0,7.7,128664.0,0.0422,3.2
2024-12-19,Graphic Design,4966,44,4.15,0.163,34286.0,6.9,431908.0,0.0477,5.7
2024-12-19,Legal Consulting,748,9,4.66,0.152,5326.0,7.1,82444.0,0.0408,5.8
2024-12-19,Mobile App,2293,18,4.28,0.104,12280.0,5.4,189755.0,0.0387,13.2
2024-12-19,Music Production,1477,17,4.02,0.15,7901.0,5.3,133673.0,0.052,12.3
2024-12-19,Photography,2035,13,4.19,0.131,11668.0,5.7,198818.0,0.0444,4.1
2024-12-19,SEO/SEM,2112,7,3.99,0.136,13693.0,6.5,171400.0,0.0496,14.5
2024-12-19,Social Media Management,3708,23,3.9,0.147,24543.0,6.6,418782.0,0.055,2.2
2024-12-19,Translation,4117,30,3.97,0.133,25618.0,6.2,427943.0,0.0279,2.4
2024-12-19,Video Production,1676,10,4.33,0.129,11830.0,7.1,169064.0,0.0488,5.6
2024-12-19,Virtual Assistant,4425,18,3.85,0.144,20766.0,4.7,359398.0,0.0529,47.8
2024-12-19,Web Development,3444,45,4.43,0.174,22718.0,6.6,299107.0,0.0476,5.0
2024-12-20,AI/ML Development,2115,13,4.47,0.183,12506.0,5.9,164481.0,0.0544,12.3
2024-12-20,Content Writing,7440,161,4.05,0.139,40118.0,5.4,554554.0,0.0352,9.6
2024-12-20,Data Analysis,3195,23,4.38,0.158,21687.0,6.8,369518.0,0.0403,4.3
2024-12-20,Financial Modeling,1043,9,4.65,0.15,8371.0,8.0,133910.0,0.04,4.2
2024-12-20,Graphic Design,5169,12,4.15,0.134,25616.0,5.0,312590.0,0.0408,11.6
2024-12-20,Legal Consulting,737,5,4.64,0.171,5801.0,7.9,75819.0,0.0398,12.6
2024-12-20,Mobile App,2111,22,4.19,0.188,11125.0,5.3,137857.0,0.0455,12.3
2024-12-20,Music Production,1517,14,3.94,0.154,7693.0,5.1,106792.0,0.0465,20.1
2024-12-20,Photography,1965,10,4.14,0.179,13927.0,7.1,169367.0,0.0353,18.7
2024-12-20,SEO/SEM,2142,11,4.06,0.222,11432.0,5.3,190580.0,0.0363,21.2
2024-12-20,Social Media Management,3531,20,3.86,0.186,20376.0,5.8,282083.0,0.0282,23.7
2024-12-20,Translation,4742,45,3.91,0.138,22904.0,4.8,364665.0,0.0613,7.2
2024-12-20,Video Production,1397,3,4.11,0.133,8692.0,6.2,114193.0,0.04,8.5
2024-12-20,Virtual Assistant,5219,36,3.77,0.188,24967.0,4.8,300520.0,0.0571,3.8
2024-12-20,Web Development,3788,24,4.29,0.196,24003.0,6.3,404230.0,0.0392,3.7
2024-12-21,AI/ML Development,1847,32,4.45,0.124,8181.0,4.4,143660.0,0.0377,10.8
2024-12-21,Content Writing,8070,38,4.04,0.199,30485.0,3.8,443040.0,0.047,9.2
2024-12-21,Data Analysis,3250,48,4.21,0.143,16622.0,5.1,279659.0,0.0442,2.5
2024-12-21,Financial Modeling,865,5,4.42,0.169,4016.0,4.6,66557.0,0.0569,6.8
2024-12-21,Graphic Design,5424,23,4.11,0.171,25792.0,4.8,427261.0,0.0669,16.9
2024-12-21,Legal Consulting,613,2,4.65,0.161,2958.0,4.8,41361.0,0.0431,13.7
2024-12-21,Mobile App,2030,12,4.34,0.152,9757.0,4.8,147016.0,0.0392,6.2
2024-12-21,Music Production,1281,5,3.96,0.162,,4.5,90632.0,0.0332,11.2
2024-12-21,Photography,2088,7,4.1,0.103,10248.0,4.9,152141.0,0.0448,7.6
2024-12-21,SEO/SEM,2613,31,4.1,0.131,9431.0,3.6,147294.0,0.0445,2.8
2024-12-21,Social Media Management,3436,13,3.85,0.197,14552.0,4.2,213928.0,0.0464,12.6
2024-12-21,Translation,4590,28,3.97,0.144,22072.0,4.8,316291.0,0.0529,16.1
2024-12-21,Video Production,1656,38,4.3,0.173,8163.0,4.9,117973.0,0.0455,3.4
2024-12-21,Virtual Assistant,4518,51,3.77,0.179,16515.0,3.7,248668.0,0.0321,2.7
2024-12-21,Web Development,3821,26,4.31,0.149,15848.0,4.1,223478.0,0.0354,5.4
2024-12-22,AI/ML Development,1715,19,4.39,0.157,6295.0,3.7,110239.0,0.0515,19.3
2024-12-22,Content Writing,8057,96,4.0,0.196,35050.0,4.4,426074.0,0.0316,8.5
2024-12-22,Data Analysis,2967,7,4.31,0.13,14007.0,4.7,215705.0,0.0597,8.1
2024-12-22,Financial Modeling,858,2,4.55,0.186,3470.0,4.0,56082.0,0.0479,38.5
2024-12-22,Graphic Design,5177,21,4.1,0.158,22399.0,4.3,380012.0,0.0519,4.0
2024-12-22,Legal Consulting,665,2,4.64,0.167,2419.0,3.6,36084.0,0.0267,4.9
2024-12-22,Mobile App,2071,23,4.28,0.119,9920.0,4.8,153844.0,0.0493,4.8
2024-12-22,Music Production,1474,14,3.88,0.171,5905.0,4.0,98438.0,0.0446,21.9
2024-12-22,Photography,2102,25,4.18,0.114,7804.0,3.7,97894.0,0.0445,3.2
2024-12-22,SEO/SEM,2151,29,3.96,0.163,7557.0,3.5,116981.0,0.0518,5.8
2024-12-22,Social Media Management,3306,31,3.74,0.19,13103.0,4.0,231003.0,0.0364,5.2
2024-12-22,Translation,4705,30,3.98,0.112,14447.0,3.1,222170.0,0.0535,10.1
2024-12-22,Video Production,1752,3,4.23,0.17,8454.0,4.8,119368.0,0.0434,8.0
2024-12-22,Virtual Assistant,4292,68,3.88,0.182,13123.0,3.1,216111.0,0.0455,32.7
2024-12-22,Web Development,3750,35,4.27,0.126,12476.0,3.3,154404.0,0.0499,5.4
2024-12-23,AI/ML Development,2009,58,4.44,0.126,16041.0,8.0,271546.0,0.0562,9.2
2024-12-23,Content Writing,8188,158,3.98,0.149,54543.0,6.7,781158.0,0.0402,11.6
2024-12-23,Data Analysis,2692,28,4.34,0.136,18123.0,6.7,256518.0,0.048,7.0
2024-12-23,Financial Modeling,864,9,4.61,0.15,6848.0,7.9,98952.0,0.0534,19.2
2024-12-23,Graphic Design,5568,90,4.11,0.138,45871.0,8.2,793779.0,0.05,4.2
2024-12-23,Legal Consulting,657,2,4.69,0.133,5189.0,7.9,73061.0,0.0489,4.1
2024-12-23,Mobile App,1934,16,4.11,0.183,16494.0,8.5,276278.0,0.0398,4.5
2024-12-23,Music Production,1395,3,3.87,0.163,9738.0,7.0,174663.0,0.0517,7.4
2024-12-23,Photography,1834,26,4.11,0.138,11452.0,6.2,182447.0,0.0355,40.6
2024-12-23,SEO/SEM,2579,18,4.02,0.183,19796.0,7.7,238163.0,0.052,13.3
2024-12-23,Social Media Management,3503,24,3.82,0.187,23999.0,6.9,354941.0,0.0444,12.3
2024-12-23,Translation,3806,46,3.93,0.143,27308.0,7.2,332507.0,0.0342,3.3
2024-12-23,Video Production,1629,15,4.17,0.125,9883.0,6.1,165787.0,0.0426,13.3
2024-12-23,Virtual Assistant,4326,13,3.85,0.154,24825.0,5.7,300780.0,0.0375,14.5
2024-12-23,Web Development,3693,18,4.29,0.152,29603.0,8.0,403177.0,0.0504,2.0
2024-12-24,AI/ML Development,2063,12,4.38,0.162,18513.0,9.0,316046.0,0.0462,17.6
2024-12-24,Content Writing,7050,28,4.08,0.131,44262.0,6.3,759704.0,0.0521,3.8
2024-12-24,Data Analysis,2623,17,4.33,0.151,22067.0,8.4,296226.0,0.0495,9.3
2024-12-24,Financial Modeling,918,10,4.56,0.125,6256.0,6.8,99639.0,0.0507,10.7
2024-12-24,Graphic Design,5206,48,4.05,0.13,36906.0,7.1,571041.0,0.0317,12.2
2024-12-24,Legal Consulting,629,3,4.7,0.153,5929.0,9.4,78383.0,0.0431,16.0
2024-12-24,Mobile App,1904,9,4.29,0.147,13194.0,6.9,218017.0,0.0344,19.6
2024-12-24,Music Production,1432,19,3.92,0.188,11686.0,8.2,160880.0,0.0383,9.7
2024-12-24,Photography,2133,6,4.13,0.139,14002.0,6.6,243476.0,0.0407,6.4
2024-12-24,SEO/SEM,2333,18,4.15,0.145,19104.0,8.2,261437.0,0.0251,18.6
2024-12-24,Social Media Management,3301,17,3.83,0.13,19159.0,5.8,332471.0,0.0428,5.9
2024-12-24,Translation,3893,35,3.81,0.159,22595.0,5.8,376497.0,0.0464,9.3
2024-12-24,Video Production,1578,15,4.33,0.142,14485.0,9.2,197658.0,0.0519,13.3
2024-12-24,Virtual Assistant,4987,30,3.88,0.146,29779.0,6.0,376135.0,0.0394,17.2
2024-12-24,Web Development,3277,13,4.37,0.164,23450.0,7.2,375176.0,0.041,21.2
2024-12-25,AI/ML Development,1997,18,4.55,0.125,16113.0,8.1,204047.0,0.0546,34.4
2024-12-25,Content Writing,6841,18,4.01,0.174,56847.0,8.3,831837.0,0.034,18.1
2024-12-25,Data Analysis,3254,20,4.36,0.178,23660.0,7.3,417422.0,0.0431,10.9
2024-12-25,Financial Modeling,962,6,4.35,0.14,7748.0,8.1,135505.0,0.0379,18.0
2024-12-25,Graphic Design,6027,50,4.08,0.187,43418.0,7.2,590288.0,0.052,4.1
2024-12-25,Legal Consulting,599,4,4.69,0.155,5024.0,8.4,62852.0,0.0353,3.2
2024-12-25,Mobile App,2198,20,4.3,0.152,17395.0,7.9,222931.0,0.0546,47.2
2024-12-25,Music Production,1505,11,3.97,0.16,11605.0,7.7,168435.0,0.0453,2.0
2024-12-25,Photography,1960,16,4.15,0.126,15630.0,8.0,217170.0,0.0481,12.8
2024-12-25,SEO/SEM,2400,7,4.06,0.15,18182.0,7.6,290131.0,0.062,8.8
2024-12-25,Social Media Management,3205,9,3.81,0.181,21769.0,6.8,299812.0,0.0396,5.8
2024-12-25,Translation,3910,11,3.93,0.213,31072.0,7.9,500804.0,0.0483,8.5
2024-12-25,Video Production,1617,13,4.25,0.142,12716.0,7.9,170924.0,0.0365,7.0
2024-12-25,Virtual Assistant,4474,14,3.81,0.171,28299.0,6.3,408054.0,0.0381,8.1
2024-12-25,Web Development,3559,14,4.37,0.194,23909.0,6.7,295154.0,0.0458,12.8
2024-12-26,AI/ML Development,1777,8,4.42,0.169,12268.0,6.9,172265.0,0.0507,9.2
2024-12-26,Content Writing,6754,32,4.07,0.116,47783.0,7.1,788894.0,0.0376,16.6
2024-12-26,Data Analysis,2996,42,4.4,0.139,20709.0,6.9,313152.0,0.0614,14.2
2024-12-26,Financial Modeling,1021,5,4.61,0.1,7909.0,7.7,100812.0,0.0449,11.8
2024-12-26,Graphic Design,4860,13,4.11,0.15,33209.0,6.8,508159.0,0.0361,3.1
2024-12-26,Legal Consulting,628,2,4.61,0.156,4990.0,7.9,87855.0,0.0497,4.0
2024-12-26,Mobile App,2376,35,4.22,0.15,12187.0,5.1,187509.0,0.0365,8.6
2024-12-26,Music Production,1303,10,3.9,0.16,8320.0,6.4,135525.0,0.0526,13.6
2024-12-26,Photography,2014,15,4.08,0.164,12735.0,6.3,221837.0,0.0405,7.2
2024-12-26,SEO/SEM,2254,19,3.89,0.145,12972.0,5.8,158800.0,0.0513,9.0
2024-12-26,Social Media Management,3441,42,3.75,0.173,18601.0,5.4,267846.0,0.0675,10.7
2024-12-26,Translation,4776,52,3.87,0.154,24828.0,5.2,365252.0,0.0571,10.7
2024-12-26,Video Production,1696,12,4.23,0.111,8636.0,5.1,154512.0,0.0485,17.4
2024-12-26,Virtual Assistant,4587,19,3.88,0.155,30222.0,6.6,405705.0,0.05,5.3
2024-12-26,Web Development,3211,25,4.35,0.15,24464.0,7.6,321044.0,0.0532,14.2
2024-12-27,AI/ML Development,1901,15,4.43,0.151,13684.0,7.2,168192.0,0.0512,2.6
2024-12-27,Content Writing,8112,43,4.06,0.148,47002.0,5.8,806185.0,0.0555,4.6
2024-12-27,Data Analysis,2828,14,4.31,0.195,17004.0,6.0,264274.0,0.0417,12.9
2024-12-27,Financial Modeling,903,6,4.54,0.164,6480.0,7.2,114916.0,0.0363,11.0
2024-12-27,Graphic Design,5196,40,4.05,0.112,33646.0,6.5,538866.0,0.0422,3.0
2024-12-27,Legal Consulting,749,4,4.58,0.132,5401.0,7.2,77341.0,0.0451,5.1
2024-12-27,Mobile App,2218,12,4.18,0.084,13260.0,6.0,179271.0,0.0294,6.4
2024-12-27,Music Production,1387,4,4.07,0.119,9438.0,6.8,147907.0,0.0487,1.7
2024-12-27,Photography,2220,20,4.24,0.083,11493.0,5.2,161523.0,0.0483,9.3
2024-12-27,SEO/SEM,2457,21,4.01,0.159,15983.0,6.5,236197.0,0.041,12.3
2024-12-27,Social Media Management,3605,13,3.88,0.183,18322.0,5.1,231963.0,0.0425,8.2
2024-12-27,Translation,3921,9,3.88,0.115,22521.0,5.7,392125.0,0.0509,8.0
2024-12-27,Video Production,1578,11,4.19,0.148,8724.0,5.5,139366.0,0.0541,33.5
2024-12-27,Virtual Assistant,5303,92,3.81,0.211,30865.0,5.8,468852.0,0.0482,9.9
2024-12-27,Web Development,3842,19,4.36,0.113,22570.0,5.9,362014.0,0.0395,2.0
2024-12-28,AI/ML Development,1810,24,4.42,0.178,9504.0,5.3,144954.0,0.0466,13.2
2024-12-28,Content Writing,7205,28,4.0,0.151,34203.0,4.7,494239.0,0.0265,2.1
2024-12-28,Data Analysis,2772,12,4.32,0.141,14619.0,5.3,258880.0,0.0398,6.6
2024-12-28,Financial Modeling,970,2,4.58,0.164,4750.0,4.9,84883.0,0.0315,14.1
2024-12-28,Graphic Design,4906,22,4.17,0.169,23480.0,4.8,358194.0,0.0445,3.0
2024-12-28,Legal Consulting,725,2,4.61,0.13,3315.0,4.6,42728.0,0.0415,6.9
2024-12-28,Mobile App,1984,18,4.28,0.215,8006.0,4.0,132252.0,0.0326,12.6
2024-12-28,Music Production,1474,3,3.83,0.116,5275.0,3.6,82141.0,0.0516,1.9
2024-12-28,Photography,2113,12,4.17,0.136,9906.0,4.7,149934.0,0.0441,6.1
2024-12-28,SEO/SEM,2464,23,4.06,0.109,10320.0,4.2,133934.0,0.0442,7.0
2024-12-28,Social Media Management,3722,22,3.92,0.137,16087.0,4.3,245534.0,0.0443,1.3
2024-12-28,Translation,4216,18,3.92,0.172,18529.0,4.4,309103.0,0.0513,8.1
2024-12-28,Video Production,1619,7,4.19,0.163,6417.0,4.0,96200.0,0.0291,4.1
2024-12-28,Virtual Assistant,5033,83,3.95,0.157,24549.0,4.9,397135.0,0.0326,15.8
2024-12-28,Web Development,3348,21,4.33,0.173,12379.0,3.7,208927.0,0.0302,9.9
2024-12-29,AI/ML Development,1714,6,4.43,0.191,8034.0,4.7,137260.0,0.0519,6.2
2024-12-29,Content Writing,8056,48,4.08,0.159,30050.0,3.7,456531.0,0.0488,11.6
2024-12-29,Data Analysis,3226,38,4.3,0.203,15281.0,4.7,273873.0,0.043,8.9
2024-12-29,Financial Modeling,1004,5,4.48,0.149,3527.0,3.5,58581.0,0.0436,30.2
2024-12-29,Graphic Design,5550,28,4.13,0.176,24092.0,4.3,387490.0,0.0471,26.2
2024-12-29,Legal Consulting,716,1,4.52,0.127,2887.0,4.0,36295.0,0.0405,26.0
2024-12-29,Mobile App,2165,33,4.19,0.185,7004.0,3.2,,0.0236,12.0
2024-12-29,Music Production,1476,25,3.91,0.166,6233.0,4.2,90366.0,0.0404,6.8
2024-12-29,Photography,2108,13,4.18,0.208,6803.0,3.2,112615.0,0.0425,25.5
2024-12-29,SEO/SEM,2242,28,3.95,0.19,9208.0,4.1,138641.0,0.0437,7.8
2024-12-29,Social Media Management,3028,41,3.79,0.156,11655.0,3.8,206759.0,0.0451,5.7
2024-12-29,Translation,4739,104,3.85,0.129,15455.0,3.3,231391.0,0.0588,10.9
2024-12-29,Video Production,1447,12,4.25,0.135,6291.0,4.3,100304.0,0.052,7.1
2024-12-29,Virtual Assistant,4966,77,3.75,0.186,14567.0,2.9,192055.0,0.0559,9.0
2024-12-29,Web Development,3341,23,4.44,0.123,13445.0,4.0,189207.0,0.0466,27.0
2024-12-30,AI/ML Development,1965,6,4.4,0.146,14098.0,7.2,238719.0,0.0416,5.5
2024-12-30,Content Writing,8211,75,4.1,0.15,51639.0,6.3,736985.0,0.0331,12.3
2024-12-30,Data Analysis,3225,21,4.26,0.11,20463.0,6.3,286226.0,0.0406,8.7
2024-12-30,Financial Modeling,916,10,4.51,0.131,6119.0,6.7,78523.0,0.0414,11.5
2024-12-30,Graphic Design,5901,17,4.1,0.158,41112.0,7.0,593719.0,0.0506,5.8
2024-12-30,Legal Consulting,650,2,4.68,0.117,4500.0,6.9,55944.0,0.0463,12.5
2024-12-30,Mobile App,1948,11,4.15,0.148,12690.0,6.5,153419.0,0.0474,6.0
2024-12-30,Music Production,1270,2,3.89,0.129,8041.0,6.3,139967.0,0.0402,8.4
2024-12-30,Photography,1962,11,4.06,0.169,12852.0,6.6,187558.0,0.0454,5.4
2024-12-30,SEO/SEM,2448,21,3.99,0.16,17519.0,7.2,223435.0,0.0425,8.5
2024-12-30,Social Media Management,3495,28,3.82,0.111,26942.0,7.7,439958.0,0.0463,27.1
2024-12-30,Translation,3993,25,3.88,0.209,24866.0,6.2,308745.0,0.0437,7.7
2024-12-30,Video Production,1647,14,4.23,0.088,13198.0,8.0,173455.0,0.0454,17.9
2024-12-30,Virtual Assistant,5288,37,3.85,0.147,37851.0,7.2,601949.0,0.0501,6.7
2024-12-30,Web Development,3814,36,4.3,0.172,27028.0,7.1,473131.0,0.0456,12.6
2024-12-31,AI/ML Development,1728,11,4.39,0.143,12345.0,7.1,202584.0,0.0502,1.7
2024-12-31,Content Writing,8021,34,4.02,0.144,58540.0,7.3,875697.0,0.0342,2.3
2024-12-31,Data Analysis,2713,8,4.38,0.142,17343.0,6.4,213904.0,0.0428,20.8
2024-12-31,Financial Modeling,992,6,4.59,0.168,8451.0,8.5,146502.0,0.0459,13.3
2024-12-31,Graphic Design,5374,50,4.26,0.188,48666.0,9.1,595759.0,0.0457,7.7
2024-12-31,Legal Consulting,650,9,4.57,0.13,4439.0,6.8,55451.0,0.0439,13.7
2024-12-31,Mobile App,-1,10,4.31,0.162,16483.0,8.3,296618.0,0.0489,3.4
2024-12-31,Music Production,1365,6,3.9,0.165,8750.0,6.4,150423.0,0.0291,3.1
2024-12-31,Photography,2019,5,4.05,0.166,13937.0,6.9,227954.0,0.0384,11.8
2024-12-31,SEO/SEM,2592,17,4.04,0.168,20042.0,7.7,289268.0,0.0553,7.5
2024-12-31,Social Media Management,3460,46,3.83,0.138,20427.0,5.9,347100.0,0.049,7.0
2024-12-31,Translation,3992,32,3.96,0.092,24815.0,6.2,367305.0,0.049,7.7
2024-12-31,Video Production,1397,15,4.26,0.192,12321.0,8.8,215884.0,0.0412,5.9
2024-12-31,Virtual Assistant,4945,22,3.84,0.124,31957.0,6.5,418571.0,0.0679,11.1
2024-12-31,Web Development,3915,13,4.31,0.186,26301.0,6.7,443801.0,0.0559,4.4
