date,gig_category,n_active_vendors,n_new_vendors,avg_vendor_rating,top_rated_fraction,total_profile_views,avg_profile_views,search_impressions,click_through_rate,avg_response_time_hours
2024-01-01,AI/ML Development,1647,15,4.46,0.131,7301.0,4.4,126729.0,0.039,16.4
2024-01-01,Content Writing,6121,17,4.04,0.127,32261.0,5.3,570967.0,0.0399,12.9
2024-01-01,Data Analysis,2692,27,4.27,0.168,10510.0,3.9,172123.0,0.0545,4.2
2024-01-01,Financial Modeling,844,2,4.5,0.145,4246.0,5.0,62621.0,0.041,3.3
2024-01-01,Graphic Design,4879,9,4.13,0.147,26347.0,5.4,415053.0,0.0409,2.6
2024-01-01,Legal Consulting,614,3,4.39,0.149,3122.0,5.1,55211.0,0.0391,13.2
2024-01-01,Mobile App,1710,13,4.34,0.182,8815.0,5.2,128533.0,0.0496,6.4
2024-01-01,Music Production,1042,7,3.8,0.088,4343.0,4.2,56924.0,0.0478,9.1
2024-01-01,Photography,1951,8,3.98,0.14,7509.0,3.8,127705.0,0.0434,20.9
2024-01-01,SEO/SEM,1886,15,3.97,0.192,7638.0,4.0,121869.0,0.0422,19.2
2024-01-01,Social Media Management,2795,34,3.87,0.103,12042.0,4.3,198237.0,0.0472,13.5
2024-01-01,Translation,4097,50,3.88,0.062,19701.0,4.8,301064.0,0.0499,5.1
2024-01-01,Video Production,1218,14,4.18,0.159,6317.0,5.2,78071.0,0.0558,8.3
2024-01-01,Virtual Assistant,3882,32,3.83,0.14,15761.0,4.1,266375.0,0.0462,7.3
2024-01-01,Web Development,3340,19,4.25,0.153,18652.0,5.6,303755.0,0.0431,18.8
2024-01-02,AI/ML Development,1728,11,4.4,0.146,,4.5,128139.0,0.0492,8.0
2024-01-02,Content Writing,6107,16,4.12,0.175,25147.0,4.1,304542.0,0.0487,8.8
2024-01-02,Data Analysis,2620,16,4.16,0.111,10788.0,4.1,130330.0,0.0429,5.0
2024-01-02,Financial Modeling,807,3,4.48,0.082,4445.0,5.5,71166.0,0.0487,6.7
2024-01-02,Graphic Design,4826,24,4.07,0.096,23819.0,4.9,290307.0,0.0382,5.8
2024-01-02,Legal Consulting,599,5,4.55,0.195,3286.0,5.5,42996.0,0.0404,2.5
2024-01-02,Mobile App,1992,17,4.09,0.155,10709.0,5.4,173133.0,0.0288,15.4
2024-01-02,Music Production,1082,8,3.87,0.063,5631.0,5.2,86617.0,0.0463,26.3
2024-01-02,Photography,1606,13,4.11,0.193,6480.0,4.0,105016.0,0.032,5.6
2024-01-02,SEO/SEM,2139,33,4.06,0.194,10048.0,4.7,121896.0,0.0455,16.2
2024-01-02,Social Media Management,3276,42,3.78,0.192,12751.0,3.9,200591.0,0.0348,24.6
2024-01-02,Translation,3306,16,3.94,0.129,17287.0,5.2,231048.0,0.0498,2.1
2024-01-02,Video Production,1346,10,4.22,0.169,6054.0,4.5,74416.0,0.0492,3.0
2024-01-02,Virtual Assistant,3758,29,3.72,0.123,13105.0,3.5,222995.0,0.0345,5.5
2024-01-02,Web Development,3148,13,4.29,0.202,17494.0,5.6,300899.0,0.041,11.5
2024-01-03,AI/ML Development,1716,7,4.44,0.132,10205.0,5.9,173794.0,0.0438,10.8
2024-01-03,Content Writing,5995,48,4.05,0.205,29797.0,5.0,485142.0,0.0437,9.3
2024-01-03,Data Analysis,2365,17,4.32,0.129,9874.0,4.2,165350.0,1.9104,4.5
2024-01-03,Financial Modeling,885,9,4.5,0.155,4182.0,4.7,70798.0,0.0459,9.2
2024-01-03,Graphic Design,4215,55,4.19,0.113,19558.0,4.6,283476.0,0.0414,8.7
2024-01-03,Legal Consulting,611,5,4.5,0.153,2767.0,4.5,44130.0,0.0569,14.8
2024-01-03,Mobile App,1710,8,4.18,0.153,7061.0,4.1,86658.0,0.0418,37.1
2024-01-03,Music Production,1067,9,4.06,0.156,4303.0,4.0,57829.0,0.0477,10.9
2024-01-03,Photography,1593,7,4.18,0.161,6491.0,4.1,101895.0,0.0374,9.5
2024-01-03,SEO/SEM,2131,22,3.95,0.188,8722.0,4.1,109019.0,0.0508,6.9
2024-01-03,Social Media Management,2946,10,3.82,0.139,11694.0,4.0,162098.0,0.0526,2.5
2024-01-03,Translation,3782,14,3.89,0.176,14740.0,3.9,238285.0,0.0373,7.0
2024-01-03,Video Production,1251,8,4.21,0.123,4865.0,3.9,72257.0,0.0477,14.2
2024-01-03,Virtual Assistant,3867,26,3.9,0.141,16561.0,4.3,276747.0,0.0588,1.5
2024-01-03,Web Development,3105,16,4.23,0.098,12648.0,4.1,169645.0,0.0513,10.5
2024-01-04,AI/ML Development,1811,15,4.39,0.146,7081.0,3.9,100524.0,0.0383,13.9
2024-01-04,Content Writing,5841,10,4.03,0.174,18247.0,3.1,276141.0,0.0302,12.7
2024-01-04,Data Analysis,2480,19,4.2,0.157,9886.0,4.0,131062.0,0.0476,6.7
2024-01-04,Financial Modeling,780,4,4.51,0.154,3848.0,4.9,46489.0,0.0413,2.4
2024-01-04,Graphic Design,4381,24,4.14,0.075,20108.0,4.6,302410.0,0.0392,25.8
2024-01-04,Legal Consulting,653,11,4.63,0.093,2493.0,3.8,43274.0,0.0326,11.4
2024-01-04,Mobile App,2047,9,4.2,0.145,7381.0,3.6,113679.0,0.036,13.4
2024-01-04,Music Production,1041,7,3.94,0.139,3675.0,3.5,55242.0,0.0443,3.7
2024-01-04,Photography,1702,16,4.13,0.142,6676.0,3.9,118882.0,0.0435,5.3
2024-01-04,SEO/SEM,2133,5,3.96,0.133,9559.0,4.5,130592.0,0.0435,2.2
2024-01-04,Social Media Management,3030,21,3.85,0.145,11092.0,3.7,199404.0,0.0495,9.9
2024-01-04,Translation,3338,26,3.83,0.119,14426.0,4.3,196615.0,0.0489,11.8
2024-01-04,Video Production,1339,10,4.18,0.109,6022.0,4.5,96871.0,0.0451,39.0
2024-01-04,Virtual Assistant,3930,19,3.86,0.119,15438.0,3.9,188431.0,0.0397,9.4
2024-01-04,Web Development,3151,14,4.32,0.13,11096.0,3.5,136896.0,0.0309,6.8
2024-01-05,AI/ML Development,1770,11,4.38,0.122,7462.0,4.2,101724.0,0.0467,7.0
2024-01-05,Content Writing,6004,116,4.04,0.189,27420.0,4.6,492162.0,0.0526,5.0
2024-01-05,Data Analysis,2298,5,4.33,0.148,10071.0,4.4,176743.0,0.0406,11.5
2024-01-05,Financial Modeling,880,4,4.47,0.186,3751.0,4.3,62200.0,0.0419,6.3
2024-01-05,Graphic Design,4361,22,4.09,0.086,17157.0,3.9,282826.0,0.0244,6.4
2024-01-05,Legal Consulting,656,1,4.6,0.172,2432.0,3.7,43446.0,0.0542,12.3
2024-01-05,Mobile App,1748,7,4.24,0.143,8131.0,4.7,98520.0,0.0331,15.6
2024-01-05,Music Production,1057,4,3.82,0.177,3567.0,3.4,49004.0,0.0496,41.1
2024-01-05,Photography,1848,7,4.14,0.161,6527.0,3.5,79834.0,0.0438,14.7
2024-01-05,SEO/SEM,2012,17,4.12,0.162,8500.0,4.2,137265.0,0.0389,5.9
2024-01-05,Social Media Management,2832,9,3.74,0.208,8950.0,3.2,145956.0,0.0374,11.0
2024-01-05,Translation,3743,12,3.93,0.184,11783.0,3.1,206318.0,0.0429,48.4
2024-01-05,Video Production,1509,16,4.3,0.128,6967.0,4.6,99335.0,0.0366,4.5
2024-01-05,Virtual Assistant,4191,27,3.8,0.163,15587.0,3.7,248746.0,0.049,4.5
2024-01-05,Web Development,2925,16,4.16,0.167,12169.0,4.2,178740.0,0.052,5.3
2024-01-06,AI/ML Development,1750,6,4.36,0.133,5212.0,3.0,71020.0,0.0455,2.6
2024-01-06,Content Writing,6188,23,4.08,0.146,14441.0,2.3,206295.0,0.0579,10.6
2024-01-06,Data Analysis,2376,13,4.26,0.153,7109.0,3.0,113844.0,0.0563,3.7
2024-01-06,Financial Modeling,775,9,4.48,0.118,2132.0,2.8,30155.0,0.0448,6.5
2024-01-06,Graphic Design,5213,31,4.02,0.117,12097.0,2.3,211391.0,0.0389,3.5
2024-01-06,Legal Consulting,565,4,4.52,0.158,1697.0,3.0,30115.0,0.0355,2.8
2024-01-06,Mobile App,1899,9,4.2,0.185,4761.0,2.5,65974.0,0.032,6.5
2024-01-06,Music Production,1081,7,3.98,0.176,2885.0,2.7,46968.0,0.0465,9.5
2024-01-06,Photography,1721,14,4.13,0.151,5526.0,3.2,91560.0,0.0585,8.0
2024-01-06,SEO/SEM,2038,33,4.02,0.183,5119.0,2.5,81035.0,0.0444,4.3
2024-01-06,Social Media Management,2634,15,3.83,0.121,6922.0,2.6,114599.0,0.05,16.2
2024-01-06,Translation,3365,45,3.92,0.174,8719.0,2.6,148355.0,0.0592,2.3
2024-01-06,Video Production,1408,6,4.17,0.083,3393.0,2.4,59440.0,0.0508,9.6
2024-01-06,Virtual Assistant,4426,18,3.83,0.13,12106.0,2.7,165832.0,0.0492,2.6
2024-01-06,Web Development,3360,10,4.34,0.094,10393.0,3.1,164358.0,0.0727,1.6
2024-01-07,AI/ML Development,1674,14,4.32,0.156,3897.0,2.3,64603.0,0.0497,4.7
2024-01-07,Content Writing,6365,49,3.98,0.164,15241.0,2.4,193019.0,0.0565,9.8
2024-01-07,Data Analysis,2677,38,4.34,0.098,7532.0,2.8,91166.0,0.0412,3.4
2024-01-07,Financial Modeling,822,6,4.49,0.164,2298.0,2.8,37572.0,0.0461,27.5
2024-01-07,Graphic Design,4980,22,4.08,0.186,10568.0,2.1,165025.0,0.0513,2.7
2024-01-07,Legal Consulting,579,3,4.64,0.138,1773.0,3.1,30829.0,0.0478,17.2
2024-01-07,Mobile App,1724,11,4.26,0.075,3887.0,2.3,65786.0,0.0428,26.4
2024-01-07,Music Production,1307,19,3.9,0.182,3653.0,2.8,52114.0,0.044,5.0
2024-01-07,Photography,1954,8,4.16,0.113,5174.0,2.6,70674.0,0.0288,5.1
2024-01-07,SEO/SEM,2065,20,4.03,0.12,5888.0,2.9,89981.0,0.0327,2.3
2024-01-07,Social Media Management,2910,40,3.84,0.118,7808.0,2.7,93743.0,0.0542,10.9
2024-01-07,Translation,4054,19,3.95,0.162,11017.0,2.7,148630.0,0.0447,5.2
2024-01-07,Video Production,1436,17,4.32,0.13,3238.0,2.3,58265.0,0.0616,1.6
2024-01-07,Virtual Assistant,3908,21,3.83,0.11,9117.0,2.3,120231.0,0.0494,9.5
2024-01-07,Web Development,3372,54,4.27,0.119,10261.0,3.0,141197.0,0.0354,18.7
2024-01-08,AI/ML Development,1559,6,4.36,0.121,7373.0,4.7,99517.0,0.0622,15.7
2024-01-08,Content Writing,0,40,3.92,0.138,29457.0,5.0,474143.0,0.0508,8.8
2024-01-08,Data Analysis,2498,13,4.31,0.125,13757.0,5.5,169033.0,0.0477,1.8
2024-01-08,Financial Modeling,808,4,4.56,0.115,4027.0,5.0,50686.0,0.0369,15.7
2024-01-08,Graphic Design,4326,37,4.07,0.147,22234.0,5.1,291636.0,0.0401,4.4
2024-01-08,Legal Consulting,520,1,4.6,0.121,2966.0,5.7,49822.0,0.0413,22.9
2024-01-08,Mobile App,1693,12,4.22,0.156,9471.0,5.6,161336.0,0.0405,2.1
2024-01-08,Music Production,1079,11,3.88,0.127,3859.0,3.6,68157.0,0.0369,5.4
2024-01-08,Photography,1911,8,4.07,0.155,8220.0,4.3,107081.0,0.0491,9.0
2024-01-08,SEO/SEM,2046,11,4.07,0.139,8628.0,4.2,154216.0,0.0439,5.1
2024-01-08,Social Media Management,2922,23,3.76,0.106,14404.0,4.9,199185.0,0.0448,12.5
2024-01-08,Translation,3568,30,4.0,0.158,14957.0,4.2,194460.0,0.048,24.2
2024-01-08,Video Production,1482,8,4.1,0.17,6990.0,4.7,88768.0,0.0289,14.6
2024-01-08,Virtual Assistant,4055,24,3.78,0.138,20494.0,5.1,286040.0,0.0406,6.1
2024-01-08,Web Development,3313,23,4.33,0.186,13575.0,4.1,197355.0,0.0494,18.7
2024-01-09,AI/ML Development,1771,11,4.34,0.117,9834.0,5.6,131821.0,0.0475,4.6
2024-01-09,Content Writing,6875,63,4.08,0.097,32092.0,4.7,409790.0,0.0429,2.6
2024-01-09,Data Analysis,2353,15,4.28,0.158,10509.0,4.5,158162.0,0.0448,25.3
2024-01-09,Financial Modeling,807,3,4.67,0.159,4977.0,6.2,88603.0,0.0363,1.7
2024-01-09,Graphic Design,5241,60,4.1,0.155,27018.0,5.2,467519.0,0.0556,6.0
2024-01-09,Legal Consulting,559,1,4.65,0.173,3486.0,6.2,48536.0,0.0416,6.9
2024-01-09,Mobile App,1998,15,4.08,0.24,10743.0,5.4,129597.0,0.0558,7.3
2024-01-09,Music Production,1057,5,3.83,0.153,4557.0,4.3,69590.0,0.0309,15.1
2024-01-09,Photography,1866,15,4.16,0.168,9135.0,4.9,128906.0,0.0434,14.3
2024-01-09,SEO/SEM,2195,8,4.07,0.136,10704.0,4.9,185044.0,0.0409,5.3
2024-01-09,Social Media Management,3123,6,3.83,0.211,14361.0,4.6,223087.0,0.032,18.3
2024-01-09,Translation,3811,40,3.93,0.166,13766.0,3.6,225295.0,0.051,4.5
2024-01-09,Video Production,1420,28,4.2,0.2,7514.0,5.3,114354.0,0.0574,11.9
2024-01-09,Virtual Assistant,4354,26,3.74,0.119,18850.0,4.3,265873.0,0.0421,3.1
2024-01-09,Web Development,3047,16,4.28,0.191,16405.0,5.4,234054.0,0.0387,5.1
2024-01-10,AI/ML Development,1717,8,4.39,0.192,9252.0,5.4,138555.0,0.0382,7.9
2024-01-10,Content Writing,5925,97,3.97,0.124,30063.0,5.1,528174.0,0.0587,19.5
2024-01-10,Data Analysis,2819,17,4.29,0.116,11891.0,4.2,205506.0,0.0496,27.6
2024-01-10,Financial Modeling,795,2,4.44,0.141,3510.0,4.4,44354.0,0.0443,3.7
2024-01-10,Graphic Design,4216,41,4.08,0.175,22482.0,5.3,270449.0,0.0422,5.9
2024-01-10,Legal Consulting,653,5,4.58,0.177,3674.0,5.6,47705.0,0.0446,3.8
2024-01-10,Mobile App,1895,5,4.2,0.136,9990.0,5.3,172227.0,0.044,6.4
2024-01-10,Music Production,1158,7,3.86,0.163,5182.0,4.5,81149.0,0.0386,6.4
2024-01-10,Photography,1793,7,4.03,0.16,7012.0,3.9,101129.0,0.0603,5.3
2024-01-10,SEO/SEM,1899,30,3.96,0.14,9527.0,5.0,142280.0,0.0408,8.2
2024-01-10,Social Media Management,2680,18,3.8,0.164,13794.0,5.1,203953.0,0.0446,6.4
2024-01-10,Translation,3832,51,3.82,0.212,18934.0,4.9,312683.0,0.0389,57.6
2024-01-10,Video Production,1440,23,4.16,0.16,7354.0,5.1,106810.0,0.0407,7.3
2024-01-10,Virtual Assistant,4187,19,3.8,0.163,19081.0,4.6,231676.0,0.0439,1.0
2024-01-10,Web Development,3105,48,4.4,0.149,13806.0,4.4,207171.0,0.0414,10.0
2024-01-11,AI/ML Development,1641,18,4.48,0.182,7093.0,4.3,85406.0,0.0396,7.3
2024-01-11,Content Writing,6777,32,4.02,0.174,24087.0,3.6,383596.0,0.0313,43.0
2024-01-11,Data Analysis,2659,18,4.21,0.122,8860.0,3.3,122357.0,0.0465,11.7
2024-01-11,Financial Modeling,929,9,4.53,0.201,3234.0,3.5,45906.0,0.0451,6.0
2024-01-11,Graphic Design,4323,19,4.2,0.137,16524.0,3.8,274238.0,0.0313,6.0
2024-01-11,Legal Consulting,624,3,4.56,0.17,2659.0,4.3,38934.0,0.0488,24.5
2024-01-11,Mobile App,1788,8,4.16,0.188,8167.0,4.6,136036.0,0.0359,16.9
2024-01-11,Music Production,1103,9,3.83,0.133,4373.0,4.0,63120.0,0.044,26.8
2024-01-11,Photography,1948,18,4.14,0.166,7833.0,4.0,101492.0,0.0574,4.9
2024-01-11,SEO/SEM,2270,9,3.99,0.169,8910.0,3.9,129002.0,0.0695,4.1
2024-01-11,Social Media Management,2884,17,3.82,0.162,10330.0,3.6,170561.0,0.0611,8.6
2024-01-11,Translation,3928,39,3.81,0.137,13571.0,3.5,221842.0,0.0138,20.7
2024-01-11,Video Production,1238,5,4.25,0.165,4462.0,3.6,75689.0,0.0385,4.4
2024-01-11,Virtual Assistant,4315,56,3.84,0.168,13889.0,3.2,227060.0,0.0532,15.8
2024-01-11,Web Development,3229,21,4.28,0.158,15333.0,4.7,269581.0,0.0299,19.8
2024-01-12,AI/ML Development,1519,6,4.32,0.17,6146.0,4.0,86699.0,0.0467,14.0
2024-01-12,Content Writing,5856,72,3.99,0.175,25973.0,4.4,444283.0,0.0419,4.4
2024-01-12,Data Analysis,2760,25,4.29,0.148,9097.0,3.3,155878.0,0.0575,14.0
2024-01-12,Financial Modeling,752,4,4.45,0.159,2987.0,4.0,50186.0,0.0533,7.0
2024-01-12,Graphic Design,4607,40,4.04,0.176,17644.0,3.8,256280.0,0.0658,12.6
2024-01-12,Legal Consulting,596,3,4.71,0.114,2624.0,4.4,32926.0,0.0473,8.3
2024-01-12,Mobile App,1991,10,4.17,0.153,8280.0,4.2,146197.0,0.0635,2.3
2024-01-12,Music Production,1281,6,3.88,0.154,4889.0,3.8,75869.0,0.0451,25.4
2024-01-12,Photography,1706,13,4.07,0.115,5558.0,3.3,74417.0,0.0428,11.2
2024-01-12,SEO/SEM,2000,11,3.91,0.154,7736.0,3.9,115400.0,0.0517,7.1
2024-01-12,Social Media Management,3265,13,3.79,0.142,11895.0,3.6,194160.0,0.0449,2.5
2024-01-12,Translation,3547,40,3.91,0.149,12810.0,3.6,173934.0,0.0402,2.6
2024-01-12,Video Production,1363,11,4.1,0.132,4277.0,3.1,74019.0,0.0549,36.4
2024-01-12,Virtual Assistant,4273,32,3.85,0.155,13147.0,3.1,225967.0,0.0324,26.0
2024-01-12,Web Development,2982,8,4.45,0.201,10309.0,3.5,178695.0,0.0423,22.9
2024-01-13,AI/ML Development,1553,14,4.34,0.194,4648.0,3.0,69851.0,0.0344,13.0
2024-01-13,Content Writing,6138,42,4.04,0.205,14216.0,2.3,220012.0,0.0541,11.8
2024-01-13,Data Analysis,2742,19,4.41,0.199,6545.0,2.4,101430.0,0.0395,2.9
2024-01-13,Financial Modeling,910,4,4.51,0.22,3228.0,3.5,52578.0,0.0421,36.8
2024-01-13,Graphic Design,4833,21,4.11,0.116,10762.0,2.2,179229.0,0.0561,29.1
2024-01-13,Legal Consulting,545,1,4.57,0.093,1590.0,2.9,23483.0,0.047,18.9
2024-01-13,Mobile App,1991,7,4.11,0.187,5204.0,2.6,79971.0,0.0583,3.1
2024-01-13,Music Production,1313,10,3.9,0.133,3241.0,2.5,58118.0,0.0434,7.4
2024-01-13,Photography,1927,14,4.25,0.076,4441.0,2.3,69761.0,0.0438,2.0
2024-01-13,SEO/SEM,2309,12,3.86,0.155,6700.0,2.9,86895.0,0.0437,54.2
2024-01-13,Social Media Management,3063,47,3.87,0.141,9145.0,3.0,123418.0,0.043,6.7
2024-01-13,Translation,3785,17,3.93,0.138,8090.0,2.1,130184.0,0.0524,72.0
2024-01-13,Video Production,1283,14,4.13,0.111,4047.0,3.2,62313.0,0.0453,5.9
2024-01-13,Virtual Assistant,4589,42,3.88,0.105,10398.0,2.3,176434.0,0.0419,13.9
2024-01-13,Web Development,3062,10,4.39,0.145,9480.0,3.1,167898.0,0.0599,18.0
2024-01-14,AI/ML Development,1497,6,4.37,0.177,3631.0,2.4,44221.0,0.0443,6.6
2024-01-14,Content Writing,6814,51,4.07,0.224,14576.0,2.1,194526.0,0.0494,21.5
2024-01-14,Data Analysis,2346,19,4.23,0.139,6731.0,2.9,94098.0,0.0435,12.3
2024-01-14,Financial Modeling,845,3,4.48,0.228,2396.0,2.8,36993.0,0.0522,2.3
2024-01-14,Graphic Design,4829,20,4.07,0.105,12250.0,2.5,152216.0,0.0487,9.2
2024-01-14,Legal Consulting,534,5,4.61,0.147,1522.0,2.9,27180.0,0.04,7.8
2024-01-14,Mobile App,1953,32,4.24,0.195,5427.0,2.8,69532.0,0.0373,2.6
2024-01-14,Music Production,1113,10,3.98,0.149,3100.0,2.8,53254.0,0.0456,7.8
2024-01-14,Photography,1888,6,4.12,0.167,5341.0,2.8,74167.0,0.0367,15.1
2024-01-14,SEO/SEM,1857,14,3.98,0.164,5365.0,2.9,88055.0,0.0343,4.2
2024-01-14,Social Media Management,3094,17,3.91,0.125,7883.0,2.5,102963.0,0.0341,5.4
2024-01-14,Translation,4069,26,3.99,0.119,10544.0,2.6,176691.0,0.0445,7.4
2024-01-14,Video Production,1247,11,4.16,0.195,2946.0,2.4,41613.0,0.0253,3.8
2024-01-14,Virtual Assistant,4372,47,3.81,0.157,8646.0,2.0,140062.0,0.0358,5.6
2024-01-14,Web Development,3520,63,4.33,0.137,8924.0,2.5,148118.0,0.0391,9.8
2024-01-15,AI/ML Development,1847,12,4.43,0.163,9586.0,5.2,142109.0,0.0408,6.7
2024-01-15,Content Writing,6991,27,4.05,0.153,26459.0,3.8,414572.0,0.0503,4.8
2024-01-15,Data Analysis,2845,18,4.31,0.148,11294.0,4.0,177217.0,0.0404,7.7
2024-01-15,Financial Modeling,767,3,4.51,0.121,3857.0,5.0,53275.0,0.0415,8.9
2024-01-15,Graphic Design,4474,43,4.12,0.165,17820.0,4.0,234145.0,0.0523,4.9
2024-01-15,Legal Consulting,530,4,4.49,0.133,2337.0,4.4,32849.0,0.0496,7.6
2024-01-15,Mobile App,1780,4,4.15,0.162,6807.0,3.8,100034.0,0.0577,5.3
2024-01-15,Music Production,1159,11,3.89,0.14,4742.0,4.1,81536.0,0.0425,20.7
2024-01-15,Photography,1964,39,4.18,0.162,9236.0,4.7,139889.0,0.0508,7.3
2024-01-15,SEO/SEM,2279,14,4.1,0.166,8603.0,3.8,129189.0,0.0378,5.4
2024-01-15,Social Media Management,2700,19,3.82,0.179,12205.0,4.5,157863.0,0.0416,5.9
2024-01-15,Translation,3451,32,3.89,0.159,13664.0,4.0,228116.0,0.0357,23.9
2024-01-15,Video Production,1510,10,4.21,0.184,7120.0,4.7,93880.0,0.0596,11.4
2024-01-15,Virtual Assistant,4284,28,3.93,0.121,17776.0,4.1,253313.0,0.0434,5.5
2024-01-15,Web Development,3115,41,4.38,0.14,13374.0,4.3,225651.0,0.0378,11.3
2024-01-16,AI/ML Development,1618,12,4.45,0.196,6662.0,4.1,97037.0,0.0406,9.9
2024-01-16,Content Writing,7147,24,4.01,0.148,30868.0,4.3,530967.0,0.0501,4.5
2024-01-16,Data Analysis,2276,12,4.26,0.172,11159.0,4.9,164545.0,0.0489,18.3
2024-01-16,Financial Modeling,822,4,4.53,0.145,3770.0,4.6,56124.0,0.0328,15.9
2024-01-16,Graphic Design,4854,27,4.13,0.091,25368.0,5.2,396938.0,0.0449,3.5
2024-01-16,Legal Consulting,523,3,4.56,0.174,2582.0,4.9,34914.0,0.0534,6.4
2024-01-16,Mobile App,1686,16,4.12,0.16,8244.0,4.9,113026.0,0.0477,9.7
2024-01-16,Music Production,1305,4,3.92,0.143,6002.0,4.6,88577.0,0.0438,8.1
2024-01-16,Photography,1727,10,4.12,0.131,8375.0,4.8,100939.0,0.0544,8.4
2024-01-16,SEO/SEM,2305,21,3.99,0.126,10263.0,4.5,129518.0,0.0411,12.8
2024-01-16,Social Media Management,2784,43,3.8,0.224,13925.0,5.0,175523.0,0.052,19.6
2024-01-16,Translation,3761,33,3.88,0.168,18507.0,4.9,275780.0,0.0396,3.5
2024-01-16,Video Production,1298,13,4.33,0.155,6963.0,5.4,86560.0,0.0405,16.5
2024-01-16,Virtual Assistant,3671,26,3.85,0.152,18075.0,4.9,247301.0,0.0374,8.9
2024-01-16,Web Development,3459,24,4.33,0.147,19181.0,5.5,337517.0,0.0408,24.0
2024-01-17,AI/ML Development,1862,11,4.38,0.177,9514.0,5.1,155050.0,0.0315,6.0
2024-01-17,Content Writing,5774,28,3.86,0.116,26111.0,4.5,318846.0,0.0401,4.0
2024-01-17,Data Analysis,2714,14,4.32,0.19,14777.0,5.4,262833.0,0.0581,14.6
2024-01-17,Financial Modeling,798,12,4.46,0.157,3884.0,4.9,49526.0,0.0396,12.1
2024-01-17,Graphic Design,5036,46,4.05,0.163,23335.0,4.6,410692.0,0.0323,5.5
2024-01-17,Legal Consulting,642,4,4.64,0.147,4040.0,6.3,59366.0,0.0639,15.4
2024-01-17,Mobile App,1731,6,4.2,0.206,8989.0,5.2,120722.0,0.0515,13.1
2024-01-17,Music Production,1279,13,3.91,0.112,5900.0,4.6,87038.0,0.0414,13.1
2024-01-17,Photography,1654,9,4.06,0.102,6659.0,4.0,98913.0,0.05,16.4
2024-01-17,SEO/SEM,1978,9,3.92,0.155,7203.0,3.6,105531.0,0.0463,9.9
2024-01-17,Social Media Management,3229,25,3.86,0.12,13424.0,4.2,,1.3559,16.9
2024-01-17,Translation,4153,25,3.98,0.156,19546.0,4.7,244131.0,0.0556,3.5
2024-01-17,Video Production,1375,6,4.22,0.165,6029.0,4.4,90901.0,0.0552,7.8
2024-01-17,Virtual Assistant,3946,38,3.84,0.102,15949.0,4.0,195475.0,0.0462,21.5
2024-01-17,Web Development,3452,17,4.25,0.24,13336.0,3.9,187506.0,0.0407,6.7
2024-01-18,AI/ML Development,1636,6,4.44,0.141,5829.0,3.6,83029.0,0.0403,37.2
2024-01-18,Content Writing,6767,35,4.09,0.146,24010.0,3.5,400637.0,0.0504,3.8
2024-01-18,Data Analysis,2708,12,4.27,0.122,10577.0,3.9,174708.0,0.0374,5.9
2024-01-18,Financial Modeling,795,6,4.47,0.128,3903.0,4.9,62026.0,0.0472,22.4
2024-01-18,Graphic Design,4467,26,4.15,0.187,19390.0,4.3,234953.0,0.0316,9.0
2024-01-18,Legal Consulting,599,2,4.66,0.167,2341.0,3.9,37343.0,0.0531,7.3
2024-01-18,Mobile App,2052,17,4.21,0.181,9416.0,4.6,168283.0,0.0455,8.8
2024-01-18,Music Production,1280,5,3.92,0.166,4541.0,3.5,66061.0,0.0322,4.0
2024-01-18,Photography,1704,4,4.14,0.158,6450.0,3.8,97251.0,0.0479,22.7
2024-01-18,SEO/SEM,2220,16,3.91,0.129,7268.0,3.3,122800.0,0.0459,3.3
2024-01-18,Social Media Management,2964,51,3.85,0.133,10322.0,3.5,135602.0,0.0421,12.2
2024-01-18,Translation,3692,11,3.86,0.116,12461.0,3.4,194280.0,0.0484,1.1
2024-01-18,Video Production,1389,10,4.2,0.188,6146.0,4.4,84835.0,0.057,3.9
2024-01-18,Virtual Assistant,4055,9,3.75,0.13,16494.0,4.1,235627.0,0.0398,11.2
2024-01-18,Web Development,3031,19,4.29,0.152,10339.0,3.4,129901.0,0.0461,18.1
2024-01-19,AI/ML Development,1806,9,4.45,0.168,8824.0,4.9,128816.0,0.0347,14.5
2024-01-19,Content Writing,7113,55,4.1,0.128,32771.0,4.6,568700.0,0.0533,11.8
2024-01-19,Data Analysis,2602,14,4.22,0.129,8364.0,3.2,126130.0,0.0422,18.5
2024-01-19,Financial Modeling,738,5,4.42,0.131,3103.0,4.2,39707.0,0.0562,5.1
2024-01-19,Graphic Design,5035,91,4.01,0.134,17557.0,3.5,300646.0,0.0437,27.6
2024-01-19,Legal Consulting,627,2,4.58,0.138,2850.0,4.5,36076.0,0.032,4.6
2024-01-19,Mobile App,1757,14,4.24,0.214,7055.0,4.0,112838.0,0.0415,6.5
2024-01-19,Music Production,1269,6,3.85,0.155,5057.0,4.0,76238.0,0.0388,8.0
2024-01-19,Photography,1629,12,4.06,0.147,6725.0,4.1,115459.0,0.0297,6.1
2024-01-19,SEO/SEM,1820,10,3.95,0.151,5613.0,3.1,77615.0,0.0484,10.2
2024-01-19,Social Media Management,2649,14,3.83,0.148,9151.0,3.5,122094.0,0.051,4.3
2024-01-19,Translation,4050,19,3.94,0.114,16352.0,4.0,247810.0,0.0538,17.7
2024-01-19,Video Production,1261,8,4.15,0.201,5599.0,4.4,67571.0,0.0474,20.3
2024-01-19,Virtual Assistant,4357,17,3.7,0.15,16043.0,3.7,203146.0,0.0515,4.4
2024-01-19,Web Development,3455,39,4.33,0.167,12237.0,3.5,190704.0,0.0455,12.1
2024-01-20,AI/ML Development,1804,12,4.43,0.18,5201.0,2.9,90938.0,0.0526,11.4
2024-01-20,Content Writing,6300,49,3.95,0.193,16857.0,2.7,232931.0,0.0541,3.4
2024-01-20,Data Analysis,2859,17,4.26,0.13,6937.0,2.4,120605.0,0.0415,18.3
2024-01-20,Financial Modeling,866,11,4.6,0.147,2755.0,3.2,39364.0,0.0327,1.3
2024-01-20,Graphic Design,4177,34,4.09,0.103,11322.0,2.7,200218.0,0.0494,8.8
2024-01-20,Legal Consulting,592,6,4.67,0.177,1592.0,2.7,26565.0,0.0511,11.0
2024-01-20,Mobile App,1648,9,4.11,0.139,4715.0,2.9,61714.0,0.0365,4.2
2024-01-20,Music Production,1196,29,3.94,0.171,3375.0,2.8,45435.0,0.0412,12.2
2024-01-20,Photography,1870,18,4.14,0.168,5066.0,2.7,68343.0,0.0333,5.7
2024-01-20,SEO/SEM,2063,20,4.07,0.188,5829.0,2.8,98330.0,0.0401,6.5
2024-01-20,Social Media Management,3222,23,3.88,0.169,9111.0,2.8,130377.0,0.0488,7.2
2024-01-20,Translation,3581,23,3.97,0.136,9722.0,2.7,165947.0,0.0491,8.0
2024-01-20,Video Production,1214,29,4.16,0.142,3523.0,2.9,62040.0,0.0462,12.9
2024-01-20,Virtual Assistant,4333,13,3.82,0.117,10469.0,2.4,145458.0,0.0509,17.9
2024-01-20,Web Development,3278,25,4.25,0.143,7651.0,2.3,130987.0,0.0311,6.1
2024-01-21,AI/ML Development,1692,10,4.38,0.163,5045.0,3.0,67768.0,0.0346,6.7
2024-01-21,Content Writing,6491,59,3.96,0.133,17149.0,2.6,299308.0,0.053,10.6
2024-01-21,Data Analysis,2811,54,4.37,0.146,7643.0,2.7,133389.0,0.0575,3.2
2024-01-21,Financial Modeling,766,2,4.5,0.166,1990.0,2.6,24807.0,0.0573,10.8
2024-01-21,Graphic Design,4744,36,4.08,0.16,9855.0,2.1,158954.0,0.052,1.1
2024-01-21,Legal Consulting,610,2,4.64,0.119,1771.0,2.9,26829.0,0.0332,8.1
2024-01-21,Mobile App,1792,10,4.28,0.127,4053.0,2.3,67728.0,0.0359,15.6
2024-01-21,Music Production,1069,4,3.85,0.186,2030.0,1.9,34354.0,0.0383,9.2
2024-01-21,Photography,1922,12,4.16,0.148,4013.0,2.1,62951.0,0.0473,16.3
2024-01-21,SEO/SEM,2076,9,3.94,0.147,5147.0,2.5,87409.0,0.051,50.5
2024-01-21,Social Media Management,2969,21,3.74,0.162,5724.0,1.9,75397.0,0.0618,3.9
2024-01-21,Translation,3635,22,3.96,0.129,9263.0,2.5,135906.0,0.0574,12.0
2024-01-21,Video Production,1501,9,4.18,0.134,3601.0,2.4,58541.0,0.0461,7.2
2024-01-21,Virtual Assistant,4592,19,3.88,0.134,11753.0,2.6,153092.0,0.0479,5.1
2024-01-21,Web Development,3507,10,4.27,0.14,9606.0,2.7,139450.0,0.047,12.8
2024-01-22,AI/ML Development,1484,13,4.38,0.198,6150.0,4.1,96902.0,0.0474,9.8
2024-01-22,Content Writing,6702,43,4.02,0.147,31414.0,4.7,423705.0,0.0371,2.9
2024-01-22,Data Analysis,2352,9,4.28,0.172,11023.0,4.7,178935.0,0.0606,14.9
2024-01-22,Financial Modeling,935,2,4.48,0.156,4562.0,4.9,69722.0,0.0481,3.7
2024-01-22,Graphic Design,4807,57,4.2,0.096,21019.0,4.4,256283.0,0.033,5.0
2024-01-22,Legal Consulting,522,4,4.63,0.169,3148.0,6.0,45259.0,0.0435,4.1
2024-01-22,Mobile App,1810,22,4.14,0.174,8073.0,4.5,133652.0,0.0643,3.2
2024-01-22,Music Production,1174,6,3.93,0.157,5574.0,4.7,71484.0,0.0431,10.6
2024-01-22,Photography,1603,5,4.1,0.141,8725.0,5.4,118634.0,0.047,2.8
2024-01-22,SEO/SEM,2010,15,4.06,0.168,9080.0,4.5,153207.0,0.0448,5.3
2024-01-22,Social Media Management,2753,22,3.78,0.174,14034.0,5.1,224599.0,0.0538,18.3
2024-01-22,Translation,3822,10,3.88,0.152,13999.0,3.7,188784.0,0.0368,12.9
2024-01-22,Video Production,1349,6,4.25,0.173,7767.0,5.8,98665.0,0.0245,24.1
2024-01-22,Virtual Assistant,4271,11,3.78,0.176,16965.0,4.0,254442.0,0.0455,4.2
2024-01-22,Web Development,3206,26,4.29,0.153,17773.0,5.5,216248.0,0.0326,5.8
2024-01-23,AI/ML Development,1830,7,4.46,0.173,10505.0,5.7,180977.0,0.0442,7.9
2024-01-23,Content Writing,6578,34,3.92,0.138,24767.0,3.8,430915.0,0.0302,1.6
2024-01-23,Data Analysis,2806,11,4.32,0.126,14643.0,5.2,208979.0,0.0418,8.1
2024-01-23,Financial Modeling,901,2,4.47,0.156,5336.0,5.9,85200.0,0.0446,4.0
2024-01-23,Graphic Design,4673,34,4.13,0.159,26171.0,5.6,432325.0,0.0378,5.2
2024-01-23,Legal Consulting,537,5,4.68,0.168,3246.0,6.0,51913.0,0.0427,12.0
2024-01-23,Mobile App,2067,14,4.18,0.147,11091.0,5.4,193489.0,0.0518,8.3
2024-01-23,Music Production,1050,4,3.82,0.11,5038.0,4.8,61938.0,0.0479,19.3
2024-01-23,Photography,1733,14,4.13,0.127,9629.0,5.6,121994.0,0.0298,2.3
2024-01-23,SEO/SEM,2057,5,4.02,0.167,9946.0,4.8,134713.0,0.0482,8.5
2024-01-23,Social Media Management,2954,22,3.87,0.203,12703.0,4.3,156851.0,0.034,19.1
2024-01-23,Translation,3532,25,3.79,0.159,13566.0,3.8,171031.0,0.0415,56.2
2024-01-23,Video Production,1436,15,4.21,0.154,6883.0,4.8,115848.0,0.0361,6.4
2024-01-23,Virtual Assistant,3849,34,3.82,0.196,19046.0,4.9,284544.0,0.04,21.4
2024-01-23,Web Development,3317,24,4.33,0.19,17743.0,5.3,250424.0,0.0362,31.5
2024-01-24,AI/ML Development,1664,3,4.39,0.155,8223.0,4.9,144100.0,0.0388,4.0
2024-01-24,Content Writing,7006,41,4.11,0.179,37534.0,5.4,544323.0,0.029,6.0
2024-01-24,Data Analysis,-4,11,4.34,0.133,11710.0,4.8,170650.0,0.0439,6.7
2024-01-24,Financial Modeling,821,3,4.51,0.169,4671.0,5.7,83883.0,0.0422,5.2
2024-01-24,Graphic Design,4323,32,4.22,0.144,19632.0,4.5,331958.0,0.0368,6.8
2024-01-24,Legal Consulting,611,2,4.58,0.141,3154.0,5.2,46464.0,0.0564,20.4
2024-01-24,Mobile App,1771,20,4.17,0.129,7060.0,4.0,112934.0,0.0456,11.6
2024-01-24,Music Production,1240,13,3.92,0.114,4783.0,3.9,69356.0,0.0441,2.9
2024-01-24,Photography,1981,28,4.22,0.174,10711.0,5.4,189292.0,0.0471,13.3
2024-01-24,SEO/SEM,1821,16,4.0,0.124,7966.0,4.4,122897.0,0.0537,14.6
2024-01-24,Social Media Management,3151,34,3.93,0.191,14492.0,4.6,222894.0,0.0432,1.6
2024-01-24,Translation,3463,48,3.84,0.16,12800.0,3.7,174183.0,0.0473,17.8
2024-01-24,Video Production,1267,14,4.31,0.154,6345.0,5.0,97844.0,0.0407,16.9
2024-01-24,Virtual Assistant,4114,17,3.75,0.113,19216.0,4.7,276636.0,0.0498,4.3
2024-01-24,Web Development,2793,12,4.37,0.149,13024.0,4.7,185853.0,0.0542,1.2
2024-01-25,AI/ML Development,1835,19,4.5,0.198,8155.0,4.4,126322.0,0.0342,9.9
2024-01-25,Content Writing,5785,27,3.95,0.179,20827.0,3.6,344511.0,0.0398,10.4
2024-01-25,Data Analysis,2298,27,4.3,0.138,10978.0,4.8,138321.0,0.052,16.3
2024-01-25,Financial Modeling,790,3,4.52,0.139,3561.0,4.5,50556.0,0.037,13.9
2024-01-25,Graphic Design,5102,35,4.15,0.128,21340.0,4.2,325152.0,0.0328,10.7
2024-01-25,Legal Consulting,640,3,4.6,0.175,2596.0,4.1,36838.0,0.0496,4.2
2024-01-25,Mobile App,1748,14,4.18,0.156,6543.0,3.7,90411.0,0.0401,10.9
2024-01-25,Music Production,1270,9,4.0,0.114,5318.0,4.2,81129.0,0.0434,7.4
2024-01-25,Photography,1896,24,4.02,0.188,7188.0,3.8,95311.0,0.0392,6.7
2024-01-25,SEO/SEM,1933,6,3.99,0.142,7672.0,4.0,105970.0,0.0559,12.1
2024-01-25,Social Media Management,2997,19,3.72,0.09,11918.0,4.0,200429.0,0.0484,4.1
2024-01-25,Translation,3398,14,3.9,0.133,12111.0,3.6,191309.0,0.056,7.1
2024-01-25,Video Production,1535,3,4.21,0.14,6966.0,4.5,115670.0,0.0468,1.8
2024-01-25,Virtual Assistant,3746,41,3.82,0.167,12387.0,3.3,199012.0,0.0404,9.3
2024-01-25,Web Development,3105,19,4.31,0.138,10905.0,3.5,161352.0,0.0508,3.5
2024-01-26,AI/ML Development,1619,16,4.44,0.122,6338.0,3.9,96828.0,0.0441,13.7
2024-01-26,Content Writing,7096,70,4.05,0.168,26070.0,3.7,460634.0,0.0419,8.6
2024-01-26,Data Analysis,2519,12,4.22,0.112,9861.0,3.9,122839.0,0.054,20.9
2024-01-26,Financial Modeling,925,2,4.56,0.14,3609.0,3.9,45953.0,0.0436,5.0
2024-01-26,Graphic Design,4637,37,4.15,0.133,19948.0,4.3,294967.0,0.0445,3.2
2024-01-26,Legal Consulting,644,5,4.65,0.154,2549.0,4.0,44484.0,0.0425,8.8
2024-01-26,Mobile App,1865,25,4.31,0.161,8526.0,4.6,112308.0,0.0391,2.0
2024-01-26,Music Production,1311,18,3.92,0.124,3995.0,3.0,69080.0,0.0437,13.7
2024-01-26,Photography,1979,19,4.15,0.135,7846.0,4.0,113201.0,0.0339,2.0
2024-01-26,SEO/SEM,1855,17,3.96,0.19,5988.0,3.2,93334.0,0.0346,9.4
2024-01-26,Social Media Management,2915,19,3.74,0.179,9979.0,3.4,125454.0,0.0493,35.5
2024-01-26,Translation,3873,7,3.97,0.134,16931.0,4.4,302701.0,0.0476,21.5
2024-01-26,Video Production,1335,5,4.14,0.12,6142.0,4.6,98375.0,0.0371,5.8
2024-01-26,Virtual Assistant,4175,8,3.78,0.12,12602.0,3.0,164505.0,0.0325,15.9
2024-01-26,Web Development,3011,21,4.36,0.166,14386.0,4.8,174677.0,0.0497,10.9
2024-01-27,AI/ML Development,1518,7,4.4,0.123,4924.0,3.2,84435.0,0.0534,19.0
2024-01-27,Content Writing,7066,53,4.01,0.145,19892.0,2.8,301243.0,0.0528,14.1
2024-01-27,Data Analysis,2594,40,4.44,0.112,6813.0,2.6,82729.0,0.0432,5.7
2024-01-27,Financial Modeling,908,10,4.35,0.088,2962.0,3.3,41588.0,0.0399,4.9
2024-01-27,Graphic Design,4943,45,4.27,0.093,14273.0,2.9,204893.0,0.0262,7.2
2024-01-27,Legal Consulting,638,11,4.58,0.105,1559.0,2.4,18713.0,0.0507,3.0
2024-01-27,Mobile App,1996,21,4.17,0.109,4609.0,2.3,82299.0,0.0577,40.7
2024-01-27,Music Production,1121,6,3.85,0.195,2680.0,2.4,42900.0,0.0417,18.0
2024-01-27,Photography,1924,20,3.97,0.173,5470.0,2.8,69088.0,0.0459,2.1
2024-01-27,SEO/SEM,2311,27,3.96,0.191,7003.0,3.0,116567.0,0.0441,6.6
2024-01-27,Social Media Management,3200,32,3.73,0.15,8985.0,2.8,133259.0,0.033,10.1
2024-01-27,Translation,4058,10,3.92,0.177,9915.0,2.4,174168.0,0.0486,1.4
2024-01-27,Video Production,1290,15,4.28,0.193,3441.0,2.7,42629.0,0.0525,6.9
2024-01-27,Virtual Assistant,4452,82,3.82,0.161,12016.0,2.7,195353.0,0.0464,4.8
2024-01-27,Web Development,2821,36,4.3,0.158,7874.0,2.8,102561.0,0.0607,1.7
2024-01-28,AI/ML Development,1677,14,4.32,0.166,4468.0,2.7,67986.0,0.0489,13.9
2024-01-28,Content Writing,5971,59,3.97,0.151,13022.0,2.2,172805.0,0.0388,5.6
2024-01-28,Data Analysis,2452,29,4.35,0.181,6885.0,2.8,119884.0,0.0434,11.1
2024-01-28,Financial Modeling,886,3,4.44,0.147,2650.0,3.0,42154.0,0.0583,5.0
2024-01-28,Graphic Design,4490,95,4.12,0.193,10505.0,2.3,151441.0,0.0558,13.5
2024-01-28,Legal Consulting,594,5,4.52,0.165,1770.0,3.0,23547.0,0.0543,15.9
2024-01-28,Mobile App,1950,9,4.19,0.148,5268.0,2.7,70384.0,0.0475,12.7
2024-01-28,Music Production,1307,4,3.95,0.139,2750.0,2.1,37015.0,0.0515,12.3
2024-01-28,Photography,1870,5,4.03,0.142,4101.0,2.2,73129.0,0.049,33.7
2024-01-28,SEO/SEM,2163,27,4.02,0.172,4650.0,2.1,55916.0,0.053,3.2
2024-01-28,Social Media Management,3020,23,3.91,0.136,7320.0,2.4,119902.0,0.0483,6.9
2024-01-28,Translation,4082,11,3.86,0.18,11190.0,2.7,193712.0,0.0354,19.6
2024-01-28,Video Production,1451,2,4.26,0.189,3989.0,2.7,56527.0,0.0507,13.3
2024-01-28,Virtual Assistant,4618,14,3.79,0.107,11300.0,2.4,175401.0,0.0393,14.7
2024-01-28,Web Development,3453,29,4.37,0.183,7501.0,2.2,116378.0,0.0591,8.9
2024-01-29,AI/ML Development,1647,7,4.45,0.168,9611.0,5.8,119572.0,0.0399,6.5
2024-01-29,Content Writing,6828,59,4.02,0.153,25146.0,3.7,334736.0,0.0506,6.5
2024-01-29,Data Analysis,2822,19,4.25,0.145,11323.0,4.0,154067.0,0.0549,4.9
2024-01-29,Financial Modeling,937,13,4.42,0.13,4744.0,5.1,62047.0,0.0321,11.4
2024-01-29,Graphic Design,4907,67,4.16,0.14,20855.0,4.3,371063.0,0.0389,21.9
2024-01-29,Legal Consulting,575,3,4.6,0.183,2902.0,5.0,45158.0,0.042,17.0
2024-01-29,Mobile App,1655,6,4.27,0.163,6834.0,4.1,98599.0,0.042,5.6
2024-01-29,Music Production,1179,10,3.78,0.118,5546.0,4.7,79051.0,0.0497,11.9
2024-01-29,Photography,1783,25,4.03,0.133,7154.0,4.0,93316.0,0.0555,6.4
2024-01-29,SEO/SEM,1972,7,3.95,0.173,8584.0,4.4,105421.0,0.0429,8.0
2024-01-29,Social Media Management,3095,13,3.87,0.163,13615.0,4.4,183156.0,0.0518,5.5
2024-01-29,Translation,3391,16,3.92,0.209,14059.0,4.1,233074.0,0.053,10.7
2024-01-29,Video Production,1273,13,4.08,0.121,6571.0,5.2,104567.0,0.0468,9.5
2024-01-29,Virtual Assistant,3666,14,3.85,0.164,17748.0,4.8,282012.0,0.0362,4.4
2024-01-29,Web Development,3102,38,4.26,0.111,12008.0,3.9,170902.0,0.0424,4.4
2024-01-30,AI/ML Development,1808,12,4.3,0.179,8524.0,4.7,129677.0,0.0337,8.0
2024-01-30,Content Writing,6590,31,4.0,0.19,34055.0,5.2,535253.0,0.0396,4.9
2024-01-30,Data Analysis,2595,20,4.25,0.094,14747.0,5.7,182302.0,0.0577,2.8
2024-01-30,Financial Modeling,885,6,4.51,0.15,3954.0,4.5,57534.0,0.0564,3.9
2024-01-30,Graphic Design,4814,51,4.07,0.125,18417.0,3.8,327197.0,0.0346,6.2
2024-01-30,Legal Consulting,599,7,4.59,0.186,2552.0,4.3,41313.0,0.0459,5.0
2024-01-30,Mobile App,1724,11,4.24,0.171,7993.0,4.6,121983.0,0.056,7.5
2024-01-30,Music Production,1164,11,3.89,0.149,6010.0,5.2,87789.0,0.0512,7.6
2024-01-30,Photography,1607,5,4.0,0.145,8023.0,5.0,99936.0,0.0387,3.6
2024-01-30,SEO/SEM,1982,5,3.99,0.125,8052.0,4.1,118706.0,0.0496,14.9
2024-01-30,Social Media Management,3220,18,3.83,0.198,13465.0,4.2,213019.0,0.0365,11.8
2024-01-30,Translation,3958,17,3.88,0.162,16908.0,4.3,210633.0,0.0607,3.2
2024-01-30,Video Production,1493,30,4.2,0.174,7610.0,5.1,103764.0,0.0525,3.7
2024-01-30,Virtual Assistant,3989,53,3.83,0.151,16757.0,4.2,256833.0,0.0531,8.6
2024-01-30,Web Development,2840,22,4.34,0.164,14638.0,5.2,241365.0,0.0423,9.3
2024-01-31,AI/ML Development,1609,2,4.3,0.15,8126.0,5.1,98988.0,0.0484,18.0
2024-01-31,Content Writing,6234,78,3.98,0.191,32741.0,5.3,395727.0,0.0386,1.7
2024-01-31,Data Analysis,2587,38,4.26,0.173,11546.0,4.5,173642.0,0.0368,9.8
2024-01-31,Financial Modeling,826,6,4.52,0.142,3698.0,4.5,57653.0,0.0436,27.4
2024-01-31,Graphic Design,4263,35,4.14,0.085,21978.0,5.2,322166.0,0.0527,5.9
2024-01-31,Legal Consulting,616,2,4.65,0.222,2971.0,4.8,53400.0,0.0552,1.5
2024-01-31,Mobile App,1889,4,4.28,0.139,9192.0,4.9,117772.0,0.0221,16.9
2024-01-31,Music Production,1086,7,3.83,0.17,4177.0,3.8,67171.0,0.0334,7.6
2024-01-31,Photography,1763,9,4.18,0.102,7279.0,4.1,129321.0,0.0569,7.0
2024-01-31,SEO/SEM,2295,13,4.04,0.213,8802.0,3.8,141140.0,0.0425,4.1
2024-01-31,Social Media Management,2986,27,3.82,0.15,13647.0,4.6,174712.0,0.0666,7.4
2024-01-31,Translation,3632,39,4.0,0.136,13502.0,3.7,204963.0,0.0414,6.8
2024-01-31,Video Production,1431,13,4.16,0.13,7098.0,5.0,95585.0,0.0556,13.9
2024-01-31,Virtual Assistant,4487,71,3.76,0.162,21351.0,4.8,337181.0,0.0366,6.0
2024-01-31,Web Development,3192,26,4.36,0.124,15392.0,4.8,238802.0,0.0415,3.3
2024-02-01,AI/ML Development,1703,17,4.42,0.126,8164.0,4.8,131735.0,0.0452,8.3
2024-02-01,Content Writing,5831,50,3.87,0.166,17990.0,3.1,299419.0,0.0464,1.8
2024-02-01,Data Analysis,2725,8,4.34,0.144,10914.0,4.0,168694.0,0.0613,7.5
2024-02-01,Financial Modeling,935,6,4.43,0.165,4416.0,4.7,59878.0,0.0375,5.0
2024-02-01,Graphic Design,4761,23,4.15,0.136,20261.0,4.3,254868.0,0.0501,16.6
2024-02-01,Legal Consulting,603,2,4.67,0.132,2608.0,4.3,31878.0,0.0457,3.9
2024-02-01,Mobile App,1968,21,4.18,0.182,7207.0,3.7,125006.0,0.0505,7.5
2024-02-01,Music Production,1168,11,3.93,0.177,4658.0,4.0,74077.0,0.042,11.9
2024-02-01,Photography,1840,32,4.08,0.121,7181.0,3.9,118557.0,0.0474,8.8
2024-02-01,SEO/SEM,1969,24,4.0,0.126,7726.0,3.9,113643.0,0.0489,7.1
2024-02-01,Social Media Management,2803,12,3.74,0.186,8195.0,2.9,146844.0,0.0465,21.6
2024-02-01,Translation,3798,34,3.78,0.101,11521.0,3.0,171889.0,0.0417,3.1
2024-02-01,Video Production,1373,5,4.16,0.171,4918.0,3.6,63503.0,0.0439,23.5
2024-02-01,Virtual Assistant,4162,26,3.82,0.154,12880.0,3.1,204014.0,0.0346,10.9
2024-02-01,Web Development,2832,11,4.37,0.188,10553.0,3.7,187630.0,0.0346,16.3
2024-02-02,AI/ML Development,1806,9,4.33,0.151,8168.0,4.5,132657.0,0.0394,11.0
2024-02-02,Content Writing,7122,29,3.98,0.15,32031.0,4.5,513498.0,0.0337,3.7
2024-02-02,Data Analysis,2723,77,4.3,0.141,10757.0,4.0,141061.0,0.0377,3.7
2024-02-02,Financial Modeling,778,1,4.48,0.113,2680.0,3.4,43718.0,0.0471,7.5
2024-02-02,Graphic Design,4214,28,4.09,0.172,13199.0,3.1,226727.0,0.031,8.9
2024-02-02,Legal Consulting,541,2,4.66,0.165,2504.0,4.6,33307.0,0.0502,22.6
2024-02-02,Mobile App,1822,7,4.16,0.13,6404.0,3.5,81195.0,0.0465,9.5
2024-02-02,Music Production,1213,14,3.88,0.141,4067.0,3.4,55655.0,0.0258,4.1
2024-02-02,Photography,1786,10,4.15,0.169,6443.0,3.6,78524.0,0.0474,6.3
2024-02-02,SEO/SEM,1975,20,3.94,0.128,7894.0,4.0,130483.0,0.0492,9.9
2024-02-02,Social Media Management,2827,9,3.7,0.07,7991.0,2.8,102422.0,0.0406,9.3
2024-02-02,Translation,3371,29,3.84,0.123,12581.0,3.7,166040.0,0.0417,7.5
2024-02-02,Video Production,1385,10,4.3,0.14,5265.0,3.8,67130.0,0.0488,6.9
2024-02-02,Virtual Assistant,4404,19,3.74,0.071,14981.0,3.4,255910.0,0.0442,7.7
2024-02-02,Web Development,3344,13,4.32,0.178,14704.0,4.4,180428.0,0.0608,4.6
2024-02-03,AI/ML Development,1508,5,4.27,0.164,4875.0,3.2,81803.0,0.0535,15.5
2024-02-03,Content Writing,6840,22,3.99,0.124,18735.0,2.7,243407.0,0.0484,6.7
2024-02-03,Data Analysis,2308,11,4.27,0.119,5697.0,2.5,96358.0,0.0511,3.5
2024-02-03,Financial Modeling,831,4,4.49,0.121,2255.0,2.7,37851.0,0.0521,8.8
2024-02-03,Graphic Design,5247,46,4.16,0.164,14144.0,2.7,240604.0,0.0506,11.1
2024-02-03,Legal Consulting,576,1,4.55,0.173,1617.0,2.8,19867.0,0.0567,24.8
2024-02-03,Mobile App,1688,13,4.22,0.116,4521.0,2.7,60264.0,0.0431,6.7
2024-02-03,Music Production,1250,14,3.88,0.117,3708.0,3.0,55769.0,0.0383,15.7
2024-02-03,Photography,1842,4,4.11,0.135,5256.0,2.9,74572.0,0.0515,13.6
2024-02-03,SEO/SEM,2251,7,4.01,0.158,6202.0,2.8,83700.0,0.0394,15.3
2024-02-03,Social Media Management,2756,27,3.8,0.134,7883.0,2.9,105742.0,0.0373,8.4
2024-02-03,Translation,3462,12,3.85,0.198,9370.0,2.7,134518.0,0.0443,2.1
2024-02-03,Video Production,1268,6,4.28,0.176,3772.0,3.0,54192.0,0.0326,9.3
2024-02-03,Virtual Assistant,4159,50,3.76,0.125,8395.0,2.0,144732.0,0.032,25.2
2024-02-03,Web Development,3089,14,4.36,0.116,7685.0,2.5,123710.0,0.0507,9.6
2024-02-04,AI/ML Development,1513,7,4.38,0.146,4253.0,2.8,68797.0,0.056,13.0
2024-02-04,Content Writing,6158,27,4.04,0.12,15427.0,2.5,246753.0,0.0401,10.1
2024-02-04,Data Analysis,2499,21,4.24,0.137,7131.0,2.9,97615.0,0.0539,12.9
2024-02-04,Financial Modeling,750,3,4.4,0.163,1855.0,2.5,22922.0,0.051,25.3
2024-02-04,Graphic Design,4503,20,4.07,0.126,13104.0,2.9,214320.0,0.0432,23.0
2024-02-04,Legal Consulting,568,2,4.69,0.139,1492.0,2.6,19940.0,0.058,7.9
2024-02-04,Mobile App,2048,17,4.19,0.18,4942.0,2.4,81262.0,0.0587,15.5
2024-02-04,Music Production,1222,6,3.92,0.124,2725.0,2.2,33549.0,0.043,9.8
2024-02-04,Photography,1804,18,4.02,0.152,4059.0,2.2,68181.0,0.0631,38.4
2024-02-04,SEO/SEM,2252,18,4.05,0.178,6608.0,2.9,93005.0,0.0406,5.6
2024-02-04,Social Media Management,3259,32,3.84,0.087,8393.0,2.6,141442.0,0.0467,14.7
2024-02-04,Translation,4158,30,3.9,0.109,10513.0,2.5,126190.0,0.0304,5.6
2024-02-04,Video Production,1342,6,4.13,0.119,2930.0,2.2,44986.0,0.0377,29.8
2024-02-04,Virtual Assistant,3796,71,3.73,0.162,7126.0,1.9,90375.0,0.0443,27.8
2024-02-04,Web Development,3096,29,4.31,0.123,8984.0,2.9,108749.0,0.0506,7.0
2024-02-05,AI/ML Development,1535,8,4.41,0.172,7681.0,5.0,106515.0,0.0475,12.5
2024-02-05,Content Writing,6878,41,3.96,0.116,31023.0,4.5,481408.0,0.0429,2.2
2024-02-05,Data Analysis,2391,38,4.22,0.18,10924.0,4.6,164073.0,0.0613,3.0
2024-02-05,Financial Modeling,894,5,4.47,0.154,4346.0,4.9,67073.0,0.0488,9.7
2024-02-05,Graphic Design,4583,51,4.13,0.141,17322.0,3.8,271745.0,0.022,7.0
2024-02-05,Legal Consulting,570,1,4.63,0.188,3319.0,5.8,44523.0,0.0482,5.2
2024-02-05,Mobile App,1761,15,4.27,0.11,7573.0,4.3,96391.0,0.0337,6.7
2024-02-05,Music Production,1260,6,3.95,0.148,5006.0,4.0,72330.0,0.0364,7.5
2024-02-05,Photography,1664,13,4.07,0.108,6248.0,3.8,96772.0,0.0514,7.8
2024-02-05,SEO/SEM,2244,10,3.97,0.143,9438.0,4.2,166129.0,0.0292,12.8
2024-02-05,Social Media Management,2635,22,3.72,0.127,9892.0,3.8,144868.0,0.0371,5.2
2024-02-05,Translation,3599,32,3.9,0.147,15644.0,4.3,211017.0,0.0532,5.5
2024-02-05,Video Production,1346,7,4.22,0.137,7684.0,5.7,122111.0,0.0395,5.0
2024-02-05,Virtual Assistant,3940,22,3.73,0.128,16196.0,4.1,219661.0,0.0515,4.1
2024-02-05,Web Development,2851,21,4.34,0.153,12601.0,4.4,189442.0,0.0512,7.0
2024-02-06,AI/ML Development,1631,9,4.41,0.108,8398.0,5.1,125560.0,0.0463,1.2
2024-02-06,Content Writing,5936,71,3.97,0.127,22262.0,3.8,334567.0,0.038,6.5
2024-02-06,Data Analysis,2668,18,4.42,0.133,11532.0,4.3,166829.0,0.036,41.0
2024-02-06,Financial Modeling,829,1,4.46,0.177,3382.0,4.1,55913.0,0.0507,13.6
2024-02-06,Graphic Design,5000,49,4.18,0.196,26373.0,5.3,360708.0,0.0363,11.1
2024-02-06,Legal Consulting,608,2,4.57,0.098,3442.0,5.7,42868.0,0.0385,5.6
2024-02-06,Mobile App,1722,7,4.27,0.096,7106.0,4.1,120000.0,0.0349,20.6
2024-02-06,Music Production,1279,9,3.94,0.183,5271.0,4.1,94202.0,0.0454,7.2
2024-02-06,Photography,1673,6,4.04,0.189,8235.0,4.9,100236.0,0.0544,2.7
2024-02-06,SEO/SEM,1936,13,3.97,0.217,8811.0,4.6,108864.0,0.0404,5.9
2024-02-06,Social Media Management,2718,22,3.88,0.123,13940.0,5.1,226607.0,0.0615,6.4
2024-02-06,Translation,3899,17,3.9,0.177,19463.0,5.0,256020.0,0.0495,2.5
2024-02-06,Video Production,1407,11,4.2,0.167,6521.0,4.6,103107.0,0.0414,1.8
2024-02-06,Virtual Assistant,3928,14,3.75,0.156,19643.0,5.0,323778.0,0.0412,8.1
2024-02-06,Web Development,3189,20,4.4,0.135,18927.0,5.9,289107.0,0.0508,6.4
2024-02-07,AI/ML Development,1523,20,4.45,0.152,7118.0,4.7,93268.0,0.0402,11.1
2024-02-07,Content Writing,6207,20,4.07,0.131,31863.0,5.1,481631.0,0.0419,10.5
2024-02-07,Data Analysis,2374,21,4.3,0.177,13730.0,5.8,203552.0,0.0468,6.3
2024-02-07,Financial Modeling,911,7,4.55,0.16,3755.0,4.1,58094.0,0.0335,21.2
2024-02-07,Graphic Design,4879,12,4.13,0.183,20731.0,4.2,332925.0,0.0447,12.0
2024-02-07,Legal Consulting,566,1,4.51,0.157,2603.0,4.6,42560.0,0.0275,4.2
2024-02-07,Mobile App,1888,9,4.14,0.133,10486.0,5.6,181731.0,0.0568,9.7
2024-02-07,Music Production,1083,10,3.86,0.15,4361.0,4.0,60602.0,0.0509,4.0
2024-02-07,Photography,1773,6,4.02,0.155,7196.0,4.1,125040.0,0.0496,7.1
2024-02-07,SEO/SEM,2287,17,3.97,0.119,12077.0,5.3,212061.0,0.0533,14.8
2024-02-07,Social Media Management,3078,12,3.79,0.183,14124.0,4.6,197944.0,0.0414,4.4
2024-02-07,Translation,3455,19,3.96,0.188,15078.0,4.4,186128.0,0.0588,5.6
2024-02-07,Video Production,1264,4,4.21,0.154,5938.0,4.7,96332.0,0.0399,5.7
2024-02-07,Virtual Assistant,4642,51,3.78,0.135,18568.0,4.0,275410.0,0.0358,20.9
2024-02-07,Web Development,3431,16,4.15,0.13,15487.0,4.5,191558.0,0.0313,4.9
2024-02-08,AI/ML Development,1668,5,4.39,0.184,6661.0,4.0,105629.0,0.0395,3.2
2024-02-08,Content Writing,7121,71,4.08,0.205,27558.0,3.9,370995.0,0.0324,18.4
2024-02-08,Data Analysis,2865,59,4.19,0.18,9564.0,3.3,123598.0,0.0635,6.1
2024-02-08,Financial Modeling,759,7,4.4,0.189,3239.0,4.3,48287.0,0.0502,6.9
2024-02-08,Graphic Design,4667,19,4.18,0.144,21327.0,4.6,355591.0,0.0313,1.9
2024-02-08,Legal Consulting,617,2,4.66,0.171,3251.0,5.3,48445.0,0.0459,4.4
2024-02-08,Mobile App,1941,10,4.19,0.176,7382.0,3.8,127991.0,0.0363,9.2
2024-02-08,Music Production,1209,9,3.89,0.132,5149.0,4.3,88456.0,0.0563,2.2
2024-02-08,Photography,1891,15,4.07,0.138,6466.0,3.4,95343.0,0.0719,8.7
2024-02-08,SEO/SEM,2086,17,3.94,0.117,7466.0,3.6,98783.0,0.0428,11.5
2024-02-08,Social Media Management,2913,18,3.82,0.134,11243.0,3.9,198599.0,0.0492,7.1
2024-02-08,Translation,3836,21,3.94,0.109,12828.0,3.3,220841.0,0.0245,4.9
2024-02-08,Video Production,1235,8,4.28,0.175,4071.0,3.3,69780.0,0.0373,9.6
2024-02-08,Virtual Assistant,4210,48,3.85,0.183,14250.0,3.4,209273.0,0.0551,1.5
2024-02-08,Web Development,2965,28,4.28,0.14,13675.0,4.6,172591.0,0.0388,3.3
2024-02-09,AI/ML Development,1846,15,4.4,0.15,7390.0,4.0,105979.0,0.0418,4.1
2024-02-09,Content Writing,6705,20,3.89,0.127,24540.0,3.7,347959.0,0.0336,19.7
2024-02-09,Data Analysis,2777,10,4.24,0.128,12161.0,4.4,183644.0,0.0461,13.7
2024-02-09,Financial Modeling,857,5,4.54,0.153,3819.0,4.5,52531.0,0.0309,21.8
2024-02-09,Graphic Design,4351,25,4.14,0.169,14460.0,3.3,227008.0,0.0495,5.5
2024-02-09,Legal Consulting,538,1,4.63,0.152,2252.0,4.2,30996.0,0.0433,11.9
2024-02-09,Mobile App,1851,11,4.25,0.107,7678.0,4.1,102227.0,0.0325,20.8
2024-02-09,Music Production,1192,17,3.84,0.201,4957.0,4.2,78243.0,0.0419,26.5
2024-02-09,Photography,1793,10,4.08,0.223,6364.0,3.5,104559.0,0.0492,8.0
2024-02-09,SEO/SEM,1968,12,3.97,0.173,5945.0,3.0,96761.0,0.0461,5.8
2024-02-09,Social Media Management,2650,28,3.85,0.117,8833.0,3.3,109934.0,0.0433,5.4
2024-02-09,Translation,3503,14,3.88,0.161,12979.0,3.7,200434.0,0.0522,13.4
2024-02-09,Video Production,1297,8,4.18,0.115,4374.0,3.4,63149.0,0.0579,26.3
2024-02-09,Virtual Assistant,4176,44,3.69,0.137,16580.0,4.0,272614.0,0.055,7.1
2024-02-09,Web Development,3073,7,4.41,0.144,14918.0,4.9,179068.0,0.0427,7.7
2024-02-10,AI/ML Development,1787,13,4.41,0.142,5845.0,3.3,95491.0,0.0468,11.8
2024-02-10,Content Writing,5755,31,4.09,0.132,14860.0,2.6,231976.0,0.0475,2.3
2024-02-10,Data Analysis,2546,13,4.25,0.18,7165.0,2.8,103608.0,0.0533,8.3
2024-02-10,Financial Modeling,763,6,4.44,0.127,2443.0,3.2,29519.0,0.0412,13.1
2024-02-10,Graphic Design,4878,45,4.07,0.11,12308.0,2.5,149207.0,0.037,3.5
2024-02-10,Legal Consulting,578,4,4.69,0.165,1731.0,3.0,26863.0,0.0341,22.4
2024-02-10,Mobile App,1936,6,4.23,0.159,5156.0,2.7,90816.0,0.0498,3.7
2024-02-10,Music Production,1091,5,3.91,0.154,2764.0,2.5,37213.0,0.0379,5.0
2024-02-10,Photography,1595,6,4.07,0.15,4129.0,2.6,61578.0,0.0514,4.9
2024-02-10,SEO/SEM,2011,10,4.02,0.164,4777.0,2.4,70028.0,0.046,5.2
2024-02-10,Social Media Management,2733,21,3.83,0.167,7819.0,2.9,109982.0,0.0628,17.1
2024-02-10,Translation,3648,20,3.87,0.109,10816.0,3.0,164415.0,0.063,11.8
2024-02-10,Video Production,1221,14,4.28,0.169,3370.0,2.8,47803.0,0.0382,4.3
2024-02-10,Virtual Assistant,4483,26,3.7,0.128,9741.0,2.2,154973.0,0.0598,8.4
2024-02-10,Web Development,3247,36,4.23,0.115,10522.0,3.2,184328.0,0.0353,60.5
2024-02-11,AI/ML Development,1507,5,4.49,0.163,4566.0,3.0,65425.0,0.0582,12.9
2024-02-11,Content Writing,7183,48,3.94,0.149,15762.0,2.2,234313.0,0.0456,18.8
2024-02-11,Data Analysis,2685,29,4.37,0.203,6802.0,2.5,99519.0,0.0359,5.7
2024-02-11,Financial Modeling,805,7,4.51,0.129,2332.0,2.9,34510.0,0.0318,1.9
2024-02-11,Graphic Design,5192,68,4.08,0.136,12102.0,2.3,175953.0,0.0448,4.0
2024-02-11,Legal Consulting,637,7,4.65,0.209,1851.0,2.9,23922.0,0.057,15.9
2024-02-11,Mobile App,1999,20,4.24,0.172,4644.0,2.3,61981.0,0.0503,31.2
2024-02-11,Music Production,1052,12,3.89,0.147,2678.0,2.5,34282.0,0.0395,17.7
2024-02-11,Photography,1661,2,4.14,0.095,3581.0,2.2,54051.0,0.0652,26.1
2024-02-11,SEO/SEM,2044,28,3.94,0.143,4779.0,2.3,65043.0,0.0416,5.1
2024-02-11,Social Media Management,3255,12,3.83,0.179,8845.0,2.7,110648.0,0.0433,11.9
2024-02-11,Translation,4030,13,3.92,0.185,8697.0,2.2,148609.0,0.0427,17.4
2024-02-11,Video Production,1479,5,4.23,0.099,3417.0,2.3,53197.0,0.0467,4.6
2024-02-11,Virtual Assistant,4648,43,3.85,0.162,9641.0,2.1,140098.0,0.0402,27.2
2024-02-11,Web Development,2816,19,4.27,0.157,6760.0,2.4,107349.0,0.0436,37.9
2024-02-12,AI/ML Development,1533,7,4.48,0.122,7887.0,5.1,111635.0,0.0317,11.0
2024-02-12,Content Writing,6191,72,3.96,0.138,31674.0,5.1,506402.0,0.0421,6.0
2024-02-12,Data Analysis,2521,4,4.35,0.148,11599.0,4.6,208373.0,0.0701,4.3
2024-02-12,Financial Modeling,753,5,4.58,0.131,4295.0,5.7,64058.0,0.0498,4.3
2024-02-12,Graphic Design,4892,36,4.14,0.145,19162.0,3.9,313300.0,0.0312,7.0
2024-02-12,Legal Consulting,551,4,4.62,0.167,2462.0,4.5,40696.0,0.0385,8.3
2024-02-12,Mobile App,1795,7,4.25,0.134,9527.0,5.3,122858.0,0.0438,3.3
2024-02-12,Music Production,1081,9,3.97,0.17,5141.0,4.8,80921.0,0.0367,6.9
2024-02-12,Photography,1855,11,3.98,0.186,7649.0,4.1,122511.0,0.0399,5.3
2024-02-12,SEO/SEM,1910,4,4.07,0.151,10353.0,5.4,134783.0,0.0474,6.4
2024-02-12,Social Media Management,2731,21,3.84,0.13,12152.0,4.4,210010.0,0.0401,10.1
2024-02-12,Translation,4050,19,3.94,0.197,20983.0,5.2,300907.0,0.0355,6.6
2024-02-12,Video Production,1356,4,4.2,0.195,6709.0,4.9,112848.0,0.0399,11.5
2024-02-12,Virtual Assistant,4637,46,3.82,0.126,19699.0,4.2,241124.0,0.051,4.1
2024-02-12,Web Development,3421,30,4.24,0.128,19098.0,5.6,337014.0,0.0472,12.2
2024-02-13,AI/ML Development,1819,12,4.39,0.12,8666.0,4.8,107649.0,0.0407,5.0
2024-02-13,Content Writing,6336,22,3.99,0.131,29504.0,4.7,500837.0,0.0365,4.1
2024-02-13,Data Analysis,2490,7,4.32,0.139,14080.0,5.7,248286.0,0.0448,16.7
2024-02-13,Financial Modeling,778,4,4.43,0.146,4342.0,5.6,73611.0,0.0543,43.4
2024-02-13,Graphic Design,4932,50,4.12,0.167,21865.0,4.4,308430.0,0.0613,17.2
2024-02-13,Legal Consulting,562,1,4.55,0.146,2360.0,4.2,38221.0,0.0462,5.5
2024-02-13,Mobile App,1944,11,4.29,0.119,10148.0,5.2,149490.0,0.052,18.4
2024-02-13,Music Production,1190,13,3.91,0.111,4640.0,3.9,57946.0,0.0514,4.1
2024-02-13,Photography,1737,11,4.13,0.172,9497.0,5.5,118838.0,0.0564,5.4
2024-02-13,SEO/SEM,2150,7,3.97,0.177,11152.0,5.2,137255.0,0.0371,4.9
2024-02-13,Social Media Management,3221,31,3.86,0.175,15277.0,4.7,210270.0,0.0419,9.1
2024-02-13,Translation,3816,19,4.07,0.181,16209.0,4.2,286680.0,0.0361,5.0
2024-02-13,Video Production,1239,5,4.13,0.191,6936.0,5.6,102844.0,0.0516,5.5
2024-02-13,Virtual Assistant,3805,19,3.84,0.216,19477.0,5.1,314891.0,0.0412,5.4
2024-02-13,Web Development,3106,30,4.26,0.103,16043.0,5.2,262039.0,0.0493,8.9
2024-02-14,AI/ML Development,1856,10,4.36,0.138,8856.0,4.8,152720.0,0.0497,12.4
2024-02-14,Content Writing,7025,51,4.09,0.138,32970.0,4.7,581178.0,0.0551,2.0
2024-02-14,Data Analysis,2699,10,4.31,0.133,12536.0,4.6,206166.0,0.0406,4.9
2024-02-14,Financial Modeling,868,7,4.47,0.175,3854.0,4.4,59950.0,0.044,7.2
2024-02-14,Graphic Design,5042,33,4.14,0.118,23991.0,4.8,419663.0,0.0326,4.9
2024-02-14,Legal Consulting,526,2,4.61,0.169,2804.0,5.3,37936.0,0.0434,10.4
2024-02-14,Mobile App,2092,18,4.06,0.145,9812.0,4.7,133008.0,0.0655,18.3
2024-02-14,Music Production,1283,18,3.91,0.159,5965.0,4.6,86273.0,0.036,6.5
2024-02-14,Photography,1672,8,4.15,0.102,7555.0,4.5,90970.0,0.0366,7.0
2024-02-14,SEO/SEM,2230,9,4.04,0.135,10550.0,4.7,134079.0,0.0366,3.1
2024-02-14,Social Media Management,3309,25,3.75,0.188,12247.0,3.7,175397.0,0.0471,1.2
2024-02-14,Translation,3556,12,3.86,0.13,12529.0,3.5,180861.0,0.058,7.3
2024-02-14,Video Production,1547,5,4.18,0.121,7792.0,5.0,114005.0,0.0475,14.1
2024-02-14,Virtual Assistant,4383,27,3.88,0.151,18733.0,4.3,262489.0,0.0514,10.9
2024-02-14,Web Development,2979,14,4.35,0.105,17209.0,5.8,296661.0,0.0469,17.9
2024-02-15,AI/ML Development,1682,18,4.36,0.178,7826.0,4.7,112206.0,0.0391,1.9
2024-02-15,Content Writing,6424,52,3.95,0.075,20276.0,3.2,311607.0,0.0373,20.4
2024-02-15,Data Analysis,2663,20,4.26,0.132,9057.0,3.4,113455.0,0.0466,5.9
2024-02-15,Financial Modeling,927,2,4.53,0.144,4065.0,4.4,56898.0,0.0444,3.0
2024-02-15,Graphic Design,4580,40,4.2,0.121,19544.0,4.3,239817.0,0.0503,7.5
2024-02-15,Legal Consulting,524,2,4.58,0.195,2149.0,4.1,34644.0,0.0375,6.8
2024-02-15,Mobile App,1685,8,4.19,0.123,6941.0,4.1,118049.0,0.0514,4.9
2024-02-15,Music Production,1262,12,3.96,0.125,4386.0,3.5,66363.0,0.0483,8.2
2024-02-15,Photography,1759,6,3.99,0.17,7917.0,4.5,140446.0,0.056,4.4
2024-02-15,SEO/SEM,2311,11,4.04,0.22,8748.0,3.8,128841.0,0.0463,15.4
2024-02-15,Social Media Management,3182,20,3.79,0.096,11374.0,3.6,142143.0,0.036,5.5
2024-02-15,Translation,4183,19,3.81,0.173,15339.0,3.7,211725.0,0.0555,11.2
2024-02-15,Video Production,1400,12,4.16,0.156,5724.0,4.1,71369.0,0.0526,3.0
2024-02-15,Virtual Assistant,3747,19,3.79,0.137,15738.0,4.2,225070.0,0.0387,9.6
2024-02-15,Web Development,2789,25,4.24,0.186,9066.0,3.3,112096.0,0.0397,11.4
2024-02-16,AI/ML Development,1540,8,4.34,0.138,5184.0,3.4,78064.0,0.0424,4.3
2024-02-16,Content Writing,6872,32,3.97,0.145,24196.0,3.5,384228.0,0.0416,3.5
2024-02-16,Data Analysis,2520,16,4.29,0.131,12068.0,4.8,163474.0,0.0413,3.1
2024-02-16,Financial Modeling,774,6,4.54,0.209,2772.0,3.6,36390.0,0.0594,3.0
2024-02-16,Graphic Design,5186,23,4.17,0.165,19385.0,3.7,325970.0,0.0414,10.0
2024-02-16,Legal Consulting,575,5,4.72,0.227,2290.0,4.0,40718.0,0.0599,7.7
2024-02-16,Mobile App,1993,5,4.17,0.133,6653.0,3.3,89005.0,0.05,8.0
2024-02-16,Music Production,1047,3,3.94,0.161,3132.0,3.0,47508.0,0.0339,7.6
2024-02-16,Photography,1584,2,4.14,0.223,5793.0,3.7,78925.0,0.0378,2.7
2024-02-16,SEO/SEM,2283,26,4.04,0.179,10216.0,4.5,140958.0,0.054,1.6
2024-02-16,Social Media Management,3095,20,3.8,0.156,13262.0,4.3,183378.0,0.0385,6.9
2024-02-16,Translation,3636,39,3.89,0.154,11240.0,3.1,150077.0,0.0564,3.9
2024-02-16,Video Production,1361,12,4.21,0.183,4708.0,3.5,58823.0,0.0406,19.0
2024-02-16,Virtual Assistant,3898,19,3.7,0.119,13357.0,3.4,182026.0,0.0339,7.5
2024-02-16,Web Development,2867,52,4.38,0.123,11430.0,4.0,161549.0,0.0426,14.5
2024-02-17,AI/ML Development,1663,6,4.42,0.144,5523.0,3.3,80796.0,0.0403,5.9
2024-02-17,Content Writing,5811,45,4.08,0.146,18148.0,3.1,243245.0,0.0352,11.0
2024-02-17,Data Analysis,2662,29,4.24,0.153,8730.0,3.3,105390.0,0.0572,24.9
2024-02-17,Financial Modeling,849,3,4.64,0.133,2672.0,3.1,47850.0,0.044,5.0
2024-02-17,Graphic Design,4658,23,4.0,0.099,11933.0,2.6,191979.0,0.032,10.5
2024-02-17,Legal Consulting,586,3,4.7,0.173,2172.0,3.7,35570.0,0.051,3.2
2024-02-17,Mobile App,1880,11,4.3,0.169,5824.0,3.1,80270.0,0.0529,3.0
2024-02-17,Music Production,1222,19,3.89,0.157,2636.0,2.2,39066.0,0.039,23.0
2024-02-17,Photography,1829,5,4.08,0.117,5698.0,3.1,94714.0,0.0514,7.3
2024-02-17,SEO/SEM,2214,58,4.08,0.165,6142.0,2.8,100502.0,0.0342,6.4
2024-02-17,Social Media Management,2779,31,3.59,0.183,5551.0,2.0,90214.0,0.0457,9.2
2024-02-17,Translation,3868,43,3.96,0.124,9720.0,2.5,141390.0,0.0467,8.8
2024-02-17,Video Production,1449,9,4.18,0.18,4690.0,3.2,75472.0,0.034,16.8
2024-02-17,Virtual Assistant,4641,16,3.9,0.12,10358.0,2.2,153946.0,0.0499,10.0
2024-02-17,Web Development,3251,32,4.33,0.118,11133.0,3.4,137981.0,0.0385,6.3
2024-02-18,AI/ML Development,1724,10,4.37,0.151,4250.0,2.5,55080.0,0.0424,8.8
2024-02-18,Content Writing,6293,20,4.02,0.125,18189.0,2.9,314957.0,0.0381,5.9
2024-02-18,Data Analysis,2515,19,4.35,0.154,7000.0,2.8,124346.0,0.0315,5.9
2024-02-18,Financial Modeling,879,11,4.56,0.163,2451.0,2.8,40610.0,0.0425,26.3
2024-02-18,Graphic Design,5260,16,4.14,0.139,14612.0,2.8,186982.0,0.0402,6.7
2024-02-18,Legal Consulting,531,2,4.61,0.164,1433.0,2.7,24271.0,0.0389,5.3
2024-02-18,Mobile App,1696,4,4.25,0.19,4938.0,2.9,61264.0,0.0484,10.8
2024-02-18,Music Production,1081,6,4.01,0.124,2817.0,2.6,46760.0,0.0706,5.2
2024-02-18,Photography,1875,28,4.11,0.132,5658.0,3.0,81581.0,0.0418,11.8
2024-02-18,SEO/SEM,2017,12,4.02,0.181,5465.0,2.7,66151.0,0.0311,10.3
2024-02-18,Social Media Management,2977,27,3.68,0.125,7985.0,2.7,111509.0,0.0417,5.2
2024-02-18,Translation,3593,38,3.94,0.145,7215.0,2.0,99757.0,0.0303,18.8
2024-02-18,Video Production,1426,11,4.25,0.158,3508.0,2.5,52825.0,0.0375,10.4
2024-02-18,Virtual Assistant,4499,36,3.82,0.105,8826.0,2.0,150204.0,0.0508,3.6
2024-02-18,Web Development,2826,11,4.29,0.157,6017.0,2.1,107609.0,0.0364,2.7
2024-02-19,AI/ML Development,1686,5,4.41,0.148,7107.0,4.2,113691.0,0.0541,6.5
2024-02-19,Content Writing,-2,40,4.05,0.138,30987.0,5.4,539018.0,0.0469,3.0
2024-02-19,Data Analysis,2622,10,4.31,0.151,12886.0,4.9,206122.0,0.049,12.6
2024-02-19,Financial Modeling,908,6,4.45,0.148,3661.0,4.0,61543.0,0.0457,7.8
2024-02-19,Graphic Design,4881,74,4.13,0.125,20075.0,4.1,247704.0,0.0307,7.5
2024-02-19,Legal Consulting,567,1,4.57,0.097,2709.0,4.8,41403.0,0.0484,6.1
2024-02-19,Mobile App,1697,16,4.2,0.145,9367.0,5.5,121351.0,0.0417,4.6
2024-02-19,Music Production,1138,5,3.9,0.14,4490.0,3.9,67519.0,0.0447,6.2
2024-02-19,Photography,1924,45,4.17,0.144,10510.0,5.5,184449.0,0.0423,4.9
2024-02-19,SEO/SEM,2083,11,4.08,0.153,10923.0,5.2,196307.0,0.0502,3.9
2024-02-19,Social Media Management,2878,21,3.81,0.159,13948.0,4.8,226726.0,0.056,12.0
2024-02-19,Translation,3687,19,3.84,0.16,16921.0,4.6,304059.0,0.0473,11.2
2024-02-19,Video Production,1369,9,4.12,0.206,7325.0,5.4,102507.0,0.0402,27.1
2024-02-19,Virtual Assistant,3913,26,3.8,0.156,14474.0,3.7,236920.0,0.0478,7.2
2024-02-19,Web Development,2796,28,4.34,0.163,16028.0,5.7,234847.0,0.0231,15.0
2024-02-20,AI/ML Development,1563,5,4.46,0.191,6883.0,4.4,96657.0,0.036,6.1
2024-02-20,Content Writing,6305,103,3.98,0.143,30864.0,4.9,405145.0,0.0407,15.5
2024-02-20,Data Analysis,2646,9,4.33,0.186,10450.0,3.9,180392.0,0.039,2.0
2024-02-20,Financial Modeling,933,7,4.55,0.146,4023.0,4.3,53181.0,0.0515,2.4
2024-02-20,Graphic Design,4243,40,4.15,0.166,16078.0,3.8,218242.0,0.0496,12.9
2024-02-20,Legal Consulting,561,3,4.6,0.138,3296.0,5.9,49139.0,0.0489,6.4
2024-02-20,Mobile App,1983,23,4.13,0.115,9097.0,4.6,112462.0,0.0396,9.0
2024-02-20,Music Production,1116,12,3.99,0.188,5174.0,4.6,65405.0,0.0554,7.0
2024-02-20,Photography,1789,9,4.01,0.153,7644.0,4.3,115161.0,0.0252,7.3
2024-02-20,SEO/SEM,1981,9,4.03,0.114,9839.0,5.0,158753.0,0.0505,12.3
2024-02-20,Social Media Management,3323,39,3.8,0.162,16866.0,5.1,295538.0,0.0364,5.5
2024-02-20,Translation,3524,23,3.95,0.143,18620.0,5.3,331918.0,0.0483,1.8
2024-02-20,Video Production,1271,7,4.17,0.13,6872.0,5.4,95271.0,0.0408,13.9
2024-02-20,Virtual Assistant,3764,21,3.98,0.108,16590.0,4.4,241716.0,0.0512,9.0
2024-02-20,Web Development,3325,12,4.47,0.158,15230.0,4.6,258992.0,0.0408,22.0
2024-02-21,AI/ML Development,1680,6,4.41,0.13,9367.0,5.6,150097.0,0.049,13.7
2024-02-21,Content Writing,5774,17,3.99,0.175,30618.0,5.3,378797.0,0.0356,6.6
2024-02-21,Data Analysis,2825,27,4.15,0.175,13673.0,4.8,240293.0,0.0497,3.7
2024-02-21,Financial Modeling,905,7,4.55,0.152,4908.0,5.4,72123.0,0.0449,5.4
2024-02-21,Graphic Design,4728,78,4.03,0.138,20498.0,4.3,315128.0,0.0488,5.2
2024-02-21,Legal Consulting,572,2,4.54,0.15,3156.0,5.5,53091.0,0.0311,6.8
2024-02-21,Mobile App,1971,6,4.18,0.183,8402.0,4.3,101767.0,0.0471,3.6
2024-02-21,Music Production,1247,3,3.9,0.155,5469.0,4.4,92482.0,0.0409,6.7
2024-02-21,Photography,1897,8,3.98,0.166,8859.0,4.7,133197.0,0.0494,6.9
2024-02-21,SEO/SEM,2158,19,4.1,0.178,8605.0,4.0,103509.0,0.0421,5.0
2024-02-21,Social Media Management,3153,38,3.82,0.214,15980.0,5.1,203655.0,0.0378,7.3
2024-02-21,Translation,3624,30,4.0,0.194,15390.0,4.2,190193.0,0.0364,11.3
2024-02-21,Video Production,1471,10,4.22,0.213,7031.0,4.8,107743.0,0.0336,4.7
2024-02-21,Virtual Assistant,3950,15,3.75,0.09,17830.0,4.5,248218.0,0.0389,18.9
2024-02-21,Web Development,3107,35,4.41,0.179,16698.0,5.4,253152.0,0.0583,44.6
2024-02-22,AI/ML Development,1847,7,4.45,0.151,7341.0,4.0,127341.0,0.0405,14.3
2024-02-22,Content Writing,6597,46,3.9,0.192,22363.0,3.4,373130.0,0.0419,20.0
2024-02-22,Data Analysis,2457,25,4.3,0.129,10774.0,4.4,174567.0,0.034,12.2
2024-02-22,Financial Modeling,773,7,4.46,0.18,3419.0,4.4,50785.0,0.0459,5.6
2024-02-22,Graphic Design,4600,22,4.17,0.173,20732.0,4.5,291384.0,0.0437,10.2
2024-02-22,Legal Consulting,660,2,4.63,0.174,2871.0,4.3,37879.0,0.053,4.5
2024-02-22,Mobile App,1891,8,4.18,0.152,6638.0,3.5,113584.0,0.0489,18.1
2024-02-22,Music Production,1261,12,3.96,0.127,4215.0,3.3,64718.0,0.029,8.3
2024-02-22,Photography,1932,24,4.09,0.143,8410.0,4.4,138944.0,0.0373,9.6
2024-02-22,SEO/SEM,2152,8,4.04,0.135,8714.0,4.0,150334.0,0.0465,6.0
2024-02-22,Social Media Management,2668,19,3.78,0.118,9249.0,3.5,163603.0,0.041,8.3
2024-02-22,Translation,3717,19,3.87,0.169,15640.0,4.2,198907.0,0.0546,7.2
2024-02-22,Video Production,1520,6,4.25,0.154,5877.0,3.9,74012.0,0.0447,11.2
2024-02-22,Virtual Assistant,4394,17,3.87,0.131,18158.0,4.1,323761.0,0.0341,7.5
2024-02-22,Web Development,3359,34,4.38,0.114,15379.0,4.6,225648.0,0.0315,20.5
2024-02-23,AI/ML Development,1561,6,4.28,0.149,5275.0,3.4,87206.0,0.0425,2.6
2024-02-23,Content Writing,6341,56,3.98,0.153,23027.0,3.6,411557.0,0.0474,15.6
2024-02-23,Data Analysis,2405,33,4.35,0.114,7949.0,3.3,131661.0,0.0606,6.8
2024-02-23,Financial Modeling,768,5,4.59,0.141,3956.0,5.2,52844.0,0.0506,11.8
2024-02-23,Graphic Design,5224,44,4.09,0.159,19008.0,3.6,258175.0,0.0423,5.4
2024-02-23,Legal Consulting,539,4,4.55,0.175,1973.0,3.7,31968.0,0.0305,6.9
2024-02-23,Mobile App,1924,14,4.17,0.288,7152.0,3.7,127747.0,0.0538,23.3
2024-02-23,Music Production,1299,7,3.91,0.135,5086.0,3.9,69519.0,0.0423,26.1
2024-02-23,Photography,1780,11,4.09,0.141,6651.0,3.7,109372.0,0.0373,5.5
2024-02-23,SEO/SEM,2136,21,4.04,0.152,8706.0,4.1,119222.0,0.0582,7.4
2024-02-23,Social Media Management,3054,18,3.75,0.202,12396.0,4.1,159494.0,0.0465,5.5
2024-02-23,Translation,3792,16,3.88,0.139,13957.0,3.7,216068.0,0.0474,12.6
2024-02-23,Video Production,1347,12,4.14,0.198,5756.0,4.3,101950.0,0.041,7.8
2024-02-23,Virtual Assistant,4021,32,3.8,0.116,11788.0,2.9,202865.0,0.0427,11.3
2024-02-23,Web Development,3361,14,4.22,0.154,11879.0,3.5,160520.0,0.0453,20.8
2024-02-24,AI/ML Development,1505,8,4.45,0.138,4594.0,3.1,58144.0,0.0391,7.7
2024-02-24,Content Writing,6724,26,3.98,0.148,19814.0,2.9,250332.0,0.0352,4.3
2024-02-24,Data Analysis,2534,45,4.32,0.141,6303.0,2.5,86922.0,0.0517,16.5
2024-02-24,Financial Modeling,758,3,4.41,0.155,2615.0,3.4,38744.0,0.0372,7.1
2024-02-24,Graphic Design,4344,27,4.07,0.149,11820.0,2.7,200361.0,0.0578,21.7
2024-02-24,Legal Consulting,564,4,4.63,0.135,1624.0,2.9,28225.0,0.0472,3.5
2024-02-24,Mobile App,2090,14,4.21,0.186,5061.0,2.4,67989.0,0.0353,8.1
2024-02-24,Music Production,1090,6,3.93,0.116,2532.0,2.3,34896.0,0.0272,8.0
2024-02-24,Photography,1607,18,4.18,0.146,4707.0,2.9,74498.0,0.045,3.2
2024-02-24,SEO/SEM,2048,9,3.95,0.144,6348.0,3.1,81584.0,0.0482,25.1
2024-02-24,Social Media Management,3056,24,3.82,0.107,8801.0,2.9,156894.0,0.0431,2.4
2024-02-24,Translation,3557,22,3.92,0.166,9778.0,2.7,141915.0,0.0402,17.0
2024-02-24,Video Production,1340,18,4.25,0.142,3605.0,2.7,64290.0,0.0413,8.9
2024-02-24,Virtual Assistant,3873,27,3.74,0.146,10360.0,2.7,183854.0,0.0401,8.2
2024-02-24,Web Development,3115,23,4.35,0.127,8214.0,2.6,145419.0,0.0444,10.2
2024-02-25,AI/ML Development,1805,9,4.37,0.187,5244.0,2.9,71678.0,0.0427,3.2
2024-02-25,Content Writing,6206,62,3.93,0.154,13700.0,2.2,213994.0,0.0446,8.1
2024-02-25,Data Analysis,2373,19,4.25,0.132,5718.0,2.4,73770.0,0.0404,19.7
2024-02-25,Financial Modeling,753,6,4.64,0.179,2001.0,2.7,31551.0,0.0465,8.1
2024-02-25,Graphic Design,4316,21,4.16,0.114,9273.0,2.1,149295.0,0.0374,2.0
2024-02-25,Legal Consulting,588,2,4.63,0.169,1785.0,3.0,23250.0,0.0471,5.2
2024-02-25,Mobile App,1717,19,4.14,0.158,3620.0,2.1,63754.0,0.0382,6.8
2024-02-25,Music Production,1204,11,3.96,0.173,3025.0,2.5,41923.0,0.0364,10.7
2024-02-25,Photography,1743,25,4.06,0.175,4434.0,2.5,74061.0,0.0414,8.9
2024-02-25,SEO/SEM,2235,17,4.05,0.125,5485.0,2.5,94679.0,0.0603,6.8
2024-02-25,Social Media Management,2885,29,3.75,0.131,7729.0,2.7,120479.0,0.0443,2.1
2024-02-25,Translation,4069,25,3.89,0.14,8161.0,2.0,100019.0,0.0339,8.6
2024-02-25,Video Production,1270,17,4.26,0.12,3002.0,2.4,49578.0,0.0393,14.4
2024-02-25,Virtual Assistant,4316,8,3.72,0.118,8920.0,2.1,114406.0,0.0342,13.3
2024-02-25,Web Development,2929,19,4.37,0.155,6326.0,2.2,107921.0,0.061,4.3
2024-02-26,AI/ML Development,1585,5,4.38,0.128,6452.0,4.1,106625.0,0.0489,14.2
2024-02-26,Content Writing,7086,98,4.04,0.128,26893.0,3.8,331688.0,0.039,6.1
2024-02-26,Data Analysis,2282,54,4.28,0.223,10465.0,4.6,145214.0,0.0426,7.3
2024-02-26,Financial Modeling,915,9,4.55,0.13,4905.0,5.4,79906.0,0.0405,8.8
2024-02-26,Graphic Design,4240,18,4.09,0.183,20018.0,4.7,345199.0,0.0409,8.0
2024-02-26,Legal Consulting,630,3,4.58,0.135,2921.0,4.6,43074.0,0.0412,1.6
2024-02-26,Mobile App,1756,11,4.15,0.167,7597.0,4.3,118922.0,0.0383,6.9
2024-02-26,Music Production,1107,6,3.98,0.172,5595.0,5.1,96327.0,0.0445,2.7
2024-02-26,Photography,1704,8,4.04,0.168,8610.0,5.1,151919.0,0.0475,3.5
2024-02-26,SEO/SEM,2093,9,3.96,0.107,8568.0,4.1,139705.0,0.0418,6.5
2024-02-26,Social Media Management,2730,24,3.82,0.16,12894.0,4.7,211671.0,0.0277,8.9
2024-02-26,Translation,3959,20,3.92,0.182,18498.0,4.7,327382.0,0.0372,7.8
2024-02-26,Video Production,1268,8,4.29,0.172,6993.0,5.5,106655.0,0.04,18.4
2024-02-26,Virtual Assistant,4392,42,3.84,0.153,17929.0,4.1,321859.0,0.0418,3.1
2024-02-26,Web Development,3010,44,4.4,0.126,15833.0,5.3,204987.0,0.0476,2.7
2024-02-27,AI/ML Development,1656,15,4.36,0.155,7942.0,4.8,121305.0,0.0566,17.6
2024-02-27,Content Writing,6483,56,4.12,0.158,26814.0,4.1,419627.0,0.0487,10.4
2024-02-27,Data Analysis,2557,27,4.25,0.143,10854.0,4.2,176304.0,0.0456,3.7
2024-02-27,Financial Modeling,846,8,4.4,0.167,3746.0,4.4,62005.0,0.038,6.2
2024-02-27,Graphic Design,4527,51,4.11,0.132,19903.0,4.4,242564.0,0.0514,9.8
2024-02-27,Legal Consulting,549,4,4.62,0.152,3417.0,6.2,43645.0,0.0409,3.2
2024-02-27,Mobile App,2003,14,4.19,0.211,10263.0,5.1,152355.0,0.0354,10.7
2024-02-27,Music Production,1068,8,3.89,0.167,4569.0,4.3,58237.0,0.0324,7.9
2024-02-27,Photography,1626,10,4.11,0.181,6648.0,4.1,83396.0,0.0425,6.9
2024-02-27,SEO/SEM,1986,9,4.05,0.16,10652.0,5.4,147516.0,0.0629,3.8
2024-02-27,Social Media Management,3186,9,3.75,0.139,15588.0,4.9,,0.0469,8.6
2024-02-27,Translation,3967,10,3.84,0.05,17120.0,4.3,226040.0,0.0463,7.7
2024-02-27,Video Production,1310,8,4.19,0.173,6975.0,5.3,123023.0,0.0393,5.1
2024-02-27,Virtual Assistant,4314,28,3.78,0.136,17092.0,4.0,276889.0,0.0469,10.0
2024-02-27,Web Development,3286,37,4.3,0.177,18766.0,5.7,245649.0,0.0481,4.9
2024-02-28,AI/ML Development,1555,5,4.47,0.145,7731.0,5.0,102431.0,0.026,3.9
2024-02-28,Content Writing,5987,53,3.99,0.167,25970.0,4.3,356146.0,0.0412,3.4
2024-02-28,Data Analysis,2864,22,4.24,0.159,10996.0,3.8,183053.0,0.045,2.6
2024-02-28,Financial Modeling,851,10,4.5,0.184,3594.0,4.2,,0.0471,11.3
2024-02-28,Graphic Design,5043,38,4.06,0.179,22842.0,4.5,388755.0,0.0589,15.0
2024-02-28,Legal Consulting,524,10,4.62,0.102,3267.0,6.2,49310.0,0.0571,18.2
2024-02-28,Mobile App,2103,7,4.22,0.176,10079.0,4.8,139860.0,0.0569,20.4
2024-02-28,Music Production,1302,7,3.86,0.158,5481.0,4.2,85376.0,0.0459,8.4
2024-02-28,Photography,1915,18,4.17,0.15,9300.0,4.9,128359.0,0.0574,16.6
2024-02-28,SEO/SEM,2092,6,3.98,0.196,10905.0,5.2,188869.0,0.0471,4.9
2024-02-28,Social Media Management,2680,24,3.82,0.122,9681.0,3.6,126469.0,0.0567,2.8
2024-02-28,Translation,4109,16,3.94,0.12,16031.0,3.9,205250.0,0.0338,5.4
2024-02-28,Video Production,1228,9,4.18,0.187,4988.0,4.1,74299.0,0.0365,7.9
2024-02-28,Virtual Assistant,4661,19,3.85,0.123,17127.0,3.7,217173.0,0.0568,5.7
2024-02-28,Web Development,3243,30,4.32,0.109,18177.0,5.6,276764.0,0.0531,2.3
2024-02-29,AI/ML Development,1765,9,4.42,0.163,8506.0,4.8,136568.0,0.033,2.2
2024-02-29,Content Writing,6348,75,4.06,0.147,20340.0,3.2,364293.0,0.0481,11.6
2024-02-29,Data Analysis,2274,17,4.28,0.167,8155.0,3.6,116184.0,0.0481,3.2
2024-02-29,Financial Modeling,825,6,4.58,0.124,2867.0,3.5,45699.0,0.0307,2.0
2024-02-29,Graphic Design,4785,79,4.08,0.126,20255.0,4.2,335855.0,0.0665,12.4
2024-02-29,Legal Consulting,603,3,4.51,0.13,2420.0,4.0,39180.0,0.0454,8.9
2024-02-29,Mobile App,1663,15,4.14,0.095,6690.0,4.0,120223.0,0.0562,12.7
2024-02-29,Music Production,1320,9,3.9,0.131,3889.0,2.9,57601.0,0.046,6.3
2024-02-29,Photography,1857,15,4.13,0.171,6671.0,3.6,108464.0,0.0539,12.7
2024-02-29,SEO/SEM,2063,28,4.0,0.179,6962.0,3.4,119532.0,0.0455,18.9
2024-02-29,Social Media Management,2986,16,3.81,0.145,9295.0,3.1,159478.0,0.0399,32.7
2024-02-29,Translation,3773,58,3.91,0.134,14730.0,3.9,198550.0,0.0464,27.4
2024-02-29,Video Production,1458,17,4.26,0.165,5117.0,3.5,83810.0,0.041,10.1
2024-02-29,Virtual Assistant,3984,26,3.7,0.138,13063.0,3.3,174614.0,0.0412,7.8
2024-02-29,Web Development,3088,20,4.27,0.171,9980.0,3.2,133283.0,0.0416,21.5
2024-03-01,AI/ML Development,2074,31,4.45,0.131,11918.0,5.7,184256.0,0.0438,5.4
2024-03-01,Content Writing,6665,50,4.03,0.119,24314.0,3.6,390350.0,0.0402,6.2
2024-03-01,Data Analysis,3202,24,4.26,0.146,17661.0,5.5,289330.0,0.0521,33.6
2024-03-01,Financial Modeling,1040,7,4.53,0.082,5119.0,4.9,68674.0,0.0408,3.6
2024-03-01,Graphic Design,5042,43,3.99,0.155,26195.0,5.2,446750.0,0.0368,18.2
2024-03-01,Legal Consulting,725,3,4.58,0.107,4412.0,6.1,77410.0,0.0363,4.5
2024-03-01,Mobile App,2379,14,4.19,0.153,11847.0,5.0,199700.0,0.0432,4.1
2024-03-01,Music Production,1454,8,3.89,0.17,6704.0,4.6,87733.0,0.0556,3.9
2024-03-01,Photography,2202,14,4.09,0.101,8612.0,3.9,109277.0,0.0448,9.3
2024-03-01,SEO/SEM,2418,12,4.02,0.136,12893.0,5.3,228029.0,0.0386,18.6
2024-03-01,Social Media Management,3710,18,3.83,0.168,14091.0,3.8,207962.0,0.0343,21.9
2024-03-01,Translation,4510,45,3.94,0.117,18835.0,4.2,239213.0,0.0585,6.9
2024-03-01,Video Production,1634,7,4.16,0.119,9102.0,5.6,122962.0,0.0482,9.5
2024-03-01,Virtual Assistant,5043,25,3.8,0.199,21538.0,4.3,322067.0,0.0381,18.6
2024-03-01,Web Development,3987,24,4.34,0.126,19950.0,5.0,281773.0,0.0341,6.4
2024-03-02,AI/ML Development,1897,18,4.34,0.138,7414.0,3.9,91989.0,0.0437,10.1
2024-03-02,Content Writing,6940,35,3.97,0.142,23071.0,3.3,308776.0,0.0483,4.1
2024-03-02,Data Analysis,3165,28,4.22,0.177,11091.0,3.5,138470.0,0.0364,2.6
2024-03-02,Financial Modeling,955,5,4.48,0.131,2805.0,2.9,43738.0,0.0303,7.4
2024-03-02,Graphic Design,5985,21,4.13,0.178,20609.0,3.4,331822.0,0.054,7.1
2024-03-02,Legal Consulting,694,6,4.48,0.185,2325.0,3.4,41640.0,0.049,3.1
2024-03-02,Mobile App,1959,9,4.26,0.166,5688.0,2.9,85173.0,0.0392,24.3
2024-03-02,Music Production,1271,12,3.92,0.165,3251.0,2.6,41185.0,0.0407,13.4
2024-03-02,Photography,1875,11,4.11,0.187,4987.0,2.7,66078.0,0.0489,10.9
2024-03-02,SEO/SEM,2411,10,4.1,0.157,6827.0,2.8,105365.0,0.0481,6.1
2024-03-02,Social Media Management,3725,15,3.77,0.146,9818.0,2.6,169581.0,0.0494,5.8
2024-03-02,Translation,4268,15,3.97,0.195,12258.0,2.9,181118.0,0.05,2.2
2024-03-02,Video Production,1522,6,4.27,0.106,5347.0,3.5,68651.0,0.0422,5.6
2024-03-02,Virtual Assistant,4841,34,3.78,0.183,16877.0,3.5,237643.0,0.0468,22.1
2024-03-02,Web Development,3610,24,4.29,0.148,12947.0,3.6,231272.0,0.063,12.6
2024-03-03,AI/ML Development,2063,14,4.4,0.144,7193.0,3.5,120813.0,0.05,5.4
2024-03-03,Content Writing,7093,40,3.94,0.112,17164.0,2.4,224750.0,0.0465,5.1
2024-03-03,Data Analysis,2877,31,4.29,0.155,9628.0,3.3,121572.0,0.0479,12.1
2024-03-03,Financial Modeling,1075,17,4.59,0.182,2892.0,2.7,47318.0,0.0419,6.9
2024-03-03,Graphic Design,5084,52,4.06,0.111,13272.0,2.6,161757.0,0.0492,7.3
2024-03-03,Legal Consulting,668,7,4.48,0.123,2468.0,3.7,35114.0,0.0427,10.1
2024-03-03,Mobile App,1957,19,4.15,0.137,6346.0,3.2,109585.0,0.0488,5.2
2024-03-03,Music Production,1275,12,3.89,0.169,3830.0,3.0,65624.0,0.041,5.4
2024-03-03,Photography,1799,14,4.14,0.132,4394.0,2.4,53976.0,0.0424,11.5
2024-03-03,SEO/SEM,2386,20,4.0,0.175,5714.0,2.4,85542.0,0.043,14.9
2024-03-03,Social Media Management,3285,12,3.84,0.101,9449.0,2.9,117726.0,0.0474,15.6
2024-03-03,Translation,4790,55,3.85,0.177,14385.0,3.0,193306.0,0.0498,17.1
2024-03-03,Video Production,1460,11,4.23,0.201,4807.0,3.3,63045.0,0.0524,5.4
2024-03-03,Virtual Assistant,4983,52,3.9,0.162,13226.0,2.7,228621.0,0.0539,3.1
2024-03-03,Web Development,3305,83,4.33,0.156,12244.0,3.7,153553.0,0.0466,5.5
2024-03-04,AI/ML Development,1773,29,4.29,0.129,11746.0,6.6,169957.0,0.0488,30.5
2024-03-04,Content Writing,6801,99,4.07,0.127,39295.0,5.8,533818.0,0.0454,10.0
2024-03-04,Data Analysis,2789,16,4.28,0.13,17904.0,6.4,304495.0,0.0412,6.7
2024-03-04,Financial Modeling,854,5,4.6,0.171,5736.0,6.7,79310.0,0.048,6.3
2024-03-04,Graphic Design,5794,36,4.15,0.191,31438.0,5.4,479374.0,0.0506,14.3
2024-03-04,Legal Consulting,599,4,4.63,0.175,4081.0,6.8,73118.0,0.0409,5.2
2024-03-04,Mobile App,2324,16,4.12,0.174,12471.0,5.4,218865.0,0.0494,5.0
2024-03-04,Music Production,1470,12,3.87,0.147,9104.0,6.2,129700.0,0.0452,8.3
2024-03-04,Photography,2037,19,4.07,0.127,12109.0,5.9,196581.0,0.0483,8.1
2024-03-04,SEO/SEM,2128,11,3.98,0.108,11074.0,5.2,143447.0,0.0517,14.8
2024-03-04,Social Media Management,3392,34,3.75,0.18,16648.0,4.9,247015.0,0.0586,12.9
2024-03-04,Translation,3824,18,3.91,0.142,21893.0,5.7,390890.0,0.0397,6.8
2024-03-04,Video Production,1549,11,4.16,0.162,9190.0,5.9,147649.0,0.0479,11.5
2024-03-04,Virtual Assistant,4739,121,3.76,0.148,20642.0,4.4,299493.0,0.0678,10.8
2024-03-04,Web Development,3674,55,4.29,0.134,23697.0,6.4,301419.0,0.0454,25.4
2024-03-05,AI/ML Development,1837,16,4.35,0.129,11927.0,6.5,165537.0,0.0508,17.5
2024-03-05,Content Writing,8186,34,4.04,0.187,53200.0,6.5,809808.0,0.0425,8.6
2024-03-05,Data Analysis,2769,28,4.26,0.119,14050.0,5.1,235446.0,0.0597,5.3
2024-03-05,Financial Modeling,962,4,4.52,0.175,6422.0,6.7,100101.0,0.0488,3.3
2024-03-05,Graphic Design,5564,22,4.19,0.165,32574.0,5.9,450350.0,0.0531,3.5
2024-03-05,Legal Consulting,636,3,4.62,0.159,4278.0,6.7,57726.0,0.0401,12.7
2024-03-05,Mobile App,2259,76,4.26,0.158,14717.0,6.5,251566.0,0.0474,5.9
2024-03-05,Music Production,1232,2,3.96,0.174,5279.0,4.3,68281.0,0.0544,3.9
2024-03-05,Photography,1847,12,4.07,0.132,12068.0,6.5,154039.0,0.0407,5.7
2024-03-05,SEO/SEM,2116,13,4.05,0.187,13034.0,6.2,213011.0,0.0481,7.8
2024-03-05,Social Media Management,3217,16,3.84,0.172,17738.0,5.5,279804.0,0.0366,3.7
2024-03-05,Translation,4450,35,3.96,0.165,21691.0,4.9,345103.0,0.0362,36.0
2024-03-05,Video Production,1556,6,4.21,0.159,9143.0,5.9,149444.0,0.0595,9.3
2024-03-05,Virtual Assistant,5138,69,3.82,0.2,29056.0,5.7,510690.0,0.0418,2.5
2024-03-05,Web Development,3215,43,4.39,0.143,17282.0,5.4,248958.0,0.0455,6.5
2024-03-06,AI/ML Development,1787,5,4.33,0.135,10807.0,6.0,134615.0,0.0442,13.4
2024-03-06,Content Writing,6952,41,4.07,0.127,36836.0,5.3,638720.0,0.0503,5.0
2024-03-06,Data Analysis,2926,10,4.31,0.123,20261.0,6.9,283063.0,0.0364,22.4
2024-03-06,Financial Modeling,934,3,4.49,0.134,5153.0,5.5,81468.0,0.0368,13.7
2024-03-06,Graphic Design,4995,22,4.17,0.176,31477.0,6.3,436098.0,0.0369,4.0
2024-03-06,Legal Consulting,630,3,4.55,0.104,4552.0,7.2,72850.0,0.0541,4.3
2024-03-06,Mobile App,2174,15,4.17,0.086,10266.0,4.7,151674.0,0.0404,8.6
2024-03-06,Music Production,1265,9,3.82,0.152,5566.0,4.4,96443.0,0.051,9.8
2024-03-06,Photography,2178,14,4.14,0.111,10114.0,4.6,130913.0,0.0398,43.5
2024-03-06,SEO/SEM,2251,21,3.99,0.177,11418.0,5.1,198360.0,0.0378,3.5
2024-03-06,Social Media Management,3351,17,3.88,0.152,18664.0,5.6,317220.0,0.0425,11.5
2024-03-06,Translation,4529,36,3.94,0.181,28751.0,6.3,405925.0,0.0443,2.9
2024-03-06,Video Production,1550,14,4.22,0.201,8761.0,5.7,131361.0,0.0483,10.3
2024-03-06,Virtual Assistant,4477,27,3.72,0.17,24978.0,5.6,370950.0,0.0448,2.8
2024-03-06,Web Development,3683,28,4.29,0.202,20476.0,5.6,255501.0,0.0464,4.9
2024-03-07,AI/ML Development,2033,23,4.37,0.138,9756.0,4.8,130576.0,0.041,10.7
2024-03-07,Content Writing,7438,38,4.05,0.11,30395.0,4.1,404007.0,0.0466,5.3
2024-03-07,Data Analysis,2920,13,4.32,0.177,12502.0,4.3,184166.0,0.0455,12.0
2024-03-07,Financial Modeling,852,4,4.52,0.163,3916.0,4.6,49281.0,0.0426,4.4
2024-03-07,Graphic Design,6040,23,4.11,0.158,26978.0,4.5,324268.0,0.0377,5.5
2024-03-07,Legal Consulting,748,3,4.73,0.15,4308.0,5.8,70229.0,0.0426,18.9
2024-03-07,Mobile App,2156,15,4.1,0.122,10342.0,4.8,153187.0,0.0536,8.7
2024-03-07,Music Production,1405,6,3.97,0.167,7199.0,5.1,94376.0,0.0473,7.1
2024-03-07,Photography,2151,36,4.08,0.156,11072.0,5.1,140176.0,0.0373,22.2
2024-03-07,SEO/SEM,2465,13,4.04,0.166,11674.0,4.7,200520.0,0.046,4.9
2024-03-07,Social Media Management,3473,40,3.7,0.165,15042.0,4.3,248777.0,0.0504,5.7
2024-03-07,Translation,4605,36,3.95,0.128,20602.0,4.5,311018.0,0.0523,12.2
2024-03-07,Video Production,1587,9,4.25,0.136,8942.0,5.6,148918.0,0.043,9.7
2024-03-07,Virtual Assistant,4901,28,3.86,0.108,20779.0,4.2,287393.0,0.0534,20.2
2024-03-07,Web Development,3850,22,4.32,0.132,16899.0,4.4,206586.0,0.0446,9.9
2024-03-08,AI/ML Development,1962,13,4.41,0.138,11451.0,5.8,179378.0,0.0718,2.7
2024-03-08,Content Writing,7165,30,4.04,0.162,34279.0,4.8,446417.0,0.0506,5.8
2024-03-08,Data Analysis,2881,36,4.2,0.186,12881.0,4.5,188114.0,0.05,19.8
2024-03-08,Financial Modeling,971,6,4.52,0.184,4825.0,5.0,82672.0,0.0473,12.7
2024-03-08,Graphic Design,5028,30,4.1,0.171,24224.0,4.8,356449.0,0.0607,7.9
2024-03-08,Legal Consulting,713,3,4.6,0.113,4033.0,5.7,56216.0,0.0426,9.3
2024-03-08,Mobile App,2418,10,4.21,0.155,13019.0,5.4,212077.0,0.0502,8.5
2024-03-08,Music Production,1476,16,3.89,0.122,6523.0,4.4,102783.0,0.0627,7.6
2024-03-08,Photography,1939,33,4.04,0.154,8621.0,4.4,115711.0,0.0471,2.3
2024-03-08,SEO/SEM,2147,23,3.95,0.143,10701.0,5.0,130272.0,0.0361,9.2
2024-03-08,Social Media Management,3361,29,3.75,0.132,11439.0,3.4,168189.0,0.0532,2.9
2024-03-08,Translation,4023,12,3.88,0.142,21080.0,5.2,348388.0,0.0537,5.0
2024-03-08,Video Production,1657,9,4.2,0.17,8262.0,5.0,115474.0,0.0456,3.2
2024-03-08,Virtual Assistant,5226,33,3.89,0.177,22128.0,4.2,269617.0,0.0399,6.3
2024-03-08,Web Development,3550,35,4.34,0.107,20816.0,5.9,262455.0,0.0416,13.8
2024-03-09,AI/ML Development,1931,16,4.47,0.166,7347.0,3.8,125623.0,1.3114,9.0
2024-03-09,Content Writing,7308,43,4.15,0.165,22798.0,3.1,358738.0,0.0323,6.3
2024-03-09,Data Analysis,2786,8,4.31,0.112,8285.0,3.0,108923.0,0.0451,4.5
2024-03-09,Financial Modeling,1025,8,4.51,0.144,4131.0,4.0,60568.0,0.0436,5.8
2024-03-09,Graphic Design,6061,11,4.06,0.109,17308.0,2.9,290055.0,0.0464,5.2
2024-03-09,Legal Consulting,718,12,4.63,0.178,2577.0,3.6,36090.0,0.0511,5.7
2024-03-09,Mobile App,2361,16,4.07,0.098,7655.0,3.2,110552.0,0.0607,8.9
2024-03-09,Music Production,1274,4,3.82,0.21,4006.0,3.1,49514.0,0.0366,5.2
2024-03-09,Photography,2081,9,4.12,0.163,5947.0,2.9,93567.0,0.0582,9.8
2024-03-09,SEO/SEM,2116,17,4.02,0.109,7582.0,3.6,111129.0,0.0574,7.2
2024-03-09,Social Media Management,3707,31,3.79,0.123,13234.0,3.6,189984.0,0.0428,4.0
2024-03-09,Translation,4057,24,3.98,0.125,13788.0,3.4,216177.0,0.0346,6.0
2024-03-09,Video Production,1506,3,4.21,0.121,4113.0,2.7,65952.0,0.0406,18.4
2024-03-09,Virtual Assistant,4937,47,3.83,0.137,15076.0,3.1,229222.0,0.0474,1.9
2024-03-09,Web Development,3654,21,4.35,0.141,11377.0,3.1,200698.0,0.0452,10.5
2024-03-10,AI/ML Development,1741,12,4.43,0.133,6606.0,3.8,118510.0,0.0704,5.9
2024-03-10,Content Writing,6894,24,3.97,0.115,17202.0,2.5,267339.0,0.044,9.3
2024-03-10,Data Analysis,2684,19,4.44,0.128,8260.0,3.1,131072.0,0.0497,14.4
2024-03-10,Financial Modeling,1077,4,4.48,0.104,3626.0,3.4,55460.0,0.0536,9.4
2024-03-10,Graphic Design,4852,15,4.14,0.112,,2.6,211483.0,0.0262,8.8
2024-03-10,Legal Consulting,629,2,4.6,0.166,2172.0,3.5,33405.0,0.0476,4.7
2024-03-10,Mobile App,1910,21,4.29,0.118,7005.0,3.7,100264.0,0.0522,3.8
2024-03-10,Music Production,1207,8,3.91,0.134,3613.0,3.0,46861.0,0.0391,11.9
2024-03-10,Photography,2055,7,4.08,0.139,6697.0,3.3,90489.0,0.0474,4.4
2024-03-10,SEO/SEM,2256,14,3.91,0.186,5989.0,2.7,99161.0,0.045,18.5
2024-03-10,Social Media Management,3433,12,3.77,0.159,7979.0,2.3,132505.0,0.0338,5.9
2024-03-10,Translation,4828,47,3.93,0.123,16243.0,3.4,238650.0,0.053,14.6
2024-03-10,Video Production,1571,8,4.17,0.139,3926.0,2.5,52959.0,0.0596,7.1
2024-03-10,Virtual Assistant,4218,13,3.91,0.191,10757.0,2.6,136340.0,0.0432,7.7
2024-03-10,Web Development,3855,11,4.27,0.185,11657.0,3.0,141125.0,0.0464,57.6
2024-03-11,AI/ML Development,1995,8,4.38,0.161,14126.0,7.1,211642.0,0.0507,4.0
2024-03-11,Content Writing,7869,19,3.9,0.115,47501.0,6.0,620647.0,0.0489,13.2
2024-03-11,Data Analysis,3046,16,4.22,0.121,19359.0,6.4,337584.0,0.0362,3.5
2024-03-11,Financial Modeling,867,3,4.51,0.132,5711.0,6.6,90693.0,0.0431,19.2
2024-03-11,Graphic Design,5490,34,4.05,0.159,35813.0,6.5,496639.0,0.0352,5.3
2024-03-11,Legal Consulting,656,5,4.56,0.144,4440.0,6.8,56756.0,0.0552,17.2
2024-03-11,Mobile App,2278,14,4.22,0.162,12174.0,5.3,176936.0,0.0519,4.6
2024-03-11,Music Production,1295,12,3.92,0.184,7500.0,5.8,104416.0,0.0405,32.6
2024-03-11,Photography,1867,11,4.05,0.152,8648.0,4.6,138912.0,0.0477,21.8
2024-03-11,SEO/SEM,2494,13,3.99,0.162,12019.0,4.8,170316.0,0.0336,4.4
2024-03-11,Social Media Management,3480,19,3.82,0.172,17253.0,5.0,226845.0,0.0423,8.6
2024-03-11,Translation,4801,18,3.87,0.187,26213.0,5.5,335691.0,0.0452,9.2
2024-03-11,Video Production,1502,6,4.14,0.085,6985.0,4.7,117887.0,0.0386,8.6
2024-03-11,Virtual Assistant,4780,24,3.79,0.175,22768.0,4.8,398680.0,0.0472,8.6
2024-03-11,Web Development,3209,24,4.28,0.205,14996.0,4.7,239744.0,0.0409,10.9
2024-03-12,AI/ML Development,1920,7,4.38,0.137,13486.0,7.0,230048.0,0.0557,16.9
2024-03-12,Content Writing,6536,46,4.05,0.141,32403.0,5.0,535071.0,0.0502,3.1
2024-03-12,Data Analysis,2711,11,4.26,0.134,14972.0,5.5,253449.0,0.0405,4.3
2024-03-12,Financial Modeling,1024,21,4.45,0.156,5286.0,5.2,75709.0,0.0371,5.9
2024-03-12,Graphic Design,5049,33,4.1,0.159,24474.0,4.8,418169.0,0.0629,13.5
2024-03-12,Legal Consulting,711,3,4.64,0.127,4877.0,6.9,71297.0,0.0432,8.1
2024-03-12,Mobile App,2090,28,4.2,0.164,13869.0,6.6,229566.0,0.036,7.6
2024-03-12,Music Production,1246,8,3.81,0.23,7644.0,6.1,95439.0,0.0468,7.3
2024-03-12,Photography,2209,12,4.08,0.135,9757.0,4.4,127824.0,0.0383,6.6
2024-03-12,SEO/SEM,2249,16,3.97,0.101,9892.0,4.4,119766.0,0.0642,6.9
2024-03-12,Social Media Management,3150,51,3.81,0.145,18233.0,5.8,304579.0,0.0398,20.1
2024-03-12,Translation,3904,15,3.92,0.163,19259.0,4.9,334076.0,0.0386,9.9
2024-03-12,Video Production,1573,7,4.22,0.137,7270.0,4.6,93723.0,0.0446,5.5
2024-03-12,Virtual Assistant,4358,41,3.73,0.182,18763.0,4.3,330506.0,0.0442,14.1
2024-03-12,Web Development,3507,15,4.26,0.145,18916.0,5.4,257475.0,0.0458,6.1
2024-03-13,AI/ML Development,1876,17,4.36,0.131,13205.0,7.0,231797.0,0.0302,7.4
2024-03-13,Content Writing,7278,20,4.02,0.241,36242.0,5.0,601124.0,0.0498,2.4
2024-03-13,Data Analysis,2610,22,4.31,0.126,15476.0,5.9,214936.0,0.0433,5.5
2024-03-13,Financial Modeling,918,7,4.54,0.164,6543.0,7.1,100410.0,0.0462,2.0
2024-03-13,Graphic Design,4910,58,4.11,0.154,26648.0,5.4,472041.0,0.0339,6.6
2024-03-13,Legal Consulting,730,2,4.65,0.21,5112.0,7.0,70835.0,0.0433,12.1
2024-03-13,Mobile App,2415,13,4.24,0.158,13076.0,5.4,164864.0,0.0419,5.6
2024-03-13,Music Production,1274,11,3.83,0.137,6966.0,5.5,88441.0,0.0373,10.0
2024-03-13,Photography,2005,12,4.1,0.169,12295.0,6.1,208457.0,0.0221,4.9
2024-03-13,SEO/SEM,2148,12,3.97,0.13,12413.0,5.8,180670.0,0.0389,10.2
2024-03-13,Social Media Management,3060,18,3.78,0.151,15821.0,5.2,196211.0,0.0383,4.2
2024-03-13,Translation,4815,50,3.89,0.154,23925.0,5.0,321486.0,0.0267,5.9
2024-03-13,Video Production,1496,6,4.2,0.126,8961.0,6.0,112870.0,0.0543,5.9
2024-03-13,Virtual Assistant,4383,26,4.0,0.094,27317.0,6.2,393852.0,0.037,3.8
2024-03-13,Web Development,3393,27,4.24,0.133,20784.0,6.1,,0.0413,9.3
2024-03-14,AI/ML Development,1844,7,4.54,0.205,9210.0,5.0,161954.0,0.0536,2.6
2024-03-14,Content Writing,6916,26,3.97,0.168,25147.0,3.6,374285.0,0.0563,5.1
2024-03-14,Data Analysis,2944,28,4.35,0.129,13486.0,4.6,187088.0,0.0353,6.7
2024-03-14,Financial Modeling,852,4,4.59,0.184,3708.0,4.4,50536.0,0.0425,7.6
2024-03-14,Graphic Design,6113,23,4.06,0.11,31194.0,5.1,533346.0,0.0419,9.2
2024-03-14,Legal Consulting,704,6,4.56,0.19,3740.0,5.3,48428.0,0.0454,22.4
2024-03-14,Mobile App,1972,6,4.27,0.13,9264.0,4.7,141892.0,0.05,3.4
2024-03-14,Music Production,1462,11,3.82,0.174,6290.0,4.3,103237.0,0.0534,5.4
2024-03-14,Photography,2263,19,4.15,0.165,9741.0,4.3,168432.0,0.0357,2.6
2024-03-14,SEO/SEM,2440,17,4.07,0.106,9575.0,3.9,122504.0,0.0372,19.2
2024-03-14,Social Media Management,3278,12,3.69,0.171,11432.0,3.5,173730.0,0.046,7.2
2024-03-14,Translation,4487,29,3.83,0.154,17478.0,3.9,304522.0,0.0435,5.9
2024-03-14,Video Production,1618,26,4.17,0.107,7679.0,4.7,109659.0,0.0483,8.9
2024-03-14,Virtual Assistant,4867,30,3.9,0.188,19797.0,4.1,305102.0,0.0283,3.7
2024-03-14,Web Development,4057,13,4.36,0.122,23191.0,5.7,287355.0,0.0309,6.8
2024-03-15,AI/ML Development,1770,11,4.48,0.183,8548.0,4.8,138792.0,0.0454,4.8
2024-03-15,Content Writing,7747,32,4.03,0.129,34151.0,4.4,439891.0,0.0512,3.4
2024-03-15,Data Analysis,3054,23,4.41,0.145,12632.0,4.1,197273.0,0.0404,20.3
2024-03-15,Financial Modeling,992,4,4.72,0.16,5873.0,5.9,93419.0,0.041,40.9
2024-03-15,Graphic Design,5158,23,4.08,0.136,25204.0,4.9,437749.0,0.0479,9.4
2024-03-15,Legal Consulting,648,3,4.66,0.175,3480.0,5.4,48617.0,0.0271,2.6
2024-03-15,Mobile App,1907,15,4.21,0.162,9013.0,4.7,157924.0,0.0547,24.3
2024-03-15,Music Production,1504,6,3.93,0.159,7605.0,5.1,124963.0,0.0333,8.9
2024-03-15,Photography,2216,12,4.15,0.167,10866.0,4.9,144076.0,0.0382,6.7
2024-03-15,SEO/SEM,2561,24,3.96,0.117,10908.0,4.3,137207.0,0.0404,10.1
2024-03-15,Social Media Management,3526,22,3.64,0.148,12439.0,3.5,217479.0,0.0638,14.6
2024-03-15,Translation,4732,23,4.01,0.17,19219.0,4.1,242615.0,0.0515,6.9
2024-03-15,Video Production,1780,13,4.23,0.167,8942.0,5.0,134866.0,0.0378,13.7
2024-03-15,Virtual Assistant,5116,28,3.76,0.122,21330.0,4.2,289392.0,0.0611,4.3
2024-03-15,Web Development,3822,28,4.36,0.14,20102.0,5.3,303650.0,0.0463,13.5
2024-03-16,AI/ML Development,1767,14,4.45,0.106,6936.0,3.9,109720.0,0.0546,9.9
2024-03-16,Content Writing,7877,37,4.01,0.143,25327.0,3.2,441301.0,0.0506,4.8
2024-03-16,Data Analysis,3254,9,4.32,0.096,11570.0,3.6,179902.0,0.0356,7.9
2024-03-16,Financial Modeling,906,5,4.4,0.187,2794.0,3.1,50291.0,0.0378,9.5
2024-03-16,Graphic Design,5503,27,4.17,0.145,14633.0,2.7,262536.0,0.0553,6.5
2024-03-16,Legal Consulting,745,2,4.58,0.176,2408.0,3.2,41714.0,0.0661,1.6
2024-03-16,Mobile App,2049,5,4.13,0.145,6066.0,3.0,84443.0,0.0355,7.7
2024-03-16,Music Production,1440,7,3.9,0.142,5199.0,3.6,86149.0,0.0486,2.8
2024-03-16,Photography,1994,17,4.06,0.193,6635.0,3.3,80123.0,0.0421,6.5
2024-03-16,SEO/SEM,2308,18,4.02,0.157,7533.0,3.3,134953.0,0.0529,49.3
2024-03-16,Social Media Management,3484,79,3.84,0.177,9749.0,2.8,124721.0,0.042,7.3
2024-03-16,Translation,4302,22,3.94,0.145,14284.0,3.3,241921.0,0.0575,22.4
2024-03-16,Video Production,1426,20,4.16,0.176,4962.0,3.5,71719.0,0.0405,8.7
2024-03-16,Virtual Assistant,4377,42,3.85,0.169,11444.0,2.6,199038.0,0.0374,4.0
2024-03-16,Web Development,3597,9,4.33,0.158,13055.0,3.6,185828.0,0.0536,9.6
2024-03-17,AI/ML Development,2001,17,4.35,0.17,7481.0,3.7,117112.0,0.0442,4.3
2024-03-17,Content Writing,6679,28,4.02,0.204,16674.0,2.5,223548.0,0.0397,18.7
2024-03-17,Data Analysis,2651,10,4.38,0.177,9482.0,3.6,129116.0,0.0476,14.6
2024-03-17,Financial Modeling,980,13,4.61,0.157,3215.0,3.3,46487.0,0.0473,8.8
2024-03-17,Graphic Design,5655,23,4.17,0.162,15418.0,2.7,270052.0,0.0453,18.2
2024-03-17,Legal Consulting,674,4,4.52,0.204,2168.0,3.2,26519.0,0.0517,12.3
2024-03-17,Mobile App,2242,29,4.1,0.198,7998.0,3.6,98466.0,0.0273,7.3
2024-03-17,Music Production,1299,6,3.77,0.155,3488.0,2.7,44980.0,0.0535,14.2
2024-03-17,Photography,1806,14,4.12,0.114,4900.0,2.7,81695.0,0.0448,6.0
2024-03-17,SEO/SEM,2193,4,4.06,0.169,5315.0,2.4,91062.0,0.036,6.7
2024-03-17,Social Media Management,3010,23,3.81,0.137,9242.0,3.1,116862.0,0.0438,5.6
2024-03-17,Translation,4841,24,3.89,0.197,15462.0,3.2,188466.0,0.0437,2.2
2024-03-17,Video Production,1415,5,4.14,0.179,3984.0,2.8,60749.0,0.0265,7.9
2024-03-17,Virtual Assistant,5165,32,3.81,0.169,14716.0,2.8,215289.0,0.0545,7.7
2024-03-17,Web Development,3737,26,4.31,0.188,14115.0,3.8,228721.0,0.0433,4.5
2024-03-18,AI/ML Development,1704,4,4.36,0.147,11606.0,6.8,150665.0,0.041,4.8
2024-03-18,Content Writing,7514,83,3.96,0.149,47677.0,6.3,832474.0,0.0322,4.8
2024-03-18,Data Analysis,3230,27,4.32,0.137,19292.0,6.0,269915.0,0.0391,3.1
2024-03-18,Financial Modeling,996,15,4.54,0.166,4988.0,5.0,77500.0,0.0505,6.8
2024-03-18,Graphic Design,4856,40,4.11,0.162,26650.0,5.5,462039.0,0.0484,1.7
2024-03-18,Legal Consulting,645,3,4.62,0.145,4353.0,6.7,55828.0,0.0425,15.9
2024-03-18,Mobile App,2348,13,4.25,0.18,13229.0,5.6,211575.0,0.0465,4.8
2024-03-18,Music Production,1326,17,3.94,0.142,6012.0,4.5,83140.0,0.0584,21.1
2024-03-18,Photography,1994,7,4.24,0.125,10850.0,5.4,181505.0,0.0525,14.3
2024-03-18,SEO/SEM,2442,17,4.15,0.135,13305.0,5.4,169034.0,0.0402,8.4
2024-03-18,Social Media Management,3026,9,3.85,0.149,16048.0,5.3,277362.0,0.0554,5.1
2024-03-18,Translation,4091,17,4.03,0.123,21407.0,5.2,376758.0,0.0573,23.8
2024-03-18,Video Production,1689,11,4.19,0.087,10548.0,6.2,127378.0,0.0542,6.6
2024-03-18,Virtual Assistant,5266,33,3.76,0.213,32005.0,6.1,488856.0,0.0522,4.2
2024-03-18,Web Development,3368,34,4.24,0.111,18633.0,5.5,287341.0,0.0552,16.6
2024-03-19,AI/ML Development,1876,23,4.43,0.155,9127.0,4.9,109923.0,0.0377,22.1
2024-03-19,Content Writing,6660,63,4.03,0.098,29324.0,4.4,478308.0,0.0443,3.3
2024-03-19,Data Analysis,2645,30,4.31,0.116,17366.0,6.6,222974.0,0.0348,15.6
2024-03-19,Financial Modeling,979,3,4.49,0.112,4801.0,4.9,61881.0,0.0414,17.5
2024-03-19,Graphic Design,5230,15,4.08,0.173,33583.0,6.4,497287.0,0.0486,13.2
2024-03-19,Legal Consulting,716,4,4.65,0.103,3807.0,5.3,46113.0,0.0604,2.7
2024-03-19,Mobile App,2301,14,4.29,0.095,13307.0,5.8,231703.0,0.0354,2.4
2024-03-19,Music Production,1219,9,3.92,0.13,7231.0,5.9,112169.0,0.0504,15.5
2024-03-19,Photography,2153,38,4.17,0.179,12744.0,5.9,178404.0,0.0332,8.4
2024-03-19,SEO/SEM,2123,8,4.13,0.16,10127.0,4.8,156583.0,0.0436,2.1
2024-03-19,Social Media Management,3028,19,3.78,0.145,12532.0,4.1,184446.0,0.0567,6.4
2024-03-19,Translation,3816,26,3.94,0.143,20486.0,5.4,259395.0,0.0393,11.2
2024-03-19,Video Production,1775,19,4.15,0.181,8762.0,4.9,147061.0,0.0506,10.2
2024-03-19,Virtual Assistant,5264,14,3.81,0.124,25160.0,4.8,408985.0,0.0375,9.0
2024-03-19,Web Development,3531,39,4.34,0.182,19182.0,5.4,269924.0,0.0687,44.3
2024-03-20,AI/ML Development,1844,11,4.34,0.153,11692.0,6.3,142690.0,0.0416,14.2
2024-03-20,Content Writing,7039,22,3.95,0.138,41784.0,5.9,648545.0,0.0409,5.4
2024-03-20,Data Analysis,3014,11,4.36,0.106,17361.0,5.8,267890.0,0.0469,5.6
2024-03-20,Financial Modeling,894,5,4.6,0.151,5800.0,6.5,91107.0,0.0444,4.5
2024-03-20,Graphic Design,5427,24,4.1,0.177,32861.0,6.1,590859.0,0.0679,12.7
2024-03-20,Legal Consulting,646,4,4.6,0.097,3743.0,5.8,51989.0,0.0461,14.5
2024-03-20,Mobile App,1985,17,4.18,0.168,10239.0,5.2,182994.0,0.0522,20.7
2024-03-20,Music Production,1337,9,4.08,0.13,8441.0,6.3,118780.0,0.0454,6.4
2024-03-20,Photography,2020,12,4.11,0.139,10819.0,5.4,192837.0,0.0339,6.2
2024-03-20,SEO/SEM,2342,11,4.05,0.148,10897.0,4.7,141020.0,0.0288,3.6
2024-03-20,Social Media Management,3570,45,3.88,0.164,20156.0,5.6,325042.0,0.0429,2.5
2024-03-20,Translation,4547,38,3.87,0.138,20279.0,4.5,264215.0,0.0503,13.3
2024-03-20,Video Production,1431,5,4.31,0.172,9755.0,6.8,129812.0,0.0435,5.0
2024-03-20,Virtual Assistant,5057,29,3.9,0.18,23571.0,4.7,389883.0,0.043,2.5
2024-03-20,Web Development,3779,35,4.24,0.143,20151.0,5.3,312776.0,0.0463,3.5
2024-03-21,AI/ML Development,1897,17,4.43,0.142,7700.0,4.1,100444.0,0.0513,72.0
2024-03-21,Content Writing,6852,30,3.98,0.2,28047.0,4.1,359868.0,0.0532,6.4
2024-03-21,Data Analysis,2966,49,4.32,0.079,16125.0,5.4,224653.0,0.0358,3.5
2024-03-21,Financial Modeling,970,7,4.52,0.148,4617.0,4.8,66016.0,0.0642,8.4
2024-03-21,Graphic Design,5361,40,4.07,0.146,21872.0,4.1,266703.0,0.0526,6.2
2024-03-21,Legal Consulting,623,1,4.47,0.184,3318.0,5.3,54193.0,0.0448,3.4
2024-03-21,Mobile App,2419,6,4.26,0.131,12208.0,5.0,176426.0,0.0581,6.3
2024-03-21,Music Production,1300,11,3.85,0.139,4796.0,3.7,64909.0,0.0382,13.6
2024-03-21,Photography,2190,7,4.12,0.137,8579.0,3.9,135812.0,0.0334,16.9
2024-03-21,SEO/SEM,2244,19,3.92,0.162,10442.0,4.7,149766.0,0.0472,3.2
2024-03-21,Social Media Management,3274,27,3.83,0.13,16851.0,5.1,291284.0,0.0445,8.9
2024-03-21,Translation,4224,46,3.85,0.163,19602.0,4.6,309431.0,0.0519,9.2
2024-03-21,Video Production,1630,9,4.24,0.096,7659.0,4.7,106527.0,0.0445,10.5
2024-03-21,Virtual Assistant,5054,75,3.84,0.13,23804.0,4.7,316109.0,0.0571,9.6
2024-03-21,Web Development,3865,8,4.42,0.106,16102.0,4.2,264271.0,0.0425,1.4
2024-03-22,AI/ML Development,1832,5,4.46,0.16,8199.0,4.5,125204.0,0.0535,28.9
2024-03-22,Content Writing,7666,31,3.99,0.127,32255.0,4.2,535033.0,0.0619,5.5
2024-03-22,Data Analysis,3087,23,4.26,0.198,13424.0,4.3,206022.0,0.0426,18.5
2024-03-22,Financial Modeling,1008,12,4.61,0.114,5580.0,5.5,72707.0,0.0398,4.0
2024-03-22,Graphic Design,5912,9,4.11,0.158,25800.0,4.4,455341.0,0.031,16.4
2024-03-22,Legal Consulting,642,1,4.61,0.124,3618.0,5.6,51265.0,0.0495,20.9
2024-03-22,Mobile App,2233,8,4.17,0.157,9163.0,4.1,153143.0,0.054,15.4
2024-03-22,Music Production,1499,11,3.84,0.175,6985.0,4.7,103897.0,0.0528,23.6
2024-03-22,Photography,1978,13,4.07,0.121,8366.0,4.2,128554.0,0.0393,2.3
2024-03-22,SEO/SEM,2111,11,4.05,0.204,10615.0,5.0,170192.0,0.055,10.0
2024-03-22,Social Media Management,3771,33,3.74,0.139,17141.0,4.5,244486.0,0.0428,4.3
2024-03-22,Translation,4520,54,3.88,0.137,18203.0,4.0,251499.0,0.0356,4.1
2024-03-22,Video Production,1689,10,4.15,0.149,8000.0,4.7,135416.0,0.0434,11.9
2024-03-22,Virtual Assistant,4448,29,3.81,0.13,22425.0,5.0,283981.0,0.0621,2.4
2024-03-22,Web Development,3309,15,4.28,0.077,14358.0,4.3,196119.0,0.0448,16.8
2024-03-23,AI/ML Development,2038,6,4.38,0.112,6945.0,3.4,84415.0,0.0436,48.2
2024-03-23,Content Writing,7708,106,3.92,0.17,22466.0,2.9,355664.0,0.0517,2.4
2024-03-23,Data Analysis,3301,28,4.31,0.152,12622.0,3.8,167712.0,0.0409,14.3
2024-03-23,Financial Modeling,961,4,4.51,0.149,3879.0,4.0,57725.0,0.0393,9.7
2024-03-23,Graphic Design,5267,28,4.1,0.137,14494.0,2.8,188072.0,0.0485,10.9
2024-03-23,Legal Consulting,629,2,4.52,0.169,2003.0,3.2,34445.0,0.0504,4.9
2024-03-23,Mobile App,2392,26,4.13,0.142,8444.0,3.5,136511.0,0.0339,8.2
2024-03-23,Music Production,1260,4,3.95,0.167,3733.0,3.0,56271.0,0.0362,16.5
2024-03-23,Photography,2192,16,4.06,0.157,7402.0,3.4,102858.0,0.0559,15.0
2024-03-23,SEO/SEM,2396,13,3.88,0.177,8613.0,3.6,141752.0,0.0492,4.7
2024-03-23,Social Media Management,3268,34,3.79,0.105,10483.0,3.2,187568.0,0.0489,5.4
2024-03-23,Translation,4524,9,3.89,0.118,13255.0,2.9,188193.0,0.0427,4.4
2024-03-23,Video Production,1500,16,4.12,0.175,5518.0,3.7,71601.0,2.0952,26.8
2024-03-23,Virtual Assistant,4613,84,3.76,0.188,14265.0,3.1,185650.0,0.0458,5.1
2024-03-23,Web Development,3856,20,4.39,0.145,14460.0,3.8,226989.0,0.0289,9.9
2024-03-24,AI/ML Development,1846,25,4.4,0.126,6363.0,3.4,102058.0,0.0427,33.2
2024-03-24,Content Writing,7471,55,3.94,0.16,21911.0,2.9,354893.0,0.0272,8.1
2024-03-24,Data Analysis,3158,29,4.36,0.108,11573.0,3.7,168610.0,0.0433,17.2
2024-03-24,Financial Modeling,991,3,4.52,0.176,3245.0,3.3,48983.0,0.0434,1.9
2024-03-24,Graphic Design,5789,26,4.19,0.159,14558.0,2.5,257621.0,0.0629,14.2
2024-03-24,Legal Consulting,710,3,4.68,0.177,2651.0,3.7,38495.0,0.0543,9.8
2024-03-24,Mobile App,2289,11,4.26,0.089,5800.0,2.5,79098.0,0.0457,5.3
2024-03-24,Music Production,1457,15,3.89,0.176,4253.0,2.9,75249.0,0.0521,7.6
2024-03-24,Photography,2068,7,4.15,0.186,5451.0,2.6,66444.0,0.0445,8.3
2024-03-24,SEO/SEM,2644,51,4.05,0.161,6448.0,2.4,91119.0,0.0413,15.7
2024-03-24,Social Media Management,3061,21,3.81,0.144,10184.0,3.3,140710.0,0.047,12.5
2024-03-24,Translation,4172,20,3.88,0.112,13599.0,3.3,201679.0,0.0415,3.9
2024-03-24,Video Production,1604,5,4.18,0.177,3947.0,2.5,47412.0,0.0621,5.3
2024-03-24,Virtual Assistant,4994,49,3.76,0.096,12114.0,2.4,157011.0,0.0446,9.6
2024-03-24,Web Development,3438,59,4.2,0.138,10615.0,3.1,164570.0,0.0429,5.6
2024-03-25,AI/ML Development,2126,15,4.39,0.167,15061.0,7.1,183259.0,0.0291,10.3
2024-03-25,Content Writing,7098,63,3.99,0.136,44949.0,6.3,731346.0,0.0407,6.2
2024-03-25,Data Analysis,2787,50,4.2,0.195,18974.0,6.8,306561.0,0.0384,10.5
2024-03-25,Financial Modeling,976,3,4.46,0.175,4807.0,4.9,77074.0,0.0387,3.2
2024-03-25,Graphic Design,5263,44,4.06,0.139,34182.0,6.5,463513.0,0.0457,3.7
2024-03-25,Legal Consulting,684,2,4.58,0.181,4746.0,6.9,75141.0,0.0463,4.8
2024-03-25,Mobile App,2272,16,4.23,0.118,11741.0,5.2,166877.0,0.0247,3.0
2024-03-25,Music Production,1438,12,3.87,0.141,8738.0,6.1,128587.0,0.0477,3.5
2024-03-25,Photography,1901,30,4.14,0.172,11646.0,6.1,172627.0,0.0386,3.1
2024-03-25,SEO/SEM,2153,9,3.96,0.144,13379.0,6.2,184471.0,0.0468,59.6
2024-03-25,Social Media Management,3776,30,3.71,0.167,22135.0,5.9,357494.0,0.0492,8.5
2024-03-25,Translation,4316,15,3.84,0.15,22303.0,5.2,347504.0,0.0414,13.6
2024-03-25,Video Production,1508,15,4.14,0.111,9236.0,6.1,141899.0,0.0438,3.5
2024-03-25,Virtual Assistant,5183,58,3.85,0.175,26069.0,5.0,323501.0,0.0436,14.2
2024-03-25,Web Development,4050,41,4.34,0.113,23806.0,5.9,304075.0,0.0285,1.7
2024-03-26,AI/ML Development,2135,48,4.39,0.183,11405.0,5.3,188007.0,0.0368,43.1
2024-03-26,Content Writing,7897,41,4.0,0.197,49671.0,6.3,785243.0,0.0511,8.1
2024-03-26,Data Analysis,2916,31,4.26,0.219,14241.0,4.9,189324.0,0.0452,11.7
2024-03-26,Financial Modeling,978,6,4.59,0.21,6176.0,6.3,77849.0,0.0413,3.5
2024-03-26,Graphic Design,5097,26,4.13,0.15,30057.0,5.9,477783.0,0.041,33.1
2024-03-26,Legal Consulting,736,3,4.6,0.114,5440.0,7.4,90299.0,0.0429,20.7
2024-03-26,Mobile App,2171,19,4.18,0.153,10698.0,4.9,149577.0,0.0346,6.6
2024-03-26,Music Production,1301,5,3.83,0.12,7423.0,5.7,123923.0,0.0418,14.9
2024-03-26,Photography,2231,12,4.08,0.226,13121.0,5.9,208993.0,0.056,27.6
2024-03-26,SEO/SEM,2390,22,3.97,0.167,12479.0,5.2,217718.0,0.0388,3.2
2024-03-26,Social Media Management,3742,51,3.9,0.174,23587.0,6.3,353231.0,0.044,13.4
2024-03-26,Translation,4442,27,3.83,0.12,22801.0,5.1,348985.0,0.0424,5.7
2024-03-26,Video Production,1685,12,4.18,0.178,10017.0,5.9,135465.0,0.0357,9.5
2024-03-26,Virtual Assistant,4473,27,3.79,0.167,25942.0,5.8,450562.0,0.0432,6.6
2024-03-26,Web Development,3439,23,4.22,0.189,20619.0,6.0,352663.0,0.0424,7.6
2024-03-27,AI/ML Development,2126,6,4.31,0.132,13285.0,6.2,183803.0,0.0448,3.1
2024-03-27,Content Writing,6620,29,3.91,0.129,29996.0,4.5,406297.0,0.0497,1.3
2024-03-27,Data Analysis,3214,17,4.35,0.208,19364.0,6.0,331067.0,0.0441,4.5
2024-03-27,Financial Modeling,1040,4,4.45,0.12,7378.0,7.1,95239.0,0.0476,10.7
2024-03-27,Graphic Design,5786,42,4.11,0.145,31050.0,5.4,410047.0,0.0585,3.1
2024-03-27,Legal Consulting,647,7,4.64,0.162,3508.0,5.4,57254.0,0.0285,33.2
2024-03-27,Mobile App,2024,6,4.17,0.138,11523.0,5.7,190413.0,0.0552,3.9
2024-03-27,Music Production,1273,25,3.83,0.16,5431.0,4.3,92040.0,0.0505,14.7
2024-03-27,Photography,1995,10,4.13,0.152,12672.0,6.4,222777.0,0.0406,13.0
2024-03-27,SEO/SEM,2177,4,3.99,0.148,13561.0,6.2,178611.0,0.0529,18.9
2024-03-27,Social Media Management,3778,10,3.81,0.124,20754.0,5.5,250146.0,0.0545,3.8
2024-03-27,Translation,4842,24,3.97,0.178,24841.0,5.1,439694.0,0.0392,11.2
2024-03-27,Video Production,1741,12,4.23,0.143,8764.0,5.0,136420.0,0.0443,13.6
2024-03-27,Virtual Assistant,4747,38,3.78,0.156,27361.0,5.8,469073.0,0.0551,24.6
2024-03-27,Web Development,3844,23,4.33,0.116,20596.0,5.4,266815.0,0.0279,5.6
2024-03-28,AI/ML Development,1894,18,4.39,0.105,8134.0,4.3,111548.0,0.0413,3.2
2024-03-28,Content Writing,7938,43,4.01,0.167,39624.0,5.0,637107.0,0.058,7.7
2024-03-28,Data Analysis,3205,23,4.28,0.135,16361.0,5.1,198246.0,0.0506,8.0
2024-03-28,Financial Modeling,904,12,4.45,0.138,4988.0,5.5,82745.0,0.0436,10.8
2024-03-28,Graphic Design,5386,63,4.09,0.173,20521.0,3.8,265349.0,0.0456,5.0
2024-03-28,Legal Consulting,670,5,4.56,0.147,3383.0,5.0,48163.0,0.033,4.9
2024-03-28,Mobile App,1944,5,4.14,0.139,8084.0,4.2,102859.0,0.066,28.8
2024-03-28,Music Production,1245,13,3.94,0.164,6202.0,5.0,102858.0,0.0427,4.8
2024-03-28,Photography,1872,12,4.08,0.112,8500.0,4.5,126900.0,0.0403,33.5
2024-03-28,SEO/SEM,2241,41,4.09,0.182,12261.0,5.5,151498.0,0.0471,20.0
2024-03-28,Social Media Management,3721,23,3.83,0.083,18897.0,5.1,336134.0,0.0313,18.3
2024-03-28,Translation,4446,49,3.77,0.159,15458.0,3.5,205250.0,0.0307,8.8
2024-03-28,Video Production,1545,8,4.16,0.146,7424.0,4.8,94859.0,0.044,12.4
2024-03-28,Virtual Assistant,4772,22,3.83,0.131,22404.0,4.7,362051.0,0.046,9.9
2024-03-28,Web Development,3974,48,4.28,0.172,20885.0,5.3,371700.0,0.0546,18.2
2024-03-29,AI/ML Development,1735,27,4.51,0.107,7584.0,4.4,136186.0,0.0358,2.6
2024-03-29,Content Writing,6612,54,3.96,0.15,30245.0,4.6,481081.0,0.0434,4.7
2024-03-29,Data Analysis,2619,17,4.47,0.163,11901.0,4.5,200762.0,0.0585,3.2
2024-03-29,Financial Modeling,986,8,4.39,0.139,4025.0,4.1,59258.0,0.0497,11.2
2024-03-29,Graphic Design,5286,28,4.17,0.165,24505.0,4.6,415186.0,0.0478,11.0
2024-03-29,Legal Consulting,689,6,4.5,0.129,3294.0,4.8,42718.0,0.0456,22.2
2024-03-29,Mobile App,-1,8,4.16,0.165,10091.0,5.3,139683.0,0.0498,7.8
2024-03-29,Music Production,1237,8,3.91,0.222,5734.0,4.6,88926.0,0.0511,10.0
2024-03-29,Photography,2121,21,4.09,0.153,9585.0,4.5,141822.0,0.0609,5.5
2024-03-29,SEO/SEM,2438,23,4.06,0.124,9252.0,3.8,128868.0,0.038,8.6
2024-03-29,Social Media Management,3059,24,3.7,0.136,13473.0,4.4,236802.0,0.0546,7.8
2024-03-29,Translation,4680,18,3.93,0.14,24004.0,5.1,404731.0,0.0358,5.6
2024-03-29,Video Production,1487,5,4.2,0.177,6974.0,4.7,84786.0,0.0371,6.5
2024-03-29,Virtual Assistant,4633,29,3.8,0.135,17764.0,3.8,218458.0,0.0377,9.1
2024-03-29,Web Development,3839,30,4.37,0.147,20287.0,5.3,323146.0,0.0443,2.2
2024-03-30,AI/ML Development,1942,14,4.51,0.101,8141.0,4.2,120189.0,0.049,25.6
2024-03-30,Content Writing,6989,19,4.0,0.176,21206.0,3.0,295329.0,0.0422,11.7
2024-03-30,Data Analysis,2667,15,4.34,0.18,9584.0,3.6,157884.0,0.0479,9.6
2024-03-30,Financial Modeling,866,4,4.58,0.118,2879.0,3.3,35063.0,0.0463,16.9
2024-03-30,Graphic Design,5326,53,4.12,0.178,14626.0,2.7,185014.0,0.04,19.5
2024-03-30,Legal Consulting,745,10,4.67,0.19,3275.0,4.4,40873.0,0.0505,6.4
2024-03-30,Mobile App,2329,26,4.19,0.148,9216.0,4.0,119617.0,0.0311,3.2
2024-03-30,Music Production,1507,8,3.91,0.175,4270.0,2.8,61761.0,0.0484,2.2
2024-03-30,Photography,2125,13,4.15,0.107,7962.0,3.7,102698.0,0.0499,12.1
2024-03-30,SEO/SEM,2607,14,4.04,0.135,9042.0,3.5,154967.0,0.0419,22.0
2024-03-30,Social Media Management,3044,14,3.83,0.153,9078.0,3.0,129426.0,0.0492,30.0
2024-03-30,Translation,4664,21,3.93,0.172,12399.0,2.7,197386.0,0.0434,7.2
2024-03-30,Video Production,1719,15,4.19,0.123,5575.0,3.2,93309.0,0.056,8.2
2024-03-30,Virtual Assistant,5337,37,3.91,0.158,18238.0,3.4,239215.0,0.0582,9.9
2024-03-30,Web Development,3296,25,4.29,0.068,10156.0,3.1,158744.0,0.05,3.8
2024-03-31,AI/ML Development,1745,14,4.43,0.177,6471.0,3.7,112622.0,0.0427,10.1
2024-03-31,Content Writing,6883,30,4.12,0.204,21384.0,3.1,349408.0,0.0276,10.6
2024-03-31,Data Analysis,3007,45,4.16,0.13,7365.0,2.4,118829.0,0.0564,22.9
2024-03-31,Financial Modeling,1083,9,4.58,0.139,3197.0,3.0,42022.0,0.0419,3.9
2024-03-31,Graphic Design,5866,68,4.07,0.112,15596.0,2.7,193405.0,0.0442,5.5
2024-03-31,Legal Consulting,698,2,4.62,0.148,2741.0,3.9,37897.0,0.0378,3.5
2024-03-31,Mobile App,2226,9,4.15,0.095,8025.0,3.6,111013.0,0.052,7.3
2024-03-31,Music Production,1286,9,3.71,0.168,3287.0,2.6,49926.0,0.0476,22.5
2024-03-31,Photography,2023,5,4.16,0.171,5891.0,2.9,81324.0,0.0365,11.4
2024-03-31,SEO/SEM,-4,19,4.05,0.128,8973.0,3.5,125020.0,0.0399,3.0
2024-03-31,Social Media Management,3226,35,3.86,0.143,8245.0,2.6,144702.0,0.034,8.9
2024-03-31,Translation,4815,46,3.82,0.153,11766.0,2.4,211071.0,0.0503,15.4
2024-03-31,Video Production,1714,10,4.27,0.143,4806.0,2.8,82697.0,0.0529,6.2
2024-03-31,Virtual Assistant,5090,64,3.78,0.129,16570.0,3.3,280044.0,0.0426,5.4
2024-03-31,Web Development,3354,19,4.28,0.173,11805.0,3.5,190092.0,0.044,9.8
