date,gig_category,n_active_vendors,n_new_vendors,avg_vendor_rating,top_rated_fraction,total_profile_views,avg_profile_views,search_impressions,click_through_rate,avg_response_time_hours
2024-04-01,AI/ML Development,1771,23,4.44,0.143,9324.0,5.3,142806.0,0.0458,8.2
2024-04-01,Content Writing,6793,45,4.0,0.168,40028.0,5.9,602380.0,0.0554,5.2
2024-04-01,Data Analysis,3007,37,4.37,0.128,16655.0,5.5,296371.0,0.0524,3.2
2024-04-01,Financial Modeling,1063,14,4.59,0.132,5967.0,5.6,71670.0,0.0628,26.9
2024-04-01,Graphic Design,5470,79,4.06,0.149,34995.0,6.4,493542.0,0.0482,13.8
2024-04-01,Legal Consulting,727,3,4.5,0.127,4614.0,6.3,66383.0,0.0493,10.2
2024-04-01,Mobile App,2419,26,4.13,0.162,12944.0,5.4,222634.0,0.0478,15.2
2024-04-01,Music Production,1428,3,4.01,0.122,6946.0,4.9,119555.0,0.0453,10.0
2024-04-01,Photography,1946,6,4.06,0.153,9268.0,4.8,156439.0,0.0488,3.0
2024-04-01,SEO/SEM,2124,5,3.94,0.122,9730.0,4.6,169417.0,0.0413,5.0
2024-04-01,Social Media Management,3375,25,3.84,0.146,16581.0,4.9,202706.0,0.0491,8.2
2024-04-01,Translation,3916,42,4.01,0.149,23742.0,6.1,325441.0,0.059,4.9
2024-04-01,Video Production,1550,7,4.17,0.166,8997.0,5.8,133196.0,0.034,4.4
2024-04-01,Virtual Assistant,4539,54,3.86,0.145,23011.0,5.1,370448.0,1.6211,5.4
2024-04-01,Web Development,3996,34,4.27,0.135,24558.0,6.1,355386.0,0.0432,12.9
2024-04-02,AI/ML Development,1792,16,4.34,0.171,11022.0,6.2,157721.0,0.0499,7.3
2024-04-02,Content Writing,6708,20,4.05,0.148,33559.0,5.0,512937.0,0.0422,68.8
2024-04-02,Data Analysis,3179,31,4.29,0.194,21647.0,6.8,270627.0,0.0523,10.2
2024-04-02,Financial Modeling,865,8,4.52,0.148,4238.0,4.9,67603.0,0.0462,5.2
2024-04-02,Graphic Design,5435,38,4.05,0.145,23773.0,4.4,311271.0,0.0467,8.5
2024-04-02,Legal Consulting,710,3,4.74,0.174,4224.0,5.9,50986.0,0.0452,13.1
2024-04-02,Mobile App,2021,9,4.22,0.141,12416.0,6.1,164678.0,0.048,16.1
2024-04-02,Music Production,1399,4,3.86,0.189,6318.0,4.5,75874.0,0.0334,2.6
2024-04-02,Photography,2264,15,4.08,0.084,11608.0,5.1,194283.0,0.0405,5.2
2024-04-02,SEO/SEM,2308,4,4.01,0.183,12673.0,5.5,160174.0,0.0497,5.6
2024-04-02,Social Media Management,3241,12,3.85,0.176,18116.0,5.6,217910.0,0.0453,19.6
2024-04-02,Translation,4738,15,3.94,0.228,28764.0,6.1,516389.0,0.0406,8.3
2024-04-02,Video Production,1479,4,4.18,0.117,6788.0,4.6,97630.0,0.0459,19.7
2024-04-02,Virtual Assistant,4684,52,3.92,0.191,24993.0,5.3,417614.0,0.038,7.9
2024-04-02,Web Development,3972,29,4.26,0.182,27161.0,6.8,341059.0,0.0391,16.5
2024-04-03,AI/ML Development,2045,22,4.37,0.109,13730.0,6.7,210891.0,0.0462,11.1
2024-04-03,Content Writing,6893,65,4.08,0.21,35606.0,5.2,557019.0,0.0577,13.0
2024-04-03,Data Analysis,3059,47,4.18,0.145,19872.0,6.5,317594.0,0.0604,11.6
2024-04-03,Financial Modeling,1061,4,4.48,0.131,6904.0,6.5,100271.0,0.0364,8.8
2024-04-03,Graphic Design,5181,23,4.15,0.159,26029.0,5.0,456280.0,0.0353,9.3
2024-04-03,Legal Consulting,650,5,4.63,0.142,3670.0,5.6,45938.0,0.0475,16.4
2024-04-03,Mobile App,2217,22,4.14,0.147,13427.0,6.1,206102.0,0.0327,27.5
2024-04-03,Music Production,1224,6,3.88,0.105,7408.0,6.1,132056.0,0.0316,30.6
2024-04-03,Photography,2176,17,4.07,0.183,13456.0,6.2,170555.0,0.042,5.9
2024-04-03,SEO/SEM,2251,10,3.85,0.113,13264.0,5.9,215803.0,0.0465,8.8
2024-04-03,Social Media Management,3324,15,3.87,0.165,15390.0,4.6,207073.0,0.0493,54.5
2024-04-03,Translation,3859,95,3.84,0.229,21220.0,5.5,325757.0,0.0365,7.5
2024-04-03,Video Production,1486,15,4.14,0.213,7560.0,5.1,103323.0,2.3476,16.9
2024-04-03,Virtual Assistant,4344,20,3.89,0.157,25666.0,5.9,394873.0,0.0495,2.2
2024-04-03,Web Development,3466,51,4.29,0.103,17913.0,5.2,282547.0,0.0426,12.0
2024-04-04,AI/ML Development,1713,11,4.42,0.1,10125.0,5.9,148901.0,0.0518,15.0
2024-04-04,Content Writing,7913,67,3.94,0.229,40234.0,5.1,522866.0,0.0609,18.7
2024-04-04,Data Analysis,2972,19,4.3,0.184,12775.0,4.3,215786.0,0.0457,13.0
2024-04-04,Financial Modeling,930,5,4.53,0.21,5109.0,5.5,75281.0,0.0425,12.1
2024-04-04,Graphic Design,6061,87,4.1,0.17,31802.0,5.2,438411.0,0.0394,4.8
2024-04-04,Legal Consulting,630,2,4.52,0.158,3187.0,5.1,50892.0,0.0397,8.3
2024-04-04,Mobile App,2134,13,4.2,0.13,8309.0,3.9,134732.0,0.0483,11.2
2024-04-04,Music Production,1225,8,4.01,0.144,4495.0,3.7,71824.0,0.0533,5.8
2024-04-04,Photography,2234,6,4.15,0.22,11374.0,5.1,149526.0,0.0484,8.8
2024-04-04,SEO/SEM,2474,21,3.99,0.157,13299.0,5.4,171026.0,0.0399,5.6
2024-04-04,Social Media Management,3423,42,3.79,0.201,15853.0,4.6,264434.0,0.0562,10.1
2024-04-04,Translation,4219,20,4.02,0.213,21394.0,5.1,303648.0,0.0385,9.3
2024-04-04,Video Production,1786,6,4.25,0.14,7310.0,4.1,123588.0,0.0369,37.2
2024-04-04,Virtual Assistant,4356,13,3.94,0.114,15848.0,3.6,206190.0,0.0428,13.3
2024-04-04,Web Development,3242,29,4.33,0.161,17707.0,5.5,287769.0,0.0369,22.8
2024-04-05,AI/ML Development,2080,20,4.47,0.148,10820.0,5.2,187220.0,0.0548,17.5
2024-04-05,Content Writing,7578,204,4.07,0.126,32799.0,4.3,550839.0,0.0446,19.0
2024-04-05,Data Analysis,2708,36,4.29,0.194,13198.0,4.9,208480.0,0.0328,9.8
2024-04-05,Financial Modeling,977,13,4.57,0.136,4654.0,4.8,61198.0,0.0566,6.9
2024-04-05,Graphic Design,5642,34,4.08,0.155,20760.0,3.7,263610.0,0.0395,9.8
2024-04-05,Legal Consulting,736,5,4.61,0.126,4392.0,6.0,70704.0,0.0499,11.9
2024-04-05,Mobile App,2132,25,4.26,0.158,9957.0,4.7,167605.0,0.0498,34.9
2024-04-05,Music Production,1473,6,3.91,0.16,6528.0,4.4,88830.0,0.0519,15.6
2024-04-05,Photography,2244,23,4.13,0.141,10520.0,4.7,158745.0,0.0378,9.3
2024-04-05,SEO/SEM,2366,28,3.96,0.206,9381.0,4.0,131403.0,0.0471,3.7
2024-04-05,Social Media Management,3134,25,3.85,0.113,16261.0,5.2,289339.0,0.0412,9.4
2024-04-05,Translation,4685,76,3.85,0.17,21797.0,4.7,313090.0,0.0439,3.2
2024-04-05,Video Production,1754,11,4.22,0.15,8058.0,4.6,99342.0,0.0539,11.5
2024-04-05,Virtual Assistant,4645,45,3.89,0.187,19284.0,4.2,297718.0,0.054,9.9
2024-04-05,Web Development,3872,25,4.38,0.104,20513.0,5.3,257859.0,0.0304,6.1
2024-04-06,AI/ML Development,1807,24,4.46,0.145,7539.0,4.2,93542.0,0.0342,14.0
2024-04-06,Content Writing,7302,90,4.11,0.132,24041.0,3.3,330025.0,0.0515,7.1
2024-04-06,Data Analysis,2888,27,4.36,0.107,8991.0,3.1,131184.0,0.0402,16.1
2024-04-06,Financial Modeling,958,8,4.55,0.086,3853.0,4.0,55579.0,0.0522,16.1
2024-04-06,Graphic Design,5135,14,4.16,0.181,16078.0,3.1,231265.0,0.0457,14.4
2024-04-06,Legal Consulting,669,4,4.51,0.171,2548.0,3.8,34993.0,0.0542,7.6
2024-04-06,Mobile App,2111,24,4.22,0.143,8379.0,4.0,129405.0,0.0442,5.4
2024-04-06,Music Production,1266,8,3.9,0.171,4080.0,3.2,49646.0,0.0534,5.2
2024-04-06,Photography,2087,16,4.12,0.134,7174.0,3.4,115426.0,0.0564,9.2
2024-04-06,SEO/SEM,2578,25,3.99,0.116,8570.0,3.3,107230.0,0.0413,10.6
2024-04-06,Social Media Management,3771,45,3.77,0.11,11633.0,3.1,161609.0,0.0579,10.2
2024-04-06,Translation,4271,13,3.87,0.131,12720.0,3.0,219110.0,0.0454,6.0
2024-04-06,Video Production,1632,10,4.29,0.152,5467.0,3.3,96418.0,0.0604,29.1
2024-04-06,Virtual Assistant,4680,26,3.87,0.147,14750.0,3.2,236342.0,0.0405,2.1
2024-04-06,Web Development,4008,22,4.29,0.091,15043.0,3.8,253158.0,0.0459,12.7
2024-04-07,AI/ML Development,1999,12,4.38,0.15,5265.0,2.6,70679.0,0.0389,7.9
2024-04-07,Content Writing,7676,56,4.03,0.145,19183.0,2.5,255608.0,0.0405,12.5
2024-04-07,Data Analysis,3086,15,4.23,0.135,8589.0,2.8,124085.0,0.045,6.0
2024-04-07,Financial Modeling,972,6,4.46,0.209,3724.0,3.8,58821.0,0.0467,7.6
2024-04-07,Graphic Design,6007,28,4.15,0.172,19511.0,3.2,348440.0,0.0418,12.1
2024-04-07,Legal Consulting,713,7,4.62,0.164,2100.0,2.9,35685.0,0.0431,7.2
2024-04-07,Mobile App,2429,11,4.37,0.134,6357.0,2.6,81979.0,0.0524,9.2
2024-04-07,Music Production,1535,11,3.89,0.175,4258.0,2.8,76295.0,0.0426,5.6
2024-04-07,Photography,2033,24,4.15,0.161,5152.0,2.5,92300.0,0.0414,7.1
2024-04-07,SEO/SEM,2118,15,3.88,0.069,6433.0,3.0,92133.0,0.0521,7.7
2024-04-07,Social Media Management,3562,11,3.77,0.129,9224.0,2.6,131708.0,0.0512,6.5
2024-04-07,Translation,3913,23,3.86,0.156,10561.0,2.7,180101.0,0.0465,10.9
2024-04-07,Video Production,1679,11,4.29,0.188,5252.0,3.1,86641.0,0.0608,6.4
2024-04-07,Virtual Assistant,4783,27,3.75,0.131,12520.0,2.6,208250.0,0.0481,10.0
2024-04-07,Web Development,3874,25,4.27,0.2,12565.0,3.2,153614.0,0.0434,3.9
2024-04-08,AI/ML Development,1728,15,4.42,0.142,9311.0,5.4,137158.0,0.0554,12.8
2024-04-08,Content Writing,8193,27,4.07,0.131,39495.0,4.8,653199.0,0.0314,20.7
2024-04-08,Data Analysis,3006,19,4.32,0.158,20621.0,6.9,336576.0,0.0422,15.5
2024-04-08,Financial Modeling,1085,8,4.39,0.143,5575.0,5.1,69518.0,0.0393,4.8
2024-04-08,Graphic Design,5984,137,4.14,0.143,35724.0,6.0,575123.0,0.0458,13.1
2024-04-08,Legal Consulting,638,5,4.62,0.162,3613.0,5.7,54025.0,0.0465,4.5
2024-04-08,Mobile App,2182,9,4.21,0.201,12405.0,5.7,195881.0,0.0464,6.8
2024-04-08,Music Production,1372,11,3.96,0.181,7991.0,5.8,125031.0,0.0455,27.0
2024-04-08,Photography,2081,10,4.2,0.144,11756.0,5.6,163143.0,0.0569,2.1
2024-04-08,SEO/SEM,2316,25,4.05,0.092,10850.0,4.7,159074.0,0.0437,13.3
2024-04-08,Social Media Management,3502,21,3.77,0.165,15878.0,4.5,234016.0,0.0455,5.1
2024-04-08,Translation,3978,58,3.94,0.144,17661.0,4.4,296615.0,0.0447,9.7
2024-04-08,Video Production,1793,13,4.24,0.135,10200.0,5.7,137512.0,0.0473,7.0
2024-04-08,Virtual Assistant,5344,44,3.9,0.126,30084.0,5.6,372495.0,0.0536,12.1
2024-04-08,Web Development,3489,62,4.26,0.154,20881.0,6.0,311262.0,0.0412,4.7
2024-04-09,AI/ML Development,2055,14,4.45,0.148,10407.0,5.1,169548.0,0.0327,5.0
2024-04-09,Content Writing,7441,68,4.0,0.189,46719.0,6.3,750437.0,0.0489,8.6
2024-04-09,Data Analysis,3210,11,4.28,0.129,17806.0,5.5,224630.0,0.0339,8.9
2024-04-09,Financial Modeling,1017,4,4.44,0.167,5677.0,5.6,98647.0,0.0499,3.5
2024-04-09,Graphic Design,5591,36,4.17,0.126,35971.0,6.4,498302.0,0.0399,6.2
2024-04-09,Legal Consulting,606,7,4.63,0.187,3315.0,5.5,56748.0,0.0337,5.9
2024-04-09,Mobile App,2181,20,4.23,0.158,14741.0,6.8,183474.0,0.0425,17.8
2024-04-09,Music Production,1500,11,3.89,0.188,7002.0,4.7,101455.0,0.0384,5.0
2024-04-09,Photography,1972,11,4.17,0.141,9972.0,5.1,171208.0,0.043,7.4
2024-04-09,SEO/SEM,2295,14,4.01,0.185,12047.0,5.2,151642.0,0.0492,8.3
2024-04-09,Social Media Management,3635,14,3.81,0.133,21313.0,5.9,280279.0,0.0532,3.4
2024-04-09,Translation,4653,18,3.79,0.165,20473.0,4.4,323733.0,0.0673,11.8
2024-04-09,Video Production,1660,10,4.28,0.154,8617.0,5.2,123078.0,0.0202,17.8
2024-04-09,Virtual Assistant,5266,38,3.89,0.197,26138.0,5.0,402101.0,0.0466,1.4
2024-04-09,Web Development,3406,28,4.42,0.163,23257.0,6.8,294114.0,0.0559,6.7
2024-04-10,AI/ML Development,1794,9,4.29,0.136,8819.0,4.9,157121.0,0.0448,15.2
2024-04-10,Content Writing,7557,65,4.0,0.115,43750.0,5.8,680777.0,0.0386,16.9
2024-04-10,Data Analysis,3282,31,4.25,0.1,21182.0,6.5,309559.0,0.0363,5.3
2024-04-10,Financial Modeling,996,6,4.5,0.148,5016.0,5.0,68163.0,0.0548,14.6
2024-04-10,Graphic Design,5900,184,4.11,0.103,30819.0,5.2,425010.0,0.0527,8.0
2024-04-10,Legal Consulting,674,2,4.56,0.166,4869.0,7.2,65988.0,0.0506,1.7
2024-04-10,Mobile App,2115,23,4.29,0.103,9818.0,4.6,168801.0,0.0429,42.1
2024-04-10,Music Production,1514,11,3.9,0.156,7218.0,4.8,125989.0,0.0599,5.8
2024-04-10,Photography,1937,28,4.08,0.122,10937.0,5.6,162647.0,0.043,23.1
2024-04-10,SEO/SEM,2419,8,3.94,0.167,13667.0,5.6,244496.0,0.0399,4.3
2024-04-10,Social Media Management,3461,32,3.76,0.109,18944.0,5.5,263692.0,0.0606,16.7
2024-04-10,Translation,4664,39,3.87,0.102,28074.0,6.0,390573.0,0.0538,3.0
2024-04-10,Video Production,1432,11,4.26,0.166,7179.0,5.0,123775.0,0.0362,3.5
2024-04-10,Virtual Assistant,4497,24,3.9,0.132,25241.0,5.6,366641.0,0.0369,2.4
2024-04-10,Web Development,3461,25,4.31,0.135,17404.0,5.0,273239.0,0.0454,20.8
2024-04-11,AI/ML Development,1982,8,4.41,0.178,10783.0,5.4,132501.0,0.0461,10.1
2024-04-11,Content Writing,8062,11,3.95,0.161,38809.0,4.8,635028.0,0.05,8.4
2024-04-11,Data Analysis,3098,11,4.26,0.174,14352.0,4.6,227267.0,0.0517,7.6
2024-04-11,Financial Modeling,979,14,4.43,0.192,5355.0,5.5,93670.0,0.0451,3.4
2024-04-11,Graphic Design,5190,144,4.17,0.175,28500.0,5.5,378741.0,0.0594,2.5
2024-04-11,Legal Consulting,657,13,4.61,0.128,3718.0,5.7,64058.0,0.0219,9.7
2024-04-11,Mobile App,1986,17,4.24,0.139,11187.0,5.6,182239.0,0.0409,13.0
2024-04-11,Music Production,1388,8,3.86,0.118,5790.0,4.2,70868.0,0.056,5.8
2024-04-11,Photography,2071,27,4.11,0.185,10967.0,5.3,164022.0,0.0484,7.3
2024-04-11,SEO/SEM,2432,9,4.01,0.186,11086.0,4.6,143013.0,0.0319,1.3
2024-04-11,Social Media Management,3642,23,3.78,0.111,17919.0,4.9,285623.0,0.0436,7.6
2024-04-11,Translation,4833,37,3.86,0.174,19185.0,4.0,320542.0,0.0454,14.7
2024-04-11,Video Production,1545,4,4.09,0.18,7423.0,4.8,120003.0,0.0486,4.8
2024-04-11,Virtual Assistant,4997,51,3.75,0.157,17766.0,3.6,272165.0,0.0448,6.0
2024-04-11,Web Development,3256,22,4.28,0.111,15786.0,4.8,245610.0,0.0337,15.2
2024-04-12,AI/ML Development,1889,9,4.47,0.161,10169.0,5.4,132494.0,0.0339,6.2
2024-04-12,Content Writing,6702,25,4.01,0.186,30769.0,4.6,532357.0,0.0435,4.8
2024-04-12,Data Analysis,2642,19,4.31,0.153,11586.0,4.4,147822.0,0.0383,17.4
2024-04-12,Financial Modeling,883,7,4.52,0.198,5198.0,5.9,75594.0,0.057,41.2
2024-04-12,Graphic Design,5778,25,4.11,0.1,29548.0,5.1,403959.0,0.0393,6.8
2024-04-12,Legal Consulting,735,9,4.55,0.15,4363.0,5.9,62859.0,0.0526,19.4
2024-04-12,Mobile App,2170,13,4.18,0.125,11087.0,5.1,194528.0,0.0432,7.9
2024-04-12,Music Production,1237,3,3.95,0.133,6447.0,5.2,95730.0,0.0482,9.5
2024-04-12,Photography,1828,16,4.1,0.143,8308.0,4.5,115612.0,0.0376,5.8
2024-04-12,SEO/SEM,2226,11,4.11,0.219,10647.0,4.8,186309.0,0.0593,4.4
2024-04-12,Social Media Management,3280,9,3.84,0.187,15742.0,4.8,201429.0,0.0253,6.4
2024-04-12,Translation,4674,40,3.9,0.143,23997.0,5.1,428398.0,0.0439,9.1
2024-04-12,Video Production,1709,14,4.27,0.177,9115.0,5.3,158062.0,0.0434,13.4
2024-04-12,Virtual Assistant,4907,27,3.88,0.167,19849.0,4.0,302071.0,0.0362,9.8
2024-04-12,Web Development,3493,28,4.41,0.095,17331.0,5.0,285373.0,0.0419,3.5
2024-04-13,AI/ML Development,2153,8,4.37,0.126,6153.0,2.9,93678.0,0.0456,14.3
2024-04-13,Content Writing,7094,36,3.96,0.13,18779.0,2.6,296506.0,0.0481,17.4
2024-04-13,Data Analysis,2783,33,4.42,0.12,10826.0,3.9,184640.0,0.0434,6.6
2024-04-13,Financial Modeling,949,8,4.48,0.153,3472.0,3.7,58794.0,0.0487,12.4
2024-04-13,Graphic Design,4863,36,4.15,0.093,16285.0,3.3,266639.0,0.0438,15.5
2024-04-13,Legal Consulting,621,5,4.56,0.203,2424.0,3.9,36689.0,0.0485,8.3
2024-04-13,Mobile App,1932,10,4.18,0.16,7057.0,3.7,88821.0,0.035,1.7
2024-04-13,Music Production,1479,10,3.88,0.117,4293.0,2.9,53557.0,0.0485,15.8
2024-04-13,Photography,2018,26,4.04,0.155,5429.0,2.7,84296.0,0.0455,3.9
2024-04-13,SEO/SEM,2394,27,3.94,0.121,7003.0,2.9,91340.0,0.0468,12.2
2024-04-13,Social Media Management,3099,13,3.85,0.176,8123.0,2.6,106542.0,0.0289,4.2
2024-04-13,Translation,4098,38,3.94,0.088,11268.0,2.7,138557.0,0.0548,9.5
2024-04-13,Video Production,1653,9,4.22,0.17,5420.0,3.3,75090.0,0.0503,40.9
2024-04-13,Virtual Assistant,4827,51,3.79,0.117,14441.0,3.0,208771.0,0.0491,11.0
2024-04-13,Web Development,4091,25,4.26,0.155,15215.0,3.7,239821.0,0.0552,6.7
2024-04-14,AI/ML Development,1768,5,4.47,0.153,6575.0,3.7,95892.0,0.0666,10.5
2024-04-14,Content Writing,7732,49,4.04,0.148,26988.0,3.5,389813.0,0.0504,6.4
2024-04-14,Data Analysis,3241,26,4.25,0.163,8821.0,2.7,151303.0,0.0594,5.6
2024-04-14,Financial Modeling,996,6,4.54,0.175,3637.0,3.7,54246.0,0.0567,3.2
2024-04-14,Graphic Design,5217,43,4.17,0.177,14986.0,2.9,238834.0,0.0359,6.1
2024-04-14,Legal Consulting,639,10,4.6,0.144,2421.0,3.8,31270.0,0.0353,4.2
2024-04-14,Mobile App,2199,15,4.24,0.149,7843.0,3.6,122005.0,0.0384,13.1
2024-04-14,Music Production,1286,7,3.86,0.129,4268.0,3.3,61549.0,0.0339,3.7
2024-04-14,Photography,2158,28,4.17,0.151,5549.0,2.6,67255.0,0.0508,20.5
2024-04-14,SEO/SEM,2172,14,4.01,0.152,6829.0,3.1,104122.0,0.0446,5.6
2024-04-14,Social Media Management,3799,44,3.79,0.153,12009.0,3.2,149101.0,0.0427,11.3
2024-04-14,Translation,4267,36,3.89,0.153,11574.0,2.7,205812.0,0.0502,9.5
2024-04-14,Video Production,1668,6,4.25,0.194,4950.0,3.0,74008.0,0.0477,6.5
2024-04-14,Virtual Assistant,5167,47,3.96,0.141,12111.0,2.3,151052.0,0.0513,12.9
2024-04-14,Web Development,3768,41,4.27,0.191,,3.3,177934.0,0.0602,1.9
2024-04-15,AI/ML Development,2177,8,4.41,0.118,17025.0,7.8,230978.0,0.039,5.6
2024-04-15,Content Writing,6884,48,4.05,0.102,57561.0,8.4,966854.0,0.0476,7.2
2024-04-15,Data Analysis,2915,8,4.19,0.164,20672.0,7.1,331566.0,0.0392,6.0
2024-04-15,Financial Modeling,869,9,4.54,0.171,6521.0,7.5,101663.0,0.0325,11.6
2024-04-15,Graphic Design,5549,81,4.07,0.136,44723.0,8.1,537654.0,0.0475,7.9
2024-04-15,Legal Consulting,611,8,4.64,0.128,6791.0,11.1,112462.0,0.0505,26.3
2024-04-15,Mobile App,1931,7,4.28,0.112,18021.0,9.3,306838.0,0.0266,4.7
2024-04-15,Music Production,1451,9,3.83,0.164,9357.0,6.4,114460.0,0.0377,11.7
2024-04-15,Photography,2069,11,4.11,0.174,14086.0,6.8,231834.0,0.032,4.3
2024-04-15,SEO/SEM,2478,27,4.11,0.135,22217.0,9.0,378140.0,0.0316,6.2
2024-04-15,Social Media Management,3540,17,3.72,0.156,31082.0,8.8,547361.0,0.05,11.2
2024-04-15,Translation,4863,32,3.94,0.133,45558.0,9.4,753044.0,0.0458,3.2
2024-04-15,Video Production,1794,43,4.25,0.136,15411.0,8.6,242663.0,0.0529,16.1
2024-04-15,Virtual Assistant,4736,27,3.8,0.178,30360.0,6.4,403290.0,0.0491,3.3
2024-04-15,Web Development,3466,18,4.24,0.17,28411.0,8.2,481851.0,0.0535,6.1
2024-04-16,AI/ML Development,1963,7,4.38,0.136,20361.0,10.4,245684.0,0.0506,12.8
2024-04-16,Content Writing,7852,56,3.93,0.102,66417.0,8.5,1113831.0,0.0347,5.1
2024-04-16,Data Analysis,2986,24,4.33,0.247,25963.0,8.7,466386.0,0.0493,30.8
2024-04-16,Financial Modeling,901,5,4.53,0.128,9475.0,10.5,162912.0,0.0413,3.2
2024-04-16,Graphic Design,5627,16,4.05,0.143,49986.0,8.9,872122.0,0.0389,3.8
2024-04-16,Legal Consulting,641,2,4.54,0.134,6345.0,9.9,91676.0,0.0373,6.4
2024-04-16,Mobile App,2180,24,4.14,0.104,21180.0,9.7,344529.0,0.0351,8.7
2024-04-16,Music Production,1383,5,3.96,0.18,10510.0,7.6,186555.0,0.0589,4.9
2024-04-16,Photography,2017,22,4.2,0.138,14184.0,7.0,188216.0,0.0354,27.8
2024-04-16,SEO/SEM,2303,28,4.08,0.131,19893.0,8.6,322778.0,0.0499,3.6
2024-04-16,Social Media Management,3255,42,3.73,0.187,29053.0,8.9,439683.0,0.0467,4.8
2024-04-16,Translation,4464,14,4.02,0.14,41308.0,9.3,645245.0,0.0421,3.9
2024-04-16,Video Production,1747,18,4.16,0.134,14073.0,8.1,198706.0,0.0385,7.9
2024-04-16,Virtual Assistant,5112,43,3.86,0.144,41164.0,8.1,724194.0,0.0444,10.8
2024-04-16,Web Development,3825,51,4.23,0.148,27610.0,7.2,402634.0,0.0494,10.8
2024-04-17,AI/ML Development,2050,17,4.41,0.144,21566.0,10.5,302184.0,0.0462,12.2
2024-04-17,Content Writing,6952,33,3.96,0.103,52115.0,7.5,892830.0,0.0601,15.2
2024-04-17,Data Analysis,2870,27,4.25,0.202,26072.0,9.1,362965.0,0.0406,5.6
2024-04-17,Financial Modeling,955,11,4.45,0.137,7551.0,7.9,118769.0,0.0497,19.5
2024-04-17,Graphic Design,4961,20,4.12,0.142,49618.0,10.0,616451.0,0.0545,4.8
2024-04-17,Legal Consulting,646,6,4.48,0.134,4729.0,7.3,59230.0,0.0402,7.3
2024-04-17,Mobile App,2419,35,4.27,0.195,17352.0,7.2,216642.0,0.0407,15.3
2024-04-17,Music Production,1528,6,3.94,0.108,11585.0,7.6,185280.0,0.0436,14.6
2024-04-17,Photography,1847,13,4.12,0.142,15919.0,8.6,214698.0,0.0553,9.7
2024-04-17,SEO/SEM,2406,6,4.01,0.195,18562.0,7.7,299170.0,0.0489,5.2
2024-04-17,Social Media Management,3098,15,3.77,0.137,26637.0,8.6,356994.0,0.0466,4.2
2024-04-17,Translation,4065,47,3.97,0.115,39082.0,9.6,656816.0,0.0371,18.9
2024-04-17,Video Production,1711,15,4.27,0.114,12017.0,7.0,209751.0,0.0486,3.6
2024-04-17,Virtual Assistant,4673,20,3.76,0.162,34409.0,7.4,556164.0,0.0375,7.0
2024-04-17,Web Development,3783,15,4.29,0.178,31754.0,8.4,399902.0,0.0497,2.7
2024-04-18,AI/ML Development,2095,10,4.36,0.159,12884.0,6.1,225223.0,0.0629,9.9
2024-04-18,Content Writing,7161,113,4.03,0.152,48037.0,6.7,647815.0,0.0467,18.1
2024-04-18,Data Analysis,2908,29,4.35,0.208,21189.0,7.3,314893.0,0.0358,6.1
2024-04-18,Financial Modeling,983,3,4.56,0.145,6653.0,6.8,81251.0,0.0433,12.2
2024-04-18,Graphic Design,4921,46,3.98,0.171,29963.0,6.1,528598.0,0.0403,30.9
2024-04-18,Legal Consulting,705,9,4.62,0.138,6417.0,9.1,103838.0,0.0312,44.0
2024-04-18,Mobile App,2416,32,4.13,0.135,17305.0,7.2,223450.0,0.0459,41.0
2024-04-18,Music Production,1298,10,3.94,0.173,8551.0,6.6,129125.0,0.037,5.7
2024-04-18,Photography,2184,11,4.07,0.177,13840.0,6.3,199572.0,0.0483,7.5
2024-04-18,SEO/SEM,2199,11,3.97,0.166,16658.0,7.6,227897.0,0.0458,16.0
2024-04-18,Social Media Management,3672,26,3.95,0.144,22684.0,6.2,315537.0,0.0411,5.6
2024-04-18,Translation,4110,30,3.91,0.14,23812.0,5.8,332159.0,0.0523,7.8
2024-04-18,Video Production,1768,35,4.28,0.216,15092.0,8.5,185868.0,0.0412,3.1
2024-04-18,Virtual Assistant,4913,41,3.78,0.131,31630.0,6.4,528092.0,0.0382,16.6
2024-04-18,Web Development,3486,47,4.28,0.127,20649.0,5.9,272440.0,0.056,9.1
2024-04-19,AI/ML Development,1906,10,4.41,0.105,16425.0,8.6,232273.0,0.0423,5.2
2024-04-19,Content Writing,8210,60,3.95,0.208,47487.0,5.8,818608.0,0.06,17.2
2024-04-19,Data Analysis,2937,28,4.2,0.18,20885.0,7.1,257191.0,0.0481,15.9
2024-04-19,Financial Modeling,924,11,4.53,0.174,7621.0,8.2,115529.0,0.0441,3.7
2024-04-19,Graphic Design,5914,28,4.14,0.167,47387.0,8.0,752241.0,0.0527,12.0
2024-04-19,Legal Consulting,695,2,4.54,0.141,6279.0,9.0,75983.0,0.0474,8.8
2024-04-19,Mobile App,1980,13,4.26,0.152,13561.0,6.8,187403.0,0.0558,13.3
2024-04-19,Music Production,1436,19,3.9,0.142,10247.0,7.1,175357.0,0.0381,7.4
2024-04-19,Photography,2170,29,4.05,0.202,17059.0,7.9,270366.0,0.0313,7.3
2024-04-19,SEO/SEM,2606,34,4.03,0.18,17959.0,6.9,311610.0,0.0537,4.0
2024-04-19,Social Media Management,3578,19,3.92,0.167,23283.0,6.5,314039.0,0.0404,14.0
2024-04-19,Translation,4436,31,3.82,0.108,25170.0,5.7,348832.0,0.0427,1.9
2024-04-19,Video Production,1766,13,4.25,0.166,12935.0,7.3,200139.0,0.033,3.0
2024-04-19,Virtual Assistant,4599,24,3.73,0.1,28402.0,6.2,472131.0,0.0528,5.2
2024-04-19,Web Development,3773,42,4.3,0.179,31421.0,8.3,427143.0,0.0531,3.5
2024-04-20,AI/ML Development,1834,6,4.42,0.127,8933.0,4.9,139894.0,0.0446,1.5
2024-04-20,Content Writing,7630,41,3.98,0.136,35268.0,4.6,518914.0,0.0366,16.1
2024-04-20,Data Analysis,2972,21,4.26,0.085,14403.0,4.8,245908.0,0.0367,5.3
2024-04-20,Financial Modeling,1051,18,4.42,0.156,4594.0,4.4,55422.0,0.0445,5.3
2024-04-20,Graphic Design,4961,42,4.01,0.123,23320.0,4.7,377394.0,0.0558,8.0
2024-04-20,Legal Consulting,731,8,4.64,0.18,3898.0,5.3,61959.0,0.0406,14.4
2024-04-20,Mobile App,1928,22,4.21,0.116,10012.0,5.2,169823.0,0.0436,6.0
2024-04-20,Music Production,1478,15,3.95,0.185,7336.0,5.0,120961.0,0.0176,8.0
2024-04-20,Photography,1867,20,4.25,0.098,8443.0,4.5,126650.0,0.0299,6.1
2024-04-20,SEO/SEM,2161,18,3.95,0.137,9180.0,4.2,130876.0,0.0459,6.8
2024-04-20,Social Media Management,3074,19,3.79,0.173,14483.0,4.7,250353.0,0.0369,15.5
2024-04-20,Translation,4861,19,3.84,0.131,20279.0,4.2,247682.0,0.0438,5.7
2024-04-20,Video Production,1591,27,4.22,0.24,8692.0,5.5,104998.0,0.0389,7.4
2024-04-20,Virtual Assistant,4523,51,3.9,0.198,17067.0,3.8,298839.0,0.0456,5.5
2024-04-20,Web Development,3602,37,4.2,0.177,19194.0,5.3,313760.0,0.0514,8.2
2024-04-21,AI/ML Development,1787,13,4.41,0.178,8355.0,4.7,134850.0,0.0551,7.2
2024-04-21,Content Writing,7763,71,4.04,0.159,29391.0,3.8,458094.0,0.0407,25.3
2024-04-21,Data Analysis,2681,27,4.3,0.166,11639.0,4.3,163317.0,0.0358,6.9
2024-04-21,Financial Modeling,1020,5,4.49,0.162,4040.0,4.0,55382.0,0.0518,10.6
2024-04-21,Graphic Design,5789,30,4.2,0.154,22873.0,4.0,297714.0,0.0469,4.0
2024-04-21,Legal Consulting,759,3,4.61,0.187,4252.0,5.6,67435.0,0.0417,5.6
2024-04-21,Mobile App,2352,19,4.21,0.108,8990.0,3.8,128247.0,0.0539,12.2
2024-04-21,Music Production,1297,10,3.93,0.133,5271.0,4.1,91638.0,0.0505,4.1
2024-04-21,Photography,2144,7,4.09,0.133,11279.0,5.3,139482.0,0.0383,39.3
2024-04-21,SEO/SEM,2216,12,4.09,0.176,8071.0,3.6,118110.0,0.055,10.9
2024-04-21,Social Media Management,3497,12,3.65,0.119,14826.0,4.2,238781.0,0.0411,10.1
2024-04-21,Translation,4009,51,3.98,0.141,14130.0,3.5,225447.0,0.0519,4.0
2024-04-21,Video Production,1554,6,4.24,0.194,8570.0,5.5,150804.0,0.0404,10.5
2024-04-21,Virtual Assistant,4664,28,3.72,0.113,22664.0,4.9,310478.0,0.0629,2.6
2024-04-21,Web Development,3747,32,4.34,0.152,19538.0,5.2,343776.0,0.0447,17.1
2024-04-22,AI/ML Development,2132,14,4.36,0.151,17220.0,8.1,302824.0,0.0548,8.2
2024-04-22,Content Writing,6595,99,4.04,0.136,63757.0,9.7,809626.0,0.0536,16.7
2024-04-22,Data Analysis,2847,22,4.31,0.18,20832.0,7.3,255204.0,0.0343,10.9
2024-04-22,Financial Modeling,907,31,4.47,0.213,7777.0,8.6,112751.0,0.0479,8.3
2024-04-22,Graphic Design,5733,30,4.1,0.153,55282.0,9.6,909178.0,0.0432,10.2
2024-04-22,Legal Consulting,718,4,4.6,0.124,6339.0,8.8,110914.0,0.042,2.4
2024-04-22,Mobile App,2203,17,4.15,0.204,18406.0,8.4,261536.0,0.0386,21.3
2024-04-22,Music Production,1302,6,3.87,0.106,10344.0,7.9,158273.0,0.0345,3.9
2024-04-22,Photography,2058,20,4.04,0.15,15050.0,7.3,264184.0,0.0414,10.7
2024-04-22,SEO/SEM,2254,69,4.02,0.137,21575.0,9.6,373959.0,0.0375,4.8
2024-04-22,Social Media Management,3041,25,3.76,0.193,26678.0,8.8,405759.0,0.0437,10.9
2024-04-22,Translation,4006,22,3.88,0.089,37469.0,9.4,651902.0,0.034,4.7
2024-04-22,Video Production,1712,11,4.17,0.155,12580.0,7.3,207365.0,0.0467,16.6
2024-04-22,Virtual Assistant,5289,29,3.77,0.15,43135.0,8.2,747200.0,0.0358,23.3
2024-04-22,Web Development,3551,21,4.34,0.166,37040.0,10.4,556022.0,0.0511,20.9
2024-04-23,AI/ML Development,1817,7,4.41,0.171,14019.0,7.7,224579.0,0.0574,1.4
2024-04-23,Content Writing,7969,30,4.01,0.124,56614.0,7.1,999475.0,0.0398,10.7
2024-04-23,Data Analysis,2826,29,4.33,0.164,27737.0,9.8,448029.0,0.051,2.8
2024-04-23,Financial Modeling,984,10,4.5,0.182,9652.0,9.8,149515.0,0.0591,7.5
2024-04-23,Graphic Design,5570,31,4.05,0.205,38042.0,6.8,558169.0,0.039,3.9
2024-04-23,Legal Consulting,624,2,4.56,0.18,4700.0,7.5,71469.0,0.0625,11.7
2024-04-23,Mobile App,2084,4,4.27,0.104,19828.0,9.5,256782.0,0.0341,11.5
2024-04-23,Music Production,1424,5,3.97,0.158,13387.0,9.4,217740.0,0.0554,3.7
2024-04-23,Photography,1940,31,4.1,0.131,17445.0,9.0,307222.0,0.0471,6.3
2024-04-23,SEO/SEM,2381,14,4.01,0.108,21496.0,9.0,286961.0,0.0407,17.2
2024-04-23,Social Media Management,3429,45,3.82,0.146,25709.0,7.5,325965.0,0.0497,32.4
2024-04-23,Translation,4160,86,3.89,0.13,32619.0,7.8,417868.0,0.0555,16.3
2024-04-23,Video Production,1551,6,4.24,0.155,14018.0,9.0,180927.0,0.0551,7.1
2024-04-23,Virtual Assistant,4755,31,3.73,0.153,36671.0,7.7,558193.0,0.0407,4.0
2024-04-23,Web Development,3765,45,4.23,0.152,30382.0,8.1,368020.0,0.0486,7.4
2024-04-24,AI/ML Development,1863,30,4.45,0.201,14254.0,7.7,243897.0,0.0469,3.6
2024-04-24,Content Writing,7589,73,3.87,0.143,60191.0,7.9,882077.0,0.0528,14.3
2024-04-24,Data Analysis,3007,40,4.17,0.191,23922.0,8.0,420821.0,0.0574,8.3
2024-04-24,Financial Modeling,900,3,4.5,0.137,9173.0,10.2,154457.0,0.0384,6.4
2024-04-24,Graphic Design,4944,24,4.13,0.143,42922.0,8.7,591352.0,0.0452,7.1
2024-04-24,Legal Consulting,699,4,4.64,0.146,5652.0,8.1,101126.0,0.0358,22.5
2024-04-24,Mobile App,1996,16,4.23,0.112,17898.0,9.0,278783.0,0.0473,4.6
2024-04-24,Music Production,1481,10,3.94,0.167,13646.0,9.2,195304.0,0.0493,7.7
2024-04-24,Photography,1974,28,4.19,0.178,19024.0,9.6,307703.0,0.0403,3.6
2024-04-24,SEO/SEM,2583,17,4.01,0.188,18784.0,7.3,255354.0,0.0489,14.6
2024-04-24,Social Media Management,3552,11,3.78,0.176,22916.0,6.5,304633.0,0.0613,2.1
2024-04-24,Translation,4693,18,3.9,0.177,36498.0,7.8,439677.0,0.0546,6.8
2024-04-24,Video Production,1419,7,4.25,0.216,13233.0,9.3,226924.0,0.0473,6.9
2024-04-24,Virtual Assistant,4689,21,3.83,0.168,37309.0,8.0,665785.0,0.0488,5.8
2024-04-24,Web Development,3831,30,4.25,0.169,35622.0,9.3,626581.0,0.0382,4.1
2024-04-25,AI/ML Development,1935,8,4.54,0.229,16488.0,8.5,241210.0,0.0549,2.0
2024-04-25,Content Writing,8258,48,3.9,0.165,61497.0,7.4,911594.0,0.0306,7.8
2024-04-25,Data Analysis,3143,10,4.44,0.132,25014.0,8.0,428837.0,0.0395,7.3
2024-04-25,Financial Modeling,960,5,4.51,0.1,7217.0,7.5,124468.0,0.0495,7.2
2024-04-25,Graphic Design,5357,34,4.06,0.183,39465.0,7.4,488712.0,0.0318,7.2
2024-04-25,Legal Consulting,716,3,4.53,0.171,5229.0,7.3,85039.0,0.0484,6.1
2024-04-25,Mobile App,2203,13,4.27,0.185,15882.0,7.2,206181.0,0.0517,7.0
2024-04-25,Music Production,1346,10,3.95,0.191,8030.0,6.0,114731.0,0.0433,16.6
2024-04-25,Photography,2237,18,4.1,0.117,18227.0,8.1,313794.0,0.0471,5.5
2024-04-25,SEO/SEM,2537,19,4.01,0.109,18130.0,7.1,325808.0,0.0448,7.1
2024-04-25,Social Media Management,3481,20,3.86,0.236,24598.0,7.1,439452.0,0.0574,5.8
2024-04-25,Translation,4484,23,4.07,0.192,25421.0,5.7,378333.0,0.0433,5.3
2024-04-25,Video Production,1693,29,4.24,0.198,14144.0,8.4,203429.0,0.0376,3.9
2024-04-25,Virtual Assistant,5035,16,3.86,0.185,38436.0,7.6,517118.0,0.0438,11.6
2024-04-25,Web Development,3749,30,4.3,0.171,27184.0,7.3,438713.0,0.0428,10.6
2024-04-26,AI/ML Development,1777,17,4.37,0.156,13211.0,7.4,176446.0,0.044,6.3
2024-04-26,Content Writing,8235,249,3.95,0.202,49280.0,6.0,703317.0,0.0511,12.4
2024-04-26,Data Analysis,3114,22,4.28,0.163,25946.0,8.3,372624.0,0.0359,24.3
2024-04-26,Financial Modeling,1000,3,4.47,0.183,6417.0,6.4,96102.0,0.0504,9.5
2024-04-26,Graphic Design,5070,16,4.23,0.129,32799.0,6.5,588881.0,0.0367,3.2
2024-04-26,Legal Consulting,696,4,4.59,0.135,6066.0,8.7,90129.0,0.0522,10.7
2024-04-26,Mobile App,2314,11,4.16,0.136,17907.0,7.7,292192.0,0.0401,6.8
2024-04-26,Music Production,1518,9,3.94,0.171,9337.0,6.2,140107.0,0.0484,20.2
2024-04-26,Photography,1921,9,4.16,0.184,15678.0,8.2,244905.0,0.0501,10.9
2024-04-26,SEO/SEM,2167,13,4.02,0.136,12572.0,5.8,168643.0,0.0437,4.1
2024-04-26,Social Media Management,3391,56,3.73,0.153,22829.0,6.7,287065.0,0.0486,8.2
2024-04-26,Translation,4614,57,4.02,0.213,31895.0,6.9,548243.0,0.0452,6.8
2024-04-26,Video Production,1535,4,4.27,0.143,13074.0,8.5,198875.0,0.0386,5.4
2024-04-26,Virtual Assistant,4484,21,3.87,0.147,27812.0,6.2,427219.0,0.043,6.9
2024-04-26,Web Development,3655,43,4.46,0.127,22923.0,6.3,408837.0,0.0536,21.9
2024-04-27,AI/ML Development,2137,14,4.43,0.077,10083.0,4.7,177451.0,0.043,15.8
2024-04-27,Content Writing,8351,92,3.96,0.139,36166.0,4.3,572747.0,0.0541,3.0
2024-04-27,Data Analysis,3279,45,4.27,0.099,17972.0,5.5,321642.0,0.0561,9.6
2024-04-27,Financial Modeling,986,5,4.6,0.106,4950.0,5.0,84732.0,0.0361,5.3
2024-04-27,Graphic Design,5461,24,4.09,0.158,29370.0,5.4,524226.0,0.0556,22.1
2024-04-27,Legal Consulting,738,1,4.66,0.126,4583.0,6.2,58371.0,0.0439,12.0
2024-04-27,Mobile App,2290,32,4.11,0.13,12260.0,5.4,212868.0,0.0427,8.5
2024-04-27,Music Production,1253,8,3.84,0.202,5450.0,4.3,78605.0,0.0377,4.5
2024-04-27,Photography,1989,14,4.15,0.135,9514.0,4.8,139124.0,0.0435,3.1
2024-04-27,SEO/SEM,2442,28,3.98,0.109,10896.0,4.5,162354.0,0.0396,12.6
2024-04-27,Social Media Management,3673,38,3.75,0.167,18225.0,5.0,306229.0,0.0442,11.4
2024-04-27,Translation,4193,20,3.94,0.16,22965.0,5.5,312476.0,0.0371,12.0
2024-04-27,Video Production,1783,4,4.13,0.152,8517.0,4.8,107947.0,0.0363,4.6
2024-04-27,Virtual Assistant,5377,22,3.85,0.144,20505.0,3.8,263727.0,0.0339,3.8
2024-04-27,Web Development,4045,53,4.31,0.152,22187.0,5.5,363709.0,0.0532,6.3
2024-04-28,AI/ML Development,1860,15,4.31,0.121,8414.0,4.5,106407.0,0.0291,12.2
2024-04-28,Content Writing,6782,50,4.09,0.176,29014.0,4.3,357387.0,0.0335,5.8
2024-04-28,Data Analysis,2725,9,4.31,0.122,12783.0,4.7,221211.0,0.0424,7.9
2024-04-28,Financial Modeling,864,4,4.44,0.111,5035.0,5.8,62953.0,0.0508,10.8
2024-04-28,Graphic Design,5056,52,4.07,0.11,22238.0,4.4,341369.0,0.042,4.5
2024-04-28,Legal Consulting,647,5,4.66,0.178,3280.0,5.1,52160.0,0.0429,17.2
2024-04-28,Mobile App,2051,7,4.24,0.187,10754.0,5.2,154343.0,0.0412,10.5
2024-04-28,Music Production,1279,4,3.84,0.101,4464.0,3.5,,0.0489,4.5
2024-04-28,Photography,1908,15,4.23,0.149,7909.0,4.1,97713.0,0.0452,20.2
2024-04-28,SEO/SEM,2309,7,3.96,0.093,8520.0,3.7,147415.0,0.0571,10.0
2024-04-28,Social Media Management,3242,28,3.82,0.101,13462.0,4.2,179291.0,0.0475,10.6
2024-04-28,Translation,4335,33,4.09,0.172,21716.0,5.0,312469.0,0.0351,6.9
2024-04-28,Video Production,1527,9,4.21,0.142,8401.0,5.5,116922.0,0.0489,13.9
2024-04-28,Virtual Assistant,4809,26,3.69,0.157,15867.0,3.3,253159.0,0.0443,17.5
2024-04-28,Web Development,3556,8,4.35,0.178,17291.0,4.9,242268.0,0.0381,10.8
2024-04-29,AI/ML Development,1850,17,4.46,0.129,17375.0,9.4,259398.0,0.0391,10.1
2024-04-29,Content Writing,8041,84,4.03,0.172,77438.0,9.6,950073.0,0.0505,25.8
2024-04-29,Data Analysis,2786,34,4.41,0.139,22305.0,8.0,391263.0,0.0627,3.0
2024-04-29,Financial Modeling,873,5,4.6,0.156,7264.0,8.3,115076.0,0.0554,8.5
2024-04-29,Graphic Design,6079,22,4.11,0.104,51075.0,8.4,676440.0,0.0595,17.3
2024-04-29,Legal Consulting,749,10,4.62,0.165,5881.0,7.9,79795.0,0.0539,6.3
2024-04-29,Mobile App,2429,21,4.32,0.153,20939.0,8.6,332330.0,0.04,13.1
2024-04-29,Music Production,1278,5,3.87,0.099,11819.0,9.2,197484.0,0.0529,25.7
2024-04-29,Photography,1872,9,4.11,0.148,13491.0,7.2,239179.0,0.0502,6.9
2024-04-29,SEO/SEM,-1,8,4.01,0.135,21365.0,9.4,353733.0,0.0479,6.7
2024-04-29,Social Media Management,3667,13,3.79,0.178,22492.0,6.1,323045.0,0.0444,8.8
2024-04-29,Translation,4384,14,3.82,0.163,39175.0,8.9,581461.0,0.0518,11.9
2024-04-29,Video Production,1580,10,4.18,0.184,14624.0,9.3,257605.0,0.0415,12.2
2024-04-29,Virtual Assistant,5213,37,3.96,0.176,36643.0,7.0,508742.0,0.0569,20.1
2024-04-29,Web Development,3416,17,4.35,0.19,31490.0,9.2,495168.0,0.0359,8.9
2024-04-30,AI/ML Development,1746,16,4.36,0.142,15099.0,8.6,260463.0,0.0439,3.1
2024-04-30,Content Writing,7348,106,3.99,0.198,61581.0,8.4,986035.0,0.0569,4.7
2024-04-30,Data Analysis,2682,19,4.23,0.147,18486.0,6.9,244361.0,0.0466,9.5
2024-04-30,Financial Modeling,996,6,4.47,0.06,9747.0,9.8,146162.0,0.0507,13.5
2024-04-30,Graphic Design,4956,96,4.08,0.106,44783.0,9.0,596917.0,0.0384,13.4
2024-04-30,Legal Consulting,749,7,4.58,0.118,6100.0,8.1,102605.0,0.0344,5.6
2024-04-30,Mobile App,2091,8,4.11,0.175,14461.0,6.9,216770.0,0.0477,4.6
2024-04-30,Music Production,1420,7,3.8,0.181,9028.0,6.4,135129.0,0.0363,6.5
2024-04-30,Photography,1923,11,4.17,0.093,17569.0,9.1,246255.0,0.0483,4.1
2024-04-30,SEO/SEM,2228,17,3.97,0.098,17324.0,7.8,308672.0,0.031,15.8
2024-04-30,Social Media Management,3308,37,3.75,0.15,27200.0,8.2,487127.0,0.0323,2.7
2024-04-30,Translation,3998,18,3.93,0.141,27280.0,6.8,361863.0,0.0521,1.8
2024-04-30,Video Production,1446,11,4.14,0.125,13116.0,9.1,201195.0,0.0517,14.3
2024-04-30,Virtual Assistant,4402,28,3.78,0.178,34780.0,7.9,480624.0,0.0595,23.1
2024-04-30,Web Development,3980,22,4.27,0.137,39957.0,10.0,490465.0,0.0532,4.7
2024-05-01,AI/ML Development,1955,11,4.44,0.139,14656.0,7.5,260445.0,0.0395,7.5
2024-05-01,Content Writing,8336,27,4.01,0.128,65935.0,7.9,860372.0,0.0371,31.7
2024-05-01,Data Analysis,3329,24,4.26,0.101,27352.0,8.2,366830.0,0.03,16.7
2024-05-01,Financial Modeling,896,7,4.6,0.159,8847.0,9.9,106984.0,0.0451,8.9
2024-05-01,Graphic Design,5692,29,4.01,0.211,42465.0,7.5,687856.0,0.0516,2.5
2024-05-01,Legal Consulting,667,4,4.55,0.137,5253.0,7.9,91443.0,0.0441,7.0
2024-05-01,Mobile App,2206,15,4.27,0.196,16766.0,7.6,273301.0,0.0369,15.5
2024-05-01,Music Production,1317,14,3.9,0.214,12414.0,9.4,206452.0,0.0312,8.1
2024-05-01,Photography,2248,14,4.17,0.198,15537.0,6.9,216002.0,0.0383,17.0
2024-05-01,SEO/SEM,2178,12,4.01,0.158,14271.0,6.6,242769.0,0.0459,26.3
2024-05-01,Social Media Management,3802,34,3.8,0.161,31992.0,8.4,486110.0,0.0483,5.0
2024-05-01,Translation,4540,75,3.87,0.17,40438.0,8.9,538023.0,0.0478,7.6
2024-05-01,Video Production,1528,11,4.11,0.147,11579.0,7.6,196642.0,0.0344,34.4
2024-05-01,Virtual Assistant,5054,43,3.84,0.163,33006.0,6.5,450065.0,0.0483,13.3
2024-05-01,Web Development,3560,23,4.24,0.125,26205.0,7.4,338308.0,0.0537,3.8
2024-05-02,AI/ML Development,1830,11,4.4,0.171,13211.0,7.2,216522.0,0.041,4.2
2024-05-02,Content Writing,7371,72,4.03,0.128,53026.0,7.2,758285.0,0.0363,17.8
2024-05-02,Data Analysis,2908,7,4.27,0.193,20891.0,7.2,266326.0,0.0529,7.8
2024-05-02,Financial Modeling,973,11,4.46,0.198,6624.0,6.8,118320.0,0.0495,13.5
2024-05-02,Graphic Design,4936,43,4.08,0.163,32928.0,6.7,540812.0,0.0511,9.3
2024-05-02,Legal Consulting,650,4,4.63,0.13,4452.0,6.8,67818.0,0.0485,14.7
2024-05-02,Mobile App,2153,6,4.11,0.133,15926.0,7.4,280494.0,0.0458,8.3
2024-05-02,Music Production,1422,9,3.94,0.12,10555.0,7.4,148445.0,0.033,6.2
2024-05-02,Photography,2202,15,4.08,0.153,13795.0,6.3,243868.0,0.0405,5.8
2024-05-02,SEO/SEM,2300,8,3.94,0.202,15259.0,6.6,206766.0,0.0559,4.8
2024-05-02,Social Media Management,3569,74,3.81,0.16,23589.0,6.6,335656.0,0.0209,3.9
2024-05-02,Translation,4806,24,3.86,0.19,30579.0,6.4,379107.0,0.0342,16.2
2024-05-02,Video Production,1692,7,4.2,0.156,12141.0,7.2,153018.0,0.0349,13.7
2024-05-02,Virtual Assistant,4271,32,3.83,0.137,23432.0,5.5,349084.0,0.0412,14.0
2024-05-02,Web Development,3343,42,4.31,0.163,23569.0,7.1,299244.0,0.0448,7.3
2024-05-03,AI/ML Development,1884,15,4.43,0.129,13363.0,7.1,227309.0,0.0473,3.0
2024-05-03,Content Writing,7099,56,4.04,0.141,46165.0,6.5,819959.0,0.0528,27.0
2024-05-03,Data Analysis,2714,18,4.34,0.117,17808.0,6.6,310639.0,0.0516,8.0
2024-05-03,Financial Modeling,873,11,4.45,0.143,5761.0,6.6,94662.0,0.0442,1.3
2024-05-03,Graphic Design,6112,75,4.17,0.144,46900.0,7.7,740302.0,0.0489,11.6
2024-05-03,Legal Consulting,710,4,4.55,0.202,5575.0,7.9,75481.0,0.0585,5.5
2024-05-03,Mobile App,2296,15,4.09,0.093,12860.0,5.6,210637.0,0.035,1.8
2024-05-03,Music Production,1335,11,3.95,0.115,10601.0,7.9,162354.0,0.0523,28.2
2024-05-03,Photography,2118,32,4.07,0.082,11675.0,5.5,184337.0,0.055,5.7
2024-05-03,SEO/SEM,2146,20,4.02,0.217,11738.0,5.5,167217.0,0.0461,8.9
2024-05-03,Social Media Management,3259,13,3.84,0.094,17835.0,5.5,251055.0,0.0376,13.3
2024-05-03,Translation,4273,28,3.96,0.12,28694.0,6.7,396777.0,0.0405,3.3
2024-05-03,Video Production,1803,9,4.32,0.128,13693.0,7.6,192114.0,0.0267,10.7
2024-05-03,Virtual Assistant,5169,89,3.88,0.185,28537.0,5.5,368090.0,0.0528,2.4
2024-05-03,Web Development,3878,19,4.34,0.099,25630.0,6.6,394954.0,0.0443,11.4
2024-05-04,AI/ML Development,2077,14,4.37,0.192,9521.0,4.6,118971.0,0.0414,16.4
2024-05-04,Content Writing,6964,38,3.98,0.183,36490.0,5.2,531082.0,0.0546,5.0
2024-05-04,Data Analysis,3322,20,4.32,0.161,16304.0,4.9,245314.0,0.0562,1.8
2024-05-04,Financial Modeling,933,12,4.59,0.099,4380.0,4.7,55168.0,0.0531,3.4
2024-05-04,Graphic Design,5509,62,3.98,0.167,28080.0,5.1,429030.0,0.0509,11.8
2024-05-04,Legal Consulting,737,4,4.54,0.132,4560.0,6.2,56731.0,0.033,7.0
2024-05-04,Mobile App,1994,15,4.29,0.19,9138.0,4.6,134512.0,0.0423,6.5
2024-05-04,Music Production,1503,18,3.99,0.151,8238.0,5.5,131045.0,0.0484,8.5
2024-05-04,Photography,1866,10,4.25,0.17,9336.0,5.0,136556.0,0.0383,8.6
2024-05-04,SEO/SEM,2308,14,3.99,0.226,9860.0,4.3,160953.0,0.0451,16.8
2024-05-04,Social Media Management,3153,31,3.82,0.149,12762.0,4.0,159729.0,0.0515,10.1
2024-05-04,Translation,4440,82,3.89,0.176,22817.0,5.1,308135.0,0.0415,4.0
2024-05-04,Video Production,1576,19,4.15,0.1,8850.0,5.6,154263.0,0.051,10.3
2024-05-04,Virtual Assistant,5057,30,3.8,0.188,23408.0,4.6,401536.0,0.0605,13.2
2024-05-04,Web Development,3303,23,4.27,0.077,18248.0,5.5,278621.0,0.056,16.7
2024-05-05,AI/ML Development,1774,19,4.46,0.097,8771.0,4.9,145016.0,0.0601,16.3
2024-05-05,Content Writing,7074,42,4.06,0.155,31802.0,4.5,562235.0,0.0576,21.4
2024-05-05,Data Analysis,3326,25,4.31,0.141,18090.0,5.4,249306.0,0.0493,7.1
2024-05-05,Financial Modeling,935,15,4.46,0.179,5032.0,5.4,61992.0,0.0636,10.1
2024-05-05,Graphic Design,5081,23,4.1,0.087,25578.0,5.0,420611.0,0.0408,31.1
2024-05-05,Legal Consulting,657,2,4.58,0.087,3762.0,5.7,47992.0,0.0517,22.0
2024-05-05,Mobile App,2197,6,4.2,0.177,12135.0,5.5,182643.0,0.0429,6.0
2024-05-05,Music Production,1478,7,4.0,0.146,5400.0,3.7,78950.0,0.0456,9.5
2024-05-05,Photography,1855,16,4.19,0.138,9370.0,5.1,154422.0,0.0476,3.0
2024-05-05,SEO/SEM,2152,24,4.04,0.186,8674.0,4.0,106884.0,0.0404,5.7
2024-05-05,Social Media Management,3146,13,3.74,0.132,14695.0,4.7,203575.0,0.0491,19.0
2024-05-05,Translation,4497,22,3.96,0.113,22570.0,5.0,312890.0,0.0508,7.1
2024-05-05,Video Production,1726,16,4.27,0.182,7097.0,4.1,116494.0,0.0656,1.5
2024-05-05,Virtual Assistant,4542,20,3.76,0.183,18281.0,4.0,315048.0,0.0441,2.3
2024-05-05,Web Development,3982,17,4.39,0.2,19165.0,4.8,330241.0,0.0449,10.1
2024-05-06,AI/ML Development,2138,6,4.46,0.139,19186.0,9.0,332652.0,0.056,15.8
2024-05-06,Content Writing,7611,58,4.02,0.117,67814.0,8.9,815690.0,0.0418,6.1
2024-05-06,Data Analysis,3068,21,4.26,0.213,29663.0,9.7,443990.0,0.0452,9.7
2024-05-06,Financial Modeling,921,14,4.59,0.13,9655.0,10.5,147447.0,0.0514,8.0
2024-05-06,Graphic Design,5498,84,4.2,0.144,48061.0,8.7,666961.0,0.0544,2.0
2024-05-06,Legal Consulting,723,17,4.71,0.138,6988.0,9.7,84981.0,0.0418,4.9
2024-05-06,Mobile App,1939,5,4.2,0.146,17490.0,9.0,238380.0,0.0484,5.1
2024-05-06,Music Production,-2,12,4.08,0.122,10295.0,7.2,162542.0,0.0548,15.6
2024-05-06,Photography,2228,9,4.12,0.182,17555.0,7.9,290812.0,0.042,12.6
2024-05-06,SEO/SEM,2430,12,4.02,0.102,20737.0,8.5,255002.0,0.0594,11.6
2024-05-06,Social Media Management,3768,14,3.78,0.14,29700.0,7.9,372806.0,0.0406,25.4
2024-05-06,Translation,3936,13,3.86,0.213,24712.0,6.3,386335.0,0.0397,7.9
2024-05-06,Video Production,1709,17,4.2,0.143,15489.0,9.1,193133.0,0.0567,8.9
2024-05-06,Virtual Assistant,4725,38,3.78,0.171,31086.0,6.6,468810.0,0.0648,2.4
2024-05-06,Web Development,3244,27,4.38,0.178,29787.0,9.2,518361.0,0.0549,5.1
2024-05-07,AI/ML Development,1858,10,4.5,0.167,14873.0,8.0,230849.0,0.0433,2.4
2024-05-07,Content Writing,7581,165,4.0,0.15,59066.0,7.8,867144.0,0.0558,3.2
2024-05-07,Data Analysis,2784,33,4.34,0.2,25588.0,9.2,404144.0,0.0457,7.9
2024-05-07,Financial Modeling,977,9,4.44,0.171,9463.0,9.7,130229.0,0.0447,2.5
2024-05-07,Graphic Design,5377,23,4.12,0.147,41451.0,7.7,545580.0,0.0448,14.9
2024-05-07,Legal Consulting,769,2,4.58,0.147,7686.0,10.0,114938.0,0.0507,7.2
2024-05-07,Mobile App,2239,5,4.27,0.2,21343.0,9.5,313348.0,0.0332,7.0
2024-05-07,Music Production,1306,13,3.97,0.147,9932.0,7.6,145620.0,0.0385,7.7
2024-05-07,Photography,2008,28,4.17,0.092,16396.0,8.2,216754.0,0.0325,2.9
2024-05-07,SEO/SEM,2524,20,4.07,0.139,20025.0,7.9,283431.0,0.0393,20.5
2024-05-07,Social Media Management,3126,17,3.85,0.108,25478.0,8.2,457337.0,0.0409,11.1
2024-05-07,Translation,4639,49,3.86,0.139,39957.0,8.6,673209.0,0.046,12.0
2024-05-07,Video Production,1532,29,4.26,0.207,15143.0,9.9,214116.0,0.031,3.2
2024-05-07,Virtual Assistant,4541,65,3.85,0.139,33246.0,7.3,482042.0,0.0546,8.9
2024-05-07,Web Development,3467,29,4.32,0.125,24424.0,7.0,318167.0,0.0503,4.8
2024-05-08,AI/ML Development,1911,11,4.5,0.156,15163.0,7.9,246370.0,0.042,3.2
2024-05-08,Content Writing,8171,82,3.98,0.163,66832.0,8.2,979037.0,0.0388,1.7
2024-05-08,Data Analysis,3169,51,4.4,0.144,24184.0,7.6,307892.0,0.0399,21.4
2024-05-08,Financial Modeling,994,15,4.45,0.182,7522.0,7.6,129631.0,0.0362,13.3
2024-05-08,Graphic Design,5207,84,4.18,0.131,46669.0,9.0,616544.0,0.0463,10.4
2024-05-08,Legal Consulting,762,3,4.69,0.158,8224.0,10.8,127647.0,0.0459,5.1
2024-05-08,Mobile App,2339,15,4.13,0.098,21957.0,9.4,335737.0,0.0459,2.4
2024-05-08,Music Production,1370,16,3.91,0.139,10119.0,7.4,170702.0,0.0459,29.0
2024-05-08,Photography,1883,11,4.15,0.197,13144.0,7.0,164581.0,0.0447,21.3
2024-05-08,SEO/SEM,2559,22,3.96,0.134,18905.0,7.4,271040.0,0.0476,10.0
2024-05-08,Social Media Management,3103,15,3.76,0.153,23910.0,7.7,304919.0,0.039,4.2
2024-05-08,Translation,4540,22,3.93,0.177,31280.0,6.9,438872.0,0.0418,20.7
2024-05-08,Video Production,1429,12,4.17,0.18,11061.0,7.7,174255.0,0.0487,11.1
2024-05-08,Virtual Assistant,4415,28,3.9,0.166,37978.0,8.6,635049.0,0.0523,20.4
2024-05-08,Web Development,3494,25,4.27,0.156,32551.0,9.3,576753.0,0.0411,11.2
2024-05-09,AI/ML Development,1887,9,4.5,0.158,13117.0,7.0,203336.0,0.0551,2.3
2024-05-09,Content Writing,7479,30,4.1,0.2,59082.0,7.9,1052359.0,0.0455,13.5
2024-05-09,Data Analysis,3009,31,4.27,0.157,23864.0,7.9,375217.0,0.0336,17.6
2024-05-09,Financial Modeling,1045,9,4.55,0.093,8051.0,7.7,104763.0,0.0413,20.4
2024-05-09,Graphic Design,6179,42,4.16,0.122,41037.0,6.6,725442.0,0.0449,5.7
2024-05-09,Legal Consulting,738,3,4.78,0.236,5009.0,6.8,70690.0,0.0565,3.4
2024-05-09,Mobile App,2112,15,4.16,0.139,12662.0,6.0,176968.0,0.0514,9.9
2024-05-09,Music Production,1244,11,3.87,0.133,7324.0,5.9,117331.0,0.0379,25.6
2024-05-09,Photography,2248,24,4.1,0.164,14108.0,6.3,226036.0,0.0494,6.9
2024-05-09,SEO/SEM,2682,19,4.06,0.177,20890.0,7.8,271096.0,0.0385,5.6
2024-05-09,Social Media Management,3697,26,3.79,0.168,27468.0,7.4,348897.0,0.0469,10.2
2024-05-09,Translation,4025,19,3.84,0.193,28630.0,7.1,484416.0,0.0449,3.4
2024-05-09,Video Production,1604,6,4.18,0.129,9502.0,5.9,170259.0,0.0465,1.1
2024-05-09,Virtual Assistant,5356,55,3.83,0.156,33158.0,6.2,517900.0,0.0575,7.4
2024-05-09,Web Development,3259,12,4.4,0.166,19812.0,6.1,275883.0,0.0526,8.7
2024-05-10,AI/ML Development,2170,17,4.47,0.143,16059.0,7.4,250535.0,0.0343,5.4
2024-05-10,Content Writing,7596,30,4.06,0.103,53089.0,7.0,826089.0,0.0385,10.0
2024-05-10,Data Analysis,2850,7,4.33,0.145,18866.0,6.6,235724.0,0.0412,1.4
2024-05-10,Financial Modeling,893,8,4.64,0.155,7329.0,8.2,100072.0,0.0379,12.3
2024-05-10,Graphic Design,5882,14,4.16,0.167,41801.0,7.1,673596.0,0.0442,6.0
2024-05-10,Legal Consulting,745,4,4.66,0.146,5952.0,8.0,84196.0,0.0526,19.1
2024-05-10,Mobile App,2150,33,4.27,0.094,13993.0,6.5,182555.0,0.0372,17.5
2024-05-10,Music Production,1274,4,3.91,0.142,9122.0,7.2,130572.0,0.037,9.1
2024-05-10,Photography,2222,11,4.08,0.138,15248.0,6.9,195631.0,0.0435,11.9
2024-05-10,SEO/SEM,2279,20,4.04,0.136,13196.0,5.8,217203.0,0.0433,6.9
2024-05-10,Social Media Management,3453,16,3.8,0.13,20800.0,6.0,305725.0,0.0414,4.4
2024-05-10,Translation,4881,33,3.88,0.133,38296.0,7.8,511076.0,0.0617,11.1
2024-05-10,Video Production,1646,5,4.16,0.131,9645.0,5.9,131895.0,0.0481,12.5
2024-05-10,Virtual Assistant,5158,15,3.8,0.168,26833.0,5.2,343585.0,0.0517,8.9
2024-05-10,Web Development,3836,17,4.29,0.198,25012.0,6.5,419561.0,0.0435,3.2
2024-05-11,AI/ML Development,1852,12,4.52,0.138,8368.0,4.5,138990.0,0.0405,7.6
2024-05-11,Content Writing,7677,41,4.08,0.13,30113.0,3.9,502316.0,0.0436,10.4
2024-05-11,Data Analysis,2675,28,4.37,0.141,13005.0,4.9,194959.0,0.0444,1.4
2024-05-11,Financial Modeling,930,4,4.41,0.195,4296.0,4.6,57566.0,0.0373,6.8
2024-05-11,Graphic Design,5987,41,4.18,0.159,30547.0,5.1,425394.0,0.0336,16.5
2024-05-11,Legal Consulting,719,6,4.58,0.136,3703.0,5.2,61953.0,0.0498,3.4
2024-05-11,Mobile App,1988,6,4.14,0.167,9734.0,4.9,134447.0,0.0514,4.9
2024-05-11,Music Production,1375,22,3.82,0.145,7037.0,5.1,93840.0,0.0352,2.9
2024-05-11,Photography,1842,9,4.03,0.156,9043.0,4.9,162065.0,0.0565,48.4
2024-05-11,SEO/SEM,2193,15,4.02,0.192,9715.0,4.4,155281.0,0.0544,1.3
2024-05-11,Social Media Management,3593,21,3.78,0.181,15500.0,4.3,212315.0,0.045,7.7
2024-05-11,Translation,3898,13,4.02,0.161,21313.0,5.5,258986.0,0.0482,6.1
2024-05-11,Video Production,1529,12,4.18,0.15,8688.0,5.7,148919.0,0.0255,12.6
2024-05-11,Virtual Assistant,4762,60,3.82,0.149,17362.0,3.6,214730.0,0.0403,17.2
2024-05-11,Web Development,3838,18,4.36,0.094,17106.0,4.5,280971.0,0.0536,18.6
2024-05-12,AI/ML Development,1944,15,4.46,0.135,8169.0,4.2,113296.0,0.0541,3.1
2024-05-12,Content Writing,7728,76,3.92,0.134,35423.0,4.6,507035.0,0.0441,13.0
2024-05-12,Data Analysis,2888,13,4.31,0.12,15758.0,5.5,221044.0,0.0408,4.3
2024-05-12,Financial Modeling,1033,5,4.5,0.142,5557.0,5.4,70107.0,0.0353,8.3
2024-05-12,Graphic Design,5998,35,4.05,0.109,28055.0,4.7,371073.0,0.0352,5.7
2024-05-12,Legal Consulting,611,1,4.59,0.148,3180.0,5.2,38324.0,0.0532,6.3
2024-05-12,Mobile App,1996,9,4.29,0.131,8908.0,4.5,151971.0,0.0468,21.0
2024-05-12,Music Production,1514,8,3.9,0.174,7344.0,4.9,101940.0,0.0474,3.4
2024-05-12,Photography,2312,12,4.13,0.138,11800.0,5.1,209089.0,0.0515,8.7
2024-05-12,SEO/SEM,2664,24,3.99,0.208,13611.0,5.1,184937.0,0.0426,4.9
2024-05-12,Social Media Management,3567,14,3.82,0.161,16064.0,4.5,227052.0,0.0566,2.6
2024-05-12,Translation,4252,33,3.94,0.203,17483.0,4.1,250754.0,0.0416,4.3
2024-05-12,Video Production,1466,40,4.3,0.135,6948.0,4.7,112887.0,0.0416,5.5
2024-05-12,Virtual Assistant,4263,24,3.85,0.105,19910.0,4.7,265937.0,0.0519,7.1
2024-05-12,Web Development,3758,18,4.33,0.089,17495.0,4.7,212629.0,0.0455,4.1
2024-05-13,AI/ML Development,2055,13,4.5,0.125,17073.0,8.3,211097.0,0.0409,8.9
2024-05-13,Content Writing,6911,36,4.02,0.121,50926.0,7.4,869167.0,0.0482,3.9
2024-05-13,Data Analysis,3303,12,4.27,0.103,28801.0,8.7,431952.0,0.027,10.3
2024-05-13,Financial Modeling,910,8,4.45,0.154,7428.0,8.2,95361.0,0.0467,13.8
2024-05-13,Graphic Design,5143,58,4.17,0.147,44999.0,8.7,807119.0,0.0462,9.4
2024-05-13,Legal Consulting,740,6,4.68,0.147,5739.0,7.8,70064.0,0.0482,7.0
2024-05-13,Mobile App,2389,3,4.35,0.135,25019.0,10.5,373413.0,0.0454,4.0
2024-05-13,Music Production,1458,13,3.89,0.169,9513.0,6.5,157394.0,0.0399,7.1
2024-05-13,Photography,1844,11,4.21,0.149,16422.0,8.9,291959.0,0.0454,8.2
2024-05-13,SEO/SEM,2544,14,4.13,0.168,25411.0,10.0,444341.0,0.0475,18.4
2024-05-13,Social Media Management,3847,19,3.86,0.147,24809.0,6.4,335839.0,0.0376,10.2
2024-05-13,Translation,3919,20,4.0,0.149,25578.0,6.5,383327.0,0.0378,10.5
2024-05-13,Video Production,1581,18,4.22,0.179,14361.0,9.1,205872.0,0.0356,13.1
2024-05-13,Virtual Assistant,5343,27,3.79,0.164,35450.0,6.6,586646.0,0.0412,6.7
2024-05-13,Web Development,4072,35,4.35,0.161,36839.0,9.0,448572.0,0.0494,3.6
2024-05-14,AI/ML Development,2060,15,4.4,0.161,20454.0,9.9,289950.0,0.0455,5.9
2024-05-14,Content Writing,6857,16,3.96,0.17,46581.0,6.8,636614.0,0.0455,11.0
2024-05-14,Data Analysis,2965,27,4.25,0.165,29703.0,10.0,427095.0,0.0515,17.4
2024-05-14,Financial Modeling,1015,5,4.48,0.129,9746.0,9.6,146717.0,0.0486,13.7
2024-05-14,Graphic Design,5480,26,4.12,0.105,48943.0,8.9,638894.0,0.0458,1.8
2024-05-14,Legal Consulting,684,4,4.71,0.143,6515.0,9.5,89768.0,0.0273,8.6
2024-05-14,Mobile App,2335,54,4.25,0.172,19376.0,8.3,246738.0,0.0486,18.0
2024-05-14,Music Production,1505,12,3.98,0.166,14060.0,9.3,227654.0,0.0336,15.0
2024-05-14,Photography,1848,11,4.07,0.09,12702.0,6.9,183971.0,0.042,8.3
2024-05-14,SEO/SEM,2602,21,3.95,0.145,23892.0,9.2,345815.0,0.0463,19.1
2024-05-14,Social Media Management,3458,22,3.78,0.187,22719.0,6.6,361586.0,0.0455,8.3
2024-05-14,Translation,4064,32,3.83,0.123,25930.0,6.4,443719.0,0.0359,20.3
2024-05-14,Video Production,1436,7,4.32,0.115,10926.0,7.6,182485.0,0.0376,4.7
2024-05-14,Virtual Assistant,4767,57,3.9,0.143,41038.0,8.6,647587.0,0.0501,4.5
2024-05-14,Web Development,-5,19,4.29,0.101,28051.0,8.5,353556.0,0.0295,5.2
2024-05-15,AI/ML Development,1947,12,4.42,0.207,17906.0,9.2,236984.0,0.0328,16.8
2024-05-15,Content Writing,6909,66,4.09,0.15,49690.0,7.2,650775.0,0.046,1.3
2024-05-15,Data Analysis,3231,24,4.37,0.167,23496.0,7.3,347299.0,0.0394,1.4
2024-05-15,Financial Modeling,1072,7,4.54,0.129,11495.0,10.7,167178.0,0.0569,7.9
2024-05-15,Graphic Design,5518,31,4.17,0.151,51142.0,9.3,661284.0,0.0424,8.7
2024-05-15,Legal Consulting,733,3,4.65,0.132,7680.0,10.5,116028.0,0.0421,26.3
2024-05-15,Mobile App,1944,8,4.22,0.163,16567.0,8.5,212494.0,0.0513,35.0
2024-05-15,Music Production,1466,12,3.99,0.149,11941.0,8.1,147685.0,0.0394,11.0
2024-05-15,Photography,1878,10,4.01,0.117,16119.0,8.6,220493.0,0.0369,5.0
2024-05-15,SEO/SEM,2310,16,4.05,0.173,16558.0,7.2,297040.0,0.0395,8.9
2024-05-15,Social Media Management,3390,46,3.75,0.165,24405.0,7.2,434753.0,0.0543,10.0
2024-05-15,Translation,4081,18,3.86,0.129,28268.0,6.9,458223.0,0.0374,13.6
2024-05-15,Video Production,1767,8,4.25,0.129,13039.0,7.4,222504.0,0.0513,6.1
2024-05-15,Virtual Assistant,4740,37,3.75,0.218,42809.0,9.0,701051.0,0.0626,6.9
2024-05-15,Web Development,3980,13,4.34,0.097,36170.0,9.1,448685.0,0.0465,8.5
2024-05-16,AI/ML Development,2193,16,4.43,0.15,12039.0,5.5,193851.0,0.0455,7.1
2024-05-16,Content Writing,6952,33,4.01,0.156,34074.0,4.9,444239.0,0.0404,11.2
2024-05-16,Data Analysis,3246,15,4.28,0.131,16267.0,5.0,218896.0,0.0404,9.3
2024-05-16,Financial Modeling,888,15,4.54,0.151,5097.0,5.7,66414.0,0.0445,3.5
2024-05-16,Graphic Design,5781,38,3.97,0.163,30967.0,5.4,449538.0,0.0505,7.4
2024-05-16,Legal Consulting,698,8,4.49,0.131,3788.0,5.4,52495.0,0.0569,10.0
2024-05-16,Mobile App,2095,31,4.19,0.161,10441.0,5.0,140519.0,0.0385,5.9
2024-05-16,Music Production,1331,9,3.92,0.142,5059.0,3.8,69175.0,0.0466,6.4
2024-05-16,Photography,2270,8,4.02,0.119,10137.0,4.5,127022.0,0.0423,12.7
2024-05-16,SEO/SEM,2166,10,3.93,0.165,11340.0,5.2,184809.0,0.0387,9.7
2024-05-16,Social Media Management,3121,16,3.8,0.097,10714.0,3.4,184777.0,0.0453,12.4
2024-05-16,Translation,4369,28,3.93,0.208,19565.0,4.5,243438.0,0.038,5.7
2024-05-16,Video Production,1690,24,4.17,0.142,9524.0,5.6,125947.0,0.0381,19.2
2024-05-16,Virtual Assistant,5145,61,3.8,0.123,19119.0,3.7,312658.0,0.0519,12.2
2024-05-16,Web Development,3598,19,4.32,0.17,18611.0,5.2,307623.0,0.052,3.7
2024-05-17,AI/ML Development,2162,12,4.45,0.157,11591.0,5.4,204240.0,0.0502,6.1
2024-05-17,Content Writing,7433,22,4.0,0.198,34625.0,4.7,584718.0,0.0384,2.8
2024-05-17,Data Analysis,2708,19,4.33,0.175,12456.0,4.6,150503.0,0.066,6.9
2024-05-17,Financial Modeling,1078,5,4.46,0.143,5539.0,5.1,75470.0,0.0351,7.3
2024-05-17,Graphic Design,5116,22,4.05,0.155,26303.0,5.1,355462.0,0.0274,20.6
2024-05-17,Legal Consulting,696,7,4.59,0.149,3899.0,5.6,54888.0,0.0316,6.0
2024-05-17,Mobile App,2233,10,4.2,0.099,9593.0,4.3,137604.0,0.0528,3.3
2024-05-17,Music Production,1247,12,3.84,0.119,5538.0,4.4,87425.0,0.0431,4.7
2024-05-17,Photography,1895,12,4.11,0.128,8424.0,4.4,115953.0,0.0444,4.6
2024-05-17,SEO/SEM,2546,38,3.99,0.136,12653.0,5.0,202022.0,0.0417,5.4
2024-05-17,Social Media Management,3844,41,3.82,0.132,19443.0,5.1,341198.0,0.0428,9.9
2024-05-17,Translation,4120,15,3.96,0.113,20361.0,4.9,256804.0,0.0573,6.3
2024-05-17,Video Production,1435,12,4.29,0.139,7523.0,5.2,135027.0,0.0492,29.0
2024-05-17,Virtual Assistant,4851,19,3.85,0.161,23801.0,4.9,388524.0,0.0453,13.9
2024-05-17,Web Development,4083,43,4.4,0.144,21196.0,5.2,296064.0,0.0589,11.5
2024-05-18,AI/ML Development,2177,11,4.47,0.179,9039.0,4.2,149454.0,0.0424,3.4
2024-05-18,Content Writing,7677,48,4.02,0.153,28183.0,3.7,376934.0,0.0432,5.1
2024-05-18,Data Analysis,3344,15,4.36,0.178,11043.0,3.3,151144.0,0.0399,10.2
2024-05-18,Financial Modeling,947,3,4.52,0.146,3636.0,3.8,46141.0,0.0497,5.1
2024-05-18,Graphic Design,5467,30,4.13,0.143,20144.0,3.7,322589.0,0.0419,8.6
2024-05-18,Legal Consulting,715,6,4.69,0.207,2621.0,3.7,38433.0,0.0382,8.3
2024-05-18,Mobile App,1930,10,4.08,0.201,5097.0,2.6,71697.0,0.0358,4.5
2024-05-18,Music Production,1251,10,3.91,0.171,4021.0,3.2,49794.0,0.0514,12.4
2024-05-18,Photography,2062,12,4.07,0.121,6354.0,3.1,103874.0,0.0456,20.0
2024-05-18,SEO/SEM,2320,27,3.93,0.167,6473.0,2.8,112583.0,0.0398,4.0
2024-05-18,Social Media Management,3173,18,3.8,0.089,7726.0,2.4,129841.0,0.031,8.7
2024-05-18,Translation,4802,32,3.92,0.089,16433.0,3.4,234459.0,0.0606,4.5
2024-05-18,Video Production,1643,10,4.19,0.122,4651.0,2.8,65310.0,0.0435,4.5
2024-05-18,Virtual Assistant,4354,32,3.7,0.13,13464.0,3.1,181987.0,0.0455,2.6
2024-05-18,Web Development,3941,46,4.21,0.177,13214.0,3.4,231011.0,0.0344,4.0
2024-05-19,AI/ML Development,1951,15,4.34,0.112,7379.0,3.8,118157.0,0.0517,9.7
2024-05-19,Content Writing,7144,74,3.99,0.143,17065.0,2.4,291974.0,0.0502,14.1
2024-05-19,Data Analysis,2791,16,4.25,0.111,8440.0,3.0,132532.0,0.0466,5.7
2024-05-19,Financial Modeling,887,13,4.47,0.166,2561.0,2.9,32654.0,0.0416,6.7
2024-05-19,Graphic Design,5542,57,4.14,0.12,17256.0,3.1,256684.0,0.0489,4.6
2024-05-19,Legal Consulting,648,2,4.65,0.154,2451.0,3.8,30917.0,0.0505,1.7
2024-05-19,Mobile App,2077,15,4.16,0.133,5931.0,2.9,100273.0,0.0555,10.8
2024-05-19,Music Production,1440,4,3.95,0.125,3963.0,2.8,69262.0,0.0437,5.9
2024-05-19,Photography,1868,12,4.16,0.108,6377.0,3.4,108458.0,0.0508,14.4
2024-05-19,SEO/SEM,2163,18,4.04,0.118,6177.0,2.9,100637.0,0.0535,9.7
2024-05-19,Social Media Management,3412,32,3.85,0.14,10512.0,3.1,179665.0,0.0356,6.8
2024-05-19,Translation,4300,73,3.96,0.069,14778.0,3.4,226409.0,0.0407,11.4
2024-05-19,Video Production,1714,31,4.24,0.165,5641.0,3.3,82176.0,0.0412,7.1
2024-05-19,Virtual Assistant,4653,73,3.87,0.181,12846.0,2.8,168292.0,0.0493,4.0
2024-05-19,Web Development,3445,25,4.34,0.153,12944.0,3.8,160900.0,0.0501,7.1
2024-05-20,AI/ML Development,1879,26,4.27,0.151,12554.0,6.7,220078.0,0.0388,5.1
2024-05-20,Content Writing,6652,27,4.1,0.143,44051.0,6.6,542630.0,0.039,2.4
2024-05-20,Data Analysis,2761,29,4.29,0.15,18185.0,6.6,303699.0,0.0424,7.2
2024-05-20,Financial Modeling,986,16,4.51,0.118,7141.0,7.2,92185.0,0.0414,4.1
2024-05-20,Graphic Design,4986,10,4.06,0.138,32575.0,6.5,494757.0,0.0373,6.3
2024-05-20,Legal Consulting,650,3,4.61,0.163,3473.0,5.3,52555.0,0.0597,5.4
2024-05-20,Mobile App,2302,11,4.3,0.163,14102.0,6.1,225594.0,0.0436,10.0
2024-05-20,Music Production,1396,15,3.91,0.173,7613.0,5.5,119731.0,0.0472,8.0
2024-05-20,Photography,1939,8,4.2,0.205,12576.0,6.5,210611.0,0.0451,12.1
2024-05-20,SEO/SEM,2311,11,3.93,0.164,13810.0,6.0,187901.0,0.0439,13.8
2024-05-20,Social Media Management,3615,17,3.8,0.151,17813.0,4.9,233845.0,0.0544,11.1
2024-05-20,Translation,4055,27,3.82,0.146,24092.0,5.9,323997.0,0.0357,4.1
2024-05-20,Video Production,1449,4,4.24,0.102,9878.0,6.8,152657.0,0.0418,8.4
2024-05-20,Virtual Assistant,4886,50,3.77,0.16,23941.0,4.9,334604.0,0.0485,7.5
2024-05-20,Web Development,3360,19,4.26,0.126,21879.0,6.5,341734.0,0.0444,2.0
2024-05-21,AI/ML Development,2100,15,4.37,0.13,12743.0,6.1,219888.0,0.0468,6.9
2024-05-21,Content Writing,7151,72,3.99,0.138,38773.0,5.4,687684.0,0.0201,5.9
2024-05-21,Data Analysis,3306,35,4.33,0.182,22594.0,6.8,401192.0,0.043,6.7
2024-05-21,Financial Modeling,1093,8,4.59,0.167,6058.0,5.5,83239.0,0.0412,12.5
2024-05-21,Graphic Design,5017,51,4.12,0.085,27002.0,5.4,428950.0,0.0505,11.3
2024-05-21,Legal Consulting,658,2,4.58,0.148,4107.0,6.2,60479.0,0.0618,2.8
2024-05-21,Mobile App,1993,10,4.22,0.166,11962.0,6.0,157232.0,0.0455,17.8
2024-05-21,Music Production,1266,4,3.93,0.159,5996.0,4.7,99617.0,0.0633,14.6
2024-05-21,Photography,2249,6,4.13,0.144,14683.0,6.5,189726.0,0.0488,1.9
2024-05-21,SEO/SEM,2682,24,3.96,0.114,16573.0,6.2,266892.0,0.0421,5.3
2024-05-21,Social Media Management,3650,25,3.68,0.197,21710.0,5.9,339235.0,0.0491,25.1
2024-05-21,Translation,3973,26,3.99,0.101,18241.0,4.6,260991.0,0.0433,22.7
2024-05-21,Video Production,1526,10,4.27,0.215,7410.0,4.9,115464.0,0.0409,6.2
2024-05-21,Virtual Assistant,4731,24,3.94,0.134,23501.0,5.0,351483.0,0.0609,2.8
2024-05-21,Web Development,3423,48,4.35,0.163,22502.0,6.6,345501.0,0.045,9.8
2024-05-22,AI/ML Development,1945,20,4.47,0.178,9478.0,4.9,154505.0,0.0438,15.0
2024-05-22,Content Writing,8058,61,3.92,0.09,36943.0,4.6,623821.0,0.0531,3.8
2024-05-22,Data Analysis,3068,14,4.32,0.154,19223.0,6.3,289202.0,0.0356,3.6
2024-05-22,Financial Modeling,961,10,4.47,0.103,4677.0,4.9,67007.0,0.0519,2.8
2024-05-22,Graphic Design,5187,26,4.14,0.139,31339.0,6.0,517983.0,0.0476,17.2
2024-05-22,Legal Consulting,722,10,4.63,0.074,4717.0,6.5,74110.0,0.0475,21.0
2024-05-22,Mobile App,2315,14,4.13,0.161,12786.0,5.5,217743.0,0.0431,18.7
2024-05-22,Music Production,1461,11,4.03,0.17,6967.0,4.8,101422.0,0.0497,7.4
2024-05-22,Photography,2053,18,4.17,0.191,12628.0,6.2,219074.0,0.0408,2.3
2024-05-22,SEO/SEM,2150,28,3.9,0.127,9841.0,4.6,162934.0,0.045,7.2
2024-05-22,Social Media Management,3377,23,3.72,0.19,18177.0,5.4,286166.0,0.0442,4.1
2024-05-22,Translation,4331,42,3.89,0.104,19063.0,4.4,264191.0,0.0515,6.5
2024-05-22,Video Production,1675,12,4.19,0.155,11329.0,6.8,178554.0,0.044,4.0
2024-05-22,Virtual Assistant,4398,30,3.75,0.147,21762.0,4.9,299838.0,0.0501,27.2
2024-05-22,Web Development,3552,37,4.24,0.143,18474.0,5.2,271369.0,0.0408,2.5
2024-05-23,AI/ML Development,1753,16,4.45,0.14,7201.0,4.1,92744.0,0.0423,6.9
2024-05-23,Content Writing,7882,23,4.06,0.177,36241.0,4.6,556164.0,0.0448,23.3
2024-05-23,Data Analysis,2818,10,4.24,0.168,12186.0,4.3,201494.0,0.0464,1.8
2024-05-23,Financial Modeling,928,5,4.49,0.135,5283.0,5.7,63941.0,0.0408,8.7
2024-05-23,Graphic Design,6071,37,4.01,0.156,32114.0,5.3,518253.0,0.0359,10.2
2024-05-23,Legal Consulting,729,2,4.84,0.133,3766.0,5.2,57629.0,0.0428,8.8
2024-05-23,Mobile App,2177,9,4.25,0.172,9902.0,4.5,151824.0,0.0627,15.7
2024-05-23,Music Production,1290,10,3.96,0.183,4951.0,3.8,64101.0,0.048,10.6
2024-05-23,Photography,2235,9,4.18,0.153,11114.0,5.0,171870.0,0.0443,9.8
2024-05-23,SEO/SEM,2450,15,4.02,0.166,11156.0,4.6,179043.0,0.0364,5.1
2024-05-23,Social Media Management,3122,13,3.86,0.114,12000.0,3.8,168789.0,0.0496,46.4
2024-05-23,Translation,4323,17,3.98,0.161,17603.0,4.1,235429.0,0.0634,16.7
2024-05-23,Video Production,1592,4,4.3,0.12,9007.0,5.7,148274.0,0.0414,11.9
2024-05-23,Virtual Assistant,4378,56,3.85,0.162,20628.0,4.7,292837.0,0.0466,2.5
2024-05-23,Web Development,3845,16,4.29,0.133,18634.0,4.8,240397.0,0.04,3.9
2024-05-24,AI/ML Development,2045,12,4.27,0.112,9040.0,4.4,131810.0,0.0525,7.3
2024-05-24,Content Writing,8063,33,4.01,0.133,29588.0,3.7,452986.0,0.0491,15.5
2024-05-24,Data Analysis,3130,11,4.31,0.102,14994.0,4.8,225294.0,0.0464,13.2
2024-05-24,Financial Modeling,941,4,4.46,0.176,4259.0,4.5,75616.0,0.0429,5.9
2024-05-24,Graphic Design,5968,21,3.98,0.135,28177.0,4.7,492257.0,0.0525,3.0
2024-05-24,Legal Consulting,772,5,4.54,0.164,4670.0,6.0,66880.0,0.0414,6.5
2024-05-24,Mobile App,1980,6,4.33,0.118,11078.0,5.6,196175.0,0.0515,16.7
2024-05-24,Music Production,1400,7,3.86,0.215,4996.0,3.6,81154.0,0.057,27.2
2024-05-24,Photography,2127,25,4.07,0.143,9242.0,4.3,154048.0,0.0375,3.0
2024-05-24,SEO/SEM,2268,23,3.96,0.139,8177.0,3.6,134683.0,0.032,7.3
2024-05-24,Social Media Management,3150,59,3.77,0.132,13785.0,4.4,239927.0,0.0573,17.3
2024-05-24,Translation,4642,39,3.96,0.096,24244.0,5.2,360867.0,0.0433,5.8
2024-05-24,Video Production,1771,4,4.24,0.181,9563.0,5.4,121243.0,0.0553,15.3
2024-05-24,Virtual Assistant,4668,28,3.81,0.153,19258.0,4.1,282968.0,0.043,7.3
2024-05-24,Web Development,3652,28,4.36,0.164,19155.0,5.2,310657.0,0.0556,6.7
2024-05-25,AI/ML Development,2162,18,4.44,0.12,6487.0,3.0,87303.0,0.0395,14.6
2024-05-25,Content Writing,8265,73,4.03,0.21,27419.0,3.3,488713.0,0.0468,5.6
2024-05-25,Data Analysis,2763,34,4.23,0.162,10683.0,3.9,149086.0,0.0352,11.7
2024-05-25,Financial Modeling,890,10,4.56,0.132,3537.0,4.0,58496.0,0.0372,3.4
2024-05-25,Graphic Design,5145,36,4.06,0.185,14409.0,2.8,192298.0,0.0561,12.7
2024-05-25,Legal Consulting,681,6,4.64,0.179,2414.0,3.5,40478.0,0.0412,13.2
2024-05-25,Mobile App,2106,7,4.21,0.152,6088.0,2.9,107570.0,0.0439,11.9
2024-05-25,Music Production,1447,8,4.01,0.121,5013.0,3.5,86685.0,0.0392,3.9
2024-05-25,Photography,2080,17,4.15,0.205,5971.0,2.9,93389.0,0.0535,4.7
2024-05-25,SEO/SEM,2245,16,3.97,0.109,8311.0,3.7,139502.0,0.0433,13.7
2024-05-25,Social Media Management,3293,33,3.86,0.189,10876.0,3.3,175431.0,0.0468,8.9
2024-05-25,Translation,4123,13,3.86,0.184,12882.0,3.1,192344.0,0.0404,9.7
2024-05-25,Video Production,1669,3,4.24,0.139,5624.0,3.4,82352.0,0.0494,2.3
2024-05-25,Virtual Assistant,5346,20,3.78,0.14,17489.0,3.3,257516.0,0.0415,3.0
2024-05-25,Web Development,3442,43,4.19,0.103,9551.0,2.8,133463.0,0.0385,3.7
2024-05-26,AI/ML Development,1951,12,4.42,0.119,7289.0,3.7,96287.0,0.0519,2.3
2024-05-26,Content Writing,7562,41,3.94,0.111,21819.0,2.9,293415.0,0.0344,19.7
2024-05-26,Data Analysis,2710,9,4.26,0.15,7829.0,2.9,112585.0,0.0421,5.4
2024-05-26,Financial Modeling,1089,6,4.48,0.186,3111.0,2.9,45996.0,0.0507,7.6
2024-05-26,Graphic Design,5297,61,4.12,0.146,16799.0,3.2,204804.0,0.0409,14.3
2024-05-26,Legal Consulting,636,7,4.61,0.201,2217.0,3.5,32729.0,0.0502,9.3
2024-05-26,Mobile App,2258,12,4.18,0.145,5956.0,2.6,81980.0,0.0398,10.3
2024-05-26,Music Production,1222,12,3.9,0.172,3988.0,3.3,63989.0,0.0468,12.5
2024-05-26,Photography,2197,32,4.07,0.148,7565.0,3.4,100242.0,0.0549,2.7
2024-05-26,SEO/SEM,2718,68,4.09,0.138,8119.0,3.0,145260.0,0.0291,15.0
2024-05-26,Social Media Management,3217,15,3.79,0.122,7856.0,2.4,121677.0,0.049,9.8
2024-05-26,Translation,3954,133,3.82,0.105,10130.0,2.6,129264.0,0.0575,4.3
2024-05-26,Video Production,1734,14,4.25,0.092,4410.0,2.5,53075.0,0.0354,22.1
2024-05-26,Virtual Assistant,5106,36,3.86,0.189,16665.0,3.3,203300.0,0.0479,18.5
2024-05-26,Web Development,3398,18,4.38,0.181,10313.0,3.0,146968.0,0.057,4.8
2024-05-27,AI/ML Development,1772,9,4.36,0.141,10162.0,5.7,122010.0,0.0539,11.1
2024-05-27,Content Writing,7302,157,4.07,0.18,44506.0,6.1,707845.0,0.0446,15.1
2024-05-27,Data Analysis,2802,12,4.32,0.13,14548.0,5.2,245564.0,0.0277,11.9
2024-05-27,Financial Modeling,992,3,4.49,0.135,7022.0,7.1,112672.0,0.0407,4.8
2024-05-27,Graphic Design,5658,26,4.16,0.096,34304.0,6.1,446826.0,0.0446,8.8
2024-05-27,Legal Consulting,686,6,4.56,0.168,4195.0,6.1,66932.0,0.0427,4.3
2024-05-27,Mobile App,2402,16,4.26,0.169,11540.0,4.8,205082.0,0.038,48.9
2024-05-27,Music Production,1345,5,4.0,0.184,8546.0,6.4,146060.0,0.0476,12.4
2024-05-27,Photography,1937,16,4.11,0.112,8846.0,4.6,126043.0,0.0412,11.4
2024-05-27,SEO/SEM,2641,74,4.01,0.132,12376.0,4.7,187687.0,0.0543,6.9
2024-05-27,Social Media Management,3741,17,3.78,0.208,15997.0,4.3,276968.0,0.0496,6.9
2024-05-27,Translation,4701,15,3.96,0.13,26612.0,5.7,359931.0,0.0427,1.7
2024-05-27,Video Production,1575,10,4.21,0.203,9474.0,6.0,165926.0,0.0484,25.4
2024-05-27,Virtual Assistant,5278,54,3.83,0.18,22092.0,4.2,369295.0,0.0476,3.2
2024-05-27,Web Development,3499,9,4.33,0.145,22650.0,6.5,294464.0,0.0472,18.0
2024-05-28,AI/ML Development,2165,13,4.36,0.123,11939.0,5.5,172495.0,0.044,6.3
2024-05-28,Content Writing,8228,63,4.0,0.147,38612.0,4.7,527460.0,0.041,16.3
2024-05-28,Data Analysis,3313,24,4.36,0.196,20124.0,6.1,,0.0421,4.1
2024-05-28,Financial Modeling,922,5,4.56,0.152,6763.0,7.3,83290.0,0.0394,7.5
2024-05-28,Graphic Design,5459,65,4.13,0.19,35428.0,6.5,504028.0,0.0434,8.4
2024-05-28,Legal Consulting,756,6,4.51,0.146,4460.0,5.9,58633.0,0.0521,11.1
2024-05-28,Mobile App,2340,36,4.19,0.151,,5.0,181330.0,0.0625,14.1
2024-05-28,Music Production,1328,11,4.0,0.216,6500.0,4.9,102967.0,0.0554,7.3
2024-05-28,Photography,1942,8,4.15,0.08,10699.0,5.5,157988.0,0.0563,8.9
2024-05-28,SEO/SEM,2366,7,4.03,0.136,10687.0,4.5,165283.0,0.0372,10.7
2024-05-28,Social Media Management,3498,22,3.81,0.142,18264.0,5.2,284357.0,0.0506,17.1
2024-05-28,Translation,4321,54,3.91,0.117,19584.0,4.5,236726.0,0.0502,11.2
2024-05-28,Video Production,1622,5,4.25,0.174,10258.0,6.3,143250.0,0.0403,10.4
2024-05-28,Virtual Assistant,4831,37,3.68,0.18,24561.0,5.1,394657.0,0.0506,6.3
2024-05-28,Web Development,3420,22,4.31,0.14,20134.0,5.9,339403.0,0.0456,4.9
2024-05-29,AI/ML Development,2200,5,4.41,0.138,13521.0,6.1,173376.0,0.0469,15.8
2024-05-29,Content Writing,7671,29,3.82,0.17,34333.0,4.5,491820.0,0.0483,14.1
2024-05-29,Data Analysis,2661,17,4.24,0.175,13886.0,5.2,240762.0,0.0435,10.0
2024-05-29,Financial Modeling,883,5,4.52,0.128,4741.0,5.4,73743.0,0.0403,13.2
2024-05-29,Graphic Design,6165,56,4.05,0.145,35784.0,5.8,624596.0,0.0403,22.4
2024-05-29,Legal Consulting,633,2,4.56,0.205,3553.0,5.6,60043.0,0.0402,2.5
2024-05-29,Mobile App,2356,32,4.22,0.131,15678.0,6.7,201391.0,0.0482,3.3
2024-05-29,Music Production,1305,5,3.94,0.125,7544.0,5.8,113913.0,0.0502,8.8
2024-05-29,Photography,2293,7,4.24,0.152,10852.0,4.7,150000.0,0.0363,14.6
2024-05-29,SEO/SEM,2196,30,4.06,0.178,13022.0,5.9,231335.0,0.0267,4.7
2024-05-29,Social Media Management,3705,10,3.74,0.108,17480.0,4.7,254654.0,0.0487,6.3
2024-05-29,Translation,4504,46,3.88,0.184,21435.0,4.8,337194.0,0.047,12.3
2024-05-29,Video Production,1667,8,4.28,0.152,9062.0,5.4,109227.0,0.042,12.8
2024-05-29,Virtual Assistant,5281,14,3.77,0.131,25474.0,4.8,342013.0,0.0516,2.1
2024-05-29,Web Development,3811,16,4.26,0.173,19153.0,5.0,337518.0,0.0301,24.2
2024-05-30,AI/ML Development,2096,14,4.42,0.127,9858.0,4.7,129678.0,0.0495,3.1
2024-05-30,Content Writing,7944,91,4.05,0.121,39417.0,5.0,527468.0,0.0306,10.5
2024-05-30,Data Analysis,2751,26,4.4,0.114,16220.0,5.9,241296.0,0.0501,7.3
2024-05-30,Financial Modeling,983,4,4.58,0.107,5522.0,5.6,67632.0,0.0353,19.0
2024-05-30,Graphic Design,6111,41,4.09,0.153,27380.0,4.5,377808.0,0.0263,7.8
2024-05-30,Legal Consulting,766,7,4.59,0.186,3803.0,5.0,47452.0,0.0423,4.7
2024-05-30,Mobile App,2093,16,4.2,0.091,9048.0,4.3,147489.0,0.0491,3.5
2024-05-30,Music Production,1499,16,3.93,0.149,6636.0,4.4,93255.0,0.0439,49.3
2024-05-30,Photography,1853,8,4.1,0.149,9547.0,5.2,145279.0,0.0483,18.6
2024-05-30,SEO/SEM,2651,25,4.05,0.184,13569.0,5.1,207896.0,0.0449,2.9
2024-05-30,Social Media Management,3600,24,3.78,0.135,12758.0,3.5,222854.0,0.0357,11.4
2024-05-30,Translation,4668,23,4.01,0.153,20954.0,4.5,331101.0,0.0482,5.2
2024-05-30,Video Production,1641,11,4.04,0.103,6613.0,4.0,117860.0,0.0375,3.8
2024-05-30,Virtual Assistant,5295,40,3.76,0.139,18196.0,3.4,298689.0,0.0554,18.9
2024-05-30,Web Development,3648,10,4.35,0.181,19168.0,5.3,290437.0,0.05,7.9
2024-05-31,AI/ML Development,1934,16,4.45,0.152,9680.0,5.0,156018.0,0.0419,4.2
2024-05-31,Content Writing,7557,43,4.12,0.196,37491.0,5.0,504916.0,0.028,5.7
2024-05-31,Data Analysis,2895,60,4.27,0.124,15152.0,5.2,183947.0,0.0398,5.3
2024-05-31,Financial Modeling,993,6,4.53,0.158,5279.0,5.3,65762.0,0.0484,3.6
2024-05-31,Graphic Design,5451,62,4.08,0.137,22513.0,4.1,283396.0,0.0331,3.6
2024-05-31,Legal Consulting,711,3,4.59,0.203,3008.0,4.2,53553.0,0.0348,0.5
2024-05-31,Mobile App,2369,12,4.24,0.197,12256.0,5.2,206864.0,0.0417,4.9
2024-05-31,Music Production,1228,11,3.75,0.137,5757.0,4.7,78544.0,0.0249,5.9
2024-05-31,Photography,2023,14,3.99,0.154,9253.0,4.6,160005.0,0.0535,7.5
2024-05-31,SEO/SEM,2241,15,4.06,0.193,8368.0,3.7,148168.0,0.0503,2.2
2024-05-31,Social Media Management,3159,13,3.91,0.132,11515.0,3.6,170250.0,0.0516,10.1
2024-05-31,Translation,4251,73,3.87,0.17,17669.0,4.2,212814.0,0.0237,19.8
2024-05-31,Video Production,1537,5,4.19,0.144,6257.0,4.1,101398.0,0.0521,14.7
2024-05-31,Virtual Assistant,5147,25,3.75,0.174,22239.0,4.3,363768.0,0.0406,8.8
2024-05-31,Web Development,3654,16,4.42,0.194,15751.0,4.3,276051.0,0.0418,4.6
2024-06-01,AI/ML Development,1735,27,4.42,0.129,5353.0,3.1,82101.0,0.0468,4.1
2024-06-01,Content Writing,8058,84,3.97,0.189,25804.0,3.2,414572.0,0.0431,26.5
2024-06-01,Data Analysis,3011,86,4.42,0.189,9987.0,3.3,165669.0,0.0268,1.2
2024-06-01,Financial Modeling,930,5,4.54,0.141,3036.0,3.3,46774.0,0.039,9.1
2024-06-01,Graphic Design,5778,33,4.11,0.127,19359.0,3.4,251284.0,0.036,12.2
2024-06-01,Legal Consulting,666,3,4.67,0.136,2003.0,3.0,33314.0,0.042,12.7
2024-06-01,Mobile App,1965,12,4.19,0.134,5723.0,2.9,93471.0,0.0393,4.4
2024-06-01,Music Production,1534,10,4.0,0.137,4615.0,3.0,80743.0,0.031,5.8
2024-06-01,Photography,1910,8,4.18,0.184,6150.0,3.2,89772.0,0.0354,2.5
2024-06-01,SEO/SEM,2266,23,4.01,0.171,5895.0,2.6,95977.0,0.0471,11.5
2024-06-01,Social Media Management,3800,45,3.89,0.116,10715.0,2.8,148768.0,0.044,12.4
2024-06-01,Translation,4875,70,3.86,0.155,17491.0,3.6,211884.0,0.0297,7.1
2024-06-01,Video Production,1688,6,4.17,0.148,5903.0,3.5,103131.0,0.0411,6.1
2024-06-01,Virtual Assistant,5064,26,3.77,0.142,13464.0,2.7,224433.0,0.0344,8.3
2024-06-01,Web Development,3503,8,4.36,0.103,10397.0,3.0,184025.0,0.0566,28.1
2024-06-02,AI/ML Development,1942,10,4.37,0.158,6110.0,3.1,78826.0,0.0472,12.1
2024-06-02,Content Writing,8091,45,4.01,0.2,24406.0,3.0,421742.0,0.0341,3.6
2024-06-02,Data Analysis,2748,31,4.42,0.139,10294.0,3.7,185198.0,0.0396,9.6
2024-06-02,Financial Modeling,1045,5,4.54,0.14,4054.0,3.9,49760.0,0.0306,6.6
2024-06-02,Graphic Design,5103,46,4.02,0.163,12355.0,2.4,210767.0,0.049,6.6
2024-06-02,Legal Consulting,641,10,4.64,0.133,2095.0,3.3,25654.0,0.0327,7.9
2024-06-02,Mobile App,1992,12,4.21,0.146,6768.0,3.4,93267.0,0.0389,12.4
2024-06-02,Music Production,1299,14,3.92,0.089,3055.0,2.4,42201.0,0.0547,7.1
2024-06-02,Photography,1848,21,4.02,0.114,6009.0,3.3,72162.0,0.0521,13.1
2024-06-02,SEO/SEM,2694,13,4.05,0.147,6979.0,2.6,87586.0,0.0423,13.4
2024-06-02,Social Media Management,3768,33,3.95,0.176,11959.0,3.2,179647.0,0.0511,3.2
2024-06-02,Translation,4610,15,3.86,0.17,13992.0,3.0,224803.0,0.042,2.3
2024-06-02,Video Production,1636,10,4.26,0.121,5205.0,3.2,72702.0,0.0453,9.1
2024-06-02,Virtual Assistant,4464,43,3.86,0.163,12886.0,2.9,164482.0,0.0385,9.7
2024-06-02,Web Development,3401,19,4.39,0.151,13021.0,3.8,189766.0,0.0453,6.5
2024-06-03,AI/ML Development,2135,18,4.45,0.168,11698.0,5.5,196419.0,0.0424,6.4
2024-06-03,Content Writing,7517,50,4.0,0.187,46238.0,6.2,771094.0,0.0432,7.8
2024-06-03,Data Analysis,3225,15,4.25,0.14,15882.0,4.9,230300.0,0.0532,6.5
2024-06-03,Financial Modeling,947,6,4.52,0.224,4836.0,5.1,76050.0,0.0442,4.3
2024-06-03,Graphic Design,5370,63,4.08,0.12,32552.0,6.1,532320.0,0.0553,7.0
2024-06-03,Legal Consulting,712,1,4.57,0.19,4785.0,6.7,82530.0,0.0524,5.4
2024-06-03,Mobile App,2331,11,4.21,0.119,11007.0,4.7,170208.0,0.0375,6.9
2024-06-03,Music Production,1245,11,3.98,0.124,6343.0,5.1,79329.0,0.0494,2.7
2024-06-03,Photography,1849,8,4.1,0.182,9880.0,5.3,149361.0,0.0363,6.1
2024-06-03,SEO/SEM,2433,9,4.13,0.157,12264.0,5.0,150918.0,0.0465,16.8
2024-06-03,Social Media Management,3466,22,3.83,0.131,20605.0,5.9,297870.0,0.0587,11.3
2024-06-03,Translation,4639,42,3.87,0.102,20197.0,4.4,311254.0,0.049,4.4
2024-06-03,Video Production,1806,8,4.2,0.145,10992.0,6.1,132955.0,0.0367,4.5
2024-06-03,Virtual Assistant,5103,28,3.82,0.119,26019.0,5.1,373576.0,0.0423,2.2
2024-06-03,Web Development,4124,20,4.36,0.152,27917.0,6.8,341798.0,0.0552,9.1
2024-06-04,AI/ML Development,2038,14,4.37,0.161,11268.0,5.5,162938.0,0.0341,2.0
2024-06-04,Content Writing,8150,46,3.88,0.178,36344.0,4.5,615607.0,0.0454,2.8
2024-06-04,Data Analysis,2733,10,4.35,0.155,13747.0,5.0,211077.0,0.0461,15.7
2024-06-04,Financial Modeling,885,4,4.54,0.152,4589.0,5.2,70641.0,0.0294,3.2
2024-06-04,Graphic Design,6134,34,3.97,0.173,33935.0,5.5,549974.0,0.0477,33.3
2024-06-04,Legal Consulting,762,5,4.68,0.208,4065.0,5.3,56747.0,0.0465,3.1
2024-06-04,Mobile App,2461,32,4.26,0.143,14945.0,6.1,246051.0,0.0423,5.3
2024-06-04,Music Production,1382,5,3.91,0.111,6662.0,4.8,112329.0,0.0561,2.4
2024-06-04,Photography,2161,22,4.22,0.136,13340.0,6.2,184063.0,0.0394,19.2
2024-06-04,SEO/SEM,2261,29,4.02,0.168,10489.0,4.6,154934.0,0.0405,3.9
2024-06-04,Social Media Management,3342,18,3.88,0.127,14768.0,4.4,243801.0,0.0487,11.8
2024-06-04,Translation,4553,31,3.9,0.158,28519.0,6.3,343762.0,0.0496,6.1
2024-06-04,Video Production,1746,13,4.23,0.163,11783.0,6.7,164600.0,0.0395,2.3
2024-06-04,Virtual Assistant,4552,29,3.8,0.153,23514.0,5.2,416222.0,0.0529,24.5
2024-06-04,Web Development,3914,27,4.4,0.106,23119.0,5.9,404868.0,0.0448,14.1
2024-06-05,AI/ML Development,1965,11,4.41,0.161,9745.0,5.0,119863.0,0.045,28.2
2024-06-05,Content Writing,7331,41,3.97,0.171,42191.0,5.8,666848.0,0.0402,3.9
2024-06-05,Data Analysis,2860,17,4.33,0.127,16685.0,5.8,260389.0,0.0453,6.5
2024-06-05,Financial Modeling,890,4,4.54,0.156,5965.0,6.7,82967.0,0.0436,3.9
2024-06-05,Graphic Design,5795,45,4.14,0.217,36880.0,6.4,525278.0,0.0422,6.1
2024-06-05,Legal Consulting,632,4,4.61,0.117,3712.0,5.9,62291.0,0.0407,9.7
2024-06-05,Mobile App,2127,10,4.23,0.208,13583.0,6.4,188019.0,0.0325,17.2
2024-06-05,Music Production,1420,8,3.93,0.121,7501.0,5.3,134082.0,0.0566,16.4
2024-06-05,Photography,1888,20,4.23,0.125,11596.0,6.1,154135.0,0.0401,3.8
2024-06-05,SEO/SEM,2545,51,3.97,0.126,13541.0,5.3,242973.0,0.0486,4.8
2024-06-05,Social Media Management,3682,14,3.79,0.075,16373.0,4.4,256248.0,0.0273,15.2
2024-06-05,Translation,4277,41,3.92,0.168,23827.0,5.6,412037.0,0.0428,7.4
2024-06-05,Video Production,1480,3,4.2,0.135,7672.0,5.2,115132.0,0.0428,18.7
2024-06-05,Virtual Assistant,5058,75,3.89,0.166,24678.0,4.9,389786.0,0.0507,5.1
2024-06-05,Web Development,3828,49,4.3,0.126,18791.0,4.9,338112.0,0.0408,11.1
2024-06-06,AI/ML Development,1993,13,4.4,0.151,10841.0,5.4,181010.0,0.0352,12.6
2024-06-06,Content Writing,6706,32,4.03,0.097,29658.0,4.4,408873.0,0.0345,12.5
2024-06-06,Data Analysis,2776,43,4.35,0.136,13973.0,5.0,215915.0,0.0555,6.4
2024-06-06,Financial Modeling,1051,5,4.52,0.155,4716.0,4.5,78033.0,0.0506,4.4
2024-06-06,Graphic Design,5528,26,4.06,0.127,21834.0,3.9,270781.0,0.0357,9.7
2024-06-06,Legal Consulting,714,8,4.73,0.175,4180.0,5.9,57177.0,0.0499,24.4
2024-06-06,Mobile App,2216,10,4.25,0.184,11871.0,5.4,167533.0,0.0324,2.8
2024-06-06,Music Production,1356,14,3.95,0.149,6067.0,4.5,86160.0,0.0508,9.4
2024-06-06,Photography,1939,16,4.0,0.147,9767.0,5.0,138465.0,0.0584,6.8
2024-06-06,SEO/SEM,-2,15,3.99,0.149,13373.0,5.4,164415.0,0.0417,3.4
2024-06-06,Social Media Management,3681,28,3.87,0.135,15514.0,4.2,188230.0,0.0373,3.3
2024-06-06,Translation,4274,33,3.96,0.152,20535.0,4.8,314608.0,0.043,4.7
2024-06-06,Video Production,1790,6,4.25,0.154,9078.0,5.1,162318.0,0.0484,3.3
2024-06-06,Virtual Assistant,4722,21,3.96,0.098,20146.0,4.3,287304.0,0.0373,22.0
2024-06-06,Web Development,3673,21,4.36,0.188,17352.0,4.7,288285.0,0.0451,8.8
2024-06-07,AI/ML Development,1768,14,4.41,0.074,9248.0,5.2,148042.0,0.0314,8.4
2024-06-07,Content Writing,8330,124,3.98,0.18,34522.0,4.1,610299.0,0.0376,5.7
2024-06-07,Data Analysis,2861,29,4.3,0.105,11846.0,4.1,153532.0,0.0483,10.5
2024-06-07,Financial Modeling,0,16,4.6,0.125,4719.0,5.0,79498.0,0.0395,11.6
2024-06-07,Graphic Design,6215,29,4.18,0.12,34702.0,5.6,470291.0,0.051,2.0
2024-06-07,Legal Consulting,739,8,4.65,0.145,3426.0,4.6,59752.0,0.0549,7.1
2024-06-07,Mobile App,2111,13,4.23,0.158,9833.0,4.7,141581.0,0.0552,8.2
2024-06-07,Music Production,1350,17,3.94,0.193,6070.0,4.5,76810.0,0.0416,4.5
2024-06-07,Photography,2188,4,4.1,0.142,9967.0,4.6,156861.0,0.0327,8.3
2024-06-07,SEO/SEM,2163,13,4.0,0.119,9824.0,4.5,131763.0,0.0418,26.4
2024-06-07,Social Media Management,3623,18,3.86,0.128,13419.0,3.7,210421.0,0.0455,0.8
2024-06-07,Translation,3993,19,3.84,0.169,19887.0,5.0,245775.0,0.0373,5.9
2024-06-07,Video Production,1670,14,4.29,0.134,7846.0,4.7,115255.0,0.0562,16.0
2024-06-07,Virtual Assistant,4384,34,3.81,0.098,20443.0,4.7,253667.0,0.0445,11.9
2024-06-07,Web Development,3325,16,4.35,0.197,17536.0,5.3,271804.0,0.0382,30.2
2024-06-08,AI/ML Development,2093,5,4.45,0.101,6528.0,3.1,98978.0,0.0543,5.4
2024-06-08,Content Writing,6731,39,3.99,0.187,19047.0,2.8,306235.0,0.0493,21.6
2024-06-08,Data Analysis,3143,20,4.28,0.141,12456.0,4.0,181043.0,0.0444,10.3
2024-06-08,Financial Modeling,909,8,4.38,0.132,2896.0,3.2,49365.0,0.0513,7.2
2024-06-08,Graphic Design,5569,77,4.16,0.149,15394.0,2.8,221342.0,0.0361,11.6
2024-06-08,Legal Consulting,714,3,4.72,0.147,2139.0,3.0,32878.0,0.0285,11.7
2024-06-08,Mobile App,2426,16,4.17,0.117,6936.0,2.9,110006.0,0.038,9.7
2024-06-08,Music Production,1374,10,3.81,0.175,3741.0,2.7,49362.0,0.0407,3.1
2024-06-08,Photography,2225,16,4.3,0.117,6350.0,2.9,81156.0,0.0347,6.4
2024-06-08,SEO/SEM,2672,5,4.02,0.135,8118.0,3.0,117687.0,0.0369,4.7
2024-06-08,Social Media Management,3555,30,3.86,0.121,9508.0,2.7,131098.0,0.0416,2.7
2024-06-08,Translation,4061,27,3.9,0.156,10041.0,2.5,143499.0,0.0455,13.7
2024-06-08,Video Production,1479,5,4.34,0.14,4958.0,3.4,84054.0,0.0311,18.4
2024-06-08,Virtual Assistant,5347,40,3.75,0.145,14696.0,2.7,,0.0546,17.0
2024-06-08,Web Development,4025,34,4.42,0.223,16469.0,4.1,258167.0,0.0392,8.2
2024-06-09,AI/ML Development,1967,8,4.38,0.205,5201.0,2.6,88423.0,0.0399,4.0
2024-06-09,Content Writing,6632,46,4.0,0.165,22349.0,3.4,280945.0,0.0287,15.5
2024-06-09,Data Analysis,2869,15,4.35,0.152,9220.0,3.2,148076.0,0.0386,5.0
2024-06-09,Financial Modeling,868,8,4.52,0.172,3410.0,3.9,50560.0,0.0436,10.5
2024-06-09,Graphic Design,5477,63,4.17,0.158,16862.0,3.1,221449.0,0.0397,4.1
2024-06-09,Legal Consulting,730,3,4.59,0.14,2919.0,4.0,37783.0,0.0374,17.1
2024-06-09,Mobile App,2348,11,4.32,0.12,7251.0,3.1,99061.0,0.0451,2.7
2024-06-09,Music Production,1253,6,3.9,0.192,3033.0,2.4,53858.0,0.0474,6.5
2024-06-09,Photography,2250,22,4.15,0.185,7748.0,3.4,113367.0,0.0413,10.0
2024-06-09,SEO/SEM,2498,33,3.97,0.129,6955.0,2.8,83837.0,0.045,6.4
2024-06-09,Social Media Management,3586,22,3.8,0.119,8197.0,2.3,106492.0,0.0381,5.7
2024-06-09,Translation,4224,43,3.94,0.086,9870.0,2.3,141242.0,0.0581,11.0
2024-06-09,Video Production,1772,5,4.13,0.154,4994.0,2.8,77989.0,0.0373,25.0
2024-06-09,Virtual Assistant,5321,41,3.74,0.177,16414.0,3.1,279319.0,0.0407,2.5
2024-06-09,Web Development,3816,10,4.46,0.181,11233.0,2.9,165725.0,0.0467,16.8
2024-06-10,AI/ML Development,2014,17,4.35,0.153,10502.0,5.2,156743.0,0.0469,5.7
2024-06-10,Content Writing,8384,85,3.97,0.131,37453.0,4.5,531546.0,0.0464,11.9
2024-06-10,Data Analysis,3296,15,4.35,0.171,20589.0,6.2,305303.0,0.0526,16.0
2024-06-10,Financial Modeling,1085,10,4.59,0.179,7690.0,7.1,137086.0,0.0496,7.2
2024-06-10,Graphic Design,5785,50,4.11,0.159,37876.0,6.5,674057.0,0.0433,5.6
2024-06-10,Legal Consulting,673,6,4.69,0.128,3920.0,5.8,49115.0,0.0406,5.4
2024-06-10,Mobile App,2103,11,4.16,0.204,11422.0,5.4,196072.0,0.0542,2.1
2024-06-10,Music Production,1415,26,3.82,0.211,7781.0,5.5,133511.0,0.0399,4.9
2024-06-10,Photography,1901,6,4.25,0.15,11594.0,6.1,196566.0,0.0424,6.1
2024-06-10,SEO/SEM,2711,25,3.98,0.139,12659.0,4.7,176802.0,0.0354,6.2
2024-06-10,Social Media Management,3097,23,3.9,0.193,16968.0,5.5,210745.0,0.0407,6.8
2024-06-10,Translation,4797,35,3.91,0.145,20604.0,4.3,359016.0,0.0358,14.7
2024-06-10,Video Production,1727,7,4.13,0.154,8490.0,4.9,131868.0,0.048,5.1
2024-06-10,Virtual Assistant,5232,41,3.86,0.121,22993.0,4.4,327729.0,0.0457,4.4
2024-06-10,Web Development,3277,48,4.37,0.223,19822.0,6.0,337127.0,0.0393,2.3
2024-06-11,AI/ML Development,1834,9,4.35,0.129,12592.0,6.9,165380.0,0.0501,15.4
2024-06-11,Content Writing,7858,41,4.02,0.148,49751.0,6.3,649410.0,0.0489,4.1
2024-06-11,Data Analysis,2674,7,4.36,0.17,18681.0,7.0,258893.0,0.0386,17.4
2024-06-11,Financial Modeling,1046,5,4.63,0.124,7817.0,7.5,95003.0,0.0346,17.6
2024-06-11,Graphic Design,5745,40,4.05,0.137,25579.0,4.5,356517.0,0.0557,18.1
2024-06-11,Legal Consulting,728,7,4.61,0.098,4804.0,6.6,79634.0,0.0413,11.5
2024-06-11,Mobile App,2319,24,4.21,0.16,12037.0,5.2,175256.0,0.0446,3.6
2024-06-11,Music Production,1509,25,3.98,0.149,8929.0,5.9,127695.0,0.0449,10.5
2024-06-11,Photography,1988,15,4.16,0.145,13129.0,6.6,223980.0,0.048,8.5
2024-06-11,SEO/SEM,2330,39,4.01,0.146,13030.0,5.6,204303.0,0.0468,36.5
2024-06-11,Social Media Management,3163,10,3.82,0.135,13145.0,4.2,200114.0,0.0453,15.5
2024-06-11,Translation,4247,21,3.75,0.159,17483.0,4.1,290265.0,0.0385,10.0
2024-06-11,Video Production,1438,10,4.18,0.162,8363.0,5.8,138710.0,0.0398,2.9
2024-06-11,Virtual Assistant,4652,24,3.72,0.148,22146.0,4.8,373291.0,0.035,35.8
2024-06-11,Web Development,4093,32,4.34,0.081,27641.0,6.8,432808.0,0.024,18.5
2024-06-12,AI/ML Development,1827,10,4.44,0.158,11963.0,6.5,200611.0,0.0314,14.3
2024-06-12,Content Writing,7978,80,3.99,0.144,50339.0,6.3,779761.0,0.0359,5.7
2024-06-12,Data Analysis,3290,27,4.36,0.194,17758.0,5.4,241681.0,0.0406,2.9
2024-06-12,Financial Modeling,913,7,4.46,0.138,4963.0,5.4,89261.0,0.0473,6.9
2024-06-12,Graphic Design,4996,22,4.07,0.167,26538.0,5.3,443885.0,0.0488,1.3
2024-06-12,Legal Consulting,644,3,4.53,0.157,3528.0,5.5,56035.0,0.0501,5.5
2024-06-12,Mobile App,2043,3,4.21,0.142,12366.0,6.1,165982.0,0.0333,6.7
2024-06-12,Music Production,1303,6,3.94,0.141,7005.0,5.4,112660.0,0.0451,25.3
2024-06-12,Photography,1980,4,4.01,0.137,11861.0,6.0,181660.0,0.0503,3.4
2024-06-12,SEO/SEM,2701,8,3.98,0.12,17299.0,6.4,278656.0,0.0413,13.2
2024-06-12,Social Media Management,3808,14,3.85,0.175,17232.0,4.5,230950.0,0.0461,11.8
2024-06-12,Translation,4408,30,3.83,0.14,19250.0,4.4,275834.0,0.0479,6.9
2024-06-12,Video Production,1616,9,4.22,0.151,10605.0,6.6,128200.0,0.0353,3.2
2024-06-12,Virtual Assistant,5341,34,3.85,0.129,25956.0,4.9,354272.0,0.0377,12.2
2024-06-12,Web Development,3498,57,4.35,0.17,22457.0,6.4,372722.0,0.0329,8.4
2024-06-13,AI/ML Development,2201,8,4.46,0.138,12707.0,5.8,160721.0,0.0466,5.1
2024-06-13,Content Writing,7808,24,4.06,0.095,34684.0,4.4,551916.0,0.0322,33.9
2024-06-13,Data Analysis,2974,6,4.35,0.128,15573.0,5.2,228986.0,0.0401,17.1
2024-06-13,Financial Modeling,1080,4,4.53,0.134,6557.0,6.1,106315.0,0.0359,25.7
2024-06-13,Graphic Design,5231,56,4.11,0.147,21282.0,4.1,270017.0,0.0465,4.1
2024-06-13,Legal Consulting,697,4,4.64,0.205,3699.0,5.3,59926.0,0.0446,4.2
2024-06-13,Mobile App,2335,22,4.28,0.144,12319.0,5.3,221125.0,0.0506,21.1
2024-06-13,Music Production,1468,13,3.91,0.175,5991.0,4.1,72723.0,0.0438,4.3
2024-06-13,Photography,2128,10,4.0,0.099,11171.0,5.2,169195.0,0.0457,6.6
2024-06-13,SEO/SEM,2241,15,3.93,0.133,10584.0,4.7,159476.0,0.0476,2.1
2024-06-13,Social Media Management,3896,18,3.82,0.147,14771.0,3.8,197465.0,0.0603,4.0
2024-06-13,Translation,4254,24,3.86,0.136,19879.0,4.7,357600.0,0.051,22.9
2024-06-13,Video Production,1461,13,4.15,0.122,7752.0,5.3,109908.0,0.0408,16.9
2024-06-13,Virtual Assistant,4481,22,3.78,0.159,19310.0,4.3,268727.0,0.0583,24.2
2024-06-13,Web Development,3304,22,4.34,0.143,15028.0,4.5,208368.0,0.0631,4.0
2024-06-14,AI/ML Development,2162,29,4.4,0.119,9348.0,4.3,140067.0,0.0582,6.1
2024-06-14,Content Writing,8437,62,3.9,0.162,40654.0,4.8,630462.0,0.0388,20.4
2024-06-14,Data Analysis,3205,28,4.37,0.185,15898.0,5.0,214660.0,0.0459,9.8
2024-06-14,Financial Modeling,920,7,4.5,0.139,4059.0,4.4,51687.0,0.0556,2.5
2024-06-14,Graphic Design,5189,51,4.04,0.156,21705.0,4.2,374729.0,0.0374,52.5
2024-06-14,Legal Consulting,696,2,4.52,0.158,3444.0,4.9,56202.0,0.0413,6.3
2024-06-14,Mobile App,2246,16,4.2,0.163,9327.0,4.2,154303.0,0.0471,3.4
2024-06-14,Music Production,1484,13,3.95,0.209,6668.0,4.5,117981.0,0.0414,25.0
2024-06-14,Photography,2295,9,4.22,0.133,9528.0,4.2,119631.0,0.0507,5.8
2024-06-14,SEO/SEM,2444,11,4.03,0.11,12939.0,5.3,203220.0,0.0466,2.2
2024-06-14,Social Media Management,3230,20,3.83,0.159,15995.0,5.0,274603.0,0.0438,12.6
2024-06-14,Translation,4856,56,3.98,0.181,17997.0,3.7,277166.0,0.0489,3.8
2024-06-14,Video Production,1568,23,4.13,0.117,7945.0,5.1,129969.0,0.0517,8.1
2024-06-14,Virtual Assistant,5043,32,3.83,0.183,24367.0,4.8,316799.0,0.0421,4.6
2024-06-14,Web Development,4094,31,4.29,0.166,21777.0,5.3,346479.0,0.0494,3.0
2024-06-15,AI/ML Development,2198,23,4.37,0.136,8744.0,4.0,108073.0,0.038,4.2
2024-06-15,Content Writing,7233,45,4.04,0.112,21122.0,2.9,339405.0,0.0541,4.4
2024-06-15,Data Analysis,3047,27,4.23,0.175,10575.0,3.5,150277.0,0.0388,9.1
2024-06-15,Financial Modeling,908,4,4.51,0.145,2943.0,3.2,35911.0,0.0459,9.1
2024-06-15,Graphic Design,5930,70,3.97,0.186,17354.0,2.9,255212.0,0.0507,5.8
2024-06-15,Legal Consulting,688,2,4.59,0.141,2312.0,3.4,38947.0,0.0476,5.4
2024-06-15,Mobile App,2093,24,4.17,0.197,6121.0,2.9,103358.0,0.0306,17.7
2024-06-15,Music Production,1328,12,3.86,0.144,4530.0,3.4,67349.0,0.0348,4.2
2024-06-15,Photography,2019,11,4.12,0.171,5315.0,2.6,75821.0,0.0508,10.6
2024-06-15,SEO/SEM,2684,23,4.03,0.121,9438.0,3.5,,0.0542,17.2
2024-06-15,Social Media Management,3609,69,3.76,0.112,9432.0,2.6,116827.0,0.0533,9.2
2024-06-15,Translation,4374,63,3.92,0.151,15912.0,3.6,213125.0,0.0481,8.0
2024-06-15,Video Production,1502,22,4.18,0.157,5878.0,3.9,76782.0,0.052,15.8
2024-06-15,Virtual Assistant,4874,30,3.74,0.157,13532.0,2.8,198134.0,0.0644,6.2
2024-06-15,Web Development,4158,24,4.35,0.161,14762.0,3.6,235285.0,0.0316,3.2
2024-06-16,AI/ML Development,2165,11,4.46,0.155,6806.0,3.1,106926.0,0.0385,10.4
2024-06-16,Content Writing,7229,84,3.99,0.158,17144.0,2.4,228958.0,0.0506,2.9
2024-06-16,Data Analysis,3003,23,4.34,0.166,10924.0,3.6,183386.0,0.0426,7.9
2024-06-16,Financial Modeling,1102,4,4.45,0.142,3417.0,3.1,57967.0,0.0455,8.1
2024-06-16,Graphic Design,5563,32,4.03,0.184,14236.0,2.6,215860.0,0.0548,12.9
2024-06-16,Legal Consulting,685,7,4.59,0.139,2546.0,3.7,44308.0,0.0502,16.4
2024-06-16,Mobile App,2454,40,4.26,0.216,7336.0,3.0,103822.0,0.0489,20.6
2024-06-16,Music Production,1281,5,4.0,0.16,4332.0,3.4,71398.0,0.0378,14.9
2024-06-16,Photography,2270,25,4.06,0.147,5465.0,2.4,94570.0,0.0554,7.7
2024-06-16,SEO/SEM,2469,12,4.1,0.12,8623.0,3.5,106697.0,0.0396,6.1
2024-06-16,Social Media Management,3897,19,3.87,0.164,9740.0,2.5,172934.0,0.0436,4.5
2024-06-16,Translation,4435,79,3.8,0.123,10913.0,2.5,193756.0,0.0477,12.8
2024-06-16,Video Production,1653,8,4.27,0.11,5287.0,3.2,86377.0,0.0555,8.1
2024-06-16,Virtual Assistant,4518,48,3.8,0.115,12753.0,2.8,175108.0,0.0479,15.5
2024-06-16,Web Development,3767,58,4.39,0.109,11587.0,3.1,197894.0,0.0419,1.9
2024-06-17,AI/ML Development,2040,33,4.42,0.144,13889.0,6.8,228254.0,0.0443,8.1
2024-06-17,Content Writing,8186,72,3.83,0.123,45517.0,5.6,644313.0,0.042,17.8
2024-06-17,Data Analysis,3000,17,4.23,0.171,19300.0,6.4,295367.0,0.0443,7.2
2024-06-17,Financial Modeling,997,9,4.49,0.172,7240.0,7.3,129756.0,0.0532,7.2
2024-06-17,Graphic Design,4910,19,4.16,0.147,27237.0,5.5,438771.0,0.0411,4.5
2024-06-17,Legal Consulting,745,4,4.62,0.153,3732.0,5.0,66649.0,0.0437,4.9
2024-06-17,Mobile App,2133,20,4.18,0.238,10959.0,5.1,152846.0,0.0399,9.6
2024-06-17,Music Production,1480,14,3.85,0.188,7278.0,4.9,122027.0,0.0514,7.9
2024-06-17,Photography,2294,18,4.04,0.128,13024.0,5.7,167473.0,0.0375,25.9
2024-06-17,SEO/SEM,2394,78,4.06,0.15,11455.0,4.8,153490.0,0.0408,14.5
2024-06-17,Social Media Management,3110,53,3.88,0.139,15390.0,4.9,186734.0,0.0557,4.1
2024-06-17,Translation,4548,21,3.82,0.184,24364.0,5.4,295063.0,0.0444,8.7
2024-06-17,Video Production,1573,12,4.18,0.118,10371.0,6.6,168846.0,0.0386,4.4
2024-06-17,Virtual Assistant,5318,19,3.78,0.111,32108.0,6.0,420334.0,0.0434,5.3
2024-06-17,Web Development,3677,24,4.34,0.171,25216.0,6.9,416542.0,0.0431,3.5
2024-06-18,AI/ML Development,1802,7,4.4,0.169,10848.0,6.0,192910.0,0.0264,28.7
2024-06-18,Content Writing,7242,29,4.04,0.205,31788.0,4.4,387402.0,0.0494,3.8
2024-06-18,Data Analysis,2953,19,4.31,0.114,14628.0,5.0,206002.0,0.0415,3.8
2024-06-18,Financial Modeling,934,5,4.49,0.202,5133.0,5.5,66363.0,1.5727,6.5
2024-06-18,Graphic Design,6059,42,4.08,0.123,40046.0,6.6,491732.0,0.0214,2.6
2024-06-18,Legal Consulting,684,6,4.58,0.162,4129.0,6.0,74004.0,0.0444,2.5
2024-06-18,Mobile App,2203,8,4.21,0.127,11503.0,5.2,162052.0,0.04,8.9
2024-06-18,Music Production,1364,17,3.93,0.113,8415.0,6.2,126471.0,0.0515,19.5
2024-06-18,Photography,1966,13,4.2,0.118,10140.0,5.2,121892.0,0.0438,14.7
2024-06-18,SEO/SEM,2251,8,4.05,0.158,12130.0,5.4,210257.0,0.0543,4.2
2024-06-18,Social Media Management,3581,16,3.84,0.179,19126.0,5.3,245919.0,0.045,5.4
2024-06-18,Translation,4301,9,3.99,0.18,24884.0,5.8,321477.0,0.0518,40.4
2024-06-18,Video Production,1482,10,4.12,0.14,6770.0,4.6,104493.0,0.0424,12.3
2024-06-18,Virtual Assistant,5014,110,3.85,0.154,25366.0,5.1,427285.0,0.048,3.8
2024-06-18,Web Development,3642,29,4.37,0.17,23663.0,6.5,312480.0,0.0402,10.2
2024-06-19,AI/ML Development,2094,18,4.44,0.142,13391.0,6.4,196690.0,0.0594,6.3
2024-06-19,Content Writing,8447,37,4.06,0.17,51847.0,6.1,741482.0,0.0384,7.7
2024-06-19,Data Analysis,2891,9,4.4,0.163,14090.0,4.9,171110.0,0.0503,3.7
2024-06-19,Financial Modeling,951,3,4.61,0.159,6306.0,6.6,100763.0,0.0426,5.2
2024-06-19,Graphic Design,5903,62,4.16,0.162,29167.0,4.9,466288.0,0.0445,4.5
2024-06-19,Legal Consulting,777,4,4.64,0.134,5742.0,7.4,100729.0,0.0412,5.1
2024-06-19,Mobile App,2467,17,4.23,0.184,11854.0,4.8,168330.0,0.0398,4.7
2024-06-19,Music Production,1344,6,3.95,0.149,6804.0,5.1,83304.0,0.0416,8.2
2024-06-19,Photography,1946,9,3.97,0.128,10651.0,5.5,166499.0,0.0589,7.6
2024-06-19,SEO/SEM,2320,23,4.1,0.156,14287.0,6.2,256629.0,0.0458,8.2
2024-06-19,Social Media Management,3085,22,3.96,0.166,18349.0,5.9,319489.0,0.0345,2.7
2024-06-19,Translation,4428,23,3.96,0.098,20220.0,4.6,264889.0,0.0464,19.1
2024-06-19,Video Production,1757,5,4.18,0.125,8543.0,4.9,121371.0,0.0494,2.4
2024-06-19,Virtual Assistant,4526,59,3.9,0.166,23761.0,5.2,310133.0,0.0336,6.2
2024-06-19,Web Development,3388,8,4.27,0.142,17242.0,5.1,238340.0,0.0486,13.9
2024-06-20,AI/ML Development,2135,12,4.42,0.126,12206.0,5.7,200022.0,0.0408,11.5
2024-06-20,Content Writing,8003,101,4.06,0.157,39061.0,4.9,658596.0,0.0347,24.1
2024-06-20,Data Analysis,3147,15,4.32,0.173,16781.0,5.3,215637.0,0.043,10.6
2024-06-20,Financial Modeling,917,5,4.43,0.176,4830.0,5.3,59773.0,0.0532,5.3
2024-06-20,Graphic Design,5877,38,4.12,0.138,28857.0,4.9,481178.0,0.0345,8.6
2024-06-20,Legal Consulting,747,6,4.66,0.124,4430.0,5.9,61686.0,0.0393,8.9
2024-06-20,Mobile App,2187,7,4.27,0.186,10478.0,4.8,128369.0,0.0267,7.0
2024-06-20,Music Production,1496,15,3.89,0.175,5568.0,3.7,68351.0,0.0301,17.0
2024-06-20,Photography,2037,12,3.99,0.104,7950.0,3.9,124065.0,0.0458,9.7
2024-06-20,SEO/SEM,2564,29,4.02,0.13,11045.0,4.3,174054.0,0.029,3.8
2024-06-20,Social Media Management,3491,89,3.8,0.102,16310.0,4.7,285844.0,0.0583,7.9
2024-06-20,Translation,4483,15,3.78,0.194,16139.0,3.6,242508.0,0.0444,29.4
2024-06-20,Video Production,1516,9,4.18,0.205,6955.0,4.6,115180.0,0.0429,8.2
2024-06-20,Virtual Assistant,4742,109,3.9,0.245,23544.0,5.0,408684.0,0.0403,43.9
2024-06-20,Web Development,4132,35,4.32,0.192,24014.0,5.8,332595.0,0.0522,9.6
2024-06-21,AI/ML Development,2067,27,4.41,0.143,8859.0,4.3,132430.0,0.0372,5.6
2024-06-21,Content Writing,6711,16,3.95,0.183,33749.0,5.0,496191.0,0.0327,4.0
2024-06-21,Data Analysis,3343,29,4.42,0.144,16484.0,4.9,210333.0,1.8888,4.7
2024-06-21,Financial Modeling,959,6,4.51,0.17,4855.0,5.1,72646.0,0.0475,21.0
2024-06-21,Graphic Design,5705,39,4.05,0.141,30750.0,5.4,526230.0,0.0417,6.9
2024-06-21,Legal Consulting,644,4,4.63,0.15,2756.0,4.3,43625.0,0.0466,10.4
2024-06-21,Mobile App,2022,11,4.28,0.161,8770.0,4.3,126033.0,0.0414,5.0
2024-06-21,Music Production,1515,10,3.93,0.175,5818.0,3.8,70807.0,0.0322,15.5
2024-06-21,Photography,2237,14,4.12,0.135,8965.0,4.0,134228.0,0.0438,4.3
2024-06-21,SEO/SEM,2717,18,4.1,0.124,11589.0,4.3,196900.0,0.0334,18.0
2024-06-21,Social Media Management,3263,29,3.8,0.109,16660.0,5.1,273300.0,0.0485,5.2
2024-06-21,Translation,4241,27,3.89,0.204,15225.0,3.6,236208.0,0.0476,7.9
2024-06-21,Video Production,1794,9,4.28,0.14,9609.0,5.4,116440.0,0.0481,12.0
2024-06-21,Virtual Assistant,5233,29,3.86,0.089,23826.0,4.6,412979.0,0.0462,4.6
2024-06-21,Web Development,3958,30,4.23,0.134,21016.0,5.3,290993.0,0.038,11.2
2024-06-22,AI/ML Development,1994,18,4.32,0.168,6159.0,3.1,98919.0,0.0552,10.0
2024-06-22,Content Writing,8043,70,3.99,0.209,21983.0,2.7,391070.0,0.0507,36.5
2024-06-22,Data Analysis,2877,13,4.52,0.16,8754.0,3.0,134900.0,0.0591,10.7
2024-06-22,Financial Modeling,1074,13,4.55,0.193,4449.0,4.1,53929.0,0.0499,9.2
2024-06-22,Graphic Design,5818,45,4.17,0.14,16206.0,2.8,225052.0,0.0535,5.2
2024-06-22,Legal Consulting,626,4,4.65,0.18,2032.0,3.2,26251.0,0.0468,4.4
2024-06-22,Mobile App,2059,26,4.18,0.142,7551.0,3.7,102106.0,0.0452,11.0
2024-06-22,Music Production,1544,4,3.92,0.147,4925.0,3.2,66362.0,0.0445,6.6
2024-06-22,Photography,1984,15,4.07,0.12,5341.0,2.7,69974.0,0.0464,29.3
2024-06-22,SEO/SEM,2231,11,3.95,0.179,5816.0,2.6,83839.0,0.0492,3.8
2024-06-22,Social Media Management,3813,20,3.85,0.164,9334.0,2.4,159775.0,0.0459,6.5
2024-06-22,Translation,4040,25,3.96,0.122,10362.0,2.6,166385.0,0.0444,8.3
2024-06-22,Video Production,1808,6,4.21,0.172,6986.0,3.9,109553.0,0.042,12.1
2024-06-22,Virtual Assistant,5110,25,3.88,0.25,16282.0,3.2,239315.0,0.0304,7.3
2024-06-22,Web Development,3812,35,4.38,0.14,12989.0,3.4,217255.0,0.0419,6.1
2024-06-23,AI/ML Development,1760,38,4.34,0.104,6584.0,3.7,102902.0,0.0462,12.8
2024-06-23,Content Writing,7509,49,4.01,0.106,17727.0,2.4,229461.0,0.0357,12.8
2024-06-23,Data Analysis,3158,24,4.41,0.143,8440.0,2.7,124985.0,0.0439,2.9
2024-06-23,Financial Modeling,1067,4,4.62,0.116,3364.0,3.2,48744.0,0.0406,23.4
2024-06-23,Graphic Design,5324,42,4.12,0.13,16064.0,3.0,228552.0,0.0492,7.5
2024-06-23,Legal Consulting,667,4,4.66,0.132,1825.0,2.7,23660.0,0.0541,20.2
2024-06-23,Mobile App,1993,19,4.29,0.146,6083.0,3.1,85795.0,0.0331,20.8
2024-06-23,Music Production,1284,7,3.91,0.106,3592.0,2.8,63543.0,0.0412,4.3
2024-06-23,Photography,1909,20,4.07,0.169,6570.0,3.4,98565.0,0.0441,4.2
2024-06-23,SEO/SEM,2242,15,3.96,0.138,6287.0,2.8,93161.0,0.0327,8.3
2024-06-23,Social Media Management,3244,13,3.77,0.148,9552.0,2.9,133502.0,0.0417,22.2
2024-06-23,Translation,4396,15,3.94,0.168,14701.0,3.3,217611.0,0.0479,13.2
2024-06-23,Video Production,1563,12,4.27,0.181,4174.0,2.7,63985.0,0.0518,7.4
2024-06-23,Virtual Assistant,5058,88,3.81,0.156,16371.0,3.2,239050.0,0.0401,8.4
2024-06-23,Web Development,4160,9,4.37,0.225,14438.0,3.5,201548.0,0.0348,13.9
2024-06-24,AI/ML Development,1879,6,4.42,0.147,12321.0,6.6,190670.0,0.0458,15.7
2024-06-24,Content Writing,7694,167,4.0,0.146,45807.0,6.0,571714.0,0.0541,11.4
2024-06-24,Data Analysis,2755,21,4.4,0.157,18183.0,6.6,249330.0,0.051,0.7
2024-06-24,Financial Modeling,953,6,4.59,0.191,5480.0,5.8,91310.0,0.0555,4.0
2024-06-24,Graphic Design,5386,54,4.13,0.117,27241.0,5.1,477287.0,0.0419,4.0
2024-06-24,Legal Consulting,763,4,4.69,0.166,5129.0,6.7,78376.0,0.0524,7.5
2024-06-24,Mobile App,1979,22,4.23,0.152,10743.0,5.4,134811.0,0.0395,10.7
2024-06-24,Music Production,1440,13,3.94,0.178,7355.0,5.1,118951.0,0.041,19.0
2024-06-24,Photography,2139,13,4.09,0.157,14053.0,6.6,199534.0,0.0498,10.2
2024-06-24,SEO/SEM,2189,20,4.02,0.183,12848.0,5.9,172631.0,0.041,4.9
2024-06-24,Social Media Management,3632,9,3.81,0.096,19331.0,5.3,283307.0,0.0397,9.0
2024-06-24,Translation,4342,36,3.97,0.13,22883.0,5.3,295553.0,0.0396,3.6
2024-06-24,Video Production,1733,12,4.18,0.102,10859.0,6.3,179940.0,0.036,11.5
2024-06-24,Virtual Assistant,4944,32,3.89,0.105,29850.0,6.0,387455.0,0.0388,9.6
2024-06-24,Web Development,3899,44,4.25,0.123,25309.0,6.5,340281.0,0.0483,3.6
2024-06-25,AI/ML Development,1980,19,4.5,0.145,13198.0,6.7,172772.0,0.051,6.0
2024-06-25,Content Writing,7211,49,4.03,0.091,45962.0,6.4,638541.0,0.0541,1.6
2024-06-25,Data Analysis,3109,17,4.3,0.157,16996.0,5.5,240066.0,0.0365,16.5
2024-06-25,Financial Modeling,1015,2,4.53,0.124,5962.0,5.9,88232.0,0.0447,4.8
2024-06-25,Graphic Design,5921,25,4.16,0.154,37871.0,6.4,594072.0,0.0295,16.0
2024-06-25,Legal Consulting,699,1,4.55,0.077,4563.0,6.5,69647.0,0.0512,10.7
2024-06-25,Mobile App,2472,11,4.23,0.164,15482.0,6.3,197212.0,0.0616,1.9
2024-06-25,Music Production,1488,9,3.9,0.157,7628.0,5.1,119900.0,0.0472,17.9
2024-06-25,Photography,2073,27,4.03,0.117,10619.0,5.1,140873.0,0.0454,15.0
2024-06-25,SEO/SEM,2575,25,3.92,0.149,12518.0,4.9,185505.0,0.0408,72.0
2024-06-25,Social Media Management,3371,23,3.78,0.154,17941.0,5.3,256427.0,0.0342,4.1
2024-06-25,Translation,4522,113,3.92,0.193,21269.0,4.7,289982.0,0.0364,21.5
2024-06-25,Video Production,1680,5,4.22,0.206,10303.0,6.1,131295.0,0.0394,19.5
2024-06-25,Virtual Assistant,5286,29,3.91,0.183,29634.0,5.6,440304.0,0.0406,1.8
2024-06-25,Web Development,3854,26,4.3,0.141,24351.0,6.3,314855.0,0.0436,12.8
2024-06-26,AI/ML Development,1968,13,4.33,0.142,12279.0,6.2,209725.0,0.0295,11.1
2024-06-26,Content Writing,7280,33,4.02,0.155,42098.0,5.8,680192.0,0.0303,11.3
2024-06-26,Data Analysis,2945,52,4.31,0.118,19837.0,6.7,242986.0,0.0465,3.6
2024-06-26,Financial Modeling,887,2,4.52,0.155,4711.0,5.3,80105.0,0.0287,20.3
2024-06-26,Graphic Design,6140,44,4.19,0.185,40343.0,6.6,514391.0,0.0576,3.6
2024-06-26,Legal Consulting,689,1,4.59,0.197,3925.0,5.7,66352.0,0.0318,3.6
2024-06-26,Mobile App,2007,8,4.23,0.189,12379.0,6.2,187630.0,0.0489,25.3
2024-06-26,Music Production,1413,8,3.92,0.159,6694.0,4.7,102419.0,0.0439,8.6
2024-06-26,Photography,2160,6,4.11,0.139,12475.0,5.8,157419.0,0.0423,3.8
2024-06-26,SEO/SEM,2470,17,4.1,0.138,15549.0,6.3,217803.0,0.0457,9.9
2024-06-26,Social Media Management,3720,27,3.88,0.123,19295.0,5.2,329735.0,0.0498,31.4
2024-06-26,Translation,4304,17,3.84,0.15,17948.0,4.2,258941.0,0.0488,40.0
2024-06-26,Video Production,1607,14,4.15,0.168,9223.0,5.7,159024.0,0.0496,7.8
2024-06-26,Virtual Assistant,5221,25,3.74,0.145,25842.0,4.9,406054.0,0.0515,3.6
2024-06-26,Web Development,3359,8,4.18,0.144,17137.0,5.1,306762.0,0.0525,12.8
2024-06-27,AI/ML Development,1913,17,4.42,0.193,8819.0,4.6,134247.0,0.039,4.8
2024-06-27,Content Writing,7745,53,4.15,0.115,42844.0,5.5,517748.0,0.0369,7.6
2024-06-27,Data Analysis,2713,25,4.25,0.144,12460.0,4.6,167832.0,0.0416,2.6
2024-06-27,Financial Modeling,1081,8,4.59,0.199,4663.0,4.3,60985.0,0.0477,1.9
2024-06-27,Graphic Design,6141,77,4.05,0.088,28088.0,4.6,484095.0,0.0354,8.1
2024-06-27,Legal Consulting,708,4,4.64,0.158,3075.0,4.3,46352.0,0.0362,9.3
2024-06-27,Mobile App,2249,11,4.24,0.107,11890.0,5.3,213564.0,0.0571,2.6
2024-06-27,Music Production,1266,7,3.93,0.146,4874.0,3.8,66053.0,0.0588,5.5
2024-06-27,Photography,2198,9,4.11,0.119,10980.0,5.0,177755.0,0.047,6.2
2024-06-27,SEO/SEM,2487,12,4.03,0.125,13384.0,5.4,205884.0,0.0348,5.2
2024-06-27,Social Media Management,3581,13,3.75,0.129,15164.0,4.2,222602.0,0.0519,3.3
2024-06-27,Translation,4206,42,3.92,0.118,16153.0,3.8,224493.0,0.0375,8.1
2024-06-27,Video Production,1619,34,4.17,0.156,7241.0,4.5,104281.0,0.0492,11.8
2024-06-27,Virtual Assistant,4891,69,3.83,0.163,25112.0,5.1,416786.0,0.0457,10.7
2024-06-27,Web Development,3714,25,4.32,0.125,18031.0,4.9,239700.0,0.0422,6.2
2024-06-28,AI/ML Development,2092,12,4.42,0.184,11070.0,5.3,155637.0,0.0508,8.7
2024-06-28,Content Writing,8376,54,4.03,0.175,36303.0,4.3,498984.0,0.044,5.6
2024-06-28,Data Analysis,2758,11,4.25,0.169,11979.0,4.3,215197.0,0.0612,6.4
2024-06-28,Financial Modeling,1089,5,4.56,0.15,4598.0,4.2,67143.0,0.0424,9.6
2024-06-28,Graphic Design,5626,31,4.05,0.15,26244.0,4.7,431824.0,0.0458,1.9
2024-06-28,Legal Consulting,672,4,4.61,0.078,3522.0,5.2,46798.0,0.0518,5.7
2024-06-28,Mobile App,2382,34,4.31,0.131,12299.0,5.2,199213.0,0.0454,16.0
2024-06-28,Music Production,1297,6,3.87,0.122,5844.0,4.5,96788.0,0.0373,11.4
2024-06-28,Photography,1858,8,4.16,0.119,7769.0,4.2,106431.0,0.0424,13.2
2024-06-28,SEO/SEM,2521,19,4.06,0.205,13602.0,5.4,203166.0,0.0505,7.4
2024-06-28,Social Media Management,3421,30,3.86,0.102,15305.0,4.5,203251.0,0.0397,1.6
2024-06-28,Translation,3901,33,3.92,0.128,19198.0,4.9,272266.0,0.0459,15.7
2024-06-28,Video Production,1572,7,4.37,0.133,8917.0,5.7,114615.0,0.0577,15.1
2024-06-28,Virtual Assistant,4836,15,3.79,0.189,21232.0,4.4,271929.0,0.0405,13.0
2024-06-28,Web Development,3688,19,4.29,0.163,15169.0,4.1,214633.0,0.0464,10.2
2024-06-29,AI/ML Development,2002,14,4.34,0.167,6937.0,3.5,117020.0,0.0368,8.4
2024-06-29,Content Writing,8228,29,4.05,0.129,22902.0,2.8,274917.0,0.0423,21.2
2024-06-29,Data Analysis,3338,33,4.32,0.147,9346.0,2.8,132461.0,0.0439,4.8
2024-06-29,Financial Modeling,889,7,4.51,0.17,2938.0,3.3,51868.0,0.0529,7.9
2024-06-29,Graphic Design,5993,69,4.09,0.105,17805.0,3.0,315823.0,0.0419,5.0
2024-06-29,Legal Consulting,723,11,4.63,0.112,2446.0,3.4,34930.0,0.0379,6.4
2024-06-29,Mobile App,2198,11,4.28,0.193,8394.0,3.8,120084.0,0.0478,3.7
2024-06-29,Music Production,1308,5,3.9,0.141,3867.0,3.0,61113.0,0.0515,2.0
2024-06-29,Photography,2276,44,4.12,0.155,8630.0,3.8,147786.0,0.048,15.3
2024-06-29,SEO/SEM,2356,21,3.97,0.119,8820.0,3.7,139952.0,0.0608,10.9
2024-06-29,Social Media Management,3860,24,3.84,0.147,11724.0,3.0,194268.0,0.0479,4.8
2024-06-29,Translation,4425,10,4.0,0.139,13407.0,3.0,221115.0,0.0558,10.1
2024-06-29,Video Production,1819,6,4.19,0.189,6581.0,3.6,85576.0,0.0484,9.6
2024-06-29,Virtual Assistant,4522,27,3.77,0.18,16003.0,3.5,263308.0,0.0565,10.9
2024-06-29,Web Development,3755,19,4.32,0.152,14856.0,4.0,181019.0,0.0475,1.9
2024-06-30,AI/ML Development,2013,17,4.5,0.165,5294.0,2.6,82334.0,0.0398,3.6
2024-06-30,Content Writing,6841,38,3.94,0.14,17927.0,2.6,310028.0,0.0486,9.9
2024-06-30,Data Analysis,2777,16,4.37,0.157,7902.0,2.8,121381.0,0.0496,8.5
2024-06-30,Financial Modeling,1027,6,4.48,0.141,3561.0,3.5,51135.0,0.0609,6.1
2024-06-30,Graphic Design,5341,69,4.22,0.195,17803.0,3.3,233614.0,0.0309,8.6
2024-06-30,Legal Consulting,687,14,4.67,0.125,2524.0,3.7,45369.0,0.0348,5.9
2024-06-30,Mobile App,2077,9,4.31,0.087,6424.0,3.1,90818.0,0.0374,6.6
2024-06-30,Music Production,1331,3,3.87,0.173,4455.0,3.3,69684.0,0.0529,23.7
2024-06-30,Photography,2229,40,3.99,0.173,7160.0,3.2,115705.0,0.0418,2.7
2024-06-30,SEO/SEM,2403,6,3.96,0.209,5587.0,2.3,88720.0,0.0497,11.4
2024-06-30,Social Media Management,3406,13,3.8,0.144,7591.0,2.2,91649.0,0.0456,24.1
2024-06-30,Translation,4384,65,3.91,0.147,14666.0,3.3,202598.0,0.0362,3.1
2024-06-30,Video Production,1714,5,4.2,0.147,6025.0,3.5,87925.0,0.0438,8.6
2024-06-30,Virtual Assistant,5119,80,3.75,0.123,14359.0,2.8,250462.0,0.0368,7.2
2024-06-30,Web Development,4067,26,4.35,0.146,11284.0,2.8,185755.0,0.0439,10.8
