date,gig_category,n_active_vendors,n_new_vendors,avg_vendor_rating,top_rated_fraction,total_profile_views,avg_profile_views,search_impressions,click_through_rate,avg_response_time_hours
2025-01-01,AI/ML Development,1651,10,4.51,0.152,8812.0,5.3,113433.0,0.036,16.4
2025-01-01,Content Writing,7474,25,3.98,0.139,35363.0,4.7,426776.0,0.0433,10.0
2025-01-01,Data Analysis,2561,48,4.25,0.187,11958.0,4.7,201053.0,0.0494,7.2
2025-01-01,Financial Modeling,802,6,4.44,0.16,3702.0,4.6,51424.0,0.0322,8.0
2025-01-01,Graphic Design,5011,51,4.09,0.134,19755.0,3.9,319035.0,0.0388,15.4
2025-01-01,Legal Consulting,658,9,4.68,0.127,4129.0,6.3,52966.0,0.0472,6.1
2025-01-01,Mobile App,1829,21,4.25,0.149,7651.0,4.2,92862.0,0.0505,10.7
2025-01-01,Music Production,1272,10,3.88,0.205,5963.0,4.7,106235.0,0.0516,8.1
2025-01-01,Photography,1844,15,4.04,0.17,9607.0,5.2,151776.0,0.0405,12.5
2025-01-01,SEO/SEM,2381,17,4.04,0.103,12202.0,5.1,164120.0,0.0482,19.2
2025-01-01,Social Media Management,3316,15,3.86,0.176,13349.0,4.0,191575.0,0.0399,7.4
2025-01-01,Translation,4109,17,3.97,0.149,17354.0,4.2,261669.0,0.0372,11.8
2025-01-01,Video Production,1574,8,4.14,0.154,8807.0,5.6,107263.0,0.0519,2.9
2025-01-01,Virtual Assistant,4058,34,3.86,0.081,15226.0,3.8,235163.0,0.056,4.1
2025-01-01,Web Development,3237,46,4.39,0.1,14922.0,4.6,210973.0,0.0486,7.8
2025-01-02,AI/ML Development,1957,17,4.48,0.114,8460.0,4.3,151413.0,0.0417,3.0
2025-01-02,Content Writing,6324,27,3.97,0.173,19497.0,3.1,296580.0,0.0452,6.7
2025-01-02,Data Analysis,2863,11,4.3,0.145,13719.0,4.8,206449.0,0.0467,18.6
2025-01-02,Financial Modeling,941,10,4.52,0.118,3340.0,3.5,55870.0,0.046,7.1
2025-01-02,Graphic Design,5006,44,4.2,0.111,16336.0,3.3,232104.0,0.0478,13.4
2025-01-02,Legal Consulting,677,2,4.65,0.106,2662.0,3.9,35689.0,0.0513,20.7
2025-01-02,Mobile App,1888,14,4.29,0.088,9022.0,4.8,156677.0,0.0509,12.5
2025-01-02,Music Production,1157,7,3.95,0.113,3669.0,3.2,48621.0,0.0464,25.3
2025-01-02,Photography,1935,11,4.17,0.207,6143.0,3.2,90079.0,0.0417,10.2
2025-01-02,SEO/SEM,2279,9,4.11,0.167,9787.0,4.3,169254.0,0.0244,8.0
2025-01-02,Social Media Management,3342,17,3.8,0.12,11868.0,3.6,199302.0,0.0442,4.8
2025-01-02,Translation,4139,19,4.04,0.128,18524.0,4.5,305361.0,0.0461,3.4
2025-01-02,Video Production,1594,8,4.26,0.159,7285.0,4.6,126069.0,0.0462,2.9
2025-01-02,Virtual Assistant,4832,34,3.88,0.137,20977.0,4.3,314892.0,0.0381,7.4
2025-01-02,Web Development,3707,19,4.37,0.117,16911.0,4.6,205207.0,0.0523,9.1
2025-01-03,AI/ML Development,1695,30,4.43,0.107,6908.0,4.1,116508.0,0.0558,3.5
2025-01-03,Content Writing,6925,35,3.98,0.163,27393.0,4.0,344700.0,0.0636,2.8
2025-01-03,Data Analysis,2975,14,4.38,0.108,13982.0,4.7,233090.0,0.0506,2.4
2025-01-03,Financial Modeling,858,5,4.54,0.191,4025.0,4.7,51064.0,0.042,12.2
2025-01-03,Graphic Design,4936,11,4.16,0.175,18018.0,3.7,286070.0,0.0443,15.0
2025-01-03,Legal Consulting,598,4,4.59,0.147,2108.0,3.5,28178.0,0.0479,5.5
2025-01-03,Mobile App,1987,15,4.22,0.138,7768.0,3.9,120982.0,0.0364,5.2
2025-01-03,Music Production,1168,9,3.92,0.163,4146.0,3.5,72502.0,0.0279,15.3
2025-01-03,Photography,1974,17,4.11,0.164,6280.0,3.2,92485.0,0.0511,20.7
2025-01-03,SEO/SEM,2473,8,3.96,0.153,10197.0,4.1,135864.0,0.0421,17.7
2025-01-03,Social Media Management,3081,26,3.84,0.141,9826.0,3.2,136507.0,0.0425,15.5
2025-01-03,Translation,3877,16,3.94,0.121,16970.0,4.4,296818.0,0.0534,8.4
2025-01-03,Video Production,1353,8,4.15,0.18,6310.0,4.7,76957.0,0.0422,10.6
2025-01-03,Virtual Assistant,4773,22,3.93,0.14,18926.0,4.0,234012.0,0.0401,11.7
2025-01-03,Web Development,3313,32,4.34,0.092,14705.0,4.4,183497.0,0.0549,6.9
2025-01-04,AI/ML Development,1850,9,4.55,0.175,6149.0,3.3,98097.0,0.0244,6.3
2025-01-04,Content Writing,7534,79,4.03,0.113,16827.0,2.2,221411.0,0.0369,2.1
2025-01-04,Data Analysis,2795,21,4.31,0.145,7553.0,2.7,116061.0,0.0636,5.9
2025-01-04,Financial Modeling,946,9,4.57,0.165,2624.0,2.8,33695.0,0.0504,8.5
2025-01-04,Graphic Design,5446,28,4.12,0.153,12361.0,2.3,205025.0,0.041,7.2
2025-01-04,Legal Consulting,669,3,4.68,0.124,1733.0,2.6,30100.0,0.0601,6.4
2025-01-04,Mobile App,1789,9,4.17,0.175,5562.0,3.1,98207.0,0.0498,15.0
2025-01-04,Music Production,1353,7,3.88,0.125,3881.0,2.9,66005.0,0.0546,9.1
2025-01-04,Photography,1731,11,4.26,0.106,4718.0,2.7,66254.0,0.0523,5.2
2025-01-04,SEO/SEM,1967,12,4.05,0.194,5037.0,2.6,80883.0,0.0468,6.8
2025-01-04,Social Media Management,3275,13,3.77,0.109,7949.0,2.4,112744.0,0.0475,13.0
2025-01-04,Translation,3640,20,3.9,0.176,9168.0,2.5,110705.0,0.0378,15.1
2025-01-04,Video Production,1355,13,4.23,0.225,3471.0,2.6,53799.0,0.0539,16.7
2025-01-04,Virtual Assistant,3955,48,3.86,0.129,11843.0,3.0,206829.0,0.0366,5.9
2025-01-04,Web Development,3369,32,4.24,0.208,9226.0,2.7,160884.0,0.0514,6.2
2025-01-05,AI/ML Development,1948,3,4.34,0.193,5451.0,2.8,80573.0,0.0448,13.3
2025-01-05,Content Writing,7629,21,4.05,0.137,19772.0,2.6,281362.0,0.0381,2.7
2025-01-05,Data Analysis,2718,17,4.43,0.127,8650.0,3.2,125450.0,0.0484,1.8
2025-01-05,Financial Modeling,982,8,4.51,0.142,3041.0,3.1,41588.0,0.0562,8.6
2025-01-05,Graphic Design,4671,19,4.15,0.156,9988.0,2.1,140600.0,0.0491,4.0
2025-01-05,Legal Consulting,678,1,4.63,0.155,2273.0,3.4,30723.0,0.0541,7.3
2025-01-05,Mobile App,2076,8,4.28,0.198,5590.0,2.7,83192.0,0.0483,4.5
2025-01-05,Music Production,1184,11,4.02,0.128,3483.0,2.9,59091.0,0.0576,6.0
2025-01-05,Photography,1734,12,4.09,0.14,4032.0,2.3,54498.0,0.035,6.9
2025-01-05,SEO/SEM,2462,27,4.11,0.167,6803.0,2.8,101500.0,0.0413,8.1
2025-01-05,Social Media Management,3035,17,3.81,0.148,7668.0,2.5,100528.0,0.0476,12.7
2025-01-05,Translation,3939,15,3.94,0.101,8895.0,2.3,141854.0,0.0452,11.5
2025-01-05,Video Production,1518,10,4.15,0.157,3879.0,2.6,52449.0,0.0418,3.4
2025-01-05,Virtual Assistant,4181,18,3.93,0.151,11824.0,2.8,198473.0,0.0379,7.7
2025-01-05,Web Development,3186,15,4.32,0.153,9100.0,2.9,152093.0,0.0432,6.8
2025-01-06,AI/ML Development,2009,34,4.41,0.193,11239.0,5.6,164615.0,0.0577,9.3
2025-01-06,Content Writing,7119,63,4.01,0.106,34321.0,4.8,511062.0,0.0333,7.6
2025-01-06,Data Analysis,2689,18,4.29,0.128,13916.0,5.2,228107.0,0.0383,7.8
2025-01-06,Financial Modeling,970,5,4.6,0.093,4041.0,4.2,72188.0,0.0452,25.4
2025-01-06,Graphic Design,5620,22,4.17,0.181,23247.0,4.1,308353.0,0.057,26.6
2025-01-06,Legal Consulting,641,4,4.67,0.151,3998.0,6.2,59240.0,0.0501,7.3
2025-01-06,Mobile App,1905,7,4.16,0.115,7213.0,3.8,107693.0,0.0536,8.4
2025-01-06,Music Production,1247,10,3.8,0.159,5188.0,4.2,75778.0,0.0389,4.9
2025-01-06,Photography,2016,11,4.16,0.072,8057.0,4.0,138522.0,0.0288,13.3
2025-01-06,SEO/SEM,2362,37,4.04,0.11,12567.0,5.3,161420.0,0.0387,6.4
2025-01-06,Social Media Management,3155,23,3.8,0.148,12822.0,4.1,224461.0,0.0446,16.1
2025-01-06,Translation,4203,38,3.98,0.233,17601.0,4.2,301830.0,0.0461,3.8
2025-01-06,Video Production,1428,8,4.28,0.116,6452.0,4.5,82601.0,0.0358,7.2
2025-01-06,Virtual Assistant,4695,17,3.83,0.116,23103.0,4.9,327737.0,0.0263,5.6
2025-01-06,Web Development,2987,18,4.25,0.184,16558.0,5.5,252527.0,0.0513,5.3
2025-01-07,AI/ML Development,1782,3,4.48,0.211,9835.0,5.5,154814.0,0.0456,7.0
2025-01-07,Content Writing,6171,36,4.06,0.166,24055.0,3.9,329556.0,0.0416,7.5
2025-01-07,Data Analysis,2763,20,4.39,0.121,14066.0,5.1,207438.0,0.0403,20.5
2025-01-07,Financial Modeling,901,7,4.59,0.158,4279.0,4.7,62273.0,0.0432,8.1
2025-01-07,Graphic Design,5686,44,4.05,0.172,28865.0,5.1,413008.0,0.0556,5.2
2025-01-07,Legal Consulting,599,5,4.69,0.183,3684.0,6.2,56886.0,0.0411,11.1
2025-01-07,Mobile App,1795,11,4.28,0.1,10102.0,5.6,129993.0,0.0422,9.1
2025-01-07,Music Production,1366,19,3.9,0.178,5409.0,4.0,65117.0,0.0504,16.5
2025-01-07,Photography,1858,8,4.14,0.099,9060.0,4.9,123505.0,0.0521,6.9
2025-01-07,SEO/SEM,2207,8,4.02,0.132,11692.0,5.3,145870.0,0.0361,6.0
2025-01-07,Social Media Management,2934,19,3.78,0.136,12935.0,4.4,193339.0,0.0549,18.9
2025-01-07,Translation,3924,24,3.87,0.174,20143.0,5.1,293237.0,0.0493,10.0
2025-01-07,Video Production,1438,16,4.29,0.187,8317.0,5.8,99938.0,0.0509,9.6
2025-01-07,Virtual Assistant,4527,29,3.81,0.117,15864.0,3.5,233876.0,0.0405,5.4
2025-01-07,Web Development,3512,24,4.36,0.114,18728.0,5.3,294062.0,0.0532,1.3
2025-01-08,AI/ML Development,1849,10,4.4,0.14,8322.0,4.5,105478.0,0.0372,6.1
2025-01-08,Content Writing,6169,37,4.18,0.164,23560.0,3.8,297888.0,0.0533,72.0
2025-01-08,Data Analysis,3008,13,4.33,0.169,14632.0,4.9,183405.0,0.0455,15.0
2025-01-08,Financial Modeling,906,7,4.56,0.145,4783.0,5.3,61070.0,0.0527,14.3
2025-01-08,Graphic Design,5447,44,4.21,0.142,29188.0,5.4,497306.0,0.0396,7.1
2025-01-08,Legal Consulting,648,5,4.57,0.161,3054.0,4.7,50982.0,0.0509,10.1
2025-01-08,Mobile App,1878,11,4.26,0.158,10089.0,5.4,151500.0,0.0486,5.8
2025-01-08,Music Production,1243,5,3.93,0.133,5060.0,4.1,74783.0,0.0536,3.6
2025-01-08,Photography,1950,8,4.14,0.14,10400.0,5.3,134883.0,0.0418,8.1
2025-01-08,SEO/SEM,2316,13,4.02,0.176,9969.0,4.3,121388.0,0.047,6.1
2025-01-08,Social Media Management,3154,8,3.97,0.165,13504.0,4.3,176592.0,0.0559,6.1
2025-01-08,Translation,4340,19,3.92,0.18,22926.0,5.3,388337.0,0.048,6.0
2025-01-08,Video Production,1353,12,4.22,0.121,7624.0,5.6,132972.0,0.0512,8.4
2025-01-08,Virtual Assistant,4617,27,3.86,0.18,18725.0,4.1,235431.0,0.0408,10.5
2025-01-08,Web Development,3104,34,4.25,0.139,17643.0,5.7,312411.0,0.0587,19.9
2025-01-09,AI/ML Development,1990,18,4.41,0.139,9329.0,4.7,155712.0,0.0376,14.6
2025-01-09,Content Writing,7618,36,4.02,0.142,33565.0,4.4,476053.0,0.0428,4.5
2025-01-09,Data Analysis,2730,12,4.42,0.086,11736.0,4.3,154304.0,0.0596,12.8
2025-01-09,Financial Modeling,813,3,4.52,0.19,3813.0,4.7,66002.0,0.0522,37.2
2025-01-09,Graphic Design,5263,76,4.13,0.156,21266.0,4.0,282900.0,0.0521,4.0
2025-01-09,Legal Consulting,655,3,4.62,0.115,2837.0,4.3,46272.0,0.0469,12.0
2025-01-09,Mobile App,2179,27,4.23,0.092,7019.0,3.2,106937.0,0.0337,9.8
2025-01-09,Music Production,1337,7,3.91,0.159,5544.0,4.1,87537.0,0.0587,6.5
2025-01-09,Photography,1831,9,4.08,0.186,7964.0,4.3,117882.0,0.0469,6.5
2025-01-09,SEO/SEM,2316,22,3.96,0.144,9431.0,4.1,135506.0,0.0447,5.5
2025-01-09,Social Media Management,3520,23,3.87,0.179,14174.0,4.0,212060.0,0.0329,4.8
2025-01-09,Translation,3972,15,3.98,0.094,13438.0,3.4,161354.0,0.0489,9.0
2025-01-09,Video Production,1469,6,4.19,0.155,6568.0,4.5,106226.0,0.051,5.3
2025-01-09,Virtual Assistant,4180,21,3.88,0.222,13990.0,3.3,249959.0,0.0562,7.8
2025-01-09,Web Development,3510,11,4.32,0.137,13012.0,3.7,190193.0,0.0509,14.5
2025-01-10,AI/ML Development,1960,9,4.41,0.186,7584.0,3.9,121070.0,0.0336,13.4
2025-01-10,Content Writing,6339,14,3.98,0.141,26981.0,4.3,470499.0,0.0426,22.3
2025-01-10,Data Analysis,2724,12,4.29,0.168,10975.0,4.0,160432.0,0.0557,8.2
2025-01-10,Financial Modeling,834,13,4.6,0.15,4257.0,5.1,67313.0,0.0465,10.4
2025-01-10,Graphic Design,4967,25,4.11,0.164,15735.0,3.2,228378.0,0.0538,4.8
2025-01-10,Legal Consulting,676,4,4.66,0.155,3516.0,5.2,63263.0,0.0481,7.7
2025-01-10,Mobile App,1859,14,4.25,0.183,,4.6,110168.0,1.8313,4.2
2025-01-10,Music Production,1387,33,3.91,0.109,5655.0,4.1,71054.0,0.0508,5.6
2025-01-10,Photography,2093,20,4.17,0.152,7372.0,3.5,130469.0,0.0232,4.5
2025-01-10,SEO/SEM,2461,13,4.05,0.191,8584.0,3.5,110357.0,0.0557,7.1
2025-01-10,Social Media Management,2822,11,3.92,0.18,8781.0,3.1,140037.0,0.0544,9.7
2025-01-10,Translation,3637,37,3.91,0.139,13132.0,3.6,224021.0,0.0464,4.8
2025-01-10,Video Production,1435,4,4.27,0.173,5143.0,3.6,68863.0,0.045,2.8
2025-01-10,Virtual Assistant,4833,45,3.87,0.155,19430.0,4.0,308022.0,0.0401,11.3
2025-01-10,Web Development,3702,31,4.31,0.169,17755.0,4.8,279014.0,0.031,6.6
2025-01-11,AI/ML Development,1884,16,4.43,0.158,5216.0,2.8,71710.0,0.0254,5.9
2025-01-11,Content Writing,7389,13,3.97,0.146,22915.0,3.1,321784.0,0.0391,7.7
2025-01-11,Data Analysis,2928,13,4.42,0.147,8468.0,2.9,110718.0,0.0481,6.0
2025-01-11,Financial Modeling,841,5,4.44,0.143,2501.0,3.0,37567.0,0.0589,4.2
2025-01-11,Graphic Design,5631,102,4.15,0.15,13852.0,2.5,203786.0,0.0545,13.0
2025-01-11,Legal Consulting,647,8,4.64,0.18,2125.0,3.3,31854.0,0.0317,13.0
2025-01-11,Mobile App,2110,10,4.29,0.141,7073.0,3.4,91384.0,0.0373,1.8
2025-01-11,Music Production,1345,6,3.95,0.127,3793.0,2.8,56695.0,0.0501,4.5
2025-01-11,Photography,1792,12,4.16,0.118,5604.0,3.1,99608.0,0.0376,6.2
2025-01-11,SEO/SEM,2043,9,4.01,0.165,4390.0,2.1,69144.0,0.0331,10.7
2025-01-11,Social Media Management,3426,32,3.86,0.122,8826.0,2.6,150736.0,0.0413,9.5
2025-01-11,Translation,4408,25,3.91,0.067,13639.0,3.1,180143.0,0.0587,3.8
2025-01-11,Video Production,1539,10,4.16,0.129,4904.0,3.2,71315.0,0.0505,7.7
2025-01-11,Virtual Assistant,4227,39,3.73,0.204,9650.0,2.3,125726.0,0.0617,23.6
2025-01-11,Web Development,3312,14,4.43,0.15,10509.0,3.2,142276.0,0.0342,26.4
2025-01-12,AI/ML Development,1649,23,4.4,0.178,4181.0,2.5,67422.0,0.0415,4.6
2025-01-12,Content Writing,6964,32,3.98,0.152,18899.0,2.7,283750.0,0.0562,8.1
2025-01-12,Data Analysis,2837,11,4.32,0.082,6372.0,2.2,76589.0,0.0519,10.6
2025-01-12,Financial Modeling,972,4,4.57,0.14,2469.0,2.5,35842.0,0.0436,12.7
2025-01-12,Graphic Design,5628,61,4.22,0.146,12938.0,2.3,172957.0,0.0428,4.7
2025-01-12,Legal Consulting,671,1,4.62,0.167,1568.0,2.3,25732.0,0.0431,2.8
2025-01-12,Mobile App,1993,27,4.18,0.19,4676.0,2.3,62147.0,0.0433,2.9
2025-01-12,Music Production,1369,6,3.99,0.171,3505.0,2.6,50710.0,0.0644,2.8
2025-01-12,Photography,1955,10,4.08,0.21,4846.0,2.5,60896.0,0.0555,6.2
2025-01-12,SEO/SEM,1972,17,3.99,0.213,4969.0,2.5,83369.0,0.0495,6.3
2025-01-12,Social Media Management,3322,18,3.77,0.105,7046.0,2.1,105833.0,0.0357,14.4
2025-01-12,Translation,3725,17,4.02,0.219,9139.0,2.5,123003.0,0.0376,19.5
2025-01-12,Video Production,1486,11,4.24,0.128,3770.0,2.5,51948.0,0.0448,12.8
2025-01-12,Virtual Assistant,4730,10,3.87,0.095,11225.0,2.4,167915.0,0.0515,11.2
2025-01-12,Web Development,3166,9,4.38,0.165,9406.0,3.0,143153.0,0.0553,5.0
2025-01-13,AI/ML Development,1873,7,4.47,0.105,10104.0,5.4,145685.0,0.0446,9.0
2025-01-13,Content Writing,6632,73,4.04,0.164,33357.0,5.0,401440.0,0.0493,1.9
2025-01-13,Data Analysis,2599,22,4.31,0.232,10605.0,4.1,183127.0,0.0402,4.7
2025-01-13,Financial Modeling,887,7,4.54,0.137,5145.0,5.8,76847.0,0.0462,13.6
2025-01-13,Graphic Design,5653,27,4.19,0.166,29095.0,5.1,508160.0,0.0495,3.3
2025-01-13,Legal Consulting,647,1,4.65,0.181,2937.0,4.5,38298.0,0.0412,2.5
2025-01-13,Mobile App,1980,17,4.13,0.15,10578.0,5.3,134611.0,0.0466,8.4
2025-01-13,Music Production,1247,5,3.9,0.142,6512.0,5.2,99459.0,0.0413,4.5
2025-01-13,Photography,1845,19,4.1,0.092,8740.0,4.7,143819.0,0.0412,18.1
2025-01-13,SEO/SEM,2423,21,3.99,0.114,8868.0,3.7,129154.0,0.0462,3.9
2025-01-13,Social Media Management,3300,12,3.85,0.161,11815.0,3.6,185047.0,0.0437,7.6
2025-01-13,Translation,3584,16,3.93,0.186,14600.0,4.1,234782.0,0.0534,12.1
2025-01-13,Video Production,1521,11,4.23,0.153,5894.0,3.9,85108.0,0.042,3.4
2025-01-13,Virtual Assistant,4055,33,3.85,0.133,14283.0,3.5,244222.0,0.0445,5.4
2025-01-13,Web Development,3132,8,4.3,0.116,14491.0,4.6,175202.0,0.0471,5.8
2025-01-14,AI/ML Development,1753,14,4.37,0.156,8700.0,5.0,135897.0,0.0441,11.7
2025-01-14,Content Writing,6790,62,4.01,0.137,30615.0,4.5,461718.0,0.0435,3.2
2025-01-14,Data Analysis,3013,58,4.29,0.151,12239.0,4.1,181322.0,0.0408,1.6
2025-01-14,Financial Modeling,1001,8,4.47,0.154,5752.0,5.7,100240.0,0.0453,5.6
2025-01-14,Graphic Design,4926,95,4.15,0.117,19005.0,3.9,308115.0,0.0385,6.9
2025-01-14,Legal Consulting,622,4,4.62,0.134,3575.0,5.7,62996.0,0.0394,3.2
2025-01-14,Mobile App,1866,20,4.2,0.134,8834.0,4.7,153163.0,0.0496,22.0
2025-01-14,Music Production,1172,8,3.9,0.137,5735.0,4.9,91557.0,0.0326,21.1
2025-01-14,Photography,1717,5,4.11,0.181,6462.0,3.8,78218.0,0.0487,1.6
2025-01-14,SEO/SEM,2141,23,4.0,0.155,11290.0,5.3,164366.0,0.0446,10.4
2025-01-14,Social Media Management,2836,23,3.86,0.178,12794.0,4.5,214156.0,0.0446,7.2
2025-01-14,Translation,3629,36,3.92,0.115,18396.0,5.1,325642.0,0.0388,7.2
2025-01-14,Video Production,1592,12,4.32,0.146,6453.0,4.1,109158.0,0.0514,3.6
2025-01-14,Virtual Assistant,4912,19,3.86,0.155,18424.0,3.8,,0.0471,7.8
2025-01-14,Web Development,3412,35,4.38,0.136,17801.0,5.2,231501.0,0.0292,11.8
2025-01-15,AI/ML Development,1738,15,4.49,0.16,7317.0,4.2,111033.0,0.0497,7.2
2025-01-15,Content Writing,6675,31,4.07,0.163,32249.0,4.8,398032.0,0.0458,5.3
2025-01-15,Data Analysis,2905,17,4.28,0.221,11824.0,4.1,167850.0,0.0323,3.1
2025-01-15,Financial Modeling,843,11,4.45,0.194,3493.0,4.1,52836.0,0.0454,2.4
2025-01-15,Graphic Design,4650,23,4.06,0.191,25121.0,5.4,363694.0,0.0459,8.4
2025-01-15,Legal Consulting,600,2,4.51,0.209,2497.0,4.2,35320.0,0.0458,8.8
2025-01-15,Mobile App,2191,17,4.27,0.15,9279.0,4.2,150373.0,0.0407,9.7
2025-01-15,Music Production,1411,24,3.94,0.189,5259.0,3.7,92500.0,0.0541,7.9
2025-01-15,Photography,2046,11,4.03,0.126,7904.0,3.9,133038.0,0.0472,22.4
2025-01-15,SEO/SEM,2072,20,4.0,0.08,8131.0,3.9,130718.0,0.0447,6.5
2025-01-15,Social Media Management,3177,19,3.98,0.152,15892.0,5.0,236923.0,0.043,16.9
2025-01-15,Translation,4440,77,3.93,0.185,16121.0,3.6,204662.0,0.0326,14.5
2025-01-15,Video Production,1385,17,4.26,0.157,5877.0,4.2,72342.0,0.0323,8.3
2025-01-15,Virtual Assistant,4439,16,3.84,0.132,15634.0,3.5,248143.0,0.0596,3.5
2025-01-15,Web Development,3316,10,4.36,0.149,18093.0,5.5,318921.0,0.044,38.0
2025-01-16,AI/ML Development,1684,14,4.55,0.157,5960.0,3.5,88342.0,0.0317,8.1
2025-01-16,Content Writing,7425,53,4.08,0.13,24554.0,3.3,295969.0,0.0411,9.2
2025-01-16,Data Analysis,2831,26,4.36,0.128,13297.0,4.7,163844.0,0.0392,3.6
2025-01-16,Financial Modeling,965,6,4.66,0.134,4099.0,4.2,53444.0,0.0519,10.2
2025-01-16,Graphic Design,4508,61,4.11,0.177,17879.0,4.0,248653.0,0.025,2.7
2025-01-16,Legal Consulting,683,4,4.6,0.137,2781.0,4.1,46558.0,0.0361,30.4
2025-01-16,Mobile App,2109,18,4.12,0.166,7852.0,3.7,107882.0,0.0409,5.1
2025-01-16,Music Production,1307,14,3.89,0.198,3866.0,3.0,66414.0,0.0359,5.3
2025-01-16,Photography,2054,14,4.12,0.115,7019.0,3.4,118644.0,0.0339,31.9
2025-01-16,SEO/SEM,2417,16,4.11,0.141,10607.0,4.4,182565.0,0.0492,4.9
2025-01-16,Social Media Management,3281,18,3.84,0.168,11516.0,3.5,177417.0,0.0559,9.2
2025-01-16,Translation,4278,50,3.98,0.163,17157.0,4.0,220359.0,0.0508,7.1
2025-01-16,Video Production,1616,15,4.22,0.145,6997.0,4.3,102071.0,0.0546,5.0
2025-01-16,Virtual Assistant,4814,16,3.86,0.183,17403.0,3.6,278651.0,0.0492,9.3
2025-01-16,Web Development,3663,36,4.42,0.091,15755.0,4.3,228656.0,0.0394,4.0
2025-01-17,AI/ML Development,1943,7,4.48,0.14,7733.0,4.0,97682.0,0.0487,5.3
2025-01-17,Content Writing,7524,37,4.15,0.164,30887.0,4.1,377245.0,0.0478,4.3
2025-01-17,Data Analysis,2818,15,4.33,0.147,12079.0,4.3,206056.0,0.0405,72.0
2025-01-17,Financial Modeling,906,10,4.65,0.116,4352.0,4.8,70896.0,0.041,11.0
2025-01-17,Graphic Design,4964,63,3.94,0.165,14970.0,3.0,223881.0,0.0441,17.3
2025-01-17,Legal Consulting,673,3,4.64,0.093,2846.0,4.2,43987.0,0.0499,23.7
2025-01-17,Mobile App,2194,11,4.24,0.168,9299.0,4.2,143838.0,0.057,9.1
2025-01-17,Music Production,1405,10,3.96,0.182,4572.0,3.3,76579.0,0.0434,15.0
2025-01-17,Photography,1960,4,4.14,0.125,6855.0,3.5,87399.0,0.0342,9.6
2025-01-17,SEO/SEM,2425,10,4.11,0.193,8557.0,3.5,150280.0,0.0421,8.5
2025-01-17,Social Media Management,3039,36,3.86,0.078,9952.0,3.3,166149.0,0.0345,22.8
2025-01-17,Translation,3617,38,3.97,0.175,11293.0,3.1,142816.0,0.032,6.4
2025-01-17,Video Production,1360,22,4.22,0.185,4901.0,3.6,77376.0,0.0443,20.2
2025-01-17,Virtual Assistant,4177,63,3.9,0.193,14180.0,3.4,231144.0,0.0443,10.7
2025-01-17,Web Development,3534,27,4.37,0.163,13653.0,3.9,211784.0,0.0523,15.3
2025-01-18,AI/ML Development,1986,21,4.53,0.176,5548.0,2.8,79506.0,0.0515,8.7
2025-01-18,Content Writing,7697,41,4.02,0.179,22275.0,2.9,360648.0,0.0422,9.3
2025-01-18,Data Analysis,2449,38,4.34,0.191,8321.0,3.4,145392.0,0.0593,14.3
2025-01-18,Financial Modeling,853,8,4.53,0.153,2161.0,2.5,32691.0,0.0469,9.0
2025-01-18,Graphic Design,4718,31,4.15,0.119,15025.0,3.2,215037.0,0.0403,14.6
2025-01-18,Legal Consulting,595,3,4.62,0.184,1561.0,2.6,19632.0,0.0469,7.2
2025-01-18,Mobile App,2062,8,4.25,0.188,4863.0,2.4,59126.0,0.0572,10.0
2025-01-18,Music Production,1171,17,3.86,0.207,2607.0,2.2,43247.0,0.0447,8.6
2025-01-18,Photography,1729,6,4.18,0.111,4215.0,2.4,68078.0,0.0415,4.3
2025-01-18,SEO/SEM,2096,6,4.05,0.073,5494.0,2.6,90795.0,0.0471,7.1
2025-01-18,Social Media Management,3247,11,3.87,0.269,9633.0,3.0,133055.0,0.0614,4.9
2025-01-18,Translation,4189,41,3.9,0.14,11731.0,2.8,169513.0,0.0445,3.3
2025-01-18,Video Production,1606,15,4.25,0.21,5401.0,3.4,79707.0,0.0556,14.9
2025-01-18,Virtual Assistant,4212,17,3.87,0.169,10003.0,2.4,131675.0,0.0432,18.3
2025-01-18,Web Development,3706,55,4.3,0.154,8814.0,2.4,129713.0,0.0459,5.2
2025-01-19,AI/ML Development,1606,15,4.36,0.125,4275.0,2.7,73217.0,0.0425,4.1
2025-01-19,Content Writing,7505,33,4.04,0.106,19753.0,2.6,302557.0,0.0647,7.6
2025-01-19,Data Analysis,2470,27,4.31,0.097,5976.0,2.4,75238.0,0.0479,4.8
2025-01-19,Financial Modeling,969,8,4.46,0.182,2878.0,3.0,43331.0,0.0528,14.7
2025-01-19,Graphic Design,4501,78,4.18,0.196,12505.0,2.8,213208.0,0.0404,8.7
2025-01-19,Legal Consulting,635,3,4.64,0.143,1799.0,2.8,29845.0,0.0354,6.7
2025-01-19,Mobile App,1968,13,4.21,0.132,4578.0,2.3,71558.0,0.041,27.7
2025-01-19,Music Production,1366,6,3.95,0.158,2756.0,2.0,33518.0,0.043,15.6
2025-01-19,Photography,1814,9,4.2,0.119,4164.0,2.3,72471.0,0.0459,31.2
2025-01-19,SEO/SEM,2240,14,4.1,0.175,6480.0,2.9,107969.0,0.0413,4.4
2025-01-19,Social Media Management,3414,22,3.81,0.128,7566.0,2.2,108302.0,0.0387,8.0
2025-01-19,Translation,3687,30,3.94,0.189,9294.0,2.5,127170.0,0.0493,13.9
2025-01-19,Video Production,1547,21,4.17,0.177,3312.0,2.1,54055.0,0.046,15.5
2025-01-19,Virtual Assistant,4480,25,3.83,0.179,11317.0,2.5,191001.0,0.0598,1.3
2025-01-19,Web Development,3714,15,4.34,0.188,9584.0,2.6,138246.0,0.0543,8.9
2025-01-20,AI/ML Development,1952,15,4.24,0.174,9488.0,4.9,115144.0,0.0502,6.7
2025-01-20,Content Writing,7265,44,4.04,0.198,39419.0,5.4,561088.0,0.0374,17.9
2025-01-20,Data Analysis,3082,48,4.32,0.146,15410.0,5.0,219272.0,0.0428,4.3
2025-01-20,Financial Modeling,893,4,4.55,0.16,3759.0,4.2,66978.0,0.0454,3.5
2025-01-20,Graphic Design,5669,16,4.22,0.154,23657.0,4.2,397943.0,0.0348,13.0
2025-01-20,Legal Consulting,576,4,4.66,0.131,2768.0,4.8,45158.0,0.0409,18.0
2025-01-20,Mobile App,1820,10,4.13,0.146,7456.0,4.1,122385.0,0.047,8.3
2025-01-20,Music Production,1154,11,3.83,0.189,5221.0,4.5,80049.0,0.054,17.1
2025-01-20,Photography,2011,18,4.06,0.165,10422.0,5.2,145086.0,0.0487,4.3
2025-01-20,SEO/SEM,2390,12,4.08,0.191,13211.0,5.5,169610.0,0.0399,7.2
2025-01-20,Social Media Management,3373,18,3.81,0.165,14315.0,4.2,218590.0,0.0489,3.2
2025-01-20,Translation,4197,18,4.06,0.144,21390.0,5.1,383711.0,0.0365,19.7
2025-01-20,Video Production,1442,18,4.19,0.141,6260.0,4.3,80541.0,0.0366,8.8
2025-01-20,Virtual Assistant,4438,45,3.68,0.117,16391.0,3.7,211751.0,0.0477,5.3
2025-01-20,Web Development,3184,14,4.43,0.186,15646.0,4.9,208788.0,0.0465,6.9
2025-01-21,AI/ML Development,1746,11,4.49,0.168,10096.0,5.8,141251.0,0.0427,12.0
2025-01-21,Content Writing,6423,66,4.11,0.185,35791.0,5.6,602680.0,0.0325,5.6
2025-01-21,Data Analysis,2729,10,4.28,0.145,15798.0,5.8,283263.0,0.0595,4.8
2025-01-21,Financial Modeling,851,6,4.55,0.13,4125.0,4.8,52689.0,0.0553,19.7
2025-01-21,Graphic Design,4598,20,4.29,0.15,24598.0,5.3,420902.0,0.0526,16.2
2025-01-21,Legal Consulting,593,2,4.58,0.133,3069.0,5.2,51517.0,0.052,5.0
2025-01-21,Mobile App,1809,24,4.29,0.204,9531.0,5.3,159943.0,0.0422,3.7
2025-01-21,Music Production,1342,13,3.95,0.159,4814.0,3.6,68141.0,0.0623,18.0
2025-01-21,Photography,2060,22,4.33,0.14,11664.0,5.7,156999.0,0.0313,5.2
2025-01-21,SEO/SEM,2142,13,4.06,0.202,8365.0,3.9,136204.0,0.0399,22.1
2025-01-21,Social Media Management,2908,21,3.86,0.131,12970.0,4.5,207653.0,0.0324,5.5
2025-01-21,Translation,4068,42,3.95,0.112,15703.0,3.9,205888.0,0.0518,6.9
2025-01-21,Video Production,1314,13,4.33,0.13,6548.0,5.0,87371.0,0.0494,6.3
2025-01-21,Virtual Assistant,4471,19,3.87,0.114,21910.0,4.9,296070.0,0.0305,7.7
2025-01-21,Web Development,3271,26,4.35,0.098,13376.0,4.1,183313.0,0.0356,19.7
2025-01-22,AI/ML Development,1798,19,4.37,0.127,7679.0,4.3,102520.0,0.0438,10.3
2025-01-22,Content Writing,7153,77,3.99,0.108,30237.0,4.2,369566.0,0.042,11.0
2025-01-22,Data Analysis,2795,21,4.31,0.142,16009.0,5.7,222120.0,0.0442,3.4
2025-01-22,Financial Modeling,882,6,4.53,0.172,4907.0,5.6,71871.0,0.0396,16.1
2025-01-22,Graphic Design,5470,43,4.14,0.159,22174.0,4.1,366870.0,0.0406,6.3
2025-01-22,Legal Consulting,696,1,4.67,0.132,3149.0,4.5,39675.0,0.0362,10.1
2025-01-22,Mobile App,2179,9,4.26,0.135,11887.0,5.5,147859.0,0.0473,3.3
2025-01-22,Music Production,1229,6,3.99,0.112,6352.0,5.2,100820.0,0.0454,27.4
2025-01-22,Photography,2040,12,4.22,0.169,8545.0,4.2,145566.0,0.0413,15.2
2025-01-22,SEO/SEM,-4,21,4.02,0.175,8998.0,4.4,145172.0,0.0394,6.0
2025-01-22,Social Media Management,3500,15,3.85,0.153,14809.0,4.2,238448.0,0.0517,3.3
2025-01-22,Translation,4207,32,3.92,0.148,17317.0,4.1,307849.0,0.0403,5.2
2025-01-22,Video Production,1478,5,4.25,0.163,8139.0,5.5,127945.0,0.049,5.6
2025-01-22,Virtual Assistant,4397,25,3.81,0.104,20942.0,4.8,349753.0,0.0495,6.4
2025-01-22,Web Development,3269,16,4.35,0.149,15316.0,4.7,193682.0,0.0326,10.5
2025-01-23,AI/ML Development,1782,33,4.49,0.118,6146.0,3.4,76013.0,0.0396,4.8
2025-01-23,Content Writing,6201,36,4.01,0.158,19415.0,3.1,319225.0,0.0423,15.8
2025-01-23,Data Analysis,3030,13,4.46,0.066,14215.0,4.7,225418.0,0.0424,12.9
2025-01-23,Financial Modeling,1009,16,4.61,0.136,3679.0,3.6,52066.0,0.0434,9.9
2025-01-23,Graphic Design,4678,39,4.14,0.201,15305.0,3.3,191644.0,0.0323,2.5
2025-01-23,Legal Consulting,567,2,4.63,0.112,2345.0,4.1,36307.0,0.0487,13.8
2025-01-23,Mobile App,1910,12,4.3,0.17,7422.0,3.9,121200.0,0.0347,11.0
2025-01-23,Music Production,1387,10,3.94,0.147,5073.0,3.7,73530.0,0.053,13.8
2025-01-23,Photography,-4,14,4.1,0.123,7358.0,3.5,130384.0,0.0452,5.1
2025-01-23,SEO/SEM,2215,39,4.05,0.151,10060.0,4.5,122439.0,0.0505,6.0
2025-01-23,Social Media Management,3079,34,3.85,0.135,13112.0,4.3,219754.0,0.0323,6.9
2025-01-23,Translation,4066,38,3.96,0.115,15225.0,3.7,197038.0,0.0461,11.1
2025-01-23,Video Production,1313,24,4.21,0.128,5514.0,4.2,71076.0,0.0341,4.5
2025-01-23,Virtual Assistant,4393,24,3.86,0.144,18827.0,4.3,243013.0,0.0525,14.0
2025-01-23,Web Development,3454,13,4.37,0.204,13099.0,3.8,200391.0,0.0587,2.5
2025-01-24,AI/ML Development,1760,32,4.46,0.147,8027.0,4.6,139638.0,0.0454,29.5
2025-01-24,Content Writing,6198,64,4.2,0.115,27297.0,4.4,406204.0,0.0543,7.4
2025-01-24,Data Analysis,3014,33,4.31,0.169,14531.0,4.8,236316.0,0.0597,2.0
2025-01-24,Financial Modeling,886,5,4.56,0.169,4106.0,4.6,68027.0,0.0721,7.1
2025-01-24,Graphic Design,5303,104,4.13,0.196,22651.0,4.3,405471.0,0.0482,11.2
2025-01-24,Legal Consulting,701,2,4.62,0.126,3248.0,4.6,45183.0,0.0564,7.5
2025-01-24,Mobile App,2231,17,4.24,0.13,9200.0,4.1,117436.0,0.0349,10.1
2025-01-24,Music Production,1351,16,4.03,0.143,4961.0,3.7,61493.0,0.049,10.7
2025-01-24,Photography,1700,27,4.05,0.107,5929.0,3.5,100211.0,0.0452,9.0
2025-01-24,SEO/SEM,1997,24,4.11,0.15,7821.0,3.9,94373.0,0.0504,12.0
2025-01-24,Social Media Management,3404,11,3.83,0.188,11308.0,3.3,162279.0,0.0425,3.8
2025-01-24,Translation,3649,18,3.96,0.169,12058.0,3.3,167572.0,0.0321,6.5
2025-01-24,Video Production,1441,8,4.24,0.103,4700.0,3.3,81433.0,0.0331,11.8
2025-01-24,Virtual Assistant,4332,24,3.87,0.155,17211.0,4.0,215898.0,0.051,3.6
2025-01-24,Web Development,3575,43,4.36,0.116,11809.0,3.3,198918.0,0.0449,7.2
2025-01-25,AI/ML Development,1936,22,4.42,0.167,6172.0,3.2,80578.0,0.0398,1.9
2025-01-25,Content Writing,7319,38,4.15,0.18,17528.0,2.4,210971.0,0.0435,19.0
2025-01-25,Data Analysis,2649,26,4.3,0.075,7305.0,2.8,114281.0,0.0293,6.0
2025-01-25,Financial Modeling,962,9,4.51,0.104,2602.0,2.7,45835.0,0.0318,5.1
2025-01-25,Graphic Design,4915,59,4.15,0.173,14122.0,2.9,220599.0,0.0421,5.3
2025-01-25,Legal Consulting,562,6,4.72,0.144,1662.0,3.0,24544.0,0.0349,2.9
2025-01-25,Mobile App,1808,12,4.13,0.093,4404.0,2.4,78904.0,0.0479,11.7
2025-01-25,Music Production,1316,6,3.83,0.151,3543.0,2.7,48487.0,0.0506,2.7
2025-01-25,Photography,1909,28,4.06,0.157,5309.0,2.8,66536.0,0.0406,6.4
2025-01-25,SEO/SEM,2134,10,4.02,0.141,6185.0,2.9,106577.0,0.0566,2.4
2025-01-25,Social Media Management,3176,50,3.88,0.17,6882.0,2.2,93540.0,0.0368,19.8
2025-01-25,Translation,3872,24,4.06,0.115,9227.0,2.4,131648.0,0.0506,18.7
2025-01-25,Video Production,1658,6,4.21,0.169,4213.0,2.5,73558.0,0.0339,4.9
2025-01-25,Virtual Assistant,4829,24,3.98,0.141,11048.0,2.3,170669.0,0.0643,9.0
2025-01-25,Web Development,3738,26,4.31,0.111,10204.0,2.7,159444.0,0.0559,2.2
2025-01-26,AI/ML Development,1831,33,4.31,0.151,5431.0,3.0,83860.0,0.0412,17.5
2025-01-26,Content Writing,6323,49,4.0,0.172,16080.0,2.5,254834.0,0.047,17.8
2025-01-26,Data Analysis,2745,17,4.4,0.122,6421.0,2.3,91975.0,0.0312,10.4
2025-01-26,Financial Modeling,831,10,4.56,0.177,2205.0,2.7,27733.0,0.0381,5.5
2025-01-26,Graphic Design,5614,46,4.07,0.18,14662.0,2.6,195897.0,0.0492,7.0
2025-01-26,Legal Consulting,621,5,4.58,0.155,2069.0,3.3,31330.0,0.0372,6.8
2025-01-26,Mobile App,1798,7,4.24,0.129,4134.0,2.3,60472.0,0.0374,2.4
2025-01-26,Music Production,1329,9,3.92,0.175,2779.0,2.1,36583.0,0.0536,5.0
2025-01-26,Photography,1936,14,4.15,0.181,3953.0,2.0,51035.0,0.0562,7.4
2025-01-26,SEO/SEM,2346,27,4.01,0.116,6826.0,2.9,105695.0,0.0617,9.3
2025-01-26,Social Media Management,3095,15,3.79,0.13,8221.0,2.7,110118.0,0.0401,5.2
2025-01-26,Translation,3746,20,3.89,0.116,9912.0,2.6,142385.0,0.0336,3.8
2025-01-26,Video Production,1512,9,4.24,0.147,3659.0,2.4,55979.0,0.0418,12.5
2025-01-26,Virtual Assistant,4203,33,3.87,0.141,8022.0,1.9,138250.0,0.0397,19.4
2025-01-26,Web Development,3790,65,4.37,0.112,10627.0,2.8,168772.0,0.0383,8.1
2025-01-27,AI/ML Development,1994,10,4.53,0.144,11387.0,5.7,145454.0,0.0405,4.4
2025-01-27,Content Writing,7673,78,4.06,0.15,30872.0,4.0,543171.0,0.0486,2.4
2025-01-27,Data Analysis,2664,24,4.35,0.135,12094.0,4.5,213218.0,0.029,11.4
2025-01-27,Financial Modeling,974,6,4.56,0.126,5287.0,5.4,69378.0,0.0355,3.4
2025-01-27,Graphic Design,4503,14,4.09,0.209,20646.0,4.6,288653.0,0.0532,3.9
2025-01-27,Legal Consulting,648,2,4.59,0.126,2946.0,4.5,38187.0,0.0432,9.9
2025-01-27,Mobile App,2043,9,4.31,0.197,11613.0,5.7,182096.0,0.0504,9.6
2025-01-27,Music Production,1273,16,3.89,0.153,6227.0,4.9,104103.0,0.0303,4.5
2025-01-27,Photography,1949,8,4.1,0.13,8280.0,4.2,143128.0,0.036,4.7
2025-01-27,SEO/SEM,2201,16,4.07,0.158,8565.0,3.9,111566.0,0.0526,10.8
2025-01-27,Social Media Management,3226,11,3.89,0.14,14949.0,4.6,216851.0,0.0447,17.2
2025-01-27,Translation,4150,103,3.86,0.174,19861.0,4.8,286607.0,0.0509,6.7
2025-01-27,Video Production,1312,8,4.27,0.153,7400.0,5.6,102299.0,0.0399,4.3
2025-01-27,Virtual Assistant,4580,30,3.83,0.187,18082.0,3.9,294304.0,0.0498,6.9
2025-01-27,Web Development,3611,25,4.24,0.105,17542.0,4.9,266806.0,0.037,8.6
2025-01-28,AI/ML Development,1748,23,4.46,0.126,7940.0,4.5,134738.0,0.0363,29.3
2025-01-28,Content Writing,7677,27,3.96,0.151,29968.0,3.9,402373.0,0.0555,5.4
2025-01-28,Data Analysis,3037,23,4.27,0.151,14592.0,4.8,251857.0,0.0526,7.6
2025-01-28,Financial Modeling,889,8,4.56,0.181,4541.0,5.1,66605.0,0.0457,10.0
2025-01-28,Graphic Design,4513,10,4.21,0.214,25762.0,5.7,431811.0,0.0513,4.3
2025-01-28,Legal Consulting,688,2,4.67,0.125,3022.0,4.4,48728.0,0.0492,1.9
2025-01-28,Mobile App,1960,33,4.21,0.167,8148.0,4.2,137667.0,0.0535,4.5
2025-01-28,Music Production,1144,18,3.98,0.148,5773.0,5.0,91569.0,0.0364,28.5
2025-01-28,Photography,2077,10,4.14,0.17,10060.0,4.8,141867.0,0.0398,18.4
2025-01-28,SEO/SEM,2462,36,3.97,0.194,11475.0,4.7,147773.0,0.0434,8.1
2025-01-28,Social Media Management,3343,39,3.85,0.161,14694.0,4.4,232284.0,0.0475,5.3
2025-01-28,Translation,3944,23,3.94,0.181,19824.0,5.0,347816.0,0.052,10.1
2025-01-28,Video Production,1653,7,4.25,0.147,8057.0,4.9,123627.0,0.031,12.9
2025-01-28,Virtual Assistant,4420,69,3.78,0.248,20225.0,4.6,329271.0,0.0378,4.8
2025-01-28,Web Development,3771,10,4.35,0.183,22126.0,5.9,307510.0,0.041,4.5
2025-01-29,AI/ML Development,1745,47,4.46,0.126,9909.0,5.7,159330.0,0.0314,19.4
2025-01-29,Content Writing,7073,59,4.02,0.175,32248.0,4.6,396613.0,0.0493,11.7
2025-01-29,Data Analysis,2534,9,4.32,0.127,13894.0,5.5,235776.0,0.0495,5.6
2025-01-29,Financial Modeling,878,8,4.52,0.093,4420.0,5.0,63427.0,0.0504,5.3
2025-01-29,Graphic Design,5655,74,4.22,0.195,23756.0,4.2,293694.0,0.042,4.6
2025-01-29,Legal Consulting,697,3,4.7,0.158,3806.0,5.5,58058.0,0.0364,5.3
2025-01-29,Mobile App,1864,12,4.33,0.107,8501.0,4.6,142292.0,0.0443,26.1
2025-01-29,Music Production,1241,4,3.97,0.163,5029.0,4.1,78839.0,0.0497,29.6
2025-01-29,Photography,1756,4,4.14,0.06,8379.0,4.8,102550.0,0.0459,10.2
2025-01-29,SEO/SEM,2412,11,3.9,0.158,9008.0,3.7,123813.0,0.05,4.2
2025-01-29,Social Media Management,3039,34,3.78,0.15,12713.0,4.2,196834.0,0.0545,15.2
2025-01-29,Translation,3735,7,3.9,0.158,18716.0,5.0,252206.0,0.0372,13.6
2025-01-29,Video Production,1523,7,4.21,0.155,8400.0,5.5,133706.0,0.0375,4.4
2025-01-29,Virtual Assistant,4837,37,3.89,0.132,22170.0,4.6,270462.0,0.0402,10.9
2025-01-29,Web Development,3635,20,4.36,0.136,14465.0,4.0,188072.0,0.0395,5.1
2025-01-30,AI/ML Development,1765,13,4.37,0.14,7993.0,4.5,129832.0,0.0465,12.6
2025-01-30,Content Writing,6122,30,4.12,0.107,24143.0,3.9,349657.0,0.0453,9.6
2025-01-30,Data Analysis,2804,15,4.36,0.133,12263.0,4.4,187450.0,0.0415,15.6
2025-01-30,Financial Modeling,950,4,4.46,0.175,3200.0,3.4,51463.0,0.0449,3.8
2025-01-30,Graphic Design,5044,15,4.01,0.149,22499.0,4.5,324744.0,0.0388,6.3
2025-01-30,Legal Consulting,598,8,4.61,0.148,3117.0,5.2,37727.0,0.0363,3.3
2025-01-30,Mobile App,2260,25,4.29,0.185,9411.0,4.2,118247.0,0.0446,1.4
2025-01-30,Music Production,1181,19,3.92,0.188,3549.0,3.0,53468.0,0.0511,2.8
2025-01-30,Photography,1708,33,4.08,0.165,7810.0,4.6,104795.0,0.0358,5.0
2025-01-30,SEO/SEM,2447,30,4.03,0.128,7698.0,3.1,117809.0,0.0349,1.8
2025-01-30,Social Media Management,3400,19,3.83,0.147,10309.0,3.0,160668.0,0.041,18.3
2025-01-30,Translation,3948,33,3.95,0.162,14137.0,3.6,202085.0,0.0292,5.3
2025-01-30,Video Production,1378,6,4.17,0.125,4648.0,3.4,71996.0,0.0388,16.5
2025-01-30,Virtual Assistant,4543,9,3.85,0.115,15240.0,3.4,200843.0,0.05,10.1
2025-01-30,Web Development,3200,23,4.33,0.135,14086.0,4.4,186655.0,0.0421,7.4
2025-01-31,AI/ML Development,1898,10,4.43,0.128,6951.0,3.7,109328.0,0.0426,9.3
2025-01-31,Content Writing,7225,23,4.03,0.174,31420.0,4.3,447899.0,0.0444,16.7
2025-01-31,Data Analysis,2777,35,4.45,0.161,12068.0,4.3,213884.0,0.0564,18.9
2025-01-31,Financial Modeling,900,9,4.59,0.188,3755.0,4.2,60956.0,0.0475,14.7
2025-01-31,Graphic Design,5620,70,4.15,0.124,19834.0,3.5,258113.0,0.0242,3.8
2025-01-31,Legal Consulting,701,3,4.66,0.165,2907.0,4.1,50095.0,0.0396,4.6
2025-01-31,Mobile App,2138,6,4.24,0.172,8684.0,4.1,118654.0,0.0368,10.8
2025-01-31,Music Production,1408,8,3.92,0.151,5817.0,4.1,72310.0,0.0482,5.5
2025-01-31,Photography,1728,13,4.23,0.176,7631.0,4.4,136650.0,0.0539,5.9
2025-01-31,SEO/SEM,2255,8,4.0,0.118,8359.0,3.7,109054.0,0.0322,22.2
2025-01-31,Social Media Management,3012,4,3.85,0.177,11954.0,4.0,172684.0,0.0482,21.2
2025-01-31,Translation,4258,23,3.94,0.124,12925.0,3.0,201161.0,0.0498,5.7
2025-01-31,Video Production,1384,17,4.29,0.116,4876.0,3.5,84829.0,0.0434,13.1
2025-01-31,Virtual Assistant,4476,17,3.81,0.166,18064.0,4.0,268784.0,0.0532,3.9
2025-01-31,Web Development,3014,27,4.47,0.135,10488.0,3.5,137358.0,0.0361,13.3
2025-02-01,AI/ML Development,1672,4,4.46,0.127,5727.0,3.4,79070.0,0.0544,22.1
2025-02-01,Content Writing,7523,97,3.95,0.139,17585.0,2.3,219072.0,0.0494,4.6
2025-02-01,Data Analysis,2473,8,4.29,0.16,7039.0,2.8,117933.0,0.0393,24.1
2025-02-01,Financial Modeling,886,6,4.51,0.141,2948.0,3.3,38645.0,0.0519,11.1
2025-02-01,Graphic Design,4763,45,4.18,0.162,12836.0,2.7,184696.0,0.0498,6.8
2025-02-01,Legal Consulting,687,5,4.59,0.15,2452.0,3.6,36064.0,0.0415,9.6
2025-02-01,Mobile App,1990,6,4.32,0.161,6431.0,3.2,104508.0,0.0325,20.8
2025-02-01,Music Production,1272,6,3.93,0.132,3406.0,2.7,42714.0,0.0444,6.1
2025-02-01,Photography,1877,7,4.05,0.164,5283.0,2.8,82155.0,0.0417,15.5
2025-02-01,SEO/SEM,2270,29,4.04,0.185,6858.0,3.0,90988.0,0.0438,11.3
2025-02-01,Social Media Management,3112,18,3.83,0.168,7376.0,2.4,123944.0,0.042,13.4
2025-02-01,Translation,4324,23,3.99,0.144,13199.0,3.1,181726.0,0.0426,17.6
2025-02-01,Video Production,1458,12,4.21,0.144,4625.0,3.2,81522.0,0.0484,2.2
2025-02-01,Virtual Assistant,4073,54,3.82,0.156,9360.0,2.3,119831.0,0.0503,4.2
2025-02-01,Web Development,3121,25,4.39,0.145,9621.0,3.1,160414.0,0.0364,20.4
2025-02-02,AI/ML Development,1937,24,4.38,0.181,4825.0,2.5,60894.0,0.0528,12.3
2025-02-02,Content Writing,7180,16,4.08,0.12,16781.0,2.3,229502.0,0.0432,3.6
2025-02-02,Data Analysis,2561,10,4.42,0.185,7090.0,2.8,102547.0,0.0459,6.9
2025-02-02,Financial Modeling,895,4,4.6,0.186,2525.0,2.8,39238.0,0.0448,17.9
2025-02-02,Graphic Design,5115,50,4.16,0.144,13488.0,2.6,167964.0,0.0572,4.1
2025-02-02,Legal Consulting,674,1,4.6,0.145,1775.0,2.6,21592.0,0.0455,11.2
2025-02-02,Mobile App,2039,13,4.2,0.185,5049.0,2.5,62486.0,0.0449,15.9
2025-02-02,Music Production,1389,4,3.95,0.13,3076.0,2.2,46867.0,0.0459,3.8
2025-02-02,Photography,1774,33,4.18,0.093,4428.0,2.5,56865.0,0.0603,2.5
2025-02-02,SEO/SEM,2290,16,4.02,0.104,5582.0,2.4,76340.0,0.0455,7.2
2025-02-02,Social Media Management,3422,21,3.78,0.086,9401.0,2.7,147355.0,0.0464,6.1
2025-02-02,Translation,3936,17,3.86,0.18,8779.0,2.2,150824.0,0.0379,4.8
2025-02-02,Video Production,1562,12,4.27,0.125,4377.0,2.8,77928.0,0.0407,1.7
2025-02-02,Virtual Assistant,4188,34,3.89,0.161,8309.0,2.0,100849.0,0.0436,12.0
2025-02-02,Web Development,3706,21,4.45,0.11,9087.0,2.5,155475.0,0.0563,16.3
2025-02-03,AI/ML Development,1886,14,4.38,0.161,10877.0,5.8,171132.0,0.0465,5.7
2025-02-03,Content Writing,7328,16,4.07,0.132,34367.0,4.7,515257.0,0.0346,8.8
2025-02-03,Data Analysis,2939,38,4.33,0.129,11630.0,4.0,154052.0,0.055,3.5
2025-02-03,Financial Modeling,901,3,4.53,0.179,5511.0,6.1,97759.0,0.0427,19.5
2025-02-03,Graphic Design,5443,56,4.15,0.151,23106.0,4.2,344269.0,0.0456,11.3
2025-02-03,Legal Consulting,572,3,4.63,0.182,3171.0,5.5,55553.0,0.04,11.9
2025-02-03,Mobile App,2250,10,4.16,0.198,11513.0,5.1,150595.0,0.0417,4.1
2025-02-03,Music Production,1428,14,3.92,0.113,7294.0,5.1,99476.0,0.0466,6.6
2025-02-03,Photography,2052,17,4.09,0.159,10502.0,5.1,150580.0,0.0556,9.9
2025-02-03,SEO/SEM,2094,7,4.01,0.175,9395.0,4.5,127739.0,0.0338,6.9
2025-02-03,Social Media Management,2861,30,3.82,0.219,14801.0,5.2,199333.0,0.0358,26.2
2025-02-03,Translation,4293,33,3.84,0.154,16832.0,3.9,260064.0,0.0384,2.4
2025-02-03,Video Production,1368,8,4.28,0.193,7425.0,5.4,97256.0,0.0423,22.7
2025-02-03,Virtual Assistant,4438,24,3.94,0.157,18618.0,4.2,246472.0,0.0402,3.7
2025-02-03,Web Development,3098,8,4.29,0.12,15041.0,4.9,222129.0,0.0405,3.5
2025-02-04,AI/ML Development,1891,9,4.35,0.164,10754.0,5.7,183004.0,0.0377,2.1
2025-02-04,Content Writing,7496,25,4.07,0.168,40962.0,5.5,590642.0,0.0637,5.0
2025-02-04,Data Analysis,2732,24,4.23,0.125,10687.0,3.9,169626.0,0.0333,19.2
2025-02-04,Financial Modeling,833,5,4.51,0.108,4798.0,5.8,81363.0,0.0482,13.0
2025-02-04,Graphic Design,5049,33,4.1,0.156,22558.0,4.5,303268.0,0.0396,9.4
2025-02-04,Legal Consulting,579,2,4.62,0.125,2609.0,4.5,40168.0,0.0282,33.0
2025-02-04,Mobile App,2034,20,4.28,0.179,11059.0,5.4,148722.0,0.0462,22.4
2025-02-04,Music Production,1375,12,3.91,0.134,6712.0,4.9,104171.0,0.0434,4.8
2025-02-04,Photography,1783,7,4.15,0.144,8186.0,4.6,129924.0,0.048,19.7
2025-02-04,SEO/SEM,2233,8,4.11,0.155,10734.0,4.8,141914.0,0.0522,4.2
2025-02-04,Social Media Management,3500,47,3.77,0.156,13942.0,4.0,189896.0,0.0538,9.5
2025-02-04,Translation,3657,36,3.96,0.128,18522.0,5.1,279002.0,0.0491,1.4
2025-02-04,Video Production,1315,5,4.27,0.095,7145.0,5.4,127178.0,0.046,9.5
2025-02-04,Virtual Assistant,4673,43,3.75,0.111,16759.0,3.6,296335.0,0.0358,8.7
2025-02-04,Web Development,3247,24,4.31,0.126,16306.0,5.0,218689.0,0.0534,6.8
2025-02-05,AI/ML Development,1747,29,4.48,0.157,7719.0,4.4,94665.0,0.0559,18.8
2025-02-05,Content Writing,7757,60,4.06,0.159,39209.0,5.1,544524.0,0.0428,11.8
2025-02-05,Data Analysis,2622,23,4.37,0.22,11397.0,4.3,183765.0,0.0436,5.5
2025-02-05,Financial Modeling,855,6,4.49,0.158,5153.0,6.0,71298.0,0.0458,14.5
2025-02-05,Graphic Design,4901,60,4.13,0.11,24038.0,4.9,305486.0,0.0553,4.1
2025-02-05,Legal Consulting,715,6,4.56,0.131,3499.0,4.9,44989.0,0.0479,5.8
2025-02-05,Mobile App,2207,27,4.23,0.196,12216.0,5.5,169778.0,0.0399,14.2
2025-02-05,Music Production,1245,13,3.91,0.13,4765.0,3.8,70005.0,0.0502,4.7
2025-02-05,Photography,2103,14,4.09,0.114,9039.0,4.3,156931.0,0.0525,5.0
2025-02-05,SEO/SEM,1996,11,4.07,0.173,10303.0,5.2,167458.0,0.0272,7.8
2025-02-05,Social Media Management,3141,20,3.84,0.165,14881.0,4.7,226891.0,0.0354,4.0
2025-02-05,Translation,4269,12,3.91,0.118,15293.0,3.6,203344.0,0.0473,11.3
2025-02-05,Video Production,1438,6,4.14,0.185,7100.0,4.9,105970.0,0.0352,7.2
2025-02-05,Virtual Assistant,4460,32,3.79,0.159,19422.0,4.4,236954.0,0.0469,18.7
2025-02-05,Web Development,3447,20,4.2,0.132,15406.0,4.5,212771.0,0.0421,6.6
2025-02-06,AI/ML Development,2008,15,4.38,0.135,7724.0,3.8,124482.0,0.0417,6.4
2025-02-06,Content Writing,6288,75,3.91,0.192,27199.0,4.3,326417.0,0.0437,9.7
2025-02-06,Data Analysis,2562,18,4.34,0.13,8464.0,3.3,122183.0,0.0582,37.6
2025-02-06,Financial Modeling,859,10,4.57,0.165,3630.0,4.2,57014.0,0.0442,10.2
2025-02-06,Graphic Design,4925,68,4.12,0.148,16190.0,3.3,286267.0,0.0316,9.0
2025-02-06,Legal Consulting,645,2,4.56,0.148,2557.0,4.0,42752.0,0.0413,4.3
2025-02-06,Mobile App,2001,7,4.32,0.141,8072.0,4.0,111346.0,0.0401,13.6
2025-02-06,Music Production,1371,5,3.98,0.155,5584.0,4.1,85829.0,0.0565,4.9
2025-02-06,Photography,1921,24,4.15,0.163,6467.0,3.4,97277.0,0.0488,6.2
2025-02-06,SEO/SEM,2303,4,3.95,0.129,8576.0,3.7,107178.0,0.0448,15.5
2025-02-06,Social Media Management,3519,33,3.79,0.103,13322.0,3.8,236749.0,0.0356,4.1
2025-02-06,Translation,4465,51,3.87,0.145,18743.0,4.2,332443.0,0.0407,5.6
2025-02-06,Video Production,1526,5,4.22,0.181,6748.0,4.4,88916.0,0.049,6.7
2025-02-06,Virtual Assistant,4117,11,3.85,0.161,17880.0,4.3,311471.0,0.0434,14.0
2025-02-06,Web Development,3723,43,4.37,0.153,14877.0,4.0,240593.0,0.0535,24.5
2025-02-07,AI/ML Development,1967,41,4.44,0.122,7529.0,3.8,108526.0,0.0536,7.0
2025-02-07,Content Writing,6464,72,4.07,0.127,29468.0,4.6,479600.0,0.0617,10.4
2025-02-07,Data Analysis,2688,17,4.25,0.153,12779.0,4.8,193504.0,0.0511,9.7
2025-02-07,Financial Modeling,979,5,4.54,0.145,3541.0,3.6,60426.0,0.0523,12.0
2025-02-07,Graphic Design,5366,41,4.17,0.168,24050.0,4.5,336975.0,0.0491,6.1
2025-02-07,Legal Consulting,589,16,4.61,0.099,2318.0,3.9,34098.0,0.0485,8.6
2025-02-07,Mobile App,1784,6,4.31,0.166,7253.0,4.1,130291.0,0.0435,11.2
2025-02-07,Music Production,1169,21,3.9,0.205,3949.0,3.4,70933.0,0.0429,7.4
2025-02-07,Photography,2020,25,4.1,0.189,8164.0,4.0,107516.0,0.0345,1.4
2025-02-07,SEO/SEM,2124,13,4.13,0.107,8502.0,4.0,128164.0,0.0383,5.8
2025-02-07,Social Media Management,3113,9,3.85,0.114,9903.0,3.2,173809.0,0.0397,7.3
2025-02-07,Translation,4345,12,3.87,0.185,13933.0,3.2,192109.0,0.0389,7.9
2025-02-07,Video Production,1574,7,4.16,0.152,6512.0,4.1,108869.0,0.036,15.2
2025-02-07,Virtual Assistant,4517,72,3.86,0.125,17336.0,3.8,257696.0,0.0436,5.4
2025-02-07,Web Development,3280,74,4.29,0.17,15806.0,4.8,265425.0,0.0617,10.0
2025-02-08,AI/ML Development,1824,12,4.42,0.129,4917.0,2.7,63072.0,0.0314,11.1
2025-02-08,Content Writing,7713,25,4.02,0.125,17517.0,2.3,312144.0,0.0463,17.7
2025-02-08,Data Analysis,2620,7,4.3,0.167,6309.0,2.4,95172.0,0.0457,5.9
2025-02-08,Financial Modeling,940,4,4.59,0.155,3257.0,3.5,56666.0,0.0465,13.4
2025-02-08,Graphic Design,5121,57,4.18,0.206,14859.0,2.9,214331.0,0.0514,7.9
2025-02-08,Legal Consulting,564,2,4.7,0.194,1973.0,3.5,28548.0,0.0318,2.9
2025-02-08,Mobile App,2032,12,4.2,0.132,6135.0,3.0,100325.0,0.0527,3.8
2025-02-08,Music Production,1145,5,3.89,0.144,3031.0,2.6,50960.0,0.0342,16.6
2025-02-08,Photography,1788,15,4.1,0.106,5042.0,2.8,72116.0,0.0379,7.4
2025-02-08,SEO/SEM,2206,16,4.04,0.139,4922.0,2.2,77993.0,0.0391,5.3
2025-02-08,Social Media Management,2850,24,3.89,0.137,6460.0,2.3,82239.0,0.041,3.2
2025-02-08,Translation,4440,41,3.94,0.185,13214.0,3.0,172774.0,0.0388,6.5
2025-02-08,Video Production,1574,20,4.2,0.123,4444.0,2.8,79872.0,0.0457,6.7
2025-02-08,Virtual Assistant,4996,82,3.83,0.137,13475.0,2.7,210752.0,0.0403,1.4
2025-02-08,Web Development,3438,33,4.39,0.149,9323.0,2.7,130451.0,0.0395,5.5
2025-02-09,AI/ML Development,1681,20,4.48,0.153,5303.0,3.2,93638.0,0.045,3.2
2025-02-09,Content Writing,6281,50,4.08,0.128,18513.0,2.9,255629.0,0.0419,8.4
2025-02-09,Data Analysis,2638,16,4.31,0.096,7872.0,3.0,132721.0,0.0453,2.1
2025-02-09,Financial Modeling,1009,7,4.54,0.155,2972.0,2.9,38068.0,0.0437,2.1
2025-02-09,Graphic Design,4534,32,4.05,0.129,9212.0,2.0,150629.0,0.0291,10.4
2025-02-09,Legal Consulting,644,2,4.62,0.17,1543.0,2.4,20250.0,0.0467,4.4
2025-02-09,Mobile App,2215,19,4.24,0.126,6316.0,2.9,100595.0,0.0415,9.4
2025-02-09,Music Production,1348,12,3.92,0.122,3373.0,2.5,51638.0,0.0426,9.7
2025-02-09,Photography,1973,14,4.12,0.189,5383.0,2.7,81873.0,0.0419,5.9
2025-02-09,SEO/SEM,2064,6,4.01,0.169,4971.0,2.4,63704.0,0.0688,3.0
2025-02-09,Social Media Management,3098,37,3.78,0.177,6579.0,2.1,90884.0,0.0501,29.7
2025-02-09,Translation,3702,24,3.98,0.175,10262.0,2.8,131832.0,0.0442,8.5
2025-02-09,Video Production,1659,6,4.26,0.189,3767.0,2.3,56156.0,0.0293,4.6
2025-02-09,Virtual Assistant,5005,59,3.76,0.197,10300.0,2.1,138166.0,0.0396,4.1
2025-02-09,Web Development,3739,49,4.31,0.189,7921.0,2.1,96431.0,0.0458,15.9
2025-02-10,AI/ML Development,1895,10,4.48,0.164,8280.0,4.4,135785.0,0.0561,27.2
2025-02-10,Content Writing,6142,48,4.14,0.161,25483.0,4.1,434588.0,0.0528,14.1
2025-02-10,Data Analysis,2745,31,4.44,0.128,14116.0,5.1,194524.0,0.0499,11.8
2025-02-10,Financial Modeling,799,6,4.57,0.124,4610.0,5.8,63464.0,0.0365,5.0
2025-02-10,Graphic Design,5716,24,4.12,0.177,27609.0,4.8,459830.0,0.0465,9.1
2025-02-10,Legal Consulting,577,5,4.58,0.18,2394.0,4.1,40417.0,0.06,20.4
2025-02-10,Mobile App,1890,35,4.33,0.115,10759.0,5.7,165232.0,0.0537,7.2
2025-02-10,Music Production,1407,7,3.88,0.162,5892.0,4.2,82566.0,0.0414,11.0
2025-02-10,Photography,1697,6,4.07,0.149,8289.0,4.9,135463.0,0.0488,1.7
2025-02-10,SEO/SEM,2210,8,4.06,0.15,11344.0,5.1,197114.0,0.0369,9.2
2025-02-10,Social Media Management,2981,20,3.88,0.173,11568.0,3.9,152967.0,0.0523,1.7
2025-02-10,Translation,4403,27,3.88,0.134,18143.0,4.1,289201.0,0.0243,5.1
2025-02-10,Video Production,1434,12,4.17,0.155,6206.0,4.3,102485.0,0.0454,19.6
2025-02-10,Virtual Assistant,4389,47,3.87,0.13,22460.0,5.1,332869.0,0.0418,13.1
2025-02-10,Web Development,3544,55,4.31,0.117,14256.0,4.0,256560.0,0.0497,15.2
2025-02-11,AI/ML Development,1968,14,4.53,0.138,9743.0,5.0,132773.0,0.0414,3.8
2025-02-11,Content Writing,7480,68,4.03,0.151,27362.0,3.7,378126.0,0.0311,11.9
2025-02-11,Data Analysis,2501,28,4.36,0.151,11991.0,4.8,187596.0,0.0528,9.2
2025-02-11,Financial Modeling,938,9,4.48,0.15,4104.0,4.4,55972.0,0.0367,5.2
2025-02-11,Graphic Design,5721,136,4.13,0.132,23921.0,4.2,368590.0,0.0575,8.7
2025-02-11,Legal Consulting,699,3,4.69,0.155,3775.0,5.4,50478.0,0.0317,8.9
2025-02-11,Mobile App,1963,8,4.13,0.172,9418.0,4.8,168734.0,0.042,15.5
2025-02-11,Music Production,1211,3,4.03,0.166,6512.0,5.4,91777.0,0.0368,9.7
2025-02-11,Photography,2111,10,4.06,0.132,9168.0,4.3,110421.0,0.051,1.9
2025-02-11,SEO/SEM,2375,28,4.08,0.154,12699.0,5.3,155695.0,0.0383,5.2
2025-02-11,Social Media Management,2834,40,3.82,0.234,13682.0,4.8,186130.0,0.0367,6.1
2025-02-11,Translation,4491,22,3.94,0.153,20166.0,4.5,257445.0,0.0533,4.7
2025-02-11,Video Production,1363,6,4.21,0.158,7713.0,5.7,122296.0,0.0438,7.5
2025-02-11,Virtual Assistant,4961,30,3.81,0.102,19416.0,3.9,260711.0,0.0612,34.4
2025-02-11,Web Development,3038,14,4.46,0.138,13910.0,4.6,207158.0,0.0567,15.5
2025-02-12,AI/ML Development,1775,12,4.45,0.093,7751.0,4.4,113699.0,0.0275,8.1
2025-02-12,Content Writing,6192,29,4.02,0.149,26009.0,4.2,426318.0,0.0159,25.5
2025-02-12,Data Analysis,2649,18,4.3,0.117,10494.0,4.0,180750.0,0.0446,2.0
2025-02-12,Financial Modeling,959,10,4.55,0.161,5341.0,5.6,64257.0,0.0382,25.0
2025-02-12,Graphic Design,5152,19,4.13,0.144,28494.0,5.5,375632.0,0.0456,17.4
2025-02-12,Legal Consulting,625,6,4.63,0.186,3569.0,5.7,43747.0,0.0593,9.8
2025-02-12,Mobile App,1893,10,4.36,0.156,9070.0,4.8,149931.0,0.0554,4.6
2025-02-12,Music Production,1292,6,3.96,0.108,6831.0,5.3,82980.0,0.0464,5.6
2025-02-12,Photography,1882,12,4.13,0.179,10301.0,5.5,126740.0,0.0559,9.3
2025-02-12,SEO/SEM,2113,19,4.14,0.144,8342.0,3.9,102263.0,0.0439,13.1
2025-02-12,Social Media Management,3280,19,3.86,0.125,13153.0,4.0,184049.0,0.0427,2.9
2025-02-12,Translation,3962,18,3.99,0.16,20226.0,5.1,347806.0,0.0395,7.0
2025-02-12,Video Production,1486,15,4.34,0.173,7832.0,5.3,125787.0,0.0543,6.3
2025-02-12,Virtual Assistant,4451,60,3.78,0.129,22524.0,5.1,367253.0,0.0371,8.3
2025-02-12,Web Development,3469,35,4.4,0.159,14107.0,4.1,193153.0,0.0368,3.9
2025-02-13,AI/ML Development,2025,34,4.42,0.146,8858.0,4.4,154213.0,0.0623,7.9
2025-02-13,Content Writing,6426,46,3.94,0.172,25493.0,4.0,338344.0,0.0426,2.6
2025-02-13,Data Analysis,2592,20,4.33,0.15,9114.0,3.5,115427.0,0.0465,6.2
2025-02-13,Financial Modeling,815,7,4.44,0.134,3707.0,4.5,60872.0,0.0403,12.8
2025-02-13,Graphic Design,5659,33,4.2,0.146,25986.0,4.6,425622.0,0.0428,1.8
2025-02-13,Legal Consulting,579,4,4.63,0.162,2435.0,4.2,39540.0,0.0601,8.2
2025-02-13,Mobile App,1891,19,4.24,0.162,8149.0,4.3,117678.0,0.047,4.3
2025-02-13,Music Production,1193,12,3.9,0.148,3849.0,3.2,57247.0,0.0427,8.7
2025-02-13,Photography,2069,12,4.27,0.184,9462.0,4.6,135185.0,0.053,21.5
2025-02-13,SEO/SEM,2399,18,3.99,0.118,9255.0,3.9,156689.0,0.0501,2.4
2025-02-13,Social Media Management,3047,26,3.83,0.182,10430.0,3.4,179281.0,0.0495,6.2
2025-02-13,Translation,3762,32,3.91,0.193,14241.0,3.8,247124.0,0.0571,3.3
2025-02-13,Video Production,1553,8,4.27,0.165,5111.0,3.3,77929.0,0.0562,22.1
2025-02-13,Virtual Assistant,4489,92,3.84,0.197,17806.0,4.0,305044.0,0.0393,8.0
2025-02-13,Web Development,3249,22,4.37,0.164,15773.0,4.9,208554.0,0.0284,3.4
2025-02-14,AI/ML Development,1635,19,4.48,0.178,6366.0,3.9,99737.0,0.0477,9.8
2025-02-14,Content Writing,6930,22,4.07,0.213,22203.0,3.2,295483.0,0.0397,18.7
2025-02-14,Data Analysis,2617,22,4.28,0.149,8757.0,3.3,138252.0,0.0448,10.6
2025-02-14,Financial Modeling,987,3,4.48,0.151,4842.0,4.9,70536.0,0.037,7.6
2025-02-14,Graphic Design,4696,33,4.22,0.143,15643.0,3.3,235430.0,0.0475,1.8
2025-02-14,Legal Consulting,578,3,4.5,0.149,2139.0,3.7,30932.0,0.0354,4.0
2025-02-14,Mobile App,2241,13,4.2,0.161,9909.0,4.4,145953.0,0.0395,15.2
2025-02-14,Music Production,1228,9,3.94,0.144,4583.0,3.7,62745.0,0.0555,17.6
2025-02-14,Photography,1882,12,4.3,0.166,7212.0,3.8,107979.0,0.0307,5.8
2025-02-14,SEO/SEM,2395,24,4.0,0.12,9831.0,4.1,130126.0,0.0502,3.3
2025-02-14,Social Media Management,3481,15,3.81,0.135,10782.0,3.1,191539.0,0.0495,8.0
2025-02-14,Translation,3599,25,3.99,0.152,14145.0,3.9,248503.0,0.0411,4.9
2025-02-14,Video Production,1606,7,4.24,0.118,5819.0,3.6,89865.0,0.0532,8.0
2025-02-14,Virtual Assistant,4724,20,3.85,0.16,15263.0,3.2,266692.0,0.0423,8.4
2025-02-14,Web Development,3648,15,4.41,0.193,13348.0,3.7,180565.0,0.0518,5.5
2025-02-15,AI/ML Development,1610,5,4.44,0.126,4460.0,2.8,78095.0,0.046,8.6
2025-02-15,Content Writing,7033,54,4.07,0.179,15717.0,2.2,190424.0,0.0396,4.6
2025-02-15,Data Analysis,2945,14,4.38,0.164,9331.0,3.2,167198.0,0.0317,6.7
2025-02-15,Financial Modeling,881,7,4.47,0.139,2568.0,2.9,37535.0,0.0506,6.8
2025-02-15,Graphic Design,4742,54,4.07,0.211,13090.0,2.8,175371.0,0.0459,5.7
2025-02-15,Legal Consulting,656,5,4.56,0.142,1794.0,2.7,26546.0,0.0475,7.2
2025-02-15,Mobile App,2062,13,4.21,0.131,4930.0,2.4,70784.0,0.0414,15.4
2025-02-15,Music Production,1324,14,3.95,0.146,3172.0,2.4,52397.0,0.0381,10.2
2025-02-15,Photography,2149,14,4.2,0.144,6214.0,2.9,111670.0,0.0436,5.4
2025-02-15,SEO/SEM,2192,42,4.11,0.177,5015.0,2.3,61886.0,0.0353,4.2
2025-02-15,Social Media Management,3579,22,3.88,0.156,7947.0,2.2,117565.0,0.0516,15.5
2025-02-15,Translation,4196,23,3.92,0.181,8921.0,2.1,123656.0,0.0583,5.8
2025-02-15,Video Production,1405,6,4.27,0.181,3573.0,2.5,51388.0,0.0438,12.6
2025-02-15,Virtual Assistant,4212,31,3.78,0.14,11690.0,2.8,164821.0,0.0446,10.7
2025-02-15,Web Development,3182,7,4.28,0.132,10243.0,3.2,152897.0,0.0508,9.6
2025-02-16,AI/ML Development,1647,10,4.46,0.19,3824.0,2.3,58302.0,0.0516,8.2
2025-02-16,Content Writing,6349,20,3.96,0.201,14859.0,2.3,191502.0,0.047,5.3
2025-02-16,Data Analysis,2804,15,4.3,0.163,8478.0,3.0,103838.0,0.0501,4.8
2025-02-16,Financial Modeling,824,3,4.58,0.172,2540.0,3.1,44089.0,0.0448,6.3
2025-02-16,Graphic Design,5378,14,4.08,0.136,12907.0,2.4,228645.0,0.0358,10.1
2025-02-16,Legal Consulting,652,4,4.59,0.131,1660.0,2.5,29611.0,0.0374,5.8
2025-02-16,Mobile App,1854,6,4.28,0.205,4938.0,2.7,62806.0,0.0556,6.5
2025-02-16,Music Production,1404,9,4.03,0.136,2822.0,2.0,37128.0,0.0369,3.9
2025-02-16,Photography,1860,23,4.08,0.104,5478.0,2.9,95894.0,0.0376,17.3
2025-02-16,SEO/SEM,2083,19,4.2,0.132,4810.0,2.3,67414.0,0.048,10.6
2025-02-16,Social Media Management,3443,14,3.87,0.189,8574.0,2.5,148086.0,0.0404,5.3
2025-02-16,Translation,3736,12,3.98,0.146,8258.0,2.2,121383.0,0.0359,3.8
2025-02-16,Video Production,1322,15,4.22,0.155,3712.0,2.8,62534.0,0.0512,2.7
2025-02-16,Virtual Assistant,4517,41,3.88,0.162,10293.0,2.3,146105.0,0.0391,20.0
2025-02-16,Web Development,3262,35,4.33,0.151,9192.0,2.8,153055.0,0.0423,6.4
2025-02-17,AI/ML Development,1631,21,4.42,0.184,7951.0,4.9,116277.0,0.0478,2.1
2025-02-17,Content Writing,6976,69,3.95,0.104,32141.0,4.6,562731.0,0.0337,16.9
2025-02-17,Data Analysis,3016,19,4.46,0.198,17216.0,5.7,297807.0,0.0518,9.4
2025-02-17,Financial Modeling,1002,10,4.56,0.166,6064.0,6.1,104104.0,0.0465,3.3
2025-02-17,Graphic Design,5276,26,4.18,0.154,21891.0,4.1,273908.0,0.0542,9.6
2025-02-17,Legal Consulting,650,4,4.68,0.128,3956.0,6.1,58244.0,0.0485,3.4
2025-02-17,Mobile App,2244,5,4.13,0.125,9614.0,4.3,146651.0,0.0415,6.7
2025-02-17,Music Production,1380,6,3.9,0.187,4977.0,3.6,66923.0,0.0462,13.9
2025-02-17,Photography,2025,24,4.16,0.159,10299.0,5.1,151386.0,0.0376,10.2
2025-02-17,SEO/SEM,2110,8,3.99,0.098,10191.0,4.8,,0.0443,9.0
2025-02-17,Social Media Management,3373,25,3.79,0.115,16309.0,4.8,288382.0,0.0403,11.4
2025-02-17,Translation,4138,31,3.98,0.173,22029.0,5.3,274321.0,0.059,2.6
2025-02-17,Video Production,1463,7,4.27,0.144,8356.0,5.7,110857.0,0.0554,4.3
2025-02-17,Virtual Assistant,4069,23,3.88,0.139,16746.0,4.1,251564.0,0.0464,23.9
2025-02-17,Web Development,3444,29,4.32,0.13,17859.0,5.2,221549.0,0.0488,10.1
2025-02-18,AI/ML Development,1779,10,4.46,0.104,10443.0,5.9,144814.0,0.0353,11.3
2025-02-18,Content Writing,7750,49,4.08,0.079,38594.0,5.0,489450.0,0.0476,13.1
2025-02-18,Data Analysis,2878,6,4.44,0.154,17115.0,5.9,277886.0,0.0402,4.6
2025-02-18,Financial Modeling,1007,14,4.55,0.126,4986.0,5.0,65442.0,0.0493,17.3
2025-02-18,Graphic Design,4639,23,4.06,0.168,25166.0,5.4,323838.0,0.0425,18.2
2025-02-18,Legal Consulting,572,4,4.65,0.191,2985.0,5.2,45556.0,0.0423,22.8
2025-02-18,Mobile App,2191,8,4.26,0.153,9639.0,4.4,126115.0,0.0471,10.5
2025-02-18,Music Production,1307,8,3.91,0.111,4758.0,3.6,76100.0,0.0355,5.4
2025-02-18,Photography,1779,25,4.11,0.14,9705.0,5.5,168277.0,0.0387,18.0
2025-02-18,SEO/SEM,2137,10,4.07,0.084,8253.0,3.9,138074.0,0.0305,6.4
2025-02-18,Social Media Management,2959,24,3.92,0.187,10651.0,3.6,167973.0,0.0351,6.0
2025-02-18,Translation,4143,12,3.96,0.155,21332.0,5.1,296467.0,0.0538,2.9
2025-02-18,Video Production,1634,7,4.22,0.146,6964.0,4.3,96556.0,0.0458,3.3
2025-02-18,Virtual Assistant,4326,38,3.83,0.175,22204.0,5.1,319872.0,0.036,13.4
2025-02-18,Web Development,3605,13,4.36,0.094,19216.0,5.3,273022.0,0.0482,8.2
2025-02-19,AI/ML Development,1921,12,4.34,0.18,8315.0,4.3,137002.0,0.046,15.1
2025-02-19,Content Writing,6493,37,4.02,0.165,32173.0,5.0,390145.0,0.0541,3.3
2025-02-19,Data Analysis,2708,17,4.37,0.187,13214.0,4.9,207108.0,0.0533,3.4
2025-02-19,Financial Modeling,886,4,4.49,0.182,4161.0,4.7,55282.0,0.0438,1.2
2025-02-19,Graphic Design,5041,59,4.11,0.141,27495.0,5.5,484629.0,0.0402,11.2
2025-02-19,Legal Consulting,654,5,4.66,0.151,3966.0,6.1,54648.0,0.0425,8.2
2025-02-19,Mobile App,1795,10,4.34,0.102,7580.0,4.2,101495.0,0.0516,14.0
2025-02-19,Music Production,1187,10,3.96,0.183,5568.0,4.7,77697.0,0.0241,10.8
2025-02-19,Photography,1888,26,4.13,0.132,7285.0,3.9,107836.0,0.0359,22.3
2025-02-19,SEO/SEM,2353,18,3.94,0.162,12054.0,5.1,178184.0,0.0451,22.7
2025-02-19,Social Media Management,2862,9,3.71,0.12,10379.0,3.6,171021.0,0.051,4.8
2025-02-19,Translation,4358,41,3.83,0.11,21507.0,4.9,260953.0,0.0488,2.4
2025-02-19,Video Production,1447,8,4.27,0.111,7151.0,4.9,120102.0,0.0443,11.9
2025-02-19,Virtual Assistant,4361,41,3.8,0.219,20728.0,4.8,286259.0,0.0304,10.5
2025-02-19,Web Development,3013,22,4.37,0.136,16739.0,5.6,227373.0,0.0251,3.2
2025-02-20,AI/ML Development,1643,5,4.42,0.123,6231.0,3.8,91234.0,0.0418,6.4
2025-02-20,Content Writing,6900,73,4.12,0.201,25451.0,3.7,419431.0,0.058,4.4
2025-02-20,Data Analysis,2909,25,4.3,0.188,11078.0,3.8,196133.0,0.043,17.4
2025-02-20,Financial Modeling,930,7,4.59,0.143,4819.0,5.2,61979.0,0.0467,9.4
2025-02-20,Graphic Design,-1,27,4.2,0.152,20433.0,4.2,363888.0,0.0463,4.4
2025-02-20,Legal Consulting,715,7,4.66,0.16,2517.0,3.5,44682.0,0.046,16.1
2025-02-20,Mobile App,2256,16,4.08,0.2,9877.0,4.4,141528.0,0.0458,2.7
2025-02-20,Music Production,1146,8,4.03,0.155,4356.0,3.8,72183.0,0.0451,10.6
2025-02-20,Photography,2065,11,4.1,0.162,6610.0,3.2,93121.0,0.0486,4.0
2025-02-20,SEO/SEM,1979,8,4.06,0.127,7001.0,3.5,99371.0,0.0434,6.5
2025-02-20,Social Media Management,3418,18,3.84,0.173,14727.0,4.3,226956.0,0.0537,17.7
2025-02-20,Translation,4415,22,3.95,0.123,19694.0,4.5,270633.0,0.0425,7.2
2025-02-20,Video Production,1579,4,4.22,0.198,6040.0,3.8,92217.0,0.0343,4.9
2025-02-20,Virtual Assistant,4825,42,3.88,0.148,14589.0,3.0,179938.0,0.0495,4.0
2025-02-20,Web Development,3670,15,4.39,0.142,17877.0,4.9,222964.0,0.0384,3.2
2025-02-21,AI/ML Development,1793,7,4.48,0.122,8200.0,4.6,125940.0,0.0434,4.5
2025-02-21,Content Writing,6858,40,4.0,0.149,29607.0,4.3,365687.0,0.0569,7.0
2025-02-21,Data Analysis,2688,9,4.41,0.164,11277.0,4.2,169727.0,0.0491,7.6
2025-02-21,Financial Modeling,985,8,4.64,0.138,3696.0,3.8,63606.0,0.035,8.9
2025-02-21,Graphic Design,4955,36,4.12,0.147,22056.0,4.5,287071.0,0.0487,13.2
2025-02-21,Legal Consulting,567,6,4.64,0.143,2204.0,3.9,36078.0,0.0395,7.4
2025-02-21,Mobile App,1826,30,4.24,0.161,8758.0,4.8,112896.0,0.0425,9.2
2025-02-21,Music Production,1255,3,3.91,0.179,5473.0,4.4,95416.0,0.0428,11.0
2025-02-21,Photography,1715,7,4.1,0.162,6577.0,3.8,100653.0,0.0289,6.9
2025-02-21,SEO/SEM,2243,17,3.97,0.127,8880.0,4.0,151375.0,0.0475,7.3
2025-02-21,Social Media Management,3294,27,3.84,0.162,9902.0,3.0,143966.0,0.0511,9.1
2025-02-21,Translation,3914,26,4.05,0.112,15561.0,4.0,197554.0,0.0375,2.1
2025-02-21,Video Production,1595,6,4.27,0.143,7358.0,4.6,93981.0,0.0527,8.1
2025-02-21,Virtual Assistant,4704,37,3.83,0.169,17942.0,3.8,275250.0,0.0387,15.0
2025-02-21,Web Development,3143,25,4.42,0.12,15680.0,5.0,219532.0,0.042,6.6
2025-02-22,AI/ML Development,1764,14,4.51,0.13,4727.0,2.7,78501.0,0.0344,4.5
2025-02-22,Content Writing,7282,61,4.02,0.155,16333.0,2.2,213154.0,0.0537,5.9
2025-02-22,Data Analysis,3060,10,4.34,0.086,10362.0,3.4,134343.0,0.0121,13.2
2025-02-22,Financial Modeling,905,4,4.39,0.158,2972.0,3.3,42320.0,0.0344,10.5
2025-02-22,Graphic Design,4775,21,4.17,0.149,14817.0,3.1,235979.0,0.036,14.6
2025-02-22,Legal Consulting,667,6,4.63,0.153,2252.0,3.4,27915.0,0.0542,14.2
2025-02-22,Mobile App,2116,12,4.23,0.117,5025.0,2.4,75840.0,0.0437,12.0
2025-02-22,Music Production,1130,1,3.93,0.143,3386.0,3.0,58749.0,0.039,5.1
2025-02-22,Photography,2077,28,4.11,0.192,5067.0,2.4,73131.0,0.0447,8.1
2025-02-22,SEO/SEM,2286,12,4.16,0.151,5502.0,2.4,70549.0,0.043,4.0
2025-02-22,Social Media Management,3180,20,3.81,0.118,9485.0,3.0,135259.0,0.034,7.5
2025-02-22,Translation,4062,44,4.08,0.171,11370.0,2.8,153811.0,0.0474,2.1
2025-02-22,Video Production,1620,19,4.19,0.114,5148.0,3.2,73121.0,0.0548,12.7
2025-02-22,Virtual Assistant,3968,18,3.81,0.15,8332.0,2.1,102744.0,0.0434,6.1
2025-02-22,Web Development,3818,45,4.35,0.143,11687.0,3.1,142252.0,0.0577,9.7
2025-02-23,AI/ML Development,1858,7,4.45,0.122,4386.0,2.4,78257.0,0.0388,3.9
2025-02-23,Content Writing,7727,34,4.05,0.14,15529.0,2.0,200722.0,0.035,3.4
2025-02-23,Data Analysis,2617,37,4.3,0.173,6520.0,2.5,92062.0,0.0482,11.7
2025-02-23,Financial Modeling,832,3,4.48,0.128,2598.0,3.1,39658.0,0.0457,4.6
2025-02-23,Graphic Design,4582,37,4.1,0.153,12741.0,2.8,195506.0,0.0474,8.6
2025-02-23,Legal Consulting,699,8,4.7,0.123,1830.0,2.6,26141.0,0.0438,7.4
2025-02-23,Mobile App,2131,9,4.23,0.187,5857.0,2.7,99094.0,0.0351,9.5
2025-02-23,Music Production,1406,5,4.0,0.133,2899.0,2.1,48284.0,0.0346,15.3
2025-02-23,Photography,2062,11,4.2,0.182,6174.0,3.0,102815.0,0.0512,1.3
2025-02-23,SEO/SEM,2442,11,3.98,0.182,5609.0,2.3,94403.0,2.4732,8.3
2025-02-23,Social Media Management,3428,11,3.85,0.203,6906.0,2.0,120271.0,0.0502,8.4
2025-02-23,Translation,4403,32,4.04,0.161,10868.0,2.5,174606.0,0.0503,18.2
2025-02-23,Video Production,1675,14,4.2,0.125,3537.0,2.1,45484.0,0.0445,11.4
2025-02-23,Virtual Assistant,4472,19,3.74,0.206,11828.0,2.6,187199.0,0.0546,27.3
2025-02-23,Web Development,3206,40,4.29,0.172,8698.0,2.7,127684.0,0.0372,23.0
2025-02-24,AI/ML Development,1637,4,4.39,0.117,8780.0,5.4,112886.0,0.0524,8.6
2025-02-24,Content Writing,6313,78,4.01,0.141,33173.0,5.3,530353.0,0.054,7.5
2025-02-24,Data Analysis,2735,24,4.39,0.157,13935.0,5.1,193424.0,0.0601,23.3
2025-02-24,Financial Modeling,920,9,4.52,0.105,4177.0,4.5,74500.0,0.052,9.2
2025-02-24,Graphic Design,4808,26,4.12,0.154,20200.0,4.2,345079.0,0.0372,13.3
2025-02-24,Legal Consulting,697,4,4.62,0.173,3835.0,5.5,49455.0,0.0466,10.8
2025-02-24,Mobile App,2024,10,4.34,0.125,11797.0,5.8,189332.0,0.0403,1.7
2025-02-24,Music Production,1418,9,3.99,0.134,6082.0,4.3,87478.0,0.0408,6.0
2025-02-24,Photography,2049,13,4.12,0.152,9709.0,4.7,153229.0,0.0533,4.0
2025-02-24,SEO/SEM,2341,9,4.04,0.16,10913.0,4.7,167037.0,0.0488,12.3
2025-02-24,Social Media Management,3417,17,3.85,0.113,12831.0,3.8,168645.0,0.0608,9.9
2025-02-24,Translation,4139,31,3.93,0.161,19788.0,4.8,302698.0,0.0345,15.3
2025-02-24,Video Production,1359,18,4.3,0.145,7698.0,5.7,134162.0,0.0449,2.1
2025-02-24,Virtual Assistant,4017,49,3.92,0.142,14345.0,3.6,178408.0,0.0342,10.4
2025-02-24,Web Development,3519,31,4.25,0.192,19731.0,5.6,283603.0,0.05,8.4
2025-02-25,AI/ML Development,1922,16,4.56,0.186,9862.0,5.1,164924.0,0.0624,2.5
2025-02-25,Content Writing,7093,48,4.06,0.167,34739.0,4.9,539752.0,0.0506,20.7
2025-02-25,Data Analysis,2602,11,4.35,0.159,13431.0,5.2,213790.0,0.044,23.8
2025-02-25,Financial Modeling,991,7,4.63,0.144,5448.0,5.5,96353.0,0.0395,4.7
2025-02-25,Graphic Design,4801,53,4.21,0.159,20292.0,4.2,285755.0,0.0588,20.4
2025-02-25,Legal Consulting,593,4,4.5,0.055,3036.0,5.1,43130.0,0.0319,4.0
2025-02-25,Mobile App,2131,23,4.12,0.137,10418.0,4.9,187470.0,0.0483,5.2
2025-02-25,Music Production,1248,6,3.84,0.127,4866.0,3.9,69543.0,0.0446,6.4
2025-02-25,Photography,2030,7,4.12,0.143,10540.0,5.2,182415.0,0.0554,8.2
2025-02-25,SEO/SEM,2363,34,4.12,0.129,10105.0,4.3,128333.0,0.0416,9.5
2025-02-25,Social Media Management,3365,14,3.89,0.16,15429.0,4.6,259587.0,0.0298,5.7
2025-02-25,Translation,4002,27,3.91,0.18,19024.0,4.8,312953.0,0.0396,5.5
2025-02-25,Video Production,1424,5,4.29,0.184,5679.0,4.0,73302.0,0.0353,5.7
2025-02-25,Virtual Assistant,4274,60,3.87,0.141,20751.0,4.9,268604.0,0.052,11.9
2025-02-25,Web Development,3085,27,4.29,0.139,13201.0,4.3,192303.0,0.0458,9.5
2025-02-26,AI/ML Development,1847,50,4.5,0.133,9840.0,5.3,134763.0,0.049,2.1
2025-02-26,Content Writing,6475,20,4.14,0.132,27823.0,4.3,414919.0,0.0515,32.8
2025-02-26,Data Analysis,2713,46,4.36,0.118,11167.0,4.1,153715.0,0.0418,4.6
2025-02-26,Financial Modeling,948,5,4.46,0.156,4256.0,4.5,65425.0,0.0393,3.6
2025-02-26,Graphic Design,5425,49,4.01,0.136,25976.0,4.8,393180.0,0.0422,12.7
2025-02-26,Legal Consulting,575,5,4.66,0.153,3306.0,5.7,46223.0,0.0498,8.5
2025-02-26,Mobile App,2227,18,4.27,0.173,11040.0,5.0,146416.0,0.0666,23.7
2025-02-26,Music Production,1186,6,3.87,0.173,5107.0,4.3,73589.0,0.0398,14.2
2025-02-26,Photography,1785,11,4.1,0.14,9561.0,5.4,149553.0,0.0512,8.4
2025-02-26,SEO/SEM,2488,10,4.01,0.104,11306.0,4.5,155492.0,0.047,4.7
2025-02-26,Social Media Management,3243,30,3.94,0.117,15495.0,4.8,188094.0,0.0415,26.6
2025-02-26,Translation,3939,28,3.93,0.135,18671.0,4.7,252063.0,0.0431,3.8
2025-02-26,Video Production,1495,8,4.19,0.105,7405.0,5.0,109867.0,0.0289,5.8
2025-02-26,Virtual Assistant,5013,36,3.79,0.179,19309.0,3.9,320327.0,0.0459,8.9
2025-02-26,Web Development,3417,36,4.25,0.125,17379.0,5.1,244928.0,0.0292,4.7
2025-02-27,AI/ML Development,1947,23,4.53,0.155,9385.0,4.8,118766.0,0.0465,3.5
2025-02-27,Content Writing,6852,136,3.99,0.151,25100.0,3.7,344303.0,0.0382,6.9
2025-02-27,Data Analysis,2596,15,4.25,0.176,12140.0,4.7,174876.0,0.0371,8.3
2025-02-27,Financial Modeling,918,7,4.58,0.138,4174.0,4.5,64323.0,0.0457,6.1
2025-02-27,Graphic Design,5193,23,4.19,0.151,22676.0,4.4,346409.0,0.0527,12.2
2025-02-27,Legal Consulting,574,2,4.59,0.121,2747.0,4.8,42194.0,0.0407,14.7
2025-02-27,Mobile App,2235,29,4.3,0.129,10796.0,4.8,167758.0,0.0258,5.4
2025-02-27,Music Production,1261,15,3.95,0.174,5082.0,4.0,90649.0,0.0354,12.6
2025-02-27,Photography,1812,9,4.23,0.172,7209.0,4.0,120387.0,0.0505,15.7
2025-02-27,SEO/SEM,2018,20,4.01,0.104,7111.0,3.5,95538.0,0.0308,5.9
2025-02-27,Social Media Management,3504,19,3.83,0.156,14138.0,4.0,214939.0,0.0496,5.5
2025-02-27,Translation,3592,27,3.92,0.17,14100.0,3.9,253468.0,0.0315,19.0
2025-02-27,Video Production,1346,4,4.21,0.178,6001.0,4.5,106431.0,0.04,41.3
2025-02-27,Virtual Assistant,4872,35,3.9,0.143,21231.0,4.4,309330.0,0.0418,12.7
2025-02-27,Web Development,3552,10,4.36,0.106,13325.0,3.8,202807.0,0.0356,4.9
2025-02-28,AI/ML Development,1964,9,4.36,0.173,8562.0,4.4,137662.0,0.0321,24.9
2025-02-28,Content Writing,7074,62,4.09,0.127,25090.0,3.5,437999.0,0.0395,3.8
2025-02-28,Data Analysis,3005,69,4.37,0.18,11942.0,4.0,169102.0,0.05,22.7
2025-02-28,Financial Modeling,867,5,4.47,0.157,4321.0,5.0,74394.0,0.0452,5.5
2025-02-28,Graphic Design,4770,26,4.19,0.133,15139.0,3.2,262795.0,0.0388,6.0
2025-02-28,Legal Consulting,688,8,4.62,0.136,2816.0,4.1,43149.0,0.0439,2.8
2025-02-28,Mobile App,2136,10,4.24,0.137,9825.0,4.6,134162.0,0.0411,26.4
2025-02-28,Music Production,1256,10,4.01,0.132,5495.0,4.4,75733.0,0.0551,8.3
2025-02-28,Photography,1921,13,4.11,0.156,8480.0,4.4,142318.0,0.0482,8.0
2025-02-28,SEO/SEM,2287,19,4.07,0.161,9269.0,4.1,134292.0,0.0434,5.4
2025-02-28,Social Media Management,3160,37,3.9,0.214,10651.0,3.4,128953.0,0.0615,3.0
2025-02-28,Translation,4106,27,3.93,0.151,17533.0,4.3,222942.0,0.0427,9.6
2025-02-28,Video Production,1445,9,4.29,0.12,4776.0,3.3,78964.0,0.0412,4.1
2025-02-28,Virtual Assistant,4181,35,3.78,0.184,13303.0,3.2,216464.0,0.057,12.3
2025-02-28,Web Development,3774,16,4.37,0.159,14067.0,3.7,214349.0,0.0512,12.8
2025-03-01,AI/ML Development,2168,13,4.37,0.155,7949.0,3.7,136319.0,0.0392,8.3
2025-03-01,Content Writing,7334,79,3.93,0.226,25556.0,3.5,378132.0,0.0423,19.5
2025-03-01,Data Analysis,3187,15,4.39,0.186,11135.0,3.5,141067.0,0.0539,7.4
2025-03-01,Financial Modeling,1118,7,4.48,0.142,3216.0,2.9,49445.0,0.0508,7.7
2025-03-01,Graphic Design,5974,23,4.16,0.126,16502.0,2.8,270206.0,0.039,17.1
2025-03-01,Legal Consulting,821,4,4.66,0.128,3160.0,3.8,49882.0,0.0507,11.3
2025-03-01,Mobile App,2436,19,4.3,0.12,7340.0,3.0,129687.0,0.0499,8.1
2025-03-01,Music Production,1431,10,3.97,0.237,4792.0,3.3,67116.0,0.0436,14.5
2025-03-01,Photography,2355,32,4.1,0.183,7493.0,3.2,132457.0,0.0475,15.3
2025-03-01,SEO/SEM,2625,28,4.07,0.156,7459.0,2.8,112919.0,0.0584,6.3
2025-03-01,Social Media Management,3346,56,3.93,0.129,11045.0,3.3,143224.0,0.0293,15.3
2025-03-01,Translation,4340,43,3.93,0.155,13556.0,3.1,165140.0,0.0508,3.8
2025-03-01,Video Production,1753,8,4.22,0.139,6557.0,3.7,105312.0,0.0459,23.3
2025-03-01,Virtual Assistant,4776,20,3.97,0.104,12950.0,2.7,199383.0,0.0403,6.1
2025-03-01,Web Development,3741,18,4.29,0.121,10691.0,2.9,183327.0,0.0437,6.1
2025-03-02,AI/ML Development,2191,25,4.53,0.143,5875.0,2.7,75260.0,0.0312,9.8
2025-03-02,Content Writing,8456,58,3.98,0.107,20550.0,2.4,313847.0,0.0379,13.0
2025-03-02,Data Analysis,3203,37,4.39,0.145,10657.0,3.3,138062.0,0.0488,8.9
2025-03-02,Financial Modeling,1124,2,4.43,0.111,3079.0,2.7,39702.0,0.054,17.7
2025-03-02,Graphic Design,5823,34,4.18,0.141,20568.0,3.5,354075.0,0.0504,6.8
2025-03-02,Legal Consulting,693,2,4.65,0.1,2296.0,3.3,35192.0,0.0505,13.2
2025-03-02,Mobile App,2177,10,4.26,0.125,7507.0,3.4,102950.0,0.0439,9.2
2025-03-02,Music Production,1501,3,3.94,0.129,4370.0,2.9,60357.0,0.0348,11.8
2025-03-02,Photography,2239,28,4.03,0.11,6898.0,3.1,117996.0,0.038,5.4
2025-03-02,SEO/SEM,2582,15,4.05,0.16,7967.0,3.1,117371.0,0.0409,2.0
2025-03-02,Social Media Management,3842,10,3.79,0.158,12129.0,3.2,146225.0,0.0528,2.7
2025-03-02,Translation,4879,26,3.91,0.152,13919.0,2.9,182223.0,0.0363,10.0
2025-03-02,Video Production,1716,10,4.28,0.132,4851.0,2.8,83006.0,0.0491,5.7
2025-03-02,Virtual Assistant,4824,19,3.88,0.154,14670.0,3.0,185183.0,0.0484,3.9
2025-03-02,Web Development,3882,29,4.32,0.109,12053.0,3.1,212442.0,0.0581,19.7
2025-03-03,AI/ML Development,2134,10,4.44,0.114,12036.0,5.6,186632.0,0.0463,18.2
2025-03-03,Content Writing,8502,86,4.01,0.159,39324.0,4.6,,0.0421,5.9
2025-03-03,Data Analysis,3232,25,4.39,0.125,16490.0,5.1,290666.0,0.0318,5.0
2025-03-03,Financial Modeling,1017,12,4.56,0.168,6775.0,6.7,96471.0,0.0465,6.3
2025-03-03,Graphic Design,5800,14,4.12,0.17,27758.0,4.8,476316.0,0.0468,4.8
2025-03-03,Legal Consulting,720,4,4.67,0.172,5408.0,7.5,75532.0,0.0454,8.6
2025-03-03,Mobile App,2149,15,4.29,0.159,11833.0,5.5,148383.0,0.0542,18.6
2025-03-03,Music Production,1345,3,3.97,0.149,7256.0,5.4,94777.0,0.0518,14.5
2025-03-03,Photography,2018,19,4.23,0.124,13071.0,6.5,232013.0,0.0487,5.0
2025-03-03,SEO/SEM,2339,19,3.89,0.189,14034.0,6.0,169661.0,0.0436,3.8
2025-03-03,Social Media Management,3461,30,3.84,0.152,18713.0,5.4,259976.0,0.0395,6.3
2025-03-03,Translation,4598,35,3.92,0.152,28344.0,6.2,473005.0,0.0398,2.1
2025-03-03,Video Production,1547,21,4.2,0.151,7297.0,4.7,113035.0,0.0371,19.2
2025-03-03,Virtual Assistant,4622,49,3.9,0.139,23875.0,5.2,337579.0,0.0525,7.1
2025-03-03,Web Development,4094,24,4.32,0.125,23968.0,5.9,315588.0,0.0521,11.7
2025-03-04,AI/ML Development,2120,11,4.5,0.159,11726.0,5.5,177221.0,0.0362,8.0
2025-03-04,Content Writing,7825,78,3.99,0.138,47713.0,6.1,681162.0,0.0622,8.3
2025-03-04,Data Analysis,3216,16,4.41,0.146,18525.0,5.8,234195.0,0.0626,22.7
2025-03-04,Financial Modeling,1013,5,4.46,0.168,5826.0,5.8,75769.0,0.043,52.4
2025-03-04,Graphic Design,5650,13,4.15,0.148,33941.0,6.0,539100.0,0.0572,5.1
2025-03-04,Legal Consulting,715,5,4.61,0.169,5165.0,7.2,90571.0,0.0437,1.5
2025-03-04,Mobile App,2497,26,4.27,0.204,16470.0,6.6,281787.0,0.06,9.4
2025-03-04,Music Production,1640,8,4.02,0.14,8327.0,5.1,109523.0,0.043,9.7
2025-03-04,Photography,2176,14,4.15,0.145,10114.0,4.6,176051.0,0.0527,8.7
2025-03-04,SEO/SEM,2866,17,4.06,0.187,13197.0,4.6,186866.0,0.0428,22.6
2025-03-04,Social Media Management,3829,24,3.81,0.068,20427.0,5.3,301119.0,0.072,23.4
2025-03-04,Translation,4532,14,3.93,0.107,19544.0,4.3,235197.0,0.0467,7.8
2025-03-04,Video Production,1828,9,4.16,0.152,10738.0,5.9,179541.0,0.0217,6.3
2025-03-04,Virtual Assistant,4966,25,3.87,0.123,24173.0,4.9,339711.0,0.0356,11.1
2025-03-04,Web Development,3761,20,4.28,0.175,24840.0,6.6,442772.0,0.0435,2.0
2025-03-05,AI/ML Development,1894,8,4.55,0.111,10646.0,5.6,178234.0,0.0426,23.7
2025-03-05,Content Writing,8319,96,4.04,0.181,38636.0,4.6,682226.0,0.0392,12.3
2025-03-05,Data Analysis,3419,23,4.37,0.179,24010.0,7.0,294666.0,0.057,5.1
2025-03-05,Financial Modeling,1075,14,4.48,0.144,7264.0,6.8,92317.0,0.0559,25.8
2025-03-05,Graphic Design,5560,47,4.21,0.111,29150.0,5.2,516840.0,0.0495,12.8
2025-03-05,Legal Consulting,698,5,4.55,0.197,4150.0,5.9,70402.0,0.0447,5.5
2025-03-05,Mobile App,2303,20,4.19,0.082,15191.0,6.6,218883.0,0.0347,3.0
2025-03-05,Music Production,1466,11,3.95,0.136,7666.0,5.2,110453.0,0.0427,44.9
2025-03-05,Photography,2443,7,4.07,0.169,14434.0,5.9,210210.0,0.0436,4.8
2025-03-05,SEO/SEM,2773,14,4.01,0.081,16377.0,5.9,236438.0,0.0456,19.0
2025-03-05,Social Media Management,3596,21,3.77,0.184,,4.5,232177.0,0.038,10.5
2025-03-05,Translation,4313,46,4.03,0.126,27784.0,6.4,334751.0,0.0305,3.1
2025-03-05,Video Production,1526,19,4.24,0.173,8695.0,5.7,107046.0,0.0561,2.4
2025-03-05,Virtual Assistant,4861,25,3.82,0.158,28106.0,5.8,343501.0,0.0306,4.3
2025-03-05,Web Development,3556,19,4.2,0.158,22834.0,6.4,288143.0,0.0345,5.1
2025-03-06,AI/ML Development,1943,12,4.4,0.138,9732.0,5.0,150074.0,0.0486,4.3
2025-03-06,Content Writing,7425,47,4.06,0.158,34961.0,4.7,534573.0,0.0464,6.8
2025-03-06,Data Analysis,2915,17,4.39,0.159,16030.0,5.5,288154.0,0.0391,2.4
2025-03-06,Financial Modeling,947,11,4.5,0.126,5288.0,5.6,88779.0,0.04,7.2
2025-03-06,Graphic Design,5357,34,4.26,0.137,29733.0,5.6,521119.0,0.0499,6.5
2025-03-06,Legal Consulting,736,6,4.71,0.194,4087.0,5.6,71787.0,0.047,4.3
2025-03-06,Mobile App,2270,13,4.32,0.172,9969.0,4.4,124081.0,0.0427,16.0
2025-03-06,Music Production,1324,27,3.95,0.193,4731.0,3.6,62390.0,0.0561,6.7
2025-03-06,Photography,2336,35,4.06,0.131,8599.0,3.7,107060.0,0.0616,5.2
2025-03-06,SEO/SEM,2598,22,4.19,0.16,13991.0,5.4,221515.0,0.0484,4.1
2025-03-06,Social Media Management,3948,11,3.78,0.146,16140.0,4.1,221823.0,0.0595,7.1
2025-03-06,Translation,4739,38,3.89,0.134,19765.0,4.2,295335.0,0.0395,8.9
2025-03-06,Video Production,1716,13,4.31,0.103,8647.0,5.0,143587.0,0.046,9.6
2025-03-06,Virtual Assistant,5234,29,3.87,0.152,21534.0,4.1,291402.0,0.0541,23.0
2025-03-06,Web Development,4050,16,4.37,0.171,15941.0,3.9,262135.0,0.0449,4.1
2025-03-07,AI/ML Development,2157,13,4.44,0.131,9035.0,4.2,128785.0,0.0491,3.6
2025-03-07,Content Writing,8540,12,3.95,0.182,37505.0,4.4,536447.0,0.0417,4.6
2025-03-07,Data Analysis,2998,16,4.3,0.082,17376.0,5.8,257612.0,0.0492,5.5
2025-03-07,Financial Modeling,969,4,4.48,0.16,5235.0,5.4,83954.0,0.041,7.8
2025-03-07,Graphic Design,6563,25,4.26,0.133,31701.0,4.8,555552.0,0.0352,15.2
2025-03-07,Legal Consulting,756,12,4.69,0.172,3713.0,4.9,61553.0,0.0433,7.5
2025-03-07,Mobile App,2285,10,4.25,0.116,9539.0,4.2,138697.0,0.0478,7.7
2025-03-07,Music Production,1517,9,3.88,0.13,6062.0,4.0,100218.0,0.0384,9.2
2025-03-07,Photography,2260,17,4.14,0.183,8440.0,3.7,151549.0,0.0494,4.2
2025-03-07,SEO/SEM,2411,18,3.96,0.122,11010.0,4.6,185639.0,0.0388,12.1
2025-03-07,Social Media Management,3802,42,3.82,0.137,17755.0,4.7,240636.0,0.0398,4.1
2025-03-07,Translation,4713,19,3.92,0.141,16841.0,3.6,279936.0,0.0566,10.1
2025-03-07,Video Production,1724,12,4.21,0.175,9295.0,5.4,133902.0,0.0426,9.8
2025-03-07,Virtual Assistant,5070,68,3.83,0.163,24401.0,4.8,416534.0,0.03,8.2
2025-03-07,Web Development,3949,27,4.35,0.192,15518.0,3.9,199748.0,0.0492,9.8
2025-03-08,AI/ML Development,2273,8,4.46,0.148,7755.0,3.4,98168.0,0.0306,4.0
2025-03-08,Content Writing,8808,34,4.01,0.111,30574.0,3.5,492706.0,0.0481,10.9
2025-03-08,Data Analysis,3092,10,4.36,0.209,10410.0,3.4,181205.0,0.044,7.1
2025-03-08,Financial Modeling,977,7,4.41,0.149,3447.0,3.5,58174.0,0.0332,21.9
2025-03-08,Graphic Design,6447,36,4.16,0.158,18368.0,2.8,221499.0,0.0453,4.0
2025-03-08,Legal Consulting,765,23,4.7,0.16,2978.0,3.9,36230.0,0.0421,15.4
2025-03-08,Mobile App,2478,32,4.2,0.174,7227.0,2.9,98846.0,0.0309,14.2
2025-03-08,Music Production,1605,12,3.97,0.12,5456.0,3.4,93944.0,0.0352,14.8
2025-03-08,Photography,2165,7,3.99,0.104,5537.0,2.6,79182.0,0.0373,4.3
2025-03-08,SEO/SEM,2455,17,4.08,0.173,6448.0,2.6,114865.0,0.0422,16.5
2025-03-08,Social Media Management,3890,19,3.86,0.154,13600.0,3.5,175866.0,0.0413,3.5
2025-03-08,Translation,5053,62,4.05,0.168,18338.0,3.6,249460.0,0.0557,7.3
2025-03-08,Video Production,1555,4,4.26,0.124,4667.0,3.0,81680.0,0.0443,9.3
2025-03-08,Virtual Assistant,4995,24,3.89,0.135,16365.0,3.3,286058.0,0.0442,10.8
2025-03-08,Web Development,3690,16,4.37,0.167,13809.0,3.7,190339.0,0.0436,10.6
2025-03-09,AI/ML Development,2126,11,4.46,0.117,7180.0,3.4,119355.0,0.0467,4.1
2025-03-09,Content Writing,8093,51,4.04,0.156,27127.0,3.4,436927.0,0.045,10.7
2025-03-09,Data Analysis,3390,31,4.31,0.163,8958.0,2.6,109385.0,0.045,31.7
2025-03-09,Financial Modeling,994,7,4.57,0.195,3589.0,3.6,49734.0,0.0534,6.8
2025-03-09,Graphic Design,5241,25,4.21,0.175,18354.0,3.5,271733.0,0.0535,7.7
2025-03-09,Legal Consulting,666,3,4.68,0.137,1845.0,2.8,31813.0,0.0496,9.6
2025-03-09,Mobile App,2151,21,4.16,0.168,6110.0,2.8,77341.0,0.0438,4.0
2025-03-09,Music Production,1473,5,3.9,0.129,3938.0,2.7,61773.0,0.0444,10.3
2025-03-09,Photography,2043,12,4.15,0.087,5851.0,2.9,86095.0,0.0433,6.6
2025-03-09,SEO/SEM,2616,15,4.04,0.176,6276.0,2.4,96431.0,0.0237,11.8
2025-03-09,Social Media Management,3720,42,3.88,0.129,10370.0,2.8,176965.0,0.0454,3.0
2025-03-09,Translation,4302,36,3.92,0.162,13009.0,3.0,218974.0,0.0345,5.2
2025-03-09,Video Production,1735,10,4.27,0.151,4390.0,2.5,57008.0,0.0488,4.3
2025-03-09,Virtual Assistant,5215,20,3.74,0.15,11814.0,2.3,144452.0,0.0526,13.2
2025-03-09,Web Development,3740,17,4.37,0.143,14050.0,3.8,250355.0,0.0319,10.5
2025-03-10,AI/ML Development,2212,24,4.39,0.142,12516.0,5.7,184247.0,0.0527,18.2
2025-03-10,Content Writing,7775,16,4.11,0.162,36275.0,4.7,571877.0,0.0554,6.5
2025-03-10,Data Analysis,2919,15,4.32,0.156,14043.0,4.8,210156.0,2.3249,1.9
2025-03-10,Financial Modeling,1057,6,4.53,0.137,6215.0,5.9,82548.0,0.0453,21.5
2025-03-10,Graphic Design,5347,45,4.09,0.196,28572.0,5.3,440628.0,0.0458,3.1
2025-03-10,Legal Consulting,724,3,4.69,0.14,4274.0,5.9,74869.0,0.034,8.2
2025-03-10,Mobile App,2406,6,4.36,0.116,16562.0,6.9,263682.0,0.0434,7.1
2025-03-10,Music Production,1433,34,3.97,0.186,7412.0,5.2,126807.0,0.0434,7.3
2025-03-10,Photography,2063,10,4.24,0.13,10825.0,5.2,191695.0,0.0348,6.5
2025-03-10,SEO/SEM,2756,22,4.11,0.187,13895.0,5.0,212082.0,0.0453,7.7
2025-03-10,Social Media Management,3771,36,3.79,0.196,22513.0,6.0,357010.0,0.0373,5.4
2025-03-10,Translation,4819,30,3.89,0.12,30040.0,6.2,527276.0,0.0321,5.3
2025-03-10,Video Production,1831,16,4.2,0.177,8625.0,4.7,133600.0,0.0552,2.4
2025-03-10,Virtual Assistant,5412,53,3.81,0.199,29863.0,5.5,375554.0,0.0285,25.4
2025-03-10,Web Development,4303,22,4.4,0.119,27424.0,6.4,387647.0,0.0468,5.9
2025-03-11,AI/ML Development,2057,8,4.58,0.187,12473.0,6.1,150186.0,0.0434,6.8
2025-03-11,Content Writing,8221,229,3.99,0.096,40387.0,4.9,608781.0,0.0491,6.9
2025-03-11,Data Analysis,3116,32,4.38,0.125,18939.0,6.1,280838.0,0.0303,19.6
2025-03-11,Financial Modeling,1035,8,4.56,0.152,5669.0,5.5,84706.0,0.0391,3.7
2025-03-11,Graphic Design,6448,27,4.25,0.155,43894.0,6.8,658678.0,0.0488,6.4
2025-03-11,Legal Consulting,688,1,4.55,0.138,3688.0,5.4,59212.0,0.0378,11.8
2025-03-11,Mobile App,2197,22,4.21,0.11,12888.0,5.9,211466.0,0.0385,21.4
2025-03-11,Music Production,1303,11,3.88,0.122,5564.0,4.3,78639.0,0.0499,18.7
2025-03-11,Photography,2041,7,4.12,0.162,10431.0,5.1,147084.0,0.0537,11.0
2025-03-11,SEO/SEM,2626,16,4.11,0.149,17003.0,6.5,245722.0,0.0507,3.0
2025-03-11,Social Media Management,3470,38,3.87,0.116,16719.0,4.8,297380.0,0.0592,6.8
2025-03-11,Translation,4465,31,3.82,0.125,21253.0,4.8,278621.0,0.0439,16.2
2025-03-11,Video Production,1616,6,4.34,0.136,9901.0,6.1,136237.0,0.0414,4.9
2025-03-11,Virtual Assistant,5764,98,3.81,0.135,31165.0,5.4,554169.0,0.0464,1.6
2025-03-11,Web Development,3803,54,4.34,0.152,21914.0,5.8,356709.0,0.0526,8.7
2025-03-12,AI/ML Development,1858,26,4.54,0.169,9454.0,5.1,164229.0,0.0419,5.0
2025-03-12,Content Writing,8639,33,3.88,0.144,52292.0,6.1,938240.0,0.0499,4.6
2025-03-12,Data Analysis,2965,32,4.34,0.194,20753.0,7.0,333088.0,0.0556,6.6
2025-03-12,Financial Modeling,1040,10,4.55,0.123,6577.0,6.3,107041.0,0.0504,8.2
2025-03-12,Graphic Design,6562,45,4.16,0.149,36946.0,5.6,529292.0,0.0413,14.6
2025-03-12,Legal Consulting,693,2,4.62,0.169,4419.0,6.4,67457.0,0.0537,23.5
2025-03-12,Mobile App,2366,34,4.25,0.163,13119.0,5.5,177772.0,0.0507,21.1
2025-03-12,Music Production,1427,13,3.89,0.127,6956.0,4.9,93217.0,0.0426,15.0
2025-03-12,Photography,1979,19,4.08,0.192,12880.0,6.5,172424.0,0.0546,10.5
2025-03-12,SEO/SEM,2639,16,4.15,0.156,17114.0,6.5,243797.0,0.0309,10.3
2025-03-12,Social Media Management,3500,32,3.93,0.154,16656.0,4.8,249282.0,0.0409,7.7
2025-03-12,Translation,4293,14,3.96,0.08,23731.0,5.5,357582.0,0.0321,9.8
2025-03-12,Video Production,1699,8,4.19,0.136,8423.0,5.0,140454.0,0.0254,17.9
2025-03-12,Virtual Assistant,5012,46,3.82,0.135,30084.0,6.0,452284.0,0.0397,3.8
2025-03-12,Web Development,4321,47,4.36,0.159,29451.0,6.8,467530.0,0.0432,3.9
2025-03-13,AI/ML Development,2195,18,4.47,0.201,11150.0,5.1,190686.0,0.0389,11.4
2025-03-13,Content Writing,7088,76,4.1,0.158,35388.0,5.0,623020.0,0.0525,14.3
2025-03-13,Data Analysis,3150,16,4.29,0.137,14332.0,4.5,242518.0,0.045,8.2
2025-03-13,Financial Modeling,1023,5,4.44,0.157,4701.0,4.6,66183.0,0.046,6.8
2025-03-13,Graphic Design,6218,43,4.18,0.186,32740.0,5.3,448007.0,0.0513,11.9
2025-03-13,Legal Consulting,699,4,4.51,0.118,3033.0,4.3,40248.0,0.0344,40.9
2025-03-13,Mobile App,2574,18,4.25,0.195,14488.0,5.6,206588.0,0.045,9.4
2025-03-13,Music Production,1360,4,3.87,0.122,6282.0,4.6,82641.0,0.051,14.5
2025-03-13,Photography,2008,12,4.26,0.2,10363.0,5.2,167620.0,0.0502,20.1
2025-03-13,SEO/SEM,2699,29,4.01,0.122,12141.0,4.5,150519.0,0.054,17.9
2025-03-13,Social Media Management,3543,49,3.83,0.136,17158.0,4.8,232306.0,0.0468,7.3
2025-03-13,Translation,4134,30,4.03,0.153,20591.0,5.0,322719.0,0.0479,3.6
2025-03-13,Video Production,1656,11,4.2,0.143,7467.0,4.5,101190.0,0.0585,24.6
2025-03-13,Virtual Assistant,5067,40,3.84,0.134,18252.0,3.6,304983.0,0.0562,6.3
2025-03-13,Web Development,4059,16,4.43,0.148,17628.0,4.3,212163.0,0.0562,6.1
2025-03-14,AI/ML Development,2272,9,4.43,0.112,9709.0,4.3,116748.0,0.0357,4.9
2025-03-14,Content Writing,7210,88,4.07,0.126,35821.0,5.0,,0.0378,3.5
2025-03-14,Data Analysis,3333,19,4.31,0.155,13688.0,4.1,187992.0,0.0427,23.5
2025-03-14,Financial Modeling,996,6,4.58,0.137,4982.0,5.0,81059.0,0.0508,4.8
2025-03-14,Graphic Design,5418,25,4.19,0.142,26702.0,4.9,377696.0,0.0388,3.4
2025-03-14,Legal Consulting,716,6,4.71,0.122,3189.0,4.5,38328.0,0.0498,4.2
2025-03-14,Mobile App,2277,22,4.32,0.159,10211.0,4.5,151235.0,0.0564,4.6
2025-03-14,Music Production,1590,13,4.06,0.102,6781.0,4.3,86274.0,0.0538,4.7
2025-03-14,Photography,2270,12,4.23,0.177,10116.0,4.5,153508.0,0.0483,7.9
2025-03-14,SEO/SEM,2358,8,4.05,0.168,8651.0,3.7,129927.0,0.0445,27.5
2025-03-14,Social Media Management,3700,10,3.83,0.143,17165.0,4.6,293880.0,0.0481,12.7
2025-03-14,Translation,4542,85,4.06,0.155,17027.0,3.7,256386.0,0.0568,14.5
2025-03-14,Video Production,1747,11,4.23,0.194,7919.0,4.5,103070.0,0.0446,5.6
2025-03-14,Virtual Assistant,4630,37,3.86,0.147,20623.0,4.5,364185.0,0.0393,7.7
2025-03-14,Web Development,3798,63,4.47,0.1,15504.0,4.1,220054.0,0.0295,9.5
2025-03-15,AI/ML Development,2037,3,4.45,0.18,8357.0,4.1,114784.0,0.0389,2.8
2025-03-15,Content Writing,7121,28,4.09,0.134,19312.0,2.7,250490.0,0.0545,10.5
2025-03-15,Data Analysis,3357,35,4.43,0.155,13417.0,4.0,228506.0,0.0322,14.5
2025-03-15,Financial Modeling,1008,4,4.59,0.151,3792.0,3.8,67223.0,0.0438,2.5
2025-03-15,Graphic Design,5228,27,4.16,0.176,17983.0,3.4,231135.0,0.0254,8.4
2025-03-15,Legal Consulting,671,9,4.7,0.107,2572.0,3.8,42244.0,0.0364,35.4
2025-03-15,Mobile App,2535,37,4.28,0.126,8395.0,3.3,112414.0,0.037,5.5
2025-03-15,Music Production,1566,16,3.96,0.212,4419.0,2.8,68926.0,0.0429,4.4
2025-03-15,Photography,1984,27,4.1,0.136,7627.0,3.8,129139.0,0.0301,5.3
2025-03-15,SEO/SEM,2613,16,3.96,0.134,8447.0,3.2,114750.0,0.0347,10.3
2025-03-15,Social Media Management,3566,35,3.85,0.114,11008.0,3.1,188387.0,0.0429,4.3
2025-03-15,Translation,4155,21,3.94,0.117,13511.0,3.3,176601.0,0.0628,11.0
2025-03-15,Video Production,1872,12,4.21,0.156,5899.0,3.2,75217.0,0.045,3.2
2025-03-15,Virtual Assistant,4749,13,3.82,0.12,16712.0,3.5,247885.0,0.0477,8.9
2025-03-15,Web Development,3675,13,4.39,0.13,14613.0,4.0,210744.0,0.0386,4.4
2025-03-16,AI/ML Development,1939,6,4.47,0.162,5079.0,2.6,66498.0,0.0236,7.3
2025-03-16,Content Writing,8573,59,4.04,0.148,20915.0,2.4,278164.0,0.0536,5.2
2025-03-16,Data Analysis,3112,31,4.33,0.117,9542.0,3.1,142611.0,0.0372,5.4
2025-03-16,Financial Modeling,987,7,4.63,0.159,3738.0,3.8,46921.0,0.0371,14.0
2025-03-16,Graphic Design,5480,36,4.21,0.148,16368.0,3.0,238600.0,0.0512,10.2
2025-03-16,Legal Consulting,717,1,4.62,0.129,2561.0,3.6,33902.0,0.0462,6.9
2025-03-16,Mobile App,2098,13,4.25,0.157,7785.0,3.7,113631.0,0.0531,14.7
2025-03-16,Music Production,1649,13,3.93,0.115,4430.0,2.7,59837.0,0.0315,11.0
2025-03-16,Photography,1996,9,4.13,0.155,5505.0,2.8,86154.0,0.0376,8.7
2025-03-16,SEO/SEM,2525,15,4.06,0.185,7101.0,2.8,103512.0,0.0571,4.6
2025-03-16,Social Media Management,3912,14,3.82,0.094,12120.0,3.1,183578.0,0.0393,16.6
2025-03-16,Translation,4315,12,3.97,0.134,12126.0,2.8,156286.0,0.0465,11.1
2025-03-16,Video Production,1605,19,4.18,0.153,5457.0,3.4,69464.0,0.0313,6.0
2025-03-16,Virtual Assistant,5300,47,3.85,0.172,13074.0,2.5,186392.0,0.0455,6.6
2025-03-16,Web Development,3617,18,4.25,0.153,10747.0,3.0,146312.0,0.0381,15.8
2025-03-17,AI/ML Development,2042,10,4.41,0.142,11991.0,5.9,145464.0,0.0456,3.5
2025-03-17,Content Writing,7161,48,4.02,0.168,46656.0,6.5,765021.0,0.0501,8.0
2025-03-17,Data Analysis,2887,11,4.39,0.129,13861.0,4.8,231074.0,0.0464,8.5
2025-03-17,Financial Modeling,1040,6,4.59,0.115,7173.0,6.9,126203.0,0.0495,1.9
2025-03-17,Graphic Design,6503,16,4.15,0.149,32938.0,5.1,418461.0,0.0417,8.2
2025-03-17,Legal Consulting,809,13,4.56,0.149,4852.0,6.0,65052.0,0.0434,3.7
2025-03-17,Mobile App,2566,19,4.34,0.131,15491.0,6.0,218038.0,0.0483,11.1
2025-03-17,Music Production,1610,7,3.87,0.158,9348.0,5.8,128845.0,0.0379,7.5
2025-03-17,Photography,2095,39,4.08,0.194,10033.0,4.8,123993.0,0.0368,9.3
2025-03-17,SEO/SEM,2335,23,4.0,0.096,14489.0,6.2,208325.0,0.0365,3.8
2025-03-17,Social Media Management,3536,26,3.84,0.141,15755.0,4.5,254585.0,0.0498,6.8
2025-03-17,Translation,4717,24,3.96,0.104,30002.0,6.4,490597.0,0.0507,15.8
2025-03-17,Video Production,1653,18,4.27,0.21,8341.0,5.0,135471.0,0.0494,4.2
2025-03-17,Virtual Assistant,4582,39,3.91,0.163,22350.0,4.9,367710.0,0.0469,6.6
2025-03-17,Web Development,3999,35,4.29,0.13,24355.0,6.1,325230.0,0.0372,6.7
2025-03-18,AI/ML Development,1847,6,4.48,0.158,13117.0,7.1,185795.0,0.0545,19.2
2025-03-18,Content Writing,8293,60,3.95,0.125,48699.0,5.9,778279.0,0.0439,12.3
2025-03-18,Data Analysis,3291,41,4.44,0.158,19888.0,6.0,338768.0,0.0528,6.3
2025-03-18,Financial Modeling,995,5,4.49,0.167,6948.0,7.0,118780.0,0.0475,4.5
2025-03-18,Graphic Design,6483,182,4.07,0.146,37353.0,5.8,538566.0,0.0512,4.7
2025-03-18,Legal Consulting,657,4,4.72,0.157,3614.0,5.5,58841.0,0.0436,13.9
2025-03-18,Mobile App,2350,16,4.22,0.201,10844.0,4.6,185651.0,0.063,14.4
2025-03-18,Music Production,1620,5,3.96,0.168,8455.0,5.2,126084.0,0.0451,16.3
2025-03-18,Photography,2219,12,4.12,0.16,12890.0,5.8,159927.0,0.0482,20.5
2025-03-18,SEO/SEM,2764,12,4.05,0.132,15053.0,5.4,204190.0,0.0201,9.3
2025-03-18,Social Media Management,3824,44,3.82,0.126,17330.0,4.5,215454.0,0.0437,42.8
2025-03-18,Translation,5018,29,3.95,0.164,27656.0,5.5,475877.0,0.0517,4.5
2025-03-18,Video Production,1877,16,4.27,0.182,11966.0,6.4,203274.0,0.0458,12.4
2025-03-18,Virtual Assistant,5514,26,3.91,0.144,25027.0,4.5,366702.0,0.0376,6.9
2025-03-18,Web Development,3659,19,4.33,0.127,19836.0,5.4,285383.0,0.0433,10.1
2025-03-19,AI/ML Development,2272,15,4.5,0.179,12123.0,5.3,153862.0,0.0469,3.6
2025-03-19,Content Writing,7604,75,4.08,0.14,46768.0,6.2,713234.0,0.0472,4.0
2025-03-19,Data Analysis,3110,14,4.39,0.188,21927.0,7.1,376154.0,0.034,7.6
2025-03-19,Financial Modeling,946,5,4.58,0.12,6851.0,7.2,117267.0,0.042,6.2
2025-03-19,Graphic Design,6159,37,4.12,0.119,36855.0,6.0,656737.0,0.0511,1.5
2025-03-19,Legal Consulting,685,2,4.67,0.209,4745.0,6.9,60006.0,0.0323,6.8
2025-03-19,Mobile App,2455,22,4.32,0.14,16857.0,6.9,256736.0,0.0286,13.9
2025-03-19,Music Production,1339,29,3.85,0.156,5968.0,4.5,87480.0,0.0505,4.9
2025-03-19,Photography,1979,10,4.15,0.114,10399.0,5.3,148547.0,0.0558,7.4
2025-03-19,SEO/SEM,2281,29,3.97,0.133,12103.0,5.3,145446.0,0.0374,6.1
2025-03-19,Social Media Management,4100,14,3.85,0.165,23557.0,5.7,393987.0,0.0461,12.0
2025-03-19,Translation,4811,47,3.95,0.141,29000.0,6.0,390075.0,0.0364,13.5
2025-03-19,Video Production,1644,25,4.23,0.153,8998.0,5.5,122412.0,0.054,50.5
2025-03-19,Virtual Assistant,5101,72,3.84,0.09,21408.0,4.2,301545.0,0.0445,5.8
2025-03-19,Web Development,3667,19,4.29,0.162,23935.0,6.5,337831.0,0.0402,3.1
2025-03-20,AI/ML Development,2178,5,4.53,0.104,11581.0,5.3,177930.0,0.0405,5.7
2025-03-20,Content Writing,8784,77,4.03,0.117,32597.0,3.7,423165.0,0.042,10.9
2025-03-20,Data Analysis,3375,11,4.39,0.147,18107.0,5.4,301583.0,0.0501,23.7
2025-03-20,Financial Modeling,1152,7,4.6,0.154,4997.0,4.3,74653.0,0.0518,13.8
2025-03-20,Graphic Design,5559,34,4.1,0.146,25763.0,4.6,378561.0,0.0526,12.7
2025-03-20,Legal Consulting,674,4,4.63,0.113,3721.0,5.5,65415.0,0.0464,0.9
2025-03-20,Mobile App,2506,13,4.3,0.138,11423.0,4.6,202005.0,0.0443,1.5
2025-03-20,Music Production,1544,8,3.99,0.161,6150.0,4.0,80937.0,0.0374,11.5
2025-03-20,Photography,2160,11,4.11,0.154,9190.0,4.3,151158.0,0.0504,5.2
2025-03-20,SEO/SEM,2762,23,4.12,0.159,10810.0,3.9,170168.0,0.0366,4.6
2025-03-20,Social Media Management,3288,27,3.93,0.17,14022.0,4.3,226378.0,0.0417,15.8
2025-03-20,Translation,5174,65,4.11,0.123,24317.0,4.7,388060.0,0.0513,10.7
2025-03-20,Video Production,1757,18,4.13,0.12,8206.0,4.7,144034.0,0.0588,18.9
2025-03-20,Virtual Assistant,4933,42,3.89,0.154,20121.0,4.1,329169.0,0.0466,5.8
2025-03-20,Web Development,3799,20,4.27,0.147,19795.0,5.2,345277.0,0.0466,4.6
2025-03-21,AI/ML Development,2030,21,4.34,0.16,8119.0,4.0,126618.0,0.0406,2.1
2025-03-21,Content Writing,7326,29,3.9,0.228,32812.0,4.5,511327.0,0.0547,4.8
2025-03-21,Data Analysis,3150,57,4.32,0.131,17276.0,5.5,229613.0,0.0373,3.3
2025-03-21,Financial Modeling,941,10,4.5,0.148,3853.0,4.1,51033.0,0.0498,15.7
2025-03-21,Graphic Design,5928,31,4.18,0.21,25041.0,4.2,419479.0,0.0492,4.1
2025-03-21,Legal Consulting,677,8,4.59,0.135,3035.0,4.5,40028.0,0.0364,4.7
2025-03-21,Mobile App,2076,20,4.28,0.105,10089.0,4.9,153106.0,0.0402,5.3
2025-03-21,Music Production,1618,20,3.97,0.154,6871.0,4.2,110989.0,0.0485,5.9
2025-03-21,Photography,2419,51,4.11,0.197,8988.0,3.7,157830.0,0.0582,14.6
2025-03-21,SEO/SEM,2619,19,4.09,0.144,12607.0,4.8,159880.0,0.0448,13.9
2025-03-21,Social Media Management,4125,21,3.84,0.171,15391.0,3.7,238519.0,0.0392,8.9
2025-03-21,Translation,4684,40,4.0,0.155,19952.0,4.3,248777.0,0.0576,13.5
2025-03-21,Video Production,1618,5,4.19,0.121,7200.0,4.4,91950.0,0.0443,5.1
2025-03-21,Virtual Assistant,5603,91,3.83,0.148,28667.0,5.1,491301.0,0.0466,3.6
2025-03-21,Web Development,3572,16,4.28,0.189,16112.0,4.5,289918.0,0.0555,21.2
2025-03-22,AI/ML Development,2311,5,4.39,0.175,7019.0,3.0,90876.0,0.0397,11.5
2025-03-22,Content Writing,7484,86,4.07,0.155,27299.0,3.6,419932.0,0.0505,5.8
2025-03-22,Data Analysis,3065,14,4.25,0.117,11831.0,3.9,203348.0,0.0417,22.1
2025-03-22,Financial Modeling,1021,10,4.58,0.162,4376.0,4.3,72318.0,0.0547,2.8
2025-03-22,Graphic Design,6249,32,4.07,0.209,17435.0,2.8,313169.0,0.0428,5.8
2025-03-22,Legal Consulting,783,7,4.64,0.14,2419.0,3.1,33888.0,0.0407,7.0
2025-03-22,Mobile App,2279,9,4.32,0.174,6300.0,2.8,78225.0,0.0578,7.5
2025-03-22,Music Production,1472,5,3.91,0.154,5365.0,3.6,75949.0,0.0461,19.1
2025-03-22,Photography,2449,17,4.1,0.164,8553.0,3.5,125155.0,0.0487,9.6
2025-03-22,SEO/SEM,2552,28,4.11,0.211,9660.0,3.8,165711.0,0.0381,9.9
2025-03-22,Social Media Management,3546,40,3.87,0.192,12703.0,3.6,159081.0,0.0533,2.3
2025-03-22,Translation,4219,50,3.96,0.138,13813.0,3.3,206038.0,0.0534,14.1
2025-03-22,Video Production,1551,19,4.23,0.112,4475.0,2.9,54979.0,0.0439,2.2
2025-03-22,Virtual Assistant,4879,130,3.89,0.178,17179.0,3.5,261806.0,0.0442,3.6
2025-03-22,Web Development,3812,32,4.3,0.169,11734.0,3.1,165899.0,0.0508,6.2
2025-03-23,AI/ML Development,2009,11,4.39,0.171,6658.0,3.3,88808.0,0.0313,2.5
2025-03-23,Content Writing,8246,66,4.1,0.118,21303.0,2.6,341040.0,0.0554,11.6
2025-03-23,Data Analysis,3195,10,4.33,0.167,11069.0,3.5,193851.0,0.0432,9.9
2025-03-23,Financial Modeling,-2,5,4.62,0.122,4294.0,3.8,65262.0,0.0438,4.1
2025-03-23,Graphic Design,5262,30,4.12,0.164,18215.0,3.5,262126.0,0.05,3.8
2025-03-23,Legal Consulting,770,6,4.54,0.185,2822.0,3.7,44749.0,0.0304,8.0
2025-03-23,Mobile App,2513,18,4.25,0.146,8258.0,3.3,114024.0,0.0431,26.0
2025-03-23,Music Production,1358,3,4.02,0.15,4705.0,3.5,68673.0,0.0391,8.9
2025-03-23,Photography,2073,23,4.11,0.124,6885.0,3.3,93799.0,0.0407,4.1
2025-03-23,SEO/SEM,2828,13,4.08,0.163,7734.0,2.7,104787.0,0.0479,3.7
2025-03-23,Social Media Management,3609,45,3.92,0.146,12077.0,3.3,163622.0,0.0417,15.7
2025-03-23,Translation,4411,23,3.96,0.154,13566.0,3.1,224509.0,0.0501,2.5
2025-03-23,Video Production,1639,13,4.29,0.161,6006.0,3.7,104462.0,0.0424,2.2
2025-03-23,Virtual Assistant,5720,62,3.77,0.101,14196.0,2.5,179122.0,1.4362,11.7
2025-03-23,Web Development,3707,84,4.31,0.157,9573.0,2.6,148195.0,0.0527,6.3
2025-03-24,AI/ML Development,1999,8,4.41,0.125,11225.0,5.6,150085.0,0.047,20.4
2025-03-24,Content Writing,8231,30,4.03,0.142,40714.0,4.9,707463.0,0.0391,10.5
2025-03-24,Data Analysis,3556,19,4.23,0.11,23666.0,6.7,347690.0,0.0505,10.6
2025-03-24,Financial Modeling,1029,5,4.55,0.173,6251.0,6.1,109519.0,0.0412,1.7
2025-03-24,Graphic Design,6503,30,4.12,0.143,40669.0,6.3,689213.0,0.0555,14.5
2025-03-24,Legal Consulting,727,2,4.67,0.181,4489.0,6.2,59378.0,0.0491,5.0
2025-03-24,Mobile App,2512,22,4.17,0.186,15162.0,6.0,256648.0,0.0462,13.9
2025-03-24,Music Production,1369,7,4.05,0.178,6248.0,4.6,105480.0,0.0521,21.0
2025-03-24,Photography,2448,13,4.17,0.168,11323.0,4.6,171133.0,0.0413,8.1
2025-03-24,SEO/SEM,2445,18,4.09,0.073,12893.0,5.3,193080.0,0.0496,4.1
2025-03-24,Social Media Management,3533,35,3.85,0.136,16756.0,4.7,205266.0,0.067,5.4
2025-03-24,Translation,5130,32,3.89,0.111,29336.0,5.7,385038.0,0.034,6.4
2025-03-24,Video Production,1821,11,4.33,0.157,8538.0,4.7,146117.0,0.0492,7.0
2025-03-24,Virtual Assistant,5051,68,3.77,0.157,23525.0,4.7,322903.0,0.0454,2.8
2025-03-24,Web Development,3528,34,4.39,0.107,20629.0,5.8,260530.0,0.0355,5.3
2025-03-25,AI/ML Development,2118,11,4.46,0.149,12523.0,5.9,222018.0,0.033,7.1
2025-03-25,Content Writing,8022,61,3.99,0.168,38690.0,4.8,464328.0,0.0411,5.8
2025-03-25,Data Analysis,3508,18,4.26,0.114,22025.0,6.3,342345.0,0.0477,18.6
2025-03-25,Financial Modeling,1021,11,4.61,0.129,5876.0,5.8,80730.0,0.0484,3.2
2025-03-25,Graphic Design,5324,25,4.15,0.102,30018.0,5.6,422036.0,0.0315,10.8
2025-03-25,Legal Consulting,787,5,4.71,0.196,4142.0,5.3,72366.0,0.0538,22.6
2025-03-25,Mobile App,2532,25,4.14,0.133,11600.0,4.6,190076.0,0.0377,4.5
2025-03-25,Music Production,1498,18,3.96,0.112,9001.0,6.0,133821.0,0.0535,13.9
2025-03-25,Photography,2315,11,4.1,0.211,12598.0,5.4,193891.0,0.0492,9.4
2025-03-25,SEO/SEM,2611,31,4.1,0.143,12172.0,4.7,169745.0,0.0452,16.0
2025-03-25,Social Media Management,3686,44,3.9,0.115,23307.0,6.3,412877.0,0.0264,9.8
2025-03-25,Translation,4793,93,3.9,0.149,27079.0,5.6,327566.0,0.0367,4.1
2025-03-25,Video Production,1600,5,4.19,0.176,10314.0,6.4,172094.0,0.0495,12.0
2025-03-25,Virtual Assistant,4621,64,3.75,0.141,21358.0,4.6,289024.0,0.0348,2.6
2025-03-25,Web Development,4245,86,4.36,0.11,22330.0,5.3,348180.0,0.0482,12.1
2025-03-26,AI/ML Development,2268,8,4.35,0.152,13751.0,6.1,170733.0,0.0643,5.6
2025-03-26,Content Writing,8090,34,4.1,0.135,50662.0,6.3,690750.0,0.0385,8.4
2025-03-26,Data Analysis,2977,21,4.32,0.134,13949.0,4.7,232189.0,0.0385,25.6
2025-03-26,Financial Modeling,969,3,4.58,0.185,6111.0,6.3,108617.0,0.0468,24.8
2025-03-26,Graphic Design,6266,27,4.17,0.152,30539.0,4.9,528356.0,0.0545,4.6
2025-03-26,Legal Consulting,690,4,4.69,0.205,4851.0,7.0,85921.0,0.0459,5.4
2025-03-26,Mobile App,2480,11,4.3,0.15,11548.0,4.7,181091.0,0.0505,2.7
2025-03-26,Music Production,1463,13,3.88,0.128,7823.0,5.3,113302.0,0.0425,8.3
2025-03-26,Photography,2206,15,4.12,0.146,11394.0,5.2,164806.0,0.0431,9.6
2025-03-26,SEO/SEM,2425,22,4.0,0.141,11300.0,4.7,135694.0,0.056,5.1
2025-03-26,Social Media Management,-4,26,3.8,0.149,16263.0,4.4,217713.0,0.0377,10.4
2025-03-26,Translation,4413,11,3.95,0.126,22545.0,5.1,304594.0,0.0297,40.0
2025-03-26,Video Production,1804,10,4.23,0.108,12026.0,6.7,158497.0,0.0547,14.1
2025-03-26,Virtual Assistant,5638,70,3.81,0.198,33331.0,5.9,451769.0,0.0324,1.8
2025-03-26,Web Development,3672,9,4.37,0.163,19323.0,5.3,332768.0,0.0569,8.5
2025-03-27,AI/ML Development,2054,7,4.47,0.142,9615.0,4.7,139723.0,0.0403,9.3
2025-03-27,Content Writing,7138,59,4.05,0.154,29563.0,4.1,505391.0,0.0337,19.4
2025-03-27,Data Analysis,3283,20,4.34,0.142,19149.0,5.8,265424.0,0.0353,18.1
2025-03-27,Financial Modeling,1046,12,4.57,0.177,5635.0,5.4,78117.0,0.0434,16.2
2025-03-27,Graphic Design,6071,68,4.08,0.163,23788.0,3.9,381062.0,0.0267,3.4
2025-03-27,Legal Consulting,746,2,4.57,0.111,3532.0,4.7,56232.0,0.0507,7.0
2025-03-27,Mobile App,2119,10,4.26,0.147,11386.0,5.4,179545.0,0.0472,13.1
2025-03-27,Music Production,1591,9,3.91,0.15,7013.0,4.4,115112.0,0.0553,7.8
2025-03-27,Photography,2267,32,4.23,0.153,12300.0,5.4,195546.0,0.0479,5.2
2025-03-27,SEO/SEM,2826,13,4.08,0.118,15204.0,5.4,243547.0,0.0455,5.2
2025-03-27,Social Media Management,3314,25,3.85,0.118,13703.0,4.1,185557.0,0.0414,11.4
2025-03-27,Translation,5049,25,3.94,0.131,18210.0,3.6,220277.0,0.054,7.0
2025-03-27,Video Production,1614,4,4.15,0.126,7982.0,4.9,124987.0,0.0385,10.4
2025-03-27,Virtual Assistant,5471,35,3.91,0.188,26436.0,4.8,406366.0,0.039,14.6
2025-03-27,Web Development,4096,138,4.33,0.111,16511.0,4.0,273382.0,0.0472,5.0
2025-03-28,AI/ML Development,1957,13,4.36,0.205,9246.0,4.7,141956.0,0.045,6.8
2025-03-28,Content Writing,7113,38,4.07,0.159,26125.0,3.7,431852.0,0.0444,5.0
2025-03-28,Data Analysis,3298,21,4.34,0.163,14195.0,4.3,235630.0,0.05,18.7
2025-03-28,Financial Modeling,1167,8,4.55,0.178,5212.0,4.5,88463.0,0.0411,5.9
2025-03-28,Graphic Design,5676,23,4.13,0.169,25089.0,4.4,380339.0,0.0388,12.5
2025-03-28,Legal Consulting,812,6,4.53,0.169,4011.0,4.9,60330.0,0.0416,9.2
2025-03-28,Mobile App,2373,9,4.28,0.176,10387.0,4.4,130709.0,0.0481,3.0
2025-03-28,Music Production,1566,4,3.92,0.137,6997.0,4.5,106180.0,0.0381,12.4
2025-03-28,Photography,2238,10,4.14,0.135,10458.0,4.7,158744.0,0.0449,15.7
2025-03-28,SEO/SEM,2690,6,4.04,0.133,14190.0,5.3,188285.0,0.053,10.3
2025-03-28,Social Media Management,3529,48,3.89,0.16,12903.0,3.7,220480.0,0.0436,4.8
2025-03-28,Translation,5220,22,3.93,0.145,24502.0,4.7,354716.0,0.0407,9.4
2025-03-28,Video Production,1626,19,4.11,0.135,7679.0,4.7,124355.0,0.042,13.7
2025-03-28,Virtual Assistant,4864,21,3.9,0.139,19130.0,3.9,251448.0,0.0466,58.8
2025-03-28,Web Development,3477,35,4.37,0.162,16410.0,4.7,243432.0,0.049,3.9
2025-03-29,AI/ML Development,2158,23,4.44,0.169,8954.0,4.1,145193.0,0.0495,17.1
2025-03-29,Content Writing,7170,80,4.05,0.128,20495.0,2.9,318374.0,0.0523,7.0
2025-03-29,Data Analysis,2863,10,4.33,0.178,10898.0,3.8,145675.0,0.0588,21.2
2025-03-29,Financial Modeling,948,8,4.62,0.149,3390.0,3.6,59805.0,0.037,52.9
2025-03-29,Graphic Design,5274,26,4.23,0.146,16566.0,3.1,200568.0,0.0331,5.4
2025-03-29,Legal Consulting,672,3,4.58,0.133,2116.0,3.1,36248.0,0.0573,3.0
2025-03-29,Mobile App,2465,13,4.26,0.149,8539.0,3.5,131966.0,0.0406,5.0
2025-03-29,Music Production,1382,19,3.88,0.118,4061.0,2.9,68107.0,0.0406,2.6
2025-03-29,Photography,2343,19,4.14,0.169,6529.0,2.8,86825.0,0.0531,14.9
2025-03-29,SEO/SEM,2478,13,4.09,0.109,6960.0,2.8,103446.0,0.0474,1.8
2025-03-29,Social Media Management,3828,23,3.98,0.223,11565.0,3.0,151986.0,0.0349,18.9
2025-03-29,Translation,5194,21,3.94,0.174,16917.0,3.3,286094.0,0.0422,5.5
2025-03-29,Video Production,1790,9,4.2,0.166,5994.0,3.3,101629.0,0.0533,4.4
2025-03-29,Virtual Assistant,5328,14,3.81,0.129,16110.0,3.0,246504.0,0.051,4.8
2025-03-29,Web Development,4019,23,4.38,0.146,14399.0,3.6,251813.0,0.0445,4.2
2025-03-30,AI/ML Development,2318,10,4.37,0.188,8524.0,3.7,115458.0,0.0427,20.7
2025-03-30,Content Writing,8128,28,4.1,0.117,28797.0,3.5,505433.0,0.0443,13.7
2025-03-30,Data Analysis,3223,9,4.37,0.177,9716.0,3.0,155510.0,0.038,37.9
2025-03-30,Financial Modeling,1080,12,4.58,0.161,2979.0,2.8,38967.0,0.0601,2.1
2025-03-30,Graphic Design,5306,19,4.04,0.137,14715.0,2.8,213348.0,0.0569,5.0
2025-03-30,Legal Consulting,804,12,4.62,0.2,2358.0,2.9,40735.0,0.0293,13.9
2025-03-30,Mobile App,2503,19,4.35,0.216,9314.0,3.7,142055.0,0.0245,10.3
2025-03-30,Music Production,1608,20,4.04,0.216,4530.0,2.8,72763.0,0.0415,8.9
2025-03-30,Photography,2248,27,4.12,0.157,7382.0,3.3,94504.0,0.0277,8.7
2025-03-30,SEO/SEM,2556,52,4.04,0.063,7900.0,3.1,97093.0,0.0446,25.3
2025-03-30,Social Media Management,3274,18,3.85,0.168,9726.0,3.0,144395.0,0.0432,7.7
2025-03-30,Translation,4385,24,3.98,0.116,11340.0,2.6,189949.0,0.0448,7.4
2025-03-30,Video Production,1569,8,4.23,0.174,4732.0,3.0,78922.0,0.054,5.4
2025-03-30,Virtual Assistant,5398,54,3.87,0.192,14940.0,2.8,222021.0,0.032,7.9
2025-03-30,Web Development,4215,14,4.34,0.18,12669.0,3.0,169550.0,0.0295,6.2
2025-03-31,AI/ML Development,2344,19,4.45,0.124,12793.0,5.5,184328.0,0.053,15.7
2025-03-31,Content Writing,8770,55,4.1,0.168,51080.0,5.8,629961.0,0.0436,6.0
2025-03-31,Data Analysis,3481,19,4.33,0.167,16696.0,4.8,283332.0,0.0409,6.0
2025-03-31,Financial Modeling,1045,6,4.6,0.147,6283.0,6.0,91053.0,0.0364,4.9
2025-03-31,Graphic Design,6027,43,4.24,0.184,27775.0,4.6,425019.0,0.0282,10.6
2025-03-31,Legal Consulting,683,2,4.67,0.139,3444.0,5.0,60482.0,0.0502,7.5
2025-03-31,Mobile App,2570,19,4.27,0.15,14344.0,5.6,216092.0,0.0379,9.7
2025-03-31,Music Production,1357,17,3.97,0.156,6633.0,4.9,87667.0,0.0293,14.4
2025-03-31,Photography,2175,11,4.16,0.173,11835.0,5.4,177188.0,0.0474,7.6
2025-03-31,SEO/SEM,2663,20,4.03,0.15,16989.0,6.4,288384.0,0.0336,19.2
2025-03-31,Social Media Management,3425,22,3.87,0.192,20048.0,5.9,327368.0,0.0243,8.3
2025-03-31,Translation,4422,21,4.02,0.169,24669.0,5.6,338310.0,0.0392,7.2
2025-03-31,Video Production,1543,9,4.29,0.153,10271.0,6.7,139295.0,0.0402,9.5
2025-03-31,Virtual Assistant,4713,50,3.76,0.16,22452.0,4.8,301185.0,0.0429,7.4
2025-03-31,Web Development,3801,18,4.45,0.108,21820.0,5.7,299964.0,0.031,7.8
