date,gig_category,n_active_vendors,n_new_vendors,avg_vendor_rating,top_rated_fraction,total_profile_views,avg_profile_views,search_impressions,click_through_rate,avg_response_time_hours
2024-07-01,AI/ML Development,1829,12,4.35,0.131,9291.0,5.1,132929.0,0.0425,16.5
2024-07-01,Content Writing,7086,72,4.05,0.169,28302.0,4.0,366786.0,0.0411,5.5
2024-07-01,Data Analysis,2859,28,4.3,0.114,11716.0,4.1,194727.0,0.0594,4.3
2024-07-01,Financial Modeling,930,5,4.44,0.095,3428.0,3.7,48801.0,0.0395,9.3
2024-07-01,Graphic Design,4769,17,4.1,0.124,16213.0,3.4,239134.0,0.0356,6.9
2024-07-01,Legal Consulting,643,4,4.63,0.109,2543.0,4.0,33290.0,0.0491,10.8
2024-07-01,Mobile App,1922,12,4.24,0.182,6823.0,3.5,106581.0,0.039,4.5
2024-07-01,Music Production,1218,11,3.88,0.183,5685.0,4.7,102026.0,0.0418,9.6
2024-07-01,Photography,1796,8,4.09,0.117,8157.0,4.5,139070.0,0.0537,10.3
2024-07-01,SEO/SEM,2232,6,3.88,0.198,9172.0,4.1,136673.0,0.0608,16.6
2024-07-01,Social Media Management,2903,38,3.77,0.149,12858.0,4.4,222805.0,0.0509,13.0
2024-07-01,Translation,3699,35,4.09,0.139,18051.0,4.9,314266.0,0.0585,5.0
2024-07-01,Video Production,1322,5,4.11,0.117,4842.0,3.7,65293.0,0.0428,11.7
2024-07-01,Virtual Assistant,3872,29,3.72,0.193,16671.0,4.3,232794.0,0.0516,4.4
2024-07-01,Web Development,3191,28,4.28,0.15,12171.0,3.8,207892.0,0.0477,6.8
2024-07-02,AI/ML Development,1537,13,4.38,0.136,7286.0,4.7,93821.0,0.0574,7.2
2024-07-02,Content Writing,6890,26,3.97,0.164,32083.0,4.7,428609.0,0.0418,1.2
2024-07-02,Data Analysis,2742,27,4.34,0.181,12101.0,4.4,187512.0,0.0464,12.6
2024-07-02,Financial Modeling,820,6,4.47,0.165,3284.0,4.0,41025.0,0.0391,7.3
2024-07-02,Graphic Design,4280,18,4.14,0.162,14802.0,3.5,179466.0,0.0491,8.0
2024-07-02,Legal Consulting,535,2,4.5,0.158,2050.0,3.8,34948.0,0.0465,5.9
2024-07-02,Mobile App,1832,15,4.22,0.159,6220.0,3.4,98447.0,0.0456,3.5
2024-07-02,Music Production,1147,6,3.91,0.112,5142.0,4.5,67472.0,0.0489,4.4
2024-07-02,Photography,1772,16,4.02,0.188,5856.0,3.3,85096.0,0.0413,7.2
2024-07-02,SEO/SEM,2198,29,3.95,0.132,8226.0,3.7,140724.0,0.0496,7.1
2024-07-02,Social Media Management,3214,19,3.83,0.205,10256.0,3.2,168531.0,0.0412,1.9
2024-07-02,Translation,3609,23,3.89,0.103,12865.0,3.6,206848.0,0.0463,9.3
2024-07-02,Video Production,1413,6,4.18,0.083,5744.0,4.1,90687.0,0.0548,5.9
2024-07-02,Virtual Assistant,3813,33,3.75,0.142,16239.0,4.3,282308.0,0.0536,2.9
2024-07-02,Web Development,3157,8,4.29,0.145,11819.0,3.7,195512.0,0.0535,3.1
2024-07-03,AI/ML Development,1633,10,4.38,0.147,6723.0,4.1,111990.0,0.0439,14.9
2024-07-03,Content Writing,6709,27,3.99,0.19,31151.0,4.6,503346.0,0.0426,12.3
2024-07-03,Data Analysis,2666,32,4.34,0.147,12583.0,4.7,203510.0,0.0312,9.6
2024-07-03,Financial Modeling,752,3,4.45,0.116,3588.0,4.8,45955.0,0.0531,16.3
2024-07-03,Graphic Design,4510,42,4.08,0.153,16555.0,3.7,293768.0,0.0603,9.2
2024-07-03,Legal Consulting,629,5,4.58,0.138,2785.0,4.4,50032.0,0.0397,15.9
2024-07-03,Mobile App,1852,7,4.29,0.164,7571.0,4.1,114243.0,0.0442,10.9
2024-07-03,Music Production,1317,8,3.87,0.156,5028.0,3.8,75626.0,0.0438,4.6
2024-07-03,Photography,1842,6,4.05,0.194,7181.0,3.9,99764.0,0.0452,9.6
2024-07-03,SEO/SEM,2042,5,3.81,0.222,7349.0,3.6,104553.0,0.0521,5.8
2024-07-03,Social Media Management,2682,15,3.79,0.163,9083.0,3.4,111478.0,0.044,10.9
2024-07-03,Translation,3963,27,3.92,0.174,17730.0,4.5,293622.0,0.0545,6.9
2024-07-03,Video Production,1510,14,4.26,0.147,7243.0,4.8,129813.0,0.0494,31.6
2024-07-03,Virtual Assistant,4189,32,3.84,0.128,17033.0,4.1,277573.0,0.0446,4.1
2024-07-03,Web Development,2976,17,4.26,0.119,11773.0,4.0,191583.0,0.038,14.8
2024-07-04,AI/ML Development,1838,22,4.43,0.18,5852.0,3.2,103419.0,0.0518,3.7
2024-07-04,Content Writing,6837,93,3.97,0.142,18836.0,2.8,235936.0,0.0516,7.7
2024-07-04,Data Analysis,2381,18,4.23,0.171,8593.0,3.6,134390.0,0.0502,4.0
2024-07-04,Financial Modeling,890,11,4.45,0.145,3959.0,4.4,61613.0,0.0434,4.1
2024-07-04,Graphic Design,5171,21,4.14,0.151,15747.0,3.0,237330.0,0.0512,6.0
2024-07-04,Legal Consulting,627,3,4.57,0.177,2119.0,3.4,32126.0,0.0467,7.9
2024-07-04,Mobile App,1947,43,4.08,0.189,7103.0,3.6,112868.0,0.0598,9.4
2024-07-04,Music Production,1064,15,3.89,0.147,3673.0,3.5,63011.0,0.0215,9.1
2024-07-04,Photography,1911,4,3.99,0.146,6471.0,3.4,94426.0,0.0452,8.8
2024-07-04,SEO/SEM,2258,13,3.91,0.185,8743.0,3.9,113790.0,0.044,17.1
2024-07-04,Social Media Management,3135,11,3.81,0.155,8728.0,2.8,107988.0,0.0379,15.2
2024-07-04,Translation,4163,25,3.82,0.168,11767.0,2.8,207501.0,0.0513,9.9
2024-07-04,Video Production,1221,7,4.25,0.119,5112.0,4.2,85660.0,0.0608,7.1
2024-07-04,Virtual Assistant,4509,12,3.72,0.15,16373.0,3.6,243904.0,0.0488,2.6
2024-07-04,Web Development,2790,9,4.25,0.152,8410.0,3.0,105231.0,0.0263,8.9
2024-07-05,AI/ML Development,1511,6,4.32,0.208,5598.0,3.7,77587.0,0.0347,8.3
2024-07-05,Content Writing,5784,14,4.0,0.136,22934.0,4.0,319928.0,0.0512,4.3
2024-07-05,Data Analysis,2831,21,4.27,0.125,8219.0,2.9,104619.0,0.0354,10.5
2024-07-05,Financial Modeling,909,2,4.46,0.164,3688.0,4.1,63939.0,0.0417,5.7
2024-07-05,Graphic Design,4584,47,3.97,0.134,17063.0,3.7,263980.0,0.0417,6.0
2024-07-05,Legal Consulting,581,7,4.72,0.124,1955.0,3.4,23689.0,0.0452,5.9
2024-07-05,Mobile App,1783,10,4.24,0.154,5953.0,3.3,,0.0458,24.4
2024-07-05,Music Production,1175,3,3.83,0.123,4132.0,3.5,66466.0,0.0569,27.8
2024-07-05,Photography,1844,4,3.97,0.093,6896.0,3.7,86754.0,0.0464,2.7
2024-07-05,SEO/SEM,2262,34,4.0,0.153,6534.0,2.9,89744.0,0.044,9.0
2024-07-05,Social Media Management,2975,38,3.75,0.118,11030.0,3.7,153012.0,0.0442,2.6
2024-07-05,Translation,3754,32,3.81,0.116,12374.0,3.3,214832.0,0.0491,12.4
2024-07-05,Video Production,1332,8,4.23,0.165,4313.0,3.2,56143.0,0.0455,29.9
2024-07-05,Virtual Assistant,3670,28,3.69,0.154,9058.0,2.5,143401.0,0.0562,14.6
2024-07-05,Web Development,3505,56,4.26,0.153,11701.0,3.3,189928.0,0.0443,6.1
2024-07-06,AI/ML Development,1544,9,4.38,0.156,4312.0,2.8,65979.0,0.0441,7.7
2024-07-06,Content Writing,6698,44,3.96,0.14,12781.0,1.9,159964.0,0.0368,3.0
2024-07-06,Data Analysis,2746,29,4.3,0.143,7155.0,2.6,107236.0,0.054,9.1
2024-07-06,Financial Modeling,886,5,4.35,0.157,2597.0,2.9,40778.0,0.0428,4.4
2024-07-06,Graphic Design,4834,78,3.97,0.176,10080.0,2.1,140344.0,0.045,13.0
2024-07-06,Legal Consulting,534,2,4.58,0.153,1254.0,2.3,19070.0,0.0481,12.7
2024-07-06,Mobile App,1856,12,4.13,0.17,5222.0,2.8,90893.0,0.0398,4.7
2024-07-06,Music Production,1051,6,3.88,0.173,2850.0,2.7,39768.0,0.0452,8.7
2024-07-06,Photography,1742,11,4.1,0.157,3567.0,2.0,52917.0,0.0466,5.0
2024-07-06,SEO/SEM,2297,22,4.0,0.166,4493.0,2.0,76579.0,0.0588,10.5
2024-07-06,Social Media Management,3144,12,3.75,0.138,7738.0,2.5,126118.0,0.0304,18.4
2024-07-06,Translation,3540,19,3.84,0.116,7206.0,2.0,113138.0,0.0503,2.5
2024-07-06,Video Production,1476,12,4.22,0.11,4027.0,2.7,66386.0,0.0572,10.9
2024-07-06,Virtual Assistant,4232,18,3.79,0.166,8647.0,2.0,152889.0,0.0442,17.7
2024-07-06,Web Development,3283,17,4.2,0.133,7537.0,2.3,135454.0,0.0376,7.5
2024-07-07,AI/ML Development,1752,10,4.39,0.138,4777.0,2.7,84820.0,0.0258,7.4
2024-07-07,Content Writing,5996,58,3.91,0.217,11706.0,2.0,165000.0,0.0322,23.0
2024-07-07,Data Analysis,2559,15,4.37,0.187,5301.0,2.1,80371.0,0.0503,17.9
2024-07-07,Financial Modeling,915,2,4.51,0.091,2142.0,2.3,31143.0,0.0542,14.4
2024-07-07,Graphic Design,4421,36,4.15,0.183,9920.0,2.2,154510.0,0.0467,8.1
2024-07-07,Legal Consulting,608,8,4.52,0.192,1737.0,2.9,21672.0,0.0511,4.9
2024-07-07,Mobile App,2013,22,4.2,0.089,4153.0,2.1,74324.0,0.0505,8.8
2024-07-07,Music Production,1177,7,3.87,0.184,2041.0,1.7,30862.0,0.0422,27.7
2024-07-07,Photography,1877,12,4.03,0.225,4784.0,2.5,58969.0,0.0342,2.9
2024-07-07,SEO/SEM,2002,13,4.02,0.149,5091.0,2.5,72809.0,0.0521,12.6
2024-07-07,Social Media Management,3112,21,3.76,0.143,5938.0,1.9,86947.0,0.0493,36.3
2024-07-07,Translation,3528,38,3.87,0.159,6015.0,1.7,94024.0,0.0425,11.6
2024-07-07,Video Production,1339,9,4.16,0.138,2699.0,2.0,46049.0,0.0512,4.8
2024-07-07,Virtual Assistant,3876,16,3.73,0.154,6752.0,1.7,109857.0,0.0488,3.8
2024-07-07,Web Development,2981,14,4.33,0.13,7904.0,2.7,122845.0,0.0365,4.0
2024-07-08,AI/ML Development,1606,4,4.36,0.175,7495.0,4.7,101624.0,0.0512,17.3
2024-07-08,Content Writing,5949,26,3.99,0.168,23277.0,3.9,395590.0,0.0425,5.7
2024-07-08,Data Analysis,2330,35,4.23,0.15,11269.0,4.8,178288.0,0.0414,5.6
2024-07-08,Financial Modeling,793,8,4.55,0.099,3452.0,4.4,51203.0,0.0531,18.0
2024-07-08,Graphic Design,5027,30,4.16,0.146,21339.0,4.2,366902.0,0.0387,3.4
2024-07-08,Legal Consulting,598,4,4.61,0.157,2449.0,4.1,41898.0,0.0435,11.6
2024-07-08,Mobile App,2091,10,4.2,0.133,8888.0,4.3,159727.0,0.0377,5.9
2024-07-08,Music Production,1323,5,3.81,0.141,5871.0,4.4,79219.0,0.0464,25.9
2024-07-08,Photography,1821,11,4.16,0.179,6952.0,3.8,104933.0,0.0461,7.9
2024-07-08,SEO/SEM,2077,12,3.91,0.162,7703.0,3.7,118097.0,0.0401,7.5
2024-07-08,Social Media Management,2655,10,3.78,0.123,9528.0,3.6,114407.0,0.0463,5.1
2024-07-08,Translation,3888,25,3.9,0.162,16573.0,4.3,225734.0,0.0494,6.1
2024-07-08,Video Production,1394,9,4.16,0.182,5913.0,4.2,105235.0,0.0369,2.3
2024-07-08,Virtual Assistant,3748,22,3.73,0.171,15841.0,4.2,231648.0,0.0466,15.8
2024-07-08,Web Development,3475,27,4.23,0.171,17321.0,5.0,220675.0,0.0465,3.4
2024-07-09,AI/ML Development,1522,7,4.46,0.115,7257.0,4.8,128545.0,0.043,9.6
2024-07-09,Content Writing,7166,71,4.06,0.171,25590.0,3.6,399561.0,0.0449,12.2
2024-07-09,Data Analysis,2693,10,4.29,0.176,13814.0,5.1,183706.0,0.0353,15.1
2024-07-09,Financial Modeling,857,4,4.44,0.217,4135.0,4.8,56992.0,0.0435,7.9
2024-07-09,Graphic Design,4488,30,4.17,0.16,21439.0,4.8,298354.0,0.0505,5.3
2024-07-09,Legal Consulting,603,3,4.65,0.201,2744.0,4.6,34102.0,0.0311,13.1
2024-07-09,Mobile App,1892,20,4.14,0.216,8697.0,4.6,148289.0,0.0443,8.3
2024-07-09,Music Production,1160,7,3.89,0.102,4918.0,4.2,61723.0,0.0366,4.0
2024-07-09,Photography,1841,25,3.99,0.16,6673.0,3.6,90675.0,0.0474,11.3
2024-07-09,SEO/SEM,1923,9,3.92,0.175,6719.0,3.5,95058.0,0.0476,17.7
2024-07-09,Social Media Management,2728,69,3.75,0.09,12305.0,4.5,181291.0,0.0391,5.8
2024-07-09,Translation,3344,19,3.86,0.142,11473.0,3.4,202503.0,0.0476,10.1
2024-07-09,Video Production,1455,6,4.29,0.174,6979.0,4.8,92867.0,0.0451,35.6
2024-07-09,Virtual Assistant,4469,25,3.78,0.107,20100.0,4.5,308008.0,0.036,5.0
2024-07-09,Web Development,3467,47,4.23,0.108,16944.0,4.9,273533.0,0.0425,11.0
2024-07-10,AI/ML Development,1659,3,4.37,0.14,6477.0,3.9,80084.0,0.0335,12.3
2024-07-10,Content Writing,6775,60,3.96,0.11,24653.0,3.6,423739.0,0.021,3.1
2024-07-10,Data Analysis,2678,12,4.3,0.123,9551.0,3.6,152783.0,0.0332,9.9
2024-07-10,Financial Modeling,915,15,4.54,0.169,4185.0,4.6,54941.0,0.0582,8.6
2024-07-10,Graphic Design,4416,26,4.05,0.156,16250.0,3.7,258558.0,0.0542,19.6
2024-07-10,Legal Consulting,546,3,4.51,0.085,2487.0,4.6,34881.0,0.0582,5.5
2024-07-10,Mobile App,1711,11,4.2,0.126,7755.0,4.5,104763.0,0.0412,3.2
2024-07-10,Music Production,1297,2,3.8,0.151,4392.0,3.4,74137.0,0.044,57.7
2024-07-10,Photography,1911,22,4.1,0.149,8045.0,4.2,127895.0,0.0507,4.7
2024-07-10,SEO/SEM,1913,15,3.99,0.1,6488.0,3.4,101730.0,0.0461,2.0
2024-07-10,Social Media Management,2804,24,3.85,0.165,10862.0,3.9,193964.0,0.0512,22.6
2024-07-10,Translation,3733,56,3.83,0.201,14961.0,4.0,185104.0,0.0458,9.1
2024-07-10,Video Production,1351,6,4.18,0.176,4856.0,3.6,59512.0,0.0527,22.7
2024-07-10,Virtual Assistant,4330,70,3.79,0.159,13213.0,3.1,208934.0,0.0612,13.0
2024-07-10,Web Development,2836,34,4.34,0.105,13253.0,4.7,234447.0,0.0423,4.3
2024-07-11,AI/ML Development,1831,14,4.32,0.13,5308.0,2.9,66710.0,0.0378,27.3
2024-07-11,Content Writing,6989,91,4.04,0.161,21765.0,3.1,295495.0,0.0424,13.5
2024-07-11,Data Analysis,2694,23,4.31,0.186,10703.0,4.0,140849.0,0.043,0.9
2024-07-11,Financial Modeling,824,6,4.38,0.098,3151.0,3.8,50140.0,0.0438,5.9
2024-07-11,Graphic Design,5007,35,3.98,0.2,16888.0,3.4,254331.0,0.0414,5.8
2024-07-11,Legal Consulting,541,3,4.54,0.159,2315.0,4.3,36239.0,0.0514,14.1
2024-07-11,Mobile App,1769,20,4.15,0.158,5858.0,3.3,96860.0,0.0363,9.5
2024-07-11,Music Production,1244,3,3.84,0.17,3666.0,2.9,56328.0,0.0444,3.4
2024-07-11,Photography,1617,8,4.08,0.13,4988.0,3.1,89566.0,0.0466,2.3
2024-07-11,SEO/SEM,1979,21,3.98,0.165,6215.0,3.1,79974.0,0.0483,7.2
2024-07-11,Social Media Management,3238,42,3.68,0.144,9040.0,2.8,145598.0,0.0361,13.8
2024-07-11,Translation,3909,39,3.81,0.158,14809.0,3.8,206260.0,0.0463,9.8
2024-07-11,Video Production,1257,6,4.11,0.132,3631.0,2.9,60898.0,0.0417,6.0
2024-07-11,Virtual Assistant,4473,23,3.72,0.17,12455.0,2.8,211881.0,0.0438,4.6
2024-07-11,Web Development,3429,27,4.22,0.124,10672.0,3.1,153714.0,0.0331,19.0
2024-07-12,AI/ML Development,1537,13,4.41,0.124,4739.0,3.1,72760.0,0.0314,17.1
2024-07-12,Content Writing,5905,44,3.88,0.135,16527.0,2.8,277080.0,0.0413,18.2
2024-07-12,Data Analysis,2694,11,4.25,0.152,8425.0,3.1,140355.0,0.0455,10.2
2024-07-12,Financial Modeling,773,3,4.46,0.165,3215.0,4.2,39556.0,0.0411,18.4
2024-07-12,Graphic Design,5095,33,3.99,0.15,20117.0,3.9,261207.0,0.0505,12.7
2024-07-12,Legal Consulting,558,2,4.67,0.141,1923.0,3.4,29123.0,0.0372,13.8
2024-07-12,Mobile App,1796,6,4.17,0.147,6947.0,3.9,85001.0,0.0333,11.8
2024-07-12,Music Production,1284,6,3.84,0.201,3973.0,3.1,51514.0,0.058,9.6
2024-07-12,Photography,1706,9,4.18,0.164,5115.0,3.0,63573.0,0.036,7.4
2024-07-12,SEO/SEM,2225,14,4.06,0.184,7850.0,3.5,117204.0,0.0371,5.7
2024-07-12,Social Media Management,2614,27,3.74,0.155,8697.0,3.3,117089.0,0.0421,8.0
2024-07-12,Translation,3959,14,3.81,0.162,13896.0,3.5,184560.0,0.0445,4.3
2024-07-12,Video Production,1293,11,4.18,0.163,4291.0,3.3,56624.0,0.0491,6.6
2024-07-12,Virtual Assistant,4294,15,3.69,0.122,11335.0,2.6,178424.0,0.0549,9.9
2024-07-12,Web Development,2833,12,4.28,0.191,11530.0,4.1,158358.0,0.0278,9.2
2024-07-13,AI/ML Development,1865,17,4.24,0.102,4951.0,2.7,64247.0,0.0474,35.6
2024-07-13,Content Writing,6748,40,4.0,0.149,13499.0,2.0,192004.0,0.061,6.7
2024-07-13,Data Analysis,2283,18,4.32,0.156,5525.0,2.4,85614.0,0.0471,4.5
2024-07-13,Financial Modeling,909,5,4.45,0.17,1983.0,2.2,29381.0,0.043,10.4
2024-07-13,Graphic Design,5130,28,4.04,0.18,9900.0,1.9,150593.0,0.0555,5.8
2024-07-13,Legal Consulting,584,3,4.73,0.191,1895.0,3.2,27469.0,0.0389,5.6
2024-07-13,Mobile App,1799,8,4.24,0.123,4261.0,2.4,55442.0,0.048,7.9
2024-07-13,Music Production,1271,3,3.93,0.134,3442.0,2.7,61019.0,0.067,8.6
2024-07-13,Photography,1663,6,4.08,0.166,3889.0,2.3,51012.0,0.0286,10.9
2024-07-13,SEO/SEM,2252,17,4.01,0.176,4583.0,2.0,76968.0,0.0421,3.9
2024-07-13,Social Media Management,3022,31,3.87,0.151,5855.0,1.9,73533.0,0.038,3.5
2024-07-13,Translation,3334,10,3.86,0.156,7037.0,2.1,109704.0,0.044,3.7
2024-07-13,Video Production,1463,19,4.27,0.141,3953.0,2.7,70263.0,0.0456,15.9
2024-07-13,Virtual Assistant,3968,49,3.67,0.156,7783.0,2.0,96206.0,0.0408,15.2
2024-07-13,Web Development,2929,28,4.34,0.134,8443.0,2.9,121491.0,0.0335,15.9
2024-07-14,AI/ML Development,1511,8,4.36,0.184,3153.0,2.1,56432.0,0.0374,4.0
2024-07-14,Content Writing,7031,50,3.96,0.147,13127.0,1.9,233180.0,0.032,15.0
2024-07-14,Data Analysis,2739,33,4.21,0.12,6878.0,2.5,88148.0,0.0398,6.9
2024-07-14,Financial Modeling,899,7,4.5,0.133,2371.0,2.6,32033.0,0.0529,9.7
2024-07-14,Graphic Design,5170,48,4.12,0.136,12425.0,2.4,204324.0,0.0357,13.7
2024-07-14,Legal Consulting,645,8,4.56,0.101,1779.0,2.8,25266.0,0.0465,6.8
2024-07-14,Mobile App,1997,14,4.17,0.178,4864.0,2.4,60835.0,0.0371,5.0
2024-07-14,Music Production,1133,3,3.84,0.138,2355.0,2.1,37748.0,0.0303,17.5
2024-07-14,Photography,1864,12,4.05,0.133,3824.0,2.1,46870.0,0.047,25.1
2024-07-14,SEO/SEM,2064,22,3.96,0.113,4179.0,2.0,70704.0,0.0409,12.1
2024-07-14,Social Media Management,3093,13,3.76,0.162,5828.0,1.9,96470.0,0.0484,5.3
2024-07-14,Translation,3601,12,3.87,0.157,7660.0,2.1,93632.0,0.0596,14.1
2024-07-14,Video Production,1407,15,4.05,0.147,3336.0,2.4,41482.0,0.0488,13.0
2024-07-14,Virtual Assistant,3846,24,3.66,0.147,7350.0,1.9,93793.0,0.0427,3.9
2024-07-14,Web Development,3009,9,4.32,0.176,7633.0,2.5,134970.0,0.0429,6.3
2024-07-15,AI/ML Development,1577,10,4.41,0.083,7339.0,4.7,119814.0,0.0487,8.2
2024-07-15,Content Writing,6984,94,3.91,0.216,25902.0,3.7,428352.0,0.0408,30.4
2024-07-15,Data Analysis,2470,16,4.34,0.118,9307.0,3.8,126867.0,0.0547,4.9
2024-07-15,Financial Modeling,896,6,4.46,0.137,4661.0,5.2,68887.0,0.0571,8.7
2024-07-15,Graphic Design,4445,64,4.16,0.145,21828.0,4.9,378078.0,0.0408,9.8
2024-07-15,Legal Consulting,631,2,4.47,0.208,2413.0,3.8,38933.0,0.0531,8.6
2024-07-15,Mobile App,2031,4,4.07,0.207,6738.0,3.3,116800.0,0.0531,10.4
2024-07-15,Music Production,1244,8,3.86,0.114,5468.0,4.4,81165.0,0.0432,13.0
2024-07-15,Photography,1821,12,4.08,0.14,7956.0,4.4,109481.0,0.0464,11.8
2024-07-15,SEO/SEM,1974,15,3.95,0.105,9297.0,4.7,162596.0,0.0437,27.1
2024-07-15,Social Media Management,2740,12,3.83,0.163,11962.0,4.4,202546.0,0.0481,4.6
2024-07-15,Translation,3349,17,3.91,0.155,14712.0,4.4,178245.0,0.0334,5.4
2024-07-15,Video Production,1284,5,4.1,0.175,4246.0,3.3,57380.0,0.0318,5.2
2024-07-15,Virtual Assistant,4577,37,3.78,0.189,19632.0,4.3,333176.0,0.0456,4.7
2024-07-15,Web Development,2991,12,4.32,0.161,14914.0,5.0,197791.0,0.0378,8.6
2024-07-16,AI/ML Development,1531,6,4.41,0.157,5927.0,3.9,78067.0,0.0303,4.3
2024-07-16,Content Writing,6401,77,4.07,0.15,29793.0,4.7,383665.0,0.0507,5.9
2024-07-16,Data Analysis,2681,14,4.3,0.165,12823.0,4.8,162673.0,0.0368,2.5
2024-07-16,Financial Modeling,843,8,4.49,0.129,3805.0,4.5,50595.0,0.0548,9.2
2024-07-16,Graphic Design,4516,46,3.97,0.151,16478.0,3.6,295313.0,0.0401,5.7
2024-07-16,Legal Consulting,649,3,4.47,0.192,2637.0,4.1,43792.0,0.0593,6.8
2024-07-16,Mobile App,1870,17,4.16,0.171,8707.0,4.7,112188.0,0.0469,23.0
2024-07-16,Music Production,1254,6,3.89,0.134,5651.0,4.5,79762.0,0.034,5.2
2024-07-16,Photography,1934,30,4.14,0.138,8569.0,4.4,142708.0,0.0351,10.7
2024-07-16,SEO/SEM,2181,24,3.94,0.177,8328.0,3.8,138974.0,0.0535,4.4
2024-07-16,Social Media Management,2779,32,3.79,0.121,10228.0,3.7,168952.0,0.0576,30.1
2024-07-16,Translation,4060,50,3.9,0.139,15876.0,3.9,232186.0,0.0506,5.6
2024-07-16,Video Production,1296,28,4.26,0.173,6319.0,4.9,96182.0,0.0441,47.3
2024-07-16,Virtual Assistant,4067,48,3.77,0.185,13460.0,3.3,196151.0,0.0408,6.1
2024-07-16,Web Development,2859,14,4.31,0.091,14054.0,4.9,246580.0,0.0456,3.4
2024-07-17,AI/ML Development,1488,27,4.35,0.148,5500.0,3.7,78353.0,0.0377,5.1
2024-07-17,Content Writing,6175,54,4.06,0.094,29527.0,4.8,527281.0,0.0424,8.9
2024-07-17,Data Analysis,2748,20,4.28,0.119,10862.0,4.0,192548.0,0.0488,14.3
2024-07-17,Financial Modeling,848,7,4.48,0.104,3834.0,4.5,49485.0,0.0376,8.1
2024-07-17,Graphic Design,4591,40,4.01,0.11,18782.0,4.1,307679.0,0.0359,10.5
2024-07-17,Legal Consulting,647,3,4.6,0.138,3570.0,5.5,45028.0,0.0516,4.0
2024-07-17,Mobile App,2089,11,4.08,0.155,9853.0,4.7,148094.0,0.0311,4.0
2024-07-17,Music Production,1086,2,3.93,0.172,4473.0,4.1,57398.0,0.051,3.3
2024-07-17,Photography,1604,7,4.08,0.16,5864.0,3.7,73693.0,0.0553,3.0
2024-07-17,SEO/SEM,2263,13,3.95,0.165,9492.0,4.2,161045.0,0.0415,5.1
2024-07-17,Social Media Management,2648,12,3.82,0.165,11869.0,4.5,196549.0,0.0293,4.9
2024-07-17,Translation,3740,19,3.93,0.147,11999.0,3.2,201295.0,0.0325,8.9
2024-07-17,Video Production,1386,16,4.27,0.216,6283.0,4.5,98770.0,0.0434,13.1
2024-07-17,Virtual Assistant,4579,29,3.81,0.12,20415.0,4.5,328874.0,0.0503,15.5
2024-07-17,Web Development,3287,29,4.25,0.172,12021.0,3.7,202026.0,0.0281,3.2
2024-07-18,AI/ML Development,1832,16,4.36,0.164,7816.0,4.3,128559.0,0.0572,11.7
2024-07-18,Content Writing,7142,98,4.01,0.142,21526.0,3.0,375150.0,0.0406,7.4
2024-07-18,Data Analysis,2675,15,4.28,0.104,8846.0,3.3,122690.0,0.0525,21.1
2024-07-18,Financial Modeling,845,4,4.4,0.186,2671.0,3.2,41726.0,0.0469,12.9
2024-07-18,Graphic Design,4945,64,4.03,0.147,15147.0,3.1,197918.0,0.0459,1.6
2024-07-18,Legal Consulting,660,5,4.68,0.162,2491.0,3.8,36453.0,0.056,6.4
2024-07-18,Mobile App,1930,23,4.21,0.172,6644.0,3.4,110554.0,0.049,12.5
2024-07-18,Music Production,1109,6,3.78,0.23,3580.0,3.2,47786.0,0.0474,12.2
2024-07-18,Photography,1856,6,3.99,0.165,6577.0,3.5,117524.0,0.0377,7.4
2024-07-18,SEO/SEM,2118,26,3.94,0.138,6172.0,2.9,86511.0,0.0475,9.9
2024-07-18,Social Media Management,2894,11,3.73,0.146,10236.0,3.5,181494.0,0.0394,11.6
2024-07-18,Translation,3988,29,3.91,0.111,14399.0,3.6,258022.0,0.0522,4.9
2024-07-18,Video Production,1383,5,4.14,0.15,4926.0,3.6,84667.0,0.0494,32.8
2024-07-18,Virtual Assistant,4105,36,3.74,0.117,12948.0,3.2,229497.0,0.043,17.8
2024-07-18,Web Development,2957,14,4.31,0.149,11723.0,4.0,208852.0,0.0469,23.1
2024-07-19,AI/ML Development,1619,7,4.31,0.15,5613.0,3.5,74784.0,0.0346,13.6
2024-07-19,Content Writing,6309,62,3.9,0.154,24069.0,3.8,291202.0,0.0216,2.2
2024-07-19,Data Analysis,2355,19,4.24,0.147,7850.0,3.3,97121.0,0.0425,2.8
2024-07-19,Financial Modeling,831,7,4.45,0.209,3541.0,4.3,48080.0,0.0485,4.0
2024-07-19,Graphic Design,5168,32,4.03,0.175,14309.0,2.8,194142.0,0.0417,2.9
2024-07-19,Legal Consulting,571,2,4.58,0.151,2274.0,4.0,40148.0,0.0427,3.9
2024-07-19,Mobile App,1724,19,4.28,0.146,6380.0,3.7,112928.0,0.0478,2.3
2024-07-19,Music Production,1322,5,3.85,0.19,4214.0,3.2,52055.0,0.0317,9.2
2024-07-19,Photography,1890,15,4.13,0.18,7726.0,4.1,116553.0,0.0449,10.2
2024-07-19,SEO/SEM,2070,13,3.95,0.159,7461.0,3.6,130994.0,0.0427,21.1
2024-07-19,Social Media Management,3057,46,3.81,0.125,8392.0,2.7,134616.0,0.0425,5.4
2024-07-19,Translation,3845,21,3.93,0.148,14234.0,3.7,189076.0,0.0349,14.2
2024-07-19,Video Production,1469,7,4.14,0.171,4884.0,3.3,71427.0,0.0504,15.7
2024-07-19,Virtual Assistant,3793,63,3.81,0.181,14184.0,3.7,214635.0,0.0434,7.4
2024-07-19,Web Development,2853,58,4.32,0.165,10127.0,3.5,142587.0,0.0394,8.0
2024-07-20,AI/ML Development,1854,6,4.37,0.139,4106.0,2.2,66125.0,0.0271,11.8
2024-07-20,Content Writing,6250,35,3.98,0.172,14967.0,2.4,253893.0,0.043,1.8
2024-07-20,Data Analysis,2692,35,4.18,0.15,6669.0,2.5,100547.0,0.0621,21.1
2024-07-20,Financial Modeling,795,7,4.45,0.122,2110.0,2.7,32421.0,0.0377,19.3
2024-07-20,Graphic Design,5141,47,4.16,0.188,13409.0,2.6,193543.0,0.0456,11.4
2024-07-20,Legal Consulting,539,2,4.58,0.148,1576.0,2.9,24916.0,0.0513,4.4
2024-07-20,Mobile App,1878,29,4.22,0.14,5254.0,2.8,90179.0,0.0528,12.2
2024-07-20,Music Production,1249,8,3.83,0.133,2648.0,2.1,47133.0,0.0602,29.9
2024-07-20,Photography,1937,15,3.91,0.177,4733.0,2.4,79162.0,0.0393,10.4
2024-07-20,SEO/SEM,2270,15,3.95,0.123,6249.0,2.8,97653.0,0.051,9.4
2024-07-20,Social Media Management,3151,23,3.77,0.086,7211.0,2.3,100812.0,0.0327,18.6
2024-07-20,Translation,3342,47,3.89,0.151,7981.0,2.4,106912.0,0.0494,9.1
2024-07-20,Video Production,1392,8,4.15,0.151,3922.0,2.8,70333.0,0.0345,14.9
2024-07-20,Virtual Assistant,4556,26,3.67,0.14,11441.0,2.5,173183.0,0.0436,3.7
2024-07-20,Web Development,2874,27,4.27,0.136,8588.0,3.0,148133.0,0.037,12.2
2024-07-21,AI/ML Development,1516,7,4.41,0.074,4011.0,2.6,53410.0,0.042,13.1
2024-07-21,Content Writing,7136,82,3.93,0.125,13662.0,1.9,181397.0,0.046,1.8
2024-07-21,Data Analysis,2595,13,4.28,0.157,4892.0,1.9,80318.0,0.0621,5.0
2024-07-21,Financial Modeling,915,8,4.47,0.111,1951.0,2.1,35116.0,0.0505,27.0
2024-07-21,Graphic Design,4787,21,4.01,0.185,9864.0,2.1,154356.0,0.0519,6.5
2024-07-21,Legal Consulting,655,3,4.57,0.141,1603.0,2.4,20275.0,0.0226,2.8
2024-07-21,Mobile App,1909,19,4.02,0.13,3809.0,2.0,54004.0,0.0334,3.9
2024-07-21,Music Production,1222,6,3.9,0.161,2876.0,2.4,49210.0,0.0527,15.7
2024-07-21,Photography,1778,13,4.11,0.128,3424.0,1.9,50245.0,0.0438,21.8
2024-07-21,SEO/SEM,1985,15,4.0,0.176,4710.0,2.4,70130.0,1.8935,24.9
2024-07-21,Social Media Management,3056,37,3.73,0.149,5826.0,1.9,83314.0,0.034,2.9
2024-07-21,Translation,3905,28,3.77,0.167,6503.0,1.7,105831.0,0.0452,12.7
2024-07-21,Video Production,1393,5,4.23,0.158,3085.0,2.2,38535.0,0.0483,3.4
2024-07-21,Virtual Assistant,4177,18,3.8,0.172,9940.0,2.4,155354.0,0.0536,7.3
2024-07-21,Web Development,2848,20,4.33,0.198,5606.0,2.0,95845.0,0.0464,5.8
2024-07-22,AI/ML Development,1846,17,4.41,0.212,7845.0,4.2,97168.0,0.0324,4.7
2024-07-22,Content Writing,5769,25,3.94,0.167,24621.0,4.3,405925.0,0.0454,4.9
2024-07-22,Data Analysis,2373,8,4.27,0.155,11109.0,4.7,194544.0,0.0436,9.4
2024-07-22,Financial Modeling,903,3,4.43,0.195,4421.0,4.9,55728.0,0.0428,11.8
2024-07-22,Graphic Design,4582,46,4.05,0.133,16058.0,3.5,220116.0,0.0392,31.9
2024-07-22,Legal Consulting,605,8,4.59,0.164,3329.0,5.5,54193.0,0.0456,11.5
2024-07-22,Mobile App,1718,11,4.15,0.103,5955.0,3.5,78538.0,0.0397,7.2
2024-07-22,Music Production,1232,7,3.81,0.141,4290.0,3.5,57480.0,0.0485,9.9
2024-07-22,Photography,1826,15,4.01,0.202,8667.0,4.7,106123.0,0.0463,6.4
2024-07-22,SEO/SEM,2274,4,3.92,0.158,8787.0,3.9,128448.0,0.0465,19.2
2024-07-22,Social Media Management,2705,29,3.76,0.145,10280.0,3.8,137726.0,0.0558,15.7
2024-07-22,Translation,4023,25,3.94,0.2,14528.0,3.6,212510.0,0.0392,4.9
2024-07-22,Video Production,1260,8,4.33,0.137,5317.0,4.2,89369.0,0.0422,3.5
2024-07-22,Virtual Assistant,3804,13,3.71,0.162,11739.0,3.1,199407.0,0.0518,7.7
2024-07-22,Web Development,3517,31,4.36,0.156,15140.0,4.3,256526.0,0.0417,11.0
2024-07-23,AI/ML Development,1718,17,4.44,0.16,8696.0,5.1,142351.0,0.0614,15.6
2024-07-23,Content Writing,6442,32,3.93,0.153,21501.0,3.3,357924.0,0.0364,7.4
2024-07-23,Data Analysis,2831,25,4.26,0.152,13028.0,4.6,224316.0,0.0527,15.3
2024-07-23,Financial Modeling,936,3,4.54,0.154,4131.0,4.4,59797.0,0.0464,35.4
2024-07-23,Graphic Design,4721,35,4.09,0.129,21082.0,4.5,311474.0,0.0482,9.7
2024-07-23,Legal Consulting,640,2,4.6,0.156,3387.0,5.3,52274.0,0.0463,14.3
2024-07-23,Mobile App,1934,7,4.03,0.141,7903.0,4.1,121762.0,0.0458,3.6
2024-07-23,Music Production,1096,18,3.88,0.128,3560.0,3.2,52184.0,0.0484,10.3
2024-07-23,Photography,1880,7,4.15,0.136,6822.0,3.6,96255.0,0.048,7.7
2024-07-23,SEO/SEM,2071,6,4.01,0.152,8297.0,4.0,118537.0,0.0365,4.6
2024-07-23,Social Media Management,2963,11,3.73,0.122,10938.0,3.7,182412.0,0.036,15.2
2024-07-23,Translation,4078,21,3.91,0.197,17796.0,4.4,314519.0,0.0533,10.1
2024-07-23,Video Production,1527,15,4.15,0.193,6792.0,4.4,116153.0,0.0433,6.9
2024-07-23,Virtual Assistant,3786,69,3.93,0.119,14856.0,3.9,198570.0,0.05,10.7
2024-07-23,Web Development,3449,37,4.3,0.125,14537.0,4.2,214890.0,0.038,13.5
2024-07-24,AI/ML Development,1621,6,4.34,0.072,8312.0,5.1,117872.0,0.0424,3.2
2024-07-24,Content Writing,6519,30,3.93,0.119,24877.0,3.8,372953.0,0.0329,6.7
2024-07-24,Data Analysis,2355,8,4.26,0.152,9588.0,4.1,152472.0,0.0572,18.5
2024-07-24,Financial Modeling,883,3,4.51,0.142,3772.0,4.3,58004.0,0.0532,14.2
2024-07-24,Graphic Design,4859,93,4.01,0.094,19498.0,4.0,342970.0,0.0516,6.2
2024-07-24,Legal Consulting,664,8,4.58,0.115,2719.0,4.1,36101.0,0.0463,9.7
2024-07-24,Mobile App,1790,9,4.17,0.145,6725.0,3.8,109260.0,0.046,7.3
2024-07-24,Music Production,1164,14,3.8,0.176,5041.0,4.3,77297.0,0.0316,2.6
2024-07-24,Photography,1578,21,4.02,0.21,5759.0,3.6,102744.0,0.0485,5.7
2024-07-24,SEO/SEM,2150,10,3.99,0.147,7264.0,3.4,113768.0,0.0492,5.1
2024-07-24,Social Media Management,3080,19,3.72,0.128,11884.0,3.9,151031.0,0.0393,2.2
2024-07-24,Translation,3916,83,3.84,0.126,17244.0,4.4,268333.0,0.0378,9.5
2024-07-24,Video Production,1283,5,4.2,0.154,4711.0,3.7,64370.0,0.0549,4.3
2024-07-24,Virtual Assistant,4146,24,3.69,0.139,16187.0,3.9,262220.0,0.0295,25.1
2024-07-24,Web Development,3445,44,4.23,0.172,15874.0,4.6,268391.0,0.0524,3.7
2024-07-25,AI/ML Development,1490,7,4.37,0.165,5155.0,3.5,90579.0,0.0452,12.5
2024-07-25,Content Writing,6302,89,4.05,0.134,18221.0,2.9,248879.0,0.0479,7.1
2024-07-25,Data Analysis,2663,25,4.31,0.126,10647.0,4.0,181903.0,0.0361,6.9
2024-07-25,Financial Modeling,934,9,4.5,0.134,3756.0,4.0,64566.0,0.0515,13.9
2024-07-25,Graphic Design,4370,41,4.06,0.153,12792.0,2.9,155301.0,0.0351,7.6
2024-07-25,Legal Consulting,598,4,4.57,0.106,1853.0,3.1,30873.0,0.0373,2.7
2024-07-25,Mobile App,1953,15,4.08,0.138,5772.0,3.0,94341.0,0.0512,12.8
2024-07-25,Music Production,1125,10,3.92,0.153,3844.0,3.4,50183.0,0.0506,13.7
2024-07-25,Photography,1841,28,3.96,0.179,6928.0,3.8,123912.0,0.0458,12.9
2024-07-25,SEO/SEM,2294,15,3.95,0.185,6115.0,2.7,106547.0,0.0529,20.2
2024-07-25,Social Media Management,2971,36,3.85,0.111,10226.0,3.4,162976.0,0.0459,6.6
2024-07-25,Translation,3434,12,3.82,0.088,9902.0,2.9,120013.0,0.048,4.6
2024-07-25,Video Production,1311,6,4.15,0.083,5295.0,4.0,81223.0,0.0468,8.0
2024-07-25,Virtual Assistant,3969,12,3.85,0.168,10696.0,2.7,186282.0,0.0565,11.3
2024-07-25,Web Development,2957,13,4.3,0.104,9637.0,3.3,152756.0,0.0339,2.0
2024-07-26,AI/ML Development,1531,23,4.34,0.169,5545.0,3.6,79881.0,0.0322,4.2
2024-07-26,Content Writing,5922,49,3.83,0.118,20154.0,3.4,264056.0,0.0406,5.8
2024-07-26,Data Analysis,2695,17,4.23,0.176,10478.0,3.9,145146.0,0.042,8.6
2024-07-26,Financial Modeling,836,4,4.62,0.185,2598.0,3.1,42073.0,0.0493,4.0
2024-07-26,Graphic Design,5319,31,4.07,0.12,18713.0,3.5,265272.0,0.0448,4.6
2024-07-26,Legal Consulting,593,3,4.53,0.153,2506.0,4.2,43255.0,0.0495,9.4
2024-07-26,Mobile App,1808,12,4.26,0.191,6585.0,3.6,79045.0,0.0483,5.9
2024-07-26,Music Production,1303,7,3.89,0.175,4703.0,3.6,84356.0,0.0371,3.1
2024-07-26,Photography,1815,13,4.1,0.135,6117.0,3.4,106044.0,0.0429,9.9
2024-07-26,SEO/SEM,1837,8,4.02,0.143,6617.0,3.6,84014.0,0.0551,3.1
2024-07-26,Social Media Management,3227,24,3.81,0.115,9405.0,2.9,138364.0,0.0456,8.2
2024-07-26,Translation,3361,16,3.85,0.165,9684.0,2.9,173911.0,0.0314,13.7
2024-07-26,Video Production,1440,7,4.17,0.106,4692.0,3.3,78651.0,0.0399,17.4
2024-07-26,Virtual Assistant,4377,29,3.82,0.14,12529.0,2.9,184058.0,0.0355,6.2
2024-07-26,Web Development,2905,11,4.32,0.142,11732.0,4.0,189987.0,0.0583,10.0
2024-07-27,AI/ML Development,1657,19,4.4,0.178,3906.0,2.4,66856.0,0.0399,18.6
2024-07-27,Content Writing,7096,58,3.88,0.234,13428.0,1.9,216941.0,0.0498,4.9
2024-07-27,Data Analysis,2540,40,4.34,0.16,7677.0,3.0,132821.0,0.0462,6.5
2024-07-27,Financial Modeling,858,10,4.44,0.111,2151.0,2.5,30856.0,0.0411,9.4
2024-07-27,Graphic Design,4721,23,4.01,0.114,12843.0,2.7,223669.0,0.044,31.5
2024-07-27,Legal Consulting,552,3,4.67,0.216,1731.0,3.1,23378.0,0.0507,6.8
2024-07-27,Mobile App,1918,15,4.19,0.146,4490.0,2.3,78905.0,0.0525,2.6
2024-07-27,Music Production,1134,5,3.92,0.195,2884.0,2.5,50705.0,0.0605,8.3
2024-07-27,Photography,1988,5,3.99,0.128,4158.0,2.1,50895.0,0.0467,4.3
2024-07-27,SEO/SEM,1876,13,3.86,0.12,4272.0,2.3,65208.0,0.0528,15.0
2024-07-27,Social Media Management,2753,16,3.79,0.082,,1.9,87238.0,0.0401,8.4
2024-07-27,Translation,4044,34,3.99,0.121,8142.0,2.0,103115.0,0.0437,7.5
2024-07-27,Video Production,1456,13,4.12,0.119,4210.0,2.9,56580.0,0.0572,7.5
2024-07-27,Virtual Assistant,4346,27,3.8,0.134,9170.0,2.1,143563.0,0.0577,19.6
2024-07-27,Web Development,3064,32,4.25,0.172,7008.0,2.3,111151.0,0.0549,2.4
2024-07-28,AI/ML Development,1849,11,4.46,0.146,4644.0,2.5,73865.0,0.049,31.7
2024-07-28,Content Writing,6434,12,4.02,0.161,14826.0,2.3,236557.0,0.0557,2.9
2024-07-28,Data Analysis,2313,14,4.36,0.209,4706.0,2.0,66256.0,0.0543,4.4
2024-07-28,Financial Modeling,940,2,4.48,0.2,2248.0,2.4,31029.0,0.0443,20.5
2024-07-28,Graphic Design,4568,59,4.11,0.186,12085.0,2.6,151678.0,0.0412,15.3
2024-07-28,Legal Consulting,625,1,4.63,0.142,1297.0,2.1,20303.0,0.0447,9.6
2024-07-28,Mobile App,1668,8,4.18,0.127,4210.0,2.5,50792.0,0.0378,9.4
2024-07-28,Music Production,1272,5,3.93,0.14,2422.0,1.9,29873.0,0.0365,3.0
2024-07-28,Photography,1597,9,4.05,0.201,3751.0,2.3,63943.0,0.0409,14.7
2024-07-28,SEO/SEM,2005,9,3.9,0.162,4237.0,2.1,68595.0,0.0365,5.7
2024-07-28,Social Media Management,3162,35,3.81,0.122,6883.0,2.2,115483.0,0.0459,13.1
2024-07-28,Translation,3804,40,3.85,0.171,8180.0,2.2,109950.0,0.042,3.8
2024-07-28,Video Production,1521,7,4.17,0.157,3851.0,2.5,61504.0,0.0382,31.5
2024-07-28,Virtual Assistant,4367,61,3.76,0.105,9315.0,2.1,167471.0,0.0332,17.0
2024-07-28,Web Development,2845,29,4.22,0.103,6344.0,2.2,101296.0,0.0484,6.1
2024-07-29,AI/ML Development,1786,11,4.28,0.115,7767.0,4.3,133275.0,0.0313,10.5
2024-07-29,Content Writing,-3,61,3.93,0.141,26211.0,4.1,322163.0,0.0605,4.9
2024-07-29,Data Analysis,2614,32,4.2,0.15,10332.0,4.0,150229.0,0.056,6.2
2024-07-29,Financial Modeling,932,5,4.56,0.173,4759.0,5.1,59472.0,0.0487,7.1
2024-07-29,Graphic Design,4635,16,4.09,0.177,16536.0,3.6,256436.0,0.0453,8.1
2024-07-29,Legal Consulting,602,7,4.56,0.178,3126.0,5.2,39684.0,0.0405,21.5
2024-07-29,Mobile App,1710,7,4.16,0.132,6118.0,3.6,,0.0416,32.2
2024-07-29,Music Production,1261,9,3.8,0.16,4379.0,3.5,63347.0,0.0414,7.8
2024-07-29,Photography,1859,52,4.0,0.139,6914.0,3.7,95783.0,0.0462,5.9
2024-07-29,SEO/SEM,1933,6,4.07,0.174,6663.0,3.4,106471.0,0.0314,8.6
2024-07-29,Social Media Management,3133,13,3.76,0.1,12637.0,4.0,209038.0,0.0379,18.8
2024-07-29,Translation,3609,31,3.85,0.115,13141.0,3.6,200644.0,0.0362,24.5
2024-07-29,Video Production,1415,7,4.19,0.108,6334.0,4.5,93824.0,0.0406,6.0
2024-07-29,Virtual Assistant,4528,68,3.73,0.182,19926.0,4.4,308640.0,0.0451,5.3
2024-07-29,Web Development,2801,18,4.31,0.103,10584.0,3.8,185198.0,0.0494,2.3
2024-07-30,AI/ML Development,1566,20,4.49,0.142,8272.0,5.3,143071.0,0.0556,20.6
2024-07-30,Content Writing,6061,48,4.01,0.156,26878.0,4.4,466505.0,0.0503,22.1
2024-07-30,Data Analysis,2639,30,4.23,0.163,11310.0,4.3,196128.0,0.0309,3.9
2024-07-30,Financial Modeling,871,5,4.42,0.179,3487.0,4.0,50097.0,0.0337,4.4
2024-07-30,Graphic Design,4564,27,4.11,0.09,15112.0,3.3,237263.0,0.0524,4.4
2024-07-30,Legal Consulting,540,1,4.57,0.144,2784.0,5.2,45691.0,0.0483,2.6
2024-07-30,Mobile App,1764,18,4.18,0.13,6624.0,3.8,113432.0,0.0283,11.4
2024-07-30,Music Production,1130,6,3.97,0.151,5324.0,4.7,83047.0,0.0429,13.1
2024-07-30,Photography,2002,12,4.1,0.179,7044.0,3.5,113963.0,0.0461,10.7
2024-07-30,SEO/SEM,1908,11,3.95,0.199,6254.0,3.3,88983.0,0.0367,10.2
2024-07-30,Social Media Management,2633,16,3.74,0.131,11642.0,4.4,201949.0,0.0498,15.1
2024-07-30,Translation,3874,14,3.88,0.176,17504.0,4.5,227508.0,0.0452,8.6
2024-07-30,Video Production,1446,6,4.14,0.156,5937.0,4.1,90286.0,0.0523,8.1
2024-07-30,Virtual Assistant,4147,34,3.73,0.122,15295.0,3.7,222684.0,0.0468,21.3
2024-07-30,Web Development,3347,18,4.28,0.151,15466.0,4.6,240408.0,0.0408,12.1
2024-07-31,AI/ML Development,1745,12,4.42,0.145,7015.0,4.0,98342.0,0.0505,12.6
2024-07-31,Content Writing,6575,39,4.07,0.119,24456.0,3.7,308269.0,0.0592,14.2
2024-07-31,Data Analysis,2401,10,4.23,0.161,8760.0,3.6,111769.0,0.0503,6.1
2024-07-31,Financial Modeling,818,6,4.54,0.214,4120.0,5.0,74016.0,0.0465,13.7
2024-07-31,Graphic Design,4861,18,3.94,0.158,17829.0,3.7,215716.0,0.0501,9.3
2024-07-31,Legal Consulting,534,2,4.51,0.132,2457.0,4.6,42204.0,0.0389,6.0
2024-07-31,Mobile App,1949,18,4.23,0.104,9579.0,4.9,166582.0,0.0449,5.9
2024-07-31,Music Production,1222,28,3.95,0.2,4809.0,3.9,74827.0,0.0558,10.3
2024-07-31,Photography,1911,8,4.09,0.124,7154.0,3.7,90124.0,0.0424,12.0
2024-07-31,SEO/SEM,2151,18,3.97,0.149,7653.0,3.6,108277.0,0.0556,7.4
2024-07-31,Social Media Management,2891,24,3.86,0.185,9727.0,3.4,141880.0,0.0413,7.5
2024-07-31,Translation,3989,19,3.73,0.201,16170.0,4.1,259319.0,0.0486,4.5
2024-07-31,Video Production,1250,16,4.24,0.133,5884.0,4.7,83641.0,0.0386,7.4
2024-07-31,Virtual Assistant,4523,13,3.82,0.157,20152.0,4.5,243610.0,0.0466,8.6
2024-07-31,Web Development,3086,21,4.22,0.098,14506.0,4.7,245716.0,0.0388,3.9
2024-08-01,AI/ML Development,1749,4,4.47,0.083,5268.0,3.0,92232.0,0.0404,4.2
2024-08-01,Content Writing,7212,28,4.02,0.112,21793.0,3.0,264126.0,0.0452,17.8
2024-08-01,Data Analysis,2611,5,4.33,0.162,11111.0,4.3,187858.0,0.0427,8.4
2024-08-01,Financial Modeling,805,4,4.54,0.133,2970.0,3.7,36160.0,0.0507,8.9
2024-08-01,Graphic Design,4770,28,4.08,0.16,19054.0,4.0,236544.0,0.0312,19.4
2024-08-01,Legal Consulting,534,5,4.58,0.15,2121.0,4.0,26592.0,0.0667,6.2
2024-08-01,Mobile App,2103,7,4.17,0.191,8343.0,4.0,144198.0,0.0495,8.3
2024-08-01,Music Production,1159,7,3.83,0.221,4175.0,3.6,52009.0,0.0498,20.3
2024-08-01,Photography,1825,17,4.09,0.143,5561.0,3.0,88101.0,0.0594,5.4
2024-08-01,SEO/SEM,2137,20,3.91,0.12,5858.0,2.7,87884.0,0.0402,19.7
2024-08-01,Social Media Management,3014,12,3.74,0.131,9918.0,3.3,137967.0,0.0525,11.1
2024-08-01,Translation,3418,15,3.83,0.149,8869.0,2.6,152710.0,0.0382,25.4
2024-08-01,Video Production,1408,15,4.2,0.138,4974.0,3.5,75673.0,0.0657,14.2
2024-08-01,Virtual Assistant,3940,28,3.81,0.137,14370.0,3.6,232979.0,0.0562,26.9
2024-08-01,Web Development,3293,22,4.28,0.194,12865.0,3.9,160884.0,0.0547,12.5
2024-08-02,AI/ML Development,1666,17,4.39,0.11,5751.0,3.5,75410.0,0.052,3.8
2024-08-02,Content Writing,6650,41,4.0,0.098,21538.0,3.2,279007.0,0.0323,9.2
2024-08-02,Data Analysis,2796,13,4.37,0.14,11361.0,4.1,175387.0,0.0454,8.0
2024-08-02,Financial Modeling,851,5,4.53,0.122,3414.0,4.0,58794.0,0.0423,8.2
2024-08-02,Graphic Design,4392,19,4.04,0.14,14943.0,3.4,264714.0,0.059,12.1
2024-08-02,Legal Consulting,597,6,4.58,0.085,2421.0,4.1,36324.0,0.0541,12.7
2024-08-02,Mobile App,1850,9,4.22,0.11,6376.0,3.4,85346.0,0.0618,4.5
2024-08-02,Music Production,1220,5,3.83,0.165,4355.0,3.6,70590.0,0.0594,13.1
2024-08-02,Photography,1588,16,4.21,0.164,4926.0,3.1,69805.0,0.058,14.4
2024-08-02,SEO/SEM,1886,22,4.03,0.168,6203.0,3.3,85199.0,0.0598,26.0
2024-08-02,Social Media Management,2656,27,3.8,0.141,10097.0,3.8,149499.0,0.0542,8.6
2024-08-02,Translation,4165,21,3.9,0.108,12243.0,2.9,186494.0,0.049,9.0
2024-08-02,Video Production,1338,18,4.16,0.192,3852.0,2.9,55149.0,0.041,5.5
2024-08-02,Virtual Assistant,4514,108,3.68,0.154,11550.0,2.6,199296.0,0.0364,3.3
2024-08-02,Web Development,3108,18,4.33,0.13,13150.0,4.2,183052.0,0.0482,6.7
2024-08-03,AI/ML Development,1770,26,4.38,0.149,3893.0,2.2,57337.0,0.0358,10.5
2024-08-03,Content Writing,6430,14,4.02,0.171,12179.0,1.9,213697.0,0.053,4.4
2024-08-03,Data Analysis,2389,27,4.18,0.119,6560.0,2.7,98163.0,0.0344,54.1
2024-08-03,Financial Modeling,770,3,4.58,0.146,2419.0,3.1,32583.0,0.0456,5.2
2024-08-03,Graphic Design,4360,24,4.06,0.18,8419.0,1.9,115095.0,0.0408,10.3
2024-08-03,Legal Consulting,536,2,4.73,0.128,1550.0,2.9,21595.0,0.0475,19.2
2024-08-03,Mobile App,1889,9,4.18,0.174,4521.0,2.4,60225.0,0.0406,11.2
2024-08-03,Music Production,1089,7,3.81,0.164,2502.0,2.3,35873.0,0.0461,2.9
2024-08-03,Photography,1961,29,4.08,0.217,4314.0,2.2,77089.0,0.0441,29.4
2024-08-03,SEO/SEM,2081,9,3.98,0.183,4227.0,2.0,75876.0,0.0457,18.6
2024-08-03,Social Media Management,3051,38,3.77,0.123,7259.0,2.4,113029.0,0.0441,18.0
2024-08-03,Translation,4157,45,3.84,0.104,8674.0,2.1,149583.0,0.0512,5.5
2024-08-03,Video Production,1450,9,4.19,0.14,3531.0,2.4,53493.0,0.0397,6.3
2024-08-03,Virtual Assistant,3938,65,3.71,0.146,7856.0,2.0,112166.0,0.0457,4.7
2024-08-03,Web Development,3056,26,4.26,0.148,6457.0,2.1,88604.0,0.0505,8.1
2024-08-04,AI/ML Development,1600,10,4.4,0.153,4419.0,2.8,67185.0,0.0478,22.2
2024-08-04,Content Writing,6654,60,3.94,0.162,15964.0,2.4,223651.0,0.0602,6.5
2024-08-04,Data Analysis,2463,25,4.34,0.15,6014.0,2.4,101642.0,0.0407,4.6
2024-08-04,Financial Modeling,820,11,4.48,0.197,2151.0,2.6,27626.0,0.0398,5.3
2024-08-04,Graphic Design,5105,57,4.05,0.115,12541.0,2.5,215381.0,0.0401,10.0
2024-08-04,Legal Consulting,621,9,4.52,0.158,1552.0,2.5,21010.0,0.0514,7.6
2024-08-04,Mobile App,1803,7,4.18,0.171,4144.0,2.3,67026.0,0.0536,17.3
2024-08-04,Music Production,1296,7,3.87,0.128,3124.0,2.4,55282.0,0.0469,5.2
2024-08-04,Photography,1721,14,4.07,0.162,3448.0,2.0,46336.0,0.0399,18.2
2024-08-04,SEO/SEM,2311,31,4.03,0.161,5283.0,2.3,76473.0,0.0405,13.3
2024-08-04,Social Media Management,2879,21,3.75,0.164,6172.0,2.1,106628.0,0.0475,6.8
2024-08-04,Translation,3487,22,3.83,0.163,5972.0,1.7,82425.0,0.0655,2.8
2024-08-04,Video Production,1426,13,4.12,0.134,3091.0,2.2,50177.0,0.0447,10.3
2024-08-04,Virtual Assistant,4570,42,3.83,0.165,11100.0,2.4,180226.0,0.0541,4.2
2024-08-04,Web Development,3283,24,4.27,0.089,9108.0,2.8,161711.0,0.0547,5.0
2024-08-05,AI/ML Development,1894,10,4.36,0.133,6984.0,3.7,106927.0,0.0395,24.9
2024-08-05,Content Writing,6188,30,4.04,0.183,29884.0,4.8,379284.0,0.044,6.7
2024-08-05,Data Analysis,2492,10,4.32,0.146,10686.0,4.3,182518.0,0.0382,7.7
2024-08-05,Financial Modeling,906,5,4.48,0.115,4688.0,5.2,69214.0,0.0395,19.0
2024-08-05,Graphic Design,4628,14,4.08,0.107,16007.0,3.5,236582.0,0.0546,3.6
2024-08-05,Legal Consulting,556,2,4.6,0.178,2409.0,4.3,41064.0,0.052,19.5
2024-08-05,Mobile App,1965,9,4.04,0.155,8369.0,4.3,117632.0,0.0463,16.7
2024-08-05,Music Production,1266,1,3.84,0.132,4573.0,3.6,62329.0,0.0542,4.4
2024-08-05,Photography,1907,10,4.11,0.188,7810.0,4.1,119754.0,0.0561,4.6
2024-08-05,SEO/SEM,1844,6,3.89,0.14,7622.0,4.1,99050.0,0.0393,27.9
2024-08-05,Social Media Management,3168,14,3.89,0.185,10502.0,3.3,137742.0,0.0593,18.3
2024-08-05,Translation,4220,38,3.95,0.158,14819.0,3.5,256106.0,0.0496,19.4
2024-08-05,Video Production,1240,6,4.09,0.198,5417.0,4.4,88149.0,0.0481,1.6
2024-08-05,Virtual Assistant,3767,18,3.84,0.154,13169.0,3.5,164906.0,0.0438,6.1
2024-08-05,Web Development,3115,16,4.24,0.105,11696.0,3.8,160515.0,0.0395,12.8
2024-08-06,AI/ML Development,1626,21,4.4,0.2,7262.0,4.5,127436.0,0.0564,16.9
2024-08-06,Content Writing,6897,42,3.97,0.104,25666.0,3.7,452175.0,0.0302,5.0
2024-08-06,Data Analysis,2437,11,4.26,0.143,10152.0,4.2,133659.0,0.0435,25.9
2024-08-06,Financial Modeling,921,7,4.51,0.14,3674.0,4.0,50442.0,0.0451,5.0
2024-08-06,Graphic Design,4695,47,4.0,0.173,17843.0,3.8,224781.0,0.0469,7.6
2024-08-06,Legal Consulting,595,3,4.58,0.153,3035.0,5.1,49265.0,0.0561,34.8
2024-08-06,Mobile App,1834,12,4.09,0.163,6996.0,3.8,86682.0,0.0592,3.9
2024-08-06,Music Production,1193,8,3.91,0.121,4087.0,3.4,57792.0,0.0505,7.0
2024-08-06,Photography,1684,6,4.14,0.168,6707.0,4.0,118831.0,0.0443,2.0
2024-08-06,SEO/SEM,1875,11,4.11,0.112,8445.0,4.5,126390.0,0.0459,3.7
2024-08-06,Social Media Management,2728,26,3.75,0.129,9693.0,3.6,126212.0,0.0492,29.0
2024-08-06,Translation,3821,9,3.81,0.174,17385.0,4.5,217601.0,0.0425,2.9
2024-08-06,Video Production,1555,6,4.16,0.093,7784.0,5.0,103105.0,0.0496,21.3
2024-08-06,Virtual Assistant,4115,12,3.77,0.176,16449.0,4.0,289472.0,0.0446,6.7
2024-08-06,Web Development,2952,33,4.33,0.101,12336.0,4.2,161682.0,0.0266,24.6
2024-08-07,AI/ML Development,1598,10,4.37,0.158,6444.0,4.0,90149.0,0.0289,29.3
2024-08-07,Content Writing,6107,61,3.94,0.194,22897.0,3.7,304413.0,0.0427,20.7
2024-08-07,Data Analysis,2504,21,4.29,0.102,12210.0,4.9,171383.0,0.0475,7.9
2024-08-07,Financial Modeling,832,2,4.45,0.135,4347.0,5.2,73633.0,0.0455,4.6
2024-08-07,Graphic Design,4296,51,4.08,0.102,14504.0,3.4,192811.0,0.0483,8.8
2024-08-07,Legal Consulting,630,7,4.56,0.109,2972.0,4.7,45418.0,0.035,19.9
2024-08-07,Mobile App,1673,10,4.08,0.139,8072.0,4.8,,0.0382,8.0
2024-08-07,Music Production,1290,10,3.91,0.154,5742.0,4.5,74423.0,0.0539,4.0
2024-08-07,Photography,1583,3,4.08,0.122,7172.0,4.5,103553.0,0.0485,7.8
2024-08-07,SEO/SEM,2235,20,3.96,0.188,9248.0,4.1,125417.0,0.0486,3.3
2024-08-07,Social Media Management,-3,40,3.74,0.194,12323.0,3.8,215348.0,0.051,9.0
2024-08-07,Translation,3352,25,3.89,0.131,14314.0,4.3,232266.0,0.0511,5.4
2024-08-07,Video Production,1315,5,4.14,0.195,5127.0,3.9,84686.0,0.0373,12.6
2024-08-07,Virtual Assistant,4210,43,3.9,0.154,19749.0,4.7,260064.0,0.0472,6.6
2024-08-07,Web Development,3159,19,4.31,0.199,15791.0,5.0,258657.0,0.0458,8.6
2024-08-08,AI/ML Development,1868,14,4.42,0.143,8087.0,4.3,125199.0,0.0539,19.7
2024-08-08,Content Writing,6708,49,4.01,0.139,21026.0,3.1,296023.0,0.0559,12.3
2024-08-08,Data Analysis,2510,8,4.29,0.152,9412.0,3.7,125373.0,0.0404,2.7
2024-08-08,Financial Modeling,758,5,4.45,0.176,3263.0,4.3,40662.0,0.0428,23.6
2024-08-08,Graphic Design,4402,21,4.05,0.173,14687.0,3.3,215494.0,0.0544,21.3
2024-08-08,Legal Consulting,631,2,4.62,0.151,2487.0,3.9,39467.0,0.0501,12.0
2024-08-08,Mobile App,1727,13,4.19,0.138,6457.0,3.7,113601.0,0.0397,7.6
2024-08-08,Music Production,1164,6,3.82,0.156,3021.0,2.6,37462.0,0.0553,2.5
2024-08-08,Photography,1628,16,4.08,0.187,4819.0,3.0,68914.0,0.0528,4.4
2024-08-08,SEO/SEM,1906,12,3.94,0.136,6136.0,3.2,104843.0,0.0415,9.4
2024-08-08,Social Media Management,2953,30,3.76,0.144,9816.0,3.3,128063.0,0.0473,2.2
2024-08-08,Translation,4002,21,3.85,0.219,11969.0,3.0,191019.0,0.045,4.5
2024-08-08,Video Production,1397,8,4.21,0.124,4745.0,3.4,73814.0,0.0475,17.4
2024-08-08,Virtual Assistant,4062,75,3.87,0.174,11769.0,2.9,177211.0,0.046,3.3
2024-08-08,Web Development,3090,26,4.31,0.161,13052.0,4.2,205171.0,0.0388,1.8
2024-08-09,AI/ML Development,1779,7,4.3,0.156,5575.0,3.1,93062.0,0.0363,21.3
2024-08-09,Content Writing,6989,34,3.93,0.164,27213.0,3.9,331158.0,0.0556,5.6
2024-08-09,Data Analysis,2647,9,4.17,0.208,9841.0,3.7,129974.0,0.0458,26.3
2024-08-09,Financial Modeling,909,9,4.51,0.177,3356.0,3.7,43228.0,0.0387,12.2
2024-08-09,Graphic Design,5144,47,4.13,0.142,15857.0,3.1,219006.0,0.0432,5.2
2024-08-09,Legal Consulting,535,1,4.66,0.158,2487.0,4.6,40067.0,0.0471,2.8
2024-08-09,Mobile App,1766,10,4.16,0.126,5764.0,3.3,85437.0,0.0365,6.7
2024-08-09,Music Production,1108,8,3.83,0.205,3398.0,3.1,58535.0,0.0458,9.3
2024-08-09,Photography,1849,10,4.11,0.129,6623.0,3.6,95989.0,0.0394,4.2
2024-08-09,SEO/SEM,2325,5,3.88,0.098,8346.0,3.6,117809.0,0.048,7.5
2024-08-09,Social Media Management,3301,9,3.77,0.154,8799.0,2.7,111299.0,0.0465,5.2
2024-08-09,Translation,3432,20,3.84,0.192,12525.0,3.6,152901.0,0.0447,6.9
2024-08-09,Video Production,1443,5,4.17,0.12,4969.0,3.4,61261.0,0.0511,7.9
2024-08-09,Virtual Assistant,4407,29,3.82,0.179,16855.0,3.8,293125.0,0.0395,5.1
2024-08-09,Web Development,3502,24,4.23,0.18,14655.0,4.2,195720.0,0.0473,3.2
2024-08-10,AI/ML Development,1596,8,4.39,0.121,4811.0,3.0,84699.0,0.0496,3.9
2024-08-10,Content Writing,7069,31,4.04,0.144,16627.0,2.4,218399.0,0.0429,14.0
2024-08-10,Data Analysis,2414,29,4.32,0.175,6080.0,2.5,98568.0,0.0569,17.7
2024-08-10,Financial Modeling,874,7,4.44,0.123,2101.0,2.4,37744.0,0.0512,5.1
2024-08-10,Graphic Design,4759,34,4.1,0.179,13018.0,2.7,184845.0,0.0511,4.2
2024-08-10,Legal Consulting,548,2,4.55,0.184,1742.0,3.2,23191.0,0.0479,15.3
2024-08-10,Mobile App,1968,16,4.16,0.146,5689.0,2.9,79211.0,0.0503,6.4
2024-08-10,Music Production,1072,4,3.91,0.158,2568.0,2.4,44504.0,0.0555,19.0
2024-08-10,Photography,1919,18,4.12,0.154,4222.0,2.2,61247.0,0.045,2.2
2024-08-10,SEO/SEM,2233,15,3.97,0.186,5856.0,2.6,85883.0,0.0278,5.1
2024-08-10,Social Media Management,2733,18,3.7,0.162,7046.0,2.6,109095.0,0.03,13.9
2024-08-10,Translation,3477,21,3.91,0.123,9049.0,2.6,144420.0,0.0297,21.3
2024-08-10,Video Production,1416,14,4.18,0.124,2938.0,2.1,43752.0,0.0591,12.8
2024-08-10,Virtual Assistant,4177,30,3.75,0.155,8058.0,1.9,126342.0,0.0377,5.6
2024-08-10,Web Development,3356,20,4.25,0.155,8220.0,2.4,138654.0,0.0457,8.5
2024-08-11,AI/ML Development,1676,36,4.4,0.104,4623.0,2.8,59178.0,0.0447,8.6
2024-08-11,Content Writing,5760,36,4.06,0.161,13799.0,2.4,227982.0,0.0584,18.5
2024-08-11,Data Analysis,2452,25,4.35,0.1,5739.0,2.3,84990.0,0.0379,19.7
2024-08-11,Financial Modeling,864,13,4.39,0.132,2175.0,2.5,29084.0,0.0459,5.9
2024-08-11,Graphic Design,5024,36,4.13,0.114,11431.0,2.3,161427.0,0.0326,7.8
2024-08-11,Legal Consulting,541,6,4.64,0.12,1433.0,2.6,20305.0,0.0535,3.2
2024-08-11,Mobile App,2016,19,4.13,0.143,4072.0,2.0,55697.0,0.0327,6.0
2024-08-11,Music Production,1067,2,3.86,0.159,1911.0,1.8,33899.0,0.0455,4.0
2024-08-11,Photography,1664,12,4.0,0.185,2949.0,1.8,47481.0,0.0426,2.6
2024-08-11,SEO/SEM,2257,13,4.03,0.191,4767.0,2.1,71071.0,0.0417,5.4
2024-08-11,Social Media Management,2892,39,3.82,0.17,6787.0,2.3,94700.0,0.0364,23.0
2024-08-11,Translation,3426,34,3.91,0.163,7107.0,2.1,90996.0,0.0517,4.0
2024-08-11,Video Production,1553,15,4.21,0.125,3673.0,2.4,48553.0,0.0423,4.7
2024-08-11,Virtual Assistant,3953,30,3.76,0.158,6775.0,1.7,120436.0,0.049,8.2
2024-08-11,Web Development,3181,31,4.25,0.135,7970.0,2.5,105163.0,0.0437,6.8
2024-08-12,AI/ML Development,1512,11,4.37,0.138,7728.0,5.1,97495.0,0.0504,20.8
2024-08-12,Content Writing,5885,53,3.94,0.107,21879.0,3.7,349582.0,0.053,11.0
2024-08-12,Data Analysis,2544,27,4.24,0.204,8745.0,3.4,148089.0,0.0282,7.4
2024-08-12,Financial Modeling,830,3,4.41,0.164,4050.0,4.9,54767.0,0.0411,9.7
2024-08-12,Graphic Design,5151,49,4.08,0.145,24751.0,4.8,432612.0,0.0402,8.7
2024-08-12,Legal Consulting,530,5,4.63,0.115,2237.0,4.2,27636.0,0.0409,6.4
2024-08-12,Mobile App,1992,5,4.19,0.109,8765.0,4.4,125670.0,0.0448,12.0
2024-08-12,Music Production,1222,12,3.91,0.193,4065.0,3.3,69251.0,0.0555,3.8
2024-08-12,Photography,1762,15,4.0,0.187,6752.0,3.8,88948.0,0.0412,10.3
2024-08-12,SEO/SEM,2046,31,4.02,0.21,7434.0,3.6,115699.0,0.0284,3.9
2024-08-12,Social Media Management,3304,16,3.92,0.157,14215.0,4.3,233680.0,0.0464,8.8
2024-08-12,Translation,4133,67,3.86,0.16,16056.0,3.9,206553.0,0.0275,19.0
2024-08-12,Video Production,1369,7,4.27,0.1,6661.0,4.9,115224.0,0.0502,10.8
2024-08-12,Virtual Assistant,4188,31,3.77,0.16,14893.0,3.6,192374.0,0.0424,5.9
2024-08-12,Web Development,3231,26,4.27,0.115,14879.0,4.6,220003.0,0.0513,2.3
2024-08-13,AI/ML Development,1602,7,4.39,0.164,7744.0,4.8,100320.0,0.0386,8.1
2024-08-13,Content Writing,5953,70,3.91,0.149,20345.0,3.4,278465.0,0.0465,6.5
2024-08-13,Data Analysis,2541,16,4.31,0.177,9921.0,3.9,159977.0,0.0345,14.5
2024-08-13,Financial Modeling,747,9,4.42,0.155,3803.0,5.1,46559.0,0.052,4.1
2024-08-13,Graphic Design,4852,62,4.15,0.126,19242.0,4.0,334254.0,0.0529,5.6
2024-08-13,Legal Consulting,616,7,4.65,0.136,2299.0,3.7,29228.0,0.0351,6.8
2024-08-13,Mobile App,2058,19,4.2,0.181,8491.0,4.1,151160.0,0.042,3.9
2024-08-13,Music Production,1300,21,3.9,0.186,5175.0,4.0,81204.0,0.0335,2.7
2024-08-13,Photography,1609,13,4.2,0.194,7643.0,4.8,132641.0,0.0601,7.1
2024-08-13,SEO/SEM,1941,7,3.94,0.119,7606.0,3.9,129683.0,0.0466,5.6
2024-08-13,Social Media Management,3047,13,3.77,0.223,12769.0,4.2,189637.0,0.0388,2.4
2024-08-13,Translation,3563,18,3.89,0.13,13974.0,3.9,228959.0,0.0425,34.6
2024-08-13,Video Production,1292,4,4.21,0.114,4795.0,3.7,61798.0,0.0389,10.2
2024-08-13,Virtual Assistant,3967,80,3.79,0.141,14587.0,3.7,233172.0,0.0405,8.1
2024-08-13,Web Development,2821,14,4.2,0.174,10502.0,3.7,173517.0,0.0542,12.5
2024-08-14,AI/ML Development,1809,7,4.35,0.165,7757.0,4.3,135973.0,0.0378,52.5
2024-08-14,Content Writing,6054,57,3.91,0.238,23112.0,3.8,309928.0,0.0368,1.3
2024-08-14,Data Analysis,2410,15,4.23,0.176,9725.0,4.0,157785.0,0.0271,10.1
2024-08-14,Financial Modeling,948,2,4.54,0.175,4719.0,5.0,64311.0,0.0501,23.7
2024-08-14,Graphic Design,4927,40,4.09,0.159,23424.0,4.8,417699.0,0.0437,3.0
2024-08-14,Legal Consulting,635,5,4.6,0.12,3375.0,5.3,41483.0,0.0569,31.5
2024-08-14,Mobile App,1947,17,4.18,0.111,8439.0,4.3,133528.0,0.0528,6.2
2024-08-14,Music Production,1264,8,3.93,0.187,4194.0,3.3,51584.0,1.8545,21.7
2024-08-14,Photography,1834,24,4.03,0.148,7315.0,4.0,97607.0,0.0434,6.7
2024-08-14,SEO/SEM,2343,15,3.9,0.148,8239.0,3.5,114327.0,0.0386,3.5
2024-08-14,Social Media Management,2793,17,3.82,0.11,12685.0,4.5,184463.0,0.047,6.6
2024-08-14,Translation,3719,33,3.84,0.197,11502.0,3.1,164085.0,0.0473,11.5
2024-08-14,Video Production,1396,8,4.18,0.153,6802.0,4.9,84825.0,0.0383,2.2
2024-08-14,Virtual Assistant,3796,17,3.71,0.168,14352.0,3.8,210482.0,0.0337,36.0
2024-08-14,Web Development,3413,18,4.28,0.106,15786.0,4.6,237068.0,0.0402,3.2
2024-08-15,AI/ML Development,1788,8,4.36,0.124,5637.0,3.2,100808.0,0.0378,9.8
2024-08-15,Content Writing,6778,39,3.92,0.13,19218.0,2.8,297476.0,0.0405,5.9
2024-08-15,Data Analysis,2347,15,4.15,0.186,6727.0,2.9,110968.0,0.0479,5.2
2024-08-15,Financial Modeling,908,6,4.4,0.137,3806.0,4.2,53913.0,0.0446,7.3
2024-08-15,Graphic Design,5084,56,4.02,0.109,14425.0,2.8,217249.0,0.0491,15.6
2024-08-15,Legal Consulting,603,8,4.72,0.163,2064.0,3.4,32817.0,0.0415,2.6
2024-08-15,Mobile App,1888,17,4.05,0.159,5784.0,3.1,102291.0,0.0465,6.1
2024-08-15,Music Production,1325,11,3.91,0.212,4645.0,3.5,76733.0,0.0483,4.4
2024-08-15,Photography,1880,6,4.16,0.151,7545.0,4.0,125597.0,0.0333,11.0
2024-08-15,SEO/SEM,2106,14,3.94,0.147,6087.0,2.9,106629.0,0.0385,12.0
2024-08-15,Social Media Management,2943,41,3.85,0.156,8929.0,3.0,139269.0,0.0417,11.9
2024-08-15,Translation,3870,33,3.77,0.142,14272.0,3.7,171614.0,0.0328,10.0
2024-08-15,Video Production,1541,14,4.15,0.155,4503.0,2.9,54899.0,0.0426,12.8
2024-08-15,Virtual Assistant,3747,20,3.63,0.182,9810.0,2.6,150562.0,0.0366,8.7
2024-08-15,Web Development,3212,58,4.36,0.113,12497.0,3.9,176672.0,0.0547,10.7
2024-08-16,AI/ML Development,1737,23,4.4,0.167,7406.0,4.3,109016.0,0.0407,4.7
2024-08-16,Content Writing,7072,61,4.02,0.184,20085.0,2.8,253074.0,0.0408,3.4
2024-08-16,Data Analysis,2440,7,4.22,0.177,10185.0,4.2,142013.0,0.0471,23.3
2024-08-16,Financial Modeling,772,5,4.47,0.129,2329.0,3.0,38919.0,0.0234,5.4
2024-08-16,Graphic Design,4834,23,4.08,0.188,16242.0,3.4,211989.0,0.0531,5.1
2024-08-16,Legal Consulting,662,2,4.66,0.162,2069.0,3.1,28974.0,0.0555,6.2
2024-08-16,Mobile App,1996,11,4.09,0.209,5520.0,2.8,89686.0,0.0608,8.0
2024-08-16,Music Production,1169,2,3.92,0.119,4234.0,3.6,64455.0,0.0377,9.1
2024-08-16,Photography,1646,20,4.04,0.154,6308.0,3.8,84430.0,0.0563,5.7
2024-08-16,SEO/SEM,1897,6,3.95,0.155,5737.0,3.0,87477.0,0.0598,5.9
2024-08-16,Social Media Management,3140,27,3.8,0.153,9351.0,3.0,158377.0,0.0492,20.7
2024-08-16,Translation,3835,16,3.93,0.136,14182.0,3.7,185642.0,0.0551,6.4
2024-08-16,Video Production,1542,12,4.02,0.194,5075.0,3.3,85587.0,0.0357,12.2
2024-08-16,Virtual Assistant,3921,30,3.8,0.2,13356.0,3.4,186776.0,0.0444,2.8
2024-08-16,Web Development,2953,14,4.22,0.102,11686.0,4.0,169627.0,0.0527,8.2
2024-08-17,AI/ML Development,1585,9,4.44,0.114,4024.0,2.5,62904.0,0.0331,28.8
2024-08-17,Content Writing,6376,80,3.97,0.117,14016.0,2.2,180198.0,0.0383,7.9
2024-08-17,Data Analysis,2342,14,4.38,0.143,5844.0,2.5,98415.0,0.0356,5.1
2024-08-17,Financial Modeling,808,3,4.64,0.154,1898.0,2.3,32011.0,0.0286,8.7
2024-08-17,Graphic Design,4705,35,4.09,0.15,10936.0,2.3,179971.0,0.0519,13.0
2024-08-17,Legal Consulting,611,3,4.63,0.149,1826.0,3.0,31723.0,0.0489,2.1
2024-08-17,Mobile App,1849,12,4.22,0.17,4774.0,2.6,71185.0,0.0399,11.3
2024-08-17,Music Production,1126,4,3.95,0.117,2342.0,2.1,38683.0,0.043,4.3
2024-08-17,Photography,1942,19,4.0,0.165,5405.0,2.8,68162.0,0.0303,4.5
2024-08-17,SEO/SEM,2222,17,4.0,0.135,4226.0,1.9,71842.0,0.0391,9.9
2024-08-17,Social Media Management,2970,22,3.76,0.144,7242.0,2.4,111744.0,0.0487,3.3
2024-08-17,Translation,3752,17,3.84,0.166,10046.0,2.7,133364.0,0.0512,7.8
2024-08-17,Video Production,1409,9,4.17,0.141,3859.0,2.7,65999.0,0.0311,33.5
2024-08-17,Virtual Assistant,3999,52,3.76,0.155,9461.0,2.4,168073.0,0.0441,5.9
2024-08-17,Web Development,2905,29,4.22,0.199,7897.0,2.7,119601.0,0.0403,3.8
2024-08-18,AI/ML Development,1546,13,4.38,0.169,3751.0,2.4,52741.0,0.0516,16.0
2024-08-18,Content Writing,7151,62,3.97,0.153,14530.0,2.0,244570.0,0.05,5.8
2024-08-18,Data Analysis,2392,15,4.37,0.157,4881.0,2.0,86922.0,0.04,6.0
2024-08-18,Financial Modeling,841,4,4.6,0.113,2262.0,2.7,39512.0,0.0427,15.3
2024-08-18,Graphic Design,4656,26,4.02,0.155,12162.0,2.6,202433.0,0.0429,7.9
2024-08-18,Legal Consulting,587,4,4.64,0.072,1475.0,2.5,19864.0,0.0565,10.7
2024-08-18,Mobile App,1909,11,4.19,0.178,4240.0,2.2,59530.0,0.0339,5.3
2024-08-18,Music Production,1257,6,3.78,0.194,2715.0,2.2,32622.0,0.0419,15.9
2024-08-18,Photography,1650,12,4.08,0.197,3674.0,2.2,55620.0,0.0385,4.0
2024-08-18,SEO/SEM,2192,12,4.08,0.162,5030.0,2.3,74885.0,0.0505,7.3
2024-08-18,Social Media Management,2784,19,3.78,0.175,6049.0,2.2,79836.0,0.0374,5.2
2024-08-18,Translation,3392,24,3.77,0.152,6980.0,2.1,124615.0,0.0411,3.8
2024-08-18,Video Production,1546,5,4.19,0.134,3544.0,2.3,53539.0,0.0336,69.7
2024-08-18,Virtual Assistant,4484,52,3.72,0.143,9759.0,2.2,174246.0,0.0543,3.3
2024-08-18,Web Development,2948,29,4.23,0.22,7369.0,2.5,104859.0,0.0363,4.3
2024-08-19,AI/ML Development,1885,10,4.43,0.13,6969.0,3.7,83726.0,0.0494,2.9
2024-08-19,Content Writing,6390,43,3.84,0.131,25247.0,4.0,416624.0,0.0404,16.9
2024-08-19,Data Analysis,2501,24,4.24,0.116,9138.0,3.7,158748.0,0.0429,49.1
2024-08-19,Financial Modeling,786,5,4.47,0.155,3620.0,4.6,54420.0,0.04,11.1
2024-08-19,Graphic Design,4900,16,4.11,0.206,23197.0,4.7,390782.0,0.0277,6.6
2024-08-19,Legal Consulting,608,1,4.7,0.179,2600.0,4.3,31477.0,0.0532,4.0
2024-08-19,Mobile App,1698,11,4.16,0.139,7629.0,4.5,123461.0,0.0501,3.7
2024-08-19,Music Production,1282,7,3.88,0.195,5717.0,4.5,76007.0,0.0511,2.8
2024-08-19,Photography,2007,17,4.09,0.169,7259.0,3.6,88044.0,0.0516,9.5
2024-08-19,SEO/SEM,2196,12,3.97,0.167,8153.0,3.7,137531.0,0.0529,3.4
2024-08-19,Social Media Management,2980,13,3.72,0.154,10407.0,3.5,169596.0,0.0458,4.7
2024-08-19,Translation,3369,36,3.76,0.127,11036.0,3.3,133902.0,2.301,4.3
2024-08-19,Video Production,1555,8,4.31,0.104,6404.0,4.1,80964.0,0.0465,11.3
2024-08-19,Virtual Assistant,4121,30,3.76,0.137,18563.0,4.5,288624.0,0.0465,9.3
2024-08-19,Web Development,3118,25,4.21,0.13,13519.0,4.3,197378.0,0.0412,18.7
2024-08-20,AI/ML Development,1615,17,4.4,0.138,7740.0,4.8,94763.0,0.0365,7.5
2024-08-20,Content Writing,6452,15,4.02,0.15,22299.0,3.5,286716.0,0.0376,3.9
2024-08-20,Data Analysis,2496,8,4.29,0.172,10200.0,4.1,156954.0,0.0484,2.7
2024-08-20,Financial Modeling,809,5,4.6,0.156,4353.0,5.4,77971.0,0.052,12.7
2024-08-20,Graphic Design,5114,12,3.93,0.157,23034.0,4.5,353620.0,0.0499,10.2
2024-08-20,Legal Consulting,573,4,4.5,0.191,2837.0,5.0,49197.0,0.046,6.7
2024-08-20,Mobile App,1923,7,4.13,0.203,8568.0,4.5,113554.0,0.0466,4.1
2024-08-20,Music Production,1193,4,3.89,0.105,5505.0,4.6,92390.0,0.0309,8.5
2024-08-20,Photography,1950,23,4.02,0.168,8030.0,4.1,106250.0,0.0535,5.2
2024-08-20,SEO/SEM,2333,19,3.94,0.158,7440.0,3.2,113860.0,0.0538,13.2
2024-08-20,Social Media Management,3286,9,3.75,0.133,11982.0,3.6,173719.0,0.0413,31.8
2024-08-20,Translation,4059,24,3.89,0.183,13085.0,3.2,218555.0,0.0488,4.1
2024-08-20,Video Production,1240,15,4.16,0.156,5789.0,4.7,96188.0,0.0372,6.1
2024-08-20,Virtual Assistant,3783,24,3.71,0.153,16862.0,4.5,225424.0,0.0507,8.9
2024-08-20,Web Development,2919,22,4.37,0.138,14247.0,4.9,229010.0,0.0362,2.5
2024-08-21,AI/ML Development,1879,18,4.37,0.134,7309.0,3.9,88695.0,0.0494,6.9
2024-08-21,Content Writing,6546,38,3.87,0.156,28549.0,4.4,397988.0,0.0373,28.0
2024-08-21,Data Analysis,2844,23,4.25,0.145,12505.0,4.4,214949.0,0.0388,10.0
2024-08-21,Financial Modeling,925,7,4.51,0.113,4973.0,5.4,67813.0,0.0393,8.4
2024-08-21,Graphic Design,5332,9,4.17,0.212,18151.0,3.4,253969.0,0.0245,9.7
2024-08-21,Legal Consulting,617,4,4.51,0.157,2370.0,3.8,34616.0,0.0433,9.0
2024-08-21,Mobile App,1918,22,4.14,0.15,9492.0,4.9,164845.0,0.0421,18.0
2024-08-21,Music Production,1276,12,3.94,0.128,4847.0,3.8,83026.0,0.0423,3.9
2024-08-21,Photography,1812,10,4.17,0.15,6814.0,3.8,107013.0,0.0385,22.3
2024-08-21,SEO/SEM,1931,13,3.91,0.199,7605.0,3.9,129380.0,0.0552,6.0
2024-08-21,Social Media Management,2930,43,3.79,0.158,11880.0,4.1,163311.0,0.0499,2.5
2024-08-21,Translation,3569,18,3.87,0.13,12504.0,3.5,178076.0,0.0377,3.7
2024-08-21,Video Production,1559,5,4.12,0.153,6771.0,4.3,120776.0,0.0439,21.6
2024-08-21,Virtual Assistant,3856,33,3.78,0.176,16691.0,4.3,220166.0,0.0345,4.8
2024-08-21,Web Development,2975,53,4.21,0.098,12065.0,4.1,,0.0488,5.3
2024-08-22,AI/ML Development,1669,11,4.41,0.129,5764.0,3.5,99384.0,0.052,6.2
2024-08-22,Content Writing,6568,68,4.07,0.134,23544.0,3.6,319262.0,0.0445,4.3
2024-08-22,Data Analysis,2632,27,4.31,0.124,7610.0,2.9,111639.0,0.0423,25.3
2024-08-22,Financial Modeling,840,3,4.52,0.141,3290.0,3.9,55315.0,0.0443,8.2
2024-08-22,Graphic Design,5326,36,4.06,0.118,16519.0,3.1,258323.0,0.0394,2.2
2024-08-22,Legal Consulting,541,2,4.55,0.181,2253.0,4.2,32518.0,0.0444,49.7
2024-08-22,Mobile App,1689,12,4.21,0.143,5556.0,3.3,85004.0,0.0318,8.1
2024-08-22,Music Production,1124,4,3.9,0.111,3067.0,2.7,54895.0,0.0527,17.6
2024-08-22,Photography,1928,9,4.11,0.178,7059.0,3.7,92853.0,0.0594,9.7
2024-08-22,SEO/SEM,2004,9,3.93,0.102,5722.0,2.9,68888.0,0.0414,3.0
2024-08-22,Social Media Management,3173,37,3.78,0.102,9069.0,2.9,156395.0,0.0311,8.9
2024-08-22,Translation,4108,65,3.89,0.117,14335.0,3.5,220383.0,0.0299,7.0
2024-08-22,Video Production,1382,7,4.15,0.164,3958.0,2.9,68605.0,0.0462,9.7
2024-08-22,Virtual Assistant,4305,59,3.74,0.156,13160.0,3.1,220480.0,0.0405,2.6
2024-08-22,Web Development,3442,18,4.33,0.147,13690.0,4.0,172811.0,0.0553,23.2
2024-08-23,AI/ML Development,1863,11,4.29,0.124,6977.0,3.7,101912.0,0.036,2.7
2024-08-23,Content Writing,6734,60,3.99,0.12,18688.0,2.8,246093.0,0.044,11.4
2024-08-23,Data Analysis,2487,27,4.33,0.208,8680.0,3.5,142385.0,0.0414,7.3
2024-08-23,Financial Modeling,922,5,4.43,0.181,3621.0,3.9,55420.0,0.0393,7.8
2024-08-23,Graphic Design,4380,35,4.1,0.121,12974.0,3.0,221480.0,0.0422,7.8
2024-08-23,Legal Consulting,604,14,4.51,0.164,2023.0,3.3,29787.0,0.0445,19.1
2024-08-23,Mobile App,1813,15,4.21,0.148,7106.0,3.9,109596.0,0.0486,4.3
2024-08-23,Music Production,1059,12,3.86,0.135,2849.0,2.7,39570.0,0.0379,6.4
2024-08-23,Photography,1888,12,4.13,0.172,7104.0,3.8,115935.0,0.0329,8.4
2024-08-23,SEO/SEM,2316,11,4.02,0.111,6431.0,2.8,108094.0,0.0363,6.0
2024-08-23,Social Media Management,2888,12,3.82,0.148,8401.0,2.9,105115.0,0.0521,17.6
2024-08-23,Translation,3397,12,3.91,0.153,11465.0,3.4,193538.0,0.0325,4.3
2024-08-23,Video Production,1321,10,4.19,0.167,4759.0,3.6,66556.0,0.0115,6.1
2024-08-23,Virtual Assistant,3786,37,3.65,0.092,10509.0,2.8,151412.0,0.0422,7.2
2024-08-23,Web Development,3009,39,4.16,0.125,10931.0,3.6,168640.0,0.0373,13.2
2024-08-24,AI/ML Development,1672,4,4.45,0.13,3840.0,2.3,65630.0,0.0343,3.0
2024-08-24,Content Writing,7225,80,4.01,0.196,18026.0,2.5,233539.0,0.0407,9.7
2024-08-24,Data Analysis,2674,25,4.38,0.182,7272.0,2.7,101542.0,0.0544,2.5
2024-08-24,Financial Modeling,763,4,4.56,0.062,2395.0,3.1,42226.0,0.0386,4.0
2024-08-24,Graphic Design,5064,89,4.13,0.192,13945.0,2.8,218422.0,0.0352,2.8
2024-08-24,Legal Consulting,592,2,4.57,0.202,1623.0,2.7,25666.0,0.0361,7.4
2024-08-24,Mobile App,1725,12,4.16,0.207,3958.0,2.3,60879.0,0.0429,5.2
2024-08-24,Music Production,1152,9,3.96,0.112,2411.0,2.1,32657.0,0.0368,4.5
2024-08-24,Photography,1888,11,3.93,0.138,3606.0,1.9,51056.0,0.0414,6.7
2024-08-24,SEO/SEM,2182,5,3.96,0.182,5004.0,2.3,79579.0,0.0475,20.7
2024-08-24,Social Media Management,3082,8,3.78,0.166,7051.0,2.3,120772.0,0.042,9.4
2024-08-24,Translation,3538,15,3.85,0.184,7379.0,2.1,93711.0,0.0425,27.0
2024-08-24,Video Production,1246,3,4.19,0.122,2521.0,2.0,38968.0,0.0369,6.0
2024-08-24,Virtual Assistant,3966,52,3.81,0.121,8691.0,2.2,121644.0,0.0473,7.7
2024-08-24,Web Development,3310,22,4.24,0.129,8559.0,2.6,145384.0,0.0419,5.8
2024-08-25,AI/ML Development,1790,14,4.28,0.153,3623.0,2.0,47355.0,0.0646,8.7
2024-08-25,Content Writing,6466,47,4.0,0.154,13790.0,2.1,176366.0,0.0466,9.4
2024-08-25,Data Analysis,2898,17,4.24,0.167,6210.0,2.1,76877.0,0.0475,2.0
2024-08-25,Financial Modeling,923,6,4.53,0.114,1840.0,2.0,29197.0,0.0509,3.4
2024-08-25,Graphic Design,4247,18,4.14,0.153,11336.0,2.7,172997.0,0.0509,12.7
2024-08-25,Legal Consulting,601,3,4.53,0.132,1601.0,2.7,23064.0,0.0567,10.6
2024-08-25,Mobile App,1677,15,4.07,0.115,4004.0,2.4,56754.0,0.0416,9.2
2024-08-25,Music Production,1110,7,3.84,0.183,2033.0,1.8,31634.0,0.0423,7.5
2024-08-25,Photography,1836,11,4.02,0.183,4304.0,2.3,64552.0,0.0385,23.9
2024-08-25,SEO/SEM,1986,14,4.0,0.161,3666.0,1.8,48522.0,0.0582,3.5
2024-08-25,Social Media Management,2974,23,3.81,0.116,5176.0,1.7,63793.0,0.0424,5.2
2024-08-25,Translation,4147,18,3.88,0.18,9759.0,2.4,132850.0,0.047,27.2
2024-08-25,Video Production,1390,12,4.12,0.192,2640.0,1.9,33160.0,0.0493,19.1
2024-08-25,Virtual Assistant,3850,16,3.77,0.204,8477.0,2.2,108009.0,0.0354,14.1
2024-08-25,Web Development,2849,8,4.28,0.188,6434.0,2.3,110868.0,0.0483,12.9
2024-08-26,AI/ML Development,1832,18,4.35,0.164,8757.0,4.8,121740.0,0.057,14.2
2024-08-26,Content Writing,6839,50,4.04,0.178,25710.0,3.8,348375.0,0.0564,16.8
2024-08-26,Data Analysis,2380,14,4.24,0.084,11912.0,5.0,151778.0,0.0312,45.7
2024-08-26,Financial Modeling,782,3,4.46,0.16,3687.0,4.7,46381.0,0.0409,4.0
2024-08-26,Graphic Design,0,22,4.09,0.157,18169.0,4.2,315098.0,0.0426,2.3
2024-08-26,Legal Consulting,550,2,4.47,0.138,2612.0,4.7,37798.0,0.0408,13.0
2024-08-26,Mobile App,1988,17,4.16,0.108,9527.0,4.8,150880.0,0.0412,8.8
2024-08-26,Music Production,1134,21,3.87,0.133,4244.0,3.7,72869.0,0.0446,1.8
2024-08-26,Photography,1842,12,4.12,0.137,7160.0,3.9,96608.0,0.0426,9.6
2024-08-26,SEO/SEM,2317,13,3.92,0.226,10518.0,4.5,131234.0,0.0362,11.4
2024-08-26,Social Media Management,3161,30,3.84,0.151,13067.0,4.1,202763.0,0.0497,10.6
2024-08-26,Translation,3682,48,3.88,0.126,16985.0,4.6,218071.0,0.0423,32.5
2024-08-26,Video Production,1476,10,4.22,0.149,6563.0,4.4,114721.0,0.0469,4.6
2024-08-26,Virtual Assistant,3744,12,3.8,0.107,15338.0,4.1,233625.0,0.0526,16.4
2024-08-26,Web Development,3548,12,4.35,0.195,15282.0,4.3,236057.0,0.0256,15.9
2024-08-27,AI/ML Development,1848,7,4.35,0.162,9392.0,5.1,123149.0,0.0346,9.7
2024-08-27,Content Writing,6844,22,4.09,0.118,33351.0,4.9,503020.0,0.0459,15.7
2024-08-27,Data Analysis,2827,16,4.28,0.091,14186.0,5.0,203947.0,0.0457,8.6
2024-08-27,Financial Modeling,936,1,4.4,0.181,3779.0,4.0,55347.0,0.0398,5.3
2024-08-27,Graphic Design,5144,30,4.06,0.161,19954.0,3.9,307452.0,0.0626,5.7
2024-08-27,Legal Consulting,588,1,4.56,0.153,2797.0,4.8,45288.0,0.0363,7.4
2024-08-27,Mobile App,1940,15,4.1,0.147,7394.0,3.8,115010.0,0.0395,8.0
2024-08-27,Music Production,1276,9,3.89,0.204,5051.0,4.0,83831.0,0.0448,15.8
2024-08-27,Photography,1991,10,4.05,0.192,6574.0,3.3,81177.0,0.0498,31.4
2024-08-27,SEO/SEM,2049,15,3.84,0.123,8315.0,4.1,131014.0,0.0434,6.3
2024-08-27,Social Media Management,2956,8,3.78,0.153,11044.0,3.7,136827.0,0.0525,10.8
2024-08-27,Translation,3515,40,3.93,0.116,11114.0,3.2,153404.0,0.0416,6.5
2024-08-27,Video Production,1467,12,4.12,0.108,5882.0,4.0,86775.0,0.0351,20.3
2024-08-27,Virtual Assistant,4432,83,3.73,0.134,15962.0,3.6,226927.0,0.053,1.8
2024-08-27,Web Development,3118,23,4.23,0.067,15233.0,4.9,226334.0,0.0295,22.9
2024-08-28,AI/ML Development,1704,5,4.43,0.143,8000.0,4.7,124471.0,0.0517,5.7
2024-08-28,Content Writing,6040,23,3.9,0.17,23269.0,3.9,398035.0,0.0622,4.5
2024-08-28,Data Analysis,2315,6,4.27,0.151,10912.0,4.7,139703.0,0.0418,10.3
2024-08-28,Financial Modeling,896,6,4.52,0.169,4444.0,5.0,59899.0,0.0419,10.9
2024-08-28,Graphic Design,4880,26,4.0,0.148,16162.0,3.3,248972.0,0.0351,3.0
2024-08-28,Legal Consulting,559,2,4.62,0.133,3012.0,5.4,45169.0,0.0389,11.8
2024-08-28,Mobile App,1767,8,4.2,0.134,6056.0,3.4,100401.0,0.0311,4.2
2024-08-28,Music Production,1336,12,3.91,0.138,4387.0,3.3,74396.0,0.0441,6.2
2024-08-28,Photography,1848,20,4.12,0.165,7776.0,4.2,100163.0,0.0439,14.8
2024-08-28,SEO/SEM,1871,23,4.0,0.157,7502.0,4.0,134992.0,0.0383,15.2
2024-08-28,Social Media Management,3106,12,3.85,0.213,14154.0,4.6,211035.0,0.0567,9.1
2024-08-28,Translation,4135,56,3.97,0.158,19392.0,4.7,268787.0,0.0522,4.8
2024-08-28,Video Production,1480,3,4.22,0.135,7146.0,4.8,122648.0,0.0505,26.6
2024-08-28,Virtual Assistant,4267,52,3.8,0.091,16425.0,3.8,223317.0,0.0452,10.2
2024-08-28,Web Development,3059,21,4.17,0.199,15226.0,5.0,187968.0,0.0373,23.6
2024-08-29,AI/ML Development,1565,13,4.37,0.157,5015.0,3.2,73977.0,0.0579,18.9
2024-08-29,Content Writing,7259,79,3.96,0.147,27562.0,3.8,345846.0,0.046,7.6
2024-08-29,Data Analysis,2327,14,4.38,0.127,10000.0,4.3,127947.0,0.0454,5.4
2024-08-29,Financial Modeling,790,8,4.57,0.113,2707.0,3.4,38221.0,0.0411,3.4
2024-08-29,Graphic Design,4335,35,4.05,0.176,13166.0,3.0,228307.0,0.0396,2.4
2024-08-29,Legal Consulting,609,6,4.76,0.195,2597.0,4.3,31529.0,0.0536,13.8
2024-08-29,Mobile App,2082,22,4.25,0.188,6353.0,3.1,91791.0,0.0458,22.2
2024-08-29,Music Production,1302,13,3.88,0.128,4558.0,3.5,71537.0,0.0318,3.7
2024-08-29,Photography,1987,21,4.05,0.121,6257.0,3.1,98868.0,0.0304,8.5
2024-08-29,SEO/SEM,2267,22,3.94,0.145,6167.0,2.7,108186.0,0.0326,9.3
2024-08-29,Social Media Management,2978,12,3.78,0.136,9487.0,3.2,127064.0,0.0405,5.3
2024-08-29,Translation,3850,13,3.89,0.13,10790.0,2.8,190076.0,0.0292,19.4
2024-08-29,Video Production,1460,7,4.2,0.156,4137.0,2.8,52720.0,0.0405,14.3
2024-08-29,Virtual Assistant,4184,42,3.77,0.16,10547.0,2.5,181874.0,0.0494,9.6
2024-08-29,Web Development,3525,33,4.22,0.164,12033.0,3.4,161907.0,0.0511,2.7
2024-08-30,AI/ML Development,1693,11,4.41,0.131,5233.0,3.1,85121.0,0.0403,9.6
2024-08-30,Content Writing,6102,26,3.87,0.197,23238.0,3.8,387886.0,0.054,17.2
2024-08-30,Data Analysis,2693,23,4.3,0.185,8569.0,3.2,119697.0,0.0436,14.8
2024-08-30,Financial Modeling,766,2,4.57,0.164,2661.0,3.5,42920.0,0.045,7.3
2024-08-30,Graphic Design,5349,35,4.08,0.101,18461.0,3.5,320726.0,0.0615,20.0
2024-08-30,Legal Consulting,653,1,4.54,0.186,2462.0,3.8,42734.0,0.046,5.2
2024-08-30,Mobile App,2040,5,4.2,0.231,8440.0,4.1,128143.0,0.0424,7.2
2024-08-30,Music Production,1318,14,3.91,0.161,3616.0,2.7,59741.0,0.0535,12.6
2024-08-30,Photography,1702,6,4.1,0.154,6096.0,3.6,95636.0,0.0433,11.6
2024-08-30,SEO/SEM,1914,8,3.87,0.18,6173.0,3.2,102311.0,0.0457,22.0
2024-08-30,Social Media Management,2696,25,3.73,0.195,8176.0,3.0,99409.0,0.0464,7.2
2024-08-30,Translation,4205,20,3.87,0.205,16111.0,3.8,245643.0,0.046,8.8
2024-08-30,Video Production,1416,6,4.19,0.148,4361.0,3.1,73248.0,0.0387,7.5
2024-08-30,Virtual Assistant,4346,26,3.74,0.162,11887.0,2.7,190516.0,0.0436,3.9
2024-08-30,Web Development,3001,65,4.32,0.137,9839.0,3.3,156204.0,0.0442,9.4
2024-08-31,AI/ML Development,1603,15,4.3,0.144,4619.0,2.9,68539.0,0.0454,8.8
2024-08-31,Content Writing,6014,63,4.04,0.128,12828.0,2.1,172090.0,0.0461,12.0
2024-08-31,Data Analysis,2431,29,4.15,0.213,5370.0,2.2,74912.0,1.0798,14.3
2024-08-31,Financial Modeling,891,6,4.56,0.144,2112.0,2.4,33989.0,0.0404,5.7
2024-08-31,Graphic Design,5026,26,4.21,0.167,,2.2,148776.0,0.0324,4.2
2024-08-31,Legal Consulting,633,1,4.67,0.101,1762.0,2.8,28809.0,0.0446,5.8
2024-08-31,Mobile App,1872,11,4.19,0.13,5257.0,2.8,90589.0,0.043,4.5
2024-08-31,Music Production,1112,7,3.92,0.174,2121.0,1.9,37097.0,0.0468,7.0
2024-08-31,Photography,1694,13,4.14,0.134,4827.0,2.8,79428.0,0.0407,2.8
2024-08-31,SEO/SEM,1969,17,3.94,0.115,4115.0,2.1,61747.0,0.0498,25.1
2024-08-31,Social Media Management,3193,27,3.75,0.153,5669.0,1.8,72062.0,0.043,8.7
2024-08-31,Translation,4198,9,3.86,0.135,10921.0,2.6,192132.0,0.0445,2.3
2024-08-31,Video Production,1555,19,4.24,0.176,4442.0,2.9,65862.0,0.0511,5.7
2024-08-31,Virtual Assistant,3752,52,3.89,0.157,9148.0,2.4,119474.0,0.0582,12.0
2024-08-31,Web Development,3213,67,4.24,0.128,9143.0,2.8,119523.0,0.0474,14.2
2024-09-01,AI/ML Development,1823,24,4.35,0.14,4093.0,2.2,71136.0,0.0465,4.3
2024-09-01,Content Writing,5758,27,3.98,0.219,12211.0,2.1,215882.0,0.0514,13.5
2024-09-01,Data Analysis,2859,8,4.36,0.102,7621.0,2.7,129672.0,0.0443,4.5
2024-09-01,Financial Modeling,831,15,4.57,0.142,1991.0,2.4,31733.0,0.0333,4.3
2024-09-01,Graphic Design,4679,35,4.12,0.185,9638.0,2.1,156524.0,0.0404,4.1
2024-09-01,Legal Consulting,662,2,4.68,0.161,1949.0,2.9,33524.0,0.0392,3.5
2024-09-01,Mobile App,2125,13,4.24,0.123,5693.0,2.7,98760.0,0.044,8.6
2024-09-01,Music Production,1307,13,3.95,0.155,2581.0,2.0,43592.0,0.0394,3.9
2024-09-01,Photography,1891,6,4.14,0.148,4601.0,2.4,71420.0,0.0436,6.9
2024-09-01,SEO/SEM,2043,29,4.13,0.107,3767.0,1.8,46039.0,0.0389,6.1
2024-09-01,Social Media Management,2872,19,3.74,0.157,5223.0,1.8,76544.0,0.0503,4.1
2024-09-01,Translation,3906,29,3.91,0.135,9094.0,2.3,150243.0,0.031,11.6
2024-09-01,Video Production,1358,5,4.13,0.126,3068.0,2.3,47810.0,0.0482,8.7
2024-09-01,Virtual Assistant,3945,25,3.86,0.118,8061.0,2.0,102804.0,0.0379,8.1
2024-09-01,Web Development,2955,8,4.45,0.165,6757.0,2.3,82933.0,0.0577,24.3
2024-09-02,AI/ML Development,1850,10,4.44,0.133,9092.0,4.9,129523.0,0.0346,10.3
2024-09-02,Content Writing,6727,28,3.97,0.132,30092.0,4.5,395829.0,0.044,5.9
2024-09-02,Data Analysis,2413,10,4.23,0.204,9967.0,4.1,171732.0,0.0533,10.5
2024-09-02,Financial Modeling,849,2,4.57,0.158,3884.0,4.6,50564.0,0.0538,14.3
2024-09-02,Graphic Design,4942,29,4.1,0.168,23404.0,4.7,318888.0,0.0499,5.0
2024-09-02,Legal Consulting,602,4,4.71,0.11,2432.0,4.0,34846.0,0.0299,4.2
2024-09-02,Mobile App,1777,8,4.23,0.141,7940.0,4.5,97717.0,0.0282,3.7
2024-09-02,Music Production,1128,18,3.86,0.139,4214.0,3.7,58629.0,0.0493,3.7
2024-09-02,Photography,1936,12,4.15,0.124,9444.0,4.9,116676.0,0.0586,4.5
2024-09-02,SEO/SEM,1904,17,4.06,0.152,9282.0,4.9,163803.0,0.0458,9.0
2024-09-02,Social Media Management,3224,20,3.8,0.208,12210.0,3.8,207788.0,0.0467,46.1
2024-09-02,Translation,3722,24,3.91,0.183,16472.0,4.4,254142.0,0.0643,8.6
2024-09-02,Video Production,1503,5,4.21,0.122,6863.0,4.6,101735.0,0.0475,4.1
2024-09-02,Virtual Assistant,4645,22,3.71,0.215,17440.0,3.8,296872.0,0.0654,7.4
2024-09-02,Web Development,3584,18,4.25,0.08,12522.0,3.5,168899.0,0.0472,3.8
2024-09-03,AI/ML Development,1852,8,4.5,0.123,9299.0,5.0,126537.0,0.0366,4.9
2024-09-03,Content Writing,6702,74,4.08,0.14,25610.0,3.8,350668.0,0.0561,44.3
2024-09-03,Data Analysis,2807,9,4.33,0.141,14440.0,5.1,236060.0,0.0516,22.8
2024-09-03,Financial Modeling,771,4,4.49,0.094,3904.0,5.1,64156.0,0.0524,12.0
2024-09-03,Graphic Design,4306,62,4.07,0.166,15969.0,3.7,279190.0,0.0433,2.3
2024-09-03,Legal Consulting,614,2,4.71,0.122,2412.0,3.9,42582.0,0.0613,20.1
2024-09-03,Mobile App,1873,8,4.23,0.141,8638.0,4.6,141112.0,0.0454,4.5
2024-09-03,Music Production,1228,1,3.96,0.145,4299.0,3.5,70805.0,0.0489,8.1
2024-09-03,Photography,1959,10,3.99,0.148,8037.0,4.1,122891.0,0.0558,9.6
2024-09-03,SEO/SEM,2187,26,3.97,0.183,10368.0,4.7,134700.0,0.0393,4.9
2024-09-03,Social Media Management,3186,56,3.84,0.159,9974.0,3.1,149238.0,0.0481,4.6
2024-09-03,Translation,3354,15,3.96,0.158,12051.0,3.6,185502.0,0.051,10.6
2024-09-03,Video Production,1294,15,4.21,0.091,6073.0,4.7,85748.0,0.044,16.1
2024-09-03,Virtual Assistant,4176,30,3.72,0.152,14468.0,3.5,246692.0,0.0536,22.5
2024-09-03,Web Development,3358,12,4.35,0.122,13818.0,4.1,193841.0,0.0462,10.8
2024-09-04,AI/ML Development,1837,18,4.45,0.185,7881.0,4.3,133697.0,0.0545,3.8
2024-09-04,Content Writing,6801,51,3.96,0.171,27602.0,4.1,352172.0,0.0533,2.6
2024-09-04,Data Analysis,2609,5,4.33,0.174,11406.0,4.4,144843.0,0.0535,10.3
2024-09-04,Financial Modeling,849,5,4.45,0.187,3815.0,4.5,58321.0,0.0467,5.6
2024-09-04,Graphic Design,5075,56,4.15,0.185,25214.0,5.0,438943.0,0.0427,9.1
2024-09-04,Legal Consulting,625,8,4.69,0.163,3491.0,5.6,61346.0,0.0361,8.1
2024-09-04,Mobile App,1687,22,4.17,0.217,7110.0,4.2,90993.0,0.0393,7.1
2024-09-04,Music Production,1109,7,3.9,0.134,5075.0,4.6,65531.0,0.0351,3.2
2024-09-04,Photography,1851,30,4.09,0.204,6665.0,3.6,83983.0,0.0396,10.4
2024-09-04,SEO/SEM,2324,5,4.03,0.133,8969.0,3.9,108826.0,0.0334,7.1
2024-09-04,Social Media Management,3089,23,3.79,0.147,13693.0,4.4,242016.0,0.038,6.6
2024-09-04,Translation,4150,26,3.91,0.107,16812.0,4.1,231412.0,0.0459,11.2
2024-09-04,Video Production,1560,12,4.23,0.101,5689.0,3.6,88022.0,0.0389,3.9
2024-09-04,Virtual Assistant,4255,18,3.78,0.185,14092.0,3.3,214825.0,0.0359,12.7
2024-09-04,Web Development,3005,17,4.25,0.131,10596.0,3.5,190670.0,0.0499,3.2
2024-09-05,AI/ML Development,1722,18,4.4,0.163,7510.0,4.4,132100.0,0.0439,4.8
2024-09-05,Content Writing,7192,51,4.04,0.164,20362.0,2.8,282640.0,0.0494,5.3
2024-09-05,Data Analysis,2814,29,4.29,0.198,9853.0,3.5,157891.0,0.0374,3.7
2024-09-05,Financial Modeling,827,5,4.55,0.201,2521.0,3.0,42462.0,0.0448,23.6
2024-09-05,Graphic Design,4698,36,4.08,0.181,13135.0,2.8,220137.0,0.0401,2.4
2024-09-05,Legal Consulting,593,3,4.64,0.178,1949.0,3.3,30866.0,0.0321,2.6
2024-09-05,Mobile App,1803,9,4.23,0.177,6102.0,3.4,103934.0,0.0564,21.2
2024-09-05,Music Production,1191,8,3.91,0.166,4519.0,3.8,63376.0,0.0491,3.2
2024-09-05,Photography,1868,15,4.2,0.192,6829.0,3.7,107874.0,0.0454,6.3
2024-09-05,SEO/SEM,2128,5,4.07,0.177,7617.0,3.6,117468.0,0.0401,8.4
2024-09-05,Social Media Management,2647,23,3.73,0.107,7335.0,2.8,122410.0,0.039,15.7
2024-09-05,Translation,4155,17,4.02,0.164,16223.0,3.9,263111.0,0.0505,11.2
2024-09-05,Video Production,1366,9,4.19,0.14,4791.0,3.5,65625.0,0.0472,12.8
2024-09-05,Virtual Assistant,3923,53,3.65,0.137,11958.0,3.0,169018.0,0.0497,25.0
2024-09-05,Web Development,3349,21,4.22,0.174,12410.0,3.7,217152.0,0.0425,4.3
2024-09-06,AI/ML Development,1800,28,4.41,0.186,7507.0,4.2,91471.0,0.0421,11.2
2024-09-06,Content Writing,5906,39,4.01,0.139,22234.0,3.8,286069.0,0.0508,42.8
2024-09-06,Data Analysis,2506,9,4.23,0.15,9883.0,3.9,149154.0,0.0451,4.6
2024-09-06,Financial Modeling,814,4,4.56,0.137,3269.0,4.0,41785.0,0.0478,29.8
2024-09-06,Graphic Design,4708,133,4.24,0.125,15405.0,3.3,265235.0,0.0486,32.4
2024-09-06,Legal Consulting,553,2,4.61,0.139,1932.0,3.5,29653.0,0.0383,14.3
2024-09-06,Mobile App,1928,10,4.25,0.136,5732.0,3.0,72421.0,0.0628,11.8
2024-09-06,Music Production,1105,9,3.97,0.134,3204.0,2.9,41379.0,0.0576,40.6
2024-09-06,Photography,1998,13,4.04,0.156,6840.0,3.4,114508.0,0.0392,4.0
2024-09-06,SEO/SEM,1921,20,4.13,0.199,6381.0,3.3,95863.0,0.042,6.5
2024-09-06,Social Media Management,3183,45,3.86,0.159,11521.0,3.6,194800.0,0.0608,12.9
2024-09-06,Translation,3725,20,3.88,0.144,9739.0,2.6,144389.0,0.0385,13.0
2024-09-06,Video Production,1353,6,4.2,0.176,4163.0,3.1,63023.0,0.0326,6.7
2024-09-06,Virtual Assistant,4026,35,3.71,0.204,11767.0,2.9,163229.0,0.0449,3.2
2024-09-06,Web Development,2833,13,4.36,0.214,11582.0,4.1,145414.0,0.0493,2.1
2024-09-07,AI/ML Development,1838,16,4.48,0.171,4313.0,2.3,71746.0,0.0383,3.1
2024-09-07,Content Writing,6685,21,4.06,0.173,18008.0,2.7,218350.0,0.0478,10.1
2024-09-07,Data Analysis,2531,26,4.31,0.196,5733.0,2.3,90142.0,0.0555,2.6
2024-09-07,Financial Modeling,857,5,4.52,0.136,2341.0,2.7,39678.0,0.0334,8.8
2024-09-07,Graphic Design,4622,20,4.16,0.157,10257.0,2.2,176402.0,0.0478,4.2
2024-09-07,Legal Consulting,652,4,4.66,0.146,1520.0,2.3,20870.0,0.0487,9.0
2024-09-07,Mobile App,1826,4,4.24,0.116,5290.0,2.9,93503.0,0.0541,7.3
2024-09-07,Music Production,1310,8,3.86,0.123,2789.0,2.1,45416.0,0.0551,2.7
2024-09-07,Photography,1962,10,4.17,0.165,4069.0,2.1,71077.0,0.0524,5.8
2024-09-07,SEO/SEM,1866,12,3.95,0.109,4361.0,2.3,57246.0,0.0496,18.4
2024-09-07,Social Media Management,3181,14,3.79,0.155,6380.0,2.0,79610.0,0.0473,2.5
2024-09-07,Translation,3402,20,3.99,0.127,6680.0,2.0,105804.0,0.0391,5.8
2024-09-07,Video Production,1320,8,4.21,0.11,3573.0,2.7,62636.0,0.0493,12.7
2024-09-07,Virtual Assistant,3998,18,3.84,0.186,8003.0,2.0,120713.0,0.0485,6.7
2024-09-07,Web Development,3085,42,4.26,0.161,7801.0,2.5,107718.0,0.0468,9.6
2024-09-08,AI/ML Development,1902,15,4.54,0.131,4758.0,2.5,63515.0,0.04,6.7
2024-09-08,Content Writing,6487,70,4.09,0.129,15655.0,2.4,217696.0,0.039,1.7
2024-09-08,Data Analysis,2849,20,4.26,0.099,6451.0,2.3,102099.0,0.0391,4.4
2024-09-08,Financial Modeling,918,9,4.57,0.161,2301.0,2.5,39844.0,0.0611,3.2
2024-09-08,Graphic Design,4806,26,4.26,0.131,10647.0,2.2,135306.0,0.0458,3.7
2024-09-08,Legal Consulting,560,2,4.55,0.126,1489.0,2.7,19166.0,0.0434,5.5
2024-09-08,Mobile App,1723,43,4.24,0.163,3517.0,2.0,49935.0,0.0438,5.5
2024-09-08,Music Production,1098,9,3.97,0.194,2220.0,2.0,34089.0,0.0547,13.8
2024-09-08,Photography,1831,13,4.19,0.106,3709.0,2.0,61098.0,0.0339,9.0
2024-09-08,SEO/SEM,2237,24,4.02,0.109,4954.0,2.2,88696.0,0.042,2.9
2024-09-08,Social Media Management,3268,53,3.7,0.098,6050.0,1.9,74857.0,0.048,8.6
2024-09-08,Translation,4162,35,3.89,0.173,10449.0,2.5,186860.0,0.0547,8.1
2024-09-08,Video Production,1488,7,4.17,0.159,3604.0,2.4,48852.0,0.0458,6.6
2024-09-08,Virtual Assistant,4162,30,3.79,0.164,10223.0,2.5,143218.0,0.0416,22.0
2024-09-08,Web Development,2868,22,4.24,0.154,7475.0,2.6,127462.0,0.0457,2.6
2024-09-09,AI/ML Development,1849,43,4.44,0.132,8882.0,4.8,130680.0,0.0414,3.2
2024-09-09,Content Writing,6881,65,3.96,0.153,28137.0,4.1,474511.0,0.0442,35.2
2024-09-09,Data Analysis,2684,25,4.37,0.153,13044.0,4.9,169524.0,0.0351,4.4
2024-09-09,Financial Modeling,913,2,4.57,0.142,4923.0,5.4,68210.0,0.0486,9.4
2024-09-09,Graphic Design,5151,29,3.99,0.156,24359.0,4.7,305501.0,0.0443,12.6
2024-09-09,Legal Consulting,645,14,4.61,0.152,3529.0,5.5,58796.0,0.045,5.3
2024-09-09,Mobile App,1959,6,4.21,0.156,8630.0,4.4,149920.0,0.0397,5.2
2024-09-09,Music Production,1122,5,3.87,0.146,3652.0,3.3,60416.0,0.0545,6.0
2024-09-09,Photography,1921,24,4.07,0.138,8285.0,4.3,118800.0,0.0579,4.5
2024-09-09,SEO/SEM,1887,11,4.11,0.141,8889.0,4.7,152866.0,0.0576,9.1
2024-09-09,Social Media Management,3059,15,3.87,0.138,13133.0,4.3,231815.0,0.0484,19.8
2024-09-09,Translation,4235,47,3.97,0.171,17483.0,4.1,214810.0,0.0376,4.4
2024-09-09,Video Production,1458,5,4.17,0.157,6521.0,4.5,107815.0,0.0641,9.1
2024-09-09,Virtual Assistant,4318,18,3.9,0.157,19516.0,4.5,310461.0,0.0304,25.6
2024-09-09,Web Development,3512,24,4.3,0.099,15493.0,4.4,272004.0,0.0468,4.2
2024-09-10,AI/ML Development,1907,14,4.48,0.123,10004.0,5.2,176299.0,0.0359,3.5
2024-09-10,Content Writing,6381,36,3.98,0.132,21248.0,3.3,298433.0,0.0411,5.5
2024-09-10,Data Analysis,2770,21,4.35,0.19,14411.0,5.2,186370.0,0.0564,12.8
2024-09-10,Financial Modeling,858,4,4.52,0.14,4458.0,5.2,69174.0,0.0549,3.6
2024-09-10,Graphic Design,4699,22,4.23,0.103,23287.0,5.0,337895.0,0.0415,7.5
2024-09-10,Legal Consulting,541,3,4.67,0.128,2137.0,4.0,26367.0,0.042,10.9
2024-09-10,Mobile App,1985,16,4.22,0.138,8624.0,4.3,150631.0,0.0484,9.0
2024-09-10,Music Production,1176,12,3.96,0.139,4717.0,4.0,69777.0,0.0588,8.5
2024-09-10,Photography,1705,9,4.2,0.19,6159.0,3.6,96357.0,0.0456,7.8
2024-09-10,SEO/SEM,2342,15,4.03,0.171,9482.0,4.0,153440.0,0.0483,5.9
2024-09-10,Social Media Management,3136,11,3.85,0.113,13365.0,4.3,165437.0,0.0486,8.1
2024-09-10,Translation,3365,7,3.96,0.113,14685.0,4.4,216932.0,0.0441,6.0
2024-09-10,Video Production,1321,17,4.23,0.222,5551.0,4.2,71533.0,0.0424,3.6
2024-09-10,Virtual Assistant,4265,20,3.75,0.144,19179.0,4.5,259396.0,0.0575,9.1
2024-09-10,Web Development,3488,21,4.28,0.172,17104.0,4.9,276777.0,0.0487,10.7
2024-09-11,AI/ML Development,1645,9,4.45,0.191,6187.0,3.8,94660.0,0.0413,15.8
2024-09-11,Content Writing,7145,42,4.05,0.13,33875.0,4.7,540533.0,0.055,15.8
2024-09-11,Data Analysis,2710,14,4.33,0.15,9809.0,3.6,145494.0,0.046,7.7
2024-09-11,Financial Modeling,884,8,4.56,0.123,3973.0,4.5,50678.0,0.0432,2.4
2024-09-11,Graphic Design,5335,19,4.26,0.173,22370.0,4.2,338091.0,0.0461,1.9
2024-09-11,Legal Consulting,654,3,4.61,0.152,3323.0,5.1,55076.0,0.0591,3.3
2024-09-11,Mobile App,1857,8,4.21,0.146,9180.0,4.9,122088.0,0.0361,13.0
2024-09-11,Music Production,1086,10,3.97,0.161,4645.0,4.3,79650.0,0.0231,9.7
2024-09-11,Photography,1807,18,4.13,0.169,6733.0,3.7,85794.0,0.049,30.4
2024-09-11,SEO/SEM,2005,23,4.08,0.177,7402.0,3.7,126968.0,0.0391,4.3
2024-09-11,Social Media Management,2660,14,3.73,0.194,8024.0,3.0,133306.0,0.0477,8.9
2024-09-11,Translation,3866,24,3.83,0.159,16843.0,4.4,218331.0,0.0484,2.8
2024-09-11,Video Production,1263,4,4.22,0.199,5121.0,4.1,81816.0,0.0397,5.6
2024-09-11,Virtual Assistant,3791,15,3.79,0.15,15570.0,4.1,235411.0,0.0433,6.7
2024-09-11,Web Development,3064,10,4.31,0.113,10714.0,3.5,166525.0,0.0494,18.1
2024-09-12,AI/ML Development,1723,10,4.37,0.107,6733.0,3.9,118649.0,0.0629,10.7
2024-09-12,Content Writing,6594,52,4.17,0.143,24093.0,3.7,416732.0,0.0524,7.8
2024-09-12,Data Analysis,2760,22,4.25,0.18,9022.0,3.3,122934.0,0.0489,10.0
2024-09-12,Financial Modeling,938,1,4.54,0.127,4145.0,4.4,51970.0,0.0395,8.0
2024-09-12,Graphic Design,4908,17,4.14,0.116,18058.0,3.7,288324.0,0.052,9.7
2024-09-12,Legal Consulting,569,2,4.71,0.14,2018.0,3.5,28585.0,0.0412,18.2
2024-09-12,Mobile App,2019,5,4.26,0.189,7891.0,3.9,136438.0,0.0491,15.0
2024-09-12,Music Production,1182,13,3.92,0.119,3457.0,2.9,43665.0,0.0568,14.0
2024-09-12,Photography,1701,11,4.24,0.164,5212.0,3.1,78445.0,0.039,13.9
2024-09-12,SEO/SEM,2143,7,4.12,0.127,6738.0,3.1,112542.0,0.0337,9.9
2024-09-12,Social Media Management,2734,9,3.82,0.154,9243.0,3.4,111535.0,0.049,5.7
2024-09-12,Translation,3838,63,3.87,0.157,12901.0,3.4,168840.0,0.0379,7.3
2024-09-12,Video Production,1466,6,4.26,0.144,4944.0,3.4,68828.0,0.0482,17.4
2024-09-12,Virtual Assistant,3862,39,3.78,0.144,10628.0,2.8,190095.0,0.0652,4.5
2024-09-12,Web Development,3013,27,4.35,0.161,11794.0,3.9,204470.0,0.0308,23.7
2024-09-13,AI/ML Development,1642,8,4.29,0.146,4939.0,3.0,83194.0,0.0472,4.2
2024-09-13,Content Writing,7142,56,4.02,0.101,22511.0,3.2,369075.0,0.0401,8.6
2024-09-13,Data Analysis,2490,21,4.38,0.163,7864.0,3.2,108395.0,0.0521,6.4
2024-09-13,Financial Modeling,854,2,4.35,0.157,2845.0,3.3,42966.0,0.0325,4.3
2024-09-13,Graphic Design,5212,61,4.14,0.201,19733.0,3.8,242213.0,0.0345,21.0
2024-09-13,Legal Consulting,620,4,4.58,0.168,2280.0,3.7,38090.0,0.0569,14.8
2024-09-13,Mobile App,1768,6,4.22,0.117,6632.0,3.8,104391.0,0.0448,3.2
2024-09-13,Music Production,1235,9,3.99,0.187,4285.0,3.5,56079.0,0.043,6.5
2024-09-13,Photography,1899,16,4.17,0.175,5557.0,2.9,74085.0,0.0484,8.8
2024-09-13,SEO/SEM,1954,20,4.14,0.106,6467.0,3.3,94778.0,0.0289,4.8
2024-09-13,Social Media Management,3152,20,3.88,0.142,11104.0,3.5,157385.0,0.0342,5.5
2024-09-13,Translation,3920,20,3.87,0.133,12144.0,3.1,186995.0,0.0413,6.5
2024-09-13,Video Production,1534,6,4.15,0.164,6072.0,4.0,89495.0,0.0396,2.6
2024-09-13,Virtual Assistant,4275,14,3.83,0.146,11210.0,2.6,138019.0,0.0371,5.7
2024-09-13,Web Development,2947,23,4.28,0.116,10094.0,3.4,173305.0,0.0457,10.3
2024-09-14,AI/ML Development,1856,10,4.55,0.192,5778.0,3.1,100334.0,0.0351,7.5
2024-09-14,Content Writing,6070,38,4.06,0.124,13106.0,2.2,201191.0,0.0519,18.7
2024-09-14,Data Analysis,2856,8,4.25,0.104,8005.0,2.8,103313.0,0.052,6.5
2024-09-14,Financial Modeling,847,5,4.59,0.14,2119.0,2.5,33699.0,0.0432,8.1
2024-09-14,Graphic Design,4729,38,4.18,0.13,12949.0,2.7,200099.0,0.0419,2.8
2024-09-14,Legal Consulting,625,0,4.57,0.154,1387.0,2.2,19312.0,0.0396,1.4
2024-09-14,Mobile App,1994,38,4.22,0.193,4963.0,2.5,68281.0,0.046,4.3
2024-09-14,Music Production,1168,6,3.89,0.165,3108.0,2.7,42121.0,0.0635,4.6
2024-09-14,Photography,1624,9,4.14,0.179,3708.0,2.3,48701.0,0.0534,61.9
2024-09-14,SEO/SEM,2236,30,4.15,0.147,4781.0,2.1,57674.0,0.038,2.2
2024-09-14,Social Media Management,2851,6,3.77,0.116,7321.0,2.6,121980.0,0.0522,5.4
2024-09-14,Translation,3791,15,3.83,0.16,7134.0,1.9,117796.0,0.0553,7.4
2024-09-14,Video Production,1337,17,4.21,0.164,3704.0,2.8,57403.0,0.0398,2.0
2024-09-14,Virtual Assistant,4160,53,3.81,0.141,10152.0,2.4,158635.0,0.0431,1.5
2024-09-14,Web Development,3491,41,4.32,0.118,10474.0,3.0,183879.0,0.0486,23.0
2024-09-15,AI/ML Development,1802,8,4.44,0.185,5071.0,2.8,82983.0,0.0359,4.9
2024-09-15,Content Writing,6245,62,4.04,0.206,12520.0,2.0,160644.0,0.0342,12.5
2024-09-15,Data Analysis,2755,28,4.29,0.172,5533.0,2.0,92030.0,0.0368,12.8
2024-09-15,Financial Modeling,941,4,4.53,0.101,2420.0,2.6,39580.0,0.0387,21.5
2024-09-15,Graphic Design,5039,13,4.15,0.133,10502.0,2.1,126763.0,0.0492,4.6
2024-09-15,Legal Consulting,642,4,4.58,0.155,1611.0,2.5,26301.0,0.0364,4.7
2024-09-15,Mobile App,2105,16,4.16,0.181,4683.0,2.2,59711.0,0.0324,37.4
2024-09-15,Music Production,1163,4,3.93,0.195,2592.0,2.2,33404.0,0.0448,8.2
2024-09-15,Photography,1622,10,4.08,0.141,3767.0,2.3,57275.0,0.0451,17.6
2024-09-15,SEO/SEM,2201,5,3.97,0.13,5373.0,2.4,69570.0,0.0409,9.0
2024-09-15,Social Media Management,3092,19,3.88,0.169,7016.0,2.3,93629.0,0.0451,5.7
2024-09-15,Translation,4155,38,3.82,0.178,7255.0,1.7,124453.0,0.0487,18.1
2024-09-15,Video Production,1353,13,4.29,0.118,3766.0,2.8,48850.0,0.0368,9.4
2024-09-15,Virtual Assistant,4026,58,3.86,0.196,7087.0,1.8,118380.0,0.0365,15.3
2024-09-15,Web Development,3223,52,4.4,0.225,6225.0,1.9,76258.0,0.0636,4.2
2024-09-16,AI/ML Development,1714,5,4.39,0.113,7587.0,4.4,103146.0,0.0348,22.3
2024-09-16,Content Writing,7128,70,4.05,0.116,29371.0,4.1,451847.0,0.049,26.7
2024-09-16,Data Analysis,2410,19,4.27,0.165,8416.0,3.5,138166.0,0.0465,3.4
2024-09-16,Financial Modeling,896,6,4.58,0.16,4150.0,4.6,67213.0,0.0384,13.2
2024-09-16,Graphic Design,4634,28,4.18,0.131,21262.0,4.6,353198.0,0.0486,5.3
2024-09-16,Legal Consulting,599,4,4.54,0.099,2401.0,4.0,34214.0,0.0391,2.6
2024-09-16,Mobile App,1721,8,4.18,0.184,6550.0,3.8,99038.0,0.0462,5.9
2024-09-16,Music Production,1127,5,3.9,0.205,3559.0,3.2,43516.0,0.059,10.1
2024-09-16,Photography,1940,17,4.15,0.163,9161.0,4.7,122052.0,0.0442,20.3
2024-09-16,SEO/SEM,2341,9,3.94,0.147,8387.0,3.6,142404.0,0.0242,7.0
2024-09-16,Social Media Management,3252,25,3.78,0.143,11366.0,3.5,169094.0,0.0535,7.6
2024-09-16,Translation,3866,41,3.94,0.15,12292.0,3.2,189024.0,0.027,7.8
2024-09-16,Video Production,1421,7,4.11,0.126,6538.0,4.6,109110.0,0.0347,3.0
2024-09-16,Virtual Assistant,3742,22,3.82,0.125,14124.0,3.8,174523.0,0.0519,17.2
2024-09-16,Web Development,3068,12,4.35,0.167,12153.0,4.0,194747.0,0.0446,43.0
2024-09-17,AI/ML Development,1518,11,4.42,0.147,7587.0,5.0,134787.0,0.0455,42.7
2024-09-17,Content Writing,6374,49,4.04,0.166,29481.0,4.6,439317.0,0.0446,11.0
2024-09-17,Data Analysis,2320,15,4.26,0.124,9178.0,4.0,127658.0,0.0363,7.6
2024-09-17,Financial Modeling,852,8,4.54,0.139,3266.0,3.8,47841.0,0.0373,1.3
2024-09-17,Graphic Design,4516,56,4.09,0.133,19238.0,4.3,295379.0,0.0497,5.7
2024-09-17,Legal Consulting,592,9,4.64,0.167,2892.0,4.9,36448.0,0.0649,28.7
2024-09-17,Mobile App,1956,28,4.28,0.154,10023.0,5.1,136898.0,0.0408,4.2
2024-09-17,Music Production,1124,12,3.87,0.093,4665.0,4.2,79655.0,0.0416,27.4
2024-09-17,Photography,1654,9,4.13,0.156,6115.0,3.7,106348.0,0.0412,6.4
2024-09-17,SEO/SEM,2000,12,4.15,0.151,9090.0,4.5,161031.0,0.044,52.5
2024-09-17,Social Media Management,2756,24,3.68,0.11,10860.0,3.9,175441.0,0.0412,8.2
2024-09-17,Translation,4203,36,3.94,0.18,13723.0,3.3,241911.0,0.0576,10.4
2024-09-17,Video Production,1432,5,4.18,0.162,6505.0,4.5,96931.0,0.0506,10.7
2024-09-17,Virtual Assistant,4030,19,3.94,0.124,15662.0,3.9,279307.0,0.0343,5.8
2024-09-17,Web Development,2925,19,4.37,0.178,14175.0,4.8,219892.0,0.0496,6.6
2024-09-18,AI/ML Development,1674,16,4.26,0.119,7760.0,4.6,100884.0,0.0501,12.4
2024-09-18,Content Writing,5928,46,4.05,0.155,21641.0,3.7,291857.0,0.0423,4.0
2024-09-18,Data Analysis,2666,7,4.38,0.12,12044.0,4.5,175885.0,0.042,3.4
2024-09-18,Financial Modeling,927,11,4.44,0.193,4683.0,5.1,69224.0,0.0383,7.6
2024-09-18,Graphic Design,4365,53,4.15,0.128,17090.0,3.9,305137.0,0.05,5.1
2024-09-18,Legal Consulting,543,2,4.52,0.175,2949.0,5.4,44837.0,0.0572,31.5
2024-09-18,Mobile App,1794,15,4.1,0.122,7962.0,4.4,139566.0,0.0581,31.0
2024-09-18,Music Production,1254,11,3.96,0.094,5254.0,4.2,65992.0,0.0444,8.0
2024-09-18,Photography,2018,15,4.22,0.163,9686.0,4.8,152957.0,0.0487,11.1
2024-09-18,SEO/SEM,1884,15,4.06,0.075,6672.0,3.5,86604.0,0.0421,11.0
2024-09-18,Social Media Management,2921,15,3.87,0.155,10261.0,3.5,149095.0,0.051,5.4
2024-09-18,Translation,4205,58,3.91,0.13,14894.0,3.5,213294.0,0.034,4.3
2024-09-18,Video Production,1573,17,4.14,0.138,5459.0,3.5,75999.0,0.0405,2.5
2024-09-18,Virtual Assistant,4095,56,3.84,0.175,13950.0,3.4,181484.0,0.0514,5.3
2024-09-18,Web Development,3406,39,4.37,0.153,13098.0,3.8,194364.0,0.036,14.2
2024-09-19,AI/ML Development,1864,9,4.39,0.192,8192.0,4.4,142585.0,0.0461,4.4
2024-09-19,Content Writing,5990,25,3.99,0.089,22291.0,3.7,350773.0,0.0425,4.0
2024-09-19,Data Analysis,2540,9,4.44,0.128,8124.0,3.2,143682.0,0.0403,33.4
2024-09-19,Financial Modeling,762,5,4.57,0.141,3186.0,4.2,45326.0,0.0463,5.5
2024-09-19,Graphic Design,4779,27,4.09,0.172,15072.0,3.2,249546.0,0.0399,10.0
2024-09-19,Legal Consulting,551,2,4.54,0.158,2381.0,4.3,42330.0,0.0379,15.4
2024-09-19,Mobile App,1706,10,4.19,0.238,6187.0,3.6,81621.0,0.0522,5.6
2024-09-19,Music Production,1158,11,3.92,0.118,3130.0,2.7,44447.0,0.0502,11.5
2024-09-19,Photography,1988,25,4.15,0.102,6461.0,3.2,111226.0,0.0312,22.4
2024-09-19,SEO/SEM,1923,8,3.98,0.121,7417.0,3.9,117490.0,0.0507,4.8
2024-09-19,Social Media Management,2745,46,3.82,0.164,7924.0,2.9,140116.0,0.064,5.9
2024-09-19,Translation,4022,60,4.04,0.179,15981.0,4.0,225528.0,0.0455,3.7
2024-09-19,Video Production,1513,6,4.19,0.123,4582.0,3.0,70874.0,0.0458,12.5
2024-09-19,Virtual Assistant,3770,38,3.91,0.136,12215.0,3.2,163863.0,0.0481,14.4
2024-09-19,Web Development,3239,22,4.31,0.179,11666.0,3.6,165502.0,0.0344,6.8
2024-09-20,AI/ML Development,1574,5,4.29,0.197,4576.0,2.9,79301.0,0.0396,6.9
2024-09-20,Content Writing,5914,36,4.02,0.143,21114.0,3.6,281535.0,0.0483,17.8
2024-09-20,Data Analysis,2385,16,4.21,0.096,6757.0,2.8,99963.0,0.0447,16.2
2024-09-20,Financial Modeling,773,4,4.51,0.119,2804.0,3.6,47481.0,0.0437,18.0
2024-09-20,Graphic Design,5039,55,4.11,0.126,19876.0,3.9,339140.0,0.0492,8.9
2024-09-20,Legal Consulting,582,1,4.62,0.188,2374.0,4.1,36490.0,0.041,6.1
2024-09-20,Mobile App,1709,12,4.22,0.163,6719.0,3.9,93772.0,0.0419,7.4
2024-09-20,Music Production,1145,6,3.95,0.101,3619.0,3.2,43945.0,0.0476,3.6
2024-09-20,Photography,1618,22,4.14,0.115,5998.0,3.7,103371.0,0.0476,18.1
2024-09-20,SEO/SEM,2106,12,3.92,0.131,7179.0,3.4,102713.0,0.0335,9.9
2024-09-20,Social Media Management,2954,15,3.87,0.106,9566.0,3.2,138609.0,0.0377,2.2
2024-09-20,Translation,3535,16,3.93,0.194,12971.0,3.7,161327.0,0.0442,26.9
2024-09-20,Video Production,1543,25,4.17,0.203,4963.0,3.2,60514.0,0.0531,2.9
2024-09-20,Virtual Assistant,4697,57,3.84,0.127,14599.0,3.1,180277.0,0.0395,2.9
2024-09-20,Web Development,3070,21,4.4,0.125,13533.0,4.4,238535.0,0.037,1.5
2024-09-21,AI/ML Development,1823,8,4.45,0.188,3838.0,2.1,60827.0,0.0489,7.6
2024-09-21,Content Writing,5909,23,4.1,0.126,12766.0,2.2,200439.0,0.0525,4.2
2024-09-21,Data Analysis,2464,8,4.39,0.084,6378.0,2.6,78734.0,0.0452,17.6
2024-09-21,Financial Modeling,907,6,4.64,0.14,2510.0,2.8,40546.0,0.0366,11.1
2024-09-21,Graphic Design,4365,51,4.11,0.116,9284.0,2.1,146637.0,0.0334,3.8
2024-09-21,Legal Consulting,542,4,4.6,0.136,1459.0,2.7,24782.0,0.0432,1.9
2024-09-21,Mobile App,1907,3,4.17,0.187,4686.0,2.5,61712.0,0.0447,13.0
2024-09-21,Music Production,1216,3,4.06,0.157,2988.0,2.5,38344.0,0.0449,10.2
2024-09-21,Photography,1968,33,4.14,0.157,4315.0,2.2,61004.0,0.0385,4.5
2024-09-21,SEO/SEM,2212,15,4.02,0.126,5911.0,2.7,84394.0,0.0494,7.1
2024-09-21,Social Media Management,2656,31,3.78,0.136,6655.0,2.5,108983.0,0.0274,14.0
2024-09-21,Translation,3543,19,3.92,0.127,7945.0,2.2,122374.0,0.0589,4.9
2024-09-21,Video Production,1571,9,4.26,0.158,3568.0,2.3,60187.0,0.0433,7.4
2024-09-21,Virtual Assistant,4580,19,3.76,0.135,11910.0,2.6,203871.0,0.0525,9.8
2024-09-21,Web Development,2917,56,4.39,0.172,7656.0,2.6,126110.0,0.0389,3.4
2024-09-22,AI/ML Development,1563,6,4.47,0.103,4472.0,2.9,66496.0,0.0431,30.7
2024-09-22,Content Writing,7100,75,4.03,0.172,18187.0,2.6,263651.0,0.05,6.5
2024-09-22,Data Analysis,2382,9,4.27,0.164,4906.0,2.1,71321.0,0.0379,13.0
2024-09-22,Financial Modeling,885,4,4.53,0.161,1943.0,2.2,29570.0,0.0356,10.9
2024-09-22,Graphic Design,5184,32,4.11,0.176,11158.0,2.2,189898.0,0.0493,5.1
2024-09-22,Legal Consulting,563,4,4.57,0.155,1281.0,2.3,17352.0,0.0523,18.3
2024-09-22,Mobile App,2069,15,4.27,0.144,4189.0,2.0,70162.0,0.0484,1.8
2024-09-22,Music Production,1167,6,3.86,0.167,2369.0,2.0,33038.0,0.0383,16.0
2024-09-22,Photography,1832,8,4.11,0.147,4319.0,2.4,53490.0,0.0455,7.4
2024-09-22,SEO/SEM,2074,9,3.94,0.132,4914.0,2.4,78942.0,0.0493,6.2
2024-09-22,Social Media Management,2800,12,3.86,0.197,6025.0,2.2,88954.0,0.0514,4.9
2024-09-22,Translation,3710,37,3.87,0.164,8055.0,2.2,128676.0,0.0632,4.8
2024-09-22,Video Production,1547,9,4.24,0.133,3317.0,2.1,42929.0,0.0376,11.5
2024-09-22,Virtual Assistant,4055,37,3.94,0.169,9605.0,2.4,115532.0,0.0336,3.2
2024-09-22,Web Development,3123,13,4.35,0.101,6757.0,2.2,104094.0,0.0432,9.6
2024-09-23,AI/ML Development,1878,6,4.46,0.14,8812.0,4.7,136621.0,0.0479,5.6
2024-09-23,Content Writing,5863,23,3.95,0.11,25258.0,4.3,331311.0,0.0347,2.7
2024-09-23,Data Analysis,2519,20,4.35,0.122,11464.0,4.6,183560.0,0.0453,5.6
2024-09-23,Financial Modeling,757,1,4.39,0.187,3577.0,4.7,56374.0,0.0369,7.1
2024-09-23,Graphic Design,4809,32,4.2,0.188,19957.0,4.1,312358.0,0.0431,3.3
2024-09-23,Legal Consulting,556,0,4.54,0.148,2517.0,4.5,32248.0,0.0359,4.3
2024-09-23,Mobile App,1794,14,4.32,0.15,9092.0,5.1,146008.0,0.032,3.2
2024-09-23,Music Production,1126,8,3.9,0.152,4446.0,3.9,72065.0,0.035,27.5
2024-09-23,Photography,1820,12,4.19,0.176,8866.0,4.9,144061.0,0.0307,8.0
2024-09-23,SEO/SEM,2108,10,4.05,0.155,9505.0,4.5,155425.0,0.0317,6.0
2024-09-23,Social Media Management,3281,68,3.82,0.141,14054.0,4.3,245590.0,0.0505,2.9
2024-09-23,Translation,4045,38,3.95,0.127,18938.0,4.7,288891.0,0.0401,12.0
2024-09-23,Video Production,1350,4,4.26,0.099,4913.0,3.6,66160.0,0.0446,10.3
2024-09-23,Virtual Assistant,4059,19,3.72,0.18,15791.0,3.9,239771.0,0.0453,17.3
2024-09-23,Web Development,3063,67,4.44,0.152,16028.0,5.2,241919.0,0.0459,12.9
2024-09-24,AI/ML Development,1512,7,4.38,0.214,7181.0,4.7,91984.0,0.055,17.3
2024-09-24,Content Writing,6023,26,4.07,0.14,29438.0,4.9,517850.0,0.0489,8.6
2024-09-24,Data Analysis,-1,25,4.3,0.203,13440.0,5.0,186871.0,0.0533,6.8
2024-09-24,Financial Modeling,799,8,4.6,0.16,3413.0,4.3,47347.0,0.0377,5.2
2024-09-24,Graphic Design,5109,48,4.16,0.15,21386.0,4.2,340379.0,0.047,4.0
2024-09-24,Legal Consulting,582,2,4.68,0.089,2554.0,4.4,34497.0,0.0484,7.5
2024-09-24,Mobile App,2002,17,4.31,0.152,7972.0,4.0,115519.0,0.0536,9.5
2024-09-24,Music Production,1194,4,3.94,0.186,5013.0,4.2,63263.0,0.0304,20.9
2024-09-24,Photography,1812,11,4.17,0.131,8529.0,4.7,118091.0,0.0531,16.0
2024-09-24,SEO/SEM,2209,17,4.04,0.124,10479.0,4.7,158711.0,0.0509,6.9
2024-09-24,Social Media Management,3338,20,3.82,0.154,10313.0,3.1,128048.0,0.0411,9.9
2024-09-24,Translation,4174,28,3.9,0.138,17003.0,4.1,227262.0,0.0414,17.9
2024-09-24,Video Production,1251,7,4.18,0.13,4561.0,3.6,70164.0,0.0505,20.8
2024-09-24,Virtual Assistant,4335,18,3.9,0.102,17510.0,4.0,252972.0,0.0534,11.4
2024-09-24,Web Development,3430,33,4.55,0.171,14367.0,4.2,245464.0,0.0425,3.0
2024-09-25,AI/ML Development,1722,5,4.46,0.17,8326.0,4.8,118119.0,0.0343,6.0
2024-09-25,Content Writing,5897,52,4.03,0.137,28538.0,4.8,459819.0,0.0502,2.4
2024-09-25,Data Analysis,2733,16,4.34,0.159,13228.0,4.8,210571.0,0.0411,10.7
2024-09-25,Financial Modeling,935,4,4.52,0.154,3435.0,3.7,55298.0,0.0305,8.7
2024-09-25,Graphic Design,4867,39,4.05,0.174,18486.0,3.8,260829.0,0.0564,8.9
2024-09-25,Legal Consulting,550,6,4.59,0.128,2117.0,3.8,27312.0,0.0569,5.3
2024-09-25,Mobile App,1746,16,4.24,0.127,6487.0,3.7,104009.0,0.039,3.4
2024-09-25,Music Production,1100,6,3.91,0.146,4999.0,4.5,82095.0,0.0414,3.3
2024-09-25,Photography,1660,8,4.18,0.127,5606.0,3.4,86265.0,0.045,4.0
2024-09-25,SEO/SEM,2144,13,4.02,0.074,7536.0,3.5,128701.0,0.0251,7.8
2024-09-25,Social Media Management,-3,30,3.79,0.114,13357.0,4.1,183157.0,0.0366,4.8
2024-09-25,Translation,4003,59,3.85,0.152,16680.0,4.2,223272.0,0.043,2.5
2024-09-25,Video Production,1519,11,4.21,0.157,6869.0,4.5,119410.0,0.0562,5.4
2024-09-25,Virtual Assistant,3891,20,3.86,0.134,15662.0,4.0,220574.0,0.0583,4.9
2024-09-25,Web Development,3585,51,4.3,0.159,17187.0,4.8,281057.0,0.043,27.0
2024-09-26,AI/ML Development,1767,12,4.49,0.179,6762.0,3.8,97234.0,0.0555,11.4
2024-09-26,Content Writing,7256,20,4.05,0.203,24244.0,3.3,313713.0,0.0541,4.9
2024-09-26,Data Analysis,2469,17,4.31,0.072,9057.0,3.7,152956.0,0.0438,13.9
2024-09-26,Financial Modeling,931,6,4.48,0.152,3300.0,3.5,46420.0,0.043,8.9
2024-09-26,Graphic Design,5401,43,4.1,0.147,19279.0,3.6,247898.0,0.0506,11.5
2024-09-26,Legal Consulting,601,3,4.68,0.143,2396.0,4.0,30856.0,0.0546,7.9
2024-09-26,Mobile App,1940,21,4.24,0.186,7969.0,4.1,108640.0,0.0418,5.5
2024-09-26,Music Production,1216,7,3.92,0.136,4234.0,3.5,61113.0,0.0486,16.1
2024-09-26,Photography,1718,27,4.25,0.168,5382.0,3.1,82347.0,0.0661,2.0
2024-09-26,SEO/SEM,2189,14,4.04,0.157,8272.0,3.8,134438.0,0.0574,1.4
2024-09-26,Social Media Management,2843,37,3.85,0.189,8308.0,2.9,124332.0,0.0419,7.0
2024-09-26,Translation,3614,30,3.96,0.155,12950.0,3.6,183105.0,0.048,9.1
2024-09-26,Video Production,1484,5,4.32,0.167,4986.0,3.4,80518.0,0.0321,6.7
2024-09-26,Virtual Assistant,4593,37,3.85,0.118,16815.0,3.7,295867.0,0.034,19.3
2024-09-26,Web Development,3414,39,4.3,0.144,13424.0,3.9,240365.0,0.0446,3.5
2024-09-27,AI/ML Development,1775,18,4.37,0.149,7529.0,4.2,117810.0,0.0438,15.5
2024-09-27,Content Writing,6232,39,3.97,0.161,22576.0,3.6,397936.0,0.0475,10.2
2024-09-27,Data Analysis,2738,23,4.31,0.18,9963.0,3.6,169888.0,0.0311,9.4
2024-09-27,Financial Modeling,881,5,4.42,0.132,3504.0,4.0,60530.0,0.0496,7.7
2024-09-27,Graphic Design,4465,16,4.12,0.127,13920.0,3.1,229697.0,0.049,5.4
2024-09-27,Legal Consulting,543,3,4.72,0.125,2368.0,4.4,39475.0,0.0438,8.9
2024-09-27,Mobile App,1895,9,4.22,0.118,6443.0,3.4,85032.0,0.0499,7.0
2024-09-27,Music Production,1352,5,3.95,0.126,4992.0,3.7,63589.0,0.0369,11.6
2024-09-27,Photography,1596,25,4.23,0.15,5814.0,3.6,89870.0,0.0535,13.7
2024-09-27,SEO/SEM,1971,9,4.04,0.171,6948.0,3.5,116388.0,0.0536,6.8
2024-09-27,Social Media Management,2775,35,3.86,0.133,8539.0,3.1,122114.0,0.0449,14.3
2024-09-27,Translation,3737,15,3.85,0.16,11156.0,3.0,174117.0,0.0479,5.2
2024-09-27,Video Production,1397,9,4.22,0.095,4784.0,3.4,67935.0,0.055,1.9
2024-09-27,Virtual Assistant,4644,49,3.82,0.173,14879.0,3.2,259598.0,0.0551,19.7
2024-09-27,Web Development,3586,23,4.33,0.181,12953.0,3.6,157422.0,0.052,9.8
2024-09-28,AI/ML Development,1728,5,4.4,0.132,4060.0,2.3,68749.0,0.0349,6.9
2024-09-28,Content Writing,5776,40,3.99,0.084,13994.0,2.4,237011.0,0.0498,5.8
2024-09-28,Data Analysis,2655,21,4.38,0.141,6833.0,2.6,84307.0,0.0474,5.1
2024-09-28,Financial Modeling,888,5,4.52,0.126,1944.0,2.2,34026.0,0.0428,6.9
2024-09-28,Graphic Design,4754,45,4.13,0.24,10119.0,2.1,169381.0,0.0429,9.0
2024-09-28,Legal Consulting,547,6,4.62,0.161,1736.0,3.2,28819.0,0.0462,3.8
2024-09-28,Mobile App,1938,7,4.26,0.137,5752.0,3.0,72173.0,0.0647,20.0
2024-09-28,Music Production,1065,9,3.92,0.155,2743.0,2.6,44340.0,0.0527,25.3
2024-09-28,Photography,1900,18,4.09,0.128,4853.0,2.6,86795.0,0.0525,14.3
2024-09-28,SEO/SEM,2163,6,3.99,0.142,4632.0,2.1,73851.0,0.0519,12.2
2024-09-28,Social Media Management,3237,16,3.77,0.173,7857.0,2.4,133347.0,0.038,4.2
2024-09-28,Translation,4035,38,3.91,0.192,10355.0,2.6,159809.0,0.0582,2.5
2024-09-28,Video Production,1530,15,4.32,0.165,3686.0,2.4,49575.0,0.0436,4.7
2024-09-28,Virtual Assistant,3971,81,3.75,0.197,7081.0,1.8,109583.0,0.0401,13.6
2024-09-28,Web Development,2839,23,4.3,0.178,8429.0,3.0,129419.0,0.0518,9.9
2024-09-29,AI/ML Development,1813,7,4.54,0.129,4533.0,2.5,67492.0,0.0623,9.1
2024-09-29,Content Writing,7311,19,4.04,0.138,13782.0,1.9,204726.0,0.0535,22.0
2024-09-29,Data Analysis,2845,8,4.28,0.158,6857.0,2.4,117430.0,0.0359,12.1
2024-09-29,Financial Modeling,850,7,4.46,0.16,1759.0,2.1,26297.0,0.0356,12.6
2024-09-29,Graphic Design,4958,81,4.16,0.171,9191.0,1.9,158575.0,0.0478,8.5
2024-09-29,Legal Consulting,651,9,4.5,0.19,1761.0,2.7,21842.0,0.0406,5.7
2024-09-29,Mobile App,2135,32,4.22,0.078,5038.0,2.4,71459.0,0.0409,13.0
2024-09-29,Music Production,1160,24,3.98,0.079,2496.0,2.2,42622.0,0.0411,32.0
2024-09-29,Photography,1804,4,4.13,0.191,4489.0,2.5,79511.0,0.0517,11.6
2024-09-29,SEO/SEM,2037,22,4.05,0.174,3889.0,1.9,52360.0,0.041,14.7
2024-09-29,Social Media Management,3106,32,3.84,0.177,5647.0,1.8,91110.0,0.0574,9.9
2024-09-29,Translation,3890,15,3.89,0.159,6690.0,1.7,91424.0,0.0495,11.3
2024-09-29,Video Production,1473,8,4.22,0.151,3163.0,2.1,56797.0,0.0471,7.3
2024-09-29,Virtual Assistant,4150,48,3.73,0.093,8115.0,2.0,101086.0,0.0551,2.8
2024-09-29,Web Development,3038,22,4.38,0.25,8296.0,2.7,105933.0,0.0583,8.2
2024-09-30,AI/ML Development,1595,14,4.49,0.186,8290.0,5.2,140829.0,0.0452,17.8
2024-09-30,Content Writing,7283,87,4.0,0.184,34652.0,4.8,427981.0,0.0603,8.4
2024-09-30,Data Analysis,2888,15,4.27,0.193,11250.0,3.9,171320.0,0.0411,17.7
2024-09-30,Financial Modeling,948,8,4.61,0.189,3607.0,3.8,48949.0,0.0448,11.1
2024-09-30,Graphic Design,4823,54,4.17,0.192,16138.0,3.3,255377.0,0.046,2.3
2024-09-30,Legal Consulting,580,3,4.6,0.164,2309.0,4.0,35121.0,0.0494,11.2
2024-09-30,Mobile App,1947,17,4.22,0.226,8534.0,4.4,144396.0,0.0428,14.6
2024-09-30,Music Production,1087,6,3.95,0.156,4678.0,4.3,56210.0,0.0602,10.7
2024-09-30,Photography,1664,17,4.09,0.143,6310.0,3.8,94564.0,0.0419,1.7
2024-09-30,SEO/SEM,2206,7,4.02,0.203,7306.0,3.3,125295.0,0.0582,5.6
2024-09-30,Social Media Management,2911,38,3.75,0.138,9940.0,3.4,139122.0,0.04,3.4
2024-09-30,Translation,3527,22,3.99,0.176,15015.0,4.3,201993.0,0.0425,5.1
2024-09-30,Video Production,1385,3,4.24,0.152,6445.0,4.7,102013.0,0.0421,20.7
2024-09-30,Virtual Assistant,4055,20,3.85,0.173,12516.0,3.1,167300.0,0.0464,5.3
2024-09-30,Web Development,2959,19,4.31,0.117,11816.0,4.0,180519.0,0.0421,0.9
