transaction_id,date,gig_category,seller_country,buyer_country,seller_profession,amount_usd,currency,payment_method,status,completion_days,rating,is_repeat_buyer,platform_fee_usd,seller_level,week_number
TXN-1000228,2024-01-01,Social Media Management,IN,FR,Marketing Manager,2206.6,USD,paypal,completed,5,3.6,False,441.32,level_1,1
TXN-1000035,2024-01-01,Translation,MX,BR,Writer,54.48,USD,credit_card,completed,2,3.9,False,10.9,top_rated,1
TXN-1000255,2024-01-01,Video Production,BR,IN,Designer,1073.84,USD,credit_card,completed,8,4.1,False,214.77,top_rated,1
TXN-1000037,2024-01-01,Graphic Design,US,US,Designer,99.0,USD,paypal,completed,13,4.5,False,19.8,level_2,1
TXN-1000038,2024-01-01,Data Analysis,MX,SG,Data Scientist,170.98,ILS,bank_transfer,completed,5,4.4,True,34.2,level_2,1
TXN-1000040,2024-01-01,Virtual Assistant,ZA,GB,HR Manager,24.6,ILS,credit_card,completed,1,3.6,False,4.92,new_seller,1
TXN-1000041,2024-01-01,AI/ML Development,US,CA,Data Scientist,339.36,USD,credit_card,completed,28,3.2,False,67.87,level_2,1
TXN-1000122,2024-01-01,Legal Consulting,IN,FR,Lawyer,15.6,USD,paypal,completed,21,4.7,True,3.12,top_rated,1
TXN-1000120,2024-01-01,Music Production,ES,SG,Designer,337.22,USD,paypal,completed,19,4.1,True,67.44,level_1,1
TXN-1000115,2024-01-01,Music Production,NL,US,Designer,155.85,USD,credit_card,completed,17,4.5,False,31.17,rising_talent,1
TXN-1000114,2024-01-01,Virtual Assistant,US,US,HR Manager,327.72,USD,bank_transfer,completed,2,4.3,True,65.54,level_1,1
TXN-1000112,2024-01-01,Graphic Design,DE,GB,Designer,75.95,USD,credit_card,disputed,7,,True,15.19,level_2,1
TXN-1000111,2024-01-01,Data Analysis,CA,IN,Data Scientist,80.63,USD,credit_card,completed,8,3.6,False,16.13,new_seller,1
TXN-1000050,2024-01-01,Web Development,US,SG,Software Engineer,116.25,USD,credit_card,completed,20,2.7,False,23.25,new_seller,1
TXN-1000271,2024-01-01,Financial Modeling,US,NL,Accountant,184.47,USD,paypal,completed,16,3.5,False,36.89,level_2,1
TXN-1000054,2024-01-01,SEO/SEM,DE,US,Marketing Manager,191.93,USD,credit_card,completed,7,4.5,False,38.39,level_1,1
TXN-1000242,2024-01-01,Content Writing,US,GB,Writer,344.41,USD,bank_transfer,completed,3,4.5,False,68.88,level_2,1
TXN-1000098,2024-01-01,Photography,ZA,AU,Designer,36.02,GBP,paypal,completed,3,4.1,True,7.2,level_1,1
TXN-1000060,2024-01-01,Mobile App,IL,US,Software Engineer,112.75,USD,paypal,completed,11,4.5,True,22.55,new_seller,1
TXN-1000266,2024-01-01,Legal Consulting,US,CA,Lawyer,196.27,EUR,credit_card,completed,14,4.8,False,39.25,new_seller,1
TXN-1000245,2024-01-01,Financial Modeling,IN,MX,Accountant,38.27,USD,credit_card,completed,15,4.6,False,7.65,level_2,1
TXN-1000091,2024-01-01,Graphic Design,AU,IL,Designer,493.68,USD,bank_transfer,completed,8,3.2,True,98.74,level_1,1
TXN-1000250,2024-01-01,Music Production,ZA,US,Designer,161.9,USD,credit_card,completed,16,2.7,True,32.38,new_seller,1
TXN-1000263,2024-01-01,Data Analysis,FR,FR,Data Scientist,585.43,USD,credit_card,completed,5,4.3,False,117.09,level_2,1
TXN-1000254,2024-01-01,Graphic Design,US,US,Designer,105.46,GBP,credit_card,cancelled,6,,False,21.09,level_2,1
TXN-1000070,2024-01-01,Web Development,NL,ZA,Software Engineer,111.11,USD,crypto,completed,8,4.5,False,22.22,rising_talent,1
TXN-1000131,2024-01-01,Data Analysis,IN,ES,Data Scientist,31.26,USD,bank_transfer,completed,9,4.3,False,6.25,top_rated,1
TXN-1000135,2024-01-01,Web Development,US,US,Software Engineer,29.6,USD,paypal,completed,6,4.0,False,5.92,level_1,1
TXN-1000256,2024-01-01,Graphic Design,FR,IN,Designer,568.36,USD,paypal,completed,5,2.9,False,113.67,level_1,1
TXN-1000006,2024-01-01,Video Production,US,ZA,Designer,592.56,USD,credit_card,completed,4,4.8,False,118.51,level_1,1
TXN-1000145,2024-01-01,Web Development,US,NL,Software Engineer,1022.04,USD,paypal,completed,15,4.5,False,204.41,level_2,1
TXN-1000288,2024-01-01,Virtual Assistant,DE,ZA,HR Manager,227.71,INR,paypal,completed,3,4.2,True,45.54,level_2,1
TXN-1000167,2024-01-01,Virtual Assistant,IN,IL,HR Manager,212.16,USD,bank_transfer,completed,3,4.5,True,42.43,top_rated,1
TXN-1000174,2024-01-01,Social Media Management,NL,DE,Marketing Manager,148.78,USD,paypal,completed,6,4.3,False,29.76,rising_talent,1
TXN-1000217,2024-01-01,Music Production,BR,US,Designer,231.1,EUR,bank_transfer,completed,9,4.3,False,46.22,level_1,1
TXN-1000219,2024-01-01,Music Production,CA,GB,Designer,24.86,EUR,bank_transfer,completed,8,5.0,False,4.97,level_1,1
TXN-1000200,2024-01-01,Photography,US,US,Designer,208.53,USD,credit_card,completed,2,4.8,False,41.71,rising_talent,1
TXN-1000166,2024-01-01,Translation,US,IN,Writer,60.31,USD,credit_card,completed,5,4.3,False,12.06,level_1,1
TXN-1000025,2024-01-01,Virtual Assistant,IN,IN,HR Manager,201.96,USD,credit_card,completed,1,4.0,True,40.39,level_1,1
TXN-1000150,2024-01-01,SEO/SEM,SG,ES,Marketing Manager,7.32,EUR,credit_card,completed,5,4.2,False,1.46,top_rated,1
TXN-1000183,2024-01-01,Web Development,AU,US,Software Engineer,133.69,USD,bank_transfer,completed,11,4.2,False,26.74,top_rated,1
TXN-1000196,2024-01-01,Music Production,US,US,Designer,57.17,USD,credit_card,completed,11,3.9,True,11.43,level_1,1
TXN-1000024,2024-01-01,Translation,GB,GB,Writer,2640.47,USD,paypal,completed,3,4.8,False,528.09,level_2,1
TXN-1000177,2024-01-02,Social Media Management,IN,IL,Marketing Manager,348.25,USD,credit_card,completed,5,4.2,True,69.65,rising_talent,1
TXN-1000243,2024-01-02,Photography,US,US,Designer,103.14,USD,credit_card,completed,4,4.9,False,20.63,level_1,1
TXN-1000175,2024-01-02,Web Development,AU,DE,Software Engineer,101.84,GBP,paypal,cancelled,12,,True,20.37,level_1,1
TXN-1000089,2024-01-02,Virtual Assistant,US,US,HR Manager,33.48,USD,credit_card,completed,1,4.4,True,6.7,level_1,1
TXN-1000095,2024-01-02,Translation,CA,ZA,Writer,136.35,USD,credit_card,completed,4,4.4,False,27.27,rising_talent,1
TXN-1000204,2024-01-02,Photography,IN,SG,Designer,64.36,USD,bank_transfer,completed,3,4.5,False,12.87,level_2,1
TXN-1000192,2024-01-02,SEO/SEM,DE,US,Marketing Manager,499.29,USD,credit_card,completed,5,4.4,False,99.86,level_2,1
TXN-1000087,2024-01-02,Legal Consulting,US,IN,Lawyer,78.08,USD,bank_transfer,completed,19,4.7,False,15.62,level_2,1
TXN-1000099,2024-01-02,Mobile App,US,IN,Software Engineer,661.39,USD,crypto,completed,17,5.0,False,132.28,rising_talent,1
TXN-1000225,2024-01-02,Virtual Assistant,FR,IN,HR Manager,22.2,USD,paypal,completed,1,2.4,True,4.44,level_2,1
TXN-1000207,2024-01-02,Virtual Assistant,BR,IN,HR Manager,105.74,USD,credit_card,completed,2,4.9,True,21.15,rising_talent,1
TXN-1000241,2024-01-02,SEO/SEM,GB,BR,Marketing Manager,51.35,USD,credit_card,completed,6,4.0,False,10.27,level_1,1
TXN-1000226,2024-01-02,Web Development,DE,US,Software Engineer,958.84,USD,credit_card,completed,22,4.2,True,191.77,rising_talent,1
TXN-1000222,2024-01-02,Mobile App,NL,DE,Software Engineer,429.99,ILS,credit_card,completed,25,3.4,False,86.0,level_2,1
TXN-1000133,2024-01-02,Mobile App,US,IN,Software Engineer,73.91,USD,crypto,completed,12,4.5,False,14.78,level_1,1
TXN-1000151,2024-01-02,Financial Modeling,AU,ES,Accountant,287.27,USD,credit_card,completed,9,4.2,False,57.45,level_1,1
TXN-1000220,2024-01-02,Financial Modeling,US,IN,Accountant,40.18,USD,paypal,completed,8,3.3,True,8.04,rising_talent,1
TXN-1000123,2024-01-02,Music Production,CA,GB,Designer,272.42,USD,credit_card,completed,14,3.6,True,54.48,rising_talent,1
TXN-1000155,2024-01-02,Video Production,US,US,Designer,100.38,USD,credit_card,completed,6,4.8,False,20.08,level_2,1
TXN-1000156,2024-01-02,Content Writing,US,US,Writer,10.17,USD,credit_card,completed,1,4.2,False,2.03,level_1,1
TXN-1000235,2024-01-02,SEO/SEM,IN,CA,Marketing Manager,1641.02,USD,crypto,completed,9,4.4,False,328.2,level_1,1
TXN-1000213,2024-01-02,Graphic Design,FR,US,Designer,1783.46,EUR,credit_card,cancelled,7,,False,356.69,rising_talent,1
TXN-1000209,2024-01-02,SEO/SEM,GB,GB,Marketing Manager,56.82,USD,paypal,completed,3,4.2,False,11.36,level_1,1
TXN-1000113,2024-01-02,Content Writing,ES,CA,Writer,596.98,EUR,paypal,completed,1,3.9,False,119.4,level_2,1
TXN-1000160,2024-01-02,Virtual Assistant,IN,CA,HR Manager,158.29,USD,paypal,completed,2,2.8,False,31.66,level_1,1
TXN-1000162,2024-01-02,Data Analysis,IL,IN,Data Scientist,704.12,USD,credit_card,completed,9,4.5,False,140.82,level_2,1
TXN-1000105,2024-01-02,Photography,US,IN,Designer,159.41,USD,credit_card,completed,6,4.6,False,31.88,level_1,1
TXN-1000165,2024-01-02,Photography,US,US,Designer,138.99,USD,crypto,completed,7,3.8,False,27.8,level_1,1
TXN-1000244,2024-01-02,Financial Modeling,AU,US,Accountant,79.01,USD,credit_card,completed,18,4.7,True,15.8,top_rated,1
TXN-1000193,2024-01-02,Translation,US,IN,Writer,1389.08,USD,credit_card,completed,3,4.6,False,277.82,level_1,1
TXN-1000033,2024-01-02,SEO/SEM,DE,MX,Marketing Manager,340.77,USD,credit_card,completed,8,4.4,False,68.15,level_1,1
TXN-1000044,2024-01-02,Data Analysis,MX,US,Data Scientist,147.29,USD,credit_card,completed,10,4.0,False,29.46,level_2,1
TXN-1000277,2024-01-02,Translation,ZA,US,Writer,100.31,USD,credit_card,completed,4,3.7,False,20.06,level_1,1
TXN-1000278,2024-01-02,Mobile App,US,GB,Software Engineer,81.51,GBP,credit_card,completed,20,3.9,False,16.3,rising_talent,1
TXN-1000045,2024-01-02,Translation,US,CA,Writer,113.06,USD,paypal,completed,2,4.2,False,22.61,level_2,1
TXN-1000046,2024-01-02,Virtual Assistant,SG,JP,HR Manager,336.25,USD,credit_card,completed,1,3.7,False,67.25,new_seller,1
TXN-1000274,2024-01-02,AI/ML Development,US,US,Data Scientist,248.34,USD,paypal,completed,14,1.0,True,49.67,level_1,1
TXN-1000030,2024-01-02,Content Writing,SG,US,Writer,358.3,INR,paypal,completed,3,3.0,False,71.66,level_2,1
TXN-1000028,2024-01-02,Legal Consulting,BR,US,Lawyer,265.9,USD,credit_card,completed,11,4.2,False,53.18,level_2,1
TXN-1000052,2024-01-02,Content Writing,US,US,Writer,151.01,EUR,paypal,completed,2,4.7,False,30.2,rising_talent,1
TXN-1000265,2024-01-02,Translation,ZA,IN,Writer,357.57,USD,credit_card,completed,1,3.5,True,71.51,level_2,1
TXN-1000013,2024-01-02,Web Development,CA,US,Software Engineer,301.69,USD,bank_transfer,completed,19,4.2,True,60.34,rising_talent,1
TXN-1000011,2024-01-02,Financial Modeling,DE,IN,Accountant,227.37,GBP,credit_card,completed,10,2.8,False,45.47,new_seller,1
TXN-1000294,2024-01-02,Music Production,IN,IN,Designer,105.18,USD,credit_card,completed,6,4.4,False,21.04,new_seller,1
TXN-1000016,2024-01-02,AI/ML Development,US,US,Data Scientist,42.1,ILS,credit_card,completed,19,4.8,False,8.42,level_2,1
TXN-1000262,2024-01-02,Web Development,US,US,Software Engineer,1119.16,USD,crypto,completed,27,3.2,True,223.83,level_1,1
TXN-1000004,2024-01-02,AI/ML Development,IN,US,Data Scientist,153.24,USD,credit_card,completed,13,4.9,True,30.65,top_rated,1
TXN-1000259,2024-01-02,AI/ML Development,BR,IN,Data Scientist,172.45,USD,paypal,completed,9,4.2,False,34.49,level_1,1
TXN-1000144,2024-01-03,Photography,FR,US,Designer,992.0,USD,credit_card,completed,5,4.0,True,198.4,rising_talent,1
TXN-1000223,2024-01-03,Photography,IL,ZA,Designer,70.42,USD,bank_transfer,completed,3,3.0,True,14.08,new_seller,1
TXN-1000140,2024-01-03,Content Writing,FR,US,Writer,332.03,USD,credit_card,completed,3,4.5,False,66.41,level_1,1
TXN-1000032,2024-01-03,Music Production,FR,GB,Designer,534.56,USD,credit_card,completed,8,4.1,True,106.91,level_1,1
TXN-1000073,2024-01-03,Content Writing,IN,US,Writer,410.34,USD,credit_card,completed,5,2.6,False,82.07,level_2,1
TXN-1000203,2024-01-03,Mobile App,US,US,Software Engineer,358.14,USD,credit_card,completed,17,4.7,True,71.63,level_2,1
TXN-1000296,2024-01-03,Legal Consulting,AU,ES,Lawyer,49.19,GBP,credit_card,completed,7,4.1,False,9.84,rising_talent,1
TXN-1000187,2024-01-03,Data Analysis,GB,IN,Data Scientist,71.09,USD,paypal,completed,5,4.9,False,14.22,level_2,1
TXN-1000195,2024-01-03,Web Development,US,ES,Software Engineer,10.72,USD,bank_transfer,completed,17,4.9,True,2.14,level_1,1
TXN-1000230,2024-01-03,Content Writing,MX,DE,Writer,113.45,USD,paypal,completed,3,4.7,False,22.69,rising_talent,1
TXN-1000190,2024-01-03,Content Writing,IN,IN,Writer,224.02,USD,paypal,completed,2,4.2,False,44.8,top_rated,1
TXN-1000126,2024-01-03,Graphic Design,US,IN,Designer,665.61,GBP,crypto,completed,11,4.1,False,133.12,level_2,1
TXN-1000180,2024-01-03,Data Analysis,FR,GB,Data Scientist,10.87,USD,bank_transfer,completed,6,3.3,True,2.17,level_1,1
TXN-1000182,2024-01-03,Virtual Assistant,IN,AU,HR Manager,76.06,USD,crypto,completed,4,3.8,True,15.21,level_1,1
TXN-1000202,2024-01-03,Video Production,US,IN,Designer,155.32,EUR,paypal,completed,10,3.4,True,31.06,level_1,1
TXN-1000281,2024-01-03,Content Writing,BR,US,Writer,77.62,GBP,credit_card,completed,1,2.7,True,15.52,new_seller,1
TXN-1000218,2024-01-03,Data Analysis,IN,BR,Data Scientist,716.92,USD,paypal,completed,4,3.8,False,143.38,new_seller,1
TXN-1000020,2024-01-03,Web Development,IN,CA,Software Engineer,171.13,USD,credit_card,completed,7,4.9,False,34.23,level_2,1
TXN-1000018,2024-01-03,SEO/SEM,BR,BR,Marketing Manager,269.65,USD,bank_transfer,completed,3,4.2,False,53.93,level_1,1
TXN-1000017,2024-01-03,Video Production,US,US,Designer,309.55,USD,bank_transfer,completed,5,4.2,False,61.91,new_seller,1
TXN-1000232,2024-01-03,Video Production,GB,AU,Designer,349.36,EUR,bank_transfer,completed,15,3.6,False,69.87,rising_talent,1
TXN-1000208,2024-01-03,Video Production,DE,CA,Designer,290.48,USD,paypal,completed,13,4.9,False,58.1,rising_talent,1
TXN-1000014,2024-01-03,Mobile App,US,AU,Software Engineer,569.78,USD,paypal,completed,26,3.7,False,113.96,level_1,1
TXN-1000163,2024-01-03,Video Production,US,DE,Designer,450.52,USD,credit_card,completed,7,3.7,False,90.1,level_2,1
TXN-1000005,2024-01-03,Music Production,IN,CA,Designer,20.5,USD,credit_card,completed,10,3.3,True,4.1,level_1,1
TXN-1000176,2024-01-03,Data Analysis,SG,US,Data Scientist,30.13,USD,credit_card,completed,7,4.5,False,6.03,level_2,1
TXN-1000295,2024-01-03,Graphic Design,GB,GB,Designer,979.25,USD,crypto,completed,4,3.7,False,195.85,level_1,1
TXN-1000206,2024-01-03,Social Media Management,MX,US,Marketing Manager,267.65,USD,paypal,completed,6,4.8,True,53.53,level_2,1
TXN-1000169,2024-01-03,AI/ML Development,IN,CA,Data Scientist,70.48,USD,credit_card,completed,13,4.5,False,14.1,rising_talent,1
TXN-1000149,2024-01-03,SEO/SEM,SG,DE,Marketing Manager,388.9,GBP,paypal,completed,10,4.7,True,77.78,level_2,1
TXN-1000233,2024-01-03,Virtual Assistant,ZA,FR,HR Manager,483.05,USD,crypto,completed,1,3.5,True,96.61,level_2,1
TXN-1000074,2024-01-03,Financial Modeling,MX,US,Accountant,44.59,USD,crypto,disputed,12,,False,8.92,rising_talent,1
TXN-1000276,2024-01-03,SEO/SEM,BR,US,Marketing Manager,42.75,USD,bank_transfer,completed,12,4.5,True,8.55,new_seller,1
TXN-1000058,2024-01-03,Mobile App,GB,GB,Software Engineer,809.26,USD,bank_transfer,completed,24,3.9,False,161.85,level_1,1
TXN-1000053,2024-01-03,Financial Modeling,CA,DE,Accountant,22.04,USD,bank_transfer,completed,8,3.9,True,4.41,new_seller,1
TXN-1000096,2024-01-03,Video Production,GB,IN,Designer,26.43,USD,paypal,completed,6,4.5,False,5.29,level_2,1
TXN-1000240,2024-01-03,Data Analysis,IL,BR,Data Scientist,67.0,USD,credit_card,completed,9,4.3,False,13.4,level_1,1
TXN-1000104,2024-01-03,Data Analysis,US,IN,Data Scientist,174.3,USD,paypal,completed,7,4.4,False,34.86,new_seller,1
TXN-1000064,2024-01-03,Financial Modeling,US,IN,Accountant,50.15,USD,paypal,completed,15,4.6,False,10.03,new_seller,1
TXN-1000106,2024-01-03,Content Writing,GB,IN,Writer,842.98,USD,paypal,completed,2,4.5,False,168.6,rising_talent,1
TXN-1000108,2024-01-03,Data Analysis,GB,NL,Data Scientist,1124.28,USD,paypal,completed,7,4.9,True,224.86,level_2,1
TXN-1000088,2024-01-03,Mobile App,US,US,Software Engineer,150.93,ILS,bank_transfer,completed,30,3.4,True,30.19,new_seller,1
TXN-1000269,2024-01-03,Translation,SG,BR,Writer,259.08,EUR,paypal,completed,3,4.2,False,51.82,level_1,1
TXN-1000253,2024-01-03,Virtual Assistant,US,US,HR Manager,321.68,USD,bank_transfer,completed,4,3.4,False,64.34,level_1,1
TXN-1000084,2024-01-03,Graphic Design,CA,GB,Designer,229.0,USD,bank_transfer,completed,5,4.7,False,45.8,level_2,1
TXN-1000238,2024-01-03,Graphic Design,GB,GB,Designer,38.02,USD,credit_card,completed,4,4.5,False,7.6,level_2,1
TXN-1000234,2024-01-03,Graphic Design,IN,IL,Designer,70.71,EUR,credit_card,completed,4,3.9,False,14.14,rising_talent,1
TXN-1000236,2024-01-03,Graphic Design,MX,CA,Designer,30.14,USD,credit_card,completed,2,4.6,False,6.03,level_1,1
TXN-1000077,2024-01-03,Graphic Design,GB,BR,Designer,133.99,EUR,credit_card,completed,4,2.8,True,26.8,level_2,1
TXN-1000083,2024-01-03,Video Production,IN,CA,Designer,145.98,GBP,credit_card,completed,9,4.5,False,29.2,level_1,1
TXN-1000179,2024-01-04,Music Production,IN,US,Designer,785.62,USD,credit_card,completed,10,4.4,False,157.12,level_1,1
TXN-1000191,2024-01-04,Legal Consulting,US,ES,Lawyer,154.91,USD,credit_card,completed,22,4.4,False,30.98,level_2,1
TXN-1000258,2024-01-04,Translation,DE,ZA,Writer,366.64,USD,credit_card,completed,2,4.3,False,73.33,level_1,1
TXN-1000249,2024-01-04,Video Production,CA,CA,Designer,196.26,GBP,credit_card,completed,6,4.2,False,39.25,level_2,1
TXN-1000010,2024-01-04,Music Production,FR,SG,Designer,889.55,USD,paypal,completed,7,4.5,False,177.91,new_seller,1
TXN-1000072,2024-01-04,Financial Modeling,BR,US,Accountant,227.71,EUR,credit_card,completed,7,4.9,False,45.54,rising_talent,1
TXN-1000264,2024-01-04,AI/ML Development,BR,US,Data Scientist,156.0,USD,paypal,completed,19,3.9,True,31.2,rising_talent,1
TXN-1000170,2024-01-04,Translation,GB,US,Writer,58.08,EUR,paypal,completed,4,4.0,False,11.62,level_2,1
TXN-1000009,2024-01-04,Video Production,AU,GB,Designer,119.3,USD,credit_card,completed,9,3.7,False,23.86,rising_talent,1
TXN-1000003,2024-01-04,SEO/SEM,US,US,Marketing Manager,83.59,INR,credit_card,completed,18,4.9,True,16.72,rising_talent,1
TXN-1000067,2024-01-04,Web Development,US,CA,Software Engineer,444.13,USD,credit_card,in_progress,11,,False,88.83,level_2,1
TXN-1000080,2024-01-04,Music Production,US,IL,Designer,717.57,USD,paypal,completed,20,4.1,False,143.51,level_1,1
TXN-1000260,2024-01-04,Photography,US,IN,Designer,20.46,USD,credit_card,completed,5,4.5,False,4.09,new_seller,1
TXN-1000082,2024-01-04,Content Writing,ES,US,Writer,28.78,GBP,bank_transfer,completed,2,3.7,False,5.76,level_1,1
TXN-1000079,2024-01-04,Content Writing,US,GB,Writer,232.22,USD,credit_card,completed,2,3.6,False,46.44,rising_talent,1
TXN-1000039,2024-01-04,Virtual Assistant,IN,DE,HR Manager,20.9,USD,paypal,completed,1,3.3,False,4.18,level_1,1
TXN-1000056,2024-01-04,Translation,BR,US,Writer,29.56,USD,credit_card,completed,3,4.2,False,5.91,rising_talent,1
TXN-1000139,2024-01-04,Translation,US,CA,Writer,109.46,EUR,paypal,completed,3,4.5,False,21.89,level_1,1
TXN-1000137,2024-01-04,Web Development,IN,BR,Software Engineer,97.2,USD,bank_transfer,completed,22,4.6,True,19.44,level_1,1
TXN-1000110,2024-01-04,Data Analysis,IL,IL,Data Scientist,57.85,ILS,paypal,completed,5,4.0,True,11.57,top_rated,1
TXN-1000286,2024-01-04,Web Development,BR,BR,Software Engineer,123.65,USD,paypal,completed,14,4.9,False,24.73,level_1,1
TXN-1000273,2024-01-04,Virtual Assistant,DE,JP,HR Manager,334.82,EUR,paypal,completed,1,3.4,False,66.96,new_seller,1
TXN-1000142,2024-01-04,Mobile App,IN,US,Software Engineer,42.2,USD,credit_card,completed,16,3.5,True,8.44,rising_talent,1
TXN-1000132,2024-01-04,Social Media Management,GB,CA,Marketing Manager,286.46,GBP,credit_card,disputed,5,,True,57.29,level_1,1
TXN-1000031,2024-01-04,Photography,ES,US,Designer,52.19,USD,credit_card,completed,7,3.3,False,10.44,level_2,1
TXN-1000148,2024-01-04,Virtual Assistant,GB,ZA,HR Manager,295.04,USD,crypto,completed,2,3.7,False,59.01,rising_talent,1
TXN-1000221,2024-01-04,Legal Consulting,BR,US,Lawyer,69.21,ILS,credit_card,completed,15,2.5,True,13.84,level_1,1
TXN-1000116,2024-01-04,Web Development,IN,NL,Software Engineer,19.87,USD,paypal,completed,19,3.4,False,3.97,level_2,1
TXN-1000127,2024-01-04,AI/ML Development,IN,BR,Data Scientist,132.37,USD,credit_card,completed,14,3.7,True,26.47,rising_talent,1
TXN-1000043,2024-01-04,Content Writing,BR,DE,Writer,34.17,USD,paypal,completed,2,3.9,False,6.83,level_2,1
TXN-1000021,2024-01-04,Graphic Design,GB,SG,Designer,175.08,INR,paypal,completed,5,3.5,False,35.02,level_1,1
TXN-1000026,2024-01-04,Virtual Assistant,CA,SG,HR Manager,395.9,USD,bank_transfer,completed,1,4.6,True,79.18,rising_talent,1
TXN-1000272,2024-01-04,Video Production,AU,US,Designer,729.8,USD,credit_card,completed,11,4.7,True,145.96,level_2,1
TXN-1000197,2024-01-05,Web Development,IN,ZA,Software Engineer,367.49,USD,credit_card,completed,18,3.4,False,73.5,level_1,1
TXN-1000199,2024-01-05,Translation,DE,US,Writer,627.41,USD,crypto,completed,2,4.9,False,125.48,new_seller,1
TXN-1000237,2024-01-05,Financial Modeling,US,US,Accountant,426.97,USD,credit_card,completed,4,2.5,False,85.39,level_2,1
TXN-1000231,2024-01-05,AI/ML Development,CA,ZA,Data Scientist,139.85,USD,credit_card,completed,14,4.9,False,27.97,level_2,1
TXN-1000194,2024-01-05,AI/ML Development,GB,US,Data Scientist,60.93,EUR,paypal,completed,25,4.0,True,12.19,level_1,1
TXN-1000227,2024-01-05,SEO/SEM,NL,DE,Marketing Manager,249.45,GBP,credit_card,completed,9,2.6,False,49.89,level_2,1
TXN-1000270,2024-01-05,Data Analysis,SG,US,Data Scientist,872.76,USD,credit_card,completed,11,4.9,False,174.55,level_1,1
TXN-1000224,2024-01-05,Photography,US,IN,Designer,388.42,USD,credit_card,completed,3,3.1,True,77.68,level_1,1
TXN-1000239,2024-01-05,Music Production,IL,GB,Designer,25.91,USD,paypal,completed,8,3.2,True,5.18,level_1,1
TXN-1000205,2024-01-05,SEO/SEM,US,US,Marketing Manager,146.13,USD,credit_card,completed,10,4.0,True,29.23,new_seller,1
TXN-1000280,2024-01-05,Web Development,US,CA,Software Engineer,1928.56,EUR,crypto,completed,10,4.3,False,385.71,rising_talent,1
TXN-1000282,2024-01-05,Data Analysis,US,ES,Data Scientist,15.53,ILS,paypal,completed,6,4.7,False,3.11,level_2,1
TXN-1000289,2024-01-05,Virtual Assistant,IN,US,HR Manager,169.38,USD,credit_card,completed,2,3.7,False,33.88,level_1,1
TXN-1000247,2024-01-05,Financial Modeling,BR,GB,Accountant,1061.0,GBP,credit_card,cancelled,8,,False,212.2,new_seller,1
TXN-1000267,2024-01-05,Music Production,US,DE,Designer,50.2,EUR,credit_card,completed,18,5.0,False,10.04,new_seller,1
TXN-1000283,2024-01-05,AI/ML Development,US,ES,Data Scientist,1127.3,USD,bank_transfer,completed,19,2.7,True,225.46,level_1,1
TXN-1000268,2024-01-05,Legal Consulting,US,BR,Lawyer,27.87,USD,credit_card,completed,19,4.7,False,5.57,new_seller,1
TXN-1000252,2024-01-05,Legal Consulting,US,IN,Lawyer,20.07,INR,credit_card,completed,16,4.8,True,4.01,level_1,1
TXN-1000001,2024-01-05,SEO/SEM,US,FR,Marketing Manager,450.74,EUR,credit_card,completed,13,4.8,True,90.15,new_seller,1
TXN-1000210,2024-01-05,Social Media Management,US,BR,Marketing Manager,24.23,USD,credit_card,completed,8,4.1,False,4.85,rising_talent,1
TXN-1000121,2024-01-05,Content Writing,AU,US,Writer,388.75,USD,paypal,completed,2,4.7,True,77.75,new_seller,1
TXN-1000141,2024-01-05,Graphic Design,DE,SG,Designer,107.14,USD,crypto,completed,8,3.1,True,21.43,new_seller,1
TXN-1000138,2024-01-05,Music Production,ES,CA,Designer,12.7,USD,crypto,completed,12,4.7,False,2.54,level_1,1
TXN-1000129,2024-01-05,Web Development,NL,US,Software Engineer,100.07,EUR,paypal,completed,6,4.1,False,20.01,rising_talent,1
TXN-1000022,2024-01-05,Graphic Design,US,DE,Designer,27.71,ILS,credit_card,completed,6,4.0,True,5.54,level_1,1
TXN-1000049,2024-01-05,Music Production,DE,IN,Designer,122.84,USD,credit_card,completed,6,3.8,True,24.57,level_2,1
TXN-1000119,2024-01-05,Financial Modeling,DE,MX,Accountant,9.75,ILS,paypal,completed,13,4.4,True,1.95,new_seller,1
TXN-1000117,2024-01-05,Web Development,ZA,US,Software Engineer,166.83,USD,credit_card,completed,26,3.0,False,33.37,level_2,1
TXN-1000109,2024-01-05,Mobile App,US,US,Software Engineer,884.81,USD,credit_card,completed,24,4.8,True,176.96,new_seller,1
TXN-1000102,2024-01-05,Web Development,FR,IN,Software Engineer,45.27,USD,credit_card,completed,19,4.8,False,9.05,level_2,1
TXN-1000100,2024-01-05,Mobile App,ZA,GB,Software Engineer,81.95,EUR,bank_transfer,completed,25,4.7,False,16.39,top_rated,1
TXN-1000147,2024-01-05,Social Media Management,AU,US,Marketing Manager,1649.6,USD,credit_card,completed,6,3.0,True,329.92,rising_talent,1
TXN-1000097,2024-01-05,AI/ML Development,IN,IN,Data Scientist,19.16,USD,credit_card,completed,27,2.7,False,3.83,level_1,1
TXN-1000029,2024-01-05,Photography,US,DE,Designer,164.74,USD,credit_card,completed,4,3.9,False,32.95,level_1,1
TXN-1000093,2024-01-05,Virtual Assistant,US,DE,HR Manager,825.57,USD,credit_card,completed,1,4.2,False,165.11,level_2,1
TXN-1000092,2024-01-05,Financial Modeling,US,CA,Accountant,49.66,USD,credit_card,completed,8,3.3,False,9.93,level_1,1
TXN-1000090,2024-01-05,AI/ML Development,GB,IL,Data Scientist,97.67,USD,credit_card,completed,16,4.2,True,19.53,new_seller,1
TXN-1000078,2024-01-05,Financial Modeling,US,FR,Accountant,122.67,USD,credit_card,completed,7,4.5,False,24.53,level_2,1
TXN-1000036,2024-01-05,Web Development,AU,US,Software Engineer,35.92,ILS,credit_card,completed,17,4.2,True,7.18,level_1,1
TXN-1000062,2024-01-05,Video Production,GB,FR,Designer,282.12,USD,paypal,completed,8,3.2,False,56.42,level_1,1
TXN-1000061,2024-01-05,Video Production,MX,BR,Designer,450.4,GBP,credit_card,completed,7,4.3,False,90.08,rising_talent,1
TXN-1000057,2024-01-05,Mobile App,AU,IN,Software Engineer,263.29,USD,crypto,completed,22,2.7,False,52.66,top_rated,1
TXN-1000051,2024-01-05,Social Media Management,MX,CA,Marketing Manager,311.58,USD,credit_card,completed,7,3.7,False,62.32,level_2,1
TXN-1000094,2024-01-05,Content Writing,US,IL,Writer,227.49,USD,paypal,completed,3,4.8,True,45.5,rising_talent,1
TXN-1000152,2024-01-05,Photography,US,US,Designer,13.7,USD,credit_card,completed,3,3.1,False,2.74,level_1,1
TXN-1000048,2024-01-05,Graphic Design,US,DE,Designer,123.62,EUR,bank_transfer,completed,10,4.7,True,24.72,level_2,1
TXN-1000172,2024-01-05,Graphic Design,ES,AU,Designer,252.12,GBP,credit_card,completed,8,4.1,False,50.42,level_2,1
TXN-1000008,2024-01-05,Photography,US,US,Designer,646.81,USD,credit_card,completed,2,3.6,False,129.36,level_1,1
TXN-1000181,2024-01-05,Photography,MX,SG,Designer,104.33,GBP,credit_card,completed,3,4.6,True,20.87,top_rated,1
TXN-1000168,2024-01-05,Virtual Assistant,BR,MX,HR Manager,204.27,USD,paypal,completed,1,4.7,False,40.85,level_1,1
TXN-1000186,2024-01-05,Data Analysis,DE,AU,Data Scientist,106.98,USD,credit_card,completed,5,4.0,True,21.4,level_1,1
TXN-1000002,2024-01-06,Virtual Assistant,MX,US,HR Manager,47.98,USD,credit_card,completed,1,4.6,False,9.6,rising_talent,1
TXN-1000019,2024-01-06,SEO/SEM,ES,BR,Marketing Manager,71.88,ILS,bank_transfer,completed,9,4.4,True,14.38,new_seller,1
TXN-1000279,2024-01-06,SEO/SEM,GB,NL,Marketing Manager,23.32,USD,credit_card,completed,9,3.5,True,4.66,level_2,1
TXN-1000007,2024-01-06,Photography,US,US,Designer,92.67,USD,credit_card,completed,1,4.2,False,18.53,rising_talent,1
TXN-1000251,2024-01-06,Social Media Management,FR,DE,Marketing Manager,104.7,USD,paypal,completed,7,4.1,False,20.94,level_1,1
TXN-1000086,2024-01-06,Video Production,IN,US,Designer,854.78,USD,credit_card,completed,9,4.1,False,170.96,new_seller,1
TXN-1000085,2024-01-06,Translation,MX,IN,Writer,96.25,INR,credit_card,completed,1,4.4,False,19.25,level_1,1
TXN-1000081,2024-01-06,Legal Consulting,IN,CA,Lawyer,163.92,USD,bank_transfer,completed,11,5.0,False,32.78,level_2,1
TXN-1000201,2024-01-06,Legal Consulting,BR,IN,Lawyer,386.75,EUR,credit_card,completed,13,4.6,True,77.35,level_1,1
TXN-1000034,2024-01-06,Legal Consulting,US,US,Lawyer,123.22,USD,paypal,completed,18,4.6,False,24.64,top_rated,1
TXN-1000171,2024-01-06,Social Media Management,BR,GB,Marketing Manager,650.36,USD,credit_card,completed,9,4.4,True,130.07,level_1,1
TXN-1000075,2024-01-06,Mobile App,IN,GB,Software Engineer,43.96,USD,paypal,completed,23,4.4,False,8.79,new_seller,1
TXN-1000055,2024-01-06,AI/ML Development,US,US,Data Scientist,639.2,USD,paypal,completed,23,4.0,True,127.84,new_seller,1
TXN-1000042,2024-01-06,Music Production,CA,GB,Designer,357.31,USD,bank_transfer,completed,14,4.0,False,71.46,level_1,1
TXN-1000066,2024-01-06,Financial Modeling,SG,BR,Accountant,103.16,USD,bank_transfer,completed,6,4.8,False,20.63,level_2,1
TXN-1000065,2024-01-06,SEO/SEM,US,GB,Marketing Manager,32.81,USD,credit_card,completed,13,4.5,True,6.56,rising_talent,1
TXN-1000063,2024-01-06,Virtual Assistant,GB,CA,HR Manager,9.67,USD,credit_card,completed,1,3.6,True,1.93,level_1,1
TXN-1000059,2024-01-06,Content Writing,ES,SG,Writer,275.62,USD,paypal,completed,2,4.2,True,55.12,level_2,1
TXN-1000257,2024-01-06,Legal Consulting,IN,IN,Lawyer,454.34,USD,paypal,completed,10,3.4,False,90.87,new_seller,1
TXN-1000287,2024-01-06,Graphic Design,MX,SG,Designer,19.21,USD,paypal,disputed,7,,False,3.84,level_2,1
TXN-1000161,2024-01-06,Data Analysis,US,BR,Data Scientist,144.34,EUR,paypal,cancelled,7,,True,28.87,level_1,1
TXN-1000146,2024-01-06,Photography,IN,US,Designer,1688.89,USD,credit_card,completed,2,4.7,True,337.78,level_2,1
TXN-1000143,2024-01-06,Photography,IN,GB,Designer,22.4,USD,paypal,completed,2,4.1,False,4.48,top_rated,1
TXN-1000157,2024-01-06,SEO/SEM,BR,SG,Marketing Manager,18.98,ILS,bank_transfer,completed,5,4.2,False,3.8,level_2,1
TXN-1000216,2024-01-06,SEO/SEM,US,FR,Marketing Manager,17.32,USD,paypal,completed,6,4.4,True,3.46,level_1,1
TXN-1000285,2024-01-06,Video Production,IN,GB,Designer,430.54,GBP,paypal,completed,13,4.5,False,86.11,rising_talent,1
TXN-1000134,2024-01-06,Video Production,IN,JP,Designer,46.02,USD,credit_card,completed,4,4.9,False,9.2,level_2,1
TXN-1000130,2024-01-06,SEO/SEM,MX,IN,Marketing Manager,167.04,USD,credit_card,completed,11,4.5,False,33.41,new_seller,1
TXN-1000229,2024-01-06,Video Production,US,DE,Designer,194.22,USD,crypto,completed,7,4.5,True,38.84,new_seller,1
TXN-1000292,2024-01-06,Social Media Management,BR,US,Marketing Manager,3046.69,USD,bank_transfer,completed,11,4.5,False,609.34,top_rated,1
TXN-1000128,2024-01-06,Music Production,US,SG,Designer,368.44,ILS,paypal,completed,7,4.1,True,73.69,top_rated,1
TXN-1000188,2024-01-06,SEO/SEM,US,FR,Marketing Manager,144.7,USD,bank_transfer,completed,6,4.6,False,28.94,new_seller,1
TXN-1000012,2024-01-06,Data Analysis,US,US,Data Scientist,23.14,USD,paypal,completed,7,4.3,False,4.63,top_rated,1
TXN-1000158,2024-01-06,Social Media Management,IL,SG,Marketing Manager,190.78,USD,credit_card,completed,7,4.7,True,38.16,level_2,1
TXN-1000212,2024-01-06,SEO/SEM,ES,FR,Marketing Manager,74.77,EUR,paypal,completed,10,3.7,False,14.95,level_2,1
TXN-1000118,2024-01-06,Mobile App,BR,US,Software Engineer,267.23,USD,bank_transfer,completed,14,4.4,True,53.45,level_1,1
TXN-1000290,2024-01-06,Graphic Design,US,CA,Designer,66.14,USD,credit_card,completed,6,1.0,False,13.23,top_rated,1
TXN-1000023,2024-01-06,AI/ML Development,US,IN,Data Scientist,620.71,USD,bank_transfer,completed,11,2.8,True,124.14,rising_talent,1
TXN-1000159,2024-01-06,Content Writing,US,MX,Writer,26.71,GBP,credit_card,completed,1,4.0,False,5.34,level_2,1
TXN-1000101,2024-01-06,AI/ML Development,US,DE,Data Scientist,83.59,USD,credit_card,completed,21,4.5,False,16.72,level_2,1
TXN-1000275,2024-01-07,Music Production,DE,US,Designer,631.03,USD,paypal,completed,11,4.1,False,126.21,level_2,1
TXN-1000047,2024-01-07,Translation,GB,IN,Writer,29.68,USD,paypal,completed,1,4.6,False,5.94,top_rated,1
TXN-1000291,2024-01-07,Financial Modeling,IN,JP,Accountant,296.23,USD,paypal,completed,11,4.3,False,59.25,new_seller,1
TXN-1000297,2024-01-07,Social Media Management,US,DE,Marketing Manager,2231.8,GBP,bank_transfer,completed,2,4.7,True,446.36,top_rated,1
TXN-1000027,2024-01-07,Content Writing,NL,IN,Writer,30.94,GBP,credit_card,completed,4,3.8,False,6.19,level_2,1
TXN-1000189,2024-01-07,AI/ML Development,ZA,US,Data Scientist,124.69,GBP,crypto,cancelled,11,,False,24.94,level_1,1
TXN-1000284,2024-01-07,Photography,CA,IL,Designer,150.19,EUR,credit_card,completed,3,4.3,True,30.04,new_seller,1
TXN-1000015,2024-01-07,Graphic Design,US,CA,Designer,208.62,USD,credit_card,completed,9,4.8,False,41.72,rising_talent,1
TXN-1000293,2024-01-07,Social Media Management,US,IN,Marketing Manager,15.98,USD,credit_card,completed,7,4.6,True,3.2,new_seller,1
TXN-1000261,2024-01-07,Web Development,US,IL,Software Engineer,70.85,USD,credit_card,completed,92,4.5,False,14.17,rising_talent,1
TXN-1000185,2024-01-07,SEO/SEM,FR,AU,Marketing Manager,309.72,USD,credit_card,completed,8,3.9,False,61.94,level_2,1
TXN-1000198,2024-01-07,Mobile App,US,NL,Software Engineer,187.33,USD,paypal,completed,25,3.4,True,37.47,rising_talent,1
TXN-1000184,2024-01-07,Web Development,GB,DE,Software Engineer,192.37,USD,paypal,completed,6,4.8,False,38.47,top_rated,1
TXN-1000178,2024-01-07,SEO/SEM,US,NL,Marketing Manager,260.56,USD,paypal,completed,14,4.3,False,52.11,new_seller,1
TXN-1000173,2024-01-07,Content Writing,NL,MX,Writer,24.27,USD,credit_card,cancelled,3,,False,4.85,new_seller,1
TXN-1000068,2024-01-07,Translation,ES,US,Writer,66.99,GBP,bank_transfer,completed,4,4.0,True,13.4,top_rated,1
TXN-1000211,2024-01-07,Social Media Management,US,US,Marketing Manager,80.61,GBP,credit_card,completed,7,4.4,True,16.12,level_2,1
TXN-1000214,2024-01-07,Video Production,FR,IN,Designer,183.56,USD,credit_card,completed,11,2.9,False,36.71,rising_talent,1
TXN-1000215,2024-01-07,Music Production,GB,AU,Designer,106.92,USD,credit_card,completed,8,4.6,False,21.38,new_seller,1
TXN-1000154,2024-01-07,Financial Modeling,ES,FR,Accountant,11.75,GBP,credit_card,completed,11,2.3,False,2.35,level_2,1
TXN-1000164,2024-01-07,Music Production,JP,GB,Designer,9.04,USD,credit_card,completed,9,4.7,False,1.81,rising_talent,1
TXN-1000136,2024-01-07,Video Production,US,US,Designer,189.94,USD,credit_card,completed,9,3.9,True,37.99,new_seller,1
TXN-1000125,2024-01-07,Social Media Management,US,BR,Marketing Manager,449.47,USD,credit_card,completed,7,4.8,True,89.89,level_1,1
TXN-1000124,2024-01-07,Content Writing,DE,CA,Writer,164.98,USD,paypal,disputed,3,,False,33.0,level_1,1
TXN-1000107,2024-01-07,Virtual Assistant,IN,US,HR Manager,115.88,USD,bank_transfer,completed,2,3.1,True,23.18,level_1,1
TXN-1000069,2024-01-07,Mobile App,IN,US,Software Engineer,24.08,USD,credit_card,completed,21,4.2,True,4.82,rising_talent,1
TXN-1000103,2024-01-07,Legal Consulting,GB,GB,Lawyer,13.83,USD,credit_card,completed,6,3.7,True,2.77,level_1,1
TXN-1000246,2024-01-07,Graphic Design,MX,GB,Designer,123.01,USD,crypto,completed,5,3.6,False,24.6,new_seller,1
TXN-1000248,2024-01-07,Data Analysis,US,US,Data Scientist,796.26,USD,credit_card,completed,4,3.7,False,159.25,level_1,1
TXN-1000076,2024-01-07,Video Production,CA,US,Designer,154.09,EUR,credit_card,completed,9,4.1,False,30.82,level_2,1
TXN-1000071,2024-01-07,Video Production,US,IN,Designer,336.67,USD,credit_card,completed,4,4.0,True,67.33,level_2,1
TXN-1000153,2024-01-07,Translation,DE,IN,Writer,1325.62,USD,credit_card,completed,2,4.5,False,265.12,level_2,1
TXN-1000540,2024-01-08,Financial Modeling,US,AU,Accountant,317.55,USD,bank_transfer,completed,7,3.7,True,63.51,level_1,2
TXN-1000544,2024-01-08,Content Writing,IN,BR,Writer,532.32,GBP,paypal,completed,4,3.9,False,106.46,level_2,2
TXN-1000344,2024-01-08,Social Media Management,US,IN,Marketing Manager,376.71,USD,paypal,cancelled,5,,True,75.34,level_1,2
TXN-1000545,2024-01-08,Financial Modeling,DE,NL,Accountant,873.45,USD,credit_card,completed,7,3.9,False,174.69,top_rated,2
TXN-1000570,2024-01-08,SEO/SEM,DE,US,Marketing Manager,57.78,USD,paypal,completed,9,4.0,False,11.56,rising_talent,2
TXN-1000563,2024-01-08,Mobile App,US,US,Software Engineer,133.55,USD,credit_card,completed,20,4.8,True,26.71,level_1,2
TXN-1000567,2024-01-08,Translation,BR,US,Writer,84.97,USD,credit_card,completed,5,4.4,False,16.99,level_1,2
TXN-1000337,2024-01-08,Financial Modeling,US,FR,Accountant,82.05,EUR,credit_card,in_progress,6,,True,16.41,new_seller,2
TXN-1000527,2024-01-08,Social Media Management,US,NL,Marketing Manager,12.88,USD,bank_transfer,completed,9,5.0,True,2.58,rising_talent,2
TXN-1000575,2024-01-08,Content Writing,SG,US,Writer,1001.22,GBP,bank_transfer,completed,3,3.5,False,200.24,new_seller,2
TXN-1000407,2024-01-08,Social Media Management,ZA,IN,Marketing Manager,48.31,EUR,paypal,completed,6,3.8,False,9.66,level_2,2
TXN-1000353,2024-01-08,Video Production,IN,US,Designer,759.49,USD,paypal,completed,7,3.7,False,151.9,level_2,2
TXN-1000492,2024-01-08,Content Writing,US,NL,Writer,87.22,USD,paypal,completed,2,4.9,False,17.44,level_1,2
TXN-1000518,2024-01-08,Graphic Design,US,ZA,Designer,71.92,USD,bank_transfer,completed,2,4.0,False,14.38,rising_talent,2
TXN-1000443,2024-01-08,SEO/SEM,IN,DE,Marketing Manager,69.96,USD,crypto,cancelled,8,,True,13.99,new_seller,2
TXN-1000401,2024-01-08,SEO/SEM,US,ES,Marketing Manager,150.02,USD,credit_card,completed,17,4.3,False,30.0,top_rated,2
TXN-1000509,2024-01-08,Graphic Design,CA,NL,Designer,122.79,USD,bank_transfer,completed,6,4.2,True,24.56,level_2,2
TXN-1000455,2024-01-08,Virtual Assistant,IN,US,HR Manager,124.95,INR,credit_card,completed,1,4.1,False,24.99,top_rated,2
TXN-1000457,2024-01-08,Video Production,US,MX,Designer,332.73,USD,paypal,completed,6,3.3,False,66.55,new_seller,2
TXN-1000375,2024-01-08,Video Production,GB,GB,Designer,31.6,USD,crypto,completed,8,4.5,True,6.32,new_seller,2
TXN-1000376,2024-01-08,Graphic Design,GB,BR,Designer,1272.03,USD,bank_transfer,completed,5,4.7,True,254.41,level_2,2
TXN-1000580,2024-01-08,Social Media Management,ES,US,Marketing Manager,98.35,USD,credit_card,completed,4,4.8,False,19.67,level_2,2
TXN-1000474,2024-01-08,Video Production,US,IN,Designer,49.2,EUR,credit_card,completed,7,4.4,False,9.84,level_1,2
TXN-1000393,2024-01-08,Virtual Assistant,ES,IN,HR Manager,95.34,USD,credit_card,completed,2,4.2,True,19.07,rising_talent,2
TXN-1000470,2024-01-08,Music Production,IN,IL,Designer,112.93,USD,paypal,completed,9,3.9,False,22.59,level_2,2
TXN-1000405,2024-01-08,Legal Consulting,US,MX,Lawyer,329.11,USD,paypal,completed,20,4.2,True,65.82,level_2,2
TXN-1000430,2024-01-08,Social Media Management,US,GB,Marketing Manager,72.87,EUR,credit_card,completed,5,4.2,False,14.57,level_1,2
TXN-1000333,2024-01-08,Content Writing,JP,DE,Writer,60.57,USD,paypal,completed,3,4.2,False,12.11,new_seller,2
TXN-1000463,2024-01-08,Legal Consulting,US,BR,Lawyer,387.26,USD,credit_card,completed,8,4.2,False,77.45,rising_talent,2
TXN-1000324,2024-01-08,AI/ML Development,US,US,Data Scientist,79.08,USD,bank_transfer,completed,21,3.6,False,15.82,rising_talent,2
TXN-1000614,2024-01-08,Graphic Design,US,US,Designer,59.96,USD,paypal,completed,4,3.5,False,11.99,new_seller,2
TXN-1000304,2024-01-08,Data Analysis,IN,MX,Data Scientist,48.67,USD,crypto,completed,6,4.1,False,9.73,level_1,2
TXN-1000310,2024-01-08,Photography,CA,DE,Designer,1174.32,USD,credit_card,completed,7,3.3,True,234.86,level_2,2
TXN-1000302,2024-01-08,Graphic Design,US,JP,Designer,163.56,EUR,paypal,completed,4,4.8,False,32.71,rising_talent,2
TXN-1000621,2024-01-08,Data Analysis,US,CA,Data Scientist,59.53,USD,credit_card,completed,4,4.3,False,11.91,level_2,2
TXN-1000602,2024-01-08,Video Production,IN,US,Designer,893.68,USD,paypal,completed,5,3.1,True,178.74,level_1,2
TXN-1000413,2024-01-08,Photography,IN,GB,Designer,208.64,USD,paypal,completed,3,3.3,False,41.73,level_1,2
TXN-1000427,2024-01-08,Photography,IN,US,Designer,202.98,USD,paypal,completed,4,3.6,False,40.6,level_2,2
TXN-1000593,2024-01-08,Web Development,MX,IN,Software Engineer,333.76,USD,credit_card,completed,7,3.7,False,66.75,level_1,2
TXN-1000596,2024-01-08,SEO/SEM,DE,GB,Marketing Manager,2044.43,EUR,paypal,completed,6,4.5,False,408.89,level_2,2
TXN-1000587,2024-01-08,Graphic Design,BR,FR,Designer,56.32,USD,credit_card,completed,10,3.7,False,11.26,rising_talent,2
TXN-1000589,2024-01-08,Mobile App,FR,IL,Software Engineer,163.44,USD,paypal,completed,30,3.5,False,32.69,top_rated,2
TXN-1000395,2024-01-09,Content Writing,IN,GB,Writer,14.56,USD,paypal,completed,4,2.5,True,2.91,top_rated,2
TXN-1000389,2024-01-09,Translation,FR,IN,Writer,662.43,USD,credit_card,completed,2,4.6,False,132.49,rising_talent,2
TXN-1000367,2024-01-09,Mobile App,US,DE,Software Engineer,37.33,USD,bank_transfer,disputed,16,,False,7.47,level_1,2
TXN-1000303,2024-01-09,Photography,FR,US,Designer,88.79,USD,credit_card,completed,3,3.8,False,17.76,level_2,2
TXN-1000422,2024-01-09,Content Writing,US,US,Writer,145.63,USD,credit_card,completed,7,3.9,False,29.13,new_seller,2
TXN-1000369,2024-01-09,Social Media Management,IN,JP,Marketing Manager,8.15,USD,credit_card,completed,8,4.6,False,1.63,level_1,2
TXN-1000370,2024-01-09,Music Production,ZA,CA,Designer,195.76,USD,paypal,disputed,13,,False,39.15,level_2,2
TXN-1000462,2024-01-09,Video Production,GB,CA,Designer,72.87,USD,paypal,completed,4,4.6,False,14.57,level_1,2
TXN-1000381,2024-01-09,Content Writing,US,SG,Writer,879.52,USD,paypal,completed,2,3.3,False,175.9,level_2,2
TXN-1000500,2024-01-09,Web Development,CA,ES,Software Engineer,79.99,USD,bank_transfer,cancelled,30,,True,16.0,level_1,2
TXN-1000620,2024-01-09,SEO/SEM,GB,IL,Marketing Manager,69.51,USD,paypal,completed,8,3.7,False,13.9,level_2,2
TXN-1000623,2024-01-09,Music Production,GB,IN,Designer,151.11,USD,bank_transfer,completed,26,3.6,False,30.22,level_1,2
TXN-1000476,2024-01-09,Graphic Design,DE,IL,Designer,114.17,USD,paypal,completed,7,4.5,False,22.83,level_2,2
TXN-1000482,2024-01-09,Content Writing,CA,GB,Writer,86.14,INR,credit_card,completed,1,4.2,False,17.23,new_seller,2
TXN-1000306,2024-01-09,Photography,IN,US,Designer,33.84,EUR,credit_card,completed,3,4.1,False,6.77,top_rated,2
TXN-1000461,2024-01-09,Content Writing,IL,US,Writer,882.92,USD,credit_card,completed,3,4.5,False,176.58,new_seller,2
TXN-1000459,2024-01-09,Social Media Management,US,US,Marketing Manager,2113.14,GBP,paypal,completed,6,4.5,True,422.63,rising_talent,2
TXN-1000379,2024-01-09,Content Writing,IN,BR,Writer,211.92,EUR,credit_card,completed,1,4.6,False,42.38,rising_talent,2
TXN-1000487,2024-01-09,SEO/SEM,GB,IN,Marketing Manager,115.06,USD,credit_card,completed,10,3.2,True,23.01,top_rated,2
TXN-1000496,2024-01-09,Legal Consulting,DE,FR,Lawyer,97.97,USD,bank_transfer,completed,20,4.4,False,19.59,level_1,2
TXN-1000362,2024-01-09,Financial Modeling,GB,BR,Accountant,23.47,INR,bank_transfer,completed,7,4.0,True,4.69,rising_talent,2
TXN-1000326,2024-01-09,Virtual Assistant,DE,FR,HR Manager,121.85,USD,credit_card,disputed,5,,True,24.37,level_1,2
TXN-1000513,2024-01-09,Data Analysis,US,US,Data Scientist,346.84,USD,paypal,completed,5,4.6,True,69.37,top_rated,2
TXN-1000330,2024-01-09,SEO/SEM,ES,GB,Marketing Manager,77.97,USD,bank_transfer,completed,10,3.1,False,15.59,rising_talent,2
TXN-1000574,2024-01-09,Legal Consulting,JP,US,Lawyer,50.46,EUR,bank_transfer,completed,23,4.4,False,10.09,level_1,2
TXN-1000573,2024-01-09,Virtual Assistant,GB,IN,HR Manager,109.56,GBP,credit_card,in_progress,1,,True,21.91,new_seller,2
TXN-1000590,2024-01-09,Legal Consulting,ZA,ZA,Lawyer,372.31,USD,credit_card,completed,20,4.8,False,74.46,new_seller,2
TXN-1000428,2024-01-09,Social Media Management,BR,DE,Marketing Manager,149.4,USD,credit_card,completed,3,3.3,False,29.88,rising_talent,2
TXN-1000335,2024-01-09,Web Development,US,CA,Software Engineer,27.86,USD,credit_card,cancelled,15,,True,5.57,top_rated,2
TXN-1000319,2024-01-09,Data Analysis,IN,US,Data Scientist,126.69,USD,paypal,completed,6,4.7,True,25.34,level_1,2
TXN-1000338,2024-01-09,Virtual Assistant,FR,US,HR Manager,31.56,USD,credit_card,completed,1,4.5,False,6.31,rising_talent,2
TXN-1000594,2024-01-09,Social Media Management,US,US,Marketing Manager,36.47,EUR,credit_card,completed,5,3.1,False,7.29,rising_talent,2
TXN-1000341,2024-01-09,Video Production,US,IN,Designer,73.52,USD,credit_card,completed,6,3.8,False,14.7,level_1,2
TXN-1000435,2024-01-09,Data Analysis,IN,US,Data Scientist,245.82,GBP,bank_transfer,completed,6,3.2,True,49.16,level_2,2
TXN-1000603,2024-01-09,Content Writing,IN,IN,Writer,75.81,USD,credit_card,completed,2,3.9,False,15.16,rising_talent,2
TXN-1000541,2024-01-09,Web Development,US,MX,Software Engineer,203.18,USD,credit_card,completed,23,4.7,False,40.64,rising_talent,2
TXN-1000536,2024-01-09,Photography,IN,IN,Designer,1484.76,GBP,paypal,completed,5,3.9,True,296.95,level_1,2
TXN-1000532,2024-01-09,AI/ML Development,MX,GB,Data Scientist,284.2,USD,credit_card,completed,26,4.1,False,56.84,level_2,2
TXN-1000530,2024-01-09,Social Media Management,IN,NL,Marketing Manager,538.17,USD,paypal,completed,6,3.9,True,107.63,top_rated,2
TXN-1000414,2024-01-09,Photography,FR,IN,Designer,5.0,USD,crypto,completed,7,2.8,False,1.0,level_1,2
TXN-1000406,2024-01-09,Graphic Design,FR,IN,Designer,453.73,USD,crypto,completed,3,4.7,False,90.75,new_seller,2
TXN-1000415,2024-01-09,SEO/SEM,FR,ES,Marketing Manager,81.9,USD,credit_card,completed,5,3.4,False,16.38,rising_talent,2
TXN-1000519,2024-01-09,Social Media Management,US,FR,Marketing Manager,30.17,USD,paypal,completed,7,4.7,False,6.03,rising_talent,2
TXN-1000416,2024-01-09,Social Media Management,US,US,Marketing Manager,71.86,EUR,paypal,completed,9,4.2,False,14.37,rising_talent,2
TXN-1000515,2024-01-09,Music Production,IN,US,Designer,231.75,INR,credit_card,completed,10,3.3,False,46.35,new_seller,2
TXN-1000538,2024-01-09,AI/ML Development,FR,IN,Data Scientist,79.39,USD,paypal,completed,28,4.2,True,15.88,rising_talent,2
TXN-1000404,2024-01-09,Graphic Design,US,CA,Designer,586.79,INR,credit_card,disputed,6,,True,117.36,level_2,2
TXN-1000423,2024-01-10,Content Writing,BR,CA,Writer,124.31,USD,paypal,completed,3,3.2,False,24.86,new_seller,2
TXN-1000458,2024-01-10,Web Development,IN,IN,Software Engineer,128.2,INR,paypal,completed,7,4.8,False,25.64,new_seller,2
TXN-1000434,2024-01-10,Legal Consulting,DE,US,Lawyer,58.57,EUR,credit_card,completed,22,4.6,False,11.71,new_seller,2
TXN-1000451,2024-01-10,Music Production,DE,US,Designer,105.83,ILS,credit_card,completed,6,4.6,True,21.17,rising_talent,2
TXN-1000431,2024-01-10,Social Media Management,US,US,Marketing Manager,17.34,USD,credit_card,completed,4,4.6,False,3.47,level_1,2
TXN-1000613,2024-01-10,Video Production,US,US,Designer,50.73,EUR,paypal,completed,9,4.4,False,10.15,rising_talent,2
TXN-1000471,2024-01-10,Mobile App,IN,IN,Software Engineer,143.2,EUR,credit_card,completed,17,3.9,False,28.64,rising_talent,2
TXN-1000622,2024-01-10,Graphic Design,CA,US,Designer,78.81,GBP,credit_card,cancelled,3,,False,15.76,level_2,2
TXN-1000610,2024-01-10,Legal Consulting,MX,FR,Lawyer,158.67,USD,credit_card,completed,14,4.1,False,31.73,rising_talent,2
TXN-1000608,2024-01-10,AI/ML Development,US,BR,Data Scientist,317.05,GBP,paypal,completed,8,4.0,False,63.41,level_1,2
TXN-1000605,2024-01-10,Financial Modeling,MX,SG,Accountant,947.05,USD,credit_card,completed,17,4.7,False,189.41,level_2,2
TXN-1000599,2024-01-10,Graphic Design,US,SG,Designer,851.52,USD,bank_transfer,completed,4,4.3,True,170.3,level_2,2
TXN-1000595,2024-01-10,Financial Modeling,AU,SG,Accountant,23.89,USD,paypal,completed,7,4.6,False,4.78,new_seller,2
TXN-1000591,2024-01-10,Web Development,US,GB,Software Engineer,53.5,USD,credit_card,completed,9,1.0,False,10.7,top_rated,2
TXN-1000581,2024-01-10,Legal Consulting,CA,DE,Lawyer,470.2,EUR,credit_card,completed,26,4.0,False,94.04,new_seller,2
TXN-1000579,2024-01-10,Video Production,MX,ES,Designer,157.55,USD,credit_card,completed,5,4.3,False,31.51,level_1,2
TXN-1000569,2024-01-10,SEO/SEM,US,ES,Marketing Manager,254.47,USD,credit_card,completed,13,3.8,False,50.89,level_1,2
TXN-1000555,2024-01-10,Photography,GB,US,Designer,159.14,INR,paypal,completed,4,3.8,True,31.83,level_2,2
TXN-1000464,2024-01-10,Financial Modeling,IN,GB,Accountant,116.19,USD,paypal,completed,13,3.8,False,23.24,level_2,2
TXN-1000524,2024-01-10,Translation,ES,US,Writer,108.79,USD,credit_card,completed,5,2.3,True,21.76,top_rated,2
TXN-1000516,2024-01-10,Web Development,US,IN,Software Engineer,293.96,USD,paypal,completed,19,3.1,False,58.79,level_1,2
TXN-1000512,2024-01-10,Content Writing,MX,FR,Writer,87.7,USD,crypto,completed,3,4.5,False,17.54,level_2,2
TXN-1000511,2024-01-10,SEO/SEM,US,US,Marketing Manager,239.41,USD,crypto,completed,10,4.4,False,47.88,level_1,2
TXN-1000510,2024-01-10,SEO/SEM,US,CA,Marketing Manager,59.43,USD,bank_transfer,completed,13,2.9,False,11.89,new_seller,2
TXN-1000508,2024-01-10,Data Analysis,US,BR,Data Scientist,190.87,GBP,paypal,completed,112,4.9,False,38.17,level_1,2
TXN-1000506,2024-01-10,Data Analysis,GB,FR,Data Scientist,37.54,EUR,bank_transfer,completed,5,4.3,False,7.51,rising_talent,2
TXN-1000505,2024-01-10,Mobile App,DE,US,Software Engineer,121.64,GBP,credit_card,completed,23,4.5,False,24.33,rising_talent,2
TXN-1000504,2024-01-10,Graphic Design,CA,US,Designer,37.09,USD,credit_card,completed,4,3.9,False,7.42,level_1,2
TXN-1000490,2024-01-10,Photography,GB,DE,Designer,282.58,ILS,paypal,completed,1,4.5,True,56.52,new_seller,2
TXN-1000489,2024-01-10,Legal Consulting,US,IN,Lawyer,443.06,USD,crypto,completed,11,3.7,True,88.61,level_1,2
TXN-1000483,2024-01-10,Mobile App,ZA,IL,Software Engineer,995.9,ILS,paypal,completed,30,3.8,False,199.18,top_rated,2
TXN-1000520,2024-01-10,Web Development,US,FR,Software Engineer,429.79,USD,paypal,completed,17,4.5,True,85.96,rising_talent,2
TXN-1000420,2024-01-10,AI/ML Development,US,AU,Data Scientist,716.2,USD,credit_card,completed,28,4.0,False,143.24,level_2,2
TXN-1000552,2024-01-10,AI/ML Development,BR,SG,Data Scientist,111.01,USD,credit_card,completed,29,3.5,True,22.2,level_1,2
TXN-1000366,2024-01-10,Translation,US,IN,Writer,292.61,USD,credit_card,completed,4,3.5,False,58.52,level_1,2
TXN-1000316,2024-01-10,Photography,US,CA,Designer,134.01,USD,crypto,completed,5,3.9,True,26.8,new_seller,2
TXN-1000368,2024-01-10,Content Writing,IN,BR,Writer,12.26,EUR,credit_card,completed,2,4.3,False,2.45,new_seller,2
TXN-1000372,2024-01-10,SEO/SEM,US,IN,Marketing Manager,23.31,EUR,credit_card,cancelled,11,,False,4.66,rising_talent,2
TXN-1000373,2024-01-10,Virtual Assistant,IN,IN,HR Manager,41.82,INR,credit_card,completed,1,4.1,False,8.36,level_1,2
TXN-1000350,2024-01-10,Social Media Management,IN,US,Marketing Manager,84.32,USD,credit_card,completed,9,3.6,True,16.86,level_1,2
TXN-1000382,2024-01-10,Graphic Design,IN,SG,Designer,407.72,USD,credit_card,completed,3,4.6,False,81.54,top_rated,2
TXN-1000383,2024-01-10,Music Production,MX,DE,Designer,106.94,USD,credit_card,completed,25,4.2,False,21.39,level_2,2
TXN-1000385,2024-01-10,SEO/SEM,FR,FR,Marketing Manager,84.77,USD,bank_transfer,completed,8,4.0,False,16.95,new_seller,2
TXN-1000392,2024-01-10,Music Production,IN,GB,Designer,836.74,GBP,credit_card,completed,11,3.9,True,167.35,level_1,2
TXN-1000397,2024-01-10,Mobile App,US,US,Software Engineer,1775.92,EUR,credit_card,completed,21,4.5,False,355.18,level_2,2
TXN-1000336,2024-01-10,Web Development,CA,JP,Software Engineer,93.11,USD,credit_card,completed,17,1.0,True,18.62,rising_talent,2
TXN-1000325,2024-01-10,Video Production,US,IN,Designer,508.27,GBP,credit_card,completed,4,4.8,False,101.65,rising_talent,2
TXN-1000403,2024-01-10,Social Media Management,FR,US,Marketing Manager,132.91,USD,credit_card,completed,6,4.3,False,26.58,level_1,2
TXN-1000308,2024-01-10,Financial Modeling,US,US,Accountant,39.88,USD,bank_transfer,completed,5,4.7,True,7.98,level_2,2
TXN-1000321,2024-01-10,Graphic Design,BR,US,Designer,62.9,USD,credit_card,completed,6,4.2,False,12.58,new_seller,2
TXN-1000314,2024-01-10,Data Analysis,AU,US,Data Scientist,75.8,USD,credit_card,completed,6,4.6,False,15.16,level_1,2
TXN-1000412,2024-01-10,Photography,JP,US,Designer,69.79,GBP,credit_card,completed,3,2.7,False,13.96,new_seller,2
TXN-1000417,2024-01-10,AI/ML Development,FR,IN,Data Scientist,74.97,GBP,credit_card,cancelled,30,,False,14.99,rising_talent,2
TXN-1000347,2024-01-11,Graphic Design,IN,BR,Designer,84.97,USD,credit_card,completed,8,3.1,False,16.99,level_2,2
TXN-1000346,2024-01-11,Mobile App,ES,US,Software Engineer,1065.41,USD,credit_card,completed,19,4.0,False,213.08,top_rated,2
TXN-1000486,2024-01-11,Video Production,FR,GB,Designer,145.72,USD,credit_card,completed,10,3.8,True,29.14,level_1,2
TXN-1000485,2024-01-11,Content Writing,IL,US,Writer,282.73,USD,bank_transfer,completed,4,4.5,False,56.55,level_1,2
TXN-1000484,2024-01-11,Graphic Design,MX,US,Designer,62.34,USD,credit_card,completed,5,3.4,True,12.47,level_2,2
TXN-1000411,2024-01-11,Web Development,US,US,Software Engineer,8.66,USD,paypal,completed,29,4.3,True,1.73,rising_talent,2
TXN-1000384,2024-01-11,Graphic Design,DE,BR,Designer,495.33,GBP,crypto,completed,9,2.6,False,99.07,top_rated,2
TXN-1000345,2024-01-11,Music Production,US,US,Designer,121.8,USD,credit_card,completed,13,4.9,False,24.36,level_2,2
TXN-1000429,2024-01-11,Graphic Design,US,DE,Designer,675.54,USD,bank_transfer,completed,4,4.4,False,135.11,level_2,2
TXN-1000475,2024-01-11,Virtual Assistant,IN,IL,HR Manager,20.82,USD,credit_card,completed,1,4.8,False,4.16,top_rated,2
TXN-1000549,2024-01-11,Web Development,IN,US,Software Engineer,585.73,GBP,credit_card,completed,9,4.3,False,117.15,new_seller,2
TXN-1000491,2024-01-11,Graphic Design,GB,US,Designer,190.84,USD,paypal,completed,7,3.4,True,38.17,level_2,2
TXN-1000309,2024-01-11,Data Analysis,IN,DE,Data Scientist,157.76,GBP,paypal,completed,7,4.1,False,31.55,level_1,2
TXN-1000436,2024-01-11,Music Production,DE,US,Designer,215.16,USD,paypal,completed,10,2.8,True,43.03,level_1,2
TXN-1000531,2024-01-11,Financial Modeling,ZA,US,Accountant,48.82,EUR,bank_transfer,completed,9,3.2,False,9.76,level_1,2
TXN-1000499,2024-01-11,Web Development,DE,CA,Software Engineer,42.1,USD,paypal,completed,11,4.1,False,8.42,rising_talent,2
TXN-1000501,2024-01-11,Web Development,US,US,Software Engineer,22.63,USD,credit_card,completed,20,4.3,True,4.53,rising_talent,2
TXN-1000307,2024-01-11,Content Writing,IN,IN,Writer,57.31,USD,paypal,in_progress,6,,True,11.46,rising_talent,2
TXN-1000592,2024-01-11,Translation,GB,SG,Writer,94.82,USD,paypal,completed,3,4.9,True,18.96,level_2,2
TXN-1000371,2024-01-11,Content Writing,IN,SG,Writer,487.1,USD,credit_card,completed,3,4.5,False,97.42,top_rated,2
TXN-1000318,2024-01-11,Social Media Management,GB,IN,Marketing Manager,103.18,EUR,paypal,completed,6,4.7,False,20.64,level_1,2
TXN-1000365,2024-01-11,SEO/SEM,GB,US,Marketing Manager,220.53,USD,credit_card,completed,14,4.4,False,44.11,rising_talent,2
TXN-1000364,2024-01-11,Social Media Management,GB,US,Marketing Manager,111.16,USD,paypal,disputed,8,,False,22.23,level_1,2
TXN-1000525,2024-01-11,Financial Modeling,JP,US,Accountant,33.05,ILS,credit_card,completed,8,3.3,False,6.61,new_seller,2
TXN-1000360,2024-01-11,Content Writing,US,IN,Writer,80.06,USD,crypto,completed,1,4.6,True,16.01,level_1,2
TXN-1000354,2024-01-11,Social Media Management,US,US,Marketing Manager,103.56,USD,credit_card,completed,9,4.6,False,20.71,level_1,2
TXN-1000358,2024-01-11,Web Development,ZA,IN,Software Engineer,39.27,USD,credit_card,completed,22,3.9,True,7.85,level_1,2
TXN-1000551,2024-01-11,SEO/SEM,GB,US,Marketing Manager,136.47,USD,crypto,completed,11,4.3,True,27.29,rising_talent,2
TXN-1000604,2024-01-11,AI/ML Development,CA,US,Data Scientist,245.01,ILS,paypal,completed,11,3.3,False,49.0,rising_talent,2
TXN-1000548,2024-01-11,SEO/SEM,FR,FR,Marketing Manager,188.93,USD,bank_transfer,completed,13,4.8,False,37.79,level_2,2
TXN-1000554,2024-01-11,SEO/SEM,US,ES,Marketing Manager,217.27,USD,credit_card,completed,10,4.3,False,43.45,level_1,2
TXN-1000448,2024-01-11,Video Production,GB,US,Designer,102.24,USD,paypal,cancelled,3,,False,20.45,level_1,2
TXN-1000584,2024-01-11,Social Media Management,BR,GB,Marketing Manager,99.65,USD,credit_card,completed,7,4.5,True,19.93,level_1,2
TXN-1000453,2024-01-11,SEO/SEM,US,IN,Marketing Manager,63.74,USD,credit_card,completed,18,4.1,False,12.75,level_1,2
TXN-1000601,2024-01-11,Legal Consulting,US,US,Lawyer,229.89,USD,bank_transfer,completed,8,4.7,True,45.98,level_1,2
TXN-1000329,2024-01-11,Legal Consulting,IN,GB,Lawyer,80.31,USD,credit_card,completed,11,3.2,False,16.06,level_1,2
TXN-1000312,2024-01-11,Content Writing,IL,FR,Writer,46.87,GBP,credit_card,completed,2,3.1,False,9.37,rising_talent,2
TXN-1000564,2024-01-11,SEO/SEM,US,BR,Marketing Manager,48.6,USD,paypal,cancelled,8,,False,9.72,top_rated,2
TXN-1000456,2024-01-11,Video Production,IN,US,Designer,255.24,EUR,credit_card,completed,9,5.0,False,51.05,rising_talent,2
TXN-1000398,2024-01-11,Social Media Management,ZA,US,Marketing Manager,1029.62,USD,credit_card,completed,5,3.6,False,205.92,top_rated,2
TXN-1000450,2024-01-11,Content Writing,ZA,US,Writer,310.73,GBP,credit_card,completed,2,3.1,False,62.15,level_2,2
TXN-1000562,2024-01-11,Content Writing,NL,CA,Writer,649.03,GBP,credit_card,completed,2,4.3,True,129.81,level_1,2
TXN-1000402,2024-01-11,Social Media Management,GB,AU,Marketing Manager,727.72,USD,credit_card,completed,9,3.9,False,145.54,level_1,2
TXN-1000340,2024-01-11,Social Media Management,GB,AU,Marketing Manager,106.16,USD,bank_transfer,completed,13,4.9,False,21.23,rising_talent,2
TXN-1000465,2024-01-11,Legal Consulting,US,US,Lawyer,50.74,USD,paypal,completed,19,4.4,True,10.15,level_1,2
TXN-1000441,2024-01-11,Social Media Management,US,AU,Marketing Manager,313.88,USD,credit_card,completed,9,4.7,False,62.78,rising_talent,2
TXN-1000556,2024-01-11,Translation,FR,GB,Writer,23.79,USD,bank_transfer,completed,5,4.6,True,4.76,level_1,2
TXN-1000560,2024-01-11,Graphic Design,AU,IL,Designer,878.22,USD,bank_transfer,cancelled,4,,False,175.64,top_rated,2
TXN-1000440,2024-01-11,Social Media Management,GB,US,Marketing Manager,202.32,INR,credit_card,completed,6,3.9,True,40.46,rising_talent,2
TXN-1000299,2024-01-11,Financial Modeling,US,IN,Accountant,82.79,USD,bank_transfer,completed,8,4.5,True,16.56,rising_talent,2
TXN-1000390,2024-01-11,Graphic Design,US,SG,Designer,309.76,EUR,paypal,completed,2,4.2,False,61.95,level_1,2
TXN-1000578,2024-01-11,Translation,CA,US,Writer,21.32,USD,paypal,completed,2,4.8,False,4.26,level_2,2
TXN-1000327,2024-01-11,Video Production,ZA,SG,Designer,179.72,USD,credit_card,completed,4,4.2,False,35.94,new_seller,2
TXN-1000522,2024-01-12,Data Analysis,SG,BR,Data Scientist,105.01,USD,credit_card,completed,6,4.2,False,21.0,new_seller,2
TXN-1000529,2024-01-12,Financial Modeling,US,US,Accountant,41.86,USD,credit_card,completed,10,4.6,False,8.37,rising_talent,2
TXN-1000526,2024-01-12,Financial Modeling,US,US,Accountant,183.25,USD,crypto,completed,4,3.9,False,36.65,level_1,2
TXN-1000331,2024-01-12,Mobile App,ZA,ES,Software Engineer,183.61,USD,credit_card,completed,30,4.8,False,36.72,level_1,2
TXN-1000352,2024-01-12,Social Media Management,NL,FR,Marketing Manager,85.68,ILS,credit_card,completed,6,4.0,False,17.14,level_2,2
TXN-1000577,2024-01-12,Content Writing,GB,IN,Writer,123.58,USD,bank_transfer,completed,3,3.9,True,24.72,level_1,2
TXN-1000523,2024-01-12,SEO/SEM,DE,US,Marketing Manager,76.66,INR,credit_card,completed,14,2.6,False,15.33,rising_talent,2
TXN-1000334,2024-01-12,Video Production,NL,MX,Designer,572.79,USD,credit_card,completed,5,3.9,True,114.56,new_seller,2
TXN-1000609,2024-01-12,AI/ML Development,IL,GB,Data Scientist,461.07,EUR,credit_card,completed,28,3.2,False,92.21,level_1,2
TXN-1000351,2024-01-12,SEO/SEM,DE,ZA,Marketing Manager,110.43,USD,credit_card,completed,8,4.7,True,22.09,level_1,2
TXN-1000557,2024-01-12,Legal Consulting,SG,US,Lawyer,75.8,USD,paypal,completed,16,4.3,False,15.16,level_1,2
TXN-1000311,2024-01-12,Photography,US,JP,Designer,75.86,ILS,credit_card,completed,2,4.6,False,15.17,top_rated,2
TXN-1000559,2024-01-12,SEO/SEM,FR,US,Marketing Manager,232.27,USD,bank_transfer,completed,8,4.9,False,46.45,level_1,2
TXN-1000582,2024-01-12,SEO/SEM,US,IN,Marketing Manager,302.19,INR,credit_card,completed,11,4.5,True,60.44,level_1,2
TXN-1000606,2024-01-12,Translation,IN,AU,Writer,252.03,USD,paypal,completed,1,4.6,False,50.41,level_2,2
TXN-1000543,2024-01-12,Music Production,DE,US,Designer,722.92,GBP,credit_card,completed,5,4.4,False,144.58,level_2,2
TXN-1000542,2024-01-12,Content Writing,US,IN,Writer,107.91,USD,credit_card,completed,1,4.4,True,21.58,new_seller,2
TXN-1000588,2024-01-12,Video Production,GB,US,Designer,30.21,USD,credit_card,completed,11,2.6,True,6.04,level_1,2
TXN-1000561,2024-01-12,Video Production,US,US,Designer,33.07,ILS,credit_card,completed,4,4.5,False,6.61,level_1,2
TXN-1000598,2024-01-12,Translation,DE,US,Writer,190.67,USD,credit_card,completed,2,4.4,False,38.13,level_2,2
TXN-1000539,2024-01-12,Translation,IN,FR,Writer,982.0,USD,paypal,completed,1,4.5,True,196.4,rising_talent,2
TXN-1000348,2024-01-12,Video Production,US,IN,Designer,179.58,USD,paypal,completed,11,3.9,False,35.92,new_seller,2
TXN-1000537,2024-01-12,Legal Consulting,US,FR,Lawyer,61.56,USD,paypal,completed,14,4.3,True,12.31,level_2,2
TXN-1000342,2024-01-12,Financial Modeling,FR,IN,Accountant,281.69,USD,bank_transfer,cancelled,8,,False,56.34,level_2,2
TXN-1000568,2024-01-12,SEO/SEM,SG,BR,Marketing Manager,112.94,USD,credit_card,completed,3,3.8,False,22.59,level_1,2
TXN-1000320,2024-01-12,Photography,AU,US,Designer,47.21,USD,credit_card,completed,2,3.5,False,9.44,level_1,2
TXN-1000535,2024-01-12,Photography,US,IN,Designer,177.75,GBP,credit_card,cancelled,2,,True,35.55,rising_talent,2
TXN-1000323,2024-01-12,Web Development,FR,DE,Software Engineer,171.11,USD,bank_transfer,completed,7,4.0,False,34.22,new_seller,2
TXN-1000315,2024-01-12,Virtual Assistant,US,US,HR Manager,698.24,USD,bank_transfer,completed,2,2.7,True,139.65,rising_talent,2
TXN-1000480,2024-01-12,SEO/SEM,DE,BR,Marketing Manager,358.13,USD,credit_card,completed,5,2.9,False,71.63,level_2,2
TXN-1000479,2024-01-12,Data Analysis,US,FR,Data Scientist,433.68,USD,bank_transfer,completed,5,3.6,True,86.74,level_2,2
TXN-1000447,2024-01-12,Financial Modeling,US,NL,Accountant,167.68,INR,credit_card,completed,10,3.9,False,33.54,level_1,2
TXN-1000478,2024-01-12,Mobile App,FR,IN,Software Engineer,7.66,USD,credit_card,completed,29,4.0,False,1.53,level_2,2
TXN-1000432,2024-01-12,Virtual Assistant,US,US,HR Manager,166.27,USD,paypal,completed,3,4.1,True,33.25,level_2,2
TXN-1000477,2024-01-12,Social Media Management,NL,IN,Marketing Manager,750.3,USD,bank_transfer,completed,5,4.1,True,150.06,level_1,2
TXN-1000618,2024-01-12,Data Analysis,GB,IN,Data Scientist,1511.27,USD,credit_card,completed,4,4.9,True,302.25,rising_talent,2
TXN-1000473,2024-01-12,Data Analysis,SG,SG,Data Scientist,157.6,USD,credit_card,completed,18,4.5,False,31.52,rising_talent,2
TXN-1000433,2024-01-12,Photography,GB,MX,Designer,230.52,USD,credit_card,completed,3,3.7,False,46.1,rising_talent,2
TXN-1000387,2024-01-12,Data Analysis,ZA,JP,Data Scientist,30.93,USD,paypal,completed,8,3.4,False,6.19,level_2,2
TXN-1000408,2024-01-12,Video Production,IN,US,Designer,69.98,GBP,paypal,completed,4,4.1,False,14.0,level_2,2
TXN-1000388,2024-01-12,Music Production,AU,CA,Designer,154.14,USD,paypal,completed,25,3.9,True,30.83,new_seller,2
TXN-1000437,2024-01-12,SEO/SEM,FR,US,Marketing Manager,19.4,USD,paypal,completed,13,3.7,False,3.88,top_rated,2
TXN-1000619,2024-01-12,Data Analysis,BR,SG,Data Scientist,679.4,USD,credit_card,completed,5,4.2,False,135.88,new_seller,2
TXN-1000467,2024-01-12,Video Production,US,ZA,Designer,175.62,USD,credit_card,completed,8,4.5,False,35.12,top_rated,2
TXN-1000355,2024-01-12,Legal Consulting,US,US,Lawyer,144.09,USD,paypal,completed,11,4.3,False,28.82,level_2,2
TXN-1000466,2024-01-12,Photography,IN,GB,Designer,126.91,USD,paypal,completed,6,4.5,False,25.38,level_2,2
TXN-1000481,2024-01-12,Translation,IN,IN,Writer,158.68,USD,paypal,completed,3,4.5,False,31.74,level_2,2
TXN-1000442,2024-01-12,Legal Consulting,GB,JP,Lawyer,25.68,USD,paypal,completed,18,4.5,True,5.14,level_2,2
TXN-1000488,2024-01-12,Mobile App,IN,JP,Software Engineer,72.02,EUR,crypto,completed,12,3.7,True,14.4,new_seller,2
TXN-1000409,2024-01-12,Photography,US,US,Designer,73.76,USD,bank_transfer,completed,5,3.8,False,14.75,rising_talent,2
TXN-1000517,2024-01-12,SEO/SEM,US,NL,Marketing Manager,609.79,USD,credit_card,completed,7,4.4,False,121.96,top_rated,2
TXN-1000359,2024-01-12,Legal Consulting,US,ZA,Lawyer,1074.39,USD,credit_card,completed,7,4.7,False,214.88,level_1,2
TXN-1000514,2024-01-12,Graphic Design,GB,US,Designer,548.26,EUR,credit_card,completed,4,4.7,False,109.65,level_1,2
TXN-1000361,2024-01-12,Content Writing,GB,AU,Writer,76.18,USD,credit_card,completed,1,4.3,False,15.24,level_2,2
TXN-1000363,2024-01-12,Content Writing,CA,DE,Writer,77.78,INR,credit_card,completed,4,4.2,False,15.56,level_1,2
TXN-1000612,2024-01-12,Translation,IN,GB,Writer,614.83,USD,paypal,completed,3,3.9,False,122.97,new_seller,2
TXN-1000452,2024-01-12,Virtual Assistant,US,IL,HR Manager,425.81,USD,paypal,completed,1,4.4,False,85.16,level_2,2
TXN-1000503,2024-01-12,Video Production,IN,BR,Designer,446.69,USD,bank_transfer,completed,3,3.0,True,89.34,level_1,2
TXN-1000446,2024-01-12,Web Development,CA,US,Software Engineer,240.94,USD,paypal,completed,7,3.5,True,48.19,level_1,2
TXN-1000615,2024-01-12,Financial Modeling,AU,GB,Accountant,18.04,ILS,paypal,completed,10,4.0,True,3.61,level_2,2
TXN-1000445,2024-01-12,Music Production,US,US,Designer,221.56,EUR,credit_card,completed,8,4.2,True,44.31,level_2,2
TXN-1000495,2024-01-12,Legal Consulting,BR,DE,Lawyer,271.08,USD,crypto,completed,8,3.3,False,54.22,new_seller,2
TXN-1000419,2024-01-12,Social Media Management,BR,SG,Marketing Manager,376.43,USD,paypal,completed,12,4.3,True,75.29,new_seller,2
TXN-1000617,2024-01-12,Content Writing,IN,MX,Writer,98.71,USD,credit_card,completed,8,1.2,False,19.74,level_2,2
TXN-1000426,2024-01-12,Virtual Assistant,US,BR,HR Manager,150.53,USD,credit_card,completed,2,3.7,False,30.11,top_rated,2
TXN-1000298,2024-01-12,Music Production,DE,US,Designer,181.08,USD,bank_transfer,completed,13,4.3,False,36.22,level_2,2
TXN-1000394,2024-01-12,Social Media Management,US,IN,Marketing Manager,70.0,USD,credit_card,completed,6,4.9,False,14.0,level_2,2
TXN-1000576,2024-01-13,Translation,MX,US,Writer,1495.79,USD,credit_card,completed,2,4.3,True,299.16,rising_talent,2
TXN-1000444,2024-01-13,Graphic Design,US,NL,Designer,100.38,GBP,paypal,completed,2,4.4,False,20.08,level_2,2
TXN-1000585,2024-01-13,Video Production,US,FR,Designer,568.43,INR,credit_card,completed,4,4.8,False,113.69,level_1,2
TXN-1000438,2024-01-13,Music Production,CA,US,Designer,13.82,USD,credit_card,cancelled,13,,False,2.76,top_rated,2
TXN-1000586,2024-01-13,Graphic Design,US,US,Designer,296.34,USD,credit_card,completed,2,4.9,True,59.27,level_2,2
TXN-1000322,2024-01-13,Data Analysis,CA,US,Data Scientist,88.04,USD,paypal,completed,12,4.3,False,17.61,rising_talent,2
TXN-1000424,2024-01-13,Legal Consulting,US,JP,Lawyer,64.4,ILS,credit_card,completed,17,4.1,True,12.88,rising_talent,2
TXN-1000418,2024-01-13,Virtual Assistant,NL,IN,HR Manager,124.51,USD,credit_card,cancelled,6,,False,24.9,rising_talent,2
TXN-1000317,2024-01-13,Music Production,GB,JP,Designer,180.63,GBP,paypal,completed,17,4.1,False,36.13,level_2,2
TXN-1000600,2024-01-13,Data Analysis,IN,CA,Data Scientist,1343.38,USD,paypal,cancelled,6,,False,268.68,new_seller,2
TXN-1000572,2024-01-13,Translation,US,US,Writer,389.15,GBP,bank_transfer,completed,3,4.2,True,77.83,new_seller,2
TXN-1000611,2024-01-13,Photography,GB,GB,Designer,126.65,EUR,paypal,completed,8,4.0,False,25.33,level_1,2
TXN-1000300,2024-01-13,Web Development,CA,DE,Software Engineer,42.98,EUR,credit_card,completed,15,4.0,True,8.6,level_1,2
TXN-1000528,2024-01-13,Graphic Design,US,US,Designer,126.16,GBP,paypal,completed,5,4.5,True,25.23,top_rated,2
TXN-1000616,2024-01-13,Virtual Assistant,FR,US,HR Manager,232.97,USD,paypal,completed,1,4.5,True,46.59,level_2,2
TXN-1000534,2024-01-13,Photography,ES,GB,Designer,48.77,EUR,credit_card,completed,2,4.2,True,9.75,level_2,2
TXN-1000349,2024-01-13,Content Writing,US,US,Writer,269.57,USD,credit_card,completed,3,3.4,True,53.91,level_2,2
TXN-1000493,2024-01-13,AI/ML Development,BR,CA,Data Scientist,298.1,USD,credit_card,completed,16,3.9,False,59.62,level_1,2
TXN-1000377,2024-01-13,Data Analysis,US,ES,Data Scientist,47.32,USD,crypto,completed,6,3.6,False,9.46,level_1,2
TXN-1000378,2024-01-13,Web Development,ES,ZA,Software Engineer,410.89,GBP,credit_card,completed,17,1.9,False,82.18,rising_talent,2
TXN-1000380,2024-01-13,SEO/SEM,AU,MX,Marketing Manager,213.73,USD,paypal,completed,8,4.2,False,42.75,level_1,2
TXN-1000607,2024-01-13,Photography,IN,DE,Designer,223.01,USD,bank_transfer,completed,4,3.3,False,44.6,new_seller,2
TXN-1000313,2024-01-13,Translation,MX,BR,Writer,56.35,USD,credit_card,completed,2,3.7,True,11.27,level_1,2
TXN-1000547,2024-01-13,Translation,AU,AU,Writer,39.66,USD,paypal,completed,1,3.9,False,7.93,rising_talent,2
TXN-1000553,2024-01-13,Music Production,BR,ES,Designer,71.34,USD,credit_card,completed,13,4.1,True,14.27,level_2,2
TXN-1000469,2024-01-13,Mobile App,GB,US,Software Engineer,1329.16,GBP,bank_transfer,disputed,26,,False,265.83,level_2,2
TXN-1000391,2024-01-13,Mobile App,FR,GB,Software Engineer,13.9,USD,credit_card,completed,27,3.3,True,2.78,new_seller,2
TXN-1000460,2024-01-13,Virtual Assistant,IL,US,HR Manager,424.13,USD,credit_card,completed,2,4.6,True,84.83,level_1,2
TXN-1000301,2024-01-13,Music Production,DE,BR,Designer,191.34,USD,paypal,completed,18,4.5,False,38.27,level_1,2
TXN-1000399,2024-01-13,Financial Modeling,BR,CA,Accountant,6.11,USD,credit_card,completed,21,3.0,True,1.22,level_1,2
TXN-1000565,2024-01-13,Data Analysis,GB,MX,Data Scientist,35.37,USD,bank_transfer,completed,9,2.9,False,7.07,level_1,2
TXN-1000454,2024-01-13,Video Production,IN,FR,Designer,129.42,USD,credit_card,completed,7,1.0,False,25.88,rising_talent,2
TXN-1000339,2024-01-13,AI/ML Development,US,GB,Data Scientist,336.2,EUR,paypal,completed,30,3.6,False,67.24,new_seller,2
TXN-1000400,2024-01-13,Web Development,FR,US,Software Engineer,573.87,USD,paypal,completed,30,4.3,True,114.77,level_1,2
TXN-1000472,2024-01-13,Virtual Assistant,CA,US,HR Manager,154.78,USD,credit_card,completed,1,4.9,True,30.96,top_rated,2
TXN-1000558,2024-01-13,Graphic Design,CA,US,Designer,102.92,USD,credit_card,completed,7,4.1,False,20.58,level_1,2
TXN-1000305,2024-01-14,Web Development,ES,FR,Software Engineer,23.45,USD,paypal,completed,12,4.4,False,4.69,level_2,2
TXN-1000421,2024-01-14,Financial Modeling,MX,US,Accountant,74.0,USD,credit_card,in_progress,5,,False,14.8,level_1,2
TXN-1000410,2024-01-14,Mobile App,SG,US,Software Engineer,175.86,USD,paypal,completed,20,4.5,False,35.17,level_1,2
TXN-1000597,2024-01-14,Photography,IN,IL,Designer,232.49,USD,credit_card,completed,4,4.9,False,46.5,rising_talent,2
TXN-1000439,2024-01-14,Translation,MX,NL,Writer,146.72,ILS,bank_transfer,completed,2,4.6,True,29.34,level_2,2
TXN-1000449,2024-01-14,Photography,IN,DE,Designer,530.71,USD,crypto,completed,1,4.0,True,106.14,level_1,2
TXN-1000396,2024-01-14,Music Production,US,US,Designer,5.06,USD,paypal,completed,13,4.7,False,1.01,level_1,2
TXN-1000468,2024-01-14,Photography,US,US,Designer,105.04,USD,paypal,cancelled,6,,True,21.01,level_2,2
TXN-1000386,2024-01-14,Data Analysis,US,US,Data Scientist,335.8,USD,credit_card,completed,5,4.6,False,67.16,top_rated,2
TXN-1000494,2024-01-14,AI/ML Development,GB,SG,Data Scientist,108.36,EUR,credit_card,completed,24,4.7,False,21.67,level_1,2
TXN-1000497,2024-01-14,Music Production,CA,MX,Designer,98.59,USD,credit_card,completed,8,2.7,False,19.72,new_seller,2
TXN-1000498,2024-01-14,Web Development,IN,NL,Software Engineer,579.38,USD,credit_card,completed,10,4.4,False,115.88,level_1,2
TXN-1000502,2024-01-14,Translation,CA,FR,Writer,1430.3,USD,bank_transfer,completed,1,4.1,False,286.06,level_1,2
TXN-1000507,2024-01-14,Web Development,IN,CA,Software Engineer,31.55,USD,credit_card,completed,15,4.9,False,6.31,level_2,2
TXN-1000357,2024-01-14,Music Production,IN,FR,Designer,87.21,USD,paypal,cancelled,11,,True,17.44,level_1,2
TXN-1000374,2024-01-14,Legal Consulting,DE,GB,Lawyer,35.02,USD,credit_card,disputed,13,,True,7.0,level_1,2
TXN-1000521,2024-01-14,Data Analysis,BR,US,Data Scientist,121.15,USD,paypal,completed,3,4.1,False,24.23,rising_talent,2
TXN-1000583,2024-01-14,Translation,FR,DE,Writer,11.26,USD,paypal,completed,4,3.3,False,2.25,rising_talent,2
TXN-1000356,2024-01-14,Financial Modeling,GB,GB,Accountant,172.12,USD,bank_transfer,completed,6,3.0,False,34.42,rising_talent,2
TXN-1000328,2024-01-14,Photography,US,US,Designer,427.77,USD,paypal,completed,3,3.7,False,85.55,new_seller,2
TXN-1000332,2024-01-14,Translation,US,CA,Writer,173.51,EUR,credit_card,completed,4,4.1,False,34.7,level_1,2
TXN-1000571,2024-01-14,AI/ML Development,IN,US,Data Scientist,37.6,USD,paypal,completed,26,3.9,False,7.52,new_seller,2
TXN-1000566,2024-01-14,Music Production,IN,DE,Designer,679.27,EUR,credit_card,completed,11,3.9,False,135.85,level_1,2
TXN-1000425,2024-01-14,Music Production,ZA,GB,Designer,74.19,GBP,credit_card,completed,12,3.5,False,14.84,level_2,2
TXN-1000550,2024-01-14,Legal Consulting,DE,AU,Lawyer,53.45,USD,credit_card,completed,19,4.4,False,10.69,top_rated,2
TXN-1000546,2024-01-14,Social Media Management,BR,BR,Marketing Manager,57.52,GBP,credit_card,completed,7,4.8,False,11.5,top_rated,2
TXN-1000343,2024-01-14,Translation,DE,US,Writer,120.66,USD,paypal,completed,2,3.7,True,24.13,level_2,2
TXN-1000533,2024-01-14,Mobile App,DE,DE,Software Engineer,175.27,USD,bank_transfer,completed,16,4.1,False,35.05,level_1,2
TXN-1000791,2024-01-15,Graphic Design,GB,NL,Designer,859.91,ILS,credit_card,completed,10,4.2,False,171.98,level_1,3
TXN-1000716,2024-01-15,Content Writing,GB,ZA,Writer,347.41,USD,paypal,completed,1,3.9,True,69.48,new_seller,3
TXN-1000715,2024-01-15,Mobile App,DE,ES,Software Engineer,5.0,USD,credit_card,completed,18,2.6,False,1.0,level_2,3
TXN-1000659,2024-01-15,AI/ML Development,IN,US,Data Scientist,165.16,USD,credit_card,completed,12,4.8,False,33.03,level_1,3
TXN-1000714,2024-01-15,Video Production,DE,US,Designer,2424.43,USD,credit_card,completed,9,4.6,False,484.89,level_1,3
TXN-1000661,2024-01-15,Photography,US,MX,Designer,308.75,USD,credit_card,completed,3,4.5,False,61.75,level_2,3
TXN-1000712,2024-01-15,Social Media Management,BR,BR,Marketing Manager,113.02,USD,paypal,completed,5,4.1,True,22.6,rising_talent,3
TXN-1000790,2024-01-15,Social Media Management,CA,BR,Marketing Manager,221.29,USD,credit_card,completed,5,2.3,False,44.26,rising_talent,3
TXN-1000706,2024-01-15,Web Development,GB,IN,Software Engineer,140.85,USD,paypal,completed,20,3.4,True,28.17,new_seller,3
TXN-1000786,2024-01-15,Data Analysis,IN,DE,Data Scientist,13.63,USD,bank_transfer,completed,7,5.0,True,2.73,level_1,3
TXN-1000656,2024-01-15,Video Production,US,SG,Designer,48.14,USD,credit_card,completed,9,4.8,False,9.63,level_2,3
TXN-1000818,2024-01-15,Virtual Assistant,MX,US,HR Manager,251.41,ILS,bank_transfer,completed,1,4.5,False,50.28,level_2,3
TXN-1000795,2024-01-15,Financial Modeling,IN,US,Accountant,589.4,USD,bank_transfer,completed,17,4.7,True,117.88,new_seller,3
TXN-1000796,2024-01-15,Virtual Assistant,IL,GB,HR Manager,337.04,USD,paypal,completed,1,4.6,False,67.41,new_seller,3
TXN-1000799,2024-01-15,Graphic Design,FR,IN,Designer,138.21,USD,credit_card,completed,4,4.2,False,27.64,level_2,3
TXN-1000696,2024-01-15,AI/ML Development,US,GB,Data Scientist,30.81,USD,paypal,completed,12,4.5,True,6.16,level_2,3
TXN-1000693,2024-01-15,Photography,IN,CA,Designer,44.83,USD,bank_transfer,completed,2,2.6,False,8.97,level_1,3
TXN-1000678,2024-01-15,Data Analysis,DE,US,Data Scientist,172.16,USD,credit_card,completed,8,1.0,False,34.43,new_seller,3
TXN-1000816,2024-01-15,Photography,US,IN,Designer,176.19,USD,paypal,completed,5,4.8,False,35.24,level_1,3
TXN-1000680,2024-01-15,Graphic Design,US,US,Designer,347.08,USD,credit_card,disputed,4,,False,69.42,level_2,3
TXN-1000681,2024-01-15,Data Analysis,IN,DE,Data Scientist,107.08,GBP,paypal,in_progress,9,,False,21.42,level_1,3
TXN-1000843,2024-01-15,Content Writing,CA,NL,Writer,2474.15,USD,credit_card,completed,2,3.3,False,494.83,rising_talent,3
TXN-1000806,2024-01-15,AI/ML Development,DE,US,Data Scientist,197.53,USD,credit_card,completed,25,4.2,False,39.51,level_2,3
TXN-1000792,2024-01-15,Data Analysis,JP,IN,Data Scientist,171.54,USD,credit_card,completed,4,4.4,True,34.31,level_1,3
TXN-1000781,2024-01-15,AI/ML Development,US,FR,Data Scientist,51.59,USD,paypal,completed,8,3.6,False,10.32,rising_talent,3
TXN-1000641,2024-01-15,Financial Modeling,FR,SG,Accountant,111.59,GBP,credit_card,completed,7,4.8,False,22.32,level_1,3
TXN-1000687,2024-01-15,Music Production,US,IN,Designer,799.04,USD,credit_card,completed,16,3.4,False,159.81,level_1,3
TXN-1000759,2024-01-15,Social Media Management,SG,US,Marketing Manager,192.76,USD,credit_card,completed,12,3.8,False,38.55,new_seller,3
TXN-1000853,2024-01-15,Translation,MX,US,Writer,329.98,GBP,bank_transfer,completed,2,4.7,False,66.0,level_1,3
TXN-1000634,2024-01-15,Video Production,GB,ES,Designer,325.78,USD,bank_transfer,completed,6,3.3,False,65.16,level_1,3
TXN-1000724,2024-01-15,Video Production,ES,IN,Designer,35.05,USD,credit_card,completed,10,3.6,False,7.01,level_1,3
TXN-1000858,2024-01-15,Mobile App,NL,US,Software Engineer,61.34,USD,bank_transfer,completed,23,4.6,False,12.27,rising_talent,3
TXN-1000750,2024-01-15,Translation,SG,IN,Writer,30.39,USD,bank_transfer,completed,3,3.8,False,6.08,new_seller,3
TXN-1000639,2024-01-15,Data Analysis,US,CA,Data Scientist,175.85,GBP,paypal,completed,7,4.7,True,35.17,new_seller,3
TXN-1000857,2024-01-15,Data Analysis,IL,GB,Data Scientist,670.85,USD,credit_card,completed,8,4.6,False,134.17,level_2,3
TXN-1000809,2024-01-15,Mobile App,US,DE,Software Engineer,67.56,USD,credit_card,completed,19,4.1,False,13.51,level_2,3
TXN-1000861,2024-01-15,Virtual Assistant,IN,MX,HR Manager,45.69,EUR,bank_transfer,completed,2,4.6,False,9.14,level_1,3
TXN-1000643,2024-01-15,Financial Modeling,US,IN,Accountant,88.78,USD,credit_card,completed,10,4.6,False,17.76,level_1,3
TXN-1000644,2024-01-15,SEO/SEM,CA,US,Marketing Manager,33.37,USD,credit_card,completed,5,3.8,False,6.67,level_1,3
TXN-1000625,2024-01-15,Legal Consulting,GB,US,Lawyer,94.47,USD,credit_card,completed,18,3.5,True,18.89,rising_talent,3
TXN-1000732,2024-01-15,AI/ML Development,IN,JP,Data Scientist,59.89,USD,credit_card,completed,22,3.1,False,11.98,new_seller,3
TXN-1000730,2024-01-15,Virtual Assistant,US,US,HR Manager,455.58,EUR,paypal,completed,3,3.7,False,91.12,level_2,3
TXN-1000863,2024-01-15,Legal Consulting,DE,US,Lawyer,55.36,USD,paypal,completed,18,3.1,False,11.07,rising_talent,3
TXN-1000755,2024-01-15,AI/ML Development,US,US,Data Scientist,674.3,ILS,paypal,completed,12,3.8,False,134.86,new_seller,3
TXN-1000642,2024-01-15,Legal Consulting,US,DE,Lawyer,90.61,USD,credit_card,completed,19,3.5,True,18.12,level_2,3
TXN-1000805,2024-01-16,Photography,US,JP,Designer,57.77,USD,credit_card,completed,3,3.4,False,11.55,level_1,3
TXN-1000756,2024-01-16,Music Production,SG,FR,Designer,1097.46,USD,paypal,completed,17,3.0,True,219.49,level_1,3
TXN-1000691,2024-01-16,Social Media Management,US,US,Marketing Manager,132.0,USD,credit_card,completed,8,4.4,False,26.4,new_seller,3
TXN-1000697,2024-01-16,Photography,ES,GB,Designer,187.32,USD,credit_card,completed,2,4.4,False,37.46,level_1,3
TXN-1000775,2024-01-16,Data Analysis,GB,BR,Data Scientist,319.95,USD,bank_transfer,completed,6,4.6,True,63.99,new_seller,3
TXN-1000748,2024-01-16,AI/ML Development,US,US,Data Scientist,252.92,EUR,credit_card,completed,30,4.1,True,50.58,top_rated,3
TXN-1000765,2024-01-16,Web Development,US,ZA,Software Engineer,122.05,GBP,paypal,completed,7,4.3,False,24.41,level_2,3
TXN-1000768,2024-01-16,Graphic Design,IN,JP,Designer,157.13,USD,credit_card,completed,10,3.3,False,31.43,level_2,3
TXN-1000709,2024-01-16,Web Development,GB,FR,Software Engineer,262.73,EUR,paypal,completed,18,3.7,False,52.55,level_2,3
TXN-1000711,2024-01-16,Data Analysis,US,MX,Data Scientist,28.85,USD,bank_transfer,completed,3,4.3,True,5.77,rising_talent,3
TXN-1000734,2024-01-16,Virtual Assistant,IN,IN,HR Manager,192.08,USD,credit_card,completed,1,4.0,True,38.42,new_seller,3
TXN-1000773,2024-01-16,SEO/SEM,BR,BR,Marketing Manager,44.0,USD,credit_card,cancelled,20,,False,8.8,level_1,3
TXN-1000783,2024-01-16,Mobile App,MX,FR,Software Engineer,337.98,USD,paypal,completed,27,3.9,False,67.6,level_2,3
TXN-1000720,2024-01-16,SEO/SEM,US,US,Marketing Manager,166.91,EUR,credit_card,completed,9,3.5,False,33.38,level_1,3
TXN-1000782,2024-01-16,Data Analysis,IN,IN,Data Scientist,278.67,USD,bank_transfer,completed,8,4.5,False,55.73,new_seller,3
TXN-1000801,2024-01-16,SEO/SEM,US,US,Marketing Manager,296.29,USD,paypal,completed,4,4.2,True,59.26,level_2,3
TXN-1000763,2024-01-16,Mobile App,GB,FR,Software Engineer,62.03,GBP,paypal,completed,19,3.9,False,12.41,level_1,3
TXN-1000753,2024-01-16,Photography,AU,FR,Designer,140.8,INR,credit_card,completed,3,2.7,False,28.16,rising_talent,3
TXN-1000652,2024-01-16,Graphic Design,SG,US,Designer,20.14,USD,crypto,completed,2,3.8,True,4.03,level_1,3
TXN-1000829,2024-01-16,Social Media Management,FR,CA,Marketing Manager,233.99,EUR,credit_card,completed,6,3.8,False,46.8,rising_talent,3
TXN-1000828,2024-01-16,Financial Modeling,GB,US,Accountant,282.14,EUR,paypal,completed,16,4.6,True,56.43,level_1,3
TXN-1000832,2024-01-16,Photography,IN,US,Designer,342.49,USD,bank_transfer,completed,6,4.9,False,68.5,level_2,3
TXN-1000826,2024-01-16,Translation,FR,US,Writer,49.71,EUR,credit_card,completed,3,4.6,False,9.94,level_1,3
TXN-1000825,2024-01-16,Financial Modeling,IN,US,Accountant,50.2,INR,paypal,cancelled,9,,False,10.04,new_seller,3
TXN-1000660,2024-01-16,Data Analysis,US,IN,Data Scientist,5000.0,USD,paypal,completed,10,4.6,True,1000.0,top_rated,3
TXN-1000658,2024-01-16,Mobile App,FR,CA,Software Engineer,106.02,USD,credit_card,completed,10,2.9,False,21.2,level_1,3
TXN-1000640,2024-01-16,Legal Consulting,IN,US,Lawyer,457.63,GBP,credit_card,completed,7,4.2,True,91.53,top_rated,3
TXN-1000819,2024-01-16,Legal Consulting,AU,US,Lawyer,12.19,EUR,paypal,completed,10,3.6,False,2.44,rising_talent,3
TXN-1000852,2024-01-16,Translation,GB,ZA,Writer,10.95,USD,bank_transfer,completed,1,4.2,True,2.19,level_1,3
TXN-1000854,2024-01-16,SEO/SEM,CA,CA,Marketing Manager,192.62,USD,credit_card,completed,9,3.8,True,38.52,top_rated,3
TXN-1000676,2024-01-16,Web Development,BR,IN,Software Engineer,83.06,EUR,credit_card,completed,5,3.7,False,16.61,level_1,3
TXN-1000817,2024-01-16,Data Analysis,US,IN,Data Scientist,663.88,USD,paypal,completed,6,4.4,False,132.78,new_seller,3
TXN-1000845,2024-01-16,Social Media Management,GB,IN,Marketing Manager,3711.39,USD,credit_card,completed,5,4.7,False,742.28,level_2,3
TXN-1000811,2024-01-16,Financial Modeling,ZA,ES,Accountant,9.65,GBP,credit_card,cancelled,5,,False,1.93,rising_talent,3
TXN-1000636,2024-01-16,Data Analysis,GB,FR,Data Scientist,2082.46,USD,paypal,completed,9,4.1,True,416.49,level_1,3
TXN-1000851,2024-01-16,Photography,US,US,Designer,86.37,USD,credit_card,completed,7,4.8,False,17.27,level_2,3
TXN-1000728,2024-01-17,Graphic Design,DE,IN,Designer,40.48,USD,credit_card,disputed,13,,False,8.1,level_2,3
TXN-1000774,2024-01-17,Web Development,MX,BR,Software Engineer,984.36,USD,credit_card,completed,6,3.6,True,196.87,rising_talent,3
TXN-1000727,2024-01-17,AI/ML Development,IL,US,Data Scientist,121.72,EUR,credit_card,completed,22,4.2,False,24.34,rising_talent,3
TXN-1000847,2024-01-17,Legal Consulting,MX,FR,Lawyer,197.59,USD,credit_card,completed,16,3.2,False,39.52,new_seller,3
TXN-1000779,2024-01-17,Virtual Assistant,IL,US,HR Manager,987.48,EUR,credit_card,completed,2,4.8,False,197.5,new_seller,3
TXN-1000771,2024-01-17,AI/ML Development,IN,ES,Data Scientist,40.48,USD,bank_transfer,completed,13,4.1,False,8.1,level_1,3
TXN-1000772,2024-01-17,Legal Consulting,MX,CA,Lawyer,393.42,USD,bank_transfer,completed,17,4.1,False,78.68,top_rated,3
TXN-1000649,2024-01-17,Data Analysis,CA,FR,Data Scientist,148.2,USD,paypal,completed,11,4.1,False,29.64,level_2,3
TXN-1000737,2024-01-17,Social Media Management,SG,FR,Marketing Manager,300.87,USD,credit_card,completed,11,4.7,True,60.17,level_1,3
TXN-1000638,2024-01-17,Music Production,GB,US,Designer,98.3,USD,credit_card,completed,23,3.7,False,19.66,level_2,3
TXN-1000637,2024-01-17,Mobile App,GB,CA,Software Engineer,89.8,USD,credit_card,completed,9,3.7,True,17.96,rising_talent,3
TXN-1000741,2024-01-17,Mobile App,US,GB,Software Engineer,1457.22,USD,credit_card,completed,14,4.0,False,291.44,level_2,3
TXN-1000746,2024-01-17,Mobile App,IN,IL,Software Engineer,132.16,EUR,credit_card,completed,20,4.2,False,26.43,level_1,3
TXN-1000747,2024-01-17,AI/ML Development,NL,US,Data Scientist,69.52,GBP,credit_card,disputed,27,,False,13.9,level_1,3
TXN-1000629,2024-01-17,Graphic Design,US,US,Designer,64.34,USD,credit_card,completed,4,4.0,False,12.87,level_2,3
TXN-1000864,2024-01-17,Legal Consulting,IN,SG,Lawyer,220.11,ILS,credit_card,completed,25,4.6,False,44.02,level_1,3
TXN-1000731,2024-01-17,Graphic Design,FR,US,Designer,516.79,EUR,bank_transfer,completed,3,4.4,False,103.36,new_seller,3
TXN-1000650,2024-01-17,Content Writing,SG,US,Writer,199.32,ILS,credit_card,completed,2,4.8,False,39.86,rising_talent,3
TXN-1000813,2024-01-17,Translation,US,GB,Writer,171.55,ILS,bank_transfer,completed,2,4.2,True,34.31,rising_talent,3
TXN-1000721,2024-01-17,Music Production,US,US,Designer,80.17,USD,credit_card,completed,6,4.8,False,16.03,rising_talent,3
TXN-1000684,2024-01-17,Social Media Management,DE,US,Marketing Manager,1021.39,USD,credit_card,completed,3,3.6,True,204.28,rising_talent,3
TXN-1000689,2024-01-17,Social Media Management,IN,IN,Marketing Manager,131.56,USD,credit_card,completed,5,3.9,False,26.31,new_seller,3
TXN-1000683,2024-01-17,Translation,GB,DE,Writer,67.26,EUR,credit_card,completed,4,2.3,True,13.45,level_2,3
TXN-1000814,2024-01-17,Video Production,GB,US,Designer,80.49,USD,bank_transfer,completed,9,4.6,True,16.1,level_1,3
TXN-1000802,2024-01-17,Virtual Assistant,DE,IN,HR Manager,102.78,USD,paypal,completed,1,4.8,False,20.56,level_2,3
TXN-1000674,2024-01-17,Social Media Management,US,NL,Marketing Manager,131.83,INR,credit_card,completed,5,4.5,True,26.37,new_seller,3
TXN-1000673,2024-01-17,SEO/SEM,US,FR,Marketing Manager,54.84,USD,bank_transfer,completed,5,3.6,False,10.97,level_1,3
TXN-1000823,2024-01-17,SEO/SEM,FR,FR,Marketing Manager,109.35,EUR,credit_card,completed,13,4.5,False,21.87,level_2,3
TXN-1000669,2024-01-17,Social Media Management,FR,FR,Marketing Manager,77.2,USD,bank_transfer,completed,7,4.6,False,15.44,new_seller,3
TXN-1000667,2024-01-17,Financial Modeling,SG,GB,Accountant,19.29,USD,credit_card,completed,7,4.1,False,3.86,top_rated,3
TXN-1000752,2024-01-17,Social Media Management,US,IN,Marketing Manager,373.22,USD,paypal,completed,4,4.9,False,74.64,level_2,3
TXN-1000830,2024-01-17,AI/ML Development,BR,US,Data Scientist,229.73,USD,credit_card,completed,18,4.5,False,45.95,level_1,3
TXN-1000653,2024-01-17,Social Media Management,MX,GB,Marketing Manager,395.66,USD,paypal,completed,10,2.3,False,79.13,rising_talent,3
TXN-1000785,2024-01-17,Web Development,US,IN,Software Engineer,44.64,USD,credit_card,completed,13,2.9,True,8.93,level_2,3
TXN-1000710,2024-01-17,Web Development,US,US,Software Engineer,24.39,USD,paypal,completed,20,3.5,False,4.88,level_2,3
TXN-1000835,2024-01-17,Legal Consulting,US,GB,Lawyer,96.35,USD,credit_card,completed,17,3.6,False,19.27,new_seller,3
TXN-1000705,2024-01-17,Financial Modeling,GB,FR,Accountant,329.45,EUR,bank_transfer,completed,9,4.3,False,65.89,rising_talent,3
TXN-1000837,2024-01-17,Graphic Design,BR,FR,Designer,93.61,USD,credit_card,completed,8,4.3,True,18.72,level_1,3
TXN-1000789,2024-01-18,Music Production,US,US,Designer,91.7,USD,crypto,completed,19,4.5,True,18.34,level_1,3
TXN-1000860,2024-01-18,Photography,US,CA,Designer,359.31,USD,credit_card,completed,5,4.5,True,71.86,level_1,3
TXN-1000856,2024-01-18,Virtual Assistant,CA,IN,HR Manager,143.32,USD,credit_card,completed,1,4.7,False,28.66,top_rated,3
TXN-1000841,2024-01-18,Photography,IN,US,Designer,696.32,USD,crypto,completed,6,4.6,False,139.26,new_seller,3
TXN-1000787,2024-01-18,Social Media Management,IN,DE,Marketing Manager,82.83,GBP,credit_card,completed,13,4.6,True,16.57,top_rated,3
TXN-1000764,2024-01-18,Translation,CA,FR,Writer,235.41,USD,credit_card,completed,3,4.5,False,47.08,level_2,3
TXN-1000848,2024-01-18,Music Production,IN,MX,Designer,371.5,INR,bank_transfer,completed,14,4.5,True,74.3,level_2,3
TXN-1000797,2024-01-18,Financial Modeling,DE,US,Accountant,28.8,USD,bank_transfer,completed,9,4.7,False,5.76,level_1,3
TXN-1000844,2024-01-18,Mobile App,AU,US,Software Engineer,129.45,USD,credit_card,completed,30,4.3,False,25.89,level_1,3
TXN-1000803,2024-01-18,Content Writing,FR,JP,Writer,59.24,USD,paypal,completed,3,3.0,False,11.85,rising_talent,3
TXN-1000769,2024-01-18,Video Production,IN,CA,Designer,164.2,USD,credit_card,completed,6,4.5,True,32.84,rising_talent,3
TXN-1000762,2024-01-18,Translation,IN,US,Writer,1015.55,USD,credit_card,completed,3,4.1,True,203.11,top_rated,3
TXN-1000701,2024-01-18,Mobile App,US,FR,Software Engineer,153.97,USD,paypal,disputed,30,,True,30.79,rising_talent,3
TXN-1000686,2024-01-18,Translation,IN,FR,Writer,599.6,USD,paypal,completed,4,4.7,True,119.92,level_2,3
TXN-1000651,2024-01-18,AI/ML Development,CA,FR,Data Scientist,343.04,EUR,credit_card,completed,30,4.1,True,68.61,rising_talent,3
TXN-1000682,2024-01-18,Music Production,GB,US,Designer,203.85,USD,paypal,completed,8,3.6,False,40.77,level_2,3
TXN-1000702,2024-01-18,Web Development,FR,DE,Software Engineer,65.73,USD,paypal,completed,11,4.4,True,13.15,level_1,3
TXN-1000725,2024-01-18,Data Analysis,SG,FR,Data Scientist,760.9,USD,credit_card,completed,16,4.8,False,152.18,rising_talent,3
TXN-1000646,2024-01-18,Translation,ZA,US,Writer,116.33,GBP,credit_card,completed,2,4.5,True,23.27,new_seller,3
TXN-1000740,2024-01-18,Content Writing,US,US,Writer,148.66,USD,credit_card,completed,3,3.3,False,29.73,rising_talent,3
TXN-1000717,2024-01-18,Photography,US,NL,Designer,73.55,USD,credit_card,completed,1,4.7,True,14.71,level_2,3
TXN-1000690,2024-01-18,Mobile App,IN,US,Software Engineer,21.42,USD,crypto,completed,22,3.2,False,4.28,level_2,3
TXN-1000630,2024-01-18,Financial Modeling,IN,IN,Accountant,237.47,USD,credit_card,completed,8,4.8,True,47.49,level_2,3
TXN-1000627,2024-01-18,Mobile App,AU,FR,Software Engineer,106.82,EUR,paypal,completed,20,3.0,False,21.36,level_2,3
TXN-1000745,2024-01-18,SEO/SEM,JP,DE,Marketing Manager,31.02,USD,bank_transfer,completed,9,4.1,False,6.2,new_seller,3
TXN-1000675,2024-01-18,Data Analysis,GB,FR,Data Scientist,123.56,USD,credit_card,completed,7,5.0,False,24.71,level_2,3
TXN-1000749,2024-01-18,Web Development,BR,CA,Software Engineer,55.8,USD,credit_card,completed,19,4.4,True,11.16,rising_talent,3
TXN-1000743,2024-01-18,Video Production,GB,DE,Designer,31.09,GBP,credit_card,completed,10,4.9,False,6.22,level_1,3
TXN-1000655,2024-01-18,Social Media Management,US,US,Marketing Manager,99.19,GBP,credit_card,completed,11,3.8,False,19.84,rising_talent,3
TXN-1000677,2024-01-19,Web Development,ES,IL,Software Engineer,39.99,USD,credit_card,completed,17,4.2,False,8.0,top_rated,3
TXN-1000820,2024-01-19,Mobile App,IN,IN,Software Engineer,247.46,USD,crypto,cancelled,30,,False,49.49,rising_talent,3
TXN-1000808,2024-01-19,Graphic Design,US,ZA,Designer,610.16,USD,bank_transfer,completed,6,4.6,False,122.03,level_2,3
TXN-1000688,2024-01-19,Photography,CA,IN,Designer,56.96,USD,paypal,completed,5,3.1,False,11.39,new_seller,3
TXN-1000692,2024-01-19,Financial Modeling,US,IN,Accountant,223.13,USD,bank_transfer,completed,4,4.6,False,44.63,level_1,3
TXN-1000694,2024-01-19,Data Analysis,US,GB,Data Scientist,232.55,INR,credit_card,completed,15,4.9,True,46.51,new_seller,3
TXN-1000800,2024-01-19,Virtual Assistant,IN,CA,HR Manager,142.36,USD,credit_card,completed,2,2.7,True,28.47,new_seller,3
TXN-1000810,2024-01-19,Video Production,IN,GB,Designer,138.95,USD,bank_transfer,completed,7,2.9,False,27.79,level_2,3
TXN-1000671,2024-01-19,Legal Consulting,IN,GB,Lawyer,82.18,USD,credit_card,completed,11,4.4,True,16.44,top_rated,3
TXN-1000751,2024-01-19,Mobile App,SG,NL,Software Engineer,60.61,EUR,paypal,completed,28,3.3,False,12.12,new_seller,3
TXN-1000666,2024-01-19,Web Development,BR,ZA,Software Engineer,102.43,USD,paypal,completed,17,4.6,True,20.49,top_rated,3
TXN-1000665,2024-01-19,Music Production,SG,ZA,Designer,986.21,USD,paypal,completed,7,3.0,False,197.24,new_seller,3
TXN-1000836,2024-01-19,Social Media Management,FR,GB,Marketing Manager,87.57,USD,credit_card,completed,3,4.3,True,17.51,top_rated,3
TXN-1000839,2024-01-19,Mobile App,US,MX,Software Engineer,153.45,USD,credit_card,completed,20,3.9,False,30.69,rising_talent,3
TXN-1000842,2024-01-19,Mobile App,IN,IL,Software Engineer,65.51,USD,paypal,completed,30,4.4,True,13.1,level_1,3
TXN-1000654,2024-01-19,Music Production,US,US,Designer,108.58,USD,credit_card,completed,6,4.1,False,21.72,level_1,3
TXN-1000648,2024-01-19,Social Media Management,CA,DE,Marketing Manager,30.32,USD,credit_card,completed,8,3.4,False,6.06,level_2,3
TXN-1000846,2024-01-19,Virtual Assistant,IN,NL,HR Manager,46.64,INR,credit_card,completed,1,4.5,False,9.33,rising_talent,3
TXN-1000647,2024-01-19,Music Production,US,US,Designer,62.22,USD,bank_transfer,completed,15,2.8,False,12.44,level_2,3
TXN-1000849,2024-01-19,Translation,IN,IN,Writer,269.75,GBP,credit_card,completed,4,3.5,False,53.95,new_seller,3
TXN-1000862,2024-01-19,Web Development,IN,IN,Software Engineer,232.83,EUR,bank_transfer,completed,17,4.1,False,46.57,new_seller,3
TXN-1000624,2024-01-19,Photography,GB,AU,Designer,147.36,USD,credit_card,completed,1,4.2,True,29.47,level_1,3
TXN-1000865,2024-01-19,AI/ML Development,DE,NL,Data Scientist,27.44,USD,bank_transfer,completed,24,4.2,False,5.49,level_2,3
TXN-1000668,2024-01-19,SEO/SEM,DE,US,Marketing Manager,46.95,USD,bank_transfer,completed,12,3.6,True,9.39,new_seller,3
TXN-1000838,2024-01-19,Financial Modeling,US,US,Accountant,213.31,USD,credit_card,completed,14,4.3,False,42.66,rising_talent,3
TXN-1000635,2024-01-19,Virtual Assistant,US,GB,HR Manager,92.57,USD,credit_card,completed,1,1.0,False,18.51,rising_talent,3
TXN-1000742,2024-01-19,Financial Modeling,FR,US,Accountant,17.32,USD,paypal,completed,18,3.2,True,3.46,level_1,3
TXN-1000736,2024-01-19,Mobile App,US,DE,Software Engineer,1294.95,USD,paypal,completed,30,4.9,False,258.99,level_2,3
TXN-1000739,2024-01-19,Data Analysis,CA,FR,Data Scientist,63.21,GBP,bank_transfer,completed,4,4.1,True,12.64,rising_talent,3
TXN-1000767,2024-01-19,Music Production,IN,US,Designer,209.13,USD,credit_card,completed,6,4.3,True,41.83,level_2,3
TXN-1000777,2024-01-19,Graphic Design,US,DE,Designer,15.61,USD,paypal,completed,4,3.8,False,3.12,level_2,3
TXN-1000770,2024-01-19,Music Production,US,US,Designer,139.96,INR,credit_card,completed,7,4.6,True,27.99,level_1,3
TXN-1000744,2024-01-19,Data Analysis,NL,GB,Data Scientist,92.51,USD,credit_card,completed,11,4.9,False,18.5,rising_talent,3
TXN-1000784,2024-01-19,Web Development,DE,GB,Software Engineer,419.76,USD,credit_card,cancelled,10,,False,83.95,rising_talent,3
TXN-1000713,2024-01-19,Music Production,IN,CA,Designer,335.76,USD,credit_card,completed,16,4.1,False,67.15,level_2,3
TXN-1000738,2024-01-19,Data Analysis,DE,US,Data Scientist,121.03,USD,credit_card,completed,6,4.1,False,24.21,level_1,3
TXN-1000794,2024-01-19,Financial Modeling,FR,FR,Accountant,312.38,USD,credit_card,completed,13,3.5,False,62.48,new_seller,3
TXN-1000793,2024-01-19,Translation,US,GB,Writer,71.28,USD,credit_card,completed,1,4.1,False,14.26,rising_talent,3
TXN-1000707,2024-01-20,Content Writing,FR,US,Writer,302.77,USD,bank_transfer,completed,2,3.8,True,60.55,level_2,3
TXN-1000695,2024-01-20,Music Production,GB,GB,Designer,50.38,EUR,paypal,completed,22,4.4,False,10.08,level_1,3
TXN-1000664,2024-01-20,Mobile App,IN,SG,Software Engineer,36.68,EUR,paypal,completed,25,4.3,False,7.34,rising_talent,3
TXN-1000831,2024-01-20,Music Production,IN,GB,Designer,93.33,USD,credit_card,completed,8,4.7,True,18.67,rising_talent,3
TXN-1000663,2024-01-20,Legal Consulting,IN,GB,Lawyer,279.46,EUR,credit_card,completed,11,4.6,False,55.89,rising_talent,3
TXN-1000834,2024-01-20,Music Production,BR,US,Designer,96.69,USD,credit_card,completed,9,4.0,False,19.34,level_2,3
TXN-1000662,2024-01-20,AI/ML Development,US,NL,Data Scientist,33.68,USD,crypto,completed,18,3.3,False,6.74,level_2,3
TXN-1000645,2024-01-20,Content Writing,US,US,Writer,513.52,GBP,crypto,completed,6,4.5,False,102.7,new_seller,3
TXN-1000850,2024-01-20,AI/ML Development,DE,DE,Data Scientist,243.17,USD,credit_card,completed,18,4.9,True,48.63,top_rated,3
TXN-1000726,2024-01-20,SEO/SEM,GB,US,Marketing Manager,81.03,EUR,paypal,completed,19,3.1,False,16.21,new_seller,3
TXN-1000729,2024-01-20,Music Production,US,NL,Designer,92.66,USD,paypal,completed,27,2.2,False,18.53,level_1,3
TXN-1000766,2024-01-20,Social Media Management,FR,US,Marketing Manager,272.78,USD,credit_card,completed,9,4.9,False,54.56,new_seller,3
TXN-1000754,2024-01-20,Legal Consulting,US,US,Lawyer,32.43,USD,paypal,completed,20,4.6,False,6.49,level_1,3
TXN-1000699,2024-01-20,Financial Modeling,GB,IN,Accountant,79.89,USD,credit_card,completed,13,4.1,False,15.98,level_1,3
TXN-1000827,2024-01-20,Graphic Design,US,IN,Designer,2065.6,GBP,bank_transfer,completed,6,4.5,False,413.12,level_1,3
TXN-1000807,2024-01-20,Music Production,AU,JP,Designer,241.78,USD,crypto,completed,12,4.6,True,48.36,level_1,3
TXN-1000780,2024-01-20,Photography,IN,ES,Designer,26.42,USD,credit_card,completed,4,3.9,False,5.28,new_seller,3
TXN-1000824,2024-01-20,Music Production,GB,DE,Designer,302.85,GBP,credit_card,completed,17,4.5,False,60.57,rising_talent,3
TXN-1000758,2024-01-20,Legal Consulting,US,AU,Lawyer,191.79,INR,credit_card,completed,10,1.9,False,38.36,level_1,3
TXN-1000788,2024-01-20,Legal Consulting,JP,US,Lawyer,17.8,ILS,paypal,completed,7,2.7,False,3.56,top_rated,3
TXN-1000757,2024-01-20,AI/ML Development,IN,US,Data Scientist,269.28,USD,bank_transfer,completed,16,4.1,False,53.86,level_2,3
TXN-1000812,2024-01-20,Social Media Management,US,IN,Marketing Manager,21.8,USD,credit_card,completed,4,4.6,True,4.36,rising_talent,3
TXN-1000760,2024-01-20,Web Development,US,US,Software Engineer,278.44,GBP,crypto,completed,17,3.7,True,55.69,level_2,3
TXN-1000670,2024-01-20,Data Analysis,DE,BR,Data Scientist,146.79,USD,crypto,completed,7,3.7,True,29.36,new_seller,3
TXN-1000821,2024-01-20,Virtual Assistant,US,ZA,HR Manager,558.62,USD,paypal,completed,1,4.8,False,111.72,top_rated,3
TXN-1000700,2024-01-20,Content Writing,ES,US,Writer,337.41,USD,credit_card,completed,6,4.7,False,67.48,level_1,3
TXN-1000722,2024-01-20,SEO/SEM,ZA,IL,Marketing Manager,58.21,EUR,bank_transfer,completed,5,4.4,False,11.64,level_2,3
TXN-1000631,2024-01-20,SEO/SEM,DE,US,Marketing Manager,591.72,ILS,credit_card,completed,10,3.6,False,118.34,top_rated,3
TXN-1000628,2024-01-20,Web Development,IN,US,Software Engineer,1408.93,USD,paypal,completed,18,4.2,False,281.79,new_seller,3
TXN-1000866,2024-01-21,Data Analysis,ES,IN,Data Scientist,77.7,USD,paypal,completed,5,4.1,False,15.54,level_1,3
TXN-1000633,2024-01-21,Web Development,FR,US,Software Engineer,94.23,GBP,crypto,completed,14,4.0,False,18.85,top_rated,3
TXN-1000761,2024-01-21,Content Writing,IN,US,Writer,153.73,USD,bank_transfer,completed,1,4.6,False,30.75,level_1,3
TXN-1000626,2024-01-21,AI/ML Development,IL,CA,Data Scientist,409.83,USD,crypto,completed,8,4.0,True,81.97,rising_talent,3
TXN-1000855,2024-01-21,Mobile App,IL,US,Software Engineer,39.29,USD,paypal,completed,20,4.6,True,7.86,level_1,3
TXN-1000632,2024-01-21,Graphic Design,FR,BR,Designer,248.65,GBP,paypal,completed,3,4.2,True,49.73,level_1,3
TXN-1000859,2024-01-21,Virtual Assistant,IN,GB,HR Manager,765.44,USD,paypal,completed,1,4.6,True,153.09,level_2,3
TXN-1000798,2024-01-21,Mobile App,GB,IL,Software Engineer,500.03,USD,crypto,disputed,23,,True,100.01,rising_talent,3
TXN-1000733,2024-01-21,Virtual Assistant,US,BR,HR Manager,761.03,USD,paypal,completed,4,4.7,False,152.21,level_1,3
TXN-1000698,2024-01-21,Web Development,US,IL,Software Engineer,795.17,EUR,credit_card,completed,11,4.6,True,159.03,level_2,3
TXN-1000735,2024-01-21,Data Analysis,GB,GB,Data Scientist,233.32,USD,paypal,completed,2,4.8,False,46.66,top_rated,3
TXN-1000703,2024-01-21,SEO/SEM,US,ZA,Marketing Manager,498.18,INR,credit_card,completed,15,4.8,False,99.64,level_1,3
TXN-1000704,2024-01-21,Graphic Design,BR,SG,Designer,521.38,USD,bank_transfer,completed,3,4.0,False,104.28,rising_talent,3
TXN-1000708,2024-01-21,Financial Modeling,JP,IN,Accountant,122.43,USD,paypal,completed,6,2.1,False,24.49,rising_talent,3
TXN-1000685,2024-01-21,Graphic Design,BR,US,Designer,238.02,USD,credit_card,completed,9,3.8,True,47.6,rising_talent,3
TXN-1000718,2024-01-21,Graphic Design,GB,BR,Designer,60.19,USD,bank_transfer,completed,1,4.8,True,12.04,level_2,3
TXN-1000815,2024-01-21,Data Analysis,IN,US,Data Scientist,39.18,USD,bank_transfer,completed,16,4.9,False,7.84,new_seller,3
TXN-1000679,2024-01-21,Web Development,US,US,Software Engineer,53.83,EUR,credit_card,completed,24,2.9,False,10.77,rising_talent,3
TXN-1000719,2024-01-21,Translation,IN,US,Writer,116.6,USD,paypal,completed,5,4.0,False,23.32,level_1,3
TXN-1000804,2024-01-21,Photography,DE,IN,Designer,100.45,USD,bank_transfer,completed,1,4.9,True,20.09,rising_talent,3
TXN-1000822,2024-01-21,Legal Consulting,GB,US,Lawyer,217.65,USD,paypal,completed,14,4.4,True,43.53,level_2,3
TXN-1000723,2024-01-21,Video Production,DE,US,Designer,210.62,GBP,credit_card,completed,11,4.6,True,42.12,level_1,3
TXN-1000778,2024-01-21,Music Production,US,IN,Designer,1636.12,USD,paypal,completed,12,4.5,False,327.22,rising_talent,3
TXN-1000833,2024-01-21,Virtual Assistant,GB,NL,HR Manager,12.71,USD,bank_transfer,completed,85,4.8,True,2.54,rising_talent,3
TXN-1000672,2024-01-21,Music Production,DE,IN,Designer,156.2,EUR,credit_card,completed,3,4.8,False,31.24,level_2,3
TXN-1000776,2024-01-21,Web Development,US,BR,Software Engineer,105.29,USD,credit_card,completed,9,4.4,False,21.06,new_seller,3
TXN-1000657,2024-01-21,Virtual Assistant,FR,ZA,HR Manager,22.87,USD,paypal,completed,2,3.2,False,4.57,new_seller,3
TXN-1000840,2024-01-21,SEO/SEM,US,NL,Marketing Manager,142.16,USD,paypal,completed,14,4.5,False,28.43,new_seller,3
TXN-1000923,2024-01-22,Financial Modeling,CA,CA,Accountant,1475.83,USD,bank_transfer,cancelled,5,,False,295.17,rising_talent,4
TXN-1001162,2024-01-22,Web Development,US,US,Software Engineer,230.22,USD,paypal,completed,14,3.8,True,46.04,rising_talent,4
TXN-1001083,2024-01-22,Video Production,US,BR,Designer,28.71,USD,bank_transfer,completed,11,5.0,False,5.74,level_1,4
TXN-1000987,2024-01-22,AI/ML Development,US,SG,Data Scientist,574.08,USD,paypal,completed,27,4.0,False,114.82,level_1,4
TXN-1000991,2024-01-22,Data Analysis,IN,MX,Data Scientist,512.01,USD,credit_card,completed,9,4.0,False,102.4,level_2,4
TXN-1000992,2024-01-22,Financial Modeling,US,US,Accountant,53.14,USD,credit_card,completed,12,2.9,False,10.63,rising_talent,4
TXN-1001157,2024-01-22,Translation,US,US,Writer,121.08,USD,paypal,cancelled,2,,False,24.22,rising_talent,4
TXN-1000913,2024-01-22,Data Analysis,US,GB,Data Scientist,38.56,USD,paypal,completed,5,4.4,True,7.71,level_1,4
TXN-1000997,2024-01-22,Translation,DE,US,Writer,48.13,EUR,paypal,completed,2,4.5,True,9.63,level_1,4
TXN-1001156,2024-01-22,Graphic Design,IN,ES,Designer,121.86,EUR,credit_card,completed,5,4.1,False,24.37,level_1,4
TXN-1001062,2024-01-22,Mobile App,ES,IN,Software Engineer,30.77,USD,paypal,completed,15,3.7,True,6.15,level_2,4
TXN-1000907,2024-01-22,SEO/SEM,IL,IN,Marketing Manager,53.34,EUR,credit_card,completed,15,4.9,False,10.67,level_1,4
TXN-1001197,2024-01-22,Web Development,DE,MX,Software Engineer,28.07,USD,credit_card,completed,13,4.6,False,5.61,level_1,4
TXN-1000905,2024-01-22,Social Media Management,IL,CA,Marketing Manager,46.16,USD,credit_card,completed,4,3.3,False,9.23,level_2,4
TXN-1000914,2024-01-22,Photography,US,US,Designer,107.77,USD,crypto,completed,6,3.2,True,21.55,level_1,4
TXN-1001082,2024-01-22,AI/ML Development,IN,IN,Data Scientist,284.69,INR,paypal,completed,21,4.7,False,56.94,level_1,4
TXN-1001185,2024-01-22,Financial Modeling,US,US,Accountant,120.94,GBP,paypal,completed,10,4.3,True,24.19,rising_talent,4
TXN-1000982,2024-01-22,Content Writing,BR,US,Writer,74.54,USD,paypal,completed,4,4.5,False,14.91,new_seller,4
TXN-1000948,2024-01-22,Legal Consulting,NL,US,Lawyer,28.8,EUR,paypal,completed,14,4.8,False,5.76,level_2,4
TXN-1001072,2024-01-22,Virtual Assistant,CA,NL,HR Manager,22.13,USD,crypto,completed,2,4.7,True,4.43,top_rated,4
TXN-1000957,2024-01-22,Financial Modeling,IN,IN,Accountant,103.14,USD,paypal,completed,7,3.5,False,20.63,new_seller,4
TXN-1001170,2024-01-22,Content Writing,MX,US,Writer,556.47,GBP,paypal,in_progress,3,,True,111.29,top_rated,4
TXN-1000963,2024-01-22,Music Production,IL,US,Designer,40.29,USD,credit_card,completed,9,4.5,False,8.06,top_rated,4
TXN-1000941,2024-01-22,AI/ML Development,IN,US,Data Scientist,141.87,USD,credit_card,completed,7,3.7,False,28.37,new_seller,4
TXN-1000964,2024-01-22,AI/ML Development,CA,NL,Data Scientist,89.87,USD,paypal,completed,19,4.8,True,17.97,level_1,4
TXN-1000965,2024-01-22,Translation,GB,US,Writer,281.27,USD,credit_card,completed,3,4.1,False,56.25,level_1,4
TXN-1001078,2024-01-22,SEO/SEM,ES,FR,Marketing Manager,44337.5,USD,bank_transfer,completed,14,4.6,False,8867.5,level_1,4
TXN-1000904,2024-01-22,Data Analysis,MX,IN,Data Scientist,287.94,USD,credit_card,completed,9,4.5,False,57.59,level_2,4
TXN-1000966,2024-01-22,Content Writing,US,IN,Writer,666.0,USD,bank_transfer,completed,3,4.2,False,133.2,rising_talent,4
TXN-1000936,2024-01-22,Graphic Design,IN,CA,Designer,1520.02,USD,credit_card,completed,5,3.4,False,304.0,level_2,4
TXN-1000969,2024-01-22,Web Development,IN,FR,Software Engineer,145.52,GBP,credit_card,completed,13,4.0,True,29.1,top_rated,4
TXN-1001169,2024-01-22,Financial Modeling,US,AU,Accountant,2951.84,USD,credit_card,completed,7,4.1,False,590.37,level_2,4
TXN-1001080,2024-01-22,Music Production,US,FR,Designer,114.3,USD,credit_card,completed,8,3.9,True,22.86,level_1,4
TXN-1000925,2024-01-22,Financial Modeling,US,GB,Accountant,5.0,USD,bank_transfer,completed,5,3.9,True,1.0,top_rated,4
TXN-1001153,2024-01-22,Virtual Assistant,JP,DE,HR Manager,525.89,USD,credit_card,completed,2,4.6,False,105.18,new_seller,4
TXN-1000874,2024-01-22,Legal Consulting,NL,FR,Lawyer,532.55,EUR,credit_card,completed,5,4.4,False,106.51,new_seller,4
TXN-1001008,2024-01-22,SEO/SEM,GB,US,Marketing Manager,447.49,USD,paypal,completed,18,4.3,False,89.5,level_2,4
TXN-1001177,2024-01-22,Web Development,IN,US,Software Engineer,28.21,USD,credit_card,completed,20,4.9,False,5.64,level_1,4
TXN-1001133,2024-01-22,Social Media Management,DE,IN,Marketing Manager,5.47,GBP,credit_card,completed,4,4.7,False,1.09,rising_talent,4
TXN-1001131,2024-01-22,Photography,FR,GB,Designer,703.67,USD,credit_card,completed,3,4.0,False,140.73,level_2,4
TXN-1000868,2024-01-22,Social Media Management,IN,US,Marketing Manager,122.02,USD,credit_card,completed,13,2.5,False,24.4,level_2,4
TXN-1001104,2024-01-22,Graphic Design,BR,IN,Designer,141.74,USD,bank_transfer,completed,2,4.6,True,28.35,level_2,4
TXN-1001053,2024-01-22,Virtual Assistant,IN,BR,HR Manager,228.72,GBP,bank_transfer,completed,2,3.5,False,45.74,level_2,4
TXN-1001135,2024-01-22,Web Development,JP,US,Software Engineer,135.73,USD,credit_card,completed,12,4.5,True,27.15,new_seller,4
TXN-1001107,2024-01-22,Photography,CA,IN,Designer,38.01,EUR,paypal,completed,1,4.5,False,7.6,level_1,4
TXN-1001110,2024-01-22,Data Analysis,GB,IN,Data Scientist,142.71,ILS,paypal,completed,12,4.6,False,28.54,level_2,4
TXN-1001032,2024-01-22,Graphic Design,GB,FR,Designer,648.82,USD,credit_card,completed,9,3.2,False,129.76,rising_talent,4
TXN-1001152,2024-01-22,Mobile App,GB,US,Software Engineer,48.95,EUR,credit_card,completed,17,4.3,False,9.79,level_2,4
TXN-1001091,2024-01-22,Legal Consulting,JP,US,Lawyer,95.14,USD,bank_transfer,disputed,13,,True,19.03,level_1,4
TXN-1001023,2024-01-22,Translation,SG,US,Writer,175.18,USD,credit_card,completed,3,4.5,True,35.04,new_seller,4
TXN-1001093,2024-01-22,Video Production,IN,FR,Designer,65.52,USD,credit_card,completed,7,3.0,False,13.1,level_1,4
TXN-1001018,2024-01-22,Translation,ES,JP,Writer,1183.11,USD,credit_card,completed,2,4.2,False,236.62,new_seller,4
TXN-1001151,2024-01-22,AI/ML Development,DE,IN,Data Scientist,63.65,USD,paypal,completed,22,4.6,False,12.73,level_2,4
TXN-1001020,2024-01-22,Graphic Design,CA,DE,Designer,131.09,USD,paypal,completed,79,4.4,True,26.22,level_1,4
TXN-1001010,2024-01-22,Social Media Management,IN,SG,Marketing Manager,100.35,ILS,bank_transfer,completed,8,4.6,True,20.07,level_2,4
TXN-1001011,2024-01-22,AI/ML Development,US,BR,Data Scientist,99.44,GBP,credit_card,completed,17,4.7,True,19.89,level_2,4
TXN-1001150,2024-01-22,Legal Consulting,US,AU,Lawyer,160.34,USD,credit_card,completed,9,3.4,False,32.07,level_1,4
TXN-1001089,2024-01-22,Graphic Design,DE,NL,Designer,34.59,USD,bank_transfer,completed,2,1.0,False,6.92,new_seller,4
TXN-1001060,2024-01-22,Translation,IN,GB,Writer,336.45,USD,bank_transfer,completed,1,4.6,False,67.29,level_1,4
TXN-1000892,2024-01-22,Graphic Design,US,AU,Designer,95.37,USD,credit_card,completed,4,4.7,True,19.07,level_2,4
TXN-1001146,2024-01-22,Graphic Design,US,FR,Designer,888.87,INR,bank_transfer,completed,3,4.3,False,177.77,level_1,4
TXN-1001203,2024-01-22,Virtual Assistant,US,US,HR Manager,169.92,USD,credit_card,completed,1,4.3,True,33.98,rising_talent,4
TXN-1001039,2024-01-23,Photography,US,ZA,Designer,22.35,USD,credit_card,completed,2,4.0,False,4.47,level_2,4
TXN-1000999,2024-01-23,Translation,IL,CA,Writer,250.4,GBP,paypal,completed,4,4.2,False,50.08,level_2,4
TXN-1001161,2024-01-23,SEO/SEM,AU,US,Marketing Manager,76.29,USD,credit_card,cancelled,15,,False,15.26,rising_talent,4
TXN-1001175,2024-01-23,Graphic Design,AU,FR,Designer,202.75,USD,credit_card,completed,6,4.8,False,40.55,rising_talent,4
TXN-1000955,2024-01-23,Graphic Design,ES,US,Designer,1400.35,USD,paypal,completed,5,4.1,False,280.07,new_seller,4
TXN-1001130,2024-01-23,Graphic Design,CA,ES,Designer,376.59,USD,bank_transfer,completed,3,3.8,True,75.32,new_seller,4
TXN-1001045,2024-01-23,Mobile App,MX,US,Software Engineer,191.52,USD,credit_card,completed,8,4.5,False,38.3,level_1,4
TXN-1001139,2024-01-23,Mobile App,GB,US,Software Engineer,71.5,EUR,credit_card,completed,30,4.3,False,14.3,level_1,4
TXN-1001141,2024-01-23,Photography,CA,SG,Designer,89.13,USD,credit_card,completed,2,3.4,True,17.83,level_2,4
TXN-1001165,2024-01-23,Web Development,US,AU,Software Engineer,220.76,ILS,credit_card,completed,14,4.9,False,44.15,level_1,4
TXN-1001030,2024-01-23,Photography,ZA,IN,Designer,234.93,USD,credit_card,completed,3,3.8,False,46.99,rising_talent,4
TXN-1001164,2024-01-23,Video Production,FR,US,Designer,961.3,ILS,bank_transfer,completed,8,4.8,False,192.26,new_seller,4
TXN-1000979,2024-01-23,Video Production,US,IN,Designer,15.26,USD,credit_card,completed,3,4.5,True,3.05,level_1,4
TXN-1001145,2024-01-23,Web Development,IN,GB,Software Engineer,208.7,USD,credit_card,completed,12,4.3,False,41.74,level_2,4
TXN-1001028,2024-01-23,Social Media Management,FR,US,Marketing Manager,1243.82,GBP,credit_card,cancelled,8,,False,248.76,level_1,4
TXN-1001027,2024-01-23,Graphic Design,IN,SG,Designer,1540.2,USD,bank_transfer,completed,3,3.9,False,308.04,rising_talent,4
TXN-1001025,2024-01-23,Graphic Design,FR,US,Designer,17.53,EUR,credit_card,completed,7,4.9,True,3.51,rising_talent,4
TXN-1000984,2024-01-23,Video Production,NL,US,Designer,313.24,USD,paypal,completed,10,4.7,False,62.65,level_1,4
TXN-1000994,2024-01-23,Data Analysis,AU,IN,Data Scientist,74.18,USD,paypal,cancelled,10,,False,14.84,level_2,4
TXN-1001022,2024-01-23,Photography,US,US,Designer,83.48,USD,bank_transfer,completed,2,3.2,False,16.7,level_1,4
TXN-1001166,2024-01-23,Mobile App,DE,ZA,Software Engineer,14.99,USD,credit_card,completed,30,4.8,True,3.0,level_2,4
TXN-1000953,2024-01-23,Web Development,GB,DE,Software Engineer,155.2,USD,bank_transfer,completed,14,4.2,False,31.04,level_2,4
TXN-1001200,2024-01-23,Financial Modeling,FR,NL,Accountant,278.03,USD,paypal,completed,6,4.6,False,55.61,level_2,4
TXN-1001196,2024-01-23,Content Writing,JP,DE,Writer,42.82,USD,credit_card,completed,3,3.4,False,8.56,level_1,4
TXN-1000909,2024-01-23,Photography,IN,US,Designer,825.18,USD,credit_card,completed,8,4.2,False,165.04,level_2,4
TXN-1000951,2024-01-23,Music Production,IN,NL,Designer,282.1,USD,credit_card,completed,22,4.2,True,56.42,level_2,4
TXN-1000911,2024-01-23,Translation,NL,US,Writer,217.1,USD,credit_card,cancelled,3,,True,43.42,level_1,4
TXN-1001195,2024-01-23,Graphic Design,MX,JP,Designer,317.6,EUR,paypal,completed,6,4.2,False,63.52,level_1,4
TXN-1001087,2024-01-23,Web Development,IN,ES,Software Engineer,115.65,EUR,crypto,completed,13,4.7,False,23.13,level_2,4
TXN-1000895,2024-01-23,Music Production,US,IL,Designer,60.47,ILS,credit_card,completed,10,4.5,True,12.09,rising_talent,4
TXN-1000921,2024-01-23,Mobile App,IN,US,Software Engineer,302.44,EUR,bank_transfer,completed,20,3.6,False,60.49,rising_talent,4
TXN-1001112,2024-01-23,Social Media Management,GB,US,Marketing Manager,356.76,USD,credit_card,completed,2,3.7,False,71.35,rising_talent,4
TXN-1001189,2024-01-23,Social Media Management,GB,IN,Marketing Manager,88.69,USD,paypal,completed,6,3.4,False,17.74,level_1,4
TXN-1001206,2024-01-23,Graphic Design,ES,DE,Designer,122.38,USD,paypal,completed,10,3.4,False,24.48,level_1,4
TXN-1000888,2024-01-23,Social Media Management,US,ZA,Marketing Manager,84.49,ILS,credit_card,completed,6,3.9,False,16.9,level_1,4
TXN-1000927,2024-01-23,Translation,CA,US,Writer,827.06,USD,paypal,completed,2,4.3,False,165.41,top_rated,4
TXN-1000883,2024-01-23,SEO/SEM,JP,ES,Marketing Manager,2141.21,USD,paypal,completed,16,4.8,False,428.24,rising_talent,4
TXN-1001209,2024-01-23,Virtual Assistant,US,US,HR Manager,160.56,USD,credit_card,completed,2,4.2,False,32.11,level_2,4
TXN-1001105,2024-01-23,Legal Consulting,DE,IN,Lawyer,33.04,USD,bank_transfer,completed,13,3.5,False,6.61,level_1,4
TXN-1000950,2024-01-23,Music Production,GB,NL,Designer,485.16,USD,paypal,cancelled,5,,False,97.03,level_2,4
TXN-1000869,2024-01-23,Data Analysis,US,BR,Data Scientist,101.89,USD,credit_card,completed,6,3.4,True,20.38,level_1,4
TXN-1000947,2024-01-23,Web Development,JP,CA,Software Engineer,19.44,USD,bank_transfer,completed,14,3.1,True,3.89,level_2,4
TXN-1000873,2024-01-23,Social Media Management,CA,GB,Marketing Manager,134.61,INR,credit_card,completed,5,4.1,False,26.92,rising_talent,4
TXN-1001178,2024-01-23,Legal Consulting,GB,AU,Lawyer,933.04,USD,credit_card,completed,15,4.4,True,186.61,level_2,4
TXN-1000943,2024-01-23,Data Analysis,US,BR,Data Scientist,27.62,GBP,credit_card,completed,8,3.5,False,5.52,top_rated,4
TXN-1001109,2024-01-23,Content Writing,US,BR,Writer,539.69,USD,bank_transfer,completed,2,3.4,True,107.94,new_seller,4
TXN-1001181,2024-01-23,Web Development,US,GB,Software Engineer,43.83,USD,credit_card,completed,8,3.3,True,8.77,level_2,4
TXN-1001115,2024-01-23,Translation,ZA,MX,Writer,120.62,GBP,credit_card,completed,3,3.4,True,24.12,level_1,4
TXN-1000942,2024-01-23,Music Production,AU,IN,Designer,217.68,EUR,credit_card,completed,18,4.1,False,43.54,level_1,4
TXN-1000896,2024-01-24,Content Writing,FR,MX,Writer,161.0,USD,bank_transfer,completed,4,4.1,False,32.2,rising_talent,4
TXN-1001061,2024-01-24,Content Writing,IN,IN,Writer,58.4,EUR,paypal,completed,2,4.5,False,11.68,level_1,4
TXN-1000899,2024-01-24,SEO/SEM,US,US,Marketing Manager,259.52,USD,paypal,completed,10,4.7,False,51.9,level_2,4
TXN-1001202,2024-01-24,Virtual Assistant,FR,AU,HR Manager,184.81,USD,credit_card,completed,2,4.3,False,36.96,level_1,4
TXN-1000900,2024-01-24,Social Media Management,US,FR,Marketing Manager,268.4,EUR,bank_transfer,completed,10,4.9,False,53.68,top_rated,4
TXN-1001201,2024-01-24,Photography,FR,GB,Designer,301.42,USD,paypal,in_progress,4,,True,60.28,level_2,4
TXN-1001048,2024-01-24,AI/ML Development,CA,IL,Data Scientist,48.11,INR,crypto,completed,27,4.3,False,9.62,level_1,4
TXN-1001013,2024-01-24,Legal Consulting,ES,IL,Lawyer,223.21,USD,crypto,completed,10,3.9,False,44.64,rising_talent,4
TXN-1000871,2024-01-24,Graphic Design,US,BR,Designer,64.66,USD,paypal,completed,6,3.2,True,12.93,level_2,4
TXN-1001038,2024-01-24,Legal Consulting,ZA,IN,Lawyer,102.59,USD,credit_card,completed,9,4.5,False,20.52,top_rated,4
TXN-1001052,2024-01-24,Music Production,US,GB,Designer,35.58,USD,credit_card,completed,11,4.6,False,7.12,level_1,4
TXN-1000891,2024-01-24,Graphic Design,SG,ZA,Designer,30.8,USD,credit_card,completed,3,1.0,False,6.16,rising_talent,4
TXN-1001111,2024-01-24,Translation,US,US,Writer,47.58,USD,paypal,completed,3,4.7,False,9.52,level_2,4
TXN-1001040,2024-01-24,Data Analysis,FR,DE,Data Scientist,180.59,USD,credit_card,completed,8,2.9,True,36.12,level_2,4
TXN-1001024,2024-01-24,Web Development,FR,US,Software Engineer,1041.62,EUR,paypal,completed,15,4.8,True,208.32,level_1,4
TXN-1001154,2024-01-24,Data Analysis,US,US,Data Scientist,378.1,USD,paypal,completed,8,4.7,True,75.62,level_1,4
TXN-1001092,2024-01-24,Content Writing,IN,JP,Writer,909.07,USD,paypal,completed,1,4.0,False,181.81,level_2,4
TXN-1001029,2024-01-24,Legal Consulting,ZA,US,Lawyer,313.18,USD,credit_card,completed,12,3.2,False,62.64,rising_talent,4
TXN-1000881,2024-01-24,Video Production,GB,SG,Designer,586.76,EUR,credit_card,completed,5,4.1,False,117.35,level_2,4
TXN-1001210,2024-01-24,Translation,CA,ZA,Writer,20.67,USD,credit_card,completed,3,2.9,False,4.13,level_1,4
TXN-1001142,2024-01-24,Data Analysis,IN,IN,Data Scientist,101.46,USD,credit_card,completed,2,3.0,False,20.29,level_1,4
TXN-1001211,2024-01-24,Social Media Management,IN,US,Marketing Manager,123.46,USD,paypal,completed,5,3.8,False,24.69,level_1,4
TXN-1000878,2024-01-24,Photography,DE,CA,Designer,43.33,USD,credit_card,completed,2,3.9,False,8.67,top_rated,4
TXN-1001137,2024-01-24,Financial Modeling,FR,SG,Accountant,477.76,USD,credit_card,completed,12,3.8,True,95.55,level_2,4
TXN-1001017,2024-01-24,SEO/SEM,DE,GB,Marketing Manager,380.11,GBP,credit_card,completed,10,4.6,False,76.02,level_2,4
TXN-1001004,2024-01-24,AI/ML Development,US,CA,Data Scientist,947.28,USD,credit_card,completed,23,4.7,False,189.46,level_1,4
TXN-1000952,2024-01-24,Mobile App,US,FR,Software Engineer,145.62,ILS,paypal,completed,10,4.1,False,29.12,new_seller,4
TXN-1000908,2024-01-24,Web Development,DE,GB,Software Engineer,150.14,USD,credit_card,completed,15,3.8,True,30.03,level_1,4
TXN-1001003,2024-01-24,Legal Consulting,DE,ZA,Lawyer,154.49,USD,paypal,in_progress,12,,False,30.9,level_2,4
TXN-1000975,2024-01-24,Mobile App,GB,SG,Software Engineer,28.52,EUR,bank_transfer,completed,30,4.6,True,5.7,level_2,4
TXN-1001184,2024-01-24,Music Production,US,BR,Designer,297.13,USD,bank_transfer,completed,13,5.0,False,59.43,level_2,4
TXN-1001167,2024-01-24,Social Media Management,DE,IL,Marketing Manager,104.11,USD,paypal,completed,4,3.9,False,20.82,level_2,4
TXN-1001117,2024-01-24,Video Production,US,US,Designer,32.41,USD,credit_card,completed,4,4.9,False,6.48,level_1,4
TXN-1000971,2024-01-24,Photography,ES,US,Designer,138.41,USD,credit_card,disputed,1,,False,27.68,new_seller,4
TXN-1001079,2024-01-24,Video Production,US,CA,Designer,12.09,USD,bank_transfer,completed,6,4.8,False,2.42,level_2,4
TXN-1001068,2024-01-24,Content Writing,US,IL,Writer,227.25,GBP,paypal,completed,1,4.9,False,45.45,level_1,4
TXN-1000935,2024-01-24,SEO/SEM,MX,FR,Marketing Manager,198.96,USD,paypal,completed,8,3.4,False,39.79,new_seller,4
TXN-1001071,2024-01-24,Translation,FR,BR,Writer,58.57,USD,credit_card,completed,2,4.7,True,11.71,level_1,4
TXN-1001179,2024-01-24,Mobile App,US,US,Software Engineer,125.11,USD,bank_transfer,completed,23,4.9,True,25.02,new_seller,4
TXN-1001077,2024-01-24,Photography,US,GB,Designer,167.83,USD,bank_transfer,completed,5,4.5,False,33.57,level_2,4
TXN-1001172,2024-01-24,Data Analysis,IN,ES,Data Scientist,45.83,GBP,crypto,completed,7,4.7,False,9.17,level_2,4
TXN-1000960,2024-01-24,AI/ML Development,US,CA,Data Scientist,130.87,USD,paypal,completed,20,3.0,True,26.17,level_2,4
TXN-1001173,2024-01-24,Web Development,FR,FR,Software Engineer,11.85,USD,paypal,completed,15,3.2,True,2.37,new_seller,4
TXN-1001073,2024-01-24,Web Development,GB,DE,Software Engineer,49.74,USD,bank_transfer,completed,19,2.8,True,9.95,new_seller,4
TXN-1001070,2024-01-24,Social Media Management,ZA,JP,Marketing Manager,881.23,EUR,bank_transfer,completed,12,4.7,False,176.25,level_2,4
TXN-1000928,2024-01-24,Virtual Assistant,IN,ES,HR Manager,151.96,ILS,credit_card,completed,1,4.9,True,30.39,level_2,4
TXN-1001114,2024-01-24,Data Analysis,US,ES,Data Scientist,32.19,USD,paypal,completed,4,3.3,False,6.44,level_2,4
TXN-1000981,2024-01-24,Photography,IL,US,Designer,123.9,USD,bank_transfer,completed,10,4.2,True,24.78,level_1,4
TXN-1000998,2024-01-24,Virtual Assistant,US,US,HR Manager,788.68,USD,credit_card,completed,2,4.8,True,157.74,new_seller,4
TXN-1000996,2024-01-24,Mobile App,AU,US,Software Engineer,42.74,USD,credit_card,completed,10,4.1,True,8.55,level_1,4
TXN-1001064,2024-01-24,Virtual Assistant,ES,MX,HR Manager,241.24,USD,paypal,completed,2,3.2,False,48.25,new_seller,4
TXN-1001194,2024-01-24,Data Analysis,GB,ES,Data Scientist,302.27,GBP,credit_card,completed,5,4.4,True,60.45,rising_talent,4
TXN-1000916,2024-01-24,Web Development,US,AU,Software Engineer,262.32,USD,credit_card,completed,19,4.8,True,52.46,level_1,4
TXN-1001163,2024-01-24,Video Production,ES,IN,Designer,62.61,USD,bank_transfer,completed,8,4.3,True,12.52,level_1,4
TXN-1001193,2024-01-24,Virtual Assistant,GB,IL,HR Manager,39.82,USD,credit_card,completed,1,4.0,True,7.96,level_1,4
TXN-1001066,2024-01-24,Social Media Management,US,GB,Marketing Manager,83.06,USD,credit_card,completed,3,3.7,False,16.61,level_2,4
TXN-1001049,2024-01-24,Graphic Design,IN,US,Designer,248.77,USD,credit_card,cancelled,6,,True,49.75,rising_talent,4
TXN-1001084,2024-01-24,Content Writing,IL,BR,Writer,1498.84,EUR,bank_transfer,completed,2,4.2,False,299.77,level_2,4
TXN-1000985,2024-01-24,Music Production,US,ZA,Designer,641.47,GBP,credit_card,completed,12,2.8,True,128.29,level_1,4
TXN-1000983,2024-01-24,Translation,DE,DE,Writer,85.16,USD,paypal,in_progress,2,,False,17.03,level_2,4
TXN-1000926,2024-01-24,Graphic Design,IL,US,Designer,45.43,USD,credit_card,completed,3,3.3,False,9.09,rising_talent,4
TXN-1001085,2024-01-25,Translation,US,US,Writer,898.5,USD,paypal,completed,3,4.2,False,179.7,level_1,4
TXN-1001057,2024-01-25,Social Media Management,US,US,Marketing Manager,205.95,USD,paypal,completed,9,3.3,False,41.19,level_1,4
TXN-1001120,2024-01-25,Social Media Management,ES,SG,Marketing Manager,263.52,EUR,paypal,completed,8,4.4,False,52.7,level_1,4
TXN-1001122,2024-01-25,AI/ML Development,GB,US,Data Scientist,93.8,USD,bank_transfer,completed,22,4.4,True,18.76,level_1,4
TXN-1001123,2024-01-25,Video Production,US,MX,Designer,14.85,GBP,credit_card,completed,14,4.1,False,2.97,new_seller,4
TXN-1001076,2024-01-25,Virtual Assistant,SG,CA,HR Manager,570.25,ILS,paypal,completed,2,3.8,False,114.05,rising_talent,4
TXN-1001113,2024-01-25,Content Writing,US,US,Writer,157.99,USD,bank_transfer,completed,3,4.2,True,31.6,level_2,4
TXN-1001100,2024-01-25,Music Production,US,US,Designer,148.76,USD,credit_card,completed,6,4.4,False,29.75,level_2,4
TXN-1001101,2024-01-25,Video Production,BR,US,Designer,40.84,ILS,bank_transfer,completed,4,4.3,False,8.17,level_2,4
TXN-1001118,2024-01-25,Graphic Design,GB,GB,Designer,68.64,USD,credit_card,completed,3,4.1,False,13.73,level_2,4
TXN-1001129,2024-01-25,AI/ML Development,DE,BR,Data Scientist,75.85,USD,credit_card,completed,23,2.1,True,15.17,level_2,4
TXN-1001187,2024-01-25,AI/ML Development,GB,GB,Data Scientist,964.18,EUR,credit_card,completed,13,3.8,False,192.84,level_1,4
TXN-1001044,2024-01-25,AI/ML Development,JP,US,Data Scientist,324.22,USD,paypal,completed,8,4.7,False,64.84,rising_talent,4
TXN-1000944,2024-01-25,Graphic Design,IN,ZA,Designer,287.02,USD,bank_transfer,disputed,7,,False,57.4,level_2,4
TXN-1001134,2024-01-25,Photography,US,US,Designer,47.27,GBP,credit_card,completed,5,2.6,True,9.45,new_seller,4
TXN-1000932,2024-01-25,Legal Consulting,US,US,Lawyer,54.83,USD,paypal,completed,9,4.7,False,10.97,rising_talent,4
TXN-1001186,2024-01-25,Web Development,US,IN,Software Engineer,128.24,EUR,bank_transfer,cancelled,21,,True,25.65,level_1,4
TXN-1001188,2024-01-25,Mobile App,AU,MX,Software Engineer,550.69,USD,credit_card,completed,30,3.1,True,110.14,level_1,4
TXN-1001190,2024-01-25,Graphic Design,IN,GB,Designer,60.38,GBP,credit_card,completed,5,3.8,True,12.08,new_seller,4
TXN-1001191,2024-01-25,Financial Modeling,IN,US,Accountant,67.77,USD,paypal,cancelled,9,,True,13.55,level_1,4
TXN-1001192,2024-01-25,Mobile App,US,DE,Software Engineer,1484.73,USD,paypal,completed,12,4.2,False,296.95,level_1,4
TXN-1000945,2024-01-25,Mobile App,FR,CA,Software Engineer,132.94,USD,credit_card,completed,17,5.0,False,26.59,level_1,4
TXN-1000903,2024-01-25,Web Development,GB,CA,Software Engineer,101.99,USD,paypal,completed,13,4.6,False,20.4,rising_talent,4
TXN-1001204,2024-01-25,Photography,GB,US,Designer,78.8,USD,credit_card,completed,3,3.2,True,15.76,rising_talent,4
TXN-1000889,2024-01-25,Social Media Management,IL,US,Marketing Manager,62.83,USD,bank_transfer,completed,7,4.6,False,12.57,level_1,4
TXN-1001208,2024-01-25,Legal Consulting,CA,DE,Lawyer,56.81,USD,bank_transfer,completed,9,4.3,False,11.36,level_1,4
TXN-1000884,2024-01-25,Social Media Management,US,IN,Marketing Manager,324.69,USD,crypto,completed,9,3.4,True,64.94,level_2,4
TXN-1000882,2024-01-25,SEO/SEM,US,US,Marketing Manager,1112.23,EUR,credit_card,completed,13,3.6,True,222.45,rising_talent,4
TXN-1000872,2024-01-25,Mobile App,GB,SG,Software Engineer,218.88,EUR,credit_card,completed,30,5.0,False,43.78,new_seller,4
TXN-1001215,2024-01-25,Graphic Design,JP,AU,Designer,17.99,USD,bank_transfer,completed,5,4.6,False,3.6,top_rated,4
TXN-1001102,2024-01-25,Graphic Design,IN,DE,Designer,1068.46,USD,paypal,completed,3,5.0,False,213.69,top_rated,4
TXN-1000898,2024-01-25,Video Production,MX,US,Designer,260.54,USD,credit_card,completed,8,4.0,False,52.11,level_2,4
TXN-1000954,2024-01-25,Mobile App,NL,IN,Software Engineer,223.26,USD,paypal,completed,15,4.1,False,44.65,level_2,4
TXN-1000940,2024-01-25,Music Production,IN,NL,Designer,44.31,EUR,credit_card,completed,17,4.6,False,8.86,level_1,4
TXN-1000967,2024-01-25,Data Analysis,DE,DE,Data Scientist,155.52,USD,crypto,completed,11,4.8,False,31.1,level_2,4
TXN-1001043,2024-01-25,SEO/SEM,IN,GB,Marketing Manager,43.2,USD,paypal,completed,13,3.7,False,8.64,level_1,4
TXN-1001042,2024-01-25,Translation,US,IN,Writer,63.3,GBP,credit_card,completed,1,4.2,False,12.66,level_1,4
TXN-1001031,2024-01-25,Mobile App,FR,JP,Software Engineer,28.56,USD,credit_card,completed,27,3.5,False,5.71,level_2,4
TXN-1001026,2024-01-25,Photography,JP,DE,Designer,44.23,USD,paypal,completed,4,4.3,False,8.85,level_2,4
TXN-1001176,2024-01-25,Video Production,US,US,Designer,852.26,ILS,credit_card,completed,10,4.9,True,170.45,level_1,4
TXN-1001149,2024-01-25,Data Analysis,ES,BR,Data Scientist,240.51,USD,credit_card,in_progress,7,,True,48.1,new_seller,4
TXN-1001014,2024-01-25,Mobile App,FR,US,Software Engineer,649.21,USD,bank_transfer,completed,9,4.1,True,129.84,level_1,4
TXN-1001155,2024-01-25,Graphic Design,GB,US,Designer,199.52,USD,paypal,completed,3,4.3,False,39.9,level_2,4
TXN-1000995,2024-01-25,Graphic Design,ES,GB,Designer,163.02,USD,credit_card,completed,3,4.0,True,32.6,level_1,4
TXN-1001144,2024-01-25,Mobile App,DE,ES,Software Engineer,107.81,USD,credit_card,completed,21,3.9,True,21.56,top_rated,4
TXN-1001103,2024-01-25,Data Analysis,DE,AU,Data Scientist,16.21,USD,credit_card,completed,8,4.2,True,3.24,level_2,4
TXN-1001160,2024-01-25,Content Writing,SG,IN,Writer,668.28,USD,paypal,completed,5,4.7,True,133.66,rising_talent,4
TXN-1000989,2024-01-25,SEO/SEM,IN,GB,Marketing Manager,1028.42,USD,credit_card,completed,7,4.1,True,205.68,level_1,4
TXN-1000977,2024-01-25,Music Production,IL,US,Designer,138.45,USD,credit_card,completed,12,4.1,False,27.69,rising_talent,4
TXN-1000968,2024-01-25,Data Analysis,IN,US,Data Scientist,187.11,USD,credit_card,completed,5,4.3,True,37.42,level_2,4
TXN-1001116,2024-01-26,Video Production,US,CA,Designer,119.76,USD,credit_card,completed,17,4.0,False,23.95,rising_talent,4
TXN-1001216,2024-01-26,Graphic Design,GB,ZA,Designer,153.83,USD,credit_card,completed,4,4.6,True,30.77,level_2,4
TXN-1001136,2024-01-26,AI/ML Development,DE,US,Data Scientist,37.11,INR,paypal,completed,12,4.1,True,7.42,level_2,4
TXN-1001106,2024-01-26,Music Production,FR,DE,Designer,357.58,USD,crypto,completed,10,1.0,False,71.52,level_1,4
TXN-1001214,2024-01-26,Data Analysis,US,US,Data Scientist,808.52,USD,paypal,completed,7,3.6,False,161.7,rising_talent,4
TXN-1001213,2024-01-26,AI/ML Development,US,DE,Data Scientist,133.9,USD,credit_card,completed,18,4.7,False,26.78,level_1,4
TXN-1001121,2024-01-26,Graphic Design,US,IN,Designer,116.09,USD,credit_card,completed,4,4.6,False,23.22,level_1,4
TXN-1001159,2024-01-26,Legal Consulting,US,GB,Lawyer,58.77,GBP,credit_card,completed,18,4.6,True,11.75,rising_talent,4
TXN-1001125,2024-01-26,Mobile App,IL,DE,Software Engineer,37.19,USD,credit_card,completed,18,4.2,True,7.44,new_seller,4
TXN-1001168,2024-01-26,Video Production,GB,ZA,Designer,26.82,USD,crypto,completed,5,3.6,True,5.36,rising_talent,4
TXN-1001207,2024-01-26,Financial Modeling,DE,US,Accountant,431.44,USD,paypal,cancelled,12,,False,86.29,level_2,4
TXN-1001180,2024-01-26,Web Development,US,FR,Software Engineer,33.7,USD,credit_card,completed,13,3.6,False,6.74,rising_talent,4
TXN-1001183,2024-01-26,Legal Consulting,IN,US,Lawyer,498.92,USD,paypal,completed,22,3.9,True,99.78,level_1,4
TXN-1001212,2024-01-26,Mobile App,US,US,Software Engineer,1148.09,USD,credit_card,completed,22,3.5,True,229.62,rising_talent,4
TXN-1001127,2024-01-26,AI/ML Development,IN,DE,Data Scientist,285.26,USD,credit_card,completed,16,3.9,False,57.05,level_2,4
TXN-1001075,2024-01-26,Video Production,IL,US,Designer,233.37,USD,crypto,completed,3,2.8,False,46.67,level_1,4
TXN-1000885,2024-01-26,SEO/SEM,US,US,Marketing Manager,237.87,INR,credit_card,completed,11,3.7,True,47.57,level_1,4
TXN-1000886,2024-01-26,Mobile App,US,IN,Software Engineer,40.17,USD,crypto,completed,25,3.7,True,8.03,new_seller,4
TXN-1001054,2024-01-26,Web Development,US,SG,Software Engineer,251.81,USD,paypal,completed,23,3.5,True,50.36,new_seller,4
TXN-1001047,2024-01-26,Music Production,CA,DE,Designer,274.49,USD,credit_card,completed,10,4.7,True,54.9,level_1,4
TXN-1000893,2024-01-26,AI/ML Development,FR,NL,Data Scientist,205.9,USD,bank_transfer,completed,16,4.6,False,41.18,rising_talent,4
TXN-1000970,2024-01-26,Video Production,US,US,Designer,945.56,USD,credit_card,completed,11,4.6,True,189.11,rising_talent,4
TXN-1000894,2024-01-26,Content Writing,US,DE,Writer,60.4,USD,paypal,completed,6,3.6,True,12.08,top_rated,4
TXN-1000972,2024-01-26,Content Writing,FR,US,Writer,60.5,USD,credit_card,completed,2,4.8,False,12.1,level_2,4
TXN-1001035,2024-01-26,Virtual Assistant,IN,US,HR Manager,177.02,USD,credit_card,completed,3,4.9,True,35.4,level_1,4
TXN-1000880,2024-01-26,AI/ML Development,DE,US,Data Scientist,207.49,USD,paypal,completed,10,3.2,False,41.5,level_1,4
TXN-1000897,2024-01-26,Content Writing,CA,IL,Writer,267.75,USD,paypal,completed,4,4.0,False,53.55,level_1,4
TXN-1000980,2024-01-26,Data Analysis,US,US,Data Scientist,29.42,USD,credit_card,completed,9,4.8,True,5.88,top_rated,4
TXN-1000988,2024-01-26,Financial Modeling,US,GB,Accountant,272.24,USD,paypal,completed,11,3.6,False,54.45,rising_talent,4
TXN-1000990,2024-01-26,Translation,MX,GB,Writer,186.7,USD,credit_card,completed,3,4.0,False,37.34,rising_talent,4
TXN-1000920,2024-01-26,Web Development,US,GB,Software Engineer,104.31,USD,credit_card,completed,15,3.6,True,20.86,level_2,4
TXN-1001015,2024-01-26,SEO/SEM,US,IL,Marketing Manager,47.1,USD,bank_transfer,completed,14,4.3,False,9.42,rising_talent,4
TXN-1000902,2024-01-26,Legal Consulting,US,GB,Lawyer,199.48,GBP,bank_transfer,cancelled,30,,False,39.9,level_1,4
TXN-1001009,2024-01-26,Legal Consulting,US,US,Lawyer,37.8,USD,paypal,completed,9,3.4,True,7.56,level_1,4
TXN-1001006,2024-01-26,Photography,NL,BR,Designer,776.08,INR,credit_card,completed,6,4.2,False,155.22,level_1,4
TXN-1000976,2024-01-26,Virtual Assistant,IN,US,HR Manager,315.21,GBP,bank_transfer,completed,3,2.7,False,63.04,rising_talent,4
TXN-1000910,2024-01-26,AI/ML Development,US,AU,Data Scientist,59.23,EUR,credit_card,completed,13,3.7,True,11.85,level_2,4
TXN-1000959,2024-01-26,Video Production,ES,IL,Designer,38.24,USD,paypal,completed,6,4.0,True,7.65,level_2,4
TXN-1001065,2024-01-26,Virtual Assistant,ZA,GB,HR Manager,390.69,USD,bank_transfer,completed,1,4.5,True,78.14,top_rated,4
TXN-1001090,2024-01-26,Content Writing,GB,IN,Writer,171.75,USD,paypal,completed,1,4.4,False,34.35,rising_talent,4
TXN-1000958,2024-01-26,Translation,US,US,Writer,221.57,EUR,paypal,completed,2,4.5,False,44.31,level_1,4
TXN-1001099,2024-01-26,Video Production,DE,US,Designer,157.8,USD,credit_card,completed,3,4.4,False,31.56,new_seller,4
TXN-1000934,2024-01-26,Social Media Management,US,ZA,Marketing Manager,52.7,EUR,credit_card,completed,15,4.6,False,10.54,level_2,4
TXN-1000931,2024-01-26,Content Writing,IN,BR,Writer,20.47,USD,credit_card,completed,2,4.5,False,4.09,top_rated,4
TXN-1000930,2024-01-26,Legal Consulting,IN,IN,Lawyer,25.48,USD,paypal,completed,10,3.7,False,5.1,top_rated,4
TXN-1000879,2024-01-26,Web Development,US,DE,Software Engineer,994.89,USD,credit_card,completed,30,3.4,False,198.98,rising_talent,4
TXN-1000876,2024-01-26,Web Development,US,US,Software Engineer,63.06,USD,credit_card,completed,20,4.6,True,12.61,rising_talent,4
TXN-1000929,2024-01-26,Video Production,GB,GB,Designer,83.53,USD,credit_card,completed,4,4.4,False,16.71,rising_talent,4
TXN-1001063,2024-01-26,Content Writing,IN,JP,Writer,17.41,USD,crypto,completed,5,4.2,False,3.48,level_2,4
TXN-1000922,2024-01-26,Social Media Management,GB,IL,Marketing Manager,78.25,EUR,credit_card,completed,8,3.9,True,15.65,level_2,4
TXN-1000938,2024-01-26,Virtual Assistant,US,IN,HR Manager,891.65,USD,credit_card,completed,3,4.9,True,178.33,level_1,4
TXN-1000939,2024-01-26,Photography,IL,ZA,Designer,241.77,USD,credit_card,completed,6,3.2,False,48.35,level_2,4
TXN-1000875,2024-01-26,Financial Modeling,IN,US,Accountant,1165.4,USD,crypto,completed,21,3.4,True,233.08,rising_talent,4
TXN-1000918,2024-01-27,Data Analysis,FR,US,Data Scientist,60.7,USD,credit_card,completed,4,4.6,True,12.14,rising_talent,4
TXN-1000993,2024-01-27,Content Writing,AU,NL,Writer,998.84,ILS,paypal,completed,2,4.3,False,199.77,new_seller,4
TXN-1000946,2024-01-27,Graphic Design,US,AU,Designer,255.13,USD,credit_card,completed,4,4.2,False,51.03,new_seller,4
TXN-1000973,2024-01-27,Music Production,GB,US,Designer,53.6,USD,credit_card,completed,9,4.0,False,10.72,top_rated,4
TXN-1000933,2024-01-27,SEO/SEM,US,US,Marketing Manager,185.54,USD,credit_card,completed,7,4.9,True,37.11,level_1,4
TXN-1000974,2024-01-27,Social Media Management,ZA,DE,Marketing Manager,43.6,USD,crypto,completed,8,4.7,True,8.72,level_2,4
TXN-1000917,2024-01-27,Music Production,BR,GB,Designer,399.08,USD,credit_card,completed,9,4.3,True,79.82,level_1,4
TXN-1000937,2024-01-27,Content Writing,MX,IN,Writer,1077.53,USD,bank_transfer,completed,2,2.9,False,215.51,rising_talent,4
TXN-1000962,2024-01-27,Virtual Assistant,US,GB,HR Manager,67.97,USD,credit_card,completed,1,4.1,False,13.59,top_rated,4
TXN-1000906,2024-01-27,Translation,IN,CA,Writer,461.99,USD,credit_card,completed,1,4.5,True,92.4,rising_talent,4
TXN-1000961,2024-01-27,AI/ML Development,GB,IN,Data Scientist,135.04,USD,credit_card,completed,16,4.7,False,27.01,new_seller,4
TXN-1001158,2024-01-27,Data Analysis,SG,FR,Data Scientist,49.84,USD,credit_card,completed,18,4.9,True,9.97,level_1,4
TXN-1000986,2024-01-27,Graphic Design,CA,GB,Designer,587.86,GBP,bank_transfer,completed,6,4.2,True,117.57,level_1,4
TXN-1001000,2024-01-27,Video Production,NL,GB,Designer,400.51,EUR,credit_card,completed,5,3.1,False,80.1,top_rated,4
TXN-1001148,2024-01-27,Mobile App,US,US,Software Engineer,190.83,USD,paypal,completed,15,4.1,False,38.17,rising_talent,4
TXN-1001002,2024-01-27,Legal Consulting,US,AU,Lawyer,45.41,USD,credit_card,completed,13,4.5,False,9.08,level_1,4
TXN-1001097,2024-01-27,Mobile App,JP,IN,Software Engineer,177.45,EUR,credit_card,completed,21,3.7,True,35.49,top_rated,4
TXN-1000867,2024-01-27,Web Development,MX,US,Software Engineer,178.8,EUR,credit_card,completed,15,4.3,True,35.76,level_1,4
TXN-1001108,2024-01-27,Photography,IN,US,Designer,491.0,GBP,credit_card,completed,3,2.5,False,98.2,top_rated,4
TXN-1001095,2024-01-27,SEO/SEM,US,US,Marketing Manager,425.47,GBP,paypal,completed,9,3.8,True,85.09,rising_talent,4
TXN-1001081,2024-01-27,Graphic Design,US,IN,Designer,831.7,USD,credit_card,completed,3,3.6,False,166.34,level_2,4
TXN-1001074,2024-01-27,Graphic Design,FR,BR,Designer,307.56,USD,credit_card,completed,6,4.7,True,61.51,level_1,4
TXN-1001069,2024-01-27,Legal Consulting,MX,US,Lawyer,45.91,USD,credit_card,completed,12,3.8,False,9.18,level_2,4
TXN-1000877,2024-01-27,Video Production,GB,IN,Designer,399.73,USD,paypal,completed,11,3.6,False,79.95,level_1,4
TXN-1001059,2024-01-27,Mobile App,DE,IL,Software Engineer,188.52,GBP,crypto,completed,30,4.3,False,37.7,new_seller,4
TXN-1001058,2024-01-27,Video Production,IN,US,Designer,67.45,USD,credit_card,completed,11,3.1,True,13.49,level_2,4
TXN-1001124,2024-01-27,Photography,US,IN,Designer,268.6,USD,credit_card,completed,2,2.9,False,53.72,level_2,4
TXN-1001056,2024-01-27,Content Writing,BR,US,Writer,184.13,USD,paypal,completed,2,3.8,True,36.83,new_seller,4
TXN-1001199,2024-01-27,Music Production,US,FR,Designer,178.17,USD,credit_card,completed,8,3.4,True,35.63,level_1,4
TXN-1001050,2024-01-27,Translation,NL,BR,Writer,54.61,USD,bank_transfer,completed,3,4.6,False,10.92,new_seller,4
TXN-1001126,2024-01-27,Graphic Design,CA,US,Designer,673.31,USD,credit_card,completed,8,4.4,True,134.66,top_rated,4
TXN-1000919,2024-01-27,Financial Modeling,US,ZA,Accountant,338.36,USD,bank_transfer,in_progress,8,,False,67.67,new_seller,4
TXN-1001205,2024-01-27,Content Writing,IN,ZA,Writer,86.5,USD,paypal,completed,4,4.4,True,17.3,level_1,4
TXN-1001037,2024-01-27,Content Writing,GB,DE,Writer,111.64,USD,credit_card,completed,2,3.3,False,22.33,new_seller,4
TXN-1001005,2024-01-27,Video Production,IN,GB,Designer,903.87,USD,crypto,completed,8,4.6,False,180.77,level_1,4
TXN-1001007,2024-01-27,Photography,US,IN,Designer,299.98,EUR,paypal,completed,2,5.0,False,60.0,level_1,4
TXN-1001138,2024-01-27,SEO/SEM,US,US,Marketing Manager,104.49,USD,bank_transfer,completed,6,4.2,True,20.9,rising_talent,4
TXN-1001034,2024-01-27,Content Writing,IL,US,Writer,59.12,USD,paypal,completed,2,4.0,False,11.82,top_rated,4
TXN-1001033,2024-01-27,Content Writing,IN,GB,Writer,32.87,USD,credit_card,completed,5,4.1,True,6.57,level_1,4
TXN-1001143,2024-01-27,Photography,US,BR,Designer,48.89,USD,credit_card,completed,4,4.2,False,9.78,rising_talent,4
TXN-1001147,2024-01-27,Financial Modeling,FR,US,Accountant,66.08,USD,credit_card,completed,7,4.3,True,13.22,top_rated,4
TXN-1001021,2024-01-27,Graphic Design,DE,FR,Designer,41.29,USD,paypal,completed,4,4.4,False,8.26,rising_talent,4
TXN-1001016,2024-01-27,Content Writing,FR,ZA,Writer,102.84,USD,credit_card,completed,1,4.7,True,20.57,rising_talent,4
TXN-1000887,2024-01-28,Social Media Management,US,US,Marketing Manager,60.25,USD,credit_card,completed,6,4.5,False,12.05,top_rated,4
TXN-1000901,2024-01-28,Mobile App,GB,US,Software Engineer,155.54,USD,credit_card,completed,18,4.4,False,31.11,level_1,4
TXN-1000890,2024-01-28,Graphic Design,US,ZA,Designer,36.34,USD,paypal,completed,4,4.0,False,7.27,level_2,4
TXN-1000915,2024-01-28,Virtual Assistant,ZA,US,HR Manager,329.28,USD,bank_transfer,completed,1,4.2,False,65.86,level_1,4
TXN-1000912,2024-01-28,AI/ML Development,FR,AU,Data Scientist,19.97,GBP,paypal,completed,10,4.7,True,3.99,rising_talent,4
TXN-1000870,2024-01-28,Mobile App,ES,GB,Software Engineer,151.94,ILS,paypal,completed,8,4.5,False,30.39,level_1,4
TXN-1001198,2024-01-28,Translation,IN,IN,Writer,285.93,USD,credit_card,completed,2,4.1,False,57.19,level_1,4
TXN-1001098,2024-01-28,AI/ML Development,DE,US,Data Scientist,47.37,USD,paypal,completed,20,3.9,False,9.47,new_seller,4
TXN-1001182,2024-01-28,Content Writing,FR,BR,Writer,126.08,EUR,crypto,completed,1,2.6,True,25.22,rising_talent,4
TXN-1001096,2024-01-28,Financial Modeling,US,SG,Accountant,44.89,USD,paypal,completed,10,4.4,False,8.98,rising_talent,4
TXN-1001094,2024-01-28,Photography,IL,MX,Designer,143.91,EUR,bank_transfer,completed,1,3.2,False,28.78,level_1,4
TXN-1001088,2024-01-28,Virtual Assistant,BR,JP,HR Manager,10.75,USD,paypal,completed,4,4.5,True,2.15,level_2,4
TXN-1001086,2024-01-28,Music Production,DE,DE,Designer,204.27,ILS,bank_transfer,completed,25,3.9,False,40.85,level_1,4
TXN-1001067,2024-01-28,Video Production,GB,FR,Designer,100.73,USD,credit_card,completed,11,4.9,False,20.15,level_2,4
TXN-1001119,2024-01-28,Social Media Management,IN,MX,Marketing Manager,10.5,INR,credit_card,completed,10,4.3,False,2.1,rising_talent,4
TXN-1001055,2024-01-28,Video Production,US,ES,Designer,776.22,USD,credit_card,completed,5,3.9,False,155.24,level_1,4
TXN-1001128,2024-01-28,Music Production,GB,FR,Designer,1338.43,USD,credit_card,completed,24,4.6,False,267.69,top_rated,4
TXN-1001051,2024-01-28,SEO/SEM,US,FR,Marketing Manager,133.45,EUR,credit_card,completed,10,3.4,False,26.69,rising_talent,4
TXN-1001132,2024-01-28,AI/ML Development,DE,US,Data Scientist,60.44,USD,credit_card,completed,28,4.5,False,12.09,level_2,4
TXN-1001046,2024-01-28,Legal Consulting,GB,ZA,Lawyer,585.75,USD,paypal,completed,18,3.2,False,117.15,level_1,4
TXN-1000924,2024-01-28,Video Production,FR,US,Designer,55.59,USD,credit_card,completed,4,4.8,False,11.12,new_seller,4
TXN-1001036,2024-01-28,Web Development,GB,BR,Software Engineer,195.13,USD,credit_card,completed,8,3.8,False,39.03,rising_talent,4
TXN-1001041,2024-01-28,Photography,US,NL,Designer,554.02,USD,bank_transfer,completed,3,4.4,True,110.8,level_1,4
TXN-1000949,2024-01-28,Legal Consulting,US,US,Lawyer,619.76,USD,bank_transfer,cancelled,14,,False,123.95,level_1,4
TXN-1000956,2024-01-28,Translation,ES,US,Writer,268.56,USD,paypal,completed,3,3.4,True,53.71,level_2,4
TXN-1001171,2024-01-28,Graphic Design,US,NL,Designer,99.68,USD,paypal,completed,5,4.7,False,19.94,rising_talent,4
TXN-1000978,2024-01-28,Financial Modeling,US,US,Accountant,560.9,USD,credit_card,completed,14,4.1,True,112.18,level_1,4
TXN-1001174,2024-01-28,SEO/SEM,ZA,IN,Marketing Manager,43.79,USD,credit_card,completed,6,3.6,False,8.76,level_1,4
TXN-1001012,2024-01-28,Video Production,US,US,Designer,322.23,INR,crypto,completed,5,4.8,False,64.45,rising_talent,4
TXN-1001019,2024-01-28,Video Production,IN,ES,Designer,248.43,USD,credit_card,completed,6,3.1,False,49.69,top_rated,4
TXN-1001140,2024-01-28,Graphic Design,IN,FR,Designer,33.91,USD,paypal,completed,8,4.9,False,6.78,level_2,4
TXN-1001001,2024-01-28,Web Development,US,DE,Software Engineer,61.12,USD,bank_transfer,completed,12,4.9,False,12.22,level_2,4
TXN-1001276,2024-01-29,Virtual Assistant,ZA,GB,HR Manager,85.05,USD,credit_card,completed,2,4.5,False,17.01,level_2,5
TXN-1001517,2024-01-29,AI/ML Development,US,DE,Data Scientist,269.12,USD,bank_transfer,completed,14,4.3,True,53.82,new_seller,5
TXN-1001371,2024-01-29,Web Development,JP,ES,Software Engineer,124.04,USD,crypto,completed,14,4.3,False,24.81,new_seller,5
TXN-1001278,2024-01-29,Web Development,NL,CA,Software Engineer,178.8,EUR,credit_card,completed,18,3.5,True,35.76,level_2,5
TXN-1001565,2024-01-29,AI/ML Development,DE,IN,Data Scientist,97.08,USD,credit_card,completed,25,4.9,False,19.42,level_2,5
TXN-1001511,2024-01-29,Social Media Management,MX,IN,Marketing Manager,381.83,GBP,credit_card,completed,13,4.2,False,76.37,level_1,5
TXN-1001265,2024-01-29,Web Development,IN,US,Software Engineer,688.35,USD,paypal,completed,11,3.8,False,137.67,rising_talent,5
TXN-1001379,2024-01-29,Social Media Management,US,FR,Marketing Manager,76.8,USD,crypto,completed,6,4.3,False,15.36,top_rated,5
TXN-1001504,2024-01-29,Legal Consulting,MX,IN,Lawyer,951.67,USD,credit_card,completed,19,4.3,False,190.33,level_2,5
TXN-1001266,2024-01-29,Video Production,IN,GB,Designer,45.67,INR,paypal,completed,9,4.3,False,9.13,rising_talent,5
TXN-1001562,2024-01-29,Translation,BR,DE,Writer,7.38,GBP,paypal,completed,4,4.6,False,1.48,level_2,5
TXN-1001577,2024-01-29,Graphic Design,IN,US,Designer,29.4,ILS,credit_card,cancelled,2,,False,5.88,level_1,5
TXN-1001502,2024-01-29,Graphic Design,CA,IN,Designer,95.95,USD,credit_card,completed,3,4.2,True,19.19,rising_talent,5
TXN-1001394,2024-01-29,Web Development,JP,US,Software Engineer,880.8,USD,paypal,completed,15,4.7,False,176.16,top_rated,5
TXN-1001507,2024-01-29,Video Production,US,IN,Designer,56.67,USD,bank_transfer,completed,11,3.0,False,11.33,new_seller,5
TXN-1001359,2024-01-29,Data Analysis,BR,BR,Data Scientist,820.46,USD,credit_card,completed,8,4.6,False,164.09,new_seller,5
TXN-1001292,2024-01-29,Translation,IN,US,Writer,1612.22,USD,credit_card,completed,2,4.1,False,322.44,level_1,5
TXN-1001355,2024-01-29,Web Development,FR,US,Software Engineer,33.8,GBP,credit_card,completed,16,4.2,False,6.76,level_1,5
TXN-1001323,2024-01-29,Data Analysis,IN,NL,Data Scientist,15.6,USD,paypal,completed,7,4.2,False,3.12,new_seller,5
TXN-1001334,2024-01-29,Financial Modeling,US,US,Accountant,31.83,USD,credit_card,completed,6,4.6,False,6.37,new_seller,5
TXN-1001306,2024-01-29,Web Development,IL,IN,Software Engineer,95.76,USD,paypal,completed,19,4.4,False,19.15,level_2,5
TXN-1001532,2024-01-29,Data Analysis,NL,AU,Data Scientist,142.81,USD,credit_card,completed,4,3.7,False,28.56,level_2,5
TXN-1001530,2024-01-29,AI/ML Development,CA,IN,Data Scientist,124.01,USD,bank_transfer,completed,17,4.7,False,24.8,level_1,5
TXN-1001529,2024-01-29,Mobile App,GB,AU,Software Engineer,545.04,EUR,paypal,completed,28,4.9,False,109.01,rising_talent,5
TXN-1001395,2024-01-29,Legal Consulting,US,SG,Lawyer,143.96,USD,bank_transfer,completed,15,4.2,False,28.79,new_seller,5
TXN-1001301,2024-01-29,Photography,AU,US,Designer,1323.87,EUR,bank_transfer,completed,2,4.3,False,264.77,top_rated,5
TXN-1001299,2024-01-29,Translation,US,FR,Writer,109.22,USD,bank_transfer,completed,3,4.1,False,21.84,level_2,5
TXN-1001298,2024-01-29,Social Media Management,CA,US,Marketing Manager,161.08,USD,credit_card,completed,11,3.5,False,32.22,level_2,5
TXN-1001343,2024-01-29,Social Media Management,FR,AU,Marketing Manager,268.26,EUR,bank_transfer,completed,7,4.6,True,53.65,level_1,5
TXN-1001524,2024-01-29,Data Analysis,FR,ES,Data Scientist,142.8,GBP,credit_card,completed,13,3.9,False,28.56,new_seller,5
TXN-1001521,2024-01-29,Graphic Design,DE,MX,Designer,14.79,INR,credit_card,completed,4,3.8,False,2.96,rising_talent,5
TXN-1001352,2024-01-29,Photography,GB,DE,Designer,25.64,USD,paypal,completed,1,4.0,False,5.13,rising_talent,5
TXN-1001354,2024-01-29,Legal Consulting,MX,US,Lawyer,122.12,USD,credit_card,completed,7,3.7,False,24.42,new_seller,5
TXN-1001357,2024-01-29,Graphic Design,NL,IN,Designer,425.08,USD,credit_card,completed,81,4.6,False,85.02,rising_talent,5
TXN-1001302,2024-01-29,Mobile App,US,US,Software Engineer,131.29,EUR,bank_transfer,completed,18,3.9,False,26.26,level_1,5
TXN-1001253,2024-01-29,Graphic Design,MX,IL,Designer,1349.76,USD,credit_card,completed,6,4.7,False,269.95,rising_talent,5
TXN-1001404,2024-01-29,Photography,IL,MX,Designer,93.25,USD,bank_transfer,completed,2,4.7,False,18.65,level_2,5
TXN-1001318,2024-01-29,Mobile App,NL,US,Software Engineer,651.47,USD,bank_transfer,completed,19,4.8,False,130.29,top_rated,5
TXN-1001218,2024-01-29,Mobile App,IN,IN,Software Engineer,666.88,USD,bank_transfer,completed,21,4.2,False,133.38,level_1,5
TXN-1001464,2024-01-29,SEO/SEM,ES,DE,Marketing Manager,227.45,USD,credit_card,disputed,12,,False,45.49,new_seller,5
TXN-1001462,2024-01-29,Social Media Management,GB,US,Marketing Manager,149.19,USD,credit_card,completed,5,4.6,True,29.84,rising_talent,5
TXN-1001481,2024-01-29,Music Production,DE,BR,Designer,25.39,USD,credit_card,cancelled,12,,True,5.08,level_1,5
TXN-1001449,2024-01-29,Virtual Assistant,GB,CA,HR Manager,125.94,EUR,crypto,cancelled,3,,True,25.19,rising_talent,5
TXN-1001227,2024-01-29,AI/ML Development,GB,IN,Data Scientist,350.93,USD,credit_card,completed,17,3.3,True,70.19,level_2,5
TXN-1001442,2024-01-29,Graphic Design,US,US,Designer,331.56,ILS,credit_card,completed,4,3.2,True,66.31,level_1,5
TXN-1001231,2024-01-29,Music Production,IL,US,Designer,26.91,USD,credit_card,completed,15,4.8,False,5.38,rising_talent,5
TXN-1001440,2024-01-29,Mobile App,US,US,Software Engineer,193.67,EUR,paypal,completed,30,4.5,False,38.73,rising_talent,5
TXN-1001439,2024-01-29,Mobile App,ZA,IL,Software Engineer,124.81,USD,paypal,completed,16,1.0,True,24.96,rising_talent,5
TXN-1001589,2024-01-29,Social Media Management,DE,BR,Marketing Manager,84.7,USD,bank_transfer,completed,15,4.5,False,16.94,level_1,5
TXN-1001489,2024-01-29,Financial Modeling,CA,CA,Accountant,309.04,USD,credit_card,completed,10,3.1,False,61.81,new_seller,5
TXN-1001587,2024-01-29,Graphic Design,US,FR,Designer,186.07,USD,bank_transfer,completed,4,4.1,False,37.21,level_1,5
TXN-1001426,2024-01-29,Virtual Assistant,US,ES,HR Manager,526.74,USD,paypal,completed,1,4.0,False,105.35,level_1,5
TXN-1001434,2024-01-29,Social Media Management,BR,GB,Marketing Manager,645.06,EUR,credit_card,completed,5,4.5,True,129.01,level_1,5
TXN-1001317,2024-01-29,AI/ML Development,ZA,MX,Data Scientist,49.3,USD,bank_transfer,completed,30,4.2,False,9.86,level_1,5
TXN-1001410,2024-01-29,Content Writing,US,IL,Writer,50.29,EUR,credit_card,completed,2,4.6,False,10.06,new_seller,5
TXN-1001408,2024-01-29,Translation,JP,FR,Writer,92.34,USD,credit_card,completed,5,3.5,True,18.47,rising_talent,5
TXN-1001412,2024-01-29,Data Analysis,US,SG,Data Scientist,22.35,USD,credit_card,completed,6,4.6,False,4.47,level_1,5
TXN-1001406,2024-01-29,Music Production,AU,MX,Designer,89.34,USD,credit_card,completed,17,4.9,True,17.87,rising_talent,5
TXN-1001424,2024-01-29,Data Analysis,SG,FR,Data Scientist,93.86,GBP,credit_card,completed,12,3.2,True,18.77,new_seller,5
TXN-1001525,2024-01-30,Data Analysis,GB,GB,Data Scientist,46.54,ILS,credit_card,completed,9,4.6,False,9.31,level_2,5
TXN-1001526,2024-01-30,Data Analysis,FR,GB,Data Scientist,182.26,USD,credit_card,completed,2,3.5,False,36.45,level_2,5
TXN-1001402,2024-01-30,Social Media Management,SG,ES,Marketing Manager,164.21,EUR,credit_card,completed,4,4.5,True,32.84,new_seller,5
TXN-1001500,2024-01-30,Video Production,US,DE,Designer,233.7,USD,bank_transfer,completed,8,3.2,False,46.74,rising_talent,5
TXN-1001450,2024-01-30,Photography,US,US,Designer,237.13,USD,credit_card,completed,9,4.5,False,47.43,level_2,5
TXN-1001451,2024-01-30,Data Analysis,FR,NL,Data Scientist,41.68,USD,credit_card,disputed,6,,True,8.34,level_1,5
TXN-1001342,2024-01-30,Data Analysis,ES,US,Data Scientist,93.47,USD,credit_card,completed,4,4.0,False,18.69,level_1,5
TXN-1001330,2024-01-30,Social Media Management,SG,IL,Marketing Manager,98.94,USD,paypal,completed,5,3.1,False,19.79,level_1,5
TXN-1001392,2024-01-30,Translation,US,AU,Writer,63.62,USD,paypal,completed,1,4.6,False,12.72,rising_talent,5
TXN-1001538,2024-01-30,Virtual Assistant,MX,DE,HR Manager,455.85,USD,bank_transfer,completed,1,4.5,False,91.17,rising_talent,5
TXN-1001476,2024-01-30,Social Media Management,US,BR,Marketing Manager,76.37,USD,bank_transfer,cancelled,5,,True,15.27,level_1,5
TXN-1001469,2024-01-30,Social Media Management,BR,DE,Marketing Manager,223.24,USD,credit_card,completed,7,4.2,True,44.65,level_1,5
TXN-1001405,2024-01-30,Mobile App,CA,IL,Software Engineer,87.01,GBP,credit_card,completed,30,4.2,True,17.4,level_1,5
TXN-1001327,2024-01-30,Web Development,GB,IN,Software Engineer,850.55,USD,bank_transfer,completed,14,3.5,True,170.11,level_2,5
TXN-1001475,2024-01-30,Web Development,IN,IN,Software Engineer,1236.22,USD,bank_transfer,completed,13,4.2,False,247.24,level_1,5
TXN-1001329,2024-01-30,Mobile App,US,BR,Software Engineer,842.51,USD,credit_card,completed,15,3.0,True,168.5,level_1,5
TXN-1001390,2024-01-30,Content Writing,US,CA,Writer,231.16,USD,credit_card,completed,5,4.7,True,46.23,rising_talent,5
TXN-1001425,2024-01-30,Graphic Design,US,IN,Designer,280.16,GBP,paypal,completed,2,2.6,False,56.03,rising_talent,5
TXN-1001503,2024-01-30,SEO/SEM,US,GB,Marketing Manager,251.51,USD,credit_card,completed,6,2.7,True,50.3,rising_talent,5
TXN-1001509,2024-01-30,Video Production,IN,JP,Designer,104.46,USD,paypal,completed,8,4.2,False,20.89,top_rated,5
TXN-1001375,2024-01-30,Financial Modeling,GB,IN,Accountant,56.15,USD,credit_card,completed,12,4.7,False,11.23,level_2,5
TXN-1001374,2024-01-30,Music Production,BR,CA,Designer,102.05,GBP,bank_transfer,completed,5,4.0,True,20.41,new_seller,5
TXN-1001373,2024-01-30,Translation,ZA,BR,Writer,283.2,GBP,credit_card,completed,2,4.8,True,56.64,rising_talent,5
TXN-1001383,2024-01-30,Photography,US,DE,Designer,17368.82,USD,credit_card,completed,5,3.7,True,3473.76,new_seller,5
TXN-1001414,2024-01-30,Content Writing,SG,MX,Writer,12.56,GBP,credit_card,completed,3,4.3,True,2.51,level_1,5
TXN-1001411,2024-01-30,Graphic Design,GB,US,Designer,64.21,USD,credit_card,completed,8,3.7,True,12.84,level_1,5
TXN-1001428,2024-01-30,Social Media Management,SG,US,Marketing Manager,79.95,USD,paypal,completed,5,3.9,False,15.99,level_1,5
TXN-1001523,2024-01-30,SEO/SEM,DE,US,Marketing Manager,950.95,USD,paypal,completed,14,4.3,True,190.19,rising_talent,5
TXN-1001512,2024-01-30,Social Media Management,IN,GB,Marketing Manager,48.87,EUR,paypal,completed,5,4.8,False,9.77,rising_talent,5
TXN-1001432,2024-01-30,Mobile App,GB,FR,Software Engineer,530.85,USD,crypto,completed,24,4.6,False,106.17,level_2,5
TXN-1001403,2024-01-30,Data Analysis,BR,GB,Data Scientist,32.46,USD,paypal,completed,6,4.8,False,6.49,level_2,5
TXN-1001365,2024-01-30,Web Development,US,FR,Software Engineer,23.43,USD,bank_transfer,completed,11,4.4,True,4.69,level_1,5
TXN-1001360,2024-01-30,AI/ML Development,DE,GB,Data Scientist,55.99,GBP,crypto,completed,25,3.7,True,11.2,new_seller,5
TXN-1001485,2024-01-30,Photography,ES,ZA,Designer,66.13,ILS,bank_transfer,completed,4,3.5,True,13.23,new_seller,5
TXN-1001385,2024-01-30,Financial Modeling,NL,US,Accountant,39.74,USD,paypal,completed,7,4.4,True,7.95,level_2,5
TXN-1001386,2024-01-30,Legal Consulting,NL,US,Lawyer,272.36,USD,credit_card,completed,10,4.2,False,54.47,level_1,5
TXN-1001441,2024-01-30,SEO/SEM,CA,IN,Marketing Manager,36.7,USD,credit_card,completed,9,4.7,False,7.34,new_seller,5
TXN-1001367,2024-01-30,Social Media Management,IN,SG,Marketing Manager,11.36,USD,paypal,completed,5,3.4,False,2.27,level_2,5
TXN-1001443,2024-01-30,Social Media Management,US,GB,Marketing Manager,1187.74,USD,paypal,completed,13,3.4,False,237.55,new_seller,5
TXN-1001473,2024-01-30,AI/ML Development,IN,SG,Data Scientist,841.42,GBP,bank_transfer,completed,22,3.6,False,168.28,level_1,5
TXN-1001241,2024-01-30,Content Writing,US,US,Writer,30.64,EUR,paypal,completed,2,4.7,False,6.13,level_1,5
TXN-1001250,2024-01-30,AI/ML Development,BR,US,Data Scientist,133.08,GBP,credit_card,completed,11,4.0,False,26.62,level_1,5
TXN-1001243,2024-01-30,Photography,BR,FR,Designer,5000.0,USD,credit_card,completed,5,3.8,True,1000.0,level_1,5
TXN-1001588,2024-01-30,Content Writing,FR,GB,Writer,777.03,USD,credit_card,completed,1,4.8,False,155.41,new_seller,5
TXN-1001558,2024-01-30,Financial Modeling,US,IN,Accountant,170.53,INR,credit_card,completed,8,1.0,True,34.11,new_seller,5
TXN-1001235,2024-01-30,Video Production,US,AU,Designer,134.18,EUR,credit_card,completed,9,3.5,True,26.84,rising_talent,5
TXN-1001549,2024-01-30,Social Media Management,MX,US,Marketing Manager,75.72,USD,credit_card,completed,6,3.9,False,15.14,top_rated,5
TXN-1001596,2024-01-30,SEO/SEM,US,ZA,Marketing Manager,103.39,USD,paypal,completed,12,4.7,True,20.68,level_1,5
TXN-1001229,2024-01-30,Data Analysis,GB,ZA,Data Scientist,153.62,USD,paypal,completed,17,3.5,False,30.72,level_1,5
TXN-1001582,2024-01-30,Photography,GB,SG,Designer,25.27,GBP,crypto,completed,2,3.8,False,5.05,new_seller,5
TXN-1001315,2024-01-30,Photography,BR,BR,Designer,130.35,USD,credit_card,completed,2,5.0,False,26.07,level_1,5
TXN-1001563,2024-01-30,Content Writing,IN,US,Writer,230.35,USD,crypto,cancelled,1,,False,46.07,new_seller,5
TXN-1001225,2024-01-30,Legal Consulting,US,US,Lawyer,223.03,USD,paypal,completed,13,4.5,True,44.61,rising_talent,5
TXN-1001224,2024-01-30,Video Production,GB,IN,Designer,20.08,USD,credit_card,completed,6,3.9,False,4.02,level_1,5
TXN-1001545,2024-01-30,Graphic Design,ZA,NL,Designer,199.44,USD,paypal,completed,4,4.6,True,39.89,level_1,5
TXN-1001578,2024-01-30,Translation,US,FR,Writer,206.08,USD,credit_card,completed,4,4.7,True,41.22,level_2,5
TXN-1001261,2024-01-30,Music Production,IL,CA,Designer,94.08,USD,bank_transfer,completed,11,4.7,True,18.82,new_seller,5
TXN-1001542,2024-01-30,Mobile App,IN,GB,Software Engineer,51.16,USD,credit_card,completed,17,3.9,False,10.23,rising_talent,5
TXN-1001262,2024-01-30,Financial Modeling,US,NL,Accountant,15.97,USD,bank_transfer,completed,14,4.3,False,3.19,top_rated,5
TXN-1001566,2024-01-30,Photography,GB,GB,Designer,26.48,EUR,crypto,completed,2,3.4,False,5.3,level_1,5
TXN-1001311,2024-01-30,Web Development,IN,AU,Software Engineer,33.93,USD,credit_card,completed,11,4.3,False,6.79,rising_talent,5
TXN-1001274,2024-01-30,Mobile App,MX,US,Software Engineer,59.43,USD,credit_card,completed,20,4.4,False,11.89,level_2,5
TXN-1001597,2024-01-30,Social Media Management,IN,US,Marketing Manager,495.36,USD,paypal,completed,13,3.0,False,99.07,level_2,5
TXN-1001313,2024-01-30,SEO/SEM,CA,US,Marketing Manager,121.4,USD,paypal,completed,11,3.9,False,24.28,level_1,5
TXN-1001573,2024-01-30,AI/ML Development,FR,GB,Data Scientist,67.78,USD,credit_card,completed,20,4.8,False,13.56,level_2,5
TXN-1001409,2024-01-31,Photography,NL,IN,Designer,431.86,GBP,paypal,completed,2,3.2,False,86.37,rising_talent,5
TXN-1001497,2024-01-31,Photography,ZA,IL,Designer,28.44,USD,paypal,completed,2,3.3,True,5.69,top_rated,5
TXN-1001251,2024-01-31,Data Analysis,FR,US,Data Scientist,241.43,USD,credit_card,completed,17,3.6,False,48.29,level_2,5
TXN-1001505,2024-01-31,Web Development,US,US,Software Engineer,384.38,USD,credit_card,completed,13,3.7,True,76.88,new_seller,5
TXN-1001574,2024-01-31,Social Media Management,DE,FR,Marketing Manager,116.14,GBP,credit_card,completed,4,4.4,False,23.23,rising_talent,5
TXN-1001267,2024-01-31,Music Production,ZA,ES,Designer,473.25,USD,credit_card,completed,4,4.1,False,94.65,level_1,5
TXN-1001258,2024-01-31,SEO/SEM,US,IN,Marketing Manager,756.15,USD,credit_card,completed,8,4.3,False,151.23,level_2,5
TXN-1001498,2024-01-31,Content Writing,DE,FR,Writer,288.87,USD,crypto,completed,3,3.8,False,57.77,level_1,5
TXN-1001400,2024-01-31,Content Writing,US,IL,Writer,651.96,USD,credit_card,completed,2,4.6,True,130.39,rising_talent,5
TXN-1001499,2024-01-31,Translation,SG,CA,Writer,246.74,USD,paypal,completed,3,3.1,True,49.35,rising_talent,5
TXN-1001246,2024-01-31,Video Production,GB,IL,Designer,137.93,USD,paypal,completed,4,2.6,False,27.59,level_2,5
TXN-1001252,2024-01-31,Video Production,DE,FR,Designer,109.33,USD,bank_transfer,completed,3,4.9,True,21.87,level_2,5
TXN-1001496,2024-01-31,SEO/SEM,ZA,AU,Marketing Manager,36.01,INR,paypal,completed,5,4.3,False,7.2,rising_talent,5
TXN-1001580,2024-01-31,Virtual Assistant,MX,AU,HR Manager,40.47,USD,paypal,disputed,1,,False,8.09,top_rated,5
TXN-1001417,2024-01-31,Photography,US,US,Designer,214.58,USD,credit_card,completed,2,2.8,True,42.92,level_2,5
TXN-1001470,2024-01-31,Content Writing,FR,BR,Writer,86.61,EUR,paypal,disputed,2,,False,17.32,top_rated,5
TXN-1001219,2024-01-31,Photography,IN,US,Designer,60.32,USD,credit_card,completed,5,3.5,False,12.06,level_2,5
TXN-1001220,2024-01-31,Financial Modeling,ZA,IN,Accountant,491.61,USD,bank_transfer,completed,23,4.2,True,98.32,rising_talent,5
TXN-1001467,2024-01-31,Music Production,US,MX,Designer,110.73,EUR,credit_card,completed,25,2.7,False,22.15,level_1,5
TXN-1001465,2024-01-31,Photography,ES,FR,Designer,125.48,USD,paypal,completed,5,3.4,False,25.1,level_2,5
TXN-1001463,2024-01-31,AI/ML Development,US,IN,Data Scientist,1999.86,USD,paypal,completed,10,4.9,False,399.97,top_rated,5
TXN-1001479,2024-01-31,Content Writing,US,JP,Writer,29.09,USD,paypal,completed,3,3.9,False,5.82,level_2,5
TXN-1001458,2024-01-31,Graphic Design,MX,IN,Designer,98.34,GBP,credit_card,completed,7,4.2,False,19.67,level_2,5
TXN-1001457,2024-01-31,Social Media Management,DE,US,Marketing Manager,370.62,USD,paypal,completed,11,3.7,False,74.12,level_1,5
TXN-1001456,2024-01-31,SEO/SEM,US,MX,Marketing Manager,871.5,USD,bank_transfer,completed,7,4.9,False,174.3,top_rated,5
TXN-1001416,2024-01-31,Music Production,FR,IL,Designer,98.97,USD,credit_card,completed,17,4.3,False,19.79,level_2,5
TXN-1001226,2024-01-31,Music Production,IN,US,Designer,77.96,USD,bank_transfer,completed,6,4.8,False,15.59,level_1,5
TXN-1001444,2024-01-31,Financial Modeling,IN,AU,Accountant,25.0,GBP,bank_transfer,completed,9,4.8,False,5.0,level_1,5
TXN-1001228,2024-01-31,Mobile App,US,IN,Software Engineer,233.09,EUR,credit_card,completed,12,4.2,False,46.62,level_1,5
TXN-1001234,2024-01-31,Data Analysis,GB,CA,Data Scientist,102.52,EUR,credit_card,completed,18,3.7,False,20.5,rising_talent,5
TXN-1001486,2024-01-31,Social Media Management,US,DE,Marketing Manager,203.63,USD,paypal,completed,9,2.5,False,40.73,level_1,5
TXN-1001430,2024-01-31,Social Media Management,US,DE,Marketing Manager,40.11,GBP,credit_card,completed,7,4.2,False,8.02,level_2,5
TXN-1001429,2024-01-31,Translation,US,DE,Writer,111.34,USD,paypal,completed,5,3.3,True,22.27,level_2,5
TXN-1001381,2024-01-31,Legal Consulting,GB,IN,Lawyer,42.57,USD,paypal,completed,10,4.8,False,8.51,level_1,5
TXN-1001492,2024-01-31,Video Production,JP,BR,Designer,75.9,USD,credit_card,completed,4,4.5,False,15.18,new_seller,5
TXN-1001420,2024-01-31,Virtual Assistant,FR,JP,HR Manager,13.97,USD,paypal,completed,1,4.7,False,2.79,level_1,5
TXN-1001418,2024-01-31,Legal Consulting,IN,IN,Lawyer,545.94,EUR,paypal,completed,8,4.5,True,109.19,level_1,5
TXN-1001448,2024-01-31,Mobile App,DE,US,Software Engineer,42.06,USD,credit_card,completed,30,4.8,False,8.41,level_1,5
TXN-1001380,2024-01-31,Virtual Assistant,FR,GB,HR Manager,128.18,EUR,paypal,completed,1,4.5,False,25.64,rising_talent,5
TXN-1001555,2024-01-31,Music Production,AU,US,Designer,108.51,USD,paypal,completed,7,4.9,True,21.7,level_2,5
TXN-1001572,2024-01-31,Content Writing,IN,NL,Writer,423.84,USD,bank_transfer,completed,1,4.9,False,84.77,level_2,5
TXN-1001322,2024-01-31,Web Development,IL,GB,Software Engineer,138.17,USD,credit_card,completed,5,3.7,False,27.63,level_1,5
TXN-1001312,2024-01-31,Content Writing,FR,ZA,Writer,288.96,USD,credit_card,completed,5,3.3,False,57.79,top_rated,5
TXN-1001335,2024-01-31,SEO/SEM,AU,GB,Marketing Manager,536.39,USD,credit_card,completed,5,4.0,False,107.28,rising_talent,5
TXN-1001546,2024-01-31,Financial Modeling,ZA,DE,Accountant,341.0,USD,paypal,completed,8,4.1,False,68.2,level_1,5
TXN-1001527,2024-01-31,Financial Modeling,US,BR,Accountant,47.49,USD,bank_transfer,completed,6,3.3,False,9.5,level_2,5
TXN-1001341,2024-01-31,Video Production,IL,IN,Designer,780.52,USD,credit_card,completed,6,3.5,False,156.1,new_seller,5
TXN-1001297,2024-01-31,SEO/SEM,IN,IN,Marketing Manager,274.9,USD,crypto,completed,17,4.5,False,54.98,level_2,5
TXN-1001269,2024-01-31,Data Analysis,US,ZA,Data Scientist,81.31,USD,credit_card,completed,6,4.9,False,16.26,level_1,5
TXN-1001348,2024-01-31,SEO/SEM,IL,IL,Marketing Manager,146.92,USD,paypal,completed,16,4.4,False,29.38,level_1,5
TXN-1001553,2024-01-31,Translation,IN,US,Writer,1248.26,USD,crypto,completed,5,3.5,True,249.65,top_rated,5
TXN-1001353,2024-01-31,Music Production,US,US,Designer,222.24,USD,credit_card,completed,16,4.3,False,44.45,top_rated,5
TXN-1001472,2024-01-31,Legal Consulting,FR,CA,Lawyer,359.3,USD,bank_transfer,completed,20,3.3,True,71.86,level_2,5
TXN-1001356,2024-01-31,Legal Consulting,DE,SG,Lawyer,112.63,USD,credit_card,completed,8,4.1,False,22.53,new_seller,5
TXN-1001358,2024-01-31,Content Writing,NL,ES,Writer,28.8,USD,bank_transfer,completed,4,4.3,True,5.76,rising_talent,5
TXN-1001346,2024-01-31,Web Development,GB,GB,Software Engineer,94.93,USD,bank_transfer,completed,10,3.2,False,18.99,level_2,5
TXN-1001515,2024-01-31,SEO/SEM,GB,SG,Marketing Manager,364.18,USD,crypto,completed,11,4.3,False,72.84,level_2,5
TXN-1001273,2024-01-31,Translation,US,US,Writer,208.7,USD,credit_card,completed,2,3.1,False,41.74,new_seller,5
TXN-1001282,2024-01-31,Music Production,IN,US,Designer,13.4,USD,credit_card,completed,8,4.4,False,2.68,level_2,5
TXN-1001280,2024-02-01,Music Production,GB,NL,Designer,37.89,USD,credit_card,completed,12,4.6,False,7.58,new_seller,5
TXN-1001433,2024-02-01,Graphic Design,BR,US,Designer,481.37,ILS,bank_transfer,completed,5,3.7,False,96.27,level_1,5
TXN-1001396,2024-02-01,Data Analysis,GB,US,Data Scientist,118.32,USD,crypto,completed,8,3.7,False,23.66,top_rated,5
TXN-1001436,2024-02-01,Video Production,IL,DE,Designer,255.3,USD,paypal,completed,3,3.6,False,51.06,top_rated,5
TXN-1001564,2024-02-01,Music Production,GB,GB,Designer,78.47,USD,crypto,completed,13,3.9,False,15.69,level_1,5
TXN-1001438,2024-02-01,Financial Modeling,US,GB,Accountant,352.7,ILS,bank_transfer,completed,11,4.2,True,70.54,top_rated,5
TXN-1001232,2024-02-01,Translation,US,US,Writer,752.55,USD,credit_card,completed,3,4.8,True,150.51,level_1,5
TXN-1001528,2024-02-01,Data Analysis,GB,IN,Data Scientist,142.74,USD,paypal,completed,12,4.1,True,28.55,level_1,5
TXN-1001305,2024-02-01,Financial Modeling,CA,IN,Accountant,96.01,GBP,crypto,completed,14,3.8,True,19.2,new_seller,5
TXN-1001445,2024-02-01,Content Writing,IN,IN,Writer,231.75,EUR,credit_card,completed,3,4.8,False,46.35,new_seller,5
TXN-1001446,2024-02-01,Virtual Assistant,MX,IN,HR Manager,645.18,USD,credit_card,completed,1,4.5,False,129.04,rising_talent,5
TXN-1001533,2024-02-01,Web Development,GB,US,Software Engineer,292.61,EUR,paypal,completed,13,3.5,False,58.52,rising_talent,5
TXN-1001332,2024-02-01,Content Writing,CA,US,Writer,203.82,EUR,credit_card,completed,2,4.8,True,40.76,rising_talent,5
TXN-1001483,2024-02-01,Social Media Management,GB,GB,Marketing Manager,15.38,USD,paypal,completed,7,3.8,False,3.08,new_seller,5
TXN-1001453,2024-02-01,Social Media Management,SG,FR,Marketing Manager,79.5,USD,credit_card,completed,11,4.4,False,15.9,rising_talent,5
TXN-1001223,2024-02-01,Web Development,IL,DE,Software Engineer,285.39,ILS,bank_transfer,completed,18,4.8,True,57.08,level_1,5
TXN-1001308,2024-02-01,Social Media Management,NL,IN,Marketing Manager,7.39,USD,crypto,completed,6,4.4,False,1.48,new_seller,5
TXN-1001543,2024-02-01,Content Writing,GB,ES,Writer,111.19,USD,credit_card,completed,4,4.6,False,22.24,level_1,5
TXN-1001328,2024-02-01,AI/ML Development,FR,US,Data Scientist,309.61,USD,bank_transfer,completed,8,4.9,False,61.92,level_1,5
TXN-1001478,2024-02-01,Video Production,IN,US,Designer,632.5,INR,credit_card,completed,7,4.1,False,126.5,level_1,5
TXN-1001222,2024-02-01,Social Media Management,BR,BR,Marketing Manager,974.17,GBP,paypal,completed,5,4.8,False,194.83,new_seller,5
TXN-1001537,2024-02-01,Legal Consulting,US,MX,Lawyer,319.64,USD,bank_transfer,completed,7,4.3,False,63.93,level_2,5
TXN-1001221,2024-02-01,Video Production,FR,US,Designer,215.22,USD,bank_transfer,completed,4,4.8,False,43.04,new_seller,5
TXN-1001377,2024-02-01,Video Production,US,BR,Designer,213.72,USD,paypal,completed,6,3.5,False,42.74,level_2,5
TXN-1001320,2024-02-01,SEO/SEM,IN,CA,Marketing Manager,318.71,EUR,bank_transfer,cancelled,17,,True,63.74,level_1,5
TXN-1001319,2024-02-01,Financial Modeling,US,SG,Accountant,550.71,USD,crypto,completed,7,3.0,False,110.14,top_rated,5
TXN-1001541,2024-02-01,Web Development,JP,AU,Software Engineer,1142.57,GBP,bank_transfer,completed,15,4.9,True,228.51,level_2,5
TXN-1001594,2024-02-01,Legal Consulting,GB,US,Lawyer,357.27,USD,credit_card,completed,9,3.9,False,71.45,level_2,5
TXN-1001550,2024-02-01,Virtual Assistant,BR,US,HR Manager,50.03,USD,paypal,completed,2,4.5,True,10.01,new_seller,5
TXN-1001540,2024-02-01,Translation,US,DE,Writer,111.99,USD,paypal,completed,3,3.9,False,22.4,level_1,5
TXN-1001591,2024-02-01,Virtual Assistant,US,US,HR Manager,106.15,USD,paypal,completed,3,4.8,False,21.23,level_2,5
TXN-1001287,2024-02-01,Social Media Management,GB,DE,Marketing Manager,53.28,USD,bank_transfer,completed,7,4.1,False,10.66,top_rated,5
TXN-1001560,2024-02-01,AI/ML Development,BR,US,Data Scientist,132.56,ILS,bank_transfer,completed,7,4.4,True,26.51,level_2,5
TXN-1001247,2024-02-01,Web Development,US,CA,Software Engineer,1832.77,EUR,paypal,completed,15,4.8,False,366.55,rising_talent,5
TXN-1001286,2024-02-01,Photography,US,US,Designer,172.95,USD,bank_transfer,completed,3,3.7,True,34.59,rising_talent,5
TXN-1001288,2024-02-01,Mobile App,GB,US,Software Engineer,592.58,EUR,credit_card,completed,14,4.0,True,118.52,top_rated,5
TXN-1001585,2024-02-01,Web Development,IN,BR,Software Engineer,123.63,USD,credit_card,completed,25,4.8,False,24.73,level_2,5
TXN-1001520,2024-02-01,Translation,ZA,SG,Writer,185.29,USD,credit_card,completed,1,4.8,False,37.06,top_rated,5
TXN-1001393,2024-02-01,Content Writing,IN,IN,Writer,55.86,USD,bank_transfer,completed,4,4.5,True,11.17,rising_talent,5
TXN-1001586,2024-02-01,Financial Modeling,BR,GB,Accountant,497.57,INR,credit_card,completed,16,4.8,True,99.51,level_2,5
TXN-1001254,2024-02-01,Web Development,IN,GB,Software Engineer,188.68,USD,bank_transfer,completed,25,3.1,False,37.74,level_1,5
TXN-1001415,2024-02-01,Web Development,BR,US,Software Engineer,92.48,EUR,paypal,completed,5,3.8,False,18.5,level_2,5
TXN-1001257,2024-02-01,Content Writing,DE,FR,Writer,139.63,USD,crypto,completed,3,4.4,False,27.93,rising_talent,5
TXN-1001583,2024-02-01,Legal Consulting,GB,IN,Lawyer,118.28,USD,credit_card,completed,27,4.7,False,23.66,level_2,5
TXN-1001554,2024-02-01,Translation,FR,US,Writer,268.16,USD,paypal,completed,1,4.7,True,53.63,level_2,5
TXN-1001522,2024-02-01,SEO/SEM,US,US,Marketing Manager,377.38,USD,credit_card,completed,20,4.7,False,75.48,level_2,5
TXN-1001391,2024-02-01,Social Media Management,SG,MX,Marketing Manager,130.38,EUR,paypal,completed,4,1.0,True,26.08,top_rated,5
TXN-1001422,2024-02-01,Mobile App,US,NL,Software Engineer,69.05,USD,credit_card,completed,19,4.9,True,13.81,new_seller,5
TXN-1001491,2024-02-01,Financial Modeling,IN,US,Accountant,155.1,ILS,paypal,completed,8,3.7,True,31.02,level_2,5
TXN-1001242,2024-02-01,Social Media Management,IN,DE,Marketing Manager,243.63,USD,credit_card,completed,8,4.2,False,48.73,top_rated,5
TXN-1001363,2024-02-01,Translation,FR,ZA,Writer,74.18,USD,credit_card,completed,4,4.2,False,14.84,level_1,5
TXN-1001399,2024-02-01,Video Production,DE,FR,Designer,171.34,USD,paypal,completed,6,4.6,False,34.27,level_2,5
TXN-1001579,2024-02-01,Translation,ES,BR,Writer,20.7,USD,paypal,completed,2,4.4,False,4.14,level_2,5
TXN-1001398,2024-02-01,Video Production,DE,US,Designer,572.13,GBP,paypal,completed,12,3.0,False,114.43,new_seller,5
TXN-1001291,2024-02-01,SEO/SEM,ZA,GB,Marketing Manager,298.36,USD,bank_transfer,completed,5,4.9,False,59.67,level_2,5
TXN-1001477,2024-02-02,Legal Consulting,US,CA,Lawyer,16.13,USD,paypal,completed,14,4.0,False,3.23,level_2,5
TXN-1001519,2024-02-02,Photography,GB,IN,Designer,45.83,USD,credit_card,completed,4,3.3,False,9.17,level_1,5
TXN-1001570,2024-02-02,Graphic Design,US,US,Designer,90.45,GBP,credit_card,completed,6,3.1,True,18.09,level_2,5
TXN-1001539,2024-02-02,Financial Modeling,CA,US,Accountant,112.88,USD,paypal,completed,3,4.1,True,22.58,level_2,5
TXN-1001536,2024-02-02,Mobile App,US,US,Software Engineer,35.58,USD,credit_card,completed,25,3.7,True,7.12,new_seller,5
TXN-1001535,2024-02-02,Web Development,IN,US,Software Engineer,188.16,EUR,credit_card,completed,11,4.2,True,37.63,level_1,5
TXN-1001584,2024-02-02,Video Production,ZA,US,Designer,25.41,USD,bank_transfer,completed,15,4.7,True,5.08,level_1,5
TXN-1001482,2024-02-02,Content Writing,US,US,Writer,55.36,EUR,credit_card,completed,2,3.3,True,11.07,rising_talent,5
TXN-1001551,2024-02-02,Legal Consulting,CA,GB,Lawyer,660.62,USD,paypal,completed,11,4.7,False,132.12,level_1,5
TXN-1001568,2024-02-02,Web Development,GB,US,Software Engineer,93.04,GBP,paypal,completed,10,4.7,False,18.61,level_2,5
TXN-1001484,2024-02-02,Music Production,ES,AU,Designer,5000.0,USD,paypal,completed,4,3.7,False,1000.0,level_2,5
TXN-1001547,2024-02-02,Graphic Design,IN,JP,Designer,70.03,USD,credit_card,completed,3,4.2,False,14.01,new_seller,5
TXN-1001495,2024-02-02,Graphic Design,ES,AU,Designer,117.56,USD,credit_card,completed,3,3.8,True,23.51,new_seller,5
TXN-1001595,2024-02-02,SEO/SEM,BR,US,Marketing Manager,71.55,USD,credit_card,completed,9,3.8,True,14.31,top_rated,5
TXN-1001513,2024-02-02,Web Development,SG,IN,Software Engineer,177.64,USD,bank_transfer,completed,21,3.5,False,35.53,level_1,5
TXN-1001552,2024-02-02,Video Production,FR,IN,Designer,243.39,USD,credit_card,completed,9,4.8,False,48.68,level_1,5
TXN-1001487,2024-02-02,SEO/SEM,US,IL,Marketing Manager,43.44,USD,bank_transfer,completed,12,4.5,False,8.69,level_1,5
TXN-1001480,2024-02-02,Graphic Design,CA,FR,Designer,54.31,USD,credit_card,cancelled,8,,False,10.86,level_1,5
TXN-1001518,2024-02-02,Web Development,FR,JP,Software Engineer,884.29,USD,credit_card,completed,23,4.6,True,176.86,level_2,5
TXN-1001468,2024-02-02,AI/ML Development,AU,IN,Data Scientist,86.69,USD,credit_card,completed,13,4.6,True,17.34,top_rated,5
TXN-1001471,2024-02-02,Video Production,US,DE,Designer,56.5,EUR,credit_card,completed,8,4.8,False,11.3,level_1,5
TXN-1001366,2024-02-02,Web Development,US,FR,Software Engineer,99.28,USD,credit_card,completed,17,4.9,True,19.86,level_1,5
TXN-1001351,2024-02-02,Financial Modeling,DE,FR,Accountant,124.54,USD,credit_card,completed,9,5.0,False,24.91,new_seller,5
TXN-1001350,2024-02-02,SEO/SEM,US,IL,Marketing Manager,299.14,USD,paypal,completed,7,2.2,True,59.83,rising_talent,5
TXN-1001347,2024-02-02,Social Media Management,ES,ES,Marketing Manager,161.64,USD,credit_card,completed,7,4.6,True,32.33,rising_talent,5
TXN-1001340,2024-02-02,SEO/SEM,DE,IL,Marketing Manager,132.17,USD,credit_card,completed,13,3.5,False,26.43,level_1,5
TXN-1001339,2024-02-02,Data Analysis,BR,GB,Data Scientist,51.8,USD,credit_card,completed,5,3.6,True,10.36,level_1,5
TXN-1001338,2024-02-02,Graphic Design,CA,US,Designer,212.54,ILS,bank_transfer,completed,5,4.8,True,42.51,level_2,5
TXN-1001337,2024-02-02,Mobile App,IN,AU,Software Engineer,178.25,USD,crypto,completed,19,3.9,True,35.65,level_1,5
TXN-1001333,2024-02-02,Content Writing,MX,IN,Writer,718.04,USD,paypal,cancelled,2,,True,143.61,rising_talent,5
TXN-1001314,2024-02-02,Mobile App,IN,US,Software Engineer,173.89,EUR,paypal,completed,30,4.3,True,34.78,top_rated,5
TXN-1001309,2024-02-02,Photography,MX,AU,Designer,64.1,USD,credit_card,cancelled,9,,False,12.82,level_2,5
TXN-1001307,2024-02-02,AI/ML Development,BR,GB,Data Scientist,79.1,USD,bank_transfer,completed,22,3.9,False,15.82,level_1,5
TXN-1001372,2024-02-02,Content Writing,SG,DE,Writer,186.15,EUR,paypal,completed,1,4.3,True,37.23,level_2,5
TXN-1001304,2024-02-02,Translation,BR,US,Writer,102.99,USD,bank_transfer,completed,5,3.8,False,20.6,rising_talent,5
TXN-1001285,2024-02-02,Social Media Management,ZA,IN,Marketing Manager,306.43,USD,credit_card,completed,10,4.4,False,61.29,level_2,5
TXN-1001284,2024-02-02,Social Media Management,SG,US,Marketing Manager,86.84,USD,credit_card,completed,12,4.5,False,17.37,rising_talent,5
TXN-1001281,2024-02-02,AI/ML Development,US,GB,Data Scientist,34.77,USD,credit_card,completed,28,4.7,True,6.95,rising_talent,5
TXN-1001277,2024-02-02,Photography,US,GB,Designer,185.72,USD,bank_transfer,completed,8,2.4,False,37.14,level_2,5
TXN-1001275,2024-02-02,Data Analysis,US,DE,Data Scientist,32.43,USD,crypto,completed,6,4.7,False,6.49,level_1,5
TXN-1001268,2024-02-02,Legal Consulting,FR,US,Lawyer,77.11,EUR,credit_card,completed,12,4.4,False,15.42,top_rated,5
TXN-1001259,2024-02-02,Content Writing,CA,DE,Writer,959.96,USD,paypal,completed,3,3.0,False,191.99,new_seller,5
TXN-1001240,2024-02-02,AI/ML Development,IL,US,Data Scientist,119.46,USD,crypto,completed,20,3.7,False,23.89,rising_talent,5
TXN-1001239,2024-02-02,SEO/SEM,GB,IN,Marketing Manager,74.17,USD,credit_card,completed,10,3.7,False,14.83,level_2,5
TXN-1001237,2024-02-02,Photography,GB,CA,Designer,461.32,USD,paypal,completed,4,4.6,False,92.26,rising_talent,5
TXN-1001236,2024-02-02,Data Analysis,MX,IN,Data Scientist,31.55,USD,credit_card,completed,8,4.5,False,6.31,level_1,5
TXN-1001230,2024-02-02,Legal Consulting,IN,US,Lawyer,71.47,USD,credit_card,completed,27,4.3,False,14.29,rising_talent,5
TXN-1001300,2024-02-02,SEO/SEM,DE,IN,Marketing Manager,60.71,USD,credit_card,completed,7,4.5,False,12.14,new_seller,5
TXN-1001382,2024-02-02,Financial Modeling,GB,US,Accountant,69.31,USD,credit_card,completed,6,3.2,True,13.86,top_rated,5
TXN-1001290,2024-02-02,Content Writing,FR,US,Writer,179.35,USD,credit_card,completed,2,2.9,False,35.87,level_2,5
TXN-1001387,2024-02-02,Financial Modeling,FR,US,Accountant,21.05,USD,paypal,completed,12,4.4,True,4.21,level_2,5
TXN-1001423,2024-02-02,Legal Consulting,ES,IN,Lawyer,239.26,USD,bank_transfer,completed,17,5.0,False,47.85,level_2,5
TXN-1001427,2024-02-02,Legal Consulting,SG,US,Lawyer,334.15,EUR,bank_transfer,completed,22,4.0,False,66.83,level_2,5
TXN-1001413,2024-02-02,Translation,US,DE,Writer,114.72,USD,paypal,completed,3,4.5,True,22.94,level_1,5
TXN-1001407,2024-02-02,Translation,US,BR,Writer,53.33,EUR,crypto,completed,3,4.5,False,10.67,rising_talent,5
TXN-1001437,2024-02-02,Content Writing,IN,FR,Writer,294.09,USD,credit_card,completed,3,4.8,False,58.82,level_1,5
TXN-1001452,2024-02-02,Social Media Management,FR,IN,Marketing Manager,15.7,USD,paypal,completed,5,4.0,False,3.14,level_1,5
TXN-1001389,2024-02-02,Content Writing,US,IN,Writer,257.21,EUR,credit_card,completed,4,1.9,True,51.44,level_2,5
TXN-1001455,2024-02-02,Translation,BR,IN,Writer,795.59,USD,credit_card,completed,4,3.3,False,159.12,level_2,5
TXN-1001384,2024-02-02,Mobile App,US,GB,Software Engineer,23.6,USD,credit_card,completed,23,4.4,False,4.72,level_2,5
TXN-1001460,2024-02-02,Web Development,FR,US,Software Engineer,1244.22,USD,paypal,completed,21,4.9,False,248.84,top_rated,5
TXN-1001461,2024-02-02,AI/ML Development,US,FR,Data Scientist,25.36,INR,paypal,completed,8,4.9,False,5.07,rising_talent,5
TXN-1001244,2024-02-03,Financial Modeling,IN,US,Accountant,1576.23,USD,credit_card,completed,17,4.4,False,315.25,rising_talent,5
TXN-1001474,2024-02-03,Financial Modeling,MX,US,Accountant,72.79,USD,credit_card,completed,11,3.7,False,14.56,rising_talent,5
TXN-1001217,2024-02-03,AI/ML Development,IN,AU,Data Scientist,135.78,USD,credit_card,completed,24,3.8,True,27.16,top_rated,5
TXN-1001296,2024-02-03,AI/ML Development,US,BR,Data Scientist,708.36,USD,credit_card,completed,7,3.3,True,141.67,level_1,5
TXN-1001295,2024-02-03,Web Development,DE,BR,Software Engineer,28.15,USD,crypto,completed,10,3.5,True,5.63,new_seller,5
TXN-1001293,2024-02-03,Web Development,IL,DE,Software Engineer,370.39,USD,paypal,completed,8,3.2,False,74.08,level_1,5
TXN-1001289,2024-02-03,SEO/SEM,US,IN,Marketing Manager,94.62,USD,paypal,completed,10,4.6,False,18.92,level_1,5
TXN-1001556,2024-02-03,Graphic Design,ES,IL,Designer,4265.79,USD,credit_card,completed,4,3.3,False,853.16,new_seller,5
TXN-1001559,2024-02-03,Translation,IN,US,Writer,322.57,USD,paypal,completed,2,4.5,True,64.51,level_1,5
TXN-1001283,2024-02-03,Photography,GB,US,Designer,137.93,EUR,credit_card,completed,8,4.3,False,27.59,level_2,5
TXN-1001593,2024-02-03,Web Development,JP,US,Software Engineer,226.57,USD,credit_card,completed,14,4.6,False,45.31,level_1,5
TXN-1001592,2024-02-03,Virtual Assistant,US,US,HR Manager,20.23,GBP,credit_card,completed,3,4.7,True,4.05,level_1,5
TXN-1001447,2024-02-03,Video Production,SG,IN,Designer,85.12,USD,paypal,completed,5,4.1,True,17.02,level_2,5
TXN-1001590,2024-02-03,Music Production,IN,DE,Designer,321.23,GBP,credit_card,completed,15,3.4,True,64.25,new_seller,5
TXN-1001272,2024-02-03,Content Writing,IN,DE,Writer,81.07,USD,bank_transfer,completed,2,4.7,True,16.21,level_1,5
TXN-1001310,2024-02-03,Translation,MX,US,Writer,97.35,EUR,paypal,completed,4,2.6,True,19.47,level_2,5
TXN-1001238,2024-02-03,Graphic Design,CA,IN,Designer,385.74,USD,paypal,completed,3,4.3,False,77.15,level_2,5
TXN-1001264,2024-02-03,Graphic Design,FR,CA,Designer,579.72,EUR,credit_card,completed,5,4.9,False,115.94,level_1,5
TXN-1001575,2024-02-03,Legal Consulting,IN,US,Lawyer,108.66,USD,credit_card,completed,30,3.9,False,21.73,level_1,5
TXN-1001263,2024-02-03,Content Writing,IN,NL,Writer,10.16,USD,bank_transfer,completed,3,3.1,True,2.03,rising_talent,5
TXN-1001256,2024-02-03,Music Production,US,US,Designer,34.99,USD,credit_card,completed,12,4.0,True,7.0,top_rated,5
TXN-1001459,2024-02-03,SEO/SEM,SG,US,Marketing Manager,223.12,EUR,paypal,completed,14,4.2,False,44.62,rising_talent,5
TXN-1001421,2024-02-03,Social Media Management,US,IN,Marketing Manager,42.7,ILS,credit_card,disputed,22,,False,8.54,new_seller,5
TXN-1001569,2024-02-03,AI/ML Development,US,DE,Data Scientist,44.89,USD,paypal,completed,30,3.9,True,8.98,rising_talent,5
TXN-1001321,2024-02-03,Virtual Assistant,ES,GB,HR Manager,80.1,USD,paypal,completed,3,3.8,False,16.02,level_2,5
TXN-1001506,2024-02-03,Translation,US,IN,Writer,716.2,USD,paypal,completed,1,2.1,True,143.24,level_1,5
TXN-1001508,2024-02-03,Virtual Assistant,GB,ZA,HR Manager,29.16,USD,paypal,completed,1,4.8,True,5.83,new_seller,5
TXN-1001370,2024-02-03,Video Production,GB,DE,Designer,130.68,USD,credit_card,completed,6,3.8,False,26.14,level_2,5
TXN-1001316,2024-02-03,Financial Modeling,IN,GB,Accountant,29.31,GBP,credit_card,completed,9,4.2,True,5.86,rising_talent,5
TXN-1001516,2024-02-03,Mobile App,FR,SG,Software Engineer,39.46,EUR,credit_card,completed,13,3.2,True,7.89,rising_talent,5
TXN-1001364,2024-02-03,Content Writing,MX,US,Writer,27.98,USD,credit_card,completed,3,4.6,False,5.6,level_1,5
TXN-1001362,2024-02-03,Translation,SG,US,Writer,166.23,USD,paypal,completed,2,4.4,False,33.25,level_1,5
TXN-1001361,2024-02-03,Music Production,JP,US,Designer,99.66,GBP,credit_card,completed,16,4.8,True,19.93,top_rated,5
TXN-1001401,2024-02-03,Photography,GB,IN,Designer,231.07,USD,paypal,completed,2,3.5,True,46.21,top_rated,5
TXN-1001344,2024-02-03,Music Production,JP,FR,Designer,273.57,USD,paypal,completed,7,4.4,False,54.71,rising_talent,5
TXN-1001419,2024-02-03,Legal Consulting,CA,IN,Lawyer,234.17,USD,credit_card,completed,12,4.8,False,46.83,level_2,5
TXN-1001494,2024-02-03,Social Media Management,FR,US,Marketing Manager,126.68,USD,paypal,completed,5,3.4,False,25.34,level_2,5
TXN-1001531,2024-02-03,Music Production,IN,DE,Designer,37.16,USD,crypto,completed,10,4.4,False,7.43,level_1,5
TXN-1001514,2024-02-03,Video Production,US,US,Designer,502.64,USD,crypto,completed,6,4.5,False,100.53,new_seller,5
TXN-1001331,2024-02-03,SEO/SEM,US,SG,Marketing Manager,82.29,USD,paypal,completed,5,4.6,True,16.46,top_rated,5
TXN-1001324,2024-02-03,Translation,IN,IN,Writer,500.69,EUR,paypal,completed,6,4.4,False,100.14,level_2,5
TXN-1001326,2024-02-03,Data Analysis,US,US,Data Scientist,197.89,USD,paypal,completed,11,4.1,True,39.58,new_seller,5
TXN-1001336,2024-02-03,Content Writing,MX,US,Writer,56.24,USD,paypal,completed,4,4.5,False,11.25,new_seller,5
TXN-1001325,2024-02-03,AI/ML Development,NL,ZA,Data Scientist,59.55,USD,credit_card,completed,28,3.9,False,11.91,level_2,5
TXN-1001581,2024-02-04,AI/ML Development,BR,US,Data Scientist,1476.97,USD,paypal,completed,10,4.0,True,295.39,level_1,5
TXN-1001255,2024-02-04,Translation,MX,IN,Writer,453.16,USD,paypal,completed,2,3.9,False,90.63,level_1,5
TXN-1001249,2024-02-04,Legal Consulting,AU,DE,Lawyer,241.78,USD,bank_transfer,completed,15,3.1,True,48.36,new_seller,5
TXN-1001248,2024-02-04,Translation,GB,IN,Writer,5.0,USD,bank_transfer,cancelled,1,,False,1.0,level_1,5
TXN-1001368,2024-02-04,SEO/SEM,IN,IN,Marketing Manager,214.17,USD,credit_card,completed,11,4.0,True,42.83,level_2,5
TXN-1001490,2024-02-04,Mobile App,US,IN,Software Engineer,73.51,EUR,paypal,completed,30,4.6,False,14.7,rising_talent,5
TXN-1001233,2024-02-04,Social Media Management,GB,ZA,Marketing Manager,133.86,USD,credit_card,completed,6,3.5,True,26.77,level_1,5
TXN-1001501,2024-02-04,Financial Modeling,SG,DE,Accountant,100.47,USD,crypto,completed,12,4.9,False,20.09,level_2,5
TXN-1001544,2024-02-04,Graphic Design,US,GB,Designer,150.54,USD,credit_card,completed,5,4.8,True,30.11,new_seller,5
TXN-1001388,2024-02-04,AI/ML Development,US,US,Data Scientist,166.99,EUR,credit_card,completed,18,4.6,True,33.4,level_1,5
TXN-1001510,2024-02-04,Social Media Management,US,FR,Marketing Manager,20.11,USD,paypal,completed,12,2.2,True,4.02,level_2,5
TXN-1001376,2024-02-04,Photography,BR,US,Designer,90.4,USD,credit_card,completed,3,4.4,False,18.08,rising_talent,5
TXN-1001466,2024-02-04,Translation,US,SG,Writer,45.51,USD,bank_transfer,completed,2,4.6,True,9.1,level_1,5
TXN-1001378,2024-02-04,Graphic Design,MX,US,Designer,77.62,USD,credit_card,completed,4,4.4,False,15.52,new_seller,5
TXN-1001369,2024-02-04,Video Production,IN,DE,Designer,4016.55,USD,paypal,completed,8,4.6,False,803.31,level_1,5
TXN-1001260,2024-02-04,Financial Modeling,US,FR,Accountant,80.45,USD,credit_card,completed,16,4.5,False,16.09,level_2,5
TXN-1001245,2024-02-04,Mobile App,US,US,Software Engineer,341.92,USD,bank_transfer,completed,30,3.4,False,68.38,level_1,5
TXN-1001576,2024-02-04,Data Analysis,FR,CA,Data Scientist,69.54,USD,bank_transfer,completed,6,4.3,False,13.91,level_1,5
TXN-1001557,2024-02-04,Data Analysis,US,GB,Data Scientist,19.87,GBP,credit_card,completed,7,4.3,False,3.97,top_rated,5
TXN-1001431,2024-02-04,Web Development,US,IN,Software Engineer,1382.81,USD,credit_card,completed,24,4.5,True,276.56,level_1,5
TXN-1001303,2024-02-04,Photography,JP,US,Designer,17.31,USD,credit_card,completed,3,4.7,True,3.46,level_2,5
TXN-1001493,2024-02-04,Mobile App,BR,JP,Software Engineer,150.14,USD,credit_card,completed,23,4.7,False,30.03,level_2,5
TXN-1001435,2024-02-04,Mobile App,IN,US,Software Engineer,33.78,USD,bank_transfer,completed,15,2.9,False,6.76,new_seller,5
TXN-1001561,2024-02-04,Music Production,IN,US,Designer,297.79,EUR,paypal,completed,9,4.6,True,59.56,level_2,5
TXN-1001294,2024-02-04,SEO/SEM,GB,US,Marketing Manager,73.14,USD,credit_card,completed,5,4.4,False,14.63,new_seller,5
TXN-1001279,2024-02-04,Content Writing,CA,US,Writer,18.16,USD,paypal,completed,5,3.1,False,3.63,rising_talent,5
TXN-1001345,2024-02-04,SEO/SEM,JP,BR,Marketing Manager,28.68,USD,credit_card,completed,15,4.8,False,5.74,level_1,5
TXN-1001534,2024-02-04,Music Production,IN,MX,Designer,18.23,USD,credit_card,completed,8,4.6,False,3.65,level_1,5
TXN-1001349,2024-02-04,Virtual Assistant,US,FR,HR Manager,115.83,USD,credit_card,completed,1,3.8,False,23.17,new_seller,5
TXN-1001397,2024-02-04,Web Development,CA,GB,Software Engineer,112.25,USD,credit_card,completed,14,3.7,False,22.45,top_rated,5
TXN-1001271,2024-02-04,Financial Modeling,US,CA,Accountant,56.38,EUR,credit_card,completed,17,4.7,False,11.28,level_1,5
TXN-1001571,2024-02-04,Legal Consulting,FR,IN,Lawyer,245.16,EUR,paypal,completed,24,4.6,False,49.03,level_1,5
TXN-1001270,2024-02-04,Financial Modeling,US,US,Accountant,130.09,USD,bank_transfer,completed,10,4.0,False,26.02,new_seller,5
TXN-1001454,2024-02-04,AI/ML Development,JP,IL,Data Scientist,2035.69,USD,bank_transfer,completed,23,4.3,False,407.14,new_seller,5
TXN-1001488,2024-02-04,Virtual Assistant,NL,GB,HR Manager,1063.0,ILS,credit_card,disputed,2,,True,212.6,level_1,5
TXN-1001548,2024-02-04,Content Writing,AU,CA,Writer,171.53,EUR,paypal,completed,5,4.0,False,34.31,level_2,5
TXN-1001567,2024-02-04,Virtual Assistant,US,IN,HR Manager,70.16,USD,paypal,completed,2,2.3,False,14.03,rising_talent,5
TXN-1001909,2024-02-05,Translation,JP,BR,Writer,148.12,USD,bank_transfer,completed,5,4.3,False,29.62,rising_talent,6
TXN-1001703,2024-02-05,Music Production,MX,CA,Designer,386.91,USD,credit_card,completed,14,4.5,False,77.38,rising_talent,6
TXN-1001702,2024-02-05,SEO/SEM,US,US,Marketing Manager,779.37,USD,bank_transfer,completed,12,4.2,False,155.87,top_rated,6
TXN-1001903,2024-02-05,AI/ML Development,IN,JP,Data Scientist,148.98,USD,credit_card,completed,22,4.5,True,29.8,level_1,6
TXN-1001694,2024-02-05,Legal Consulting,BR,IN,Lawyer,1512.93,USD,paypal,completed,14,4.5,True,302.59,new_seller,6
TXN-1001687,2024-02-05,Financial Modeling,GB,FR,Accountant,5000.0,USD,credit_card,completed,7,3.5,False,1000.0,rising_talent,6
TXN-1001912,2024-02-05,Social Media Management,GB,IN,Marketing Manager,377.07,USD,paypal,completed,3,4.3,False,75.41,level_1,6
TXN-1001644,2024-02-05,Translation,US,US,Writer,632.65,USD,bank_transfer,completed,3,4.3,False,126.53,rising_talent,6
TXN-1001673,2024-02-05,Social Media Management,GB,GB,Marketing Manager,288.82,USD,credit_card,completed,8,4.2,False,57.76,level_2,6
TXN-1001672,2024-02-05,Legal Consulting,GB,BR,Lawyer,77.75,USD,paypal,completed,14,4.3,False,15.55,level_1,6
TXN-1001671,2024-02-05,Photography,GB,FR,Designer,145.1,USD,credit_card,completed,5,4.8,True,29.02,level_2,6
TXN-1001668,2024-02-05,Music Production,US,US,Designer,287.81,USD,credit_card,completed,8,2.6,True,57.56,level_2,6
TXN-1001654,2024-02-05,AI/ML Development,US,US,Data Scientist,239.8,USD,credit_card,completed,24,4.7,True,47.96,level_1,6
TXN-1001925,2024-02-05,Financial Modeling,US,MX,Accountant,62.27,INR,paypal,completed,8,4.5,False,12.45,top_rated,6
TXN-1001712,2024-02-05,Graphic Design,US,IN,Designer,56.39,GBP,credit_card,completed,4,4.0,True,11.28,new_seller,6
TXN-1001913,2024-02-05,Web Development,AU,US,Software Engineer,510.11,EUR,bank_transfer,completed,17,4.2,False,102.02,new_seller,6
TXN-1001717,2024-02-05,Photography,GB,AU,Designer,1210.15,USD,credit_card,completed,4,5.0,False,242.03,level_1,6
TXN-1001929,2024-02-05,Legal Consulting,SG,AU,Lawyer,132.86,USD,credit_card,completed,9,4.5,True,26.57,level_1,6
TXN-1001727,2024-02-05,Web Development,BR,GB,Software Engineer,245.44,USD,credit_card,completed,18,4.6,True,49.09,rising_talent,6
TXN-1001815,2024-02-05,Data Analysis,BR,JP,Data Scientist,50.77,USD,credit_card,completed,3,4.5,False,10.15,new_seller,6
TXN-1001811,2024-02-05,Social Media Management,DE,IN,Marketing Manager,159.55,EUR,credit_card,completed,4,5.0,True,31.91,level_1,6
TXN-1001810,2024-02-05,Web Development,US,AU,Software Engineer,128.5,USD,credit_card,completed,13,4.9,True,25.7,top_rated,6
TXN-1001808,2024-02-05,Web Development,CA,US,Software Engineer,381.25,USD,credit_card,completed,9,3.5,False,76.25,new_seller,6
TXN-1001806,2024-02-05,Legal Consulting,IN,DE,Lawyer,414.0,USD,bank_transfer,completed,17,4.4,True,82.8,rising_talent,6
TXN-1001846,2024-02-05,Video Production,ZA,GB,Designer,52.16,USD,credit_card,completed,4,4.5,True,10.43,level_2,6
TXN-1001801,2024-02-05,AI/ML Development,FR,JP,Data Scientist,191.06,USD,credit_card,completed,14,3.5,False,38.21,level_2,6
TXN-1001726,2024-02-05,Social Media Management,DE,IN,Marketing Manager,212.47,EUR,credit_card,completed,20,3.1,False,42.49,level_2,6
TXN-1001800,2024-02-05,Video Production,FR,ZA,Designer,50.04,USD,credit_card,completed,5,4.8,False,10.01,level_2,6
TXN-1001856,2024-02-05,Financial Modeling,US,GB,Accountant,108.36,ILS,paypal,completed,11,4.7,True,21.67,level_2,6
TXN-1001781,2024-02-05,Photography,DE,US,Designer,196.6,USD,paypal,completed,3,4.5,True,39.32,level_2,6
TXN-1001766,2024-02-05,Mobile App,SG,DE,Software Engineer,227.24,INR,credit_card,completed,10,3.9,False,45.45,level_1,6
TXN-1001871,2024-02-05,SEO/SEM,AU,US,Marketing Manager,60.73,USD,credit_card,completed,18,4.8,False,12.15,top_rated,6
TXN-1001887,2024-02-05,AI/ML Development,US,US,Data Scientist,1035.51,EUR,credit_card,completed,13,5.0,False,207.1,level_1,6
TXN-1001731,2024-02-05,AI/ML Development,IN,FR,Data Scientist,73.22,USD,paypal,completed,23,4.0,True,14.64,level_1,6
TXN-1001728,2024-02-05,Financial Modeling,SG,IN,Accountant,267.37,USD,paypal,completed,9,4.9,False,53.47,level_1,6
TXN-1001794,2024-02-05,AI/ML Development,US,IN,Data Scientist,159.91,USD,paypal,completed,8,4.6,True,31.98,level_2,6
TXN-1001639,2024-02-05,Web Development,GB,CA,Software Engineer,96.99,INR,paypal,completed,4,3.3,True,19.4,level_2,6
TXN-1001832,2024-02-05,Legal Consulting,NL,NL,Lawyer,20.56,EUR,bank_transfer,completed,5,3.0,False,4.11,new_seller,6
TXN-1001621,2024-02-05,Virtual Assistant,DE,GB,HR Manager,151.8,USD,paypal,completed,4,4.5,False,30.36,level_1,6
TXN-1001623,2024-02-05,Music Production,GB,US,Designer,36.92,USD,credit_card,completed,16,4.9,False,7.38,rising_talent,6
TXN-1001831,2024-02-05,Translation,ZA,IL,Writer,245.74,USD,credit_card,completed,1,3.1,False,49.15,rising_talent,6
TXN-1001634,2024-02-05,SEO/SEM,CA,FR,Marketing Manager,305.9,GBP,credit_card,completed,5,4.2,True,61.18,level_1,6
TXN-1001602,2024-02-05,Legal Consulting,JP,IN,Lawyer,144.96,USD,paypal,completed,8,4.3,True,28.99,rising_talent,6
TXN-1001937,2024-02-05,SEO/SEM,JP,GB,Marketing Manager,74.83,ILS,credit_card,completed,10,4.5,False,14.97,level_2,6
TXN-1001936,2024-02-05,Mobile App,US,IN,Software Engineer,181.58,INR,credit_card,completed,30,3.8,False,36.32,level_2,6
TXN-1001609,2024-02-05,Translation,DE,US,Writer,114.99,USD,credit_card,completed,2,4.2,True,23.0,new_seller,6
TXN-1001599,2024-02-05,Legal Consulting,DE,AU,Lawyer,639.15,EUR,credit_card,completed,20,4.3,False,127.83,level_1,6
TXN-1001944,2024-02-05,Video Production,SG,US,Designer,445.7,EUR,credit_card,completed,10,4.8,True,89.14,level_2,6
TXN-1001783,2024-02-06,Financial Modeling,CA,IL,Accountant,121.78,USD,paypal,completed,9,4.9,True,24.36,new_seller,6
TXN-1001785,2024-02-06,Financial Modeling,US,US,Accountant,272.69,USD,credit_card,completed,10,4.1,False,54.54,rising_talent,6
TXN-1001904,2024-02-06,Social Media Management,US,BR,Marketing Manager,64.81,GBP,credit_card,completed,6,4.6,False,12.96,new_seller,6
TXN-1001906,2024-02-06,Content Writing,FR,US,Writer,253.65,USD,crypto,cancelled,1,,False,50.73,new_seller,6
TXN-1001693,2024-02-06,Graphic Design,DE,DE,Designer,176.47,USD,credit_card,completed,4,4.4,True,35.29,new_seller,6
TXN-1001795,2024-02-06,Legal Consulting,DE,IN,Lawyer,45.22,USD,bank_transfer,completed,24,4.3,False,9.04,rising_talent,6
TXN-1001618,2024-02-06,Content Writing,BR,US,Writer,31.04,USD,paypal,completed,4,4.6,False,6.21,top_rated,6
TXN-1001610,2024-02-06,Virtual Assistant,IN,JP,HR Manager,184.66,ILS,crypto,completed,4,4.8,True,36.93,rising_talent,6
TXN-1001622,2024-02-06,Photography,IN,GB,Designer,293.3,USD,crypto,completed,3,4.1,False,58.66,level_1,6
TXN-1001685,2024-02-06,Video Production,GB,SG,Designer,352.64,EUR,credit_card,completed,10,4.8,False,70.53,rising_talent,6
TXN-1001797,2024-02-06,Financial Modeling,US,US,Accountant,408.94,USD,crypto,cancelled,11,,True,81.79,rising_talent,6
TXN-1001603,2024-02-06,Legal Consulting,GB,DE,Lawyer,697.68,USD,credit_card,in_progress,9,,False,139.54,level_1,6
TXN-1001691,2024-02-06,Social Media Management,IN,FR,Marketing Manager,1547.92,USD,paypal,completed,9,4.5,True,309.58,level_1,6
TXN-1001704,2024-02-06,Social Media Management,BR,ZA,Marketing Manager,139.6,USD,credit_card,completed,17,2.9,False,27.92,top_rated,6
TXN-1001768,2024-02-06,Data Analysis,CA,GB,Data Scientist,33.83,USD,credit_card,completed,6,3.9,False,6.77,rising_talent,6
TXN-1001773,2024-02-06,Graphic Design,IN,JP,Designer,4834.45,USD,credit_card,completed,13,4.6,False,966.89,level_1,6
TXN-1001743,2024-02-06,Music Production,US,US,Designer,46.67,USD,paypal,completed,14,4.2,True,9.33,level_1,6
TXN-1001746,2024-02-06,Financial Modeling,IN,US,Accountant,225.52,USD,credit_card,completed,8,3.4,True,45.1,level_1,6
TXN-1001749,2024-02-06,SEO/SEM,CA,US,Marketing Manager,72.69,USD,credit_card,completed,10,3.7,True,14.54,rising_talent,6
TXN-1001751,2024-02-06,Content Writing,GB,MX,Writer,107.39,USD,credit_card,completed,2,4.1,True,21.48,level_1,6
TXN-1001730,2024-02-06,AI/ML Development,MX,IN,Data Scientist,234.05,USD,credit_card,completed,15,5.0,False,46.81,rising_talent,6
TXN-1001881,2024-02-06,AI/ML Development,GB,IN,Data Scientist,1715.82,USD,paypal,completed,17,4.5,False,343.16,level_1,6
TXN-1001612,2024-02-06,Photography,IN,SG,Designer,443.2,GBP,bank_transfer,completed,5,3.7,True,88.64,level_2,6
TXN-1001614,2024-02-06,Graphic Design,US,US,Designer,19.04,USD,bank_transfer,completed,11,4.6,False,3.81,level_2,6
TXN-1001879,2024-02-06,AI/ML Development,BR,FR,Data Scientist,77.67,USD,paypal,completed,15,4.3,False,15.53,top_rated,6
TXN-1001724,2024-02-06,Music Production,BR,US,Designer,630.81,USD,bank_transfer,completed,5,3.3,False,126.16,level_1,6
TXN-1001721,2024-02-06,Social Media Management,NL,IN,Marketing Manager,306.75,USD,credit_card,completed,22,4.4,False,61.35,level_1,6
TXN-1001874,2024-02-06,Data Analysis,FR,GB,Data Scientist,59.24,USD,credit_card,completed,10,4.4,False,11.85,level_1,6
TXN-1001867,2024-02-06,Translation,CA,FR,Writer,46.83,USD,credit_card,completed,2,3.8,False,9.37,level_2,6
TXN-1001897,2024-02-06,Mobile App,US,IN,Software Engineer,1304.26,USD,bank_transfer,completed,26,4.5,False,260.85,level_2,6
TXN-1001713,2024-02-06,Translation,US,US,Writer,93.92,USD,credit_card,completed,2,4.4,True,18.78,level_1,6
TXN-1001935,2024-02-06,Virtual Assistant,BR,IN,HR Manager,29.13,INR,crypto,completed,2,4.6,False,5.83,level_2,6
TXN-1001682,2024-02-06,Data Analysis,FR,US,Data Scientist,785.63,USD,paypal,completed,15,3.3,False,157.13,rising_talent,6
TXN-1001898,2024-02-06,Data Analysis,US,US,Data Scientist,143.75,USD,credit_card,in_progress,9,,False,28.75,level_1,6
TXN-1001911,2024-02-06,Content Writing,AU,JP,Writer,107.15,USD,credit_card,completed,3,4.4,True,21.43,level_2,6
TXN-1001890,2024-02-06,Social Media Management,IN,BR,Marketing Manager,35.97,USD,paypal,completed,4,4.5,False,7.19,level_1,6
TXN-1001847,2024-02-06,Virtual Assistant,IN,IN,HR Manager,116.07,USD,credit_card,completed,1,4.8,False,23.21,level_1,6
TXN-1001843,2024-02-06,Web Development,US,US,Software Engineer,2286.86,GBP,crypto,completed,9,5.0,False,457.37,level_1,6
TXN-1001802,2024-02-06,Financial Modeling,JP,CA,Accountant,212.2,USD,bank_transfer,completed,13,3.1,True,42.44,level_1,6
TXN-1001923,2024-02-06,Virtual Assistant,GB,US,HR Manager,110.28,INR,crypto,completed,1,4.1,True,22.06,level_1,6
TXN-1001656,2024-02-06,SEO/SEM,IL,US,Marketing Manager,13588.49,USD,paypal,completed,9,4.3,False,2717.7,level_2,6
TXN-1001655,2024-02-06,Content Writing,US,GB,Writer,65.2,USD,credit_card,completed,3,4.7,True,13.04,level_2,6
TXN-1001629,2024-02-06,SEO/SEM,US,CA,Marketing Manager,224.63,USD,bank_transfer,completed,11,4.1,False,44.93,new_seller,6
TXN-1001652,2024-02-06,AI/ML Development,IN,FR,Data Scientist,160.2,USD,bank_transfer,completed,10,4.8,True,32.04,level_1,6
TXN-1001651,2024-02-06,Financial Modeling,IN,US,Accountant,977.9,USD,credit_card,completed,6,5.0,True,195.58,level_2,6
TXN-1001924,2024-02-06,Photography,US,IN,Designer,11.77,USD,credit_card,completed,4,3.7,True,2.35,new_seller,6
TXN-1001824,2024-02-06,Web Development,AU,US,Software Engineer,86.66,USD,paypal,completed,11,4.4,False,17.33,top_rated,6
TXN-1001646,2024-02-06,Translation,IN,IN,Writer,26.91,USD,paypal,completed,1,3.8,False,5.38,new_seller,6
TXN-1001826,2024-02-06,Social Media Management,IN,IN,Marketing Manager,68.76,USD,paypal,completed,5,4.4,False,13.75,new_seller,6
TXN-1001828,2024-02-06,Financial Modeling,US,GB,Accountant,13.35,USD,credit_card,cancelled,7,,True,2.67,rising_talent,6
TXN-1001643,2024-02-06,Photography,US,ES,Designer,94.45,USD,paypal,completed,3,3.9,False,18.89,level_2,6
TXN-1001834,2024-02-06,Financial Modeling,IN,AU,Accountant,428.7,USD,paypal,completed,7,4.7,False,85.74,rising_talent,6
TXN-1001833,2024-02-06,Social Media Management,NL,CA,Marketing Manager,240.31,USD,paypal,completed,6,4.7,True,48.06,level_2,6
TXN-1001640,2024-02-06,Data Analysis,US,GB,Data Scientist,154.92,USD,paypal,completed,10,4.4,False,30.98,level_2,6
TXN-1001638,2024-02-06,Content Writing,IN,IN,Writer,447.03,USD,bank_transfer,completed,2,4.5,False,89.41,rising_talent,6
TXN-1001930,2024-02-06,Video Production,US,BR,Designer,78.98,GBP,credit_card,completed,14,3.9,True,15.8,level_1,6
TXN-1001660,2024-02-06,Social Media Management,JP,GB,Marketing Manager,77.6,USD,paypal,cancelled,10,,False,15.52,level_1,6
TXN-1001921,2024-02-06,Web Development,US,US,Software Engineer,53.68,ILS,credit_card,completed,15,4.5,True,10.74,new_seller,6
TXN-1001883,2024-02-06,Data Analysis,IN,US,Data Scientist,201.35,USD,paypal,completed,4,4.3,False,40.27,rising_talent,6
TXN-1001813,2024-02-06,Virtual Assistant,US,DE,HR Manager,5.0,USD,credit_card,completed,3,4.2,False,1.0,rising_talent,6
TXN-1001628,2024-02-06,Data Analysis,AU,GB,Data Scientist,35.47,USD,paypal,cancelled,3,,False,7.09,rising_talent,6
TXN-1001666,2024-02-06,Mobile App,JP,US,Software Engineer,228.63,USD,paypal,completed,23,4.7,False,45.73,new_seller,6
TXN-1001845,2024-02-06,Music Production,MX,US,Designer,489.37,USD,credit_card,completed,12,4.6,True,97.87,rising_talent,6
TXN-1001915,2024-02-06,Legal Consulting,US,US,Lawyer,659.93,USD,credit_card,completed,7,3.5,False,131.99,top_rated,6
TXN-1001807,2024-02-06,Translation,AU,US,Writer,135.7,EUR,paypal,cancelled,4,,False,27.14,level_1,6
TXN-1001667,2024-02-06,Content Writing,GB,CA,Writer,13.57,USD,paypal,completed,2,4.5,False,2.71,level_2,6
TXN-1001677,2024-02-06,Financial Modeling,US,GB,Accountant,37.24,USD,credit_card,completed,7,4.8,False,7.45,level_1,6
TXN-1001919,2024-02-06,Social Media Management,BR,US,Marketing Manager,603.19,USD,credit_card,completed,4,3.7,True,120.64,level_2,6
TXN-1001601,2024-02-07,Music Production,US,FR,Designer,226.96,USD,credit_card,completed,13,4.1,True,45.39,rising_talent,6
TXN-1001822,2024-02-07,Financial Modeling,SG,CA,Accountant,509.59,EUR,credit_card,completed,11,4.1,False,101.92,top_rated,6
TXN-1001804,2024-02-07,Content Writing,BR,FR,Writer,40.82,USD,bank_transfer,completed,2,2.9,False,8.16,rising_talent,6
TXN-1001745,2024-02-07,Video Production,GB,GB,Designer,383.91,USD,credit_card,completed,8,3.4,True,76.78,level_2,6
TXN-1001605,2024-02-07,Content Writing,BR,US,Writer,631.4,USD,credit_card,completed,4,3.4,False,126.28,new_seller,6
TXN-1001793,2024-02-07,SEO/SEM,AU,IN,Marketing Manager,206.96,USD,paypal,completed,13,4.2,True,41.39,rising_talent,6
TXN-1001744,2024-02-07,AI/ML Development,US,BR,Data Scientist,132.58,EUR,paypal,completed,21,4.2,False,26.52,level_2,6
TXN-1001850,2024-02-07,AI/ML Development,US,IN,Data Scientist,56.5,USD,credit_card,completed,12,4.5,True,11.3,rising_talent,6
TXN-1001941,2024-02-07,Mobile App,DE,DE,Software Engineer,80.78,USD,paypal,completed,64,3.7,False,16.16,level_2,6
TXN-1001756,2024-02-07,Web Development,US,US,Software Engineer,103.31,USD,paypal,completed,6,3.3,True,20.66,level_2,6
TXN-1001857,2024-02-07,Mobile App,IN,US,Software Engineer,19.39,USD,credit_card,completed,18,4.8,False,3.88,top_rated,6
TXN-1001820,2024-02-07,Data Analysis,US,GB,Data Scientist,227.47,USD,bank_transfer,completed,11,3.8,True,45.49,new_seller,6
TXN-1001875,2024-02-07,Mobile App,IN,US,Software Engineer,24.18,USD,credit_card,completed,16,4.2,False,4.84,level_2,6
TXN-1001791,2024-02-07,Legal Consulting,IN,GB,Lawyer,145.04,USD,credit_card,completed,21,4.3,False,29.01,level_2,6
TXN-1001868,2024-02-07,Legal Consulting,DE,US,Lawyer,185.04,USD,credit_card,completed,12,4.5,True,37.01,level_2,6
TXN-1001842,2024-02-07,Graphic Design,SG,CA,Designer,143.91,USD,credit_card,completed,6,4.4,True,28.78,level_2,6
TXN-1001608,2024-02-07,Virtual Assistant,FR,IN,HR Manager,120.01,USD,credit_card,completed,1,2.9,True,24.0,level_2,6
TXN-1001851,2024-02-07,Legal Consulting,US,US,Lawyer,8.09,ILS,paypal,completed,30,3.6,True,1.62,top_rated,6
TXN-1001789,2024-02-07,Photography,GB,JP,Designer,1988.52,USD,credit_card,completed,4,4.2,False,397.7,level_2,6
TXN-1001606,2024-02-07,Social Media Management,NL,US,Marketing Manager,160.23,EUR,bank_transfer,completed,7,3.7,False,32.05,level_2,6
TXN-1001844,2024-02-07,Mobile App,GB,DE,Software Engineer,208.11,USD,paypal,completed,12,3.1,True,41.62,level_2,6
TXN-1001776,2024-02-07,Web Development,GB,IN,Software Engineer,921.9,USD,paypal,completed,30,4.6,True,184.38,level_1,6
TXN-1001860,2024-02-07,Music Production,US,US,Designer,630.12,USD,credit_card,completed,8,4.7,True,126.02,level_1,6
TXN-1001938,2024-02-07,Social Media Management,US,US,Marketing Manager,341.22,USD,credit_card,completed,7,4.7,False,68.24,level_1,6
TXN-1001755,2024-02-07,Virtual Assistant,FR,US,HR Manager,156.65,USD,paypal,completed,1,4.5,False,31.33,level_2,6
TXN-1001772,2024-02-07,SEO/SEM,JP,ES,Marketing Manager,1275.26,USD,bank_transfer,completed,8,3.0,False,255.05,rising_talent,6
TXN-1001931,2024-02-07,Financial Modeling,US,ZA,Accountant,238.29,USD,credit_card,completed,7,4.6,False,47.66,level_2,6
TXN-1001653,2024-02-07,Content Writing,ZA,ES,Writer,116.46,USD,credit_card,completed,3,3.7,False,23.29,new_seller,6
TXN-1001617,2024-02-07,Translation,IN,IL,Writer,827.61,USD,paypal,completed,1,3.4,False,165.52,level_2,6
TXN-1001706,2024-02-07,Financial Modeling,CA,IN,Accountant,164.68,USD,paypal,completed,14,3.2,True,32.94,rising_talent,6
TXN-1001647,2024-02-07,Music Production,IN,MX,Designer,197.62,USD,paypal,completed,16,4.6,False,39.52,level_2,6
TXN-1001619,2024-02-07,Photography,US,FR,Designer,776.06,USD,bank_transfer,completed,3,3.2,False,155.21,new_seller,6
TXN-1001631,2024-02-07,Photography,FR,IN,Designer,768.62,USD,paypal,completed,5,4.4,True,153.72,rising_talent,6
TXN-1001709,2024-02-07,Content Writing,GB,US,Writer,193.84,USD,credit_card,cancelled,2,,False,38.77,new_seller,6
TXN-1001650,2024-02-07,SEO/SEM,US,NL,Marketing Manager,1089.46,USD,bank_transfer,completed,9,4.5,False,217.89,level_1,6
TXN-1001683,2024-02-07,Social Media Management,SG,ZA,Marketing Manager,151.51,USD,crypto,completed,4,4.0,False,30.3,top_rated,6
TXN-1001895,2024-02-07,Social Media Management,US,US,Marketing Manager,153.06,EUR,credit_card,completed,10,4.7,False,30.61,rising_talent,6
TXN-1001679,2024-02-07,Translation,BR,ZA,Writer,141.26,USD,paypal,completed,2,4.3,True,28.25,top_rated,6
TXN-1001894,2024-02-07,Photography,GB,US,Designer,131.56,USD,credit_card,completed,6,4.6,True,26.31,top_rated,6
TXN-1001624,2024-02-07,Web Development,US,US,Software Engineer,975.51,USD,credit_card,completed,13,4.1,False,195.1,level_2,6
TXN-1001625,2024-02-07,Financial Modeling,AU,DE,Accountant,169.27,USD,paypal,completed,6,4.7,True,33.85,level_2,6
TXN-1001933,2024-02-07,Translation,IN,IN,Writer,634.65,USD,paypal,completed,3,4.6,True,126.93,rising_talent,6
TXN-1001718,2024-02-07,Photography,US,US,Designer,998.24,USD,crypto,completed,4,4.0,True,199.65,level_1,6
TXN-1001725,2024-02-07,Music Production,NL,BR,Designer,271.97,USD,credit_card,completed,15,4.5,False,54.39,level_2,6
TXN-1001630,2024-02-07,Content Writing,US,ES,Writer,30.03,USD,credit_card,completed,3,4.6,False,6.01,new_seller,6
TXN-1001657,2024-02-07,SEO/SEM,IN,IN,Marketing Manager,353.24,USD,credit_card,completed,6,4.9,True,70.65,level_2,6
TXN-1001922,2024-02-07,Financial Modeling,US,ZA,Accountant,496.26,USD,credit_card,completed,5,3.1,False,99.25,level_2,6
TXN-1001735,2024-02-07,Data Analysis,IN,US,Data Scientist,77.35,USD,credit_card,completed,5,3.0,False,15.47,new_seller,6
TXN-1001932,2024-02-07,Virtual Assistant,IN,GB,HR Manager,82.82,USD,bank_transfer,completed,2,5.0,False,16.56,level_1,6
TXN-1001920,2024-02-07,Legal Consulting,NL,IN,Lawyer,127.84,EUR,credit_card,completed,27,3.7,False,25.57,level_1,6
TXN-1001723,2024-02-07,Data Analysis,US,IL,Data Scientist,255.44,INR,paypal,completed,11,3.6,False,51.09,level_1,6
TXN-1001663,2024-02-07,AI/ML Development,US,SG,Data Scientist,1802.07,USD,paypal,completed,30,4.8,False,360.41,level_2,6
TXN-1001901,2024-02-07,Social Media Management,US,NL,Marketing Manager,26.82,EUR,paypal,completed,3,4.7,False,5.36,level_2,6
TXN-1001669,2024-02-07,Content Writing,SG,DE,Writer,840.52,USD,bank_transfer,completed,6,3.6,False,168.1,level_2,6
TXN-1001947,2024-02-07,Mobile App,FR,BR,Software Engineer,169.34,USD,credit_card,completed,20,4.6,True,33.87,level_2,6
TXN-1001891,2024-02-07,Virtual Assistant,FR,US,HR Manager,15.19,INR,bank_transfer,cancelled,3,,False,3.04,new_seller,6
TXN-1001670,2024-02-07,Content Writing,FR,GB,Writer,95.19,ILS,credit_card,completed,3,3.8,False,19.04,level_2,6
TXN-1001733,2024-02-07,Translation,MX,IL,Writer,12.86,USD,credit_card,completed,3,4.2,False,2.57,new_seller,6
TXN-1001914,2024-02-08,Financial Modeling,NL,US,Accountant,3787.43,USD,credit_card,completed,10,3.5,True,757.49,rising_talent,6
TXN-1001853,2024-02-08,Music Production,NL,FR,Designer,296.99,USD,paypal,completed,9,4.5,False,59.4,level_1,6
TXN-1001823,2024-02-08,Mobile App,SG,GB,Software Engineer,149.49,GBP,credit_card,completed,21,4.2,False,29.9,rising_talent,6
TXN-1001676,2024-02-08,Video Production,IN,US,Designer,322.08,USD,credit_card,completed,20,4.2,True,64.42,new_seller,6
TXN-1001692,2024-02-08,Photography,US,DE,Designer,59.15,USD,paypal,completed,4,4.7,True,11.83,level_1,6
TXN-1001885,2024-02-08,Legal Consulting,CA,GB,Lawyer,112.5,USD,crypto,completed,22,3.0,True,22.5,top_rated,6
TXN-1001688,2024-02-08,Virtual Assistant,IN,US,HR Manager,1154.7,USD,credit_card,completed,2,4.4,False,230.94,rising_talent,6
TXN-1001849,2024-02-08,Social Media Management,ES,US,Marketing Manager,19.65,EUR,credit_card,completed,15,4.8,False,3.93,level_1,6
TXN-1001680,2024-02-08,Music Production,ZA,GB,Designer,3129.32,USD,credit_card,completed,19,4.2,False,625.86,rising_talent,6
TXN-1001798,2024-02-08,Legal Consulting,GB,US,Lawyer,181.04,USD,credit_card,cancelled,21,,True,36.21,rising_talent,6
TXN-1001848,2024-02-08,Music Production,US,DE,Designer,89.95,USD,bank_transfer,completed,6,3.7,True,17.99,level_2,6
TXN-1001934,2024-02-08,Mobile App,IL,US,Software Engineer,1157.07,USD,credit_card,completed,19,4.4,True,231.41,rising_talent,6
TXN-1001910,2024-02-08,Web Development,GB,SG,Software Engineer,36.23,USD,credit_card,completed,8,4.3,False,7.25,new_seller,6
TXN-1001840,2024-02-08,AI/ML Development,MX,IN,Data Scientist,96.27,EUR,paypal,completed,30,4.9,False,19.25,level_1,6
TXN-1001615,2024-02-08,Photography,US,IN,Designer,26.44,EUR,bank_transfer,completed,3,4.2,False,5.29,new_seller,6
TXN-1001750,2024-02-08,Data Analysis,IN,US,Data Scientist,57.95,USD,paypal,completed,8,3.9,False,11.59,level_1,6
TXN-1001732,2024-02-08,Video Production,NL,GB,Designer,29.67,USD,credit_card,completed,5,4.9,False,5.93,level_1,6
TXN-1001736,2024-02-08,Social Media Management,ZA,US,Marketing Manager,269.51,USD,credit_card,completed,19,3.2,False,53.9,level_1,6
TXN-1001632,2024-02-08,Data Analysis,US,US,Data Scientist,215.14,GBP,bank_transfer,completed,4,3.5,True,43.03,level_2,6
TXN-1001757,2024-02-08,Photography,CA,GB,Designer,45.63,USD,credit_card,completed,4,3.3,True,9.13,level_2,6
TXN-1001633,2024-02-08,Mobile App,IN,IN,Software Engineer,17.07,GBP,credit_card,completed,14,4.7,False,3.41,top_rated,6
TXN-1001893,2024-02-08,Social Media Management,IN,US,Marketing Manager,676.51,USD,credit_card,completed,7,4.5,False,135.3,top_rated,6
TXN-1001761,2024-02-08,AI/ML Development,IN,AU,Data Scientist,113.3,USD,bank_transfer,completed,28,4.9,True,22.66,level_2,6
TXN-1001870,2024-02-08,Content Writing,US,ZA,Writer,147.7,USD,paypal,completed,4,3.9,True,29.54,level_1,6
TXN-1001700,2024-02-08,Video Production,US,IN,Designer,200.98,USD,paypal,completed,14,3.2,False,40.2,rising_talent,6
TXN-1001715,2024-02-08,AI/ML Development,MX,GB,Data Scientist,202.17,USD,crypto,completed,14,4.3,False,40.43,new_seller,6
TXN-1001865,2024-02-08,Data Analysis,BR,IN,Data Scientist,210.54,USD,paypal,completed,4,4.7,False,42.11,level_1,6
TXN-1001711,2024-02-08,Legal Consulting,CA,BR,Lawyer,100.46,USD,paypal,completed,21,1.0,False,20.09,top_rated,6
TXN-1001769,2024-02-08,Web Development,US,FR,Software Engineer,735.8,USD,credit_card,completed,14,4.7,True,147.16,level_2,6
TXN-1001863,2024-02-08,Social Media Management,IN,FR,Marketing Manager,32.59,USD,credit_card,completed,7,4.3,True,6.52,level_1,6
TXN-1001862,2024-02-08,Legal Consulting,US,IN,Lawyer,237.99,USD,credit_card,completed,10,2.9,True,47.6,level_2,6
TXN-1001710,2024-02-08,Data Analysis,IN,DE,Data Scientist,228.09,EUR,credit_card,completed,5,4.3,True,45.62,level_2,6
TXN-1001742,2024-02-08,Legal Consulting,SG,IN,Lawyer,119.35,USD,credit_card,completed,14,4.8,False,23.87,level_2,6
TXN-1001774,2024-02-08,Social Media Management,ZA,ZA,Marketing Manager,36.39,USD,paypal,completed,10,3.7,True,7.28,level_1,6
TXN-1001861,2024-02-08,Mobile App,US,AU,Software Engineer,34.15,USD,credit_card,completed,30,4.7,False,6.83,new_seller,6
TXN-1001708,2024-02-08,Content Writing,GB,US,Writer,283.43,EUR,credit_card,completed,3,4.7,False,56.69,level_1,6
TXN-1001707,2024-02-08,Mobile App,BR,US,Software Engineer,237.9,USD,paypal,completed,11,3.0,True,47.58,new_seller,6
TXN-1001778,2024-02-08,Graphic Design,AU,IN,Designer,506.36,USD,credit_card,completed,10,4.1,False,101.27,top_rated,6
TXN-1001819,2024-02-08,Virtual Assistant,US,MX,HR Manager,135.82,USD,credit_card,completed,1,1.0,False,27.16,level_1,6
TXN-1001858,2024-02-08,Mobile App,US,IL,Software Engineer,569.59,USD,bank_transfer,completed,17,4.2,True,113.92,level_1,6
TXN-1001748,2024-02-08,Photography,NL,US,Designer,62.8,USD,paypal,disputed,1,,False,12.56,top_rated,6
TXN-1001882,2024-02-08,Legal Consulting,BR,US,Lawyer,683.04,USD,credit_card,completed,24,3.8,False,136.61,level_1,6
TXN-1001838,2024-02-09,Translation,IN,GB,Writer,223.88,EUR,credit_card,completed,1,4.8,False,44.78,rising_talent,6
TXN-1001837,2024-02-09,Video Production,GB,GB,Designer,81.42,USD,bank_transfer,completed,2,3.8,True,16.28,rising_talent,6
TXN-1001839,2024-02-09,SEO/SEM,IN,US,Marketing Manager,286.2,EUR,bank_transfer,completed,7,4.2,False,57.24,rising_talent,6
TXN-1001928,2024-02-09,Graphic Design,US,US,Designer,58.69,USD,credit_card,completed,4,3.4,True,11.74,new_seller,6
TXN-1001926,2024-02-09,Social Media Management,ZA,CA,Marketing Manager,8.79,USD,credit_card,completed,5,3.8,False,1.76,top_rated,6
TXN-1001886,2024-02-09,Virtual Assistant,ES,BR,HR Manager,1328.39,GBP,credit_card,completed,2,4.3,True,265.68,top_rated,6
TXN-1001939,2024-02-09,Graphic Design,US,JP,Designer,308.99,USD,credit_card,completed,12,4.9,True,61.8,level_2,6
TXN-1001908,2024-02-09,Mobile App,DE,GB,Software Engineer,424.71,USD,bank_transfer,completed,19,2.9,False,84.94,rising_talent,6
TXN-1001907,2024-02-09,Mobile App,GB,IN,Software Engineer,144.13,GBP,paypal,completed,22,4.0,True,28.83,level_2,6
TXN-1001902,2024-02-09,Music Production,IN,ES,Designer,145.47,EUR,paypal,completed,14,3.9,False,29.09,new_seller,6
TXN-1001852,2024-02-09,Web Development,DE,SG,Software Engineer,11.76,USD,bank_transfer,completed,19,3.7,True,2.35,level_1,6
TXN-1001900,2024-02-09,Translation,US,US,Writer,214.58,USD,paypal,completed,2,3.5,False,42.92,level_2,6
TXN-1001859,2024-02-09,Social Media Management,IN,US,Marketing Manager,21.66,USD,paypal,completed,10,3.9,False,4.33,rising_talent,6
TXN-1001876,2024-02-09,Financial Modeling,US,IN,Accountant,287.06,USD,bank_transfer,completed,15,3.4,True,57.41,level_2,6
TXN-1001892,2024-02-09,Social Media Management,US,CA,Marketing Manager,86.93,USD,paypal,completed,12,4.4,False,17.39,rising_talent,6
TXN-1001880,2024-02-09,AI/ML Development,MX,ES,Data Scientist,56.76,USD,credit_card,completed,28,3.8,False,11.35,level_2,6
TXN-1001888,2024-02-09,Mobile App,MX,DE,Software Engineer,529.54,USD,credit_card,completed,30,2.8,False,105.91,level_1,6
TXN-1001841,2024-02-09,Web Development,BR,SG,Software Engineer,146.54,USD,paypal,completed,11,3.8,True,29.31,rising_talent,6
TXN-1001855,2024-02-09,Mobile App,NL,US,Software Engineer,382.89,EUR,paypal,completed,30,4.2,False,76.58,level_1,6
TXN-1001627,2024-02-09,Music Production,US,IN,Designer,577.42,USD,bank_transfer,completed,10,4.7,True,115.48,rising_talent,6
TXN-1001600,2024-02-09,Web Development,US,IL,Software Engineer,158.43,USD,credit_card,completed,24,3.8,True,31.69,level_2,6
TXN-1001775,2024-02-09,Graphic Design,FR,IL,Designer,138.21,GBP,credit_card,completed,7,3.6,True,27.64,level_2,6
TXN-1001697,2024-02-09,Social Media Management,US,DE,Marketing Manager,444.89,USD,credit_card,completed,5,3.3,False,88.98,level_1,6
TXN-1001678,2024-02-09,Legal Consulting,US,US,Lawyer,231.51,USD,credit_card,completed,13,4.6,False,46.3,level_2,6
TXN-1001626,2024-02-09,Content Writing,ZA,US,Writer,858.73,USD,credit_card,completed,2,3.3,False,171.75,level_2,6
TXN-1001635,2024-02-09,Legal Consulting,GB,IL,Lawyer,171.46,USD,credit_card,completed,14,3.9,False,34.29,rising_talent,6
TXN-1001637,2024-02-09,Music Production,ZA,US,Designer,302.34,USD,bank_transfer,completed,15,4.2,False,60.47,level_2,6
TXN-1001754,2024-02-09,SEO/SEM,GB,ZA,Marketing Manager,225.81,USD,paypal,completed,11,3.5,False,45.16,new_seller,6
TXN-1001753,2024-02-09,AI/ML Development,GB,DE,Data Scientist,338.24,USD,credit_card,completed,19,3.8,False,67.65,rising_talent,6
TXN-1001681,2024-02-09,Virtual Assistant,CA,IN,HR Manager,548.99,EUR,credit_card,completed,1,3.8,False,109.8,rising_talent,6
TXN-1001747,2024-02-09,Music Production,US,MX,Designer,302.09,USD,credit_card,completed,15,4.6,True,60.42,level_1,6
TXN-1001741,2024-02-09,Music Production,ES,US,Designer,124.04,USD,credit_card,completed,8,4.1,False,24.81,level_2,6
TXN-1001739,2024-02-09,Web Development,US,US,Software Engineer,203.29,USD,paypal,completed,16,4.9,True,40.66,rising_talent,6
TXN-1001737,2024-02-09,Mobile App,FR,CA,Software Engineer,52.95,USD,credit_card,completed,21,4.7,False,10.59,rising_talent,6
TXN-1001686,2024-02-09,SEO/SEM,IN,US,Marketing Manager,51.85,EUR,credit_card,completed,11,4.2,False,10.37,rising_talent,6
TXN-1001722,2024-02-09,Mobile App,NL,US,Software Engineer,113.99,USD,credit_card,completed,30,4.0,False,22.8,level_1,6
TXN-1001720,2024-02-09,Data Analysis,IL,IN,Data Scientist,416.35,USD,credit_card,completed,9,2.6,False,83.27,level_2,6
TXN-1001689,2024-02-09,Music Production,US,NL,Designer,815.01,GBP,paypal,completed,26,4.4,True,163.0,rising_talent,6
TXN-1001716,2024-02-09,Financial Modeling,ES,US,Accountant,21.05,GBP,paypal,completed,5,3.6,False,4.21,level_1,6
TXN-1001690,2024-02-09,Graphic Design,US,US,Designer,11.5,USD,bank_transfer,completed,2,4.8,False,2.3,level_2,6
TXN-1001658,2024-02-09,Music Production,CA,US,Designer,66.83,INR,credit_card,completed,14,4.3,False,13.37,top_rated,6
TXN-1001698,2024-02-09,SEO/SEM,IL,DE,Marketing Manager,109.5,USD,paypal,completed,8,3.4,False,21.9,level_2,6
TXN-1001779,2024-02-09,Financial Modeling,AU,US,Accountant,59.2,USD,paypal,completed,16,4.3,False,11.84,rising_talent,6
TXN-1001780,2024-02-09,Graphic Design,ES,US,Designer,125.96,USD,credit_card,completed,5,4.4,True,25.19,rising_talent,6
TXN-1001695,2024-02-09,AI/ML Development,GB,DE,Data Scientist,11.9,USD,credit_card,completed,12,4.5,True,2.38,new_seller,6
TXN-1001787,2024-02-09,Content Writing,US,AU,Writer,237.91,EUR,credit_card,completed,2,3.9,False,47.58,new_seller,6
TXN-1001805,2024-02-09,Data Analysis,ES,US,Data Scientist,95.98,EUR,bank_transfer,completed,11,2.7,False,19.2,level_1,6
TXN-1001782,2024-02-09,Content Writing,MX,ES,Writer,2431.68,USD,credit_card,completed,1,4.5,False,486.34,rising_talent,6
TXN-1001830,2024-02-09,Content Writing,IN,DE,Writer,201.67,USD,bank_transfer,completed,3,4.5,True,40.33,new_seller,6
TXN-1001796,2024-02-09,Virtual Assistant,IN,DE,HR Manager,24.24,USD,paypal,disputed,2,,True,4.85,new_seller,6
TXN-1001792,2024-02-09,Music Production,FR,MX,Designer,567.4,USD,paypal,completed,16,4.0,False,113.48,new_seller,6
TXN-1001814,2024-02-09,Graphic Design,ES,US,Designer,215.21,USD,credit_card,completed,2,3.3,True,43.04,new_seller,6
TXN-1001665,2024-02-09,Social Media Management,DE,GB,Marketing Manager,230.73,GBP,bank_transfer,completed,6,3.3,True,46.15,rising_talent,6
TXN-1001821,2024-02-09,Music Production,GB,BR,Designer,186.31,USD,credit_card,cancelled,13,,True,37.26,top_rated,6
TXN-1001604,2024-02-09,Mobile App,US,IN,Software Engineer,60.91,USD,credit_card,completed,18,4.8,False,12.18,level_1,6
TXN-1001607,2024-02-09,Video Production,SG,IN,Designer,84.44,USD,credit_card,completed,4,4.3,False,16.89,new_seller,6
TXN-1001738,2024-02-10,Financial Modeling,IL,BR,Accountant,321.35,USD,crypto,completed,10,4.2,False,64.27,level_2,6
TXN-1001889,2024-02-10,Music Production,DE,JP,Designer,12.31,USD,credit_card,completed,11,4.2,True,2.46,rising_talent,6
TXN-1001927,2024-02-10,AI/ML Development,US,IL,Data Scientist,88.28,EUR,credit_card,completed,19,3.6,True,17.66,level_1,6
TXN-1001784,2024-02-10,Virtual Assistant,JP,US,HR Manager,120.57,USD,paypal,completed,3,4.1,False,24.11,rising_talent,6
TXN-1001812,2024-02-10,Financial Modeling,ZA,FR,Accountant,1200.28,INR,paypal,completed,6,4.9,False,240.06,new_seller,6
TXN-1001817,2024-02-10,Content Writing,ZA,IN,Writer,393.25,USD,credit_card,completed,7,3.8,False,78.65,new_seller,6
TXN-1001598,2024-02-10,Mobile App,US,US,Software Engineer,205.07,EUR,bank_transfer,cancelled,19,,False,41.01,rising_talent,6
TXN-1001896,2024-02-10,Web Development,IN,US,Software Engineer,151.75,EUR,credit_card,completed,11,4.1,False,30.35,level_1,6
TXN-1001916,2024-02-10,Virtual Assistant,IL,NL,HR Manager,48.07,USD,credit_card,completed,2,4.1,False,9.61,level_2,6
TXN-1001705,2024-02-10,Music Production,MX,ES,Designer,262.12,GBP,paypal,completed,22,4.2,True,52.42,level_1,6
TXN-1001899,2024-02-10,SEO/SEM,ZA,ZA,Marketing Manager,479.2,USD,paypal,completed,12,4.5,False,95.84,level_1,6
TXN-1001699,2024-02-10,Social Media Management,DE,US,Marketing Manager,45.28,USD,paypal,completed,6,4.4,False,9.06,new_seller,6
TXN-1001835,2024-02-10,SEO/SEM,GB,BR,Marketing Manager,644.16,EUR,paypal,completed,8,3.7,True,128.83,rising_talent,6
TXN-1001816,2024-02-10,Legal Consulting,US,US,Lawyer,148.63,EUR,bank_transfer,completed,6,3.1,True,29.73,new_seller,6
TXN-1001684,2024-02-10,Financial Modeling,GB,US,Accountant,202.06,USD,credit_card,completed,6,3.5,True,40.41,new_seller,6
TXN-1001942,2024-02-10,Data Analysis,IL,US,Data Scientist,1440.91,EUR,paypal,completed,5,2.9,False,288.18,new_seller,6
TXN-1001674,2024-02-10,Mobile App,IN,US,Software Engineer,117.87,INR,paypal,completed,19,4.5,True,23.57,rising_talent,6
TXN-1001675,2024-02-10,Translation,FR,IN,Writer,1373.79,EUR,paypal,completed,2,3.6,True,274.76,level_2,6
TXN-1001786,2024-02-10,Graphic Design,IN,MX,Designer,193.99,USD,credit_card,completed,6,4.8,True,38.8,level_1,6
TXN-1001771,2024-02-10,Data Analysis,CA,GB,Data Scientist,22.57,USD,paypal,completed,10,3.9,False,4.51,new_seller,6
TXN-1001770,2024-02-10,AI/ML Development,AU,US,Data Scientist,127.55,USD,credit_card,cancelled,6,,False,25.51,top_rated,6
TXN-1001864,2024-02-10,AI/ML Development,US,US,Data Scientist,331.1,USD,credit_card,completed,14,3.2,True,66.22,level_1,6
TXN-1001613,2024-02-10,Graphic Design,GB,DE,Designer,110.32,USD,crypto,completed,8,4.5,False,22.06,rising_talent,6
TXN-1001866,2024-02-10,Video Production,ZA,ZA,Designer,491.98,USD,credit_card,completed,7,3.7,False,98.4,level_1,6
TXN-1001884,2024-02-10,Virtual Assistant,SG,MX,HR Manager,44.65,USD,paypal,completed,1,3.3,False,8.93,level_1,6
TXN-1001765,2024-02-10,Translation,FR,IL,Writer,50.8,USD,bank_transfer,completed,2,4.0,False,10.16,rising_talent,6
TXN-1001854,2024-02-10,Legal Consulting,FR,ES,Lawyer,233.0,GBP,paypal,completed,21,4.0,True,46.6,level_2,6
TXN-1001763,2024-02-10,Photography,US,ES,Designer,205.65,GBP,credit_card,completed,8,4.0,True,41.13,new_seller,6
TXN-1001872,2024-02-10,Social Media Management,SG,ES,Marketing Manager,349.99,USD,credit_card,completed,16,3.6,True,70.0,new_seller,6
TXN-1001873,2024-02-10,Mobile App,IN,IN,Software Engineer,15.7,EUR,paypal,completed,27,4.4,False,3.14,rising_talent,6
TXN-1001917,2024-02-10,Financial Modeling,US,BR,Accountant,101.35,USD,bank_transfer,completed,12,1.0,False,20.27,level_1,6
TXN-1001877,2024-02-10,Social Media Management,SG,IN,Marketing Manager,153.59,USD,bank_transfer,completed,12,3.7,False,30.72,level_1,6
TXN-1001940,2024-02-10,Social Media Management,US,IN,Marketing Manager,165.83,USD,credit_card,completed,7,4.6,True,33.17,level_2,6
TXN-1001616,2024-02-10,AI/ML Development,DE,AU,Data Scientist,83.37,GBP,bank_transfer,completed,19,3.9,True,16.67,rising_talent,6
TXN-1001869,2024-02-10,Graphic Design,AU,US,Designer,110.36,USD,paypal,completed,5,3.3,False,22.07,rising_talent,6
TXN-1001636,2024-02-11,Translation,US,IN,Writer,33.6,INR,credit_card,completed,4,4.7,True,6.72,level_2,6
TXN-1001659,2024-02-11,Translation,IL,ZA,Writer,246.23,USD,credit_card,completed,3,3.8,False,49.25,new_seller,6
TXN-1001649,2024-02-11,Web Development,ES,US,Software Engineer,63.89,USD,paypal,completed,9,3.3,False,12.78,level_1,6
TXN-1001648,2024-02-11,Social Media Management,US,US,Marketing Manager,313.4,USD,credit_card,completed,14,3.7,True,62.68,level_2,6
TXN-1001645,2024-02-11,Financial Modeling,BR,CA,Accountant,15.03,USD,credit_card,completed,10,3.7,False,3.01,level_1,6
TXN-1001642,2024-02-11,Video Production,DE,GB,Designer,45.84,USD,crypto,completed,4,4.4,False,9.17,level_2,6
TXN-1001641,2024-02-11,Video Production,BR,BR,Designer,406.99,USD,paypal,cancelled,5,,True,81.4,level_1,6
TXN-1001620,2024-02-11,SEO/SEM,GB,IN,Marketing Manager,95.2,ILS,paypal,completed,7,3.5,False,19.04,top_rated,6
TXN-1001611,2024-02-11,Translation,DE,DE,Writer,240.7,USD,paypal,completed,5,4.0,True,48.14,level_2,6
TXN-1001943,2024-02-11,Music Production,GB,US,Designer,52.18,ILS,credit_card,completed,7,3.9,False,10.44,new_seller,6
TXN-1001945,2024-02-11,Graphic Design,SG,IN,Designer,304.88,EUR,paypal,completed,4,2.7,False,60.98,level_2,6
TXN-1001946,2024-02-11,Translation,IN,IN,Writer,33.17,GBP,paypal,completed,2,4.5,False,6.63,level_1,6
TXN-1001661,2024-02-11,Virtual Assistant,US,BR,HR Manager,84.55,USD,credit_card,completed,1,2.7,True,16.91,level_1,6
TXN-1001662,2024-02-11,Legal Consulting,DE,GB,Lawyer,437.86,EUR,crypto,completed,9,3.3,False,87.57,rising_talent,6
TXN-1001829,2024-02-11,Financial Modeling,FR,US,Accountant,99.0,USD,credit_card,completed,16,4.5,False,19.8,new_seller,6
TXN-1001918,2024-02-11,Virtual Assistant,NL,US,HR Manager,336.22,GBP,credit_card,completed,2,3.4,True,67.24,rising_talent,6
TXN-1001836,2024-02-11,Photography,IN,DE,Designer,1359.0,EUR,credit_card,completed,3,4.3,False,271.8,top_rated,6
TXN-1001827,2024-02-11,Financial Modeling,IN,ES,Accountant,331.39,USD,credit_card,completed,4,4.4,False,66.28,rising_talent,6
TXN-1001825,2024-02-11,Data Analysis,US,US,Data Scientist,109.48,USD,bank_transfer,completed,11,3.8,False,21.9,top_rated,6
TXN-1001818,2024-02-11,Music Production,IN,CA,Designer,205.01,USD,credit_card,completed,16,4.6,False,41.0,rising_talent,6
TXN-1001809,2024-02-11,Video Production,IN,IN,Designer,141.94,USD,paypal,completed,4,4.9,False,28.39,level_1,6
TXN-1001803,2024-02-11,Video Production,FR,US,Designer,123.13,USD,credit_card,completed,3,4.4,False,24.63,new_seller,6
TXN-1001664,2024-02-11,SEO/SEM,US,CA,Marketing Manager,353.7,USD,paypal,completed,16,4.6,False,70.74,rising_talent,6
TXN-1001799,2024-02-11,SEO/SEM,GB,IN,Marketing Manager,53.42,USD,credit_card,completed,14,3.8,True,10.68,level_2,6
TXN-1001788,2024-02-11,Content Writing,US,IN,Writer,80.37,USD,paypal,completed,2,3.2,True,16.07,level_2,6
TXN-1001777,2024-02-11,Web Development,IN,US,Software Engineer,80.41,GBP,paypal,completed,8,4.4,False,16.08,level_1,6
TXN-1001767,2024-02-11,Photography,GB,US,Designer,650.21,USD,paypal,completed,5,4.8,False,130.04,rising_talent,6
TXN-1001764,2024-02-11,Financial Modeling,GB,US,Accountant,69.49,USD,paypal,completed,7,4.7,False,13.9,rising_talent,6
TXN-1001762,2024-02-11,Financial Modeling,US,US,Accountant,79.63,GBP,credit_card,completed,5,4.2,True,15.93,new_seller,6
TXN-1001790,2024-02-11,Graphic Design,BR,GB,Designer,567.31,GBP,credit_card,completed,4,4.0,False,113.46,rising_talent,6
TXN-1001759,2024-02-11,Photography,BR,IN,Designer,570.0,USD,credit_card,completed,4,4.4,True,114.0,level_1,6
TXN-1001905,2024-02-11,Video Production,US,FR,Designer,45.75,USD,paypal,completed,5,3.9,True,9.15,new_seller,6
TXN-1001760,2024-02-11,Virtual Assistant,MX,GB,HR Manager,1135.39,USD,paypal,completed,2,4.5,True,227.08,new_seller,6
TXN-1001696,2024-02-11,SEO/SEM,DE,FR,Marketing Manager,100.91,USD,paypal,completed,9,3.9,False,20.18,level_1,6
TXN-1001701,2024-02-11,Virtual Assistant,CA,GB,HR Manager,600.35,USD,paypal,completed,1,4.4,False,120.07,rising_talent,6
TXN-1001714,2024-02-11,Translation,GB,AU,Writer,220.13,USD,credit_card,completed,2,4.1,True,44.03,rising_talent,6
TXN-1001729,2024-02-11,Translation,IN,IN,Writer,65.1,USD,credit_card,completed,3,4.4,True,13.02,new_seller,6
TXN-1001719,2024-02-11,Financial Modeling,IL,US,Accountant,36.35,GBP,credit_card,completed,14,3.9,False,7.27,new_seller,6
TXN-1001740,2024-02-11,Translation,BR,ES,Writer,24.41,USD,credit_card,completed,3,3.6,True,4.88,level_2,6
TXN-1001752,2024-02-11,AI/ML Development,NL,NL,Data Scientist,240.41,USD,bank_transfer,completed,14,3.7,False,48.08,rising_talent,6
TXN-1001878,2024-02-11,Data Analysis,DE,IN,Data Scientist,77.21,USD,paypal,completed,4,4.8,True,15.44,rising_talent,6
TXN-1001758,2024-02-11,Financial Modeling,IL,IN,Accountant,55.61,USD,credit_card,completed,8,3.5,False,11.12,new_seller,6
TXN-1001734,2024-02-11,Web Development,IL,US,Software Engineer,295.64,USD,credit_card,completed,14,3.9,True,59.13,level_2,6
TXN-1002099,2024-02-12,SEO/SEM,US,ZA,Marketing Manager,576.22,USD,paypal,completed,7,4.8,True,115.24,rising_talent,7
TXN-1002009,2024-02-12,Music Production,US,DE,Designer,135.64,USD,credit_card,disputed,6,,False,27.13,top_rated,7
TXN-1002094,2024-02-12,Social Media Management,IN,US,Marketing Manager,138.32,USD,paypal,completed,6,4.8,False,27.66,level_1,7
TXN-1002098,2024-02-12,Graphic Design,IN,US,Designer,525.32,USD,crypto,completed,5,4.7,False,105.06,new_seller,7
TXN-1002101,2024-02-12,SEO/SEM,US,IN,Marketing Manager,76.19,USD,credit_card,completed,14,3.0,False,15.24,rising_talent,7
TXN-1002110,2024-02-12,Web Development,IN,GB,Software Engineer,983.32,GBP,bank_transfer,completed,11,3.8,False,196.66,level_1,7
TXN-1002103,2024-02-12,Data Analysis,ZA,JP,Data Scientist,220.25,USD,paypal,completed,5,4.4,True,44.05,level_2,7
TXN-1002106,2024-02-12,Content Writing,US,DE,Writer,29.6,USD,bank_transfer,completed,3,3.5,False,5.92,level_1,7
TXN-1002107,2024-02-12,Mobile App,US,CA,Software Engineer,2191.66,USD,bank_transfer,completed,14,4.6,False,438.33,level_2,7
TXN-1002012,2024-02-12,Social Media Management,IN,CA,Marketing Manager,259.64,USD,credit_card,completed,5,4.9,False,51.93,level_1,7
TXN-1001998,2024-02-12,Mobile App,FR,IN,Software Engineer,72.16,USD,credit_card,completed,11,4.5,False,14.43,level_1,7
TXN-1002084,2024-02-12,SEO/SEM,GB,US,Marketing Manager,150.56,EUR,paypal,completed,7,3.3,False,30.11,level_1,7
TXN-1002042,2024-02-12,Translation,US,IN,Writer,242.21,USD,credit_card,completed,9,4.0,True,48.44,level_2,7
TXN-1002080,2024-02-12,Music Production,FR,FR,Designer,104.61,USD,paypal,completed,7,4.2,False,20.92,new_seller,7
TXN-1002017,2024-02-12,Virtual Assistant,US,DE,HR Manager,122.34,USD,credit_card,completed,3,4.1,False,24.47,level_1,7
TXN-1002018,2024-02-12,Financial Modeling,ES,US,Accountant,70.39,USD,paypal,completed,10,4.0,True,14.08,level_2,7
TXN-1002020,2024-02-12,Mobile App,US,US,Software Engineer,604.18,USD,credit_card,completed,14,4.9,False,120.84,level_2,7
TXN-1002024,2024-02-12,Mobile App,GB,GB,Software Engineer,129.41,EUR,bank_transfer,completed,20,4.5,False,25.88,level_1,7
TXN-1002078,2024-02-12,Social Media Management,IN,GB,Marketing Manager,254.83,USD,credit_card,completed,10,4.4,False,50.97,rising_talent,7
TXN-1002075,2024-02-12,AI/ML Development,CA,IN,Data Scientist,523.61,USD,credit_card,completed,12,2.0,False,104.72,level_1,7
TXN-1002072,2024-02-12,Legal Consulting,CA,BR,Lawyer,70.47,USD,paypal,completed,21,4.3,False,14.09,level_1,7
TXN-1002066,2024-02-12,Mobile App,IL,IN,Software Engineer,98.72,USD,crypto,completed,30,3.4,False,19.74,level_2,7
TXN-1002175,2024-02-12,Photography,US,IN,Designer,224.61,USD,bank_transfer,completed,3,3.0,False,44.92,level_1,7
TXN-1002039,2024-02-12,Mobile App,US,US,Software Engineer,55.39,USD,paypal,cancelled,30,,True,11.08,level_1,7
TXN-1001980,2024-02-12,Web Development,US,US,Software Engineer,104.25,USD,paypal,completed,16,4.5,False,20.85,level_1,7
TXN-1002045,2024-02-12,Web Development,US,CA,Software Engineer,1305.75,EUR,credit_card,completed,27,4.1,False,261.15,level_2,7
TXN-1002014,2024-02-12,Financial Modeling,US,US,Accountant,612.64,USD,crypto,completed,11,4.2,False,122.53,rising_talent,7
TXN-1001977,2024-02-12,Mobile App,IN,AU,Software Engineer,85.13,USD,paypal,completed,30,4.1,False,17.03,new_seller,7
TXN-1002112,2024-02-12,Translation,DE,BR,Writer,417.65,USD,bank_transfer,completed,2,2.7,True,83.53,new_seller,7
TXN-1002198,2024-02-12,Financial Modeling,US,IN,Accountant,127.14,USD,credit_card,completed,18,4.5,True,25.43,new_seller,7
TXN-1002152,2024-02-12,Mobile App,DE,GB,Software Engineer,211.64,USD,paypal,completed,14,2.6,False,42.33,top_rated,7
TXN-1001951,2024-02-12,Virtual Assistant,CA,CA,HR Manager,310.12,USD,credit_card,completed,1,4.6,False,62.02,level_2,7
TXN-1002140,2024-02-12,Virtual Assistant,US,JP,HR Manager,366.44,USD,credit_card,completed,3,3.1,False,73.29,level_2,7
TXN-1001959,2024-02-12,Mobile App,IN,US,Software Engineer,101.92,USD,credit_card,completed,27,4.7,False,20.38,new_seller,7
TXN-1001976,2024-02-12,Financial Modeling,FR,US,Accountant,40.57,USD,credit_card,completed,17,3.0,False,8.11,top_rated,7
TXN-1001963,2024-02-12,Virtual Assistant,US,FR,HR Manager,80.78,USD,credit_card,completed,2,4.1,False,16.16,level_2,7
TXN-1002132,2024-02-12,Music Production,AU,GB,Designer,83.29,USD,credit_card,completed,10,4.6,True,16.66,level_2,7
TXN-1001968,2024-02-12,Data Analysis,JP,US,Data Scientist,416.38,USD,paypal,completed,4,2.1,False,83.28,new_seller,7
TXN-1002121,2024-02-12,Social Media Management,GB,GB,Marketing Manager,267.79,INR,paypal,completed,5,4.7,True,53.56,level_2,7
TXN-1002203,2024-02-12,Data Analysis,IN,MX,Data Scientist,44.95,EUR,credit_card,completed,11,3.8,False,8.99,new_seller,7
TXN-1002179,2024-02-12,Social Media Management,US,IN,Marketing Manager,96.96,USD,credit_card,completed,7,4.8,False,19.39,top_rated,7
TXN-1002119,2024-02-12,Legal Consulting,US,US,Lawyer,294.01,USD,bank_transfer,completed,14,4.4,True,58.8,level_1,7
TXN-1002120,2024-02-12,Legal Consulting,GB,US,Lawyer,996.56,EUR,paypal,completed,14,4.3,False,199.31,top_rated,7
TXN-1002059,2024-02-13,Financial Modeling,FR,BR,Accountant,535.78,USD,crypto,completed,8,3.6,True,107.16,rising_talent,7
TXN-1002204,2024-02-13,Translation,US,IN,Writer,48.37,USD,paypal,completed,2,4.2,False,9.67,level_1,7
TXN-1001957,2024-02-13,Music Production,US,IN,Designer,33.13,USD,credit_card,completed,9,4.8,True,6.63,level_1,7
TXN-1001987,2024-02-13,Legal Consulting,ZA,GB,Lawyer,1877.6,EUR,paypal,completed,11,3.5,False,375.52,level_2,7
TXN-1002187,2024-02-13,Translation,US,US,Writer,242.74,EUR,credit_card,completed,1,4.3,False,48.55,new_seller,7
TXN-1001955,2024-02-13,AI/ML Development,US,BR,Data Scientist,7.88,USD,paypal,completed,22,4.1,False,1.58,top_rated,7
TXN-1002022,2024-02-13,Video Production,US,US,Designer,334.15,USD,crypto,completed,13,4.1,True,66.83,new_seller,7
TXN-1002023,2024-02-13,Data Analysis,US,BR,Data Scientist,62.0,GBP,credit_card,completed,4,4.6,False,12.4,rising_talent,7
TXN-1002180,2024-02-13,Music Production,IN,GB,Designer,54.92,EUR,credit_card,completed,14,4.7,True,10.98,rising_talent,7
TXN-1002147,2024-02-13,Photography,IN,IN,Designer,569.44,USD,credit_card,completed,2,4.0,True,113.89,level_2,7
TXN-1001952,2024-02-13,AI/ML Development,IN,AU,Data Scientist,722.61,USD,paypal,completed,17,3.9,False,144.52,new_seller,7
TXN-1001981,2024-02-13,Translation,IL,US,Writer,63.76,USD,credit_card,completed,3,4.8,False,12.75,level_1,7
TXN-1002031,2024-02-13,Photography,GB,IN,Designer,93.7,USD,credit_card,completed,2,3.4,False,18.74,new_seller,7
TXN-1002186,2024-02-13,Web Development,CA,US,Software Engineer,736.72,USD,bank_transfer,completed,9,4.8,False,147.34,rising_talent,7
TXN-1002034,2024-02-13,Translation,US,US,Writer,17.1,USD,paypal,completed,2,2.5,False,3.42,level_1,7
TXN-1002184,2024-02-13,Web Development,BR,US,Software Engineer,308.0,GBP,credit_card,completed,11,4.4,False,61.6,top_rated,7
TXN-1002063,2024-02-13,Virtual Assistant,IN,IN,HR Manager,55.78,USD,bank_transfer,completed,3,2.5,True,11.16,rising_talent,7
TXN-1002182,2024-02-13,Financial Modeling,DE,IL,Accountant,122.79,USD,paypal,completed,7,4.3,False,24.56,new_seller,7
TXN-1002146,2024-02-13,Legal Consulting,GB,DE,Lawyer,8.82,USD,bank_transfer,completed,16,4.7,False,1.76,new_seller,7
TXN-1002029,2024-02-13,Graphic Design,GB,IN,Designer,131.79,EUR,paypal,completed,3,4.8,True,26.36,level_1,7
TXN-1002114,2024-02-13,Data Analysis,MX,DE,Data Scientist,86.89,USD,paypal,completed,6,3.6,False,17.38,rising_talent,7
TXN-1002196,2024-02-13,Content Writing,NL,US,Writer,128.98,EUR,paypal,completed,2,2.8,False,25.8,level_2,7
TXN-1002011,2024-02-13,Virtual Assistant,US,US,HR Manager,12.69,USD,credit_card,completed,2,3.8,False,2.54,level_1,7
TXN-1001992,2024-02-13,Photography,US,US,Designer,124.83,ILS,credit_card,completed,6,3.7,False,24.97,rising_talent,7
TXN-1002128,2024-02-13,Music Production,IN,SG,Designer,251.24,EUR,paypal,completed,22,2.9,True,50.25,new_seller,7
TXN-1001994,2024-02-13,AI/ML Development,JP,US,Data Scientist,41.27,USD,bank_transfer,completed,21,4.8,False,8.25,new_seller,7
TXN-1002111,2024-02-13,Legal Consulting,CA,US,Lawyer,394.47,USD,credit_card,completed,12,3.9,False,78.89,level_1,7
TXN-1001997,2024-02-13,Photography,JP,IN,Designer,127.32,EUR,credit_card,completed,4,4.2,False,25.46,level_2,7
TXN-1002202,2024-02-13,Web Development,BR,ES,Software Engineer,1521.93,USD,credit_card,completed,13,3.3,False,304.39,level_2,7
TXN-1002201,2024-02-13,Graphic Design,IN,ZA,Designer,100.27,USD,credit_card,disputed,4,,False,20.05,rising_talent,7
TXN-1002155,2024-02-13,Financial Modeling,BR,US,Accountant,190.41,EUR,paypal,completed,12,3.7,True,38.08,level_1,7
TXN-1002097,2024-02-13,Graphic Design,US,AU,Designer,8.69,USD,paypal,completed,3,4.4,False,1.74,new_seller,7
TXN-1002156,2024-02-13,AI/ML Development,FR,US,Data Scientist,24.04,USD,credit_card,completed,19,3.5,True,4.81,level_2,7
TXN-1002139,2024-02-13,Video Production,DE,MX,Designer,281.12,USD,credit_card,completed,7,4.2,False,56.22,rising_talent,7
TXN-1002091,2024-02-13,Web Development,ZA,GB,Software Engineer,26.06,GBP,bank_transfer,completed,13,3.1,True,5.21,rising_talent,7
TXN-1002087,2024-02-13,Photography,IN,ES,Designer,250.27,USD,paypal,completed,4,4.8,False,50.05,level_1,7
TXN-1002007,2024-02-13,Graphic Design,DE,SG,Designer,232.33,USD,crypto,completed,5,2.1,False,46.47,level_2,7
TXN-1002085,2024-02-13,Web Development,BR,IN,Software Engineer,151.47,USD,paypal,cancelled,15,,True,30.29,top_rated,7
TXN-1002188,2024-02-13,Photography,US,SG,Designer,139.32,USD,paypal,completed,2,4.0,False,27.86,level_1,7
TXN-1002053,2024-02-14,Mobile App,IN,DE,Software Engineer,69.6,USD,paypal,completed,20,4.2,False,13.92,level_1,7
TXN-1002055,2024-02-14,Data Analysis,GB,SG,Data Scientist,31.25,USD,bank_transfer,completed,10,4.0,False,6.25,level_1,7
TXN-1002178,2024-02-14,Photography,NL,MX,Designer,320.23,USD,bank_transfer,completed,2,3.7,True,64.05,new_seller,7
TXN-1002056,2024-02-14,Virtual Assistant,CA,FR,HR Manager,92.8,USD,credit_card,completed,3,4.2,False,18.56,level_1,7
TXN-1002108,2024-02-14,Photography,US,US,Designer,273.43,USD,credit_card,completed,2,4.3,False,54.69,level_1,7
TXN-1002160,2024-02-14,SEO/SEM,ZA,US,Marketing Manager,575.28,USD,credit_card,completed,9,4.8,False,115.06,rising_talent,7
TXN-1002058,2024-02-14,Music Production,US,US,Designer,261.83,EUR,bank_transfer,completed,15,4.2,False,52.37,level_1,7
TXN-1002157,2024-02-14,Translation,GB,BR,Writer,31.94,USD,bank_transfer,completed,2,4.7,False,6.39,rising_talent,7
TXN-1002113,2024-02-14,Music Production,GB,AU,Designer,73.97,USD,paypal,completed,14,4.0,True,14.79,level_2,7
TXN-1002151,2024-02-14,Web Development,DE,GB,Software Engineer,42.17,USD,credit_card,completed,7,4.0,False,8.43,level_1,7
TXN-1002095,2024-02-14,Video Production,CA,FR,Designer,719.99,EUR,credit_card,completed,4,4.7,False,144.0,level_2,7
TXN-1002105,2024-02-14,Legal Consulting,MX,US,Lawyer,84.8,USD,credit_card,completed,21,3.2,False,16.96,level_1,7
TXN-1002116,2024-02-14,Graphic Design,US,FR,Designer,34.36,USD,bank_transfer,completed,6,4.1,True,6.87,level_2,7
TXN-1002067,2024-02-14,Mobile App,US,GB,Software Engineer,193.02,GBP,paypal,completed,30,3.6,False,38.6,new_seller,7
TXN-1002115,2024-02-14,Content Writing,IN,IN,Writer,95.47,USD,credit_card,completed,4,3.2,False,19.09,level_2,7
TXN-1002079,2024-02-14,Web Development,JP,CA,Software Engineer,33.06,USD,bank_transfer,completed,27,2.6,True,6.61,level_1,7
TXN-1002169,2024-02-14,Photography,IL,BR,Designer,906.35,GBP,paypal,completed,5,4.7,False,181.27,level_2,7
TXN-1002153,2024-02-14,Video Production,US,ES,Designer,137.8,USD,credit_card,completed,14,3.5,True,27.56,top_rated,7
TXN-1002081,2024-02-14,Translation,ES,GB,Writer,62.01,USD,credit_card,completed,3,2.2,False,12.4,rising_talent,7
TXN-1002154,2024-02-14,Financial Modeling,DE,IN,Accountant,732.28,USD,bank_transfer,completed,11,4.6,False,146.46,level_2,7
TXN-1001991,2024-02-14,Translation,BR,AU,Writer,412.21,USD,credit_card,completed,4,4.6,True,82.44,level_2,7
TXN-1002149,2024-02-14,AI/ML Development,FR,US,Data Scientist,1426.17,USD,paypal,completed,30,4.9,True,285.23,new_seller,7
TXN-1002199,2024-02-14,Music Production,GB,US,Designer,730.2,USD,bank_transfer,completed,4,4.9,False,146.04,new_seller,7
TXN-1001983,2024-02-14,Music Production,CA,FR,Designer,58.89,USD,credit_card,completed,7,4.0,True,11.78,level_2,7
TXN-1001972,2024-02-14,Photography,DE,US,Designer,31.17,USD,paypal,completed,7,2.2,False,6.23,level_2,7
TXN-1001988,2024-02-14,Legal Consulting,US,US,Lawyer,165.74,USD,paypal,completed,13,4.5,True,33.15,new_seller,7
TXN-1002195,2024-02-14,Virtual Assistant,US,MX,HR Manager,6.51,EUR,paypal,cancelled,2,,True,1.3,level_1,7
TXN-1001970,2024-02-14,AI/ML Development,CA,JP,Data Scientist,169.55,USD,credit_card,completed,15,3.9,True,33.91,top_rated,7
TXN-1001999,2024-02-14,Virtual Assistant,DE,IN,HR Manager,334.2,USD,bank_transfer,completed,1,3.6,True,66.84,level_2,7
TXN-1002050,2024-02-14,Financial Modeling,ZA,BR,Accountant,37.81,USD,credit_card,completed,7,3.6,True,7.56,level_1,7
TXN-1002192,2024-02-14,Data Analysis,AU,DE,Data Scientist,42.43,USD,paypal,completed,4,4.5,False,8.49,level_2,7
TXN-1001966,2024-02-14,Legal Consulting,CA,US,Lawyer,45.0,USD,credit_card,completed,16,4.6,False,9.0,new_seller,7
TXN-1002005,2024-02-14,Video Production,US,US,Designer,1012.63,USD,crypto,completed,8,4.1,False,202.53,level_2,7
TXN-1002190,2024-02-14,Video Production,BR,US,Designer,774.85,USD,paypal,completed,11,3.6,False,154.97,new_seller,7
TXN-1002025,2024-02-14,Virtual Assistant,ZA,US,HR Manager,466.15,USD,credit_card,completed,2,4.9,True,93.23,level_2,7
TXN-1001956,2024-02-14,Video Production,US,FR,Designer,13.4,USD,credit_card,disputed,7,,False,2.68,rising_talent,7
TXN-1002027,2024-02-14,SEO/SEM,IL,US,Marketing Manager,150.47,USD,bank_transfer,completed,9,4.6,False,30.09,rising_talent,7
TXN-1002013,2024-02-14,Data Analysis,IN,ES,Data Scientist,45.09,USD,paypal,completed,4,4.8,False,9.02,rising_talent,7
TXN-1002181,2024-02-14,Financial Modeling,IN,IN,Accountant,12.2,USD,credit_card,completed,13,4.2,True,2.44,level_1,7
TXN-1002166,2024-02-15,Photography,US,SG,Designer,195.6,USD,bank_transfer,completed,6,4.0,False,39.12,level_2,7
TXN-1002037,2024-02-15,Content Writing,ZA,CA,Writer,93.78,GBP,paypal,completed,1,4.3,False,18.76,level_2,7
TXN-1002133,2024-02-15,Content Writing,US,SG,Writer,326.79,USD,bank_transfer,completed,2,4.3,True,65.36,rising_talent,7
TXN-1002003,2024-02-15,Legal Consulting,DE,BR,Lawyer,66.93,USD,paypal,completed,12,3.4,True,13.39,new_seller,7
TXN-1002177,2024-02-15,AI/ML Development,IN,GB,Data Scientist,280.09,USD,bank_transfer,completed,30,4.1,False,56.02,level_1,7
TXN-1002040,2024-02-15,Data Analysis,GB,MX,Data Scientist,97.96,USD,bank_transfer,completed,6,3.7,False,19.59,rising_talent,7
TXN-1002102,2024-02-15,Music Production,US,BR,Designer,580.39,USD,crypto,completed,22,4.5,True,116.08,level_1,7
TXN-1001996,2024-02-15,Data Analysis,ES,IL,Data Scientist,14.41,USD,credit_card,completed,10,4.6,False,2.88,level_1,7
TXN-1002090,2024-02-15,AI/ML Development,SG,US,Data Scientist,302.9,USD,credit_card,disputed,30,,False,60.58,level_2,7
TXN-1002148,2024-02-15,Translation,NL,CA,Writer,72.88,EUR,credit_card,completed,3,4.4,False,14.58,rising_talent,7
TXN-1002123,2024-02-15,Translation,US,ZA,Writer,208.38,USD,credit_card,completed,2,3.8,False,41.68,level_2,7
TXN-1002109,2024-02-15,Financial Modeling,US,US,Accountant,36.5,USD,crypto,completed,18,4.9,False,7.3,level_2,7
TXN-1002046,2024-02-15,Video Production,NL,SG,Designer,712.72,USD,credit_card,completed,3,3.5,False,142.54,level_1,7
TXN-1001971,2024-02-15,Music Production,AU,NL,Designer,214.87,USD,paypal,completed,14,4.5,False,42.97,level_2,7
TXN-1002054,2024-02-15,Translation,US,CA,Writer,24.67,EUR,bank_transfer,completed,3,3.5,True,4.93,level_2,7
TXN-1002047,2024-02-15,Financial Modeling,US,IL,Accountant,1414.96,USD,credit_card,completed,19,4.0,True,282.99,new_seller,7
TXN-1001982,2024-02-15,Data Analysis,US,GB,Data Scientist,14.29,USD,paypal,completed,6,4.1,False,2.86,level_1,7
TXN-1002048,2024-02-15,Data Analysis,US,IN,Data Scientist,59.5,INR,paypal,completed,5,4.3,False,11.9,level_1,7
TXN-1002044,2024-02-15,Content Writing,IN,CA,Writer,152.38,EUR,credit_card,completed,1,4.7,False,30.48,level_2,7
TXN-1001964,2024-02-15,AI/ML Development,IL,GB,Data Scientist,920.09,USD,paypal,completed,17,5.0,True,184.02,rising_talent,7
TXN-1002161,2024-02-15,Financial Modeling,DE,IL,Accountant,40.7,USD,credit_card,completed,13,4.8,False,8.14,top_rated,7
TXN-1002183,2024-02-15,Mobile App,US,IN,Software Engineer,53.1,USD,paypal,completed,12,4.6,False,10.62,top_rated,7
TXN-1001949,2024-02-15,Mobile App,AU,ES,Software Engineer,695.83,USD,credit_card,completed,14,4.4,True,139.17,rising_talent,7
TXN-1002088,2024-02-15,Translation,ZA,GB,Writer,618.26,USD,credit_card,completed,3,4.0,True,123.65,level_1,7
TXN-1002185,2024-02-15,SEO/SEM,MX,US,Marketing Manager,369.63,USD,credit_card,completed,8,4.6,True,73.93,level_2,7
TXN-1002016,2024-02-15,Content Writing,IN,US,Writer,59.32,USD,bank_transfer,completed,73,4.5,False,11.86,level_2,7
TXN-1002137,2024-02-15,Mobile App,US,GB,Software Engineer,41.87,USD,paypal,completed,7,4.9,True,8.37,level_2,7
TXN-1002171,2024-02-15,Video Production,US,IN,Designer,329.49,GBP,credit_card,completed,6,4.4,False,65.9,rising_talent,7
TXN-1002073,2024-02-15,Data Analysis,GB,DE,Data Scientist,258.46,USD,credit_card,completed,5,3.2,False,51.69,level_1,7
TXN-1002083,2024-02-15,Music Production,GB,SG,Designer,282.08,USD,credit_card,completed,12,4.3,False,56.42,rising_talent,7
TXN-1002028,2024-02-15,SEO/SEM,JP,JP,Marketing Manager,397.97,USD,bank_transfer,completed,15,3.3,False,79.59,level_2,7
TXN-1002117,2024-02-15,Photography,CA,GB,Designer,78.07,USD,bank_transfer,completed,4,4.8,True,15.61,top_rated,7
TXN-1002141,2024-02-15,AI/ML Development,DE,IL,Data Scientist,117.54,USD,paypal,completed,14,4.3,True,23.51,level_2,7
TXN-1002069,2024-02-15,Web Development,AU,CA,Software Engineer,63.67,USD,paypal,completed,26,4.1,True,12.73,level_2,7
TXN-1002189,2024-02-15,SEO/SEM,US,US,Marketing Manager,707.06,USD,bank_transfer,completed,8,4.1,False,141.41,level_1,7
TXN-1002170,2024-02-15,Mobile App,ES,MX,Software Engineer,176.55,USD,bank_transfer,completed,21,4.3,True,35.31,rising_talent,7
TXN-1002144,2024-02-15,Financial Modeling,US,GB,Accountant,31.36,USD,credit_card,completed,9,4.1,False,6.27,rising_talent,7
TXN-1001954,2024-02-16,Video Production,BR,US,Designer,102.96,USD,paypal,completed,4,3.4,False,20.59,level_1,7
TXN-1001974,2024-02-16,Mobile App,US,ZA,Software Engineer,351.55,USD,credit_card,completed,17,3.8,False,70.31,level_2,7
TXN-1002127,2024-02-16,Web Development,AU,IN,Software Engineer,279.81,USD,credit_card,completed,26,3.7,False,55.96,rising_talent,7
TXN-1002138,2024-02-16,Content Writing,DE,JP,Writer,515.21,GBP,crypto,completed,5,4.2,True,103.04,level_1,7
TXN-1001962,2024-02-16,Web Development,IN,IN,Software Engineer,25.89,EUR,credit_card,completed,24,3.2,True,5.18,rising_talent,7
TXN-1002129,2024-02-16,Financial Modeling,IN,DE,Accountant,10.81,USD,credit_card,completed,4,4.4,False,2.16,new_seller,7
TXN-1002130,2024-02-16,SEO/SEM,IN,NL,Marketing Manager,844.07,ILS,paypal,completed,13,2.6,False,168.81,new_seller,7
TXN-1001967,2024-02-16,Legal Consulting,US,IN,Lawyer,22.01,USD,crypto,completed,8,4.3,False,4.4,new_seller,7
TXN-1001948,2024-02-16,Financial Modeling,CA,BR,Accountant,275.83,USD,paypal,completed,12,4.9,False,55.17,rising_talent,7
TXN-1001950,2024-02-16,Legal Consulting,DE,MX,Lawyer,790.13,USD,credit_card,completed,11,4.9,False,158.03,rising_talent,7
TXN-1002135,2024-02-16,Translation,IL,CA,Writer,24.95,USD,paypal,completed,2,4.3,False,4.99,level_1,7
TXN-1002124,2024-02-16,Web Development,US,US,Software Engineer,124.7,USD,credit_card,disputed,19,,True,24.94,rising_talent,7
TXN-1002205,2024-02-16,Web Development,US,BR,Software Engineer,59.39,USD,credit_card,completed,14,4.2,False,11.88,level_2,7
TXN-1002051,2024-02-16,Web Development,US,US,Software Engineer,153.82,USD,credit_card,completed,19,4.5,False,30.76,level_1,7
TXN-1001979,2024-02-16,Translation,IN,IN,Writer,33.65,EUR,bank_transfer,completed,2,4.3,True,6.73,level_1,7
TXN-1002057,2024-02-16,Graphic Design,SG,SG,Designer,13.75,ILS,paypal,completed,3,4.9,False,2.75,rising_talent,7
TXN-1002174,2024-02-16,Data Analysis,DE,IN,Data Scientist,522.64,USD,credit_card,completed,6,3.2,False,104.53,new_seller,7
TXN-1002065,2024-02-16,Social Media Management,DE,US,Marketing Manager,126.84,USD,credit_card,completed,9,3.2,True,25.37,level_2,7
TXN-1002030,2024-02-16,Web Development,GB,US,Software Engineer,25.61,USD,credit_card,completed,30,4.2,False,5.12,level_2,7
TXN-1002172,2024-02-16,Financial Modeling,US,US,Accountant,155.35,USD,credit_card,completed,12,3.7,True,31.07,level_1,7
TXN-1002070,2024-02-16,Video Production,US,IN,Designer,331.58,USD,credit_card,completed,7,1.0,False,66.32,top_rated,7
TXN-1002071,2024-02-16,Social Media Management,ES,US,Marketing Manager,253.61,EUR,credit_card,completed,10,4.1,True,50.72,level_1,7
TXN-1002026,2024-02-16,Data Analysis,IN,US,Data Scientist,331.36,USD,credit_card,completed,4,2.9,True,66.27,level_1,7
TXN-1002021,2024-02-16,Translation,BR,IN,Writer,198.42,USD,bank_transfer,completed,2,4.8,False,39.68,level_1,7
TXN-1002015,2024-02-16,Music Production,ZA,CA,Designer,84.21,USD,bank_transfer,cancelled,20,,True,16.84,level_1,7
TXN-1002086,2024-02-16,Virtual Assistant,DE,SG,HR Manager,66.71,USD,paypal,completed,3,4.8,True,13.34,level_1,7
TXN-1002092,2024-02-16,Legal Consulting,MX,JP,Lawyer,1964.83,USD,bank_transfer,completed,13,4.4,False,392.97,rising_talent,7
TXN-1002089,2024-02-16,Financial Modeling,IN,ES,Accountant,339.08,EUR,bank_transfer,completed,8,3.9,False,67.82,new_seller,7
TXN-1002002,2024-02-16,Web Development,AU,US,Software Engineer,332.64,USD,paypal,completed,11,4.5,True,66.53,level_2,7
TXN-1002193,2024-02-16,Data Analysis,MX,GB,Data Scientist,182.28,USD,bank_transfer,completed,8,4.7,False,36.46,level_2,7
TXN-1002162,2024-02-16,Social Media Management,GB,FR,Marketing Manager,411.72,USD,credit_card,completed,5,4.5,False,82.34,top_rated,7
TXN-1002194,2024-02-16,SEO/SEM,NL,NL,Marketing Manager,191.63,EUR,credit_card,completed,11,4.4,False,38.33,level_2,7
TXN-1001993,2024-02-16,Financial Modeling,IL,US,Accountant,195.32,USD,paypal,completed,7,4.4,False,39.06,level_1,7
TXN-1001989,2024-02-16,Virtual Assistant,IN,NL,HR Manager,39.05,USD,bank_transfer,completed,1,4.4,False,7.81,rising_talent,7
TXN-1001985,2024-02-16,AI/ML Development,US,FR,Data Scientist,1145.85,USD,paypal,completed,9,4.4,False,229.17,level_2,7
TXN-1001984,2024-02-16,Web Development,US,AU,Software Engineer,91.9,USD,credit_card,cancelled,14,,False,18.38,level_2,7
TXN-1002163,2024-02-16,Web Development,MX,MX,Software Engineer,121.32,USD,credit_card,completed,7,3.4,False,24.26,new_seller,7
TXN-1002197,2024-02-17,Financial Modeling,MX,MX,Accountant,306.88,USD,credit_card,completed,10,4.3,False,61.38,level_1,7
TXN-1002164,2024-02-17,Financial Modeling,FR,GB,Accountant,1938.23,EUR,paypal,completed,12,4.9,True,387.65,top_rated,7
TXN-1002168,2024-02-17,Social Media Management,US,DE,Marketing Manager,75.63,USD,credit_card,completed,10,4.5,False,15.13,top_rated,7
TXN-1002200,2024-02-17,Mobile App,SG,FR,Software Engineer,336.79,USD,paypal,completed,22,4.4,True,67.36,level_1,7
TXN-1002158,2024-02-17,Social Media Management,US,FR,Marketing Manager,314.61,USD,credit_card,completed,9,4.7,False,62.92,level_1,7
TXN-1002176,2024-02-17,Data Analysis,AU,MX,Data Scientist,57.09,USD,paypal,completed,13,4.5,False,11.42,rising_talent,7
TXN-1002191,2024-02-17,Social Media Management,FR,US,Marketing Manager,166.24,GBP,credit_card,completed,5,4.1,True,33.25,level_2,7
TXN-1002000,2024-02-17,Legal Consulting,US,DE,Lawyer,300.07,USD,crypto,completed,9,4.9,False,60.01,rising_talent,7
TXN-1002006,2024-02-17,SEO/SEM,GB,AU,Marketing Manager,903.54,EUR,paypal,completed,19,4.8,False,180.71,level_1,7
TXN-1002010,2024-02-17,Virtual Assistant,IN,US,HR Manager,220.15,GBP,paypal,cancelled,1,,False,44.03,level_1,7
TXN-1002074,2024-02-17,Music Production,CA,BR,Designer,83.16,USD,bank_transfer,completed,14,4.0,False,16.63,new_seller,7
TXN-1002068,2024-02-17,AI/ML Development,JP,US,Data Scientist,651.7,USD,credit_card,completed,22,2.8,False,130.34,level_1,7
TXN-1002064,2024-02-17,SEO/SEM,ES,US,Marketing Manager,42.48,GBP,credit_card,completed,13,4.3,False,8.5,level_1,7
TXN-1002061,2024-02-17,Translation,ES,US,Writer,3579.46,USD,credit_card,completed,3,3.7,False,715.89,new_seller,7
TXN-1002052,2024-02-17,AI/ML Development,US,MX,Data Scientist,98.21,EUR,paypal,completed,23,4.4,False,19.64,top_rated,7
TXN-1002077,2024-02-17,Mobile App,NL,US,Software Engineer,866.57,USD,credit_card,completed,20,4.2,False,173.31,new_seller,7
TXN-1002049,2024-02-17,Data Analysis,US,FR,Data Scientist,200.38,USD,paypal,completed,10,4.4,False,40.08,level_1,7
TXN-1002041,2024-02-17,Music Production,IN,US,Designer,308.54,GBP,paypal,completed,7,3.3,False,61.71,level_1,7
TXN-1002001,2024-02-17,Data Analysis,NL,IN,Data Scientist,2452.17,USD,credit_card,completed,9,3.7,True,490.43,level_1,7
TXN-1002036,2024-02-17,Financial Modeling,US,NL,Accountant,1923.19,USD,paypal,completed,15,4.0,False,384.64,level_2,7
TXN-1002035,2024-02-17,Web Development,IN,US,Software Engineer,571.47,GBP,paypal,cancelled,11,,False,114.29,level_1,7
TXN-1002033,2024-02-17,SEO/SEM,US,JP,Marketing Manager,190.69,USD,paypal,completed,9,3.8,False,38.14,new_seller,7
TXN-1002019,2024-02-17,Web Development,US,AU,Software Engineer,573.41,USD,credit_card,completed,20,4.2,False,114.68,new_seller,7
TXN-1002043,2024-02-17,Video Production,CA,GB,Designer,507.84,USD,credit_card,completed,5,4.3,True,101.57,level_1,7
TXN-1002082,2024-02-17,Translation,DE,CA,Writer,500.76,USD,bank_transfer,completed,4,4.8,False,100.15,level_2,7
TXN-1001986,2024-02-17,Music Production,ZA,US,Designer,17.68,EUR,crypto,completed,15,4.0,True,3.54,level_2,7
TXN-1002093,2024-02-17,Legal Consulting,US,IN,Lawyer,42.59,GBP,credit_card,completed,5,4.7,True,8.52,new_seller,7
TXN-1002143,2024-02-17,Mobile App,AU,AU,Software Engineer,611.88,USD,paypal,completed,21,4.0,False,122.38,level_2,7
TXN-1002136,2024-02-17,Photography,IN,GB,Designer,191.48,USD,credit_card,completed,6,2.6,False,38.3,level_2,7
TXN-1002134,2024-02-17,Web Development,US,IN,Software Engineer,65.5,USD,paypal,completed,21,3.2,True,13.1,level_2,7
TXN-1002131,2024-02-17,Translation,FR,FR,Writer,98.95,USD,bank_transfer,completed,5,3.8,False,19.79,rising_talent,7
TXN-1001958,2024-02-17,Legal Consulting,DE,US,Lawyer,118.58,USD,credit_card,in_progress,17,,False,23.72,new_seller,7
TXN-1001960,2024-02-17,Virtual Assistant,US,ES,HR Manager,16.54,USD,credit_card,completed,1,3.0,True,3.31,level_1,7
TXN-1002008,2024-02-17,Financial Modeling,SG,CA,Accountant,1201.15,GBP,crypto,cancelled,7,,False,240.23,top_rated,7
TXN-1001969,2024-02-17,SEO/SEM,US,DE,Marketing Manager,359.36,USD,bank_transfer,completed,9,4.3,False,71.87,new_seller,7
TXN-1002096,2024-02-17,Virtual Assistant,US,BR,HR Manager,150.77,USD,credit_card,completed,1,3.7,False,30.15,top_rated,7
TXN-1001975,2024-02-17,Graphic Design,IL,DE,Designer,470.2,USD,paypal,completed,4,4.2,False,94.04,new_seller,7
TXN-1002118,2024-02-17,Photography,US,IN,Designer,19.9,USD,paypal,completed,4,4.3,True,3.98,rising_talent,7
TXN-1002150,2024-02-18,Social Media Management,ZA,US,Marketing Manager,306.49,USD,credit_card,completed,13,4.3,False,61.3,level_2,7
TXN-1001965,2024-02-18,Video Production,JP,US,Designer,45.75,INR,credit_card,completed,4,1.0,True,9.15,rising_talent,7
TXN-1001978,2024-02-18,Video Production,IN,JP,Designer,399.17,USD,credit_card,completed,11,3.5,False,79.83,rising_talent,7
TXN-1001995,2024-02-18,Legal Consulting,US,BR,Lawyer,155.16,USD,credit_card,cancelled,5,,True,31.03,level_2,7
TXN-1001990,2024-02-18,Legal Consulting,IN,BR,Lawyer,837.64,EUR,paypal,completed,6,4.0,False,167.53,level_2,7
TXN-1001973,2024-02-18,Music Production,US,CA,Designer,34.41,USD,credit_card,completed,10,2.9,False,6.88,level_2,7
TXN-1001953,2024-02-18,SEO/SEM,BR,IL,Marketing Manager,2792.5,USD,credit_card,completed,15,4.3,True,558.5,rising_talent,7
TXN-1002004,2024-02-18,Virtual Assistant,US,US,HR Manager,59.51,USD,credit_card,completed,1,2.6,False,11.9,new_seller,7
TXN-1001961,2024-02-18,Music Production,IL,US,Designer,20.71,EUR,bank_transfer,completed,11,4.3,True,4.14,level_2,7
TXN-1002145,2024-02-18,Video Production,IN,DE,Designer,491.11,USD,credit_card,completed,7,4.7,True,98.22,rising_talent,7
TXN-1002032,2024-02-18,Photography,JP,US,Designer,163.39,USD,bank_transfer,completed,6,4.2,True,32.68,rising_talent,7
TXN-1002142,2024-02-18,Graphic Design,IN,US,Designer,35.24,USD,credit_card,completed,1,3.5,True,7.05,rising_talent,7
TXN-1002126,2024-02-18,Music Production,DE,SG,Designer,89.89,EUR,credit_card,completed,16,4.1,False,17.98,level_2,7
TXN-1002159,2024-02-18,Data Analysis,ZA,GB,Data Scientist,167.78,USD,bank_transfer,completed,17,4.1,True,33.56,level_1,7
TXN-1002122,2024-02-18,Mobile App,IN,DE,Software Engineer,722.55,USD,credit_card,completed,30,3.9,False,144.51,new_seller,7
TXN-1002104,2024-02-18,Video Production,IN,DE,Designer,23.36,USD,bank_transfer,completed,15,4.8,False,4.67,level_1,7
TXN-1002100,2024-02-18,Web Development,US,FR,Software Engineer,153.5,USD,credit_card,completed,17,3.6,False,30.7,level_1,7
TXN-1002125,2024-02-18,Photography,IN,ZA,Designer,117.87,EUR,credit_card,completed,3,4.6,False,23.57,rising_talent,7
TXN-1002167,2024-02-18,Social Media Management,FR,CA,Marketing Manager,5.0,GBP,credit_card,completed,5,3.8,False,1.0,top_rated,7
TXN-1002076,2024-02-18,Virtual Assistant,NL,IN,HR Manager,636.2,USD,bank_transfer,completed,1,4.3,True,127.24,level_1,7
TXN-1002173,2024-02-18,SEO/SEM,SG,US,Marketing Manager,339.14,USD,credit_card,completed,5,4.6,True,67.83,level_1,7
TXN-1002062,2024-02-18,Music Production,US,BR,Designer,788.44,USD,credit_card,completed,12,4.8,False,157.69,level_2,7
TXN-1002060,2024-02-18,Content Writing,IN,BR,Writer,162.13,USD,paypal,cancelled,1,,False,32.43,level_1,7
TXN-1002038,2024-02-18,Graphic Design,AU,GB,Designer,28.13,USD,paypal,completed,3,4.1,False,5.63,top_rated,7
TXN-1002165,2024-02-18,Data Analysis,MX,ZA,Data Scientist,58.9,GBP,paypal,completed,11,4.6,False,11.78,level_2,7
TXN-1002260,2024-02-19,Data Analysis,US,NL,Data Scientist,87.6,EUR,credit_card,completed,5,4.5,True,17.52,new_seller,8
TXN-1002338,2024-02-19,Virtual Assistant,FR,DE,HR Manager,117.04,USD,credit_card,completed,1,4.3,True,23.41,new_seller,8
TXN-1002406,2024-02-19,Graphic Design,NL,MX,Designer,342.09,USD,credit_card,completed,3,3.5,False,68.42,level_2,8
TXN-1002404,2024-02-19,Video Production,GB,IL,Designer,246.49,USD,bank_transfer,disputed,9,,True,49.3,top_rated,8
TXN-1002355,2024-02-19,Content Writing,US,GB,Writer,521.57,USD,credit_card,completed,4,4.5,False,104.31,rising_talent,8
TXN-1002246,2024-02-19,SEO/SEM,AU,CA,Marketing Manager,31.36,ILS,bank_transfer,completed,13,4.2,False,6.27,level_2,8
TXN-1002244,2024-02-19,Graphic Design,CA,DE,Designer,124.52,USD,paypal,completed,2,4.0,True,24.9,rising_talent,8
TXN-1002240,2024-02-19,Legal Consulting,DE,MX,Lawyer,123.9,USD,paypal,completed,25,4.7,False,24.78,level_1,8
TXN-1002262,2024-02-19,SEO/SEM,ZA,MX,Marketing Manager,234.25,USD,credit_card,completed,7,3.8,True,46.85,level_2,8
TXN-1002247,2024-02-19,Virtual Assistant,US,FR,HR Manager,2163.25,GBP,credit_card,completed,2,4.2,False,432.65,top_rated,8
TXN-1002263,2024-02-19,Data Analysis,IN,FR,Data Scientist,46.21,USD,credit_card,completed,5,4.8,True,9.24,level_2,8
TXN-1002423,2024-02-19,Mobile App,IN,US,Software Engineer,452.22,USD,credit_card,completed,16,3.7,False,90.44,level_1,8
TXN-1002331,2024-02-19,AI/ML Development,SG,US,Data Scientist,324.83,USD,paypal,completed,29,3.5,False,64.97,rising_talent,8
TXN-1002448,2024-02-19,Virtual Assistant,US,CA,HR Manager,381.91,INR,credit_card,disputed,2,,True,76.38,new_seller,8
TXN-1002327,2024-02-19,Legal Consulting,AU,FR,Lawyer,65.55,USD,credit_card,completed,14,4.5,False,13.11,new_seller,8
TXN-1002286,2024-02-19,Graphic Design,US,IN,Designer,217.51,USD,paypal,completed,6,3.4,True,43.5,level_2,8
TXN-1002422,2024-02-19,Web Development,ZA,BR,Software Engineer,175.94,USD,bank_transfer,completed,8,3.9,False,35.19,level_2,8
TXN-1002315,2024-02-19,Translation,US,ZA,Writer,24.36,USD,credit_card,completed,5,4.5,False,4.87,level_2,8
TXN-1002360,2024-02-19,Web Development,GB,MX,Software Engineer,85.33,EUR,bank_transfer,completed,6,4.7,False,17.07,level_1,8
TXN-1002308,2024-02-19,Data Analysis,US,GB,Data Scientist,31.79,USD,credit_card,completed,8,4.3,False,6.36,level_2,8
TXN-1002427,2024-02-19,Translation,US,IN,Writer,27.63,USD,credit_card,completed,2,3.3,False,5.53,rising_talent,8
TXN-1002300,2024-02-19,Web Development,MX,GB,Software Engineer,930.36,USD,credit_card,completed,19,4.2,False,186.07,rising_talent,8
TXN-1002301,2024-02-19,SEO/SEM,US,DE,Marketing Manager,170.74,ILS,paypal,completed,8,4.9,False,34.15,level_1,8
TXN-1002265,2024-02-19,Content Writing,SG,GB,Writer,43.72,USD,credit_card,completed,3,4.7,True,8.74,top_rated,8
TXN-1002398,2024-02-19,Legal Consulting,FR,US,Lawyer,19.81,USD,credit_card,completed,26,4.6,True,3.96,rising_talent,8
TXN-1002366,2024-02-19,Financial Modeling,JP,US,Accountant,388.79,USD,credit_card,completed,10,4.4,False,77.76,level_2,8
TXN-1002391,2024-02-19,Graphic Design,US,ES,Designer,41.79,USD,credit_card,completed,6,4.2,False,8.36,level_2,8
TXN-1002217,2024-02-19,Data Analysis,ES,MX,Data Scientist,191.44,USD,bank_transfer,completed,9,3.8,False,38.29,level_2,8
TXN-1002371,2024-02-19,Photography,GB,US,Designer,122.21,USD,paypal,completed,2,4.3,False,24.44,new_seller,8
TXN-1002390,2024-02-19,Photography,CA,IN,Designer,187.51,USD,paypal,completed,4,4.6,True,37.5,level_2,8
TXN-1002226,2024-02-19,Social Media Management,DE,MX,Marketing Manager,41.51,USD,credit_card,completed,8,2.6,False,8.3,top_rated,8
TXN-1002430,2024-02-19,Music Production,DE,CA,Designer,385.56,USD,bank_transfer,completed,11,3.1,False,77.11,top_rated,8
TXN-1002210,2024-02-19,Graphic Design,IN,GB,Designer,114.3,USD,bank_transfer,completed,4,3.7,True,22.86,level_2,8
TXN-1002231,2024-02-19,Photography,SG,FR,Designer,33.45,USD,paypal,completed,3,2.4,False,6.69,level_1,8
TXN-1002477,2024-02-19,Graphic Design,US,GB,Designer,69.79,GBP,bank_transfer,completed,3,4.5,False,13.96,rising_talent,8
TXN-1002388,2024-02-19,Financial Modeling,IL,US,Accountant,267.83,USD,credit_card,completed,10,4.0,True,53.57,new_seller,8
TXN-1002206,2024-02-20,Translation,US,BR,Writer,49.98,EUR,bank_transfer,completed,3,3.6,True,10.0,level_1,8
TXN-1002450,2024-02-20,Graphic Design,DE,IN,Designer,86.69,EUR,credit_card,completed,8,4.2,False,17.34,top_rated,8
TXN-1002332,2024-02-20,Translation,GB,IN,Writer,318.67,USD,credit_card,completed,3,3.7,False,63.73,level_2,8
TXN-1002373,2024-02-20,Content Writing,ZA,IN,Writer,253.05,USD,paypal,completed,1,4.3,False,50.61,level_1,8
TXN-1002411,2024-02-20,Translation,GB,JP,Writer,98.98,INR,paypal,completed,1,4.6,False,19.8,rising_talent,8
TXN-1002273,2024-02-20,Music Production,NL,ZA,Designer,27.92,USD,credit_card,cancelled,6,,False,5.58,rising_talent,8
TXN-1002274,2024-02-20,Social Media Management,MX,GB,Marketing Manager,29.61,USD,credit_card,completed,5,4.4,False,5.92,top_rated,8
TXN-1002414,2024-02-20,Data Analysis,US,GB,Data Scientist,59.51,USD,paypal,completed,7,4.4,True,11.9,rising_talent,8
TXN-1002375,2024-02-20,Financial Modeling,US,US,Accountant,12.21,EUR,credit_card,completed,10,3.5,True,2.44,level_2,8
TXN-1002415,2024-02-20,Music Production,JP,ZA,Designer,59.57,USD,credit_card,completed,4,4.7,False,11.91,level_2,8
TXN-1002416,2024-02-20,Content Writing,GB,US,Writer,102.39,USD,credit_card,cancelled,3,,False,20.48,level_2,8
TXN-1002323,2024-02-20,SEO/SEM,IL,US,Marketing Manager,60.01,USD,paypal,completed,5,3.8,False,12.0,level_2,8
TXN-1002441,2024-02-20,Content Writing,GB,CA,Writer,1464.32,USD,bank_transfer,completed,2,4.5,False,292.86,level_1,8
TXN-1002440,2024-02-20,Music Production,US,ZA,Designer,55.62,USD,paypal,completed,10,4.0,True,11.12,top_rated,8
TXN-1002319,2024-02-20,Video Production,US,AU,Designer,33.4,USD,paypal,completed,8,3.4,False,6.68,level_1,8
TXN-1002387,2024-02-20,Mobile App,US,US,Software Engineer,896.01,USD,crypto,completed,10,4.8,False,179.2,new_seller,8
TXN-1002475,2024-02-20,Content Writing,GB,FR,Writer,326.37,USD,paypal,completed,2,3.8,False,65.27,top_rated,8
TXN-1002289,2024-02-20,Mobile App,US,US,Software Engineer,38.55,EUR,paypal,completed,17,4.8,True,7.71,rising_talent,8
TXN-1002290,2024-02-20,Virtual Assistant,US,DE,HR Manager,123.68,USD,bank_transfer,in_progress,2,,True,24.74,level_1,8
TXN-1002305,2024-02-20,Video Production,DE,IN,Designer,115.75,USD,crypto,completed,4,4.3,True,23.15,level_1,8
TXN-1002428,2024-02-20,Music Production,MX,US,Designer,433.62,GBP,credit_card,completed,15,3.9,True,86.72,level_1,8
TXN-1002312,2024-02-20,Video Production,GB,DE,Designer,96.23,USD,credit_card,completed,7,4.2,False,19.25,level_1,8
TXN-1002389,2024-02-20,AI/ML Development,US,CA,Data Scientist,105.76,USD,paypal,completed,18,3.9,True,21.15,new_seller,8
TXN-1002311,2024-02-20,Social Media Management,ZA,US,Marketing Manager,251.11,GBP,credit_card,completed,4,3.5,False,50.22,level_2,8
TXN-1002295,2024-02-20,AI/ML Development,MX,AU,Data Scientist,96.38,USD,credit_card,completed,30,3.3,True,19.28,level_1,8
TXN-1002232,2024-02-20,AI/ML Development,AU,US,Data Scientist,137.73,INR,bank_transfer,completed,15,2.4,False,27.55,level_1,8
TXN-1002303,2024-02-20,Music Production,US,ZA,Designer,29.5,USD,credit_card,completed,9,4.8,False,5.9,level_2,8
TXN-1002264,2024-02-20,Content Writing,IN,DE,Writer,72.31,USD,paypal,completed,3,4.1,False,14.46,level_2,8
TXN-1002234,2024-02-20,Content Writing,US,US,Writer,559.9,GBP,credit_card,completed,2,4.1,False,111.98,level_1,8
TXN-1002465,2024-02-20,Graphic Design,US,BR,Designer,223.01,EUR,paypal,completed,10,5.0,False,44.6,level_2,8
TXN-1002357,2024-02-20,Photography,FR,US,Designer,472.85,EUR,paypal,completed,3,3.9,False,94.57,level_1,8
TXN-1002241,2024-02-20,AI/ML Development,US,IL,Data Scientist,47.66,USD,credit_card,completed,13,4.8,True,9.53,rising_talent,8
TXN-1002459,2024-02-20,Translation,FR,US,Writer,902.91,EUR,credit_card,completed,2,3.9,False,180.58,new_seller,8
TXN-1002368,2024-02-20,Financial Modeling,US,ZA,Accountant,84.88,USD,paypal,completed,16,4.2,False,16.98,top_rated,8
TXN-1002369,2024-02-20,Web Development,IN,US,Software Engineer,5000.0,USD,credit_card,completed,12,4.7,True,1000.0,level_2,8
TXN-1002458,2024-02-20,Data Analysis,SG,US,Data Scientist,59.15,USD,credit_card,completed,9,4.6,False,11.83,new_seller,8
TXN-1002252,2024-02-20,Web Development,US,FR,Software Engineer,44.54,USD,credit_card,completed,10,3.5,False,8.91,rising_talent,8
TXN-1002347,2024-02-20,SEO/SEM,IN,FR,Marketing Manager,162.25,EUR,paypal,completed,30,4.3,False,32.45,level_1,8
TXN-1002453,2024-02-20,Mobile App,IN,CA,Software Engineer,307.45,USD,credit_card,completed,30,3.7,True,61.49,level_2,8
TXN-1002255,2024-02-20,Graphic Design,ZA,IN,Designer,110.66,USD,credit_card,completed,3,4.5,False,22.13,level_1,8
TXN-1002219,2024-02-20,SEO/SEM,FR,GB,Marketing Manager,297.22,ILS,paypal,completed,16,4.1,False,59.44,level_2,8
TXN-1002405,2024-02-20,Content Writing,FR,IN,Writer,5.12,EUR,paypal,completed,4,3.4,False,1.02,level_1,8
TXN-1002409,2024-02-20,Financial Modeling,US,US,Accountant,40.15,USD,paypal,completed,16,4.2,False,8.03,level_1,8
TXN-1002222,2024-02-20,Photography,US,NL,Designer,124.46,USD,paypal,completed,2,5.0,False,24.89,rising_talent,8
TXN-1002223,2024-02-20,Data Analysis,CA,FR,Data Scientist,68.24,USD,credit_card,completed,12,4.9,False,13.65,level_2,8
TXN-1002221,2024-02-20,AI/ML Development,DE,ZA,Data Scientist,330.4,USD,credit_card,completed,13,3.0,False,66.08,rising_talent,8
TXN-1002397,2024-02-21,Web Development,US,JP,Software Engineer,1271.99,GBP,credit_card,completed,13,3.0,True,254.4,new_seller,8
TXN-1002372,2024-02-21,Web Development,US,ES,Software Engineer,69.77,GBP,credit_card,disputed,18,,False,13.95,level_2,8
TXN-1002361,2024-02-21,SEO/SEM,US,US,Marketing Manager,665.13,USD,paypal,completed,5,4.7,True,133.03,level_2,8
TXN-1002364,2024-02-21,Music Production,IN,US,Designer,54.11,USD,paypal,completed,10,4.8,False,10.82,level_2,8
TXN-1002358,2024-02-21,Web Development,IN,DE,Software Engineer,5.52,USD,bank_transfer,completed,10,4.1,False,1.1,new_seller,8
TXN-1002365,2024-02-21,Music Production,US,US,Designer,108.01,USD,credit_card,completed,10,4.2,False,21.6,level_1,8
TXN-1002343,2024-02-21,Data Analysis,US,US,Data Scientist,83.69,USD,credit_card,completed,5,4.3,False,16.74,level_2,8
TXN-1002392,2024-02-21,Social Media Management,IN,US,Marketing Manager,24.67,EUR,credit_card,completed,5,4.2,True,4.93,level_2,8
TXN-1002317,2024-02-21,AI/ML Development,IN,DE,Data Scientist,56.3,INR,credit_card,completed,19,4.6,False,11.26,level_2,8
TXN-1002335,2024-02-21,Video Production,US,GB,Designer,147.92,EUR,bank_transfer,completed,10,4.5,True,29.58,level_1,8
TXN-1002421,2024-02-21,Legal Consulting,DE,FR,Lawyer,66.18,USD,credit_card,completed,27,4.6,False,13.24,level_2,8
TXN-1002345,2024-02-21,Content Writing,US,DE,Writer,312.22,USD,credit_card,completed,2,3.0,True,62.44,new_seller,8
TXN-1002418,2024-02-21,Legal Consulting,IN,FR,Lawyer,372.57,USD,bank_transfer,completed,11,4.6,False,74.51,level_2,8
TXN-1002403,2024-02-21,Virtual Assistant,IN,DE,HR Manager,32.74,USD,paypal,completed,1,4.4,False,6.55,level_2,8
TXN-1002349,2024-02-21,Web Development,IL,US,Software Engineer,1340.52,USD,bank_transfer,completed,14,4.7,False,268.1,level_2,8
TXN-1002410,2024-02-21,Mobile App,DE,US,Software Engineer,150.67,USD,credit_card,completed,14,4.8,True,30.13,level_2,8
TXN-1002451,2024-02-21,Translation,GB,ZA,Writer,70.98,EUR,credit_card,completed,4,3.3,True,14.2,new_seller,8
TXN-1002431,2024-02-21,Legal Consulting,US,AU,Lawyer,45.61,USD,bank_transfer,completed,13,4.9,True,9.12,level_2,8
TXN-1002270,2024-02-21,Web Development,US,US,Software Engineer,12.9,USD,bank_transfer,cancelled,9,,False,2.58,level_1,8
TXN-1002452,2024-02-21,Legal Consulting,DE,JP,Lawyer,347.88,ILS,credit_card,completed,14,3.7,False,69.58,level_1,8
TXN-1002257,2024-02-21,Virtual Assistant,US,BR,HR Manager,37.65,USD,credit_card,completed,1,3.4,False,7.53,level_2,8
TXN-1002455,2024-02-21,Video Production,MX,US,Designer,105.08,USD,paypal,completed,9,4.7,True,21.02,level_2,8
TXN-1002460,2024-02-21,SEO/SEM,US,US,Marketing Manager,58.04,USD,credit_card,completed,13,3.9,True,11.61,level_1,8
TXN-1002236,2024-02-21,Video Production,JP,GB,Designer,546.27,EUR,bank_transfer,completed,6,4.2,False,109.25,rising_talent,8
TXN-1002466,2024-02-21,Photography,US,US,Designer,219.45,EUR,paypal,completed,3,4.2,False,43.89,level_1,8
TXN-1002233,2024-02-21,Mobile App,IN,GB,Software Engineer,17.14,USD,credit_card,completed,30,4.9,False,3.43,level_2,8
TXN-1002467,2024-02-21,Translation,GB,BR,Writer,76.73,USD,paypal,completed,5,4.5,True,15.35,level_2,8
TXN-1002228,2024-02-21,Legal Consulting,US,DE,Lawyer,29.7,USD,bank_transfer,completed,11,3.8,False,5.94,level_2,8
TXN-1002469,2024-02-21,SEO/SEM,IN,GB,Marketing Manager,469.84,USD,credit_card,completed,8,3.2,False,93.97,level_2,8
TXN-1002224,2024-02-21,Web Development,US,IN,Software Engineer,330.5,EUR,paypal,cancelled,16,,True,66.1,top_rated,8
TXN-1002220,2024-02-21,Mobile App,SG,GB,Software Engineer,2016.11,USD,credit_card,completed,25,4.6,False,403.22,new_seller,8
TXN-1002471,2024-02-21,Photography,IN,US,Designer,135.64,USD,credit_card,completed,4,3.3,False,27.13,level_2,8
TXN-1002473,2024-02-21,Web Development,AU,BR,Software Engineer,173.03,GBP,bank_transfer,completed,17,4.7,False,34.61,rising_talent,8
TXN-1002215,2024-02-21,AI/ML Development,ES,US,Data Scientist,31.7,GBP,paypal,completed,15,4.3,True,6.34,level_2,8
TXN-1002214,2024-02-21,Music Production,FR,ZA,Designer,7.98,USD,bank_transfer,completed,6,4.6,True,1.6,level_1,8
TXN-1002476,2024-02-21,SEO/SEM,IN,IN,Marketing Manager,105.78,USD,credit_card,completed,11,4.8,False,21.16,level_2,8
TXN-1002478,2024-02-21,Data Analysis,SG,US,Data Scientist,289.04,USD,credit_card,completed,9,4.5,False,57.81,level_1,8
TXN-1002449,2024-02-21,Graphic Design,GB,JP,Designer,617.94,USD,paypal,completed,2,4.7,True,123.59,level_1,8
TXN-1002275,2024-02-21,Virtual Assistant,BR,US,HR Manager,765.05,USD,paypal,completed,1,4.1,False,153.01,new_seller,8
TXN-1002457,2024-02-21,Music Production,ES,US,Designer,261.64,USD,paypal,completed,11,4.2,False,52.33,new_seller,8
TXN-1002285,2024-02-21,Data Analysis,US,CA,Data Scientist,36.24,USD,credit_card,completed,6,4.3,False,7.25,level_2,8
TXN-1002432,2024-02-21,Mobile App,US,BR,Software Engineer,257.6,USD,paypal,completed,30,4.2,True,51.52,rising_talent,8
TXN-1002433,2024-02-21,Virtual Assistant,US,US,HR Manager,213.89,GBP,paypal,completed,3,4.2,False,42.78,rising_talent,8
TXN-1002356,2024-02-22,Data Analysis,FR,US,Data Scientist,387.8,USD,credit_card,completed,6,4.0,True,77.56,top_rated,8
TXN-1002464,2024-02-22,Video Production,SG,US,Designer,758.12,USD,credit_card,completed,7,4.9,True,151.62,rising_talent,8
TXN-1002237,2024-02-22,Music Production,GB,DE,Designer,74.12,EUR,credit_card,completed,7,4.6,True,14.82,rising_talent,8
TXN-1002399,2024-02-22,Photography,AU,US,Designer,423.52,USD,credit_card,disputed,2,,False,84.7,level_1,8
TXN-1002287,2024-02-22,Legal Consulting,IN,NL,Lawyer,202.39,ILS,bank_transfer,completed,25,4.8,False,40.48,level_2,8
TXN-1002230,2024-02-22,Mobile App,US,CA,Software Engineer,100.37,USD,credit_card,completed,11,3.3,False,20.07,top_rated,8
TXN-1002288,2024-02-22,Virtual Assistant,IN,FR,HR Manager,215.8,ILS,credit_card,completed,1,4.1,False,43.16,level_1,8
TXN-1002394,2024-02-22,Mobile App,IN,US,Software Engineer,142.3,GBP,credit_card,completed,22,4.2,True,28.46,level_2,8
TXN-1002314,2024-02-22,Social Media Management,BR,GB,Marketing Manager,110.69,USD,credit_card,completed,7,4.9,False,22.14,level_2,8
TXN-1002313,2024-02-22,Content Writing,IN,FR,Writer,41.15,USD,credit_card,completed,9,3.9,False,8.23,new_seller,8
TXN-1002434,2024-02-22,Social Media Management,IN,DE,Marketing Manager,90.94,USD,credit_card,completed,11,4.1,False,18.19,level_1,8
TXN-1002293,2024-02-22,Mobile App,ZA,DE,Software Engineer,285.95,USD,bank_transfer,completed,13,4.5,False,57.19,level_1,8
TXN-1002296,2024-02-22,AI/ML Development,US,US,Data Scientist,236.41,USD,bank_transfer,completed,30,4.1,False,47.28,level_1,8
TXN-1002474,2024-02-22,Photography,US,NL,Designer,46.44,USD,bank_transfer,completed,7,4.1,True,9.29,level_2,8
TXN-1002377,2024-02-22,Data Analysis,US,MX,Data Scientist,512.82,USD,paypal,completed,8,4.7,False,102.56,level_2,8
TXN-1002298,2024-02-22,Financial Modeling,US,IN,Accountant,5000.0,USD,credit_card,completed,10,3.9,False,1000.0,new_seller,8
TXN-1002380,2024-02-22,Photography,US,GB,Designer,1203.43,USD,credit_card,completed,5,4.8,False,240.69,level_2,8
TXN-1002207,2024-02-22,Financial Modeling,GB,US,Accountant,39.81,USD,paypal,completed,6,4.9,False,7.96,new_seller,8
TXN-1002382,2024-02-22,Virtual Assistant,CA,GB,HR Manager,483.95,USD,credit_card,completed,1,4.3,False,96.79,top_rated,8
TXN-1002383,2024-02-22,Mobile App,GB,US,Software Engineer,59.29,USD,credit_card,completed,30,3.9,True,11.86,rising_talent,8
TXN-1002461,2024-02-22,Mobile App,US,NL,Software Engineer,504.89,USD,paypal,completed,16,4.4,False,100.98,top_rated,8
TXN-1002400,2024-02-22,AI/ML Development,IN,IL,Data Scientist,74.83,USD,credit_card,completed,10,3.6,False,14.97,level_1,8
TXN-1002386,2024-02-22,Mobile App,GB,IN,Software Engineer,391.08,EUR,credit_card,completed,26,5.0,False,78.22,top_rated,8
TXN-1002256,2024-02-22,Web Development,BR,GB,Software Engineer,612.22,USD,paypal,completed,17,4.1,False,122.44,level_2,8
TXN-1002259,2024-02-22,Mobile App,DE,IN,Software Engineer,208.56,USD,paypal,completed,15,4.5,True,41.71,level_1,8
TXN-1002407,2024-02-22,Legal Consulting,GB,AU,Lawyer,23.08,USD,paypal,completed,17,4.3,True,4.62,rising_talent,8
TXN-1002439,2024-02-22,Web Development,JP,ES,Software Engineer,32.35,INR,credit_card,completed,11,4.4,False,6.47,level_1,8
TXN-1002266,2024-02-22,Web Development,SG,FR,Software Engineer,34.01,ILS,paypal,completed,22,3.8,False,6.8,rising_talent,8
TXN-1002353,2024-02-22,Social Media Management,BR,US,Marketing Manager,37.39,USD,credit_card,completed,6,4.9,False,7.48,new_seller,8
TXN-1002454,2024-02-22,Photography,US,NL,Designer,96.43,USD,bank_transfer,completed,3,4.4,True,19.29,level_1,8
TXN-1002334,2024-02-22,Social Media Management,IN,US,Marketing Manager,45.9,USD,credit_card,completed,4,4.1,True,9.18,rising_talent,8
TXN-1002443,2024-02-22,Video Production,US,US,Designer,46.17,USD,credit_card,completed,3,4.6,True,9.23,rising_talent,8
TXN-1002324,2024-02-22,Photography,IN,US,Designer,1686.12,USD,credit_card,completed,3,3.9,False,337.22,level_2,8
TXN-1002251,2024-02-22,Legal Consulting,US,GB,Lawyer,480.63,USD,credit_card,disputed,22,,True,96.13,level_2,8
TXN-1002302,2024-02-22,Financial Modeling,IN,GB,Accountant,41.55,EUR,paypal,completed,20,3.9,False,8.31,new_seller,8
TXN-1002346,2024-02-22,Data Analysis,US,FR,Data Scientist,31.78,USD,crypto,completed,5,3.8,False,6.36,level_1,8
TXN-1002249,2024-02-22,Translation,DE,US,Writer,36.63,USD,paypal,completed,1,4.8,False,7.33,top_rated,8
TXN-1002271,2024-02-22,Data Analysis,SG,GB,Data Scientist,42.42,USD,paypal,completed,5,3.3,False,8.48,rising_talent,8
TXN-1002348,2024-02-22,Music Production,ZA,CA,Designer,59.67,EUR,paypal,completed,16,3.7,False,11.93,rising_talent,8
TXN-1002445,2024-02-22,Virtual Assistant,GB,FR,HR Manager,73.63,USD,bank_transfer,completed,3,4.2,True,14.73,new_seller,8
TXN-1002350,2024-02-22,Video Production,IN,DE,Designer,444.07,GBP,paypal,completed,4,3.9,False,88.81,level_1,8
TXN-1002329,2024-02-22,Graphic Design,GB,GB,Designer,163.36,USD,credit_card,completed,5,4.2,False,32.67,level_1,8
TXN-1002402,2024-02-22,Web Development,AU,US,Software Engineer,52.58,GBP,credit_card,completed,15,4.5,False,10.52,new_seller,8
TXN-1002261,2024-02-22,Music Production,DE,DE,Designer,71.58,USD,paypal,completed,10,5.0,False,14.32,new_seller,8
TXN-1002337,2024-02-22,Financial Modeling,DE,US,Accountant,152.63,USD,credit_card,completed,5,4.6,False,30.53,rising_talent,8
TXN-1002401,2024-02-23,Social Media Management,GB,GB,Marketing Manager,12.03,USD,credit_card,completed,7,4.7,False,2.41,level_2,8
TXN-1002393,2024-02-23,Graphic Design,IN,DE,Designer,129.64,ILS,credit_card,completed,4,4.3,False,25.93,top_rated,8
TXN-1002419,2024-02-23,Mobile App,US,US,Software Engineer,487.6,GBP,paypal,completed,17,4.3,False,97.52,new_seller,8
TXN-1002468,2024-02-23,Financial Modeling,IN,IN,Accountant,48.55,EUR,credit_card,completed,13,3.9,True,9.71,level_2,8
TXN-1002435,2024-02-23,Social Media Management,US,US,Marketing Manager,76.33,USD,credit_card,completed,21,3.4,True,15.27,level_2,8
TXN-1002436,2024-02-23,AI/ML Development,IN,US,Data Scientist,11.54,USD,credit_card,completed,17,3.9,True,2.31,rising_talent,8
TXN-1002420,2024-02-23,Virtual Assistant,DE,US,HR Manager,181.93,USD,credit_card,completed,1,3.5,False,36.39,rising_talent,8
TXN-1002447,2024-02-23,Web Development,IN,US,Software Engineer,262.4,EUR,credit_card,completed,13,4.1,False,52.48,level_1,8
TXN-1002424,2024-02-23,Virtual Assistant,DE,CA,HR Manager,42.01,USD,credit_card,completed,1,4.6,False,8.4,level_1,8
TXN-1002446,2024-02-23,SEO/SEM,NL,IN,Marketing Manager,110.92,USD,credit_card,completed,5,3.9,False,22.18,level_2,8
TXN-1002426,2024-02-23,Translation,IN,ZA,Writer,1180.08,USD,credit_card,completed,3,4.7,False,236.02,level_2,8
TXN-1002384,2024-02-23,Video Production,IN,DE,Designer,125.12,USD,credit_card,completed,8,1.0,False,25.02,rising_talent,8
TXN-1002310,2024-02-23,Photography,ZA,US,Designer,24.83,GBP,paypal,completed,2,1.7,False,4.97,top_rated,8
TXN-1002307,2024-02-23,Graphic Design,CA,GB,Designer,28.76,EUR,bank_transfer,completed,7,4.2,False,5.75,rising_talent,8
TXN-1002306,2024-02-23,Translation,FR,JP,Writer,112.48,USD,credit_card,completed,3,4.3,False,22.5,level_1,8
TXN-1002299,2024-02-23,Graphic Design,US,BR,Designer,70.24,USD,paypal,cancelled,2,,False,14.05,level_2,8
TXN-1002294,2024-02-23,Legal Consulting,US,BR,Lawyer,92.81,USD,bank_transfer,completed,7,4.5,True,18.56,level_2,8
TXN-1002283,2024-02-23,AI/ML Development,FR,IN,Data Scientist,63.28,USD,credit_card,completed,14,4.5,False,12.66,level_1,8
TXN-1002282,2024-02-23,Video Production,US,FR,Designer,1141.41,USD,credit_card,completed,13,4.5,False,228.28,level_2,8
TXN-1002281,2024-02-23,Content Writing,IN,ES,Writer,515.47,USD,paypal,disputed,8,,False,103.09,level_2,8
TXN-1002279,2024-02-23,Photography,GB,US,Designer,16.42,USD,paypal,completed,7,3.3,True,3.28,level_2,8
TXN-1002278,2024-02-23,Financial Modeling,GB,AU,Accountant,148.86,USD,paypal,completed,5,3.2,True,29.77,new_seller,8
TXN-1002277,2024-02-23,Mobile App,IN,GB,Software Engineer,275.31,USD,credit_card,completed,20,4.6,True,55.06,level_2,8
TXN-1002321,2024-02-23,Data Analysis,CA,US,Data Scientist,1638.42,INR,credit_card,completed,5,4.2,True,327.68,new_seller,8
TXN-1002272,2024-02-23,Graphic Design,ZA,US,Designer,86.59,USD,crypto,completed,5,4.2,False,17.32,level_2,8
TXN-1002245,2024-02-23,Mobile App,US,AU,Software Engineer,552.89,USD,bank_transfer,completed,30,3.9,False,110.58,level_1,8
TXN-1002243,2024-02-23,Graphic Design,NL,SG,Designer,21.58,USD,credit_card,completed,12,4.9,False,4.32,level_2,8
TXN-1002242,2024-02-23,Music Production,IN,CA,Designer,54.76,USD,credit_card,completed,14,4.1,True,10.95,level_1,8
TXN-1002238,2024-02-23,AI/ML Development,GB,DE,Data Scientist,324.02,USD,paypal,disputed,14,,True,64.8,rising_talent,8
TXN-1002235,2024-02-23,Virtual Assistant,BR,SG,HR Manager,263.88,USD,crypto,completed,1,4.6,True,52.78,level_1,8
TXN-1002225,2024-02-23,Social Media Management,IN,US,Marketing Manager,200.26,USD,paypal,completed,7,4.8,False,40.05,level_1,8
TXN-1002216,2024-02-23,Video Production,GB,US,Designer,289.38,USD,credit_card,completed,14,3.4,False,57.88,top_rated,8
TXN-1002213,2024-02-23,Data Analysis,US,IL,Data Scientist,110.67,USD,credit_card,completed,6,4.2,False,22.13,rising_talent,8
TXN-1002212,2024-02-23,Video Production,FR,AU,Designer,28.85,USD,bank_transfer,completed,5,2.5,False,5.77,top_rated,8
TXN-1002211,2024-02-23,Data Analysis,GB,GB,Data Scientist,86.56,EUR,credit_card,completed,4,4.1,False,17.31,level_1,8
TXN-1002385,2024-02-23,Translation,DE,US,Writer,165.21,USD,credit_card,completed,3,4.1,False,33.04,level_1,8
TXN-1002267,2024-02-23,Video Production,IL,DE,Designer,909.09,USD,paypal,completed,3,4.2,True,181.82,level_1,8
TXN-1002322,2024-02-23,Social Media Management,CA,US,Marketing Manager,79.36,USD,credit_card,cancelled,3,,True,15.87,level_1,8
TXN-1002254,2024-02-23,Translation,BR,GB,Writer,315.24,EUR,credit_card,completed,2,3.3,False,63.05,top_rated,8
TXN-1002351,2024-02-23,Social Media Management,JP,DE,Marketing Manager,236.05,EUR,credit_card,completed,4,3.5,True,47.21,level_2,8
TXN-1002381,2024-02-23,Web Development,US,CA,Software Engineer,101.47,USD,paypal,completed,14,3.4,False,20.29,rising_talent,8
TXN-1002367,2024-02-23,Mobile App,US,JP,Software Engineer,63.96,GBP,bank_transfer,completed,25,3.7,False,12.79,level_2,8
TXN-1002363,2024-02-23,Social Media Management,IL,US,Marketing Manager,39.05,USD,bank_transfer,completed,10,3.6,False,7.81,level_1,8
TXN-1002359,2024-02-23,Web Development,IN,US,Software Engineer,101.17,USD,credit_card,completed,9,4.7,True,20.23,level_1,8
TXN-1002342,2024-02-23,AI/ML Development,US,JP,Data Scientist,471.69,USD,paypal,completed,16,4.1,False,94.34,level_2,8
TXN-1002354,2024-02-23,Web Development,BR,US,Software Engineer,124.02,USD,paypal,completed,14,4.9,True,24.8,level_1,8
TXN-1002370,2024-02-23,Legal Consulting,MX,GB,Lawyer,141.17,USD,bank_transfer,completed,9,4.4,True,28.23,top_rated,8
TXN-1002344,2024-02-23,Video Production,FR,ZA,Designer,303.43,USD,paypal,completed,7,4.7,False,60.69,level_1,8
TXN-1002336,2024-02-23,AI/ML Development,IN,NL,Data Scientist,120.87,USD,bank_transfer,completed,21,4.7,False,24.17,new_seller,8
TXN-1002438,2024-02-24,SEO/SEM,US,GB,Marketing Manager,519.53,USD,paypal,completed,10,2.0,False,103.91,new_seller,8
TXN-1002395,2024-02-24,Music Production,US,US,Designer,207.04,USD,credit_card,completed,15,4.5,False,41.41,level_1,8
TXN-1002442,2024-02-24,Virtual Assistant,GB,IN,HR Manager,256.86,ILS,paypal,completed,1,4.4,False,51.37,level_2,8
TXN-1002280,2024-02-24,Financial Modeling,DE,GB,Accountant,34.64,USD,credit_card,completed,20,4.6,False,6.93,level_2,8
TXN-1002227,2024-02-24,Video Production,ZA,SG,Designer,293.77,USD,credit_card,completed,5,3.9,True,58.75,level_1,8
TXN-1002352,2024-02-24,Web Development,IN,DE,Software Engineer,111.27,USD,paypal,completed,12,3.5,False,22.25,level_1,8
TXN-1002463,2024-02-24,Web Development,MX,IN,Software Engineer,36.66,ILS,paypal,completed,11,4.0,True,7.33,top_rated,8
TXN-1002396,2024-02-24,Content Writing,IN,GB,Writer,98.44,USD,paypal,completed,2,4.2,True,19.69,new_seller,8
TXN-1002253,2024-02-24,Graphic Design,DE,US,Designer,36.19,INR,credit_card,completed,6,4.8,False,7.24,level_1,8
TXN-1002456,2024-02-24,Content Writing,DE,FR,Writer,64.28,USD,credit_card,completed,2,3.4,True,12.86,level_1,8
TXN-1002444,2024-02-24,Photography,GB,DE,Designer,423.49,USD,credit_card,completed,5,4.3,True,84.7,rising_talent,8
TXN-1002229,2024-02-24,Social Media Management,US,IN,Marketing Manager,94.16,USD,credit_card,completed,7,5.0,False,18.83,level_2,8
TXN-1002328,2024-02-24,Content Writing,IN,US,Writer,886.91,EUR,credit_card,completed,3,3.9,False,177.38,level_1,8
TXN-1002292,2024-02-24,Legal Consulting,DE,US,Lawyer,78.58,USD,credit_card,completed,8,4.4,False,15.72,level_2,8
TXN-1002417,2024-02-24,Data Analysis,US,FR,Data Scientist,381.65,USD,crypto,completed,10,4.6,False,76.33,level_2,8
TXN-1002320,2024-02-24,Data Analysis,IN,US,Data Scientist,55.48,USD,bank_transfer,completed,7,3.3,False,11.1,rising_talent,8
TXN-1002379,2024-02-24,Video Production,IN,US,Designer,135.87,USD,credit_card,completed,11,3.9,True,27.17,level_1,8
TXN-1002378,2024-02-24,Music Production,IL,JP,Designer,75.17,USD,credit_card,completed,10,3.4,False,15.03,rising_talent,8
TXN-1002330,2024-02-24,Financial Modeling,IN,BR,Accountant,79.14,GBP,credit_card,completed,14,4.4,False,15.83,level_1,8
TXN-1002362,2024-02-24,Legal Consulting,IN,BR,Lawyer,77.29,ILS,credit_card,completed,15,4.8,False,15.46,top_rated,8
TXN-1002309,2024-02-24,Photography,IL,ZA,Designer,52.94,USD,paypal,completed,4,4.7,True,10.59,level_1,8
TXN-1002248,2024-02-24,Content Writing,CA,BR,Writer,68.28,EUR,credit_card,completed,5,2.7,False,13.66,level_1,8
TXN-1002376,2024-02-24,Web Development,US,FR,Software Engineer,288.36,USD,credit_card,completed,17,4.6,False,57.67,level_1,8
TXN-1002333,2024-02-24,AI/ML Development,MX,US,Data Scientist,102.43,USD,credit_card,completed,30,4.3,True,20.49,level_1,8
TXN-1002304,2024-02-24,Financial Modeling,GB,CA,Accountant,50.64,USD,paypal,completed,14,4.8,True,10.13,level_1,8
TXN-1002470,2024-02-24,Social Media Management,ZA,US,Marketing Manager,43.76,GBP,credit_card,completed,12,4.2,False,8.75,level_2,8
TXN-1002425,2024-02-24,Mobile App,GB,IN,Software Engineer,958.42,ILS,credit_card,completed,14,4.2,True,191.68,new_seller,8
TXN-1002374,2024-02-25,Content Writing,US,US,Writer,54.57,EUR,paypal,completed,5,4.8,False,10.91,level_1,8
TXN-1002462,2024-02-25,Data Analysis,ES,US,Data Scientist,3187.34,USD,bank_transfer,completed,6,4.2,False,637.47,level_2,8
TXN-1002472,2024-02-25,Virtual Assistant,NL,IN,HR Manager,139.95,USD,bank_transfer,completed,2,4.1,False,27.99,level_1,8
TXN-1002218,2024-02-25,Social Media Management,US,FR,Marketing Manager,88.09,USD,paypal,completed,6,4.3,True,17.62,new_seller,8
TXN-1002209,2024-02-25,SEO/SEM,US,IN,Marketing Manager,47.45,USD,credit_card,completed,6,4.1,False,9.49,level_1,8
TXN-1002208,2024-02-25,SEO/SEM,IN,IN,Marketing Manager,216.77,EUR,credit_card,completed,14,4.5,True,43.35,level_2,8
TXN-1002239,2024-02-25,Music Production,IN,US,Designer,28.26,USD,credit_card,completed,7,4.0,False,5.65,level_1,8
TXN-1002326,2024-02-25,Photography,IN,IN,Designer,216.72,INR,credit_card,completed,2,4.7,False,43.34,level_1,8
TXN-1002429,2024-02-25,Photography,BR,US,Designer,83.07,USD,credit_card,completed,1,3.7,False,16.61,level_1,8
TXN-1002413,2024-02-25,Data Analysis,MX,US,Data Scientist,477.03,USD,credit_card,completed,4,3.7,True,95.41,level_1,8
TXN-1002412,2024-02-25,SEO/SEM,IN,FR,Marketing Manager,1879.59,USD,credit_card,completed,5,4.2,True,375.92,level_2,8
TXN-1002318,2024-02-25,Graphic Design,AU,NL,Designer,14.53,USD,credit_card,completed,9,1.0,False,2.91,top_rated,8
TXN-1002316,2024-02-25,Financial Modeling,IN,US,Accountant,119.09,USD,paypal,completed,8,4.1,False,23.82,rising_talent,8
TXN-1002250,2024-02-25,Web Development,US,IN,Software Engineer,112.02,USD,credit_card,completed,17,3.0,False,22.4,new_seller,8
TXN-1002408,2024-02-25,Video Production,AU,US,Designer,149.21,USD,bank_transfer,disputed,5,,False,29.84,new_seller,8
TXN-1002297,2024-02-25,Social Media Management,ES,ZA,Marketing Manager,24.74,USD,credit_card,completed,7,2.9,True,4.95,level_1,8
TXN-1002291,2024-02-25,Content Writing,MX,DE,Writer,417.75,USD,credit_card,completed,1,4.3,True,83.55,level_1,8
TXN-1002339,2024-02-25,AI/ML Development,GB,IN,Data Scientist,66.18,EUR,credit_card,completed,103,4.0,False,13.24,level_2,8
TXN-1002437,2024-02-25,Legal Consulting,NL,US,Lawyer,198.89,USD,paypal,cancelled,11,,False,39.78,rising_talent,8
TXN-1002340,2024-02-25,Mobile App,JP,GB,Software Engineer,57.56,USD,paypal,completed,14,3.3,False,11.51,level_1,8
TXN-1002341,2024-02-25,Virtual Assistant,US,IN,HR Manager,136.54,USD,credit_card,completed,2,4.8,False,27.31,level_1,8
TXN-1002276,2024-02-25,Graphic Design,IL,US,Designer,13.42,GBP,credit_card,completed,3,4.5,False,2.68,level_1,8
TXN-1002269,2024-02-25,Graphic Design,FR,ZA,Designer,42.78,GBP,credit_card,completed,3,4.2,False,8.56,level_2,8
TXN-1002268,2024-02-25,Content Writing,DE,US,Writer,55.74,USD,paypal,completed,3,3.0,False,11.15,level_1,8
TXN-1002258,2024-02-25,AI/ML Development,IN,BR,Data Scientist,295.21,USD,credit_card,completed,26,4.5,False,59.04,new_seller,8
TXN-1002284,2024-02-25,Video Production,BR,GB,Designer,95.39,USD,bank_transfer,completed,8,4.5,False,19.08,level_1,8
TXN-1002325,2024-02-25,Music Production,GB,SG,Designer,97.82,USD,credit_card,completed,18,4.7,True,19.56,level_1,8
TXN-1002581,2024-02-26,Content Writing,US,DE,Writer,121.83,USD,credit_card,completed,3,4.6,False,24.37,level_1,9
TXN-1002580,2024-02-26,SEO/SEM,DE,US,Marketing Manager,108.54,EUR,credit_card,completed,12,4.5,True,21.71,level_2,9
TXN-1002777,2024-02-26,Mobile App,GB,JP,Software Engineer,138.45,USD,paypal,completed,20,4.4,True,27.69,top_rated,9
TXN-1002584,2024-02-26,Social Media Management,IN,GB,Marketing Manager,550.0,USD,paypal,completed,7,3.8,False,110.0,level_1,9
TXN-1002587,2024-02-26,Web Development,US,AU,Software Engineer,22.66,USD,paypal,completed,19,4.1,False,4.53,rising_talent,9
TXN-1002590,2024-02-26,Content Writing,NL,GB,Writer,152.14,USD,paypal,completed,3,4.7,True,30.43,new_seller,9
TXN-1002579,2024-02-26,Virtual Assistant,MX,FR,HR Manager,1840.86,USD,bank_transfer,cancelled,1,,True,368.17,level_2,9
TXN-1002756,2024-02-26,Legal Consulting,MX,ZA,Lawyer,53.72,USD,credit_card,completed,11,3.6,False,10.74,level_2,9
TXN-1002574,2024-02-26,Financial Modeling,IN,US,Accountant,309.34,USD,bank_transfer,completed,7,4.0,False,61.87,rising_talent,9
TXN-1002528,2024-02-26,Mobile App,IN,NL,Software Engineer,55.77,USD,paypal,completed,17,3.2,True,11.15,level_1,9
TXN-1002761,2024-02-26,Financial Modeling,JP,FR,Accountant,340.42,USD,credit_card,completed,6,4.2,True,68.08,level_1,9
TXN-1002562,2024-02-26,Virtual Assistant,CA,US,HR Manager,146.15,USD,paypal,completed,1,2.6,True,29.23,level_1,9
TXN-1002762,2024-02-26,Translation,AU,US,Writer,121.17,USD,credit_card,completed,2,2.2,False,24.23,level_2,9
TXN-1002553,2024-02-26,Graphic Design,US,BR,Designer,153.36,EUR,bank_transfer,completed,4,3.7,False,30.67,rising_talent,9
TXN-1002537,2024-02-26,Legal Consulting,BR,MX,Lawyer,15.53,USD,credit_card,completed,17,4.4,False,3.11,level_1,9
TXN-1002775,2024-02-26,Social Media Management,JP,DE,Marketing Manager,752.76,USD,credit_card,completed,3,4.2,False,150.55,level_2,9
TXN-1002591,2024-02-26,Legal Consulting,ZA,US,Lawyer,149.74,GBP,paypal,completed,25,1.0,False,29.95,level_2,9
TXN-1002525,2024-02-26,Video Production,US,US,Designer,688.14,EUR,paypal,completed,7,3.6,False,137.63,new_seller,9
TXN-1002569,2024-02-26,Translation,GB,US,Writer,81.57,USD,paypal,completed,1,4.3,False,16.31,level_1,9
TXN-1002592,2024-02-26,Mobile App,US,US,Software Engineer,79.01,USD,paypal,completed,27,3.7,True,15.8,new_seller,9
TXN-1002625,2024-02-26,Financial Modeling,IN,US,Accountant,283.84,USD,bank_transfer,completed,8,2.6,True,56.77,level_1,9
TXN-1002752,2024-02-26,Financial Modeling,ES,DE,Accountant,359.43,EUR,crypto,completed,11,4.1,False,71.89,level_2,9
TXN-1002696,2024-02-26,Legal Consulting,GB,IN,Lawyer,1017.21,USD,bank_transfer,completed,10,3.7,False,203.44,level_2,9
TXN-1002694,2024-02-26,Data Analysis,US,MX,Data Scientist,331.35,USD,paypal,completed,4,4.4,False,66.27,level_2,9
TXN-1002683,2024-02-26,Photography,IL,IN,Designer,439.76,USD,crypto,completed,2,3.7,False,87.95,level_1,9
TXN-1002713,2024-02-26,Graphic Design,US,US,Designer,454.22,USD,credit_card,completed,2,4.4,True,90.84,rising_talent,9
TXN-1002664,2024-02-26,Music Production,IN,GB,Designer,43.36,GBP,credit_card,completed,7,4.6,False,8.67,level_1,9
TXN-1002726,2024-02-26,Data Analysis,IN,ZA,Data Scientist,7.33,GBP,bank_transfer,completed,9,3.3,False,1.47,level_1,9
TXN-1002660,2024-02-26,Web Development,US,US,Software Engineer,194.7,EUR,paypal,completed,12,3.7,False,38.94,level_1,9
TXN-1002650,2024-02-26,SEO/SEM,IN,DE,Marketing Manager,172.14,USD,bank_transfer,completed,10,4.4,True,34.43,new_seller,9
TXN-1002736,2024-02-26,Mobile App,IN,NL,Software Engineer,128.43,GBP,crypto,completed,14,4.0,False,25.69,level_1,9
TXN-1002633,2024-02-26,Web Development,GB,DE,Software Engineer,797.49,USD,paypal,completed,14,5.0,True,159.5,rising_talent,9
TXN-1002632,2024-02-26,Mobile App,IN,BR,Software Engineer,17.49,USD,bank_transfer,completed,18,4.8,False,3.5,top_rated,9
TXN-1002739,2024-02-26,Content Writing,DE,ZA,Writer,316.23,USD,bank_transfer,completed,1,4.7,False,63.25,level_2,9
TXN-1002745,2024-02-26,AI/ML Development,US,FR,Data Scientist,277.14,USD,paypal,completed,15,4.7,False,55.43,rising_talent,9
TXN-1002617,2024-02-26,Mobile App,FR,US,Software Engineer,76.58,USD,credit_card,completed,15,4.4,False,15.32,level_2,9
TXN-1002616,2024-02-26,Translation,IN,IN,Writer,262.65,ILS,paypal,completed,4,4.8,False,52.53,rising_talent,9
TXN-1002615,2024-02-26,Legal Consulting,DE,CA,Lawyer,1885.17,USD,bank_transfer,completed,17,5.0,True,377.03,level_2,9
TXN-1002603,2024-02-26,Content Writing,IN,US,Writer,26.76,USD,bank_transfer,completed,2,4.8,False,5.35,top_rated,9
TXN-1002602,2024-02-26,SEO/SEM,JP,US,Marketing Manager,105.19,USD,paypal,completed,6,3.3,False,21.04,level_1,9
TXN-1002601,2024-02-26,Music Production,FR,US,Designer,17.17,USD,credit_card,completed,10,4.4,True,3.43,level_1,9
TXN-1002754,2024-02-26,Financial Modeling,CA,GB,Accountant,86.61,EUR,credit_card,completed,5,4.6,True,17.32,rising_talent,9
TXN-1002522,2024-02-26,SEO/SEM,US,BR,Marketing Manager,831.89,USD,credit_card,completed,4,3.3,True,166.38,level_2,9
TXN-1002772,2024-02-26,Photography,US,FR,Designer,21.65,USD,bank_transfer,completed,3,4.4,True,4.33,level_1,9
TXN-1002493,2024-02-26,Data Analysis,US,IN,Data Scientist,973.76,EUR,credit_card,completed,6,3.1,False,194.75,top_rated,9
TXN-1002788,2024-02-26,Video Production,US,BR,Designer,88.64,USD,bank_transfer,completed,10,3.0,False,17.73,rising_talent,9
TXN-1002789,2024-02-26,Web Development,NL,FR,Software Engineer,20.73,USD,paypal,completed,9,4.7,True,4.15,new_seller,9
TXN-1002507,2024-02-26,Web Development,NL,IN,Software Engineer,80.01,USD,crypto,completed,19,4.9,False,16.0,new_seller,9
TXN-1002506,2024-02-26,Mobile App,CA,GB,Software Engineer,273.82,USD,paypal,completed,12,4.9,False,54.76,level_1,9
TXN-1002516,2024-02-26,Translation,GB,CA,Writer,245.71,USD,paypal,completed,2,5.0,False,49.14,rising_talent,9
TXN-1002488,2024-02-26,Content Writing,IN,JP,Writer,404.61,USD,credit_card,completed,2,4.8,False,80.92,rising_talent,9
TXN-1002492,2024-02-26,Social Media Management,US,FR,Marketing Manager,85.17,USD,credit_card,completed,5,4.5,False,17.03,new_seller,9
TXN-1002486,2024-02-26,Financial Modeling,GB,BR,Accountant,381.37,USD,paypal,completed,10,4.1,True,76.27,rising_talent,9
TXN-1002479,2024-02-26,Translation,IL,MX,Writer,32.31,GBP,paypal,completed,6,2.9,False,6.46,level_2,9
TXN-1002521,2024-02-26,Translation,US,IN,Writer,229.64,USD,credit_card,completed,3,4.3,True,45.93,rising_talent,9
TXN-1002785,2024-02-27,Social Media Management,IL,FR,Marketing Manager,354.34,EUR,credit_card,disputed,12,,False,70.87,rising_talent,9
TXN-1002796,2024-02-27,SEO/SEM,FR,US,Marketing Manager,21.78,USD,credit_card,completed,7,3.4,False,4.36,rising_talent,9
TXN-1002651,2024-02-27,Mobile App,US,IN,Software Engineer,164.14,INR,paypal,completed,30,4.0,False,32.83,top_rated,9
TXN-1002760,2024-02-27,Music Production,ES,IN,Designer,202.28,GBP,credit_card,completed,12,3.5,True,40.46,level_2,9
TXN-1002746,2024-02-27,Web Development,IN,US,Software Engineer,141.78,EUR,credit_card,completed,22,4.3,False,28.36,top_rated,9
TXN-1002491,2024-02-27,Legal Consulting,US,GB,Lawyer,565.14,USD,paypal,completed,21,4.4,True,113.03,new_seller,9
TXN-1002743,2024-02-27,Financial Modeling,US,US,Accountant,1674.66,USD,credit_card,completed,12,4.7,False,334.93,new_seller,9
TXN-1002512,2024-02-27,Web Development,ES,FR,Software Engineer,257.95,USD,credit_card,completed,5,4.5,False,51.59,top_rated,9
TXN-1002494,2024-02-27,Graphic Design,US,GB,Designer,331.36,USD,paypal,completed,3,4.6,True,66.27,level_1,9
TXN-1002576,2024-02-27,SEO/SEM,IN,IN,Marketing Manager,411.12,EUR,paypal,completed,9,4.2,False,82.22,rising_talent,9
TXN-1002508,2024-02-27,Virtual Assistant,US,IN,HR Manager,293.76,EUR,paypal,completed,2,3.6,True,58.75,level_1,9
TXN-1002679,2024-02-27,Video Production,US,IN,Designer,284.69,USD,credit_card,completed,6,3.7,True,56.94,level_2,9
TXN-1002599,2024-02-27,Virtual Assistant,IN,GB,HR Manager,12.87,USD,paypal,completed,1,4.2,False,2.57,rising_talent,9
TXN-1002610,2024-02-27,Photography,ZA,JP,Designer,263.13,USD,credit_card,completed,8,3.3,True,52.63,level_2,9
TXN-1002504,2024-02-27,Web Development,GB,US,Software Engineer,9.76,ILS,paypal,completed,10,4.1,True,1.95,level_1,9
TXN-1002586,2024-02-27,Legal Consulting,US,US,Lawyer,144.63,USD,paypal,completed,12,3.7,False,28.93,rising_talent,9
TXN-1002653,2024-02-27,Graphic Design,IN,FR,Designer,61.48,ILS,paypal,completed,3,3.5,False,12.3,new_seller,9
TXN-1002588,2024-02-27,Music Production,US,CA,Designer,245.89,USD,credit_card,completed,21,3.9,False,49.18,new_seller,9
TXN-1002607,2024-02-27,Graphic Design,ZA,FR,Designer,124.99,GBP,credit_card,completed,4,4.1,True,25.0,level_2,9
TXN-1002594,2024-02-27,Video Production,FR,IN,Designer,5.0,USD,paypal,completed,8,4.1,True,1.0,rising_talent,9
TXN-1002595,2024-02-27,Social Media Management,BR,IN,Marketing Manager,118.17,USD,credit_card,completed,7,4.2,False,23.63,new_seller,9
TXN-1002672,2024-02-27,Data Analysis,US,US,Data Scientist,47.72,EUR,credit_card,completed,7,3.2,True,9.54,rising_talent,9
TXN-1002719,2024-02-27,Graphic Design,US,ES,Designer,69.67,GBP,credit_card,completed,3,4.5,True,13.93,top_rated,9
TXN-1002765,2024-02-27,Music Production,IN,CA,Designer,185.12,GBP,credit_card,completed,18,5.0,False,37.02,level_1,9
TXN-1002685,2024-02-27,Video Production,US,IN,Designer,405.42,USD,crypto,completed,4,4.0,True,81.08,level_1,9
TXN-1002741,2024-02-27,Translation,US,IN,Writer,73.41,GBP,bank_transfer,completed,5,4.6,True,14.68,level_1,9
TXN-1002524,2024-02-27,Translation,US,BR,Writer,158.16,USD,bank_transfer,completed,3,4.4,True,31.63,rising_talent,9
TXN-1002649,2024-02-27,Web Development,US,IN,Software Engineer,384.97,USD,paypal,completed,12,4.4,True,76.99,level_1,9
TXN-1002526,2024-02-27,Web Development,US,GB,Software Engineer,298.67,ILS,credit_card,completed,26,4.2,True,59.73,top_rated,9
TXN-1002704,2024-02-27,Graphic Design,BR,US,Designer,105.07,USD,paypal,completed,3,4.4,True,21.01,rising_talent,9
TXN-1002655,2024-02-27,Financial Modeling,GB,DE,Accountant,64.11,USD,paypal,completed,10,4.5,False,12.82,new_seller,9
TXN-1002656,2024-02-27,SEO/SEM,DE,MX,Marketing Manager,944.13,USD,credit_card,completed,11,4.0,True,188.83,rising_talent,9
TXN-1002697,2024-02-27,Photography,US,US,Designer,397.05,USD,paypal,completed,7,4.5,False,79.41,level_1,9
TXN-1002691,2024-02-27,SEO/SEM,NL,IL,Marketing Manager,87.49,USD,bank_transfer,completed,13,2.8,False,17.5,level_2,9
TXN-1002490,2024-02-27,Content Writing,MX,AU,Writer,76.83,USD,crypto,completed,3,4.5,True,15.37,rising_talent,9
TXN-1002638,2024-02-27,Mobile App,SG,GB,Software Engineer,54.33,USD,crypto,completed,30,3.5,False,10.87,level_2,9
TXN-1002543,2024-02-27,Video Production,DE,IL,Designer,441.64,USD,bank_transfer,completed,6,4.7,True,88.33,level_2,9
TXN-1002782,2024-02-27,Video Production,MX,FR,Designer,68.17,USD,credit_card,completed,8,4.1,False,13.63,level_1,9
TXN-1002545,2024-02-27,AI/ML Development,US,BR,Data Scientist,829.02,USD,credit_card,completed,21,4.4,False,165.8,level_2,9
TXN-1002735,2024-02-27,SEO/SEM,DE,US,Marketing Manager,197.34,USD,bank_transfer,completed,12,3.4,False,39.47,level_1,9
TXN-1002727,2024-02-27,Photography,US,US,Designer,408.56,USD,bank_transfer,completed,1,3.9,False,81.71,top_rated,9
TXN-1002556,2024-02-27,SEO/SEM,US,US,Marketing Manager,120.48,USD,credit_card,completed,9,3.5,False,24.1,new_seller,9
TXN-1002555,2024-02-27,Social Media Management,GB,GB,Marketing Manager,125.59,USD,credit_card,completed,10,3.8,True,25.12,level_2,9
TXN-1002554,2024-02-27,Graphic Design,ZA,NL,Designer,465.93,USD,credit_card,completed,8,3.5,False,93.19,level_1,9
TXN-1002636,2024-02-27,Translation,US,FR,Writer,73.86,USD,bank_transfer,completed,2,4.0,True,14.77,rising_talent,9
TXN-1002740,2024-02-27,Legal Consulting,DE,US,Lawyer,246.57,USD,bank_transfer,completed,27,4.0,False,49.31,new_seller,9
TXN-1002498,2024-02-27,Content Writing,MX,CA,Writer,365.72,ILS,bank_transfer,completed,7,1.0,True,73.14,level_2,9
TXN-1002770,2024-02-27,Video Production,US,FR,Designer,232.26,USD,crypto,completed,12,4.0,False,46.45,level_1,9
TXN-1002661,2024-02-27,Data Analysis,FR,US,Data Scientist,422.78,USD,bank_transfer,completed,6,2.9,False,84.56,level_1,9
TXN-1002668,2024-02-28,Financial Modeling,US,DE,Accountant,69.34,ILS,bank_transfer,completed,10,4.7,False,13.87,level_2,9
TXN-1002624,2024-02-28,SEO/SEM,CA,GB,Marketing Manager,92.42,USD,paypal,completed,14,4.9,True,18.48,level_2,9
TXN-1002614,2024-02-28,Translation,US,US,Writer,304.08,USD,credit_card,completed,4,4.5,False,60.82,rising_talent,9
TXN-1002654,2024-02-28,Data Analysis,US,US,Data Scientist,121.17,USD,paypal,completed,2,4.0,False,24.23,new_seller,9
TXN-1002647,2024-02-28,Music Production,IN,US,Designer,161.28,USD,credit_card,completed,13,4.4,True,32.26,level_2,9
TXN-1002604,2024-02-28,Photography,IN,ES,Designer,150.05,USD,credit_card,completed,4,4.9,False,30.01,level_2,9
TXN-1002605,2024-02-28,Photography,IN,ZA,Designer,216.67,ILS,bank_transfer,completed,6,3.9,True,43.33,level_2,9
TXN-1002606,2024-02-28,AI/ML Development,US,FR,Data Scientist,2202.01,USD,credit_card,completed,27,4.5,False,440.4,level_1,9
TXN-1002720,2024-02-28,Photography,BR,FR,Designer,988.32,INR,paypal,completed,2,4.5,True,197.66,new_seller,9
TXN-1002671,2024-02-28,Mobile App,US,US,Software Engineer,254.06,USD,credit_card,completed,19,3.9,True,50.81,new_seller,9
TXN-1002634,2024-02-28,Translation,IN,GB,Writer,325.11,GBP,credit_card,completed,2,4.1,True,65.02,rising_talent,9
TXN-1002748,2024-02-28,AI/ML Development,CA,IN,Data Scientist,89.11,USD,paypal,completed,30,4.3,True,17.82,rising_talent,9
TXN-1002751,2024-02-28,SEO/SEM,US,US,Marketing Manager,211.54,GBP,bank_transfer,cancelled,8,,False,42.31,new_seller,9
TXN-1002731,2024-02-28,Content Writing,US,DE,Writer,200.88,USD,paypal,completed,1,4.7,True,40.18,level_1,9
TXN-1002658,2024-02-28,Social Media Management,DE,US,Marketing Manager,148.18,USD,crypto,completed,12,4.7,True,29.64,level_1,9
TXN-1002641,2024-02-28,Content Writing,IL,US,Writer,158.14,USD,bank_transfer,completed,5,4.7,False,31.63,new_seller,9
TXN-1002640,2024-02-28,Music Production,IN,US,Designer,788.31,USD,paypal,completed,13,3.7,False,157.66,new_seller,9
TXN-1002724,2024-02-28,Content Writing,CA,GB,Writer,208.84,USD,credit_card,completed,2,4.8,True,41.77,rising_talent,9
TXN-1002612,2024-02-28,Social Media Management,US,DE,Marketing Manager,1171.24,USD,credit_card,completed,10,4.8,False,234.25,level_2,9
TXN-1002753,2024-02-28,Data Analysis,US,BR,Data Scientist,1096.25,USD,bank_transfer,completed,5,3.6,False,219.25,level_1,9
TXN-1002558,2024-02-28,Translation,IL,US,Writer,201.74,USD,bank_transfer,completed,2,4.9,False,40.35,top_rated,9
TXN-1002598,2024-02-28,Graphic Design,ZA,BR,Designer,354.65,USD,crypto,completed,4,3.6,False,70.93,rising_talent,9
TXN-1002514,2024-02-28,Graphic Design,GB,AU,Designer,112.4,USD,credit_card,completed,5,3.5,False,22.48,new_seller,9
TXN-1002552,2024-02-28,Graphic Design,IN,SG,Designer,404.54,USD,credit_card,completed,4,3.7,False,80.91,top_rated,9
TXN-1002767,2024-02-28,Legal Consulting,IL,MX,Lawyer,417.71,EUR,credit_card,completed,12,3.9,False,83.54,level_2,9
TXN-1002550,2024-02-28,Mobile App,NL,ES,Software Engineer,527.46,USD,paypal,completed,29,4.0,True,105.49,new_seller,9
TXN-1002769,2024-02-28,Mobile App,US,US,Software Engineer,275.88,USD,paypal,completed,23,3.8,False,55.18,rising_talent,9
TXN-1002547,2024-02-28,AI/ML Development,US,DE,Data Scientist,81.7,USD,credit_card,completed,27,4.7,False,16.34,level_1,9
TXN-1002771,2024-02-28,AI/ML Development,BR,SG,Data Scientist,340.15,USD,paypal,completed,16,4.6,True,68.03,rising_talent,9
TXN-1002541,2024-02-28,Video Production,MX,US,Designer,73.84,USD,credit_card,completed,5,4.7,True,14.77,level_2,9
TXN-1002540,2024-02-28,Music Production,BR,US,Designer,389.87,INR,credit_card,completed,6,4.7,False,77.97,level_1,9
TXN-1002690,2024-02-28,SEO/SEM,GB,US,Marketing Manager,198.49,USD,bank_transfer,completed,6,4.7,False,39.7,level_1,9
TXN-1002517,2024-02-28,Legal Consulting,US,GB,Lawyer,43.17,USD,credit_card,completed,20,2.8,False,8.63,level_2,9
TXN-1002701,2024-02-28,Web Development,MX,DE,Software Engineer,140.86,USD,credit_card,completed,11,2.7,False,28.17,new_seller,9
TXN-1002531,2024-02-28,Content Writing,IL,BR,Writer,532.21,GBP,bank_transfer,completed,5,4.9,False,106.44,rising_talent,9
TXN-1002518,2024-02-28,Photography,CA,BR,Designer,315.73,GBP,credit_card,completed,4,3.5,True,63.15,level_2,9
TXN-1002776,2024-02-28,Photography,US,JP,Designer,250.79,USD,credit_card,completed,2,4.9,False,50.16,level_2,9
TXN-1002563,2024-02-28,Content Writing,US,IN,Writer,296.28,USD,paypal,completed,2,4.2,False,59.26,level_2,9
TXN-1002564,2024-02-28,Social Media Management,CA,SG,Marketing Manager,23.23,EUR,bank_transfer,completed,9,5.0,True,4.65,rising_talent,9
TXN-1002688,2024-02-28,Translation,US,GB,Writer,106.42,GBP,bank_transfer,completed,3,4.1,True,21.28,rising_talent,9
TXN-1002566,2024-02-28,Content Writing,US,GB,Writer,838.63,USD,credit_card,completed,5,3.7,False,167.73,top_rated,9
TXN-1002673,2024-02-28,Financial Modeling,AU,MX,Accountant,121.16,USD,credit_card,completed,23,3.9,False,24.23,rising_talent,9
TXN-1002755,2024-02-28,Data Analysis,US,US,Data Scientist,244.98,INR,paypal,completed,10,4.0,True,49.0,level_1,9
TXN-1002718,2024-02-28,Virtual Assistant,FR,GB,HR Manager,158.32,USD,credit_card,completed,1,4.7,False,31.66,level_1,9
TXN-1002677,2024-02-28,AI/ML Development,IN,US,Data Scientist,39.72,USD,paypal,completed,13,2.8,False,7.94,level_1,9
TXN-1002715,2024-02-28,Music Production,GB,US,Designer,130.62,USD,paypal,completed,11,4.3,True,26.12,level_2,9
TXN-1002505,2024-02-28,SEO/SEM,US,GB,Marketing Manager,361.31,USD,bank_transfer,completed,14,4.6,True,72.26,level_1,9
TXN-1002511,2024-02-28,Web Development,US,IN,Software Engineer,361.37,USD,bank_transfer,completed,13,3.5,False,72.27,level_1,9
TXN-1002582,2024-02-28,Legal Consulting,DE,US,Lawyer,29.15,GBP,credit_card,disputed,6,,False,5.83,new_seller,9
TXN-1002503,2024-02-28,SEO/SEM,BR,BR,Marketing Manager,1762.3,GBP,credit_card,completed,13,3.8,False,352.46,rising_talent,9
TXN-1002572,2024-02-28,Translation,GB,ZA,Writer,9.94,GBP,paypal,completed,3,2.9,False,1.99,level_1,9
TXN-1002567,2024-02-28,Social Media Management,IL,CA,Marketing Manager,0.01,USD,credit_card,completed,11,3.8,True,0.0,level_1,9
TXN-1002758,2024-02-28,Financial Modeling,US,US,Accountant,394.86,GBP,credit_card,completed,14,4.2,False,78.97,new_seller,9
TXN-1002681,2024-02-28,Legal Consulting,IN,IN,Lawyer,341.06,EUR,paypal,completed,14,4.8,False,68.21,rising_talent,9
TXN-1002484,2024-02-29,Data Analysis,NL,US,Data Scientist,226.84,USD,crypto,completed,4,3.7,True,45.37,new_seller,9
TXN-1002700,2024-02-29,Web Development,US,US,Software Engineer,1081.25,GBP,paypal,completed,19,4.8,True,216.25,new_seller,9
TXN-1002712,2024-02-29,Web Development,IN,CA,Software Engineer,443.77,INR,bank_transfer,completed,27,3.2,False,88.75,new_seller,9
TXN-1002698,2024-02-29,Content Writing,IN,DE,Writer,377.43,USD,credit_card,completed,3,3.9,True,75.49,new_seller,9
TXN-1002684,2024-02-29,Virtual Assistant,US,ZA,HR Manager,428.7,USD,paypal,completed,1,3.5,False,85.74,level_1,9
TXN-1002728,2024-02-29,Legal Consulting,FR,GB,Lawyer,1913.38,USD,paypal,completed,13,4.6,True,382.68,rising_talent,9
TXN-1002706,2024-02-29,Graphic Design,US,GB,Designer,157.66,USD,credit_card,completed,7,3.2,True,31.53,new_seller,9
TXN-1002716,2024-02-29,SEO/SEM,US,DE,Marketing Manager,33.64,USD,credit_card,completed,7,2.7,False,6.73,level_2,9
TXN-1002725,2024-02-29,Photography,US,IN,Designer,6.37,USD,credit_card,completed,6,4.2,False,1.27,level_1,9
TXN-1002483,2024-02-29,Photography,CA,CA,Designer,411.23,USD,bank_transfer,completed,4,4.2,True,82.25,level_1,9
TXN-1002480,2024-02-29,Photography,ZA,IN,Designer,720.78,INR,credit_card,completed,6,4.5,False,144.16,new_seller,9
TXN-1002670,2024-02-29,Legal Consulting,US,US,Lawyer,71.26,USD,paypal,completed,9,4.5,True,14.25,new_seller,9
TXN-1002680,2024-02-29,Graphic Design,IN,GB,Designer,93.46,EUR,credit_card,completed,4,4.3,True,18.69,level_2,9
TXN-1002675,2024-02-29,Virtual Assistant,FR,CA,HR Manager,174.63,USD,crypto,completed,2,4.5,True,34.93,level_1,9
TXN-1002709,2024-02-29,Financial Modeling,JP,IN,Accountant,1373.29,USD,credit_card,completed,13,2.9,False,274.66,level_1,9
TXN-1002520,2024-02-29,AI/ML Development,US,DE,Data Scientist,39.01,USD,bank_transfer,completed,7,2.8,False,7.8,new_seller,9
TXN-1002589,2024-02-29,Legal Consulting,US,US,Lawyer,474.0,USD,credit_card,completed,13,3.9,True,94.8,rising_talent,9
TXN-1002585,2024-02-29,Web Development,GB,IN,Software Engineer,2456.75,USD,bank_transfer,completed,22,3.3,False,491.35,level_2,9
TXN-1002578,2024-02-29,Data Analysis,JP,IL,Data Scientist,104.99,EUR,credit_card,completed,5,1.0,False,21.0,level_2,9
TXN-1002577,2024-02-29,Content Writing,FR,US,Writer,2814.16,USD,crypto,completed,92,4.5,False,562.83,level_1,9
TXN-1002575,2024-02-29,Mobile App,US,US,Software Engineer,146.59,USD,credit_card,completed,22,3.6,False,29.32,level_2,9
TXN-1002571,2024-02-29,Translation,CA,AU,Writer,1324.09,USD,credit_card,completed,2,4.4,False,264.82,level_2,9
TXN-1002784,2024-02-29,Photography,SG,MX,Designer,208.96,USD,credit_card,completed,3,4.8,True,41.79,new_seller,9
TXN-1002783,2024-02-29,Web Development,GB,BR,Software Engineer,49.82,GBP,paypal,completed,6,2.3,True,9.96,level_1,9
TXN-1002560,2024-02-29,Legal Consulting,AU,FR,Lawyer,1331.61,GBP,paypal,completed,9,3.4,False,266.32,level_1,9
TXN-1002557,2024-02-29,AI/ML Development,US,US,Data Scientist,264.68,USD,credit_card,completed,13,4.2,False,52.94,level_1,9
TXN-1002542,2024-02-29,Social Media Management,ES,IN,Marketing Manager,26.33,EUR,paypal,completed,8,4.1,False,5.27,level_2,9
TXN-1002774,2024-02-29,Video Production,US,IN,Designer,390.29,EUR,credit_card,completed,5,4.7,True,78.06,level_1,9
TXN-1002538,2024-02-29,Content Writing,US,GB,Writer,123.4,USD,paypal,completed,1,3.5,False,24.68,level_1,9
TXN-1002535,2024-02-29,Content Writing,NL,ES,Writer,104.69,USD,paypal,completed,2,4.2,False,20.94,level_1,9
TXN-1002534,2024-02-29,Photography,DE,US,Designer,74.35,ILS,crypto,completed,5,2.9,True,14.87,level_2,9
TXN-1002533,2024-02-29,AI/ML Development,GB,AU,Data Scientist,122.59,USD,credit_card,completed,11,4.7,False,24.52,rising_talent,9
TXN-1002532,2024-02-29,Content Writing,GB,US,Writer,732.63,USD,credit_card,completed,3,4.8,False,146.53,rising_talent,9
TXN-1002530,2024-02-29,Music Production,US,GB,Designer,283.26,GBP,paypal,completed,5,2.7,False,56.65,level_2,9
TXN-1002529,2024-02-29,Web Development,CA,FR,Software Engineer,101.5,EUR,paypal,completed,9,4.2,False,20.3,top_rated,9
TXN-1002778,2024-02-29,Graphic Design,US,IN,Designer,42.27,USD,credit_card,completed,6,4.5,False,8.45,level_2,9
TXN-1002652,2024-02-29,Social Media Management,IN,ZA,Marketing Manager,11.53,ILS,paypal,completed,6,3.8,True,2.31,new_seller,9
TXN-1002787,2024-02-29,Photography,IL,BR,Designer,28.71,USD,credit_card,completed,3,3.3,True,5.74,level_1,9
TXN-1002702,2024-02-29,SEO/SEM,US,US,Marketing Manager,274.19,USD,bank_transfer,completed,12,4.3,True,54.84,level_1,9
TXN-1002500,2024-02-29,SEO/SEM,GB,AU,Marketing Manager,272.77,USD,credit_card,completed,12,4.0,True,54.55,rising_talent,9
TXN-1002648,2024-02-29,Virtual Assistant,BR,BR,HR Manager,31.9,INR,credit_card,completed,1,4.5,True,6.38,level_2,9
TXN-1002646,2024-02-29,Web Development,JP,DE,Software Engineer,809.86,USD,credit_card,completed,14,4.9,False,161.97,level_2,9
TXN-1002487,2024-02-29,Video Production,IL,US,Designer,73.47,USD,credit_card,disputed,7,,True,14.69,level_1,9
TXN-1002629,2024-02-29,SEO/SEM,AU,ES,Marketing Manager,1592.95,USD,credit_card,completed,7,3.2,False,318.59,rising_talent,9
TXN-1002501,2024-02-29,Video Production,FR,MX,Designer,160.85,USD,credit_card,completed,9,4.6,False,32.17,level_2,9
TXN-1002627,2024-02-29,Content Writing,US,IN,Writer,448.61,EUR,bank_transfer,completed,4,3.6,False,89.72,level_1,9
TXN-1002628,2024-02-29,Web Development,CA,US,Software Engineer,198.6,USD,credit_card,cancelled,12,,False,39.72,level_1,9
TXN-1002608,2024-02-29,Virtual Assistant,GB,SG,HR Manager,265.69,USD,bank_transfer,completed,1,4.1,False,53.14,level_2,9
TXN-1002499,2024-02-29,Video Production,US,ZA,Designer,41.88,USD,bank_transfer,completed,4,4.3,False,8.38,rising_talent,9
TXN-1002497,2024-02-29,Translation,US,BR,Writer,917.57,USD,paypal,completed,2,4.5,False,183.51,level_1,9
TXN-1002750,2024-02-29,Financial Modeling,NL,DE,Accountant,95.14,INR,credit_card,completed,9,4.5,False,19.03,level_2,9
TXN-1002611,2024-02-29,Translation,AU,US,Writer,43.19,USD,credit_card,completed,4,4.6,True,8.64,level_2,9
TXN-1002619,2024-02-29,Video Production,CA,DE,Designer,370.73,INR,credit_card,cancelled,3,,False,74.15,rising_talent,9
TXN-1002729,2024-03-01,Video Production,GB,AU,Designer,26.71,USD,bank_transfer,completed,5,3.1,True,5.34,level_2,9
TXN-1002730,2024-03-01,Legal Consulting,US,DE,Lawyer,1159.16,GBP,credit_card,completed,6,3.9,False,231.83,level_2,9
TXN-1002732,2024-03-01,Social Media Management,US,GB,Marketing Manager,138.23,EUR,bank_transfer,completed,6,4.3,False,27.65,top_rated,9
TXN-1002705,2024-03-01,Data Analysis,JP,DE,Data Scientist,159.18,EUR,credit_card,completed,3,2.6,True,31.84,level_1,9
TXN-1002742,2024-03-01,Content Writing,NL,DE,Writer,17.33,INR,paypal,completed,3,4.7,True,3.47,level_2,9
TXN-1002708,2024-03-01,Social Media Management,GB,DE,Marketing Manager,8.44,GBP,credit_card,cancelled,7,,True,1.69,new_seller,9
TXN-1002790,2024-03-01,SEO/SEM,SG,NL,Marketing Manager,216.35,USD,credit_card,completed,14,3.9,False,43.27,level_1,9
TXN-1002793,2024-03-01,Graphic Design,IN,GB,Designer,372.24,USD,paypal,completed,5,3.4,True,74.45,rising_talent,9
TXN-1002710,2024-03-01,Data Analysis,ES,MX,Data Scientist,291.3,EUR,crypto,completed,6,3.9,False,58.26,level_2,9
TXN-1002757,2024-03-01,Virtual Assistant,US,US,HR Manager,547.22,USD,credit_card,completed,1,3.0,False,109.44,rising_talent,9
TXN-1002721,2024-03-01,Social Media Management,US,ES,Marketing Manager,1341.01,USD,credit_card,completed,4,4.3,False,268.2,level_2,9
TXN-1002737,2024-03-01,AI/ML Development,US,US,Data Scientist,124.25,USD,paypal,completed,16,2.7,True,24.85,level_1,9
TXN-1002791,2024-03-01,Photography,FR,US,Designer,744.31,USD,bank_transfer,completed,3,2.5,False,148.86,rising_talent,9
TXN-1002596,2024-03-01,Legal Consulting,BR,NL,Lawyer,116.16,USD,credit_card,completed,21,4.8,False,23.23,level_2,9
TXN-1002699,2024-03-01,Social Media Management,US,US,Marketing Manager,70.74,GBP,credit_card,completed,8,4.7,True,14.15,level_2,9
TXN-1002613,2024-03-01,Web Development,FR,IN,Software Engineer,9.9,USD,credit_card,completed,7,3.3,False,1.98,level_1,9
TXN-1002536,2024-03-01,Mobile App,DE,US,Software Engineer,196.35,GBP,bank_transfer,completed,30,4.0,False,39.27,new_seller,9
TXN-1002645,2024-03-01,Data Analysis,US,IL,Data Scientist,238.4,USD,paypal,completed,2,3.7,True,47.68,rising_talent,9
TXN-1002544,2024-03-01,Photography,GB,IN,Designer,62.44,USD,credit_card,completed,3,3.6,True,12.49,level_1,9
TXN-1002643,2024-03-01,Graphic Design,DE,DE,Designer,655.68,EUR,credit_card,completed,7,4.3,True,131.14,level_1,9
TXN-1002546,2024-03-01,Translation,US,US,Writer,8.21,USD,credit_card,completed,5,3.9,False,1.64,top_rated,9
TXN-1002549,2024-03-01,SEO/SEM,US,US,Marketing Manager,208.73,USD,bank_transfer,completed,10,3.8,True,41.75,rising_talent,9
TXN-1002551,2024-03-01,Content Writing,US,US,Writer,46.9,USD,credit_card,completed,2,4.8,False,9.38,rising_talent,9
TXN-1002662,2024-03-01,Music Production,IN,AU,Designer,39.39,USD,paypal,completed,18,4.3,False,7.88,new_seller,9
TXN-1002639,2024-03-01,Legal Consulting,IN,IN,Lawyer,10.01,USD,credit_card,completed,9,4.6,True,2.0,level_2,9
TXN-1002635,2024-03-01,Web Development,US,BR,Software Engineer,322.94,USD,paypal,completed,23,3.1,False,64.59,top_rated,9
TXN-1002559,2024-03-01,SEO/SEM,IN,US,Marketing Manager,156.28,USD,paypal,completed,6,3.6,False,31.26,top_rated,9
TXN-1002630,2024-03-01,Content Writing,FR,US,Writer,55.7,EUR,paypal,completed,7,2.3,False,11.14,level_1,9
TXN-1002626,2024-03-01,Financial Modeling,US,IN,Accountant,245.51,EUR,credit_card,completed,14,4.8,False,49.1,top_rated,9
TXN-1002568,2024-03-01,Financial Modeling,IN,US,Accountant,2425.15,USD,credit_card,completed,5,3.3,False,485.03,level_1,9
TXN-1002570,2024-03-01,Financial Modeling,FR,IN,Accountant,162.87,GBP,paypal,completed,5,3.4,False,32.57,level_1,9
TXN-1002620,2024-03-01,SEO/SEM,IN,ES,Marketing Manager,848.63,USD,credit_card,completed,15,4.8,False,169.73,level_2,9
TXN-1002583,2024-03-01,Mobile App,IN,US,Software Engineer,218.58,USD,bank_transfer,completed,18,4.7,True,43.72,level_1,9
TXN-1002637,2024-03-01,Web Development,IN,GB,Software Engineer,58.4,USD,paypal,completed,11,4.8,False,11.68,new_seller,9
TXN-1002663,2024-03-01,Content Writing,GB,IN,Writer,206.81,USD,crypto,completed,1,4.9,False,41.36,rising_talent,9
TXN-1002600,2024-03-01,Mobile App,ES,DE,Software Engineer,143.32,USD,paypal,completed,29,2.4,False,28.66,level_1,9
TXN-1002519,2024-03-01,Financial Modeling,FR,JP,Accountant,19.42,USD,credit_card,completed,19,3.9,True,3.88,new_seller,9
TXN-1002687,2024-03-01,Virtual Assistant,FR,ES,HR Manager,27.0,USD,paypal,disputed,1,,False,5.4,top_rated,9
TXN-1002692,2024-03-01,Graphic Design,SG,US,Designer,3184.18,USD,credit_card,completed,5,4.6,False,636.84,rising_talent,9
TXN-1002523,2024-03-01,Virtual Assistant,ZA,ES,HR Manager,454.38,USD,credit_card,completed,2,4.2,False,90.88,level_2,9
TXN-1002703,2024-03-01,Graphic Design,CA,JP,Designer,174.25,USD,bank_transfer,completed,7,2.5,True,34.85,level_1,9
TXN-1002693,2024-03-01,Web Development,US,CA,Software Engineer,461.69,USD,credit_card,completed,19,4.6,False,92.34,level_1,9
TXN-1002496,2024-03-01,Graphic Design,US,IN,Designer,87.9,GBP,credit_card,completed,3,4.3,False,17.58,level_1,9
TXN-1002481,2024-03-01,Music Production,BR,IN,Designer,325.15,USD,credit_card,completed,17,4.3,False,65.03,level_1,9
TXN-1002502,2024-03-01,Legal Consulting,SG,IL,Lawyer,20.31,USD,bank_transfer,completed,7,4.9,False,4.06,level_1,9
TXN-1002509,2024-03-01,Social Media Management,IN,IN,Marketing Manager,42.32,USD,bank_transfer,disputed,8,,False,8.46,rising_talent,9
TXN-1002510,2024-03-01,Graphic Design,MX,US,Designer,471.49,USD,paypal,completed,7,3.1,False,94.3,rising_talent,9
TXN-1002669,2024-03-01,Virtual Assistant,US,NL,HR Manager,53.39,GBP,paypal,completed,2,4.6,False,10.68,level_2,9
TXN-1002666,2024-03-01,Video Production,GB,US,Designer,335.98,USD,credit_card,completed,6,4.8,False,67.2,level_2,9
TXN-1002695,2024-03-01,Graphic Design,MX,US,Designer,199.72,USD,credit_card,completed,3,4.2,False,39.94,new_seller,9
TXN-1002593,2024-03-02,Financial Modeling,BR,JP,Accountant,36.07,USD,credit_card,completed,10,3.5,False,7.21,level_1,9
TXN-1002597,2024-03-02,Video Production,JP,FR,Designer,352.42,USD,credit_card,completed,3,2.6,False,70.48,rising_talent,9
TXN-1002565,2024-03-02,Web Development,BR,DE,Software Engineer,15.52,USD,paypal,completed,30,4.4,True,3.1,new_seller,9
TXN-1002795,2024-03-02,Translation,US,CA,Writer,326.42,EUR,credit_card,completed,4,4.8,False,65.28,top_rated,9
TXN-1002764,2024-03-02,Music Production,US,GB,Designer,3654.04,USD,credit_card,completed,12,3.8,False,730.81,rising_talent,9
TXN-1002489,2024-03-02,Translation,US,MX,Writer,371.87,EUR,paypal,completed,3,4.2,False,74.37,level_1,9
TXN-1002495,2024-03-02,Music Production,JP,US,Designer,135.25,USD,paypal,completed,6,4.5,True,27.05,rising_talent,9
TXN-1002786,2024-03-02,Financial Modeling,GB,IL,Accountant,89.86,USD,crypto,completed,6,3.4,True,17.97,level_2,9
TXN-1002513,2024-03-02,Financial Modeling,DE,US,Accountant,54.97,USD,paypal,cancelled,13,,True,10.99,level_1,9
TXN-1002515,2024-03-02,SEO/SEM,ZA,FR,Marketing Manager,416.24,USD,paypal,completed,13,4.2,True,83.25,level_2,9
TXN-1002561,2024-03-02,Data Analysis,IN,US,Data Scientist,116.36,USD,credit_card,completed,5,4.3,False,23.27,rising_talent,9
TXN-1002527,2024-03-02,Web Development,NL,BR,Software Engineer,341.21,USD,paypal,completed,19,4.1,False,68.24,new_seller,9
TXN-1002482,2024-03-02,Legal Consulting,FR,IL,Lawyer,386.99,USD,bank_transfer,completed,16,4.6,False,77.4,rising_talent,9
TXN-1002723,2024-03-02,Music Production,SG,ES,Designer,790.4,USD,credit_card,completed,8,3.0,False,158.08,level_2,9
TXN-1002707,2024-03-02,Data Analysis,DE,GB,Data Scientist,52.11,USD,credit_card,completed,4,4.3,True,10.42,level_1,9
TXN-1002659,2024-03-02,Graphic Design,US,AU,Designer,290.8,USD,credit_card,cancelled,7,,False,58.16,top_rated,9
TXN-1002657,2024-03-02,Photography,US,US,Designer,341.31,USD,credit_card,completed,8,4.2,False,68.26,level_2,9
TXN-1002711,2024-03-02,Music Production,FR,IN,Designer,169.96,USD,credit_card,completed,15,3.4,True,33.99,level_1,9
TXN-1002621,2024-03-02,SEO/SEM,IN,IN,Marketing Manager,83.12,ILS,paypal,completed,7,4.1,True,16.62,level_2,9
TXN-1002722,2024-03-02,Legal Consulting,BR,IN,Lawyer,70.44,USD,paypal,completed,11,4.9,False,14.09,level_2,9
TXN-1002622,2024-03-02,Mobile App,BR,SG,Software Engineer,253.49,USD,credit_card,completed,17,3.5,True,50.7,level_2,9
TXN-1002644,2024-03-02,Music Production,IN,NL,Designer,171.4,USD,credit_card,completed,8,4.4,False,34.28,level_1,9
TXN-1002667,2024-03-02,Translation,GB,JP,Writer,820.17,USD,paypal,completed,1,3.8,False,164.03,level_1,9
TXN-1002631,2024-03-02,Legal Consulting,GB,US,Lawyer,123.05,EUR,credit_card,completed,12,4.2,True,24.61,level_1,9
TXN-1002678,2024-03-02,Financial Modeling,NL,GB,Accountant,316.29,USD,crypto,completed,11,3.7,False,63.26,rising_talent,9
TXN-1002733,2024-03-02,Legal Consulting,GB,FR,Lawyer,129.13,USD,credit_card,completed,8,4.8,True,25.83,new_seller,9
TXN-1002781,2024-03-03,Translation,US,US,Writer,36.06,USD,bank_transfer,disputed,1,,False,7.21,level_1,9
TXN-1002674,2024-03-03,Content Writing,DE,FR,Writer,62.68,USD,paypal,completed,5,4.2,True,12.54,rising_talent,9
TXN-1002749,2024-03-03,Graphic Design,IN,MX,Designer,278.55,USD,paypal,completed,4,3.1,False,55.71,rising_talent,9
TXN-1002676,2024-03-03,Virtual Assistant,US,BR,HR Manager,391.2,USD,paypal,completed,2,3.2,False,78.24,level_1,9
TXN-1002780,2024-03-03,Web Development,US,US,Software Engineer,333.99,USD,credit_card,completed,13,4.2,False,66.8,rising_talent,9
TXN-1002686,2024-03-03,SEO/SEM,IL,BR,Marketing Manager,19.04,GBP,paypal,completed,5,4.7,True,3.81,level_2,9
TXN-1002485,2024-03-03,SEO/SEM,US,US,Marketing Manager,217.26,EUR,bank_transfer,completed,7,4.7,False,43.45,rising_talent,9
TXN-1002792,2024-03-03,Content Writing,DE,DE,Writer,59.35,USD,bank_transfer,completed,3,4.3,True,11.87,new_seller,9
TXN-1002794,2024-03-03,Video Production,IN,US,Designer,131.5,USD,credit_card,completed,3,3.7,True,26.3,rising_talent,9
TXN-1002689,2024-03-03,Web Development,US,US,Software Engineer,99.51,USD,paypal,completed,13,4.7,False,19.9,level_1,9
TXN-1002609,2024-03-03,Mobile App,US,AU,Software Engineer,249.34,EUR,credit_card,completed,16,4.4,False,49.87,top_rated,9
TXN-1002717,2024-03-03,Mobile App,DE,GB,Software Engineer,85.34,ILS,credit_card,completed,24,4.4,False,17.07,level_2,9
TXN-1002714,2024-03-03,Legal Consulting,US,SG,Lawyer,57.45,USD,credit_card,completed,30,4.6,False,11.49,level_1,9
TXN-1002682,2024-03-03,Financial Modeling,US,US,Accountant,585.53,USD,paypal,completed,13,4.7,True,117.11,new_seller,9
TXN-1002665,2024-03-03,Photography,US,US,Designer,164.51,GBP,credit_card,completed,4,4.8,True,32.9,level_1,9
TXN-1002779,2024-03-03,Web Development,SG,FR,Software Engineer,403.76,USD,paypal,completed,12,4.9,False,80.75,rising_talent,9
TXN-1002618,2024-03-03,Mobile App,SG,BR,Software Engineer,190.31,USD,paypal,completed,25,4.1,False,38.06,rising_talent,9
TXN-1002747,2024-03-03,AI/ML Development,AU,NL,Data Scientist,13.82,USD,paypal,completed,11,3.5,False,2.76,new_seller,9
TXN-1002573,2024-03-03,Video Production,BR,SG,Designer,914.42,USD,paypal,completed,6,4.7,False,182.88,top_rated,9
TXN-1002744,2024-03-03,Content Writing,IN,ZA,Writer,145.69,USD,paypal,completed,3,4.6,True,29.14,level_1,9
TXN-1002623,2024-03-03,Financial Modeling,GB,MX,Accountant,179.7,ILS,bank_transfer,completed,15,3.9,False,35.94,level_1,9
TXN-1002763,2024-03-03,Video Production,IN,GB,Designer,177.23,USD,bank_transfer,completed,8,3.8,True,35.45,new_seller,9
TXN-1002759,2024-03-03,Virtual Assistant,JP,CA,HR Manager,637.96,USD,bank_transfer,completed,1,3.5,False,127.59,level_2,9
TXN-1002766,2024-03-03,Financial Modeling,US,IN,Accountant,62.25,USD,credit_card,completed,12,4.2,True,12.45,rising_talent,9
TXN-1002734,2024-03-03,Graphic Design,US,IN,Designer,92.41,INR,credit_card,completed,5,4.9,False,18.48,level_2,9
TXN-1002768,2024-03-03,Graphic Design,DE,DE,Designer,57.66,USD,paypal,completed,2,4.4,False,11.53,level_1,9
TXN-1002548,2024-03-03,Data Analysis,US,FR,Data Scientist,234.57,USD,crypto,completed,6,4.6,False,46.91,level_2,9
TXN-1002642,2024-03-03,Data Analysis,GB,SG,Data Scientist,454.58,USD,credit_card,completed,9,4.6,False,90.92,top_rated,9
TXN-1002738,2024-03-03,AI/ML Development,US,MX,Data Scientist,113.24,EUR,credit_card,completed,29,3.0,False,22.65,level_2,9
TXN-1002773,2024-03-03,Content Writing,US,MX,Writer,187.02,USD,credit_card,completed,1,4.4,False,37.4,rising_talent,9
TXN-1002539,2024-03-03,Translation,US,DE,Writer,96.19,EUR,credit_card,completed,2,4.2,True,19.24,rising_talent,9
TXN-1002860,2024-03-04,AI/ML Development,US,GB,Data Scientist,378.03,ILS,credit_card,completed,22,4.7,False,75.61,new_seller,10
TXN-1003119,2024-03-04,Financial Modeling,DE,IN,Accountant,365.1,INR,credit_card,completed,17,4.2,False,73.02,level_2,10
TXN-1002931,2024-03-04,Graphic Design,IN,IN,Designer,5.93,USD,bank_transfer,completed,5,4.8,False,1.19,level_1,10
TXN-1003069,2024-03-04,Content Writing,FR,DE,Writer,160.1,USD,paypal,completed,1,3.6,False,32.02,level_1,10
TXN-1003129,2024-03-04,Content Writing,US,CA,Writer,894.22,USD,paypal,completed,2,3.9,False,178.84,new_seller,10
TXN-1003131,2024-03-04,Graphic Design,US,US,Designer,582.65,GBP,bank_transfer,completed,2,4.8,False,116.53,level_2,10
TXN-1002946,2024-03-04,Mobile App,US,DE,Software Engineer,62.16,USD,bank_transfer,completed,14,3.9,False,12.43,level_1,10
TXN-1003020,2024-03-04,Web Development,MX,US,Software Engineer,130.42,USD,credit_card,completed,23,4.9,False,26.08,level_1,10
TXN-1002830,2024-03-04,SEO/SEM,DE,IN,Marketing Manager,118.3,EUR,paypal,completed,5,4.4,True,23.66,level_1,10
TXN-1002929,2024-03-04,Virtual Assistant,US,US,HR Manager,351.23,USD,bank_transfer,completed,1,3.5,False,70.25,new_seller,10
TXN-1002897,2024-03-04,Graphic Design,SG,US,Designer,202.69,EUR,bank_transfer,cancelled,4,,True,40.54,level_1,10
TXN-1002941,2024-03-04,Content Writing,IN,IN,Writer,29.53,GBP,bank_transfer,completed,3,4.9,False,5.91,top_rated,10
TXN-1003092,2024-03-04,Content Writing,ZA,IL,Writer,5.0,USD,paypal,completed,2,3.8,True,1.0,new_seller,10
TXN-1003047,2024-03-04,Social Media Management,US,IN,Marketing Manager,57.2,USD,paypal,completed,3,3.0,True,11.44,level_2,10
TXN-1002997,2024-03-04,Mobile App,GB,CA,Software Engineer,661.39,USD,credit_card,completed,20,4.0,True,132.28,level_2,10
TXN-1002903,2024-03-04,Social Media Management,US,IN,Marketing Manager,5.0,USD,paypal,completed,6,4.3,True,1.0,rising_talent,10
TXN-1002865,2024-03-04,Social Media Management,GB,US,Marketing Manager,432.62,USD,credit_card,cancelled,8,,False,86.52,level_1,10
TXN-1003098,2024-03-04,Financial Modeling,US,BR,Accountant,475.91,ILS,credit_card,completed,15,4.0,True,95.18,top_rated,10
TXN-1003000,2024-03-04,Translation,DE,IN,Writer,199.56,USD,credit_card,completed,2,3.9,True,39.91,level_1,10
TXN-1003100,2024-03-04,Legal Consulting,IL,US,Lawyer,310.17,USD,credit_card,completed,16,4.4,False,62.03,rising_talent,10
TXN-1002851,2024-03-04,AI/ML Development,US,US,Data Scientist,211.64,USD,credit_card,completed,21,4.8,False,42.33,new_seller,10
TXN-1003105,2024-03-04,SEO/SEM,US,NL,Marketing Manager,108.34,EUR,credit_card,completed,6,1.0,False,21.67,top_rated,10
TXN-1002916,2024-03-04,Mobile App,ZA,FR,Software Engineer,197.29,USD,paypal,completed,18,4.3,False,39.46,level_1,10
TXN-1002862,2024-03-04,Financial Modeling,FR,IN,Accountant,69.59,USD,credit_card,completed,16,4.8,False,13.92,level_2,10
TXN-1002861,2024-03-04,Mobile App,IN,GB,Software Engineer,112.05,INR,paypal,completed,30,2.9,True,22.41,level_1,10
TXN-1002912,2024-03-04,Video Production,MX,DE,Designer,182.71,USD,paypal,completed,3,3.2,False,36.54,new_seller,10
TXN-1002871,2024-03-04,SEO/SEM,US,IN,Marketing Manager,55.8,EUR,credit_card,completed,17,4.8,False,11.16,level_1,10
TXN-1003062,2024-03-04,Social Media Management,DE,NL,Marketing Manager,134.69,INR,bank_transfer,completed,7,3.8,True,26.94,rising_talent,10
TXN-1003030,2024-03-04,Video Production,NL,IN,Designer,133.69,USD,credit_card,completed,8,3.4,True,26.74,rising_talent,10
TXN-1002910,2024-03-04,Photography,MX,US,Designer,23.06,USD,crypto,completed,4,3.5,False,4.61,new_seller,10
TXN-1002952,2024-03-04,Data Analysis,DE,US,Data Scientist,44.06,USD,credit_card,cancelled,4,,True,8.81,top_rated,10
TXN-1003040,2024-03-04,Mobile App,BR,US,Software Engineer,384.31,USD,crypto,completed,26,4.7,False,76.86,level_1,10
TXN-1003056,2024-03-04,Photography,AU,GB,Designer,131.12,GBP,credit_card,completed,6,4.6,False,26.22,top_rated,10
TXN-1002978,2024-03-04,Legal Consulting,US,CA,Lawyer,266.29,USD,credit_card,completed,18,2.3,True,53.26,level_2,10
TXN-1002976,2024-03-04,SEO/SEM,CA,IN,Marketing Manager,187.11,GBP,credit_card,completed,6,4.0,False,37.42,new_seller,10
TXN-1003017,2024-03-04,Photography,ZA,MX,Designer,81.76,USD,paypal,completed,6,3.6,False,16.35,level_2,10
TXN-1002801,2024-03-04,Data Analysis,GB,BR,Data Scientist,18.92,EUR,paypal,completed,7,4.5,False,3.78,level_2,10
TXN-1003146,2024-03-04,Graphic Design,JP,IN,Designer,916.28,USD,crypto,completed,3,4.6,False,183.26,level_2,10
TXN-1002982,2024-03-04,Graphic Design,US,US,Designer,149.87,USD,credit_card,completed,2,4.9,True,29.97,level_1,10
TXN-1002983,2024-03-04,AI/ML Development,IN,US,Data Scientist,81.8,USD,paypal,completed,15,4.5,False,16.36,new_seller,10
TXN-1003123,2024-03-04,Mobile App,IN,US,Software Engineer,356.53,USD,credit_card,completed,24,4.5,True,71.31,level_1,10
TXN-1003108,2024-03-04,Social Media Management,GB,JP,Marketing Manager,120.7,USD,bank_transfer,completed,4,4.7,True,24.14,level_2,10
TXN-1002826,2024-03-04,Financial Modeling,DE,US,Accountant,118.8,GBP,paypal,completed,10,3.9,True,23.76,level_1,10
TXN-1003144,2024-03-04,Photography,US,BR,Designer,58.16,USD,paypal,in_progress,2,,True,11.63,level_1,10
TXN-1003036,2024-03-04,Financial Modeling,IN,IN,Accountant,645.34,USD,credit_card,completed,9,4.3,True,129.07,level_2,10
TXN-1002964,2024-03-04,Mobile App,US,US,Software Engineer,69.45,USD,credit_card,completed,9,4.6,True,13.89,rising_talent,10
TXN-1002812,2024-03-04,SEO/SEM,IN,JP,Marketing Manager,365.72,EUR,credit_card,completed,18,3.8,False,73.14,level_1,10
TXN-1002893,2024-03-04,Graphic Design,IL,SG,Designer,382.59,USD,credit_card,completed,6,4.1,False,76.52,new_seller,10
TXN-1002814,2024-03-04,Web Development,IN,SG,Software Engineer,55.76,EUR,paypal,completed,6,4.5,True,11.15,level_1,10
TXN-1002984,2024-03-04,SEO/SEM,IN,FR,Marketing Manager,52.39,USD,credit_card,completed,8,4.6,False,10.48,rising_talent,10
TXN-1003031,2024-03-04,Web Development,DE,US,Software Engineer,32.71,USD,credit_card,completed,30,3.7,False,6.54,new_seller,10
TXN-1003070,2024-03-04,Photography,US,CA,Designer,208.89,USD,paypal,completed,4,4.2,False,41.78,level_2,10
TXN-1002818,2024-03-04,AI/ML Development,US,IN,Data Scientist,75.33,USD,paypal,completed,14,4.9,True,15.07,rising_talent,10
TXN-1003035,2024-03-04,Virtual Assistant,NL,NL,HR Manager,1254.73,USD,credit_card,completed,1,4.9,False,250.95,new_seller,10
TXN-1002819,2024-03-04,Translation,US,US,Writer,421.51,EUR,credit_card,completed,2,3.9,True,84.3,level_2,10
TXN-1002822,2024-03-04,Virtual Assistant,US,IL,HR Manager,284.72,USD,credit_card,completed,2,4.0,True,56.94,rising_talent,10
TXN-1002874,2024-03-04,Content Writing,BR,US,Writer,148.65,USD,crypto,completed,3,5.0,True,29.73,level_1,10
TXN-1003009,2024-03-05,Data Analysis,US,IN,Data Scientist,120.68,USD,paypal,completed,6,4.4,False,24.14,level_1,10
TXN-1002888,2024-03-05,Mobile App,GB,US,Software Engineer,1160.54,USD,paypal,completed,12,4.4,True,232.11,new_seller,10
TXN-1002886,2024-03-05,Financial Modeling,US,IN,Accountant,7.71,USD,credit_card,completed,12,4.5,True,1.54,level_1,10
TXN-1002904,2024-03-05,Financial Modeling,DE,GB,Accountant,12.77,USD,bank_transfer,completed,20,4.1,True,2.55,level_1,10
TXN-1002902,2024-03-05,Social Media Management,BR,BR,Marketing Manager,657.16,USD,credit_card,completed,9,4.5,False,131.43,level_1,10
TXN-1003011,2024-03-05,Financial Modeling,IN,US,Accountant,265.07,USD,credit_card,completed,12,3.5,True,53.01,rising_talent,10
TXN-1002958,2024-03-05,Legal Consulting,NL,US,Lawyer,118.87,USD,credit_card,completed,6,3.3,True,23.77,new_seller,10
TXN-1003104,2024-03-05,Content Writing,GB,US,Writer,167.91,EUR,paypal,completed,3,3.9,False,33.58,level_2,10
TXN-1002975,2024-03-05,Graphic Design,IN,FR,Designer,252.9,USD,bank_transfer,completed,15,4.9,False,50.58,rising_talent,10
TXN-1002973,2024-03-05,Web Development,GB,BR,Software Engineer,31.07,EUR,crypto,completed,6,4.8,False,6.21,new_seller,10
TXN-1002972,2024-03-05,Web Development,IL,IL,Software Engineer,180.26,USD,bank_transfer,completed,12,4.2,False,36.05,top_rated,10
TXN-1003074,2024-03-05,Financial Modeling,IL,GB,Accountant,46.72,USD,credit_card,completed,10,4.5,False,9.34,level_1,10
TXN-1002966,2024-03-05,AI/ML Development,GB,FR,Data Scientist,67.96,EUR,paypal,completed,9,4.6,True,13.59,top_rated,10
TXN-1002962,2024-03-05,Translation,FR,SG,Writer,326.8,USD,credit_card,completed,1,4.5,False,65.36,rising_talent,10
TXN-1003076,2024-03-05,Photography,DE,IN,Designer,146.37,USD,paypal,completed,2,4.6,False,29.27,top_rated,10
TXN-1002954,2024-03-05,Mobile App,US,IL,Software Engineer,121.25,EUR,paypal,completed,30,4.4,False,24.25,level_2,10
TXN-1002953,2024-03-05,Virtual Assistant,FR,US,HR Manager,762.51,USD,credit_card,completed,1,3.9,False,152.5,rising_talent,10
TXN-1002987,2024-03-05,AI/ML Development,DE,IN,Data Scientist,83.72,USD,credit_card,completed,8,4.7,False,16.74,level_2,10
TXN-1002988,2024-03-05,Translation,IN,IN,Writer,30.51,USD,paypal,completed,2,4.3,False,6.1,level_1,10
TXN-1002949,2024-03-05,Video Production,SG,US,Designer,74.02,USD,credit_card,completed,3,4.6,True,14.8,level_1,10
TXN-1002947,2024-03-05,Financial Modeling,US,IN,Accountant,71.42,USD,credit_card,completed,11,4.4,False,14.28,new_seller,10
TXN-1002930,2024-03-05,Graphic Design,US,US,Designer,992.44,EUR,credit_card,completed,5,2.9,True,198.49,level_2,10
TXN-1002925,2024-03-05,Social Media Management,MX,GB,Marketing Manager,34.48,EUR,credit_card,completed,3,2.7,False,6.9,level_2,10
TXN-1002998,2024-03-05,AI/ML Development,ES,US,Data Scientist,934.4,USD,paypal,completed,16,3.5,True,186.88,new_seller,10
TXN-1002999,2024-03-05,Photography,IN,CA,Designer,192.36,USD,bank_transfer,completed,7,4.3,False,38.47,level_1,10
TXN-1003001,2024-03-05,Music Production,GB,FR,Designer,476.72,USD,credit_card,completed,22,4.4,True,95.34,level_2,10
TXN-1002915,2024-03-05,Financial Modeling,CA,US,Accountant,115.07,USD,paypal,completed,11,4.5,False,23.01,top_rated,10
TXN-1002911,2024-03-05,Mobile App,IN,IL,Software Engineer,28.94,USD,paypal,completed,24,3.8,False,5.79,top_rated,10
TXN-1003055,2024-03-05,Social Media Management,FR,GB,Marketing Manager,222.5,USD,credit_card,completed,5,4.5,True,44.5,level_1,10
TXN-1002842,2024-03-05,Web Development,US,US,Software Engineer,207.06,GBP,credit_card,completed,22,4.0,True,41.41,new_seller,10
TXN-1003054,2024-03-05,Financial Modeling,SG,JP,Accountant,100.5,GBP,paypal,completed,8,4.0,False,20.1,level_2,10
TXN-1003124,2024-03-05,Photography,GB,DE,Designer,226.61,USD,paypal,cancelled,4,,True,45.32,level_2,10
TXN-1002854,2024-03-05,Web Development,GB,US,Software Engineer,258.07,USD,credit_card,completed,14,4.5,True,51.61,level_1,10
TXN-1002853,2024-03-05,Virtual Assistant,IN,DE,HR Manager,148.37,USD,paypal,completed,1,4.5,True,29.67,new_seller,10
TXN-1003022,2024-03-05,Content Writing,IN,DE,Writer,33.47,USD,bank_transfer,completed,2,4.2,True,6.69,level_2,10
TXN-1003025,2024-03-05,Legal Consulting,US,DE,Lawyer,1240.25,USD,credit_card,completed,15,4.4,False,248.05,rising_talent,10
TXN-1002847,2024-03-05,Content Writing,US,US,Writer,533.02,USD,paypal,completed,4,4.7,False,106.6,top_rated,10
TXN-1003125,2024-03-05,Graphic Design,BR,US,Designer,19.54,USD,bank_transfer,cancelled,6,,False,3.91,new_seller,10
TXN-1003126,2024-03-05,SEO/SEM,ZA,SG,Marketing Manager,1162.02,USD,bank_transfer,completed,101,4.7,False,232.4,top_rated,10
TXN-1002841,2024-03-05,Content Writing,IN,US,Writer,2733.16,USD,credit_card,completed,2,3.0,False,546.63,level_1,10
TXN-1002840,2024-03-05,SEO/SEM,DE,BR,Marketing Manager,33.82,USD,paypal,completed,12,4.9,True,6.76,level_2,10
TXN-1002839,2024-03-05,Mobile App,NL,AU,Software Engineer,132.56,USD,credit_card,completed,30,3.4,True,26.51,level_1,10
TXN-1002883,2024-03-05,Music Production,CA,US,Designer,137.35,EUR,credit_card,completed,10,4.6,False,27.47,level_2,10
TXN-1002832,2024-03-05,SEO/SEM,US,AU,Marketing Manager,135.45,USD,credit_card,completed,8,3.4,True,27.09,level_1,10
TXN-1002828,2024-03-05,Photography,US,FR,Designer,61.24,EUR,crypto,completed,2,3.9,True,12.25,level_2,10
TXN-1002825,2024-03-05,Music Production,BR,IN,Designer,62.57,USD,paypal,completed,13,4.9,True,12.51,level_1,10
TXN-1002823,2024-03-05,Legal Consulting,US,GB,Lawyer,75.97,USD,credit_card,completed,18,4.9,True,15.19,level_2,10
TXN-1002816,2024-03-05,Financial Modeling,US,US,Accountant,97.96,USD,paypal,completed,4,4.2,True,19.59,new_seller,10
TXN-1002815,2024-03-05,SEO/SEM,US,US,Marketing Manager,145.27,USD,credit_card,cancelled,9,,True,29.05,level_1,10
TXN-1003037,2024-03-05,Data Analysis,GB,BR,Data Scientist,594.77,GBP,paypal,completed,3,3.3,False,118.95,level_2,10
TXN-1002805,2024-03-05,Photography,IN,DE,Designer,394.96,GBP,paypal,completed,2,4.3,False,78.99,top_rated,10
TXN-1002800,2024-03-05,Graphic Design,IN,JP,Designer,78.84,USD,bank_transfer,completed,5,4.1,False,15.77,level_2,10
TXN-1003039,2024-03-05,Graphic Design,AU,FR,Designer,403.04,EUR,crypto,completed,4,4.9,True,80.61,level_1,10
TXN-1002797,2024-03-05,Music Production,DE,GB,Designer,1624.48,GBP,bank_transfer,disputed,16,,False,324.9,level_2,10
TXN-1002857,2024-03-05,Music Production,US,US,Designer,47.12,USD,credit_card,completed,10,4.6,True,9.42,top_rated,10
TXN-1002859,2024-03-05,Video Production,IN,IN,Designer,128.82,USD,bank_transfer,cancelled,4,,False,25.76,level_1,10
TXN-1003071,2024-03-05,Financial Modeling,US,US,Accountant,92.3,USD,credit_card,completed,9,4.2,False,18.46,level_1,10
TXN-1003115,2024-03-05,Legal Consulting,FR,GB,Lawyer,96.49,USD,credit_card,completed,14,3.7,False,19.3,rising_talent,10
TXN-1002879,2024-03-05,Virtual Assistant,IL,GB,HR Manager,605.37,USD,credit_card,completed,1,3.9,True,121.07,level_1,10
TXN-1003122,2024-03-05,Mobile App,CA,IN,Software Engineer,565.89,USD,credit_card,completed,14,3.3,True,113.18,new_seller,10
TXN-1002873,2024-03-05,Legal Consulting,US,NL,Lawyer,685.97,USD,credit_card,completed,23,3.3,True,137.19,level_1,10
TXN-1003116,2024-03-05,Graphic Design,GB,ZA,Designer,896.38,USD,credit_card,completed,8,4.3,True,179.28,rising_talent,10
TXN-1003114,2024-03-05,Video Production,FR,MX,Designer,266.06,USD,credit_card,completed,5,4.0,False,53.21,level_1,10
TXN-1002877,2024-03-05,Video Production,IN,FR,Designer,120.02,USD,credit_card,completed,10,4.9,False,24.0,new_seller,10
TXN-1003033,2024-03-06,Content Writing,BR,US,Writer,58.8,USD,credit_card,completed,3,3.9,False,11.76,level_1,10
TXN-1003032,2024-03-06,Photography,GB,US,Designer,74.97,USD,crypto,completed,2,4.3,False,14.99,level_2,10
TXN-1002955,2024-03-06,Legal Consulting,DE,AU,Lawyer,40.94,USD,credit_card,completed,26,4.4,False,8.19,new_seller,10
TXN-1002821,2024-03-06,Graphic Design,US,SG,Designer,303.63,USD,crypto,completed,4,3.7,False,60.73,rising_talent,10
TXN-1003002,2024-03-06,Financial Modeling,US,DE,Accountant,89.57,USD,crypto,completed,7,4.2,False,17.91,level_2,10
TXN-1003028,2024-03-06,SEO/SEM,US,DE,Marketing Manager,73.15,USD,credit_card,completed,7,4.2,True,14.63,new_seller,10
TXN-1003079,2024-03-06,Social Media Management,FR,US,Marketing Manager,740.82,USD,credit_card,completed,10,4.1,False,148.16,rising_talent,10
TXN-1002895,2024-03-06,AI/ML Development,US,FR,Data Scientist,115.02,USD,credit_card,completed,30,3.8,True,23.0,level_2,10
TXN-1003135,2024-03-06,Financial Modeling,US,FR,Accountant,327.08,USD,credit_card,completed,14,4.5,True,65.42,level_1,10
TXN-1002892,2024-03-06,Video Production,SG,US,Designer,43469.68,USD,bank_transfer,completed,6,3.6,False,8693.94,top_rated,10
TXN-1003051,2024-03-06,Photography,CA,GB,Designer,5000.0,USD,bank_transfer,cancelled,2,,False,1000.0,level_1,10
TXN-1003142,2024-03-06,SEO/SEM,US,MX,Marketing Manager,152.45,USD,credit_card,completed,12,4.4,True,30.49,rising_talent,10
TXN-1002909,2024-03-06,Virtual Assistant,US,US,HR Manager,77.07,USD,bank_transfer,completed,1,4.0,True,15.41,level_2,10
TXN-1002963,2024-03-06,Financial Modeling,IN,US,Accountant,57.81,INR,credit_card,completed,15,2.9,False,11.56,rising_talent,10
TXN-1003034,2024-03-06,Photography,CA,NL,Designer,132.12,USD,paypal,completed,6,3.1,False,26.42,level_2,10
TXN-1002965,2024-03-06,Content Writing,IN,US,Writer,9.21,USD,credit_card,completed,4,3.8,False,1.84,rising_talent,10
TXN-1002807,2024-03-06,AI/ML Development,IL,US,Data Scientist,245.66,USD,bank_transfer,completed,25,4.2,False,49.13,new_seller,10
TXN-1002968,2024-03-06,Virtual Assistant,US,IN,HR Manager,569.76,GBP,credit_card,completed,2,3.0,False,113.95,level_1,10
TXN-1002804,2024-03-06,Video Production,NL,ZA,Designer,841.94,EUR,bank_transfer,completed,7,4.0,False,168.39,rising_talent,10
TXN-1003072,2024-03-06,Music Production,IN,ZA,Designer,250.06,ILS,bank_transfer,completed,10,4.3,True,50.01,level_1,10
TXN-1003109,2024-03-06,Virtual Assistant,IN,GB,HR Manager,1185.25,USD,credit_card,completed,1,4.8,False,237.05,new_seller,10
TXN-1002974,2024-03-06,Virtual Assistant,US,IN,HR Manager,165.02,USD,bank_transfer,completed,3,3.4,True,33.0,level_1,10
TXN-1002798,2024-03-06,Translation,US,ES,Writer,84.84,USD,credit_card,completed,2,4.3,False,16.97,rising_talent,10
TXN-1002977,2024-03-06,Video Production,CA,IN,Designer,112.82,USD,credit_card,completed,8,2.8,False,22.56,rising_talent,10
TXN-1003147,2024-03-06,Graphic Design,US,ES,Designer,72.26,USD,bank_transfer,completed,3,4.9,False,14.45,level_1,10
TXN-1003080,2024-03-06,Mobile App,US,IL,Software Engineer,55.0,USD,crypto,completed,20,4.4,True,11.0,level_2,10
TXN-1002945,2024-03-06,Financial Modeling,IN,FR,Accountant,943.07,USD,credit_card,completed,15,4.5,False,188.61,level_1,10
TXN-1002942,2024-03-06,Financial Modeling,IL,US,Accountant,1106.5,USD,credit_card,completed,13,4.9,False,221.3,level_1,10
TXN-1002856,2024-03-06,SEO/SEM,DE,US,Marketing Manager,91.29,USD,credit_card,disputed,6,,False,18.26,level_1,10
TXN-1003060,2024-03-06,Virtual Assistant,AU,BR,HR Manager,211.54,USD,paypal,completed,2,4.6,True,42.31,rising_talent,10
TXN-1002914,2024-03-06,Photography,IN,IN,Designer,207.16,EUR,bank_transfer,completed,6,4.7,True,41.43,rising_talent,10
TXN-1003106,2024-03-06,Music Production,US,US,Designer,112.01,ILS,crypto,completed,11,4.4,False,22.4,top_rated,10
TXN-1002918,2024-03-06,Web Development,NL,US,Software Engineer,106.93,USD,paypal,cancelled,22,,False,21.39,level_2,10
TXN-1003120,2024-03-06,Legal Consulting,MX,US,Lawyer,316.23,EUR,bank_transfer,completed,20,4.8,False,63.25,rising_talent,10
TXN-1003026,2024-03-06,AI/ML Development,US,FR,Data Scientist,128.71,USD,credit_card,disputed,30,,False,25.74,rising_talent,10
TXN-1002923,2024-03-06,Graphic Design,US,CA,Designer,186.05,USD,credit_card,completed,6,3.9,False,37.21,level_2,10
TXN-1002901,2024-03-06,Graphic Design,JP,US,Designer,124.9,USD,credit_card,completed,2,4.4,True,24.98,rising_talent,10
TXN-1003005,2024-03-06,Web Development,GB,DE,Software Engineer,239.84,USD,credit_card,completed,7,3.7,False,47.97,level_1,10
TXN-1003127,2024-03-06,AI/ML Development,US,FR,Data Scientist,53.01,USD,crypto,completed,30,3.7,False,10.6,level_2,10
TXN-1003081,2024-03-06,AI/ML Development,FR,US,Data Scientist,606.74,USD,credit_card,completed,20,4.1,False,121.35,new_seller,10
TXN-1003058,2024-03-06,Web Development,JP,US,Software Engineer,745.39,USD,crypto,completed,10,4.9,False,149.08,level_1,10
TXN-1003064,2024-03-06,Mobile App,US,IN,Software Engineer,101.95,USD,paypal,completed,28,3.8,False,20.39,top_rated,10
TXN-1003128,2024-03-06,Web Development,IN,US,Software Engineer,141.73,USD,paypal,completed,18,3.8,True,28.35,level_1,10
TXN-1003044,2024-03-06,Legal Consulting,GB,JP,Lawyer,81.21,USD,credit_card,completed,9,4.8,True,16.24,top_rated,10
TXN-1002994,2024-03-06,Music Production,US,FR,Designer,253.96,USD,bank_transfer,completed,8,3.1,True,50.79,top_rated,10
TXN-1002934,2024-03-06,Video Production,IN,ZA,Designer,32.22,USD,crypto,completed,5,4.4,False,6.44,new_seller,10
TXN-1003088,2024-03-06,Content Writing,GB,ES,Writer,315.64,USD,credit_card,completed,1,4.5,True,63.13,level_2,10
TXN-1002993,2024-03-06,Video Production,FR,US,Designer,275.11,USD,bank_transfer,cancelled,5,,False,55.02,level_2,10
TXN-1002989,2024-03-06,Financial Modeling,US,DE,Accountant,80.35,USD,bank_transfer,completed,7,4.7,False,16.07,level_2,10
TXN-1002991,2024-03-06,Data Analysis,ZA,US,Data Scientist,1492.93,USD,credit_card,completed,24,4.5,False,298.59,new_seller,10
TXN-1003007,2024-03-06,AI/ML Development,US,US,Data Scientist,36.99,USD,bank_transfer,completed,22,4.6,True,7.4,level_2,10
TXN-1002837,2024-03-06,Virtual Assistant,GB,NL,HR Manager,362.69,USD,credit_card,completed,1,3.9,True,72.54,top_rated,10
TXN-1002938,2024-03-06,Legal Consulting,US,US,Lawyer,97.96,INR,credit_card,completed,15,2.8,False,19.59,rising_talent,10
TXN-1003010,2024-03-07,Graphic Design,BR,DE,Designer,199.11,USD,credit_card,completed,2,4.8,False,39.82,level_2,10
TXN-1003015,2024-03-07,Financial Modeling,IN,BR,Accountant,48.81,USD,paypal,completed,12,4.6,True,9.76,new_seller,10
TXN-1003046,2024-03-07,AI/ML Development,US,DE,Data Scientist,145.2,USD,crypto,completed,6,3.0,False,29.04,new_seller,10
TXN-1003038,2024-03-07,Content Writing,US,BR,Writer,158.54,USD,credit_card,completed,3,4.7,True,31.71,new_seller,10
TXN-1003043,2024-03-07,Financial Modeling,CA,IN,Accountant,39.59,GBP,paypal,completed,13,4.5,False,7.92,level_2,10
TXN-1003050,2024-03-07,Photography,MX,CA,Designer,12.41,USD,credit_card,completed,4,4.4,True,2.48,level_2,10
TXN-1003008,2024-03-07,Financial Modeling,CA,IL,Accountant,126.98,USD,credit_card,completed,12,4.0,True,25.4,rising_talent,10
TXN-1002986,2024-03-07,Social Media Management,FR,US,Marketing Manager,73.74,USD,credit_card,completed,13,4.6,False,14.75,level_2,10
TXN-1003021,2024-03-07,Social Media Management,IN,BR,Marketing Manager,180.69,USD,credit_card,completed,8,3.9,True,36.14,new_seller,10
TXN-1002981,2024-03-07,Photography,US,ES,Designer,513.49,USD,paypal,completed,1,3.2,False,102.7,rising_talent,10
TXN-1002872,2024-03-07,Music Production,DE,US,Designer,925.24,USD,credit_card,completed,12,4.8,False,185.05,level_2,10
TXN-1002970,2024-03-07,Photography,BR,IN,Designer,14.03,GBP,credit_card,completed,3,4.7,False,2.81,level_2,10
TXN-1002894,2024-03-07,Financial Modeling,ZA,GB,Accountant,107.4,USD,credit_card,completed,10,4.4,False,21.48,level_2,10
TXN-1002891,2024-03-07,AI/ML Development,DE,US,Data Scientist,92.57,GBP,paypal,completed,16,4.1,True,18.51,rising_talent,10
TXN-1002979,2024-03-07,Virtual Assistant,IL,US,HR Manager,67.78,USD,paypal,completed,2,4.3,False,13.56,top_rated,10
TXN-1002885,2024-03-07,Legal Consulting,US,IN,Lawyer,37.14,USD,credit_card,completed,9,3.8,False,7.43,level_1,10
TXN-1002884,2024-03-07,SEO/SEM,US,IN,Marketing Manager,71.6,USD,paypal,completed,4,4.2,True,14.32,level_1,10
TXN-1002875,2024-03-07,AI/ML Development,FR,ES,Data Scientist,275.4,USD,credit_card,completed,14,4.1,False,55.08,level_1,10
TXN-1003117,2024-03-07,Content Writing,DE,US,Writer,1997.22,USD,paypal,completed,3,4.8,False,399.44,new_seller,10
TXN-1003118,2024-03-07,Content Writing,GB,DE,Writer,253.25,USD,bank_transfer,completed,2,4.6,False,50.65,level_2,10
TXN-1002852,2024-03-07,Video Production,US,US,Designer,32.47,USD,bank_transfer,completed,6,3.9,False,6.49,new_seller,10
TXN-1002850,2024-03-07,Music Production,DE,US,Designer,111.87,USD,credit_card,completed,10,4.6,False,22.37,level_1,10
TXN-1002849,2024-03-07,AI/ML Development,GB,IN,Data Scientist,157.19,USD,paypal,completed,22,4.4,False,31.44,level_2,10
TXN-1002848,2024-03-07,Data Analysis,US,IN,Data Scientist,472.96,USD,bank_transfer,completed,6,3.9,False,94.59,rising_talent,10
TXN-1002846,2024-03-07,Video Production,US,FR,Designer,117.38,EUR,credit_card,completed,8,4.8,False,23.48,level_2,10
TXN-1003132,2024-03-07,SEO/SEM,MX,US,Marketing Manager,48.06,USD,credit_card,completed,9,2.6,True,9.61,level_1,10
TXN-1002831,2024-03-07,Translation,US,US,Writer,702.68,USD,credit_card,completed,2,4.3,True,140.54,level_2,10
TXN-1002827,2024-03-07,Data Analysis,IN,MX,Data Scientist,670.76,USD,paypal,completed,6,4.8,False,134.15,top_rated,10
TXN-1003141,2024-03-07,Legal Consulting,FR,FR,Lawyer,459.43,GBP,credit_card,completed,8,4.2,False,91.89,rising_talent,10
TXN-1002811,2024-03-07,Social Media Management,BR,BR,Marketing Manager,109.07,USD,credit_card,completed,5,4.7,False,21.81,new_seller,10
TXN-1002808,2024-03-07,AI/ML Development,US,US,Data Scientist,386.64,USD,credit_card,completed,14,3.2,False,77.33,new_seller,10
TXN-1002802,2024-03-07,Virtual Assistant,US,ES,HR Manager,25.36,USD,credit_card,completed,1,3.8,False,5.07,top_rated,10
TXN-1002799,2024-03-07,SEO/SEM,NL,ZA,Marketing Manager,331.42,INR,crypto,cancelled,5,,True,66.28,level_1,10
TXN-1003107,2024-03-07,Web Development,ES,US,Software Engineer,28.09,USD,paypal,completed,16,3.0,False,5.62,level_1,10
TXN-1002898,2024-03-07,Virtual Assistant,GB,US,HR Manager,684.4,USD,crypto,completed,2,3.3,False,136.88,rising_talent,10
TXN-1002889,2024-03-07,Social Media Management,SG,GB,Marketing Manager,317.27,GBP,credit_card,completed,10,3.5,False,63.45,top_rated,10
TXN-1002900,2024-03-07,AI/ML Development,MX,AU,Data Scientist,341.27,INR,credit_card,completed,15,4.8,False,68.25,level_2,10
TXN-1002969,2024-03-07,Financial Modeling,US,BR,Accountant,537.97,USD,paypal,completed,14,4.5,False,107.59,rising_talent,10
TXN-1002961,2024-03-07,Translation,ZA,SG,Writer,55.79,USD,credit_card,completed,4,4.9,False,11.16,level_2,10
TXN-1002960,2024-03-07,Content Writing,GB,FR,Writer,226.29,USD,credit_card,completed,3,3.3,False,45.26,top_rated,10
TXN-1002957,2024-03-07,Mobile App,GB,US,Software Engineer,173.79,USD,credit_card,completed,28,3.8,True,34.76,rising_talent,10
TXN-1002950,2024-03-07,AI/ML Development,AU,US,Data Scientist,140.32,USD,credit_card,completed,21,4.8,False,28.06,level_2,10
TXN-1003085,2024-03-07,Translation,FR,DE,Writer,121.56,USD,credit_card,completed,2,4.7,True,24.31,rising_talent,10
TXN-1003087,2024-03-07,Music Production,IN,GB,Designer,948.75,USD,paypal,completed,18,4.4,True,189.75,level_1,10
TXN-1002899,2024-03-07,Video Production,IL,CA,Designer,290.83,USD,credit_card,completed,11,4.7,True,58.17,level_1,10
TXN-1003090,2024-03-07,Legal Consulting,US,AU,Lawyer,44.17,USD,credit_card,completed,10,3.0,False,8.83,level_1,10
TXN-1003091,2024-03-07,Music Production,US,US,Designer,110.93,GBP,bank_transfer,completed,10,4.5,True,22.19,level_1,10
TXN-1002926,2024-03-07,Translation,US,ES,Writer,110.08,USD,bank_transfer,completed,4,4.3,False,22.02,level_2,10
TXN-1002936,2024-03-07,Web Development,GB,MX,Software Engineer,440.04,USD,paypal,completed,15,2.4,True,88.01,top_rated,10
TXN-1002920,2024-03-07,Mobile App,IL,FR,Software Engineer,140.87,USD,crypto,completed,14,4.1,True,28.17,new_seller,10
TXN-1002907,2024-03-07,Music Production,US,IN,Designer,148.56,USD,paypal,completed,20,3.5,False,29.71,level_1,10
TXN-1002908,2024-03-07,Virtual Assistant,GB,BR,HR Manager,21.9,GBP,paypal,completed,2,1.0,False,4.38,rising_talent,10
TXN-1003102,2024-03-07,Legal Consulting,SG,IN,Lawyer,274.38,USD,credit_card,completed,21,3.6,False,54.88,level_2,10
TXN-1002921,2024-03-07,Translation,ES,IN,Writer,140.95,USD,credit_card,completed,2,3.9,False,28.19,level_1,10
TXN-1003042,2024-03-07,Web Development,US,US,Software Engineer,205.96,INR,paypal,completed,18,4.8,False,41.19,level_2,10
TXN-1003111,2024-03-08,Content Writing,JP,DE,Writer,137.4,USD,credit_card,completed,2,3.7,True,27.48,level_2,10
TXN-1003086,2024-03-08,Graphic Design,FR,CA,Designer,37.69,USD,credit_card,completed,3,4.2,True,7.54,level_1,10
TXN-1003112,2024-03-08,Data Analysis,GB,NL,Data Scientist,406.92,USD,credit_card,completed,8,3.6,False,81.38,rising_talent,10
TXN-1003137,2024-03-08,Social Media Management,ZA,US,Marketing Manager,15.9,ILS,credit_card,completed,4,4.7,False,3.18,level_2,10
TXN-1003096,2024-03-08,Web Development,IN,AU,Software Engineer,124.74,USD,credit_card,completed,13,4.5,False,24.95,level_1,10
TXN-1003138,2024-03-08,Virtual Assistant,SG,JP,HR Manager,98.56,USD,credit_card,completed,2,4.9,True,19.71,rising_talent,10
TXN-1003140,2024-03-08,Virtual Assistant,BR,IN,HR Manager,304.07,USD,credit_card,completed,2,4.1,False,60.81,level_1,10
TXN-1003078,2024-03-08,Data Analysis,BR,US,Data Scientist,279.4,USD,paypal,completed,4,4.7,False,55.88,top_rated,10
TXN-1003052,2024-03-08,Content Writing,US,US,Writer,43.52,ILS,bank_transfer,completed,2,4.2,False,8.7,level_2,10
TXN-1003143,2024-03-08,Photography,US,AU,Designer,38.38,USD,credit_card,completed,4,4.5,True,7.68,level_1,10
TXN-1003113,2024-03-08,Translation,CA,DE,Writer,515.33,USD,paypal,completed,3,3.6,False,103.07,rising_talent,10
TXN-1003145,2024-03-08,AI/ML Development,FR,US,Data Scientist,60.34,USD,paypal,completed,28,4.4,False,12.07,rising_talent,10
TXN-1003121,2024-03-08,SEO/SEM,ES,GB,Marketing Manager,14.72,GBP,credit_card,completed,10,3.3,True,2.94,level_2,10
TXN-1003059,2024-03-08,Music Production,NL,BR,Designer,122.61,USD,paypal,completed,6,3.5,True,24.52,level_1,10
TXN-1003067,2024-03-08,Music Production,BR,US,Designer,1493.32,INR,paypal,completed,8,3.7,False,298.66,rising_talent,10
TXN-1003095,2024-03-08,Financial Modeling,US,US,Accountant,67.74,USD,credit_card,completed,19,4.0,False,13.55,level_2,10
TXN-1003075,2024-03-08,AI/ML Development,NL,US,Data Scientist,95.9,USD,paypal,completed,24,3.0,True,19.18,level_2,10
TXN-1003029,2024-03-08,Photography,US,BR,Designer,1125.81,USD,paypal,completed,4,4.4,False,225.16,level_1,10
TXN-1002943,2024-03-08,Video Production,CA,GB,Designer,150.71,ILS,paypal,completed,5,4.5,False,30.14,top_rated,10
TXN-1002939,2024-03-08,SEO/SEM,IN,BR,Marketing Manager,1110.39,USD,credit_card,completed,12,4.7,False,222.08,new_seller,10
TXN-1002933,2024-03-08,Legal Consulting,FR,ES,Lawyer,79.09,USD,paypal,completed,23,4.3,False,15.82,top_rated,10
TXN-1002927,2024-03-08,Music Production,ES,ZA,Designer,692.37,GBP,credit_card,completed,9,4.4,False,138.47,level_1,10
TXN-1002922,2024-03-08,Translation,IN,IN,Writer,755.88,INR,credit_card,completed,3,4.7,True,151.18,level_1,10
TXN-1002917,2024-03-08,Virtual Assistant,IL,US,HR Manager,82.76,USD,crypto,completed,2,3.6,False,16.55,rising_talent,10
TXN-1002913,2024-03-08,SEO/SEM,GB,DE,Marketing Manager,1078.11,EUR,credit_card,completed,4,4.0,False,215.62,new_seller,10
TXN-1002905,2024-03-08,Data Analysis,US,AU,Data Scientist,213.3,EUR,paypal,completed,6,4.7,False,42.66,level_1,10
TXN-1002890,2024-03-08,Social Media Management,IN,ES,Marketing Manager,1896.06,USD,credit_card,completed,7,4.8,False,379.21,level_1,10
TXN-1002887,2024-03-08,Social Media Management,US,IN,Marketing Manager,86.69,GBP,bank_transfer,completed,9,4.8,False,17.34,rising_talent,10
TXN-1002882,2024-03-08,Virtual Assistant,GB,ZA,HR Manager,201.96,USD,paypal,completed,1,4.9,True,40.39,new_seller,10
TXN-1002881,2024-03-08,Web Development,US,ES,Software Engineer,17.9,USD,bank_transfer,completed,16,4.5,False,3.58,level_1,10
TXN-1002880,2024-03-08,Financial Modeling,FR,US,Accountant,602.93,ILS,credit_card,completed,17,4.9,False,120.59,rising_talent,10
TXN-1002944,2024-03-08,Translation,BR,DE,Writer,1566.23,USD,credit_card,completed,3,3.8,False,313.25,level_1,10
TXN-1002878,2024-03-08,SEO/SEM,US,ES,Marketing Manager,131.47,USD,credit_card,completed,5,4.5,False,26.29,rising_talent,10
TXN-1002870,2024-03-08,SEO/SEM,IL,NL,Marketing Manager,975.61,USD,crypto,completed,12,3.7,False,195.12,top_rated,10
TXN-1002866,2024-03-08,Photography,US,GB,Designer,266.98,USD,paypal,completed,3,4.9,False,53.4,level_2,10
TXN-1002864,2024-03-08,Social Media Management,US,AU,Marketing Manager,110.2,USD,crypto,completed,2,4.5,False,22.04,level_1,10
TXN-1002863,2024-03-08,Photography,DE,BR,Designer,172.83,USD,bank_transfer,completed,2,3.5,True,34.57,top_rated,10
TXN-1002855,2024-03-08,Translation,BR,US,Writer,891.13,GBP,paypal,completed,3,4.5,True,178.23,top_rated,10
TXN-1002844,2024-03-08,Graphic Design,US,NL,Designer,66.88,USD,paypal,completed,4,4.0,False,13.38,new_seller,10
TXN-1002843,2024-03-08,Translation,IN,MX,Writer,367.9,USD,credit_card,completed,4,4.5,False,73.58,top_rated,10
TXN-1002835,2024-03-08,Photography,MX,IN,Designer,0.01,USD,bank_transfer,completed,3,3.2,True,0.0,new_seller,10
TXN-1002829,2024-03-08,Video Production,IN,US,Designer,137.71,USD,paypal,completed,5,1.8,False,27.54,rising_talent,10
TXN-1002824,2024-03-08,Financial Modeling,US,BR,Accountant,89.34,EUR,paypal,completed,9,3.8,False,17.87,top_rated,10
TXN-1002817,2024-03-08,Photography,IN,CA,Designer,35.15,GBP,bank_transfer,completed,5,4.5,False,7.03,new_seller,10
TXN-1002803,2024-03-08,SEO/SEM,BR,GB,Marketing Manager,10.44,EUR,bank_transfer,completed,5,4.4,False,2.09,level_1,10
TXN-1003041,2024-03-08,Music Production,FR,FR,Designer,45.52,EUR,credit_card,completed,15,3.2,False,9.1,level_2,10
TXN-1002876,2024-03-08,Legal Consulting,US,DE,Lawyer,49.81,USD,credit_card,completed,20,4.5,False,9.96,new_seller,10
TXN-1002948,2024-03-08,SEO/SEM,AU,DE,Marketing Manager,558.17,ILS,credit_card,completed,8,3.9,True,111.63,level_1,10
TXN-1002868,2024-03-08,Legal Consulting,ZA,US,Lawyer,342.24,USD,credit_card,completed,20,4.8,False,68.45,new_seller,10
TXN-1003027,2024-03-08,Social Media Management,IN,IN,Marketing Manager,272.68,USD,credit_card,completed,4,3.9,True,54.54,level_1,10
TXN-1002996,2024-03-08,Data Analysis,FR,IL,Data Scientist,266.35,USD,bank_transfer,completed,11,4.4,False,53.27,rising_talent,10
TXN-1003023,2024-03-08,Photography,US,IN,Designer,204.55,USD,paypal,completed,3,2.2,False,40.91,new_seller,10
TXN-1003003,2024-03-08,Content Writing,FR,CA,Writer,13.27,USD,credit_card,completed,6,3.3,True,2.65,top_rated,10
TXN-1003006,2024-03-08,Web Development,US,US,Software Engineer,1585.06,USD,paypal,completed,9,4.3,True,317.01,rising_talent,10
TXN-1003016,2024-03-08,SEO/SEM,DE,US,Marketing Manager,155.6,USD,bank_transfer,completed,8,4.1,True,31.12,rising_talent,10
TXN-1002990,2024-03-08,SEO/SEM,US,DE,Marketing Manager,100.96,ILS,credit_card,completed,13,3.4,True,20.19,level_1,10
TXN-1002959,2024-03-09,Virtual Assistant,AU,BR,HR Manager,66.94,USD,paypal,completed,1,4.9,False,13.39,level_2,10
TXN-1002995,2024-03-09,Graphic Design,DE,US,Designer,44.21,USD,credit_card,completed,6,4.6,True,8.84,level_1,10
TXN-1003061,2024-03-09,SEO/SEM,US,FR,Marketing Manager,138.78,USD,paypal,completed,7,4.8,False,27.76,rising_talent,10
TXN-1003057,2024-03-09,SEO/SEM,US,US,Marketing Manager,625.15,USD,credit_card,completed,14,3.4,True,125.03,rising_talent,10
TXN-1003012,2024-03-09,Legal Consulting,IN,US,Lawyer,423.25,EUR,credit_card,completed,17,4.2,False,84.65,level_1,10
TXN-1002869,2024-03-09,Photography,IL,ES,Designer,140.09,USD,paypal,completed,4,4.3,False,28.02,level_2,10
TXN-1003013,2024-03-09,Data Analysis,US,US,Data Scientist,81.02,USD,credit_card,completed,5,4.2,True,16.2,rising_talent,10
TXN-1002845,2024-03-09,SEO/SEM,IN,GB,Marketing Manager,308.23,USD,bank_transfer,completed,10,3.9,False,61.65,level_1,10
TXN-1003018,2024-03-09,Graphic Design,GB,US,Designer,147.95,USD,credit_card,completed,7,3.5,True,29.59,rising_talent,10
TXN-1002838,2024-03-09,Graphic Design,CA,IN,Designer,372.24,ILS,bank_transfer,completed,2,4.2,False,74.45,top_rated,10
TXN-1003130,2024-03-09,Legal Consulting,GB,DE,Lawyer,3245.58,USD,credit_card,completed,19,4.6,False,649.12,rising_talent,10
TXN-1003049,2024-03-09,Photography,IN,US,Designer,13.96,USD,credit_card,completed,6,3.6,True,2.79,level_2,10
TXN-1002834,2024-03-09,Translation,US,US,Writer,345.27,USD,credit_card,completed,2,4.1,True,69.05,level_1,10
TXN-1003133,2024-03-09,Social Media Management,BR,US,Marketing Manager,182.14,USD,paypal,completed,4,3.9,False,36.43,new_seller,10
TXN-1002833,2024-03-09,Content Writing,US,GB,Writer,802.14,USD,paypal,completed,4,3.9,False,160.43,level_1,10
TXN-1003136,2024-03-09,Translation,US,IL,Writer,206.58,ILS,crypto,completed,4,4.5,False,41.32,level_1,10
TXN-1003048,2024-03-09,Mobile App,US,US,Software Engineer,41.48,USD,credit_card,completed,23,4.8,False,8.3,rising_talent,10
TXN-1002820,2024-03-09,Data Analysis,US,DE,Data Scientist,188.88,GBP,paypal,completed,6,4.5,False,37.78,top_rated,10
TXN-1002810,2024-03-09,Web Development,US,ES,Software Engineer,47.43,USD,credit_card,completed,8,4.2,True,9.49,top_rated,10
TXN-1002806,2024-03-09,AI/ML Development,SG,SG,Data Scientist,27.14,GBP,credit_card,completed,10,4.5,True,5.43,rising_talent,10
TXN-1002906,2024-03-09,Video Production,US,US,Designer,460.19,USD,credit_card,completed,9,4.3,True,92.04,level_1,10
TXN-1003065,2024-03-09,Data Analysis,US,US,Data Scientist,285.73,GBP,credit_card,completed,8,4.2,True,57.15,rising_talent,10
TXN-1003134,2024-03-09,Graphic Design,SG,US,Designer,144.02,USD,paypal,completed,6,4.5,True,28.8,level_1,10
TXN-1003066,2024-03-09,Graphic Design,SG,GB,Designer,170.55,USD,paypal,completed,4,4.7,False,34.11,level_1,10
TXN-1003103,2024-03-09,Video Production,BR,US,Designer,61.99,USD,credit_card,completed,9,3.6,False,12.4,rising_talent,10
TXN-1002956,2024-03-09,Financial Modeling,BR,NL,Accountant,132.98,ILS,paypal,completed,12,4.5,True,26.6,top_rated,10
TXN-1003073,2024-03-09,Social Media Management,US,US,Marketing Manager,53.3,USD,paypal,completed,9,4.5,False,10.66,rising_talent,10
TXN-1003082,2024-03-09,Web Development,FR,IN,Software Engineer,190.97,USD,credit_card,completed,11,4.5,True,38.19,level_2,10
TXN-1003083,2024-03-09,SEO/SEM,NL,BR,Marketing Manager,223.23,USD,credit_card,completed,11,4.8,False,44.65,new_seller,10
TXN-1003084,2024-03-09,Graphic Design,US,US,Designer,51.51,USD,bank_transfer,completed,4,3.5,False,10.3,level_1,10
TXN-1002985,2024-03-09,Graphic Design,IN,US,Designer,1143.92,USD,paypal,completed,1,4.2,False,228.78,top_rated,10
TXN-1002935,2024-03-09,Photography,US,GB,Designer,215.89,USD,paypal,completed,2,5.0,True,43.18,rising_talent,10
TXN-1003093,2024-03-09,Web Development,GB,GB,Software Engineer,80.83,EUR,paypal,completed,10,1.0,False,16.17,level_2,10
TXN-1003094,2024-03-09,Web Development,US,US,Software Engineer,83.84,USD,bank_transfer,completed,9,4.1,False,16.77,rising_talent,10
TXN-1002980,2024-03-09,SEO/SEM,US,US,Marketing Manager,175.82,USD,credit_card,completed,6,4.2,False,35.16,level_2,10
TXN-1003068,2024-03-09,Legal Consulting,US,US,Lawyer,70.78,USD,credit_card,completed,6,4.7,True,14.16,level_1,10
TXN-1003101,2024-03-09,AI/ML Development,SG,US,Data Scientist,227.96,ILS,credit_card,completed,25,4.4,False,45.59,rising_talent,10
TXN-1002919,2024-03-09,Legal Consulting,ZA,US,Lawyer,139.71,USD,paypal,completed,13,3.8,False,27.94,rising_talent,10
TXN-1003097,2024-03-09,Mobile App,BR,FR,Software Engineer,32.2,USD,paypal,completed,14,4.2,True,6.44,level_1,10
TXN-1002971,2024-03-10,Video Production,US,DE,Designer,214.7,USD,bank_transfer,completed,7,3.7,False,42.94,rising_talent,10
TXN-1003139,2024-03-10,Data Analysis,US,IN,Data Scientist,112.77,USD,crypto,completed,11,4.6,False,22.55,level_2,10
TXN-1003063,2024-03-10,Music Production,GB,US,Designer,314.95,USD,credit_card,completed,7,2.8,True,62.99,level_1,10
TXN-1003024,2024-03-10,AI/ML Development,AU,JP,Data Scientist,295.44,EUR,paypal,completed,20,4.8,False,59.09,top_rated,10
TXN-1002813,2024-03-10,Social Media Management,IN,US,Marketing Manager,508.45,EUR,credit_card,completed,9,4.6,False,101.69,rising_talent,10
TXN-1002924,2024-03-10,Virtual Assistant,US,IN,HR Manager,90.71,USD,paypal,completed,3,3.2,False,18.14,level_2,10
TXN-1002809,2024-03-10,Virtual Assistant,FR,US,HR Manager,164.06,USD,credit_card,completed,2,4.5,False,32.81,rising_talent,10
TXN-1003077,2024-03-10,Translation,US,FR,Writer,51.14,ILS,paypal,completed,2,3.2,True,10.23,new_seller,10
TXN-1003045,2024-03-10,Translation,US,IN,Writer,89.99,EUR,credit_card,completed,5,4.7,False,18.0,top_rated,10
TXN-1002896,2024-03-10,Data Analysis,AU,IN,Data Scientist,22.14,EUR,credit_card,completed,7,4.3,False,4.43,rising_talent,10
TXN-1003148,2024-03-10,Translation,MX,ES,Writer,29.63,USD,paypal,completed,5,3.5,True,5.93,top_rated,10
TXN-1003110,2024-03-10,Mobile App,DE,CA,Software Engineer,252.67,GBP,credit_card,disputed,22,,False,50.53,level_1,10
TXN-1002967,2024-03-10,Virtual Assistant,US,MX,HR Manager,642.58,ILS,credit_card,completed,2,3.1,True,128.52,rising_talent,10
TXN-1002951,2024-03-10,Music Production,IN,GB,Designer,509.38,EUR,credit_card,completed,11,3.8,False,101.88,top_rated,10
TXN-1002940,2024-03-10,Financial Modeling,US,GB,Accountant,34.73,USD,paypal,completed,6,3.6,False,6.95,level_2,10
TXN-1003099,2024-03-10,Legal Consulting,IN,ES,Lawyer,37.42,USD,credit_card,completed,11,4.7,True,7.48,level_2,10
TXN-1002867,2024-03-10,Photography,IN,US,Designer,73.56,USD,bank_transfer,completed,3,4.2,False,14.71,new_seller,10
TXN-1003014,2024-03-10,Translation,DE,FR,Writer,1327.37,USD,credit_card,completed,3,3.9,False,265.47,level_1,10
TXN-1002858,2024-03-10,Video Production,US,US,Designer,946.39,USD,paypal,completed,7,4.5,False,189.28,level_2,10
TXN-1002928,2024-03-10,Music Production,GB,US,Designer,758.93,USD,bank_transfer,completed,12,4.0,True,151.79,rising_talent,10
TXN-1002932,2024-03-10,Graphic Design,DE,IN,Designer,17.82,GBP,paypal,completed,8,4.6,False,3.56,level_2,10
TXN-1003053,2024-03-10,Graphic Design,BR,US,Designer,333.81,USD,crypto,completed,4,4.6,False,66.76,rising_talent,10
TXN-1003019,2024-03-10,Virtual Assistant,US,ZA,HR Manager,372.43,USD,bank_transfer,completed,2,4.1,False,74.49,level_1,10
TXN-1003004,2024-03-10,Mobile App,US,IL,Software Engineer,47.64,EUR,credit_card,completed,13,4.2,False,9.53,level_1,10
TXN-1002836,2024-03-10,Content Writing,DE,GB,Writer,20.96,USD,credit_card,completed,3,4.3,True,4.19,new_seller,10
TXN-1002937,2024-03-10,Photography,GB,IL,Designer,363.54,USD,credit_card,completed,5,3.8,False,72.71,level_2,10
TXN-1002992,2024-03-10,Content Writing,IN,BR,Writer,187.21,USD,credit_card,completed,3,4.3,False,37.44,rising_talent,10
TXN-1003089,2024-03-10,Translation,GB,JP,Writer,577.44,USD,credit_card,completed,6,2.8,False,115.49,level_1,10
TXN-1003264,2024-03-11,Web Development,US,NL,Software Engineer,60.29,USD,credit_card,completed,30,4.7,False,12.06,top_rated,11
TXN-1003288,2024-03-11,Content Writing,DE,AU,Writer,77.19,USD,credit_card,completed,2,3.7,False,15.44,level_2,11
TXN-1003286,2024-03-11,Financial Modeling,SG,GB,Accountant,72.47,USD,crypto,completed,10,4.1,False,14.49,level_1,11
TXN-1003282,2024-03-11,Data Analysis,US,US,Data Scientist,3877.23,GBP,credit_card,completed,3,4.5,False,775.45,rising_talent,11
TXN-1003281,2024-03-11,Web Development,AU,FR,Software Engineer,149.84,USD,bank_transfer,completed,10,2.9,True,29.97,level_1,11
TXN-1003278,2024-03-11,Video Production,US,IN,Designer,168.59,EUR,credit_card,completed,9,2.6,False,33.72,level_1,11
TXN-1003269,2024-03-11,Video Production,AU,BR,Designer,59.73,USD,paypal,completed,7,3.8,False,11.95,level_2,11
TXN-1003267,2024-03-11,Video Production,IN,FR,Designer,49.21,EUR,paypal,completed,12,2.4,True,9.84,level_1,11
TXN-1003261,2024-03-11,Graphic Design,NL,GB,Designer,334.32,USD,paypal,completed,6,3.9,True,66.86,level_2,11
TXN-1003219,2024-03-11,SEO/SEM,FR,FR,Marketing Manager,36.35,USD,credit_card,completed,8,3.7,False,7.27,new_seller,11
TXN-1003245,2024-03-11,Video Production,IN,US,Designer,247.58,EUR,credit_card,completed,14,2.6,True,49.52,level_1,11
TXN-1003239,2024-03-11,Translation,CA,US,Writer,126.68,ILS,paypal,completed,1,2.8,True,25.34,level_1,11
TXN-1003234,2024-03-11,Social Media Management,US,US,Marketing Manager,73.98,USD,paypal,completed,8,4.5,False,14.8,level_2,11
TXN-1003231,2024-03-11,Social Media Management,US,MX,Marketing Manager,1740.12,USD,bank_transfer,completed,4,5.0,False,348.02,top_rated,11
TXN-1003227,2024-03-11,Social Media Management,US,US,Marketing Manager,113.36,USD,crypto,completed,8,3.7,False,22.67,level_1,11
TXN-1003205,2024-03-11,Social Media Management,US,GB,Marketing Manager,36.22,USD,credit_card,completed,4,2.0,False,7.24,level_2,11
TXN-1003203,2024-03-11,Translation,US,US,Writer,29.67,EUR,credit_card,completed,3,4.5,False,5.93,level_2,11
TXN-1003408,2024-03-11,Graphic Design,SG,DE,Designer,14.98,USD,paypal,completed,4,4.0,True,3.0,level_1,11
TXN-1003290,2024-03-11,AI/ML Development,IN,IN,Data Scientist,34.82,EUR,paypal,completed,12,4.2,True,6.96,level_1,11
TXN-1003259,2024-03-11,Photography,ES,DE,Designer,279.89,USD,credit_card,completed,5,2.8,False,55.98,top_rated,11
TXN-1003295,2024-03-11,AI/ML Development,US,DE,Data Scientist,406.23,ILS,credit_card,completed,13,4.1,False,81.25,new_seller,11
TXN-1003388,2024-03-11,Mobile App,US,IN,Software Engineer,142.09,ILS,credit_card,completed,8,3.7,False,28.42,level_2,11
TXN-1003305,2024-03-11,Translation,GB,US,Writer,364.34,USD,credit_card,completed,2,4.8,True,72.87,top_rated,11
TXN-1003197,2024-03-11,SEO/SEM,DE,US,Marketing Manager,106.63,USD,credit_card,completed,15,3.4,True,21.33,level_1,11
TXN-1003387,2024-03-11,Content Writing,IN,US,Writer,43.83,USD,paypal,completed,3,4.6,False,8.77,level_1,11
TXN-1003365,2024-03-11,Financial Modeling,IN,IL,Accountant,366.56,USD,bank_transfer,completed,17,3.8,False,73.31,new_seller,11
TXN-1003364,2024-03-11,Mobile App,IN,SG,Software Engineer,396.94,ILS,credit_card,completed,25,4.3,True,79.39,level_1,11
TXN-1003359,2024-03-11,Video Production,IN,MX,Designer,5.0,USD,credit_card,completed,5,4.1,True,1.0,level_1,11
TXN-1003357,2024-03-11,Graphic Design,FR,US,Designer,156.16,ILS,paypal,completed,4,2.9,True,31.23,top_rated,11
TXN-1003351,2024-03-11,Mobile App,US,NL,Software Engineer,29.78,USD,credit_card,completed,30,3.6,False,5.96,level_1,11
TXN-1003350,2024-03-11,Web Development,IN,AU,Software Engineer,1155.72,USD,credit_card,completed,7,3.6,False,231.14,level_1,11
TXN-1003347,2024-03-11,Content Writing,US,IN,Writer,496.66,USD,paypal,completed,2,4.9,False,99.33,rising_talent,11
TXN-1003300,2024-03-11,SEO/SEM,DE,IN,Marketing Manager,19.07,USD,crypto,completed,5,2.5,False,3.81,rising_talent,11
TXN-1003346,2024-03-11,Web Development,NL,IN,Software Engineer,23.55,USD,credit_card,completed,20,4.0,False,4.71,new_seller,11
TXN-1003340,2024-03-11,Music Production,US,US,Designer,859.05,USD,credit_card,completed,12,4.4,False,171.81,level_2,11
TXN-1003335,2024-03-11,Web Development,ZA,BR,Software Engineer,174.2,USD,credit_card,completed,14,4.2,False,34.84,level_1,11
TXN-1003331,2024-03-11,Web Development,FR,US,Software Engineer,153.97,USD,paypal,completed,12,4.6,False,30.79,level_2,11
TXN-1003322,2024-03-11,Web Development,US,US,Software Engineer,5.14,USD,credit_card,completed,11,4.4,True,1.03,rising_talent,11
TXN-1003399,2024-03-11,SEO/SEM,US,US,Marketing Manager,62.13,USD,paypal,completed,10,4.1,True,12.43,level_2,11
TXN-1003318,2024-03-11,SEO/SEM,GB,NL,Marketing Manager,424.31,USD,credit_card,completed,11,4.5,False,84.86,level_2,11
TXN-1003315,2024-03-11,Graphic Design,IN,CA,Designer,38.76,USD,paypal,completed,4,3.7,True,7.75,level_2,11
TXN-1003310,2024-03-11,Data Analysis,US,CA,Data Scientist,149.5,USD,bank_transfer,completed,6,3.6,True,29.9,level_2,11
TXN-1003308,2024-03-11,SEO/SEM,US,US,Marketing Manager,184.49,USD,credit_card,completed,21,4.0,True,36.9,top_rated,11
TXN-1003398,2024-03-11,Photography,IN,US,Designer,123.02,USD,bank_transfer,completed,4,3.8,True,24.6,level_2,11
TXN-1003409,2024-03-11,Virtual Assistant,IN,DE,HR Manager,278.95,USD,bank_transfer,completed,1,4.3,False,55.79,level_1,11
TXN-1003217,2024-03-11,Photography,ZA,AU,Designer,52.47,EUR,credit_card,completed,6,4.5,False,10.49,top_rated,11
TXN-1003149,2024-03-11,Translation,US,US,Writer,454.16,USD,bank_transfer,completed,3,4.3,True,90.83,rising_talent,11
TXN-1003167,2024-03-11,Web Development,US,US,Software Engineer,55.56,USD,paypal,completed,9,3.4,False,11.11,rising_talent,11
TXN-1003151,2024-03-11,Graphic Design,FR,IN,Designer,10.54,EUR,credit_card,completed,2,2.8,False,2.11,top_rated,11
TXN-1003175,2024-03-11,Translation,US,US,Writer,76.73,USD,credit_card,completed,1,4.6,False,15.35,level_2,11
TXN-1003184,2024-03-11,AI/ML Development,DE,IN,Data Scientist,91.38,GBP,paypal,completed,30,4.9,False,18.28,rising_talent,11
TXN-1003193,2024-03-12,AI/ML Development,ES,IN,Data Scientist,30.4,USD,paypal,completed,27,4.1,False,6.08,rising_talent,11
TXN-1003298,2024-03-12,Virtual Assistant,BR,US,HR Manager,71.44,USD,crypto,completed,3,4.6,False,14.29,level_1,11
TXN-1003297,2024-03-12,Content Writing,US,BR,Writer,366.75,USD,credit_card,completed,3,4.0,True,73.35,rising_talent,11
TXN-1003194,2024-03-12,Content Writing,US,US,Writer,388.73,USD,bank_transfer,completed,1,4.9,True,77.75,new_seller,11
TXN-1003173,2024-03-12,Legal Consulting,IN,FR,Lawyer,192.49,USD,bank_transfer,completed,17,4.6,False,38.5,level_2,11
TXN-1003285,2024-03-12,Graphic Design,US,JP,Designer,55.03,EUR,credit_card,completed,6,4.8,True,11.01,level_2,11
TXN-1003273,2024-03-12,Legal Consulting,US,FR,Lawyer,173.67,USD,credit_card,completed,10,4.8,False,34.73,level_2,11
TXN-1003271,2024-03-12,Legal Consulting,IN,SG,Lawyer,472.46,USD,bank_transfer,completed,12,4.7,False,94.49,rising_talent,11
TXN-1003263,2024-03-12,Content Writing,DE,IN,Writer,70.16,USD,credit_card,completed,3,4.5,False,14.03,level_2,11
TXN-1003262,2024-03-12,Legal Consulting,US,BR,Lawyer,331.87,INR,paypal,completed,6,4.8,False,66.37,new_seller,11
TXN-1003181,2024-03-12,Financial Modeling,GB,SG,Accountant,247.0,USD,credit_card,completed,8,4.4,False,49.4,rising_talent,11
TXN-1003258,2024-03-12,SEO/SEM,US,DE,Marketing Manager,140.69,USD,credit_card,completed,11,4.2,False,28.14,level_1,11
TXN-1003257,2024-03-12,SEO/SEM,MX,US,Marketing Manager,1807.63,USD,credit_card,completed,8,4.8,False,361.53,new_seller,11
TXN-1003250,2024-03-12,AI/ML Development,IN,ES,Data Scientist,114.13,ILS,credit_card,completed,22,4.7,False,22.83,rising_talent,11
TXN-1003241,2024-03-12,Photography,US,ZA,Designer,1108.6,USD,bank_transfer,completed,4,4.3,False,221.72,top_rated,11
TXN-1003272,2024-03-12,Financial Modeling,NL,BR,Accountant,231.59,EUR,paypal,completed,11,4.1,True,46.32,level_2,11
TXN-1003170,2024-03-12,Content Writing,AU,BR,Writer,42.2,USD,paypal,completed,1,4.9,True,8.44,level_2,11
TXN-1003168,2024-03-12,Photography,ZA,FR,Designer,246.65,USD,paypal,completed,2,3.9,False,49.33,level_2,11
TXN-1003309,2024-03-12,Music Production,NL,US,Designer,87.44,USD,credit_card,completed,23,4.2,False,17.49,rising_talent,11
TXN-1003393,2024-03-12,AI/ML Development,US,IN,Data Scientist,39.23,USD,paypal,completed,14,4.3,True,7.85,level_1,11
TXN-1003378,2024-03-12,Web Development,US,US,Software Engineer,78.78,EUR,credit_card,completed,11,4.0,True,15.76,level_2,11
TXN-1003375,2024-03-12,SEO/SEM,CA,US,Marketing Manager,522.06,USD,bank_transfer,completed,13,4.3,True,104.41,new_seller,11
TXN-1003374,2024-03-12,Video Production,ZA,US,Designer,817.87,USD,bank_transfer,completed,9,3.8,True,163.57,level_1,11
TXN-1003367,2024-03-12,Mobile App,IN,US,Software Engineer,278.3,USD,paypal,completed,30,4.6,False,55.66,rising_talent,11
TXN-1003363,2024-03-12,Data Analysis,US,MX,Data Scientist,23.65,INR,paypal,completed,9,2.7,False,4.73,level_2,11
TXN-1003155,2024-03-12,AI/ML Development,US,DE,Data Scientist,343.33,ILS,credit_card,completed,30,4.7,True,68.67,level_1,11
TXN-1003348,2024-03-12,Video Production,DE,IN,Designer,282.9,USD,credit_card,completed,7,4.4,False,56.58,level_2,11
TXN-1003341,2024-03-12,Music Production,JP,CA,Designer,177.55,USD,credit_card,completed,11,4.4,False,35.51,top_rated,11
TXN-1003330,2024-03-12,Web Development,US,US,Software Engineer,298.5,USD,paypal,completed,18,4.4,False,59.7,new_seller,11
TXN-1003329,2024-03-12,AI/ML Development,SG,IN,Data Scientist,838.19,GBP,crypto,completed,13,4.0,False,167.64,new_seller,11
TXN-1003326,2024-03-12,Translation,SG,IN,Writer,92.46,USD,paypal,completed,3,4.6,True,18.49,level_1,11
TXN-1003325,2024-03-12,Social Media Management,US,US,Marketing Manager,406.72,USD,paypal,completed,3,4.5,False,81.34,top_rated,11
TXN-1003317,2024-03-12,Content Writing,GB,US,Writer,975.26,EUR,credit_card,completed,3,4.5,False,195.05,level_2,11
TXN-1003313,2024-03-12,Video Production,ES,US,Designer,700.75,USD,credit_card,completed,6,4.2,False,140.15,rising_talent,11
TXN-1003303,2024-03-12,Social Media Management,US,FR,Marketing Manager,194.05,USD,paypal,cancelled,6,,False,38.81,level_1,11
TXN-1003236,2024-03-12,Legal Consulting,MX,US,Lawyer,1713.8,USD,paypal,completed,18,4.4,False,342.76,level_1,11
TXN-1003293,2024-03-12,Content Writing,US,IN,Writer,52.4,USD,paypal,completed,4,3.3,False,10.48,level_1,11
TXN-1003391,2024-03-12,Graphic Design,BR,NL,Designer,21.96,EUR,bank_transfer,completed,3,3.8,False,4.39,level_1,11
TXN-1003208,2024-03-12,Financial Modeling,JP,CA,Accountant,49.13,USD,credit_card,cancelled,10,,False,9.83,rising_talent,11
TXN-1003196,2024-03-12,Video Production,DE,CA,Designer,32.84,USD,credit_card,completed,5,3.8,False,6.57,level_1,11
TXN-1003405,2024-03-12,Web Development,US,US,Software Engineer,273.45,USD,paypal,completed,14,4.5,False,54.69,level_1,11
TXN-1003211,2024-03-12,SEO/SEM,BR,US,Marketing Manager,76.21,USD,bank_transfer,completed,9,4.6,False,15.24,level_2,11
TXN-1003224,2024-03-12,Financial Modeling,DE,IN,Accountant,30.72,USD,credit_card,completed,15,4.5,False,6.14,level_1,11
TXN-1003210,2024-03-12,Virtual Assistant,GB,BR,HR Manager,246.72,USD,paypal,completed,2,3.7,True,49.34,rising_talent,11
TXN-1003396,2024-03-13,Music Production,IN,DE,Designer,120.17,USD,credit_card,completed,21,4.6,True,24.03,level_1,11
TXN-1003207,2024-03-13,Web Development,ZA,US,Software Engineer,31.46,INR,credit_card,completed,8,3.8,False,6.29,rising_talent,11
TXN-1003302,2024-03-13,Data Analysis,ES,BR,Data Scientist,151.69,USD,credit_card,completed,14,4.2,True,30.34,level_2,11
TXN-1003384,2024-03-13,Content Writing,GB,SG,Writer,400.83,USD,paypal,completed,3,4.7,False,80.17,level_1,11
TXN-1003274,2024-03-13,Translation,IN,US,Writer,840.97,USD,paypal,completed,2,4.6,False,168.19,level_2,11
TXN-1003276,2024-03-13,Data Analysis,US,GB,Data Scientist,137.77,INR,credit_card,completed,7,4.8,True,27.55,new_seller,11
TXN-1003279,2024-03-13,Social Media Management,CA,IL,Marketing Manager,344.15,USD,paypal,completed,6,4.2,False,68.83,rising_talent,11
TXN-1003280,2024-03-13,Photography,GB,FR,Designer,56.4,USD,paypal,completed,2,3.6,False,11.28,level_1,11
TXN-1003223,2024-03-13,Video Production,US,AU,Designer,66.83,EUR,paypal,completed,5,4.1,False,13.37,level_1,11
TXN-1003179,2024-03-13,AI/ML Development,US,FR,Data Scientist,101.84,EUR,paypal,completed,20,3.9,False,20.37,rising_talent,11
TXN-1003323,2024-03-13,Photography,IL,DE,Designer,51.02,USD,credit_card,in_progress,2,,True,10.2,new_seller,11
TXN-1003164,2024-03-13,Video Production,IN,US,Designer,11.0,EUR,credit_card,completed,8,4.9,False,2.2,level_1,11
TXN-1003319,2024-03-13,Video Production,IN,US,Designer,138.8,INR,credit_card,completed,9,4.4,False,27.76,top_rated,11
TXN-1003221,2024-03-13,AI/ML Development,MX,FR,Data Scientist,162.14,USD,credit_card,disputed,30,,True,32.43,level_2,11
TXN-1003401,2024-03-13,Graphic Design,SG,US,Designer,50.4,USD,credit_card,completed,3,4.4,False,10.08,level_1,11
TXN-1003220,2024-03-13,SEO/SEM,IN,FR,Marketing Manager,2264.86,USD,bank_transfer,completed,11,4.5,False,452.97,rising_talent,11
TXN-1003166,2024-03-13,Mobile App,MX,US,Software Engineer,265.45,USD,paypal,completed,30,4.1,False,53.09,rising_talent,11
TXN-1003296,2024-03-13,Web Development,IN,BR,Software Engineer,376.1,GBP,paypal,completed,7,4.1,True,75.22,rising_talent,11
TXN-1003406,2024-03-13,AI/ML Development,DE,US,Data Scientist,4332.94,USD,credit_card,completed,13,3.3,True,866.59,level_2,11
TXN-1003304,2024-03-13,Music Production,SG,FR,Designer,265.37,USD,bank_transfer,completed,11,3.7,True,53.07,rising_talent,11
TXN-1003176,2024-03-13,Graphic Design,JP,NL,Designer,190.22,USD,credit_card,disputed,2,,False,38.04,level_1,11
TXN-1003266,2024-03-13,Legal Consulting,IN,BR,Lawyer,53.22,USD,paypal,completed,16,3.6,True,10.64,level_2,11
TXN-1003270,2024-03-13,Video Production,IN,IN,Designer,306.0,USD,bank_transfer,completed,10,4.5,False,61.2,level_1,11
TXN-1003249,2024-03-13,Data Analysis,IN,GB,Data Scientist,224.02,USD,crypto,completed,10,4.0,False,44.8,new_seller,11
TXN-1003153,2024-03-13,Social Media Management,US,DE,Marketing Manager,247.8,USD,credit_card,completed,19,4.1,False,49.56,level_1,11
TXN-1003369,2024-03-13,Content Writing,CA,US,Writer,325.94,USD,credit_card,completed,6,4.8,False,65.19,level_1,11
TXN-1003243,2024-03-13,Mobile App,DE,US,Software Engineer,641.5,USD,crypto,completed,24,3.5,False,128.3,level_2,11
TXN-1003156,2024-03-13,Translation,ES,GB,Writer,271.27,USD,credit_card,completed,1,3.9,False,54.25,new_seller,11
TXN-1003157,2024-03-13,Music Production,GB,AU,Designer,166.32,USD,bank_transfer,completed,8,4.2,True,33.26,level_1,11
TXN-1003162,2024-03-13,Music Production,US,FR,Designer,179.71,USD,credit_card,completed,19,4.5,False,35.94,top_rated,11
TXN-1003251,2024-03-13,Video Production,US,IN,Designer,270.78,USD,bank_transfer,completed,5,4.4,True,54.16,level_2,11
TXN-1003255,2024-03-13,Web Development,GB,SG,Software Engineer,186.1,USD,bank_transfer,completed,23,4.7,False,37.22,level_2,11
TXN-1003216,2024-03-13,Translation,US,IN,Writer,31.85,USD,credit_card,completed,1,4.9,False,6.37,new_seller,11
TXN-1003386,2024-03-13,Financial Modeling,US,GB,Accountant,17.94,USD,paypal,completed,9,3.7,False,3.59,new_seller,11
TXN-1003338,2024-03-13,Virtual Assistant,FR,MX,HR Manager,99.11,USD,credit_card,completed,1,3.9,True,19.82,level_2,11
TXN-1003200,2024-03-13,Graphic Design,CA,SG,Designer,61.51,GBP,credit_card,completed,4,2.6,True,12.3,level_1,11
TXN-1003376,2024-03-13,Translation,DE,JP,Writer,464.78,USD,credit_card,completed,2,2.0,True,92.96,new_seller,11
TXN-1003334,2024-03-13,Mobile App,IN,US,Software Engineer,512.37,USD,paypal,completed,74,4.0,True,102.47,level_1,11
TXN-1003327,2024-03-14,Music Production,US,US,Designer,55.08,USD,paypal,completed,17,4.4,False,11.02,rising_talent,11
TXN-1003190,2024-03-14,Graphic Design,FR,IL,Designer,68.92,USD,paypal,completed,13,3.6,False,13.78,top_rated,11
TXN-1003307,2024-03-14,Data Analysis,NL,CA,Data Scientist,93.22,USD,bank_transfer,completed,8,3.0,False,18.64,rising_talent,11
TXN-1003311,2024-03-14,Data Analysis,MX,ZA,Data Scientist,33.62,USD,paypal,completed,20,4.7,False,6.72,rising_talent,11
TXN-1003358,2024-03-14,Video Production,GB,GB,Designer,118.43,USD,paypal,completed,10,3.4,False,23.69,new_seller,11
TXN-1003356,2024-03-14,Music Production,DE,IN,Designer,40.21,USD,bank_transfer,completed,2,4.3,False,8.04,level_1,11
TXN-1003235,2024-03-14,Financial Modeling,US,SG,Accountant,79.94,EUR,bank_transfer,completed,13,3.8,True,15.99,level_1,11
TXN-1003316,2024-03-14,Data Analysis,US,US,Data Scientist,144.13,USD,bank_transfer,completed,5,4.1,True,28.83,new_seller,11
TXN-1003191,2024-03-14,Virtual Assistant,ES,GB,HR Manager,203.61,USD,paypal,completed,1,3.9,True,40.72,rising_talent,11
TXN-1003412,2024-03-14,Photography,GB,US,Designer,98.4,GBP,credit_card,completed,2,4.2,True,19.68,rising_talent,11
TXN-1003349,2024-03-14,Web Development,FR,US,Software Engineer,189.6,USD,paypal,in_progress,20,,False,37.92,new_seller,11
TXN-1003336,2024-03-14,Graphic Design,US,US,Designer,81.44,USD,credit_card,cancelled,5,,True,16.29,rising_talent,11
TXN-1003158,2024-03-14,Legal Consulting,US,FR,Lawyer,71.68,USD,credit_card,completed,23,3.7,True,14.34,level_1,11
TXN-1003344,2024-03-14,Mobile App,IL,BR,Software Engineer,238.91,USD,paypal,completed,30,4.0,True,47.78,level_1,11
TXN-1003324,2024-03-14,Virtual Assistant,NL,US,HR Manager,553.22,USD,credit_card,completed,2,4.7,True,110.64,level_1,11
TXN-1003343,2024-03-14,Graphic Design,US,ZA,Designer,988.74,USD,paypal,completed,4,2.3,False,197.75,level_1,11
TXN-1003342,2024-03-14,Graphic Design,US,US,Designer,18.05,USD,credit_card,completed,6,3.3,False,3.61,level_2,11
TXN-1003407,2024-03-14,Legal Consulting,US,US,Lawyer,89.58,EUR,paypal,completed,15,4.8,False,17.92,new_seller,11
TXN-1003339,2024-03-14,Financial Modeling,US,IN,Accountant,118.63,USD,credit_card,completed,7,4.6,False,23.73,level_1,11
TXN-1003209,2024-03-14,Virtual Assistant,US,FR,HR Manager,220.79,USD,credit_card,completed,3,4.3,False,44.16,rising_talent,11
TXN-1003328,2024-03-14,SEO/SEM,US,IN,Marketing Manager,714.08,USD,paypal,completed,12,4.6,False,142.82,new_seller,11
TXN-1003332,2024-03-14,Graphic Design,FR,GB,Designer,79.99,ILS,paypal,completed,5,4.4,False,16.0,level_1,11
TXN-1003403,2024-03-14,Video Production,IN,IN,Designer,514.82,USD,credit_card,completed,5,4.1,False,102.96,level_1,11
TXN-1003174,2024-03-14,Legal Consulting,MX,GB,Lawyer,61.86,USD,credit_card,completed,21,3.6,False,12.37,top_rated,11
TXN-1003244,2024-03-14,Web Development,ES,CA,Software Engineer,542.94,GBP,crypto,completed,19,4.9,False,108.59,level_2,11
TXN-1003248,2024-03-14,Web Development,US,SG,Software Engineer,642.37,USD,crypto,completed,9,3.5,False,128.47,new_seller,11
TXN-1003383,2024-03-14,Financial Modeling,BR,US,Accountant,531.69,USD,credit_card,completed,6,4.7,True,106.34,top_rated,11
TXN-1003389,2024-03-14,Virtual Assistant,CA,US,HR Manager,23.56,USD,bank_transfer,completed,2,4.9,False,4.71,top_rated,11
TXN-1003291,2024-03-14,Social Media Management,AU,CA,Marketing Manager,225.06,USD,credit_card,completed,10,4.7,True,45.01,top_rated,11
TXN-1003268,2024-03-14,SEO/SEM,BR,US,Marketing Manager,816.41,EUR,credit_card,completed,6,4.6,False,163.28,top_rated,11
TXN-1003294,2024-03-14,Data Analysis,US,US,Data Scientist,18.93,USD,credit_card,completed,9,4.4,True,3.79,level_1,11
TXN-1003247,2024-03-14,Legal Consulting,US,CA,Lawyer,417.03,USD,crypto,completed,13,3.5,False,83.41,level_1,11
TXN-1003252,2024-03-14,Virtual Assistant,IN,US,HR Manager,186.76,USD,credit_card,completed,3,2.6,False,37.35,level_1,11
TXN-1003180,2024-03-14,Photography,US,FR,Designer,334.55,USD,paypal,completed,6,4.5,False,66.91,level_2,11
TXN-1003240,2024-03-14,Translation,DE,US,Writer,1007.01,USD,credit_card,disputed,3,,True,201.4,top_rated,11
TXN-1003228,2024-03-14,Legal Consulting,US,IN,Lawyer,69.26,USD,credit_card,completed,17,4.1,False,13.85,level_1,11
TXN-1003253,2024-03-14,Mobile App,US,BR,Software Engineer,271.22,USD,bank_transfer,completed,15,4.3,False,54.24,new_seller,11
TXN-1003202,2024-03-14,Graphic Design,US,GB,Designer,46.71,USD,credit_card,completed,13,4.3,True,9.34,level_1,11
TXN-1003230,2024-03-14,Web Development,BR,US,Software Engineer,31.65,INR,credit_card,completed,13,3.4,False,6.33,level_1,11
TXN-1003238,2024-03-14,Graphic Design,IN,US,Designer,46.89,USD,paypal,completed,4,4.1,True,9.38,level_1,11
TXN-1003188,2024-03-14,Legal Consulting,FR,US,Lawyer,16.22,USD,credit_card,completed,10,3.5,False,3.24,rising_talent,11
TXN-1003246,2024-03-14,SEO/SEM,US,NL,Marketing Manager,85.33,USD,bank_transfer,completed,8,4.5,False,17.07,level_1,11
TXN-1003372,2024-03-15,Translation,GB,US,Writer,603.91,USD,paypal,completed,3,4.5,True,120.78,rising_talent,11
TXN-1003169,2024-03-15,Photography,FR,US,Designer,694.59,USD,credit_card,completed,6,3.6,False,138.92,new_seller,11
TXN-1003373,2024-03-15,Mobile App,CA,US,Software Engineer,13.14,USD,crypto,completed,30,4.0,False,2.63,level_2,11
TXN-1003204,2024-03-15,Video Production,US,US,Designer,136.66,USD,bank_transfer,completed,7,2.8,True,27.33,level_1,11
TXN-1003242,2024-03-15,Music Production,US,US,Designer,248.19,USD,paypal,completed,9,4.2,False,49.64,new_seller,11
TXN-1003354,2024-03-15,Photography,US,IN,Designer,108.08,EUR,paypal,completed,3,4.0,True,21.62,level_2,11
TXN-1003355,2024-03-15,Translation,GB,GB,Writer,19.36,USD,credit_card,completed,2,3.2,True,3.87,level_1,11
TXN-1003233,2024-03-15,Social Media Management,JP,ES,Marketing Manager,188.58,GBP,paypal,completed,11,2.5,False,37.72,level_1,11
TXN-1003154,2024-03-15,Data Analysis,US,CA,Data Scientist,667.15,EUR,paypal,completed,9,1.0,False,133.43,level_2,11
TXN-1003390,2024-03-15,Photography,BR,ES,Designer,128.35,INR,credit_card,completed,5,4.7,False,25.67,level_2,11
TXN-1003360,2024-03-15,Music Production,GB,NL,Designer,58.09,EUR,crypto,completed,9,3.5,False,11.62,level_2,11
TXN-1003361,2024-03-15,Legal Consulting,CA,GB,Lawyer,77.69,EUR,crypto,completed,12,4.8,False,15.54,level_1,11
TXN-1003362,2024-03-15,Web Development,CA,US,Software Engineer,16.85,USD,credit_card,completed,10,4.5,True,3.37,top_rated,11
TXN-1003411,2024-03-15,Web Development,BR,MX,Software Engineer,268.05,GBP,credit_card,completed,13,4.9,True,53.61,rising_talent,11
TXN-1003254,2024-03-15,Legal Consulting,BR,GB,Lawyer,88.72,USD,credit_card,completed,17,3.8,True,17.74,level_2,11
TXN-1003182,2024-03-15,Video Production,US,US,Designer,97.56,USD,credit_card,completed,8,3.2,False,19.51,new_seller,11
TXN-1003186,2024-03-15,Music Production,GB,SG,Designer,3757.41,USD,paypal,completed,10,3.9,False,751.48,level_1,11
TXN-1003306,2024-03-15,Video Production,US,US,Designer,470.75,USD,bank_transfer,completed,11,4.8,False,94.15,level_2,11
TXN-1003299,2024-03-15,Photography,SG,BR,Designer,418.29,USD,credit_card,cancelled,1,,False,83.66,rising_talent,11
TXN-1003215,2024-03-15,Photography,MX,US,Designer,599.18,USD,credit_card,completed,3,4.4,False,119.84,level_2,11
TXN-1003198,2024-03-15,Music Production,IN,IN,Designer,139.18,USD,credit_card,completed,7,3.6,False,27.84,level_2,11
TXN-1003377,2024-03-15,Web Development,FR,FR,Software Engineer,148.41,USD,crypto,completed,11,4.7,False,29.68,level_1,11
TXN-1003312,2024-03-15,Music Production,DE,US,Designer,574.73,USD,bank_transfer,completed,7,4.5,False,114.95,level_2,11
TXN-1003381,2024-03-15,Data Analysis,GB,IN,Data Scientist,140.62,USD,paypal,completed,13,4.1,True,28.12,top_rated,11
TXN-1003292,2024-03-15,Virtual Assistant,US,US,HR Manager,1583.36,USD,credit_card,completed,2,4.5,False,316.67,rising_talent,11
TXN-1003256,2024-03-15,SEO/SEM,DE,JP,Marketing Manager,145.21,USD,credit_card,completed,8,4.3,False,29.04,level_2,11
TXN-1003320,2024-03-15,Financial Modeling,GB,BR,Accountant,395.17,USD,paypal,completed,9,3.7,False,79.03,level_1,11
TXN-1003287,2024-03-15,Web Development,DE,ZA,Software Engineer,240.74,GBP,paypal,completed,9,4.3,False,48.15,level_2,11
TXN-1003222,2024-03-15,AI/ML Development,BR,US,Data Scientist,73.21,USD,bank_transfer,completed,19,4.1,True,14.64,level_1,11
TXN-1003284,2024-03-15,Music Production,FR,SG,Designer,206.1,EUR,credit_card,completed,10,4.8,True,41.22,level_1,11
TXN-1003283,2024-03-15,Content Writing,DE,IN,Writer,62.84,USD,paypal,completed,3,4.8,False,12.57,level_1,11
TXN-1003177,2024-03-15,Content Writing,CA,US,Writer,19.63,GBP,crypto,completed,3,4.9,False,3.93,top_rated,11
TXN-1003277,2024-03-15,Music Production,US,JP,Designer,243.61,USD,bank_transfer,completed,14,4.2,True,48.72,rising_talent,11
TXN-1003178,2024-03-15,Translation,JP,IN,Writer,61.35,USD,paypal,completed,2,3.0,False,12.27,level_2,11
TXN-1003192,2024-03-15,Virtual Assistant,FR,GB,HR Manager,195.64,USD,paypal,cancelled,1,,False,39.13,rising_talent,11
TXN-1003150,2024-03-15,Financial Modeling,IN,IL,Accountant,388.48,INR,credit_card,completed,13,3.3,False,77.7,level_1,11
TXN-1003163,2024-03-15,Social Media Management,DE,GB,Marketing Manager,46.82,USD,bank_transfer,completed,6,4.8,False,9.36,rising_talent,11
TXN-1003394,2024-03-15,Music Production,US,DE,Designer,196.41,EUR,credit_card,completed,10,4.6,True,39.28,top_rated,11
TXN-1003370,2024-03-16,Legal Consulting,US,MX,Lawyer,543.27,USD,credit_card,completed,11,4.7,False,108.65,rising_talent,11
TXN-1003382,2024-03-16,Social Media Management,US,MX,Marketing Manager,247.66,USD,paypal,completed,8,3.4,False,49.53,new_seller,11
TXN-1003371,2024-03-16,Data Analysis,ES,DE,Data Scientist,17.26,EUR,credit_card,completed,5,4.3,False,3.45,level_1,11
TXN-1003380,2024-03-16,Legal Consulting,US,ZA,Lawyer,54.62,USD,paypal,completed,10,4.6,True,10.92,rising_talent,11
TXN-1003395,2024-03-16,SEO/SEM,US,US,Marketing Manager,334.31,USD,credit_card,completed,6,4.6,False,66.86,level_1,11
TXN-1003314,2024-03-16,Financial Modeling,US,DE,Accountant,44.29,USD,credit_card,completed,15,3.4,True,8.86,new_seller,11
TXN-1003152,2024-03-16,Data Analysis,US,BR,Data Scientist,334.39,USD,paypal,in_progress,13,,False,66.88,rising_talent,11
TXN-1003410,2024-03-16,Translation,DE,JP,Writer,475.22,USD,credit_card,completed,4,5.0,False,95.04,level_2,11
TXN-1003232,2024-03-16,Translation,US,US,Writer,188.02,USD,credit_card,completed,2,3.4,False,37.6,level_1,11
TXN-1003260,2024-03-16,Web Development,IN,BR,Software Engineer,619.01,USD,credit_card,completed,23,4.3,True,123.8,level_2,11
TXN-1003404,2024-03-16,Graphic Design,IN,GB,Designer,38.31,USD,credit_card,completed,3,3.0,False,7.66,rising_talent,11
TXN-1003187,2024-03-16,SEO/SEM,US,US,Marketing Manager,15.2,USD,credit_card,completed,10,3.5,False,3.04,new_seller,11
TXN-1003402,2024-03-16,Photography,JP,IN,Designer,196.27,USD,credit_card,completed,3,4.4,False,39.25,new_seller,11
TXN-1003225,2024-03-16,Financial Modeling,US,CA,Accountant,155.26,USD,credit_card,completed,15,4.7,False,31.05,level_1,11
TXN-1003275,2024-03-16,Translation,US,BR,Writer,228.41,EUR,credit_card,completed,6,4.2,False,45.68,level_2,11
TXN-1003172,2024-03-16,Social Media Management,ZA,US,Marketing Manager,17.98,ILS,credit_card,completed,10,4.8,False,3.6,level_1,11
TXN-1003171,2024-03-16,Data Analysis,US,SG,Data Scientist,447.17,GBP,credit_card,completed,12,3.5,False,89.43,rising_talent,11
TXN-1003201,2024-03-16,Graphic Design,NL,GB,Designer,14.95,USD,bank_transfer,completed,2,3.8,False,2.99,level_1,11
TXN-1003218,2024-03-16,Photography,BR,US,Designer,829.76,USD,paypal,completed,4,1.0,True,165.95,level_2,11
TXN-1003214,2024-03-16,Video Production,IL,FR,Designer,145.13,USD,credit_card,completed,5,4.0,False,29.03,level_2,11
TXN-1003213,2024-03-16,Legal Consulting,IL,US,Lawyer,111.79,USD,paypal,completed,24,4.0,False,22.36,level_1,11
TXN-1003333,2024-03-16,Legal Consulting,CA,BR,Lawyer,91.91,USD,bank_transfer,completed,24,3.2,False,18.38,level_2,11
TXN-1003161,2024-03-16,Mobile App,US,BR,Software Engineer,893.75,USD,paypal,completed,13,4.7,False,178.75,level_2,11
TXN-1003337,2024-03-16,AI/ML Development,IN,US,Data Scientist,169.22,USD,paypal,completed,12,4.1,False,33.84,rising_talent,11
TXN-1003160,2024-03-16,SEO/SEM,ZA,GB,Marketing Manager,563.69,USD,credit_card,completed,12,4.6,False,112.74,level_1,11
TXN-1003159,2024-03-16,AI/ML Development,US,IN,Data Scientist,280.47,EUR,credit_card,completed,16,3.9,False,56.09,level_2,11
TXN-1003189,2024-03-16,Mobile App,FR,MX,Software Engineer,38.62,USD,bank_transfer,completed,30,2.8,False,7.72,level_1,11
TXN-1003352,2024-03-16,Virtual Assistant,IN,DE,HR Manager,290.78,USD,bank_transfer,completed,1,3.2,True,58.16,level_1,11
TXN-1003392,2024-03-16,Graphic Design,JP,US,Designer,44.77,EUR,credit_card,completed,3,4.4,True,8.95,level_2,11
TXN-1003397,2024-03-17,Mobile App,ZA,SG,Software Engineer,279.03,USD,credit_card,completed,13,4.0,False,55.81,level_1,11
TXN-1003400,2024-03-17,Music Production,US,US,Designer,207.55,USD,paypal,completed,15,4.1,False,41.51,level_1,11
TXN-1003265,2024-03-17,Mobile App,FR,IN,Software Engineer,88.46,USD,credit_card,completed,30,4.8,False,17.69,level_1,11
TXN-1003379,2024-03-17,Mobile App,GB,NL,Software Engineer,176.57,USD,paypal,completed,18,3.8,False,35.31,level_1,11
TXN-1003385,2024-03-17,Legal Consulting,US,US,Lawyer,26.47,USD,credit_card,completed,7,4.0,False,5.29,top_rated,11
TXN-1003165,2024-03-17,Financial Modeling,US,SG,Accountant,883.82,USD,paypal,completed,6,3.7,False,176.76,level_2,11
TXN-1003183,2024-03-17,AI/ML Development,IL,NL,Data Scientist,29.05,USD,credit_card,completed,8,4.4,False,5.81,new_seller,11
TXN-1003185,2024-03-17,Translation,US,FR,Writer,112.97,USD,paypal,completed,3,4.8,False,22.59,level_2,11
TXN-1003195,2024-03-17,Video Production,US,GB,Designer,173.75,USD,credit_card,completed,8,4.3,True,34.75,new_seller,11
TXN-1003206,2024-03-17,Virtual Assistant,US,US,HR Manager,16.4,EUR,credit_card,completed,2,3.8,False,3.28,level_1,11
TXN-1003212,2024-03-17,AI/ML Development,DE,US,Data Scientist,123.77,USD,crypto,completed,10,4.6,False,24.75,level_2,11
TXN-1003226,2024-03-17,AI/ML Development,US,FR,Data Scientist,18.2,USD,paypal,completed,15,3.2,False,3.64,rising_talent,11
TXN-1003229,2024-03-17,Music Production,CA,US,Designer,251.32,EUR,paypal,completed,6,3.3,False,50.26,level_2,11
TXN-1003199,2024-03-17,Translation,US,US,Writer,523.03,USD,credit_card,completed,1,4.5,True,104.61,new_seller,11
TXN-1003368,2024-03-17,Legal Consulting,GB,IN,Lawyer,236.78,USD,credit_card,completed,17,3.3,False,47.36,level_1,11
TXN-1003289,2024-03-17,Photography,FR,DE,Designer,251.65,ILS,credit_card,completed,3,3.4,True,50.33,rising_talent,11
TXN-1003301,2024-03-17,Content Writing,MX,US,Writer,45.57,USD,paypal,completed,1,4.9,False,9.11,level_2,11
TXN-1003321,2024-03-17,Social Media Management,BR,US,Marketing Manager,520.45,EUR,paypal,completed,2,4.3,True,104.09,rising_talent,11
TXN-1003345,2024-03-17,Music Production,IL,US,Designer,698.44,USD,paypal,completed,18,3.7,False,139.69,level_2,11
TXN-1003353,2024-03-17,Financial Modeling,US,IN,Accountant,574.48,USD,credit_card,completed,8,3.1,True,114.9,level_2,11
TXN-1003366,2024-03-17,Web Development,BR,ES,Software Engineer,636.84,USD,credit_card,completed,21,2.5,False,127.37,level_1,11
TXN-1003237,2024-03-17,Video Production,US,GB,Designer,110.58,INR,paypal,cancelled,8,,True,22.12,new_seller,11
TXN-1003565,2024-03-18,SEO/SEM,AU,US,Marketing Manager,25.68,USD,credit_card,completed,18,4.2,False,5.14,new_seller,12
TXN-1003451,2024-03-18,Photography,GB,CA,Designer,196.78,USD,credit_card,completed,4,4.5,True,39.36,level_1,12
TXN-1003572,2024-03-18,Legal Consulting,CA,ES,Lawyer,198.35,ILS,credit_card,completed,14,4.7,False,39.67,level_1,12
TXN-1003574,2024-03-18,Mobile App,IN,GB,Software Engineer,1022.31,GBP,credit_card,completed,17,4.3,True,204.46,level_2,12
TXN-1003612,2024-03-18,Mobile App,FR,ES,Software Engineer,833.44,USD,paypal,cancelled,18,,False,166.69,level_1,12
TXN-1003581,2024-03-18,Social Media Management,BR,DE,Marketing Manager,320.43,USD,bank_transfer,completed,3,4.4,False,64.09,level_1,12
TXN-1003599,2024-03-18,Web Development,GB,US,Software Engineer,37.17,GBP,bank_transfer,completed,9,4.9,False,7.43,rising_talent,12
TXN-1003453,2024-03-18,Translation,JP,AU,Writer,127.58,USD,credit_card,cancelled,3,,True,25.52,new_seller,12
TXN-1003579,2024-03-18,Financial Modeling,NL,FR,Accountant,369.82,USD,paypal,completed,9,4.5,False,73.96,top_rated,12
TXN-1003564,2024-03-18,Music Production,ZA,SG,Designer,583.4,USD,paypal,completed,8,4.8,False,116.68,level_1,12
TXN-1003511,2024-03-18,AI/ML Development,US,GB,Data Scientist,147.3,USD,crypto,completed,23,4.3,False,29.46,rising_talent,12
TXN-1003557,2024-03-18,Financial Modeling,IL,US,Accountant,31.52,USD,paypal,completed,5,4.1,True,6.3,level_1,12
TXN-1003458,2024-03-18,SEO/SEM,ES,IL,Marketing Manager,37.33,USD,credit_card,completed,11,3.5,True,7.47,rising_talent,12
TXN-1003534,2024-03-18,Social Media Management,FR,US,Marketing Manager,214.75,USD,credit_card,completed,6,4.4,False,42.95,level_1,12
TXN-1003519,2024-03-18,Photography,NL,IN,Designer,284.37,USD,bank_transfer,completed,2,4.5,True,56.87,level_1,12
TXN-1003474,2024-03-18,Virtual Assistant,CA,GB,HR Manager,12.98,USD,bank_transfer,completed,4,4.1,False,2.6,top_rated,12
TXN-1003517,2024-03-18,Social Media Management,US,US,Marketing Manager,316.47,USD,paypal,completed,13,4.6,False,63.29,level_1,12
TXN-1003476,2024-03-18,Virtual Assistant,US,US,HR Manager,101.6,USD,paypal,completed,1,3.3,False,20.32,rising_talent,12
TXN-1003621,2024-03-18,AI/ML Development,FR,BR,Data Scientist,207.74,USD,paypal,completed,13,1.0,True,41.55,level_1,12
TXN-1003508,2024-03-18,Graphic Design,FR,US,Designer,76.12,USD,credit_card,completed,3,3.5,False,15.22,new_seller,12
TXN-1003482,2024-03-18,Social Media Management,US,IN,Marketing Manager,156.16,ILS,credit_card,completed,13,4.5,True,31.23,level_2,12
TXN-1003456,2024-03-18,Graphic Design,IN,MX,Designer,209.8,USD,bank_transfer,completed,8,4.0,False,41.96,level_1,12
TXN-1003626,2024-03-18,Graphic Design,FR,SG,Designer,43.56,EUR,credit_card,completed,3,4.7,True,8.71,level_1,12
TXN-1003488,2024-03-18,Mobile App,IN,IN,Software Engineer,1046.93,USD,credit_card,completed,22,4.6,False,209.39,level_2,12
TXN-1003415,2024-03-18,Financial Modeling,US,MX,Accountant,178.1,GBP,paypal,completed,11,3.4,False,35.62,rising_talent,12
TXN-1003433,2024-03-18,SEO/SEM,IN,IN,Marketing Manager,24.21,USD,credit_card,completed,4,3.2,True,4.84,level_1,12
TXN-1003630,2024-03-18,Data Analysis,GB,MX,Data Scientist,260.69,USD,paypal,completed,6,3.2,False,52.14,top_rated,12
TXN-1003660,2024-03-18,Legal Consulting,US,BR,Lawyer,725.47,USD,credit_card,completed,16,3.5,True,145.09,rising_talent,12
TXN-1003656,2024-03-18,Video Production,US,BR,Designer,124.21,USD,paypal,completed,5,4.2,False,24.84,rising_talent,12
TXN-1003644,2024-03-18,Translation,IL,US,Writer,280.24,USD,paypal,completed,2,4.4,False,56.05,level_2,12
TXN-1003427,2024-03-18,Virtual Assistant,ES,US,HR Manager,253.45,GBP,credit_card,completed,1,3.8,True,50.69,level_1,12
TXN-1003666,2024-03-18,SEO/SEM,IL,MX,Marketing Manager,388.56,USD,paypal,completed,9,4.1,False,77.71,level_1,12
TXN-1003646,2024-03-18,Music Production,BR,DE,Designer,59.26,USD,credit_card,completed,8,4.2,False,11.85,rising_talent,12
TXN-1003674,2024-03-18,SEO/SEM,DE,FR,Marketing Manager,895.53,USD,bank_transfer,completed,15,4.2,False,179.11,rising_talent,12
TXN-1003531,2024-03-19,Photography,BR,ES,Designer,9.59,USD,bank_transfer,completed,3,4.0,False,1.92,top_rated,12
TXN-1003527,2024-03-19,Virtual Assistant,DE,US,HR Manager,44.95,USD,credit_card,completed,1,4.0,False,8.99,new_seller,12
TXN-1003524,2024-03-19,Translation,US,US,Writer,95.69,USD,bank_transfer,completed,6,4.4,True,19.14,level_2,12
TXN-1003685,2024-03-19,Virtual Assistant,US,US,HR Manager,189.86,USD,bank_transfer,completed,3,4.5,False,37.97,level_1,12
TXN-1003520,2024-03-19,Data Analysis,US,US,Data Scientist,128.1,USD,bank_transfer,completed,7,4.1,False,25.62,top_rated,12
TXN-1003671,2024-03-19,Mobile App,IN,IN,Software Engineer,443.83,USD,bank_transfer,completed,20,3.6,True,88.77,rising_talent,12
TXN-1003634,2024-03-19,Photography,US,NL,Designer,141.86,USD,bank_transfer,completed,6,3.9,True,28.37,level_2,12
TXN-1003516,2024-03-19,Photography,ZA,US,Designer,180.88,USD,paypal,disputed,4,,True,36.18,top_rated,12
TXN-1003679,2024-03-19,Financial Modeling,NL,IN,Accountant,521.31,USD,credit_card,completed,5,4.0,True,104.26,level_1,12
TXN-1003683,2024-03-19,Mobile App,ZA,US,Software Engineer,98.28,USD,paypal,completed,17,4.1,False,19.66,level_1,12
TXN-1003506,2024-03-19,Data Analysis,US,US,Data Scientist,276.92,USD,credit_card,completed,9,4.2,False,55.38,rising_talent,12
TXN-1003497,2024-03-19,Data Analysis,IN,US,Data Scientist,167.46,USD,paypal,completed,9,3.6,True,33.49,level_1,12
TXN-1003489,2024-03-19,Social Media Management,US,CA,Marketing Manager,55.15,USD,paypal,completed,10,4.1,True,11.03,rising_talent,12
TXN-1003496,2024-03-19,Virtual Assistant,SG,GB,HR Manager,1232.85,USD,credit_card,completed,3,4.5,True,246.57,top_rated,12
TXN-1003491,2024-03-19,AI/ML Development,IN,SG,Data Scientist,28.67,USD,bank_transfer,completed,16,4.6,False,5.73,rising_talent,12
TXN-1003490,2024-03-19,Translation,US,NL,Writer,9.21,USD,bank_transfer,completed,3,4.6,False,1.84,level_2,12
TXN-1003672,2024-03-19,Mobile App,US,FR,Software Engineer,129.37,USD,paypal,completed,30,4.4,False,25.87,level_2,12
TXN-1003535,2024-03-19,Mobile App,US,US,Software Engineer,46.53,GBP,credit_card,completed,9,4.3,False,9.31,rising_talent,12
TXN-1003544,2024-03-19,Data Analysis,US,BR,Data Scientist,3309.72,EUR,paypal,completed,5,4.6,False,661.94,top_rated,12
TXN-1003538,2024-03-19,Graphic Design,AU,GB,Designer,64.1,USD,credit_card,completed,7,3.6,True,12.82,top_rated,12
TXN-1003610,2024-03-19,Financial Modeling,DE,FR,Accountant,56.82,USD,credit_card,completed,7,3.7,True,11.36,rising_talent,12
TXN-1003635,2024-03-19,Photography,US,US,Designer,299.81,USD,credit_card,completed,4,4.6,False,59.96,level_2,12
TXN-1003604,2024-03-19,Social Media Management,US,IN,Marketing Manager,109.94,USD,credit_card,completed,12,4.6,True,21.99,level_1,12
TXN-1003640,2024-03-19,Content Writing,US,US,Writer,62.07,EUR,credit_card,completed,2,4.1,False,12.41,level_2,12
TXN-1003598,2024-03-19,Mobile App,US,IL,Software Engineer,36.3,USD,credit_card,completed,29,4.7,True,7.26,level_1,12
TXN-1003585,2024-03-19,Social Media Management,FR,ZA,Marketing Manager,101.08,USD,credit_card,completed,5,4.0,True,20.22,level_1,12
TXN-1003641,2024-03-19,Photography,IN,ES,Designer,100.0,ILS,paypal,completed,4,2.8,False,20.0,level_2,12
TXN-1003643,2024-03-19,Data Analysis,BR,US,Data Scientist,318.16,USD,bank_transfer,completed,6,3.7,False,63.63,top_rated,12
TXN-1003571,2024-03-19,Graphic Design,DE,NL,Designer,92.38,USD,credit_card,completed,2,4.0,False,18.48,level_1,12
TXN-1003570,2024-03-19,Content Writing,US,US,Writer,159.06,USD,credit_card,completed,2,4.8,False,31.81,level_2,12
TXN-1003648,2024-03-19,Content Writing,SG,IN,Writer,39.53,ILS,bank_transfer,completed,3,4.7,True,7.91,level_2,12
TXN-1003653,2024-03-19,AI/ML Development,BR,AU,Data Scientist,56.02,USD,credit_card,completed,29,4.8,True,11.2,level_2,12
TXN-1003655,2024-03-19,AI/ML Development,US,GB,Data Scientist,278.03,USD,credit_card,completed,16,4.4,False,55.61,level_2,12
TXN-1003563,2024-03-19,Photography,US,US,Designer,137.62,USD,credit_card,completed,5,2.2,False,27.52,level_2,12
TXN-1003663,2024-03-19,Data Analysis,US,GB,Data Scientist,210.22,USD,credit_card,completed,9,3.7,True,42.04,top_rated,12
TXN-1003556,2024-03-19,Financial Modeling,FR,JP,Accountant,124.65,USD,paypal,completed,8,1.9,True,24.93,rising_talent,12
TXN-1003555,2024-03-19,Financial Modeling,IN,DE,Accountant,120.6,USD,credit_card,completed,13,4.5,True,24.12,new_seller,12
TXN-1003551,2024-03-19,Social Media Management,ES,JP,Marketing Manager,267.35,USD,credit_card,completed,11,3.9,True,53.47,rising_talent,12
TXN-1003541,2024-03-19,Translation,BR,ES,Writer,132.04,USD,credit_card,completed,3,4.5,True,26.41,rising_talent,12
TXN-1003536,2024-03-19,Virtual Assistant,US,SG,HR Manager,31.6,INR,crypto,completed,1,3.7,True,6.32,new_seller,12
TXN-1003609,2024-03-19,Financial Modeling,GB,GB,Accountant,87.45,EUR,credit_card,cancelled,9,,True,17.49,level_1,12
TXN-1003521,2024-03-19,Graphic Design,US,US,Designer,568.17,USD,credit_card,completed,2,4.1,True,113.63,new_seller,12
TXN-1003486,2024-03-19,Web Development,GB,GB,Software Engineer,266.72,USD,credit_card,completed,11,3.7,False,53.34,rising_talent,12
TXN-1003480,2024-03-19,AI/ML Development,GB,DE,Data Scientist,289.88,USD,paypal,completed,9,4.2,True,57.98,level_2,12
TXN-1003487,2024-03-19,Photography,US,ES,Designer,896.06,USD,credit_card,completed,5,4.4,True,179.21,level_2,12
TXN-1003435,2024-03-19,Virtual Assistant,IN,US,HR Manager,19.89,USD,paypal,completed,2,1.0,False,3.98,level_1,12
TXN-1003447,2024-03-19,Content Writing,IN,MX,Writer,255.92,USD,credit_card,completed,6,3.8,False,51.18,top_rated,12
TXN-1003441,2024-03-19,Photography,US,US,Designer,123.49,USD,credit_card,completed,1,3.2,False,24.7,rising_talent,12
TXN-1003426,2024-03-19,Web Development,SG,IL,Software Engineer,74.53,ILS,credit_card,completed,21,4.2,False,14.91,new_seller,12
TXN-1003481,2024-03-19,Web Development,BR,FR,Software Engineer,168.04,EUR,bank_transfer,completed,11,2.8,False,33.61,level_2,12
TXN-1003442,2024-03-19,Web Development,US,US,Software Engineer,80.69,USD,credit_card,completed,9,4.5,False,16.14,level_2,12
TXN-1003422,2024-03-19,Mobile App,JP,GB,Software Engineer,285.24,USD,credit_card,completed,30,4.8,False,57.05,level_2,12
TXN-1003420,2024-03-19,Virtual Assistant,US,SG,HR Manager,18.39,USD,credit_card,completed,1,3.8,True,3.68,level_1,12
TXN-1003460,2024-03-19,Data Analysis,US,US,Data Scientist,284.78,USD,bank_transfer,completed,7,4.5,True,56.96,level_1,12
TXN-1003554,2024-03-20,Photography,US,US,Designer,42.64,USD,paypal,completed,3,4.7,True,8.53,level_2,12
TXN-1003454,2024-03-20,Music Production,BR,ZA,Designer,7.84,ILS,paypal,completed,10,4.8,True,1.57,level_1,12
TXN-1003567,2024-03-20,Mobile App,IN,DE,Software Engineer,86.29,EUR,credit_card,completed,21,4.3,False,17.26,rising_talent,12
TXN-1003550,2024-03-20,Content Writing,MX,US,Writer,43.18,INR,paypal,completed,2,5.0,False,8.64,top_rated,12
TXN-1003462,2024-03-20,Graphic Design,SG,GB,Designer,93.93,USD,bank_transfer,completed,6,4.3,False,18.79,rising_talent,12
TXN-1003584,2024-03-20,Video Production,IN,GB,Designer,329.87,USD,paypal,completed,6,4.1,False,65.97,new_seller,12
TXN-1003467,2024-03-20,Music Production,US,US,Designer,283.6,USD,credit_card,completed,15,4.1,False,56.72,level_2,12
TXN-1003444,2024-03-20,Virtual Assistant,IN,FR,HR Manager,139.95,USD,bank_transfer,completed,2,4.7,True,27.99,new_seller,12
TXN-1003590,2024-03-20,Data Analysis,BR,GB,Data Scientist,13.14,USD,paypal,completed,8,4.0,True,2.63,level_2,12
TXN-1003678,2024-03-20,Web Development,GB,FR,Software Engineer,63.15,USD,crypto,completed,10,4.6,True,12.63,level_1,12
TXN-1003566,2024-03-20,Legal Consulting,DE,US,Lawyer,1003.55,USD,credit_card,completed,24,4.6,False,200.71,new_seller,12
TXN-1003620,2024-03-20,Music Production,IN,US,Designer,353.38,USD,credit_card,in_progress,9,,False,70.68,level_1,12
TXN-1003440,2024-03-20,Financial Modeling,IL,IL,Accountant,20.16,USD,credit_card,completed,6,4.1,False,4.03,new_seller,12
TXN-1003533,2024-03-20,Translation,US,NL,Writer,452.16,USD,credit_card,completed,5,3.9,False,90.43,new_seller,12
TXN-1003622,2024-03-20,Graphic Design,DE,IN,Designer,957.26,USD,credit_card,completed,7,4.4,False,191.45,rising_talent,12
TXN-1003632,2024-03-20,Financial Modeling,US,US,Accountant,526.25,GBP,paypal,completed,8,3.7,True,105.25,level_2,12
TXN-1003675,2024-03-20,SEO/SEM,US,NL,Marketing Manager,222.25,USD,paypal,completed,11,3.5,True,44.45,rising_talent,12
TXN-1003431,2024-03-20,Web Development,IN,US,Software Engineer,4859.51,USD,paypal,completed,12,4.9,False,971.9,top_rated,12
TXN-1003429,2024-03-20,Music Production,SG,SG,Designer,128.45,USD,crypto,completed,8,4.0,False,25.69,rising_talent,12
TXN-1003416,2024-03-20,Financial Modeling,JP,IN,Accountant,729.28,USD,credit_card,completed,9,4.6,False,145.86,rising_talent,12
TXN-1003423,2024-03-20,Data Analysis,NL,US,Data Scientist,32.52,USD,paypal,completed,8,3.3,False,6.5,level_2,12
TXN-1003657,2024-03-20,Photography,ZA,GB,Designer,65.17,USD,credit_card,completed,7,3.0,True,13.03,top_rated,12
TXN-1003658,2024-03-20,Content Writing,ES,NL,Writer,62.26,USD,bank_transfer,completed,1,4.2,True,12.45,rising_talent,12
TXN-1003417,2024-03-20,Virtual Assistant,ES,BR,HR Manager,199.95,USD,paypal,completed,2,3.5,False,39.99,level_1,12
TXN-1003606,2024-03-20,Content Writing,BR,US,Writer,35.62,USD,credit_card,completed,4,3.7,False,7.12,level_2,12
TXN-1003530,2024-03-20,Virtual Assistant,IN,US,HR Manager,67.04,USD,bank_transfer,completed,2,4.3,False,13.41,level_2,12
TXN-1003446,2024-03-20,Mobile App,GB,US,Software Engineer,12.04,EUR,paypal,completed,16,4.3,True,2.41,new_seller,12
TXN-1003498,2024-03-20,SEO/SEM,US,GB,Marketing Manager,85.75,GBP,bank_transfer,completed,8,3.8,False,17.15,level_1,12
TXN-1003507,2024-03-20,Music Production,US,NL,Designer,80.45,USD,crypto,completed,10,2.6,True,16.09,rising_talent,12
TXN-1003502,2024-03-20,Legal Consulting,MX,IN,Lawyer,187.05,USD,credit_card,completed,17,2.6,False,37.41,top_rated,12
TXN-1003500,2024-03-20,Music Production,DE,IN,Designer,71.95,USD,paypal,completed,17,2.8,True,14.39,level_2,12
TXN-1003689,2024-03-20,Mobile App,GB,CA,Software Engineer,154.97,EUR,paypal,completed,24,3.9,False,30.99,level_2,12
TXN-1003509,2024-03-20,Data Analysis,US,US,Data Scientist,420.36,USD,bank_transfer,completed,6,5.0,False,84.07,level_1,12
TXN-1003504,2024-03-20,Video Production,US,US,Designer,72.25,EUR,crypto,completed,5,4.9,True,14.45,level_1,12
TXN-1003526,2024-03-20,Virtual Assistant,FR,DE,HR Manager,452.52,USD,bank_transfer,completed,1,4.5,False,90.5,level_2,12
TXN-1003513,2024-03-21,Social Media Management,US,CA,Marketing Manager,121.26,USD,paypal,completed,11,4.1,False,24.25,level_1,12
TXN-1003414,2024-03-21,Mobile App,US,FR,Software Engineer,78.32,USD,credit_card,completed,15,4.0,False,15.66,level_2,12
TXN-1003619,2024-03-21,Legal Consulting,IN,US,Lawyer,99.27,USD,credit_card,completed,14,4.8,False,19.85,level_2,12
TXN-1003617,2024-03-21,Legal Consulting,FR,ES,Lawyer,251.64,USD,paypal,completed,15,4.4,False,50.33,level_2,12
TXN-1003613,2024-03-21,AI/ML Development,IN,SG,Data Scientist,667.61,USD,bank_transfer,completed,21,4.6,False,133.52,level_1,12
TXN-1003438,2024-03-21,Graphic Design,GB,IN,Designer,721.14,USD,paypal,completed,3,4.9,False,144.23,level_2,12
TXN-1003611,2024-03-21,Legal Consulting,US,US,Lawyer,12.07,USD,credit_card,completed,21,4.1,False,2.41,level_1,12
TXN-1003580,2024-03-21,AI/ML Development,GB,US,Data Scientist,126.86,USD,credit_card,completed,6,3.7,False,25.37,level_1,12
TXN-1003479,2024-03-21,Content Writing,US,US,Writer,94.18,USD,paypal,completed,2,3.7,False,18.84,level_1,12
TXN-1003608,2024-03-21,Video Production,NL,IL,Designer,118.86,USD,credit_card,completed,2,4.4,False,23.77,new_seller,12
TXN-1003582,2024-03-21,Music Production,US,GB,Designer,419.71,USD,credit_card,completed,11,4.8,False,83.94,top_rated,12
TXN-1003583,2024-03-21,Virtual Assistant,IN,US,HR Manager,82.22,ILS,credit_card,completed,1,3.7,True,16.44,top_rated,12
TXN-1003602,2024-03-21,Translation,US,IN,Writer,67.04,USD,credit_card,completed,3,3.8,False,13.41,level_1,12
TXN-1003478,2024-03-21,Music Production,NL,US,Designer,94.09,GBP,paypal,completed,11,4.6,False,18.82,level_2,12
TXN-1003597,2024-03-21,Financial Modeling,US,ZA,Accountant,926.53,USD,crypto,completed,8,3.9,True,185.31,new_seller,12
TXN-1003588,2024-03-21,Data Analysis,BR,US,Data Scientist,550.06,USD,credit_card,completed,6,4.8,False,110.01,level_2,12
TXN-1003528,2024-03-21,Mobile App,BR,CA,Software Engineer,2594.41,USD,paypal,completed,30,3.6,True,518.88,top_rated,12
TXN-1003624,2024-03-21,Financial Modeling,GB,ES,Accountant,77.34,USD,credit_card,completed,9,4.4,False,15.47,level_1,12
TXN-1003680,2024-03-21,AI/ML Development,US,US,Data Scientist,10.59,GBP,credit_card,completed,20,4.3,True,2.12,rising_talent,12
TXN-1003419,2024-03-21,Mobile App,IN,IN,Software Engineer,426.1,USD,paypal,completed,17,4.0,False,85.22,rising_talent,12
TXN-1003421,2024-03-21,Social Media Management,ZA,CA,Marketing Manager,74.53,USD,bank_transfer,completed,9,3.9,True,14.91,level_2,12
TXN-1003484,2024-03-21,Music Production,FR,JP,Designer,115.89,ILS,credit_card,completed,8,4.5,False,23.18,rising_talent,12
TXN-1003492,2024-03-21,Legal Consulting,DE,FR,Lawyer,20.16,USD,paypal,completed,13,3.7,True,4.03,level_1,12
TXN-1003493,2024-03-21,Translation,IN,US,Writer,177.61,EUR,paypal,completed,3,4.8,False,35.52,level_1,12
TXN-1003654,2024-03-21,Content Writing,DE,FR,Writer,51.68,USD,credit_card,completed,2,4.7,False,10.34,level_1,12
TXN-1003424,2024-03-21,Virtual Assistant,US,AU,HR Manager,68.66,ILS,crypto,completed,1,5.0,False,13.73,top_rated,12
TXN-1003652,2024-03-21,Legal Consulting,MX,DE,Lawyer,124.57,USD,crypto,completed,9,4.7,False,24.91,level_2,12
TXN-1003623,2024-03-21,Web Development,DE,US,Software Engineer,5.92,USD,credit_card,completed,27,2.8,False,1.18,level_1,12
TXN-1003483,2024-03-21,SEO/SEM,NL,US,Marketing Manager,377.54,USD,credit_card,completed,119,4.6,False,75.51,level_2,12
TXN-1003428,2024-03-21,Virtual Assistant,ZA,US,HR Manager,53.55,USD,paypal,completed,2,3.4,False,10.71,level_2,12
TXN-1003499,2024-03-21,Translation,US,IN,Writer,169.13,USD,paypal,completed,2,4.3,True,33.83,level_2,12
TXN-1003639,2024-03-21,Social Media Management,AU,NL,Marketing Manager,44.3,ILS,credit_card,completed,7,4.7,True,8.86,level_2,12
TXN-1003637,2024-03-21,AI/ML Development,IN,GB,Data Scientist,271.0,EUR,paypal,completed,11,4.0,True,54.2,level_2,12
TXN-1003636,2024-03-21,Data Analysis,IN,GB,Data Scientist,604.95,USD,credit_card,completed,2,4.2,False,120.99,top_rated,12
TXN-1003434,2024-03-21,Virtual Assistant,MX,IN,HR Manager,91.4,USD,credit_card,completed,3,3.6,False,18.28,rising_talent,12
TXN-1003503,2024-03-21,Music Production,JP,ZA,Designer,608.09,USD,credit_card,completed,14,3.4,False,121.62,level_1,12
TXN-1003627,2024-03-21,Mobile App,NL,ZA,Software Engineer,73.52,USD,credit_card,completed,30,4.5,False,14.7,level_2,12
TXN-1003425,2024-03-21,Financial Modeling,US,US,Accountant,41.77,USD,credit_card,completed,17,4.5,False,8.35,level_2,12
TXN-1003575,2024-03-21,SEO/SEM,US,FR,Marketing Manager,88.25,GBP,credit_card,completed,12,3.6,False,17.65,level_1,12
TXN-1003512,2024-03-21,Music Production,FR,US,Designer,3599.17,USD,credit_card,completed,12,4.1,False,719.83,level_2,12
TXN-1003540,2024-03-21,Web Development,MX,IN,Software Engineer,17.37,USD,credit_card,completed,9,4.5,False,3.47,new_seller,12
TXN-1003560,2024-03-21,Financial Modeling,GB,US,Accountant,1186.3,USD,paypal,completed,9,4.3,True,237.26,rising_talent,12
TXN-1003472,2024-03-21,Web Development,GB,US,Software Engineer,142.73,USD,credit_card,disputed,12,,False,28.55,level_1,12
TXN-1003475,2024-03-21,Data Analysis,IN,IN,Data Scientist,264.37,USD,paypal,completed,9,4.6,False,52.87,rising_talent,12
TXN-1003459,2024-03-21,Social Media Management,IL,AU,Marketing Manager,105.48,USD,bank_transfer,completed,4,4.3,False,21.1,rising_talent,12
TXN-1003568,2024-03-21,Graphic Design,AU,BR,Designer,94.97,USD,bank_transfer,completed,5,4.6,False,18.99,rising_talent,12
TXN-1003522,2024-03-21,Data Analysis,GB,IN,Data Scientist,12.4,EUR,credit_card,completed,7,4.7,True,2.48,rising_talent,12
TXN-1003539,2024-03-21,SEO/SEM,CA,US,Marketing Manager,362.39,USD,paypal,completed,6,4.9,True,72.48,level_2,12
TXN-1003525,2024-03-21,SEO/SEM,IL,ES,Marketing Manager,63.35,USD,credit_card,completed,9,4.3,False,12.67,level_2,12
TXN-1003464,2024-03-21,Financial Modeling,US,US,Accountant,96.81,USD,paypal,completed,13,4.4,False,19.36,rising_talent,12
TXN-1003569,2024-03-21,Data Analysis,IN,IN,Data Scientist,40.39,USD,credit_card,completed,4,2.6,False,8.08,level_1,12
TXN-1003450,2024-03-21,Translation,US,ES,Writer,243.68,GBP,credit_card,completed,4,2.5,False,48.74,rising_talent,12
TXN-1003449,2024-03-21,Web Development,US,FR,Software Engineer,224.84,USD,credit_card,completed,20,4.4,False,44.97,level_2,12
TXN-1003529,2024-03-21,Mobile App,AU,GB,Software Engineer,1033.76,USD,paypal,completed,24,4.8,False,206.75,rising_talent,12
TXN-1003448,2024-03-21,Content Writing,FR,DE,Writer,37.65,USD,paypal,completed,7,4.5,False,7.53,level_1,12
TXN-1003537,2024-03-21,Translation,BR,ES,Writer,110.55,USD,credit_card,completed,2,4.6,True,22.11,top_rated,12
TXN-1003457,2024-03-22,Translation,US,US,Writer,477.29,USD,credit_card,completed,5,4.3,False,95.46,level_1,12
TXN-1003437,2024-03-22,Legal Consulting,US,US,Lawyer,32.96,USD,paypal,completed,21,4.7,True,6.59,rising_talent,12
TXN-1003495,2024-03-22,Virtual Assistant,IL,JP,HR Manager,36.46,USD,credit_card,cancelled,4,,True,7.29,new_seller,12
TXN-1003615,2024-03-22,SEO/SEM,IN,ZA,Marketing Manager,806.65,USD,paypal,completed,4,3.4,True,161.33,new_seller,12
TXN-1003465,2024-03-22,Web Development,DE,US,Software Engineer,135.96,USD,credit_card,completed,13,4.5,False,27.19,level_2,12
TXN-1003413,2024-03-22,SEO/SEM,SG,US,Marketing Manager,90.76,ILS,credit_card,completed,2,4.0,False,18.15,level_1,12
TXN-1003625,2024-03-22,Video Production,AU,US,Designer,56.72,USD,credit_card,completed,17,3.9,False,11.34,level_2,12
TXN-1003494,2024-03-22,Data Analysis,GB,CA,Data Scientist,96.47,USD,paypal,completed,8,4.3,False,19.29,rising_talent,12
TXN-1003631,2024-03-22,Translation,ZA,US,Writer,90.14,USD,paypal,completed,1,4.2,False,18.03,top_rated,12
TXN-1003629,2024-03-22,Legal Consulting,GB,US,Lawyer,27.16,EUR,credit_card,completed,22,3.6,False,5.43,level_2,12
TXN-1003549,2024-03-22,Video Production,GB,IL,Designer,19.47,USD,credit_card,completed,5,4.2,False,3.89,rising_talent,12
TXN-1003548,2024-03-22,SEO/SEM,SG,US,Marketing Manager,511.5,USD,bank_transfer,completed,18,4.1,False,102.3,new_seller,12
TXN-1003651,2024-03-22,Legal Consulting,CA,IN,Lawyer,2391.8,USD,credit_card,completed,12,4.0,True,478.36,level_1,12
TXN-1003547,2024-03-22,Music Production,GB,BR,Designer,75.27,USD,credit_card,completed,8,3.0,False,15.05,level_2,12
TXN-1003501,2024-03-22,Financial Modeling,IN,US,Accountant,252.43,USD,credit_card,completed,8,4.8,True,50.49,level_1,12
TXN-1003638,2024-03-22,SEO/SEM,SG,GB,Marketing Manager,167.13,USD,credit_card,completed,14,4.1,False,33.43,level_2,12
TXN-1003523,2024-03-22,Photography,US,IN,Designer,133.56,EUR,credit_card,completed,2,4.8,True,26.71,level_1,12
TXN-1003430,2024-03-22,Translation,SG,IN,Writer,1032.51,USD,credit_card,completed,3,4.1,True,206.5,rising_talent,12
TXN-1003642,2024-03-22,SEO/SEM,SG,DE,Marketing Manager,459.3,EUR,credit_card,completed,8,4.5,False,91.86,level_1,12
TXN-1003628,2024-03-22,Data Analysis,FR,IN,Data Scientist,105.21,USD,credit_card,completed,10,4.5,False,21.04,level_2,12
TXN-1003614,2024-03-22,Content Writing,US,US,Writer,104.72,USD,paypal,completed,2,4.7,False,20.94,level_1,12
TXN-1003669,2024-03-22,Web Development,US,IL,Software Engineer,1090.0,EUR,credit_card,completed,6,4.6,False,218.0,level_2,12
TXN-1003559,2024-03-22,Financial Modeling,DE,GB,Accountant,177.13,USD,credit_card,completed,17,4.8,False,35.43,rising_talent,12
TXN-1003418,2024-03-22,Web Development,US,IN,Software Engineer,93.68,USD,credit_card,completed,17,3.6,False,18.74,level_2,12
TXN-1003445,2024-03-22,Social Media Management,AU,NL,Marketing Manager,23.91,USD,paypal,completed,15,3.0,True,4.78,new_seller,12
TXN-1003665,2024-03-22,Web Development,SG,IN,Software Engineer,590.96,GBP,credit_card,completed,30,3.8,True,118.19,top_rated,12
TXN-1003690,2024-03-22,Music Production,NL,US,Designer,435.74,USD,crypto,completed,10,4.2,False,87.15,level_2,12
TXN-1003586,2024-03-22,Video Production,DE,US,Designer,23.28,INR,paypal,completed,5,3.5,True,4.66,level_1,12
TXN-1003587,2024-03-22,Content Writing,US,NL,Writer,823.4,USD,credit_card,completed,2,4.2,False,164.68,level_1,12
TXN-1003664,2024-03-22,Social Media Management,IN,FR,Marketing Manager,275.03,USD,bank_transfer,completed,11,4.4,True,55.01,rising_talent,12
TXN-1003591,2024-03-22,Graphic Design,US,IN,Designer,10.21,GBP,bank_transfer,completed,4,4.6,True,2.04,new_seller,12
TXN-1003592,2024-03-22,AI/ML Development,IN,ES,Data Scientist,277.47,USD,credit_card,completed,18,3.1,True,55.49,level_1,12
TXN-1003485,2024-03-22,Social Media Management,IN,US,Marketing Manager,10.88,USD,bank_transfer,completed,9,4.6,False,2.18,top_rated,12
TXN-1003662,2024-03-22,Data Analysis,US,US,Data Scientist,349.38,USD,paypal,completed,2,5.0,False,69.88,level_1,12
TXN-1003595,2024-03-22,Music Production,IN,US,Designer,305.33,USD,credit_card,completed,22,4.2,False,61.07,new_seller,12
TXN-1003558,2024-03-22,Photography,CA,GB,Designer,193.16,USD,credit_card,completed,2,3.9,True,38.63,rising_talent,12
TXN-1003596,2024-03-22,Music Production,IN,GB,Designer,42.31,USD,credit_card,completed,20,4.0,False,8.46,new_seller,12
TXN-1003688,2024-03-22,SEO/SEM,BR,SG,Marketing Manager,108.63,EUR,credit_card,completed,5,4.8,True,21.73,level_2,12
TXN-1003452,2024-03-22,Web Development,IN,ES,Software Engineer,479.68,USD,credit_card,completed,16,4.3,True,95.94,level_1,12
TXN-1003600,2024-03-22,Video Production,US,US,Designer,251.87,GBP,paypal,completed,6,4.8,True,50.37,level_2,12
TXN-1003661,2024-03-22,Virtual Assistant,SG,IN,HR Manager,691.99,EUR,credit_card,completed,4,2.9,False,138.4,rising_talent,12
TXN-1003473,2024-03-22,Data Analysis,DE,AU,Data Scientist,670.97,USD,credit_card,completed,13,3.6,False,134.19,level_1,12
TXN-1003603,2024-03-22,Virtual Assistant,ZA,MX,HR Manager,1104.53,USD,credit_card,completed,1,3.9,False,220.91,level_2,12
TXN-1003455,2024-03-22,Video Production,DE,US,Designer,150.54,USD,paypal,completed,11,4.6,False,30.11,level_1,12
TXN-1003562,2024-03-22,Music Production,JP,US,Designer,754.61,USD,credit_card,cancelled,6,,False,150.92,level_2,12
TXN-1003681,2024-03-22,Photography,IN,DE,Designer,252.52,USD,paypal,completed,2,4.9,False,50.5,level_1,12
TXN-1003542,2024-03-22,Content Writing,IN,US,Writer,346.21,EUR,credit_card,disputed,2,,True,69.24,level_2,12
TXN-1003518,2024-03-22,AI/ML Development,DE,US,Data Scientist,83.98,USD,credit_card,completed,11,3.5,True,16.8,rising_talent,12
TXN-1003677,2024-03-22,Web Development,US,US,Software Engineer,228.12,EUR,bank_transfer,completed,22,3.1,False,45.62,top_rated,12
TXN-1003468,2024-03-23,Translation,DE,IN,Writer,230.77,USD,credit_card,completed,3,4.3,False,46.15,level_1,12
TXN-1003687,2024-03-23,AI/ML Development,GB,US,Data Scientist,114.44,USD,credit_card,completed,17,4.6,False,22.89,level_2,12
TXN-1003647,2024-03-23,SEO/SEM,BR,US,Marketing Manager,779.01,USD,credit_card,completed,11,2.9,False,155.8,new_seller,12
TXN-1003470,2024-03-23,Mobile App,SG,IL,Software Engineer,23.93,USD,bank_transfer,completed,26,3.4,False,4.79,top_rated,12
TXN-1003573,2024-03-23,Legal Consulting,IN,GB,Lawyer,408.22,USD,bank_transfer,completed,19,2.4,False,81.64,level_2,12
TXN-1003463,2024-03-23,Social Media Management,ZA,US,Marketing Manager,182.72,USD,paypal,completed,10,4.7,False,36.54,level_2,12
TXN-1003577,2024-03-23,Graphic Design,IL,AU,Designer,256.29,USD,credit_card,completed,4,2.2,False,51.26,level_1,12
TXN-1003668,2024-03-23,Photography,US,MX,Designer,365.26,USD,paypal,completed,5,4.5,False,73.05,level_2,12
TXN-1003515,2024-03-23,Music Production,US,FR,Designer,49.09,USD,credit_card,completed,9,4.9,False,9.82,level_2,12
TXN-1003589,2024-03-23,SEO/SEM,IL,NL,Marketing Manager,5.34,EUR,paypal,completed,8,3.7,False,1.07,new_seller,12
TXN-1003593,2024-03-23,Mobile App,MX,FR,Software Engineer,299.55,USD,credit_card,completed,13,3.9,True,59.91,level_2,12
TXN-1003594,2024-03-23,Mobile App,US,JP,Software Engineer,774.82,USD,paypal,cancelled,12,,False,154.96,level_1,12
TXN-1003601,2024-03-23,Music Production,IN,ZA,Designer,132.89,USD,credit_card,completed,17,3.9,False,26.58,level_2,12
TXN-1003510,2024-03-23,Content Writing,US,JP,Writer,237.45,EUR,paypal,completed,3,3.9,False,47.49,level_2,12
TXN-1003605,2024-03-23,Music Production,US,AU,Designer,641.46,USD,credit_card,completed,10,3.4,False,128.29,level_1,12
TXN-1003607,2024-03-23,Legal Consulting,IN,GB,Lawyer,19.89,USD,credit_card,completed,9,4.4,False,3.98,level_1,12
TXN-1003616,2024-03-23,Financial Modeling,DE,SG,Accountant,764.78,USD,credit_card,completed,8,4.3,True,152.96,level_1,12
TXN-1003618,2024-03-23,AI/ML Development,US,DE,Data Scientist,282.4,USD,paypal,completed,21,4.8,False,56.48,level_2,12
TXN-1003477,2024-03-23,Graphic Design,DE,FR,Designer,339.3,USD,bank_transfer,completed,7,4.1,True,67.86,level_2,12
TXN-1003552,2024-03-23,Financial Modeling,US,IN,Accountant,107.55,USD,credit_card,completed,11,3.8,True,21.51,new_seller,12
TXN-1003633,2024-03-23,Translation,US,FR,Writer,26.33,USD,paypal,completed,5,3.4,False,5.27,level_1,12
TXN-1003546,2024-03-23,Virtual Assistant,BR,US,HR Manager,642.37,USD,credit_card,completed,1,3.3,False,128.47,level_1,12
TXN-1003684,2024-03-23,SEO/SEM,GB,IN,Marketing Manager,100.43,USD,paypal,completed,14,3.5,False,20.09,level_1,12
TXN-1003543,2024-03-23,Social Media Management,ES,SG,Marketing Manager,113.84,EUR,bank_transfer,completed,6,4.7,False,22.77,level_1,12
TXN-1003645,2024-03-23,Data Analysis,GB,US,Data Scientist,349.56,ILS,bank_transfer,completed,9,4.0,False,69.91,new_seller,12
TXN-1003686,2024-03-24,Music Production,FR,JP,Designer,355.17,USD,credit_card,completed,22,3.5,False,71.03,level_1,12
TXN-1003676,2024-03-24,Web Development,US,US,Software Engineer,393.02,USD,credit_card,completed,7,4.2,False,78.6,new_seller,12
TXN-1003673,2024-03-24,Mobile App,US,DE,Software Engineer,916.42,USD,paypal,completed,30,3.6,False,183.28,level_2,12
TXN-1003682,2024-03-24,Financial Modeling,SG,BR,Accountant,59.15,USD,bank_transfer,completed,5,4.4,True,11.83,level_2,12
TXN-1003650,2024-03-24,Translation,US,AU,Writer,49.63,USD,bank_transfer,completed,1,3.7,False,9.93,top_rated,12
TXN-1003667,2024-03-24,Content Writing,NL,GB,Writer,104.16,USD,paypal,completed,5,3.8,False,20.83,level_1,12
TXN-1003505,2024-03-24,Web Development,IN,IN,Software Engineer,185.5,GBP,bank_transfer,completed,16,4.1,True,37.1,level_2,12
TXN-1003670,2024-03-24,Music Production,DE,US,Designer,61.68,USD,bank_transfer,completed,9,4.4,False,12.34,level_1,12
TXN-1003514,2024-03-24,Music Production,US,BR,Designer,152.15,INR,paypal,completed,30,3.5,False,30.43,rising_talent,12
TXN-1003471,2024-03-24,Social Media Management,CA,US,Marketing Manager,31.86,USD,paypal,completed,4,4.6,False,6.37,rising_talent,12
TXN-1003469,2024-03-24,Music Production,US,US,Designer,103.89,GBP,crypto,completed,17,4.7,False,20.78,level_2,12
TXN-1003532,2024-03-24,Web Development,US,IN,Software Engineer,325.37,EUR,credit_card,completed,13,3.9,True,65.07,rising_talent,12
TXN-1003545,2024-03-24,Music Production,GB,IL,Designer,1168.24,INR,bank_transfer,completed,11,3.5,False,233.65,top_rated,12
TXN-1003461,2024-03-24,AI/ML Development,US,MX,Data Scientist,1605.12,USD,paypal,completed,19,4.7,True,321.02,level_2,12
TXN-1003553,2024-03-24,Mobile App,ES,US,Software Engineer,475.62,GBP,crypto,completed,9,3.4,False,95.12,level_1,12
TXN-1003466,2024-03-24,Financial Modeling,CA,US,Accountant,54.82,USD,credit_card,completed,9,4.4,False,10.96,level_2,12
TXN-1003576,2024-03-24,Graphic Design,FR,CA,Designer,94.62,USD,bank_transfer,completed,11,4.7,True,18.92,rising_talent,12
TXN-1003561,2024-03-24,AI/ML Development,MX,CA,Data Scientist,118.55,USD,credit_card,completed,11,3.8,False,23.71,level_2,12
TXN-1003649,2024-03-24,Content Writing,US,US,Writer,308.44,GBP,paypal,completed,3,3.4,True,61.69,rising_talent,12
TXN-1003432,2024-03-24,Financial Modeling,IL,IN,Accountant,80.24,USD,bank_transfer,completed,5,4.2,False,16.05,level_1,12
TXN-1003436,2024-03-24,Legal Consulting,IN,ZA,Lawyer,105.69,USD,paypal,completed,22,4.3,True,21.14,level_1,12
TXN-1003659,2024-03-24,Web Development,IL,MX,Software Engineer,4559.28,USD,paypal,completed,14,3.7,False,911.86,level_1,12
TXN-1003443,2024-03-24,Content Writing,DE,US,Writer,104.98,USD,credit_card,completed,4,3.3,False,21.0,level_1,12
TXN-1003578,2024-03-24,Web Development,CA,IN,Software Engineer,185.72,ILS,credit_card,completed,9,3.9,False,37.14,level_2,12
TXN-1003439,2024-03-24,SEO/SEM,DE,CA,Marketing Manager,31.64,USD,credit_card,completed,5,4.4,True,6.33,level_1,12
TXN-1003875,2024-03-25,AI/ML Development,FR,BR,Data Scientist,50.66,USD,credit_card,completed,15,2.5,False,10.13,new_seller,13
TXN-1003739,2024-03-25,Mobile App,IN,US,Software Engineer,885.24,USD,paypal,completed,21,4.6,True,177.05,level_1,13
TXN-1003733,2024-03-25,Financial Modeling,GB,DE,Accountant,294.36,USD,paypal,completed,10,3.5,False,58.87,level_1,13
TXN-1003746,2024-03-25,Content Writing,DE,MX,Writer,1024.73,USD,credit_card,completed,2,4.3,False,204.95,level_1,13
TXN-1003914,2024-03-25,Social Media Management,DE,CA,Marketing Manager,323.63,USD,credit_card,completed,5,4.5,False,64.73,level_1,13
TXN-1003752,2024-03-25,Mobile App,SG,GB,Software Engineer,353.64,USD,paypal,completed,22,4.2,False,70.73,rising_talent,13
TXN-1003753,2024-03-25,Mobile App,IN,DE,Software Engineer,527.36,USD,credit_card,completed,21,4.0,True,105.47,level_1,13
TXN-1003756,2024-03-25,Video Production,IN,US,Designer,188.53,GBP,paypal,completed,5,4.1,True,37.71,level_1,13
TXN-1003760,2024-03-25,AI/ML Development,US,BR,Data Scientist,190.8,USD,credit_card,completed,13,3.9,True,38.16,level_1,13
TXN-1003881,2024-03-25,Legal Consulting,AU,BR,Lawyer,38.12,USD,credit_card,completed,10,4.4,False,7.62,level_2,13
TXN-1003762,2024-03-25,Content Writing,US,GB,Writer,1035.72,USD,credit_card,completed,3,3.6,False,207.14,level_2,13
TXN-1003874,2024-03-25,Photography,IN,AU,Designer,184.85,EUR,credit_card,completed,6,3.4,False,36.97,rising_talent,13
TXN-1003848,2024-03-25,Financial Modeling,AU,US,Accountant,15.34,GBP,credit_card,completed,15,4.5,False,3.07,top_rated,13
TXN-1003772,2024-03-25,Translation,BR,US,Writer,135.88,USD,credit_card,completed,2,4.0,False,27.18,level_1,13
TXN-1003776,2024-03-25,SEO/SEM,NL,FR,Marketing Manager,138.25,USD,credit_card,completed,5,2.5,False,27.65,level_2,13
TXN-1003777,2024-03-25,Data Analysis,NL,DE,Data Scientist,691.77,USD,paypal,completed,8,4.9,True,138.35,level_2,13
TXN-1003867,2024-03-25,Financial Modeling,IN,SG,Accountant,27.07,USD,credit_card,completed,16,3.0,True,5.41,level_1,13
TXN-1003861,2024-03-25,Photography,ZA,IN,Designer,893.98,USD,credit_card,completed,4,2.9,True,178.8,level_1,13
TXN-1003856,2024-03-25,Data Analysis,IN,GB,Data Scientist,41.2,USD,crypto,completed,4,3.8,False,8.24,level_2,13
TXN-1003852,2024-03-25,Web Development,MX,IN,Software Engineer,231.32,USD,bank_transfer,completed,7,3.4,False,46.26,rising_talent,13
TXN-1003730,2024-03-25,Graphic Design,BR,IN,Designer,245.59,GBP,paypal,completed,3,3.0,True,49.12,new_seller,13
TXN-1003842,2024-03-25,SEO/SEM,FR,GB,Marketing Manager,502.55,EUR,paypal,completed,9,4.6,False,100.51,rising_talent,13
TXN-1003834,2024-03-25,Graphic Design,IN,SG,Designer,163.89,USD,credit_card,completed,5,4.3,False,32.78,level_2,13
TXN-1003803,2024-03-25,Translation,CA,IN,Writer,295.49,GBP,bank_transfer,completed,2,4.4,False,59.1,new_seller,13
TXN-1003805,2024-03-25,AI/ML Development,ZA,FR,Data Scientist,137.71,USD,credit_card,completed,13,4.8,False,27.54,new_seller,13
TXN-1003809,2024-03-25,Financial Modeling,IN,CA,Accountant,1056.2,GBP,paypal,disputed,11,,False,211.24,level_1,13
TXN-1003871,2024-03-25,Content Writing,US,IN,Writer,111.11,USD,paypal,completed,1,3.5,False,22.22,rising_talent,13
TXN-1003941,2024-03-25,AI/ML Development,IN,IN,Data Scientist,239.25,USD,credit_card,completed,27,4.3,True,47.85,rising_talent,13
TXN-1003813,2024-03-25,Legal Consulting,IN,IN,Lawyer,24.15,USD,credit_card,completed,23,4.7,True,4.83,rising_talent,13
TXN-1003998,2024-03-25,SEO/SEM,IN,IL,Marketing Manager,210.96,USD,paypal,completed,4,4.0,False,42.19,level_1,13
TXN-1003973,2024-03-25,Photography,DE,US,Designer,80.29,USD,paypal,completed,2,4.5,True,16.06,level_2,13
TXN-1003701,2024-03-25,Photography,JP,BR,Designer,62.52,USD,paypal,completed,3,3.5,False,12.5,level_1,13
TXN-1003997,2024-03-25,Photography,DE,US,Designer,30.84,EUR,credit_card,completed,8,3.9,False,6.17,level_2,13
TXN-1003968,2024-03-25,Photography,IN,DE,Designer,0.01,USD,credit_card,completed,3,3.8,True,0.0,level_1,13
TXN-1003705,2024-03-25,Music Production,US,NL,Designer,22.17,USD,credit_card,completed,10,3.8,False,4.43,rising_talent,13
TXN-1003981,2024-03-25,Web Development,BR,GB,Software Engineer,354.27,USD,credit_card,completed,20,4.4,False,70.85,level_2,13
TXN-1003958,2024-03-25,Data Analysis,US,BR,Data Scientist,69.2,USD,bank_transfer,completed,6,4.6,False,13.84,level_2,13
TXN-1003976,2024-03-26,Photography,BR,BR,Designer,232.38,EUR,crypto,completed,3,4.2,True,46.48,level_1,13
TXN-1003876,2024-03-26,Data Analysis,CA,GB,Data Scientist,25.28,ILS,bank_transfer,completed,8,4.3,False,5.06,level_1,13
TXN-1003692,2024-03-26,AI/ML Development,ES,CA,Data Scientist,280.53,ILS,paypal,completed,9,4.8,False,56.11,level_1,13
TXN-1003836,2024-03-26,Data Analysis,US,US,Data Scientist,98.88,USD,paypal,completed,8,4.4,True,19.78,new_seller,13
TXN-1003706,2024-03-26,Legal Consulting,IN,GB,Lawyer,834.36,USD,credit_card,completed,12,4.6,True,166.87,level_2,13
TXN-1003707,2024-03-26,Mobile App,BR,AU,Software Engineer,47.26,USD,credit_card,completed,19,3.6,True,9.45,level_2,13
TXN-1003832,2024-03-26,Virtual Assistant,MX,IN,HR Manager,36.06,USD,bank_transfer,completed,1,4.3,False,7.21,new_seller,13
TXN-1003826,2024-03-26,Music Production,US,DE,Designer,257.53,ILS,credit_card,completed,8,1.0,False,51.51,level_2,13
TXN-1003764,2024-03-26,Social Media Management,DE,US,Marketing Manager,272.49,EUR,credit_card,completed,4,4.4,False,54.5,level_1,13
TXN-1003769,2024-03-26,Data Analysis,MX,FR,Data Scientist,214.31,USD,bank_transfer,completed,5,3.2,True,42.86,new_seller,13
TXN-1003741,2024-03-26,Content Writing,IN,US,Writer,204.77,USD,bank_transfer,completed,5,4.6,False,40.95,level_1,13
TXN-1003757,2024-03-26,Music Production,AU,BR,Designer,46.55,USD,crypto,completed,19,4.4,True,9.31,level_1,13
TXN-1003702,2024-03-26,Financial Modeling,DE,US,Accountant,167.4,USD,paypal,completed,8,4.5,False,33.48,top_rated,13
TXN-1003773,2024-03-26,Data Analysis,IL,IN,Data Scientist,5.0,USD,credit_card,completed,7,4.3,True,1.0,level_1,13
TXN-1003774,2024-03-26,Photography,CA,GB,Designer,116.92,USD,paypal,completed,2,4.4,True,23.38,level_2,13
TXN-1003869,2024-03-26,Photography,FR,BR,Designer,154.51,USD,credit_card,completed,2,3.8,True,30.9,rising_talent,13
TXN-1003779,2024-03-26,Content Writing,BR,GB,Writer,188.31,USD,credit_card,completed,8,4.1,False,37.66,level_2,13
TXN-1003781,2024-03-26,Web Development,CA,BR,Software Engineer,16.08,USD,bank_transfer,completed,13,3.5,True,3.22,level_2,13
TXN-1003782,2024-03-26,Translation,US,GB,Writer,148.98,USD,paypal,completed,3,4.2,True,29.8,level_1,13
TXN-1003783,2024-03-26,Web Development,US,IN,Software Engineer,240.28,USD,paypal,completed,10,4.6,False,48.06,level_1,13
TXN-1003698,2024-03-26,Virtual Assistant,MX,US,HR Manager,353.17,USD,credit_card,completed,3,3.5,True,70.63,level_2,13
TXN-1003865,2024-03-26,Video Production,MX,NL,Designer,233.32,ILS,credit_card,completed,2,4.2,True,46.66,level_1,13
TXN-1003787,2024-03-26,Legal Consulting,ES,SG,Lawyer,118.86,EUR,paypal,completed,11,4.6,False,23.77,new_seller,13
TXN-1003694,2024-03-26,Legal Consulting,GB,US,Lawyer,358.24,EUR,credit_card,completed,22,4.5,False,71.65,new_seller,13
TXN-1003990,2024-03-26,Photography,US,US,Designer,193.84,USD,paypal,completed,5,4.7,True,38.77,rising_talent,13
TXN-1003770,2024-03-26,AI/ML Development,US,ZA,Data Scientist,203.73,USD,credit_card,completed,13,4.7,False,40.75,level_1,13
TXN-1003991,2024-03-26,Virtual Assistant,CA,US,HR Manager,170.87,EUR,bank_transfer,completed,2,3.6,True,34.17,level_2,13
TXN-1003892,2024-03-26,Virtual Assistant,CA,ES,HR Manager,38.95,ILS,credit_card,completed,1,4.2,False,7.79,level_1,13
TXN-1003806,2024-03-26,Web Development,ES,IN,Software Engineer,300.29,USD,credit_card,completed,18,4.7,False,60.06,level_1,13
TXN-1003820,2024-03-26,Virtual Assistant,SG,CA,HR Manager,252.9,USD,paypal,completed,2,3.5,False,50.58,level_2,13
TXN-1003723,2024-03-26,Photography,IN,FR,Designer,72.48,USD,bank_transfer,completed,4,4.1,False,14.5,new_seller,13
TXN-1003949,2024-03-26,Video Production,GB,FR,Designer,387.2,USD,bank_transfer,completed,6,4.6,False,77.44,rising_talent,13
TXN-1003948,2024-03-26,Photography,IN,US,Designer,230.31,EUR,crypto,completed,5,4.3,False,46.06,top_rated,13
TXN-1003947,2024-03-26,AI/ML Development,GB,FR,Data Scientist,1533.15,GBP,credit_card,completed,8,3.9,False,306.63,level_1,13
TXN-1003946,2024-03-26,Graphic Design,GB,AU,Designer,255.94,USD,credit_card,completed,2,3.7,False,51.19,level_1,13
TXN-1003945,2024-03-26,Music Production,ES,ES,Designer,53.41,USD,credit_card,completed,16,4.3,True,10.68,rising_talent,13
TXN-1003807,2024-03-26,Virtual Assistant,FR,IL,HR Manager,87.79,USD,bank_transfer,completed,2,4.6,True,17.56,level_2,13
TXN-1003717,2024-03-26,Legal Consulting,IL,IN,Lawyer,67.14,EUR,credit_card,completed,17,4.1,False,13.43,level_1,13
TXN-1003939,2024-03-26,SEO/SEM,IN,GB,Marketing Manager,297.22,USD,credit_card,completed,30,4.3,False,59.44,level_2,13
TXN-1003732,2024-03-26,Mobile App,DE,SG,Software Engineer,45.43,USD,paypal,completed,17,4.5,False,9.09,level_1,13
TXN-1003754,2024-03-26,Financial Modeling,US,DE,Accountant,87.78,USD,credit_card,completed,8,4.8,False,17.56,level_2,13
TXN-1003937,2024-03-26,Web Development,IN,US,Software Engineer,106.17,USD,credit_card,completed,8,4.5,False,21.23,level_1,13
TXN-1003935,2024-03-26,Social Media Management,NL,IN,Marketing Manager,51.54,USD,paypal,completed,10,2.8,False,10.31,level_2,13
TXN-1003851,2024-03-26,Financial Modeling,US,SG,Accountant,229.17,ILS,paypal,completed,3,4.7,False,45.83,level_2,13
TXN-1003969,2024-03-26,Translation,CA,SG,Writer,1085.43,USD,credit_card,completed,2,4.2,False,217.09,rising_talent,13
TXN-1003824,2024-03-26,Graphic Design,US,IN,Designer,1366.65,GBP,credit_card,completed,5,4.7,True,273.33,level_1,13
TXN-1003751,2024-03-26,SEO/SEM,IN,US,Marketing Manager,18.44,USD,credit_card,completed,13,4.1,False,3.69,rising_talent,13
TXN-1003912,2024-03-26,Legal Consulting,US,IN,Lawyer,176.45,USD,credit_card,completed,14,3.7,False,35.29,rising_talent,13
TXN-1003711,2024-03-26,Graphic Design,ZA,IN,Designer,8.69,USD,credit_card,completed,7,3.2,False,1.74,top_rated,13
TXN-1003823,2024-03-26,Translation,AU,US,Writer,102.58,GBP,paypal,completed,1,4.9,True,20.52,level_2,13
TXN-1003972,2024-03-26,Data Analysis,US,GB,Data Scientist,226.22,ILS,paypal,completed,4,4.4,True,45.24,level_1,13
TXN-1003926,2024-03-26,Virtual Assistant,GB,US,HR Manager,30.95,USD,bank_transfer,completed,2,3.8,False,6.19,new_seller,13
TXN-1003916,2024-03-26,Data Analysis,US,DE,Data Scientist,837.28,USD,credit_card,completed,3,3.9,False,167.46,level_1,13
TXN-1003713,2024-03-26,SEO/SEM,IN,BR,Marketing Manager,450.78,USD,credit_card,completed,12,4.6,False,90.16,level_2,13
TXN-1003917,2024-03-26,AI/ML Development,GB,IL,Data Scientist,128.32,USD,bank_transfer,completed,13,4.0,False,25.66,top_rated,13
TXN-1003922,2024-03-26,Legal Consulting,GB,ES,Lawyer,118.46,GBP,credit_card,completed,28,3.9,False,23.69,new_seller,13
TXN-1003970,2024-03-26,SEO/SEM,SG,FR,Marketing Manager,224.5,GBP,paypal,completed,8,4.7,True,44.9,level_1,13
TXN-1003924,2024-03-26,Financial Modeling,CA,US,Accountant,93.78,ILS,credit_card,completed,9,5.0,False,18.76,level_1,13
TXN-1003841,2024-03-27,Translation,ZA,NL,Writer,24.56,USD,credit_card,completed,3,4.6,False,4.91,level_2,13
TXN-1003838,2024-03-27,Web Development,US,US,Software Engineer,219.75,USD,credit_card,completed,9,2.9,False,43.95,rising_talent,13
TXN-1003847,2024-03-27,Photography,NL,US,Designer,1366.0,USD,credit_card,completed,5,3.5,False,273.2,rising_talent,13
TXN-1003822,2024-03-27,Web Development,IN,FR,Software Engineer,36.82,USD,paypal,completed,6,4.9,False,7.36,rising_talent,13
TXN-1003992,2024-03-27,Translation,FR,US,Writer,72.29,USD,credit_card,completed,2,4.0,False,14.46,level_1,13
TXN-1003825,2024-03-27,Data Analysis,IN,GB,Data Scientist,774.57,USD,credit_card,completed,7,4.1,False,154.91,rising_talent,13
TXN-1003954,2024-03-27,AI/ML Development,IN,NL,Data Scientist,781.26,GBP,credit_card,completed,30,3.9,False,156.25,rising_talent,13
TXN-1003863,2024-03-27,Legal Consulting,IN,ZA,Lawyer,28.06,USD,credit_card,completed,15,4.3,False,5.61,new_seller,13
TXN-1003953,2024-03-27,AI/ML Development,SG,MX,Data Scientist,304.15,EUR,credit_card,completed,10,2.7,False,60.83,new_seller,13
TXN-1003950,2024-03-27,AI/ML Development,IL,IN,Data Scientist,134.76,ILS,bank_transfer,completed,17,4.6,True,26.95,level_1,13
TXN-1003959,2024-03-27,Graphic Design,ES,US,Designer,38.8,USD,credit_card,completed,3,4.8,False,7.76,level_2,13
TXN-1003938,2024-03-27,Financial Modeling,ES,IN,Accountant,402.31,USD,bank_transfer,completed,13,4.2,False,80.46,top_rated,13
TXN-1003932,2024-03-27,Social Media Management,FR,US,Marketing Manager,350.0,ILS,credit_card,completed,8,4.2,True,70.0,new_seller,13
TXN-1003915,2024-03-27,Social Media Management,IN,US,Marketing Manager,931.02,GBP,paypal,completed,4,4.8,False,186.2,level_1,13
TXN-1003896,2024-03-27,Mobile App,FR,GB,Software Engineer,844.54,USD,bank_transfer,completed,30,3.9,False,168.91,top_rated,13
TXN-1003983,2024-03-27,Music Production,FR,ES,Designer,748.28,USD,paypal,completed,16,3.1,False,149.66,top_rated,13
TXN-1003974,2024-03-27,Translation,GB,IL,Writer,68.84,USD,crypto,disputed,2,,True,13.77,level_1,13
TXN-1003887,2024-03-27,AI/ML Development,GB,US,Data Scientist,45.97,USD,bank_transfer,completed,16,4.8,False,9.19,rising_talent,13
TXN-1003883,2024-03-27,Video Production,GB,CA,Designer,96.31,ILS,paypal,completed,7,4.0,False,19.26,level_1,13
TXN-1003880,2024-03-27,Video Production,GB,GB,Designer,454.45,USD,credit_card,completed,7,3.6,False,90.89,rising_talent,13
TXN-1003977,2024-03-27,Photography,AU,US,Designer,138.76,USD,credit_card,completed,1,4.7,False,27.75,level_2,13
TXN-1003870,2024-03-27,Social Media Management,NL,ES,Marketing Manager,47.35,USD,credit_card,completed,8,4.8,False,9.47,level_2,13
TXN-1003980,2024-03-27,SEO/SEM,US,AU,Marketing Manager,663.26,USD,credit_card,completed,4,4.0,False,132.65,level_1,13
TXN-1003868,2024-03-27,AI/ML Development,US,IN,Data Scientist,181.8,EUR,credit_card,completed,21,3.6,False,36.36,new_seller,13
TXN-1003975,2024-03-27,Content Writing,MX,IL,Writer,378.44,USD,paypal,completed,7,4.6,False,75.69,level_1,13
TXN-1003879,2024-03-27,Video Production,GB,US,Designer,287.4,USD,paypal,completed,11,4.1,False,57.48,rising_talent,13
TXN-1004000,2024-03-27,AI/ML Development,IL,US,Data Scientist,32.81,USD,paypal,completed,11,3.2,True,6.56,level_1,13
TXN-1003789,2024-03-27,Photography,IN,IN,Designer,5.0,GBP,credit_card,completed,66,4.2,True,1.0,new_seller,13
TXN-1003735,2024-03-27,Virtual Assistant,US,US,HR Manager,100.56,USD,bank_transfer,completed,1,2.8,False,20.11,rising_talent,13
TXN-1003725,2024-03-27,Translation,US,FR,Writer,182.96,USD,paypal,completed,4,4.1,False,36.59,level_1,13
TXN-1003745,2024-03-27,Virtual Assistant,IN,GB,HR Manager,31.75,USD,bank_transfer,completed,1,4.8,False,6.35,level_1,13
TXN-1003720,2024-03-27,AI/ML Development,IN,US,Data Scientist,231.37,INR,paypal,completed,30,4.5,False,46.27,level_1,13
TXN-1003714,2024-03-27,Graphic Design,IN,IN,Designer,59.22,USD,paypal,completed,3,3.3,False,11.84,level_1,13
TXN-1003710,2024-03-27,Virtual Assistant,US,IN,HR Manager,254.82,INR,credit_card,completed,2,4.5,False,50.96,rising_talent,13
TXN-1003704,2024-03-27,Mobile App,US,DE,Software Engineer,116.88,USD,credit_card,completed,24,4.6,False,23.38,top_rated,13
TXN-1003758,2024-03-27,SEO/SEM,IN,ZA,Marketing Manager,49.65,USD,credit_card,completed,21,4.8,False,9.93,level_2,13
TXN-1003740,2024-03-27,Financial Modeling,GB,NL,Accountant,57.31,USD,credit_card,completed,10,4.3,False,11.46,new_seller,13
TXN-1003999,2024-03-27,Content Writing,CA,DE,Writer,304.57,USD,paypal,completed,4,4.9,False,60.91,level_2,13
TXN-1003761,2024-03-27,Mobile App,AU,US,Software Engineer,728.2,GBP,credit_card,completed,8,2.3,True,145.64,new_seller,13
TXN-1003691,2024-03-27,SEO/SEM,IN,US,Marketing Manager,61.58,USD,credit_card,completed,17,4.0,True,12.32,level_1,13
TXN-1003766,2024-03-27,Music Production,ES,IN,Designer,973.49,USD,paypal,completed,12,4.6,True,194.7,rising_talent,13
TXN-1003808,2024-03-27,Mobile App,US,DE,Software Engineer,46.74,USD,paypal,completed,30,4.5,False,9.35,top_rated,13
TXN-1003884,2024-03-28,Mobile App,IN,CA,Software Engineer,721.92,USD,paypal,completed,30,2.3,True,144.38,level_2,13
TXN-1003921,2024-03-28,Content Writing,GB,US,Writer,44.71,USD,paypal,completed,2,4.0,True,8.94,level_1,13
TXN-1003920,2024-03-28,Financial Modeling,GB,IN,Accountant,393.77,EUR,paypal,completed,6,4.2,True,78.75,level_2,13
TXN-1003743,2024-03-28,Web Development,ES,JP,Software Engineer,133.43,ILS,paypal,completed,10,4.8,True,26.69,level_1,13
TXN-1003910,2024-03-28,Data Analysis,GB,US,Data Scientist,304.45,USD,crypto,completed,7,4.7,True,60.89,top_rated,13
TXN-1003878,2024-03-28,Music Production,US,US,Designer,52.41,GBP,paypal,completed,14,3.8,False,10.48,level_1,13
TXN-1003812,2024-03-28,Mobile App,SG,US,Software Engineer,7.0,USD,credit_card,completed,25,4.6,False,1.4,rising_talent,13
TXN-1003750,2024-03-28,Graphic Design,NL,AU,Designer,50.88,USD,crypto,completed,7,4.3,True,10.18,rising_talent,13
TXN-1003755,2024-03-28,Mobile App,US,IN,Software Engineer,5.0,USD,paypal,completed,12,3.6,False,1.0,rising_talent,13
TXN-1003890,2024-03-28,Photography,AU,DE,Designer,40.6,USD,credit_card,completed,3,4.4,False,8.12,level_1,13
TXN-1003742,2024-03-28,Photography,DE,MX,Designer,38.28,USD,bank_transfer,completed,3,4.4,False,7.66,level_2,13
TXN-1003765,2024-03-28,Translation,GB,GB,Writer,85.5,USD,paypal,completed,2,4.6,False,17.1,level_1,13
TXN-1003882,2024-03-28,Web Development,US,ES,Software Engineer,53.65,USD,bank_transfer,completed,21,3.4,False,10.73,level_2,13
TXN-1003909,2024-03-28,Social Media Management,US,US,Marketing Manager,511.71,USD,paypal,completed,5,4.6,False,102.34,new_seller,13
TXN-1003811,2024-03-28,Social Media Management,US,DE,Marketing Manager,364.96,USD,credit_card,completed,4,3.3,False,72.99,rising_talent,13
TXN-1003734,2024-03-28,SEO/SEM,US,DE,Marketing Manager,30.02,EUR,credit_card,completed,6,4.2,False,6.0,level_1,13
TXN-1003934,2024-03-28,Financial Modeling,GB,IN,Accountant,40.47,USD,paypal,completed,8,4.4,True,8.09,level_2,13
TXN-1003693,2024-03-28,Data Analysis,IL,IN,Data Scientist,79.28,USD,paypal,completed,3,3.8,False,15.86,level_2,13
TXN-1003989,2024-03-28,Content Writing,US,GB,Writer,294.93,USD,paypal,completed,1,4.8,True,58.99,rising_talent,13
TXN-1003988,2024-03-28,Music Production,SG,US,Designer,37.32,USD,bank_transfer,completed,7,4.7,True,7.46,new_seller,13
TXN-1003986,2024-03-28,Financial Modeling,FR,GB,Accountant,909.33,GBP,credit_card,completed,14,4.6,False,181.87,level_1,13
TXN-1003984,2024-03-28,Social Media Management,ZA,ZA,Marketing Manager,349.89,USD,bank_transfer,completed,5,4.5,False,69.98,level_1,13
TXN-1003979,2024-03-28,SEO/SEM,AU,JP,Marketing Manager,905.55,USD,paypal,completed,17,4.4,False,181.11,new_seller,13
TXN-1003703,2024-03-28,Web Development,SG,US,Software Engineer,62.59,GBP,credit_card,completed,18,4.3,False,12.52,level_2,13
TXN-1003966,2024-03-28,Graphic Design,MX,US,Designer,476.05,USD,credit_card,completed,5,3.7,True,95.21,new_seller,13
TXN-1003965,2024-03-28,Content Writing,US,US,Writer,674.82,USD,credit_card,completed,2,4.4,False,134.96,level_1,13
TXN-1003961,2024-03-28,AI/ML Development,BR,US,Data Scientist,96.55,USD,credit_card,completed,23,5.0,False,19.31,level_2,13
TXN-1003719,2024-03-28,SEO/SEM,IN,DE,Marketing Manager,42.48,USD,bank_transfer,completed,10,2.8,True,8.5,level_2,13
TXN-1003956,2024-03-28,Social Media Management,CA,IN,Marketing Manager,105.19,USD,bank_transfer,completed,7,4.7,False,21.04,top_rated,13
TXN-1003952,2024-03-28,Photography,US,GB,Designer,20.6,USD,credit_card,completed,1,4.2,True,4.12,level_1,13
TXN-1003951,2024-03-28,Music Production,US,SG,Designer,70.02,USD,credit_card,completed,9,4.5,False,14.0,level_1,13
TXN-1003722,2024-03-28,Translation,US,IN,Writer,33.83,USD,paypal,completed,2,3.3,True,6.77,level_1,13
TXN-1003724,2024-03-28,Mobile App,SG,IN,Software Engineer,122.55,USD,credit_card,completed,24,4.7,True,24.51,level_1,13
TXN-1003944,2024-03-28,Virtual Assistant,BR,DE,HR Manager,132.82,USD,credit_card,completed,2,3.1,True,26.56,level_1,13
TXN-1003872,2024-03-28,Content Writing,IN,US,Writer,21.68,INR,credit_card,completed,3,4.1,False,4.34,rising_talent,13
TXN-1003736,2024-03-28,Data Analysis,ZA,ZA,Data Scientist,803.6,USD,paypal,completed,6,2.8,False,160.72,rising_talent,13
TXN-1003737,2024-03-28,SEO/SEM,US,AU,Marketing Manager,186.18,USD,credit_card,completed,9,4.6,True,37.24,level_2,13
TXN-1003784,2024-03-28,AI/ML Development,IN,US,Data Scientist,297.95,ILS,credit_card,completed,25,4.5,False,59.59,rising_talent,13
TXN-1003906,2024-03-28,Translation,US,GB,Writer,481.49,EUR,credit_card,completed,2,4.5,True,96.3,level_1,13
TXN-1003801,2024-03-28,Photography,GB,ES,Designer,266.62,USD,credit_card,completed,5,3.5,False,53.32,new_seller,13
TXN-1003819,2024-03-28,Mobile App,BR,GB,Software Engineer,68.13,USD,bank_transfer,completed,18,4.4,False,13.63,rising_talent,13
TXN-1003796,2024-03-28,Music Production,GB,US,Designer,47.51,USD,bank_transfer,completed,13,4.1,False,9.5,level_2,13
TXN-1003853,2024-03-28,Music Production,ES,MX,Designer,1156.16,USD,credit_card,completed,3,3.6,False,231.23,level_1,13
TXN-1003792,2024-03-28,AI/ML Development,DE,US,Data Scientist,89.84,USD,bank_transfer,completed,20,3.9,False,17.97,rising_talent,13
TXN-1003858,2024-03-28,AI/ML Development,IL,NL,Data Scientist,209.39,EUR,paypal,completed,14,4.6,False,41.88,rising_talent,13
TXN-1003827,2024-03-28,Social Media Management,US,US,Marketing Manager,613.69,GBP,paypal,completed,8,4.8,False,122.74,level_2,13
TXN-1003859,2024-03-28,Video Production,US,IN,Designer,25.32,USD,paypal,completed,4,4.7,False,5.06,level_2,13
TXN-1003860,2024-03-28,Graphic Design,IN,FR,Designer,272.37,USD,paypal,completed,3,2.8,True,54.47,new_seller,13
TXN-1003818,2024-03-28,SEO/SEM,US,BR,Marketing Manager,26.13,USD,bank_transfer,completed,6,4.4,False,5.23,level_2,13
TXN-1003862,2024-03-28,Photography,IN,ES,Designer,853.96,USD,credit_card,completed,3,3.6,False,170.79,top_rated,13
TXN-1003866,2024-03-28,Virtual Assistant,NL,IN,HR Manager,251.55,USD,credit_card,completed,1,3.3,True,50.31,rising_talent,13
TXN-1003800,2024-03-28,Data Analysis,US,CA,Data Scientist,192.1,EUR,paypal,completed,7,4.4,False,38.42,new_seller,13
TXN-1003864,2024-03-28,Content Writing,US,US,Writer,26.33,USD,paypal,completed,1,4.3,False,5.27,top_rated,13
TXN-1003815,2024-03-28,Data Analysis,IN,US,Data Scientist,1000.4,EUR,paypal,cancelled,7,,False,200.08,level_1,13
TXN-1003794,2024-03-28,Data Analysis,CA,ZA,Data Scientist,1078.97,USD,credit_card,completed,14,4.8,False,215.79,level_1,13
TXN-1003919,2024-03-29,Financial Modeling,BR,US,Accountant,176.25,GBP,bank_transfer,completed,6,4.6,True,35.25,top_rated,13
TXN-1003747,2024-03-29,AI/ML Development,ZA,JP,Data Scientist,239.37,USD,credit_card,completed,16,4.3,True,47.87,level_2,13
TXN-1003967,2024-03-29,Music Production,FR,US,Designer,266.49,USD,credit_card,completed,11,4.5,True,53.3,new_seller,13
TXN-1003971,2024-03-29,AI/ML Development,MX,IN,Data Scientist,27.2,GBP,paypal,completed,11,2.5,True,5.44,new_seller,13
TXN-1003850,2024-03-29,AI/ML Development,GB,US,Data Scientist,15.5,USD,paypal,completed,30,2.9,False,3.1,new_seller,13
TXN-1003791,2024-03-29,Virtual Assistant,US,ES,HR Manager,276.99,USD,credit_card,completed,1,4.0,True,55.4,top_rated,13
TXN-1003918,2024-03-29,Music Production,AU,US,Designer,359.91,USD,bank_transfer,completed,16,3.6,False,71.98,level_2,13
TXN-1003908,2024-03-29,AI/ML Development,US,SG,Data Scientist,35.79,USD,credit_card,completed,17,4.0,False,7.16,new_seller,13
TXN-1003793,2024-03-29,Translation,US,CA,Writer,17.57,USD,paypal,completed,2,4.1,False,3.51,level_1,13
TXN-1003790,2024-03-29,SEO/SEM,IN,AU,Marketing Manager,103.43,USD,paypal,completed,5,1.0,False,20.69,level_1,13
TXN-1003962,2024-03-29,Financial Modeling,IN,IN,Accountant,340.08,USD,credit_card,completed,9,4.8,True,68.02,top_rated,13
TXN-1003925,2024-03-29,Legal Consulting,IN,DE,Lawyer,816.24,GBP,paypal,completed,25,4.6,False,163.25,new_seller,13
TXN-1003738,2024-03-29,Data Analysis,US,DE,Data Scientist,545.54,USD,paypal,completed,5,3.0,True,109.11,rising_talent,13
TXN-1003929,2024-03-29,Legal Consulting,IN,DE,Lawyer,74.37,ILS,credit_card,completed,16,2.9,False,14.87,rising_talent,13
TXN-1003957,2024-03-29,Photography,IN,US,Designer,76.23,USD,credit_card,completed,2,4.4,False,15.25,level_1,13
TXN-1003831,2024-03-29,SEO/SEM,US,US,Marketing Manager,252.33,EUR,paypal,completed,8,3.9,True,50.47,rising_talent,13
TXN-1003799,2024-03-29,Music Production,GB,JP,Designer,648.06,USD,paypal,completed,13,4.4,True,129.61,level_1,13
TXN-1003936,2024-03-29,AI/ML Development,NL,US,Data Scientist,316.08,USD,bank_transfer,completed,16,4.9,False,63.22,level_1,13
TXN-1003798,2024-03-29,Social Media Management,GB,US,Marketing Manager,171.03,USD,paypal,completed,7,2.6,False,34.21,new_seller,13
TXN-1003940,2024-03-29,Translation,MX,FR,Writer,83.62,EUR,credit_card,completed,2,3.9,False,16.72,level_1,13
TXN-1003835,2024-03-29,Translation,MX,ZA,Writer,399.62,EUR,credit_card,completed,4,4.3,False,79.92,level_1,13
TXN-1003797,2024-03-29,Video Production,BR,US,Designer,143.8,USD,credit_card,completed,8,4.1,False,28.76,level_1,13
TXN-1003943,2024-03-29,Legal Consulting,US,FR,Lawyer,239.49,GBP,paypal,completed,14,4.4,False,47.9,rising_talent,13
TXN-1003923,2024-03-29,Graphic Design,AU,GB,Designer,46.69,USD,paypal,completed,9,4.7,False,9.34,level_2,13
TXN-1003927,2024-03-29,Financial Modeling,IN,ZA,Accountant,143.49,USD,credit_card,completed,11,4.8,True,28.7,new_seller,13
TXN-1003726,2024-03-29,Financial Modeling,BR,GB,Accountant,1069.83,USD,paypal,completed,7,3.9,True,213.97,level_2,13
TXN-1003857,2024-03-29,Virtual Assistant,CA,US,HR Manager,259.81,USD,crypto,completed,1,4.6,True,51.96,level_2,13
TXN-1003817,2024-03-29,Music Production,FR,US,Designer,77.07,USD,credit_card,completed,14,4.2,False,15.41,level_1,13
TXN-1003759,2024-03-29,Content Writing,IL,US,Writer,146.59,EUR,credit_card,completed,4,4.5,True,29.32,level_2,13
TXN-1003885,2024-03-29,Legal Consulting,US,US,Lawyer,1794.25,ILS,paypal,completed,17,4.0,False,358.85,level_1,13
TXN-1003886,2024-03-29,Web Development,IN,IN,Software Engineer,41.57,USD,paypal,completed,18,3.4,False,8.31,new_seller,13
TXN-1003905,2024-03-29,Web Development,US,ES,Software Engineer,27.93,USD,credit_card,completed,7,3.7,False,5.59,level_2,13
TXN-1003888,2024-03-29,Graphic Design,DE,ES,Designer,187.01,USD,paypal,completed,5,4.4,False,37.4,new_seller,13
TXN-1003855,2024-03-29,Video Production,AU,IN,Designer,38.41,EUR,credit_card,completed,3,4.5,True,7.68,new_seller,13
TXN-1003985,2024-03-29,Content Writing,GB,US,Writer,56.1,INR,crypto,completed,7,2.6,False,11.22,top_rated,13
TXN-1003810,2024-03-29,Virtual Assistant,IN,ZA,HR Manager,379.02,USD,bank_transfer,completed,2,4.8,False,75.8,top_rated,13
TXN-1003877,2024-03-29,Video Production,GB,IN,Designer,757.78,EUR,credit_card,completed,3,2.8,False,151.56,level_1,13
TXN-1003993,2024-03-29,AI/ML Development,FR,GB,Data Scientist,892.19,USD,credit_card,completed,30,3.9,False,178.44,rising_talent,13
TXN-1003695,2024-03-29,Social Media Management,AU,NL,Marketing Manager,94.72,USD,paypal,completed,6,3.6,False,18.94,rising_talent,13
TXN-1003894,2024-03-29,Social Media Management,US,IN,Marketing Manager,400.45,USD,credit_card,completed,4,4.4,False,80.09,new_seller,13
TXN-1003699,2024-03-29,Music Production,US,CA,Designer,56.65,USD,credit_card,completed,14,4.3,True,11.33,top_rated,13
TXN-1003814,2024-03-29,Social Media Management,IL,US,Marketing Manager,65.71,USD,bank_transfer,completed,4,4.3,False,13.14,rising_talent,13
TXN-1003898,2024-03-29,AI/ML Development,US,DE,Data Scientist,69.83,ILS,credit_card,completed,16,3.4,False,13.97,level_2,13
TXN-1003804,2024-03-29,AI/ML Development,US,GB,Data Scientist,130.7,GBP,bank_transfer,completed,25,4.4,False,26.14,top_rated,13
TXN-1003900,2024-03-29,Translation,BR,NL,Writer,135.8,EUR,paypal,completed,7,4.6,False,27.16,new_seller,13
TXN-1003901,2024-03-29,Mobile App,IN,IN,Software Engineer,3959.82,EUR,paypal,completed,20,5.0,False,791.96,new_seller,13
TXN-1003802,2024-03-29,Data Analysis,US,IN,Data Scientist,32.42,USD,credit_card,completed,6,3.9,False,6.48,level_1,13
TXN-1003780,2024-03-29,AI/ML Development,DE,US,Data Scientist,65.24,USD,credit_card,completed,26,3.9,True,13.05,level_1,13
TXN-1003708,2024-03-29,Data Analysis,JP,GB,Data Scientist,66.14,GBP,credit_card,completed,5,4.6,False,13.23,level_1,13
TXN-1003786,2024-03-29,AI/ML Development,ES,IN,Data Scientist,42.33,GBP,credit_card,completed,19,4.5,False,8.47,rising_talent,13
TXN-1003833,2024-03-30,Financial Modeling,GB,IL,Accountant,16.15,USD,paypal,completed,9,4.1,False,3.23,new_seller,13
TXN-1003721,2024-03-30,Web Development,US,IL,Software Engineer,72.74,INR,bank_transfer,completed,19,4.2,True,14.55,level_2,13
TXN-1003995,2024-03-30,Data Analysis,US,JP,Data Scientist,1527.63,USD,credit_card,completed,14,4.9,False,305.53,level_2,13
TXN-1003709,2024-03-30,AI/ML Development,IN,BR,Data Scientist,85.59,USD,bank_transfer,completed,12,1.0,False,17.12,level_1,13
TXN-1003718,2024-03-30,AI/ML Development,BR,JP,Data Scientist,64.7,EUR,paypal,completed,13,5.0,False,12.94,level_2,13
TXN-1003960,2024-03-30,Web Development,US,AU,Software Engineer,361.4,USD,credit_card,completed,10,4.4,False,72.28,level_1,13
TXN-1003964,2024-03-30,Photography,US,GB,Designer,123.34,INR,paypal,completed,3,4.6,False,24.67,level_2,13
TXN-1003828,2024-03-30,AI/ML Development,US,US,Data Scientist,290.05,USD,paypal,completed,18,4.4,False,58.01,rising_talent,13
TXN-1003982,2024-03-30,Web Development,US,IN,Software Engineer,261.55,EUR,credit_card,completed,9,4.6,False,52.31,rising_talent,13
TXN-1003700,2024-03-30,Web Development,FR,DE,Software Engineer,260.01,USD,credit_card,completed,11,3.8,False,52.0,rising_talent,13
TXN-1003712,2024-03-30,Financial Modeling,GB,US,Accountant,583.5,USD,paypal,completed,12,3.3,True,116.7,rising_talent,13
TXN-1003696,2024-03-30,AI/ML Development,GB,ES,Data Scientist,1343.73,USD,paypal,completed,25,4.4,False,268.75,level_1,13
TXN-1003785,2024-03-30,Virtual Assistant,IN,FR,HR Manager,137.75,USD,paypal,completed,1,4.6,False,27.55,level_1,13
TXN-1003933,2024-03-30,Music Production,US,DE,Designer,510.48,USD,bank_transfer,completed,6,3.5,True,102.1,new_seller,13
TXN-1003728,2024-03-30,Graphic Design,IL,FR,Designer,31.19,USD,paypal,completed,5,4.6,False,6.24,new_seller,13
TXN-1003873,2024-03-30,SEO/SEM,BR,FR,Marketing Manager,2631.09,INR,paypal,completed,13,4.7,False,526.22,level_1,13
TXN-1003768,2024-03-30,Music Production,US,FR,Designer,348.47,USD,credit_card,completed,14,4.2,False,69.69,level_2,13
TXN-1003767,2024-03-30,Social Media Management,US,IN,Marketing Manager,374.66,USD,paypal,completed,6,4.4,True,74.93,level_2,13
TXN-1003763,2024-03-30,Legal Consulting,JP,US,Lawyer,1138.48,USD,paypal,cancelled,25,,True,227.7,level_2,13
TXN-1003891,2024-03-30,Translation,ZA,IN,Writer,20.42,USD,credit_card,completed,3,4.0,True,4.08,top_rated,13
TXN-1003854,2024-03-30,Mobile App,IN,IN,Software Engineer,198.26,USD,paypal,completed,26,3.9,False,39.65,rising_talent,13
TXN-1003893,2024-03-30,Data Analysis,IN,US,Data Scientist,1573.02,USD,credit_card,completed,6,4.1,False,314.6,new_seller,13
TXN-1003895,2024-03-30,Music Production,US,US,Designer,706.74,USD,credit_card,completed,17,4.7,False,141.35,top_rated,13
TXN-1003897,2024-03-30,Music Production,CA,DE,Designer,185.71,GBP,paypal,completed,12,2.2,True,37.14,level_2,13
TXN-1003902,2024-03-30,Content Writing,IN,NL,Writer,111.63,ILS,paypal,completed,3,3.9,False,22.33,rising_talent,13
TXN-1003904,2024-03-30,Social Media Management,NL,US,Marketing Manager,188.88,USD,paypal,completed,3,4.6,False,37.78,level_1,13
TXN-1003911,2024-03-30,Financial Modeling,BR,CA,Accountant,577.18,USD,bank_transfer,completed,16,4.9,False,115.44,level_2,13
TXN-1003913,2024-03-30,Photography,GB,NL,Designer,25.65,USD,paypal,completed,4,4.8,True,5.13,level_1,13
TXN-1003846,2024-03-30,Legal Consulting,ZA,IN,Lawyer,108.87,USD,credit_card,completed,22,2.8,False,21.77,level_2,13
TXN-1003845,2024-03-30,Mobile App,AU,US,Software Engineer,113.74,USD,paypal,completed,17,3.5,False,22.75,level_1,13
TXN-1003744,2024-03-30,Web Development,IN,BR,Software Engineer,255.32,USD,paypal,completed,9,4.7,False,51.06,top_rated,13
TXN-1003844,2024-03-30,Mobile App,US,IN,Software Engineer,128.43,USD,paypal,completed,14,3.5,False,25.69,level_2,13
TXN-1003931,2024-03-30,Financial Modeling,FR,US,Accountant,455.14,USD,bank_transfer,completed,4,3.2,True,91.03,rising_talent,13
TXN-1003795,2024-03-30,Web Development,IN,SG,Software Engineer,70.06,GBP,credit_card,completed,6,4.0,False,14.01,level_1,13
TXN-1003748,2024-03-31,Legal Consulting,BR,IL,Lawyer,12.99,USD,crypto,completed,23,4.2,False,2.6,rising_talent,13
TXN-1003778,2024-03-31,Legal Consulting,GB,IL,Lawyer,46.42,ILS,paypal,completed,20,3.9,False,9.28,level_2,13
TXN-1003775,2024-03-31,Video Production,US,ES,Designer,126.66,USD,credit_card,completed,6,4.2,False,25.33,level_1,13
TXN-1003996,2024-03-31,Web Development,DE,AU,Software Engineer,902.49,USD,credit_card,completed,8,4.6,True,180.5,level_2,13
TXN-1003771,2024-03-31,Virtual Assistant,SG,ZA,HR Manager,19.28,USD,paypal,completed,2,3.9,False,3.86,rising_talent,13
TXN-1003994,2024-03-31,Data Analysis,IN,NL,Data Scientist,82.17,USD,credit_card,completed,2,4.8,False,16.43,level_1,13
TXN-1003837,2024-03-31,AI/ML Development,IN,ZA,Data Scientist,454.61,USD,bank_transfer,completed,19,4.2,True,90.92,top_rated,13
TXN-1003816,2024-03-31,Music Production,ZA,SG,Designer,180.79,USD,credit_card,completed,13,2.9,False,36.16,level_2,13
TXN-1003942,2024-03-31,Graphic Design,IN,FR,Designer,6.51,USD,bank_transfer,completed,5,4.7,False,1.3,level_1,13
TXN-1003729,2024-03-31,Music Production,IN,GB,Designer,135.69,USD,credit_card,completed,15,3.0,False,27.14,level_1,13
TXN-1003788,2024-03-31,Music Production,US,IN,Designer,347.64,USD,bank_transfer,completed,12,4.4,False,69.53,top_rated,13
TXN-1003731,2024-03-31,Video Production,GB,IN,Designer,61.61,USD,credit_card,completed,12,4.5,False,12.32,level_1,13
TXN-1003987,2024-03-31,AI/ML Development,AU,ES,Data Scientist,403.28,INR,paypal,cancelled,9,,False,80.66,level_1,13
TXN-1003889,2024-03-31,Photography,IN,IN,Designer,487.03,USD,paypal,completed,4,4.6,True,97.41,level_2,13
TXN-1003839,2024-03-31,Video Production,IL,US,Designer,78.82,USD,bank_transfer,completed,10,4.3,True,15.76,level_2,13
TXN-1003840,2024-03-31,Virtual Assistant,SG,IN,HR Manager,16.56,USD,credit_card,completed,2,4.6,True,3.31,level_1,13
TXN-1003697,2024-03-31,AI/ML Development,US,US,Data Scientist,103.7,USD,paypal,completed,12,3.7,False,20.74,level_1,13
TXN-1003963,2024-03-31,AI/ML Development,BR,US,Data Scientist,125.56,USD,credit_card,completed,18,3.9,False,25.11,top_rated,13
TXN-1003716,2024-03-31,Virtual Assistant,FR,IN,HR Manager,119.76,USD,paypal,cancelled,1,,True,23.95,level_1,13
TXN-1003715,2024-03-31,Music Production,MX,IN,Designer,149.62,USD,credit_card,completed,15,4.7,False,29.92,level_1,13
TXN-1003928,2024-03-31,Photography,IN,US,Designer,255.83,USD,paypal,completed,4,3.7,False,51.17,rising_talent,13
TXN-1003749,2024-03-31,Social Media Management,IN,BR,Marketing Manager,194.14,USD,crypto,completed,9,4.0,False,38.83,top_rated,13
TXN-1003930,2024-03-31,Translation,US,FR,Writer,97.18,INR,credit_card,completed,3,4.8,False,19.44,level_2,13
TXN-1003727,2024-03-31,Web Development,GB,US,Software Engineer,295.32,USD,paypal,completed,11,4.6,True,59.06,level_2,13
TXN-1003849,2024-03-31,Data Analysis,US,US,Data Scientist,30.55,USD,credit_card,cancelled,10,,False,6.11,rising_talent,13
TXN-1003830,2024-03-31,Mobile App,GB,US,Software Engineer,51.61,USD,credit_card,completed,17,4.0,False,10.32,level_2,13
TXN-1003829,2024-03-31,SEO/SEM,NL,SG,Marketing Manager,98.51,USD,credit_card,completed,20,4.6,False,19.7,level_1,13
TXN-1003899,2024-03-31,Data Analysis,ES,CA,Data Scientist,171.48,EUR,paypal,completed,5,4.6,False,34.3,level_1,13
TXN-1003978,2024-03-31,Financial Modeling,BR,GB,Accountant,94.11,INR,credit_card,completed,26,4.9,True,18.82,level_1,13
TXN-1003821,2024-03-31,Data Analysis,IN,US,Data Scientist,155.52,USD,bank_transfer,in_progress,3,,False,31.1,rising_talent,13
TXN-1003843,2024-03-31,Financial Modeling,BR,IN,Accountant,464.83,USD,credit_card,completed,13,4.7,False,92.97,level_2,13
TXN-1003955,2024-03-31,AI/ML Development,US,US,Data Scientist,231.34,INR,credit_card,completed,25,3.6,False,46.27,level_2,13
TXN-1003903,2024-03-31,Content Writing,DE,US,Writer,498.59,USD,credit_card,completed,6,3.9,True,99.72,level_2,13
TXN-1003907,2024-03-31,Video Production,IN,FR,Designer,235.62,USD,credit_card,completed,9,3.5,True,47.12,rising_talent,13
