transaction_id,date,gig_category,seller_country,buyer_country,seller_profession,amount_usd,currency,payment_method,status,completion_days,rating,is_repeat_buyer,platform_fee_usd,seller_level,week_number
TXN-1100134,2024-04-01,Photography,US,US,Designer,374.63,ILS,crypto,completed,4,4.1,False,74.93,new_seller,14
TXN-1100021,2024-04-01,Data Analysis,GB,IN,Data Scientist,344.47,USD,paypal,completed,7,4.3,True,68.89,level_1,14
TXN-1100023,2024-04-01,AI/ML Development,IN,DE,Data Scientist,125.66,EUR,paypal,completed,11,4.5,False,25.13,rising_talent,14
TXN-1100160,2024-04-01,SEO/SEM,IN,US,Marketing Manager,962.63,USD,credit_card,completed,6,3.7,False,192.53,rising_talent,14
TXN-1100162,2024-04-01,Graphic Design,GB,US,Designer,116.1,INR,paypal,completed,7,3.7,False,23.22,level_1,14
TXN-1100096,2024-04-01,Content Writing,US,GB,Writer,9.2,USD,bank_transfer,completed,1,3.8,False,1.84,level_1,14
TXN-1100163,2024-04-01,Virtual Assistant,IN,IL,HR Manager,43.78,GBP,credit_card,completed,1,4.2,False,8.76,level_1,14
TXN-1100038,2024-04-01,Virtual Assistant,SG,US,HR Manager,79.63,USD,paypal,completed,1,3.5,True,15.93,rising_talent,14
TXN-1100078,2024-04-01,Virtual Assistant,GB,CA,HR Manager,5.96,ILS,credit_card,completed,1,3.4,False,1.19,level_2,14
TXN-1100170,2024-04-01,Web Development,GB,US,Software Engineer,344.7,ILS,bank_transfer,completed,14,3.2,True,68.94,rising_talent,14
TXN-1100033,2024-04-01,Translation,US,ES,Writer,50.89,USD,paypal,completed,4,4.4,True,10.18,top_rated,14
TXN-1100081,2024-04-01,Photography,US,US,Designer,340.76,USD,bank_transfer,completed,3,4.6,True,68.15,level_2,14
TXN-1100042,2024-04-01,Mobile App,IN,IN,Software Engineer,882.88,USD,crypto,disputed,29,,True,176.58,top_rated,14
TXN-1100084,2024-04-01,Content Writing,ZA,CA,Writer,187.88,USD,credit_card,completed,2,4.9,False,37.58,rising_talent,14
TXN-1100204,2024-04-01,Legal Consulting,DE,SG,Lawyer,79.47,USD,paypal,completed,22,4.1,False,15.89,rising_talent,14
TXN-1100188,2024-04-01,Content Writing,GB,DE,Writer,1277.22,USD,crypto,completed,2,4.5,False,255.44,level_2,14
TXN-1100075,2024-04-01,Mobile App,ES,GB,Software Engineer,174.31,USD,credit_card,completed,17,3.1,True,34.86,level_1,14
TXN-1100101,2024-04-01,SEO/SEM,BR,GB,Marketing Manager,1670.75,USD,credit_card,completed,30,4.3,True,334.15,top_rated,14
TXN-1100177,2024-04-01,Photography,IL,BR,Designer,248.58,ILS,bank_transfer,completed,2,2.5,False,49.72,level_1,14
TXN-1100131,2024-04-01,Video Production,US,US,Designer,1338.6,USD,credit_card,completed,2,4.4,False,267.72,level_2,14
TXN-1100236,2024-04-01,Web Development,GB,IL,Software Engineer,56.69,USD,paypal,completed,9,4.7,True,11.34,level_1,14
TXN-1100127,2024-04-01,Social Media Management,US,CA,Marketing Manager,59.65,USD,credit_card,completed,5,2.3,False,11.93,new_seller,14
TXN-1100233,2024-04-01,Content Writing,GB,IN,Writer,156.93,EUR,bank_transfer,completed,3,3.2,False,31.39,level_2,14
TXN-1100223,2024-04-01,Translation,US,IN,Writer,21.4,EUR,paypal,completed,4,4.6,False,4.28,level_2,14
TXN-1100141,2024-04-01,Social Media Management,NL,JP,Marketing Manager,1258.05,USD,bank_transfer,completed,18,4.2,True,251.61,new_seller,14
TXN-1100151,2024-04-01,Virtual Assistant,GB,IN,HR Manager,1448.85,EUR,crypto,completed,1,4.6,False,289.77,level_1,14
TXN-1100191,2024-04-01,Mobile App,MX,DE,Software Engineer,70.95,USD,credit_card,completed,11,4.5,True,14.19,top_rated,14
TXN-1100230,2024-04-01,Financial Modeling,IN,US,Accountant,73.33,USD,paypal,completed,9,4.4,False,14.67,level_2,14
TXN-1100068,2024-04-01,Legal Consulting,AU,US,Lawyer,199.02,EUR,paypal,completed,16,4.5,False,39.8,level_1,14
TXN-1100111,2024-04-01,Video Production,IL,IN,Designer,80.03,USD,credit_card,completed,4,3.8,True,16.01,rising_talent,14
TXN-1100193,2024-04-01,Social Media Management,US,FR,Marketing Manager,253.96,USD,credit_card,completed,8,4.4,True,50.79,rising_talent,14
TXN-1100072,2024-04-01,Social Media Management,BR,US,Marketing Manager,499.28,ILS,bank_transfer,completed,8,3.2,False,99.86,level_2,14
TXN-1100115,2024-04-01,Web Development,IN,IN,Software Engineer,107.42,USD,credit_card,completed,11,4.0,True,21.48,level_1,14
TXN-1100039,2024-04-01,Translation,AU,IN,Writer,556.71,USD,paypal,completed,2,4.1,False,111.34,level_2,14
TXN-1100079,2024-04-02,Social Media Management,US,IN,Marketing Manager,440.9,USD,credit_card,cancelled,9,,True,88.18,level_1,14
TXN-1100080,2024-04-02,AI/ML Development,DE,GB,Data Scientist,73.76,USD,bank_transfer,completed,24,5.0,False,14.75,rising_talent,14
TXN-1100184,2024-04-02,Mobile App,BR,NL,Software Engineer,29.18,INR,credit_card,completed,20,4.6,True,5.84,top_rated,14
TXN-1100077,2024-04-02,Data Analysis,GB,FR,Data Scientist,1739.06,EUR,credit_card,completed,7,4.5,True,347.81,level_2,14
TXN-1100185,2024-04-02,Virtual Assistant,IN,MX,HR Manager,85.01,USD,paypal,completed,2,3.5,False,17.0,level_2,14
TXN-1100166,2024-04-02,Translation,IL,GB,Writer,103.88,EUR,paypal,completed,3,4.5,False,20.78,level_2,14
TXN-1100083,2024-04-02,Photography,IN,BR,Designer,12.25,USD,paypal,completed,2,4.9,False,2.45,level_2,14
TXN-1100128,2024-04-02,Content Writing,MX,ZA,Writer,1670.8,USD,crypto,completed,4,4.2,False,334.16,new_seller,14
TXN-1100139,2024-04-02,Music Production,BR,US,Designer,858.71,USD,credit_card,completed,11,3.3,True,171.74,level_1,14
TXN-1100122,2024-04-02,Photography,US,JP,Designer,65.01,ILS,paypal,completed,3,2.9,False,13.0,level_1,14
TXN-1100113,2024-04-02,Video Production,ES,FR,Designer,180.15,GBP,credit_card,disputed,2,,False,36.03,new_seller,14
TXN-1100110,2024-04-02,Legal Consulting,US,US,Lawyer,140.37,USD,paypal,cancelled,13,,True,28.07,rising_talent,14
TXN-1100108,2024-04-02,Data Analysis,IN,GB,Data Scientist,99.08,USD,credit_card,completed,7,3.3,False,19.82,level_2,14
TXN-1100082,2024-04-02,Music Production,SG,IL,Designer,62.47,EUR,credit_card,completed,11,4.5,True,12.49,level_1,14
TXN-1100107,2024-04-02,Photography,DE,GB,Designer,577.39,ILS,credit_card,completed,6,3.3,False,115.48,level_2,14
TXN-1100158,2024-04-02,Web Development,US,CA,Software Engineer,305.31,USD,bank_transfer,completed,10,3.8,False,61.06,rising_talent,14
TXN-1100164,2024-04-02,Financial Modeling,MX,GB,Accountant,63.58,USD,credit_card,completed,6,4.7,False,12.72,rising_talent,14
TXN-1100091,2024-04-02,Photography,ZA,US,Designer,351.27,USD,credit_card,completed,3,4.2,False,70.25,level_1,14
TXN-1100087,2024-04-02,Virtual Assistant,US,ES,HR Manager,1898.61,USD,credit_card,completed,2,4.2,False,379.72,level_1,14
TXN-1100086,2024-04-02,Content Writing,US,US,Writer,587.35,USD,bank_transfer,completed,3,4.6,False,117.47,level_1,14
TXN-1100085,2024-04-02,Social Media Management,US,US,Marketing Manager,130.45,USD,bank_transfer,completed,15,4.4,False,26.09,level_2,14
TXN-1100154,2024-04-02,Legal Consulting,DE,JP,Lawyer,22.67,USD,crypto,completed,12,4.4,True,4.53,level_2,14
TXN-1100058,2024-04-02,AI/ML Development,BR,GB,Data Scientist,340.67,EUR,credit_card,completed,15,4.4,True,68.13,new_seller,14
TXN-1100001,2024-04-02,Data Analysis,US,US,Data Scientist,44.05,USD,credit_card,completed,4,3.9,False,8.81,rising_talent,14
TXN-1100067,2024-04-02,AI/ML Development,GB,GB,Data Scientist,271.59,USD,credit_card,completed,21,3.6,True,54.32,level_1,14
TXN-1100030,2024-04-02,Content Writing,ZA,US,Writer,62.4,USD,paypal,completed,2,2.9,False,12.48,level_1,14
TXN-1100031,2024-04-02,Data Analysis,US,ES,Data Scientist,75.22,USD,credit_card,completed,7,4.6,True,15.04,level_1,14
TXN-1100209,2024-04-02,Social Media Management,ZA,IL,Marketing Manager,34.21,ILS,bank_transfer,completed,8,4.1,False,6.84,level_2,14
TXN-1100207,2024-04-02,Data Analysis,US,CA,Data Scientist,320.04,GBP,bank_transfer,completed,6,4.4,True,64.01,new_seller,14
TXN-1100206,2024-04-02,Social Media Management,US,BR,Marketing Manager,71.6,EUR,bank_transfer,completed,13,3.6,True,14.32,top_rated,14
TXN-1100200,2024-04-02,SEO/SEM,SG,US,Marketing Manager,361.14,USD,credit_card,completed,11,4.4,False,72.23,rising_talent,14
TXN-1100016,2024-04-02,Virtual Assistant,DE,GB,HR Manager,170.48,USD,credit_card,completed,1,3.7,False,34.1,new_seller,14
TXN-1100013,2024-04-02,Financial Modeling,US,IN,Accountant,710.01,USD,bank_transfer,completed,12,3.9,False,142.0,level_2,14
TXN-1100232,2024-04-02,Web Development,US,US,Software Engineer,163.68,USD,bank_transfer,completed,30,3.7,False,32.74,rising_talent,14
TXN-1100028,2024-04-02,Translation,IN,US,Writer,263.94,USD,paypal,completed,3,4.5,False,52.79,rising_talent,14
TXN-1100008,2024-04-02,Web Development,IL,NL,Software Engineer,865.64,USD,paypal,completed,30,4.0,False,173.13,level_1,14
TXN-1100054,2024-04-02,Photography,US,IN,Designer,640.87,EUR,paypal,completed,5,4.8,False,128.17,rising_talent,14
TXN-1100149,2024-04-03,Mobile App,DE,IN,Software Engineer,254.86,USD,credit_card,cancelled,27,,False,50.97,rising_talent,14
TXN-1100025,2024-04-03,AI/ML Development,US,US,Data Scientist,75.75,ILS,credit_card,completed,8,5.0,False,15.15,rising_talent,14
TXN-1100239,2024-04-03,Data Analysis,FR,IN,Data Scientist,395.09,EUR,crypto,completed,9,3.7,False,79.02,level_2,14
TXN-1100024,2024-04-03,Photography,US,DE,Designer,509.78,ILS,bank_transfer,completed,5,4.2,False,101.96,level_1,14
TXN-1100234,2024-04-03,Photography,US,GB,Designer,256.62,USD,credit_card,completed,4,4.7,False,51.32,top_rated,14
TXN-1100218,2024-04-03,Photography,IN,CA,Designer,27.82,USD,paypal,completed,3,3.2,False,5.56,rising_talent,14
TXN-1100102,2024-04-03,AI/ML Development,GB,FR,Data Scientist,168.18,USD,credit_card,completed,10,4.6,False,33.64,rising_talent,14
TXN-1100126,2024-04-03,Translation,US,MX,Writer,116.29,USD,paypal,completed,1,4.8,True,23.26,rising_talent,14
TXN-1100104,2024-04-03,Translation,GB,CA,Writer,6.51,USD,credit_card,completed,2,4.6,True,1.3,level_2,14
TXN-1100006,2024-04-03,Web Development,GB,IN,Software Engineer,55.78,USD,credit_card,completed,16,3.6,False,11.16,top_rated,14
TXN-1100106,2024-04-03,Financial Modeling,IN,IL,Accountant,223.89,USD,credit_card,completed,6,4.8,True,44.78,level_1,14
TXN-1100140,2024-04-03,Financial Modeling,IN,IN,Accountant,55.32,USD,credit_card,completed,6,4.2,True,11.06,level_2,14
TXN-1100226,2024-04-03,Web Development,DE,US,Software Engineer,12.5,ILS,credit_card,completed,17,4.7,True,2.5,level_2,14
TXN-1100123,2024-04-03,Social Media Management,IL,US,Marketing Manager,132.56,USD,paypal,completed,4,4.7,False,26.51,level_1,14
TXN-1100109,2024-04-03,Data Analysis,BR,GB,Data Scientist,33.37,EUR,paypal,completed,2,4.3,False,6.67,level_1,14
TXN-1100015,2024-04-03,AI/ML Development,US,US,Data Scientist,12.62,USD,credit_card,completed,21,4.3,False,2.52,rising_talent,14
TXN-1100027,2024-04-03,Translation,GB,ZA,Writer,135.74,EUR,bank_transfer,completed,3,4.2,True,27.15,level_1,14
TXN-1100114,2024-04-03,SEO/SEM,CA,US,Marketing Manager,120.01,USD,bank_transfer,completed,11,4.6,True,24.0,level_1,14
TXN-1100231,2024-04-03,Social Media Management,GB,US,Marketing Manager,38.4,INR,credit_card,completed,6,1.0,False,7.68,level_1,14
TXN-1100009,2024-04-03,Legal Consulting,GB,US,Lawyer,234.2,USD,paypal,completed,17,3.1,True,46.84,top_rated,14
TXN-1100150,2024-04-03,Virtual Assistant,CA,CA,HR Manager,9.72,USD,paypal,completed,3,4.3,False,1.94,level_1,14
TXN-1100144,2024-04-03,Legal Consulting,IN,FR,Lawyer,86.51,USD,bank_transfer,completed,8,3.6,False,17.3,new_seller,14
TXN-1100152,2024-04-03,Graphic Design,GB,DE,Designer,905.45,EUR,paypal,completed,5,3.8,False,181.09,level_1,14
TXN-1100056,2024-04-03,Financial Modeling,CA,MX,Accountant,13.64,USD,credit_card,completed,5,3.6,False,2.73,level_2,14
TXN-1100049,2024-04-03,SEO/SEM,US,JP,Marketing Manager,388.69,GBP,paypal,completed,14,3.2,True,77.74,level_1,14
TXN-1100194,2024-04-03,Translation,US,US,Writer,42.18,USD,paypal,completed,118,4.5,False,8.44,top_rated,14
TXN-1100178,2024-04-03,SEO/SEM,US,CA,Marketing Manager,1070.71,USD,credit_card,completed,5,4.2,True,214.14,level_1,14
TXN-1100214,2024-04-03,Music Production,FR,US,Designer,375.86,USD,bank_transfer,completed,20,4.4,False,75.17,new_seller,14
TXN-1100182,2024-04-03,Translation,DE,GB,Writer,128.42,USD,credit_card,completed,6,4.3,True,25.68,level_2,14
TXN-1100192,2024-04-03,Financial Modeling,JP,BR,Accountant,57.74,USD,bank_transfer,completed,7,3.7,False,11.55,new_seller,14
TXN-1100132,2024-04-03,Video Production,GB,BR,Designer,78.33,USD,credit_card,completed,7,3.8,False,15.67,level_1,14
TXN-1100047,2024-04-03,Financial Modeling,IL,IN,Accountant,73.67,USD,bank_transfer,completed,9,4.4,True,14.73,rising_talent,14
TXN-1100066,2024-04-03,Music Production,US,US,Designer,135.98,USD,credit_card,in_progress,15,,False,27.2,level_1,14
TXN-1100064,2024-04-03,Video Production,BR,JP,Designer,207.07,USD,credit_card,completed,5,3.7,True,41.41,level_2,14
TXN-1100190,2024-04-03,Music Production,IN,ES,Designer,180.09,EUR,paypal,completed,11,3.0,False,36.02,level_1,14
TXN-1100035,2024-04-03,Data Analysis,DE,US,Data Scientist,81.94,USD,credit_card,completed,6,2.3,False,16.39,level_2,14
TXN-1100060,2024-04-03,Financial Modeling,BR,CA,Accountant,208.47,USD,paypal,completed,11,4.4,True,41.69,new_seller,14
TXN-1100169,2024-04-03,Photography,US,NL,Designer,310.08,USD,paypal,completed,4,4.0,True,62.02,level_1,14
TXN-1100167,2024-04-03,Translation,ES,US,Writer,736.82,USD,credit_card,completed,1,1.0,True,147.36,level_2,14
TXN-1100037,2024-04-03,Social Media Management,SG,IN,Marketing Manager,29.25,GBP,paypal,completed,6,4.7,True,5.85,rising_talent,14
TXN-1100181,2024-04-03,Legal Consulting,IN,ES,Lawyer,358.69,USD,credit_card,completed,16,3.6,True,71.74,level_2,14
TXN-1100148,2024-04-04,Mobile App,FR,CA,Software Engineer,1590.13,USD,paypal,completed,10,5.0,True,318.03,level_1,14
TXN-1100186,2024-04-04,Mobile App,AU,GB,Software Engineer,420.81,USD,credit_card,completed,30,4.8,True,84.16,rising_talent,14
TXN-1100187,2024-04-04,Video Production,GB,US,Designer,95.15,USD,credit_card,completed,5,4.8,False,19.03,level_1,14
TXN-1100237,2024-04-04,Graphic Design,IL,US,Designer,23.9,USD,bank_transfer,completed,5,3.5,True,4.78,rising_talent,14
TXN-1100137,2024-04-04,Social Media Management,US,CA,Marketing Manager,30.82,USD,credit_card,completed,6,4.4,False,6.16,new_seller,14
TXN-1100136,2024-04-04,SEO/SEM,GB,IN,Marketing Manager,104.25,USD,credit_card,completed,22,4.1,False,20.85,level_1,14
TXN-1100189,2024-04-04,Data Analysis,FR,CA,Data Scientist,19.61,USD,credit_card,completed,10,4.0,False,3.92,level_1,14
TXN-1100195,2024-04-04,Financial Modeling,MX,US,Accountant,22.39,USD,credit_card,completed,24,4.1,True,4.48,rising_talent,14
TXN-1100174,2024-04-04,Graphic Design,DE,ZA,Designer,122.83,USD,paypal,completed,2,4.3,False,24.57,rising_talent,14
TXN-1100229,2024-04-04,Translation,IN,IN,Writer,64.7,USD,credit_card,cancelled,4,,True,12.94,level_2,14
TXN-1100197,2024-04-04,Social Media Management,SG,JP,Marketing Manager,188.52,USD,credit_card,completed,7,4.0,False,37.7,level_1,14
TXN-1100198,2024-04-04,Social Media Management,GB,US,Marketing Manager,354.04,GBP,credit_card,completed,10,4.9,True,70.81,top_rated,14
TXN-1100202,2024-04-04,Content Writing,IN,DE,Writer,1992.42,USD,paypal,completed,1,4.6,True,398.48,level_1,14
TXN-1100221,2024-04-04,Financial Modeling,US,US,Accountant,819.69,USD,bank_transfer,completed,12,4.6,False,163.94,new_seller,14
TXN-1100156,2024-04-04,Video Production,US,GB,Designer,442.13,USD,credit_card,completed,11,4.8,True,88.43,rising_talent,14
TXN-1100213,2024-04-04,Translation,US,CA,Writer,141.59,USD,bank_transfer,completed,4,4.0,True,28.32,rising_talent,14
TXN-1100171,2024-04-04,Social Media Management,US,BR,Marketing Manager,129.76,EUR,paypal,completed,5,4.7,False,25.95,level_1,14
TXN-1100217,2024-04-04,Content Writing,US,SG,Writer,96.38,USD,paypal,completed,2,4.9,True,19.28,new_seller,14
TXN-1100159,2024-04-04,Translation,US,US,Writer,106.95,USD,credit_card,completed,1,4.8,True,21.39,top_rated,14
TXN-1100179,2024-04-04,Translation,NL,IN,Writer,489.92,USD,crypto,completed,3,4.3,False,97.98,level_2,14
TXN-1100216,2024-04-04,Graphic Design,SG,IN,Designer,36.15,USD,credit_card,completed,3,3.3,False,7.23,level_1,14
TXN-1100211,2024-04-04,Legal Consulting,AU,US,Lawyer,48.91,USD,bank_transfer,completed,30,4.8,False,9.78,level_1,14
TXN-1100017,2024-04-04,SEO/SEM,IN,US,Marketing Manager,487.77,USD,credit_card,completed,10,4.1,False,97.55,level_1,14
TXN-1100103,2024-04-04,Graphic Design,SG,GB,Designer,1174.65,USD,credit_card,completed,6,4.1,False,234.93,level_1,14
TXN-1100098,2024-04-04,Mobile App,FR,US,Software Engineer,295.08,USD,paypal,completed,30,4.2,True,59.02,level_1,14
TXN-1100105,2024-04-04,Content Writing,SG,IL,Writer,143.81,EUR,crypto,completed,2,4.4,False,28.76,rising_talent,14
TXN-1100055,2024-04-04,Web Development,US,US,Software Engineer,1696.63,USD,bank_transfer,completed,15,4.5,False,339.33,top_rated,14
TXN-1100003,2024-04-04,Graphic Design,US,US,Designer,149.91,USD,credit_card,completed,3,3.6,True,29.98,top_rated,14
TXN-1100116,2024-04-04,Translation,US,IN,Writer,259.87,USD,credit_card,completed,3,3.2,False,51.97,new_seller,14
TXN-1100061,2024-04-04,Content Writing,NL,FR,Writer,40.03,USD,credit_card,completed,2,4.9,False,8.01,level_2,14
TXN-1100118,2024-04-04,Legal Consulting,IL,IN,Lawyer,255.01,USD,bank_transfer,completed,30,3.9,False,51.0,new_seller,14
TXN-1100119,2024-04-04,Translation,IN,US,Writer,37.08,GBP,paypal,completed,2,4.3,False,7.42,new_seller,14
TXN-1100095,2024-04-04,Video Production,JP,US,Designer,240.24,USD,paypal,completed,11,4.4,True,48.05,new_seller,14
TXN-1100094,2024-04-04,Data Analysis,IN,US,Data Scientist,184.87,USD,credit_card,completed,12,3.5,True,36.97,rising_talent,14
TXN-1100005,2024-04-04,Financial Modeling,US,IN,Accountant,84.85,USD,credit_card,completed,12,4.7,False,16.97,new_seller,14
TXN-1100121,2024-04-04,Photography,IN,DE,Designer,105.17,USD,paypal,completed,1,4.2,False,21.03,rising_talent,14
TXN-1100124,2024-04-04,Financial Modeling,MX,FR,Accountant,83.95,USD,credit_card,completed,6,4.3,False,16.79,level_1,14
TXN-1100071,2024-04-04,Web Development,US,MX,Software Engineer,59.2,USD,bank_transfer,completed,9,3.5,False,11.84,level_1,14
TXN-1100029,2024-04-04,Social Media Management,GB,US,Marketing Manager,42.25,GBP,credit_card,completed,5,3.8,True,8.45,level_1,14
TXN-1100133,2024-04-04,AI/ML Development,ZA,US,Data Scientist,299.87,USD,crypto,completed,14,4.5,False,59.97,level_1,14
TXN-1100100,2024-04-04,SEO/SEM,IL,SG,Marketing Manager,312.39,USD,credit_card,disputed,11,,False,62.48,level_1,14
TXN-1100062,2024-04-05,Mobile App,US,SG,Software Engineer,249.31,USD,credit_card,completed,23,4.3,True,49.86,rising_talent,14
TXN-1100065,2024-04-05,Web Development,US,US,Software Engineer,127.89,USD,bank_transfer,completed,19,4.9,False,25.58,new_seller,14
TXN-1100070,2024-04-05,Data Analysis,IN,DE,Data Scientist,485.2,USD,credit_card,completed,6,4.6,False,97.04,level_2,14
TXN-1100073,2024-04-05,Mobile App,IN,US,Software Engineer,173.58,USD,credit_card,completed,15,4.9,False,34.72,new_seller,14
TXN-1100053,2024-04-05,SEO/SEM,GB,IN,Marketing Manager,78.55,USD,credit_card,completed,17,3.7,False,15.71,level_1,14
TXN-1100135,2024-04-05,Video Production,BR,GB,Designer,101.28,INR,credit_card,completed,6,3.7,True,20.26,level_2,14
TXN-1100051,2024-04-05,AI/ML Development,IN,ES,Data Scientist,156.58,EUR,paypal,completed,14,4.3,False,31.32,new_seller,14
TXN-1100012,2024-04-05,Social Media Management,US,NL,Marketing Manager,87.15,USD,credit_card,completed,3,3.9,False,17.43,rising_talent,14
TXN-1100225,2024-04-05,Web Development,GB,US,Software Engineer,135.69,USD,bank_transfer,completed,15,3.6,False,27.14,level_1,14
TXN-1100045,2024-04-05,Financial Modeling,US,AU,Accountant,476.74,USD,bank_transfer,cancelled,7,,False,95.35,level_2,14
TXN-1100224,2024-04-05,Video Production,GB,GB,Designer,88.28,USD,credit_card,completed,6,4.3,False,17.66,top_rated,14
TXN-1100043,2024-04-05,Photography,FR,ES,Designer,284.61,USD,credit_card,completed,2,4.7,True,56.92,new_seller,14
TXN-1100203,2024-04-05,Data Analysis,US,IN,Data Scientist,170.76,USD,credit_card,completed,3,4.4,False,34.15,level_2,14
TXN-1100205,2024-04-05,Virtual Assistant,GB,US,HR Manager,52.02,USD,paypal,completed,2,4.7,True,10.4,new_seller,14
TXN-1100034,2024-04-05,Social Media Management,IN,AU,Marketing Manager,922.77,USD,bank_transfer,disputed,7,,False,184.55,level_2,14
TXN-1100020,2024-04-05,Data Analysis,ES,US,Data Scientist,109.37,USD,credit_card,completed,6,4.6,True,21.87,top_rated,14
TXN-1100022,2024-04-05,Mobile App,IL,FR,Software Engineer,11.91,USD,credit_card,completed,22,3.2,True,2.38,level_2,14
TXN-1100052,2024-04-05,Web Development,IN,US,Software Engineer,414.96,USD,paypal,completed,30,4.6,False,82.99,level_1,14
TXN-1100076,2024-04-05,Social Media Management,IL,NL,Marketing Manager,294.91,USD,paypal,completed,6,5.0,False,58.98,level_1,14
TXN-1100026,2024-04-05,Data Analysis,IN,DE,Data Scientist,24.15,USD,credit_card,completed,5,4.4,False,4.83,top_rated,14
TXN-1100172,2024-04-05,Data Analysis,BR,US,Data Scientist,19.93,USD,paypal,completed,4,4.1,True,3.99,level_1,14
TXN-1100011,2024-04-05,Music Production,DE,IL,Designer,167.41,USD,crypto,completed,17,3.6,False,33.48,level_2,14
TXN-1100153,2024-04-05,Data Analysis,IN,US,Data Scientist,663.38,USD,paypal,completed,5,4.5,False,132.68,rising_talent,14
TXN-1100002,2024-04-05,AI/ML Development,BR,FR,Data Scientist,567.16,USD,credit_card,completed,8,4.5,False,113.43,level_1,14
TXN-1100146,2024-04-05,Data Analysis,FR,JP,Data Scientist,87.89,GBP,credit_card,completed,5,3.5,False,17.58,level_2,14
TXN-1100240,2024-04-05,Virtual Assistant,DE,US,HR Manager,86.0,GBP,paypal,completed,2,3.7,True,17.2,top_rated,14
TXN-1100092,2024-04-05,Virtual Assistant,IL,JP,HR Manager,342.38,USD,credit_card,completed,3,4.5,False,68.48,rising_talent,14
TXN-1100143,2024-04-05,Social Media Management,DE,CA,Marketing Manager,117.67,EUR,paypal,completed,7,4.4,False,23.53,new_seller,14
TXN-1100010,2024-04-05,Graphic Design,DE,US,Designer,177.47,USD,credit_card,completed,9,4.6,False,35.49,rising_talent,14
TXN-1100168,2024-04-05,Web Development,US,NL,Software Engineer,107.07,GBP,credit_card,completed,12,4.6,True,21.41,rising_talent,14
TXN-1100155,2024-04-05,Translation,GB,DE,Writer,529.84,USD,paypal,completed,3,3.0,False,105.97,rising_talent,14
TXN-1100040,2024-04-06,Photography,IL,IN,Designer,212.05,ILS,credit_card,completed,6,4.4,True,42.41,level_2,14
TXN-1100227,2024-04-06,Social Media Management,IN,MX,Marketing Manager,421.65,USD,credit_card,completed,11,4.2,False,84.33,level_1,14
TXN-1100220,2024-04-06,Translation,ZA,SG,Writer,166.47,ILS,paypal,completed,1,4.5,False,33.29,level_1,14
TXN-1100242,2024-04-06,Graphic Design,DE,BR,Designer,340.74,USD,credit_card,completed,2,4.5,False,68.15,level_2,14
TXN-1100145,2024-04-06,Mobile App,GB,US,Software Engineer,332.19,USD,bank_transfer,completed,15,4.6,True,66.44,rising_talent,14
TXN-1100138,2024-04-06,Translation,NL,US,Writer,109.77,USD,paypal,completed,3,4.2,False,21.95,rising_talent,14
TXN-1100199,2024-04-06,Graphic Design,GB,ES,Designer,272.84,USD,paypal,completed,7,3.7,False,54.57,level_1,14
TXN-1100032,2024-04-06,Web Development,IN,SG,Software Engineer,55.72,EUR,paypal,completed,12,4.2,False,11.14,level_1,14
TXN-1100129,2024-04-06,Legal Consulting,US,GB,Lawyer,241.88,EUR,bank_transfer,completed,20,3.6,True,48.38,level_2,14
TXN-1100048,2024-04-06,Content Writing,IN,CA,Writer,73.44,USD,credit_card,completed,2,4.2,True,14.69,new_seller,14
TXN-1100099,2024-04-06,Video Production,AU,MX,Designer,78.81,USD,credit_card,completed,16,3.9,True,15.76,new_seller,14
TXN-1100215,2024-04-06,Translation,DE,US,Writer,60.27,USD,credit_card,completed,6,4.9,False,12.05,level_2,14
TXN-1100074,2024-04-06,Photography,US,AU,Designer,1548.57,USD,bank_transfer,completed,7,4.4,True,309.71,level_1,14
TXN-1100089,2024-04-06,Legal Consulting,US,DE,Lawyer,209.85,USD,paypal,completed,14,3.8,True,41.97,level_1,14
TXN-1100090,2024-04-06,AI/ML Development,US,US,Data Scientist,79.31,GBP,paypal,completed,8,4.0,True,15.86,level_1,14
TXN-1100180,2024-04-06,AI/ML Development,MX,GB,Data Scientist,13.8,USD,credit_card,completed,16,3.2,False,2.76,new_seller,14
TXN-1100069,2024-04-06,Content Writing,ES,GB,Writer,165.64,USD,paypal,completed,2,4.5,True,33.13,top_rated,14
TXN-1100157,2024-04-06,Financial Modeling,IN,US,Accountant,30.8,GBP,credit_card,completed,9,3.0,False,6.16,level_1,14
TXN-1100183,2024-04-06,Financial Modeling,BR,US,Accountant,209.77,USD,credit_card,completed,7,2.4,False,41.95,top_rated,14
TXN-1100007,2024-04-06,Virtual Assistant,ZA,IN,HR Manager,94.93,ILS,credit_card,completed,2,4.5,False,18.99,rising_talent,14
TXN-1100014,2024-04-06,Translation,US,IL,Writer,239.26,USD,credit_card,completed,3,4.3,False,47.85,level_1,14
TXN-1100063,2024-04-06,Graphic Design,IL,IN,Designer,192.99,USD,paypal,completed,2,4.4,True,38.6,rising_talent,14
TXN-1100175,2024-04-06,Graphic Design,US,IL,Designer,398.76,USD,credit_card,completed,5,4.6,False,79.75,level_2,14
TXN-1100222,2024-04-07,Financial Modeling,MX,MX,Accountant,80.34,GBP,credit_card,completed,10,4.7,True,16.07,level_1,14
TXN-1100018,2024-04-07,Graphic Design,ZA,IN,Designer,234.44,USD,paypal,completed,8,4.4,False,46.89,new_seller,14
TXN-1100019,2024-04-07,Legal Consulting,IN,IN,Lawyer,59.04,USD,credit_card,completed,9,4.7,True,11.81,level_1,14
TXN-1100235,2024-04-07,Social Media Management,ES,BR,Marketing Manager,135.54,GBP,bank_transfer,completed,9,3.9,False,27.11,top_rated,14
TXN-1100241,2024-04-07,Translation,NL,GB,Writer,681.53,ILS,credit_card,completed,2,4.3,False,136.31,level_2,14
TXN-1100219,2024-04-07,Virtual Assistant,AU,US,HR Manager,263.56,USD,credit_card,completed,1,3.7,False,52.71,new_seller,14
TXN-1100228,2024-04-07,Legal Consulting,US,GB,Lawyer,125.65,GBP,credit_card,completed,13,4.6,True,25.13,rising_talent,14
TXN-1100238,2024-04-07,Financial Modeling,FR,NL,Accountant,520.59,USD,paypal,completed,7,4.7,False,104.12,rising_talent,14
TXN-1100004,2024-04-07,Video Production,GB,IN,Designer,164.06,USD,paypal,completed,14,4.7,True,32.81,level_1,14
TXN-1100208,2024-04-07,Web Development,NL,GB,Software Engineer,169.81,USD,credit_card,completed,15,4.9,True,33.96,level_2,14
TXN-1100147,2024-04-07,Data Analysis,GB,US,Data Scientist,110.33,USD,paypal,completed,6,4.4,False,22.07,new_seller,14
TXN-1100130,2024-04-07,Photography,IL,US,Designer,97.96,EUR,credit_card,completed,5,4.0,False,19.59,level_2,14
TXN-1100125,2024-04-07,Mobile App,MX,GB,Software Engineer,450.85,USD,credit_card,completed,30,4.1,False,90.17,level_1,14
TXN-1100142,2024-04-07,Virtual Assistant,IN,BR,HR Manager,179.88,USD,credit_card,completed,1,4.2,False,35.98,level_1,14
TXN-1100120,2024-04-07,AI/ML Development,ZA,US,Data Scientist,231.73,GBP,credit_card,completed,15,3.5,False,46.35,top_rated,14
TXN-1100117,2024-04-07,Photography,JP,DE,Designer,667.3,USD,bank_transfer,cancelled,5,,False,133.46,level_2,14
TXN-1100112,2024-04-07,Web Development,JP,ZA,Software Engineer,342.69,USD,bank_transfer,completed,12,4.9,True,68.54,level_1,14
TXN-1100161,2024-04-07,Web Development,US,US,Software Engineer,38.26,USD,paypal,completed,13,4.1,True,7.65,level_2,14
TXN-1100097,2024-04-07,Graphic Design,AU,NL,Designer,273.92,USD,bank_transfer,completed,5,4.4,False,54.78,rising_talent,14
TXN-1100212,2024-04-07,Financial Modeling,US,IN,Accountant,717.41,EUR,credit_card,completed,9,4.2,False,143.48,rising_talent,14
TXN-1100093,2024-04-07,Financial Modeling,AU,US,Accountant,91.36,GBP,paypal,completed,15,4.6,False,18.27,level_2,14
TXN-1100088,2024-04-07,Data Analysis,IN,US,Data Scientist,535.01,USD,credit_card,completed,6,4.4,False,107.0,level_1,14
TXN-1100173,2024-04-07,Financial Modeling,NL,DE,Accountant,595.91,USD,credit_card,completed,13,3.9,False,119.18,rising_talent,14
TXN-1100165,2024-04-07,Mobile App,US,SG,Software Engineer,212.77,USD,credit_card,completed,30,4.1,True,42.55,level_2,14
TXN-1100059,2024-04-07,Photography,US,US,Designer,407.41,USD,paypal,completed,3,3.7,False,81.48,top_rated,14
TXN-1100210,2024-04-07,Web Development,DE,IN,Software Engineer,1174.24,ILS,bank_transfer,completed,12,4.6,False,234.85,rising_talent,14
TXN-1100176,2024-04-07,Music Production,US,US,Designer,281.65,USD,bank_transfer,completed,15,4.7,False,56.33,new_seller,14
TXN-1100041,2024-04-07,Social Media Management,GB,CA,Marketing Manager,189.83,GBP,credit_card,completed,11,2.8,False,37.97,level_2,14
TXN-1100201,2024-04-07,SEO/SEM,GB,US,Marketing Manager,64.2,GBP,credit_card,completed,6,4.5,True,12.84,level_1,14
TXN-1100036,2024-04-07,Financial Modeling,US,NL,Accountant,28.73,EUR,bank_transfer,completed,12,3.8,True,5.75,rising_talent,14
TXN-1100046,2024-04-07,Legal Consulting,SG,IN,Lawyer,324.76,ILS,credit_card,completed,10,3.5,False,64.95,top_rated,14
TXN-1100196,2024-04-07,AI/ML Development,US,US,Data Scientist,184.32,USD,crypto,completed,26,3.7,False,36.86,new_seller,14
TXN-1100050,2024-04-07,Video Production,JP,IN,Designer,728.05,USD,paypal,completed,6,3.9,False,145.61,rising_talent,14
TXN-1100057,2024-04-07,Web Development,IN,GB,Software Engineer,81.83,USD,credit_card,completed,16,3.2,False,16.37,level_2,14
TXN-1100044,2024-04-07,Music Production,US,AU,Designer,106.88,USD,credit_card,completed,13,3.2,False,21.38,level_2,14
TXN-1100344,2024-04-08,Video Production,US,MX,Designer,187.01,ILS,crypto,completed,7,3.5,False,37.4,level_1,15
TXN-1100345,2024-04-08,Photography,CA,US,Designer,171.59,INR,paypal,completed,4,3.8,False,34.32,rising_talent,15
TXN-1100341,2024-04-08,Video Production,US,US,Designer,439.94,USD,paypal,completed,6,4.2,False,87.99,top_rated,15
TXN-1100338,2024-04-08,Data Analysis,BR,DE,Data Scientist,97.12,USD,paypal,completed,5,3.6,False,19.42,level_1,15
TXN-1100327,2024-04-08,Translation,US,DE,Writer,383.47,USD,credit_card,completed,2,4.5,False,76.69,top_rated,15
TXN-1100511,2024-04-08,Financial Modeling,CA,US,Accountant,380.01,EUR,paypal,completed,11,4.6,True,76.0,level_2,15
TXN-1100317,2024-04-08,Mobile App,US,GB,Software Engineer,320.01,USD,paypal,completed,30,4.6,True,64.0,level_2,15
TXN-1100515,2024-04-08,Graphic Design,ZA,US,Designer,116.9,EUR,credit_card,completed,5,4.0,False,23.38,top_rated,15
TXN-1100420,2024-04-08,Translation,US,ES,Writer,71.21,USD,credit_card,completed,4,4.8,False,14.24,new_seller,15
TXN-1100308,2024-04-08,Social Media Management,DE,IL,Marketing Manager,694.51,USD,credit_card,completed,16,4.3,True,138.9,rising_talent,15
TXN-1100525,2024-04-08,Mobile App,GB,GB,Software Engineer,105.13,USD,bank_transfer,completed,30,2.9,True,21.03,top_rated,15
TXN-1100530,2024-04-08,SEO/SEM,CA,FR,Marketing Manager,414.04,USD,credit_card,completed,13,4.7,False,82.81,level_1,15
TXN-1100296,2024-04-08,Data Analysis,GB,IN,Data Scientist,402.79,USD,bank_transfer,completed,4,2.8,False,80.56,level_1,15
TXN-1100295,2024-04-08,Photography,GB,BR,Designer,82.25,USD,credit_card,completed,2,4.5,True,16.45,level_1,15
TXN-1100491,2024-04-08,Financial Modeling,FR,US,Accountant,52.47,USD,bank_transfer,completed,11,3.7,True,10.49,level_2,15
TXN-1100537,2024-04-08,Mobile App,CA,GB,Software Engineer,209.19,USD,paypal,completed,30,4.0,False,41.84,level_1,15
TXN-1100518,2024-04-08,Video Production,ES,DE,Designer,534.78,INR,paypal,completed,5,4.7,False,106.96,top_rated,15
TXN-1100483,2024-04-08,Mobile App,US,BR,Software Engineer,1635.51,USD,credit_card,completed,25,4.7,False,327.1,level_2,15
TXN-1100449,2024-04-08,Video Production,ZA,ES,Designer,234.95,USD,credit_card,completed,13,4.4,True,46.99,level_2,15
TXN-1100478,2024-04-08,Photography,IN,FR,Designer,21.1,USD,credit_card,completed,6,2.7,False,4.22,level_1,15
TXN-1100542,2024-04-08,Video Production,GB,DE,Designer,138.28,USD,credit_card,completed,8,2.8,False,27.66,top_rated,15
TXN-1100438,2024-04-08,Photography,GB,FR,Designer,390.05,USD,credit_card,completed,8,4.9,True,78.01,level_2,15
TXN-1100402,2024-04-08,Data Analysis,JP,DE,Data Scientist,44.33,USD,paypal,completed,7,4.3,False,8.87,level_2,15
TXN-1100400,2024-04-08,Financial Modeling,US,ES,Accountant,115.48,USD,credit_card,completed,8,4.5,True,23.1,rising_talent,15
TXN-1100397,2024-04-08,Graphic Design,FR,ZA,Designer,157.3,USD,credit_card,completed,5,4.9,True,31.46,new_seller,15
TXN-1100396,2024-04-08,Video Production,GB,US,Designer,282.33,ILS,credit_card,cancelled,6,,False,56.47,top_rated,15
TXN-1100395,2024-04-08,Virtual Assistant,DE,US,HR Manager,170.35,USD,credit_card,disputed,1,,False,34.07,level_2,15
TXN-1100392,2024-04-08,Graphic Design,IN,US,Designer,950.62,ILS,credit_card,completed,3,3.8,False,190.12,level_2,15
TXN-1100451,2024-04-08,Financial Modeling,US,US,Accountant,25.32,EUR,bank_transfer,completed,4,3.9,False,5.06,new_seller,15
TXN-1100388,2024-04-08,Content Writing,FR,US,Writer,68.99,EUR,paypal,completed,3,3.9,True,13.8,rising_talent,15
TXN-1100453,2024-04-08,Financial Modeling,US,CA,Accountant,2622.94,USD,paypal,completed,7,3.7,True,524.59,new_seller,15
TXN-1100386,2024-04-08,Music Production,US,GB,Designer,189.18,USD,credit_card,completed,7,4.3,False,37.84,level_2,15
TXN-1100458,2024-04-08,Music Production,IN,DE,Designer,548.49,USD,paypal,completed,9,4.6,False,109.7,rising_talent,15
TXN-1100461,2024-04-08,SEO/SEM,IN,US,Marketing Manager,61.64,USD,paypal,completed,7,4.3,False,12.33,rising_talent,15
TXN-1100464,2024-04-08,Translation,ES,ES,Writer,45.43,USD,credit_card,completed,2,3.6,True,9.09,rising_talent,15
TXN-1100469,2024-04-08,Virtual Assistant,DE,BR,HR Manager,296.4,ILS,credit_card,completed,1,3.3,True,59.28,level_2,15
TXN-1100365,2024-04-08,Video Production,US,FR,Designer,123.47,EUR,bank_transfer,completed,5,4.6,False,24.69,rising_talent,15
TXN-1100359,2024-04-08,Music Production,GB,US,Designer,144.78,EUR,crypto,completed,13,4.5,False,28.96,new_seller,15
TXN-1100285,2024-04-08,Web Development,US,FR,Software Engineer,135.24,USD,paypal,completed,14,4.7,False,27.05,rising_talent,15
TXN-1100424,2024-04-08,AI/ML Development,MX,CA,Data Scientist,147.82,USD,paypal,completed,9,4.0,False,29.56,rising_talent,15
TXN-1100565,2024-04-08,Content Writing,IN,US,Writer,187.57,USD,bank_transfer,disputed,6,,False,37.51,level_1,15
TXN-1100267,2024-04-08,Translation,IN,AU,Writer,172.61,USD,paypal,completed,3,3.6,False,34.52,top_rated,15
TXN-1100245,2024-04-08,Content Writing,GB,DE,Writer,220.23,USD,credit_card,disputed,2,,False,44.05,level_2,15
TXN-1100549,2024-04-08,Translation,US,US,Writer,168.96,USD,paypal,completed,2,4.9,False,33.79,level_2,15
TXN-1100551,2024-04-08,Social Media Management,DE,ES,Marketing Manager,44.09,USD,bank_transfer,completed,5,4.1,True,8.82,level_1,15
TXN-1100282,2024-04-08,Virtual Assistant,CA,GB,HR Manager,808.52,USD,bank_transfer,completed,2,4.4,False,161.7,level_1,15
TXN-1100566,2024-04-08,Virtual Assistant,MX,IN,HR Manager,268.47,USD,paypal,completed,1,4.5,False,53.69,new_seller,15
TXN-1100555,2024-04-08,Mobile App,GB,FR,Software Engineer,596.68,USD,credit_card,completed,14,3.8,False,119.34,level_2,15
TXN-1100249,2024-04-08,AI/ML Development,US,ZA,Data Scientist,101.92,USD,paypal,completed,23,3.8,True,20.38,top_rated,15
TXN-1100273,2024-04-08,SEO/SEM,US,US,Marketing Manager,67.09,GBP,paypal,completed,14,2.7,False,13.42,rising_talent,15
TXN-1100567,2024-04-08,Graphic Design,US,IN,Designer,331.3,USD,credit_card,cancelled,6,,True,66.26,level_2,15
TXN-1100260,2024-04-08,Financial Modeling,BR,GB,Accountant,80.63,EUR,bank_transfer,cancelled,10,,False,16.13,level_2,15
TXN-1100269,2024-04-08,Photography,US,AU,Designer,149.87,USD,paypal,disputed,3,,True,29.97,level_2,15
TXN-1100548,2024-04-08,AI/ML Development,US,AU,Data Scientist,490.6,USD,paypal,completed,23,4.6,False,98.12,level_1,15
TXN-1100243,2024-04-08,Financial Modeling,MX,US,Accountant,930.23,USD,paypal,completed,9,4.2,False,186.05,rising_talent,15
TXN-1100256,2024-04-08,Video Production,ZA,ZA,Designer,170.18,USD,paypal,completed,9,3.9,False,34.04,level_1,15
TXN-1100281,2024-04-08,Music Production,US,US,Designer,25.71,USD,paypal,completed,20,4.5,True,5.14,level_2,15
TXN-1100421,2024-04-08,Mobile App,GB,IN,Software Engineer,125.92,USD,credit_card,completed,30,1.8,True,25.18,level_1,15
TXN-1100270,2024-04-08,Web Development,FR,GB,Software Engineer,56.2,USD,credit_card,completed,10,3.0,True,11.24,level_2,15
TXN-1100500,2024-04-09,Virtual Assistant,US,US,HR Manager,122.51,GBP,credit_card,completed,2,3.7,True,24.5,level_1,15
TXN-1100330,2024-04-09,Social Media Management,SG,IL,Marketing Manager,50.07,USD,paypal,completed,6,4.3,False,10.01,rising_talent,15
TXN-1100337,2024-04-09,AI/ML Development,US,IN,Data Scientist,180.48,USD,credit_card,completed,11,3.6,True,36.1,level_2,15
TXN-1100246,2024-04-09,Translation,AU,ZA,Writer,89.74,USD,paypal,completed,3,4.2,True,17.95,level_1,15
TXN-1100339,2024-04-09,AI/ML Development,AU,US,Data Scientist,402.8,EUR,paypal,completed,30,3.5,False,80.56,level_2,15
TXN-1100545,2024-04-09,Music Production,FR,US,Designer,196.87,USD,paypal,completed,17,4.4,False,39.37,level_1,15
TXN-1100342,2024-04-09,Financial Modeling,IN,NL,Accountant,259.56,USD,paypal,completed,6,4.7,False,51.91,top_rated,15
TXN-1100343,2024-04-09,Video Production,GB,DE,Designer,166.88,USD,crypto,completed,9,4.7,False,33.38,rising_talent,15
TXN-1100347,2024-04-09,Translation,DE,US,Writer,1006.42,INR,bank_transfer,completed,2,4.3,False,201.28,new_seller,15
TXN-1100559,2024-04-09,Virtual Assistant,DE,US,HR Manager,101.25,GBP,bank_transfer,completed,1,4.8,False,20.25,level_1,15
TXN-1100379,2024-04-09,Social Media Management,US,US,Marketing Manager,139.12,USD,crypto,completed,12,4.3,False,27.82,level_2,15
TXN-1100482,2024-04-09,Financial Modeling,US,JP,Accountant,119.19,USD,credit_card,completed,10,4.8,False,23.84,level_1,15
TXN-1100481,2024-04-09,SEO/SEM,IN,IN,Marketing Manager,38.11,EUR,credit_card,completed,9,3.0,False,7.62,new_seller,15
TXN-1100357,2024-04-09,Graphic Design,US,BR,Designer,675.7,USD,credit_card,completed,5,4.9,True,135.14,level_2,15
TXN-1100378,2024-04-09,Virtual Assistant,IN,DE,HR Manager,98.83,USD,credit_card,completed,1,3.8,False,19.77,level_1,15
TXN-1100563,2024-04-09,Social Media Management,GB,IN,Marketing Manager,117.59,EUR,credit_card,completed,3,4.8,False,23.52,top_rated,15
TXN-1100473,2024-04-09,Legal Consulting,US,ES,Lawyer,105.72,USD,bank_transfer,completed,16,2.7,True,21.14,level_1,15
TXN-1100471,2024-04-09,Graphic Design,GB,IN,Designer,98.75,USD,credit_card,completed,3,3.8,False,19.75,level_1,15
TXN-1100375,2024-04-09,Data Analysis,IN,US,Data Scientist,324.13,USD,credit_card,completed,6,4.1,False,64.83,level_1,15
TXN-1100259,2024-04-09,Translation,US,US,Writer,132.03,USD,credit_card,completed,2,4.2,False,26.41,level_2,15
TXN-1100389,2024-04-09,Video Production,GB,ZA,Designer,78.74,USD,bank_transfer,completed,13,4.5,True,15.75,rising_talent,15
TXN-1100506,2024-04-09,Content Writing,BR,AU,Writer,203.03,USD,bank_transfer,completed,3,2.3,False,40.61,top_rated,15
TXN-1100326,2024-04-09,Music Production,IL,IN,Designer,79.37,USD,credit_card,completed,7,4.2,False,15.87,level_1,15
TXN-1100322,2024-04-09,Translation,MX,US,Writer,105.21,USD,bank_transfer,completed,4,3.7,False,21.04,level_2,15
TXN-1100425,2024-04-09,Legal Consulting,CA,IN,Lawyer,588.16,USD,paypal,completed,10,4.7,True,117.63,new_seller,15
TXN-1100547,2024-04-09,Music Production,FR,US,Designer,5.0,USD,credit_card,completed,10,4.6,False,1.0,rising_talent,15
TXN-1100539,2024-04-09,Web Development,ES,US,Software Engineer,464.81,USD,paypal,completed,6,3.4,True,92.96,level_2,15
TXN-1100533,2024-04-09,Financial Modeling,DE,DE,Accountant,1170.4,GBP,paypal,completed,10,4.4,False,234.08,level_1,15
TXN-1100294,2024-04-09,AI/ML Development,FR,IN,Data Scientist,45.99,USD,paypal,completed,15,4.6,False,9.2,level_1,15
TXN-1100277,2024-04-09,Music Production,US,US,Designer,54.61,USD,credit_card,completed,11,4.8,False,10.92,level_2,15
TXN-1100276,2024-04-09,Mobile App,IN,MX,Software Engineer,61.6,USD,credit_card,completed,27,4.7,False,12.32,new_seller,15
TXN-1100414,2024-04-09,Translation,CA,GB,Writer,191.78,EUR,bank_transfer,completed,5,3.1,False,38.36,level_1,15
TXN-1100430,2024-04-09,Social Media Management,GB,AU,Marketing Manager,199.64,USD,credit_card,cancelled,7,,True,39.93,level_2,15
TXN-1100275,2024-04-09,Video Production,IN,AU,Designer,554.3,EUR,credit_card,completed,12,4.6,True,110.86,rising_talent,15
TXN-1100528,2024-04-09,Photography,CA,GB,Designer,778.58,GBP,credit_card,completed,5,4.7,False,155.72,level_1,15
TXN-1100507,2024-04-09,Graphic Design,US,IN,Designer,550.88,USD,bank_transfer,completed,4,4.2,False,110.18,level_1,15
TXN-1100524,2024-04-09,Legal Consulting,ES,DE,Lawyer,273.44,USD,credit_card,completed,16,4.8,False,54.69,level_2,15
TXN-1100434,2024-04-09,AI/ML Development,BR,US,Data Scientist,315.12,USD,credit_card,completed,22,3.8,True,63.02,top_rated,15
TXN-1100522,2024-04-09,Photography,US,US,Designer,113.1,USD,credit_card,completed,4,3.7,False,22.62,level_1,15
TXN-1100468,2024-04-09,Financial Modeling,US,DE,Accountant,185.42,EUR,credit_card,completed,8,3.7,False,37.08,level_1,15
TXN-1100521,2024-04-09,AI/ML Development,US,IN,Data Scientist,33.83,GBP,paypal,completed,16,4.6,False,6.77,new_seller,15
TXN-1100569,2024-04-09,Graphic Design,GB,CA,Designer,39.41,USD,credit_card,completed,4,4.8,False,7.88,level_2,15
TXN-1100512,2024-04-09,Content Writing,CA,US,Writer,1669.55,USD,paypal,completed,3,3.6,True,333.91,level_1,15
TXN-1100313,2024-04-09,Social Media Management,JP,US,Marketing Manager,140.54,USD,credit_card,completed,2,3.9,False,28.11,rising_talent,15
TXN-1100405,2024-04-09,Graphic Design,US,GB,Designer,105.06,ILS,credit_card,completed,4,4.0,False,21.01,level_2,15
TXN-1100514,2024-04-09,Social Media Management,SG,ZA,Marketing Manager,392.96,USD,credit_card,completed,9,2.8,False,78.59,level_2,15
TXN-1100409,2024-04-09,Mobile App,US,FR,Software Engineer,46.29,USD,credit_card,completed,16,4.2,False,9.26,level_2,15
TXN-1100408,2024-04-09,AI/ML Development,GB,SG,Data Scientist,14.49,USD,paypal,completed,20,3.6,False,2.9,level_1,15
TXN-1100257,2024-04-10,Content Writing,AU,IN,Writer,204.42,USD,bank_transfer,completed,4,3.8,False,40.88,rising_talent,15
TXN-1100460,2024-04-10,Graphic Design,GB,ZA,Designer,35.68,GBP,bank_transfer,completed,4,3.5,False,7.14,top_rated,15
TXN-1100446,2024-04-10,Translation,CA,BR,Writer,988.81,USD,credit_card,completed,3,4.7,True,197.76,level_2,15
TXN-1100426,2024-04-10,Graphic Design,BR,US,Designer,178.3,USD,paypal,completed,3,4.2,False,35.66,level_2,15
TXN-1100444,2024-04-10,Graphic Design,US,BR,Designer,26.9,USD,paypal,completed,5,5.0,True,5.38,level_2,15
TXN-1100427,2024-04-10,Graphic Design,GB,IL,Designer,23.85,USD,paypal,completed,2,4.7,True,4.77,level_2,15
TXN-1100376,2024-04-10,Data Analysis,US,IN,Data Scientist,245.55,USD,credit_card,completed,4,3.6,False,49.11,level_1,15
TXN-1100568,2024-04-10,Web Development,SG,US,Software Engineer,496.0,USD,credit_card,completed,12,3.3,False,99.2,rising_talent,15
TXN-1100428,2024-04-10,Social Media Management,US,FR,Marketing Manager,39.38,USD,credit_card,completed,10,4.5,False,7.88,level_2,15
TXN-1100455,2024-04-10,Web Development,IL,IL,Software Engineer,124.52,INR,credit_card,completed,11,3.7,True,24.9,top_rated,15
TXN-1100447,2024-04-10,Financial Modeling,NL,AU,Accountant,165.69,USD,credit_card,completed,7,1.0,False,33.14,level_1,15
TXN-1100252,2024-04-10,Virtual Assistant,IN,IN,HR Manager,17.62,USD,credit_card,completed,1,3.9,True,3.52,level_1,15
TXN-1100250,2024-04-10,Social Media Management,NL,US,Marketing Manager,201.5,EUR,paypal,completed,8,3.3,False,40.3,level_2,15
TXN-1100380,2024-04-10,Content Writing,IL,MX,Writer,33.4,EUR,credit_card,completed,7,4.7,False,6.68,level_2,15
TXN-1100254,2024-04-10,Content Writing,DE,DE,Writer,313.84,USD,crypto,completed,2,4.5,False,62.77,new_seller,15
TXN-1100381,2024-04-10,Data Analysis,US,US,Data Scientist,1812.11,USD,credit_card,completed,9,2.8,True,362.42,rising_talent,15
TXN-1100454,2024-04-10,AI/ML Development,NL,DE,Data Scientist,429.86,USD,credit_card,completed,30,4.7,True,85.97,level_1,15
TXN-1100456,2024-04-10,Social Media Management,US,MX,Marketing Manager,1094.98,USD,credit_card,completed,8,4.7,False,219.0,level_2,15
TXN-1100406,2024-04-10,Music Production,US,MX,Designer,165.72,USD,credit_card,completed,10,3.0,False,33.14,top_rated,15
TXN-1100432,2024-04-10,Translation,GB,BR,Writer,49.91,USD,paypal,completed,4,4.1,False,9.98,rising_talent,15
TXN-1100278,2024-04-10,AI/ML Development,US,NL,Data Scientist,292.02,USD,paypal,completed,24,3.7,True,58.4,level_1,15
TXN-1100329,2024-04-10,Social Media Management,FR,US,Marketing Manager,184.82,USD,bank_transfer,completed,6,4.0,True,36.96,level_2,15
TXN-1100309,2024-04-10,Graphic Design,GB,IN,Designer,109.69,USD,crypto,completed,9,1.0,False,21.94,level_1,15
TXN-1100523,2024-04-10,Mobile App,US,NL,Software Engineer,83.01,USD,paypal,completed,13,3.7,False,16.6,new_seller,15
TXN-1100321,2024-04-10,AI/ML Development,IN,US,Data Scientist,589.22,USD,credit_card,completed,30,3.7,False,117.84,new_seller,15
TXN-1100505,2024-04-10,Translation,ES,IN,Writer,108.18,USD,paypal,completed,5,3.9,True,21.64,level_1,15
TXN-1100526,2024-04-10,Virtual Assistant,AU,IN,HR Manager,225.39,USD,credit_card,completed,3,4.9,False,45.08,rising_talent,15
TXN-1100557,2024-04-10,Content Writing,NL,US,Writer,708.36,USD,bank_transfer,completed,2,4.3,False,141.67,level_1,15
TXN-1100328,2024-04-10,Legal Consulting,US,GB,Lawyer,692.97,USD,credit_card,completed,7,3.7,False,138.59,top_rated,15
TXN-1100369,2024-04-10,Graphic Design,IN,IN,Designer,94.54,USD,credit_card,completed,3,4.8,False,18.91,level_1,15
TXN-1100297,2024-04-10,Graphic Design,MX,US,Designer,145.71,USD,bank_transfer,completed,8,3.6,False,29.14,rising_talent,15
TXN-1100334,2024-04-10,Web Development,IL,IN,Software Engineer,97.43,USD,credit_card,completed,22,4.6,False,19.49,rising_talent,15
TXN-1100293,2024-04-10,AI/ML Development,FR,BR,Data Scientist,1178.46,USD,paypal,completed,30,2.7,False,235.69,top_rated,15
TXN-1100496,2024-04-10,Translation,AU,NL,Writer,178.65,USD,credit_card,completed,3,4.4,False,35.73,new_seller,15
TXN-1100558,2024-04-10,Photography,US,DE,Designer,338.33,EUR,credit_card,completed,2,3.8,True,67.67,level_1,15
TXN-1100264,2024-04-10,Legal Consulting,FR,DE,Lawyer,54.31,EUR,credit_card,completed,19,4.4,False,10.86,level_2,15
TXN-1100266,2024-04-10,SEO/SEM,IN,FR,Marketing Manager,93.87,GBP,bank_transfer,completed,8,3.1,True,18.77,rising_talent,15
TXN-1100348,2024-04-10,Photography,US,FR,Designer,48.33,USD,credit_card,completed,3,3.5,False,9.67,level_1,15
TXN-1100368,2024-04-10,Content Writing,DE,GB,Writer,186.73,USD,credit_card,completed,2,4.5,True,37.35,level_2,15
TXN-1100258,2024-04-10,Legal Consulting,US,ZA,Lawyer,2655.96,USD,paypal,completed,16,4.1,False,531.19,level_1,15
TXN-1100366,2024-04-10,Web Development,FR,IN,Software Engineer,54.18,ILS,bank_transfer,completed,10,3.8,False,10.84,rising_talent,15
TXN-1100284,2024-04-10,Social Media Management,GB,IN,Marketing Manager,2507.32,EUR,bank_transfer,completed,5,4.5,True,501.46,level_2,15
TXN-1100361,2024-04-10,Legal Consulting,GB,FR,Lawyer,2697.62,USD,bank_transfer,completed,18,3.5,False,539.52,level_1,15
TXN-1100480,2024-04-10,Music Production,NL,BR,Designer,5.46,USD,bank_transfer,completed,10,3.2,False,1.09,top_rated,15
TXN-1100346,2024-04-10,SEO/SEM,SG,US,Marketing Manager,215.97,GBP,paypal,completed,7,3.2,False,43.19,level_1,15
TXN-1100354,2024-04-10,Mobile App,SG,IN,Software Engineer,1193.75,USD,credit_card,completed,11,4.0,True,238.75,level_1,15
TXN-1100561,2024-04-10,Photography,IN,CA,Designer,1646.43,GBP,credit_card,completed,3,4.6,True,329.29,level_2,15
TXN-1100490,2024-04-10,Mobile App,MX,US,Software Engineer,722.97,USD,credit_card,completed,30,4.5,True,144.59,rising_talent,15
TXN-1100536,2024-04-10,Photography,US,SG,Designer,5000.0,USD,paypal,completed,3,4.3,False,1000.0,rising_talent,15
TXN-1100517,2024-04-10,Web Development,BR,IN,Software Engineer,32.89,USD,bank_transfer,cancelled,17,,False,6.58,new_seller,15
TXN-1100532,2024-04-11,Graphic Design,US,US,Designer,513.31,USD,paypal,completed,8,2.6,False,102.66,level_2,15
TXN-1100543,2024-04-11,Legal Consulting,CA,IN,Lawyer,469.57,EUR,credit_card,completed,21,4.5,True,93.91,rising_talent,15
TXN-1100429,2024-04-11,Translation,IN,US,Writer,23.19,USD,credit_card,completed,3,3.8,False,4.64,level_2,15
TXN-1100541,2024-04-11,Social Media Management,US,GB,Marketing Manager,1290.94,EUR,credit_card,completed,9,4.2,False,258.19,top_rated,15
TXN-1100519,2024-04-11,SEO/SEM,ES,IL,Marketing Manager,7.62,USD,credit_card,completed,8,4.3,False,1.52,level_1,15
TXN-1100436,2024-04-11,Web Development,US,MX,Software Engineer,59.84,USD,paypal,completed,10,4.0,False,11.97,new_seller,15
TXN-1100431,2024-04-11,AI/ML Development,US,AU,Data Scientist,57.78,USD,bank_transfer,completed,30,4.5,False,11.56,rising_talent,15
TXN-1100466,2024-04-11,Mobile App,GB,GB,Software Engineer,101.99,USD,crypto,completed,22,4.4,True,20.4,level_2,15
TXN-1100510,2024-04-11,SEO/SEM,CA,US,Marketing Manager,124.49,GBP,paypal,completed,10,4.7,False,24.9,new_seller,15
TXN-1100443,2024-04-11,Graphic Design,US,US,Designer,204.05,GBP,credit_card,completed,6,3.8,False,40.81,level_1,15
TXN-1100509,2024-04-11,Translation,ZA,IN,Writer,206.06,USD,bank_transfer,completed,2,4.5,False,41.21,new_seller,15
TXN-1100445,2024-04-11,Content Writing,US,GB,Writer,64.89,USD,credit_card,completed,2,4.0,False,12.98,top_rated,15
TXN-1100504,2024-04-11,Data Analysis,US,IN,Data Scientist,30.2,USD,credit_card,completed,6,3.3,True,6.04,rising_talent,15
TXN-1100502,2024-04-11,Photography,IN,US,Designer,82.49,USD,credit_card,completed,5,4.2,False,16.5,level_2,15
TXN-1100501,2024-04-11,Social Media Management,IL,ZA,Marketing Manager,625.97,USD,credit_card,completed,7,4.8,False,125.19,level_1,15
TXN-1100499,2024-04-11,Graphic Design,US,SG,Designer,38.81,USD,credit_card,completed,6,3.8,False,7.76,top_rated,15
TXN-1100452,2024-04-11,Video Production,US,IN,Designer,79.42,USD,credit_card,completed,4,4.1,False,15.88,level_2,15
TXN-1100493,2024-04-11,Social Media Management,US,IN,Marketing Manager,249.46,GBP,credit_card,completed,4,4.1,False,49.89,rising_talent,15
TXN-1100457,2024-04-11,Mobile App,US,US,Software Engineer,292.56,USD,credit_card,completed,18,4.7,True,58.51,level_1,15
TXN-1100564,2024-04-11,Virtual Assistant,IN,ZA,HR Manager,43.43,USD,paypal,completed,1,2.7,True,8.69,new_seller,15
TXN-1100470,2024-04-11,Social Media Management,NL,DE,Marketing Manager,80.75,ILS,bank_transfer,completed,7,3.9,True,16.15,top_rated,15
TXN-1100516,2024-04-11,Mobile App,US,US,Software Engineer,27.4,USD,credit_card,completed,24,4.0,True,5.48,rising_talent,15
TXN-1100487,2024-04-11,Social Media Management,FR,DE,Marketing Manager,374.64,USD,credit_card,completed,5,4.5,False,74.93,level_2,15
TXN-1100450,2024-04-11,Web Development,JP,GB,Software Engineer,90.57,USD,credit_card,completed,13,3.1,False,18.11,level_2,15
TXN-1100288,2024-04-11,Data Analysis,GB,US,Data Scientist,601.48,USD,credit_card,completed,10,2.0,True,120.3,level_2,15
TXN-1100318,2024-04-11,Social Media Management,BR,US,Marketing Manager,619.78,USD,credit_card,completed,9,3.5,False,123.96,rising_talent,15
TXN-1100387,2024-04-11,Content Writing,US,JP,Writer,260.5,USD,credit_card,completed,3,3.9,False,52.1,level_1,15
TXN-1100320,2024-04-11,SEO/SEM,ES,US,Marketing Manager,258.54,USD,credit_card,completed,15,3.9,True,51.71,level_1,15
TXN-1100324,2024-04-11,Mobile App,SG,IN,Software Engineer,1154.13,USD,bank_transfer,completed,18,5.0,False,230.83,level_2,15
TXN-1100325,2024-04-11,Video Production,IN,FR,Designer,159.22,USD,credit_card,completed,8,3.9,False,31.84,level_2,15
TXN-1100332,2024-04-11,SEO/SEM,US,MX,Marketing Manager,293.63,GBP,paypal,completed,8,3.1,False,58.73,new_seller,15
TXN-1100333,2024-04-11,Photography,FR,US,Designer,50.52,USD,paypal,completed,5,4.4,False,10.1,new_seller,15
TXN-1100265,2024-04-11,Video Production,FR,US,Designer,122.07,USD,credit_card,completed,6,2.6,False,24.41,level_2,15
TXN-1100314,2024-04-11,Graphic Design,MX,NL,Designer,27.78,EUR,credit_card,completed,3,2.5,False,5.56,level_2,15
TXN-1100335,2024-04-11,Photography,AU,FR,Designer,527.06,USD,credit_card,completed,3,4.2,False,105.41,level_1,15
TXN-1100372,2024-04-11,Translation,US,US,Writer,106.16,USD,paypal,completed,1,4.7,False,21.23,top_rated,15
TXN-1100340,2024-04-11,Video Production,BR,BR,Designer,81.25,USD,bank_transfer,completed,8,3.9,False,16.25,rising_talent,15
TXN-1100349,2024-04-11,Data Analysis,US,IN,Data Scientist,196.45,USD,crypto,completed,5,3.5,True,39.29,level_2,15
TXN-1100350,2024-04-11,Video Production,BR,US,Designer,138.66,USD,paypal,completed,11,4.3,True,27.73,rising_talent,15
TXN-1100364,2024-04-11,Financial Modeling,US,US,Accountant,28.29,USD,credit_card,completed,8,3.8,False,5.66,level_2,15
TXN-1100363,2024-04-11,Translation,DE,SG,Writer,436.09,USD,credit_card,completed,1,4.6,False,87.22,level_1,15
TXN-1100268,2024-04-11,Legal Consulting,GB,BR,Lawyer,82.25,USD,paypal,completed,23,4.7,True,16.45,level_2,15
TXN-1100362,2024-04-11,Translation,US,BR,Writer,82.46,GBP,credit_card,completed,4,3.6,False,16.49,level_2,15
TXN-1100336,2024-04-11,Web Development,IN,US,Software Engineer,74.98,USD,bank_transfer,cancelled,13,,False,15.0,level_2,15
TXN-1100312,2024-04-11,SEO/SEM,IN,US,Marketing Manager,3289.17,USD,credit_card,completed,9,3.5,False,657.83,level_1,15
TXN-1100319,2024-04-11,Music Production,US,IN,Designer,1601.7,USD,paypal,completed,9,4.3,False,320.34,level_2,15
TXN-1100356,2024-04-11,Legal Consulting,SG,IN,Lawyer,388.28,USD,credit_card,completed,6,3.0,False,77.66,level_1,15
TXN-1100290,2024-04-11,Translation,US,US,Writer,194.67,USD,bank_transfer,completed,3,4.1,True,38.93,level_2,15
TXN-1100417,2024-04-11,Social Media Management,US,US,Marketing Manager,102.17,USD,bank_transfer,completed,6,2.8,True,20.43,rising_talent,15
TXN-1100418,2024-04-11,Virtual Assistant,ZA,US,HR Manager,160.36,GBP,paypal,completed,2,4.5,True,32.07,level_2,15
TXN-1100423,2024-04-11,Virtual Assistant,IN,FR,HR Manager,26.99,EUR,credit_card,completed,2,4.8,False,5.4,rising_talent,15
TXN-1100279,2024-04-11,Video Production,BR,US,Designer,631.62,USD,paypal,completed,2,4.8,False,126.32,level_1,15
TXN-1100280,2024-04-11,Graphic Design,US,US,Designer,108.16,GBP,paypal,completed,3,3.4,True,21.63,new_seller,15
TXN-1100253,2024-04-11,Social Media Management,CA,IN,Marketing Manager,301.98,USD,paypal,completed,5,3.8,True,60.4,level_1,15
TXN-1100403,2024-04-11,Graphic Design,BR,NL,Designer,180.31,GBP,paypal,completed,5,4.1,False,36.06,new_seller,15
TXN-1100401,2024-04-11,Photography,US,US,Designer,219.95,USD,paypal,completed,4,3.6,True,43.99,new_seller,15
TXN-1100412,2024-04-11,Data Analysis,GB,AU,Data Scientist,361.93,USD,bank_transfer,completed,10,4.3,False,72.39,level_1,15
TXN-1100486,2024-04-12,Web Development,AU,US,Software Engineer,34.05,EUR,paypal,cancelled,26,,False,6.81,level_2,15
TXN-1100494,2024-04-12,Virtual Assistant,GB,BR,HR Manager,102.74,EUR,credit_card,completed,2,4.6,False,20.55,rising_talent,15
TXN-1100352,2024-04-12,Video Production,US,IL,Designer,39.51,USD,credit_card,completed,5,3.9,False,7.9,new_seller,15
TXN-1100351,2024-04-12,Legal Consulting,IN,IN,Lawyer,101.81,EUR,paypal,completed,11,4.4,False,20.36,rising_talent,15
TXN-1100553,2024-04-12,Data Analysis,FR,DE,Data Scientist,22.27,GBP,credit_card,completed,6,4.9,False,4.45,rising_talent,15
TXN-1100353,2024-04-12,Translation,US,SG,Writer,146.31,GBP,crypto,completed,3,3.9,True,29.26,top_rated,15
TXN-1100289,2024-04-12,Video Production,GB,MX,Designer,165.86,USD,credit_card,completed,6,4.8,False,33.17,new_seller,15
TXN-1100286,2024-04-12,Video Production,JP,DE,Designer,211.69,USD,credit_card,completed,10,4.4,True,42.34,level_2,15
TXN-1100485,2024-04-12,Video Production,NL,US,Designer,404.32,USD,credit_card,completed,12,4.7,False,80.86,rising_talent,15
TXN-1100520,2024-04-12,Legal Consulting,IN,MX,Lawyer,34.83,USD,bank_transfer,completed,20,4.4,True,6.97,level_1,15
TXN-1100544,2024-04-12,Financial Modeling,US,ES,Accountant,235.68,EUR,credit_card,completed,9,4.3,True,47.14,level_1,15
TXN-1100306,2024-04-12,AI/ML Development,IN,US,Data Scientist,38.54,USD,crypto,completed,30,3.9,True,7.71,rising_talent,15
TXN-1100283,2024-04-12,Photography,DE,CA,Designer,64.46,USD,paypal,completed,3,4.7,True,12.89,top_rated,15
TXN-1100298,2024-04-12,Social Media Management,DE,GB,Marketing Manager,221.98,USD,credit_card,completed,7,4.3,True,44.4,new_seller,15
TXN-1100531,2024-04-12,Virtual Assistant,IN,AU,HR Manager,2451.14,USD,credit_card,completed,2,4.9,False,490.23,rising_talent,15
TXN-1100299,2024-04-12,Translation,CA,CA,Writer,119.43,USD,paypal,completed,3,4.3,True,23.89,new_seller,15
TXN-1100529,2024-04-12,Web Development,IN,DE,Software Engineer,32.82,ILS,credit_card,completed,10,3.3,False,6.56,new_seller,15
TXN-1100503,2024-04-12,Content Writing,US,IN,Writer,393.94,USD,credit_card,completed,4,4.7,True,78.79,rising_talent,15
TXN-1100527,2024-04-12,Data Analysis,US,JP,Data Scientist,244.72,EUR,credit_card,completed,6,4.3,False,48.94,level_2,15
TXN-1100305,2024-04-12,Data Analysis,IN,ZA,Data Scientist,84.76,EUR,crypto,completed,10,4.6,False,16.95,level_1,15
TXN-1100540,2024-04-12,Mobile App,US,FR,Software Engineer,278.91,USD,paypal,completed,22,4.8,False,55.78,rising_talent,15
TXN-1100513,2024-04-12,Photography,US,NL,Designer,55.67,USD,credit_card,completed,4,4.4,True,11.13,level_1,15
TXN-1100315,2024-04-12,Virtual Assistant,MX,US,HR Manager,251.88,ILS,credit_card,completed,2,4.6,False,50.38,level_2,15
TXN-1100272,2024-04-12,Data Analysis,GB,IN,Data Scientist,3100.45,USD,bank_transfer,completed,9,4.1,True,620.09,level_1,15
TXN-1100498,2024-04-12,Social Media Management,US,US,Marketing Manager,73.02,USD,credit_card,completed,6,3.9,True,14.6,rising_talent,15
TXN-1100263,2024-04-12,Mobile App,FR,AU,Software Engineer,176.65,USD,paypal,completed,26,2.3,True,35.33,rising_talent,15
TXN-1100355,2024-04-12,Photography,IN,DE,Designer,143.37,USD,credit_card,completed,11,2.9,False,28.67,level_1,15
TXN-1100562,2024-04-12,Legal Consulting,CA,DE,Lawyer,49.84,USD,credit_card,completed,5,3.6,False,9.97,level_1,15
TXN-1100358,2024-04-12,Social Media Management,IN,US,Marketing Manager,221.8,EUR,credit_card,completed,7,3.5,False,44.36,level_1,15
TXN-1100391,2024-04-12,AI/ML Development,DE,CA,Data Scientist,68.77,USD,paypal,completed,23,4.6,True,13.75,new_seller,15
TXN-1100440,2024-04-12,Legal Consulting,FR,US,Lawyer,87.23,USD,paypal,completed,10,4.7,False,17.45,level_1,15
TXN-1100383,2024-04-12,Financial Modeling,US,ZA,Accountant,304.62,USD,paypal,completed,22,3.8,False,60.92,level_1,15
TXN-1100382,2024-04-12,Graphic Design,US,US,Designer,61.34,USD,bank_transfer,completed,6,3.8,False,12.27,level_1,15
TXN-1100560,2024-04-12,Mobile App,US,IL,Software Engineer,102.24,INR,paypal,completed,30,4.9,True,20.45,level_1,15
TXN-1100459,2024-04-12,Mobile App,DE,US,Software Engineer,171.88,USD,credit_card,completed,24,4.2,False,34.38,level_1,15
TXN-1100462,2024-04-12,Data Analysis,US,DE,Data Scientist,56.1,EUR,paypal,completed,2,4.5,False,11.22,rising_talent,15
TXN-1100463,2024-04-12,Photography,US,US,Designer,113.01,EUR,paypal,completed,3,4.8,False,22.6,level_1,15
TXN-1100251,2024-04-12,Graphic Design,IN,US,Designer,161.55,USD,credit_card,completed,2,4.8,False,32.31,top_rated,15
TXN-1100465,2024-04-12,Music Production,AU,MX,Designer,35.65,INR,credit_card,completed,7,4.3,True,7.13,level_1,15
TXN-1100407,2024-04-12,Translation,NL,IN,Writer,23.62,EUR,crypto,completed,5,4.0,False,4.72,level_2,15
TXN-1100467,2024-04-12,Virtual Assistant,SG,US,HR Manager,549.76,USD,credit_card,completed,1,3.3,False,109.95,rising_talent,15
TXN-1100244,2024-04-12,Video Production,IN,IN,Designer,299.35,EUR,crypto,completed,10,4.8,True,59.87,level_1,15
TXN-1100477,2024-04-12,Web Development,US,IN,Software Engineer,379.26,USD,credit_card,completed,8,4.2,False,75.85,level_1,15
TXN-1100475,2024-04-12,Music Production,GB,FR,Designer,95.37,USD,credit_card,completed,10,3.8,True,19.07,level_1,15
TXN-1100371,2024-04-12,Virtual Assistant,US,US,HR Manager,740.35,USD,credit_card,completed,1,4.2,False,148.07,level_1,15
TXN-1100255,2024-04-12,Social Media Management,US,US,Marketing Manager,24.14,EUR,credit_card,completed,4,3.9,False,4.83,top_rated,15
TXN-1100367,2024-04-12,Data Analysis,MX,IN,Data Scientist,616.75,USD,bank_transfer,completed,7,3.3,False,123.35,top_rated,15
TXN-1100433,2024-04-12,Photography,DE,US,Designer,172.96,EUR,credit_card,completed,3,4.3,False,34.59,top_rated,15
TXN-1100413,2024-04-13,Photography,US,US,Designer,509.92,USD,credit_card,completed,4,4.0,True,101.98,new_seller,15
TXN-1100437,2024-04-13,Mobile App,GB,IN,Software Engineer,124.77,USD,credit_card,completed,21,4.3,False,24.95,new_seller,15
TXN-1100415,2024-04-13,SEO/SEM,IN,DE,Marketing Manager,224.74,USD,paypal,completed,11,5.0,False,44.95,new_seller,15
TXN-1100300,2024-04-13,Virtual Assistant,ZA,US,HR Manager,300.04,USD,credit_card,completed,2,3.9,False,60.01,rising_talent,15
TXN-1100439,2024-04-13,Music Production,ZA,GB,Designer,43.85,USD,credit_card,completed,13,4.4,False,8.77,rising_talent,15
TXN-1100399,2024-04-13,Web Development,IN,US,Software Engineer,165.51,ILS,paypal,completed,17,4.3,False,33.1,level_1,15
TXN-1100303,2024-04-13,SEO/SEM,IN,IN,Marketing Manager,145.26,USD,credit_card,completed,13,4.5,False,29.05,new_seller,15
TXN-1100538,2024-04-13,Video Production,GB,GB,Designer,352.66,USD,credit_card,completed,3,4.2,True,70.53,rising_talent,15
TXN-1100304,2024-04-13,Legal Consulting,DE,US,Lawyer,19.38,USD,paypal,completed,20,4.2,True,3.88,level_2,15
TXN-1100441,2024-04-13,Mobile App,IL,GB,Software Engineer,44.8,USD,credit_card,completed,26,4.7,False,8.96,new_seller,15
TXN-1100546,2024-04-13,Translation,SG,US,Writer,320.07,ILS,crypto,completed,3,3.3,False,64.01,new_seller,15
TXN-1100247,2024-04-13,Video Production,SG,BR,Designer,367.07,ILS,credit_card,completed,6,3.8,True,73.41,level_1,15
TXN-1100404,2024-04-13,Virtual Assistant,US,MX,HR Manager,218.24,USD,paypal,completed,2,2.4,False,43.65,new_seller,15
TXN-1100316,2024-04-13,AI/ML Development,BR,IN,Data Scientist,171.5,USD,credit_card,completed,15,3.7,False,34.3,new_seller,15
TXN-1100373,2024-04-13,SEO/SEM,BR,DE,Marketing Manager,96.46,USD,credit_card,cancelled,9,,True,19.29,level_2,15
TXN-1100370,2024-04-13,Graphic Design,IN,FR,Designer,185.45,EUR,credit_card,cancelled,5,,False,37.09,new_seller,15
TXN-1100488,2024-04-13,Translation,NL,US,Writer,60.46,USD,paypal,completed,1,4.4,False,12.09,top_rated,15
TXN-1100497,2024-04-13,Content Writing,US,DE,Writer,100.6,GBP,bank_transfer,completed,4,4.3,False,20.12,level_2,15
TXN-1100476,2024-04-13,AI/ML Development,US,GB,Data Scientist,2210.53,USD,paypal,completed,13,3.6,False,442.11,level_2,15
TXN-1100331,2024-04-13,Virtual Assistant,GB,BR,HR Manager,111.72,GBP,bank_transfer,completed,1,3.2,False,22.34,level_1,15
TXN-1100384,2024-04-13,SEO/SEM,SG,US,Marketing Manager,5000.0,USD,credit_card,completed,12,5.0,True,1000.0,level_1,15
TXN-1100552,2024-04-13,Legal Consulting,US,JP,Lawyer,159.69,USD,paypal,completed,6,4.8,False,31.94,level_1,15
TXN-1100323,2024-04-13,Mobile App,US,IN,Software Engineer,217.02,USD,paypal,completed,15,4.5,False,43.4,level_1,15
TXN-1100385,2024-04-13,AI/ML Development,BR,IN,Data Scientist,53.66,USD,credit_card,completed,20,4.0,False,10.73,rising_talent,15
TXN-1100390,2024-04-13,Virtual Assistant,US,MX,HR Manager,294.71,GBP,credit_card,completed,1,3.8,False,58.94,rising_talent,15
TXN-1100271,2024-04-13,Data Analysis,DE,US,Data Scientist,64.21,USD,bank_transfer,completed,5,3.8,False,12.84,rising_talent,15
TXN-1100393,2024-04-13,Photography,GB,ES,Designer,43.22,USD,paypal,completed,3,4.8,True,8.64,new_seller,15
TXN-1100261,2024-04-13,Web Development,FR,US,Software Engineer,54.76,USD,paypal,completed,10,3.3,True,10.95,level_1,15
TXN-1100311,2024-04-13,Video Production,US,GB,Designer,304.02,USD,credit_card,completed,8,4.2,False,60.8,level_1,15
TXN-1100508,2024-04-13,Social Media Management,MX,DE,Marketing Manager,9.7,ILS,paypal,completed,19,3.9,False,1.94,level_1,15
TXN-1100489,2024-04-13,Legal Consulting,IN,US,Lawyer,276.47,EUR,credit_card,completed,17,3.0,False,55.29,new_seller,15
TXN-1100274,2024-04-14,Video Production,US,US,Designer,480.19,INR,crypto,completed,5,4.5,False,96.04,level_1,15
TXN-1100248,2024-04-14,Web Development,ES,BR,Software Engineer,472.75,USD,paypal,completed,17,3.1,False,94.55,rising_talent,15
TXN-1100550,2024-04-14,Video Production,IN,IN,Designer,381.55,USD,bank_transfer,completed,13,4.9,True,76.31,new_seller,15
TXN-1100262,2024-04-14,Data Analysis,US,GB,Data Scientist,458.52,USD,paypal,completed,3,4.1,False,91.7,level_1,15
TXN-1100556,2024-04-14,Data Analysis,GB,US,Data Scientist,229.82,USD,paypal,completed,5,4.4,False,45.96,level_1,15
TXN-1100554,2024-04-14,Data Analysis,DE,US,Data Scientist,1048.33,USD,bank_transfer,completed,5,3.2,True,209.67,level_2,15
TXN-1100422,2024-04-14,Graphic Design,IN,ES,Designer,93.83,GBP,paypal,completed,4,3.8,True,18.77,level_1,15
TXN-1100291,2024-04-14,SEO/SEM,US,IN,Marketing Manager,389.87,USD,credit_card,completed,12,3.4,True,77.97,level_2,15
TXN-1100287,2024-04-14,Graphic Design,US,DE,Designer,22.8,GBP,crypto,completed,5,4.0,False,4.56,level_1,15
TXN-1100419,2024-04-14,Web Development,US,US,Software Engineer,1776.82,USD,paypal,completed,16,4.3,False,355.36,level_1,15
TXN-1100411,2024-04-14,Music Production,AU,FR,Designer,420.04,USD,paypal,completed,7,4.7,False,84.01,rising_talent,15
TXN-1100410,2024-04-14,Legal Consulting,GB,NL,Lawyer,182.48,USD,credit_card,completed,26,2.7,False,36.5,level_1,15
TXN-1100435,2024-04-14,Financial Modeling,IN,US,Accountant,102.66,USD,credit_card,completed,12,4.5,True,20.53,level_2,15
TXN-1100442,2024-04-14,Legal Consulting,US,US,Lawyer,172.31,GBP,paypal,completed,12,4.3,False,34.46,rising_talent,15
TXN-1100398,2024-04-14,Financial Modeling,US,BR,Accountant,1405.99,GBP,credit_card,completed,8,4.1,False,281.2,level_2,15
TXN-1100394,2024-04-14,Web Development,FR,IN,Software Engineer,304.87,USD,credit_card,completed,22,3.3,False,60.97,level_1,15
TXN-1100448,2024-04-14,Legal Consulting,FR,ZA,Lawyer,115.08,USD,paypal,completed,16,4.6,False,23.02,new_seller,15
TXN-1100377,2024-04-14,Content Writing,US,US,Writer,260.62,EUR,crypto,completed,2,4.5,False,52.12,rising_talent,15
TXN-1100374,2024-04-14,Financial Modeling,US,US,Accountant,266.18,EUR,paypal,cancelled,13,,False,53.24,level_2,15
TXN-1100472,2024-04-14,Video Production,US,US,Designer,15.46,ILS,paypal,completed,114,3.3,True,3.09,rising_talent,15
TXN-1100416,2024-04-14,AI/ML Development,DE,ES,Data Scientist,121.62,USD,credit_card,completed,16,4.9,True,24.32,rising_talent,15
TXN-1100360,2024-04-14,Music Production,US,MX,Designer,225.63,GBP,credit_card,completed,18,2.3,False,45.13,level_2,15
TXN-1100474,2024-04-14,Web Development,SG,IN,Software Engineer,222.37,USD,paypal,completed,19,4.9,False,44.47,level_1,15
TXN-1100534,2024-04-14,Financial Modeling,US,IL,Accountant,108.72,USD,credit_card,completed,10,1.0,True,21.74,rising_talent,15
TXN-1100535,2024-04-14,Graphic Design,US,US,Designer,153.58,USD,credit_card,completed,3,4.8,False,30.72,level_2,15
TXN-1100301,2024-04-14,Financial Modeling,ZA,IN,Accountant,1206.54,USD,bank_transfer,completed,11,3.7,False,241.31,new_seller,15
TXN-1100302,2024-04-14,Content Writing,FR,NL,Writer,815.86,USD,credit_card,completed,2,4.2,True,163.17,new_seller,15
TXN-1100307,2024-04-14,Music Production,US,FR,Designer,61.69,USD,credit_card,completed,12,5.0,False,12.34,level_2,15
TXN-1100292,2024-04-14,Virtual Assistant,IN,NL,HR Manager,320.8,USD,credit_card,completed,2,3.4,True,64.16,rising_talent,15
TXN-1100495,2024-04-14,AI/ML Development,NL,GB,Data Scientist,70.38,USD,credit_card,cancelled,20,,False,14.08,level_1,15
TXN-1100492,2024-04-14,Translation,DE,AU,Writer,214.57,EUR,paypal,completed,4,2.3,False,42.91,level_1,15
TXN-1100484,2024-04-14,Translation,FR,IN,Writer,41.38,USD,credit_card,completed,1,2.6,False,8.28,new_seller,15
TXN-1100479,2024-04-14,Translation,US,US,Writer,82.33,USD,paypal,completed,2,4.5,False,16.47,level_1,15
TXN-1100310,2024-04-14,Photography,BR,GB,Designer,188.14,USD,paypal,completed,7,2.5,True,37.63,new_seller,15
TXN-1100778,2024-04-15,Web Development,IN,AU,Software Engineer,142.01,USD,credit_card,completed,14,3.9,False,28.4,level_1,16
TXN-1100742,2024-04-15,Music Production,IL,DE,Designer,57.89,GBP,credit_card,completed,18,3.8,True,11.58,rising_talent,16
TXN-1100769,2024-04-15,Legal Consulting,DE,GB,Lawyer,369.23,USD,credit_card,completed,18,4.8,True,73.85,level_1,16
TXN-1100768,2024-04-15,Video Production,DE,CA,Designer,45.05,GBP,paypal,completed,6,3.5,False,9.01,rising_talent,16
TXN-1100613,2024-04-15,Legal Consulting,US,IN,Lawyer,697.66,GBP,paypal,completed,21,4.2,False,139.53,level_1,16
TXN-1100615,2024-04-15,Virtual Assistant,BR,IN,HR Manager,770.26,INR,credit_card,completed,1,4.2,False,154.05,level_1,16
TXN-1100761,2024-04-15,Legal Consulting,IL,IN,Lawyer,157.24,USD,credit_card,completed,20,4.5,False,31.45,new_seller,16
TXN-1100598,2024-04-15,Financial Modeling,IN,IN,Accountant,148.73,USD,paypal,completed,7,4.6,False,29.75,top_rated,16
TXN-1100749,2024-04-15,Mobile App,GB,ES,Software Engineer,113.3,USD,credit_card,cancelled,14,,True,22.66,new_seller,16
TXN-1100627,2024-04-15,Translation,IN,BR,Writer,1672.59,USD,credit_card,completed,2,4.4,False,334.52,level_1,16
TXN-1100638,2024-04-15,Legal Consulting,GB,US,Lawyer,43.69,EUR,paypal,completed,22,4.7,False,8.74,level_1,16
TXN-1100658,2024-04-15,Mobile App,US,ZA,Software Engineer,16.61,USD,paypal,completed,25,4.3,False,3.32,level_1,16
TXN-1100646,2024-04-15,Data Analysis,JP,IN,Data Scientist,350.19,EUR,paypal,completed,8,3.1,False,70.04,level_1,16
TXN-1100649,2024-04-15,SEO/SEM,GB,DE,Marketing Manager,218.01,USD,bank_transfer,completed,8,3.3,False,43.6,level_2,16
TXN-1100651,2024-04-15,SEO/SEM,CA,FR,Marketing Manager,5.92,USD,credit_card,completed,10,3.7,False,1.18,level_1,16
TXN-1100655,2024-04-15,Music Production,FR,BR,Designer,14.55,USD,bank_transfer,completed,9,3.7,False,2.91,rising_talent,16
TXN-1100665,2024-04-15,Social Media Management,DE,GB,Marketing Manager,90.22,USD,paypal,completed,6,4.9,True,18.04,level_2,16
TXN-1100672,2024-04-15,Social Media Management,US,MX,Marketing Manager,23.8,EUR,crypto,completed,6,3.6,False,4.76,rising_talent,16
TXN-1100674,2024-04-15,Financial Modeling,NL,BR,Accountant,297.41,EUR,credit_card,completed,9,4.8,True,59.48,level_1,16
TXN-1100706,2024-04-15,Financial Modeling,BR,IN,Accountant,16.63,USD,paypal,completed,7,4.2,False,3.33,new_seller,16
TXN-1100676,2024-04-15,Web Development,IN,US,Software Engineer,277.01,USD,bank_transfer,completed,10,3.9,False,55.4,level_1,16
TXN-1100781,2024-04-15,Photography,CA,ZA,Designer,491.78,EUR,credit_card,completed,1,4.3,False,98.36,rising_talent,16
TXN-1100688,2024-04-15,SEO/SEM,US,GB,Marketing Manager,218.13,USD,paypal,completed,11,3.7,False,43.63,rising_talent,16
TXN-1100697,2024-04-15,Virtual Assistant,US,BR,HR Manager,913.42,USD,paypal,completed,2,3.1,False,182.68,rising_talent,16
TXN-1100730,2024-04-15,Legal Consulting,US,AU,Lawyer,1035.59,USD,credit_card,completed,9,4.0,False,207.12,new_seller,16
TXN-1100596,2024-04-15,Video Production,US,GB,Designer,121.31,USD,credit_card,completed,7,4.2,True,24.26,level_2,16
TXN-1100762,2024-04-15,Translation,JP,US,Writer,2427.98,EUR,bank_transfer,completed,3,4.9,False,485.6,new_seller,16
TXN-1100786,2024-04-15,Financial Modeling,DE,CA,Accountant,249.32,USD,credit_card,completed,8,3.8,True,49.86,rising_talent,16
TXN-1100578,2024-04-15,SEO/SEM,DE,GB,Marketing Manager,42.64,USD,bank_transfer,completed,20,4.8,True,8.53,level_1,16
TXN-1100573,2024-04-15,AI/ML Development,FR,IN,Data Scientist,479.68,USD,credit_card,completed,27,4.3,True,95.94,new_seller,16
TXN-1100801,2024-04-15,Social Media Management,GB,DE,Marketing Manager,43.09,EUR,paypal,completed,6,4.5,False,8.62,level_2,16
TXN-1100791,2024-04-15,Photography,IN,BR,Designer,42.87,USD,credit_card,completed,4,4.5,True,8.57,level_1,16
TXN-1100587,2024-04-15,SEO/SEM,FR,US,Marketing Manager,194.2,USD,credit_card,completed,9,3.9,False,38.84,rising_talent,16
TXN-1100790,2024-04-15,Video Production,US,DE,Designer,103.46,EUR,paypal,completed,5,3.5,True,20.69,rising_talent,16
TXN-1100591,2024-04-15,Virtual Assistant,GB,ZA,HR Manager,69.19,USD,paypal,completed,1,4.1,False,13.84,rising_talent,16
TXN-1100584,2024-04-15,Financial Modeling,ES,GB,Accountant,108.31,USD,paypal,completed,6,4.7,False,21.66,level_1,16
TXN-1100788,2024-04-15,Mobile App,FR,IN,Software Engineer,260.99,USD,credit_card,completed,9,4.8,False,52.2,rising_talent,16
TXN-1100803,2024-04-16,SEO/SEM,NL,DE,Marketing Manager,221.43,USD,bank_transfer,completed,14,4.7,True,44.29,level_1,16
TXN-1100633,2024-04-16,Web Development,JP,CA,Software Engineer,68.36,USD,paypal,completed,9,4.1,False,13.67,level_2,16
TXN-1100570,2024-04-16,AI/ML Development,US,US,Data Scientist,891.42,GBP,paypal,completed,21,3.9,False,178.28,level_1,16
TXN-1100600,2024-04-16,AI/ML Development,IL,US,Data Scientist,572.8,INR,crypto,completed,7,4.4,True,114.56,level_1,16
TXN-1100599,2024-04-16,Translation,MX,GB,Writer,14.66,USD,credit_card,completed,3,4.3,False,2.93,top_rated,16
TXN-1100637,2024-04-16,Data Analysis,JP,US,Data Scientist,70.78,USD,credit_card,completed,7,4.2,True,14.16,rising_talent,16
TXN-1100671,2024-04-16,Graphic Design,US,US,Designer,112.91,USD,credit_card,cancelled,7,,False,22.58,level_1,16
TXN-1100670,2024-04-16,Legal Consulting,US,IN,Lawyer,76.79,USD,paypal,completed,24,4.6,True,15.36,top_rated,16
TXN-1100734,2024-04-16,Photography,US,FR,Designer,33.97,EUR,credit_card,completed,2,4.3,True,6.79,level_1,16
TXN-1100733,2024-04-16,Data Analysis,FR,NL,Data Scientist,1182.88,USD,paypal,completed,17,4.1,False,236.58,new_seller,16
TXN-1100668,2024-04-16,Virtual Assistant,GB,IN,HR Manager,28.12,USD,credit_card,completed,1,4.9,False,5.62,level_1,16
TXN-1100782,2024-04-16,SEO/SEM,BR,US,Marketing Manager,310.76,USD,paypal,completed,8,4.5,False,62.15,level_2,16
TXN-1100663,2024-04-16,Graphic Design,US,US,Designer,38.79,USD,paypal,completed,2,3.9,False,7.76,level_1,16
TXN-1100798,2024-04-16,Photography,GB,ES,Designer,356.24,GBP,credit_card,completed,4,2.7,False,71.25,new_seller,16
TXN-1100728,2024-04-16,Social Media Management,IN,DE,Marketing Manager,420.81,USD,credit_card,completed,4,2.7,False,84.16,level_1,16
TXN-1100593,2024-04-16,Data Analysis,US,DE,Data Scientist,28.09,USD,credit_card,cancelled,12,,True,5.62,level_2,16
TXN-1100652,2024-04-16,Virtual Assistant,GB,BR,HR Manager,141.99,USD,paypal,completed,2,4.7,False,28.4,level_1,16
TXN-1100724,2024-04-16,Photography,US,US,Designer,51.51,GBP,credit_card,completed,3,4.2,True,10.3,rising_talent,16
TXN-1100654,2024-04-16,Video Production,US,US,Designer,365.9,USD,credit_card,completed,7,4.0,False,73.18,level_2,16
TXN-1100747,2024-04-16,AI/ML Development,CA,NL,Data Scientist,31.2,USD,paypal,completed,21,4.6,False,6.24,rising_talent,16
TXN-1100628,2024-04-16,Content Writing,IN,US,Writer,62.01,USD,bank_transfer,completed,2,4.7,True,12.4,level_1,16
TXN-1100746,2024-04-16,Video Production,US,IN,Designer,240.45,USD,paypal,completed,6,4.7,False,48.09,level_2,16
TXN-1100616,2024-04-16,SEO/SEM,IN,GB,Marketing Manager,22.75,USD,crypto,completed,12,4.7,False,4.55,rising_talent,16
TXN-1100607,2024-04-16,Financial Modeling,DE,GB,Accountant,92.05,USD,credit_card,completed,18,3.7,False,18.41,level_2,16
TXN-1100608,2024-04-16,Mobile App,IN,IN,Software Engineer,294.89,USD,bank_transfer,completed,13,3.5,False,58.98,level_2,16
TXN-1100609,2024-04-16,Translation,SG,US,Writer,96.5,ILS,paypal,completed,1,4.2,True,19.3,level_2,16
TXN-1100702,2024-04-16,Web Development,GB,US,Software Engineer,195.71,USD,bank_transfer,completed,24,4.1,False,39.14,top_rated,16
TXN-1100686,2024-04-16,Social Media Management,US,US,Marketing Manager,209.64,USD,crypto,completed,4,4.4,False,41.93,level_2,16
TXN-1100704,2024-04-16,Legal Consulting,GB,MX,Lawyer,182.27,USD,credit_card,completed,15,3.4,False,36.45,level_1,16
TXN-1100767,2024-04-16,Content Writing,MX,MX,Writer,1736.91,ILS,credit_card,completed,2,3.5,False,347.38,level_1,16
TXN-1100780,2024-04-16,Web Development,CA,US,Software Engineer,68.36,EUR,bank_transfer,completed,13,4.1,False,13.67,level_2,16
TXN-1100766,2024-04-16,Virtual Assistant,DE,MX,HR Manager,2456.02,USD,paypal,completed,3,3.6,False,491.2,level_2,16
TXN-1100683,2024-04-16,Video Production,US,BR,Designer,1895.03,USD,bank_transfer,completed,6,4.7,False,379.01,level_2,16
TXN-1100576,2024-04-16,Content Writing,US,US,Writer,83.27,USD,credit_card,completed,1,4.3,False,16.65,level_1,16
TXN-1100691,2024-04-16,Social Media Management,ZA,DE,Marketing Manager,73.51,USD,paypal,completed,5,4.6,True,14.7,rising_talent,16
TXN-1100680,2024-04-16,Mobile App,US,MX,Software Engineer,78.64,USD,credit_card,completed,25,4.8,True,15.73,level_2,16
TXN-1100624,2024-04-16,Video Production,DE,FR,Designer,1237.04,USD,paypal,completed,9,3.7,False,247.41,level_1,16
TXN-1100682,2024-04-16,Virtual Assistant,IN,AU,HR Manager,401.37,USD,credit_card,completed,2,3.8,False,80.27,level_1,16
TXN-1100694,2024-04-16,Financial Modeling,US,IN,Accountant,370.83,ILS,paypal,completed,12,4.4,False,74.17,level_2,16
TXN-1100759,2024-04-16,SEO/SEM,CA,ZA,Marketing Manager,501.2,USD,crypto,completed,9,4.2,False,100.24,level_2,16
TXN-1100620,2024-04-16,Content Writing,US,US,Writer,304.16,INR,bank_transfer,completed,5,3.5,False,60.83,rising_talent,16
TXN-1100667,2024-04-17,Video Production,FR,NL,Designer,332.93,USD,credit_card,completed,9,3.8,True,66.59,top_rated,16
TXN-1100712,2024-04-17,SEO/SEM,IN,US,Marketing Manager,76.5,USD,credit_card,completed,12,3.4,False,15.3,level_2,16
TXN-1100708,2024-04-17,Web Development,DE,DE,Software Engineer,346.91,USD,credit_card,completed,17,4.0,False,69.38,level_1,16
TXN-1100718,2024-04-17,Legal Consulting,US,US,Lawyer,546.23,USD,credit_card,completed,18,1.0,True,109.25,level_1,16
TXN-1100677,2024-04-17,Data Analysis,US,FR,Data Scientist,275.66,USD,paypal,completed,13,4.5,False,55.13,top_rated,16
TXN-1100690,2024-04-17,Photography,ES,IN,Designer,808.97,USD,credit_card,completed,4,5.0,False,161.79,level_1,16
TXN-1100679,2024-04-17,Photography,DE,AU,Designer,248.37,USD,credit_card,completed,3,2.4,True,49.67,level_2,16
TXN-1100575,2024-04-17,Legal Consulting,FR,FR,Lawyer,46.05,USD,credit_card,completed,10,4.7,True,9.21,level_1,16
TXN-1100574,2024-04-17,Mobile App,ZA,IL,Software Engineer,192.15,USD,paypal,completed,22,4.2,True,38.43,level_2,16
TXN-1100678,2024-04-17,Virtual Assistant,GB,US,HR Manager,476.28,USD,bank_transfer,completed,3,3.9,False,95.26,new_seller,16
TXN-1100695,2024-04-17,Web Development,MX,DE,Software Engineer,319.95,INR,bank_transfer,completed,24,4.5,False,63.99,level_2,16
TXN-1100722,2024-04-17,Legal Consulting,FR,US,Lawyer,190.51,USD,credit_card,completed,26,4.8,False,38.1,rising_talent,16
TXN-1100601,2024-04-17,SEO/SEM,JP,ZA,Marketing Manager,23.38,USD,credit_card,completed,21,3.7,False,4.68,level_1,16
TXN-1100602,2024-04-17,Photography,US,DE,Designer,441.43,EUR,crypto,completed,2,4.0,True,88.29,top_rated,16
TXN-1100775,2024-04-17,Music Production,US,SG,Designer,5000.0,USD,credit_card,completed,12,4.2,True,1000.0,level_2,16
TXN-1100606,2024-04-17,Photography,US,IL,Designer,543.12,USD,credit_card,completed,6,4.7,False,108.62,level_1,16
TXN-1100772,2024-04-17,Photography,FR,GB,Designer,410.9,GBP,credit_card,completed,2,3.9,True,82.18,level_1,16
TXN-1100590,2024-04-17,Translation,IN,NL,Writer,143.64,USD,credit_card,completed,1,4.4,False,28.73,new_seller,16
TXN-1100589,2024-04-17,Graphic Design,IN,SG,Designer,119.3,EUR,paypal,completed,5,4.2,False,23.86,top_rated,16
TXN-1100763,2024-04-17,AI/ML Development,GB,IN,Data Scientist,252.39,USD,bank_transfer,completed,28,4.4,False,50.48,level_2,16
TXN-1100585,2024-04-17,SEO/SEM,US,US,Marketing Manager,177.83,EUR,credit_card,completed,21,4.5,True,35.57,level_1,16
TXN-1100748,2024-04-17,Photography,IN,MX,Designer,57.26,ILS,crypto,completed,4,4.4,False,11.45,level_1,16
TXN-1100739,2024-04-17,Legal Consulting,US,IN,Lawyer,144.66,USD,credit_card,completed,26,3.9,True,28.93,top_rated,16
TXN-1100792,2024-04-17,Legal Consulting,MX,US,Lawyer,173.48,EUR,credit_card,completed,16,2.5,True,34.7,level_2,16
TXN-1100732,2024-04-17,Virtual Assistant,NL,DE,HR Manager,32.77,USD,paypal,completed,2,3.7,False,6.55,level_2,16
TXN-1100639,2024-04-17,Legal Consulting,IN,FR,Lawyer,352.48,EUR,credit_card,completed,9,4.4,False,70.5,level_2,16
TXN-1100640,2024-04-17,Graphic Design,US,US,Designer,125.81,USD,bank_transfer,completed,4,3.6,False,25.16,level_2,16
TXN-1100643,2024-04-17,Legal Consulting,AU,US,Lawyer,253.43,USD,credit_card,completed,16,4.5,False,50.69,rising_talent,16
TXN-1100647,2024-04-17,AI/ML Development,US,ES,Data Scientist,23.89,USD,credit_card,completed,18,3.9,True,4.78,level_1,16
TXN-1100796,2024-04-17,Content Writing,GB,FR,Writer,601.57,USD,credit_card,completed,3,3.7,False,120.31,new_seller,16
TXN-1100717,2024-04-18,Music Production,IN,MX,Designer,895.08,EUR,credit_card,completed,10,3.7,False,179.02,level_2,16
TXN-1100698,2024-04-18,Financial Modeling,IN,CA,Accountant,25.06,EUR,crypto,completed,14,4.3,False,5.01,level_1,16
TXN-1100800,2024-04-18,AI/ML Development,US,SG,Data Scientist,148.52,EUR,bank_transfer,completed,19,3.9,True,29.7,rising_talent,16
TXN-1100729,2024-04-18,Photography,US,ZA,Designer,61.07,USD,paypal,completed,3,3.0,False,12.21,level_1,16
TXN-1100700,2024-04-18,SEO/SEM,BR,IL,Marketing Manager,50.22,USD,credit_card,completed,7,4.3,False,10.04,new_seller,16
TXN-1100711,2024-04-18,Data Analysis,MX,US,Data Scientist,210.51,USD,credit_card,completed,11,3.9,True,42.1,level_1,16
TXN-1100703,2024-04-18,Content Writing,IN,US,Writer,1358.21,USD,paypal,completed,1,4.3,False,271.64,level_1,16
TXN-1100735,2024-04-18,Photography,US,GB,Designer,67.23,ILS,credit_card,completed,4,3.4,False,13.45,new_seller,16
TXN-1100795,2024-04-18,Translation,GB,CA,Writer,300.07,USD,paypal,completed,1,4.4,False,60.01,new_seller,16
TXN-1100760,2024-04-18,Video Production,DE,GB,Designer,177.34,USD,bank_transfer,completed,8,4.6,False,35.47,top_rated,16
TXN-1100705,2024-04-18,Web Development,US,GB,Software Engineer,2743.94,USD,credit_card,completed,13,4.4,False,548.79,level_2,16
TXN-1100753,2024-04-18,Financial Modeling,IN,IN,Accountant,2653.67,USD,bank_transfer,completed,7,3.3,False,530.73,level_1,16
TXN-1100721,2024-04-18,Video Production,US,BR,Designer,859.26,USD,bank_transfer,completed,2,3.7,False,171.85,new_seller,16
TXN-1100802,2024-04-18,Virtual Assistant,FR,BR,HR Manager,50.22,USD,bank_transfer,completed,3,4.0,True,10.04,level_2,16
TXN-1100736,2024-04-18,Graphic Design,US,US,Designer,152.97,USD,credit_card,completed,5,4.0,False,30.59,level_1,16
TXN-1100707,2024-04-18,Virtual Assistant,DE,GB,HR Manager,37.7,EUR,credit_card,completed,1,4.8,True,7.54,new_seller,16
TXN-1100710,2024-04-18,Financial Modeling,NL,NL,Accountant,13.51,INR,paypal,completed,19,4.3,True,2.7,level_2,16
TXN-1100797,2024-04-18,Virtual Assistant,IN,JP,HR Manager,406.18,USD,credit_card,completed,3,4.8,True,81.24,rising_talent,16
TXN-1100661,2024-04-18,Video Production,BR,IN,Designer,1259.92,USD,credit_card,completed,11,3.5,True,251.98,level_1,16
TXN-1100579,2024-04-18,Data Analysis,US,SG,Data Scientist,825.88,USD,credit_card,completed,11,4.4,False,165.18,level_2,16
TXN-1100635,2024-04-18,Social Media Management,GB,DE,Marketing Manager,65.32,EUR,credit_card,completed,7,3.1,False,13.06,level_2,16
TXN-1100629,2024-04-18,Web Development,FR,ES,Software Engineer,152.29,USD,credit_card,completed,11,2.2,True,30.46,new_seller,16
TXN-1100641,2024-04-18,Legal Consulting,CA,BR,Lawyer,71.53,USD,credit_card,completed,7,2.8,False,14.31,level_1,16
TXN-1100622,2024-04-18,Financial Modeling,US,BR,Accountant,72.1,USD,bank_transfer,completed,25,4.4,False,14.42,new_seller,16
TXN-1100618,2024-04-18,SEO/SEM,US,DE,Marketing Manager,699.53,USD,paypal,completed,15,3.8,True,139.91,level_1,16
TXN-1100603,2024-04-18,SEO/SEM,ZA,US,Marketing Manager,225.62,INR,credit_card,completed,9,4.8,False,45.12,new_seller,16
TXN-1100597,2024-04-18,Graphic Design,FR,US,Designer,222.85,USD,credit_card,completed,4,3.5,False,44.57,level_2,16
TXN-1100595,2024-04-18,Legal Consulting,CA,IN,Lawyer,1422.01,USD,bank_transfer,completed,15,3.6,False,284.4,new_seller,16
TXN-1100664,2024-04-18,Video Production,US,US,Designer,88.88,EUR,bank_transfer,completed,8,3.1,True,17.78,top_rated,16
TXN-1100632,2024-04-18,Social Media Management,IN,FR,Marketing Manager,144.16,USD,paypal,completed,5,3.7,False,28.83,level_1,16
TXN-1100580,2024-04-18,Photography,CA,US,Designer,81.92,USD,credit_card,completed,3,4.4,False,16.38,rising_talent,16
TXN-1100685,2024-04-18,Financial Modeling,US,MX,Accountant,1000.84,USD,credit_card,completed,16,4.7,False,200.17,level_2,16
TXN-1100689,2024-04-18,Legal Consulting,US,ES,Lawyer,110.82,USD,credit_card,completed,15,4.6,False,22.16,level_2,16
TXN-1100572,2024-04-18,Mobile App,US,IN,Software Engineer,55.43,USD,bank_transfer,completed,20,4.0,False,11.09,new_seller,16
TXN-1100692,2024-04-18,Data Analysis,US,US,Data Scientist,13.57,USD,paypal,completed,4,3.3,False,2.71,level_1,16
TXN-1100696,2024-04-18,Mobile App,FR,MX,Software Engineer,507.6,USD,bank_transfer,completed,18,3.4,True,101.52,level_1,16
TXN-1100582,2024-04-18,Financial Modeling,IN,ZA,Accountant,28.15,USD,bank_transfer,completed,8,3.2,False,5.63,level_1,16
TXN-1100631,2024-04-19,Virtual Assistant,GB,NL,HR Manager,294.84,USD,credit_card,completed,2,4.2,True,58.97,level_1,16
TXN-1100619,2024-04-19,Graphic Design,US,JP,Designer,35.51,USD,credit_card,completed,8,4.3,False,7.1,rising_talent,16
TXN-1100744,2024-04-19,Content Writing,DE,JP,Writer,170.0,EUR,bank_transfer,completed,2,4.3,False,34.0,level_2,16
TXN-1100626,2024-04-19,Data Analysis,GB,GB,Data Scientist,72.17,USD,bank_transfer,completed,3,4.2,False,14.43,level_1,16
TXN-1100750,2024-04-19,Virtual Assistant,DE,NL,HR Manager,118.32,USD,credit_card,completed,1,3.5,False,23.66,new_seller,16
TXN-1100625,2024-04-19,SEO/SEM,IN,IN,Marketing Manager,32.01,USD,crypto,completed,5,4.9,False,6.4,rising_talent,16
TXN-1100756,2024-04-19,Video Production,ES,GB,Designer,505.65,USD,bank_transfer,completed,7,4.4,False,101.13,level_2,16
TXN-1100757,2024-04-19,Graphic Design,IN,BR,Designer,627.73,USD,paypal,disputed,4,,False,125.55,rising_talent,16
TXN-1100799,2024-04-19,Music Production,JP,BR,Designer,744.27,USD,paypal,completed,10,4.2,False,148.85,rising_talent,16
TXN-1100630,2024-04-19,Data Analysis,IN,US,Data Scientist,114.33,USD,bank_transfer,completed,5,3.5,True,22.87,rising_talent,16
TXN-1100793,2024-04-19,Mobile App,CA,US,Software Engineer,232.45,GBP,paypal,completed,16,4.8,False,46.49,level_1,16
TXN-1100612,2024-04-19,Mobile App,SG,IN,Software Engineer,101.48,GBP,crypto,disputed,100,,False,20.3,level_2,16
TXN-1100794,2024-04-19,Web Development,IL,JP,Software Engineer,65.28,ILS,paypal,completed,18,4.5,False,13.06,level_2,16
TXN-1100770,2024-04-19,AI/ML Development,ZA,US,Data Scientist,73.99,USD,credit_card,completed,6,3.6,False,14.8,level_2,16
TXN-1100771,2024-04-19,Content Writing,US,FR,Writer,151.09,EUR,credit_card,completed,2,4.2,False,30.22,level_1,16
TXN-1100773,2024-04-19,Social Media Management,US,IN,Marketing Manager,41.54,ILS,credit_card,completed,6,4.2,False,8.31,level_2,16
TXN-1100774,2024-04-19,SEO/SEM,GB,GB,Marketing Manager,175.94,USD,credit_card,completed,5,4.7,False,35.19,rising_talent,16
TXN-1100743,2024-04-19,Photography,IN,ZA,Designer,1113.53,USD,bank_transfer,completed,2,2.9,False,222.71,top_rated,16
TXN-1100777,2024-04-19,Translation,GB,FR,Writer,212.2,USD,credit_card,completed,4,4.5,False,42.44,level_1,16
TXN-1100581,2024-04-19,Translation,US,US,Writer,86.55,EUR,credit_card,completed,5,4.8,False,17.31,level_1,16
TXN-1100785,2024-04-19,Translation,US,DE,Writer,38.33,USD,credit_card,completed,4,4.6,True,7.67,level_1,16
TXN-1100592,2024-04-19,Data Analysis,US,FR,Data Scientist,61.37,USD,paypal,completed,4,4.1,True,12.27,rising_talent,16
TXN-1100588,2024-04-19,SEO/SEM,US,IL,Marketing Manager,55.78,USD,credit_card,completed,18,4.1,True,11.16,rising_talent,16
TXN-1100586,2024-04-19,Data Analysis,FR,SG,Data Scientist,681.21,USD,credit_card,completed,4,4.0,True,136.24,level_2,16
TXN-1100583,2024-04-19,Translation,GB,IN,Writer,268.19,ILS,paypal,completed,4,4.4,True,53.64,new_seller,16
TXN-1100765,2024-04-19,Web Development,FR,US,Software Engineer,43.79,GBP,credit_card,completed,19,4.0,False,8.76,level_2,16
TXN-1100776,2024-04-19,Translation,US,FR,Writer,353.4,USD,paypal,completed,3,5.0,False,70.68,new_seller,16
TXN-1100693,2024-04-19,AI/ML Development,GB,IN,Data Scientist,1046.85,USD,credit_card,completed,12,2.9,True,209.37,rising_talent,16
TXN-1100740,2024-04-19,Social Media Management,IL,GB,Marketing Manager,55.94,INR,credit_card,completed,5,1.0,False,11.19,level_2,16
TXN-1100726,2024-04-19,Social Media Management,ZA,AU,Marketing Manager,56.62,GBP,credit_card,completed,5,4.3,False,11.32,rising_talent,16
TXN-1100719,2024-04-19,Virtual Assistant,US,GB,HR Manager,554.92,EUR,credit_card,completed,1,3.9,False,110.98,level_2,16
TXN-1100715,2024-04-19,Content Writing,US,IN,Writer,865.13,USD,credit_card,completed,5,4.3,False,173.03,rising_talent,16
TXN-1100648,2024-04-19,Music Production,US,US,Designer,458.33,USD,paypal,completed,9,4.5,False,91.67,level_2,16
TXN-1100645,2024-04-19,Translation,IN,IN,Writer,648.95,USD,paypal,completed,4,4.6,True,129.79,level_1,16
TXN-1100725,2024-04-19,Financial Modeling,IN,GB,Accountant,536.28,USD,paypal,completed,6,4.3,True,107.26,level_1,16
TXN-1100731,2024-04-19,AI/ML Development,US,US,Data Scientist,1075.07,USD,credit_card,completed,17,4.1,True,215.01,rising_talent,16
TXN-1100713,2024-04-19,Financial Modeling,SG,CA,Accountant,50.52,USD,credit_card,completed,22,4.7,False,10.1,rising_talent,16
TXN-1100714,2024-04-19,Legal Consulting,IN,US,Lawyer,60.76,GBP,credit_card,completed,9,3.6,False,12.15,top_rated,16
TXN-1100669,2024-04-19,Video Production,GB,IN,Designer,32.43,USD,credit_card,completed,9,4.8,True,6.49,top_rated,16
TXN-1100673,2024-04-19,AI/ML Development,FR,AU,Data Scientist,17.09,USD,credit_card,completed,11,2.6,False,3.42,level_1,16
TXN-1100684,2024-04-19,Mobile App,MX,CA,Software Engineer,64.47,USD,paypal,completed,17,3.4,True,12.89,top_rated,16
TXN-1100634,2024-04-19,Web Development,ZA,MX,Software Engineer,86.27,USD,paypal,disputed,16,,False,17.25,level_1,16
TXN-1100662,2024-04-19,Graphic Design,JP,DE,Designer,20.2,USD,credit_card,completed,9,2.4,True,4.04,level_2,16
TXN-1100784,2024-04-20,Photography,DE,IN,Designer,27.12,USD,credit_card,completed,5,3.0,False,5.42,level_1,16
TXN-1100675,2024-04-20,AI/ML Development,IN,DE,Data Scientist,89.15,GBP,credit_card,completed,14,4.2,True,17.83,rising_talent,16
TXN-1100783,2024-04-20,AI/ML Development,FR,IN,Data Scientist,265.17,USD,credit_card,completed,18,4.2,False,53.03,new_seller,16
TXN-1100687,2024-04-20,Music Production,IN,DE,Designer,180.91,USD,credit_card,completed,15,3.6,False,36.18,level_2,16
TXN-1100716,2024-04-20,Social Media Management,JP,CA,Marketing Manager,678.34,USD,credit_card,completed,7,3.9,True,135.67,level_2,16
TXN-1100779,2024-04-20,AI/ML Development,IN,DE,Data Scientist,181.36,USD,paypal,completed,11,3.7,False,36.27,level_1,16
TXN-1100699,2024-04-20,Video Production,US,DE,Designer,882.86,USD,paypal,completed,18,4.3,False,176.57,level_2,16
TXN-1100723,2024-04-20,Translation,FR,DE,Writer,29.38,USD,paypal,cancelled,1,,False,5.88,level_1,16
TXN-1100611,2024-04-20,Data Analysis,US,CA,Data Scientist,117.33,USD,paypal,completed,5,4.8,True,23.47,new_seller,16
TXN-1100594,2024-04-20,Mobile App,MX,IN,Software Engineer,294.06,USD,paypal,completed,13,2.8,False,58.81,top_rated,16
TXN-1100738,2024-04-20,Music Production,CA,JP,Designer,59.56,ILS,credit_card,completed,7,4.3,True,11.91,top_rated,16
TXN-1100754,2024-04-20,Translation,IN,AU,Writer,50.21,USD,credit_card,completed,3,4.3,False,10.04,new_seller,16
TXN-1100755,2024-04-20,Virtual Assistant,NL,US,HR Manager,491.02,USD,paypal,completed,1,4.4,True,98.2,top_rated,16
TXN-1100623,2024-04-20,Translation,IN,IL,Writer,748.56,USD,paypal,completed,4,2.5,False,149.71,new_seller,16
TXN-1100752,2024-04-20,AI/ML Development,ES,US,Data Scientist,959.05,INR,paypal,completed,30,4.0,False,191.81,level_1,16
TXN-1100727,2024-04-20,SEO/SEM,SG,GB,Marketing Manager,37.91,USD,credit_card,completed,9,3.4,False,7.58,new_seller,16
TXN-1100751,2024-04-20,Social Media Management,CA,US,Marketing Manager,113.3,USD,bank_transfer,completed,7,4.5,True,22.66,top_rated,16
TXN-1100745,2024-04-20,Graphic Design,US,GB,Designer,237.61,USD,credit_card,completed,6,4.1,False,47.52,level_2,16
TXN-1100764,2024-04-20,AI/ML Development,FR,GB,Data Scientist,94.12,USD,credit_card,completed,16,4.9,False,18.82,level_2,16
TXN-1100617,2024-04-20,Legal Consulting,IL,US,Lawyer,230.09,USD,paypal,completed,17,4.7,True,46.02,level_1,16
TXN-1100701,2024-04-21,Content Writing,US,US,Writer,56.99,USD,bank_transfer,completed,2,2.7,True,11.4,level_2,16
TXN-1100614,2024-04-21,Music Production,FR,DE,Designer,174.55,USD,credit_card,completed,9,2.7,False,34.91,level_1,16
TXN-1100571,2024-04-21,Social Media Management,BR,ES,Marketing Manager,47.12,USD,credit_card,completed,12,4.5,True,9.42,level_1,16
TXN-1100681,2024-04-21,Content Writing,ES,SG,Writer,118.29,USD,paypal,completed,3,2.6,False,23.66,level_1,16
TXN-1100636,2024-04-21,Translation,IL,GB,Writer,40.07,EUR,paypal,completed,8,3.5,False,8.01,level_2,16
TXN-1100642,2024-04-21,Video Production,US,FR,Designer,24.34,ILS,paypal,cancelled,6,,False,4.87,level_2,16
TXN-1100741,2024-04-21,Web Development,US,MX,Software Engineer,1291.5,GBP,paypal,completed,7,4.4,False,258.3,level_2,16
TXN-1100644,2024-04-21,SEO/SEM,DE,MX,Marketing Manager,18.71,USD,credit_card,completed,14,4.0,True,3.74,level_1,16
TXN-1100709,2024-04-21,Photography,IN,MX,Designer,287.57,USD,paypal,disputed,5,,False,57.51,top_rated,16
TXN-1100666,2024-04-21,Music Production,GB,FR,Designer,64.12,USD,crypto,completed,6,4.6,False,12.82,level_2,16
TXN-1100577,2024-04-21,Graphic Design,IN,US,Designer,185.36,GBP,credit_card,in_progress,5,,True,37.07,level_1,16
TXN-1100737,2024-04-21,Legal Consulting,IN,IN,Lawyer,386.61,USD,crypto,completed,24,4.5,False,77.32,new_seller,16
TXN-1100653,2024-04-21,Web Development,US,IL,Software Engineer,52.29,USD,credit_card,completed,10,4.7,False,10.46,rising_talent,16
TXN-1100787,2024-04-21,Video Production,GB,US,Designer,1652.31,EUR,credit_card,completed,8,4.4,True,330.46,rising_talent,16
TXN-1100789,2024-04-21,Content Writing,IN,US,Writer,64.15,USD,paypal,completed,2,4.6,True,12.83,new_seller,16
TXN-1100656,2024-04-21,Virtual Assistant,US,CA,HR Manager,22.2,USD,crypto,completed,1,4.4,False,4.44,level_2,16
TXN-1100657,2024-04-21,Legal Consulting,IN,US,Lawyer,46.9,USD,credit_card,completed,15,4.9,True,9.38,level_2,16
TXN-1100720,2024-04-21,Video Production,SG,GB,Designer,1013.56,EUR,paypal,completed,7,5.0,True,202.71,level_1,16
TXN-1100605,2024-04-21,Content Writing,US,SG,Writer,489.72,USD,credit_card,completed,5,2.6,False,97.94,level_1,16
TXN-1100659,2024-04-21,Financial Modeling,US,IN,Accountant,69.42,USD,paypal,disputed,6,,True,13.88,new_seller,16
TXN-1100610,2024-04-21,Photography,BR,IN,Designer,205.09,USD,credit_card,completed,6,2.8,False,41.02,new_seller,16
TXN-1100621,2024-04-21,Data Analysis,IN,GB,Data Scientist,390.69,USD,paypal,completed,13,3.4,False,78.14,new_seller,16
TXN-1100660,2024-04-21,Web Development,IN,US,Software Engineer,60.47,GBP,credit_card,completed,13,4.8,False,12.09,level_1,16
TXN-1100650,2024-04-21,Web Development,DE,DE,Software Engineer,97.81,USD,bank_transfer,completed,8,4.4,False,19.56,level_2,16
TXN-1100758,2024-04-21,SEO/SEM,FR,GB,Marketing Manager,38.42,INR,credit_card,completed,7,4.3,True,7.68,level_2,16
TXN-1100604,2024-04-21,Translation,FR,BR,Writer,351.41,USD,bank_transfer,completed,3,3.0,False,70.28,level_1,16
TXN-1100856,2024-04-22,SEO/SEM,DE,GB,Marketing Manager,979.59,INR,paypal,completed,12,3.7,False,195.92,new_seller,17
TXN-1101009,2024-04-22,Web Development,IN,US,Software Engineer,466.72,USD,credit_card,completed,9,4.5,False,93.34,level_2,17
TXN-1101006,2024-04-22,Financial Modeling,GB,AU,Accountant,170.12,EUR,credit_card,completed,7,4.1,False,34.02,level_1,17
TXN-1100848,2024-04-22,Music Production,GB,GB,Designer,188.81,USD,bank_transfer,completed,5,3.8,True,37.76,new_seller,17
TXN-1100990,2024-04-22,Web Development,IN,GB,Software Engineer,539.19,EUR,paypal,completed,10,3.8,False,107.84,new_seller,17
TXN-1100851,2024-04-22,Virtual Assistant,FR,DE,HR Manager,2181.76,EUR,bank_transfer,completed,2,4.6,False,436.35,rising_talent,17
TXN-1100852,2024-04-22,Photography,SG,SG,Designer,82.69,USD,crypto,completed,3,4.3,False,16.54,new_seller,17
TXN-1100839,2024-04-22,Financial Modeling,DE,BR,Accountant,68.87,USD,bank_transfer,completed,10,3.5,True,13.77,level_1,17
TXN-1100986,2024-04-22,Social Media Management,US,NL,Marketing Manager,90.96,USD,credit_card,completed,3,3.0,False,18.19,level_2,17
TXN-1100855,2024-04-22,Web Development,DE,IN,Software Engineer,95.23,USD,credit_card,completed,12,4.5,False,19.05,level_2,17
TXN-1100859,2024-04-22,Mobile App,DE,AU,Software Engineer,233.35,GBP,credit_card,completed,20,3.8,False,46.67,rising_talent,17
TXN-1100943,2024-04-22,Mobile App,US,GB,Software Engineer,210.37,USD,credit_card,completed,24,4.7,False,42.07,rising_talent,17
TXN-1100978,2024-04-22,Legal Consulting,US,GB,Lawyer,299.03,EUR,credit_card,completed,25,3.1,False,59.81,rising_talent,17
TXN-1100863,2024-04-22,Video Production,FR,GB,Designer,37.37,USD,paypal,completed,5,4.0,False,7.47,rising_talent,17
TXN-1100972,2024-04-22,SEO/SEM,DE,DE,Marketing Manager,60.45,USD,credit_card,completed,5,3.7,False,12.09,rising_talent,17
TXN-1100876,2024-04-22,Translation,FR,IN,Writer,984.93,ILS,credit_card,completed,2,5.0,False,196.99,level_2,17
TXN-1100936,2024-04-22,Music Production,NL,GB,Designer,344.01,USD,paypal,completed,11,1.0,False,68.8,new_seller,17
TXN-1100934,2024-04-22,Social Media Management,GB,FR,Marketing Manager,13.24,USD,paypal,completed,6,4.3,True,2.65,new_seller,17
TXN-1100928,2024-04-22,AI/ML Development,US,SG,Data Scientist,28.39,USD,paypal,completed,17,5.0,False,5.68,level_1,17
TXN-1100926,2024-04-22,Data Analysis,CA,US,Data Scientist,22.49,USD,credit_card,completed,4,4.1,True,4.5,level_2,17
TXN-1100906,2024-04-22,Mobile App,IN,IN,Software Engineer,455.59,USD,paypal,completed,20,4.1,True,91.12,level_2,17
TXN-1100896,2024-04-22,SEO/SEM,DE,IL,Marketing Manager,802.52,GBP,credit_card,completed,14,4.3,False,160.5,top_rated,17
TXN-1100897,2024-04-22,Graphic Design,CA,US,Designer,28.2,USD,credit_card,completed,10,3.8,True,5.64,level_2,17
TXN-1101011,2024-04-22,SEO/SEM,US,US,Marketing Manager,35.09,EUR,credit_card,completed,12,3.9,False,7.02,level_2,17
TXN-1100980,2024-04-22,Content Writing,US,AU,Writer,112.31,USD,bank_transfer,completed,4,4.0,False,22.46,level_2,17
TXN-1100833,2024-04-22,Mobile App,SG,DE,Software Engineer,85.75,USD,bank_transfer,completed,7,4.2,False,17.15,level_2,17
TXN-1100821,2024-04-22,Graphic Design,US,US,Designer,581.79,EUR,bank_transfer,completed,6,3.3,False,116.36,level_1,17
TXN-1101028,2024-04-22,Data Analysis,DE,IL,Data Scientist,155.09,USD,credit_card,completed,7,4.2,True,31.02,new_seller,17
TXN-1101047,2024-04-22,Legal Consulting,IN,FR,Lawyer,287.15,USD,paypal,completed,16,3.8,True,57.43,top_rated,17
TXN-1101039,2024-04-22,Photography,BR,DE,Designer,59.81,USD,paypal,completed,4,3.8,False,11.96,rising_talent,17
TXN-1100819,2024-04-22,Web Development,DE,IN,Software Engineer,317.29,USD,credit_card,completed,17,4.5,True,63.46,rising_talent,17
TXN-1101051,2024-04-22,Music Production,GB,US,Designer,366.48,USD,paypal,completed,6,4.4,True,73.3,top_rated,17
TXN-1101053,2024-04-22,SEO/SEM,DE,ZA,Marketing Manager,40.73,USD,paypal,completed,9,2.8,False,8.15,level_2,17
TXN-1100809,2024-04-22,Photography,IN,IN,Designer,89.91,USD,bank_transfer,completed,4,4.7,False,17.98,new_seller,17
TXN-1100825,2024-04-22,Mobile App,JP,US,Software Engineer,194.61,USD,paypal,completed,64,3.6,False,38.92,new_seller,17
TXN-1101023,2024-04-22,Data Analysis,IN,BR,Data Scientist,221.4,USD,bank_transfer,completed,5,4.2,False,44.28,level_1,17
TXN-1100830,2024-04-22,Music Production,US,SG,Designer,215.49,USD,paypal,completed,4,2.4,True,43.1,level_1,17
TXN-1101014,2024-04-22,Translation,GB,AU,Writer,49.97,EUR,bank_transfer,completed,4,4.1,False,9.99,new_seller,17
TXN-1101017,2024-04-22,SEO/SEM,IN,US,Marketing Manager,270.79,USD,bank_transfer,completed,5,4.7,False,54.16,rising_talent,17
TXN-1101055,2024-04-23,Social Media Management,BR,GB,Marketing Manager,222.98,USD,paypal,completed,6,1.7,True,44.6,rising_talent,17
TXN-1100905,2024-04-23,Legal Consulting,NL,NL,Lawyer,385.34,USD,bank_transfer,completed,8,4.7,False,77.07,rising_talent,17
TXN-1100867,2024-04-23,Legal Consulting,US,US,Lawyer,127.29,GBP,credit_card,completed,9,4.8,False,25.46,level_1,17
TXN-1100970,2024-04-23,Video Production,IN,NL,Designer,204.18,USD,bank_transfer,completed,7,3.8,False,40.84,level_1,17
TXN-1100966,2024-04-23,Photography,GB,CA,Designer,563.71,USD,credit_card,completed,4,3.3,False,112.74,level_2,17
TXN-1100870,2024-04-23,Data Analysis,DE,US,Data Scientist,338.43,USD,crypto,completed,4,1.9,False,67.69,level_2,17
TXN-1100872,2024-04-23,Virtual Assistant,BR,IN,HR Manager,1085.38,USD,credit_card,completed,1,4.5,False,217.08,top_rated,17
TXN-1100960,2024-04-23,Video Production,US,US,Designer,789.02,USD,bank_transfer,completed,5,3.9,False,157.8,level_1,17
TXN-1100957,2024-04-23,Music Production,IN,FR,Designer,775.94,USD,credit_card,completed,15,4.0,False,155.19,new_seller,17
TXN-1101057,2024-04-23,Mobile App,US,BR,Software Engineer,199.38,USD,bank_transfer,completed,30,4.4,False,39.88,top_rated,17
TXN-1100907,2024-04-23,Virtual Assistant,IN,ES,HR Manager,336.12,USD,paypal,completed,2,4.6,True,67.22,rising_talent,17
TXN-1100878,2024-04-23,Web Development,IN,CA,Software Engineer,432.59,EUR,credit_card,completed,10,4.3,False,86.52,rising_talent,17
TXN-1100879,2024-04-23,Music Production,IN,IL,Designer,208.95,ILS,credit_card,completed,15,5.0,False,41.79,new_seller,17
TXN-1100919,2024-04-23,Photography,CA,FR,Designer,189.08,EUR,paypal,completed,7,4.7,False,37.82,level_1,17
TXN-1100812,2024-04-23,Social Media Management,IN,BR,Marketing Manager,81.21,USD,paypal,completed,8,3.5,True,16.24,level_1,17
TXN-1100939,2024-04-23,AI/ML Development,DE,US,Data Scientist,136.93,USD,credit_card,completed,14,4.5,False,27.39,level_1,17
TXN-1100892,2024-04-23,Financial Modeling,IN,CA,Accountant,317.03,USD,credit_card,completed,4,4.9,False,63.41,level_2,17
TXN-1100933,2024-04-23,Video Production,US,IN,Designer,183.92,USD,paypal,completed,5,4.1,False,36.78,level_1,17
TXN-1100930,2024-04-23,Graphic Design,MX,GB,Designer,22.54,USD,credit_card,completed,4,3.8,True,4.51,level_2,17
TXN-1100807,2024-04-23,Financial Modeling,MX,IN,Accountant,408.14,USD,bank_transfer,completed,11,3.5,False,81.63,level_1,17
TXN-1100921,2024-04-23,Data Analysis,CA,US,Data Scientist,377.58,USD,paypal,completed,11,4.5,True,75.52,new_seller,17
TXN-1100949,2024-04-23,Mobile App,IN,GB,Software Engineer,29.6,USD,paypal,completed,18,4.5,False,5.92,top_rated,17
TXN-1100831,2024-04-23,Web Development,FR,AU,Software Engineer,19.74,USD,credit_card,completed,19,3.9,True,3.95,level_2,17
TXN-1100976,2024-04-23,Mobile App,ES,US,Software Engineer,357.92,GBP,paypal,completed,13,3.3,False,71.58,rising_talent,17
TXN-1100847,2024-04-23,Financial Modeling,US,US,Accountant,58.8,USD,credit_card,completed,7,4.5,True,11.76,level_2,17
TXN-1101007,2024-04-23,Photography,DE,FR,Designer,17.03,USD,paypal,completed,4,3.4,True,3.41,new_seller,17
TXN-1100977,2024-04-23,Mobile App,US,FR,Software Engineer,514.02,USD,credit_card,completed,27,4.3,True,102.8,rising_talent,17
TXN-1101010,2024-04-23,Video Production,US,US,Designer,820.21,USD,crypto,completed,5,5.0,False,164.04,new_seller,17
TXN-1100828,2024-04-23,Translation,MX,NL,Writer,196.26,USD,credit_card,completed,3,3.7,False,39.25,level_1,17
TXN-1101030,2024-04-23,Web Development,DE,IN,Software Engineer,209.91,USD,paypal,completed,12,4.6,False,41.98,top_rated,17
TXN-1100836,2024-04-23,Content Writing,US,US,Writer,30.98,EUR,credit_card,completed,1,4.3,False,6.2,rising_talent,17
TXN-1101032,2024-04-23,Web Development,US,GB,Software Engineer,149.04,USD,bank_transfer,completed,22,4.0,True,29.81,rising_talent,17
TXN-1100843,2024-04-23,AI/ML Development,ES,US,Data Scientist,51.89,USD,credit_card,completed,11,4.7,False,10.38,top_rated,17
TXN-1101012,2024-04-23,Virtual Assistant,US,FR,HR Manager,205.47,INR,credit_card,completed,1,4.3,False,41.09,level_1,17
TXN-1101037,2024-04-23,Virtual Assistant,IL,FR,HR Manager,61.73,USD,credit_card,completed,2,3.4,False,12.35,rising_talent,17
TXN-1101038,2024-04-23,Music Production,US,CA,Designer,84.65,USD,paypal,completed,7,3.7,False,16.93,top_rated,17
TXN-1100985,2024-04-23,Music Production,FR,ZA,Designer,738.4,USD,paypal,completed,18,4.9,False,147.68,level_1,17
TXN-1100984,2024-04-23,Social Media Management,US,JP,Marketing Manager,341.45,USD,credit_card,completed,16,2.6,True,68.29,rising_talent,17
TXN-1101041,2024-04-23,Legal Consulting,US,US,Lawyer,264.84,USD,paypal,completed,7,4.1,False,52.97,level_1,17
TXN-1100832,2024-04-23,Virtual Assistant,IN,US,HR Manager,29.77,USD,paypal,completed,1,4.9,False,5.95,top_rated,17
TXN-1101013,2024-04-23,Content Writing,US,GB,Writer,34.14,USD,credit_card,completed,3,3.9,True,6.83,rising_talent,17
TXN-1101003,2024-04-23,Translation,US,IN,Writer,92.84,USD,credit_card,completed,3,4.8,True,18.57,level_1,17
TXN-1101058,2024-04-24,Legal Consulting,US,IN,Lawyer,185.15,USD,paypal,completed,17,4.8,True,37.03,rising_talent,17
TXN-1100923,2024-04-24,SEO/SEM,GB,US,Marketing Manager,526.69,EUR,paypal,completed,5,3.8,False,105.34,level_2,17
TXN-1101042,2024-04-24,Graphic Design,US,IN,Designer,270.3,USD,paypal,completed,3,4.8,False,54.06,level_2,17
TXN-1101054,2024-04-24,Mobile App,IN,FR,Software Engineer,45.94,GBP,paypal,completed,14,3.3,False,9.19,level_2,17
TXN-1100992,2024-04-24,Web Development,FR,US,Software Engineer,732.75,USD,bank_transfer,completed,9,3.8,False,146.55,top_rated,17
TXN-1100941,2024-04-24,Social Media Management,JP,US,Marketing Manager,34.36,EUR,credit_card,completed,6,4.9,False,6.87,level_1,17
TXN-1100991,2024-04-24,Photography,NL,IN,Designer,67.3,USD,bank_transfer,completed,6,3.0,True,13.46,rising_talent,17
TXN-1100945,2024-04-24,Legal Consulting,FR,US,Lawyer,191.08,USD,paypal,cancelled,10,,True,38.22,rising_talent,17
TXN-1101031,2024-04-24,Music Production,US,BR,Designer,58.22,USD,bank_transfer,completed,27,4.2,True,11.64,rising_talent,17
TXN-1100988,2024-04-24,Photography,US,US,Designer,2571.49,USD,crypto,completed,4,4.6,False,514.3,level_2,17
TXN-1100955,2024-04-24,Virtual Assistant,US,IN,HR Manager,308.72,GBP,paypal,completed,2,4.2,True,61.74,top_rated,17
TXN-1100961,2024-04-24,Mobile App,US,ES,Software Engineer,225.01,GBP,bank_transfer,completed,17,4.4,True,45.0,rising_talent,17
TXN-1100979,2024-04-24,Content Writing,US,US,Writer,14.88,USD,credit_card,completed,2,3.9,True,2.98,level_1,17
TXN-1100997,2024-04-24,Web Development,FR,AU,Software Engineer,240.61,ILS,bank_transfer,completed,13,3.9,False,48.12,new_seller,17
TXN-1100902,2024-04-24,Web Development,US,US,Software Engineer,241.44,USD,credit_card,completed,16,4.0,False,48.29,top_rated,17
TXN-1100959,2024-04-24,Legal Consulting,IN,SG,Lawyer,673.92,USD,paypal,completed,17,4.2,False,134.78,rising_talent,17
TXN-1100837,2024-04-24,Data Analysis,DE,IN,Data Scientist,523.92,USD,paypal,completed,8,3.3,False,104.78,new_seller,17
TXN-1100806,2024-04-24,Data Analysis,GB,BR,Data Scientist,429.64,USD,paypal,completed,6,2.7,False,85.93,new_seller,17
TXN-1100866,2024-04-24,Video Production,DE,CA,Designer,461.75,USD,bank_transfer,completed,6,4.4,False,92.35,level_2,17
TXN-1100862,2024-04-24,Social Media Management,FR,BR,Marketing Manager,96.43,USD,credit_card,completed,2,4.0,False,19.29,rising_talent,17
TXN-1100895,2024-04-24,Web Development,US,US,Software Engineer,211.35,USD,credit_card,completed,23,3.3,False,42.27,top_rated,17
TXN-1100868,2024-04-24,Translation,US,BR,Writer,248.97,EUR,credit_card,completed,2,4.6,False,49.79,level_1,17
TXN-1100814,2024-04-24,Translation,US,SG,Writer,274.22,USD,paypal,completed,5,3.3,False,54.84,level_1,17
TXN-1100950,2024-04-25,Financial Modeling,US,US,Accountant,424.34,USD,paypal,completed,20,4.0,False,84.87,level_1,17
TXN-1100835,2024-04-25,Data Analysis,ES,AU,Data Scientist,274.19,USD,credit_card,cancelled,3,,False,54.84,new_seller,17
TXN-1101015,2024-04-25,Graphic Design,NL,US,Designer,118.23,USD,paypal,completed,3,4.4,True,23.65,new_seller,17
TXN-1101019,2024-04-25,Translation,IL,IN,Writer,6.86,USD,credit_card,completed,2,4.7,False,1.37,level_2,17
TXN-1100834,2024-04-25,Data Analysis,IN,MX,Data Scientist,20.15,USD,paypal,completed,9,4.0,False,4.03,new_seller,17
TXN-1100944,2024-04-25,SEO/SEM,IN,CA,Marketing Manager,352.93,USD,credit_card,completed,10,3.5,False,70.59,level_1,17
TXN-1100951,2024-04-25,Web Development,US,FR,Software Engineer,137.13,USD,paypal,completed,13,4.5,False,27.43,level_2,17
TXN-1100882,2024-04-25,Photography,DE,GB,Designer,634.98,USD,paypal,cancelled,2,,False,127.0,level_1,17
TXN-1101022,2024-04-25,Content Writing,US,IN,Writer,218.97,USD,credit_card,completed,3,3.7,False,43.79,level_1,17
TXN-1101024,2024-04-25,Legal Consulting,US,BR,Lawyer,371.75,USD,credit_card,completed,9,4.4,False,74.35,new_seller,17
TXN-1100880,2024-04-25,Social Media Management,FR,FR,Marketing Manager,78.84,INR,credit_card,completed,7,4.7,True,15.77,rising_talent,17
TXN-1100881,2024-04-25,Content Writing,MX,IN,Writer,100.11,USD,bank_transfer,completed,3,4.5,False,20.02,rising_talent,17
TXN-1100842,2024-04-25,Legal Consulting,ES,NL,Lawyer,23.23,USD,credit_card,completed,9,4.1,True,4.65,level_1,17
TXN-1100875,2024-04-25,AI/ML Development,BR,FR,Data Scientist,729.24,GBP,credit_card,completed,24,3.6,False,145.85,new_seller,17
TXN-1100937,2024-04-25,Content Writing,GB,IN,Writer,213.53,USD,credit_card,completed,4,4.4,False,42.71,level_1,17
TXN-1101000,2024-04-25,Photography,GB,MX,Designer,429.96,USD,paypal,completed,2,3.3,True,85.99,level_1,17
TXN-1100998,2024-04-25,Legal Consulting,CA,GB,Lawyer,116.43,USD,crypto,completed,19,3.9,True,23.29,level_2,17
TXN-1100995,2024-04-25,Financial Modeling,US,FR,Accountant,24.08,USD,credit_card,completed,18,4.2,False,4.82,level_2,17
TXN-1100846,2024-04-25,Financial Modeling,FR,US,Accountant,62.74,ILS,credit_card,completed,11,4.6,False,12.55,rising_talent,17
TXN-1100964,2024-04-25,Photography,IN,US,Designer,83.68,USD,paypal,completed,4,4.0,True,16.74,level_1,17
TXN-1100965,2024-04-25,Virtual Assistant,NL,IN,HR Manager,245.43,EUR,credit_card,completed,2,4.0,False,49.09,level_2,17
TXN-1100869,2024-04-25,Social Media Management,US,IN,Marketing Manager,85.96,EUR,credit_card,completed,5,4.2,False,17.19,level_1,17
TXN-1100983,2024-04-25,Virtual Assistant,ZA,NL,HR Manager,106.82,INR,credit_card,completed,1,4.1,False,21.36,level_1,17
TXN-1100981,2024-04-25,Data Analysis,GB,FR,Data Scientist,64.23,USD,bank_transfer,completed,6,4.8,False,12.85,level_2,17
TXN-1100974,2024-04-25,Content Writing,US,BR,Writer,123.95,USD,paypal,cancelled,2,,False,24.79,rising_talent,17
TXN-1100954,2024-04-25,Photography,BR,FR,Designer,565.17,USD,credit_card,completed,5,4.4,False,113.03,level_1,17
TXN-1100884,2024-04-25,SEO/SEM,US,NL,Marketing Manager,556.62,USD,bank_transfer,completed,10,4.6,True,111.32,top_rated,17
TXN-1100883,2024-04-25,Video Production,GB,BR,Designer,117.27,USD,credit_card,completed,11,4.9,True,23.45,level_1,17
TXN-1100885,2024-04-25,Video Production,MX,IN,Designer,72.46,USD,bank_transfer,cancelled,7,,True,14.49,new_seller,17
TXN-1101056,2024-04-25,Legal Consulting,US,US,Lawyer,148.16,USD,credit_card,completed,10,4.6,True,29.63,level_1,17
TXN-1100813,2024-04-25,Web Development,SG,CA,Software Engineer,316.27,USD,credit_card,completed,11,3.8,False,63.25,level_2,17
TXN-1101045,2024-04-25,Video Production,CA,MX,Designer,91.45,USD,paypal,completed,6,4.1,False,18.29,level_1,17
TXN-1100911,2024-04-25,Financial Modeling,US,US,Accountant,128.75,USD,credit_card,completed,8,3.6,True,25.75,rising_talent,17
TXN-1100815,2024-04-25,Music Production,DE,US,Designer,2378.76,EUR,credit_card,completed,10,4.7,False,475.75,level_2,17
TXN-1100935,2024-04-25,Translation,US,GB,Writer,21.57,EUR,credit_card,completed,2,4.2,False,4.31,new_seller,17
TXN-1100893,2024-04-25,Graphic Design,GB,BR,Designer,24.76,USD,credit_card,completed,2,4.5,True,4.95,new_seller,17
TXN-1100818,2024-04-25,Data Analysis,BR,GB,Data Scientist,55.94,USD,credit_card,completed,4,4.2,False,11.19,top_rated,17
TXN-1100891,2024-04-25,Financial Modeling,GB,US,Accountant,164.2,USD,credit_card,completed,16,4.8,False,32.84,level_2,17
TXN-1101033,2024-04-25,Graphic Design,NL,MX,Designer,152.61,USD,paypal,completed,4,3.9,False,30.52,level_1,17
TXN-1100816,2024-04-25,Content Writing,US,US,Writer,195.75,USD,paypal,completed,2,3.8,True,39.15,level_2,17
TXN-1100864,2024-04-25,SEO/SEM,BR,IN,Marketing Manager,582.5,USD,paypal,completed,15,4.0,False,116.5,level_1,17
TXN-1101029,2024-04-25,Virtual Assistant,BR,ES,HR Manager,31.74,USD,credit_card,completed,2,4.7,True,6.35,rising_talent,17
TXN-1100888,2024-04-25,Mobile App,IN,MX,Software Engineer,418.49,GBP,credit_card,in_progress,21,,False,83.7,top_rated,17
TXN-1100823,2024-04-25,Music Production,US,IN,Designer,250.65,USD,credit_card,completed,12,3.5,True,50.13,rising_talent,17
TXN-1100887,2024-04-25,Video Production,BR,GB,Designer,12.86,GBP,credit_card,completed,13,3.3,False,2.57,top_rated,17
TXN-1100925,2024-04-25,Data Analysis,US,US,Data Scientist,87.98,USD,credit_card,completed,5,2.8,True,17.6,new_seller,17
TXN-1100822,2024-04-25,Data Analysis,DE,DE,Data Scientist,88.08,EUR,credit_card,completed,6,3.4,False,17.62,level_2,17
TXN-1101025,2024-04-26,Data Analysis,GB,US,Data Scientist,425.53,INR,credit_card,completed,12,3.5,False,85.11,new_seller,17
TXN-1100861,2024-04-26,Content Writing,GB,ES,Writer,835.94,GBP,bank_transfer,completed,2,4.4,True,167.19,rising_talent,17
TXN-1100860,2024-04-26,Translation,IN,IN,Writer,158.64,USD,credit_card,completed,3,3.2,False,31.73,rising_talent,17
TXN-1101046,2024-04-26,Graphic Design,US,CA,Designer,77.5,USD,credit_card,completed,4,4.8,True,15.5,level_1,17
TXN-1101049,2024-04-26,Translation,US,US,Writer,31.73,EUR,bank_transfer,completed,4,4.4,False,6.35,level_1,17
TXN-1101048,2024-04-26,Mobile App,US,FR,Software Engineer,515.12,USD,credit_card,completed,9,4.9,True,103.02,new_seller,17
TXN-1100982,2024-04-26,Content Writing,GB,FR,Writer,112.17,USD,credit_card,completed,4,4.8,False,22.43,rising_talent,17
TXN-1101026,2024-04-26,Web Development,DE,FR,Software Engineer,140.37,USD,paypal,completed,17,2.5,False,28.07,rising_talent,17
TXN-1100853,2024-04-26,Photography,GB,AU,Designer,159.98,USD,credit_card,completed,3,3.8,True,32.0,level_2,17
TXN-1101052,2024-04-26,Video Production,DE,BR,Designer,187.55,USD,paypal,completed,12,3.7,False,37.51,level_2,17
TXN-1100829,2024-04-26,Social Media Management,SG,US,Marketing Manager,166.02,USD,credit_card,completed,5,3.4,False,33.2,top_rated,17
TXN-1101044,2024-04-26,Data Analysis,NL,CA,Data Scientist,31.53,USD,paypal,completed,4,4.8,False,6.31,level_1,17
TXN-1100820,2024-04-26,Music Production,JP,GB,Designer,214.11,USD,paypal,completed,27,4.7,False,42.82,new_seller,17
TXN-1101043,2024-04-26,Photography,IN,BR,Designer,45.6,EUR,credit_card,completed,3,3.0,False,9.12,rising_talent,17
TXN-1100996,2024-04-26,Graphic Design,ZA,US,Designer,411.45,USD,credit_card,completed,21,4.7,False,82.29,top_rated,17
TXN-1100845,2024-04-26,Photography,US,US,Designer,29.7,ILS,credit_card,completed,3,4.8,True,5.94,level_1,17
TXN-1101040,2024-04-26,Photography,IN,JP,Designer,1222.17,USD,credit_card,completed,5,4.8,True,244.43,rising_talent,17
TXN-1101020,2024-04-26,AI/ML Development,BR,US,Data Scientist,327.25,USD,bank_transfer,completed,29,2.7,False,65.45,rising_talent,17
TXN-1100817,2024-04-26,Virtual Assistant,IN,US,HR Manager,790.07,GBP,paypal,completed,3,4.5,False,158.01,rising_talent,17
TXN-1101008,2024-04-26,Video Production,IN,ZA,Designer,76.78,USD,credit_card,completed,6,4.7,False,15.36,rising_talent,17
TXN-1101035,2024-04-26,Content Writing,IN,DE,Writer,99.37,USD,crypto,completed,5,4.0,False,19.87,rising_talent,17
TXN-1100824,2024-04-26,Video Production,US,US,Designer,32.27,EUR,bank_transfer,completed,4,4.3,True,6.45,level_2,17
TXN-1100993,2024-04-26,Data Analysis,US,FR,Data Scientist,50.35,EUR,bank_transfer,completed,13,4.1,False,10.07,new_seller,17
TXN-1100901,2024-04-26,Content Writing,JP,IN,Writer,117.97,USD,credit_card,completed,1,3.2,True,23.59,level_2,17
TXN-1100975,2024-04-26,Photography,IL,US,Designer,62.96,USD,credit_card,completed,3,4.1,False,12.59,top_rated,17
TXN-1100909,2024-04-26,Web Development,IN,US,Software Engineer,91.67,USD,credit_card,completed,15,4.4,False,18.33,new_seller,17
TXN-1100956,2024-04-26,Content Writing,GB,US,Writer,62.96,USD,bank_transfer,disputed,5,,True,12.59,new_seller,17
TXN-1100920,2024-04-26,Content Writing,US,SG,Writer,154.46,USD,paypal,completed,1,2.8,False,30.89,rising_talent,17
TXN-1100952,2024-04-26,Photography,ES,US,Designer,116.46,USD,paypal,completed,3,4.6,False,23.29,rising_talent,17
TXN-1100877,2024-04-26,Music Production,CA,IN,Designer,143.1,USD,paypal,completed,15,4.5,False,28.62,level_1,17
TXN-1100913,2024-04-26,Content Writing,BR,DE,Writer,80.28,GBP,paypal,completed,5,3.1,False,16.06,top_rated,17
TXN-1100898,2024-04-26,Legal Consulting,ZA,US,Lawyer,54.76,USD,credit_card,completed,9,3.8,False,10.95,new_seller,17
TXN-1100914,2024-04-26,Graphic Design,GB,GB,Designer,160.06,USD,credit_card,completed,4,4.5,True,32.01,level_1,17
TXN-1100942,2024-04-26,SEO/SEM,DE,US,Marketing Manager,154.72,USD,bank_transfer,completed,7,3.6,True,30.94,rising_talent,17
TXN-1100915,2024-04-26,Legal Consulting,SG,US,Lawyer,57.29,EUR,paypal,completed,14,4.2,True,11.46,rising_talent,17
TXN-1100938,2024-04-26,Graphic Design,DE,IN,Designer,56.11,USD,bank_transfer,completed,5,4.1,True,11.22,new_seller,17
TXN-1100886,2024-04-26,Social Media Management,GB,FR,Marketing Manager,17.85,USD,bank_transfer,completed,9,4.3,True,3.57,rising_talent,17
TXN-1100931,2024-04-26,Social Media Management,US,US,Marketing Manager,410.17,USD,credit_card,completed,5,3.9,True,82.03,rising_talent,17
TXN-1100929,2024-04-26,Graphic Design,DE,US,Designer,258.15,EUR,paypal,completed,3,3.7,True,51.63,new_seller,17
TXN-1100946,2024-04-26,Translation,GB,IN,Writer,191.79,USD,credit_card,completed,3,4.6,False,38.36,level_1,17
TXN-1100958,2024-04-26,Photography,CA,GB,Designer,115.87,USD,paypal,completed,2,3.3,False,23.17,level_2,17
TXN-1100910,2024-04-26,Music Production,US,US,Designer,50.26,USD,credit_card,completed,13,3.7,True,10.05,rising_talent,17
TXN-1100918,2024-04-26,Data Analysis,IL,US,Data Scientist,426.92,USD,credit_card,completed,13,4.0,False,85.38,rising_talent,17
TXN-1100967,2024-04-26,Content Writing,SG,DE,Writer,389.23,USD,credit_card,completed,2,3.7,False,77.85,level_1,17
TXN-1100968,2024-04-26,Mobile App,FR,GB,Software Engineer,248.35,USD,credit_card,completed,19,4.3,True,49.67,level_1,17
TXN-1100873,2024-04-26,AI/ML Development,BR,ES,Data Scientist,22.12,USD,credit_card,completed,30,2.6,False,4.42,level_1,17
TXN-1100871,2024-04-26,Mobile App,IN,CA,Software Engineer,31.3,USD,paypal,completed,30,4.0,False,6.26,level_1,17
TXN-1101034,2024-04-27,Translation,AU,IL,Writer,162.43,USD,credit_card,completed,3,3.7,False,32.49,top_rated,17
TXN-1100854,2024-04-27,Web Development,IN,GB,Software Engineer,31.55,USD,credit_card,completed,9,3.2,False,6.31,level_1,17
TXN-1100857,2024-04-27,Graphic Design,IN,CA,Designer,196.16,GBP,credit_card,completed,4,2.4,False,39.23,rising_talent,17
TXN-1101021,2024-04-27,Photography,BR,DE,Designer,243.43,USD,paypal,completed,3,4.8,True,48.69,new_seller,17
TXN-1100940,2024-04-27,Video Production,IN,US,Designer,463.29,USD,bank_transfer,completed,4,3.0,True,92.66,level_1,17
TXN-1100899,2024-04-27,Translation,US,DE,Writer,320.37,USD,credit_card,completed,3,4.9,False,64.07,top_rated,17
TXN-1100922,2024-04-27,Graphic Design,US,US,Designer,656.44,USD,bank_transfer,completed,5,4.2,True,131.29,level_2,17
TXN-1100917,2024-04-27,AI/ML Development,AU,US,Data Scientist,97.62,USD,credit_card,completed,15,4.6,True,19.52,level_1,17
TXN-1101018,2024-04-27,AI/ML Development,US,JP,Data Scientist,386.09,USD,credit_card,completed,22,3.8,False,77.22,level_1,17
TXN-1100971,2024-04-27,Mobile App,MX,US,Software Engineer,311.18,USD,credit_card,completed,14,4.9,True,62.24,rising_talent,17
TXN-1100927,2024-04-27,Legal Consulting,FR,GB,Lawyer,70.74,EUR,credit_card,completed,22,2.3,False,14.15,level_1,17
TXN-1100889,2024-04-27,Virtual Assistant,IN,US,HR Manager,8.64,USD,credit_card,completed,1,3.5,True,1.73,top_rated,17
TXN-1100924,2024-04-27,Music Production,US,US,Designer,140.15,GBP,crypto,completed,10,4.8,True,28.03,rising_talent,17
TXN-1100890,2024-04-27,Translation,IL,NL,Writer,40.75,EUR,paypal,cancelled,5,,False,8.15,level_1,17
TXN-1100932,2024-04-27,Virtual Assistant,US,ES,HR Manager,2016.0,EUR,credit_card,completed,1,4.7,False,403.2,level_2,17
TXN-1100916,2024-04-27,Video Production,IN,US,Designer,60.82,USD,credit_card,completed,7,4.3,False,12.16,level_2,17
TXN-1100827,2024-04-27,Music Production,IN,US,Designer,149.71,EUR,credit_card,completed,25,4.9,True,29.94,new_seller,17
TXN-1100810,2024-04-27,Virtual Assistant,US,IN,HR Manager,259.04,USD,credit_card,completed,2,2.4,False,51.81,level_1,17
TXN-1100912,2024-04-27,AI/ML Development,CA,AU,Data Scientist,341.76,USD,credit_card,completed,29,4.4,False,68.35,level_1,17
TXN-1100808,2024-04-27,Data Analysis,US,ZA,Data Scientist,105.11,USD,bank_transfer,completed,5,4.5,False,21.02,level_1,17
TXN-1100850,2024-04-27,Graphic Design,US,ES,Designer,178.36,USD,paypal,completed,4,4.0,False,35.67,rising_talent,17
TXN-1100838,2024-04-27,Mobile App,MX,NL,Software Engineer,188.84,USD,credit_card,completed,15,4.4,False,37.77,rising_talent,17
TXN-1100840,2024-04-27,AI/ML Development,MX,US,Data Scientist,185.96,EUR,bank_transfer,completed,16,3.1,False,37.19,rising_talent,17
TXN-1100999,2024-04-27,SEO/SEM,US,US,Marketing Manager,63.76,USD,paypal,completed,17,3.5,True,12.75,rising_talent,17
TXN-1100849,2024-04-27,SEO/SEM,BR,IN,Marketing Manager,425.83,USD,credit_card,completed,16,2.8,False,85.17,level_2,17
TXN-1100841,2024-04-27,Video Production,CA,JP,Designer,366.37,GBP,paypal,completed,6,1.0,False,73.27,rising_talent,17
TXN-1101016,2024-04-27,Mobile App,CA,US,Software Engineer,165.11,USD,credit_card,completed,24,3.5,False,33.02,level_1,17
TXN-1101005,2024-04-27,Photography,US,ZA,Designer,327.96,USD,credit_card,completed,4,4.1,True,65.59,level_1,17
TXN-1100865,2024-04-27,Music Production,FR,IN,Designer,60.2,USD,bank_transfer,completed,30,3.8,True,12.04,new_seller,17
TXN-1101001,2024-04-27,SEO/SEM,US,NL,Marketing Manager,19.97,USD,paypal,completed,12,4.0,False,3.99,top_rated,17
TXN-1100811,2024-04-28,Virtual Assistant,AU,US,HR Manager,61.96,USD,bank_transfer,completed,3,4.8,False,12.39,rising_talent,17
TXN-1100903,2024-04-28,Financial Modeling,DE,US,Accountant,67.34,GBP,crypto,completed,15,3.4,False,13.47,level_2,17
TXN-1100908,2024-04-28,SEO/SEM,US,US,Marketing Manager,70.57,USD,bank_transfer,completed,13,4.5,False,14.11,level_2,17
TXN-1100804,2024-04-28,Financial Modeling,GB,BR,Accountant,37.79,USD,credit_card,completed,12,4.6,False,7.56,level_1,17
TXN-1100805,2024-04-28,Social Media Management,US,GB,Marketing Manager,621.62,USD,paypal,completed,3,4.7,False,124.32,new_seller,17
TXN-1100894,2024-04-28,Photography,IL,GB,Designer,355.99,USD,paypal,completed,1,4.0,False,71.2,level_2,17
TXN-1101050,2024-04-28,Content Writing,BR,US,Writer,125.52,GBP,credit_card,completed,2,4.7,False,25.1,level_1,17
TXN-1100904,2024-04-28,Data Analysis,US,SG,Data Scientist,187.61,USD,credit_card,completed,6,5.0,False,37.52,level_1,17
TXN-1101027,2024-04-28,SEO/SEM,MX,IN,Marketing Manager,231.63,USD,crypto,completed,17,2.9,False,46.33,rising_talent,17
TXN-1100973,2024-04-28,Virtual Assistant,DE,US,HR Manager,56.65,ILS,paypal,completed,2,4.8,False,11.33,level_1,17
TXN-1100969,2024-04-28,Graphic Design,AU,DE,Designer,108.5,USD,credit_card,completed,4,4.5,True,21.7,new_seller,17
TXN-1100858,2024-04-28,Data Analysis,GB,GB,Data Scientist,143.27,USD,bank_transfer,completed,6,3.9,False,28.65,new_seller,17
TXN-1100987,2024-04-28,Music Production,IN,NL,Designer,503.56,USD,credit_card,disputed,28,,False,100.71,level_1,17
TXN-1100989,2024-04-28,Translation,US,US,Writer,11.24,USD,credit_card,completed,1,4.2,False,2.25,rising_talent,17
TXN-1100963,2024-04-28,Translation,CA,US,Writer,19.19,USD,credit_card,completed,3,4.1,False,3.84,level_2,17
TXN-1100962,2024-04-28,AI/ML Development,IN,ES,Data Scientist,186.75,EUR,paypal,completed,25,2.9,False,37.35,level_1,17
TXN-1100994,2024-04-28,Social Media Management,IN,US,Marketing Manager,168.27,INR,paypal,completed,8,3.6,False,33.65,level_1,17
TXN-1100900,2024-04-28,Content Writing,IN,BR,Writer,111.01,USD,bank_transfer,completed,4,3.1,False,22.2,level_1,17
TXN-1101036,2024-04-28,Virtual Assistant,FR,FR,HR Manager,236.15,USD,paypal,completed,1,3.8,False,47.23,level_1,17
TXN-1101002,2024-04-28,Translation,US,US,Writer,1080.93,INR,credit_card,completed,2,4.0,True,216.19,new_seller,17
TXN-1100844,2024-04-28,Graphic Design,AU,US,Designer,139.32,EUR,credit_card,completed,4,4.5,False,27.86,level_2,17
TXN-1101004,2024-04-28,Social Media Management,IN,FR,Marketing Manager,675.64,USD,credit_card,completed,5,3.9,False,135.13,level_2,17
TXN-1100953,2024-04-28,SEO/SEM,IL,US,Marketing Manager,467.3,USD,credit_card,completed,23,3.1,False,93.46,level_2,17
TXN-1100874,2024-04-28,Web Development,FR,US,Software Engineer,110.78,USD,bank_transfer,completed,6,3.8,False,22.16,top_rated,17
TXN-1100948,2024-04-28,Financial Modeling,US,US,Accountant,1525.73,USD,credit_card,completed,22,4.9,True,305.15,new_seller,17
TXN-1100947,2024-04-28,Data Analysis,FR,GB,Data Scientist,245.13,USD,credit_card,completed,4,2.4,True,49.03,top_rated,17
TXN-1100826,2024-04-28,Music Production,IL,US,Designer,602.98,USD,credit_card,completed,11,3.8,False,120.6,new_seller,17
TXN-1101173,2024-04-29,Translation,IN,AU,Writer,742.35,USD,credit_card,completed,3,4.9,False,148.47,level_1,18
TXN-1101100,2024-04-29,Graphic Design,ZA,NL,Designer,246.62,GBP,paypal,completed,2,3.2,False,49.32,rising_talent,18
TXN-1101328,2024-04-29,Social Media Management,US,US,Marketing Manager,920.29,ILS,credit_card,completed,10,4.3,False,184.06,level_2,18
TXN-1101329,2024-04-29,AI/ML Development,US,US,Data Scientist,37.13,USD,crypto,completed,11,4.7,True,7.43,new_seller,18
TXN-1101090,2024-04-29,Mobile App,US,IN,Software Engineer,23.85,EUR,bank_transfer,completed,30,3.2,False,4.77,new_seller,18
TXN-1101094,2024-04-29,Graphic Design,FR,ZA,Designer,435.24,INR,credit_card,completed,6,3.9,False,87.05,top_rated,18
TXN-1101104,2024-04-29,Graphic Design,IN,IN,Designer,135.11,GBP,credit_card,completed,10,4.3,True,27.02,level_1,18
TXN-1101337,2024-04-29,Translation,IN,BR,Writer,633.1,USD,credit_card,completed,1,4.5,True,126.62,level_2,18
TXN-1101341,2024-04-29,Translation,DE,GB,Writer,58.49,USD,credit_card,completed,5,4.5,False,11.7,level_1,18
TXN-1101175,2024-04-29,SEO/SEM,US,IN,Marketing Manager,872.9,GBP,bank_transfer,completed,5,2.1,False,174.58,level_1,18
TXN-1101105,2024-04-29,Social Media Management,US,US,Marketing Manager,77.57,USD,credit_card,completed,5,3.1,False,15.51,new_seller,18
TXN-1101321,2024-04-29,Photography,DE,IN,Designer,91.36,USD,credit_card,completed,3,4.1,False,18.27,level_2,18
TXN-1101165,2024-04-29,Video Production,ES,US,Designer,306.1,USD,crypto,completed,10,4.3,False,61.22,top_rated,18
TXN-1101280,2024-04-29,AI/ML Development,ES,IL,Data Scientist,38.52,EUR,credit_card,completed,21,2.6,False,7.7,rising_talent,18
TXN-1101318,2024-04-29,Photography,US,GB,Designer,183.15,USD,credit_card,disputed,3,,False,36.63,level_2,18
TXN-1101314,2024-04-29,Legal Consulting,US,CA,Lawyer,133.3,USD,paypal,completed,14,4.9,True,26.66,level_2,18
TXN-1101148,2024-04-29,Photography,BR,IN,Designer,1631.78,EUR,bank_transfer,completed,3,3.0,False,326.36,level_1,18
TXN-1101116,2024-04-29,Video Production,FR,DE,Designer,72.82,EUR,paypal,completed,6,4.1,False,14.56,level_1,18
TXN-1101141,2024-04-29,SEO/SEM,ES,IN,Marketing Manager,119.98,USD,paypal,completed,12,3.8,True,24.0,new_seller,18
TXN-1101344,2024-04-29,Translation,US,CA,Writer,602.4,ILS,credit_card,completed,3,4.4,True,120.48,rising_talent,18
TXN-1101301,2024-04-29,Graphic Design,FR,CA,Designer,362.48,USD,credit_card,completed,4,4.5,True,72.5,rising_talent,18
TXN-1101134,2024-04-29,Graphic Design,AU,US,Designer,1077.22,GBP,credit_card,completed,4,4.0,False,215.44,level_1,18
TXN-1101132,2024-04-29,Virtual Assistant,IL,GB,HR Manager,15.28,USD,credit_card,completed,1,1.0,False,3.06,level_1,18
TXN-1101106,2024-04-29,Social Media Management,US,GB,Marketing Manager,49.54,USD,credit_card,completed,3,4.3,False,9.91,level_2,18
TXN-1101136,2024-04-29,Web Development,GB,DE,Software Engineer,245.73,USD,paypal,cancelled,9,,False,49.15,top_rated,18
TXN-1101249,2024-04-29,Social Media Management,GB,GB,Marketing Manager,181.48,USD,paypal,completed,10,4.6,True,36.3,new_seller,18
TXN-1101351,2024-04-29,Financial Modeling,US,AU,Accountant,1694.8,USD,credit_card,completed,19,4.2,True,338.96,new_seller,18
TXN-1101129,2024-04-29,Data Analysis,IN,SG,Data Scientist,2393.18,USD,credit_card,completed,5,4.9,False,478.64,level_2,18
TXN-1101228,2024-04-29,Financial Modeling,DE,US,Accountant,8.53,USD,paypal,completed,14,4.3,False,1.71,level_1,18
TXN-1101060,2024-04-29,Social Media Management,US,US,Marketing Manager,39.7,EUR,credit_card,completed,10,4.1,False,7.94,level_2,18
TXN-1101061,2024-04-29,Financial Modeling,US,AU,Accountant,598.85,USD,bank_transfer,completed,6,3.3,False,119.77,top_rated,18
TXN-1101226,2024-04-29,Content Writing,US,US,Writer,44.78,USD,credit_card,completed,4,3.7,False,8.96,rising_talent,18
TXN-1101215,2024-04-29,Music Production,GB,CA,Designer,22.37,USD,credit_card,completed,16,4.6,True,4.47,top_rated,18
TXN-1101064,2024-04-29,Music Production,IN,CA,Designer,48.83,GBP,credit_card,completed,14,4.2,True,9.77,level_1,18
TXN-1101229,2024-04-29,Virtual Assistant,DE,IN,HR Manager,267.31,USD,paypal,completed,1,4.5,True,53.46,level_1,18
TXN-1101066,2024-04-29,AI/ML Development,US,US,Data Scientist,92.59,USD,paypal,completed,24,3.3,True,18.52,top_rated,18
TXN-1101363,2024-04-29,Data Analysis,US,IN,Data Scientist,117.84,USD,bank_transfer,completed,10,2.9,False,23.57,new_seller,18
TXN-1101208,2024-04-29,Data Analysis,FR,US,Data Scientist,24.3,USD,bank_transfer,completed,5,4.5,False,4.86,level_1,18
TXN-1101348,2024-04-29,Financial Modeling,US,IN,Accountant,1355.49,USD,credit_card,completed,5,4.4,True,271.1,level_1,18
TXN-1101072,2024-04-29,Mobile App,US,FR,Software Engineer,31.18,USD,crypto,completed,17,4.7,True,6.24,new_seller,18
TXN-1101356,2024-04-29,Music Production,CA,DE,Designer,514.56,GBP,paypal,completed,17,2.8,True,102.91,level_1,18
TXN-1101127,2024-04-29,Video Production,US,IN,Designer,94.8,USD,bank_transfer,completed,10,4.2,False,18.96,level_2,18
TXN-1101076,2024-04-29,Social Media Management,GB,IN,Marketing Manager,113.26,USD,credit_card,completed,7,2.7,True,22.65,level_1,18
TXN-1101353,2024-04-29,Video Production,IN,US,Designer,41.91,GBP,paypal,completed,3,4.9,True,8.38,level_1,18
TXN-1101193,2024-04-29,Photography,IN,FR,Designer,103.34,USD,credit_card,completed,5,4.1,False,20.67,rising_talent,18
TXN-1101197,2024-04-29,Web Development,DE,AU,Software Engineer,353.75,USD,paypal,completed,13,4.7,False,70.75,level_2,18
TXN-1101205,2024-04-29,Financial Modeling,DE,DE,Accountant,0.01,USD,paypal,completed,17,4.2,False,0.0,rising_talent,18
TXN-1101233,2024-04-30,Content Writing,US,US,Writer,276.25,USD,paypal,completed,2,3.8,True,55.25,level_2,18
TXN-1101251,2024-04-30,Graphic Design,ES,US,Designer,239.32,USD,paypal,completed,8,4.7,False,47.86,level_1,18
TXN-1101253,2024-04-30,Web Development,ES,GB,Software Engineer,15.46,USD,credit_card,completed,12,3.3,True,3.09,level_2,18
TXN-1101191,2024-04-30,Translation,US,IN,Writer,74.16,USD,credit_card,completed,2,4.9,False,14.83,level_1,18
TXN-1101254,2024-04-30,Social Media Management,US,MX,Marketing Manager,80.77,USD,credit_card,completed,6,4.0,True,16.15,level_1,18
TXN-1101293,2024-04-30,Translation,JP,JP,Writer,2081.83,USD,paypal,completed,4,4.8,False,416.37,level_2,18
TXN-1101140,2024-04-30,Virtual Assistant,BR,US,HR Manager,12.07,GBP,paypal,completed,1,4.5,True,2.41,rising_talent,18
TXN-1101144,2024-04-30,Social Media Management,MX,US,Marketing Manager,91.38,EUR,paypal,completed,6,4.7,True,18.28,level_2,18
TXN-1101185,2024-04-30,Video Production,IN,ES,Designer,67.67,USD,credit_card,completed,6,3.5,False,13.53,level_1,18
TXN-1101181,2024-04-30,SEO/SEM,NL,GB,Marketing Manager,242.03,USD,paypal,completed,7,3.7,False,48.41,level_2,18
TXN-1101285,2024-04-30,Translation,AU,US,Writer,1317.43,USD,credit_card,completed,4,1.0,True,263.49,level_1,18
TXN-1101265,2024-04-30,Legal Consulting,FR,IN,Lawyer,5.9,USD,crypto,completed,7,4.5,False,1.18,level_2,18
TXN-1101282,2024-04-30,Web Development,IN,FR,Software Engineer,201.2,EUR,credit_card,completed,14,4.3,True,40.24,level_2,18
TXN-1101211,2024-04-30,SEO/SEM,JP,DE,Marketing Manager,62.82,EUR,credit_card,completed,6,4.4,True,12.56,new_seller,18
TXN-1101155,2024-04-30,AI/ML Development,IN,US,Data Scientist,48.27,USD,credit_card,completed,30,4.3,False,9.65,rising_talent,18
TXN-1101209,2024-04-30,Graphic Design,IN,ES,Designer,421.84,USD,paypal,completed,3,4.7,True,84.37,new_seller,18
TXN-1101174,2024-04-30,Data Analysis,US,US,Data Scientist,291.12,USD,crypto,completed,11,4.5,False,58.22,rising_talent,18
TXN-1101171,2024-04-30,Translation,IN,FR,Writer,276.28,INR,credit_card,completed,1,4.5,True,55.26,level_2,18
TXN-1101172,2024-04-30,Virtual Assistant,CA,IN,HR Manager,427.4,USD,bank_transfer,completed,1,4.0,False,85.48,level_2,18
TXN-1101255,2024-04-30,Web Development,CA,NL,Software Engineer,276.78,USD,bank_transfer,completed,12,4.2,False,55.36,new_seller,18
TXN-1101206,2024-04-30,SEO/SEM,US,NL,Marketing Manager,59.51,USD,bank_transfer,completed,12,4.2,True,11.9,rising_talent,18
TXN-1101062,2024-04-30,Legal Consulting,ZA,FR,Lawyer,134.38,USD,paypal,completed,13,4.4,False,26.88,top_rated,18
TXN-1101331,2024-04-30,Graphic Design,JP,US,Designer,55.86,USD,credit_card,completed,7,3.9,True,11.17,new_seller,18
TXN-1101093,2024-04-30,Mobile App,IN,IN,Software Engineer,38.79,USD,credit_card,completed,22,3.9,False,7.76,top_rated,18
TXN-1101086,2024-04-30,Data Analysis,DE,US,Data Scientist,279.42,GBP,crypto,completed,12,4.1,False,55.88,level_2,18
TXN-1101347,2024-04-30,Web Development,IN,CA,Software Engineer,131.76,USD,crypto,completed,17,4.6,True,26.35,rising_talent,18
TXN-1101078,2024-04-30,Mobile App,US,BR,Software Engineer,199.49,USD,paypal,completed,20,3.8,False,39.9,level_1,18
TXN-1101115,2024-04-30,Financial Modeling,DE,US,Accountant,366.16,USD,credit_card,completed,15,4.8,False,73.23,level_1,18
TXN-1101355,2024-04-30,Virtual Assistant,BR,US,HR Manager,26.17,USD,paypal,completed,2,4.9,False,5.23,top_rated,18
TXN-1101118,2024-04-30,Web Development,MX,GB,Software Engineer,31.68,USD,credit_card,completed,27,4.2,False,6.34,level_1,18
TXN-1101361,2024-04-30,Video Production,MX,DE,Designer,229.91,USD,paypal,completed,5,4.1,False,45.98,level_2,18
TXN-1101364,2024-04-30,Legal Consulting,IL,ES,Lawyer,17.0,GBP,bank_transfer,completed,13,5.0,False,3.4,level_2,18
TXN-1101075,2024-04-30,Music Production,GB,FR,Designer,123.07,USD,paypal,completed,15,4.0,False,24.61,rising_talent,18
TXN-1101124,2024-04-30,Social Media Management,IN,DE,Marketing Manager,55.28,EUR,paypal,completed,5,3.6,False,11.06,rising_talent,18
TXN-1101123,2024-04-30,Music Production,US,GB,Designer,647.58,GBP,paypal,completed,17,4.3,False,129.52,level_2,18
TXN-1101103,2024-04-30,Web Development,NL,IN,Software Engineer,66.16,USD,credit_card,completed,15,4.7,False,13.23,level_2,18
TXN-1101121,2024-04-30,Music Production,US,US,Designer,600.12,USD,credit_card,completed,6,3.8,False,120.02,rising_talent,18
TXN-1101210,2024-05-01,Photography,NL,US,Designer,51.22,USD,credit_card,completed,2,4.7,True,10.24,level_1,18
TXN-1101101,2024-05-01,Mobile App,IN,US,Software Engineer,867.4,ILS,bank_transfer,completed,22,3.3,True,173.48,level_2,18
TXN-1101259,2024-05-01,Content Writing,US,US,Writer,1575.55,USD,paypal,completed,6,4.9,False,315.11,level_1,18
TXN-1101220,2024-05-01,Virtual Assistant,US,FR,HR Manager,64.88,USD,crypto,completed,1,4.6,False,12.98,level_1,18
TXN-1101183,2024-05-01,Content Writing,US,AU,Writer,100.96,USD,credit_card,completed,2,4.2,True,20.19,rising_talent,18
TXN-1101333,2024-05-01,Web Development,US,IN,Software Engineer,261.62,USD,credit_card,completed,28,3.7,False,52.32,level_1,18
TXN-1101091,2024-05-01,Legal Consulting,BR,GB,Lawyer,60.54,EUR,credit_card,cancelled,12,,False,12.11,rising_talent,18
TXN-1101336,2024-05-01,AI/ML Development,AU,AU,Data Scientist,39.4,USD,paypal,completed,12,3.0,False,7.88,rising_talent,18
TXN-1101087,2024-05-01,Mobile App,BR,IN,Software Engineer,93.89,INR,crypto,completed,26,3.1,False,18.78,level_1,18
TXN-1101252,2024-05-01,Translation,AU,IN,Writer,150.4,USD,bank_transfer,completed,3,4.5,True,30.08,top_rated,18
TXN-1101219,2024-05-01,Social Media Management,US,IN,Marketing Manager,2081.62,USD,credit_card,completed,5,4.5,True,416.32,level_2,18
TXN-1101218,2024-05-01,Financial Modeling,CA,GB,Accountant,66.03,USD,credit_card,cancelled,12,,False,13.21,level_1,18
TXN-1101080,2024-05-01,Financial Modeling,GB,US,Accountant,322.19,EUR,bank_transfer,completed,13,3.3,False,64.44,new_seller,18
TXN-1101245,2024-05-01,Mobile App,US,CA,Software Engineer,60.1,ILS,bank_transfer,completed,13,4.5,False,12.02,level_1,18
TXN-1101195,2024-05-01,Financial Modeling,IN,GB,Accountant,570.65,USD,bank_transfer,completed,19,4.0,True,114.13,new_seller,18
TXN-1101063,2024-05-01,Translation,US,CA,Writer,30.77,USD,credit_card,completed,2,3.9,True,6.15,top_rated,18
TXN-1101198,2024-05-01,Legal Consulting,US,IN,Lawyer,12.8,USD,credit_card,completed,21,3.8,False,2.56,rising_talent,18
TXN-1101241,2024-05-01,Video Production,AU,GB,Designer,253.91,USD,credit_card,completed,5,3.1,True,50.78,level_2,18
TXN-1101240,2024-05-01,Video Production,NL,IN,Designer,31.54,USD,paypal,completed,3,3.8,False,6.31,level_1,18
TXN-1101235,2024-05-01,SEO/SEM,IN,IN,Marketing Manager,112.13,GBP,credit_card,completed,12,3.8,False,22.43,level_1,18
TXN-1101202,2024-05-01,Translation,ZA,GB,Writer,41.53,USD,credit_card,completed,1,4.0,False,8.31,level_1,18
TXN-1101102,2024-05-01,Mobile App,IN,ES,Software Engineer,303.85,EUR,paypal,completed,12,4.6,True,60.77,level_1,18
TXN-1101217,2024-05-01,Translation,IN,JP,Writer,248.7,GBP,bank_transfer,completed,1,4.9,False,49.74,rising_talent,18
TXN-1101232,2024-05-01,Music Production,US,MX,Designer,350.68,GBP,bank_transfer,disputed,20,,True,70.14,level_1,18
TXN-1101357,2024-05-01,Content Writing,IN,SG,Writer,65.78,USD,credit_card,completed,1,3.9,False,13.16,new_seller,18
TXN-1101231,2024-05-01,Financial Modeling,SG,US,Accountant,337.68,USD,credit_card,completed,11,3.4,False,67.54,level_2,18
TXN-1101358,2024-05-01,Financial Modeling,ZA,GB,Accountant,33.1,USD,bank_transfer,completed,12,4.9,True,6.62,level_1,18
TXN-1101365,2024-05-01,Content Writing,US,US,Writer,220.42,USD,credit_card,completed,4,4.3,True,44.08,rising_talent,18
TXN-1101213,2024-05-01,Translation,US,IN,Writer,160.54,USD,paypal,completed,3,3.8,False,32.11,level_1,18
TXN-1101297,2024-05-01,Photography,DE,US,Designer,83.35,USD,credit_card,cancelled,3,,True,16.67,level_2,18
TXN-1101270,2024-05-01,Music Production,GB,BR,Designer,56.94,USD,paypal,completed,12,3.7,True,11.39,top_rated,18
TXN-1101125,2024-05-01,Graphic Design,US,CA,Designer,3364.87,USD,credit_card,completed,5,4.5,True,672.97,new_seller,18
TXN-1101135,2024-05-01,Music Production,BR,BR,Designer,206.09,USD,bank_transfer,completed,11,4.3,False,41.22,rising_talent,18
TXN-1101303,2024-05-01,Content Writing,US,MX,Writer,86.11,USD,credit_card,completed,2,3.6,False,17.22,level_2,18
TXN-1101292,2024-05-01,SEO/SEM,US,DE,Marketing Manager,593.55,GBP,credit_card,completed,18,4.9,True,118.71,level_2,18
TXN-1101291,2024-05-01,Data Analysis,DE,US,Data Scientist,252.62,EUR,credit_card,completed,6,4.0,False,50.52,new_seller,18
TXN-1101288,2024-05-01,Content Writing,GB,NL,Writer,20.25,USD,bank_transfer,completed,2,3.8,False,4.05,level_2,18
TXN-1101146,2024-05-01,Video Production,GB,US,Designer,124.98,USD,credit_card,completed,12,3.6,False,25.0,new_seller,18
TXN-1101287,2024-05-01,Mobile App,SG,CA,Software Engineer,290.53,USD,paypal,completed,7,3.3,False,58.11,level_2,18
TXN-1101286,2024-05-01,Social Media Management,US,FR,Marketing Manager,430.66,GBP,credit_card,completed,5,4.7,False,86.13,new_seller,18
TXN-1101284,2024-05-01,Social Media Management,DE,JP,Marketing Manager,81.21,USD,paypal,completed,4,4.1,False,16.24,new_seller,18
TXN-1101322,2024-05-01,Social Media Management,US,BR,Marketing Manager,26.0,USD,credit_card,completed,7,3.5,True,5.2,level_1,18
TXN-1101170,2024-05-01,Photography,NL,AU,Designer,746.25,GBP,credit_card,completed,4,4.8,True,149.25,top_rated,18
TXN-1101156,2024-05-01,Social Media Management,BR,GB,Marketing Manager,348.01,GBP,credit_card,completed,6,3.1,True,69.6,rising_talent,18
TXN-1101277,2024-05-01,Financial Modeling,IN,DE,Accountant,273.16,USD,credit_card,completed,10,3.7,True,54.63,level_1,18
TXN-1101158,2024-05-01,Translation,US,GB,Writer,374.28,USD,credit_card,completed,2,3.6,True,74.86,new_seller,18
TXN-1101279,2024-05-01,Translation,US,IN,Writer,2095.54,USD,credit_card,completed,3,3.2,False,419.11,top_rated,18
TXN-1101223,2024-05-01,AI/ML Development,IN,US,Data Scientist,543.96,USD,crypto,completed,16,3.9,False,108.79,level_1,18
TXN-1101161,2024-05-01,SEO/SEM,DE,ES,Marketing Manager,211.0,EUR,bank_transfer,completed,12,4.7,False,42.2,level_1,18
TXN-1101273,2024-05-01,Social Media Management,IN,GB,Marketing Manager,63.19,USD,credit_card,completed,6,2.9,True,12.64,new_seller,18
TXN-1101162,2024-05-01,Content Writing,MX,IL,Writer,454.62,EUR,crypto,completed,3,3.0,False,90.92,level_1,18
TXN-1101163,2024-05-01,Web Development,DE,IN,Software Engineer,39.8,USD,crypto,completed,19,4.0,True,7.96,rising_talent,18
TXN-1101167,2024-05-01,Data Analysis,SG,IN,Data Scientist,53.75,USD,credit_card,completed,7,4.0,False,10.75,level_2,18
TXN-1101164,2024-05-01,Translation,GB,ZA,Writer,169.44,GBP,credit_card,cancelled,3,,False,33.89,level_1,18
TXN-1101107,2024-05-01,Data Analysis,IN,IN,Data Scientist,40.25,USD,bank_transfer,completed,11,4.1,True,8.05,rising_talent,18
TXN-1101166,2024-05-01,SEO/SEM,IN,SG,Marketing Manager,481.95,EUR,credit_card,completed,18,3.5,False,96.39,rising_talent,18
TXN-1101332,2024-05-02,Music Production,US,US,Designer,51.73,USD,credit_card,completed,8,4.3,False,10.35,top_rated,18
TXN-1101267,2024-05-02,SEO/SEM,CA,NL,Marketing Manager,96.12,USD,credit_card,completed,5,3.7,False,19.22,new_seller,18
TXN-1101268,2024-05-02,Mobile App,US,US,Software Engineer,1046.9,USD,paypal,completed,20,4.4,False,209.38,rising_talent,18
TXN-1101294,2024-05-02,Video Production,MX,IL,Designer,154.67,USD,credit_card,completed,3,4.1,False,30.93,level_2,18
TXN-1101230,2024-05-02,Virtual Assistant,GB,FR,HR Manager,196.36,USD,bank_transfer,completed,2,4.5,False,39.27,top_rated,18
TXN-1101295,2024-05-02,Photography,US,FR,Designer,33.86,USD,credit_card,completed,9,4.5,False,6.77,new_seller,18
TXN-1101296,2024-05-02,Virtual Assistant,FR,US,HR Manager,24.72,EUR,paypal,completed,1,4.5,True,4.94,level_1,18
TXN-1101330,2024-05-02,Legal Consulting,DE,IN,Lawyer,188.91,USD,paypal,completed,18,2.9,True,37.78,level_1,18
TXN-1101227,2024-05-02,AI/ML Development,US,US,Data Scientist,86.85,EUR,credit_card,completed,21,4.5,False,17.37,level_2,18
TXN-1101300,2024-05-02,Virtual Assistant,IN,US,HR Manager,306.16,USD,credit_card,completed,1,2.7,True,61.23,level_1,18
TXN-1101304,2024-05-02,Virtual Assistant,SG,US,HR Manager,24.67,USD,credit_card,completed,62,3.8,True,4.93,level_1,18
TXN-1101276,2024-05-02,Social Media Management,AU,GB,Marketing Manager,303.78,USD,paypal,completed,4,4.9,False,60.76,level_1,18
TXN-1101360,2024-05-02,Graphic Design,US,IN,Designer,106.69,USD,paypal,completed,2,3.4,False,21.34,rising_talent,18
TXN-1101289,2024-05-02,Graphic Design,US,GB,Designer,47.36,USD,credit_card,completed,4,4.9,False,9.47,new_seller,18
TXN-1101311,2024-05-02,Graphic Design,IN,IN,Designer,73.29,USD,crypto,completed,3,4.2,False,14.66,top_rated,18
TXN-1101272,2024-05-02,SEO/SEM,DE,US,Marketing Manager,174.73,EUR,paypal,completed,5,4.1,True,34.95,rising_talent,18
TXN-1101257,2024-05-02,Financial Modeling,BR,IN,Accountant,557.01,USD,credit_card,completed,27,1.0,False,111.4,top_rated,18
TXN-1101313,2024-05-02,SEO/SEM,NL,GB,Marketing Manager,325.75,USD,credit_card,completed,8,4.5,False,65.15,level_1,18
TXN-1101323,2024-05-02,Data Analysis,DE,IN,Data Scientist,196.8,EUR,paypal,completed,8,4.9,False,39.36,rising_talent,18
TXN-1101327,2024-05-02,Social Media Management,FR,ES,Marketing Manager,57.07,USD,credit_card,completed,7,2.9,False,11.41,level_1,18
TXN-1101243,2024-05-02,Social Media Management,ZA,IL,Marketing Manager,30.17,USD,credit_card,completed,5,4.6,True,6.03,level_1,18
TXN-1101352,2024-05-02,Video Production,ES,DE,Designer,124.76,ILS,credit_card,completed,4,4.8,False,24.95,top_rated,18
TXN-1101246,2024-05-02,Music Production,NL,DE,Designer,33.93,EUR,credit_card,completed,9,3.1,False,6.79,rising_talent,18
TXN-1101290,2024-05-02,Legal Consulting,US,US,Lawyer,349.2,USD,paypal,completed,11,4.1,True,69.84,new_seller,18
TXN-1101261,2024-05-02,Graphic Design,IN,ZA,Designer,74.45,USD,bank_transfer,completed,6,4.5,True,14.89,rising_talent,18
TXN-1101237,2024-05-02,Financial Modeling,US,FR,Accountant,290.53,USD,credit_card,completed,8,4.2,True,58.11,level_1,18
TXN-1101088,2024-05-02,Legal Consulting,BR,US,Lawyer,154.11,USD,credit_card,completed,6,4.6,True,30.82,new_seller,18
TXN-1101190,2024-05-02,Data Analysis,US,BR,Data Scientist,35.63,USD,bank_transfer,completed,4,4.4,False,7.13,level_2,18
TXN-1101188,2024-05-02,Data Analysis,AU,US,Data Scientist,284.76,USD,credit_card,disputed,11,,True,56.95,level_1,18
TXN-1101184,2024-05-02,Music Production,US,IL,Designer,99.73,USD,credit_card,completed,11,4.8,True,19.95,rising_talent,18
TXN-1101133,2024-05-02,Translation,US,IN,Writer,118.4,USD,credit_card,completed,3,2.9,False,23.68,new_seller,18
TXN-1101079,2024-05-02,Virtual Assistant,IN,US,HR Manager,545.08,USD,credit_card,completed,2,3.9,True,109.02,level_1,18
TXN-1101139,2024-05-02,SEO/SEM,ES,BR,Marketing Manager,20.25,ILS,crypto,completed,4,4.1,False,4.05,level_1,18
TXN-1101143,2024-05-02,Graphic Design,DE,US,Designer,25.28,USD,paypal,completed,1,4.7,False,5.06,rising_talent,18
TXN-1101145,2024-05-02,SEO/SEM,US,JP,Marketing Manager,136.26,USD,bank_transfer,completed,9,4.2,False,27.25,level_2,18
TXN-1101149,2024-05-02,Graphic Design,BR,US,Designer,87.53,EUR,paypal,completed,8,4.6,True,17.51,level_1,18
TXN-1101098,2024-05-02,Data Analysis,US,GB,Data Scientist,11.22,USD,bank_transfer,completed,6,4.5,True,2.24,level_1,18
TXN-1101097,2024-05-02,Graphic Design,GB,CA,Designer,1736.17,USD,credit_card,completed,2,3.8,False,347.23,level_2,18
TXN-1101169,2024-05-02,Web Development,IN,US,Software Engineer,165.79,EUR,credit_card,completed,14,3.8,True,33.16,rising_talent,18
TXN-1101089,2024-05-02,Video Production,DE,SG,Designer,57.15,ILS,bank_transfer,completed,8,4.2,True,11.43,level_1,18
TXN-1101160,2024-05-02,Translation,GB,DE,Writer,48.59,USD,credit_card,completed,2,4.1,False,9.72,rising_talent,18
TXN-1101092,2024-05-02,Data Analysis,US,BR,Data Scientist,37.86,EUR,credit_card,completed,7,3.4,True,7.57,level_1,18
TXN-1101126,2024-05-02,Content Writing,BR,US,Writer,162.65,USD,credit_card,completed,4,4.8,True,32.53,level_1,18
TXN-1101071,2024-05-02,Legal Consulting,US,SG,Lawyer,205.44,USD,bank_transfer,completed,25,3.3,False,41.09,level_1,18
TXN-1101128,2024-05-02,Content Writing,IN,GB,Writer,359.95,USD,crypto,completed,3,4.8,False,71.99,level_1,18
TXN-1101119,2024-05-02,Translation,AU,BR,Writer,268.01,USD,crypto,completed,3,4.7,False,53.6,level_1,18
TXN-1101222,2024-05-02,Video Production,ZA,IL,Designer,610.24,USD,credit_card,completed,12,4.1,True,122.05,level_2,18
TXN-1101221,2024-05-02,Video Production,US,US,Designer,41.81,USD,credit_card,completed,9,4.1,True,8.36,level_1,18
TXN-1101216,2024-05-02,Photography,DE,MX,Designer,534.72,USD,credit_card,completed,9,4.4,True,106.94,level_2,18
TXN-1101212,2024-05-02,Financial Modeling,DE,US,Accountant,174.78,USD,credit_card,completed,8,4.6,False,34.96,level_1,18
TXN-1101204,2024-05-02,SEO/SEM,CA,MX,Marketing Manager,1357.29,USD,credit_card,completed,7,3.5,True,271.46,new_seller,18
TXN-1101203,2024-05-02,Photography,US,IN,Designer,19.82,USD,credit_card,completed,3,4.8,True,3.96,level_1,18
TXN-1101196,2024-05-02,Financial Modeling,FR,ZA,Accountant,16.66,EUR,credit_card,completed,10,4.4,False,3.33,level_1,18
TXN-1101109,2024-05-02,Social Media Management,CA,DE,Marketing Manager,391.29,USD,paypal,completed,5,4.3,True,78.26,rising_talent,18
TXN-1101067,2024-05-02,AI/ML Development,US,BR,Data Scientist,1010.33,USD,paypal,completed,13,4.5,False,202.07,top_rated,18
TXN-1101157,2024-05-02,Social Media Management,US,GB,Marketing Manager,20.27,USD,paypal,completed,3,4.0,False,4.05,level_2,18
TXN-1101069,2024-05-02,Graphic Design,ES,US,Designer,162.36,USD,bank_transfer,completed,3,4.0,True,32.47,rising_talent,18
TXN-1101070,2024-05-02,Web Development,US,MX,Software Engineer,66.14,EUR,paypal,completed,16,4.3,False,13.23,rising_talent,18
TXN-1101324,2024-05-03,Legal Consulting,IN,DE,Lawyer,151.9,USD,paypal,completed,22,4.8,False,30.38,level_2,18
TXN-1101120,2024-05-03,Graphic Design,IN,GB,Designer,127.1,GBP,credit_card,completed,2,3.9,False,25.42,level_2,18
TXN-1101153,2024-05-03,Music Production,US,US,Designer,67.2,USD,paypal,completed,15,4.0,True,13.44,level_1,18
TXN-1101302,2024-05-03,Legal Consulting,US,DE,Lawyer,806.43,USD,paypal,completed,14,4.2,True,161.29,level_1,18
TXN-1101281,2024-05-03,Legal Consulting,NL,ES,Lawyer,65.08,USD,paypal,completed,15,3.7,False,13.02,level_2,18
TXN-1101122,2024-05-03,SEO/SEM,GB,ZA,Marketing Manager,27.42,GBP,credit_card,completed,14,3.0,False,5.48,level_2,18
TXN-1101315,2024-05-03,SEO/SEM,NL,NL,Marketing Manager,75.51,INR,bank_transfer,completed,15,5.0,True,15.1,level_1,18
TXN-1101152,2024-05-03,Social Media Management,IN,US,Marketing Manager,125.73,USD,credit_card,completed,7,2.8,True,25.15,level_2,18
TXN-1101283,2024-05-03,Translation,US,US,Writer,361.21,USD,crypto,completed,2,4.3,False,72.24,level_1,18
TXN-1101325,2024-05-03,SEO/SEM,MX,SG,Marketing Manager,537.91,USD,bank_transfer,completed,9,4.8,True,107.58,rising_talent,18
TXN-1101112,2024-05-03,Photography,US,US,Designer,148.41,GBP,credit_card,completed,2,5.0,True,29.68,level_1,18
TXN-1101147,2024-05-03,Data Analysis,JP,CA,Data Scientist,126.69,USD,bank_transfer,completed,9,3.3,False,25.34,new_seller,18
TXN-1101298,2024-05-03,Financial Modeling,BR,IN,Accountant,149.02,GBP,credit_card,completed,5,4.0,True,29.8,level_1,18
TXN-1101111,2024-05-03,SEO/SEM,BR,JP,Marketing Manager,201.58,USD,paypal,completed,12,4.6,True,40.32,rising_talent,18
TXN-1101142,2024-05-03,Video Production,FR,IN,Designer,1246.52,INR,paypal,completed,7,4.3,True,249.3,level_2,18
TXN-1101154,2024-05-03,Content Writing,IL,US,Writer,170.24,ILS,credit_card,completed,2,4.2,True,34.05,top_rated,18
TXN-1101099,2024-05-03,Photography,US,GB,Designer,270.64,USD,bank_transfer,completed,6,3.0,False,54.13,top_rated,18
TXN-1101137,2024-05-03,Content Writing,DE,BR,Writer,1699.8,GBP,paypal,disputed,5,,True,339.96,top_rated,18
TXN-1101108,2024-05-03,Mobile App,GB,US,Software Engineer,47.57,USD,bank_transfer,completed,13,5.0,False,9.51,rising_talent,18
TXN-1101131,2024-05-03,Graphic Design,US,ES,Designer,129.51,USD,credit_card,completed,5,2.9,False,25.9,rising_talent,18
TXN-1101110,2024-05-03,Virtual Assistant,BR,IL,HR Manager,912.88,GBP,paypal,completed,1,4.5,True,182.58,level_2,18
TXN-1101338,2024-05-03,Social Media Management,FR,US,Marketing Manager,274.71,USD,paypal,completed,4,4.7,True,54.94,level_2,18
TXN-1101095,2024-05-03,Data Analysis,SG,SG,Data Scientist,73.47,USD,paypal,completed,10,3.9,True,14.69,rising_talent,18
TXN-1101224,2024-05-03,Music Production,US,US,Designer,440.95,USD,credit_card,completed,10,4.3,False,88.19,level_2,18
TXN-1101059,2024-05-03,Music Production,AU,FR,Designer,333.69,USD,credit_card,completed,23,3.6,False,66.74,level_2,18
TXN-1101234,2024-05-03,Web Development,US,NL,Software Engineer,529.42,USD,credit_card,completed,11,3.9,False,105.88,rising_talent,18
TXN-1101065,2024-05-03,Web Development,US,IN,Software Engineer,138.03,GBP,credit_card,completed,18,4.3,False,27.61,level_1,18
TXN-1101236,2024-05-03,AI/ML Development,IN,US,Data Scientist,79.63,USD,crypto,completed,15,3.7,True,15.93,level_1,18
TXN-1101199,2024-05-03,Social Media Management,MX,US,Marketing Manager,283.43,USD,paypal,completed,6,3.0,False,56.69,rising_talent,18
TXN-1101242,2024-05-03,Social Media Management,US,DE,Marketing Manager,49.95,USD,credit_card,completed,6,3.3,True,9.99,rising_talent,18
TXN-1101194,2024-05-03,Music Production,DE,GB,Designer,146.64,INR,credit_card,completed,13,4.3,True,29.33,rising_talent,18
TXN-1101073,2024-05-03,Data Analysis,FR,MX,Data Scientist,15.06,USD,credit_card,completed,11,3.5,True,3.01,new_seller,18
TXN-1101247,2024-05-03,Web Development,BR,US,Software Engineer,1141.79,INR,paypal,completed,18,4.9,False,228.36,new_seller,18
TXN-1101248,2024-05-03,SEO/SEM,CA,IN,Marketing Manager,39.28,EUR,paypal,completed,7,3.8,True,7.86,level_2,18
TXN-1101250,2024-05-03,Video Production,DE,GB,Designer,28.47,USD,credit_card,completed,11,4.8,False,5.69,rising_talent,18
TXN-1101074,2024-05-03,Photography,US,CA,Designer,244.56,ILS,crypto,completed,6,4.5,True,48.91,new_seller,18
TXN-1101256,2024-05-03,Music Production,NL,DE,Designer,388.48,USD,crypto,completed,14,4.1,False,77.7,level_2,18
TXN-1101187,2024-05-03,AI/ML Development,FR,US,Data Scientist,200.75,USD,paypal,completed,26,3.9,False,40.15,level_1,18
TXN-1101113,2024-05-03,Virtual Assistant,JP,ES,HR Manager,163.41,USD,crypto,completed,1,4.5,True,32.68,new_seller,18
TXN-1101350,2024-05-03,Photography,GB,BR,Designer,916.13,USD,paypal,completed,1,5.0,False,183.23,level_1,18
TXN-1101168,2024-05-03,Virtual Assistant,US,US,HR Manager,460.99,USD,credit_card,completed,1,4.4,False,92.2,level_1,18
TXN-1101082,2024-05-03,Virtual Assistant,US,GB,HR Manager,20.36,USD,bank_transfer,completed,2,4.8,False,4.07,level_2,18
TXN-1101083,2024-05-03,Legal Consulting,BR,CA,Lawyer,160.92,USD,crypto,in_progress,14,,False,32.18,level_2,18
TXN-1101114,2024-05-03,AI/ML Development,CA,JP,Data Scientist,453.43,USD,paypal,completed,23,3.9,False,90.69,level_1,18
TXN-1101084,2024-05-03,SEO/SEM,FR,MX,Marketing Manager,808.63,USD,paypal,completed,5,4.4,False,161.73,top_rated,18
TXN-1101182,2024-05-03,Translation,US,GB,Writer,879.08,USD,paypal,completed,3,3.2,False,175.82,level_1,18
TXN-1101342,2024-05-03,Legal Consulting,IN,US,Lawyer,212.26,EUR,bank_transfer,completed,28,3.1,True,42.45,level_1,18
TXN-1101176,2024-05-03,Photography,US,IN,Designer,352.61,USD,credit_card,completed,3,5.0,False,70.52,level_1,18
TXN-1101340,2024-05-03,Data Analysis,US,US,Data Scientist,339.8,GBP,paypal,completed,5,2.9,False,67.96,level_2,18
TXN-1101335,2024-05-04,Legal Consulting,FR,IN,Lawyer,105.09,EUR,credit_card,completed,13,4.5,False,21.02,level_2,18
TXN-1101316,2024-05-04,Video Production,IN,US,Designer,42.38,USD,paypal,completed,8,4.4,True,8.48,new_seller,18
TXN-1101354,2024-05-04,Financial Modeling,ZA,US,Accountant,191.67,INR,credit_card,disputed,5,,False,38.33,level_2,18
TXN-1101346,2024-05-04,Mobile App,ES,IN,Software Engineer,336.66,USD,paypal,completed,19,4.0,False,67.33,new_seller,18
TXN-1101326,2024-05-04,Legal Consulting,US,IL,Lawyer,38.19,USD,credit_card,completed,16,3.9,False,7.64,rising_talent,18
TXN-1101081,2024-05-04,Web Development,US,US,Software Engineer,67.91,USD,paypal,completed,7,4.3,True,13.58,level_1,18
TXN-1101096,2024-05-04,Photography,US,US,Designer,34.09,USD,credit_card,completed,3,4.8,False,6.82,level_1,18
TXN-1101068,2024-05-04,Virtual Assistant,US,IN,HR Manager,791.86,USD,paypal,completed,1,4.1,True,158.37,level_1,18
TXN-1101343,2024-05-04,Data Analysis,MX,IN,Data Scientist,55.14,USD,credit_card,completed,9,4.5,False,11.03,level_2,18
TXN-1101225,2024-05-04,Translation,DE,US,Writer,45.06,USD,credit_card,completed,3,4.9,True,9.01,level_2,18
TXN-1101117,2024-05-04,Mobile App,IL,US,Software Engineer,212.98,USD,credit_card,completed,30,3.9,True,42.6,new_seller,18
TXN-1101180,2024-05-04,Music Production,IN,US,Designer,5.0,ILS,credit_card,completed,12,4.6,True,1.0,top_rated,18
TXN-1101263,2024-05-04,Financial Modeling,GB,CA,Accountant,31.11,USD,paypal,completed,10,4.9,False,6.22,level_2,18
TXN-1101264,2024-05-04,Translation,IN,US,Writer,37.19,USD,credit_card,completed,3,4.6,False,7.44,rising_talent,18
TXN-1101178,2024-05-04,Web Development,IN,ES,Software Engineer,312.64,USD,bank_transfer,completed,16,3.2,True,62.53,level_1,18
TXN-1101186,2024-05-04,AI/ML Development,MX,GB,Data Scientist,168.08,ILS,crypto,completed,9,3.8,True,33.62,new_seller,18
TXN-1101177,2024-05-04,Mobile App,CA,FR,Software Engineer,157.91,USD,bank_transfer,completed,30,4.0,False,31.58,rising_talent,18
TXN-1101192,2024-05-04,AI/ML Development,US,US,Data Scientist,607.43,USD,credit_card,completed,10,3.1,False,121.49,top_rated,18
TXN-1101269,2024-05-04,Translation,IN,DE,Writer,48.44,ILS,credit_card,completed,4,4.6,False,9.69,top_rated,18
TXN-1101271,2024-05-04,Video Production,JP,US,Designer,888.8,USD,credit_card,completed,7,4.0,True,177.76,top_rated,18
TXN-1101274,2024-05-04,Social Media Management,US,IN,Marketing Manager,79.72,USD,paypal,completed,5,2.8,False,15.94,level_2,18
TXN-1101275,2024-05-04,Translation,SG,US,Writer,199.17,USD,bank_transfer,completed,2,2.2,False,39.83,level_1,18
TXN-1101179,2024-05-04,Video Production,US,AU,Designer,247.09,USD,crypto,completed,6,3.0,False,49.42,level_2,18
TXN-1101151,2024-05-04,Video Production,IN,US,Designer,478.26,USD,crypto,completed,11,2.6,True,95.65,level_1,18
TXN-1101159,2024-05-04,Translation,IN,FR,Writer,296.0,GBP,credit_card,completed,1,3.9,False,59.2,level_1,18
TXN-1101239,2024-05-04,Music Production,IN,DE,Designer,71.18,USD,credit_card,completed,18,4.0,False,14.24,level_2,18
TXN-1101130,2024-05-04,Translation,IN,US,Writer,95.48,USD,paypal,completed,3,4.2,False,19.1,new_seller,18
TXN-1101238,2024-05-04,Mobile App,SG,US,Software Engineer,160.68,USD,credit_card,completed,18,3.8,False,32.14,new_seller,18
TXN-1101305,2024-05-04,Music Production,IL,US,Designer,48.12,USD,paypal,completed,18,4.2,False,9.62,level_2,18
TXN-1101306,2024-05-04,Content Writing,US,DE,Writer,291.63,USD,credit_card,completed,3,4.2,True,58.33,new_seller,18
TXN-1101307,2024-05-04,SEO/SEM,GB,IN,Marketing Manager,137.4,USD,paypal,completed,13,4.5,True,27.48,rising_talent,18
TXN-1101310,2024-05-04,Virtual Assistant,IN,US,HR Manager,342.59,USD,paypal,completed,2,4.0,False,68.52,top_rated,18
TXN-1101150,2024-05-04,Legal Consulting,US,FR,Lawyer,186.84,USD,credit_card,completed,11,2.6,False,37.37,level_1,18
TXN-1101207,2024-05-04,Content Writing,MX,IL,Writer,79.19,USD,credit_card,completed,2,3.7,False,15.84,level_2,18
TXN-1101359,2024-05-05,Video Production,IN,CA,Designer,154.99,USD,paypal,completed,7,4.6,False,31.0,level_1,18
TXN-1101312,2024-05-05,Web Development,GB,GB,Software Engineer,186.01,USD,credit_card,completed,14,4.0,False,37.2,new_seller,18
TXN-1101258,2024-05-05,Mobile App,US,US,Software Engineer,446.36,USD,credit_card,completed,15,4.5,True,89.27,level_1,18
TXN-1101366,2024-05-05,Web Development,IN,NL,Software Engineer,12.99,USD,credit_card,completed,20,4.0,False,2.6,rising_talent,18
TXN-1101362,2024-05-05,AI/ML Development,US,US,Data Scientist,325.88,USD,paypal,completed,13,4.7,True,65.18,level_2,18
TXN-1101201,2024-05-05,AI/ML Development,US,GB,Data Scientist,79.32,USD,credit_card,completed,14,4.0,False,15.86,rising_talent,18
TXN-1101189,2024-05-05,Virtual Assistant,GB,DE,HR Manager,133.39,USD,credit_card,completed,2,4.9,False,26.68,top_rated,18
TXN-1101200,2024-05-05,Photography,GB,BR,Designer,410.08,USD,credit_card,disputed,2,,False,82.02,level_1,18
TXN-1101077,2024-05-05,SEO/SEM,FR,JP,Marketing Manager,171.89,USD,paypal,completed,13,4.2,False,34.38,level_2,18
TXN-1101260,2024-05-05,Social Media Management,NL,MX,Marketing Manager,49.66,USD,credit_card,completed,7,4.6,False,9.93,level_1,18
TXN-1101244,2024-05-05,Translation,SG,FR,Writer,54.49,USD,credit_card,completed,3,4.9,True,10.9,top_rated,18
TXN-1101262,2024-05-05,Content Writing,IN,CA,Writer,41.18,USD,credit_card,completed,3,3.7,False,8.24,level_1,18
TXN-1101317,2024-05-05,Virtual Assistant,IN,BR,HR Manager,618.63,USD,credit_card,completed,1,4.2,False,123.73,level_1,18
TXN-1101349,2024-05-05,Virtual Assistant,US,IL,HR Manager,773.89,USD,credit_card,completed,1,2.8,False,154.78,top_rated,18
TXN-1101319,2024-05-05,Music Production,US,CA,Designer,266.64,USD,bank_transfer,completed,7,3.9,True,53.33,new_seller,18
TXN-1101320,2024-05-05,Mobile App,ZA,IN,Software Engineer,703.19,USD,paypal,completed,22,4.7,True,140.64,rising_talent,18
TXN-1101309,2024-05-05,AI/ML Development,IL,US,Data Scientist,65.24,USD,paypal,cancelled,13,,True,13.05,top_rated,18
TXN-1101308,2024-05-05,Video Production,SG,US,Designer,14.04,USD,credit_card,completed,10,4.1,False,2.81,level_1,18
TXN-1101299,2024-05-05,Content Writing,IN,US,Writer,272.79,USD,bank_transfer,completed,3,3.0,False,54.56,rising_talent,18
TXN-1101138,2024-05-05,Mobile App,DE,IN,Software Engineer,177.93,GBP,credit_card,completed,19,3.7,False,35.59,rising_talent,18
TXN-1101214,2024-05-05,Photography,IN,GB,Designer,155.57,EUR,credit_card,completed,5,3.2,False,31.11,level_1,18
TXN-1101334,2024-05-05,Legal Consulting,IN,US,Lawyer,311.15,USD,credit_card,completed,29,4.6,True,62.23,new_seller,18
TXN-1101345,2024-05-05,Graphic Design,GB,MX,Designer,683.06,USD,paypal,completed,5,3.7,False,136.61,rising_talent,18
TXN-1101339,2024-05-05,AI/ML Development,DE,US,Data Scientist,215.84,USD,credit_card,completed,30,3.7,True,43.17,top_rated,18
TXN-1101085,2024-05-05,Web Development,GB,US,Software Engineer,35.18,USD,paypal,completed,10,4.8,False,7.04,rising_talent,18
TXN-1101266,2024-05-05,Financial Modeling,IN,US,Accountant,698.72,USD,credit_card,completed,4,3.2,False,139.74,top_rated,18
TXN-1101278,2024-05-05,Data Analysis,US,US,Data Scientist,45.3,USD,paypal,completed,16,4.1,False,9.06,rising_talent,18
TXN-1101420,2024-05-06,Social Media Management,DE,BR,Marketing Manager,199.61,USD,paypal,completed,5,2.8,False,39.92,rising_talent,19
TXN-1101597,2024-05-06,Content Writing,IN,US,Writer,194.41,USD,credit_card,disputed,2,,False,38.88,level_1,19
TXN-1101418,2024-05-06,Graphic Design,MX,US,Designer,124.52,EUR,credit_card,completed,9,3.5,True,24.9,top_rated,19
TXN-1101596,2024-05-06,SEO/SEM,US,US,Marketing Manager,58.35,USD,paypal,completed,9,3.8,True,11.67,rising_talent,19
TXN-1101520,2024-05-06,Web Development,BR,JP,Software Engineer,115.27,USD,paypal,completed,11,4.6,False,23.05,level_1,19
TXN-1101414,2024-05-06,Legal Consulting,FR,IN,Lawyer,231.51,EUR,credit_card,completed,5,3.7,False,46.3,level_1,19
TXN-1101529,2024-05-06,Virtual Assistant,GB,US,HR Manager,85.89,USD,credit_card,completed,3,4.1,True,17.18,level_1,19
TXN-1101408,2024-05-06,Photography,US,GB,Designer,34.64,USD,bank_transfer,completed,5,3.0,False,6.93,rising_talent,19
TXN-1101532,2024-05-06,Translation,NL,CA,Writer,59.89,USD,credit_card,completed,3,4.5,False,11.98,new_seller,19
TXN-1101650,2024-05-06,Music Production,US,GB,Designer,164.85,GBP,credit_card,completed,15,4.3,False,32.97,level_1,19
TXN-1101533,2024-05-06,Music Production,ES,DE,Designer,259.46,USD,credit_card,completed,6,3.3,False,51.89,level_2,19
TXN-1101404,2024-05-06,Financial Modeling,IN,US,Accountant,670.4,USD,paypal,completed,14,4.0,False,134.08,level_2,19
TXN-1101402,2024-05-06,Content Writing,US,SG,Writer,61.99,INR,paypal,completed,7,4.6,True,12.4,level_2,19
TXN-1101521,2024-05-06,Mobile App,CA,IN,Software Engineer,132.44,USD,bank_transfer,completed,30,4.5,False,26.49,level_1,19
TXN-1101509,2024-05-06,SEO/SEM,ZA,FR,Marketing Manager,43.12,USD,paypal,completed,8,2.7,True,8.62,rising_talent,19
TXN-1101606,2024-05-06,Photography,NL,DE,Designer,414.06,USD,credit_card,completed,2,4.3,False,82.81,level_2,19
TXN-1101493,2024-05-06,Graphic Design,US,IN,Designer,26.76,USD,paypal,completed,118,4.7,False,5.35,level_1,19
TXN-1101401,2024-05-06,Translation,IN,FR,Writer,419.06,EUR,paypal,completed,1,4.3,True,83.81,top_rated,19
TXN-1101465,2024-05-06,AI/ML Development,AU,US,Data Scientist,492.96,USD,credit_card,completed,15,4.8,True,98.59,level_1,19
TXN-1101634,2024-05-06,Translation,US,ZA,Writer,2657.4,USD,credit_card,completed,4,4.5,False,531.48,level_1,19
TXN-1101443,2024-05-06,Virtual Assistant,ES,US,HR Manager,51.11,USD,crypto,completed,2,4.7,False,10.22,level_1,19
TXN-1101442,2024-05-06,Financial Modeling,US,FR,Accountant,23.59,USD,credit_card,completed,12,3.5,False,4.72,new_seller,19
TXN-1101622,2024-05-06,Data Analysis,AU,MX,Data Scientist,43.3,USD,credit_card,completed,7,4.1,False,8.66,rising_talent,19
TXN-1101501,2024-05-06,Graphic Design,GB,US,Designer,35.24,EUR,crypto,completed,5,4.3,True,7.05,level_1,19
TXN-1101439,2024-05-06,SEO/SEM,IN,AU,Marketing Manager,951.94,USD,credit_card,completed,13,4.2,False,190.39,rising_talent,19
TXN-1101437,2024-05-06,SEO/SEM,ES,FR,Marketing Manager,68.1,USD,paypal,completed,9,4.2,False,13.62,rising_talent,19
TXN-1101639,2024-05-06,Content Writing,US,IN,Writer,214.33,USD,credit_card,completed,3,4.1,False,42.87,rising_talent,19
TXN-1101640,2024-05-06,Graphic Design,GB,IN,Designer,185.65,USD,bank_transfer,completed,8,4.4,False,37.13,level_1,19
TXN-1101616,2024-05-06,Social Media Management,IL,US,Marketing Manager,54.97,USD,credit_card,completed,4,4.2,False,10.99,new_seller,19
TXN-1101614,2024-05-06,Translation,US,DE,Writer,193.38,USD,credit_card,completed,2,5.0,False,38.68,level_1,19
TXN-1101613,2024-05-06,Photography,US,SG,Designer,269.66,USD,credit_card,completed,2,4.5,False,53.93,level_1,19
TXN-1101619,2024-05-06,Translation,IL,IN,Writer,380.93,ILS,paypal,completed,3,2.9,False,76.19,level_1,19
TXN-1101477,2024-05-06,Music Production,DE,US,Designer,119.69,USD,paypal,completed,9,3.3,False,23.94,rising_talent,19
TXN-1101451,2024-05-06,Content Writing,US,MX,Writer,81.87,USD,paypal,completed,5,3.8,False,16.37,level_1,19
TXN-1101590,2024-05-06,Translation,AU,IN,Writer,581.66,ILS,credit_card,completed,2,2.8,False,116.33,rising_talent,19
TXN-1101562,2024-05-06,Virtual Assistant,NL,GB,HR Manager,53.33,EUR,crypto,completed,1,4.2,False,10.67,level_1,19
TXN-1101661,2024-05-06,Graphic Design,IN,FR,Designer,348.66,EUR,credit_card,completed,4,4.2,False,69.73,level_1,19
TXN-1101665,2024-05-06,Data Analysis,CA,IN,Data Scientist,102.81,USD,paypal,completed,13,3.9,True,20.56,level_2,19
TXN-1101579,2024-05-06,Legal Consulting,US,IN,Lawyer,134.04,USD,credit_card,completed,17,2.6,False,26.81,new_seller,19
TXN-1101371,2024-05-06,SEO/SEM,US,US,Marketing Manager,339.49,USD,bank_transfer,completed,5,4.4,True,67.9,new_seller,19
TXN-1101400,2024-05-06,Web Development,BR,IN,Software Engineer,398.29,EUR,credit_card,completed,15,1.0,False,79.66,new_seller,19
TXN-1101554,2024-05-06,Translation,NL,SG,Writer,262.71,USD,crypto,completed,2,4.6,True,52.54,level_2,19
TXN-1101367,2024-05-06,Mobile App,US,US,Software Engineer,145.3,USD,bank_transfer,completed,22,3.8,True,29.06,level_1,19
TXN-1101385,2024-05-06,SEO/SEM,US,IN,Marketing Manager,196.33,USD,paypal,completed,12,4.2,False,39.27,level_2,19
TXN-1101550,2024-05-06,Web Development,IN,IN,Software Engineer,89.45,USD,credit_card,cancelled,8,,True,17.89,level_1,19
TXN-1101563,2024-05-06,Graphic Design,US,BR,Designer,110.69,GBP,crypto,completed,8,4.4,False,22.14,top_rated,19
TXN-1101548,2024-05-06,Legal Consulting,US,DE,Lawyer,55.84,USD,bank_transfer,completed,8,3.1,False,11.17,new_seller,19
TXN-1101387,2024-05-06,AI/ML Development,ES,MX,Data Scientist,75.36,USD,paypal,completed,19,4.0,False,15.07,level_1,19
TXN-1101663,2024-05-06,Web Development,IN,CA,Software Engineer,109.1,USD,credit_card,completed,19,3.9,True,21.82,top_rated,19
TXN-1101397,2024-05-06,Data Analysis,US,IN,Data Scientist,1973.72,USD,credit_card,completed,4,4.3,False,394.74,level_1,19
TXN-1101632,2024-05-06,Legal Consulting,US,NL,Lawyer,87.24,USD,bank_transfer,completed,12,5.0,True,17.45,rising_talent,19
TXN-1101396,2024-05-06,Legal Consulting,IN,SG,Lawyer,5.0,USD,paypal,completed,5,2.7,True,1.0,level_1,19
TXN-1101391,2024-05-06,Legal Consulting,FR,DE,Lawyer,209.02,USD,credit_card,disputed,12,,False,41.8,level_1,19
TXN-1101536,2024-05-06,Graphic Design,IN,GB,Designer,380.47,USD,paypal,completed,4,2.4,True,76.09,rising_talent,19
TXN-1101392,2024-05-06,Virtual Assistant,US,US,HR Manager,26.31,USD,credit_card,completed,1,3.3,False,5.26,level_2,19
TXN-1101652,2024-05-06,SEO/SEM,ZA,ES,Marketing Manager,35.62,USD,bank_transfer,completed,6,4.1,True,7.12,new_seller,19
TXN-1101540,2024-05-06,Social Media Management,IN,US,Marketing Manager,144.37,GBP,bank_transfer,completed,7,3.9,False,28.87,rising_talent,19
TXN-1101539,2024-05-06,Data Analysis,US,IN,Data Scientist,29.91,EUR,credit_card,completed,6,3.7,False,5.98,level_1,19
TXN-1101577,2024-05-07,Graphic Design,AU,DE,Designer,48.66,USD,bank_transfer,cancelled,3,,True,9.73,new_seller,19
TXN-1101467,2024-05-07,Content Writing,US,MX,Writer,333.36,ILS,bank_transfer,completed,4,3.7,False,66.67,level_1,19
TXN-1101576,2024-05-07,Virtual Assistant,US,US,HR Manager,211.71,USD,credit_card,completed,3,2.8,False,42.34,level_1,19
TXN-1101575,2024-05-07,Music Production,CA,MX,Designer,33.83,USD,bank_transfer,completed,9,4.3,True,6.77,level_1,19
TXN-1101456,2024-05-07,Content Writing,GB,DE,Writer,23.47,USD,credit_card,completed,1,4.6,False,4.69,level_1,19
TXN-1101460,2024-05-07,Financial Modeling,NL,CA,Accountant,601.02,USD,paypal,completed,9,4.2,False,120.2,rising_talent,19
TXN-1101461,2024-05-07,AI/ML Development,AU,GB,Data Scientist,101.83,ILS,credit_card,completed,16,2.8,False,20.37,rising_talent,19
TXN-1101570,2024-05-07,Graphic Design,US,GB,Designer,5.0,USD,credit_card,completed,7,3.5,False,1.0,level_2,19
TXN-1101567,2024-05-07,Financial Modeling,IN,IL,Accountant,44.38,GBP,paypal,completed,9,3.9,False,8.88,level_2,19
TXN-1101470,2024-05-07,Content Writing,FR,US,Writer,13.84,USD,credit_card,completed,4,4.6,False,2.77,new_seller,19
TXN-1101497,2024-05-07,Social Media Management,FR,FR,Marketing Manager,73.8,USD,bank_transfer,completed,4,3.1,True,14.76,level_1,19
TXN-1101490,2024-05-07,Video Production,ES,US,Designer,153.01,USD,bank_transfer,completed,4,4.9,True,30.6,rising_talent,19
TXN-1101608,2024-05-07,Content Writing,AU,US,Writer,104.21,USD,paypal,completed,3,4.1,False,20.84,level_1,19
TXN-1101558,2024-05-07,Financial Modeling,FR,US,Accountant,148.16,USD,crypto,completed,4,4.4,False,29.63,level_2,19
TXN-1101556,2024-05-07,Mobile App,SG,DE,Software Engineer,26.73,USD,credit_card,completed,15,3.3,True,5.35,level_2,19
TXN-1101502,2024-05-07,Mobile App,US,GB,Software Engineer,195.66,GBP,crypto,completed,16,3.2,True,39.13,level_1,19
TXN-1101601,2024-05-07,Financial Modeling,DE,GB,Accountant,658.34,USD,bank_transfer,completed,5,4.9,True,131.67,top_rated,19
TXN-1101600,2024-05-07,Content Writing,MX,IN,Writer,88.55,USD,bank_transfer,completed,2,3.4,True,17.71,level_1,19
TXN-1101584,2024-05-07,Virtual Assistant,US,US,HR Manager,123.67,USD,bank_transfer,completed,1,4.5,False,24.73,rising_talent,19
TXN-1101546,2024-05-07,Mobile App,IN,GB,Software Engineer,179.59,EUR,bank_transfer,completed,30,4.2,False,35.92,level_2,19
TXN-1101524,2024-05-07,Music Production,US,US,Designer,117.26,USD,credit_card,completed,25,4.7,False,23.45,level_2,19
TXN-1101526,2024-05-07,SEO/SEM,US,US,Marketing Manager,325.45,USD,bank_transfer,completed,15,3.3,False,65.09,level_2,19
TXN-1101592,2024-05-07,Legal Consulting,US,US,Lawyer,91.92,USD,credit_card,completed,13,4.4,False,18.38,rising_talent,19
TXN-1101528,2024-05-07,Virtual Assistant,IN,BR,HR Manager,442.55,GBP,credit_card,cancelled,1,,True,88.51,rising_talent,19
TXN-1101534,2024-05-07,SEO/SEM,IN,FR,Marketing Manager,109.83,USD,paypal,completed,11,4.6,False,21.97,new_seller,19
TXN-1101565,2024-05-07,Web Development,IN,IN,Software Engineer,561.7,USD,paypal,completed,13,3.9,False,112.34,top_rated,19
TXN-1101553,2024-05-07,Music Production,BR,MX,Designer,135.83,USD,credit_card,completed,5,4.8,True,27.17,top_rated,19
TXN-1101399,2024-05-07,Legal Consulting,FR,US,Lawyer,106.96,USD,credit_card,completed,27,3.1,False,21.39,new_seller,19
TXN-1101574,2024-05-07,Music Production,IN,US,Designer,80.65,USD,paypal,completed,9,3.3,False,16.13,level_2,19
TXN-1101407,2024-05-07,Content Writing,US,IN,Writer,211.73,USD,credit_card,completed,2,3.7,False,42.35,rising_talent,19
TXN-1101419,2024-05-07,AI/ML Development,US,SG,Data Scientist,71.59,USD,paypal,completed,20,4.7,False,14.32,top_rated,19
TXN-1101653,2024-05-07,Translation,ES,SG,Writer,33.99,USD,credit_card,completed,2,2.0,False,6.8,top_rated,19
TXN-1101644,2024-05-07,Translation,CA,US,Writer,169.06,USD,credit_card,completed,4,2.7,False,33.81,level_1,19
TXN-1101643,2024-05-07,Virtual Assistant,MX,US,HR Manager,58.43,USD,paypal,completed,1,4.5,True,11.69,rising_talent,19
TXN-1101389,2024-05-07,Web Development,US,US,Software Engineer,24.56,USD,credit_card,completed,11,3.9,False,4.91,rising_talent,19
TXN-1101428,2024-05-07,Social Media Management,AU,IN,Marketing Manager,137.86,USD,crypto,completed,9,4.7,False,27.57,level_2,19
TXN-1101642,2024-05-07,Graphic Design,NL,IN,Designer,262.98,USD,credit_card,completed,3,3.9,False,52.6,rising_talent,19
TXN-1101388,2024-05-07,Social Media Management,US,DE,Marketing Manager,53.01,ILS,credit_card,completed,8,4.2,True,10.6,level_1,19
TXN-1101654,2024-05-07,Social Media Management,FR,IN,Marketing Manager,515.89,USD,paypal,completed,6,3.7,False,103.18,rising_talent,19
TXN-1101657,2024-05-07,Financial Modeling,GB,GB,Accountant,50.22,USD,credit_card,completed,11,3.9,False,10.04,top_rated,19
TXN-1101434,2024-05-07,Content Writing,US,IN,Writer,146.02,GBP,credit_card,cancelled,3,,False,29.2,rising_talent,19
TXN-1101660,2024-05-07,SEO/SEM,US,GB,Marketing Manager,206.34,USD,paypal,completed,13,4.1,False,41.27,level_1,19
TXN-1101440,2024-05-07,Mobile App,GB,BR,Software Engineer,1509.24,USD,paypal,completed,21,4.4,False,301.85,top_rated,19
TXN-1101648,2024-05-07,Graphic Design,FR,FR,Designer,94.35,USD,paypal,completed,4,4.4,True,18.87,level_1,19
TXN-1101376,2024-05-07,Music Production,DE,GB,Designer,71.55,USD,paypal,completed,23,4.2,False,14.31,level_2,19
TXN-1101670,2024-05-07,Video Production,IL,US,Designer,290.08,ILS,credit_card,completed,16,4.2,True,58.02,level_1,19
TXN-1101572,2024-05-07,Web Development,US,DE,Software Engineer,147.83,USD,credit_card,completed,7,3.7,True,29.57,level_1,19
TXN-1101370,2024-05-07,Music Production,US,GB,Designer,266.8,EUR,credit_card,completed,5,4.3,True,53.36,level_2,19
TXN-1101636,2024-05-07,Graphic Design,IN,DE,Designer,213.59,USD,paypal,completed,7,4.9,False,42.72,level_1,19
TXN-1101668,2024-05-07,AI/ML Development,BR,US,Data Scientist,730.16,USD,credit_card,completed,15,3.5,False,146.03,level_2,19
TXN-1101441,2024-05-07,Photography,US,IN,Designer,94.15,EUR,credit_card,completed,4,2.9,False,18.83,new_seller,19
TXN-1101469,2024-05-08,Financial Modeling,US,IN,Accountant,24.14,USD,paypal,completed,8,4.1,False,4.83,rising_talent,19
TXN-1101603,2024-05-08,Translation,SG,GB,Writer,450.19,USD,credit_card,completed,6,3.3,False,90.04,rising_talent,19
TXN-1101588,2024-05-08,Social Media Management,IN,US,Marketing Manager,127.6,EUR,paypal,completed,8,4.3,False,25.52,top_rated,19
TXN-1101457,2024-05-08,Translation,IL,US,Writer,50.24,USD,bank_transfer,completed,6,4.3,False,10.05,level_1,19
TXN-1101503,2024-05-08,Financial Modeling,US,FR,Accountant,244.88,EUR,bank_transfer,completed,30,4.4,False,48.98,level_1,19
TXN-1101390,2024-05-08,Video Production,GB,IN,Designer,2846.07,ILS,paypal,completed,9,3.6,False,569.21,rising_talent,19
TXN-1101423,2024-05-08,Photography,JP,IL,Designer,335.34,USD,paypal,completed,4,4.6,True,67.07,rising_talent,19
TXN-1101538,2024-05-08,Mobile App,GB,NL,Software Engineer,443.06,USD,credit_card,completed,20,4.9,False,88.61,level_1,19
TXN-1101395,2024-05-08,Video Production,BR,US,Designer,19.82,USD,credit_card,completed,7,4.4,False,3.96,level_2,19
TXN-1101512,2024-05-08,Virtual Assistant,GB,IN,HR Manager,385.64,USD,paypal,completed,1,4.2,True,77.13,rising_talent,19
TXN-1101421,2024-05-08,Financial Modeling,DE,US,Accountant,141.67,USD,paypal,completed,11,4.5,False,28.33,level_1,19
TXN-1101598,2024-05-08,Music Production,ZA,NL,Designer,25.66,USD,bank_transfer,completed,12,2.6,True,5.13,level_1,19
TXN-1101571,2024-05-08,AI/ML Development,CA,SG,Data Scientist,93.99,USD,bank_transfer,completed,22,3.3,True,18.8,level_2,19
TXN-1101454,2024-05-08,Web Development,IN,MX,Software Engineer,185.59,USD,crypto,completed,21,4.9,False,37.12,level_2,19
TXN-1101647,2024-05-08,Video Production,US,GB,Designer,235.37,USD,credit_card,completed,6,3.3,False,47.07,rising_talent,19
TXN-1101594,2024-05-08,Social Media Management,MX,US,Marketing Manager,49.67,GBP,paypal,completed,5,2.6,False,9.93,level_1,19
TXN-1101672,2024-05-08,Data Analysis,IL,CA,Data Scientist,29.65,USD,paypal,completed,6,3.6,False,5.93,level_2,19
TXN-1101525,2024-05-08,Web Development,JP,IN,Software Engineer,12.95,USD,credit_card,completed,13,4.6,False,2.59,level_1,19
TXN-1101448,2024-05-08,Data Analysis,GB,IN,Data Scientist,811.52,USD,credit_card,completed,6,4.6,False,162.3,level_1,19
TXN-1101426,2024-05-08,Mobile App,US,GB,Software Engineer,204.81,EUR,credit_card,completed,23,4.2,False,40.96,top_rated,19
TXN-1101586,2024-05-08,AI/ML Development,IN,IN,Data Scientist,44.33,USD,credit_card,completed,18,4.2,True,8.87,new_seller,19
TXN-1101587,2024-05-08,Content Writing,ES,SG,Writer,233.22,USD,paypal,completed,4,4.1,True,46.64,rising_talent,19
TXN-1101433,2024-05-08,Legal Consulting,NL,CA,Lawyer,172.35,USD,credit_card,completed,18,4.6,False,34.47,level_2,19
TXN-1101559,2024-05-08,Web Development,GB,US,Software Engineer,219.63,ILS,crypto,completed,13,4.6,True,43.93,level_1,19
TXN-1101496,2024-05-08,Translation,SG,BR,Writer,411.31,USD,credit_card,completed,2,4.7,False,82.26,rising_talent,19
TXN-1101432,2024-05-08,Graphic Design,DE,DE,Designer,59.12,USD,credit_card,completed,6,2.5,False,11.82,level_2,19
TXN-1101583,2024-05-08,AI/ML Development,DE,US,Data Scientist,226.36,USD,paypal,completed,20,2.9,False,45.27,rising_talent,19
TXN-1101664,2024-05-08,Video Production,IN,IN,Designer,39.48,USD,bank_transfer,completed,16,4.6,True,7.9,rising_talent,19
TXN-1101551,2024-05-08,Web Development,US,GB,Software Engineer,676.7,USD,credit_card,completed,16,4.2,False,135.34,level_1,19
TXN-1101620,2024-05-08,Social Media Management,US,IN,Marketing Manager,201.22,USD,bank_transfer,cancelled,3,,False,40.24,new_seller,19
TXN-1101580,2024-05-08,Virtual Assistant,JP,IN,HR Manager,683.85,USD,paypal,completed,3,4.2,True,136.77,new_seller,19
TXN-1101611,2024-05-08,Video Production,JP,DE,Designer,3575.64,GBP,credit_card,completed,6,4.9,False,715.13,rising_talent,19
TXN-1101610,2024-05-08,Data Analysis,US,BR,Data Scientist,322.9,USD,crypto,completed,5,4.3,True,64.58,level_1,19
TXN-1101412,2024-05-08,AI/ML Development,IN,CA,Data Scientist,550.14,USD,credit_card,completed,17,4.4,True,110.03,level_2,19
TXN-1101607,2024-05-08,Social Media Management,BR,IN,Marketing Manager,138.63,USD,credit_card,completed,5,4.1,False,27.73,level_1,19
TXN-1101447,2024-05-08,Translation,BR,AU,Writer,33.0,ILS,credit_card,completed,3,4.3,False,6.6,top_rated,19
TXN-1101649,2024-05-09,Graphic Design,IN,FR,Designer,162.38,EUR,paypal,completed,8,2.8,False,32.48,level_1,19
TXN-1101530,2024-05-09,Graphic Design,IN,IL,Designer,163.38,EUR,bank_transfer,completed,2,3.9,False,32.68,rising_talent,19
TXN-1101662,2024-05-09,Music Production,MX,US,Designer,294.44,EUR,crypto,completed,5,4.1,False,58.89,new_seller,19
TXN-1101379,2024-05-09,Virtual Assistant,FR,ES,HR Manager,102.67,USD,credit_card,completed,2,3.1,True,20.53,level_2,19
TXN-1101405,2024-05-09,Photography,US,US,Designer,504.05,USD,paypal,completed,5,4.6,False,100.81,rising_talent,19
TXN-1101381,2024-05-09,Financial Modeling,AU,US,Accountant,131.22,USD,credit_card,completed,9,4.8,False,26.24,level_2,19
TXN-1101578,2024-05-09,Web Development,DE,US,Software Engineer,34.88,EUR,credit_card,completed,13,4.3,True,6.98,top_rated,19
TXN-1101581,2024-05-09,Translation,US,FR,Writer,756.94,USD,bank_transfer,cancelled,2,,False,151.39,rising_talent,19
TXN-1101398,2024-05-09,Data Analysis,US,US,Data Scientist,315.66,GBP,credit_card,completed,3,4.1,False,63.13,top_rated,19
TXN-1101537,2024-05-09,Video Production,DE,NL,Designer,477.06,USD,bank_transfer,completed,10,4.9,True,95.41,top_rated,19
TXN-1101585,2024-05-09,Data Analysis,US,US,Data Scientist,69.49,USD,credit_card,completed,10,3.7,True,13.9,new_seller,19
TXN-1101541,2024-05-09,Mobile App,IN,US,Software Engineer,18.51,USD,bank_transfer,cancelled,24,,False,3.7,rising_talent,19
TXN-1101589,2024-05-09,SEO/SEM,IN,US,Marketing Manager,198.18,USD,credit_card,completed,19,4.2,True,39.64,top_rated,19
TXN-1101368,2024-05-09,AI/ML Development,JP,GB,Data Scientist,126.07,GBP,paypal,completed,20,4.5,False,25.21,level_1,19
TXN-1101651,2024-05-09,Photography,FR,IN,Designer,47.72,USD,paypal,completed,8,4.7,False,9.54,level_2,19
TXN-1101544,2024-05-09,Financial Modeling,NL,FR,Accountant,760.76,GBP,credit_card,completed,9,3.1,False,152.15,level_1,19
TXN-1101453,2024-05-09,Music Production,GB,IN,Designer,319.15,INR,credit_card,completed,18,4.3,True,63.83,rising_talent,19
TXN-1101593,2024-05-09,Mobile App,IN,SG,Software Engineer,633.98,USD,credit_card,completed,14,4.2,True,126.8,level_1,19
TXN-1101486,2024-05-09,Mobile App,DE,IL,Software Engineer,2453.69,USD,paypal,completed,26,4.5,False,490.74,level_1,19
TXN-1101413,2024-05-09,Data Analysis,DE,GB,Data Scientist,94.74,GBP,bank_transfer,completed,10,3.9,True,18.95,level_1,19
TXN-1101483,2024-05-09,SEO/SEM,IN,DE,Marketing Manager,63.18,USD,credit_card,completed,12,4.4,True,12.64,new_seller,19
TXN-1101615,2024-05-09,Video Production,US,DE,Designer,1159.11,USD,credit_card,completed,6,4.5,False,231.82,top_rated,19
TXN-1101478,2024-05-09,Legal Consulting,IL,US,Lawyer,34.43,EUR,credit_card,completed,7,3.7,True,6.89,rising_talent,19
TXN-1101438,2024-05-09,Content Writing,IN,IN,Writer,46.25,EUR,credit_card,completed,6,4.9,True,9.25,new_seller,19
TXN-1101489,2024-05-09,Graphic Design,MX,US,Designer,156.62,GBP,crypto,completed,6,1.0,True,31.32,level_1,19
TXN-1101474,2024-05-09,Social Media Management,SG,US,Marketing Manager,96.23,USD,paypal,completed,8,4.7,False,19.25,rising_talent,19
TXN-1101472,2024-05-09,Legal Consulting,DE,BR,Lawyer,60.31,EUR,bank_transfer,completed,17,4.1,False,12.06,level_1,19
TXN-1101471,2024-05-09,Content Writing,US,GB,Writer,51.77,USD,credit_card,completed,4,3.0,False,10.35,level_2,19
TXN-1101464,2024-05-09,Legal Consulting,US,FR,Lawyer,221.04,USD,bank_transfer,cancelled,11,,True,44.21,level_1,19
TXN-1101624,2024-05-09,Social Media Management,FR,SG,Marketing Manager,500.01,USD,credit_card,completed,11,4.6,True,100.0,top_rated,19
TXN-1101458,2024-05-09,Content Writing,US,IL,Writer,7.06,INR,bank_transfer,completed,3,3.7,False,1.41,level_2,19
TXN-1101455,2024-05-09,Music Production,SG,IL,Designer,221.61,USD,crypto,completed,12,4.7,False,44.32,level_1,19
TXN-1101621,2024-05-09,Content Writing,CA,DE,Writer,233.53,USD,credit_card,completed,6,3.6,False,46.71,level_2,19
TXN-1101430,2024-05-09,Translation,JP,US,Writer,92.42,USD,paypal,completed,2,4.7,False,18.48,top_rated,19
TXN-1101484,2024-05-09,Music Production,ES,US,Designer,51.1,USD,credit_card,completed,7,4.0,True,10.22,level_1,19
TXN-1101427,2024-05-09,Video Production,IN,SG,Designer,28.58,USD,credit_card,completed,8,2.9,False,5.72,level_2,19
TXN-1101415,2024-05-09,Mobile App,FR,GB,Software Engineer,259.78,USD,paypal,completed,7,2.7,False,51.96,top_rated,19
TXN-1101595,2024-05-09,AI/ML Development,GB,ES,Data Scientist,41.27,USD,credit_card,completed,12,2.0,True,8.25,top_rated,19
TXN-1101518,2024-05-09,Graphic Design,AU,US,Designer,23.53,USD,bank_transfer,completed,2,3.1,True,4.71,level_2,19
TXN-1101494,2024-05-09,SEO/SEM,BR,US,Marketing Manager,156.47,USD,bank_transfer,completed,5,2.6,True,31.29,level_1,19
TXN-1101510,2024-05-09,Social Media Management,FR,IN,Marketing Manager,451.75,USD,credit_card,completed,4,4.4,False,90.35,new_seller,19
TXN-1101645,2024-05-09,Translation,IL,FR,Writer,501.21,USD,paypal,completed,1,2.0,True,100.24,rising_talent,19
TXN-1101508,2024-05-09,SEO/SEM,FR,US,Marketing Manager,101.98,USD,credit_card,completed,13,3.7,True,20.4,level_2,19
TXN-1101506,2024-05-09,SEO/SEM,CA,US,Marketing Manager,164.66,USD,bank_transfer,completed,13,4.5,False,32.93,rising_talent,19
TXN-1101511,2024-05-09,Music Production,US,US,Designer,85.69,USD,credit_card,completed,15,4.5,False,17.14,level_2,19
TXN-1101513,2024-05-09,Web Development,SG,SG,Software Engineer,55.79,USD,credit_card,completed,12,4.4,False,11.16,top_rated,19
TXN-1101602,2024-05-09,Mobile App,ZA,IN,Software Engineer,142.14,GBP,credit_card,completed,30,4.3,True,28.43,top_rated,19
TXN-1101498,2024-05-09,Mobile App,IL,GB,Software Engineer,211.04,USD,bank_transfer,completed,15,4.6,False,42.21,top_rated,19
TXN-1101504,2024-05-09,Virtual Assistant,GB,FR,HR Manager,81.42,USD,credit_card,in_progress,1,,True,16.28,rising_talent,19
TXN-1101500,2024-05-09,Translation,US,IN,Writer,107.25,GBP,paypal,completed,2,4.7,True,21.45,level_1,19
TXN-1101591,2024-05-10,Graphic Design,US,US,Designer,414.72,USD,credit_card,completed,6,3.8,True,82.94,level_2,19
TXN-1101627,2024-05-10,Financial Modeling,AU,IN,Accountant,1584.54,USD,credit_card,completed,6,4.4,True,316.91,level_2,19
TXN-1101635,2024-05-10,Translation,MX,IN,Writer,80.58,USD,paypal,completed,3,3.4,False,16.12,level_1,19
TXN-1101626,2024-05-10,SEO/SEM,US,IN,Marketing Manager,601.92,GBP,paypal,completed,9,4.8,False,120.38,new_seller,19
TXN-1101659,2024-05-10,Virtual Assistant,DE,IN,HR Manager,475.77,USD,credit_card,completed,2,2.9,False,95.15,level_2,19
TXN-1101623,2024-05-10,Video Production,IN,DE,Designer,756.0,INR,credit_card,completed,4,4.3,True,151.2,level_2,19
TXN-1101637,2024-05-10,Web Development,SG,US,Software Engineer,467.22,USD,credit_card,completed,19,4.9,False,93.44,level_1,19
TXN-1101646,2024-05-10,Translation,FR,GB,Writer,189.49,USD,credit_card,completed,2,3.9,False,37.9,level_2,19
TXN-1101631,2024-05-10,Social Media Management,BR,IN,Marketing Manager,2077.96,USD,credit_card,completed,3,3.8,False,415.59,level_1,19
TXN-1101656,2024-05-10,Legal Consulting,ZA,ES,Lawyer,212.1,USD,credit_card,completed,5,4.4,False,42.42,top_rated,19
TXN-1101641,2024-05-10,Web Development,DE,US,Software Engineer,641.1,USD,paypal,completed,29,4.7,False,128.22,rising_talent,19
TXN-1101612,2024-05-10,Photography,BR,IN,Designer,1381.38,USD,credit_card,disputed,5,,True,276.28,rising_talent,19
TXN-1101409,2024-05-10,Data Analysis,ZA,AU,Data Scientist,30.91,USD,paypal,completed,12,4.2,False,6.18,level_2,19
TXN-1101403,2024-05-10,Photography,US,CA,Designer,144.33,EUR,credit_card,completed,3,4.8,True,28.87,level_2,19
TXN-1101516,2024-05-10,Translation,IN,BR,Writer,351.98,USD,credit_card,completed,1,4.9,False,70.4,new_seller,19
TXN-1101445,2024-05-10,Music Production,ZA,IL,Designer,384.84,USD,credit_card,completed,15,4.6,True,76.97,level_2,19
TXN-1101514,2024-05-10,AI/ML Development,DE,IN,Data Scientist,455.17,USD,credit_card,completed,23,4.5,False,91.03,level_1,19
TXN-1101507,2024-05-10,Web Development,IL,MX,Software Engineer,893.15,USD,credit_card,completed,10,4.4,False,178.63,level_1,19
TXN-1101446,2024-05-10,Virtual Assistant,FR,US,HR Manager,33.88,USD,paypal,completed,1,4.0,True,6.78,new_seller,19
TXN-1101499,2024-05-10,Content Writing,FR,CA,Writer,113.02,USD,bank_transfer,completed,4,5.0,False,22.6,top_rated,19
TXN-1101449,2024-05-10,Virtual Assistant,US,US,HR Manager,52.89,USD,credit_card,completed,3,4.5,False,10.58,level_2,19
TXN-1101444,2024-05-10,Financial Modeling,FR,IL,Accountant,47.86,USD,paypal,completed,11,3.7,True,9.57,new_seller,19
TXN-1101450,2024-05-10,Virtual Assistant,FR,IN,HR Manager,495.37,USD,crypto,completed,2,4.3,False,99.07,level_1,19
TXN-1101452,2024-05-10,Music Production,US,NL,Designer,81.51,USD,paypal,completed,9,4.2,True,16.3,rising_talent,19
TXN-1101487,2024-05-10,Virtual Assistant,IN,FR,HR Manager,412.29,EUR,paypal,cancelled,2,,True,82.46,level_2,19
TXN-1101383,2024-05-10,Translation,JP,GB,Writer,569.17,USD,credit_card,completed,1,4.3,False,113.83,level_1,19
TXN-1101406,2024-05-10,Legal Consulting,IL,US,Lawyer,148.12,EUR,paypal,completed,9,4.5,False,29.62,level_2,19
TXN-1101480,2024-05-10,Virtual Assistant,MX,US,HR Manager,942.48,USD,bank_transfer,completed,1,4.7,False,188.5,level_1,19
TXN-1101375,2024-05-10,Data Analysis,FR,US,Data Scientist,372.26,USD,credit_card,completed,4,3.5,True,74.45,level_1,19
TXN-1101377,2024-05-10,Financial Modeling,CA,ES,Accountant,3668.11,EUR,credit_card,completed,11,3.9,False,733.62,rising_talent,19
TXN-1101492,2024-05-10,AI/ML Development,GB,US,Data Scientist,21.72,USD,credit_card,completed,14,4.1,True,4.34,rising_talent,19
TXN-1101436,2024-05-10,Web Development,US,CA,Software Engineer,147.13,USD,bank_transfer,completed,25,4.1,False,29.43,level_2,19
TXN-1101515,2024-05-10,Video Production,BR,US,Designer,22.23,GBP,paypal,completed,7,4.2,True,4.45,new_seller,19
TXN-1101394,2024-05-10,Photography,DE,MX,Designer,69.02,USD,paypal,completed,2,4.0,False,13.8,new_seller,19
TXN-1101568,2024-05-10,Virtual Assistant,IN,IN,HR Manager,258.06,USD,paypal,completed,2,3.9,False,51.61,level_1,19
TXN-1101566,2024-05-10,Virtual Assistant,AU,CA,HR Manager,197.16,USD,credit_card,completed,3,4.5,False,39.43,new_seller,19
TXN-1101564,2024-05-10,AI/ML Development,BR,US,Data Scientist,791.67,USD,crypto,completed,19,4.2,True,158.33,level_2,19
TXN-1101410,2024-05-10,Content Writing,IL,IN,Writer,213.3,EUR,bank_transfer,completed,4,4.5,False,42.66,level_1,19
TXN-1101557,2024-05-10,Social Media Management,IN,AU,Marketing Manager,243.28,USD,credit_card,completed,10,4.4,False,48.66,rising_talent,19
TXN-1101393,2024-05-10,Content Writing,US,GB,Writer,167.53,GBP,credit_card,completed,5,3.7,False,33.51,level_1,19
TXN-1101552,2024-05-10,Virtual Assistant,US,IN,HR Manager,275.58,USD,bank_transfer,completed,1,4.0,True,55.12,top_rated,19
TXN-1101549,2024-05-10,Web Development,AU,IN,Software Engineer,2037.43,ILS,credit_card,completed,8,3.9,True,407.49,top_rated,19
TXN-1101473,2024-05-10,Photography,US,FR,Designer,41.91,USD,credit_card,completed,3,4.8,False,8.38,level_2,19
TXN-1101424,2024-05-10,Content Writing,US,US,Writer,115.21,USD,credit_card,completed,2,4.4,False,23.04,level_1,19
TXN-1101527,2024-05-10,Legal Consulting,IN,US,Lawyer,135.7,USD,credit_card,completed,16,4.1,False,27.14,level_2,19
TXN-1101531,2024-05-10,Photography,US,CA,Designer,21.99,USD,paypal,completed,3,4.4,False,4.4,level_2,19
TXN-1101547,2024-05-10,Mobile App,BR,ZA,Software Engineer,21.81,USD,bank_transfer,completed,20,3.8,False,4.36,new_seller,19
TXN-1101633,2024-05-11,Social Media Management,MX,FR,Marketing Manager,1051.71,USD,credit_card,completed,5,4.6,False,210.34,top_rated,19
TXN-1101466,2024-05-11,Financial Modeling,IN,US,Accountant,227.68,USD,credit_card,completed,18,3.0,False,45.54,new_seller,19
TXN-1101462,2024-05-11,Web Development,US,FR,Software Engineer,299.32,USD,credit_card,completed,9,4.1,False,59.86,level_1,19
TXN-1101380,2024-05-11,Social Media Management,GB,US,Marketing Manager,1554.41,USD,paypal,completed,11,4.0,False,310.88,level_2,19
TXN-1101459,2024-05-11,Graphic Design,GB,GB,Designer,651.16,EUR,credit_card,completed,5,4.2,True,130.23,new_seller,19
TXN-1101655,2024-05-11,Social Media Management,US,US,Marketing Manager,515.32,USD,bank_transfer,completed,6,4.2,True,103.06,rising_talent,19
TXN-1101425,2024-05-11,Data Analysis,US,US,Data Scientist,234.89,EUR,credit_card,completed,9,4.1,True,46.98,level_2,19
TXN-1101629,2024-05-11,Social Media Management,CA,US,Marketing Manager,112.37,USD,credit_card,completed,10,4.2,True,22.47,level_1,19
TXN-1101630,2024-05-11,Photography,BR,BR,Designer,469.3,USD,paypal,in_progress,2,,True,93.86,level_1,19
TXN-1101431,2024-05-11,Music Production,US,AU,Designer,413.01,USD,paypal,completed,10,4.6,False,82.6,level_2,19
TXN-1101422,2024-05-11,Web Development,US,MX,Software Engineer,357.89,GBP,paypal,completed,16,3.9,True,71.58,new_seller,19
TXN-1101411,2024-05-11,Music Production,US,BR,Designer,275.15,USD,credit_card,cancelled,13,,False,55.03,top_rated,19
TXN-1101638,2024-05-11,Financial Modeling,DE,GB,Accountant,143.5,USD,crypto,completed,19,3.8,True,28.7,rising_talent,19
TXN-1101482,2024-05-11,Translation,US,IN,Writer,49.61,USD,paypal,completed,1,4.0,False,9.92,level_2,19
TXN-1101517,2024-05-11,Content Writing,US,US,Writer,143.34,GBP,paypal,completed,3,3.9,True,28.67,level_2,19
TXN-1101671,2024-05-11,Web Development,FR,US,Software Engineer,44.56,USD,credit_card,completed,21,4.5,True,8.91,level_2,19
TXN-1101543,2024-05-11,Video Production,GB,US,Designer,130.58,USD,credit_card,completed,5,4.5,False,26.12,level_2,19
TXN-1101369,2024-05-11,Video Production,FR,US,Designer,14.52,USD,credit_card,completed,13,3.2,False,2.9,rising_talent,19
TXN-1101519,2024-05-11,Financial Modeling,IN,IN,Accountant,488.05,USD,bank_transfer,completed,13,4.3,True,97.61,new_seller,19
TXN-1101475,2024-05-11,Music Production,SG,BR,Designer,514.83,USD,credit_card,completed,11,4.3,False,102.97,level_1,19
TXN-1101669,2024-05-11,Video Production,FR,GB,Designer,201.83,USD,crypto,completed,5,3.8,True,40.37,level_2,19
TXN-1101505,2024-05-11,Content Writing,MX,US,Writer,322.79,USD,bank_transfer,completed,1,4.0,False,64.56,top_rated,19
TXN-1101545,2024-05-11,Web Development,ZA,US,Software Engineer,98.28,USD,crypto,completed,26,4.1,False,19.66,rising_talent,19
TXN-1101535,2024-05-11,Virtual Assistant,MX,NL,HR Manager,450.61,USD,paypal,in_progress,1,,True,90.12,level_2,19
TXN-1101605,2024-05-11,Music Production,AU,US,Designer,127.06,USD,paypal,completed,7,4.5,False,25.41,level_2,19
TXN-1101491,2024-05-11,AI/ML Development,US,DE,Data Scientist,223.64,USD,credit_card,completed,11,3.6,False,44.73,level_1,19
TXN-1101666,2024-05-11,Data Analysis,SG,BR,Data Scientist,348.48,GBP,credit_card,completed,10,5.0,False,69.7,top_rated,19
TXN-1101488,2024-05-11,Virtual Assistant,US,US,HR Manager,10.46,USD,credit_card,completed,2,4.4,False,2.09,level_2,19
TXN-1101582,2024-05-11,Legal Consulting,IN,US,Lawyer,93.29,USD,credit_card,completed,18,2.9,True,18.66,level_1,19
TXN-1101374,2024-05-11,AI/ML Development,US,IN,Data Scientist,37.89,USD,credit_card,completed,12,4.7,True,7.58,level_2,19
TXN-1101618,2024-05-11,Music Production,GB,IN,Designer,28.73,USD,paypal,completed,10,4.8,False,5.75,level_2,19
TXN-1101561,2024-05-11,Virtual Assistant,IN,US,HR Manager,1079.25,USD,credit_card,completed,2,4.5,False,215.85,rising_talent,19
TXN-1101555,2024-05-11,Photography,BR,CA,Designer,45.49,USD,paypal,completed,5,4.2,True,9.1,level_2,19
TXN-1101542,2024-05-11,Financial Modeling,US,NL,Accountant,529.49,USD,crypto,completed,6,3.5,False,105.9,level_1,19
TXN-1101573,2024-05-12,Photography,ES,US,Designer,80.45,USD,credit_card,completed,3,3.6,False,16.09,level_2,19
TXN-1101378,2024-05-12,Photography,GB,SG,Designer,85.57,USD,bank_transfer,completed,7,4.8,False,17.11,level_1,19
TXN-1101372,2024-05-12,SEO/SEM,ZA,JP,Marketing Manager,71.23,USD,credit_card,completed,4,4.1,False,14.25,level_1,19
TXN-1101667,2024-05-12,SEO/SEM,GB,GB,Marketing Manager,83.24,USD,credit_card,completed,9,4.4,True,16.65,level_2,19
TXN-1101373,2024-05-12,Translation,IL,US,Writer,140.76,EUR,credit_card,completed,5,4.2,True,28.15,level_1,19
TXN-1101658,2024-05-12,Translation,US,MX,Writer,1000.29,USD,credit_card,completed,2,4.2,False,200.06,level_2,19
TXN-1101382,2024-05-12,Mobile App,IN,US,Software Engineer,20.5,INR,credit_card,completed,14,4.7,False,4.1,level_2,19
TXN-1101384,2024-05-12,Financial Modeling,IN,IN,Accountant,75.01,USD,paypal,completed,16,3.5,False,15.0,level_2,19
TXN-1101569,2024-05-12,Web Development,DE,US,Software Engineer,389.21,USD,credit_card,completed,13,3.9,True,77.84,top_rated,19
TXN-1101386,2024-05-12,Virtual Assistant,ES,US,HR Manager,72.59,USD,bank_transfer,completed,1,2.2,False,14.52,new_seller,19
TXN-1101417,2024-05-12,SEO/SEM,IN,FR,Marketing Manager,180.41,ILS,bank_transfer,completed,21,3.7,False,36.08,level_2,19
TXN-1101416,2024-05-12,Mobile App,IL,BR,Software Engineer,143.38,USD,crypto,completed,19,4.5,True,28.68,rising_talent,19
TXN-1101560,2024-05-12,Financial Modeling,DE,US,Accountant,256.93,GBP,credit_card,completed,14,4.8,False,51.39,top_rated,19
TXN-1101523,2024-05-12,Graphic Design,US,SG,Designer,306.72,EUR,crypto,completed,7,3.7,False,61.34,rising_talent,19
TXN-1101522,2024-05-12,Social Media Management,US,BR,Marketing Manager,66.69,USD,paypal,completed,9,4.5,True,13.34,level_1,19
TXN-1101604,2024-05-12,Translation,US,JP,Writer,138.98,USD,credit_card,completed,1,4.1,True,27.8,top_rated,19
TXN-1101495,2024-05-12,Social Media Management,FR,IL,Marketing Manager,415.85,USD,credit_card,completed,11,3.4,True,83.17,top_rated,19
TXN-1101609,2024-05-12,Web Development,US,US,Software Engineer,28.7,USD,paypal,completed,16,4.7,False,5.74,rising_talent,19
TXN-1101485,2024-05-12,Data Analysis,US,IN,Data Scientist,217.49,USD,credit_card,completed,2,4.0,False,43.5,level_2,19
TXN-1101481,2024-05-12,Video Production,AU,IN,Designer,581.34,USD,credit_card,completed,10,4.8,True,116.27,rising_talent,19
TXN-1101599,2024-05-12,Graphic Design,NL,GB,Designer,44.33,USD,crypto,completed,3,4.1,True,8.87,level_1,19
TXN-1101617,2024-05-12,Data Analysis,MX,FR,Data Scientist,506.54,USD,credit_card,completed,13,3.3,False,101.31,level_2,19
TXN-1101476,2024-05-12,Virtual Assistant,BR,US,HR Manager,49.72,USD,credit_card,completed,1,4.1,True,9.94,new_seller,19
TXN-1101468,2024-05-12,Virtual Assistant,ES,US,HR Manager,26.27,ILS,credit_card,completed,3,4.7,False,5.25,rising_talent,19
TXN-1101463,2024-05-12,Graphic Design,US,FR,Designer,142.65,EUR,paypal,completed,3,4.5,False,28.53,level_2,19
TXN-1101625,2024-05-12,Mobile App,US,NL,Software Engineer,80.69,USD,credit_card,completed,16,4.3,False,16.14,rising_talent,19
TXN-1101628,2024-05-12,Music Production,AU,IN,Designer,227.93,EUR,credit_card,disputed,11,,True,45.59,level_1,19
TXN-1101435,2024-05-12,Web Development,IN,BR,Software Engineer,232.49,USD,crypto,completed,14,4.0,True,46.5,level_2,19
TXN-1101429,2024-05-12,Social Media Management,MX,IN,Marketing Manager,107.31,EUR,bank_transfer,completed,8,4.4,True,21.46,top_rated,19
TXN-1101479,2024-05-12,Mobile App,IN,GB,Software Engineer,142.85,USD,credit_card,completed,12,1.0,True,28.57,level_1,19
TXN-1102019,2024-05-13,Mobile App,IN,IN,Software Engineer,24.37,EUR,credit_card,completed,14,4.2,True,4.87,top_rated,20
TXN-1101791,2024-05-13,Translation,US,US,Writer,567.45,EUR,credit_card,completed,2,4.9,True,113.49,new_seller,20
TXN-1102011,2024-05-13,AI/ML Development,FR,US,Data Scientist,150.16,USD,paypal,completed,24,3.8,False,30.03,level_1,20
TXN-1102010,2024-05-13,Mobile App,IN,BR,Software Engineer,93.71,USD,crypto,completed,12,4.3,False,18.74,rising_talent,20
TXN-1101797,2024-05-13,Content Writing,IN,US,Writer,121.38,USD,credit_card,completed,2,3.8,True,24.28,level_2,20
TXN-1101811,2024-05-13,SEO/SEM,BR,GB,Marketing Manager,25.84,USD,credit_card,completed,11,3.6,False,5.17,level_1,20
TXN-1102004,2024-05-13,Virtual Assistant,US,US,HR Manager,115.92,USD,credit_card,completed,1,3.1,False,23.18,new_seller,20
TXN-1101998,2024-05-13,Graphic Design,SG,IN,Designer,64.4,ILS,bank_transfer,completed,5,4.8,True,12.88,level_1,20
TXN-1101807,2024-05-13,Legal Consulting,US,US,Lawyer,25.23,USD,credit_card,completed,10,3.5,False,5.05,level_2,20
TXN-1101990,2024-05-13,Video Production,US,IN,Designer,39.11,EUR,paypal,completed,5,3.6,False,7.82,level_1,20
TXN-1101789,2024-05-13,Graphic Design,JP,US,Designer,445.82,USD,paypal,completed,3,3.3,False,89.16,level_2,20
TXN-1101978,2024-05-13,SEO/SEM,IN,MX,Marketing Manager,33.41,USD,credit_card,completed,10,2.6,False,6.68,level_2,20
TXN-1101780,2024-05-13,Photography,IN,US,Designer,3423.25,USD,credit_card,completed,5,3.9,True,684.65,top_rated,20
TXN-1102046,2024-05-13,Graphic Design,US,US,Designer,378.59,USD,credit_card,completed,3,4.2,False,75.72,level_1,20
TXN-1101778,2024-05-13,AI/ML Development,FR,NL,Data Scientist,856.1,USD,paypal,completed,17,3.5,True,171.22,level_1,20
TXN-1102035,2024-05-13,Video Production,IN,FR,Designer,71.64,USD,credit_card,completed,3,4.0,True,14.33,level_2,20
TXN-1101771,2024-05-13,Mobile App,US,US,Software Engineer,200.25,USD,paypal,completed,25,4.5,False,40.05,new_seller,20
TXN-1101769,2024-05-13,Social Media Management,IN,DE,Marketing Manager,210.98,USD,paypal,completed,13,3.4,False,42.2,level_2,20
TXN-1101768,2024-05-13,SEO/SEM,ES,IL,Marketing Manager,694.39,USD,credit_card,completed,8,3.6,False,138.88,level_1,20
TXN-1102037,2024-05-13,Web Development,US,CA,Software Engineer,16.16,USD,paypal,completed,13,4.8,False,3.23,level_2,20
TXN-1101766,2024-05-13,Social Media Management,BR,SG,Marketing Manager,291.78,USD,paypal,completed,8,4.5,False,58.36,level_2,20
TXN-1101825,2024-05-13,Financial Modeling,FR,IN,Accountant,699.69,USD,bank_transfer,completed,9,3.9,False,139.94,new_seller,20
TXN-1101760,2024-05-13,Financial Modeling,IN,MX,Accountant,200.16,USD,paypal,completed,12,4.5,False,40.03,level_2,20
TXN-1102048,2024-05-13,Virtual Assistant,GB,US,HR Manager,204.03,ILS,credit_card,completed,4,4.3,True,40.81,level_1,20
TXN-1101749,2024-05-13,Virtual Assistant,GB,GB,HR Manager,246.3,USD,paypal,completed,1,3.2,False,49.26,level_1,20
TXN-1101742,2024-05-13,AI/ML Development,DE,NL,Data Scientist,362.73,USD,credit_card,completed,23,4.1,False,72.55,rising_talent,20
TXN-1102055,2024-05-13,Legal Consulting,NL,US,Lawyer,204.45,EUR,credit_card,completed,10,4.7,False,40.89,level_2,20
TXN-1102028,2024-05-13,Photography,BR,IN,Designer,225.97,USD,bank_transfer,in_progress,4,,False,45.19,rising_talent,20
TXN-1101971,2024-05-13,Translation,NL,IL,Writer,102.8,EUR,paypal,completed,4,3.7,True,20.56,top_rated,20
TXN-1101861,2024-05-13,Financial Modeling,GB,US,Accountant,22.44,ILS,paypal,completed,76,4.6,False,4.49,level_2,20
TXN-1101841,2024-05-13,Photography,AU,GB,Designer,85.61,USD,credit_card,completed,2,3.8,False,17.12,new_seller,20
TXN-1102057,2024-05-13,Web Development,DE,US,Software Engineer,39.47,EUR,credit_card,completed,22,4.9,False,7.89,rising_talent,20
TXN-1101915,2024-05-13,AI/ML Development,MX,IL,Data Scientist,149.93,USD,credit_card,completed,11,4.4,True,29.99,level_2,20
TXN-1101913,2024-05-13,Data Analysis,DE,US,Data Scientist,49.66,USD,credit_card,completed,15,3.1,True,9.93,level_1,20
TXN-1101912,2024-05-13,Video Production,BR,US,Designer,422.37,USD,bank_transfer,completed,3,4.9,False,84.47,rising_talent,20
TXN-1101911,2024-05-13,Web Development,IN,DE,Software Engineer,62.68,EUR,paypal,completed,9,4.0,True,12.54,level_2,20
TXN-1101909,2024-05-13,Social Media Management,GB,US,Marketing Manager,72.41,USD,credit_card,completed,10,3.2,True,14.48,level_2,20
TXN-1101907,2024-05-13,AI/ML Development,NL,JP,Data Scientist,126.31,USD,credit_card,completed,9,3.4,True,25.26,level_2,20
TXN-1101904,2024-05-13,Content Writing,US,GB,Writer,103.64,USD,bank_transfer,completed,1,3.0,False,20.73,level_1,20
TXN-1101903,2024-05-13,SEO/SEM,FR,NL,Marketing Manager,1080.25,EUR,bank_transfer,completed,15,4.8,True,216.05,level_1,20
TXN-1101923,2024-05-13,SEO/SEM,SG,DE,Marketing Manager,537.03,USD,credit_card,completed,5,1.0,False,107.41,new_seller,20
TXN-1101895,2024-05-13,Photography,US,IN,Designer,59.95,USD,credit_card,completed,6,4.0,False,11.99,new_seller,20
TXN-1101926,2024-05-13,Virtual Assistant,ES,IN,HR Manager,268.8,USD,paypal,cancelled,1,,True,53.76,level_2,20
TXN-1101928,2024-05-13,Content Writing,DE,IN,Writer,20.26,USD,credit_card,completed,2,4.3,True,4.05,rising_talent,20
TXN-1101837,2024-05-13,Photography,MX,IL,Designer,265.93,USD,credit_card,completed,2,3.4,False,53.19,level_2,20
TXN-1101933,2024-05-13,Social Media Management,NL,ZA,Marketing Manager,128.29,EUR,paypal,completed,9,3.6,False,25.66,top_rated,20
TXN-1101937,2024-05-13,Music Production,US,FR,Designer,60.0,USD,bank_transfer,completed,9,3.0,False,12.0,level_1,20
TXN-1101881,2024-05-13,Music Production,MX,GB,Designer,130.53,USD,crypto,completed,8,4.1,False,26.11,rising_talent,20
TXN-1101880,2024-05-13,Social Media Management,ES,GB,Marketing Manager,50.73,EUR,paypal,completed,5,4.1,False,10.15,level_1,20
TXN-1101945,2024-05-13,Photography,US,ES,Designer,154.5,USD,credit_card,completed,5,4.4,False,30.9,level_1,20
TXN-1101870,2024-05-13,Web Development,US,US,Software Engineer,43.67,USD,credit_card,completed,11,4.8,True,8.73,level_2,20
TXN-1101869,2024-05-13,Mobile App,GB,CA,Software Engineer,133.41,GBP,credit_card,completed,29,2.3,True,26.68,top_rated,20
TXN-1101950,2024-05-13,Mobile App,GB,ES,Software Engineer,201.36,USD,credit_card,completed,20,3.7,True,40.27,rising_talent,20
TXN-1101855,2024-05-13,Translation,FR,JP,Writer,175.09,EUR,credit_card,completed,9,2.7,False,35.02,new_seller,20
TXN-1101849,2024-05-13,Video Production,US,GB,Designer,794.79,USD,paypal,completed,13,4.5,False,158.96,rising_talent,20
TXN-1101847,2024-05-13,Mobile App,BR,DE,Software Engineer,168.83,USD,credit_card,completed,22,4.1,True,33.77,rising_talent,20
TXN-1101846,2024-05-13,Financial Modeling,NL,DE,Accountant,306.39,USD,paypal,completed,5,4.1,True,61.28,level_2,20
TXN-1101844,2024-05-13,Web Development,IN,US,Software Engineer,258.73,ILS,bank_transfer,completed,12,3.2,False,51.75,rising_talent,20
TXN-1101960,2024-05-13,Mobile App,FR,IL,Software Engineer,325.59,GBP,bank_transfer,completed,18,4.6,False,65.12,level_2,20
TXN-1101934,2024-05-13,Translation,BR,ZA,Writer,319.05,USD,paypal,completed,3,3.8,True,63.81,rising_talent,20
TXN-1101735,2024-05-13,Data Analysis,US,IN,Data Scientist,319.59,USD,credit_card,completed,3,3.0,False,63.92,level_2,20
TXN-1101746,2024-05-13,Legal Consulting,ZA,ES,Lawyer,15.72,USD,paypal,completed,13,4.9,True,3.14,level_2,20
TXN-1102059,2024-05-13,Data Analysis,ES,JP,Data Scientist,252.76,USD,bank_transfer,completed,8,4.3,False,50.55,rising_talent,20
TXN-1101724,2024-05-13,Social Media Management,IL,FR,Marketing Manager,215.5,USD,credit_card,completed,3,4.4,True,43.1,new_seller,20
TXN-1101721,2024-05-13,Web Development,DE,IL,Software Engineer,498.4,EUR,paypal,completed,18,3.5,False,99.68,level_2,20
TXN-1101697,2024-05-13,AI/ML Development,FR,BR,Data Scientist,127.84,USD,credit_card,completed,29,3.5,False,25.57,rising_talent,20
TXN-1102067,2024-05-13,Legal Consulting,DE,US,Lawyer,28.12,ILS,paypal,completed,28,4.1,True,5.62,level_1,20
TXN-1101703,2024-05-13,SEO/SEM,US,MX,Marketing Manager,960.72,USD,paypal,completed,10,4.6,False,192.14,rising_talent,20
TXN-1101716,2024-05-13,Legal Consulting,IN,US,Lawyer,27.93,USD,credit_card,completed,8,3.9,True,5.59,level_1,20
TXN-1101686,2024-05-13,Financial Modeling,BR,GB,Accountant,297.28,GBP,paypal,completed,5,4.0,False,59.46,level_1,20
TXN-1101723,2024-05-13,Photography,ES,US,Designer,67.83,USD,credit_card,completed,4,4.0,True,13.57,level_2,20
TXN-1101685,2024-05-13,Social Media Management,US,US,Marketing Manager,214.06,USD,bank_transfer,completed,9,4.4,False,42.81,level_2,20
TXN-1102072,2024-05-13,Financial Modeling,FR,ZA,Accountant,27.86,USD,credit_card,completed,10,3.4,False,5.57,top_rated,20
TXN-1101696,2024-05-13,Graphic Design,BR,IL,Designer,81.02,GBP,credit_card,completed,7,4.9,False,16.2,level_2,20
TXN-1101708,2024-05-13,Content Writing,ES,CA,Writer,419.63,USD,bank_transfer,completed,3,4.2,False,83.93,level_2,20
TXN-1102086,2024-05-13,Content Writing,US,US,Writer,426.89,USD,paypal,completed,1,4.3,False,85.38,level_1,20
TXN-1101715,2024-05-13,Music Production,AU,US,Designer,151.62,USD,paypal,completed,10,4.9,False,30.32,rising_talent,20
TXN-1102087,2024-05-13,Web Development,FR,NL,Software Engineer,92.75,GBP,credit_card,completed,20,3.8,False,18.55,new_seller,20
TXN-1101731,2024-05-13,AI/ML Development,US,DE,Data Scientist,16.96,USD,paypal,cancelled,17,,False,3.39,level_2,20
TXN-1101677,2024-05-13,Photography,US,ZA,Designer,562.45,USD,credit_card,completed,4,3.6,True,112.49,level_2,20
TXN-1101682,2024-05-13,Legal Consulting,DE,IN,Lawyer,34.62,USD,credit_card,completed,14,4.1,True,6.92,level_2,20
TXN-1101813,2024-05-14,Virtual Assistant,IL,SG,HR Manager,106.35,USD,bank_transfer,completed,4,3.6,True,21.27,new_seller,20
TXN-1101707,2024-05-14,Video Production,CA,IN,Designer,23.5,USD,credit_card,completed,8,4.4,True,4.7,level_1,20
TXN-1101698,2024-05-14,Graphic Design,IN,IL,Designer,35.91,USD,bank_transfer,completed,2,3.8,False,7.18,level_2,20
TXN-1101701,2024-05-14,Virtual Assistant,GB,US,HR Manager,177.73,ILS,paypal,completed,2,4.0,False,35.55,level_1,20
TXN-1101835,2024-05-14,Mobile App,GB,GB,Software Engineer,1772.7,USD,paypal,completed,13,4.1,False,354.54,rising_talent,20
TXN-1101829,2024-05-14,Virtual Assistant,US,AU,HR Manager,223.6,USD,credit_card,completed,1,3.9,False,44.72,rising_talent,20
TXN-1101832,2024-05-14,Web Development,FR,FR,Software Engineer,84.51,USD,credit_card,completed,14,4.3,True,16.9,level_1,20
TXN-1101994,2024-05-14,Photography,DE,ZA,Designer,58.84,EUR,credit_card,completed,10,4.6,False,11.77,rising_talent,20
TXN-1101820,2024-05-14,Photography,US,US,Designer,3364.58,USD,crypto,completed,2,4.7,False,672.92,rising_talent,20
TXN-1101704,2024-05-14,Legal Consulting,US,MX,Lawyer,564.84,GBP,paypal,completed,27,4.0,True,112.97,new_seller,20
TXN-1101991,2024-05-14,Content Writing,ZA,SG,Writer,74.41,USD,credit_card,completed,6,4.9,False,14.88,level_1,20
TXN-1101986,2024-05-14,Legal Consulting,US,US,Lawyer,274.11,USD,bank_transfer,completed,17,4.9,False,54.82,level_2,20
TXN-1101812,2024-05-14,Legal Consulting,AU,US,Lawyer,1403.77,USD,bank_transfer,completed,18,4.4,True,280.75,rising_talent,20
TXN-1101970,2024-05-14,Financial Modeling,GB,US,Accountant,75.62,USD,credit_card,completed,9,4.8,False,15.12,top_rated,20
TXN-1101817,2024-05-14,Photography,IN,US,Designer,304.06,USD,paypal,completed,1,4.1,True,60.81,level_1,20
TXN-1101853,2024-05-14,Legal Consulting,US,ES,Lawyer,236.64,USD,credit_card,completed,8,4.1,True,47.33,rising_talent,20
TXN-1102076,2024-05-14,Mobile App,US,DE,Software Engineer,198.76,USD,credit_card,completed,16,4.4,False,39.75,level_1,20
TXN-1101916,2024-05-14,Financial Modeling,US,US,Accountant,109.02,USD,bank_transfer,completed,10,3.7,True,21.8,level_1,20
TXN-1101674,2024-05-14,Graphic Design,US,US,Designer,84.29,USD,paypal,completed,3,4.3,True,16.86,level_1,20
TXN-1101675,2024-05-14,Legal Consulting,MX,US,Lawyer,124.4,USD,credit_card,completed,12,3.7,False,24.88,rising_talent,20
TXN-1101676,2024-05-14,AI/ML Development,AU,IN,Data Scientist,26601.28,USD,bank_transfer,completed,9,3.6,False,5320.26,level_2,20
TXN-1101906,2024-05-14,Content Writing,MX,US,Writer,268.38,USD,paypal,completed,4,4.8,False,53.68,new_seller,20
TXN-1101899,2024-05-14,Music Production,US,GB,Designer,83.09,GBP,paypal,completed,12,3.6,False,16.62,level_2,20
TXN-1101683,2024-05-14,Legal Consulting,IN,US,Lawyer,175.37,USD,credit_card,completed,13,4.3,False,35.07,top_rated,20
TXN-1101929,2024-05-14,Financial Modeling,BR,US,Accountant,25.73,USD,credit_card,completed,9,4.4,True,5.15,rising_talent,20
TXN-1101935,2024-05-14,Legal Consulting,US,CA,Lawyer,105.18,USD,paypal,completed,9,3.9,False,21.04,level_2,20
TXN-1101848,2024-05-14,Music Production,AU,DE,Designer,2240.12,USD,credit_card,completed,16,3.7,False,448.02,new_seller,20
TXN-1101936,2024-05-14,Music Production,IN,FR,Designer,29.53,USD,credit_card,completed,7,1.0,False,5.91,top_rated,20
TXN-1102083,2024-05-14,Content Writing,US,DE,Writer,852.24,USD,paypal,completed,4,4.6,False,170.45,new_seller,20
TXN-1101879,2024-05-14,Photography,IN,JP,Designer,214.09,EUR,bank_transfer,completed,5,4.3,False,42.82,rising_talent,20
TXN-1101874,2024-05-14,Financial Modeling,BR,DE,Accountant,1002.87,USD,credit_card,completed,5,4.1,True,200.57,level_1,20
TXN-1101873,2024-05-14,SEO/SEM,GB,US,Marketing Manager,124.14,USD,credit_card,completed,12,4.6,False,24.83,rising_talent,20
TXN-1102082,2024-05-14,Web Development,CA,IL,Software Engineer,163.24,USD,crypto,completed,15,3.7,True,32.65,level_1,20
TXN-1101871,2024-05-14,Graphic Design,BR,BR,Designer,416.21,GBP,bank_transfer,completed,3,4.6,False,83.24,level_1,20
TXN-1102081,2024-05-14,Social Media Management,FR,NL,Marketing Manager,355.37,USD,credit_card,completed,6,4.5,False,71.07,top_rated,20
TXN-1101862,2024-05-14,Music Production,FR,IN,Designer,343.19,USD,credit_card,completed,6,3.7,False,68.64,rising_talent,20
TXN-1101954,2024-05-14,Financial Modeling,IN,GB,Accountant,191.04,USD,paypal,completed,12,3.9,True,38.21,rising_talent,20
TXN-1101687,2024-05-14,Graphic Design,IN,US,Designer,119.77,USD,bank_transfer,completed,12,3.2,True,23.95,top_rated,20
TXN-1101710,2024-05-14,Social Media Management,NL,MX,Marketing Manager,89.02,USD,credit_card,completed,5,4.3,False,17.8,top_rated,20
TXN-1101918,2024-05-14,Graphic Design,IN,IN,Designer,238.33,EUR,bank_transfer,completed,10,3.6,False,47.67,new_seller,20
TXN-1101743,2024-05-14,Social Media Management,GB,US,Marketing Manager,33.09,USD,paypal,completed,4,2.8,False,6.62,rising_talent,20
TXN-1101720,2024-05-14,Social Media Management,FR,MX,Marketing Manager,38.69,EUR,credit_card,completed,6,4.3,False,7.74,level_1,20
TXN-1101748,2024-05-14,Legal Consulting,US,BR,Lawyer,17.54,EUR,paypal,completed,3,4.4,True,3.51,new_seller,20
TXN-1102044,2024-05-14,SEO/SEM,CA,US,Marketing Manager,65.0,USD,credit_card,completed,18,4.3,False,13.0,level_1,20
TXN-1102061,2024-05-14,SEO/SEM,US,DE,Marketing Manager,140.51,INR,paypal,completed,19,4.7,False,28.1,level_1,20
TXN-1101725,2024-05-14,Music Production,US,SG,Designer,288.32,USD,bank_transfer,completed,4,3.1,False,57.66,top_rated,20
TXN-1101774,2024-05-14,Data Analysis,US,US,Data Scientist,150.15,USD,paypal,completed,21,4.4,False,30.03,level_2,20
TXN-1102032,2024-05-14,Photography,IN,US,Designer,72.37,USD,credit_card,completed,4,4.2,True,14.47,rising_talent,20
TXN-1102031,2024-05-14,Financial Modeling,FR,US,Accountant,214.52,USD,bank_transfer,disputed,10,,True,42.9,level_2,20
TXN-1102030,2024-05-14,Video Production,IN,IN,Designer,347.36,USD,credit_card,completed,10,3.4,False,69.47,level_1,20
TXN-1101740,2024-05-14,Social Media Management,US,SG,Marketing Manager,211.5,USD,paypal,completed,6,4.2,False,42.3,level_2,20
TXN-1101770,2024-05-14,Mobile App,NL,US,Software Engineer,9.46,USD,paypal,completed,20,4.4,False,1.89,rising_talent,20
TXN-1101717,2024-05-14,Legal Consulting,US,IN,Lawyer,231.36,USD,credit_card,completed,19,2.3,False,46.27,rising_talent,20
TXN-1101758,2024-05-14,Music Production,FR,ES,Designer,148.46,USD,paypal,completed,6,4.5,False,29.69,level_1,20
TXN-1101727,2024-05-14,Photography,IN,FR,Designer,157.02,USD,credit_card,completed,6,1.7,True,31.4,level_2,20
TXN-1102022,2024-05-14,Photography,US,IN,Designer,28.59,USD,credit_card,completed,5,4.8,False,5.72,level_1,20
TXN-1102043,2024-05-14,AI/ML Development,IL,GB,Data Scientist,604.23,USD,credit_card,completed,15,3.3,False,120.85,level_2,20
TXN-1101714,2024-05-14,Graphic Design,NL,IN,Designer,380.41,USD,credit_card,completed,4,4.9,False,76.08,top_rated,20
TXN-1102051,2024-05-14,Social Media Management,FR,DE,Marketing Manager,36.64,USD,paypal,completed,10,4.9,True,7.33,new_seller,20
TXN-1101752,2024-05-14,AI/ML Development,US,IL,Data Scientist,56.45,INR,credit_card,completed,7,4.8,False,11.29,new_seller,20
TXN-1101787,2024-05-14,Graphic Design,US,SG,Designer,7.18,USD,credit_card,cancelled,4,,False,1.44,level_2,20
TXN-1101788,2024-05-14,Mobile App,BR,US,Software Engineer,104.25,USD,credit_card,completed,9,4.2,False,20.85,level_1,20
TXN-1101792,2024-05-14,AI/ML Development,MX,NL,Data Scientist,638.4,USD,bank_transfer,completed,11,4.4,False,127.68,new_seller,20
TXN-1101755,2024-05-14,AI/ML Development,JP,DE,Data Scientist,41.27,USD,paypal,completed,11,4.4,False,8.25,new_seller,20
TXN-1101786,2024-05-14,AI/ML Development,FR,AU,Data Scientist,390.95,INR,credit_card,completed,16,4.5,False,78.19,level_1,20
TXN-1102062,2024-05-14,Graphic Design,IN,ZA,Designer,359.2,USD,bank_transfer,completed,3,3.8,False,71.84,level_2,20
TXN-1101860,2024-05-15,Legal Consulting,SG,DE,Lawyer,768.46,GBP,credit_card,completed,11,4.9,True,153.69,level_1,20
TXN-1101859,2024-05-15,Music Production,BR,GB,Designer,118.02,EUR,credit_card,completed,7,4.7,True,23.6,level_1,20
TXN-1101927,2024-05-15,Music Production,DE,CA,Designer,296.13,EUR,credit_card,completed,12,3.8,False,59.23,level_1,20
TXN-1101854,2024-05-15,SEO/SEM,US,GB,Marketing Manager,723.74,USD,credit_card,completed,16,3.6,False,144.75,level_1,20
TXN-1102018,2024-05-15,Photography,GB,NL,Designer,590.77,USD,crypto,completed,4,4.4,False,118.15,level_1,20
TXN-1101891,2024-05-15,Translation,US,FR,Writer,142.96,USD,paypal,completed,2,3.5,False,28.59,top_rated,20
TXN-1101920,2024-05-15,Legal Consulting,US,DE,Lawyer,329.86,USD,credit_card,completed,14,4.9,True,65.97,new_seller,20
TXN-1101888,2024-05-15,Financial Modeling,SG,US,Accountant,99.8,USD,bank_transfer,completed,5,3.2,True,19.96,new_seller,20
TXN-1101959,2024-05-15,Mobile App,IN,DE,Software Engineer,1691.18,USD,bank_transfer,completed,26,4.4,False,338.24,new_seller,20
TXN-1101680,2024-05-15,Virtual Assistant,ES,GB,HR Manager,402.25,USD,credit_card,completed,3,3.0,False,80.45,level_2,20
TXN-1102050,2024-05-15,Financial Modeling,SG,US,Accountant,89.02,USD,paypal,cancelled,11,,False,17.8,level_2,20
TXN-1101942,2024-05-15,Graphic Design,GB,US,Designer,259.14,ILS,credit_card,completed,3,4.1,True,51.83,level_2,20
TXN-1101863,2024-05-15,Content Writing,DE,BR,Writer,113.3,USD,credit_card,completed,3,3.6,False,22.66,level_2,20
TXN-1101952,2024-05-15,Web Development,GB,FR,Software Engineer,78.98,USD,paypal,completed,21,3.6,False,15.8,level_2,20
TXN-1101951,2024-05-15,Web Development,GB,GB,Software Engineer,146.79,USD,bank_transfer,completed,28,4.7,True,29.36,level_1,20
TXN-1101896,2024-05-15,Music Production,IN,US,Designer,21.02,GBP,paypal,completed,28,2.8,True,4.2,level_1,20
TXN-1101949,2024-05-15,Content Writing,BR,BR,Writer,226.62,USD,credit_card,completed,2,4.4,False,45.32,rising_talent,20
TXN-1101753,2024-05-15,Data Analysis,US,ZA,Data Scientist,17.05,USD,credit_card,completed,5,3.5,True,3.41,level_1,20
TXN-1101681,2024-05-15,Financial Modeling,MX,GB,Accountant,128.17,USD,paypal,completed,7,4.5,False,25.63,level_1,20
TXN-1101691,2024-05-15,AI/ML Development,CA,US,Data Scientist,154.93,USD,credit_card,completed,14,4.9,False,30.99,level_1,20
TXN-1101754,2024-05-15,Financial Modeling,SG,ZA,Accountant,2396.14,USD,paypal,completed,9,4.0,False,479.23,new_seller,20
TXN-1101759,2024-05-15,Virtual Assistant,US,NL,HR Manager,47.31,USD,bank_transfer,completed,1,4.1,True,9.46,level_1,20
TXN-1101729,2024-05-15,Video Production,US,US,Designer,81.9,USD,credit_card,completed,10,3.9,True,16.38,new_seller,20
TXN-1101944,2024-05-15,Graphic Design,GB,IL,Designer,74.89,USD,paypal,completed,4,4.4,False,14.98,rising_talent,20
TXN-1101943,2024-05-15,Mobile App,US,MX,Software Engineer,173.4,USD,credit_card,completed,23,4.2,True,34.68,level_1,20
TXN-1101893,2024-05-15,Social Media Management,AU,FR,Marketing Manager,99.13,EUR,paypal,completed,6,4.5,True,19.83,level_1,20
TXN-1101897,2024-05-15,Video Production,US,ES,Designer,0.01,EUR,bank_transfer,completed,10,3.8,False,0.0,level_1,20
TXN-1102063,2024-05-15,Video Production,IN,ZA,Designer,354.91,USD,credit_card,completed,9,4.5,False,70.98,top_rated,20
TXN-1102077,2024-05-15,Web Development,AU,US,Software Engineer,454.12,EUR,paypal,completed,11,4.8,False,90.82,level_1,20
TXN-1101722,2024-05-15,Virtual Assistant,US,BR,HR Manager,218.67,EUR,paypal,completed,2,3.3,False,43.73,level_1,20
TXN-1101919,2024-05-15,Social Media Management,FR,MX,Marketing Manager,79.38,USD,bank_transfer,completed,7,4.4,False,15.88,top_rated,20
TXN-1102027,2024-05-15,Web Development,GB,IL,Software Engineer,425.87,USD,bank_transfer,completed,30,4.6,True,85.17,new_seller,20
TXN-1101816,2024-05-15,Photography,IN,IN,Designer,116.16,USD,credit_card,completed,2,3.3,False,23.23,new_seller,20
TXN-1102026,2024-05-15,Mobile App,IN,US,Software Engineer,95.49,USD,credit_card,completed,15,4.0,True,19.1,level_1,20
TXN-1102025,2024-05-15,SEO/SEM,US,IL,Marketing Manager,1154.86,USD,bank_transfer,completed,10,3.4,False,230.97,level_2,20
TXN-1102023,2024-05-15,Social Media Management,US,US,Marketing Manager,1205.94,USD,credit_card,cancelled,7,,False,241.19,level_1,20
TXN-1101995,2024-05-15,Music Production,FR,US,Designer,22.92,GBP,credit_card,completed,17,4.2,False,4.58,top_rated,20
TXN-1101805,2024-05-15,Mobile App,US,BR,Software Engineer,48.63,EUR,paypal,completed,15,4.5,True,9.73,top_rated,20
TXN-1101804,2024-05-15,Video Production,IL,US,Designer,336.73,USD,paypal,completed,8,3.4,False,67.35,rising_talent,20
TXN-1101673,2024-05-15,Web Development,CA,ES,Software Engineer,234.69,USD,credit_card,completed,16,4.6,False,46.94,level_1,20
TXN-1102002,2024-05-15,Web Development,ES,SG,Software Engineer,512.8,USD,bank_transfer,completed,25,3.6,False,102.56,level_2,20
TXN-1101709,2024-05-15,Music Production,GB,AU,Designer,57.95,USD,credit_card,completed,8,3.4,False,11.59,top_rated,20
TXN-1101914,2024-05-15,AI/ML Development,CA,DE,Data Scientist,1327.97,USD,paypal,completed,14,3.9,False,265.59,level_1,20
TXN-1102007,2024-05-15,SEO/SEM,US,FR,Marketing Manager,261.85,USD,credit_card,completed,12,3.3,True,52.37,level_2,20
TXN-1101711,2024-05-15,Web Development,US,DE,Software Engineer,501.83,USD,credit_card,completed,18,4.0,False,100.37,level_1,20
TXN-1101718,2024-05-15,Graphic Design,GB,AU,Designer,194.63,USD,paypal,completed,4,3.5,False,38.93,level_1,20
TXN-1101976,2024-05-15,SEO/SEM,CA,IN,Marketing Manager,660.42,EUR,credit_card,completed,5,3.9,False,132.08,rising_talent,20
TXN-1101821,2024-05-15,Graphic Design,US,IN,Designer,163.95,USD,paypal,completed,9,4.5,False,32.79,level_1,20
TXN-1101734,2024-05-15,Legal Consulting,IL,ZA,Lawyer,206.19,USD,paypal,completed,17,4.0,False,41.24,level_2,20
TXN-1101845,2024-05-15,Financial Modeling,DE,US,Accountant,1445.1,USD,credit_card,completed,9,4.0,True,289.02,level_1,20
TXN-1102075,2024-05-15,Financial Modeling,ZA,FR,Accountant,134.86,USD,credit_card,completed,13,4.3,False,26.97,rising_talent,20
TXN-1102074,2024-05-15,Mobile App,FR,BR,Software Engineer,153.05,USD,credit_card,completed,29,3.7,True,30.61,new_seller,20
TXN-1101905,2024-05-15,Social Media Management,IN,CA,Marketing Manager,381.18,EUR,credit_card,completed,7,3.9,True,76.24,top_rated,20
TXN-1101839,2024-05-15,Video Production,FR,AU,Designer,403.38,USD,paypal,completed,7,4.7,True,80.68,new_seller,20
TXN-1101965,2024-05-15,Content Writing,IL,IL,Writer,1612.05,USD,credit_card,completed,1,4.6,False,322.41,level_2,20
TXN-1101967,2024-05-15,Social Media Management,CA,IN,Marketing Manager,156.84,USD,credit_card,completed,10,4.1,True,31.37,level_2,20
TXN-1101908,2024-05-15,AI/ML Development,US,BR,Data Scientist,336.59,USD,paypal,completed,25,4.8,True,67.32,level_2,20
TXN-1101747,2024-05-15,Social Media Management,US,IL,Marketing Manager,33.41,USD,credit_card,completed,6,4.1,False,6.68,rising_talent,20
TXN-1102033,2024-05-15,Financial Modeling,AU,GB,Accountant,96.85,USD,credit_card,completed,11,3.9,True,19.37,level_1,20
TXN-1101833,2024-05-15,Music Production,NL,FR,Designer,29.92,USD,credit_card,completed,7,4.8,False,5.98,level_2,20
TXN-1102073,2024-05-15,Graphic Design,DE,US,Designer,20.27,USD,crypto,completed,8,4.7,False,4.05,new_seller,20
TXN-1101830,2024-05-15,Video Production,BR,DE,Designer,127.06,USD,paypal,completed,9,4.8,False,25.41,level_1,20
TXN-1101828,2024-05-15,Legal Consulting,US,US,Lawyer,18.93,USD,bank_transfer,completed,11,4.6,True,3.79,rising_talent,20
TXN-1101741,2024-05-15,Translation,DE,US,Writer,405.05,GBP,credit_card,completed,1,3.7,True,81.01,new_seller,20
TXN-1102060,2024-05-16,Graphic Design,US,IN,Designer,95.26,USD,paypal,completed,9,3.6,False,19.05,rising_talent,20
TXN-1101925,2024-05-16,Content Writing,GB,IN,Writer,980.59,USD,paypal,completed,4,4.6,False,196.12,top_rated,20
TXN-1101922,2024-05-16,AI/ML Development,ZA,AU,Data Scientist,420.29,USD,credit_card,completed,30,3.8,False,84.06,rising_talent,20
TXN-1102058,2024-05-16,Graphic Design,DE,US,Designer,553.7,ILS,credit_card,completed,5,4.9,False,110.74,rising_talent,20
TXN-1102053,2024-05-16,SEO/SEM,IL,ZA,Marketing Manager,1018.06,USD,paypal,completed,14,4.2,False,203.61,new_seller,20
TXN-1102054,2024-05-16,Video Production,FR,US,Designer,16.7,USD,bank_transfer,completed,3,3.3,True,3.34,rising_talent,20
TXN-1102052,2024-05-16,SEO/SEM,IN,BR,Marketing Manager,322.44,USD,paypal,completed,13,3.9,False,64.49,rising_talent,20
TXN-1102068,2024-05-16,Web Development,IN,US,Software Engineer,57.12,USD,paypal,completed,7,3.2,False,11.42,level_1,20
TXN-1102085,2024-05-16,AI/ML Development,DE,IN,Data Scientist,79.29,USD,credit_card,completed,90,4.0,False,15.86,level_1,20
TXN-1102008,2024-05-16,AI/ML Development,US,US,Data Scientist,90.23,ILS,credit_card,completed,20,4.5,False,18.05,new_seller,20
TXN-1102006,2024-05-16,Music Production,JP,FR,Designer,84.67,INR,bank_transfer,completed,13,4.4,False,16.93,level_2,20
TXN-1101996,2024-05-16,Financial Modeling,NL,US,Accountant,69.75,USD,crypto,completed,8,4.7,False,13.95,level_1,20
TXN-1101992,2024-05-16,Data Analysis,NL,ES,Data Scientist,454.91,USD,paypal,completed,12,4.2,True,90.98,level_1,20
TXN-1102071,2024-05-16,Music Production,IN,CA,Designer,144.72,USD,paypal,completed,13,3.7,False,28.94,rising_talent,20
TXN-1101980,2024-05-16,Content Writing,DE,CA,Writer,162.6,INR,credit_card,completed,2,4.6,False,32.52,level_2,20
TXN-1101975,2024-05-16,Photography,IN,CA,Designer,182.41,USD,paypal,completed,4,3.7,False,36.48,top_rated,20
TXN-1101974,2024-05-16,Mobile App,US,US,Software Engineer,48.44,USD,bank_transfer,completed,11,3.8,False,9.69,level_1,20
TXN-1101972,2024-05-16,Translation,US,ES,Writer,12.55,USD,bank_transfer,completed,2,3.4,False,2.51,level_1,20
TXN-1102064,2024-05-16,Data Analysis,US,US,Data Scientist,555.32,INR,paypal,completed,5,4.2,False,111.06,top_rated,20
TXN-1101963,2024-05-16,Content Writing,US,US,Writer,51.96,EUR,credit_card,completed,2,4.3,False,10.39,new_seller,20
TXN-1101962,2024-05-16,Web Development,SG,US,Software Engineer,44.88,INR,paypal,completed,11,4.9,False,8.98,top_rated,20
TXN-1102038,2024-05-16,AI/ML Development,CA,AU,Data Scientist,225.1,USD,crypto,completed,16,4.0,True,45.02,level_1,20
TXN-1101958,2024-05-16,Graphic Design,US,US,Designer,8.82,GBP,crypto,completed,7,3.0,False,1.76,level_1,20
TXN-1101956,2024-05-16,Video Production,US,US,Designer,40.67,EUR,paypal,completed,8,3.3,False,8.13,top_rated,20
TXN-1101955,2024-05-16,Mobile App,GB,US,Software Engineer,2011.05,USD,credit_card,completed,7,4.9,False,402.21,level_1,20
TXN-1101953,2024-05-16,Web Development,US,IN,Software Engineer,133.45,USD,paypal,completed,17,3.0,True,26.69,new_seller,20
TXN-1102079,2024-05-16,AI/ML Development,US,US,Data Scientist,199.33,USD,credit_card,completed,12,3.1,False,39.87,level_2,20
TXN-1102047,2024-05-16,Graphic Design,US,IL,Designer,127.79,USD,credit_card,completed,4,2.7,True,25.56,new_seller,20
TXN-1102080,2024-05-16,Financial Modeling,US,BR,Accountant,240.33,USD,paypal,cancelled,11,,False,48.07,new_seller,20
TXN-1101948,2024-05-16,Social Media Management,DE,US,Marketing Manager,89.97,INR,credit_card,completed,7,4.1,False,17.99,rising_talent,20
TXN-1102049,2024-05-16,Financial Modeling,DE,ES,Accountant,5.0,USD,credit_card,completed,19,4.8,False,1.0,level_1,20
TXN-1101939,2024-05-16,SEO/SEM,GB,US,Marketing Manager,129.7,INR,credit_card,completed,13,3.6,False,25.94,rising_talent,20
TXN-1101930,2024-05-16,Web Development,US,US,Software Engineer,37.75,USD,credit_card,completed,16,4.3,False,7.55,new_seller,20
TXN-1101973,2024-05-16,Financial Modeling,US,GB,Accountant,241.19,USD,credit_card,completed,9,3.9,False,48.24,level_1,20
TXN-1102000,2024-05-16,Legal Consulting,NL,FR,Lawyer,181.92,EUR,credit_card,disputed,11,,False,36.38,new_seller,20
TXN-1101705,2024-05-16,Data Analysis,ES,US,Data Scientist,17.02,USD,credit_card,completed,11,4.8,False,3.4,rising_talent,20
TXN-1101764,2024-05-16,Web Development,US,BR,Software Engineer,29.27,USD,bank_transfer,completed,13,4.5,False,5.85,rising_talent,20
TXN-1101866,2024-05-16,Graphic Design,US,FR,Designer,240.43,USD,credit_card,completed,4,2.5,False,48.09,top_rated,20
TXN-1101864,2024-05-16,Legal Consulting,IN,US,Lawyer,441.96,USD,credit_card,completed,9,3.2,True,88.39,new_seller,20
TXN-1101852,2024-05-16,Virtual Assistant,AU,FR,HR Manager,919.58,USD,credit_card,completed,1,3.8,True,183.92,level_1,20
TXN-1101712,2024-05-16,SEO/SEM,US,AU,Marketing Manager,118.93,GBP,credit_card,completed,18,4.0,True,23.79,level_1,20
TXN-1101803,2024-05-16,Mobile App,FR,JP,Software Engineer,113.43,USD,paypal,completed,30,4.6,True,22.69,level_1,20
TXN-1101843,2024-05-16,Translation,MX,BR,Writer,114.43,INR,paypal,completed,4,4.6,False,22.89,rising_talent,20
TXN-1101762,2024-05-16,SEO/SEM,US,US,Marketing Manager,248.55,EUR,paypal,completed,12,4.6,False,49.71,level_2,20
TXN-1101757,2024-05-16,Content Writing,US,US,Writer,184.13,USD,credit_card,completed,4,4.6,True,36.83,level_2,20
TXN-1101840,2024-05-16,Translation,ES,ES,Writer,255.65,USD,paypal,completed,5,4.5,False,51.13,rising_talent,20
TXN-1101810,2024-05-16,Graphic Design,IN,US,Designer,59.27,USD,credit_card,completed,2,4.7,False,11.85,level_1,20
TXN-1101838,2024-05-16,Web Development,GB,SG,Software Engineer,323.98,GBP,paypal,completed,16,3.6,False,64.8,top_rated,20
TXN-1101751,2024-05-16,AI/ML Development,GB,ZA,Data Scientist,26.12,EUR,credit_card,completed,23,3.4,False,5.22,rising_talent,20
TXN-1101750,2024-05-16,Content Writing,US,US,Writer,123.41,USD,credit_card,completed,2,2.8,False,24.68,rising_talent,20
TXN-1101834,2024-05-16,Legal Consulting,SG,JP,Lawyer,22.02,USD,paypal,completed,13,4.7,False,4.4,top_rated,20
TXN-1101732,2024-05-16,Content Writing,US,US,Writer,65.3,USD,credit_card,completed,1,5.0,True,13.06,level_1,20
TXN-1101815,2024-05-16,Photography,JP,US,Designer,71.53,USD,credit_card,completed,1,4.7,True,14.31,top_rated,20
TXN-1101826,2024-05-16,Social Media Management,ZA,ZA,Marketing Manager,136.33,USD,paypal,completed,4,4.1,False,27.27,level_1,20
TXN-1101744,2024-05-16,Social Media Management,SG,US,Marketing Manager,409.61,USD,credit_card,disputed,6,,False,81.92,level_2,20
TXN-1101822,2024-05-16,Web Development,BR,BR,Software Engineer,185.82,USD,credit_card,completed,15,4.1,False,37.16,level_1,20
TXN-1101736,2024-05-16,Graphic Design,US,DE,Designer,128.38,USD,credit_card,completed,5,3.6,False,25.68,rising_talent,20
TXN-1101800,2024-05-16,Financial Modeling,ZA,ZA,Accountant,2114.29,USD,credit_card,completed,9,3.3,True,422.86,level_1,20
TXN-1101799,2024-05-16,Web Development,US,US,Software Engineer,1290.02,USD,bank_transfer,completed,12,4.7,True,258.0,new_seller,20
TXN-1101818,2024-05-16,AI/ML Development,US,NL,Data Scientist,97.3,INR,credit_card,completed,11,4.8,True,19.46,level_1,20
TXN-1101790,2024-05-16,SEO/SEM,US,ZA,Marketing Manager,525.21,USD,crypto,completed,10,4.0,False,105.04,new_seller,20
TXN-1101796,2024-05-16,Social Media Management,BR,BR,Marketing Manager,54.85,ILS,credit_card,completed,7,3.7,True,10.97,level_2,20
TXN-1101886,2024-05-16,Video Production,GB,MX,Designer,130.23,USD,credit_card,completed,5,3.2,True,26.05,level_1,20
TXN-1101793,2024-05-16,Video Production,US,FR,Designer,48.91,USD,paypal,completed,5,4.9,False,9.78,rising_talent,20
TXN-1101883,2024-05-16,Data Analysis,BR,ZA,Data Scientist,324.47,USD,credit_card,completed,7,3.5,True,64.89,rising_talent,20
TXN-1101765,2024-05-16,Translation,MX,FR,Writer,749.28,USD,credit_card,completed,5,2.8,False,149.86,level_1,20
TXN-1101784,2024-05-16,Financial Modeling,US,US,Accountant,25.84,USD,paypal,completed,9,4.6,False,5.17,top_rated,20
TXN-1101695,2024-05-16,Financial Modeling,GB,FR,Accountant,19.13,USD,credit_card,completed,4,4.6,False,3.83,level_1,20
TXN-1101898,2024-05-16,Legal Consulting,AU,BR,Lawyer,58.15,USD,bank_transfer,completed,14,4.6,True,11.63,top_rated,20
TXN-1101693,2024-05-16,Financial Modeling,US,US,Accountant,29.23,USD,credit_card,disputed,7,,True,5.85,top_rated,20
TXN-1101688,2024-05-16,Translation,GB,FR,Writer,26.47,USD,credit_card,completed,5,3.5,True,5.29,new_seller,20
TXN-1101678,2024-05-16,Financial Modeling,GB,IN,Accountant,164.44,USD,paypal,completed,16,4.8,True,32.89,level_1,20
TXN-1101777,2024-05-16,Financial Modeling,US,NL,Accountant,1107.28,USD,paypal,completed,8,3.9,True,221.46,top_rated,20
TXN-1101700,2024-05-16,Virtual Assistant,DE,NL,HR Manager,212.35,USD,credit_card,completed,2,4.4,False,42.47,level_1,20
TXN-1101783,2024-05-17,Social Media Management,IN,US,Marketing Manager,82.66,USD,paypal,completed,6,4.8,True,16.53,level_2,20
TXN-1101782,2024-05-17,Web Development,US,BR,Software Engineer,236.26,USD,paypal,completed,24,1.0,False,47.25,level_2,20
TXN-1101739,2024-05-17,Legal Consulting,US,US,Lawyer,3716.25,USD,credit_card,completed,13,4.1,False,743.25,top_rated,20
TXN-1101988,2024-05-17,Mobile App,US,SG,Software Engineer,105.96,USD,credit_card,completed,19,2.8,True,21.19,level_2,20
TXN-1101989,2024-05-17,AI/ML Development,US,US,Data Scientist,162.7,USD,credit_card,cancelled,21,,False,32.54,level_2,20
TXN-1102056,2024-05-17,Legal Consulting,US,FR,Lawyer,176.95,EUR,credit_card,completed,7,4.3,True,35.39,level_1,20
TXN-1101776,2024-05-17,Music Production,IN,IN,Designer,942.33,USD,bank_transfer,completed,20,3.2,False,188.47,rising_talent,20
TXN-1102024,2024-05-17,Legal Consulting,GB,IN,Lawyer,521.92,USD,credit_card,completed,12,4.4,False,104.38,level_1,20
TXN-1102041,2024-05-17,Data Analysis,FR,IL,Data Scientist,332.94,ILS,credit_card,completed,5,4.1,False,66.59,level_2,20
TXN-1102045,2024-05-17,Web Development,US,US,Software Engineer,288.89,USD,credit_card,completed,11,3.9,True,57.78,level_2,20
TXN-1102036,2024-05-17,Translation,NL,FR,Writer,98.57,GBP,credit_card,completed,2,4.2,True,19.71,rising_talent,20
TXN-1101997,2024-05-17,Social Media Management,DE,AU,Marketing Manager,29.42,GBP,bank_transfer,completed,10,3.6,False,5.88,rising_talent,20
TXN-1101802,2024-05-17,Video Production,US,DE,Designer,121.01,INR,credit_card,completed,6,3.7,False,24.2,rising_talent,20
TXN-1101917,2024-05-17,AI/ML Development,IN,CA,Data Scientist,177.98,USD,credit_card,completed,19,4.3,True,35.6,level_1,20
TXN-1102001,2024-05-17,Translation,GB,ZA,Writer,579.68,EUR,bank_transfer,completed,2,3.5,True,115.94,level_2,20
TXN-1102040,2024-05-17,Graphic Design,IN,IN,Designer,176.64,USD,credit_card,completed,8,4.2,False,35.33,level_2,20
TXN-1101982,2024-05-17,SEO/SEM,NL,US,Marketing Manager,96.0,USD,paypal,completed,12,3.4,False,19.2,level_1,20
TXN-1101794,2024-05-17,Web Development,GB,IN,Software Engineer,863.73,USD,paypal,completed,7,4.6,True,172.75,rising_talent,20
TXN-1101795,2024-05-17,Financial Modeling,GB,US,Accountant,71.02,EUR,bank_transfer,completed,8,4.3,False,14.2,level_1,20
TXN-1102005,2024-05-17,Social Media Management,AU,IN,Marketing Manager,32.72,USD,credit_card,completed,3,4.5,False,6.54,level_2,20
TXN-1102009,2024-05-17,AI/ML Development,ZA,US,Data Scientist,108.21,USD,credit_card,completed,22,4.7,False,21.64,level_1,20
TXN-1102020,2024-05-17,Mobile App,IN,BR,Software Engineer,72.09,USD,credit_card,completed,16,4.1,False,14.42,new_seller,20
TXN-1101910,2024-05-17,Graphic Design,JP,NL,Designer,955.17,USD,paypal,completed,4,4.7,False,191.03,new_seller,20
TXN-1101824,2024-05-17,Social Media Management,US,US,Marketing Manager,296.83,USD,paypal,completed,9,3.8,False,59.37,level_1,20
TXN-1101737,2024-05-17,Virtual Assistant,US,IL,HR Manager,90.0,USD,paypal,completed,1,2.2,True,18.0,rising_talent,20
TXN-1101872,2024-05-17,Translation,US,GB,Writer,1813.77,USD,credit_card,completed,2,3.5,False,362.75,rising_talent,20
TXN-1101875,2024-05-17,Content Writing,GB,IL,Writer,49.58,USD,crypto,completed,5,4.8,False,9.92,new_seller,20
TXN-1101876,2024-05-17,AI/ML Development,IN,US,Data Scientist,69.49,USD,credit_card,completed,16,3.4,False,13.9,top_rated,20
TXN-1101877,2024-05-17,Mobile App,US,AU,Software Engineer,24.74,USD,credit_card,completed,13,4.0,False,4.95,level_1,20
TXN-1101941,2024-05-17,Financial Modeling,GB,CA,Accountant,31.56,USD,credit_card,completed,13,3.9,False,6.31,level_2,20
TXN-1101702,2024-05-17,Legal Consulting,US,MX,Lawyer,485.07,USD,paypal,completed,22,4.4,False,97.01,level_1,20
TXN-1101878,2024-05-17,Social Media Management,IN,IN,Marketing Manager,164.33,USD,bank_transfer,completed,5,4.0,True,32.87,top_rated,20
TXN-1101882,2024-05-17,Web Development,FR,BR,Software Engineer,135.81,GBP,bank_transfer,completed,9,3.6,True,27.16,top_rated,20
TXN-1101884,2024-05-17,Content Writing,FR,GB,Writer,124.08,USD,bank_transfer,completed,8,4.1,False,24.82,level_2,20
TXN-1101885,2024-05-17,Mobile App,DE,ES,Software Engineer,320.53,USD,paypal,cancelled,30,,False,64.11,level_2,20
TXN-1101932,2024-05-17,AI/ML Development,IN,BR,Data Scientist,77.77,USD,credit_card,completed,12,4.8,False,15.55,level_1,20
TXN-1101699,2024-05-17,Web Development,US,US,Software Engineer,54.57,USD,paypal,completed,10,4.3,True,10.91,new_seller,20
TXN-1101892,2024-05-17,Web Development,GB,US,Software Engineer,72.99,USD,credit_card,completed,12,3.1,False,14.6,level_1,20
TXN-1101894,2024-05-17,Video Production,US,MX,Designer,133.7,ILS,paypal,completed,7,4.6,True,26.74,level_2,20
TXN-1101689,2024-05-17,Legal Consulting,US,US,Lawyer,107.22,USD,paypal,completed,9,4.6,False,21.44,level_1,20
TXN-1101900,2024-05-17,Graphic Design,US,US,Designer,326.29,USD,bank_transfer,completed,4,4.6,True,65.26,level_1,20
TXN-1102088,2024-05-17,Virtual Assistant,IN,IN,HR Manager,160.52,USD,credit_card,completed,3,3.6,False,32.1,new_seller,20
TXN-1101981,2024-05-17,Mobile App,CA,US,Software Engineer,95.73,ILS,paypal,completed,14,3.7,True,19.15,level_1,20
TXN-1101947,2024-05-17,Mobile App,NL,GB,Software Engineer,923.53,USD,bank_transfer,completed,30,3.7,True,184.71,level_1,20
TXN-1101946,2024-05-17,Data Analysis,CA,ES,Data Scientist,319.72,USD,credit_card,completed,6,2.9,True,63.94,new_seller,20
TXN-1102029,2024-05-17,Social Media Management,US,US,Marketing Manager,181.51,USD,paypal,completed,3,3.4,True,36.3,level_1,20
TXN-1101719,2024-05-17,Data Analysis,US,US,Data Scientist,75.75,USD,credit_card,completed,2,4.8,False,15.15,top_rated,20
TXN-1101868,2024-05-17,Financial Modeling,SG,US,Accountant,350.9,EUR,paypal,completed,5,3.8,False,70.18,level_1,20
TXN-1101730,2024-05-17,Graphic Design,ES,US,Designer,15.29,EUR,paypal,completed,5,3.0,False,3.06,top_rated,20
TXN-1101842,2024-05-17,Mobile App,NL,US,Software Engineer,151.52,USD,paypal,completed,13,4.1,True,30.3,level_2,20
TXN-1101827,2024-05-17,SEO/SEM,AU,JP,Marketing Manager,12.25,EUR,paypal,completed,6,4.7,False,2.45,top_rated,20
TXN-1101779,2024-05-17,Music Production,IN,IN,Designer,286.5,USD,credit_card,completed,7,4.8,False,57.3,level_1,20
TXN-1101836,2024-05-17,Legal Consulting,ZA,SG,Lawyer,327.37,GBP,bank_transfer,completed,8,5.0,True,65.47,level_1,20
TXN-1101961,2024-05-17,Virtual Assistant,ES,FR,HR Manager,338.3,USD,credit_card,completed,1,4.2,True,67.66,level_2,20
TXN-1101851,2024-05-17,SEO/SEM,IN,US,Marketing Manager,170.12,USD,credit_card,completed,18,4.2,False,34.02,new_seller,20
TXN-1101856,2024-05-17,Translation,US,IN,Writer,134.7,USD,credit_card,completed,2,4.0,True,26.94,rising_talent,20
TXN-1102070,2024-05-17,Mobile App,DE,IN,Software Engineer,126.39,GBP,credit_card,completed,17,4.1,True,25.28,level_1,20
TXN-1101823,2024-05-17,Content Writing,GB,IN,Writer,100.0,USD,credit_card,completed,2,2.4,True,20.0,level_1,20
TXN-1101858,2024-05-17,AI/ML Development,IN,IN,Data Scientist,151.55,USD,credit_card,completed,30,4.4,True,30.31,level_1,20
TXN-1101977,2024-05-17,Web Development,US,US,Software Engineer,427.64,USD,bank_transfer,completed,18,4.6,True,85.53,rising_talent,20
TXN-1101713,2024-05-17,Photography,AU,IN,Designer,111.6,EUR,bank_transfer,completed,3,4.4,False,22.32,new_seller,20
TXN-1101726,2024-05-17,Financial Modeling,IN,DE,Accountant,1085.6,USD,credit_card,completed,4,4.5,True,217.12,level_1,20
TXN-1101690,2024-05-18,Data Analysis,ZA,GB,Data Scientist,428.82,ILS,credit_card,completed,4,4.7,False,85.76,level_1,20
TXN-1102042,2024-05-18,AI/ML Development,US,IN,Data Scientist,125.09,USD,credit_card,completed,21,3.8,True,25.02,top_rated,20
TXN-1101772,2024-05-18,Legal Consulting,GB,MX,Lawyer,34.17,USD,credit_card,completed,8,4.9,True,6.83,level_2,20
TXN-1101767,2024-05-18,Content Writing,GB,NL,Writer,130.44,USD,credit_card,completed,3,3.7,True,26.09,level_1,20
TXN-1102039,2024-05-18,Graphic Design,US,DE,Designer,46.65,USD,credit_card,completed,11,4.5,True,9.33,level_2,20
TXN-1101761,2024-05-18,Web Development,GB,JP,Software Engineer,22.19,USD,credit_card,completed,11,4.2,True,4.44,level_1,20
TXN-1101763,2024-05-18,Music Production,US,GB,Designer,135.31,USD,credit_card,completed,17,4.1,False,27.06,level_2,20
TXN-1101706,2024-05-18,Mobile App,FR,DE,Software Engineer,7.81,USD,credit_card,completed,30,4.3,True,1.56,rising_talent,20
TXN-1101775,2024-05-18,Photography,GB,GB,Designer,24.45,GBP,paypal,completed,3,1.8,True,4.89,level_1,20
TXN-1102066,2024-05-18,Virtual Assistant,GB,ES,HR Manager,136.14,USD,credit_card,completed,2,4.3,True,27.23,new_seller,20
TXN-1102034,2024-05-18,Music Production,IN,DE,Designer,1494.49,USD,paypal,completed,13,3.1,False,298.9,new_seller,20
TXN-1101785,2024-05-18,Music Production,ES,US,Designer,85.32,USD,paypal,completed,8,4.4,False,17.06,level_1,20
TXN-1101983,2024-05-18,Photography,GB,ES,Designer,370.6,USD,bank_transfer,completed,4,3.5,False,74.12,level_2,20
TXN-1101979,2024-05-18,Mobile App,CA,ES,Software Engineer,327.7,USD,credit_card,completed,18,2.2,False,65.54,level_2,20
TXN-1101968,2024-05-18,Social Media Management,US,US,Marketing Manager,188.02,USD,credit_card,completed,3,4.3,False,37.6,level_1,20
TXN-1101964,2024-05-18,Graphic Design,IN,GB,Designer,30.07,ILS,bank_transfer,completed,6,4.1,False,6.01,level_1,20
TXN-1101857,2024-05-18,Video Production,GB,ES,Designer,714.34,GBP,bank_transfer,completed,6,4.1,True,142.87,level_2,20
TXN-1101867,2024-05-18,Legal Consulting,IL,US,Lawyer,80.48,USD,paypal,completed,10,4.1,False,16.1,rising_talent,20
TXN-1101940,2024-05-18,AI/ML Development,US,US,Data Scientist,106.73,USD,paypal,completed,18,2.5,True,21.35,top_rated,20
TXN-1101938,2024-05-18,Web Development,MX,DE,Software Engineer,237.95,USD,credit_card,completed,11,2.7,True,47.59,level_1,20
TXN-1101887,2024-05-18,Financial Modeling,NL,DE,Accountant,224.94,EUR,credit_card,completed,20,4.5,False,44.99,level_2,20
TXN-1101889,2024-05-18,Content Writing,ZA,US,Writer,705.5,GBP,paypal,completed,3,4.1,False,141.1,level_2,20
TXN-1101890,2024-05-18,Virtual Assistant,US,IN,HR Manager,767.61,USD,credit_card,completed,2,4.3,False,153.52,level_2,20
TXN-1101901,2024-05-18,Photography,US,US,Designer,220.83,USD,paypal,completed,4,4.7,False,44.17,top_rated,20
TXN-1101921,2024-05-18,Photography,CA,IN,Designer,21.71,USD,paypal,completed,12,2.8,True,4.34,level_2,20
TXN-1101902,2024-05-18,Social Media Management,DE,US,Marketing Manager,219.62,USD,bank_transfer,completed,5,4.4,False,43.92,level_1,20
TXN-1101781,2024-05-18,Content Writing,FR,US,Writer,130.09,USD,paypal,completed,1,4.8,True,26.02,level_1,20
TXN-1101985,2024-05-18,Social Media Management,US,MX,Marketing Manager,181.4,USD,paypal,completed,6,2.9,False,36.28,rising_talent,20
TXN-1101987,2024-05-18,Web Development,IN,BR,Software Engineer,21.5,GBP,crypto,completed,15,4.3,True,4.3,level_1,20
TXN-1101865,2024-05-18,Data Analysis,US,ES,Data Scientist,184.65,USD,paypal,completed,7,4.1,False,36.93,new_seller,20
TXN-1102012,2024-05-18,Video Production,MX,US,Designer,44.27,GBP,credit_card,completed,4,4.5,False,8.85,level_1,20
TXN-1102003,2024-05-18,SEO/SEM,IN,SG,Marketing Manager,48.71,USD,paypal,completed,7,4.3,False,9.74,level_1,20
TXN-1101993,2024-05-18,Web Development,GB,IN,Software Engineer,22.88,USD,credit_card,completed,19,4.9,False,4.58,new_seller,20
TXN-1102014,2024-05-18,Social Media Management,CA,MX,Marketing Manager,98.46,USD,crypto,completed,11,3.5,False,19.69,rising_talent,20
TXN-1101808,2024-05-18,Mobile App,US,DE,Software Engineer,157.22,GBP,bank_transfer,completed,30,4.7,True,31.44,level_2,20
TXN-1101806,2024-05-18,Web Development,IL,IL,Software Engineer,245.29,USD,credit_card,completed,9,4.0,False,49.06,level_1,20
TXN-1101801,2024-05-18,Legal Consulting,US,DE,Lawyer,71.98,USD,paypal,completed,17,3.9,False,14.4,level_1,20
TXN-1101999,2024-05-18,Data Analysis,IN,ES,Data Scientist,34.28,GBP,crypto,completed,8,3.7,False,6.86,level_2,20
TXN-1101931,2024-05-19,Photography,US,MX,Designer,148.1,INR,credit_card,cancelled,6,,True,29.62,level_2,20
TXN-1101694,2024-05-19,AI/ML Development,US,US,Data Scientist,90.31,GBP,crypto,completed,17,4.8,True,18.06,rising_talent,20
TXN-1102078,2024-05-19,SEO/SEM,US,IN,Marketing Manager,29.11,GBP,credit_card,completed,5,1.0,False,5.82,level_1,20
TXN-1102015,2024-05-19,Social Media Management,US,DE,Marketing Manager,158.34,GBP,paypal,completed,4,3.3,False,31.67,rising_talent,20
TXN-1101814,2024-05-19,Social Media Management,US,US,Marketing Manager,1763.69,USD,credit_card,completed,5,3.7,True,352.74,level_1,20
TXN-1102013,2024-05-19,SEO/SEM,US,US,Marketing Manager,89.23,USD,credit_card,completed,12,4.3,False,17.85,level_2,20
TXN-1101924,2024-05-19,Content Writing,ZA,US,Writer,160.3,USD,paypal,completed,4,4.9,False,32.06,level_1,20
TXN-1102017,2024-05-19,Virtual Assistant,US,DE,HR Manager,143.18,USD,credit_card,completed,1,4.2,False,28.64,level_2,20
TXN-1102084,2024-05-19,Web Development,US,US,Software Engineer,344.78,USD,paypal,completed,19,4.6,False,68.96,level_1,20
TXN-1101684,2024-05-19,Data Analysis,IN,MX,Data Scientist,17.86,USD,credit_card,completed,6,4.0,False,3.57,rising_talent,20
TXN-1101679,2024-05-19,Social Media Management,BR,US,Marketing Manager,67.39,USD,bank_transfer,completed,8,4.8,False,13.48,level_2,20
TXN-1101773,2024-05-19,Video Production,BR,MX,Designer,134.58,USD,credit_card,completed,7,4.8,False,26.92,level_1,20
TXN-1102021,2024-05-19,Mobile App,FR,US,Software Engineer,207.01,USD,credit_card,cancelled,30,,False,41.4,rising_talent,20
TXN-1101756,2024-05-19,Mobile App,NL,BR,Software Engineer,71.66,USD,bank_transfer,completed,23,4.6,False,14.33,top_rated,20
TXN-1102016,2024-05-19,SEO/SEM,FR,US,Marketing Manager,367.99,USD,crypto,completed,14,4.6,True,73.6,level_1,20
TXN-1101692,2024-05-19,Video Production,US,GB,Designer,63.16,EUR,paypal,cancelled,9,,True,12.63,top_rated,20
TXN-1101984,2024-05-19,Legal Consulting,BR,IN,Lawyer,699.83,USD,credit_card,completed,7,3.9,False,139.97,level_1,20
TXN-1101809,2024-05-19,Financial Modeling,IN,IL,Accountant,6.33,USD,credit_card,completed,8,2.8,False,1.27,rising_talent,20
TXN-1101745,2024-05-19,Mobile App,US,GB,Software Engineer,119.66,USD,credit_card,completed,22,4.0,True,23.93,rising_talent,20
TXN-1101738,2024-05-19,SEO/SEM,CA,US,Marketing Manager,40.98,GBP,credit_card,completed,9,3.9,False,8.2,rising_talent,20
TXN-1101819,2024-05-19,Mobile App,IN,GB,Software Engineer,195.04,USD,credit_card,completed,10,3.1,False,39.01,rising_talent,20
TXN-1101831,2024-05-19,SEO/SEM,US,IL,Marketing Manager,412.21,ILS,credit_card,completed,8,3.6,False,82.44,rising_talent,20
TXN-1101969,2024-05-19,Legal Consulting,MX,IN,Lawyer,77.91,USD,credit_card,cancelled,26,,True,15.58,rising_talent,20
TXN-1101733,2024-05-19,Photography,US,IN,Designer,84.41,USD,credit_card,completed,3,3.0,False,16.88,level_1,20
TXN-1101966,2024-05-19,Data Analysis,DE,US,Data Scientist,10.34,USD,paypal,completed,14,3.8,True,2.07,new_seller,20
TXN-1102065,2024-05-19,AI/ML Development,BR,US,Data Scientist,532.99,USD,paypal,completed,10,4.5,True,106.6,rising_talent,20
TXN-1101850,2024-05-19,Virtual Assistant,FR,IL,HR Manager,459.55,USD,credit_card,completed,1,4.8,False,91.91,new_seller,20
TXN-1101957,2024-05-19,Virtual Assistant,CA,US,HR Manager,43.3,USD,credit_card,completed,2,3.9,False,8.66,level_1,20
TXN-1102069,2024-05-19,Legal Consulting,DE,SG,Lawyer,106.73,USD,paypal,completed,7,4.2,False,21.35,level_2,20
TXN-1101728,2024-05-19,Social Media Management,BR,AU,Marketing Manager,54.84,GBP,bank_transfer,completed,7,4.9,True,10.97,new_seller,20
TXN-1101798,2024-05-19,SEO/SEM,BR,BR,Marketing Manager,69.89,ILS,credit_card,completed,15,4.8,True,13.98,top_rated,20
TXN-1102328,2024-05-20,Legal Consulting,IL,US,Lawyer,1826.13,USD,bank_transfer,completed,11,4.5,True,365.23,top_rated,21
TXN-1102368,2024-05-20,Translation,IN,IN,Writer,277.87,EUR,credit_card,completed,4,3.4,False,55.57,new_seller,21
TXN-1102130,2024-05-20,Content Writing,US,JP,Writer,26.16,USD,credit_card,completed,1,4.5,False,5.23,level_1,21
TXN-1102192,2024-05-20,Graphic Design,GB,IN,Designer,102.7,USD,paypal,completed,3,3.2,False,20.54,new_seller,21
TXN-1102209,2024-05-20,Financial Modeling,IN,IN,Accountant,1690.59,EUR,credit_card,completed,4,3.6,False,338.12,rising_talent,21
TXN-1102197,2024-05-20,Virtual Assistant,FR,GB,HR Manager,50.48,USD,credit_card,completed,1,3.3,False,10.1,rising_talent,21
TXN-1102199,2024-05-20,Data Analysis,AU,FR,Data Scientist,101.38,USD,credit_card,completed,8,4.4,True,20.28,new_seller,21
TXN-1102326,2024-05-20,Photography,BR,ES,Designer,745.84,USD,credit_card,completed,4,4.4,True,149.17,level_1,21
TXN-1102133,2024-05-20,Translation,BR,US,Writer,56.08,USD,credit_card,completed,2,4.8,False,11.22,new_seller,21
TXN-1102196,2024-05-20,Financial Modeling,IN,ES,Accountant,36.69,USD,credit_card,completed,7,4.6,True,7.34,level_1,21
TXN-1102178,2024-05-20,Financial Modeling,US,GB,Accountant,398.84,USD,paypal,completed,6,4.1,False,79.77,rising_talent,21
TXN-1102156,2024-05-20,Translation,IL,US,Writer,250.9,USD,paypal,completed,1,4.7,True,50.18,level_1,21
TXN-1102171,2024-05-20,Content Writing,BR,US,Writer,36.16,USD,credit_card,completed,3,3.6,False,7.23,level_2,21
TXN-1102138,2024-05-20,Social Media Management,IL,JP,Marketing Manager,135.2,USD,credit_card,completed,5,3.9,False,27.04,level_1,21
TXN-1102165,2024-05-20,Translation,ES,IN,Writer,84.57,USD,credit_card,completed,2,4.0,True,16.91,rising_talent,21
TXN-1102164,2024-05-20,AI/ML Development,IN,IN,Data Scientist,541.64,EUR,credit_card,completed,30,4.0,False,108.33,top_rated,21
TXN-1102348,2024-05-20,Financial Modeling,US,US,Accountant,58.4,USD,credit_card,completed,6,4.6,False,11.68,level_2,21
TXN-1102160,2024-05-20,Translation,IN,FR,Writer,182.65,EUR,paypal,completed,2,4.6,True,36.53,top_rated,21
TXN-1102145,2024-05-20,AI/ML Development,IN,GB,Data Scientist,72.58,USD,crypto,disputed,9,,True,14.52,level_2,21
TXN-1102359,2024-05-20,Virtual Assistant,US,ZA,HR Manager,5.0,GBP,credit_card,completed,1,4.2,False,1.0,new_seller,21
TXN-1102356,2024-05-20,Content Writing,IN,US,Writer,36.27,USD,credit_card,completed,3,4.7,False,7.25,level_2,21
TXN-1102175,2024-05-20,Content Writing,BR,IN,Writer,931.81,USD,paypal,completed,1,4.6,False,186.36,new_seller,21
TXN-1102216,2024-05-20,Music Production,ES,IN,Designer,261.9,USD,credit_card,completed,9,4.4,False,52.38,level_2,21
TXN-1102154,2024-05-20,Social Media Management,FR,CA,Marketing Manager,880.23,GBP,credit_card,completed,7,2.9,False,176.05,new_seller,21
TXN-1102256,2024-05-20,Photography,US,AU,Designer,150.11,USD,paypal,completed,2,3.8,True,30.02,new_seller,21
TXN-1102265,2024-05-20,Mobile App,FR,BR,Software Engineer,162.0,USD,bank_transfer,completed,30,3.7,False,32.4,level_2,21
TXN-1102379,2024-05-20,Translation,US,FR,Writer,52.27,USD,credit_card,completed,2,4.1,True,10.45,rising_talent,21
TXN-1102096,2024-05-20,Video Production,NL,GB,Designer,816.41,USD,credit_card,completed,6,4.1,True,163.28,top_rated,21
TXN-1102296,2024-05-20,Legal Consulting,FR,NL,Lawyer,115.99,USD,paypal,completed,15,4.3,False,23.2,level_2,21
TXN-1102095,2024-05-20,Web Development,ES,IN,Software Engineer,71.59,USD,credit_card,completed,7,3.9,False,14.32,level_2,21
TXN-1102094,2024-05-20,Translation,GB,IN,Writer,24.91,GBP,paypal,completed,4,3.9,True,4.98,level_1,21
TXN-1102093,2024-05-20,Mobile App,DE,US,Software Engineer,78.63,GBP,bank_transfer,completed,12,4.3,False,15.73,level_2,21
TXN-1102378,2024-05-20,Photography,US,IN,Designer,0.01,USD,credit_card,completed,6,4.2,True,0.0,new_seller,21
TXN-1102267,2024-05-20,Web Development,US,US,Software Engineer,69.16,USD,bank_transfer,completed,30,3.7,True,13.83,rising_talent,21
TXN-1102381,2024-05-20,Music Production,BR,US,Designer,354.94,EUR,paypal,completed,24,4.2,True,70.99,rising_talent,21
TXN-1102227,2024-05-20,AI/ML Development,US,IN,Data Scientist,93.67,INR,credit_card,completed,14,4.5,False,18.73,level_2,21
TXN-1102354,2024-05-20,Data Analysis,FR,DE,Data Scientist,216.72,USD,credit_card,completed,5,3.6,False,43.34,level_1,21
TXN-1102305,2024-05-20,SEO/SEM,ZA,US,Marketing Manager,305.81,ILS,paypal,completed,5,4.2,True,61.16,rising_talent,21
TXN-1102289,2024-05-20,Social Media Management,IN,AU,Marketing Manager,309.31,USD,credit_card,completed,13,4.9,False,61.86,new_seller,21
TXN-1102288,2024-05-21,Music Production,MX,US,Designer,50.77,EUR,credit_card,completed,13,4.8,False,10.15,rising_talent,21
TXN-1102276,2024-05-21,Legal Consulting,FR,JP,Lawyer,36.36,GBP,credit_card,completed,7,4.7,True,7.27,level_1,21
TXN-1102350,2024-05-21,Social Media Management,US,GB,Marketing Manager,20.06,USD,credit_card,completed,15,3.2,False,4.01,level_1,21
TXN-1102166,2024-05-21,Web Development,MX,US,Software Engineer,10.69,EUR,credit_card,completed,16,4.3,True,2.14,rising_talent,21
TXN-1102287,2024-05-21,Photography,US,BR,Designer,89.68,INR,bank_transfer,completed,3,4.5,False,17.94,top_rated,21
TXN-1102262,2024-05-21,Music Production,US,US,Designer,92.45,EUR,credit_card,completed,10,4.8,True,18.49,level_2,21
TXN-1102220,2024-05-21,Music Production,US,MX,Designer,154.75,USD,credit_card,completed,11,3.3,True,30.95,level_1,21
TXN-1102330,2024-05-21,Content Writing,US,IN,Writer,27.66,USD,credit_card,cancelled,1,,True,5.53,level_1,21
TXN-1102222,2024-05-21,Graphic Design,IL,IN,Designer,408.84,USD,paypal,completed,3,3.9,False,81.77,level_1,21
TXN-1102293,2024-05-21,SEO/SEM,DE,US,Marketing Manager,2127.69,GBP,paypal,completed,12,4.9,False,425.54,rising_talent,21
TXN-1102190,2024-05-21,Music Production,MX,GB,Designer,52.22,GBP,credit_card,completed,13,4.7,False,10.44,new_seller,21
TXN-1102329,2024-05-21,Graphic Design,IN,FR,Designer,2114.82,USD,credit_card,completed,2,4.2,False,422.96,new_seller,21
TXN-1102193,2024-05-21,AI/ML Development,SG,US,Data Scientist,49.3,USD,bank_transfer,completed,30,4.6,True,9.86,level_2,21
TXN-1102195,2024-05-21,Graphic Design,IN,ES,Designer,2424.18,USD,credit_card,completed,3,4.0,True,484.84,level_1,21
TXN-1102241,2024-05-21,AI/ML Development,IN,ZA,Data Scientist,235.14,EUR,bank_transfer,completed,18,4.0,True,47.03,new_seller,21
TXN-1102303,2024-05-21,Virtual Assistant,CA,US,HR Manager,14.03,USD,crypto,completed,2,3.9,False,2.81,rising_talent,21
TXN-1102206,2024-05-21,Web Development,US,US,Software Engineer,721.24,USD,crypto,in_progress,20,,False,144.25,new_seller,21
TXN-1102319,2024-05-21,SEO/SEM,BR,US,Marketing Manager,302.54,USD,bank_transfer,completed,10,4.5,False,60.51,rising_talent,21
TXN-1102306,2024-05-21,Legal Consulting,US,US,Lawyer,388.5,USD,paypal,completed,10,4.3,False,77.7,level_1,21
TXN-1102211,2024-05-21,Data Analysis,DE,CA,Data Scientist,471.09,ILS,credit_card,completed,12,4.7,False,94.22,level_2,21
TXN-1102312,2024-05-21,Video Production,US,US,Designer,632.47,USD,paypal,completed,4,3.8,True,126.49,new_seller,21
TXN-1102183,2024-05-21,Social Media Management,SG,NL,Marketing Manager,129.08,USD,credit_card,completed,5,3.5,True,25.82,top_rated,21
TXN-1102285,2024-05-21,Financial Modeling,BR,GB,Accountant,181.45,USD,bank_transfer,completed,13,1.0,True,36.29,new_seller,21
TXN-1102280,2024-05-21,Content Writing,IL,CA,Writer,106.98,USD,credit_card,cancelled,1,,True,21.4,rising_talent,21
TXN-1102121,2024-05-21,SEO/SEM,BR,DE,Marketing Manager,373.79,USD,credit_card,cancelled,12,,False,74.76,level_2,21
TXN-1102123,2024-05-21,Social Media Management,IL,CA,Marketing Manager,56.79,USD,credit_card,completed,5,4.0,True,11.36,level_1,21
TXN-1102107,2024-05-21,SEO/SEM,ES,US,Marketing Manager,23.15,USD,paypal,completed,9,4.4,False,4.63,rising_talent,21
TXN-1102113,2024-05-21,Virtual Assistant,ZA,US,HR Manager,34.17,USD,credit_card,completed,1,4.1,False,6.83,level_1,21
TXN-1102114,2024-05-21,Virtual Assistant,GB,CA,HR Manager,1144.59,EUR,paypal,completed,2,4.6,False,228.92,new_seller,21
TXN-1102369,2024-05-21,Graphic Design,DE,ES,Designer,95.24,USD,paypal,completed,5,4.9,True,19.05,rising_talent,21
TXN-1102143,2024-05-21,Data Analysis,ES,US,Data Scientist,27.04,USD,crypto,completed,6,3.0,False,5.41,level_2,21
TXN-1102360,2024-05-21,Translation,MX,DE,Writer,464.49,USD,credit_card,completed,2,3.4,False,92.9,rising_talent,21
TXN-1102097,2024-05-21,Content Writing,MX,ES,Writer,33.43,USD,credit_card,completed,4,3.4,False,6.69,level_1,21
TXN-1102382,2024-05-21,Data Analysis,ES,GB,Data Scientist,267.59,USD,paypal,completed,7,2.7,True,53.52,new_seller,21
TXN-1102108,2024-05-21,Video Production,US,DE,Designer,378.08,EUR,paypal,completed,8,4.4,True,75.62,level_1,21
TXN-1102212,2024-05-22,AI/ML Development,GB,DE,Data Scientist,271.96,USD,credit_card,completed,13,4.5,False,54.39,new_seller,21
TXN-1102232,2024-05-22,Content Writing,US,BR,Writer,118.19,USD,bank_transfer,completed,6,4.0,True,23.64,level_1,21
TXN-1102310,2024-05-22,Social Media Management,SG,GB,Marketing Manager,248.24,USD,credit_card,completed,8,2.7,False,49.65,new_seller,21
TXN-1102372,2024-05-22,Graphic Design,FR,ES,Designer,154.21,USD,credit_card,completed,6,4.2,False,30.84,level_1,21
TXN-1102221,2024-05-22,Content Writing,FR,CA,Writer,16.44,USD,credit_card,completed,4,4.4,False,3.29,level_2,21
TXN-1102318,2024-05-22,Music Production,DE,IN,Designer,136.35,USD,credit_card,completed,11,3.9,False,27.27,level_2,21
TXN-1102224,2024-05-22,Music Production,GB,ES,Designer,499.11,USD,credit_card,completed,5,4.8,True,99.82,level_2,21
TXN-1102226,2024-05-22,Financial Modeling,CA,DE,Accountant,1445.19,USD,credit_card,completed,11,4.7,True,289.04,rising_talent,21
TXN-1102376,2024-05-22,Mobile App,ZA,NL,Software Engineer,250.02,USD,paypal,completed,30,4.2,False,50.0,level_1,21
TXN-1102377,2024-05-22,AI/ML Development,IN,US,Data Scientist,1953.29,USD,paypal,completed,17,4.5,False,390.66,level_1,21
TXN-1102321,2024-05-22,Photography,ES,US,Designer,217.38,USD,paypal,completed,7,4.5,False,43.48,rising_talent,21
TXN-1102213,2024-05-22,Content Writing,BR,FR,Writer,20.39,USD,bank_transfer,completed,2,4.4,False,4.08,rising_talent,21
TXN-1102109,2024-05-22,Graphic Design,IL,FR,Designer,132.94,USD,paypal,completed,2,3.9,False,26.59,level_1,21
TXN-1102215,2024-05-22,Video Production,US,FR,Designer,127.08,USD,paypal,completed,6,4.6,True,25.42,top_rated,21
TXN-1102112,2024-05-22,SEO/SEM,DE,US,Marketing Manager,128.87,USD,credit_card,completed,20,4.2,True,25.77,rising_talent,21
TXN-1102352,2024-05-22,Web Development,BR,US,Software Engineer,608.47,USD,paypal,completed,18,4.0,False,121.69,level_2,21
TXN-1102237,2024-05-22,Music Production,US,FR,Designer,210.8,USD,paypal,completed,10,4.9,False,42.16,level_1,21
TXN-1102284,2024-05-22,Web Development,GB,BR,Software Engineer,176.4,EUR,paypal,completed,10,4.5,True,35.28,level_2,21
TXN-1102090,2024-05-22,Translation,IN,IN,Writer,232.91,ILS,paypal,completed,4,3.8,True,46.58,level_1,21
TXN-1102270,2024-05-22,Mobile App,US,IL,Software Engineer,753.4,USD,credit_card,completed,19,4.1,False,150.68,new_seller,21
TXN-1102269,2024-05-22,Virtual Assistant,US,US,HR Manager,71.69,USD,credit_card,completed,3,3.1,False,14.34,level_1,21
TXN-1102098,2024-05-22,Web Development,ZA,US,Software Engineer,29.32,USD,credit_card,completed,22,3.6,False,5.86,level_1,21
TXN-1102100,2024-05-22,AI/ML Development,NL,DE,Data Scientist,20.49,INR,credit_card,completed,19,3.0,False,4.1,level_1,21
TXN-1102259,2024-05-22,Music Production,IN,CA,Designer,275.13,ILS,credit_card,completed,9,4.9,False,55.03,level_1,21
TXN-1102236,2024-05-22,Virtual Assistant,IL,FR,HR Manager,102.3,GBP,paypal,completed,2,4.1,True,20.46,level_2,21
TXN-1102101,2024-05-22,Photography,US,GB,Designer,359.75,USD,paypal,completed,4,4.7,False,71.95,top_rated,21
TXN-1102105,2024-05-22,Virtual Assistant,ZA,GB,HR Manager,79.83,USD,bank_transfer,completed,1,4.0,False,15.97,new_seller,21
TXN-1102247,2024-05-22,Content Writing,JP,SG,Writer,144.78,EUR,paypal,completed,4,2.8,False,28.96,level_1,21
TXN-1102246,2024-05-22,Data Analysis,NL,AU,Data Scientist,30.05,USD,credit_card,completed,6,4.7,False,6.01,top_rated,21
TXN-1102245,2024-05-22,Data Analysis,ZA,US,Data Scientist,219.34,USD,credit_card,completed,7,4.1,False,43.87,new_seller,21
TXN-1102298,2024-05-22,AI/ML Development,SG,DE,Data Scientist,861.4,USD,credit_card,completed,24,3.7,False,172.28,level_1,21
TXN-1102243,2024-05-22,Data Analysis,GB,ZA,Data Scientist,15.78,USD,paypal,completed,6,4.5,False,3.16,level_1,21
TXN-1102300,2024-05-22,Music Production,US,BR,Designer,16.15,EUR,credit_card,completed,13,3.7,False,3.23,level_1,21
TXN-1102103,2024-05-22,Photography,DE,DE,Designer,128.71,USD,bank_transfer,completed,4,4.6,True,25.74,level_1,21
TXN-1102239,2024-05-22,Data Analysis,GB,SG,Data Scientist,75.38,USD,credit_card,completed,10,2.5,False,15.08,rising_talent,21
TXN-1102375,2024-05-22,Music Production,US,DE,Designer,143.24,USD,credit_card,completed,8,3.4,False,28.65,level_1,21
TXN-1102099,2024-05-22,Content Writing,US,GB,Writer,22.18,USD,credit_card,completed,3,4.0,False,4.44,level_1,21
TXN-1102343,2024-05-22,Translation,NL,CA,Writer,55.59,USD,credit_card,completed,5,4.8,False,11.12,level_2,21
TXN-1102177,2024-05-22,Mobile App,IN,ES,Software Engineer,335.34,USD,crypto,completed,30,3.6,False,67.07,rising_talent,21
TXN-1102167,2024-05-22,Web Development,US,US,Software Engineer,366.3,USD,credit_card,completed,24,3.8,True,73.26,level_1,21
TXN-1102139,2024-05-22,Translation,DE,US,Writer,79.89,USD,bank_transfer,completed,1,3.8,False,15.98,level_2,21
TXN-1102179,2024-05-22,Content Writing,US,US,Writer,84.97,USD,credit_card,completed,2,4.1,False,16.99,top_rated,21
TXN-1102182,2024-05-22,Graphic Design,US,ES,Designer,58.85,USD,bank_transfer,completed,5,3.8,False,11.77,rising_talent,21
TXN-1102344,2024-05-22,Web Development,US,DE,Software Engineer,301.5,USD,credit_card,completed,10,3.8,True,60.3,rising_talent,21
TXN-1102184,2024-05-22,Translation,CA,IN,Writer,115.52,USD,crypto,completed,4,4.4,False,23.1,new_seller,21
TXN-1102347,2024-05-22,Video Production,US,IN,Designer,108.11,USD,paypal,completed,4,4.0,True,21.62,level_2,21
TXN-1102159,2024-05-22,AI/ML Development,BR,AU,Data Scientist,296.72,EUR,credit_card,completed,19,4.6,True,59.34,level_2,21
TXN-1102370,2024-05-22,Virtual Assistant,FR,IL,HR Manager,1171.58,USD,credit_card,completed,1,4.4,True,234.32,level_1,21
TXN-1102126,2024-05-22,Content Writing,DE,US,Writer,94.5,USD,paypal,completed,3,4.1,False,18.9,new_seller,21
TXN-1102188,2024-05-22,Video Production,AU,US,Designer,106.3,USD,credit_card,completed,7,2.6,False,21.26,level_2,21
TXN-1102157,2024-05-22,SEO/SEM,DE,IN,Marketing Manager,104.25,USD,bank_transfer,completed,13,4.1,True,20.85,level_1,21
TXN-1102144,2024-05-22,Video Production,US,US,Designer,19.88,USD,credit_card,completed,6,4.3,False,3.98,level_2,21
TXN-1102371,2024-05-22,Web Development,MX,CA,Software Engineer,343.45,GBP,paypal,completed,18,4.0,False,68.69,top_rated,21
TXN-1102124,2024-05-22,Virtual Assistant,CA,NL,HR Manager,78.51,GBP,credit_card,completed,2,4.2,False,15.7,level_1,21
TXN-1102092,2024-05-23,Content Writing,GB,IL,Writer,81.0,USD,credit_card,completed,4,4.0,False,16.2,level_2,21
TXN-1102153,2024-05-23,Web Development,AU,US,Software Engineer,45.7,USD,credit_card,completed,15,2.8,True,9.14,rising_talent,21
TXN-1102275,2024-05-23,Social Media Management,IN,IN,Marketing Manager,305.36,EUR,credit_card,completed,6,3.4,False,61.07,level_1,21
TXN-1102273,2024-05-23,Web Development,US,BR,Software Engineer,59.32,USD,crypto,completed,15,1.0,False,11.86,level_2,21
TXN-1102248,2024-05-23,Photography,US,DE,Designer,53.12,EUR,credit_card,completed,5,3.1,False,10.62,rising_talent,21
TXN-1102249,2024-05-23,Music Production,US,NL,Designer,64.39,USD,credit_card,completed,16,4.4,False,12.88,level_2,21
TXN-1102357,2024-05-23,Financial Modeling,US,US,Accountant,354.11,USD,crypto,completed,15,3.4,True,70.82,level_2,21
TXN-1102252,2024-05-23,SEO/SEM,IN,IN,Marketing Manager,121.2,USD,bank_transfer,completed,8,4.2,True,24.24,level_1,21
TXN-1102140,2024-05-23,Social Media Management,US,US,Marketing Manager,29.16,USD,paypal,completed,5,4.2,False,5.83,level_2,21
TXN-1102292,2024-05-23,AI/ML Development,IL,IN,Data Scientist,135.58,USD,credit_card,completed,21,4.9,False,27.12,level_1,21
TXN-1102291,2024-05-23,Virtual Assistant,GB,JP,HR Manager,265.54,USD,paypal,completed,1,4.3,False,53.11,top_rated,21
TXN-1102349,2024-05-23,Data Analysis,FR,IN,Data Scientist,849.51,ILS,paypal,completed,5,4.2,False,169.9,level_2,21
TXN-1102380,2024-05-23,AI/ML Development,IN,US,Data Scientist,328.58,GBP,credit_card,completed,11,3.7,False,65.72,level_1,21
TXN-1102142,2024-05-23,SEO/SEM,US,IN,Marketing Manager,101.32,GBP,paypal,completed,16,4.5,True,20.26,top_rated,21
TXN-1102261,2024-05-23,Content Writing,FR,GB,Writer,150.64,ILS,credit_card,completed,3,3.9,False,30.13,new_seller,21
TXN-1102339,2024-05-23,SEO/SEM,US,SG,Marketing Manager,130.15,USD,credit_card,completed,12,3.6,False,26.03,level_1,21
TXN-1102279,2024-05-23,Data Analysis,US,BR,Data Scientist,27.44,EUR,paypal,completed,3,4.7,False,5.49,new_seller,21
TXN-1102263,2024-05-23,Virtual Assistant,DE,IN,HR Manager,121.95,USD,credit_card,completed,1,3.5,False,24.39,level_2,21
TXN-1102264,2024-05-23,Virtual Assistant,ZA,US,HR Manager,122.56,USD,bank_transfer,completed,1,4.2,False,24.51,new_seller,21
TXN-1102286,2024-05-23,AI/ML Development,BR,US,Data Scientist,453.34,USD,credit_card,completed,15,2.3,False,90.67,level_1,21
TXN-1102271,2024-05-23,Translation,JP,AU,Writer,37.24,USD,paypal,completed,2,4.3,False,7.45,level_1,21
TXN-1102240,2024-05-23,Legal Consulting,IN,CA,Lawyer,84.23,USD,crypto,completed,26,5.0,False,16.85,rising_talent,21
TXN-1102122,2024-05-23,Financial Modeling,IN,ES,Accountant,1553.2,EUR,paypal,completed,13,4.6,False,310.64,level_1,21
TXN-1102336,2024-05-23,Graphic Design,GB,IN,Designer,24.97,USD,credit_card,disputed,3,,True,4.99,rising_talent,21
TXN-1102189,2024-05-23,Translation,ZA,IN,Writer,65.5,USD,credit_card,completed,1,3.4,False,13.1,rising_talent,21
TXN-1102151,2024-05-23,Music Production,FR,US,Designer,279.27,USD,bank_transfer,completed,8,4.6,False,55.85,rising_talent,21
TXN-1102187,2024-05-23,Video Production,ZA,NL,Designer,1053.07,USD,credit_card,completed,6,4.3,False,210.61,level_1,21
TXN-1102208,2024-05-23,Virtual Assistant,IN,US,HR Manager,55.52,INR,credit_card,completed,2,3.8,False,11.1,level_1,21
TXN-1102185,2024-05-23,Video Production,DE,DE,Designer,31.69,USD,credit_card,completed,7,3.5,False,6.34,level_2,21
TXN-1102308,2024-05-23,AI/ML Development,IN,US,Data Scientist,130.58,USD,credit_card,completed,9,2.7,True,26.12,level_2,21
TXN-1102118,2024-05-23,Translation,IN,DE,Writer,64.13,USD,credit_card,completed,5,2.0,False,12.83,level_1,21
TXN-1102365,2024-05-23,Video Production,IN,FR,Designer,314.07,USD,crypto,completed,3,4.6,False,62.81,rising_talent,21
TXN-1102307,2024-05-23,Web Development,US,ES,Software Engineer,1112.86,USD,credit_card,completed,8,5.0,False,222.57,level_2,21
TXN-1102181,2024-05-23,Music Production,GB,US,Designer,31.45,USD,credit_card,completed,14,5.0,False,6.29,rising_talent,21
TXN-1102128,2024-05-23,AI/ML Development,US,IL,Data Scientist,286.38,USD,credit_card,completed,16,4.9,True,57.28,level_1,21
TXN-1102205,2024-05-23,Video Production,DE,IN,Designer,41.02,USD,bank_transfer,completed,8,2.9,True,8.2,level_2,21
TXN-1102322,2024-05-23,SEO/SEM,DE,GB,Marketing Manager,174.41,USD,bank_transfer,completed,9,4.6,False,34.88,level_2,21
TXN-1102323,2024-05-23,SEO/SEM,MX,MX,Marketing Manager,56.56,USD,bank_transfer,completed,11,4.4,True,11.31,level_1,21
TXN-1102233,2024-05-23,Content Writing,US,AU,Writer,1512.47,USD,credit_card,completed,3,4.0,False,302.49,level_1,21
TXN-1102234,2024-05-23,Video Production,IL,US,Designer,23.04,USD,paypal,completed,4,4.5,False,4.61,rising_talent,21
TXN-1102335,2024-05-23,Content Writing,DE,SG,Writer,33.96,USD,paypal,completed,2,3.6,False,6.79,rising_talent,21
TXN-1102120,2024-05-23,Video Production,US,ES,Designer,61.59,USD,credit_card,completed,7,4.6,False,12.32,top_rated,21
TXN-1102362,2024-05-23,Data Analysis,ZA,GB,Data Scientist,35.36,USD,credit_card,completed,10,3.4,False,7.07,new_seller,21
TXN-1102230,2024-05-23,Social Media Management,GB,US,Marketing Manager,34.46,USD,credit_card,completed,4,4.3,False,6.89,level_2,21
TXN-1102210,2024-05-23,Social Media Management,US,DE,Marketing Manager,60.5,USD,paypal,completed,5,4.5,False,12.1,level_1,21
TXN-1102353,2024-05-24,Photography,US,SG,Designer,32.87,USD,paypal,completed,3,3.7,True,6.57,level_1,21
TXN-1102324,2024-05-24,AI/ML Development,ES,US,Data Scientist,617.26,USD,credit_card,completed,23,4.1,False,123.45,top_rated,21
TXN-1102283,2024-05-24,Virtual Assistant,AU,US,HR Manager,60.77,USD,bank_transfer,completed,1,4.7,False,12.15,rising_talent,21
TXN-1102373,2024-05-24,Web Development,DE,US,Software Engineer,80.58,USD,credit_card,completed,18,3.3,False,16.12,level_1,21
TXN-1102282,2024-05-24,Data Analysis,IN,ZA,Data Scientist,286.1,EUR,credit_card,completed,3,3.9,True,57.22,top_rated,21
TXN-1102301,2024-05-24,Financial Modeling,GB,FR,Accountant,373.65,USD,paypal,completed,7,4.0,False,74.73,new_seller,21
TXN-1102314,2024-05-24,Translation,IN,IN,Writer,219.04,EUR,credit_card,completed,3,4.8,False,43.81,top_rated,21
TXN-1102327,2024-05-24,Photography,GB,NL,Designer,184.03,EUR,paypal,completed,6,4.6,False,36.81,level_2,21
TXN-1102290,2024-05-24,Video Production,US,IN,Designer,176.62,USD,credit_card,completed,6,4.7,True,35.32,level_1,21
TXN-1102334,2024-05-24,Social Media Management,US,DE,Marketing Manager,3695.74,USD,credit_card,completed,4,2.8,True,739.15,rising_talent,21
TXN-1102304,2024-05-24,Photography,GB,IN,Designer,1146.71,USD,paypal,completed,3,4.7,True,229.34,new_seller,21
TXN-1102297,2024-05-24,Mobile App,FR,CA,Software Engineer,419.37,USD,credit_card,completed,26,4.1,False,83.87,new_seller,21
TXN-1102364,2024-05-24,Video Production,GB,GB,Designer,33.4,USD,paypal,disputed,10,,False,6.68,level_1,21
TXN-1102342,2024-05-24,Mobile App,BR,US,Software Engineer,657.55,EUR,credit_card,completed,20,4.6,False,131.51,level_1,21
TXN-1102341,2024-05-24,Virtual Assistant,FR,DE,HR Manager,123.03,USD,paypal,completed,1,4.7,False,24.61,level_1,21
TXN-1102361,2024-05-24,Financial Modeling,US,GB,Accountant,93.21,USD,paypal,completed,18,4.9,False,18.64,new_seller,21
TXN-1102340,2024-05-24,Video Production,US,CA,Designer,48.86,ILS,paypal,completed,5,4.5,False,9.77,level_1,21
TXN-1102374,2024-05-24,Financial Modeling,AU,US,Accountant,61.89,USD,paypal,completed,7,3.8,False,12.38,rising_talent,21
TXN-1102367,2024-05-24,Photography,US,SG,Designer,355.37,USD,credit_card,completed,3,4.6,False,71.07,level_1,21
TXN-1102366,2024-05-24,Data Analysis,US,US,Data Scientist,848.69,EUR,credit_card,completed,15,4.5,False,169.74,new_seller,21
TXN-1102278,2024-05-24,Photography,CA,AU,Designer,349.78,ILS,bank_transfer,completed,2,4.2,False,69.96,rising_talent,21
TXN-1102231,2024-05-24,Video Production,IL,IN,Designer,1824.85,USD,bank_transfer,completed,5,4.1,False,364.97,level_1,21
TXN-1102136,2024-05-24,Financial Modeling,IN,US,Accountant,21.73,EUR,credit_card,completed,18,4.8,False,4.35,level_1,21
TXN-1102141,2024-05-24,Data Analysis,US,GB,Data Scientist,174.31,USD,credit_card,completed,11,3.6,False,34.86,top_rated,21
TXN-1102219,2024-05-24,Financial Modeling,US,IN,Accountant,153.13,USD,credit_card,completed,8,4.8,False,30.63,rising_talent,21
TXN-1102218,2024-05-24,SEO/SEM,US,US,Marketing Manager,430.19,USD,credit_card,completed,9,3.7,False,86.04,level_1,21
TXN-1102150,2024-05-24,Music Production,US,IN,Designer,2140.48,EUR,credit_card,completed,9,2.8,True,428.1,level_1,21
TXN-1102217,2024-05-24,Graphic Design,IN,US,Designer,238.84,GBP,credit_card,completed,6,4.4,False,47.77,top_rated,21
TXN-1102158,2024-05-24,Social Media Management,CA,AU,Marketing Manager,78.94,USD,paypal,completed,7,4.5,True,15.79,level_1,21
TXN-1102207,2024-05-24,Photography,FR,DE,Designer,210.76,USD,credit_card,completed,4,4.5,False,42.15,top_rated,21
TXN-1102203,2024-05-24,AI/ML Development,IN,IL,Data Scientist,145.21,USD,bank_transfer,in_progress,13,,False,29.04,top_rated,21
TXN-1102163,2024-05-24,Video Production,IN,US,Designer,74.36,USD,bank_transfer,completed,8,4.4,True,14.87,level_1,21
TXN-1102170,2024-05-24,Social Media Management,GB,ES,Marketing Manager,179.3,USD,credit_card,completed,4,4.0,False,35.86,level_2,21
TXN-1102200,2024-05-24,Content Writing,US,GB,Writer,81.78,USD,credit_card,completed,3,4.1,True,16.36,level_2,21
TXN-1102191,2024-05-24,Social Media Management,IN,GB,Marketing Manager,42.3,GBP,bank_transfer,completed,4,4.1,False,8.46,level_1,21
TXN-1102186,2024-05-24,Video Production,FR,DE,Designer,469.12,GBP,bank_transfer,completed,15,4.1,False,93.82,level_1,21
TXN-1102132,2024-05-24,Content Writing,US,IL,Writer,3806.96,USD,paypal,completed,5,4.3,False,761.39,level_2,21
TXN-1102242,2024-05-24,Content Writing,US,ZA,Writer,318.87,USD,bank_transfer,completed,3,4.5,True,63.77,top_rated,21
TXN-1102223,2024-05-24,Financial Modeling,ZA,US,Accountant,259.64,USD,crypto,completed,11,3.6,False,51.93,new_seller,21
TXN-1102244,2024-05-24,Virtual Assistant,DE,US,HR Manager,1033.51,USD,credit_card,completed,1,3.5,False,206.7,level_1,21
TXN-1102277,2024-05-24,Mobile App,US,DE,Software Engineer,430.34,EUR,bank_transfer,completed,25,4.0,False,86.07,rising_talent,21
TXN-1102274,2024-05-24,Translation,SG,CA,Writer,125.14,INR,credit_card,completed,2,4.4,True,25.03,level_1,21
TXN-1102272,2024-05-24,Translation,AU,NL,Writer,684.66,USD,credit_card,completed,3,4.7,False,136.93,level_1,21
TXN-1102281,2024-05-24,AI/ML Development,DE,US,Data Scientist,46.47,USD,credit_card,in_progress,25,,False,9.29,new_seller,21
TXN-1102266,2024-05-24,Content Writing,IN,SG,Writer,747.67,USD,paypal,completed,2,4.0,True,149.53,level_2,21
TXN-1102091,2024-05-24,Financial Modeling,FR,ES,Accountant,62.26,USD,paypal,completed,14,4.2,True,12.45,top_rated,21
TXN-1102102,2024-05-24,Photography,US,GB,Designer,495.06,USD,bank_transfer,completed,3,3.1,False,99.01,level_1,21
TXN-1102129,2024-05-24,Photography,IN,IN,Designer,284.79,GBP,credit_card,completed,3,4.4,False,56.96,new_seller,21
TXN-1102110,2024-05-24,Content Writing,CA,US,Writer,164.59,USD,paypal,completed,1,4.5,False,32.92,level_2,21
TXN-1102115,2024-05-24,Photography,CA,US,Designer,352.89,USD,crypto,completed,2,3.6,False,70.58,level_1,21
TXN-1102180,2024-05-24,Content Writing,IN,IN,Writer,132.61,EUR,crypto,completed,5,3.9,False,26.52,rising_talent,21
TXN-1102119,2024-05-24,Mobile App,AU,NL,Software Engineer,172.39,INR,paypal,completed,26,3.7,False,34.48,new_seller,21
TXN-1102117,2024-05-24,AI/ML Development,US,US,Data Scientist,210.26,USD,credit_card,completed,13,3.8,False,42.05,rising_talent,21
TXN-1102125,2024-05-24,Legal Consulting,US,CA,Lawyer,110.77,USD,paypal,completed,6,4.4,True,22.15,level_2,21
TXN-1102251,2024-05-24,Virtual Assistant,IL,BR,HR Manager,59.24,USD,bank_transfer,completed,1,4.5,False,11.85,level_2,21
TXN-1102253,2024-05-24,Social Media Management,FR,IL,Marketing Manager,31.77,USD,paypal,completed,7,4.3,True,6.35,new_seller,21
TXN-1102174,2024-05-25,AI/ML Development,US,IN,Data Scientist,347.91,USD,paypal,completed,20,4.3,False,69.58,top_rated,21
TXN-1102337,2024-05-25,Social Media Management,GB,DE,Marketing Manager,494.33,ILS,bank_transfer,completed,18,3.8,True,98.87,level_2,21
TXN-1102135,2024-05-25,Photography,NL,IN,Designer,238.7,USD,credit_card,completed,2,3.9,True,47.74,level_1,21
TXN-1102363,2024-05-25,Video Production,US,SG,Designer,388.47,EUR,bank_transfer,completed,10,3.9,False,77.69,level_1,21
TXN-1102338,2024-05-25,Social Media Management,US,FR,Marketing Manager,3303.05,USD,credit_card,completed,4,3.4,False,660.61,level_2,21
TXN-1102173,2024-05-25,Data Analysis,GB,BR,Data Scientist,389.16,GBP,bank_transfer,completed,11,4.4,True,77.83,level_1,21
TXN-1102148,2024-05-25,Virtual Assistant,MX,US,HR Manager,759.5,USD,credit_card,completed,1,3.9,False,151.9,level_2,21
TXN-1102146,2024-05-25,Financial Modeling,IN,US,Accountant,48.16,USD,bank_transfer,completed,16,3.6,False,9.63,level_2,21
TXN-1102345,2024-05-25,Translation,FR,FR,Writer,82.84,EUR,crypto,completed,2,4.2,True,16.57,level_1,21
TXN-1102346,2024-05-25,AI/ML Development,DE,US,Data Scientist,153.09,USD,credit_card,completed,20,4.1,False,30.62,rising_talent,21
TXN-1102176,2024-05-25,Translation,IN,US,Writer,1380.21,USD,crypto,completed,2,4.0,True,276.04,rising_talent,21
TXN-1102161,2024-05-25,Graphic Design,IN,JP,Designer,435.72,USD,bank_transfer,completed,2,3.2,False,87.14,level_1,21
TXN-1102358,2024-05-25,Music Production,NL,NL,Designer,110.59,INR,credit_card,completed,12,4.0,False,22.12,rising_talent,21
TXN-1102155,2024-05-25,Social Media Management,US,SG,Marketing Manager,11.43,USD,paypal,completed,6,4.4,True,2.29,new_seller,21
TXN-1102152,2024-05-25,Graphic Design,ZA,BR,Designer,155.29,USD,credit_card,completed,2,4.6,False,31.06,new_seller,21
TXN-1102168,2024-05-25,SEO/SEM,IN,SG,Marketing Manager,451.11,USD,crypto,completed,7,4.1,True,90.22,rising_talent,21
TXN-1102106,2024-05-25,SEO/SEM,IL,MX,Marketing Manager,20.61,USD,credit_card,completed,7,3.9,False,4.12,rising_talent,21
TXN-1102162,2024-05-25,Data Analysis,SG,ZA,Data Scientist,54.57,USD,credit_card,completed,11,4.6,True,10.91,level_2,21
TXN-1102332,2024-05-25,Data Analysis,CA,US,Data Scientist,98.89,USD,credit_card,in_progress,4,,False,19.78,new_seller,21
TXN-1102254,2024-05-25,Music Production,GB,IN,Designer,255.01,USD,credit_card,completed,10,3.1,True,51.0,level_1,21
TXN-1102313,2024-05-25,AI/ML Development,US,US,Data Scientist,73.63,USD,paypal,completed,15,2.8,False,14.73,level_1,21
TXN-1102315,2024-05-25,Virtual Assistant,AU,CA,HR Manager,456.03,USD,paypal,completed,1,2.8,False,91.21,level_1,21
TXN-1102316,2024-05-25,Video Production,US,SG,Designer,123.36,USD,credit_card,completed,7,4.2,True,24.67,level_2,21
TXN-1102255,2024-05-25,SEO/SEM,ZA,CA,Marketing Manager,65.91,USD,crypto,completed,4,4.0,False,13.18,rising_talent,21
TXN-1102214,2024-05-25,Content Writing,GB,IL,Writer,199.43,GBP,paypal,completed,3,4.5,False,39.89,level_1,21
TXN-1102257,2024-05-25,Mobile App,IN,BR,Software Engineer,599.25,USD,paypal,completed,27,2.5,False,119.85,new_seller,21
TXN-1102320,2024-05-25,Content Writing,US,US,Writer,468.58,USD,crypto,completed,4,4.4,False,93.72,new_seller,21
TXN-1102229,2024-05-25,Legal Consulting,SG,US,Lawyer,130.18,EUR,credit_card,completed,10,3.5,False,26.04,level_1,21
TXN-1102235,2024-05-25,Mobile App,BR,SG,Software Engineer,1066.44,USD,paypal,disputed,18,,False,213.29,top_rated,21
TXN-1102325,2024-05-25,Music Production,ES,US,Designer,556.52,USD,bank_transfer,completed,9,3.3,False,111.3,level_2,21
TXN-1102302,2024-05-25,Translation,GB,IN,Writer,214.94,USD,credit_card,completed,2,4.6,False,42.99,new_seller,21
TXN-1102198,2024-05-25,Social Media Management,FR,SG,Marketing Manager,97.0,INR,credit_card,completed,9,4.0,False,19.4,level_2,21
TXN-1102268,2024-05-25,SEO/SEM,BR,SG,Marketing Manager,5.0,USD,bank_transfer,completed,14,3.3,False,1.0,level_2,21
TXN-1102331,2024-05-25,Financial Modeling,MX,US,Accountant,509.12,USD,credit_card,completed,95,4.3,False,101.82,top_rated,21
TXN-1102202,2024-05-25,SEO/SEM,DE,US,Marketing Manager,116.53,USD,crypto,completed,5,4.6,False,23.31,rising_talent,21
TXN-1102309,2024-05-25,Photography,CA,DE,Designer,380.47,USD,paypal,completed,3,3.4,False,76.09,new_seller,21
TXN-1102299,2024-05-26,Content Writing,US,IN,Writer,47.91,EUR,paypal,completed,1,4.2,False,9.58,top_rated,21
TXN-1102250,2024-05-26,Mobile App,IN,IN,Software Engineer,292.22,EUR,bank_transfer,completed,30,4.7,True,58.44,level_2,21
TXN-1102127,2024-05-26,Data Analysis,DE,US,Data Scientist,231.16,EUR,paypal,completed,6,4.3,True,46.23,level_1,21
TXN-1102111,2024-05-26,Translation,US,NL,Writer,37.05,USD,credit_card,completed,2,4.0,True,7.41,level_1,21
TXN-1102294,2024-05-26,SEO/SEM,FR,CA,Marketing Manager,317.21,USD,paypal,completed,20,4.6,True,63.44,rising_talent,21
TXN-1102333,2024-05-26,Video Production,ES,FR,Designer,80.59,EUR,bank_transfer,completed,5,4.8,True,16.12,level_1,21
TXN-1102131,2024-05-26,Financial Modeling,US,IN,Accountant,224.35,GBP,credit_card,completed,15,4.4,True,44.87,level_2,21
TXN-1102104,2024-05-26,Web Development,US,US,Software Engineer,266.45,USD,paypal,completed,15,3.2,False,53.29,level_2,21
TXN-1102258,2024-05-26,Translation,GB,US,Writer,213.99,ILS,paypal,completed,1,4.7,False,42.8,level_1,21
TXN-1102260,2024-05-26,AI/ML Development,US,CA,Data Scientist,5.0,USD,credit_card,completed,10,4.7,False,1.0,level_1,21
TXN-1102089,2024-05-26,Financial Modeling,AU,FR,Accountant,924.46,USD,paypal,completed,6,4.9,True,184.89,rising_talent,21
TXN-1102295,2024-05-26,Video Production,US,DE,Designer,10.13,GBP,crypto,completed,3,4.4,False,2.03,level_1,21
TXN-1102238,2024-05-26,Web Development,IN,US,Software Engineer,61.41,USD,credit_card,completed,12,3.2,True,12.28,level_1,21
TXN-1102116,2024-05-26,Translation,GB,IL,Writer,231.32,USD,bank_transfer,completed,6,4.2,True,46.26,level_2,21
TXN-1102134,2024-05-26,Music Production,IN,ZA,Designer,172.66,USD,credit_card,completed,13,4.3,False,34.53,level_2,21
TXN-1102194,2024-05-26,Social Media Management,US,GB,Marketing Manager,61.38,USD,credit_card,completed,8,3.2,True,12.28,level_1,21
TXN-1102169,2024-05-26,Web Development,JP,CA,Software Engineer,34.08,USD,paypal,completed,21,4.1,False,6.82,rising_talent,21
TXN-1102201,2024-05-26,Mobile App,US,CA,Software Engineer,366.04,USD,paypal,completed,18,4.5,False,73.21,level_1,21
TXN-1102204,2024-05-26,Photography,US,US,Designer,175.87,USD,credit_card,completed,5,4.5,False,35.17,level_1,21
TXN-1102317,2024-05-26,Translation,US,MX,Writer,42.23,USD,credit_card,completed,4,3.5,False,8.45,rising_talent,21
TXN-1102351,2024-05-26,Video Production,US,ZA,Designer,33.45,USD,credit_card,completed,5,4.2,False,6.69,rising_talent,21
TXN-1102172,2024-05-26,SEO/SEM,IN,US,Marketing Manager,116.38,USD,paypal,completed,7,4.7,False,23.28,level_2,21
TXN-1102355,2024-05-26,Translation,IN,IN,Writer,94.47,USD,credit_card,completed,2,4.7,False,18.89,level_1,21
TXN-1102149,2024-05-26,SEO/SEM,FR,DE,Marketing Manager,262.92,GBP,crypto,completed,9,3.0,False,52.58,level_1,21
TXN-1102228,2024-05-26,Video Production,GB,DE,Designer,69.56,USD,paypal,completed,8,2.0,True,13.91,rising_talent,21
TXN-1102225,2024-05-26,Social Media Management,IN,ES,Marketing Manager,74.47,USD,bank_transfer,completed,6,4.7,False,14.89,top_rated,21
TXN-1102137,2024-05-26,AI/ML Development,IN,US,Data Scientist,61.25,USD,credit_card,completed,27,4.0,True,12.25,new_seller,21
TXN-1102311,2024-05-26,Social Media Management,IN,IN,Marketing Manager,377.96,USD,credit_card,completed,7,3.8,True,75.59,rising_talent,21
TXN-1102147,2024-05-26,AI/ML Development,MX,BR,Data Scientist,5.0,EUR,paypal,completed,16,4.1,True,1.0,level_1,21
TXN-1102644,2024-05-27,Legal Consulting,NL,GB,Lawyer,1431.6,USD,credit_card,completed,14,2.8,False,286.32,level_2,22
TXN-1102593,2024-05-27,Photography,IN,GB,Designer,322.68,USD,credit_card,completed,8,3.5,False,64.54,level_2,22
TXN-1102642,2024-05-27,Web Development,AU,FR,Software Engineer,140.54,USD,credit_card,completed,8,4.8,True,28.11,level_1,22
TXN-1102625,2024-05-27,Graphic Design,US,US,Designer,38.79,USD,credit_card,completed,6,3.6,False,7.76,level_2,22
TXN-1102442,2024-05-27,SEO/SEM,US,US,Marketing Manager,338.43,GBP,paypal,completed,14,4.9,False,67.69,new_seller,22
TXN-1102612,2024-05-27,SEO/SEM,DE,BR,Marketing Manager,69.85,USD,credit_card,completed,8,4.7,False,13.97,new_seller,22
TXN-1102445,2024-05-27,Graphic Design,US,MX,Designer,131.38,USD,credit_card,completed,4,4.6,True,26.28,level_1,22
TXN-1102448,2024-05-27,Photography,MX,DE,Designer,31.64,USD,credit_card,completed,7,4.1,False,6.33,level_2,22
TXN-1102449,2024-05-27,Virtual Assistant,DE,ZA,HR Manager,615.37,USD,credit_card,completed,2,4.4,False,123.07,level_2,22
TXN-1102610,2024-05-27,Video Production,IN,FR,Designer,100.1,USD,paypal,completed,5,4.8,False,20.02,new_seller,22
TXN-1102606,2024-05-27,Data Analysis,IN,ZA,Data Scientist,33.52,USD,credit_card,completed,6,4.6,False,6.7,rising_talent,22
TXN-1102600,2024-05-27,Music Production,JP,US,Designer,1012.12,USD,paypal,completed,18,4.2,False,202.42,rising_talent,22
TXN-1102457,2024-05-27,Web Development,US,ZA,Software Engineer,122.38,INR,bank_transfer,completed,15,3.3,True,24.48,level_2,22
TXN-1102590,2024-05-27,Video Production,FR,FR,Designer,742.21,USD,paypal,completed,4,3.9,False,148.44,new_seller,22
TXN-1102561,2024-05-27,Mobile App,IN,US,Software Engineer,1144.54,USD,credit_card,completed,27,4.7,False,228.91,level_1,22
TXN-1102581,2024-05-27,Video Production,US,DE,Designer,141.75,USD,credit_card,completed,7,4.8,False,28.35,level_2,22
TXN-1102470,2024-05-27,AI/ML Development,IN,US,Data Scientist,360.05,USD,credit_card,completed,12,3.3,False,72.01,level_1,22
TXN-1102472,2024-05-27,Financial Modeling,GB,CA,Accountant,66.05,USD,credit_card,completed,16,4.7,False,13.21,new_seller,22
TXN-1102474,2024-05-27,Virtual Assistant,DE,DE,HR Manager,170.19,USD,credit_card,completed,2,4.8,False,34.04,level_1,22
TXN-1102478,2024-05-27,Graphic Design,IN,US,Designer,22.81,ILS,credit_card,completed,6,4.5,False,4.56,new_seller,22
TXN-1102567,2024-05-27,Content Writing,JP,US,Writer,106.55,USD,credit_card,completed,2,4.5,False,21.31,level_1,22
TXN-1102515,2024-05-27,SEO/SEM,ZA,AU,Marketing Manager,167.83,USD,credit_card,completed,11,4.8,True,33.57,level_1,22
TXN-1102559,2024-05-27,Virtual Assistant,JP,GB,HR Manager,834.71,EUR,paypal,completed,2,4.0,False,166.94,level_2,22
TXN-1102556,2024-05-27,AI/ML Development,DE,IN,Data Scientist,22.75,USD,credit_card,completed,30,4.4,True,4.55,level_1,22
TXN-1102551,2024-05-27,Legal Consulting,FR,DE,Lawyer,392.6,USD,bank_transfer,completed,13,4.4,False,78.52,rising_talent,22
TXN-1102496,2024-05-27,Photography,AU,BR,Designer,487.78,USD,credit_card,cancelled,2,,True,97.56,level_2,22
TXN-1102533,2024-05-27,Video Production,IN,IL,Designer,625.22,ILS,paypal,disputed,3,,False,125.04,level_2,22
TXN-1102502,2024-05-27,Translation,AU,ZA,Writer,11.41,USD,paypal,completed,2,3.3,True,2.28,new_seller,22
TXN-1102651,2024-05-27,Data Analysis,IL,DE,Data Scientist,123.22,USD,credit_card,completed,3,2.6,False,24.64,level_2,22
TXN-1102587,2024-05-27,Music Production,US,US,Designer,75.64,USD,credit_card,completed,9,4.6,True,15.13,level_1,22
TXN-1102671,2024-05-27,AI/ML Development,US,US,Data Scientist,41.3,USD,credit_card,completed,15,4.4,True,8.26,rising_talent,22
TXN-1102698,2024-05-27,Translation,ZA,NL,Writer,223.9,GBP,credit_card,completed,3,4.3,True,44.78,new_seller,22
TXN-1102399,2024-05-27,Web Development,NL,IN,Software Engineer,213.16,GBP,paypal,completed,14,4.1,False,42.63,rising_talent,22
TXN-1102712,2024-05-27,Translation,BR,DE,Writer,184.81,INR,credit_card,completed,7,4.6,True,36.96,rising_talent,22
TXN-1102707,2024-05-27,Video Production,SG,ES,Designer,774.04,USD,paypal,completed,4,4.4,False,154.81,level_2,22
TXN-1102680,2024-05-27,Data Analysis,IL,US,Data Scientist,113.08,USD,credit_card,completed,9,4.1,False,22.62,top_rated,22
TXN-1102387,2024-05-27,Data Analysis,SG,BR,Data Scientist,64.44,USD,credit_card,completed,10,3.4,False,12.89,level_2,22
TXN-1102705,2024-05-27,Data Analysis,US,DE,Data Scientist,260.37,USD,paypal,completed,9,1.9,False,52.07,rising_talent,22
TXN-1102683,2024-05-27,Photography,DE,IN,Designer,438.99,EUR,credit_card,completed,3,4.6,False,87.8,rising_talent,22
TXN-1102385,2024-05-27,Financial Modeling,FR,GB,Accountant,46.14,USD,credit_card,completed,11,4.3,False,9.23,rising_talent,22
TXN-1102392,2024-05-27,AI/ML Development,US,IN,Data Scientist,76.21,GBP,paypal,completed,16,4.1,False,15.24,level_1,22
TXN-1102687,2024-05-27,Mobile App,IN,IN,Software Engineer,119.89,USD,paypal,completed,30,4.5,True,23.98,rising_talent,22
TXN-1102725,2024-05-27,Legal Consulting,IN,US,Lawyer,14.48,USD,paypal,completed,13,3.9,False,2.9,rising_talent,22
TXN-1102403,2024-05-27,Financial Modeling,IL,US,Accountant,312.75,USD,paypal,completed,9,3.9,False,62.55,new_seller,22
TXN-1102688,2024-05-27,Web Development,AU,JP,Software Engineer,77.41,USD,paypal,completed,17,4.5,True,15.48,level_1,22
TXN-1102514,2024-05-27,Social Media Management,GB,AU,Marketing Manager,129.55,USD,credit_card,completed,5,3.6,False,25.91,level_1,22
TXN-1102684,2024-05-27,Financial Modeling,MX,IN,Accountant,36.2,USD,bank_transfer,completed,26,4.8,False,7.24,level_2,22
TXN-1102476,2024-05-28,Content Writing,MX,FR,Writer,147.34,USD,paypal,completed,2,3.4,True,29.47,level_1,22
TXN-1102469,2024-05-28,Mobile App,US,ES,Software Engineer,325.41,GBP,bank_transfer,completed,20,2.0,True,65.08,new_seller,22
TXN-1102586,2024-05-28,Financial Modeling,ES,US,Accountant,122.22,USD,credit_card,completed,11,4.2,False,24.44,rising_talent,22
TXN-1102575,2024-05-28,Content Writing,US,DE,Writer,222.53,ILS,credit_card,completed,1,3.7,False,44.51,new_seller,22
TXN-1102672,2024-05-28,Photography,US,BR,Designer,63.49,EUR,bank_transfer,completed,8,4.2,False,12.7,rising_talent,22
TXN-1102572,2024-05-28,Photography,AU,GB,Designer,331.15,USD,credit_card,completed,3,4.2,False,66.23,level_1,22
TXN-1102466,2024-05-28,AI/ML Development,CA,FR,Data Scientist,145.92,USD,paypal,completed,30,4.3,False,29.18,level_1,22
TXN-1102674,2024-05-28,Data Analysis,US,ES,Data Scientist,24.14,USD,crypto,completed,14,4.7,False,4.83,level_2,22
TXN-1102709,2024-05-28,Content Writing,DE,DE,Writer,252.46,USD,bank_transfer,completed,4,3.2,False,50.49,level_1,22
TXN-1102728,2024-05-28,Video Production,US,GB,Designer,156.83,USD,bank_transfer,completed,9,4.9,False,31.37,new_seller,22
TXN-1102509,2024-05-28,Music Production,IN,MX,Designer,366.38,USD,bank_transfer,completed,8,4.4,True,73.28,level_2,22
TXN-1102508,2024-05-28,AI/ML Development,IN,AU,Data Scientist,160.3,USD,credit_card,completed,19,3.9,False,32.06,level_1,22
TXN-1102518,2024-05-28,Financial Modeling,US,DE,Accountant,430.54,EUR,credit_card,completed,14,4.1,False,86.11,new_seller,22
TXN-1102503,2024-05-28,Photography,GB,US,Designer,40.68,EUR,credit_card,completed,5,2.7,False,8.14,level_1,22
TXN-1102531,2024-05-28,Content Writing,GB,IL,Writer,401.81,USD,bank_transfer,completed,2,3.6,False,80.36,new_seller,22
TXN-1102716,2024-05-28,Virtual Assistant,GB,US,HR Manager,287.38,GBP,credit_card,completed,1,4.5,True,57.48,level_1,22
TXN-1102569,2024-05-28,Legal Consulting,ZA,GB,Lawyer,193.66,USD,credit_card,completed,7,4.4,False,38.73,rising_talent,22
TXN-1102542,2024-05-28,Mobile App,DE,DE,Software Engineer,82.76,USD,paypal,completed,16,4.8,True,16.55,level_1,22
TXN-1102546,2024-05-28,Financial Modeling,US,GB,Accountant,146.51,USD,credit_card,completed,6,4.8,False,29.3,level_1,22
TXN-1102549,2024-05-28,Mobile App,US,BR,Software Engineer,23.72,GBP,credit_card,completed,29,4.8,False,4.74,rising_talent,22
TXN-1102489,2024-05-28,Video Production,US,US,Designer,255.66,GBP,credit_card,completed,14,3.0,False,51.13,level_1,22
TXN-1102553,2024-05-28,SEO/SEM,ES,MX,Marketing Manager,48.89,GBP,paypal,completed,9,3.3,False,9.78,new_seller,22
TXN-1102486,2024-05-28,Graphic Design,IN,IL,Designer,366.2,USD,credit_card,completed,2,4.5,True,73.24,rising_talent,22
TXN-1102484,2024-05-28,Mobile App,FR,US,Software Engineer,2293.84,USD,credit_card,completed,24,4.3,False,458.77,rising_talent,22
TXN-1102592,2024-05-28,Music Production,IN,US,Designer,127.7,EUR,credit_card,completed,13,4.8,True,25.54,level_1,22
TXN-1102543,2024-05-28,Data Analysis,US,US,Data Scientist,740.62,USD,paypal,completed,4,3.9,False,148.12,level_1,22
TXN-1102483,2024-05-28,Data Analysis,US,IN,Data Scientist,132.14,USD,credit_card,completed,7,4.0,True,26.43,rising_talent,22
TXN-1102398,2024-05-28,Web Development,IN,DE,Software Engineer,480.02,EUR,credit_card,completed,16,3.1,False,96.0,new_seller,22
TXN-1102513,2024-05-28,Legal Consulting,US,GB,Lawyer,79.07,USD,paypal,completed,15,4.1,True,15.81,rising_talent,22
TXN-1102427,2024-05-28,Social Media Management,CA,US,Marketing Manager,66.66,USD,paypal,completed,12,4.6,True,13.33,level_1,22
TXN-1102678,2024-05-28,Web Development,US,US,Software Engineer,295.85,USD,paypal,completed,15,4.9,True,59.17,rising_talent,22
TXN-1102696,2024-05-28,Financial Modeling,US,CA,Accountant,38.6,USD,paypal,completed,12,4.2,False,7.72,level_1,22
TXN-1102677,2024-05-28,Video Production,GB,MX,Designer,121.58,USD,credit_card,completed,6,3.7,False,24.32,level_1,22
TXN-1102679,2024-05-28,Video Production,BR,US,Designer,21.01,INR,bank_transfer,completed,5,4.2,False,4.2,level_1,22
TXN-1102621,2024-05-28,Mobile App,GB,US,Software Engineer,313.83,USD,paypal,completed,14,3.7,False,62.77,new_seller,22
TXN-1102682,2024-05-28,Mobile App,US,MX,Software Engineer,477.53,INR,credit_card,completed,30,1.0,False,95.51,level_2,22
TXN-1102444,2024-05-28,Mobile App,DE,IN,Software Engineer,482.92,USD,credit_card,completed,21,4.4,True,96.58,level_1,22
TXN-1102446,2024-05-28,AI/ML Development,CA,IN,Data Scientist,236.74,GBP,credit_card,completed,16,3.7,False,47.35,level_1,22
TXN-1102641,2024-05-28,Legal Consulting,IN,US,Lawyer,222.97,USD,credit_card,completed,14,4.7,False,44.59,level_1,22
TXN-1102603,2024-05-28,Financial Modeling,CA,US,Accountant,399.77,USD,credit_card,completed,15,4.4,False,79.95,top_rated,22
TXN-1102611,2024-05-28,Graphic Design,IN,NL,Designer,1943.86,USD,credit_card,completed,5,4.0,True,388.77,level_2,22
TXN-1102609,2024-05-28,AI/ML Development,IN,US,Data Scientist,141.51,USD,paypal,completed,30,3.4,True,28.3,level_1,22
TXN-1102668,2024-05-28,Web Development,GB,DE,Software Engineer,74.55,EUR,credit_card,disputed,21,,False,14.91,level_2,22
TXN-1102455,2024-05-28,Data Analysis,IN,US,Data Scientist,185.48,USD,credit_card,completed,4,2.0,False,37.1,rising_talent,22
TXN-1102664,2024-05-28,Music Production,US,JP,Designer,586.46,USD,bank_transfer,completed,5,3.1,False,117.29,level_1,22
TXN-1102604,2024-05-28,SEO/SEM,US,IL,Marketing Manager,73.05,USD,paypal,completed,12,2.4,False,14.61,level_1,22
TXN-1102661,2024-05-28,AI/ML Development,FR,NL,Data Scientist,300.2,USD,crypto,completed,27,3.8,True,60.04,rising_talent,22
TXN-1102666,2024-05-29,Content Writing,IL,MX,Writer,314.91,USD,credit_card,completed,1,4.7,False,62.98,new_seller,22
TXN-1102646,2024-05-29,SEO/SEM,IN,IN,Marketing Manager,109.71,USD,bank_transfer,completed,8,4.9,True,21.94,level_1,22
TXN-1102540,2024-05-29,AI/ML Development,AU,MX,Data Scientist,15.27,GBP,paypal,cancelled,15,,False,3.05,level_2,22
TXN-1102536,2024-05-29,SEO/SEM,US,US,Marketing Manager,120.97,USD,credit_card,completed,13,3.4,True,24.19,level_1,22
TXN-1102517,2024-05-29,Content Writing,US,BR,Writer,1063.46,GBP,credit_card,completed,4,4.8,True,212.69,level_1,22
TXN-1102676,2024-05-29,Mobile App,BR,US,Software Engineer,363.34,USD,paypal,completed,30,3.8,False,72.67,rising_talent,22
TXN-1102530,2024-05-29,Video Production,IN,AU,Designer,77.67,USD,bank_transfer,completed,5,3.0,False,15.53,top_rated,22
TXN-1102652,2024-05-29,SEO/SEM,GB,JP,Marketing Manager,203.24,USD,credit_card,completed,9,3.5,False,40.65,rising_talent,22
TXN-1102656,2024-05-29,Social Media Management,ZA,GB,Marketing Manager,252.03,USD,credit_card,completed,5,4.5,True,50.41,level_1,22
TXN-1102713,2024-05-29,Music Production,US,GB,Designer,87.07,USD,crypto,completed,10,4.2,True,17.41,level_1,22
TXN-1102523,2024-05-29,Graphic Design,MX,IN,Designer,201.71,USD,crypto,completed,4,4.7,False,40.34,rising_talent,22
TXN-1102650,2024-05-29,Virtual Assistant,US,CA,HR Manager,668.29,USD,credit_card,completed,1,4.0,True,133.66,top_rated,22
TXN-1102525,2024-05-29,Social Media Management,CA,US,Marketing Manager,358.17,USD,bank_transfer,completed,9,3.8,True,71.63,level_1,22
TXN-1102597,2024-05-29,Virtual Assistant,CA,US,HR Manager,90.85,USD,paypal,completed,1,3.0,False,18.17,new_seller,22
TXN-1102635,2024-05-29,Video Production,JP,IN,Designer,578.88,USD,paypal,completed,7,4.6,False,115.78,level_1,22
TXN-1102594,2024-05-29,Content Writing,US,US,Writer,186.14,USD,paypal,cancelled,2,,False,37.23,rising_talent,22
TXN-1102693,2024-05-29,Social Media Management,US,BR,Marketing Manager,243.03,USD,paypal,completed,8,4.6,False,48.61,level_2,22
TXN-1102591,2024-05-29,Music Production,IN,US,Designer,144.04,EUR,paypal,completed,18,3.9,False,28.81,level_1,22
TXN-1102582,2024-05-29,Virtual Assistant,IN,US,HR Manager,662.95,ILS,credit_card,completed,2,4.3,False,132.59,new_seller,22
TXN-1102702,2024-05-29,Translation,ES,AU,Writer,142.59,USD,paypal,cancelled,3,,False,28.52,level_1,22
TXN-1102706,2024-05-29,Data Analysis,FR,IL,Data Scientist,154.64,USD,credit_card,completed,11,4.6,False,30.93,level_2,22
TXN-1102573,2024-05-29,Music Production,IN,US,Designer,99.57,USD,credit_card,completed,14,4.4,False,19.91,top_rated,22
TXN-1102614,2024-05-29,SEO/SEM,US,SG,Marketing Manager,47.12,USD,credit_card,completed,11,4.2,True,9.42,rising_talent,22
TXN-1102617,2024-05-29,Photography,MX,IL,Designer,966.84,EUR,bank_transfer,completed,3,3.8,True,193.37,rising_talent,22
TXN-1102620,2024-05-29,Music Production,CA,DE,Designer,212.97,USD,credit_card,completed,12,4.1,False,42.59,rising_talent,22
TXN-1102571,2024-05-29,Content Writing,GB,IN,Writer,359.29,USD,paypal,completed,2,4.3,False,71.86,level_1,22
TXN-1102626,2024-05-29,Financial Modeling,US,IN,Accountant,84.94,USD,paypal,completed,17,4.5,False,16.99,rising_talent,22
TXN-1102710,2024-05-29,Web Development,MX,US,Software Engineer,85.36,USD,paypal,cancelled,16,,False,17.07,rising_talent,22
TXN-1102711,2024-05-29,Legal Consulting,FR,BR,Lawyer,164.74,USD,paypal,completed,17,2.7,False,32.95,level_1,22
TXN-1102627,2024-05-29,Financial Modeling,US,GB,Accountant,27.21,USD,credit_card,completed,14,3.7,True,5.44,level_1,22
TXN-1102630,2024-05-29,SEO/SEM,JP,JP,Marketing Manager,19.26,USD,paypal,completed,6,3.7,True,3.85,top_rated,22
TXN-1102632,2024-05-29,Virtual Assistant,IN,IN,HR Manager,50.59,USD,credit_card,completed,2,3.0,True,10.12,new_seller,22
TXN-1102633,2024-05-29,Photography,US,IN,Designer,5.84,EUR,credit_card,completed,4,4.6,True,1.17,level_2,22
TXN-1102552,2024-05-29,Social Media Management,GB,AU,Marketing Manager,233.96,USD,paypal,completed,6,4.0,False,46.79,new_seller,22
TXN-1102636,2024-05-29,Data Analysis,IN,BR,Data Scientist,465.48,INR,paypal,completed,5,3.4,False,93.1,rising_talent,22
TXN-1102631,2024-05-29,Graphic Design,US,MX,Designer,15.99,USD,credit_card,completed,2,4.9,False,3.2,rising_talent,22
TXN-1102547,2024-05-29,Legal Consulting,IN,IL,Lawyer,427.94,ILS,credit_card,completed,17,4.0,False,85.59,level_1,22
TXN-1102438,2024-05-29,Video Production,CA,BR,Designer,162.5,EUR,credit_card,completed,6,4.0,False,32.5,level_1,22
TXN-1102414,2024-05-29,Photography,CA,SG,Designer,238.9,USD,paypal,completed,6,4.4,False,47.78,level_2,22
TXN-1102482,2024-05-29,AI/ML Development,GB,MX,Data Scientist,149.11,USD,credit_card,completed,30,4.0,False,29.82,level_2,22
TXN-1102485,2024-05-29,Content Writing,BR,US,Writer,13.27,USD,paypal,completed,3,3.4,True,2.65,rising_talent,22
TXN-1102410,2024-05-29,Content Writing,US,FR,Writer,759.5,USD,credit_card,completed,2,3.0,True,151.9,level_1,22
TXN-1102467,2024-05-29,SEO/SEM,IN,US,Marketing Manager,142.0,EUR,paypal,completed,9,4.6,False,28.4,rising_talent,22
TXN-1102424,2024-05-29,AI/ML Development,ES,US,Data Scientist,6.3,EUR,credit_card,completed,21,4.9,False,1.26,top_rated,22
TXN-1102428,2024-05-29,Video Production,GB,US,Designer,296.52,USD,bank_transfer,completed,4,4.3,True,59.3,level_1,22
TXN-1102460,2024-05-29,SEO/SEM,FR,BR,Marketing Manager,96.4,USD,paypal,completed,7,3.8,False,19.28,top_rated,22
TXN-1102495,2024-05-29,AI/ML Development,DE,FR,Data Scientist,61.28,USD,credit_card,completed,25,4.8,False,12.26,level_2,22
TXN-1102401,2024-05-29,Photography,US,IN,Designer,125.0,USD,paypal,completed,6,3.6,True,25.0,level_1,22
TXN-1102432,2024-05-29,Content Writing,GB,AU,Writer,273.98,USD,credit_card,completed,4,3.4,True,54.8,new_seller,22
TXN-1102396,2024-05-29,Music Production,US,GB,Designer,2051.07,USD,credit_card,completed,17,4.6,False,410.21,level_1,22
TXN-1102394,2024-05-29,Mobile App,CA,US,Software Engineer,122.18,USD,paypal,completed,23,4.0,False,24.44,rising_talent,22
TXN-1102429,2024-05-29,Financial Modeling,NL,US,Accountant,1349.04,USD,credit_card,completed,3,4.1,True,269.81,level_1,22
TXN-1102507,2024-05-29,Legal Consulting,ZA,NL,Lawyer,322.45,USD,bank_transfer,completed,18,3.8,False,64.49,level_2,22
TXN-1102510,2024-05-29,Web Development,FR,US,Software Engineer,109.42,USD,paypal,completed,10,4.4,False,21.88,level_2,22
TXN-1102386,2024-05-29,AI/ML Development,GB,IN,Data Scientist,199.56,USD,credit_card,completed,14,5.0,False,39.91,new_seller,22
TXN-1102440,2024-05-29,AI/ML Development,GB,ZA,Data Scientist,209.11,USD,credit_card,completed,13,3.6,True,41.82,new_seller,22
TXN-1102435,2024-05-29,Music Production,DE,IL,Designer,102.33,USD,credit_card,completed,13,4.5,True,20.47,rising_talent,22
TXN-1102436,2024-05-29,Social Media Management,US,GB,Marketing Manager,482.2,USD,paypal,completed,10,3.9,False,96.44,level_1,22
TXN-1102383,2024-05-29,AI/ML Development,US,US,Data Scientist,544.76,ILS,paypal,completed,14,4.2,False,108.95,top_rated,22
TXN-1102506,2024-05-29,Video Production,IN,IN,Designer,32.59,USD,credit_card,completed,5,3.4,False,6.52,new_seller,22
TXN-1102437,2024-05-29,Mobile App,ES,US,Software Engineer,19.61,USD,paypal,completed,30,4.7,False,3.92,level_2,22
TXN-1102465,2024-05-30,AI/ML Development,GB,FR,Data Scientist,237.83,USD,paypal,completed,23,4.2,True,47.57,rising_talent,22
TXN-1102421,2024-05-30,Legal Consulting,DE,IN,Lawyer,22.75,USD,credit_card,completed,21,3.7,False,4.55,level_1,22
TXN-1102580,2024-05-30,Social Media Management,DE,ZA,Marketing Manager,37.45,USD,credit_card,completed,6,4.2,False,7.49,level_1,22
TXN-1102433,2024-05-30,Social Media Management,IN,FR,Marketing Manager,272.92,USD,credit_card,completed,5,4.6,True,54.58,rising_talent,22
TXN-1102616,2024-05-30,Mobile App,FR,IN,Software Engineer,53.66,USD,paypal,completed,20,4.0,True,10.73,rising_talent,22
TXN-1102576,2024-05-30,Music Production,DE,GB,Designer,51.11,USD,credit_card,completed,10,4.7,True,10.22,level_2,22
TXN-1102420,2024-05-30,Graphic Design,DE,JP,Designer,228.93,USD,credit_card,completed,4,4.2,False,45.79,level_2,22
TXN-1102574,2024-05-30,Social Media Management,US,GB,Marketing Manager,33.06,USD,credit_card,completed,6,4.6,False,6.61,top_rated,22
TXN-1102579,2024-05-30,Music Production,US,GB,Designer,116.23,USD,credit_card,completed,22,5.0,False,23.25,rising_talent,22
TXN-1102643,2024-05-30,Data Analysis,MX,US,Data Scientist,463.77,USD,paypal,completed,10,4.9,True,92.75,top_rated,22
TXN-1102615,2024-05-30,Graphic Design,US,NL,Designer,5.0,USD,paypal,completed,9,3.8,False,1.0,rising_talent,22
TXN-1102607,2024-05-30,Web Development,US,IN,Software Engineer,60.35,INR,crypto,cancelled,11,,False,12.07,level_2,22
TXN-1102461,2024-05-30,Data Analysis,IN,FR,Data Scientist,582.59,ILS,credit_card,completed,3,5.0,True,116.52,new_seller,22
TXN-1102624,2024-05-30,Social Media Management,FR,US,Marketing Manager,805.05,ILS,paypal,completed,11,4.4,False,161.01,top_rated,22
TXN-1102639,2024-05-30,Mobile App,US,US,Software Engineer,105.57,USD,paypal,completed,20,4.8,False,21.11,new_seller,22
TXN-1102613,2024-05-30,AI/ML Development,FR,GB,Data Scientist,218.07,USD,bank_transfer,completed,14,4.6,True,43.61,new_seller,22
TXN-1102596,2024-05-30,SEO/SEM,IN,GB,Marketing Manager,35.99,USD,bank_transfer,completed,8,3.8,False,7.2,level_2,22
TXN-1102638,2024-05-30,Data Analysis,US,BR,Data Scientist,43.23,USD,credit_card,completed,5,4.4,False,8.65,level_2,22
TXN-1102479,2024-05-30,Photography,US,US,Designer,16.67,USD,paypal,completed,4,4.7,True,3.33,level_2,22
TXN-1102599,2024-05-30,Web Development,JP,US,Software Engineer,31.66,USD,credit_card,completed,18,3.9,False,6.33,rising_talent,22
TXN-1102601,2024-05-30,Legal Consulting,IN,FR,Lawyer,47.89,USD,paypal,completed,16,4.3,False,9.58,new_seller,22
TXN-1102454,2024-05-30,Data Analysis,JP,US,Data Scientist,4553.9,USD,credit_card,completed,8,4.2,False,910.78,level_1,22
TXN-1102453,2024-05-30,Graphic Design,US,US,Designer,110.56,USD,crypto,completed,5,3.7,False,22.11,level_1,22
TXN-1102605,2024-05-30,Mobile App,US,IN,Software Engineer,56.39,INR,credit_card,completed,16,4.6,False,11.28,level_1,22
TXN-1102426,2024-05-30,AI/ML Development,GB,IN,Data Scientist,60.79,USD,credit_card,completed,13,4.0,False,12.16,level_2,22
TXN-1102512,2024-05-30,Social Media Management,US,US,Marketing Manager,180.66,USD,credit_card,completed,5,4.9,False,36.13,level_1,22
TXN-1102665,2024-05-30,Graphic Design,IN,US,Designer,612.72,USD,credit_card,completed,4,4.7,False,122.54,top_rated,22
TXN-1102528,2024-05-30,Legal Consulting,ZA,DE,Lawyer,127.76,USD,credit_card,completed,6,3.9,False,25.55,new_seller,22
TXN-1102541,2024-05-30,Web Development,NL,US,Software Engineer,31.35,USD,credit_card,completed,15,4.3,False,6.27,rising_talent,22
TXN-1102692,2024-05-30,Virtual Assistant,GB,BR,HR Manager,31.15,USD,credit_card,completed,3,3.4,True,6.23,new_seller,22
TXN-1102690,2024-05-30,Social Media Management,FR,DE,Marketing Manager,504.47,USD,credit_card,completed,5,4.7,False,100.89,top_rated,22
TXN-1102498,2024-05-30,Social Media Management,GB,IN,Marketing Manager,160.08,GBP,crypto,completed,10,3.7,False,32.02,level_1,22
TXN-1102404,2024-05-30,Translation,BR,BR,Writer,290.12,USD,credit_card,completed,3,2.9,True,58.02,level_1,22
TXN-1102686,2024-05-30,Social Media Management,DE,JP,Marketing Manager,103.12,USD,paypal,completed,4,2.9,True,20.62,level_2,22
TXN-1102548,2024-05-30,SEO/SEM,US,IN,Marketing Manager,74.19,USD,crypto,completed,11,4.7,False,14.84,level_2,22
TXN-1102703,2024-05-30,Data Analysis,ZA,US,Data Scientist,1742.59,USD,bank_transfer,completed,6,3.4,False,348.52,level_2,22
TXN-1102550,2024-05-30,Translation,FR,US,Writer,48.26,ILS,paypal,completed,4,1.0,True,9.65,new_seller,22
TXN-1102388,2024-05-30,AI/ML Development,IN,US,Data Scientist,378.56,USD,bank_transfer,completed,24,4.0,True,75.71,level_1,22
TXN-1102529,2024-05-30,Graphic Design,ZA,IL,Designer,1421.33,EUR,credit_card,completed,9,3.7,False,284.27,level_1,22
TXN-1102490,2024-05-30,SEO/SEM,US,AU,Marketing Manager,413.78,USD,credit_card,completed,12,4.7,False,82.76,level_1,22
TXN-1102409,2024-05-30,Mobile App,US,US,Software Engineer,112.12,USD,paypal,completed,30,3.8,True,22.42,level_1,22
TXN-1102538,2024-05-30,Web Development,NL,IN,Software Engineer,52.55,USD,bank_transfer,completed,30,4.4,False,10.51,level_1,22
TXN-1102715,2024-05-30,Translation,US,AU,Writer,386.97,USD,bank_transfer,completed,3,5.0,False,77.39,top_rated,22
TXN-1102727,2024-05-30,Video Production,FR,US,Designer,1212.52,USD,paypal,completed,6,4.8,False,242.5,top_rated,22
TXN-1102723,2024-05-30,Video Production,IN,AU,Designer,125.94,USD,credit_card,completed,10,4.9,True,25.19,new_seller,22
TXN-1102526,2024-05-30,Graphic Design,US,SG,Designer,141.02,USD,paypal,completed,4,4.7,False,28.2,level_2,22
TXN-1102413,2024-05-30,Virtual Assistant,GB,IL,HR Manager,65.95,USD,paypal,completed,1,3.3,True,13.19,rising_talent,22
TXN-1102673,2024-05-30,Graphic Design,JP,GB,Designer,63.99,USD,credit_card,completed,10,4.8,False,12.8,level_2,22
TXN-1102504,2024-05-30,Video Production,AU,IN,Designer,74.61,GBP,paypal,completed,6,2.6,False,14.92,level_2,22
TXN-1102416,2024-05-30,Translation,IN,CA,Writer,214.57,USD,credit_card,completed,2,3.3,False,42.91,rising_talent,22
TXN-1102555,2024-05-30,Video Production,GB,NL,Designer,19.06,USD,credit_card,completed,5,4.7,False,3.81,level_2,22
TXN-1102384,2024-05-30,Content Writing,AU,GB,Writer,247.0,EUR,credit_card,completed,2,4.5,False,49.4,level_1,22
TXN-1102719,2024-05-30,Photography,ZA,US,Designer,90.86,USD,paypal,completed,4,4.7,False,18.17,level_1,22
TXN-1102521,2024-05-30,Graphic Design,BR,SG,Designer,299.21,EUR,credit_card,completed,3,4.8,False,59.84,level_2,22
TXN-1102430,2024-05-31,Video Production,US,FR,Designer,64.52,USD,paypal,completed,9,4.3,False,12.9,level_1,22
TXN-1102629,2024-05-31,Mobile App,US,NL,Software Engineer,166.09,USD,credit_card,completed,22,4.0,False,33.22,level_2,22
TXN-1102395,2024-05-31,Financial Modeling,MX,US,Accountant,31.73,INR,crypto,completed,9,3.6,False,6.35,rising_talent,22
TXN-1102628,2024-05-31,Legal Consulting,US,US,Lawyer,227.71,USD,credit_card,completed,22,4.8,False,45.54,level_1,22
TXN-1102700,2024-05-31,Video Production,DE,NL,Designer,154.19,USD,bank_transfer,completed,8,4.0,False,30.84,level_2,22
TXN-1102701,2024-05-31,Translation,IN,IL,Writer,230.7,USD,credit_card,completed,4,3.8,False,46.14,level_2,22
TXN-1102417,2024-05-31,Video Production,US,US,Designer,154.26,USD,credit_card,completed,7,3.2,False,30.85,level_2,22
TXN-1102402,2024-05-31,Translation,US,MX,Writer,50.52,GBP,credit_card,completed,2,4.5,False,10.1,rising_talent,22
TXN-1102640,2024-05-31,AI/ML Development,MX,US,Data Scientist,82.25,USD,credit_card,completed,7,4.6,True,16.45,level_1,22
TXN-1102622,2024-05-31,Web Development,GB,MX,Software Engineer,133.61,USD,paypal,completed,23,4.1,False,26.72,rising_talent,22
TXN-1102418,2024-05-31,Financial Modeling,JP,GB,Accountant,41.61,USD,paypal,completed,6,4.5,False,8.32,level_1,22
TXN-1102415,2024-05-31,Social Media Management,NL,GB,Marketing Manager,12142.44,USD,credit_card,completed,7,2.6,True,2428.49,new_seller,22
TXN-1102419,2024-05-31,SEO/SEM,DE,IN,Marketing Manager,131.0,USD,credit_card,completed,14,4.6,False,26.2,level_2,22
TXN-1102660,2024-05-31,Financial Modeling,SG,SG,Accountant,7.45,USD,credit_card,completed,7,4.8,False,1.49,rising_talent,22
TXN-1102659,2024-05-31,Financial Modeling,BR,BR,Accountant,62.78,GBP,paypal,completed,8,4.5,True,12.56,level_1,22
TXN-1102657,2024-05-31,Photography,CA,US,Designer,103.51,USD,credit_card,completed,4,3.5,False,20.7,top_rated,22
TXN-1102675,2024-05-31,Music Production,US,IN,Designer,184.16,USD,credit_card,cancelled,11,,False,36.83,top_rated,22
TXN-1102655,2024-05-31,Virtual Assistant,CA,IL,HR Manager,384.16,GBP,credit_card,completed,1,4.9,False,76.83,rising_talent,22
TXN-1102654,2024-05-31,Mobile App,SG,GB,Software Engineer,140.47,USD,credit_card,cancelled,17,,True,28.09,rising_talent,22
TXN-1102681,2024-05-31,Content Writing,IN,IL,Writer,484.72,USD,credit_card,completed,3,3.1,True,96.94,level_1,22
TXN-1102423,2024-05-31,Mobile App,US,US,Software Engineer,485.89,USD,paypal,completed,11,4.4,False,97.18,new_seller,22
TXN-1102649,2024-05-31,Financial Modeling,AU,AU,Accountant,158.21,USD,credit_card,completed,9,4.9,False,31.64,rising_talent,22
TXN-1102648,2024-05-31,SEO/SEM,US,US,Marketing Manager,364.05,GBP,credit_card,completed,7,3.3,False,72.81,level_1,22
TXN-1102405,2024-05-31,Translation,ZA,ES,Writer,69.1,USD,paypal,completed,2,4.3,False,13.82,new_seller,22
TXN-1102425,2024-05-31,Virtual Assistant,DE,ZA,HR Manager,41.49,EUR,credit_card,completed,1,3.7,False,8.3,rising_talent,22
TXN-1102667,2024-05-31,Web Development,AU,JP,Software Engineer,280.52,USD,credit_card,completed,23,4.5,False,56.1,new_seller,22
TXN-1102697,2024-05-31,Financial Modeling,US,US,Accountant,372.2,USD,crypto,completed,10,3.1,False,74.44,new_seller,22
TXN-1102511,2024-05-31,Financial Modeling,US,BR,Accountant,19.85,USD,crypto,completed,4,4.5,True,3.97,level_2,22
TXN-1102663,2024-05-31,Music Production,DE,US,Designer,308.55,USD,credit_card,completed,9,4.1,False,61.71,new_seller,22
TXN-1102532,2024-05-31,Video Production,US,GB,Designer,101.08,USD,bank_transfer,completed,7,4.0,True,20.22,level_1,22
TXN-1102492,2024-05-31,AI/ML Development,NL,ES,Data Scientist,253.11,EUR,credit_card,completed,16,4.5,False,50.62,rising_talent,22
TXN-1102583,2024-05-31,Video Production,FR,DE,Designer,402.18,USD,bank_transfer,completed,9,3.6,False,80.44,level_1,22
TXN-1102493,2024-05-31,Financial Modeling,GB,DE,Accountant,141.66,USD,bank_transfer,completed,11,4.6,True,28.33,new_seller,22
TXN-1102585,2024-05-31,Virtual Assistant,ZA,US,HR Manager,71.36,INR,crypto,completed,1,4.7,False,14.27,new_seller,22
TXN-1102524,2024-05-31,Photography,FR,GB,Designer,195.86,USD,credit_card,completed,6,4.1,False,39.17,level_1,22
TXN-1102464,2024-05-31,Photography,FR,DE,Designer,491.13,USD,credit_card,completed,3,2.9,False,98.23,level_1,22
TXN-1102439,2024-05-31,Translation,IL,FR,Writer,118.0,USD,paypal,completed,2,4.2,True,23.6,level_1,22
TXN-1102519,2024-05-31,Graphic Design,GB,MX,Designer,365.22,USD,bank_transfer,completed,4,2.6,False,73.04,level_2,22
TXN-1102473,2024-05-31,Photography,US,US,Designer,261.08,USD,paypal,completed,2,4.1,True,52.22,level_1,22
TXN-1102463,2024-05-31,Translation,NL,US,Writer,190.47,USD,bank_transfer,completed,2,4.7,False,38.09,level_1,22
TXN-1102462,2024-05-31,Photography,IN,US,Designer,49.83,USD,paypal,completed,2,4.3,False,9.97,rising_talent,22
TXN-1102595,2024-05-31,Video Production,JP,GB,Designer,597.86,ILS,bank_transfer,completed,3,4.2,True,119.57,level_1,22
TXN-1102577,2024-05-31,Web Development,US,US,Software Engineer,45.11,EUR,credit_card,completed,5,4.3,False,9.02,level_1,22
TXN-1102598,2024-05-31,Photography,US,JP,Designer,7.1,USD,credit_card,in_progress,2,,False,1.42,rising_talent,22
TXN-1102554,2024-05-31,Data Analysis,MX,US,Data Scientist,77.4,USD,credit_card,completed,8,4.8,False,15.48,level_2,22
TXN-1102560,2024-05-31,SEO/SEM,IN,US,Marketing Manager,138.93,GBP,crypto,completed,6,3.6,False,27.79,new_seller,22
TXN-1102516,2024-05-31,Graphic Design,FR,FR,Designer,151.89,USD,paypal,completed,1,3.5,True,30.38,new_seller,22
TXN-1102564,2024-05-31,Financial Modeling,US,IN,Accountant,1263.07,USD,crypto,completed,8,4.0,False,252.61,top_rated,22
TXN-1102441,2024-05-31,Virtual Assistant,ZA,FR,HR Manager,31.33,USD,credit_card,completed,2,4.7,True,6.27,new_seller,22
TXN-1102443,2024-05-31,Financial Modeling,JP,US,Accountant,97.57,USD,credit_card,completed,8,4.1,False,19.51,rising_talent,22
TXN-1102447,2024-05-31,Social Media Management,FR,AU,Marketing Manager,550.23,USD,paypal,completed,5,2.8,True,110.05,rising_talent,22
TXN-1102450,2024-05-31,Financial Modeling,BR,GB,Accountant,824.19,GBP,credit_card,completed,8,2.2,False,164.84,new_seller,22
TXN-1102456,2024-05-31,Video Production,GB,US,Designer,1101.37,USD,credit_card,completed,6,3.4,False,220.27,level_1,22
TXN-1102491,2024-05-31,Legal Consulting,US,IN,Lawyer,348.88,USD,credit_card,cancelled,15,,False,69.78,rising_talent,22
TXN-1102558,2024-05-31,Financial Modeling,US,US,Accountant,58.26,GBP,credit_card,completed,9,3.3,True,11.65,level_2,22
TXN-1102505,2024-05-31,Content Writing,BR,ZA,Writer,117.17,USD,paypal,completed,1,3.4,False,23.43,new_seller,22
TXN-1102534,2024-05-31,Social Media Management,US,US,Marketing Manager,104.1,GBP,credit_card,completed,5,4.9,False,20.82,top_rated,22
TXN-1102608,2024-05-31,Financial Modeling,FR,IN,Accountant,35.65,EUR,credit_card,completed,12,4.1,False,7.13,rising_talent,22
TXN-1102557,2024-06-01,Video Production,US,ES,Designer,184.9,USD,credit_card,completed,5,3.2,False,36.98,rising_talent,22
TXN-1102408,2024-06-01,Content Writing,US,GB,Writer,484.31,USD,bank_transfer,completed,2,4.0,False,96.86,rising_talent,22
TXN-1102487,2024-06-01,Graphic Design,US,US,Designer,30.53,USD,paypal,completed,5,3.5,False,6.11,rising_talent,22
TXN-1102411,2024-06-01,AI/ML Development,IN,GB,Data Scientist,641.19,USD,bank_transfer,completed,30,4.9,False,128.24,level_1,22
TXN-1102689,2024-06-01,Graphic Design,US,US,Designer,159.38,USD,credit_card,completed,6,4.6,True,31.88,level_1,22
TXN-1102685,2024-06-01,AI/ML Development,MX,US,Data Scientist,21.76,EUR,credit_card,completed,8,4.0,False,4.35,level_1,22
TXN-1102545,2024-06-01,Photography,NL,US,Designer,36.32,EUR,crypto,completed,8,4.4,True,7.26,top_rated,22
TXN-1102544,2024-06-01,Social Media Management,US,GB,Marketing Manager,14.74,USD,paypal,completed,4,4.2,False,2.95,new_seller,22
TXN-1102501,2024-06-01,Mobile App,US,US,Software Engineer,19.04,GBP,bank_transfer,completed,30,4.1,False,3.81,level_1,22
TXN-1102494,2024-06-01,Mobile App,FR,MX,Software Engineer,280.24,EUR,credit_card,completed,17,3.9,True,56.05,level_2,22
TXN-1102389,2024-06-01,Web Development,NL,MX,Software Engineer,1326.78,USD,paypal,completed,8,3.7,False,265.36,rising_talent,22
TXN-1102694,2024-06-01,Financial Modeling,DE,US,Accountant,319.95,USD,bank_transfer,completed,8,4.0,False,63.99,rising_talent,22
TXN-1102390,2024-06-01,Financial Modeling,GB,GB,Accountant,242.55,USD,bank_transfer,completed,3,4.4,False,48.51,new_seller,22
TXN-1102400,2024-06-01,Legal Consulting,AU,FR,Lawyer,876.88,GBP,credit_card,completed,19,3.7,False,175.38,rising_talent,22
TXN-1102397,2024-06-01,Social Media Management,MX,US,Marketing Manager,96.12,INR,crypto,completed,5,3.7,False,19.22,rising_talent,22
TXN-1102708,2024-06-01,Social Media Management,NL,ZA,Marketing Manager,88.21,USD,paypal,completed,10,4.1,False,17.64,top_rated,22
TXN-1102393,2024-06-01,Video Production,GB,SG,Designer,42.31,USD,credit_card,completed,5,4.8,True,8.46,top_rated,22
TXN-1102500,2024-06-01,Mobile App,SG,IN,Software Engineer,216.49,USD,paypal,completed,27,4.7,True,43.3,rising_talent,22
TXN-1102527,2024-06-01,Financial Modeling,DE,ZA,Accountant,891.76,USD,credit_card,completed,10,4.5,False,178.35,top_rated,22
TXN-1102562,2024-06-01,Photography,ZA,IL,Designer,99.98,USD,paypal,completed,2,2.9,False,20.0,level_1,22
TXN-1102619,2024-06-01,Mobile App,US,IL,Software Engineer,248.1,GBP,crypto,completed,13,4.9,False,49.62,level_1,22
TXN-1102669,2024-06-01,Mobile App,IN,IN,Software Engineer,964.6,USD,crypto,completed,106,4.5,True,192.92,top_rated,22
TXN-1102726,2024-06-01,Graphic Design,FR,DE,Designer,59.51,USD,credit_card,completed,4,4.4,True,11.9,new_seller,22
TXN-1102451,2024-06-01,Web Development,IN,GB,Software Engineer,240.02,USD,credit_card,completed,8,3.9,False,48.0,new_seller,22
TXN-1102434,2024-06-01,Video Production,ES,IN,Designer,296.01,USD,crypto,completed,6,4.0,True,59.2,level_1,22
TXN-1102452,2024-06-01,Video Production,IN,GB,Designer,309.93,USD,bank_transfer,completed,5,4.7,False,61.99,new_seller,22
TXN-1102602,2024-06-01,Virtual Assistant,IN,DE,HR Manager,280.17,USD,paypal,completed,3,4.4,False,56.03,rising_talent,22
TXN-1102431,2024-06-01,Mobile App,US,US,Software Engineer,10.82,USD,crypto,completed,23,3.8,False,2.16,level_1,22
TXN-1102634,2024-06-01,AI/ML Development,SG,GB,Data Scientist,1031.37,INR,credit_card,completed,13,2.6,True,206.27,rising_talent,22
TXN-1102637,2024-06-01,Mobile App,IN,DE,Software Engineer,394.23,USD,paypal,completed,22,4.4,True,78.85,level_1,22
TXN-1102458,2024-06-01,SEO/SEM,IN,SG,Marketing Manager,143.7,EUR,paypal,completed,18,4.5,False,28.74,level_1,22
TXN-1102459,2024-06-01,Legal Consulting,US,IN,Lawyer,144.49,USD,paypal,completed,27,4.0,False,28.9,rising_talent,22
TXN-1102589,2024-06-01,Music Production,AU,IN,Designer,510.77,USD,credit_card,completed,15,4.9,True,102.15,level_1,22
TXN-1102724,2024-06-01,Content Writing,US,FR,Writer,38.86,EUR,paypal,completed,2,3.5,False,7.77,level_1,22
TXN-1102647,2024-06-01,AI/ML Development,BR,IL,Data Scientist,72.4,EUR,bank_transfer,completed,30,4.6,False,14.48,rising_talent,22
TXN-1102422,2024-06-01,Mobile App,DE,US,Software Engineer,454.09,USD,paypal,completed,17,4.6,True,90.82,level_1,22
TXN-1102520,2024-06-01,Legal Consulting,BR,IN,Lawyer,95.89,USD,paypal,completed,13,2.7,False,19.18,top_rated,22
TXN-1102570,2024-06-01,Photography,US,CA,Designer,238.43,USD,credit_card,completed,6,4.1,False,47.69,rising_talent,22
TXN-1102563,2024-06-01,Mobile App,US,JP,Software Engineer,10.61,USD,paypal,completed,22,2.9,True,2.12,level_2,22
TXN-1102565,2024-06-01,Legal Consulting,IN,US,Lawyer,19.92,USD,credit_card,completed,10,4.6,True,3.98,top_rated,22
TXN-1102522,2024-06-01,Music Production,IN,ZA,Designer,73.81,GBP,credit_card,completed,25,3.7,False,14.76,level_1,22
TXN-1102480,2024-06-01,Video Production,US,ZA,Designer,140.2,USD,credit_card,completed,9,4.0,True,28.04,top_rated,22
TXN-1102568,2024-06-01,Video Production,US,FR,Designer,139.96,USD,credit_card,completed,6,4.1,False,27.99,level_1,22
TXN-1102477,2024-06-01,Graphic Design,US,US,Designer,351.24,USD,crypto,completed,3,3.5,False,70.25,new_seller,22
TXN-1102662,2024-06-01,Financial Modeling,US,US,Accountant,1610.72,GBP,bank_transfer,completed,5,4.0,True,322.14,level_1,22
TXN-1102720,2024-06-01,Mobile App,US,ES,Software Engineer,188.51,USD,credit_card,completed,12,4.6,True,37.7,level_1,22
TXN-1102578,2024-06-01,Web Development,GB,GB,Software Engineer,11.21,USD,bank_transfer,completed,7,3.0,False,2.24,level_1,22
TXN-1102653,2024-06-01,Translation,GB,GB,Writer,208.21,USD,paypal,completed,2,4.6,False,41.64,new_seller,22
TXN-1102475,2024-06-01,SEO/SEM,DE,FR,Marketing Manager,190.4,EUR,credit_card,completed,9,4.3,True,38.08,level_1,22
TXN-1102722,2024-06-02,AI/ML Development,US,US,Data Scientist,307.79,USD,bank_transfer,completed,13,4.6,False,61.56,rising_talent,22
TXN-1102391,2024-06-02,Graphic Design,DE,IN,Designer,84.35,USD,credit_card,completed,3,3.6,True,16.87,level_2,22
TXN-1102721,2024-06-02,Video Production,IN,MX,Designer,1167.66,USD,paypal,completed,4,4.1,True,233.53,top_rated,22
TXN-1102714,2024-06-02,Virtual Assistant,US,US,HR Manager,115.77,USD,paypal,completed,3,4.5,False,23.15,level_1,22
TXN-1102718,2024-06-02,Photography,GB,NL,Designer,1890.73,USD,bank_transfer,completed,3,3.9,True,378.15,new_seller,22
TXN-1102717,2024-06-02,Mobile App,IN,US,Software Engineer,12.41,USD,bank_transfer,completed,14,4.7,False,2.48,level_2,22
TXN-1102499,2024-06-02,Social Media Management,US,GB,Marketing Manager,38.27,EUR,paypal,completed,7,4.1,False,7.65,level_2,22
TXN-1102704,2024-06-02,Video Production,ZA,US,Designer,19.14,USD,credit_card,completed,12,4.1,False,3.83,level_1,22
TXN-1102618,2024-06-02,Content Writing,GB,US,Writer,1817.84,USD,paypal,cancelled,1,,True,363.57,level_1,22
TXN-1102623,2024-06-02,Mobile App,BR,MX,Software Engineer,105.52,USD,credit_card,completed,30,4.1,False,21.1,level_1,22
TXN-1102588,2024-06-02,Financial Modeling,DE,US,Accountant,269.66,USD,credit_card,completed,8,4.7,True,53.93,rising_talent,22
TXN-1102584,2024-06-02,Photography,US,CA,Designer,451.62,USD,paypal,completed,4,3.6,False,90.32,level_1,22
TXN-1102468,2024-06-02,Content Writing,DE,AU,Writer,123.32,USD,credit_card,completed,3,4.5,False,24.66,level_2,22
TXN-1102471,2024-06-02,Web Development,IL,BR,Software Engineer,162.01,USD,credit_card,completed,15,4.4,True,32.4,level_2,22
TXN-1102658,2024-06-02,Graphic Design,DE,IN,Designer,51.61,USD,paypal,completed,5,4.2,False,10.32,top_rated,22
TXN-1102566,2024-06-02,SEO/SEM,IN,CA,Marketing Manager,129.81,USD,credit_card,completed,7,4.2,False,25.96,rising_talent,22
TXN-1102670,2024-06-02,Virtual Assistant,US,GB,HR Manager,34.82,USD,credit_card,completed,1,4.9,False,6.96,rising_talent,22
TXN-1102481,2024-06-02,Music Production,IL,US,Designer,117.99,USD,paypal,completed,18,4.7,True,23.6,rising_talent,22
TXN-1102645,2024-06-02,Photography,JP,GB,Designer,50.59,EUR,paypal,completed,3,4.0,False,10.12,level_2,22
TXN-1102488,2024-06-02,Financial Modeling,US,JP,Accountant,299.57,USD,credit_card,completed,7,1.0,False,59.91,new_seller,22
TXN-1102412,2024-06-02,Mobile App,US,NL,Software Engineer,793.83,USD,crypto,completed,16,3.6,False,158.77,level_1,22
TXN-1102535,2024-06-02,Virtual Assistant,US,ZA,HR Manager,31.18,USD,credit_card,completed,3,4.0,False,6.24,level_2,22
TXN-1102537,2024-06-02,Web Development,IN,GB,Software Engineer,311.65,USD,bank_transfer,completed,12,3.4,False,62.33,level_2,22
TXN-1102539,2024-06-02,SEO/SEM,CA,FR,Marketing Manager,269.24,EUR,paypal,completed,18,3.8,False,53.85,rising_talent,22
TXN-1102699,2024-06-02,Social Media Management,IN,IL,Marketing Manager,633.85,EUR,paypal,completed,7,4.1,False,126.77,level_1,22
TXN-1102497,2024-06-02,Legal Consulting,NL,AU,Lawyer,4753.18,USD,credit_card,completed,17,4.7,False,950.64,rising_talent,22
TXN-1102691,2024-06-02,Music Production,FR,IN,Designer,88.71,USD,credit_card,completed,9,4.2,False,17.74,level_2,22
TXN-1102406,2024-06-02,Video Production,US,US,Designer,465.72,USD,credit_card,completed,7,4.0,False,93.14,level_1,22
TXN-1102407,2024-06-02,Virtual Assistant,US,US,HR Manager,23.53,GBP,paypal,completed,1,4.1,False,4.71,level_2,22
TXN-1102695,2024-06-02,Translation,US,US,Writer,134.89,GBP,credit_card,completed,2,4.6,False,26.98,rising_talent,22
TXN-1102900,2024-06-03,Music Production,IN,US,Designer,275.27,USD,credit_card,completed,13,1.9,True,55.05,level_1,23
TXN-1102920,2024-06-03,Virtual Assistant,US,GB,HR Manager,114.68,GBP,credit_card,completed,1,4.7,True,22.94,top_rated,23
TXN-1102912,2024-06-03,Video Production,AU,GB,Designer,1646.47,EUR,paypal,completed,10,2.8,False,329.29,level_2,23
TXN-1102913,2024-06-03,Social Media Management,ES,NL,Marketing Manager,92.73,USD,credit_card,completed,10,3.9,False,18.55,level_1,23
TXN-1102915,2024-06-03,Video Production,GB,IN,Designer,359.36,EUR,paypal,completed,9,4.7,True,71.87,rising_talent,23
TXN-1102773,2024-06-03,Data Analysis,US,GB,Data Scientist,450.62,USD,paypal,completed,10,3.4,False,90.12,top_rated,23
TXN-1102932,2024-06-03,Translation,IN,SG,Writer,68.97,INR,paypal,completed,2,4.5,True,13.79,level_1,23
TXN-1102926,2024-06-03,Music Production,DE,CA,Designer,19.44,USD,paypal,completed,11,1.0,False,3.89,new_seller,23
TXN-1102929,2024-06-03,Financial Modeling,IN,ZA,Accountant,140.28,USD,credit_card,completed,4,3.8,False,28.06,top_rated,23
TXN-1102930,2024-06-03,Video Production,US,IL,Designer,132.88,USD,credit_card,completed,5,3.9,True,26.58,rising_talent,23
TXN-1102931,2024-06-03,Social Media Management,SG,IL,Marketing Manager,50.73,USD,credit_card,completed,4,2.8,True,10.15,level_2,23
TXN-1102939,2024-06-03,Financial Modeling,US,US,Accountant,44.79,USD,credit_card,completed,8,4.7,True,8.96,new_seller,23
TXN-1102895,2024-06-03,Virtual Assistant,ZA,JP,HR Manager,115.23,USD,bank_transfer,completed,1,4.4,True,23.05,level_1,23
TXN-1102772,2024-06-03,Social Media Management,AU,BR,Marketing Manager,1054.59,USD,paypal,completed,13,4.3,True,210.92,level_1,23
TXN-1102893,2024-06-03,Music Production,CA,US,Designer,52.51,ILS,paypal,completed,17,4.2,True,10.5,level_2,23
TXN-1102847,2024-06-03,Mobile App,CA,AU,Software Engineer,613.47,EUR,credit_card,completed,12,4.3,True,122.69,level_1,23
TXN-1102888,2024-06-03,Translation,GB,GB,Writer,57.48,USD,credit_card,completed,6,4.7,False,11.5,top_rated,23
TXN-1102828,2024-06-03,Social Media Management,CA,IN,Marketing Manager,205.33,USD,crypto,completed,10,4.1,True,41.07,level_2,23
TXN-1102829,2024-06-03,Graphic Design,US,MX,Designer,60.57,EUR,bank_transfer,completed,4,4.4,False,12.11,level_1,23
TXN-1102835,2024-06-03,Web Development,US,IN,Software Engineer,105.69,EUR,credit_card,completed,9,3.9,True,21.14,new_seller,23
TXN-1102839,2024-06-03,Data Analysis,NL,GB,Data Scientist,154.31,USD,credit_card,completed,8,3.9,True,30.86,level_2,23
TXN-1102840,2024-06-03,Financial Modeling,GB,DE,Accountant,219.33,USD,bank_transfer,completed,13,4.4,True,43.87,level_1,23
TXN-1102942,2024-06-03,Social Media Management,US,BR,Marketing Manager,1063.6,USD,credit_card,completed,5,4.6,False,212.72,level_1,23
TXN-1102890,2024-06-03,Video Production,IN,US,Designer,482.2,USD,paypal,completed,10,3.6,True,96.44,level_2,23
TXN-1102803,2024-06-03,Translation,DE,SG,Writer,123.85,USD,credit_card,completed,3,3.0,False,24.77,level_2,23
TXN-1102854,2024-06-03,Social Media Management,DE,GB,Marketing Manager,53.83,USD,credit_card,completed,5,4.9,True,10.77,rising_talent,23
TXN-1102797,2024-06-03,Content Writing,IN,US,Writer,397.75,USD,credit_card,completed,3,3.8,False,79.55,level_2,23
TXN-1102861,2024-06-03,Photography,IN,IN,Designer,330.76,USD,bank_transfer,completed,4,4.3,False,66.15,level_1,23
TXN-1102876,2024-06-03,Content Writing,IL,IN,Writer,126.32,ILS,credit_card,completed,1,4.1,False,25.26,level_1,23
TXN-1102881,2024-06-03,Graphic Design,FR,US,Designer,34.87,USD,paypal,disputed,5,,False,6.97,rising_talent,23
TXN-1102882,2024-06-03,Legal Consulting,DE,US,Lawyer,440.05,EUR,credit_card,completed,12,4.5,False,88.01,new_seller,23
TXN-1102850,2024-06-03,Web Development,BR,US,Software Engineer,525.81,USD,paypal,completed,17,4.1,False,105.16,top_rated,23
TXN-1102943,2024-06-03,Mobile App,IN,US,Software Engineer,13.92,GBP,credit_card,completed,16,3.0,False,2.78,level_2,23
TXN-1102820,2024-06-03,AI/ML Development,IN,IN,Data Scientist,197.13,EUR,credit_card,completed,19,3.3,False,39.43,level_1,23
TXN-1102956,2024-06-03,Social Media Management,BR,IL,Marketing Manager,127.88,USD,credit_card,completed,8,4.3,False,25.58,level_1,23
TXN-1102960,2024-06-03,Graphic Design,SG,IN,Designer,59.62,USD,bank_transfer,completed,4,3.8,False,11.92,new_seller,23
TXN-1102730,2024-06-03,Mobile App,BR,MX,Software Engineer,810.38,USD,paypal,completed,27,4.6,False,162.08,new_seller,23
TXN-1102992,2024-06-03,AI/ML Development,MX,US,Data Scientist,100.2,USD,credit_card,completed,20,3.7,False,20.04,level_2,23
TXN-1102731,2024-06-03,Translation,DE,US,Writer,15.55,USD,bank_transfer,cancelled,2,,True,3.11,level_2,23
TXN-1102752,2024-06-03,Financial Modeling,US,BR,Accountant,87.61,USD,credit_card,completed,24,3.9,False,17.52,level_1,23
TXN-1103010,2024-06-03,SEO/SEM,US,SG,Marketing Manager,59.81,USD,paypal,completed,9,4.6,False,11.96,level_2,23
TXN-1102733,2024-06-03,Social Media Management,NL,US,Marketing Manager,80.38,USD,credit_card,completed,6,4.3,True,16.08,level_2,23
TXN-1103029,2024-06-03,Legal Consulting,SG,FR,Lawyer,801.28,USD,paypal,completed,13,4.3,False,160.26,level_1,23
TXN-1103024,2024-06-03,Graphic Design,AU,ZA,Designer,202.52,USD,credit_card,completed,8,4.1,False,40.5,level_2,23
TXN-1102947,2024-06-04,Virtual Assistant,GB,IN,HR Manager,93.88,USD,paypal,completed,2,4.5,True,18.78,level_2,23
TXN-1102874,2024-06-04,Graphic Design,AU,IN,Designer,88.02,ILS,credit_card,completed,8,3.8,False,17.6,new_seller,23
TXN-1102866,2024-06-04,Content Writing,SG,MX,Writer,42.35,ILS,credit_card,completed,2,4.8,False,8.47,new_seller,23
TXN-1102865,2024-06-04,Graphic Design,GB,MX,Designer,136.74,USD,credit_card,completed,2,4.9,False,27.35,level_2,23
TXN-1102860,2024-06-04,SEO/SEM,IN,JP,Marketing Manager,148.73,INR,credit_card,completed,10,2.7,False,29.75,level_2,23
TXN-1103022,2024-06-04,Web Development,GB,IN,Software Engineer,51.85,INR,credit_card,completed,27,3.8,False,10.37,top_rated,23
TXN-1102848,2024-06-04,SEO/SEM,FR,DE,Marketing Manager,98.28,USD,paypal,completed,7,4.1,False,19.66,new_seller,23
TXN-1103026,2024-06-04,Video Production,US,US,Designer,16.38,GBP,credit_card,completed,9,4.1,False,3.28,level_1,23
TXN-1102849,2024-06-04,AI/ML Development,GB,US,Data Scientist,420.29,USD,credit_card,completed,20,4.5,False,84.06,level_2,23
TXN-1103008,2024-06-04,Legal Consulting,US,US,Lawyer,432.92,USD,paypal,completed,9,3.4,False,86.58,rising_talent,23
TXN-1103033,2024-06-04,Social Media Management,IN,IL,Marketing Manager,165.38,USD,credit_card,completed,4,4.3,True,33.08,level_1,23
TXN-1102837,2024-06-04,Virtual Assistant,ZA,GB,HR Manager,234.53,USD,credit_card,completed,3,4.4,False,46.91,level_1,23
TXN-1102833,2024-06-04,Financial Modeling,US,US,Accountant,155.31,USD,credit_card,completed,6,3.7,False,31.06,level_1,23
TXN-1103036,2024-06-04,Photography,ZA,BR,Designer,1109.06,USD,paypal,completed,3,4.2,True,221.81,level_1,23
TXN-1102822,2024-06-04,Legal Consulting,US,SG,Lawyer,138.8,EUR,credit_card,completed,8,2.8,False,27.76,level_1,23
TXN-1102851,2024-06-04,Mobile App,CA,US,Software Engineer,346.32,EUR,credit_card,completed,12,4.4,True,69.26,level_2,23
TXN-1102879,2024-06-04,Financial Modeling,IN,FR,Accountant,351.83,USD,bank_transfer,completed,4,4.7,False,70.37,level_1,23
TXN-1103003,2024-06-04,Virtual Assistant,CA,ES,HR Manager,81.81,EUR,paypal,completed,2,4.1,True,16.36,level_1,23
TXN-1102946,2024-06-04,Graphic Design,GB,IN,Designer,51.17,USD,credit_card,completed,2,4.1,True,10.23,level_1,23
TXN-1102938,2024-06-04,Music Production,ZA,FR,Designer,18.25,INR,paypal,completed,13,4.5,False,3.65,level_2,23
TXN-1102958,2024-06-04,Graphic Design,ES,ES,Designer,443.23,USD,credit_card,completed,8,3.7,False,88.65,level_2,23
TXN-1103038,2024-06-04,Translation,DE,SG,Writer,155.8,USD,bank_transfer,cancelled,5,,False,31.16,level_2,23
TXN-1102964,2024-06-04,Social Media Management,US,DE,Marketing Manager,227.02,USD,paypal,completed,8,4.4,False,45.4,new_seller,23
TXN-1102971,2024-06-04,Data Analysis,IN,SG,Data Scientist,1110.1,USD,bank_transfer,completed,4,4.9,False,222.02,level_2,23
TXN-1102923,2024-06-04,Financial Modeling,IN,DE,Accountant,180.63,USD,bank_transfer,completed,6,4.8,False,36.13,new_seller,23
TXN-1102973,2024-06-04,Photography,US,US,Designer,445.89,USD,credit_card,completed,8,2.8,False,89.18,new_seller,23
TXN-1102922,2024-06-04,Legal Consulting,IN,US,Lawyer,167.21,USD,credit_card,completed,15,3.8,True,33.44,new_seller,23
TXN-1102978,2024-06-04,Video Production,US,US,Designer,87.77,ILS,credit_card,completed,7,2.7,False,17.55,level_1,23
TXN-1102880,2024-06-04,Music Production,IN,US,Designer,73.59,USD,bank_transfer,cancelled,8,,True,14.72,rising_talent,23
TXN-1102981,2024-06-04,Social Media Management,IL,AU,Marketing Manager,310.0,USD,paypal,completed,4,3.0,False,62.0,level_1,23
TXN-1102983,2024-06-04,Music Production,JP,US,Designer,127.5,USD,paypal,completed,13,4.1,False,25.5,rising_talent,23
TXN-1102906,2024-06-04,Financial Modeling,IN,IN,Accountant,248.15,EUR,credit_card,completed,4,3.6,False,49.63,new_seller,23
TXN-1102984,2024-06-04,Virtual Assistant,CA,US,HR Manager,28.36,USD,crypto,completed,1,4.6,False,5.67,level_1,23
TXN-1102899,2024-06-04,Financial Modeling,IN,IN,Accountant,160.61,USD,credit_card,completed,8,3.6,True,32.12,level_1,23
TXN-1102986,2024-06-04,Mobile App,US,IN,Software Engineer,152.65,USD,credit_card,completed,19,4.4,True,30.53,level_2,23
TXN-1102989,2024-06-04,SEO/SEM,ES,GB,Marketing Manager,133.79,USD,credit_card,completed,4,4.6,False,26.76,new_seller,23
TXN-1102995,2024-06-04,Mobile App,BR,IN,Software Engineer,653.24,GBP,credit_card,completed,14,4.6,True,130.65,rising_talent,23
TXN-1102886,2024-06-04,Mobile App,JP,CA,Software Engineer,191.92,USD,crypto,completed,18,3.9,False,38.38,level_1,23
TXN-1102997,2024-06-04,Web Development,IN,US,Software Engineer,294.36,INR,credit_card,completed,5,3.2,False,58.87,level_1,23
TXN-1102982,2024-06-04,Financial Modeling,US,GB,Accountant,232.45,ILS,paypal,completed,5,4.6,False,46.49,new_seller,23
TXN-1102953,2024-06-04,Financial Modeling,US,US,Accountant,58.08,USD,credit_card,completed,6,4.7,False,11.62,top_rated,23
TXN-1102959,2024-06-04,Mobile App,CA,SG,Software Engineer,791.48,USD,bank_transfer,completed,17,2.2,False,158.3,new_seller,23
TXN-1102781,2024-06-04,Content Writing,MX,US,Writer,1112.07,USD,bank_transfer,disputed,1,,False,222.41,rising_talent,23
TXN-1102757,2024-06-04,Video Production,MX,US,Designer,98.62,USD,paypal,completed,6,4.8,True,19.72,rising_talent,23
TXN-1102788,2024-06-04,Content Writing,IN,GB,Writer,88.75,USD,credit_card,completed,3,4.8,False,17.75,level_2,23
TXN-1102804,2024-06-04,SEO/SEM,IL,US,Marketing Manager,153.82,EUR,credit_card,completed,6,5.0,False,30.76,rising_talent,23
TXN-1102783,2024-06-04,Translation,IN,IN,Writer,254.92,EUR,credit_card,completed,1,4.6,True,50.98,new_seller,23
TXN-1102761,2024-06-04,Translation,BR,US,Writer,43.88,USD,bank_transfer,completed,3,3.2,False,8.78,top_rated,23
TXN-1102753,2024-06-04,Legal Consulting,US,NL,Lawyer,181.82,USD,bank_transfer,completed,22,4.2,False,36.36,level_1,23
TXN-1102735,2024-06-04,Video Production,IL,IN,Designer,28.92,USD,credit_card,completed,6,4.6,True,5.78,rising_talent,23
TXN-1102734,2024-06-04,AI/ML Development,US,US,Data Scientist,158.98,USD,credit_card,completed,16,4.8,False,31.8,new_seller,23
TXN-1102747,2024-06-04,Social Media Management,BR,DE,Marketing Manager,52.5,USD,paypal,completed,115,3.1,False,10.5,rising_talent,23
TXN-1102762,2024-06-04,Music Production,US,AU,Designer,157.68,USD,credit_card,completed,9,4.5,False,31.54,new_seller,23
TXN-1102785,2024-06-04,Web Development,BR,AU,Software Engineer,130.4,USD,paypal,completed,22,4.1,True,26.08,level_2,23
TXN-1102748,2024-06-04,Legal Consulting,CA,ES,Lawyer,117.91,USD,credit_card,cancelled,8,,True,23.58,rising_talent,23
TXN-1102793,2024-06-04,Virtual Assistant,US,GB,HR Manager,518.57,EUR,credit_card,completed,2,4.3,True,103.71,level_2,23
TXN-1102764,2024-06-04,Legal Consulting,GB,NL,Lawyer,52.62,USD,bank_transfer,completed,10,4.2,False,10.52,level_1,23
TXN-1102784,2024-06-04,Virtual Assistant,US,US,HR Manager,799.36,USD,credit_card,completed,3,4.4,True,159.87,level_1,23
TXN-1102792,2024-06-04,Legal Consulting,US,SG,Lawyer,111.85,EUR,bank_transfer,completed,12,4.4,False,22.37,rising_talent,23
TXN-1102802,2024-06-04,Legal Consulting,GB,IN,Lawyer,192.88,USD,paypal,completed,8,3.7,False,38.58,rising_talent,23
TXN-1102786,2024-06-05,Financial Modeling,FR,GB,Accountant,388.71,USD,credit_card,completed,12,4.6,False,77.74,level_1,23
TXN-1102790,2024-06-05,Content Writing,DE,DE,Writer,217.55,USD,credit_card,completed,1,4.7,True,43.51,level_1,23
TXN-1102883,2024-06-05,Music Production,IN,DE,Designer,469.62,USD,credit_card,completed,7,4.1,True,93.92,new_seller,23
TXN-1102970,2024-06-05,AI/ML Development,JP,GB,Data Scientist,162.88,USD,paypal,completed,18,4.7,False,32.58,level_1,23
TXN-1102872,2024-06-05,Photography,IN,GB,Designer,392.76,USD,paypal,completed,3,4.6,False,78.55,top_rated,23
TXN-1102871,2024-06-05,Web Development,DE,SG,Software Engineer,87.73,USD,credit_card,completed,11,2.8,False,17.55,level_2,23
TXN-1103034,2024-06-05,Financial Modeling,SG,US,Accountant,476.29,USD,credit_card,completed,14,4.0,False,95.26,level_2,23
TXN-1103020,2024-06-05,Music Production,GB,GB,Designer,649.64,ILS,credit_card,completed,15,4.9,False,129.93,level_2,23
TXN-1102885,2024-06-05,SEO/SEM,GB,IN,Marketing Manager,184.19,USD,credit_card,completed,4,4.3,True,36.84,top_rated,23
TXN-1102966,2024-06-05,Legal Consulting,US,JP,Lawyer,16.41,USD,credit_card,completed,15,4.9,True,3.28,new_seller,23
TXN-1102875,2024-06-05,Graphic Design,BR,BR,Designer,192.67,EUR,credit_card,completed,5,4.3,True,38.53,rising_talent,23
TXN-1102965,2024-06-05,Social Media Management,ES,IN,Marketing Manager,166.95,INR,credit_card,completed,9,3.6,True,33.39,top_rated,23
TXN-1102765,2024-06-05,Mobile App,SG,BR,Software Engineer,12.65,USD,paypal,completed,10,4.6,False,2.53,new_seller,23
TXN-1102763,2024-06-05,Photography,IN,SG,Designer,1540.15,USD,credit_card,completed,6,4.9,False,308.03,level_1,23
TXN-1102768,2024-06-05,Virtual Assistant,US,IN,HR Manager,534.35,GBP,credit_card,completed,1,3.7,False,106.87,top_rated,23
TXN-1102769,2024-06-05,SEO/SEM,US,FR,Marketing Manager,55.9,USD,credit_card,completed,15,3.8,False,11.18,level_1,23
TXN-1102927,2024-06-05,Data Analysis,IN,US,Data Scientist,8.65,USD,credit_card,completed,4,4.0,False,1.73,rising_talent,23
TXN-1102944,2024-06-05,Web Development,IN,CA,Software Engineer,443.38,USD,credit_card,completed,4,3.4,True,88.68,rising_talent,23
TXN-1102771,2024-06-05,Graphic Design,GB,DE,Designer,90.71,EUR,bank_transfer,completed,2,3.4,False,18.14,level_1,23
TXN-1102775,2024-06-05,Legal Consulting,NL,IN,Lawyer,435.82,USD,paypal,completed,8,3.9,False,87.16,level_2,23
TXN-1102948,2024-06-05,Virtual Assistant,NL,US,HR Manager,94.06,USD,credit_card,completed,1,4.2,True,18.81,new_seller,23
TXN-1102949,2024-06-05,AI/ML Development,IN,IN,Data Scientist,164.13,GBP,credit_card,completed,18,4.5,False,32.83,top_rated,23
TXN-1102776,2024-06-05,Music Production,DE,DE,Designer,222.36,USD,paypal,completed,9,4.8,True,44.47,new_seller,23
TXN-1102914,2024-06-05,Music Production,IN,US,Designer,157.28,USD,credit_card,completed,6,4.3,False,31.46,level_2,23
TXN-1102778,2024-06-05,Data Analysis,DE,IN,Data Scientist,261.47,USD,credit_card,completed,5,4.3,False,52.29,new_seller,23
TXN-1102758,2024-06-05,Music Production,IN,FR,Designer,303.22,USD,credit_card,completed,17,3.7,False,60.64,rising_talent,23
TXN-1102903,2024-06-05,Music Production,DE,IN,Designer,335.2,USD,paypal,completed,8,2.6,True,67.04,level_2,23
TXN-1103031,2024-06-05,Data Analysis,IL,NL,Data Scientist,330.08,EUR,credit_card,completed,4,4.7,False,66.02,level_2,23
TXN-1102780,2024-06-05,Mobile App,US,GB,Software Engineer,477.93,USD,paypal,completed,11,4.2,True,95.59,rising_talent,23
TXN-1103032,2024-06-05,Web Development,IN,ES,Software Engineer,380.2,USD,credit_card,completed,18,3.0,False,76.04,top_rated,23
TXN-1102794,2024-06-05,Financial Modeling,US,US,Accountant,116.83,USD,bank_transfer,completed,8,3.9,False,23.37,level_1,23
TXN-1102936,2024-06-05,Legal Consulting,DE,ES,Lawyer,67.14,ILS,credit_card,completed,15,4.1,True,13.43,level_1,23
TXN-1102863,2024-06-05,Financial Modeling,GB,US,Accountant,2724.66,EUR,credit_card,completed,16,3.6,False,544.93,level_1,23
TXN-1103015,2024-06-05,SEO/SEM,ZA,US,Marketing Manager,36.22,USD,paypal,completed,10,4.6,True,7.24,rising_talent,23
TXN-1102841,2024-06-05,Legal Consulting,CA,IL,Lawyer,296.45,USD,credit_card,completed,30,4.6,False,59.29,level_2,23
TXN-1102846,2024-06-05,Social Media Management,US,ZA,Marketing Manager,229.19,INR,crypto,completed,7,3.0,False,45.84,new_seller,23
TXN-1102801,2024-06-05,Data Analysis,AU,AU,Data Scientist,62.63,USD,paypal,completed,8,5.0,False,12.53,new_seller,23
TXN-1102746,2024-06-05,Photography,US,IN,Designer,561.51,USD,credit_card,completed,3,4.4,False,112.3,rising_talent,23
TXN-1102853,2024-06-05,Content Writing,GB,IN,Writer,139.3,USD,paypal,completed,3,4.9,True,27.86,rising_talent,23
TXN-1102810,2024-06-05,Data Analysis,US,US,Data Scientist,225.04,USD,bank_transfer,completed,9,3.5,False,45.01,level_2,23
TXN-1103002,2024-06-05,Graphic Design,DE,DE,Designer,198.75,USD,credit_card,completed,5,4.3,True,39.75,top_rated,23
TXN-1103004,2024-06-05,AI/ML Development,US,IN,Data Scientist,211.12,USD,credit_card,completed,13,4.0,True,42.22,rising_talent,23
TXN-1102799,2024-06-05,Mobile App,IN,CA,Software Engineer,320.96,USD,credit_card,completed,13,3.7,False,64.19,level_2,23
TXN-1102857,2024-06-05,Web Development,FR,CA,Software Engineer,1019.19,EUR,credit_card,completed,28,3.9,False,203.84,level_1,23
TXN-1102812,2024-06-05,Content Writing,US,US,Writer,26.79,USD,bank_transfer,completed,6,3.9,False,5.36,level_1,23
TXN-1103018,2024-06-05,Mobile App,IN,ES,Software Engineer,146.77,USD,credit_card,completed,16,3.5,False,29.35,level_2,23
TXN-1102738,2024-06-05,Legal Consulting,US,BR,Lawyer,117.06,ILS,bank_transfer,completed,11,4.1,True,23.41,level_2,23
TXN-1102739,2024-06-05,Graphic Design,US,ES,Designer,81.95,USD,bank_transfer,completed,3,4.4,True,16.39,rising_talent,23
TXN-1102824,2024-06-05,Data Analysis,BR,US,Data Scientist,946.81,USD,bank_transfer,completed,4,4.9,True,189.36,level_1,23
TXN-1102924,2024-06-06,Music Production,IN,US,Designer,116.71,USD,paypal,completed,9,3.9,True,23.34,level_1,23
TXN-1102901,2024-06-06,Graphic Design,ZA,IL,Designer,109.23,EUR,paypal,completed,4,4.4,False,21.85,new_seller,23
TXN-1102836,2024-06-06,Graphic Design,ES,IN,Designer,238.0,USD,bank_transfer,completed,3,3.9,True,47.6,level_1,23
TXN-1102904,2024-06-06,Music Production,IN,IN,Designer,855.15,USD,credit_card,cancelled,20,,False,171.03,level_1,23
TXN-1102808,2024-06-06,Mobile App,DE,SG,Software Engineer,209.85,ILS,credit_card,disputed,30,,False,41.97,new_seller,23
TXN-1103014,2024-06-06,Data Analysis,US,GB,Data Scientist,579.3,USD,credit_card,completed,5,4.2,False,115.86,rising_talent,23
TXN-1102955,2024-06-06,Data Analysis,GB,NL,Data Scientist,151.04,USD,paypal,completed,4,2.8,True,30.21,new_seller,23
TXN-1103011,2024-06-06,Data Analysis,US,US,Data Scientist,51.9,USD,credit_card,completed,9,4.5,True,10.38,top_rated,23
TXN-1102819,2024-06-06,Content Writing,SG,BR,Writer,38.23,USD,paypal,completed,4,4.8,False,7.65,level_2,23
TXN-1102996,2024-06-06,Content Writing,ZA,US,Writer,85.19,USD,paypal,completed,2,4.0,False,17.04,level_1,23
TXN-1103006,2024-06-06,Video Production,US,GB,Designer,59.89,EUR,credit_card,completed,7,4.1,True,11.98,level_1,23
TXN-1102830,2024-06-06,Mobile App,DE,GB,Software Engineer,318.0,USD,bank_transfer,completed,17,4.4,False,63.6,level_2,23
TXN-1102864,2024-06-06,SEO/SEM,IN,GB,Marketing Manager,55.97,USD,credit_card,completed,12,3.8,False,11.19,level_1,23
TXN-1102916,2024-06-06,Graphic Design,DE,NL,Designer,298.13,EUR,bank_transfer,completed,6,4.3,False,59.63,level_2,23
TXN-1102770,2024-06-06,Web Development,IN,IN,Software Engineer,50.27,USD,bank_transfer,completed,25,3.4,False,10.05,rising_talent,23
TXN-1102994,2024-06-06,Content Writing,IL,US,Writer,196.19,USD,paypal,completed,4,4.3,False,39.24,top_rated,23
TXN-1102806,2024-06-06,SEO/SEM,IN,AU,Marketing Manager,46.28,USD,credit_card,completed,6,4.8,False,9.26,new_seller,23
TXN-1103012,2024-06-06,Virtual Assistant,AU,CA,HR Manager,512.39,USD,credit_card,completed,2,4.5,False,102.48,rising_talent,23
TXN-1102961,2024-06-06,Mobile App,IN,US,Software Engineer,120.25,USD,bank_transfer,completed,13,3.5,False,24.05,level_2,23
TXN-1102856,2024-06-06,Content Writing,US,US,Writer,54.62,USD,bank_transfer,completed,1,3.4,False,10.92,level_1,23
TXN-1102898,2024-06-06,Data Analysis,CA,FR,Data Scientist,38.72,USD,crypto,completed,8,4.7,False,7.74,level_1,23
TXN-1102798,2024-06-06,Financial Modeling,US,SG,Accountant,549.73,USD,credit_card,completed,6,4.0,False,109.95,rising_talent,23
TXN-1102852,2024-06-06,Financial Modeling,SG,US,Accountant,124.54,USD,credit_card,completed,8,3.2,False,24.91,level_2,23
TXN-1102884,2024-06-06,Content Writing,DE,SG,Writer,497.02,USD,bank_transfer,completed,2,4.8,False,99.4,level_1,23
TXN-1102745,2024-06-06,Translation,US,DE,Writer,1433.66,USD,credit_card,completed,4,2.8,False,286.73,new_seller,23
TXN-1102858,2024-06-06,Legal Consulting,US,ES,Lawyer,111.07,EUR,credit_card,completed,11,4.0,False,22.21,level_1,23
TXN-1102877,2024-06-06,Photography,US,SG,Designer,86.16,USD,credit_card,completed,4,3.4,True,17.23,level_1,23
TXN-1102975,2024-06-06,Mobile App,DE,US,Software Engineer,43.72,USD,credit_card,completed,30,4.4,False,8.74,rising_talent,23
TXN-1102796,2024-06-06,Social Media Management,US,US,Marketing Manager,109.51,USD,credit_card,completed,4,3.0,True,21.9,level_2,23
TXN-1102814,2024-06-06,SEO/SEM,GB,ZA,Marketing Manager,789.57,USD,credit_card,completed,6,4.8,False,157.91,new_seller,23
TXN-1102795,2024-06-06,Data Analysis,GB,US,Data Scientist,342.61,USD,credit_card,completed,9,4.8,True,68.52,new_seller,23
TXN-1102744,2024-06-06,Video Production,US,FR,Designer,511.24,GBP,credit_card,completed,4,4.5,True,102.25,level_2,23
TXN-1102805,2024-06-06,SEO/SEM,CA,US,Marketing Manager,17.62,USD,bank_transfer,completed,7,3.9,True,3.52,top_rated,23
TXN-1102977,2024-06-06,Content Writing,US,BR,Writer,96.68,USD,credit_card,completed,2,3.9,True,19.34,level_1,23
TXN-1102974,2024-06-07,Virtual Assistant,GB,SG,HR Manager,173.41,USD,credit_card,completed,1,4.4,False,34.68,level_1,23
TXN-1102941,2024-06-07,Virtual Assistant,US,US,HR Manager,123.17,USD,paypal,completed,2,2.8,False,24.63,new_seller,23
TXN-1103005,2024-06-07,Translation,BR,SG,Writer,33.12,USD,paypal,completed,3,4.9,False,6.62,level_1,23
TXN-1103009,2024-06-07,Financial Modeling,IN,US,Accountant,53.42,USD,credit_card,completed,7,2.8,False,10.68,new_seller,23
TXN-1103007,2024-06-07,Content Writing,US,MX,Writer,65.54,EUR,paypal,completed,3,4.9,False,13.11,level_2,23
TXN-1102937,2024-06-07,Content Writing,AU,US,Writer,30.88,USD,credit_card,completed,2,4.4,False,6.18,top_rated,23
TXN-1102998,2024-06-07,Video Production,DE,ZA,Designer,102.95,GBP,crypto,completed,4,4.5,False,20.59,level_1,23
TXN-1102945,2024-06-07,Photography,FR,US,Designer,470.0,USD,credit_card,completed,3,3.9,True,94.0,rising_talent,23
TXN-1103013,2024-06-07,Social Media Management,FR,ES,Marketing Manager,200.55,USD,credit_card,completed,5,4.3,False,40.11,level_1,23
TXN-1102969,2024-06-07,Virtual Assistant,DE,BR,HR Manager,27.87,USD,paypal,completed,1,4.1,False,5.57,level_2,23
TXN-1102968,2024-06-07,Data Analysis,SG,US,Data Scientist,39.55,USD,credit_card,completed,3,3.9,False,7.91,level_1,23
TXN-1102952,2024-06-07,Data Analysis,ES,FR,Data Scientist,380.86,GBP,credit_card,completed,8,4.7,False,76.17,level_1,23
TXN-1102759,2024-06-07,Mobile App,US,FR,Software Engineer,261.89,USD,credit_card,completed,16,4.4,False,52.38,rising_talent,23
TXN-1102967,2024-06-07,Translation,MX,GB,Writer,117.57,USD,paypal,completed,3,4.8,False,23.51,level_2,23
TXN-1102993,2024-06-07,Data Analysis,US,CA,Data Scientist,45.14,USD,crypto,completed,7,4.4,True,9.03,level_1,23
TXN-1102987,2024-06-07,AI/ML Development,US,US,Data Scientist,137.44,USD,paypal,completed,30,4.2,True,27.49,level_1,23
TXN-1102755,2024-06-07,Virtual Assistant,CA,US,HR Manager,609.04,USD,credit_card,completed,2,3.6,True,121.81,level_1,23
TXN-1103021,2024-06-07,Financial Modeling,AU,US,Accountant,363.67,USD,credit_card,completed,22,3.9,False,72.73,level_2,23
TXN-1102962,2024-06-07,Video Production,BR,IN,Designer,59.95,EUR,bank_transfer,completed,7,3.5,False,11.99,level_1,23
TXN-1102972,2024-06-07,Photography,ZA,US,Designer,307.01,USD,credit_card,completed,3,4.8,False,61.4,level_1,23
TXN-1103016,2024-06-07,Photography,US,CA,Designer,23.64,USD,credit_card,completed,5,4.8,True,4.73,rising_talent,23
TXN-1102777,2024-06-07,Social Media Management,IN,IN,Marketing Manager,1469.63,USD,paypal,cancelled,6,,False,293.93,level_2,23
TXN-1102934,2024-06-07,Content Writing,GB,NL,Writer,815.19,USD,paypal,completed,2,4.9,False,163.04,new_seller,23
TXN-1102887,2024-06-07,Mobile App,IL,US,Software Engineer,101.09,USD,credit_card,completed,16,4.3,False,20.22,rising_talent,23
TXN-1102878,2024-06-07,Data Analysis,US,GB,Data Scientist,259.03,USD,paypal,completed,7,4.2,True,51.81,level_1,23
TXN-1102791,2024-06-07,Web Development,ZA,NL,Software Engineer,96.48,GBP,credit_card,completed,18,3.7,False,19.3,level_1,23
TXN-1102935,2024-06-07,Music Production,IL,ZA,Designer,1057.92,USD,bank_transfer,completed,5,4.1,False,211.58,level_1,23
TXN-1102868,2024-06-07,Web Development,IN,IN,Software Engineer,554.04,USD,credit_card,completed,8,2.7,False,110.81,rising_talent,23
TXN-1102867,2024-06-07,Virtual Assistant,DE,US,HR Manager,6.79,INR,paypal,completed,2,3.8,True,1.36,level_2,23
TXN-1103035,2024-06-07,Web Development,US,ES,Software Engineer,172.84,EUR,credit_card,completed,14,4.3,True,34.57,rising_talent,23
TXN-1102855,2024-06-07,Photography,US,US,Designer,29.17,USD,credit_card,completed,2,4.2,True,5.83,level_1,23
TXN-1102782,2024-06-07,Financial Modeling,US,ZA,Accountant,145.6,USD,credit_card,completed,13,3.6,False,29.12,level_1,23
TXN-1102843,2024-06-07,Video Production,IN,GB,Designer,146.22,USD,credit_card,completed,8,4.3,False,29.24,level_1,23
TXN-1102807,2024-06-07,Social Media Management,GB,FR,Marketing Manager,65.29,USD,credit_card,completed,7,4.3,False,13.06,top_rated,23
TXN-1102809,2024-06-07,Content Writing,DE,GB,Writer,386.76,USD,paypal,completed,3,4.2,False,77.35,top_rated,23
TXN-1102832,2024-06-07,Financial Modeling,GB,US,Accountant,82.96,USD,paypal,in_progress,14,,False,16.59,new_seller,23
TXN-1102831,2024-06-07,Translation,JP,US,Writer,369.59,USD,paypal,completed,2,3.8,True,73.92,new_seller,23
TXN-1102827,2024-06-07,Mobile App,MX,NL,Software Engineer,77.64,USD,credit_card,completed,15,4.0,False,15.53,top_rated,23
TXN-1102826,2024-06-07,SEO/SEM,US,MX,Marketing Manager,87.48,EUR,bank_transfer,completed,8,3.4,False,17.5,level_1,23
TXN-1102823,2024-06-07,AI/ML Development,IN,GB,Data Scientist,33.91,USD,credit_card,disputed,22,,True,6.78,level_2,23
TXN-1103040,2024-06-07,SEO/SEM,GB,ZA,Marketing Manager,454.86,USD,credit_card,completed,14,3.5,False,90.97,rising_talent,23
TXN-1102842,2024-06-07,Video Production,US,US,Designer,60.5,USD,paypal,completed,9,4.7,False,12.1,level_2,23
TXN-1102897,2024-06-07,Financial Modeling,US,GB,Accountant,977.21,USD,bank_transfer,completed,8,3.2,True,195.44,rising_talent,23
TXN-1102870,2024-06-07,Content Writing,US,CA,Writer,770.02,INR,bank_transfer,completed,4,3.9,True,154.0,rising_talent,23
TXN-1102918,2024-06-07,SEO/SEM,US,US,Marketing Manager,11.86,USD,credit_card,completed,16,2.9,False,2.37,level_2,23
TXN-1102917,2024-06-07,Photography,IN,US,Designer,1085.96,USD,paypal,completed,5,1.0,True,217.19,level_1,23
TXN-1102919,2024-06-07,Translation,US,IN,Writer,94.14,USD,credit_card,disputed,1,,True,18.83,level_2,23
TXN-1102933,2024-06-07,SEO/SEM,IN,US,Marketing Manager,379.21,EUR,bank_transfer,completed,6,4.7,False,75.84,rising_talent,23
TXN-1102925,2024-06-07,AI/ML Development,SG,NL,Data Scientist,163.41,USD,credit_card,completed,12,4.2,False,32.68,level_2,23
TXN-1102908,2024-06-07,Photography,FR,IN,Designer,106.99,USD,crypto,completed,6,3.9,False,21.4,new_seller,23
TXN-1102766,2024-06-07,Virtual Assistant,IN,IN,HR Manager,142.11,USD,paypal,completed,1,3.6,True,28.42,level_1,23
TXN-1102928,2024-06-07,Music Production,GB,US,Designer,129.11,USD,paypal,completed,9,2.9,False,25.82,top_rated,23
TXN-1102909,2024-06-07,Video Production,ZA,IN,Designer,78.68,USD,credit_card,completed,9,4.1,True,15.74,level_2,23
TXN-1102911,2024-06-07,Photography,US,GB,Designer,493.38,USD,paypal,completed,2,4.2,True,98.68,level_1,23
TXN-1102760,2024-06-08,Translation,SG,GB,Writer,214.83,EUR,credit_card,completed,1,3.9,True,42.97,level_1,23
TXN-1102838,2024-06-08,Social Media Management,GB,FR,Marketing Manager,98.39,USD,paypal,completed,2,4.6,False,19.68,rising_talent,23
TXN-1102742,2024-06-08,Graphic Design,ZA,BR,Designer,134.48,ILS,paypal,completed,5,3.3,True,26.9,level_1,23
TXN-1102741,2024-06-08,SEO/SEM,MX,FR,Marketing Manager,393.03,USD,credit_card,completed,10,4.8,False,78.61,level_2,23
TXN-1102845,2024-06-08,Content Writing,DE,US,Writer,128.9,USD,credit_card,completed,2,4.2,False,25.78,level_2,23
TXN-1102999,2024-06-08,Web Development,US,IN,Software Engineer,212.91,USD,bank_transfer,completed,22,4.2,True,42.58,rising_talent,23
TXN-1102988,2024-06-08,Photography,GB,GB,Designer,269.43,USD,credit_card,completed,2,3.9,False,53.89,level_2,23
TXN-1102767,2024-06-08,Web Development,US,AU,Software Engineer,81.48,USD,credit_card,completed,30,4.3,False,16.3,level_1,23
TXN-1102740,2024-06-08,Photography,IN,SG,Designer,540.14,USD,credit_card,completed,2,4.9,False,108.03,top_rated,23
TXN-1102825,2024-06-08,Financial Modeling,FR,SG,Accountant,154.48,USD,credit_card,cancelled,7,,False,30.9,level_2,23
TXN-1102813,2024-06-08,Graphic Design,US,GB,Designer,121.9,EUR,paypal,completed,2,4.7,False,24.38,rising_talent,23
TXN-1102818,2024-06-08,Legal Consulting,US,US,Lawyer,329.5,USD,paypal,completed,8,4.6,False,65.9,new_seller,23
TXN-1102817,2024-06-08,Graphic Design,CA,GB,Designer,405.82,USD,paypal,completed,4,4.7,False,81.16,level_1,23
TXN-1102816,2024-06-08,Web Development,ZA,IL,Software Engineer,311.17,USD,paypal,completed,18,3.1,False,62.23,level_2,23
TXN-1102811,2024-06-08,Video Production,US,US,Designer,87.75,USD,crypto,completed,7,3.8,True,17.55,level_2,23
TXN-1103000,2024-06-08,Data Analysis,FR,JP,Data Scientist,995.65,USD,paypal,completed,11,4.3,True,199.13,level_1,23
TXN-1102815,2024-06-08,Data Analysis,SG,GB,Data Scientist,503.18,USD,paypal,completed,4,3.3,False,100.64,level_1,23
TXN-1102751,2024-06-08,AI/ML Development,IL,IN,Data Scientist,3923.44,GBP,paypal,completed,19,3.8,False,784.69,new_seller,23
TXN-1102787,2024-06-08,AI/ML Development,CA,IN,Data Scientist,34.41,USD,credit_card,completed,27,4.4,False,6.88,level_2,23
TXN-1102789,2024-06-08,Virtual Assistant,US,CA,HR Manager,87.4,USD,paypal,completed,1,4.9,False,17.48,rising_talent,23
TXN-1102894,2024-06-08,Financial Modeling,US,US,Accountant,271.47,USD,bank_transfer,completed,20,3.6,False,54.29,level_1,23
TXN-1102737,2024-06-08,Photography,ES,SG,Designer,29.41,USD,credit_card,completed,7,4.4,False,5.88,rising_talent,23
TXN-1102732,2024-06-08,Legal Consulting,DE,US,Lawyer,185.23,EUR,crypto,completed,5,4.7,False,37.05,level_1,23
TXN-1102951,2024-06-08,Content Writing,GB,IL,Writer,199.52,USD,credit_card,completed,5,4.7,False,39.9,level_1,23
TXN-1102889,2024-06-08,Photography,US,IL,Designer,55.57,EUR,credit_card,cancelled,12,,True,11.11,rising_talent,23
TXN-1102963,2024-06-08,Legal Consulting,US,SG,Lawyer,66.75,USD,paypal,completed,17,4.6,False,13.35,level_1,23
TXN-1102896,2024-06-08,Photography,US,US,Designer,47.68,USD,credit_card,completed,3,2.8,True,9.54,level_1,23
TXN-1102779,2024-06-08,Photography,IN,BR,Designer,231.62,USD,credit_card,completed,4,4.1,False,46.32,level_1,23
TXN-1102980,2024-06-08,Legal Consulting,SG,US,Lawyer,31.83,USD,credit_card,completed,7,4.6,False,6.37,top_rated,23
TXN-1102950,2024-06-08,Data Analysis,FR,GB,Data Scientist,50.34,EUR,paypal,completed,5,3.8,True,10.07,rising_talent,23
TXN-1102729,2024-06-08,Web Development,GB,US,Software Engineer,235.27,USD,credit_card,completed,16,4.2,False,47.05,level_1,23
TXN-1103037,2024-06-08,Legal Consulting,BR,IN,Lawyer,23.32,ILS,bank_transfer,completed,30,3.6,False,4.66,rising_talent,23
TXN-1102979,2024-06-08,AI/ML Development,ZA,IN,Data Scientist,36.49,EUR,paypal,completed,18,4.6,True,7.3,level_2,23
TXN-1102891,2024-06-08,AI/ML Development,US,US,Data Scientist,50.08,USD,credit_card,completed,13,4.5,True,10.02,top_rated,23
TXN-1103023,2024-06-09,Financial Modeling,IN,US,Accountant,571.85,USD,paypal,completed,5,4.5,False,114.37,new_seller,23
TXN-1103017,2024-06-09,Web Development,NL,IN,Software Engineer,456.88,USD,bank_transfer,completed,25,3.9,False,91.38,new_seller,23
TXN-1102736,2024-06-09,Virtual Assistant,IN,US,HR Manager,200.67,USD,paypal,completed,2,4.9,True,40.13,level_2,23
TXN-1103028,2024-06-09,Social Media Management,IN,US,Marketing Manager,80.86,USD,credit_card,completed,6,4.2,True,16.17,top_rated,23
TXN-1103019,2024-06-09,Graphic Design,AU,CA,Designer,127.98,USD,credit_card,completed,9,4.4,False,25.6,level_1,23
TXN-1103027,2024-06-09,Video Production,US,IN,Designer,78.75,USD,credit_card,completed,4,2.8,False,15.75,level_1,23
TXN-1103039,2024-06-09,Translation,CA,SG,Writer,189.86,USD,credit_card,completed,2,4.5,False,37.97,level_1,23
TXN-1103025,2024-06-09,Photography,US,NL,Designer,96.58,EUR,paypal,completed,2,4.2,False,19.32,new_seller,23
TXN-1103030,2024-06-09,Graphic Design,US,ZA,Designer,63.04,USD,credit_card,completed,5,4.6,False,12.61,level_2,23
TXN-1102754,2024-06-09,Photography,US,US,Designer,46.06,USD,paypal,completed,3,4.7,False,9.21,level_1,23
TXN-1102743,2024-06-09,Content Writing,US,DE,Writer,212.17,EUR,credit_card,completed,2,4.7,False,42.43,level_2,23
TXN-1103001,2024-06-09,Translation,IL,US,Writer,153.36,USD,crypto,completed,3,5.0,False,30.67,level_1,23
TXN-1102834,2024-06-09,Video Production,ZA,IL,Designer,472.06,USD,paypal,completed,6,4.0,False,94.41,rising_talent,23
TXN-1102844,2024-06-09,Virtual Assistant,NL,ZA,HR Manager,41.11,USD,paypal,completed,2,4.7,True,8.22,level_1,23
TXN-1102800,2024-06-09,Web Development,US,BR,Software Engineer,35.17,EUR,credit_card,disputed,24,,False,7.03,level_1,23
TXN-1102859,2024-06-09,Virtual Assistant,ZA,BR,HR Manager,247.78,USD,credit_card,completed,1,4.8,False,49.56,level_1,23
TXN-1102862,2024-06-09,Graphic Design,DE,US,Designer,51.9,ILS,credit_card,completed,7,4.5,True,10.38,level_2,23
TXN-1102869,2024-06-09,Financial Modeling,NL,US,Accountant,66.03,USD,paypal,completed,6,3.4,True,13.21,level_1,23
TXN-1102873,2024-06-09,Data Analysis,IN,CA,Data Scientist,24.67,GBP,credit_card,completed,4,4.5,False,4.93,new_seller,23
TXN-1102892,2024-06-09,Mobile App,MX,US,Software Engineer,235.75,USD,credit_card,completed,10,4.1,False,47.15,top_rated,23
TXN-1102902,2024-06-09,Financial Modeling,US,BR,Accountant,538.33,USD,paypal,completed,11,4.4,False,107.67,level_2,23
TXN-1102905,2024-06-09,Mobile App,IN,IN,Software Engineer,14.03,USD,credit_card,completed,18,3.7,True,2.81,top_rated,23
TXN-1102907,2024-06-09,Legal Consulting,JP,US,Lawyer,167.73,GBP,credit_card,completed,12,4.6,False,33.55,new_seller,23
TXN-1102910,2024-06-09,Music Production,BR,IN,Designer,1030.89,USD,credit_card,completed,8,4.4,True,206.18,level_1,23
TXN-1102821,2024-06-09,Web Development,DE,US,Software Engineer,52.36,USD,credit_card,cancelled,14,,True,10.47,level_2,23
TXN-1102774,2024-06-09,Translation,GB,ES,Writer,18.89,USD,credit_card,completed,3,4.6,False,3.78,level_1,23
TXN-1102921,2024-06-09,Graphic Design,US,US,Designer,643.19,EUR,bank_transfer,completed,2,3.4,False,128.64,rising_talent,23
TXN-1102990,2024-06-09,Data Analysis,US,IN,Data Scientist,454.98,USD,credit_card,completed,10,3.2,False,91.0,level_2,23
TXN-1102985,2024-06-09,Graphic Design,US,US,Designer,403.31,USD,crypto,completed,3,4.4,True,80.66,rising_talent,23
TXN-1102749,2024-06-09,Legal Consulting,GB,IN,Lawyer,1112.1,USD,paypal,completed,8,4.7,True,222.42,level_2,23
TXN-1102750,2024-06-09,Music Production,IN,DE,Designer,598.5,EUR,credit_card,completed,13,2.4,False,119.7,new_seller,23
TXN-1102991,2024-06-09,Financial Modeling,GB,CA,Accountant,83.36,ILS,paypal,disputed,6,,False,16.67,new_seller,23
TXN-1102756,2024-06-09,Legal Consulting,ES,IN,Lawyer,2794.22,USD,credit_card,disputed,16,,False,558.84,level_2,23
TXN-1102957,2024-06-09,Graphic Design,MX,US,Designer,16.47,USD,credit_card,completed,9,1.0,False,3.29,rising_talent,23
TXN-1102954,2024-06-09,Translation,US,US,Writer,456.66,USD,paypal,completed,1,4.5,False,91.33,top_rated,23
TXN-1102940,2024-06-09,Video Production,NL,IN,Designer,501.85,USD,paypal,completed,4,3.5,True,100.37,rising_talent,23
TXN-1102976,2024-06-09,Translation,GB,US,Writer,57.15,USD,credit_card,completed,5,4.3,False,11.43,level_1,23
TXN-1103198,2024-06-10,Graphic Design,GB,IN,Designer,314.51,EUR,paypal,completed,5,4.3,False,62.9,level_2,24
TXN-1103299,2024-06-10,Video Production,IN,ZA,Designer,125.65,USD,credit_card,completed,7,4.0,True,25.13,level_1,24
TXN-1103310,2024-06-10,Content Writing,US,US,Writer,59.7,USD,credit_card,completed,6,2.8,False,11.94,new_seller,24
TXN-1103082,2024-06-10,Financial Modeling,US,MX,Accountant,647.72,USD,crypto,completed,16,4.4,False,129.54,level_2,24
TXN-1103187,2024-06-10,Legal Consulting,AU,SG,Lawyer,112.98,USD,paypal,completed,8,3.3,True,22.6,level_2,24
TXN-1103077,2024-06-10,Financial Modeling,US,AU,Accountant,416.91,INR,credit_card,completed,4,4.8,True,83.38,new_seller,24
TXN-1103196,2024-06-10,Mobile App,GB,IN,Software Engineer,291.41,EUR,credit_card,completed,30,3.6,False,58.28,new_seller,24
TXN-1103075,2024-06-10,Content Writing,GB,GB,Writer,234.24,USD,credit_card,completed,2,3.1,False,46.85,rising_talent,24
TXN-1103073,2024-06-10,Financial Modeling,IN,US,Accountant,397.38,USD,paypal,completed,12,4.2,False,79.48,rising_talent,24
TXN-1103089,2024-06-10,Data Analysis,NL,JP,Data Scientist,289.2,ILS,credit_card,completed,6,4.2,False,57.84,level_2,24
TXN-1103195,2024-06-10,Mobile App,US,DE,Software Engineer,694.53,USD,paypal,completed,19,4.5,False,138.91,level_1,24
TXN-1103090,2024-06-10,AI/ML Development,JP,US,Data Scientist,25.64,USD,credit_card,completed,17,4.8,False,5.13,new_seller,24
TXN-1103162,2024-06-10,Legal Consulting,JP,MX,Lawyer,1084.5,USD,credit_card,completed,29,4.9,True,216.9,top_rated,24
TXN-1103093,2024-06-10,Web Development,IN,US,Software Engineer,125.64,GBP,credit_card,completed,12,4.5,False,25.13,level_1,24
TXN-1103095,2024-06-10,Photography,ZA,NL,Designer,80.12,USD,credit_card,completed,2,4.6,True,16.02,level_2,24
TXN-1103166,2024-06-10,Virtual Assistant,NL,GB,HR Manager,152.38,USD,credit_card,completed,1,3.0,False,30.48,level_1,24
TXN-1103149,2024-06-10,AI/ML Development,ZA,ES,Data Scientist,474.18,USD,credit_card,completed,24,3.0,False,94.84,top_rated,24
TXN-1103145,2024-06-10,Data Analysis,US,FR,Data Scientist,359.97,USD,paypal,completed,7,2.8,True,71.99,level_2,24
TXN-1103139,2024-06-10,Financial Modeling,US,US,Accountant,158.91,USD,credit_card,completed,11,4.6,True,31.78,level_2,24
TXN-1103105,2024-06-10,Photography,US,AU,Designer,144.35,USD,credit_card,completed,3,3.7,False,28.87,top_rated,24
TXN-1103135,2024-06-10,Web Development,JP,US,Software Engineer,133.53,INR,paypal,completed,7,4.7,True,26.71,new_seller,24
TXN-1103131,2024-06-10,Social Media Management,US,US,Marketing Manager,232.41,USD,credit_card,completed,7,4.1,False,46.48,level_2,24
TXN-1103109,2024-06-10,SEO/SEM,US,CA,Marketing Manager,275.32,USD,paypal,completed,10,4.5,False,55.06,top_rated,24
TXN-1103199,2024-06-10,Financial Modeling,US,NL,Accountant,456.13,GBP,credit_card,completed,6,4.5,True,91.23,level_1,24
TXN-1103111,2024-06-10,Graphic Design,IN,US,Designer,249.3,USD,credit_card,completed,3,2.0,False,49.86,new_seller,24
TXN-1103092,2024-06-10,Legal Consulting,US,FR,Lawyer,882.74,USD,bank_transfer,completed,18,4.6,False,176.55,level_2,24
TXN-1103207,2024-06-10,Music Production,IN,BR,Designer,86.16,USD,bank_transfer,completed,11,4.5,False,17.23,new_seller,24
TXN-1103114,2024-06-10,Video Production,DE,NL,Designer,33.43,USD,credit_card,completed,11,4.8,False,6.69,level_1,24
TXN-1103292,2024-06-10,Photography,US,NL,Designer,861.92,USD,credit_card,completed,4,3.2,False,172.38,level_2,24
TXN-1103261,2024-06-10,Mobile App,ZA,IN,Software Engineer,148.42,INR,crypto,completed,18,4.9,False,29.68,level_2,24
TXN-1103208,2024-06-10,Mobile App,DE,IN,Software Engineer,286.96,USD,credit_card,completed,16,4.4,True,57.39,new_seller,24
TXN-1103267,2024-06-10,Translation,FR,US,Writer,1145.32,USD,bank_transfer,completed,4,4.2,True,229.06,new_seller,24
TXN-1103244,2024-06-10,Web Development,GB,US,Software Engineer,356.65,USD,crypto,completed,18,3.9,True,71.33,rising_talent,24
TXN-1103048,2024-06-10,Financial Modeling,DE,GB,Accountant,380.14,USD,bank_transfer,completed,10,3.8,False,76.03,rising_talent,24
TXN-1103275,2024-06-10,Mobile App,SG,ES,Software Engineer,18.77,USD,credit_card,completed,22,2.4,False,3.75,level_1,24
TXN-1103241,2024-06-10,Virtual Assistant,US,US,HR Manager,248.13,USD,credit_card,completed,3,2.7,False,49.63,level_1,24
TXN-1103239,2024-06-10,Web Development,US,US,Software Engineer,21.57,USD,credit_card,completed,10,4.6,True,4.31,level_1,24
TXN-1103263,2024-06-10,SEO/SEM,IN,FR,Marketing Manager,167.83,USD,credit_card,completed,6,3.3,True,33.57,level_1,24
TXN-1103235,2024-06-10,Data Analysis,DE,IN,Data Scientist,41.9,USD,credit_card,completed,7,3.3,False,8.38,level_2,24
TXN-1103046,2024-06-10,Mobile App,IN,IN,Software Engineer,793.87,GBP,crypto,completed,13,4.4,True,158.77,new_seller,24
TXN-1103044,2024-06-10,Legal Consulting,ZA,MX,Lawyer,19.94,USD,credit_card,completed,11,4.1,False,3.99,rising_talent,24
TXN-1103282,2024-06-10,SEO/SEM,SG,BR,Marketing Manager,123.56,INR,credit_card,completed,11,4.4,True,24.71,level_2,24
TXN-1103277,2024-06-10,Financial Modeling,US,ES,Accountant,37.65,USD,paypal,completed,18,4.0,True,7.53,new_seller,24
TXN-1103286,2024-06-10,AI/ML Development,US,IN,Data Scientist,125.63,GBP,credit_card,completed,26,3.9,True,25.13,top_rated,24
TXN-1103138,2024-06-11,Social Media Management,ES,ES,Marketing Manager,770.18,USD,credit_card,completed,6,4.3,False,154.04,new_seller,24
TXN-1103280,2024-06-11,Web Development,US,IN,Software Engineer,119.22,USD,credit_card,completed,12,4.4,True,23.84,rising_talent,24
TXN-1103285,2024-06-11,Photography,AU,JP,Designer,50.16,USD,bank_transfer,completed,2,4.2,True,10.03,top_rated,24
TXN-1103154,2024-06-11,Social Media Management,US,IN,Marketing Manager,204.54,EUR,credit_card,completed,6,3.7,False,40.91,rising_talent,24
TXN-1103302,2024-06-11,Mobile App,US,IN,Software Engineer,210.42,USD,paypal,completed,28,4.4,False,42.08,level_1,24
TXN-1103130,2024-06-11,Financial Modeling,DE,FR,Accountant,1307.19,USD,credit_card,cancelled,9,,False,261.44,level_2,24
TXN-1103164,2024-06-11,Translation,US,DE,Writer,223.27,USD,credit_card,completed,3,3.8,False,44.65,level_1,24
TXN-1103129,2024-06-11,Social Media Management,IN,IN,Marketing Manager,661.0,GBP,credit_card,completed,5,4.5,True,132.2,rising_talent,24
TXN-1103120,2024-06-11,SEO/SEM,DE,BR,Marketing Manager,125.6,USD,credit_card,completed,15,4.2,False,25.12,level_2,24
TXN-1103125,2024-06-11,Video Production,US,ZA,Designer,1247.03,USD,credit_card,completed,7,4.6,True,249.41,level_1,24
TXN-1103174,2024-06-11,Music Production,AU,IN,Designer,459.89,USD,paypal,completed,10,3.6,False,91.98,top_rated,24
TXN-1103248,2024-06-11,Web Development,US,AU,Software Engineer,124.94,EUR,bank_transfer,completed,30,3.5,True,24.99,level_2,24
TXN-1103206,2024-06-11,Translation,US,FR,Writer,675.18,USD,paypal,completed,1,4.9,True,135.04,top_rated,24
TXN-1103291,2024-06-11,Translation,ES,US,Writer,180.15,USD,paypal,completed,2,4.5,False,36.03,level_1,24
TXN-1103216,2024-06-11,Mobile App,ZA,US,Software Engineer,9.89,USD,credit_card,completed,104,3.5,False,1.98,rising_talent,24
TXN-1103289,2024-06-11,Social Media Management,ZA,IN,Marketing Manager,197.55,GBP,credit_card,completed,8,4.8,True,39.51,level_1,24
TXN-1103197,2024-06-11,Data Analysis,US,CA,Data Scientist,207.32,USD,paypal,completed,6,1.0,False,41.46,level_2,24
TXN-1103227,2024-06-11,Photography,FR,IN,Designer,154.81,EUR,credit_card,completed,4,4.1,True,30.96,level_1,24
TXN-1103231,2024-06-11,SEO/SEM,CA,DE,Marketing Manager,63.44,USD,paypal,completed,8,2.0,False,12.69,level_1,24
TXN-1103171,2024-06-11,Music Production,US,FR,Designer,52.69,USD,crypto,completed,13,3.4,False,10.54,new_seller,24
TXN-1103233,2024-06-11,Social Media Management,US,US,Marketing Manager,200.93,EUR,paypal,disputed,5,,False,40.19,level_1,24
TXN-1103192,2024-06-11,Data Analysis,US,BR,Data Scientist,118.96,EUR,bank_transfer,completed,5,3.8,False,23.79,level_2,24
TXN-1103184,2024-06-11,Translation,MX,GB,Writer,273.5,GBP,credit_card,completed,5,3.7,False,54.7,level_1,24
TXN-1103297,2024-06-11,Photography,US,IN,Designer,205.31,USD,credit_card,completed,3,4.1,False,41.06,level_1,24
TXN-1103181,2024-06-11,Music Production,GB,IL,Designer,288.08,USD,credit_card,completed,22,4.4,False,57.62,rising_talent,24
TXN-1103298,2024-06-11,Graphic Design,US,IN,Designer,278.79,USD,credit_card,cancelled,3,,True,55.76,level_1,24
TXN-1103243,2024-06-11,Financial Modeling,DE,GB,Accountant,45.06,USD,paypal,completed,8,4.7,True,9.01,top_rated,24
TXN-1103175,2024-06-11,Photography,US,US,Designer,350.53,USD,paypal,completed,3,5.0,False,70.11,level_2,24
TXN-1103234,2024-06-11,Music Production,GB,FR,Designer,73.09,USD,credit_card,completed,11,4.7,True,14.62,level_1,24
TXN-1103219,2024-06-11,Web Development,DE,MX,Software Engineer,73.59,USD,paypal,completed,10,4.1,False,14.72,rising_talent,24
TXN-1103284,2024-06-11,Legal Consulting,US,DE,Lawyer,81.3,USD,paypal,completed,12,3.7,False,16.26,new_seller,24
TXN-1103063,2024-06-11,Social Media Management,US,US,Marketing Manager,36.08,USD,credit_card,completed,5,4.9,False,7.22,rising_talent,24
TXN-1103066,2024-06-11,Financial Modeling,IN,US,Accountant,304.56,INR,credit_card,completed,10,4.0,True,60.91,level_1,24
TXN-1103094,2024-06-11,Music Production,BR,BR,Designer,112.9,USD,crypto,completed,12,4.7,True,22.58,level_1,24
TXN-1103070,2024-06-11,Legal Consulting,SG,DE,Lawyer,75.9,USD,crypto,completed,17,4.3,True,15.18,new_seller,24
TXN-1103309,2024-06-11,Financial Modeling,IN,US,Accountant,283.61,USD,paypal,completed,13,3.7,False,56.72,rising_talent,24
TXN-1103087,2024-06-11,Video Production,NL,US,Designer,54.26,USD,credit_card,completed,8,4.9,True,10.85,level_1,24
TXN-1103101,2024-06-11,Video Production,GB,DE,Designer,278.76,USD,credit_card,completed,10,4.0,False,55.75,level_2,24
TXN-1103086,2024-06-11,Social Media Management,DE,IN,Marketing Manager,83.2,USD,bank_transfer,completed,5,4.8,False,16.64,level_1,24
TXN-1103056,2024-06-11,AI/ML Development,US,US,Data Scientist,132.95,USD,paypal,completed,22,4.1,True,26.59,rising_talent,24
TXN-1103071,2024-06-11,Mobile App,US,DE,Software Engineer,989.78,USD,credit_card,completed,16,4.8,True,197.96,level_2,24
TXN-1103313,2024-06-11,Social Media Management,FR,US,Marketing Manager,678.09,USD,crypto,completed,7,3.8,False,135.62,top_rated,24
TXN-1103053,2024-06-11,Graphic Design,ZA,BR,Designer,151.18,USD,bank_transfer,completed,8,4.7,False,30.24,rising_talent,24
TXN-1103054,2024-06-11,SEO/SEM,GB,US,Marketing Manager,322.1,USD,credit_card,completed,8,4.0,False,64.42,rising_talent,24
TXN-1103203,2024-06-12,AI/ML Development,US,US,Data Scientist,121.42,USD,paypal,completed,16,4.5,False,24.28,level_1,24
TXN-1103116,2024-06-12,Mobile App,CA,IN,Software Engineer,123.6,USD,credit_card,completed,15,3.9,True,24.72,top_rated,24
TXN-1103217,2024-06-12,Translation,AU,SG,Writer,5.0,USD,credit_card,completed,3,4.9,False,1.0,rising_talent,24
TXN-1103085,2024-06-12,Virtual Assistant,IN,MX,HR Manager,29.56,USD,credit_card,completed,1,4.5,False,5.91,level_2,24
TXN-1103176,2024-06-12,Legal Consulting,DE,GB,Lawyer,1942.79,USD,credit_card,completed,12,4.8,True,388.56,level_1,24
TXN-1103300,2024-06-12,Web Development,BR,BR,Software Engineer,94.49,EUR,credit_card,completed,16,4.3,False,18.9,level_2,24
TXN-1103167,2024-06-12,Content Writing,CA,US,Writer,9.62,USD,paypal,completed,3,3.2,False,1.92,rising_talent,24
TXN-1103193,2024-06-12,SEO/SEM,IL,AU,Marketing Manager,49.69,USD,bank_transfer,completed,16,4.8,False,9.94,level_2,24
TXN-1103185,2024-06-12,AI/ML Development,FR,NL,Data Scientist,671.65,ILS,paypal,completed,22,3.7,False,134.33,level_1,24
TXN-1103062,2024-06-12,Graphic Design,US,FR,Designer,107.07,USD,credit_card,completed,3,3.6,False,21.41,new_seller,24
TXN-1103098,2024-06-12,Video Production,CA,DE,Designer,19.11,USD,credit_card,completed,9,4.9,True,3.82,rising_talent,24
TXN-1103041,2024-06-12,Financial Modeling,DE,IN,Accountant,38.39,USD,crypto,completed,8,3.8,True,7.68,level_1,24
TXN-1103043,2024-06-12,Virtual Assistant,ZA,IN,HR Manager,929.16,USD,paypal,completed,2,4.1,False,185.83,rising_talent,24
TXN-1103276,2024-06-12,Social Media Management,GB,BR,Marketing Manager,115.53,USD,paypal,completed,13,4.7,True,23.11,rising_talent,24
TXN-1103274,2024-06-12,Web Development,US,GB,Software Engineer,19.62,USD,credit_card,completed,5,3.9,True,3.92,level_1,24
TXN-1103272,2024-06-12,AI/ML Development,FR,US,Data Scientist,655.43,USD,bank_transfer,completed,19,2.5,False,131.09,new_seller,24
TXN-1103271,2024-06-12,Financial Modeling,IN,CA,Accountant,159.93,USD,credit_card,completed,10,4.7,True,31.99,rising_talent,24
TXN-1103283,2024-06-12,AI/ML Development,GB,IN,Data Scientist,273.29,USD,credit_card,completed,21,4.6,False,54.66,level_1,24
TXN-1103290,2024-06-12,Data Analysis,CA,AU,Data Scientist,99.63,USD,credit_card,completed,7,3.7,True,19.93,rising_talent,24
TXN-1103050,2024-06-12,AI/ML Development,CA,US,Data Scientist,27.53,INR,paypal,completed,9,4.2,True,5.51,level_2,24
TXN-1103256,2024-06-12,Web Development,FR,BR,Software Engineer,109.62,EUR,paypal,disputed,11,,True,21.92,new_seller,24
TXN-1103252,2024-06-12,Virtual Assistant,BR,ZA,HR Manager,40.28,GBP,credit_card,completed,1,3.0,False,8.06,level_1,24
TXN-1103055,2024-06-12,Translation,IN,US,Writer,515.9,USD,credit_card,disputed,6,,True,103.18,level_1,24
TXN-1103242,2024-06-12,Graphic Design,IL,US,Designer,22.55,USD,paypal,completed,5,3.5,False,4.51,level_1,24
TXN-1103240,2024-06-12,Content Writing,US,CA,Writer,123.01,USD,bank_transfer,completed,4,3.4,False,24.6,level_2,24
TXN-1103230,2024-06-12,Video Production,US,AU,Designer,316.6,GBP,credit_card,completed,7,3.3,True,63.32,new_seller,24
TXN-1103229,2024-06-12,Virtual Assistant,US,JP,HR Manager,48.29,USD,paypal,completed,3,4.9,False,9.66,level_1,24
TXN-1103257,2024-06-12,Social Media Management,SG,AU,Marketing Manager,130.25,ILS,paypal,completed,14,4.3,True,26.05,level_2,24
TXN-1103099,2024-06-12,Content Writing,US,SG,Writer,621.93,USD,credit_card,completed,3,4.2,False,124.39,level_1,24
TXN-1103293,2024-06-12,Legal Consulting,GB,CA,Lawyer,150.74,USD,credit_card,completed,7,4.5,False,30.15,level_1,24
TXN-1103133,2024-06-12,Social Media Management,IN,US,Marketing Manager,277.34,USD,crypto,completed,3,4.7,True,55.47,new_seller,24
TXN-1103118,2024-06-12,AI/ML Development,CA,US,Data Scientist,320.69,USD,paypal,completed,27,4.1,False,64.14,new_seller,24
TXN-1103147,2024-06-12,Social Media Management,GB,MX,Marketing Manager,381.2,USD,credit_card,completed,16,4.5,False,76.24,level_2,24
TXN-1103152,2024-06-12,AI/ML Development,MX,FR,Data Scientist,63.35,USD,paypal,completed,12,4.7,False,12.67,level_1,24
TXN-1103305,2024-06-12,Translation,MX,CA,Writer,137.02,USD,bank_transfer,completed,3,4.5,True,27.4,level_2,24
TXN-1103127,2024-06-12,Social Media Management,GB,IN,Marketing Manager,63.92,USD,paypal,completed,8,4.3,False,12.78,rising_talent,24
TXN-1103146,2024-06-12,Translation,CA,US,Writer,223.03,USD,credit_card,completed,1,4.8,True,44.61,level_2,24
TXN-1103158,2024-06-12,Social Media Management,US,FR,Marketing Manager,235.96,INR,paypal,completed,6,3.7,False,47.19,level_1,24
TXN-1103224,2024-06-13,Financial Modeling,IN,IL,Accountant,37.19,USD,credit_card,completed,13,4.3,True,7.44,new_seller,24
TXN-1103288,2024-06-13,Translation,US,IN,Writer,178.46,USD,paypal,completed,2,3.5,True,35.69,level_2,24
TXN-1103304,2024-06-13,Data Analysis,GB,US,Data Scientist,74.55,USD,credit_card,completed,5,4.4,True,14.91,level_1,24
TXN-1103064,2024-06-13,Photography,US,IN,Designer,33.8,USD,credit_card,cancelled,3,,False,6.76,level_1,24
TXN-1103218,2024-06-13,Content Writing,FR,IN,Writer,89.43,USD,crypto,completed,2,4.8,False,17.89,level_2,24
TXN-1103215,2024-06-13,Data Analysis,IN,IN,Data Scientist,1263.35,USD,credit_card,completed,6,4.4,False,252.67,rising_talent,24
TXN-1103067,2024-06-13,Translation,IN,GB,Writer,237.7,EUR,credit_card,completed,2,2.0,False,47.54,new_seller,24
TXN-1103211,2024-06-13,Virtual Assistant,US,ZA,HR Manager,526.63,GBP,credit_card,completed,1,3.9,False,105.33,rising_talent,24
TXN-1103209,2024-06-13,SEO/SEM,FR,GB,Marketing Manager,211.71,USD,paypal,completed,8,4.8,True,42.34,rising_talent,24
TXN-1103314,2024-06-13,Web Development,MX,CA,Software Engineer,746.18,USD,credit_card,completed,11,4.1,True,149.24,level_1,24
TXN-1103225,2024-06-13,Social Media Management,MX,BR,Marketing Manager,201.75,USD,credit_card,completed,6,4.0,True,40.35,level_2,24
TXN-1103060,2024-06-13,AI/ML Development,US,IN,Data Scientist,215.68,USD,credit_card,completed,24,3.4,False,43.14,level_1,24
TXN-1103159,2024-06-13,Mobile App,CA,US,Software Engineer,36.41,EUR,paypal,completed,11,2.8,False,7.28,level_2,24
TXN-1103205,2024-06-13,Legal Consulting,US,IN,Lawyer,74.72,USD,credit_card,completed,11,4.8,False,14.94,level_2,24
TXN-1103107,2024-06-13,SEO/SEM,GB,ES,Marketing Manager,127.39,USD,credit_card,completed,10,4.8,True,25.48,rising_talent,24
TXN-1103110,2024-06-13,Graphic Design,IN,DE,Designer,1587.14,ILS,credit_card,completed,2,3.9,True,317.43,rising_talent,24
TXN-1103287,2024-06-13,Video Production,IN,ES,Designer,528.65,EUR,crypto,completed,5,3.3,False,105.73,level_1,24
TXN-1103250,2024-06-13,Virtual Assistant,GB,IN,HR Manager,67.7,USD,credit_card,completed,1,2.8,False,13.54,rising_talent,24
TXN-1103254,2024-06-13,Data Analysis,US,IN,Data Scientist,27.11,USD,paypal,completed,5,4.9,False,5.42,rising_talent,24
TXN-1103255,2024-06-13,Music Production,SG,US,Designer,75.88,USD,crypto,completed,8,3.9,False,15.18,top_rated,24
TXN-1103126,2024-06-13,Video Production,NL,NL,Designer,41.35,USD,paypal,completed,5,4.3,True,8.27,level_2,24
TXN-1103124,2024-06-13,Web Development,IL,BR,Software Engineer,102.66,USD,credit_card,completed,18,4.5,False,20.53,level_1,24
TXN-1103269,2024-06-13,Music Production,IN,US,Designer,327.03,USD,credit_card,in_progress,11,,False,65.41,level_1,24
TXN-1103122,2024-06-13,Web Development,CA,SG,Software Engineer,261.84,EUR,bank_transfer,cancelled,14,,False,52.37,top_rated,24
TXN-1103121,2024-06-13,Content Writing,DE,IN,Writer,1091.1,EUR,credit_card,completed,4,4.2,False,218.22,new_seller,24
TXN-1103278,2024-06-13,Video Production,ZA,US,Designer,194.87,USD,credit_card,completed,9,4.1,True,38.97,level_1,24
TXN-1103279,2024-06-13,Graphic Design,SG,DE,Designer,334.43,USD,paypal,completed,4,4.9,False,66.89,level_2,24
TXN-1103237,2024-06-13,Music Production,ES,US,Designer,100.32,GBP,credit_card,completed,11,4.7,False,20.06,level_2,24
TXN-1103201,2024-06-13,Content Writing,ZA,US,Writer,61.45,USD,bank_transfer,completed,1,3.1,False,12.29,new_seller,24
TXN-1103049,2024-06-13,Data Analysis,FR,DE,Data Scientist,67.93,USD,credit_card,completed,6,4.9,True,13.59,level_1,24
TXN-1103177,2024-06-13,SEO/SEM,US,GB,Marketing Manager,108.1,USD,bank_transfer,completed,10,3.8,False,21.62,level_2,24
TXN-1103084,2024-06-13,Web Development,SG,IN,Software Engineer,99.38,USD,credit_card,completed,19,4.5,False,19.88,level_2,24
TXN-1103191,2024-06-13,Graphic Design,CA,IN,Designer,48.95,USD,paypal,completed,5,4.0,False,9.79,level_2,24
TXN-1103301,2024-06-13,Social Media Management,BR,IN,Marketing Manager,164.34,USD,credit_card,completed,4,4.3,True,32.87,level_1,24
TXN-1103194,2024-06-13,Graphic Design,ES,MX,Designer,91.12,GBP,paypal,completed,2,4.0,True,18.22,rising_talent,24
TXN-1103153,2024-06-13,Data Analysis,US,FR,Data Scientist,304.47,USD,credit_card,completed,3,3.0,True,60.89,level_1,24
TXN-1103172,2024-06-13,Financial Modeling,FR,GB,Accountant,411.21,USD,credit_card,completed,14,3.5,False,82.24,level_1,24
TXN-1103311,2024-06-13,Web Development,ES,US,Software Engineer,232.48,USD,paypal,completed,11,4.6,True,46.5,level_2,24
TXN-1103091,2024-06-13,Virtual Assistant,BR,JP,HR Manager,577.42,GBP,credit_card,completed,3,3.8,False,115.48,level_1,24
TXN-1103156,2024-06-13,Translation,IN,IN,Writer,253.66,EUR,credit_card,completed,3,4.3,False,50.73,rising_talent,24
TXN-1103295,2024-06-13,Mobile App,DE,GB,Software Engineer,34.68,USD,bank_transfer,completed,12,1.0,False,6.94,rising_talent,24
TXN-1103128,2024-06-14,Mobile App,JP,GB,Software Engineer,225.47,INR,crypto,completed,25,3.7,False,45.09,level_2,24
TXN-1103249,2024-06-14,Legal Consulting,DE,IN,Lawyer,216.48,GBP,credit_card,completed,13,4.7,True,43.3,level_1,24
TXN-1103262,2024-06-14,Mobile App,GB,FR,Software Engineer,45.53,USD,paypal,completed,18,4.0,False,9.11,rising_talent,24
TXN-1103246,2024-06-14,Video Production,DE,ES,Designer,347.26,USD,credit_card,completed,4,4.3,True,69.45,level_1,24
TXN-1103251,2024-06-14,Web Development,AU,US,Software Engineer,1107.8,USD,credit_card,completed,13,4.7,True,221.56,level_2,24
TXN-1103253,2024-06-14,Social Media Management,ES,IN,Marketing Manager,59.23,GBP,credit_card,completed,5,4.4,False,11.85,rising_talent,24
TXN-1103108,2024-06-14,Web Development,US,FR,Software Engineer,27.15,USD,credit_card,completed,14,4.4,False,5.43,new_seller,24
TXN-1103170,2024-06-14,Virtual Assistant,US,GB,HR Manager,305.39,USD,credit_card,completed,2,3.7,True,61.08,level_1,24
TXN-1103258,2024-06-14,Translation,DE,IN,Writer,73.2,USD,credit_card,completed,4,4.4,False,14.64,rising_talent,24
TXN-1103260,2024-06-14,Legal Consulting,US,US,Lawyer,162.84,USD,credit_card,completed,15,4.2,True,32.57,level_1,24
TXN-1103052,2024-06-14,Data Analysis,CA,US,Data Scientist,14.05,EUR,crypto,completed,5,3.8,False,2.81,level_2,24
TXN-1103155,2024-06-14,Translation,GB,DE,Writer,281.33,USD,paypal,completed,1,3.6,False,56.27,rising_talent,24
TXN-1103238,2024-06-14,Financial Modeling,IN,GB,Accountant,91.45,USD,credit_card,completed,8,4.0,False,18.29,level_1,24
TXN-1103265,2024-06-14,Financial Modeling,US,CA,Accountant,43.05,USD,bank_transfer,completed,5,4.6,True,8.61,rising_talent,24
TXN-1103266,2024-06-14,Video Production,ZA,GB,Designer,99.75,EUR,paypal,completed,6,4.4,False,19.95,level_1,24
TXN-1103123,2024-06-14,Graphic Design,GB,US,Designer,325.62,EUR,credit_card,completed,3,3.6,False,65.12,level_2,24
TXN-1103268,2024-06-14,SEO/SEM,IN,US,Marketing Manager,2066.98,EUR,credit_card,completed,13,4.2,False,413.4,level_1,24
TXN-1103096,2024-06-14,Financial Modeling,CA,AU,Accountant,88.71,USD,credit_card,completed,11,3.1,False,17.74,new_seller,24
TXN-1103270,2024-06-14,Music Production,US,JP,Designer,320.13,USD,credit_card,completed,18,3.3,False,64.03,level_1,24
TXN-1103273,2024-06-14,Virtual Assistant,GB,US,HR Manager,482.44,USD,credit_card,completed,1,4.3,False,96.49,new_seller,24
TXN-1103113,2024-06-14,Translation,US,GB,Writer,207.05,USD,bank_transfer,completed,2,3.3,False,41.41,level_1,24
TXN-1103163,2024-06-14,Photography,US,DE,Designer,350.21,USD,credit_card,completed,5,4.3,False,70.04,new_seller,24
TXN-1103045,2024-06-14,Photography,US,CA,Designer,40.71,USD,paypal,completed,3,4.6,False,8.14,rising_talent,24
TXN-1103161,2024-06-14,Content Writing,US,SG,Writer,1907.57,USD,credit_card,completed,2,3.9,True,381.51,level_1,24
TXN-1103157,2024-06-14,Web Development,FR,CA,Software Engineer,74.52,USD,credit_card,completed,22,3.5,False,14.9,level_2,24
TXN-1103117,2024-06-14,SEO/SEM,IN,ZA,Marketing Manager,193.79,USD,paypal,completed,17,4.0,True,38.76,level_1,24
TXN-1103315,2024-06-14,Web Development,US,US,Software Engineer,240.07,INR,credit_card,completed,18,5.0,True,48.01,level_2,24
TXN-1103150,2024-06-14,Video Production,IN,GB,Designer,199.01,USD,paypal,completed,8,4.5,True,39.8,level_1,24
TXN-1103104,2024-06-14,Social Media Management,JP,US,Marketing Manager,118.41,USD,credit_card,completed,7,4.3,True,23.68,level_1,24
TXN-1103080,2024-06-14,Translation,BR,US,Writer,644.71,USD,bank_transfer,completed,5,3.3,False,128.94,new_seller,24
TXN-1103144,2024-06-14,Music Production,US,CA,Designer,96.81,USD,paypal,completed,6,5.0,False,19.36,rising_talent,24
TXN-1103294,2024-06-14,Graphic Design,IN,IL,Designer,19.42,USD,credit_card,completed,2,5.0,True,3.88,level_2,24
TXN-1103143,2024-06-14,Data Analysis,IN,ZA,Data Scientist,117.64,USD,bank_transfer,completed,8,4.6,False,23.53,level_1,24
TXN-1103115,2024-06-14,Music Production,US,ES,Designer,212.73,USD,credit_card,completed,11,4.9,True,42.55,level_2,24
TXN-1103214,2024-06-14,Graphic Design,US,IL,Designer,403.45,USD,credit_card,completed,4,3.3,True,80.69,rising_talent,24
TXN-1103179,2024-06-14,Translation,GB,IN,Writer,66.94,USD,credit_card,completed,3,4.0,False,13.39,rising_talent,24
TXN-1103204,2024-06-14,Financial Modeling,FR,JP,Accountant,31.81,USD,paypal,completed,19,4.2,False,6.36,level_2,24
TXN-1103061,2024-06-14,Legal Consulting,DE,GB,Lawyer,23.02,USD,bank_transfer,completed,12,4.5,False,4.6,level_2,24
TXN-1103134,2024-06-14,AI/ML Development,BR,NL,Data Scientist,31.76,USD,paypal,completed,30,3.0,False,6.35,level_2,24
TXN-1103306,2024-06-14,Content Writing,GB,US,Writer,2393.39,USD,paypal,completed,4,4.2,True,478.68,rising_talent,24
TXN-1103190,2024-06-14,Data Analysis,US,IN,Data Scientist,8.08,USD,bank_transfer,completed,6,3.6,True,1.62,top_rated,24
TXN-1103210,2024-06-14,Web Development,GB,US,Software Engineer,233.48,GBP,credit_card,completed,18,2.6,False,46.7,new_seller,24
TXN-1103226,2024-06-14,AI/ML Development,US,JP,Data Scientist,51.11,USD,credit_card,completed,20,4.9,True,10.22,level_2,24
TXN-1103079,2024-06-14,Legal Consulting,IN,GB,Lawyer,149.93,EUR,credit_card,completed,15,3.4,True,29.99,level_2,24
TXN-1103140,2024-06-15,Content Writing,IN,IN,Writer,126.6,USD,bank_transfer,cancelled,3,,True,25.32,top_rated,24
TXN-1103058,2024-06-15,Graphic Design,US,IN,Designer,289.74,USD,credit_card,completed,5,4.2,False,57.95,new_seller,24
TXN-1103069,2024-06-15,Data Analysis,SG,US,Data Scientist,28.85,USD,paypal,completed,4,4.7,False,5.77,level_2,24
TXN-1103141,2024-06-15,Financial Modeling,IN,DE,Accountant,4197.55,USD,credit_card,completed,5,3.4,False,839.51,top_rated,24
TXN-1103065,2024-06-15,Content Writing,AU,FR,Writer,434.28,USD,paypal,completed,5,2.3,False,86.86,new_seller,24
TXN-1103142,2024-06-15,Data Analysis,IN,US,Data Scientist,534.45,GBP,credit_card,completed,7,4.0,False,106.89,top_rated,24
TXN-1103202,2024-06-15,Virtual Assistant,IN,BR,HR Manager,337.62,GBP,credit_card,completed,3,4.5,True,67.52,level_2,24
TXN-1103042,2024-06-15,Legal Consulting,IN,US,Lawyer,60.19,USD,paypal,completed,17,4.8,True,12.04,level_2,24
TXN-1103097,2024-06-15,Mobile App,IN,IN,Software Engineer,87.14,USD,paypal,completed,22,4.8,True,17.43,rising_talent,24
TXN-1103047,2024-06-15,Web Development,IN,JP,Software Engineer,524.09,USD,bank_transfer,completed,7,4.7,False,104.82,level_1,24
TXN-1103296,2024-06-15,Data Analysis,US,IN,Data Scientist,52.78,USD,credit_card,completed,7,4.6,False,10.56,level_2,24
TXN-1103100,2024-06-15,Graphic Design,US,AU,Designer,184.51,EUR,paypal,completed,4,3.1,False,36.9,level_2,24
TXN-1103059,2024-06-15,Music Production,IL,US,Designer,788.4,ILS,paypal,completed,15,4.2,False,157.68,level_2,24
TXN-1103057,2024-06-15,Data Analysis,SG,US,Data Scientist,44.58,GBP,paypal,completed,7,4.0,False,8.92,level_2,24
TXN-1103312,2024-06-15,SEO/SEM,JP,BR,Marketing Manager,766.5,USD,credit_card,completed,12,3.8,True,153.3,rising_talent,24
TXN-1103132,2024-06-15,SEO/SEM,DE,US,Marketing Manager,83.6,USD,credit_card,cancelled,4,,False,16.72,level_1,24
TXN-1103303,2024-06-15,Virtual Assistant,GB,SG,HR Manager,198.36,INR,credit_card,completed,2,3.2,False,39.67,rising_talent,24
TXN-1103232,2024-06-15,Data Analysis,IN,JP,Data Scientist,248.9,GBP,credit_card,completed,9,4.2,False,49.78,rising_talent,24
TXN-1103245,2024-06-15,Web Development,BR,US,Software Engineer,394.45,GBP,credit_card,completed,18,3.7,True,78.89,rising_talent,24
TXN-1103228,2024-06-15,Photography,SG,FR,Designer,122.48,USD,crypto,completed,5,4.6,False,24.5,level_2,24
TXN-1103136,2024-06-15,Legal Consulting,IN,GB,Lawyer,118.49,USD,paypal,completed,12,3.8,False,23.7,new_seller,24
TXN-1103074,2024-06-15,Data Analysis,GB,IN,Data Scientist,417.11,EUR,paypal,completed,6,4.4,True,83.42,level_1,24
TXN-1103148,2024-06-15,Virtual Assistant,IN,US,HR Manager,134.9,USD,bank_transfer,completed,2,4.8,False,26.98,top_rated,24
TXN-1103183,2024-06-15,Photography,BR,US,Designer,517.58,USD,credit_card,completed,3,3.6,True,103.52,level_1,24
TXN-1103169,2024-06-15,Web Development,IN,US,Software Engineer,397.09,USD,credit_card,completed,15,4.5,False,79.42,new_seller,24
TXN-1103168,2024-06-15,Content Writing,ES,DE,Writer,194.42,USD,credit_card,completed,2,4.2,False,38.88,top_rated,24
TXN-1103112,2024-06-15,Photography,IN,IL,Designer,310.17,USD,bank_transfer,completed,3,4.7,False,62.03,level_2,24
TXN-1103081,2024-06-15,Data Analysis,GB,IN,Data Scientist,585.64,USD,credit_card,cancelled,6,,False,117.13,rising_talent,24
TXN-1103259,2024-06-15,Data Analysis,IN,US,Data Scientist,51.89,USD,crypto,completed,6,4.7,False,10.38,level_2,24
TXN-1103236,2024-06-15,Video Production,JP,FR,Designer,335.99,USD,credit_card,completed,8,4.5,False,67.2,level_2,24
TXN-1103220,2024-06-15,Photography,IN,NL,Designer,44.59,USD,credit_card,completed,3,4.4,False,8.92,rising_talent,24
TXN-1103308,2024-06-16,Virtual Assistant,US,ES,HR Manager,51.49,USD,credit_card,completed,2,4.7,True,10.3,level_2,24
TXN-1103307,2024-06-16,Video Production,BR,IN,Designer,125.11,USD,paypal,completed,3,4.1,False,25.02,rising_talent,24
TXN-1103212,2024-06-16,Virtual Assistant,US,JP,HR Manager,87.81,USD,credit_card,completed,2,4.2,True,17.56,level_1,24
TXN-1103264,2024-06-16,Social Media Management,ES,GB,Marketing Manager,17.76,USD,credit_card,completed,10,4.4,True,3.55,rising_talent,24
TXN-1103281,2024-06-16,Web Development,SG,CA,Software Engineer,531.8,USD,credit_card,completed,9,4.8,False,106.36,level_1,24
TXN-1103051,2024-06-16,Financial Modeling,FR,IL,Accountant,130.95,USD,bank_transfer,completed,12,4.7,False,26.19,level_2,24
TXN-1103068,2024-06-16,Virtual Assistant,US,IN,HR Manager,28.24,USD,credit_card,completed,2,4.7,False,5.65,level_1,24
TXN-1103072,2024-06-16,Graphic Design,US,US,Designer,70.71,ILS,credit_card,completed,4,4.4,False,14.14,level_2,24
TXN-1103076,2024-06-16,Data Analysis,US,US,Data Scientist,436.85,USD,credit_card,completed,8,4.5,False,87.37,level_2,24
TXN-1103078,2024-06-16,Video Production,DE,IN,Designer,123.76,EUR,crypto,completed,7,5.0,True,24.75,top_rated,24
TXN-1103083,2024-06-16,Translation,DE,US,Writer,17.99,USD,credit_card,cancelled,1,,True,3.6,level_2,24
TXN-1103102,2024-06-16,Legal Consulting,US,US,Lawyer,45.89,USD,credit_card,completed,24,3.7,False,9.18,new_seller,24
TXN-1103103,2024-06-16,Video Production,BR,GB,Designer,204.83,USD,credit_card,completed,10,4.7,False,40.97,level_2,24
TXN-1103106,2024-06-16,Graphic Design,IN,GB,Designer,395.27,USD,paypal,completed,4,3.3,True,79.05,rising_talent,24
TXN-1103119,2024-06-16,Mobile App,IN,AU,Software Engineer,60.47,EUR,paypal,completed,19,4.5,True,12.09,level_1,24
TXN-1103137,2024-06-16,Video Production,US,GB,Designer,238.47,ILS,credit_card,completed,4,3.3,False,47.69,level_1,24
TXN-1103151,2024-06-16,Content Writing,BR,GB,Writer,41.65,USD,paypal,completed,2,3.1,True,8.33,new_seller,24
TXN-1103160,2024-06-16,AI/ML Development,US,US,Data Scientist,104.97,ILS,credit_card,completed,11,4.6,False,20.99,rising_talent,24
TXN-1103088,2024-06-16,Graphic Design,US,FR,Designer,55.44,USD,bank_transfer,completed,4,4.3,False,11.09,level_1,24
TXN-1103173,2024-06-16,Mobile App,IN,US,Software Engineer,352.03,USD,credit_card,completed,16,2.8,True,70.41,level_1,24
TXN-1103247,2024-06-16,Video Production,US,DE,Designer,208.37,USD,paypal,completed,6,4.2,False,41.67,level_1,24
TXN-1103165,2024-06-16,Video Production,US,FR,Designer,71.13,EUR,paypal,completed,6,3.8,False,14.23,level_1,24
TXN-1103223,2024-06-16,Photography,US,SG,Designer,243.56,EUR,credit_card,completed,5,3.8,True,48.71,level_2,24
TXN-1103222,2024-06-16,Photography,IN,DE,Designer,17.15,USD,credit_card,completed,2,2.8,False,3.43,level_1,24
TXN-1103221,2024-06-16,Content Writing,CA,BR,Writer,25.37,EUR,bank_transfer,completed,5,4.8,True,5.07,top_rated,24
TXN-1103200,2024-06-16,Virtual Assistant,IN,DE,HR Manager,355.05,USD,bank_transfer,completed,1,4.1,False,71.01,level_1,24
TXN-1103213,2024-06-16,Video Production,IL,US,Designer,524.33,USD,crypto,completed,6,4.2,False,104.87,rising_talent,24
TXN-1103189,2024-06-16,Virtual Assistant,DE,US,HR Manager,322.14,USD,bank_transfer,completed,2,3.0,False,64.43,new_seller,24
TXN-1103188,2024-06-16,Data Analysis,IN,GB,Data Scientist,1760.48,USD,credit_card,completed,7,4.8,False,352.1,new_seller,24
TXN-1103186,2024-06-16,AI/ML Development,US,IN,Data Scientist,249.53,USD,credit_card,completed,30,3.3,False,49.91,rising_talent,24
TXN-1103182,2024-06-16,Translation,MX,IN,Writer,123.51,INR,bank_transfer,completed,3,3.3,False,24.7,level_2,24
TXN-1103180,2024-06-16,Web Development,SG,US,Software Engineer,377.06,USD,bank_transfer,completed,7,4.4,False,75.41,level_2,24
TXN-1103178,2024-06-16,SEO/SEM,IN,IN,Marketing Manager,222.53,USD,paypal,completed,6,4.2,False,44.51,level_1,24
TXN-1103472,2024-06-17,AI/ML Development,AU,IN,Data Scientist,301.94,USD,paypal,completed,24,4.4,False,60.39,level_2,25
TXN-1103638,2024-06-17,Data Analysis,BR,AU,Data Scientist,162.83,USD,credit_card,completed,12,4.7,False,32.57,new_seller,25
TXN-1103473,2024-06-17,Data Analysis,US,US,Data Scientist,86.69,USD,credit_card,completed,7,4.1,True,17.34,rising_talent,25
TXN-1103384,2024-06-17,Photography,GB,FR,Designer,109.44,INR,credit_card,completed,3,4.9,False,21.89,level_1,25
TXN-1103640,2024-06-17,Translation,US,ZA,Writer,89.09,USD,credit_card,completed,1,4.8,False,17.82,level_1,25
TXN-1103468,2024-06-17,Mobile App,BR,IN,Software Engineer,513.05,ILS,credit_card,completed,10,4.2,False,102.61,rising_talent,25
TXN-1103486,2024-06-17,Video Production,FR,AU,Designer,394.94,USD,credit_card,completed,7,3.3,False,78.99,rising_talent,25
TXN-1103626,2024-06-17,Music Production,DE,US,Designer,693.67,USD,paypal,completed,11,4.3,False,138.73,new_seller,25
TXN-1103498,2024-06-17,AI/ML Development,GB,DE,Data Scientist,1037.95,USD,credit_card,completed,16,3.9,False,207.59,level_1,25
TXN-1103659,2024-06-17,SEO/SEM,CA,GB,Marketing Manager,117.36,USD,crypto,completed,6,4.4,False,23.47,level_1,25
TXN-1103369,2024-06-17,Photography,US,DE,Designer,84.91,ILS,bank_transfer,completed,3,3.9,False,16.98,rising_talent,25
TXN-1103508,2024-06-17,Photography,US,US,Designer,735.88,USD,paypal,completed,5,4.3,False,147.18,rising_talent,25
TXN-1103532,2024-06-17,Photography,NL,US,Designer,28.09,USD,paypal,completed,3,4.3,False,5.62,level_1,25
TXN-1103625,2024-06-17,Financial Modeling,BR,DE,Accountant,266.79,USD,credit_card,disputed,13,,True,53.36,level_2,25
TXN-1103466,2024-06-17,Web Development,IN,US,Software Engineer,286.56,USD,paypal,completed,8,4.3,False,57.31,level_1,25
TXN-1103657,2024-06-17,Virtual Assistant,BR,US,HR Manager,84.94,ILS,paypal,completed,2,2.8,False,16.99,new_seller,25
TXN-1103465,2024-06-17,Web Development,US,US,Software Engineer,919.83,USD,crypto,completed,24,4.5,False,183.97,level_1,25
TXN-1103412,2024-06-17,Social Media Management,IN,MX,Marketing Manager,835.51,USD,credit_card,completed,5,4.2,False,167.1,new_seller,25
TXN-1103654,2024-06-17,Graphic Design,US,US,Designer,1192.66,USD,crypto,completed,2,4.1,False,238.53,level_2,25
TXN-1103426,2024-06-17,Photography,US,US,Designer,1997.0,USD,paypal,completed,5,4.6,False,399.4,top_rated,25
TXN-1103649,2024-06-17,Virtual Assistant,ES,US,HR Manager,109.34,USD,credit_card,completed,2,4.5,True,21.87,rising_talent,25
TXN-1103648,2024-06-17,SEO/SEM,US,ES,Marketing Manager,377.95,EUR,paypal,completed,14,3.9,True,75.59,level_1,25
TXN-1103537,2024-06-17,Financial Modeling,AU,IN,Accountant,256.16,USD,credit_card,completed,10,2.1,False,51.23,new_seller,25
TXN-1103429,2024-06-17,Video Production,IN,GB,Designer,67.69,EUR,credit_card,completed,6,4.2,False,13.54,level_1,25
TXN-1103432,2024-06-17,Web Development,ES,MX,Software Engineer,489.83,USD,credit_card,completed,18,4.5,False,97.97,level_1,25
TXN-1103433,2024-06-17,Content Writing,IN,ZA,Writer,119.71,USD,bank_transfer,completed,1,4.8,False,23.94,new_seller,25
TXN-1103437,2024-06-17,AI/ML Development,US,US,Data Scientist,213.0,GBP,credit_card,completed,11,4.7,False,42.6,new_seller,25
TXN-1103439,2024-06-17,Web Development,IN,DE,Software Engineer,135.43,USD,paypal,completed,8,4.0,False,27.09,level_2,25
TXN-1103442,2024-06-17,Web Development,IN,US,Software Engineer,131.52,USD,paypal,completed,10,3.3,False,26.3,level_2,25
TXN-1103401,2024-06-17,AI/ML Development,US,US,Data Scientist,43.79,USD,paypal,disputed,30,,False,8.76,level_1,25
TXN-1103399,2024-06-17,Translation,GB,NL,Writer,334.05,GBP,credit_card,completed,1,4.4,False,66.81,rising_talent,25
TXN-1103395,2024-06-17,Virtual Assistant,BR,US,HR Manager,186.68,USD,credit_card,completed,3,3.9,True,37.34,level_1,25
TXN-1103459,2024-06-17,Social Media Management,US,ZA,Marketing Manager,60.8,GBP,credit_card,completed,6,3.9,False,12.16,level_2,25
TXN-1103393,2024-06-17,Music Production,JP,US,Designer,76.96,USD,crypto,completed,8,4.1,False,15.39,level_1,25
TXN-1103391,2024-06-17,Financial Modeling,US,US,Accountant,1128.1,USD,bank_transfer,completed,10,4.1,True,225.62,rising_talent,25
TXN-1103538,2024-06-17,Translation,IN,CA,Writer,140.57,USD,crypto,completed,4,4.3,False,28.11,new_seller,25
TXN-1103419,2024-06-17,Social Media Management,BR,IN,Marketing Manager,909.09,USD,credit_card,completed,7,4.9,False,181.82,level_2,25
TXN-1103572,2024-06-17,AI/ML Development,MX,GB,Data Scientist,353.49,USD,credit_card,completed,20,3.5,True,70.7,rising_talent,25
TXN-1103581,2024-06-17,Virtual Assistant,DE,US,HR Manager,76.4,EUR,paypal,completed,2,3.5,False,15.28,level_2,25
TXN-1103333,2024-06-17,Web Development,BR,FR,Software Engineer,25.0,USD,bank_transfer,completed,11,4.9,True,5.0,new_seller,25
TXN-1103334,2024-06-17,Translation,GB,NL,Writer,311.96,USD,credit_card,completed,3,3.6,False,62.39,top_rated,25
TXN-1103575,2024-06-17,Financial Modeling,US,BR,Accountant,208.0,USD,bank_transfer,completed,8,4.7,False,41.6,top_rated,25
TXN-1103573,2024-06-17,SEO/SEM,US,FR,Marketing Manager,611.2,USD,credit_card,completed,13,4.8,False,122.24,new_seller,25
TXN-1103540,2024-06-17,Translation,US,NL,Writer,214.37,USD,credit_card,completed,2,3.8,False,42.87,level_1,25
TXN-1103569,2024-06-17,Legal Consulting,US,IN,Lawyer,147.4,EUR,credit_card,completed,18,3.8,False,29.48,level_2,25
TXN-1103567,2024-06-17,Content Writing,US,FR,Writer,876.99,INR,credit_card,completed,2,3.5,False,175.4,level_2,25
TXN-1103664,2024-06-17,Music Production,ZA,BR,Designer,39.42,USD,credit_card,completed,8,3.5,True,7.88,new_seller,25
TXN-1103565,2024-06-17,Data Analysis,US,BR,Data Scientist,2755.35,USD,credit_card,completed,6,3.0,True,551.07,level_1,25
TXN-1103341,2024-06-17,Music Production,BR,NL,Designer,191.91,USD,paypal,completed,10,4.3,False,38.38,level_2,25
TXN-1103564,2024-06-17,Legal Consulting,CA,IN,Lawyer,219.03,USD,paypal,completed,9,4.9,False,43.81,level_2,25
TXN-1103586,2024-06-17,Legal Consulting,US,CA,Lawyer,309.1,GBP,credit_card,completed,11,4.5,True,61.82,level_2,25
TXN-1103330,2024-06-17,Financial Modeling,US,GB,Accountant,342.59,USD,credit_card,completed,8,4.8,False,68.52,level_1,25
TXN-1103559,2024-06-17,Photography,IN,MX,Designer,21.78,EUR,credit_card,completed,4,4.5,True,4.36,rising_talent,25
TXN-1103578,2024-06-17,AI/ML Development,US,IN,Data Scientist,771.66,GBP,credit_card,completed,20,3.7,True,154.33,level_1,25
TXN-1103422,2024-06-17,Content Writing,GB,IN,Writer,571.36,EUR,bank_transfer,completed,1,4.2,True,114.27,new_seller,25
TXN-1103590,2024-06-17,Virtual Assistant,GB,ES,HR Manager,767.92,EUR,paypal,completed,4,4.7,True,153.58,level_2,25
TXN-1103553,2024-06-17,Music Production,IL,DE,Designer,38.99,USD,paypal,completed,7,4.7,True,7.8,level_1,25
TXN-1103349,2024-06-17,Translation,US,MX,Writer,36.49,ILS,credit_card,completed,2,4.3,False,7.3,top_rated,25
TXN-1103554,2024-06-17,Virtual Assistant,US,MX,HR Manager,133.26,USD,paypal,completed,1,4.6,False,26.65,rising_talent,25
TXN-1103614,2024-06-17,Mobile App,FR,FR,Software Engineer,107.82,USD,credit_card,completed,22,3.8,False,21.56,new_seller,25
TXN-1103608,2024-06-17,Photography,US,US,Designer,194.99,USD,paypal,completed,2,3.9,False,39.0,new_seller,25
TXN-1103316,2024-06-17,Mobile App,JP,IN,Software Engineer,148.67,USD,paypal,completed,22,3.5,True,29.73,rising_talent,25
TXN-1103612,2024-06-17,Mobile App,GB,GB,Software Engineer,1356.45,USD,paypal,completed,19,4.7,True,271.29,rising_talent,25
TXN-1103597,2024-06-17,Mobile App,SG,BR,Software Engineer,409.75,USD,paypal,completed,29,3.0,False,81.95,level_2,25
TXN-1103588,2024-06-17,Social Media Management,ES,BR,Marketing Manager,32.06,USD,crypto,completed,6,2.9,False,6.41,level_2,25
TXN-1103604,2024-06-17,Data Analysis,US,ZA,Data Scientist,91.86,INR,paypal,completed,7,4.6,False,18.37,top_rated,25
TXN-1103444,2024-06-18,SEO/SEM,DE,GB,Marketing Manager,31.65,USD,paypal,completed,7,4.8,True,6.33,top_rated,25
TXN-1103458,2024-06-18,Financial Modeling,BR,GB,Accountant,107.45,USD,credit_card,completed,6,4.4,True,21.49,top_rated,25
TXN-1103599,2024-06-18,Social Media Management,IN,FR,Marketing Manager,208.04,USD,paypal,completed,10,4.7,False,41.61,level_2,25
TXN-1103453,2024-06-18,Video Production,MX,MX,Designer,25.95,USD,credit_card,completed,9,3.3,False,5.19,new_seller,25
TXN-1103452,2024-06-18,Video Production,US,MX,Designer,416.12,USD,paypal,completed,13,4.3,False,83.22,top_rated,25
TXN-1103584,2024-06-18,Video Production,FR,GB,Designer,154.22,USD,bank_transfer,completed,3,4.5,False,30.84,level_1,25
TXN-1103643,2024-06-18,Data Analysis,US,US,Data Scientist,83.7,USD,paypal,completed,8,4.6,False,16.74,new_seller,25
TXN-1103646,2024-06-18,Legal Consulting,US,US,Lawyer,318.53,USD,credit_card,completed,7,4.7,True,63.71,rising_talent,25
TXN-1103587,2024-06-18,Legal Consulting,US,MX,Lawyer,63.76,USD,credit_card,completed,29,2.5,True,12.75,level_1,25
TXN-1103600,2024-06-18,Mobile App,FR,IN,Software Engineer,284.14,USD,bank_transfer,completed,17,3.8,True,56.83,level_1,25
TXN-1103448,2024-06-18,AI/ML Development,MX,NL,Data Scientist,135.81,USD,paypal,completed,13,3.3,False,27.16,new_seller,25
TXN-1103539,2024-06-18,Mobile App,CA,IN,Software Engineer,29.26,EUR,paypal,completed,25,3.8,False,5.85,top_rated,25
TXN-1103463,2024-06-18,Graphic Design,ES,DE,Designer,139.73,USD,bank_transfer,completed,4,4.7,False,27.95,level_2,25
TXN-1103530,2024-06-18,Photography,US,US,Designer,485.14,USD,credit_card,cancelled,3,,False,97.03,level_1,25
TXN-1103529,2024-06-18,Web Development,US,IN,Software Engineer,110.38,USD,paypal,completed,14,4.8,False,22.08,new_seller,25
TXN-1103528,2024-06-18,Content Writing,FR,IN,Writer,31.0,USD,credit_card,completed,9,4.5,True,6.2,level_2,25
TXN-1103527,2024-06-18,Web Development,GB,US,Software Engineer,48.5,USD,credit_card,completed,10,2.7,True,9.7,level_1,25
TXN-1103555,2024-06-18,Graphic Design,MX,US,Designer,71.49,USD,paypal,completed,3,4.8,True,14.3,rising_talent,25
TXN-1103524,2024-06-18,Photography,IN,FR,Designer,222.46,USD,paypal,completed,4,2.7,False,44.49,level_1,25
TXN-1103523,2024-06-18,Virtual Assistant,US,US,HR Manager,1091.33,USD,bank_transfer,completed,2,3.4,True,218.27,new_seller,25
TXN-1103521,2024-06-18,Photography,IN,IN,Designer,64.76,USD,paypal,completed,4,3.9,True,12.95,rising_talent,25
TXN-1103517,2024-06-18,Legal Consulting,BR,US,Lawyer,139.09,EUR,credit_card,completed,16,3.9,True,27.82,level_2,25
TXN-1103516,2024-06-18,SEO/SEM,NL,SG,Marketing Manager,830.33,USD,credit_card,completed,11,4.7,False,166.07,new_seller,25
TXN-1103558,2024-06-18,SEO/SEM,US,US,Marketing Manager,210.5,USD,credit_card,completed,12,3.9,False,42.1,rising_talent,25
TXN-1103633,2024-06-18,Financial Modeling,BR,IN,Accountant,97.59,USD,paypal,completed,13,4.7,True,19.52,level_2,25
TXN-1103561,2024-06-18,Graphic Design,BR,GB,Designer,50.3,USD,credit_card,completed,7,4.1,True,10.06,new_seller,25
TXN-1103634,2024-06-18,SEO/SEM,IN,US,Marketing Manager,132.21,ILS,credit_card,completed,13,4.0,False,26.44,level_2,25
TXN-1103635,2024-06-18,Music Production,US,US,Designer,87.16,USD,credit_card,cancelled,30,,False,17.43,level_2,25
TXN-1103499,2024-06-18,Legal Consulting,US,GB,Lawyer,35.12,USD,credit_card,cancelled,13,,False,7.02,level_1,25
TXN-1103563,2024-06-18,Legal Consulting,ES,US,Lawyer,70.96,USD,paypal,completed,15,3.9,False,14.19,level_2,25
TXN-1103496,2024-06-18,Virtual Assistant,IN,US,HR Manager,73.62,USD,credit_card,completed,1,4.8,False,14.72,level_2,25
TXN-1103491,2024-06-18,Translation,DE,FR,Writer,756.93,USD,credit_card,completed,4,4.6,False,151.39,rising_talent,25
TXN-1103484,2024-06-18,Social Media Management,FR,IN,Marketing Manager,382.9,USD,credit_card,completed,6,2.9,False,76.58,level_2,25
TXN-1103483,2024-06-18,Video Production,CA,IN,Designer,504.37,GBP,credit_card,completed,4,4.4,False,100.87,level_1,25
TXN-1103576,2024-06-18,Graphic Design,DE,US,Designer,1751.97,USD,paypal,completed,4,3.5,False,350.39,level_2,25
TXN-1103544,2024-06-18,Social Media Management,IN,IN,Marketing Manager,391.67,INR,credit_card,completed,4,4.9,False,78.33,level_1,25
TXN-1103644,2024-06-18,SEO/SEM,US,JP,Marketing Manager,534.21,USD,paypal,completed,10,4.9,True,106.84,level_2,25
TXN-1103655,2024-06-18,Photography,AU,GB,Designer,464.12,USD,bank_transfer,completed,6,4.7,False,92.82,top_rated,25
TXN-1103355,2024-06-18,Translation,GB,AU,Writer,2688.75,USD,credit_card,completed,3,3.6,False,537.75,level_1,25
TXN-1103353,2024-06-18,Data Analysis,ES,US,Data Scientist,245.72,EUR,paypal,completed,11,4.8,False,49.14,top_rated,25
TXN-1103365,2024-06-18,Video Production,US,DE,Designer,337.76,USD,credit_card,completed,8,4.2,False,67.55,level_1,25
TXN-1103663,2024-06-18,AI/ML Development,US,US,Data Scientist,810.69,USD,paypal,completed,17,4.3,False,162.14,level_1,25
TXN-1103406,2024-06-18,Translation,US,IN,Writer,73.68,USD,credit_card,completed,2,4.5,True,14.74,level_1,25
TXN-1103346,2024-06-18,Legal Consulting,GB,IN,Lawyer,331.27,USD,credit_card,completed,10,4.8,False,66.25,new_seller,25
TXN-1103345,2024-06-18,Video Production,JP,US,Designer,20.68,GBP,credit_card,completed,9,2.9,False,4.14,new_seller,25
TXN-1103370,2024-06-18,Web Development,ES,AU,Software Engineer,153.61,USD,credit_card,completed,10,3.6,False,30.72,rising_talent,25
TXN-1103358,2024-06-18,Content Writing,US,GB,Writer,193.87,USD,credit_card,completed,3,3.3,False,38.77,rising_talent,25
TXN-1103374,2024-06-18,Content Writing,US,US,Writer,67.16,USD,bank_transfer,completed,4,4.6,True,13.43,new_seller,25
TXN-1103409,2024-06-18,Photography,FR,DE,Designer,168.47,USD,paypal,completed,2,4.7,False,33.69,level_1,25
TXN-1103337,2024-06-18,Data Analysis,IN,US,Data Scientist,305.6,EUR,credit_card,completed,8,4.7,False,61.12,rising_talent,25
TXN-1103339,2024-06-18,Mobile App,US,US,Software Engineer,212.3,USD,credit_card,in_progress,13,,False,42.46,level_2,25
TXN-1103331,2024-06-18,Legal Consulting,GB,US,Lawyer,28.68,USD,paypal,completed,13,3.1,True,5.74,rising_talent,25
TXN-1103379,2024-06-18,Translation,US,GB,Writer,152.24,USD,credit_card,completed,2,4.8,False,30.45,level_1,25
TXN-1103389,2024-06-18,Mobile App,GB,US,Software Engineer,1852.0,USD,credit_card,completed,17,5.0,False,370.4,level_1,25
TXN-1103322,2024-06-18,Content Writing,BR,US,Writer,190.15,EUR,credit_card,completed,3,4.7,True,38.03,level_1,25
TXN-1103318,2024-06-18,Financial Modeling,JP,IN,Accountant,81.98,USD,crypto,disputed,12,,True,16.4,level_2,25
TXN-1103378,2024-06-18,Legal Consulting,US,IN,Lawyer,705.67,USD,paypal,completed,12,4.3,False,141.13,new_seller,25
TXN-1103325,2024-06-18,Mobile App,BR,GB,Software Engineer,457.4,GBP,paypal,completed,16,3.6,False,91.48,level_2,25
TXN-1103414,2024-06-18,Photography,DE,US,Designer,582.7,USD,credit_card,completed,1,4.0,False,116.54,level_1,25
TXN-1103397,2024-06-18,Content Writing,SG,FR,Writer,225.82,GBP,credit_card,completed,3,4.1,True,45.16,level_1,25
TXN-1103488,2024-06-19,Financial Modeling,US,IN,Accountant,102.72,USD,credit_card,completed,9,3.8,False,20.54,new_seller,25
TXN-1103506,2024-06-19,SEO/SEM,US,IN,Marketing Manager,69.73,USD,credit_card,completed,7,3.9,False,13.95,level_2,25
TXN-1103631,2024-06-19,Data Analysis,US,JP,Data Scientist,150.13,EUR,credit_card,completed,7,4.9,False,30.03,level_2,25
TXN-1103637,2024-06-19,Content Writing,US,NL,Writer,53.04,USD,credit_card,completed,3,3.4,False,10.61,top_rated,25
TXN-1103519,2024-06-19,Photography,IN,US,Designer,46.24,USD,credit_card,completed,6,4.4,False,9.25,level_2,25
TXN-1103364,2024-06-19,Social Media Management,NL,AU,Marketing Manager,1157.79,EUR,credit_card,completed,3,4.2,False,231.56,new_seller,25
TXN-1103363,2024-06-19,Web Development,US,US,Software Engineer,263.14,EUR,paypal,completed,11,5.0,True,52.63,level_1,25
TXN-1103479,2024-06-19,Translation,BR,US,Writer,291.62,USD,credit_card,completed,3,4.3,False,58.32,level_2,25
TXN-1103639,2024-06-19,Content Writing,IN,AU,Writer,40.35,USD,paypal,completed,2,4.7,True,8.07,rising_talent,25
TXN-1103628,2024-06-19,Music Production,US,BR,Designer,255.81,EUR,paypal,completed,3,3.3,False,51.16,level_1,25
TXN-1103629,2024-06-19,Graphic Design,US,US,Designer,456.41,USD,paypal,completed,1,4.4,True,91.28,rising_talent,25
TXN-1103662,2024-06-19,SEO/SEM,DE,US,Marketing Manager,41.29,USD,credit_card,completed,6,4.5,True,8.26,level_2,25
TXN-1103606,2024-06-19,Data Analysis,FR,IN,Data Scientist,99.83,GBP,credit_card,completed,4,4.5,False,19.97,level_1,25
TXN-1103605,2024-06-19,Video Production,MX,GB,Designer,34.94,USD,credit_card,completed,8,4.6,True,6.99,level_2,25
TXN-1103603,2024-06-19,Video Production,IN,IN,Designer,64.3,USD,paypal,completed,7,2.6,True,12.86,level_2,25
TXN-1103319,2024-06-19,Social Media Management,GB,DE,Marketing Manager,283.23,USD,paypal,completed,7,4.7,True,56.65,level_1,25
TXN-1103593,2024-06-19,SEO/SEM,BR,MX,Marketing Manager,60.63,EUR,credit_card,completed,11,4.9,False,12.13,level_1,25
TXN-1103323,2024-06-19,Graphic Design,US,US,Designer,43.04,INR,crypto,completed,4,3.1,True,8.61,rising_talent,25
TXN-1103616,2024-06-19,Financial Modeling,GB,US,Accountant,308.45,USD,paypal,completed,6,4.1,True,61.69,level_2,25
TXN-1103661,2024-06-19,Data Analysis,NL,DE,Data Scientist,1093.24,USD,crypto,completed,7,4.5,False,218.65,level_1,25
TXN-1103571,2024-06-19,Video Production,DE,DE,Designer,49.69,USD,credit_card,disputed,4,,False,9.94,level_2,25
TXN-1103556,2024-06-19,Virtual Assistant,AU,IL,HR Manager,87.43,USD,credit_card,completed,1,4.8,True,17.49,rising_talent,25
TXN-1103347,2024-06-19,Graphic Design,ES,US,Designer,358.54,USD,credit_card,completed,6,4.2,True,71.71,level_1,25
TXN-1103623,2024-06-19,Music Production,GB,CA,Designer,31.22,GBP,paypal,completed,12,4.6,False,6.24,new_seller,25
TXN-1103549,2024-06-19,Translation,IN,CA,Writer,248.33,USD,credit_card,completed,3,4.1,False,49.67,new_seller,25
TXN-1103383,2024-06-19,SEO/SEM,ES,US,Marketing Manager,39.37,USD,credit_card,completed,6,2.2,False,7.87,level_1,25
TXN-1103351,2024-06-19,Mobile App,IL,US,Software Engineer,111.27,GBP,paypal,completed,18,4.8,True,22.25,rising_talent,25
TXN-1103534,2024-06-19,Content Writing,IN,US,Writer,254.56,USD,credit_card,completed,2,3.7,False,50.91,top_rated,25
TXN-1103340,2024-06-19,Legal Consulting,IN,BR,Lawyer,365.64,USD,paypal,completed,19,4.0,False,73.13,new_seller,25
TXN-1103545,2024-06-19,Mobile App,IN,BR,Software Engineer,21.12,USD,credit_card,completed,29,3.4,False,4.22,rising_talent,25
TXN-1103609,2024-06-19,Legal Consulting,US,US,Lawyer,471.25,USD,credit_card,completed,10,4.4,False,94.25,level_1,25
TXN-1103457,2024-06-19,Music Production,NL,AU,Designer,25.08,USD,credit_card,completed,6,3.8,True,5.02,level_2,25
TXN-1103390,2024-06-19,Mobile App,SG,IN,Software Engineer,253.02,USD,bank_transfer,completed,15,5.0,True,50.6,level_2,25
TXN-1103404,2024-06-19,SEO/SEM,IN,GB,Marketing Manager,5.17,USD,credit_card,disputed,14,,False,1.03,level_1,25
TXN-1103440,2024-06-19,Legal Consulting,US,FR,Lawyer,1285.63,GBP,bank_transfer,completed,12,4.0,False,257.13,level_1,25
TXN-1103431,2024-06-19,Data Analysis,NL,DE,Data Scientist,84.44,USD,credit_card,completed,6,3.3,False,16.89,rising_talent,25
TXN-1103467,2024-06-19,Data Analysis,US,US,Data Scientist,389.83,USD,credit_card,completed,6,2.7,True,77.97,rising_talent,25
TXN-1103462,2024-06-19,Graphic Design,US,JP,Designer,279.99,EUR,credit_card,completed,4,3.9,False,56.0,level_2,25
TXN-1103436,2024-06-19,Translation,BR,IN,Writer,41.43,EUR,credit_card,completed,4,4.5,False,8.29,level_2,25
TXN-1103652,2024-06-19,Content Writing,ES,US,Writer,145.35,GBP,paypal,completed,1,4.9,True,29.07,level_1,25
TXN-1103434,2024-06-19,Web Development,SG,SG,Software Engineer,784.55,ILS,credit_card,completed,10,4.3,False,156.91,level_2,25
TXN-1103435,2024-06-19,Financial Modeling,GB,BR,Accountant,150.79,EUR,paypal,completed,7,3.5,True,30.16,new_seller,25
TXN-1103329,2024-06-20,Photography,FR,ZA,Designer,209.98,EUR,paypal,completed,3,4.0,False,42.0,level_1,25
TXN-1103402,2024-06-20,Graphic Design,JP,FR,Designer,440.9,INR,paypal,completed,6,4.2,True,88.18,level_1,25
TXN-1103536,2024-06-20,Web Development,SG,AU,Software Engineer,326.62,USD,credit_card,completed,14,3.9,False,65.32,level_2,25
TXN-1103356,2024-06-20,Graphic Design,GB,GB,Designer,97.83,USD,paypal,cancelled,3,,True,19.57,new_seller,25
TXN-1103449,2024-06-20,Mobile App,US,US,Software Engineer,125.26,USD,bank_transfer,completed,26,3.6,True,25.05,rising_talent,25
TXN-1103582,2024-06-20,Data Analysis,ES,DE,Data Scientist,106.59,USD,credit_card,completed,9,4.0,False,21.32,level_2,25
TXN-1103456,2024-06-20,Mobile App,ZA,CA,Software Engineer,204.78,ILS,credit_card,completed,18,4.3,False,40.96,level_1,25
TXN-1103400,2024-06-20,Data Analysis,US,BR,Data Scientist,364.06,USD,credit_card,completed,6,3.8,True,72.81,level_1,25
TXN-1103451,2024-06-20,Graphic Design,GB,IL,Designer,51.99,USD,credit_card,disputed,4,,True,10.4,top_rated,25
TXN-1103403,2024-06-20,Social Media Management,IN,NL,Marketing Manager,131.02,USD,paypal,completed,20,4.1,False,26.2,level_1,25
TXN-1103327,2024-06-20,SEO/SEM,GB,US,Marketing Manager,1073.84,USD,paypal,completed,13,4.4,False,214.77,level_2,25
TXN-1103326,2024-06-20,SEO/SEM,DE,NL,Marketing Manager,124.86,INR,bank_transfer,completed,8,5.0,False,24.97,rising_talent,25
TXN-1103454,2024-06-20,Mobile App,GB,GB,Software Engineer,18.03,USD,credit_card,completed,17,4.2,True,3.61,level_2,25
TXN-1103455,2024-06-20,Content Writing,US,US,Writer,252.93,GBP,bank_transfer,completed,4,3.6,False,50.59,level_2,25
TXN-1103338,2024-06-20,Mobile App,GB,US,Software Engineer,49.28,USD,credit_card,completed,18,5.0,True,9.86,level_1,25
TXN-1103531,2024-06-20,Music Production,BR,CA,Designer,152.83,EUR,credit_card,completed,16,4.0,True,30.57,level_1,25
TXN-1103445,2024-06-20,Virtual Assistant,US,US,HR Manager,129.99,EUR,credit_card,completed,2,4.4,True,26.0,new_seller,25
TXN-1103542,2024-06-20,SEO/SEM,ZA,AU,Marketing Manager,423.87,USD,bank_transfer,completed,6,3.3,False,84.77,rising_talent,25
TXN-1103342,2024-06-20,Virtual Assistant,GB,FR,HR Manager,251.04,USD,credit_card,completed,2,2.5,False,50.21,level_1,25
TXN-1103343,2024-06-20,Financial Modeling,ES,FR,Accountant,24.15,USD,paypal,completed,16,3.2,False,4.83,level_1,25
TXN-1103408,2024-06-20,Legal Consulting,IN,GB,Lawyer,349.07,USD,paypal,completed,15,4.7,False,69.81,rising_talent,25
TXN-1103665,2024-06-20,Legal Consulting,BR,MX,Lawyer,815.62,USD,paypal,completed,4,3.9,False,163.12,new_seller,25
TXN-1103622,2024-06-20,Data Analysis,FR,GB,Data Scientist,275.5,USD,crypto,completed,8,4.3,True,55.1,rising_talent,25
TXN-1103441,2024-06-20,Graphic Design,GB,SG,Designer,123.3,GBP,credit_card,completed,4,4.6,False,24.66,rising_talent,25
TXN-1103405,2024-06-20,Video Production,IL,US,Designer,218.53,EUR,credit_card,completed,8,4.0,False,43.71,new_seller,25
TXN-1103443,2024-06-20,Financial Modeling,DE,FR,Accountant,94.98,USD,credit_card,completed,15,4.7,False,19.0,rising_talent,25
TXN-1103577,2024-06-20,Financial Modeling,US,US,Accountant,313.16,GBP,paypal,completed,15,4.7,False,62.63,rising_talent,25
TXN-1103548,2024-06-20,AI/ML Development,US,MX,Data Scientist,102.54,USD,credit_card,completed,20,4.6,False,20.51,level_2,25
TXN-1103579,2024-06-20,Data Analysis,GB,BR,Data Scientist,256.41,USD,credit_card,completed,4,4.9,False,51.28,top_rated,25
TXN-1103546,2024-06-20,Financial Modeling,GB,US,Accountant,82.61,USD,credit_card,completed,7,4.2,False,16.52,level_2,25
TXN-1103520,2024-06-20,Video Production,FR,IL,Designer,73.2,EUR,bank_transfer,completed,7,3.7,False,14.64,level_1,25
TXN-1103645,2024-06-20,AI/ML Development,US,SG,Data Scientist,165.23,USD,credit_card,completed,25,4.5,False,33.05,level_1,25
TXN-1103543,2024-06-20,Virtual Assistant,CA,US,HR Manager,250.97,USD,paypal,completed,3,4.5,False,50.19,level_1,25
TXN-1103352,2024-06-20,Photography,FR,GB,Designer,55.24,ILS,bank_transfer,completed,3,4.3,False,11.05,top_rated,25
TXN-1103324,2024-06-20,Video Production,GB,FR,Designer,795.98,EUR,credit_card,completed,10,3.7,True,159.2,top_rated,25
TXN-1103617,2024-06-20,Web Development,FR,FR,Software Engineer,48.81,USD,credit_card,completed,17,3.0,True,9.76,level_2,25
TXN-1103366,2024-06-20,Music Production,US,ES,Designer,542.49,USD,credit_card,completed,19,3.1,False,108.5,level_2,25
TXN-1103321,2024-06-20,Mobile App,BR,JP,Software Engineer,82.63,EUR,credit_card,completed,30,3.9,False,16.53,new_seller,25
TXN-1103377,2024-06-20,Music Production,IL,US,Designer,149.93,EUR,credit_card,completed,15,4.8,False,29.99,top_rated,25
TXN-1103518,2024-06-20,Video Production,CA,GB,Designer,46.52,GBP,paypal,completed,9,3.8,False,9.3,rising_talent,25
TXN-1103492,2024-06-20,Mobile App,US,GB,Software Engineer,45.29,USD,bank_transfer,completed,12,4.7,False,9.06,top_rated,25
TXN-1103464,2024-06-20,Music Production,MX,JP,Designer,23.85,USD,paypal,completed,9,3.8,True,4.77,new_seller,25
TXN-1103424,2024-06-20,Photography,MX,ES,Designer,496.53,USD,paypal,completed,7,4.9,False,99.31,rising_talent,25
TXN-1103423,2024-06-20,Financial Modeling,US,IL,Accountant,77.89,USD,credit_card,completed,4,5.0,False,15.58,top_rated,25
TXN-1103373,2024-06-20,Video Production,GB,JP,Designer,33.51,USD,credit_card,completed,5,3.9,True,6.7,new_seller,25
TXN-1103380,2024-06-20,Data Analysis,FR,NL,Data Scientist,51.4,USD,credit_card,completed,6,3.6,True,10.28,level_2,25
TXN-1103611,2024-06-20,Video Production,DE,US,Designer,2641.75,ILS,credit_card,completed,3,2.7,False,528.35,rising_talent,25
TXN-1103610,2024-06-20,Translation,IN,DE,Writer,190.02,USD,paypal,completed,4,3.9,True,38.0,new_seller,25
TXN-1103387,2024-06-20,Music Production,IN,IN,Designer,408.09,USD,bank_transfer,completed,8,4.2,False,81.62,new_seller,25
TXN-1103421,2024-06-20,Web Development,CA,AU,Software Engineer,108.27,GBP,credit_card,completed,9,3.9,False,21.65,new_seller,25
TXN-1103477,2024-06-20,Mobile App,US,US,Software Engineer,201.92,USD,bank_transfer,cancelled,13,,False,40.38,rising_talent,25
TXN-1103650,2024-06-20,Mobile App,DE,US,Software Engineer,56.19,USD,paypal,completed,15,4.1,False,11.24,new_seller,25
TXN-1103469,2024-06-20,AI/ML Development,AU,AU,Data Scientist,62.76,USD,credit_card,completed,13,4.6,False,12.55,top_rated,25
TXN-1103381,2024-06-20,Virtual Assistant,US,CA,HR Manager,87.68,USD,paypal,completed,4,4.5,True,17.54,level_1,25
TXN-1103372,2024-06-20,Video Production,GB,ZA,Designer,174.54,USD,paypal,completed,7,4.2,False,34.91,level_1,25
TXN-1103495,2024-06-20,Virtual Assistant,MX,US,HR Manager,915.18,USD,credit_card,completed,2,4.5,True,183.04,new_seller,25
TXN-1103425,2024-06-20,Legal Consulting,MX,US,Lawyer,229.27,USD,credit_card,disputed,16,,True,45.85,level_2,25
TXN-1103515,2024-06-20,Content Writing,JP,US,Writer,3411.9,USD,credit_card,completed,2,4.6,False,682.38,top_rated,25
TXN-1103630,2024-06-20,Translation,DE,US,Writer,489.84,USD,credit_card,disputed,4,,False,97.97,rising_talent,25
TXN-1103394,2024-06-20,Photography,US,AU,Designer,20.98,ILS,credit_card,completed,6,4.0,True,4.2,level_2,25
TXN-1103511,2024-06-20,Translation,GB,US,Writer,21.31,EUR,credit_card,completed,4,2.0,True,4.26,level_1,25
TXN-1103642,2024-06-20,Legal Consulting,DE,US,Lawyer,351.78,USD,bank_transfer,completed,21,4.9,True,70.36,level_2,25
TXN-1103509,2024-06-20,Virtual Assistant,US,ZA,HR Manager,915.99,GBP,credit_card,completed,2,4.7,False,183.2,level_2,25
TXN-1103368,2024-06-20,Virtual Assistant,US,AU,HR Manager,206.13,ILS,credit_card,completed,2,4.9,False,41.23,level_2,25
TXN-1103510,2024-06-20,Music Production,IN,US,Designer,66.83,USD,credit_card,completed,7,2.8,True,13.37,level_2,25
TXN-1103591,2024-06-20,Mobile App,GB,US,Software Engineer,204.65,GBP,bank_transfer,completed,27,4.6,False,40.93,level_1,25
TXN-1103460,2024-06-20,Content Writing,NL,FR,Writer,291.87,USD,credit_card,completed,4,4.4,False,58.37,rising_talent,25
TXN-1103504,2024-06-20,Video Production,DE,IN,Designer,73.02,ILS,bank_transfer,completed,6,2.9,False,14.6,new_seller,25
TXN-1103320,2024-06-21,Music Production,US,DE,Designer,733.39,USD,credit_card,completed,16,4.4,True,146.68,new_seller,25
TXN-1103607,2024-06-21,Legal Consulting,AU,JP,Lawyer,135.13,USD,credit_card,completed,11,3.8,False,27.03,top_rated,25
TXN-1103589,2024-06-21,AI/ML Development,FR,AU,Data Scientist,192.14,USD,credit_card,completed,27,3.6,True,38.43,level_1,25
TXN-1103411,2024-06-21,Graphic Design,FR,GB,Designer,137.9,USD,credit_card,completed,4,3.5,False,27.58,new_seller,25
TXN-1103580,2024-06-21,SEO/SEM,NL,FR,Marketing Manager,212.39,USD,credit_card,completed,11,3.7,False,42.48,rising_talent,25
TXN-1103413,2024-06-21,Social Media Management,BR,US,Marketing Manager,221.16,USD,paypal,completed,6,3.3,True,44.23,level_1,25
TXN-1103594,2024-06-21,Graphic Design,GB,MX,Designer,60.41,USD,bank_transfer,cancelled,6,,True,12.08,rising_talent,25
TXN-1103336,2024-06-21,Mobile App,IN,DE,Software Engineer,22.16,USD,bank_transfer,completed,13,1.0,True,4.43,rising_talent,25
TXN-1103317,2024-06-21,Mobile App,US,IN,Software Engineer,513.39,ILS,paypal,completed,20,4.8,False,102.68,level_2,25
TXN-1103416,2024-06-21,Content Writing,DE,US,Writer,136.79,USD,paypal,completed,4,4.6,False,27.36,level_2,25
TXN-1103583,2024-06-21,Data Analysis,US,US,Data Scientist,1175.09,GBP,credit_card,completed,7,4.5,True,235.02,level_2,25
TXN-1103615,2024-06-21,Translation,IL,SG,Writer,62.3,EUR,paypal,completed,2,3.6,False,12.46,level_1,25
TXN-1103415,2024-06-21,Web Development,DE,BR,Software Engineer,97.94,USD,credit_card,completed,16,3.7,False,19.59,level_1,25
TXN-1103596,2024-06-21,Content Writing,US,US,Writer,1410.23,GBP,paypal,completed,1,4.6,False,282.05,top_rated,25
TXN-1103332,2024-06-21,Graphic Design,MX,MX,Designer,240.7,USD,credit_card,completed,5,4.7,True,48.14,rising_talent,25
TXN-1103598,2024-06-21,Video Production,GB,IN,Designer,78.68,USD,paypal,completed,16,3.8,False,15.74,level_1,25
TXN-1103430,2024-06-21,Video Production,AU,AU,Designer,9.51,USD,credit_card,completed,7,4.6,False,1.9,new_seller,25
TXN-1103335,2024-06-21,Music Production,FR,GB,Designer,375.25,USD,credit_card,completed,9,4.7,True,75.05,level_2,25
TXN-1103385,2024-06-21,Video Production,IN,FR,Designer,137.09,ILS,paypal,completed,8,2.9,False,27.42,top_rated,25
TXN-1103541,2024-06-21,Social Media Management,GB,US,Marketing Manager,1530.22,USD,credit_card,completed,5,4.9,False,306.04,level_2,25
TXN-1103566,2024-06-21,Music Production,US,US,Designer,141.24,USD,bank_transfer,completed,10,4.8,False,28.25,level_1,25
TXN-1103632,2024-06-21,Music Production,US,GB,Designer,39.67,EUR,credit_card,completed,12,3.7,False,7.93,level_2,25
TXN-1103503,2024-06-21,Web Development,US,NL,Software Engineer,90.86,USD,paypal,completed,12,3.8,True,18.17,rising_talent,25
TXN-1103658,2024-06-21,Music Production,US,FR,Designer,910.76,USD,crypto,completed,12,4.4,True,182.15,level_1,25
TXN-1103497,2024-06-21,AI/ML Development,IN,CA,Data Scientist,189.81,USD,credit_card,completed,12,3.5,False,37.96,level_2,25
TXN-1103636,2024-06-21,Video Production,US,ES,Designer,33.87,GBP,paypal,completed,8,4.5,True,6.77,level_2,25
TXN-1103490,2024-06-21,Data Analysis,CA,US,Data Scientist,141.04,USD,credit_card,completed,6,2.9,False,28.21,new_seller,25
TXN-1103489,2024-06-21,Financial Modeling,US,GB,Accountant,44.3,ILS,bank_transfer,completed,6,4.3,False,8.86,new_seller,25
TXN-1103388,2024-06-21,Translation,AU,GB,Writer,307.28,EUR,credit_card,completed,3,4.0,True,61.46,level_2,25
TXN-1103487,2024-06-21,Video Production,US,GB,Designer,100.03,USD,bank_transfer,completed,4,3.7,True,20.01,level_1,25
TXN-1103382,2024-06-21,Graphic Design,AU,BR,Designer,561.63,USD,credit_card,completed,5,3.6,False,112.33,level_1,25
TXN-1103482,2024-06-21,Video Production,IL,US,Designer,848.64,GBP,credit_card,completed,4,3.2,False,169.73,rising_talent,25
TXN-1103481,2024-06-21,Social Media Management,IN,GB,Marketing Manager,258.57,USD,credit_card,completed,4,4.4,False,51.71,level_2,25
TXN-1103480,2024-06-21,SEO/SEM,US,SG,Marketing Manager,70.06,USD,credit_card,completed,9,4.5,True,14.01,new_seller,25
TXN-1103478,2024-06-21,Virtual Assistant,US,US,HR Manager,177.98,ILS,paypal,completed,2,4.8,False,35.6,level_1,25
TXN-1103476,2024-06-21,Graphic Design,US,US,Designer,226.48,USD,paypal,cancelled,5,,False,45.3,top_rated,25
TXN-1103507,2024-06-21,Graphic Design,GB,MX,Designer,32.26,GBP,crypto,completed,3,4.6,True,6.45,level_2,25
TXN-1103618,2024-06-21,Mobile App,ES,US,Software Engineer,558.65,USD,credit_card,completed,22,4.3,True,111.73,level_2,25
TXN-1103418,2024-06-21,Virtual Assistant,IN,US,HR Manager,10015.59,USD,credit_card,completed,1,3.4,True,2003.12,level_1,25
TXN-1103396,2024-06-21,SEO/SEM,US,DE,Marketing Manager,179.38,USD,credit_card,completed,9,1.0,False,35.88,level_2,25
TXN-1103619,2024-06-21,Video Production,IN,ES,Designer,458.45,EUR,paypal,completed,3,4.2,False,91.69,level_1,25
TXN-1103344,2024-06-21,Video Production,DE,CA,Designer,165.07,USD,credit_card,completed,7,3.8,False,33.01,top_rated,25
TXN-1103620,2024-06-21,Graphic Design,MX,US,Designer,7.53,EUR,credit_card,completed,5,4.1,False,1.51,rising_talent,25
TXN-1103350,2024-06-21,Data Analysis,DE,ZA,Data Scientist,119.73,EUR,paypal,completed,5,3.7,False,23.95,level_1,25
TXN-1103551,2024-06-21,Social Media Management,MX,US,Marketing Manager,215.81,USD,credit_card,completed,7,4.1,True,43.16,rising_talent,25
TXN-1103624,2024-06-21,Mobile App,ES,MX,Software Engineer,122.43,USD,credit_card,completed,11,3.2,False,24.49,rising_talent,25
TXN-1103367,2024-06-21,Mobile App,NL,MX,Software Engineer,28.56,USD,paypal,completed,22,4.7,False,5.71,level_1,25
TXN-1103547,2024-06-21,Financial Modeling,US,CA,Accountant,99.37,USD,credit_card,completed,15,4.4,False,19.87,new_seller,25
TXN-1103354,2024-06-21,Music Production,GB,ZA,Designer,124.85,USD,credit_card,cancelled,11,,True,24.97,level_1,25
TXN-1103533,2024-06-21,Content Writing,SG,NL,Writer,224.08,USD,credit_card,completed,1,4.2,False,44.82,level_1,25
TXN-1103357,2024-06-21,Translation,US,GB,Writer,44.37,USD,credit_card,completed,2,3.8,False,8.87,level_1,25
TXN-1103398,2024-06-21,Translation,DE,ES,Writer,713.22,GBP,credit_card,completed,6,4.7,False,142.64,level_1,25
TXN-1103361,2024-06-21,Social Media Management,ES,ZA,Marketing Manager,26.64,USD,credit_card,completed,6,4.2,False,5.33,level_2,25
TXN-1103522,2024-06-21,Web Development,IL,ZA,Software Engineer,73.02,USD,credit_card,completed,8,4.6,False,14.6,rising_talent,25
TXN-1103471,2024-06-21,Mobile App,US,IN,Software Engineer,2287.36,USD,paypal,completed,19,4.8,False,457.47,top_rated,25
TXN-1103660,2024-06-22,AI/ML Development,DE,BR,Data Scientist,717.22,EUR,paypal,completed,25,3.9,True,143.44,level_2,25
TXN-1103641,2024-06-22,SEO/SEM,FR,IN,Marketing Manager,32.02,USD,crypto,completed,12,4.2,False,6.4,rising_talent,25
TXN-1103651,2024-06-22,Social Media Management,US,MX,Marketing Manager,140.85,GBP,paypal,completed,10,3.4,True,28.17,level_2,25
TXN-1103407,2024-06-22,Translation,IN,US,Writer,369.21,USD,paypal,completed,4,3.4,False,73.84,level_1,25
TXN-1103601,2024-06-22,AI/ML Development,FR,US,Data Scientist,139.97,USD,credit_card,completed,18,4.6,True,27.99,level_1,25
TXN-1103447,2024-06-22,Data Analysis,US,IL,Data Scientist,21.78,USD,credit_card,completed,10,4.0,False,4.36,rising_talent,25
TXN-1103450,2024-06-22,Financial Modeling,US,GB,Accountant,678.81,USD,paypal,completed,10,3.5,False,135.76,rising_talent,25
TXN-1103461,2024-06-22,Music Production,FR,US,Designer,589.47,USD,credit_card,completed,15,4.4,False,117.89,rising_talent,25
TXN-1103474,2024-06-22,Mobile App,SG,GB,Software Engineer,118.2,EUR,paypal,completed,16,4.8,False,23.64,level_1,25
TXN-1103475,2024-06-22,Legal Consulting,CA,NL,Lawyer,336.01,ILS,paypal,completed,15,3.6,False,67.2,new_seller,25
TXN-1103485,2024-06-22,Translation,US,IN,Writer,468.73,USD,credit_card,completed,1,4.9,True,93.75,rising_talent,25
TXN-1103493,2024-06-22,AI/ML Development,BR,US,Data Scientist,29.61,USD,credit_card,completed,9,4.4,True,5.92,level_1,25
TXN-1103494,2024-06-22,Data Analysis,FR,FR,Data Scientist,151.3,EUR,credit_card,completed,6,4.2,True,30.26,level_2,25
TXN-1103417,2024-06-22,Photography,US,CA,Designer,528.73,EUR,credit_card,completed,2,4.0,True,105.75,level_1,25
TXN-1103410,2024-06-22,Photography,US,US,Designer,70.2,EUR,credit_card,completed,2,2.9,True,14.04,rising_talent,25
TXN-1103392,2024-06-22,Music Production,GB,GB,Designer,28.95,GBP,credit_card,completed,5,3.4,True,5.79,new_seller,25
TXN-1103513,2024-06-22,Translation,IN,FR,Writer,2265.75,USD,credit_card,completed,2,3.6,False,453.15,level_1,25
TXN-1103386,2024-06-22,Video Production,IN,FR,Designer,158.32,USD,bank_transfer,completed,9,3.1,False,31.66,level_2,25
TXN-1103526,2024-06-22,Graphic Design,US,ES,Designer,27.24,INR,bank_transfer,completed,5,3.1,False,5.45,rising_talent,25
TXN-1103525,2024-06-22,Financial Modeling,US,US,Accountant,84.42,GBP,paypal,completed,6,3.3,True,16.88,level_2,25
TXN-1103562,2024-06-22,Web Development,GB,DE,Software Engineer,417.58,USD,credit_card,completed,15,4.2,True,83.52,level_1,25
TXN-1103595,2024-06-22,Music Production,ZA,IL,Designer,188.75,USD,bank_transfer,completed,6,5.0,False,37.75,level_1,25
TXN-1103328,2024-06-22,AI/ML Development,US,IN,Data Scientist,276.32,GBP,paypal,completed,24,4.5,False,55.26,level_2,25
TXN-1103348,2024-06-22,Financial Modeling,US,US,Accountant,66.43,USD,credit_card,completed,12,3.9,True,13.29,top_rated,25
TXN-1103574,2024-06-22,SEO/SEM,MX,GB,Marketing Manager,73.4,USD,paypal,completed,12,4.1,False,14.68,level_1,25
TXN-1103359,2024-06-22,Virtual Assistant,MX,US,HR Manager,102.68,USD,credit_card,completed,5,4.8,False,20.54,level_1,25
TXN-1103568,2024-06-22,Mobile App,NL,CA,Software Engineer,10.1,USD,paypal,completed,7,4.4,False,2.02,level_2,25
TXN-1103535,2024-06-22,Music Production,BR,IN,Designer,34.17,USD,credit_card,completed,18,3.6,False,6.83,level_2,25
TXN-1103438,2024-06-22,Graphic Design,BR,US,Designer,585.25,GBP,paypal,completed,3,4.7,False,117.05,level_1,25
TXN-1103360,2024-06-22,Music Production,GB,US,Designer,217.48,USD,credit_card,completed,10,3.8,False,43.5,level_1,25
TXN-1103371,2024-06-22,Social Media Management,SG,US,Marketing Manager,410.0,USD,paypal,completed,6,4.8,False,82.0,level_1,25
TXN-1103552,2024-06-22,Virtual Assistant,NL,US,HR Manager,98.61,GBP,credit_card,completed,1,4.6,True,19.72,top_rated,25
TXN-1103362,2024-06-23,Music Production,DE,SG,Designer,409.75,ILS,bank_transfer,completed,13,4.4,False,81.95,level_1,25
TXN-1103653,2024-06-23,Virtual Assistant,CA,IN,HR Manager,129.95,USD,crypto,completed,2,4.7,False,25.99,level_1,25
TXN-1103427,2024-06-23,Music Production,MX,IN,Designer,167.04,USD,paypal,completed,14,3.2,False,33.41,level_1,25
TXN-1103375,2024-06-23,AI/ML Development,GB,ES,Data Scientist,229.75,GBP,credit_card,completed,18,4.7,True,45.95,level_1,25
TXN-1103602,2024-06-23,Social Media Management,DE,US,Marketing Manager,79.32,INR,bank_transfer,completed,81,3.8,False,15.86,level_2,25
TXN-1103428,2024-06-23,Photography,MX,US,Designer,73.46,EUR,bank_transfer,completed,3,4.9,False,14.69,level_2,25
TXN-1103420,2024-06-23,Music Production,SG,JP,Designer,117.22,USD,bank_transfer,completed,8,4.5,True,23.44,rising_talent,25
TXN-1103376,2024-06-23,Virtual Assistant,MX,BR,HR Manager,402.47,USD,credit_card,completed,1,5.0,False,80.49,rising_talent,25
TXN-1103656,2024-06-23,Photography,US,DE,Designer,83.44,USD,paypal,completed,3,4.1,True,16.69,rising_talent,25
TXN-1103446,2024-06-23,Data Analysis,US,NL,Data Scientist,94.76,USD,paypal,completed,9,4.5,True,18.95,new_seller,25
TXN-1103647,2024-06-23,Content Writing,US,CA,Writer,1004.23,USD,paypal,completed,16,4.1,False,200.85,rising_talent,25
TXN-1103592,2024-06-23,Web Development,BR,DE,Software Engineer,18.77,USD,credit_card,completed,8,1.0,True,3.75,level_1,25
TXN-1103585,2024-06-23,Music Production,FR,GB,Designer,202.91,EUR,paypal,completed,10,4.5,True,40.58,rising_talent,25
TXN-1103570,2024-06-23,Photography,FR,US,Designer,47.8,USD,credit_card,completed,5,3.1,True,9.56,rising_talent,25
TXN-1103560,2024-06-23,SEO/SEM,IN,US,Marketing Manager,383.76,USD,bank_transfer,completed,26,3.7,True,76.75,rising_talent,25
TXN-1103613,2024-06-23,Social Media Management,MX,US,Marketing Manager,30.53,ILS,credit_card,completed,7,4.6,True,6.11,level_1,25
TXN-1103557,2024-06-23,AI/ML Development,FR,DE,Data Scientist,41.79,USD,paypal,completed,30,3.8,True,8.36,level_1,25
TXN-1103550,2024-06-23,Video Production,IN,AU,Designer,91.72,EUR,credit_card,completed,4,2.7,False,18.34,top_rated,25
TXN-1103621,2024-06-23,Graphic Design,BR,ES,Designer,174.56,USD,crypto,completed,2,4.1,True,34.91,rising_talent,25
TXN-1103514,2024-06-23,Financial Modeling,MX,GB,Accountant,63.66,GBP,credit_card,completed,15,4.1,False,12.73,new_seller,25
TXN-1103512,2024-06-23,Video Production,SG,ES,Designer,77.45,USD,credit_card,completed,5,4.3,False,15.49,new_seller,25
TXN-1103505,2024-06-23,Virtual Assistant,GB,FR,HR Manager,88.26,USD,credit_card,completed,1,3.3,False,17.65,level_1,25
TXN-1103502,2024-06-23,Virtual Assistant,MX,FR,HR Manager,27.97,ILS,paypal,completed,2,4.4,True,5.59,level_2,25
TXN-1103501,2024-06-23,Social Media Management,US,US,Marketing Manager,722.66,USD,credit_card,completed,5,3.9,False,144.53,level_2,25
TXN-1103500,2024-06-23,Content Writing,US,US,Writer,274.5,EUR,credit_card,completed,2,3.8,False,54.9,level_1,25
TXN-1103470,2024-06-23,Music Production,NL,US,Designer,14.37,USD,bank_transfer,completed,11,3.9,False,2.87,level_2,25
TXN-1103627,2024-06-23,Web Development,US,US,Software Engineer,8.57,USD,credit_card,completed,15,4.4,True,1.71,level_2,25
TXN-1103902,2024-06-24,Virtual Assistant,US,ZA,HR Manager,417.24,USD,paypal,completed,2,4.6,False,83.45,rising_talent,26
TXN-1103905,2024-06-24,AI/ML Development,US,US,Data Scientist,1147.44,USD,credit_card,completed,24,4.1,False,229.49,new_seller,26
TXN-1103766,2024-06-24,AI/ML Development,AU,ES,Data Scientist,515.94,USD,bank_transfer,completed,13,3.5,False,103.19,rising_talent,26
TXN-1103918,2024-06-24,Content Writing,US,CA,Writer,784.34,USD,bank_transfer,completed,4,4.8,False,156.87,level_1,26
TXN-1103763,2024-06-24,Virtual Assistant,IN,US,HR Manager,1189.02,USD,credit_card,completed,2,4.6,False,237.8,level_2,26
TXN-1103762,2024-06-24,Mobile App,FR,US,Software Engineer,87.48,USD,bank_transfer,completed,27,3.8,False,17.5,new_seller,26
TXN-1103758,2024-06-24,AI/ML Development,US,BR,Data Scientist,264.27,USD,crypto,completed,13,4.9,True,52.85,rising_talent,26
TXN-1103712,2024-06-24,Video Production,US,GB,Designer,29.1,EUR,paypal,completed,7,4.7,False,5.82,rising_talent,26
TXN-1103754,2024-06-24,Virtual Assistant,US,GB,HR Manager,105.93,USD,bank_transfer,completed,2,4.4,True,21.19,level_2,26
TXN-1103925,2024-06-24,Social Media Management,FR,JP,Marketing Manager,17.59,GBP,credit_card,completed,12,3.6,False,3.52,level_1,26
TXN-1103940,2024-06-24,Virtual Assistant,GB,MX,HR Manager,91.62,USD,credit_card,cancelled,3,,True,18.32,rising_talent,26
TXN-1103953,2024-06-24,Legal Consulting,US,FR,Lawyer,96.32,USD,credit_card,completed,13,2.9,False,19.26,new_seller,26
TXN-1103954,2024-06-24,Data Analysis,US,US,Data Scientist,629.17,USD,credit_card,completed,4,3.4,True,125.83,level_2,26
TXN-1103901,2024-06-24,Data Analysis,BR,US,Data Scientist,154.12,EUR,credit_card,completed,3,3.1,True,30.82,level_1,26
TXN-1103707,2024-06-24,Financial Modeling,FR,US,Accountant,148.09,USD,credit_card,completed,9,4.8,True,29.62,level_2,26
TXN-1103756,2024-06-24,Web Development,BR,US,Software Engineer,0.01,USD,bank_transfer,completed,17,4.2,False,0.0,rising_talent,26
TXN-1103899,2024-06-24,Photography,NL,US,Designer,203.98,USD,paypal,completed,2,3.1,True,40.8,level_2,26
TXN-1103879,2024-06-24,Content Writing,ES,US,Writer,302.96,USD,bank_transfer,completed,2,4.1,True,60.59,rising_talent,26
TXN-1103892,2024-06-24,Web Development,GB,IN,Software Engineer,178.85,USD,credit_card,completed,14,4.8,False,35.77,level_2,26
TXN-1103705,2024-06-24,Social Media Management,US,GB,Marketing Manager,99.8,EUR,bank_transfer,completed,6,4.9,False,19.96,level_1,26
TXN-1103837,2024-06-24,Graphic Design,US,NL,Designer,89.99,USD,credit_card,completed,4,4.8,False,18.0,level_1,26
TXN-1103830,2024-06-24,Virtual Assistant,US,DE,HR Manager,246.16,USD,credit_card,completed,1,4.7,False,49.23,level_1,26
TXN-1103858,2024-06-24,Legal Consulting,US,SG,Lawyer,48.38,USD,credit_card,completed,14,4.2,False,9.68,rising_talent,26
TXN-1103819,2024-06-24,AI/ML Development,IL,US,Data Scientist,70.36,ILS,credit_card,completed,9,3.6,False,14.07,rising_talent,26
TXN-1103865,2024-06-24,SEO/SEM,DE,IN,Marketing Manager,153.17,USD,paypal,completed,13,3.4,False,30.63,rising_talent,26
TXN-1103812,2024-06-24,Music Production,GB,US,Designer,108.31,USD,credit_card,completed,16,2.7,True,21.66,level_1,26
TXN-1103872,2024-06-24,Content Writing,MX,DE,Writer,16.64,USD,credit_card,completed,6,2.9,False,3.33,level_1,26
TXN-1103800,2024-06-24,Music Production,NL,DE,Designer,87.21,USD,credit_card,completed,8,3.4,False,17.44,new_seller,26
TXN-1103797,2024-06-24,SEO/SEM,US,IN,Marketing Manager,64.56,GBP,credit_card,completed,9,4.2,False,12.91,level_1,26
TXN-1103881,2024-06-24,Content Writing,ZA,IL,Writer,198.0,USD,paypal,cancelled,2,,False,39.6,rising_talent,26
TXN-1103791,2024-06-24,Video Production,GB,NL,Designer,60.61,USD,paypal,completed,10,3.8,False,12.12,level_1,26
TXN-1103885,2024-06-24,Translation,US,FR,Writer,111.46,ILS,credit_card,completed,3,4.3,False,22.29,level_2,26
TXN-1103886,2024-06-24,SEO/SEM,US,US,Marketing Manager,177.99,USD,credit_card,completed,10,4.8,False,35.6,new_seller,26
TXN-1103784,2024-06-24,SEO/SEM,NL,AU,Marketing Manager,377.25,USD,credit_card,completed,15,4.1,False,75.45,top_rated,26
TXN-1103781,2024-06-24,Mobile App,GB,US,Software Engineer,44.46,USD,paypal,completed,26,4.8,True,8.89,new_seller,26
TXN-1103959,2024-06-24,AI/ML Development,IN,US,Data Scientist,119.67,GBP,paypal,completed,30,4.6,False,23.93,rising_talent,26
TXN-1103843,2024-06-24,Data Analysis,MX,AU,Data Scientist,305.14,INR,bank_transfer,completed,3,4.7,True,61.03,top_rated,26
TXN-1103978,2024-06-24,Virtual Assistant,IN,US,HR Manager,603.08,USD,bank_transfer,completed,80,4.4,False,120.62,rising_talent,26
TXN-1103962,2024-06-24,Data Analysis,IN,GB,Data Scientist,370.8,USD,bank_transfer,completed,7,3.9,True,74.16,level_2,26
TXN-1103976,2024-06-24,Photography,ZA,IN,Designer,636.57,USD,credit_card,completed,3,4.5,True,127.31,level_2,26
TXN-1103697,2024-06-24,Photography,US,FR,Designer,65.18,USD,bank_transfer,completed,4,4.6,True,13.04,level_2,26
TXN-1103685,2024-06-24,Mobile App,GB,GB,Software Engineer,612.28,USD,credit_card,completed,26,4.8,False,122.46,level_2,26
TXN-1103979,2024-06-24,Mobile App,SG,MX,Software Engineer,289.85,USD,credit_card,completed,24,4.6,True,57.97,level_1,26
TXN-1103680,2024-06-24,Data Analysis,CA,CA,Data Scientist,153.25,EUR,paypal,completed,6,4.3,False,30.65,level_2,26
TXN-1103698,2024-06-24,Virtual Assistant,DE,ES,HR Manager,1575.26,USD,credit_card,completed,1,4.2,True,315.05,new_seller,26
TXN-1103682,2024-06-24,Data Analysis,FR,DE,Data Scientist,21.47,GBP,bank_transfer,completed,8,3.6,False,4.29,level_2,26
TXN-1103987,2024-06-24,Virtual Assistant,GB,AU,HR Manager,274.24,USD,credit_card,completed,2,3.5,False,54.85,rising_talent,26
TXN-1103968,2024-06-24,Content Writing,IN,BR,Writer,375.78,EUR,paypal,completed,3,4.2,False,75.16,new_seller,26
TXN-1103678,2024-06-24,Data Analysis,JP,NL,Data Scientist,64.96,USD,paypal,completed,5,4.6,False,12.99,rising_talent,26
TXN-1103963,2024-06-24,Content Writing,US,DE,Writer,51.6,EUR,paypal,completed,2,3.5,False,10.32,level_1,26
TXN-1103997,2024-06-24,Financial Modeling,US,IN,Accountant,19.53,USD,credit_card,completed,8,4.6,True,3.91,top_rated,26
TXN-1103755,2024-06-25,SEO/SEM,DE,CA,Marketing Manager,262.19,USD,credit_card,disputed,10,,False,52.44,rising_talent,26
TXN-1103868,2024-06-25,Mobile App,US,GB,Software Engineer,793.37,USD,bank_transfer,completed,11,3.5,False,158.67,rising_talent,26
TXN-1103767,2024-06-25,Graphic Design,BR,DE,Designer,485.56,USD,crypto,completed,7,4.0,True,97.11,rising_talent,26
TXN-1103691,2024-06-25,Social Media Management,JP,US,Marketing Manager,611.82,USD,credit_card,completed,8,4.3,True,122.36,new_seller,26
TXN-1103991,2024-06-25,Virtual Assistant,US,US,HR Manager,41.33,USD,credit_card,completed,1,3.8,False,8.27,level_2,26
TXN-1103752,2024-06-25,Content Writing,JP,US,Writer,58.14,EUR,credit_card,completed,2,3.2,True,11.63,level_2,26
TXN-1103975,2024-06-25,Music Production,MX,GB,Designer,52.43,USD,bank_transfer,completed,10,3.5,True,10.49,level_1,26
TXN-1103917,2024-06-25,Translation,US,IN,Writer,40.08,USD,paypal,completed,4,4.4,False,8.02,top_rated,26
TXN-1103859,2024-06-25,Graphic Design,GB,DE,Designer,524.59,USD,credit_card,completed,2,4.6,True,104.92,level_1,26
TXN-1103687,2024-06-25,Video Production,BR,US,Designer,39.07,USD,credit_card,completed,4,4.6,False,7.81,level_2,26
TXN-1103914,2024-06-25,Video Production,US,DE,Designer,645.86,USD,credit_card,completed,9,4.1,True,129.17,level_1,26
TXN-1103958,2024-06-25,Social Media Management,CA,IN,Marketing Manager,218.39,ILS,paypal,completed,6,4.6,False,43.68,rising_talent,26
TXN-1103807,2024-06-25,Web Development,US,IN,Software Engineer,368.79,USD,credit_card,completed,9,3.5,False,73.76,new_seller,26
TXN-1103871,2024-06-25,Legal Consulting,FR,AU,Lawyer,31.14,USD,paypal,completed,13,2.9,False,6.23,level_1,26
TXN-1103926,2024-06-25,SEO/SEM,BR,ES,Marketing Manager,184.67,USD,credit_card,completed,7,4.6,False,36.93,level_1,26
TXN-1103904,2024-06-25,Music Production,IN,IN,Designer,303.15,ILS,credit_card,completed,26,3.3,False,60.63,level_2,26
TXN-1103988,2024-06-25,Mobile App,ZA,SG,Software Engineer,250.92,EUR,credit_card,completed,16,3.9,False,50.18,rising_talent,26
TXN-1103803,2024-06-25,Financial Modeling,NL,FR,Accountant,47.63,USD,paypal,completed,6,4.9,False,9.53,new_seller,26
TXN-1103780,2024-06-25,Graphic Design,SG,ES,Designer,190.23,USD,crypto,completed,4,3.0,False,38.05,level_1,26
TXN-1103875,2024-06-25,Web Development,AU,FR,Software Engineer,481.13,USD,credit_card,completed,16,4.7,True,96.23,rising_talent,26
TXN-1103887,2024-06-25,Data Analysis,JP,IL,Data Scientist,91.7,USD,credit_card,completed,9,4.9,False,18.34,rising_talent,26
TXN-1103786,2024-06-25,Graphic Design,US,DE,Designer,156.82,USD,crypto,completed,5,4.5,True,31.36,level_2,26
TXN-1103788,2024-06-25,Graphic Design,CA,CA,Designer,17.42,USD,bank_transfer,completed,8,4.2,True,3.48,level_1,26
TXN-1103983,2024-06-25,Virtual Assistant,US,IN,HR Manager,769.66,ILS,bank_transfer,completed,1,3.6,False,153.93,level_1,26
TXN-1103675,2024-06-25,Legal Consulting,DE,GB,Lawyer,213.33,USD,credit_card,completed,15,4.4,False,42.67,new_seller,26
TXN-1103808,2024-06-25,Legal Consulting,IN,BR,Lawyer,137.72,USD,bank_transfer,completed,14,3.8,False,27.54,top_rated,26
TXN-1103826,2024-06-25,Web Development,US,US,Software Engineer,157.19,EUR,bank_transfer,completed,19,3.4,False,31.44,level_2,26
TXN-1103676,2024-06-25,Virtual Assistant,FR,FR,HR Manager,420.63,USD,bank_transfer,cancelled,1,,False,84.13,level_1,26
TXN-1103710,2024-06-25,SEO/SEM,US,US,Marketing Manager,8.95,ILS,credit_card,completed,18,4.0,False,1.79,rising_talent,26
TXN-1103720,2024-06-25,Music Production,FR,SG,Designer,81.39,EUR,credit_card,completed,8,3.1,False,16.28,level_2,26
TXN-1103838,2024-06-25,Graphic Design,MX,IN,Designer,42.74,USD,credit_card,completed,9,4.8,False,8.55,level_1,26
TXN-1103723,2024-06-25,Data Analysis,IN,US,Data Scientist,346.49,USD,credit_card,completed,12,4.0,True,69.3,level_2,26
TXN-1103952,2024-06-25,Music Production,IN,IN,Designer,112.64,USD,credit_card,completed,10,3.6,False,22.53,new_seller,26
TXN-1103725,2024-06-25,SEO/SEM,US,BR,Marketing Manager,58.78,USD,crypto,completed,8,2.2,False,11.76,new_seller,26
TXN-1103951,2024-06-25,Mobile App,GB,GB,Software Engineer,98.22,USD,credit_card,completed,30,4.2,False,19.64,top_rated,26
TXN-1103743,2024-06-25,SEO/SEM,GB,GB,Marketing Manager,298.52,USD,paypal,completed,11,4.9,False,59.7,level_1,26
TXN-1103715,2024-06-25,Legal Consulting,IN,US,Lawyer,1416.0,USD,bank_transfer,completed,9,4.3,True,283.2,level_2,26
TXN-1103955,2024-06-25,SEO/SEM,US,CA,Marketing Manager,137.57,USD,paypal,completed,9,3.6,False,27.51,top_rated,26
TXN-1103943,2024-06-25,Legal Consulting,AU,IN,Lawyer,55.76,GBP,credit_card,completed,18,4.4,False,11.15,level_1,26
TXN-1103942,2024-06-25,Virtual Assistant,US,IL,HR Manager,56.83,EUR,credit_card,completed,2,4.2,False,11.37,level_2,26
TXN-1103732,2024-06-25,Data Analysis,DE,US,Data Scientist,18.64,EUR,credit_card,completed,12,3.7,True,3.73,level_1,26
TXN-1103711,2024-06-25,Financial Modeling,NL,IN,Accountant,75.8,USD,bank_transfer,completed,11,4.0,True,15.16,new_seller,26
TXN-1103719,2024-06-25,Photography,IL,GB,Designer,245.35,USD,paypal,completed,5,3.9,True,49.07,level_2,26
TXN-1103718,2024-06-25,Translation,GB,US,Writer,16.19,USD,bank_transfer,completed,2,4.6,False,3.24,rising_talent,26
TXN-1103709,2024-06-25,Web Development,ES,DE,Software Engineer,48.47,USD,bank_transfer,completed,24,4.7,False,9.69,level_2,26
TXN-1103831,2024-06-25,SEO/SEM,GB,SG,Marketing Manager,299.72,USD,credit_card,completed,9,4.1,True,59.94,top_rated,26
TXN-1103957,2024-06-25,Content Writing,US,US,Writer,72.75,ILS,credit_card,completed,3,4.9,False,14.55,new_seller,26
TXN-1103736,2024-06-25,Mobile App,MX,US,Software Engineer,362.25,USD,credit_card,completed,13,4.6,False,72.45,level_2,26
TXN-1103827,2024-06-25,Graphic Design,US,IN,Designer,299.95,USD,credit_card,completed,7,2.2,False,59.99,new_seller,26
TXN-1103738,2024-06-25,Financial Modeling,BR,AU,Accountant,296.28,USD,paypal,completed,9,4.4,False,59.26,level_1,26
TXN-1103932,2024-06-25,Data Analysis,US,SG,Data Scientist,376.88,ILS,paypal,completed,5,2.9,False,75.38,level_1,26
TXN-1103741,2024-06-25,Financial Modeling,AU,AU,Accountant,53.16,EUR,paypal,completed,17,3.2,True,10.63,level_1,26
TXN-1103734,2024-06-25,Mobile App,FR,US,Software Engineer,97.78,USD,bank_transfer,completed,30,4.1,False,19.56,rising_talent,26
TXN-1103829,2024-06-25,Financial Modeling,US,FR,Accountant,416.01,USD,credit_card,completed,18,1.0,False,83.2,new_seller,26
TXN-1103706,2024-06-25,Video Production,US,ZA,Designer,217.04,USD,credit_card,completed,5,4.9,False,43.41,level_1,26
TXN-1103986,2024-06-26,Financial Modeling,US,US,Accountant,101.6,USD,crypto,completed,8,4.5,False,20.32,new_seller,26
TXN-1103841,2024-06-26,Photography,IL,NL,Designer,196.32,USD,bank_transfer,completed,6,3.5,True,39.26,level_2,26
TXN-1103874,2024-06-26,Music Production,US,US,Designer,286.7,USD,credit_card,completed,8,5.0,False,57.34,level_2,26
TXN-1103845,2024-06-26,Music Production,GB,DE,Designer,75.81,USD,credit_card,completed,11,4.1,False,15.16,level_2,26
TXN-1103849,2024-06-26,Graphic Design,BR,IN,Designer,248.28,EUR,credit_card,completed,3,4.1,False,49.66,level_1,26
TXN-1103877,2024-06-26,SEO/SEM,JP,US,Marketing Manager,72.98,USD,credit_card,completed,8,4.3,False,14.6,top_rated,26
TXN-1103825,2024-06-26,Web Development,IN,US,Software Engineer,195.84,USD,bank_transfer,completed,16,3.5,False,39.17,level_2,26
TXN-1103851,2024-06-26,Data Analysis,FR,US,Data Scientist,54.77,USD,credit_card,completed,7,3.5,True,10.95,level_1,26
TXN-1103836,2024-06-26,Data Analysis,GB,IN,Data Scientist,65.15,USD,paypal,cancelled,7,,True,13.03,new_seller,26
TXN-1103852,2024-06-26,Web Development,US,US,Software Engineer,520.7,ILS,paypal,completed,8,4.8,True,104.14,level_1,26
TXN-1103809,2024-06-26,Content Writing,GB,ZA,Writer,74.17,USD,paypal,completed,2,4.6,False,14.83,level_2,26
TXN-1103853,2024-06-26,Web Development,IN,DE,Software Engineer,132.13,GBP,credit_card,completed,14,4.2,True,26.43,rising_talent,26
TXN-1103854,2024-06-26,Social Media Management,US,US,Marketing Manager,4487.49,USD,paypal,completed,2,4.6,False,897.5,new_seller,26
TXN-1103870,2024-06-26,Data Analysis,IL,US,Data Scientist,389.36,EUR,bank_transfer,completed,4,4.0,False,77.87,new_seller,26
TXN-1103811,2024-06-26,Legal Consulting,ZA,IN,Lawyer,64.33,USD,paypal,completed,11,3.6,True,12.87,rising_talent,26
TXN-1103869,2024-06-26,Mobile App,IN,US,Software Engineer,3094.78,USD,paypal,completed,30,4.5,True,618.96,level_1,26
TXN-1103816,2024-06-26,Video Production,US,US,Designer,84.0,GBP,paypal,completed,13,4.3,True,16.8,rising_talent,26
TXN-1103669,2024-06-26,Translation,ZA,ES,Writer,103.6,USD,credit_card,completed,3,4.5,False,20.72,level_1,26
TXN-1103863,2024-06-26,Translation,AU,GB,Writer,198.1,USD,bank_transfer,completed,2,4.7,False,39.62,level_2,26
TXN-1103994,2024-06-26,Photography,DE,IN,Designer,10.92,ILS,credit_card,completed,1,4.0,False,2.18,level_1,26
TXN-1103880,2024-06-26,Web Development,GB,BR,Software Engineer,33.69,USD,credit_card,completed,23,4.2,False,6.74,new_seller,26
TXN-1103824,2024-06-26,Mobile App,IN,IN,Software Engineer,317.5,USD,paypal,completed,24,4.8,True,63.5,new_seller,26
TXN-1103998,2024-06-26,Video Production,MX,IN,Designer,385.42,USD,credit_card,completed,7,4.8,True,77.08,level_2,26
TXN-1103861,2024-06-26,Virtual Assistant,GB,FR,HR Manager,362.02,USD,credit_card,completed,2,3.5,False,72.4,new_seller,26
TXN-1103727,2024-06-26,Translation,AU,GB,Writer,50.42,USD,paypal,in_progress,2,,False,10.08,level_1,26
TXN-1103883,2024-06-26,Social Media Management,IN,US,Marketing Manager,763.63,USD,crypto,completed,8,4.6,False,152.73,level_1,26
TXN-1103740,2024-06-26,Content Writing,GB,MX,Writer,91.82,USD,bank_transfer,completed,3,4.2,False,18.36,rising_talent,26
TXN-1103694,2024-06-26,Virtual Assistant,FR,US,HR Manager,164.34,GBP,bank_transfer,completed,1,4.0,False,32.87,rising_talent,26
TXN-1103749,2024-06-26,AI/ML Development,US,CA,Data Scientist,511.11,EUR,credit_card,completed,6,3.9,True,102.22,level_1,26
TXN-1103882,2024-06-26,Legal Consulting,US,NL,Lawyer,644.53,EUR,bank_transfer,completed,18,3.9,True,128.91,new_seller,26
TXN-1103750,2024-06-26,Virtual Assistant,GB,AU,HR Manager,101.7,USD,paypal,completed,1,3.3,True,20.34,level_1,26
TXN-1103941,2024-06-26,Content Writing,DE,US,Writer,197.05,GBP,bank_transfer,completed,1,4.6,False,39.41,rising_talent,26
TXN-1103945,2024-06-26,SEO/SEM,US,AU,Marketing Manager,569.68,USD,bank_transfer,completed,10,4.4,True,113.94,level_1,26
TXN-1103757,2024-06-26,Translation,ES,ES,Writer,437.25,EUR,bank_transfer,completed,3,4.5,True,87.45,level_1,26
TXN-1103920,2024-06-26,Web Development,US,MX,Software Engineer,37.95,USD,paypal,completed,12,3.0,True,7.59,new_seller,26
TXN-1103919,2024-06-26,Mobile App,ZA,FR,Software Engineer,92.96,USD,bank_transfer,completed,30,4.3,False,18.59,rising_talent,26
TXN-1103929,2024-06-26,Mobile App,DE,US,Software Engineer,230.03,USD,credit_card,completed,17,4.3,True,46.01,level_2,26
TXN-1103972,2024-06-26,Video Production,DE,US,Designer,5.0,GBP,credit_card,completed,5,5.0,False,1.0,top_rated,26
TXN-1103761,2024-06-26,Virtual Assistant,GB,BR,HR Manager,67.85,USD,credit_card,completed,1,4.9,False,13.57,level_1,26
TXN-1103844,2024-06-26,Translation,US,IN,Writer,345.55,USD,credit_card,completed,4,4.5,True,69.11,level_1,26
TXN-1103966,2024-06-26,Virtual Assistant,ZA,FR,HR Manager,417.58,USD,credit_card,cancelled,2,,False,83.52,level_1,26
TXN-1103717,2024-06-26,Legal Consulting,US,US,Lawyer,234.97,USD,paypal,completed,10,4.9,True,46.99,level_2,26
TXN-1103716,2024-06-26,Legal Consulting,CA,SG,Lawyer,1682.42,GBP,credit_card,completed,6,3.6,True,336.48,rising_talent,26
TXN-1103903,2024-06-26,Mobile App,BR,US,Software Engineer,90.77,USD,credit_card,completed,27,3.9,False,18.15,level_1,26
TXN-1103684,2024-06-26,Web Development,US,CA,Software Engineer,277.44,USD,paypal,in_progress,21,,True,55.49,level_2,26
TXN-1103713,2024-06-26,Web Development,ES,US,Software Engineer,127.37,USD,paypal,completed,11,4.1,False,25.47,level_1,26
TXN-1103787,2024-06-26,SEO/SEM,US,US,Marketing Manager,81.54,USD,paypal,completed,20,4.3,True,16.31,rising_talent,26
TXN-1103792,2024-06-26,Virtual Assistant,IN,GB,HR Manager,542.77,EUR,paypal,disputed,4,,False,108.55,level_2,26
TXN-1103948,2024-06-26,SEO/SEM,US,US,Marketing Manager,821.68,USD,bank_transfer,completed,7,4.5,True,164.34,level_2,26
TXN-1103744,2024-06-26,Social Media Management,US,ZA,Marketing Manager,336.73,USD,paypal,completed,13,3.5,True,67.35,new_seller,26
TXN-1103967,2024-06-27,Music Production,ZA,US,Designer,57.12,USD,paypal,cancelled,10,,False,11.42,level_1,26
TXN-1103938,2024-06-27,Web Development,SG,MX,Software Engineer,31.86,GBP,paypal,completed,7,4.9,False,6.37,rising_talent,26
TXN-1103956,2024-06-27,AI/ML Development,US,GB,Data Scientist,1089.87,USD,paypal,completed,10,3.8,False,217.97,top_rated,26
TXN-1103964,2024-06-27,Photography,US,NL,Designer,2167.64,USD,paypal,completed,4,4.0,True,433.53,rising_talent,26
TXN-1103856,2024-06-27,AI/ML Development,GB,US,Data Scientist,26.48,USD,credit_card,completed,21,2.8,False,5.3,level_1,26
TXN-1103862,2024-06-27,Music Production,BR,GB,Designer,83.06,USD,bank_transfer,completed,30,4.4,True,16.61,new_seller,26
TXN-1103927,2024-06-27,Web Development,JP,US,Software Engineer,1727.07,USD,paypal,completed,29,3.8,True,345.41,level_2,26
TXN-1103996,2024-06-27,AI/ML Development,IN,SG,Data Scientist,238.28,INR,paypal,completed,12,3.7,False,47.66,level_1,26
TXN-1103924,2024-06-27,Content Writing,US,IN,Writer,356.54,GBP,paypal,completed,3,4.7,False,71.31,level_1,26
TXN-1103923,2024-06-27,Translation,IL,JP,Writer,377.0,USD,credit_card,completed,3,4.4,True,75.4,new_seller,26
TXN-1103971,2024-06-27,Photography,US,ES,Designer,61.82,USD,credit_card,completed,5,3.7,True,12.36,level_1,26
TXN-1103867,2024-06-27,Social Media Management,US,US,Marketing Manager,166.04,USD,credit_card,completed,16,4.3,True,33.21,top_rated,26
TXN-1103915,2024-06-27,Legal Consulting,SG,FR,Lawyer,47.86,USD,credit_card,completed,8,4.3,True,9.57,level_2,26
TXN-1103911,2024-06-27,AI/ML Development,GB,US,Data Scientist,42.89,USD,bank_transfer,completed,21,4.8,False,8.58,level_1,26
TXN-1103909,2024-06-27,Mobile App,US,FR,Software Engineer,310.99,USD,bank_transfer,completed,16,4.2,False,62.2,level_1,26
TXN-1103908,2024-06-27,SEO/SEM,US,US,Marketing Manager,254.94,USD,bank_transfer,completed,15,4.6,False,50.99,new_seller,26
TXN-1103989,2024-06-27,Web Development,US,SG,Software Engineer,145.35,USD,credit_card,completed,22,4.7,False,29.07,level_1,26
TXN-1103982,2024-06-27,SEO/SEM,US,IN,Marketing Manager,137.62,USD,credit_card,completed,5,4.7,False,27.52,level_1,26
TXN-1103890,2024-06-27,Virtual Assistant,GB,CA,HR Manager,680.79,GBP,credit_card,completed,1,3.7,True,136.16,rising_talent,26
TXN-1103984,2024-06-27,Video Production,GB,US,Designer,77.71,USD,credit_card,completed,10,1.0,False,15.54,level_1,26
TXN-1103928,2024-06-27,Video Production,US,IN,Designer,542.24,USD,bank_transfer,completed,11,4.7,True,108.45,top_rated,26
TXN-1103907,2024-06-27,SEO/SEM,IN,MX,Marketing Manager,867.17,USD,credit_card,completed,26,4.8,True,173.43,level_2,26
TXN-1103805,2024-06-27,Financial Modeling,US,US,Accountant,680.31,USD,credit_card,completed,20,3.4,True,136.06,rising_talent,26
TXN-1103840,2024-06-27,AI/ML Development,FR,US,Data Scientist,54.74,USD,credit_card,completed,26,4.7,True,10.95,level_1,26
TXN-1103793,2024-06-27,Content Writing,US,AU,Writer,222.14,INR,credit_card,completed,4,4.8,False,44.43,level_2,26
TXN-1103790,2024-06-27,Translation,GB,NL,Writer,469.09,ILS,credit_card,completed,2,3.3,False,93.82,level_2,26
TXN-1103779,2024-06-27,Graphic Design,GB,US,Designer,21.84,USD,credit_card,completed,7,4.8,False,4.37,new_seller,26
TXN-1103778,2024-06-27,SEO/SEM,CA,IN,Marketing Manager,23.98,USD,credit_card,completed,8,4.5,False,4.8,rising_talent,26
TXN-1103775,2024-06-27,Legal Consulting,US,US,Lawyer,45.58,USD,crypto,completed,13,4.9,False,9.12,level_1,26
TXN-1103772,2024-06-27,Mobile App,DE,JP,Software Engineer,96.98,USD,paypal,completed,30,3.7,True,19.4,new_seller,26
TXN-1103770,2024-06-27,Social Media Management,US,US,Marketing Manager,216.43,USD,credit_card,completed,7,2.2,True,43.29,new_seller,26
TXN-1103768,2024-06-27,Content Writing,CA,IN,Writer,859.08,USD,paypal,completed,1,4.0,False,171.82,level_1,26
TXN-1103764,2024-06-27,Social Media Management,NL,GB,Marketing Manager,276.05,USD,credit_card,completed,6,4.3,True,55.21,top_rated,26
TXN-1103759,2024-06-27,Social Media Management,CA,US,Marketing Manager,502.01,EUR,paypal,completed,5,3.2,False,100.4,level_2,26
TXN-1103842,2024-06-27,Mobile App,CA,FR,Software Engineer,75.63,GBP,paypal,completed,30,3.5,True,15.13,level_1,26
TXN-1103747,2024-06-27,Translation,US,GB,Writer,120.62,USD,paypal,completed,4,4.7,False,24.12,level_1,26
TXN-1103746,2024-06-27,Translation,NL,SG,Writer,195.34,USD,paypal,completed,3,4.9,False,39.07,top_rated,26
TXN-1103742,2024-06-27,Content Writing,BR,US,Writer,16.72,USD,bank_transfer,completed,4,4.5,False,3.34,top_rated,26
TXN-1103739,2024-06-27,Translation,US,IN,Writer,12.92,INR,paypal,completed,4,4.6,True,2.58,rising_talent,26
TXN-1103737,2024-06-27,AI/ML Development,GB,US,Data Scientist,146.66,USD,paypal,completed,17,3.9,False,29.33,level_1,26
TXN-1103733,2024-06-27,Web Development,DE,US,Software Engineer,477.97,USD,paypal,completed,19,4.6,False,95.59,top_rated,26
TXN-1103731,2024-06-27,Virtual Assistant,IN,US,HR Manager,78.6,USD,credit_card,completed,1,5.0,False,15.72,level_2,26
TXN-1103730,2024-06-27,Virtual Assistant,IN,IN,HR Manager,160.88,USD,credit_card,completed,2,3.6,False,32.18,level_1,26
TXN-1103708,2024-06-27,SEO/SEM,GB,GB,Marketing Manager,77.02,USD,crypto,completed,8,4.3,False,15.4,level_2,26
TXN-1103702,2024-06-27,Photography,DE,US,Designer,131.11,USD,paypal,completed,5,4.0,False,26.22,level_2,26
TXN-1103701,2024-06-27,SEO/SEM,US,US,Marketing Manager,229.31,EUR,credit_card,completed,9,4.2,True,45.86,level_2,26
TXN-1103696,2024-06-27,AI/ML Development,DE,IN,Data Scientist,47.23,USD,credit_card,completed,18,4.7,False,9.45,top_rated,26
TXN-1103695,2024-06-27,Virtual Assistant,IN,GB,HR Manager,297.52,USD,credit_card,completed,3,4.2,True,59.5,level_2,26
TXN-1103677,2024-06-27,Video Production,US,BR,Designer,197.15,ILS,paypal,completed,7,3.5,True,39.43,rising_talent,26
TXN-1103668,2024-06-27,Video Production,ZA,US,Designer,87.19,USD,credit_card,completed,4,4.0,False,17.44,rising_talent,26
TXN-1103667,2024-06-27,Financial Modeling,FR,IN,Accountant,200.61,ILS,crypto,completed,10,4.7,True,40.12,top_rated,26
TXN-1103794,2024-06-27,Translation,IN,US,Writer,72.4,USD,paypal,completed,2,4.4,True,14.48,level_1,26
TXN-1103798,2024-06-27,Legal Consulting,NL,IN,Lawyer,75.2,GBP,credit_card,completed,9,3.9,False,15.04,level_2,26
TXN-1104000,2024-06-27,Data Analysis,IN,GB,Data Scientist,45.58,GBP,credit_card,completed,4,4.9,True,9.12,new_seller,26
TXN-1103834,2024-06-27,Data Analysis,IN,ES,Data Scientist,273.91,USD,paypal,completed,3,4.9,False,54.78,level_2,26
TXN-1103833,2024-06-27,Financial Modeling,NL,IN,Accountant,357.28,EUR,credit_card,completed,6,4.8,False,71.46,new_seller,26
TXN-1103832,2024-06-27,Video Production,ZA,US,Designer,77.96,USD,credit_card,completed,8,3.9,False,15.59,new_seller,26
TXN-1103804,2024-06-27,Mobile App,BR,GB,Software Engineer,56.21,USD,crypto,completed,30,3.8,False,11.24,level_2,26
TXN-1103806,2024-06-27,Data Analysis,AU,ES,Data Scientist,150.96,USD,crypto,completed,5,2.5,True,30.19,new_seller,26
TXN-1103820,2024-06-27,Content Writing,IL,US,Writer,355.43,GBP,credit_card,completed,4,4.8,True,71.09,rising_talent,26
TXN-1103876,2024-06-28,Mobile App,US,BR,Software Engineer,123.02,EUR,bank_transfer,completed,30,4.5,True,24.6,rising_talent,26
TXN-1103721,2024-06-28,Data Analysis,DE,CA,Data Scientist,800.21,USD,paypal,completed,7,4.4,False,160.04,level_1,26
TXN-1103950,2024-06-28,Mobile App,JP,FR,Software Engineer,15.38,USD,credit_card,completed,20,4.2,False,3.08,new_seller,26
TXN-1103949,2024-06-28,Virtual Assistant,US,GB,HR Manager,42.84,USD,paypal,completed,3,4.7,True,8.57,level_2,26
TXN-1103735,2024-06-28,Financial Modeling,US,IN,Accountant,27.87,USD,credit_card,completed,5,4.7,False,5.57,top_rated,26
TXN-1103939,2024-06-28,SEO/SEM,US,BR,Marketing Manager,86.27,USD,credit_card,completed,19,4.6,False,17.25,level_1,26
TXN-1103937,2024-06-28,Video Production,DE,GB,Designer,153.79,USD,credit_card,completed,6,3.2,False,30.76,level_2,26
TXN-1103931,2024-06-28,Virtual Assistant,GB,BR,HR Manager,571.4,USD,credit_card,completed,2,4.1,False,114.28,level_1,26
TXN-1103930,2024-06-28,Financial Modeling,US,IN,Accountant,84.6,USD,credit_card,completed,10,4.8,False,16.92,top_rated,26
TXN-1103822,2024-06-28,Content Writing,US,US,Writer,964.2,GBP,credit_card,completed,3,4.0,False,192.84,rising_talent,26
TXN-1103745,2024-06-28,Social Media Management,GB,US,Marketing Manager,84.46,ILS,crypto,completed,7,4.1,False,16.89,level_2,26
TXN-1103860,2024-06-28,Financial Modeling,US,US,Accountant,95.42,USD,credit_card,completed,7,4.8,False,19.08,new_seller,26
TXN-1103751,2024-06-28,Content Writing,IN,ZA,Writer,19.34,INR,paypal,cancelled,2,,False,3.87,level_2,26
TXN-1103753,2024-06-28,Music Production,IN,CA,Designer,730.05,USD,paypal,completed,10,4.8,False,146.01,level_2,26
TXN-1103801,2024-06-28,AI/ML Development,US,CA,Data Scientist,1328.79,USD,crypto,completed,16,5.0,False,265.76,level_1,26
TXN-1103960,2024-06-28,Photography,FR,BR,Designer,108.0,USD,paypal,completed,8,4.4,False,21.6,new_seller,26
TXN-1103850,2024-06-28,Virtual Assistant,US,SG,HR Manager,1833.43,USD,bank_transfer,completed,2,4.3,False,366.69,top_rated,26
TXN-1103839,2024-06-28,Photography,NL,GB,Designer,180.37,USD,credit_card,completed,10,3.3,False,36.07,level_2,26
TXN-1103999,2024-06-28,Photography,GB,GB,Designer,276.74,USD,paypal,completed,5,4.4,False,55.35,top_rated,26
TXN-1103666,2024-06-28,AI/ML Development,US,IL,Data Scientist,667.29,EUR,paypal,completed,19,4.4,True,133.46,level_1,26
TXN-1103993,2024-06-28,AI/ML Development,US,US,Data Scientist,429.63,USD,credit_card,completed,30,4.8,True,85.93,rising_talent,26
TXN-1103670,2024-06-28,Translation,AU,US,Writer,129.06,USD,credit_card,completed,4,3.6,True,25.81,level_2,26
TXN-1103990,2024-06-28,Social Media Management,US,AU,Marketing Manager,315.95,USD,credit_card,completed,8,3.2,True,63.19,level_1,26
TXN-1103671,2024-06-28,Web Development,IN,US,Software Engineer,95.9,USD,credit_card,cancelled,11,,False,19.18,rising_talent,26
TXN-1103673,2024-06-28,Translation,IL,US,Writer,24.41,USD,crypto,completed,2,4.6,False,4.88,rising_talent,26
TXN-1103961,2024-06-28,Video Production,ZA,IN,Designer,156.31,USD,paypal,completed,9,4.1,False,31.26,top_rated,26
TXN-1103674,2024-06-28,Content Writing,ZA,US,Writer,544.97,ILS,credit_card,completed,3,3.1,False,108.99,new_seller,26
TXN-1103679,2024-06-28,Social Media Management,BR,JP,Marketing Manager,71.29,USD,paypal,completed,10,4.3,True,14.26,rising_talent,26
TXN-1103981,2024-06-28,Translation,BR,US,Writer,23.6,USD,crypto,completed,2,3.7,False,4.72,level_1,26
TXN-1103683,2024-06-28,Data Analysis,BR,DE,Data Scientist,106.7,USD,crypto,completed,5,4.2,False,21.34,rising_talent,26
TXN-1103688,2024-06-28,Financial Modeling,US,JP,Accountant,115.58,USD,paypal,completed,6,4.7,False,23.12,level_2,26
TXN-1103689,2024-06-28,Content Writing,IN,DE,Writer,392.36,INR,paypal,completed,3,4.0,False,78.47,level_2,26
TXN-1103692,2024-06-28,Content Writing,US,US,Writer,203.25,USD,paypal,completed,2,4.6,False,40.65,new_seller,26
TXN-1103693,2024-06-28,SEO/SEM,DE,US,Marketing Manager,72.99,USD,paypal,completed,5,4.0,False,14.6,rising_talent,26
TXN-1103985,2024-06-28,Data Analysis,DE,MX,Data Scientist,280.23,USD,credit_card,completed,6,4.9,False,56.05,level_1,26
TXN-1103921,2024-06-28,Translation,IN,MX,Writer,169.96,USD,credit_card,completed,2,4.1,False,33.99,level_2,26
TXN-1103857,2024-06-28,Web Development,IN,IN,Software Engineer,202.3,USD,paypal,completed,12,3.6,True,40.46,top_rated,26
TXN-1103910,2024-06-28,Content Writing,FR,BR,Writer,43.54,USD,credit_card,completed,4,4.3,False,8.71,top_rated,26
TXN-1103783,2024-06-28,Legal Consulting,NL,US,Lawyer,223.78,EUR,credit_card,completed,13,4.8,False,44.76,rising_talent,26
TXN-1103765,2024-06-28,Web Development,IN,US,Software Engineer,206.41,EUR,bank_transfer,completed,17,4.0,False,41.28,level_1,26
TXN-1103773,2024-06-28,Translation,NL,FR,Writer,197.28,USD,credit_card,completed,5,4.5,False,39.46,new_seller,26
TXN-1103817,2024-06-28,Financial Modeling,US,IN,Accountant,742.51,USD,paypal,completed,19,4.1,True,148.5,level_1,26
TXN-1103769,2024-06-28,Graphic Design,US,GB,Designer,38289.15,USD,bank_transfer,completed,5,4.7,True,7657.83,level_1,26
TXN-1103864,2024-06-28,Graphic Design,FR,FR,Designer,420.54,GBP,paypal,completed,6,4.9,True,84.11,new_seller,26
TXN-1103776,2024-06-28,Virtual Assistant,BR,IN,HR Manager,92.62,GBP,credit_card,completed,3,3.9,True,18.52,level_2,26
TXN-1103913,2024-06-28,Content Writing,US,US,Writer,268.77,USD,paypal,completed,2,4.1,False,53.75,level_1,26
TXN-1103912,2024-06-28,Video Production,BR,GB,Designer,207.97,USD,credit_card,completed,5,4.8,False,41.59,rising_talent,26
TXN-1103796,2024-06-28,Music Production,US,US,Designer,81.69,USD,paypal,completed,15,4.4,True,16.34,rising_talent,26
TXN-1103815,2024-06-28,Video Production,DE,US,Designer,387.7,USD,credit_card,completed,5,4.6,False,77.54,rising_talent,26
TXN-1103898,2024-06-28,Graphic Design,US,IN,Designer,82.16,USD,credit_card,completed,4,4.3,False,16.43,level_1,26
TXN-1103900,2024-06-28,Content Writing,NL,JP,Writer,95.09,EUR,credit_card,completed,2,4.5,False,19.02,level_1,26
TXN-1103894,2024-06-28,Video Production,US,US,Designer,458.8,USD,paypal,completed,7,3.8,True,91.76,top_rated,26
TXN-1103969,2024-06-29,Translation,GB,GB,Writer,21.33,GBP,paypal,completed,3,4.5,True,4.27,rising_talent,26
TXN-1103760,2024-06-29,Photography,GB,FR,Designer,34.7,USD,credit_card,completed,9,3.7,True,6.94,new_seller,26
TXN-1103835,2024-06-29,Video Production,IN,DE,Designer,232.5,USD,credit_card,completed,5,3.6,True,46.5,level_2,26
TXN-1103893,2024-06-29,Photography,IL,GB,Designer,537.77,GBP,paypal,completed,6,1.0,False,107.55,new_seller,26
TXN-1103703,2024-06-29,Web Development,CA,FR,Software Engineer,1677.03,USD,bank_transfer,completed,16,3.0,True,335.41,rising_talent,26
TXN-1103704,2024-06-29,Legal Consulting,US,GB,Lawyer,35.52,USD,credit_card,completed,6,3.0,False,7.1,rising_talent,26
TXN-1103965,2024-06-29,Virtual Assistant,ZA,US,HR Manager,143.91,INR,paypal,completed,3,2.9,True,28.78,rising_talent,26
TXN-1103973,2024-06-29,Legal Consulting,GB,IL,Lawyer,383.67,EUR,credit_card,completed,10,4.3,True,76.73,level_1,26
TXN-1103681,2024-06-29,Music Production,GB,DE,Designer,594.76,USD,credit_card,completed,3,4.3,False,118.95,level_1,26
TXN-1103891,2024-06-29,Photography,IN,SG,Designer,272.39,USD,bank_transfer,completed,7,2.5,False,54.48,rising_talent,26
TXN-1103888,2024-06-29,Video Production,AU,US,Designer,146.91,USD,bank_transfer,completed,13,3.5,True,29.38,rising_talent,26
TXN-1103785,2024-06-29,Virtual Assistant,GB,ZA,HR Manager,107.37,USD,paypal,completed,3,3.5,False,21.47,level_1,26
TXN-1103672,2024-06-29,Mobile App,GB,ZA,Software Engineer,113.16,USD,paypal,completed,12,3.7,False,22.63,level_2,26
TXN-1103873,2024-06-29,Web Development,US,US,Software Engineer,151.89,USD,credit_card,completed,26,4.7,False,30.38,level_1,26
TXN-1103795,2024-06-29,Content Writing,IN,IN,Writer,700.48,USD,credit_card,completed,1,3.7,False,140.1,level_2,26
TXN-1103992,2024-06-29,Translation,IN,GB,Writer,347.19,EUR,credit_card,completed,5,3.8,False,69.44,rising_talent,26
TXN-1103802,2024-06-29,Graphic Design,US,IN,Designer,44.8,USD,crypto,completed,4,4.8,False,8.96,level_1,26
TXN-1103847,2024-06-29,Mobile App,US,US,Software Engineer,329.59,USD,credit_card,cancelled,14,,False,65.92,level_2,26
TXN-1103878,2024-06-29,SEO/SEM,US,GB,Marketing Manager,965.98,USD,paypal,completed,9,4.3,False,193.2,rising_talent,26
TXN-1103782,2024-06-29,SEO/SEM,US,US,Marketing Manager,100.35,EUR,credit_card,completed,10,4.7,True,20.07,level_1,26
TXN-1103714,2024-06-29,Photography,GB,IN,Designer,242.36,GBP,crypto,completed,3,4.4,False,48.47,level_1,26
TXN-1103810,2024-06-29,Translation,FR,US,Writer,87.86,USD,credit_card,completed,2,3.0,False,17.57,new_seller,26
TXN-1103722,2024-06-29,Content Writing,IN,GB,Writer,36.96,USD,credit_card,completed,2,3.7,False,7.39,top_rated,26
TXN-1103813,2024-06-29,Mobile App,IN,US,Software Engineer,1613.19,USD,paypal,completed,30,4.3,False,322.64,new_seller,26
TXN-1103934,2024-06-29,Legal Consulting,US,NL,Lawyer,106.9,EUR,credit_card,completed,11,4.5,False,21.38,top_rated,26
TXN-1103828,2024-06-29,Legal Consulting,CA,CA,Lawyer,744.04,USD,credit_card,completed,17,4.8,False,148.81,new_seller,26
TXN-1103814,2024-06-29,Data Analysis,IN,US,Data Scientist,68.94,ILS,credit_card,completed,3,4.5,False,13.79,level_1,26
TXN-1103823,2024-06-29,Graphic Design,US,FR,Designer,73.18,USD,credit_card,completed,7,4.2,True,14.64,rising_talent,26
TXN-1103944,2024-06-29,Photography,GB,CA,Designer,212.5,USD,credit_card,completed,8,3.1,False,42.5,level_2,26
TXN-1103935,2024-06-29,Photography,IN,JP,Designer,381.87,USD,paypal,completed,3,4.7,False,76.37,level_1,26
TXN-1103771,2024-06-29,Translation,BR,US,Writer,368.26,USD,paypal,completed,2,3.9,False,73.65,level_2,26
TXN-1103729,2024-06-29,Content Writing,GB,MX,Writer,147.2,USD,credit_card,completed,3,3.8,True,29.44,top_rated,26
TXN-1103748,2024-06-29,Social Media Management,US,US,Marketing Manager,207.81,USD,credit_card,completed,5,4.4,True,41.56,top_rated,26
TXN-1103947,2024-06-29,Web Development,US,ES,Software Engineer,428.08,USD,paypal,completed,14,4.8,False,85.62,top_rated,26
TXN-1103916,2024-06-29,Music Production,IN,MX,Designer,67.58,USD,bank_transfer,completed,13,2.8,False,13.52,level_2,26
TXN-1103818,2024-06-29,Social Media Management,IN,US,Marketing Manager,107.82,USD,paypal,completed,4,4.4,False,21.56,level_2,26
TXN-1103946,2024-06-29,Social Media Management,IL,BR,Marketing Manager,50.63,USD,bank_transfer,completed,9,4.6,False,10.13,new_seller,26
TXN-1103936,2024-06-29,Legal Consulting,BR,IL,Lawyer,187.35,GBP,bank_transfer,completed,18,3.2,True,37.47,rising_talent,26
TXN-1103866,2024-06-30,Translation,SG,CA,Writer,102.63,USD,credit_card,disputed,1,,True,20.53,level_2,26
TXN-1103821,2024-06-30,Legal Consulting,IN,GB,Lawyer,85.07,GBP,credit_card,completed,17,2.9,False,17.01,level_1,26
TXN-1103995,2024-06-30,Virtual Assistant,US,CA,HR Manager,12.54,USD,paypal,completed,1,4.3,False,2.51,level_1,26
TXN-1103933,2024-06-30,Content Writing,US,IN,Writer,161.06,USD,credit_card,completed,3,4.2,True,32.21,level_2,26
TXN-1103884,2024-06-30,Web Development,US,GB,Software Engineer,74.32,USD,credit_card,completed,10,3.9,False,14.86,level_1,26
TXN-1103789,2024-06-30,Video Production,GB,US,Designer,27.52,EUR,bank_transfer,completed,8,4.1,True,5.5,rising_talent,26
TXN-1103846,2024-06-30,Web Development,GB,SG,Software Engineer,1184.82,GBP,credit_card,completed,19,4.9,True,236.96,level_1,26
TXN-1103848,2024-06-30,Social Media Management,IN,CA,Marketing Manager,93.66,USD,credit_card,completed,15,3.3,True,18.73,level_2,26
TXN-1103799,2024-06-30,Financial Modeling,DE,US,Accountant,252.29,USD,credit_card,completed,8,4.7,False,50.46,rising_talent,26
TXN-1103686,2024-06-30,Virtual Assistant,GB,US,HR Manager,25.78,GBP,credit_card,completed,1,3.4,True,5.16,level_2,26
TXN-1103980,2024-06-30,Legal Consulting,US,US,Lawyer,226.63,USD,credit_card,completed,11,4.4,False,45.33,level_1,26
TXN-1103724,2024-06-30,Financial Modeling,IN,IN,Accountant,794.37,USD,bank_transfer,completed,9,4.9,True,158.87,rising_talent,26
TXN-1103726,2024-06-30,Graphic Design,ZA,US,Designer,52.47,USD,bank_transfer,completed,9,3.9,True,10.49,rising_talent,26
TXN-1103777,2024-06-30,Photography,IN,BR,Designer,450.84,USD,paypal,completed,6,4.2,True,90.17,level_1,26
TXN-1103728,2024-06-30,Social Media Management,US,US,Marketing Manager,139.38,USD,paypal,completed,3,4.7,True,27.88,level_2,26
TXN-1103897,2024-06-30,Photography,DE,FR,Designer,304.16,USD,credit_card,completed,4,3.3,False,60.83,level_2,26
TXN-1103700,2024-06-30,Web Development,US,NL,Software Engineer,102.59,USD,credit_card,completed,12,4.8,True,20.52,level_2,26
TXN-1103699,2024-06-30,Financial Modeling,NL,US,Accountant,164.87,USD,paypal,completed,11,4.3,True,32.97,level_2,26
TXN-1103889,2024-06-30,Content Writing,DE,IN,Writer,1575.28,USD,crypto,completed,4,4.6,False,315.06,level_1,26
TXN-1103896,2024-06-30,Video Production,NL,FR,Designer,258.68,USD,paypal,completed,7,4.5,False,51.74,top_rated,26
TXN-1103970,2024-06-30,Photography,US,MX,Designer,1311.11,USD,credit_card,completed,6,3.2,True,262.22,level_1,26
TXN-1103690,2024-06-30,SEO/SEM,DE,CA,Marketing Manager,48.73,EUR,credit_card,completed,15,4.9,False,9.75,rising_talent,26
TXN-1103855,2024-06-30,Web Development,DE,IN,Software Engineer,65.56,USD,credit_card,completed,12,4.9,False,13.11,top_rated,26
TXN-1103974,2024-06-30,SEO/SEM,IN,JP,Marketing Manager,86.72,USD,bank_transfer,completed,19,4.2,True,17.34,top_rated,26
TXN-1103774,2024-06-30,Graphic Design,ES,US,Designer,159.48,EUR,crypto,completed,4,4.5,False,31.9,level_2,26
TXN-1103977,2024-06-30,Web Development,US,AU,Software Engineer,59.3,USD,credit_card,completed,10,4.5,True,11.86,level_1,26
TXN-1103906,2024-06-30,Data Analysis,ES,DE,Data Scientist,687.35,EUR,credit_card,completed,8,3.7,False,137.47,rising_talent,26
TXN-1103895,2024-06-30,Data Analysis,US,IL,Data Scientist,246.93,USD,paypal,completed,8,4.6,True,49.39,level_2,26
TXN-1103922,2024-06-30,Web Development,FR,US,Software Engineer,46.65,USD,paypal,completed,10,4.5,True,9.33,level_2,26
