transaction_id,date,gig_category,seller_country,buyer_country,seller_profession,amount_usd,currency,payment_method,status,completion_days,rating,is_repeat_buyer,platform_fee_usd,seller_level,week_number
TXN-1200232,2024-07-01,Virtual Assistant,FR,IN,HR Manager,170.74,USD,credit_card,completed,1,3.9,False,34.15,level_2,27
TXN-1200038,2024-07-01,Mobile App,ZA,IN,Software Engineer,331.64,USD,paypal,completed,17,3.9,True,66.33,level_1,27
TXN-1200243,2024-07-01,Mobile App,US,FR,Software Engineer,129.84,USD,credit_card,completed,17,4.2,False,25.97,new_seller,27
TXN-1200045,2024-07-01,Graphic Design,FR,AU,Designer,163.66,USD,paypal,completed,12,4.4,True,32.73,new_seller,27
TXN-1200238,2024-07-01,Financial Modeling,IL,US,Accountant,111.05,GBP,paypal,completed,4,4.2,False,22.21,new_seller,27
TXN-1200048,2024-07-01,Music Production,ZA,IL,Designer,26.83,ILS,paypal,completed,20,4.0,True,5.37,level_1,27
TXN-1200063,2024-07-01,Translation,IN,US,Writer,151.33,USD,credit_card,completed,3,4.3,False,30.27,level_2,27
TXN-1200069,2024-07-01,Video Production,US,US,Designer,667.84,USD,credit_card,completed,7,2.8,False,133.57,level_2,27
TXN-1200073,2024-07-01,Social Media Management,IN,FR,Marketing Manager,635.89,USD,crypto,disputed,8,,False,127.18,top_rated,27
TXN-1200075,2024-07-01,Mobile App,AU,SG,Software Engineer,197.15,USD,bank_transfer,completed,25,3.9,False,39.43,top_rated,27
TXN-1200079,2024-07-01,Web Development,ES,JP,Software Engineer,584.1,ILS,credit_card,cancelled,19,,False,116.82,level_2,27
TXN-1200203,2024-07-01,Graphic Design,ZA,DE,Designer,528.03,EUR,credit_card,completed,4,4.9,True,105.61,level_2,27
TXN-1200089,2024-07-01,Translation,US,JP,Writer,250.0,USD,credit_card,completed,2,4.4,True,50.0,level_1,27
TXN-1200093,2024-07-01,Photography,IN,IN,Designer,67.12,EUR,paypal,completed,4,3.5,False,13.42,level_1,27
TXN-1200175,2024-07-01,Legal Consulting,IN,DE,Lawyer,219.7,USD,paypal,completed,13,4.5,True,43.94,level_1,27
TXN-1200102,2024-07-01,Video Production,BR,US,Designer,40.73,USD,credit_card,completed,7,3.3,False,8.15,level_2,27
TXN-1200106,2024-07-01,Graphic Design,FR,GB,Designer,37.21,USD,bank_transfer,completed,5,3.2,True,7.44,level_1,27
TXN-1200112,2024-07-01,Virtual Assistant,IN,US,HR Manager,247.01,USD,paypal,completed,1,4.9,False,49.4,level_1,27
TXN-1200153,2024-07-01,Video Production,BR,IN,Designer,194.83,USD,bank_transfer,completed,7,3.8,True,38.97,rising_talent,27
TXN-1200115,2024-07-01,Graphic Design,US,IL,Designer,96.86,USD,bank_transfer,completed,6,3.3,True,19.37,new_seller,27
TXN-1200152,2024-07-01,Music Production,GB,GB,Designer,144.01,USD,paypal,completed,14,4.8,False,28.8,level_1,27
TXN-1200148,2024-07-01,Translation,BR,MX,Writer,201.21,EUR,credit_card,completed,3,4.3,False,40.24,level_1,27
TXN-1200142,2024-07-01,SEO/SEM,US,SG,Marketing Manager,57.59,INR,credit_card,completed,4,4.6,False,11.52,new_seller,27
TXN-1200132,2024-07-01,Translation,DE,MX,Writer,63.27,USD,bank_transfer,completed,1,2.2,True,12.65,level_1,27
TXN-1200037,2024-07-01,SEO/SEM,IL,BR,Marketing Manager,39.13,USD,paypal,cancelled,5,,False,7.83,level_1,27
TXN-1200252,2024-07-01,SEO/SEM,AU,US,Marketing Manager,80.3,USD,credit_card,completed,6,2.7,False,16.06,level_2,27
TXN-1200218,2024-07-01,Content Writing,US,US,Writer,2568.66,EUR,paypal,completed,3,4.5,False,513.73,top_rated,27
TXN-1200274,2024-07-01,Financial Modeling,BR,FR,Accountant,46.9,USD,paypal,completed,7,4.3,False,9.38,level_2,27
TXN-1200283,2024-07-01,Data Analysis,MX,ZA,Data Scientist,86.14,USD,credit_card,completed,6,3.6,False,17.23,level_1,27
TXN-1200278,2024-07-01,Social Media Management,SG,GB,Marketing Manager,86.43,USD,paypal,completed,3,4.5,False,17.29,level_1,27
TXN-1200267,2024-07-01,Content Writing,US,US,Writer,412.32,USD,paypal,completed,3,3.4,False,82.46,rising_talent,27
TXN-1200284,2024-07-01,Legal Consulting,IN,SG,Lawyer,98.81,USD,credit_card,completed,20,4.8,False,19.76,level_2,27
TXN-1200266,2024-07-01,Social Media Management,US,MX,Marketing Manager,70.03,USD,credit_card,completed,13,3.8,True,14.01,top_rated,27
TXN-1200015,2024-07-01,Legal Consulting,GB,IN,Lawyer,61.56,USD,bank_transfer,completed,30,4.9,False,12.31,level_1,27
TXN-1200078,2024-07-02,SEO/SEM,JP,IN,Marketing Manager,1201.6,EUR,credit_card,completed,5,3.8,False,240.32,level_2,27
TXN-1200086,2024-07-02,Video Production,FR,DE,Designer,288.17,USD,credit_card,completed,5,4.6,False,57.63,new_seller,27
TXN-1200222,2024-07-02,Data Analysis,NL,US,Data Scientist,43.61,USD,credit_card,completed,6,4.5,False,8.72,level_2,27
TXN-1200220,2024-07-02,Financial Modeling,GB,FR,Accountant,53.82,GBP,bank_transfer,completed,7,2.9,False,10.76,new_seller,27
TXN-1200197,2024-07-02,Music Production,IN,US,Designer,179.0,GBP,paypal,completed,21,5.0,False,35.8,rising_talent,27
TXN-1200104,2024-07-02,Translation,DE,GB,Writer,79.29,USD,paypal,completed,1,4.2,False,15.86,level_2,27
TXN-1200065,2024-07-02,Web Development,IN,US,Software Engineer,49.68,USD,credit_card,completed,30,4.4,False,9.94,rising_talent,27
TXN-1200066,2024-07-02,Virtual Assistant,GB,GB,HR Manager,703.73,USD,paypal,completed,1,4.6,False,140.75,level_2,27
TXN-1200014,2024-07-02,Content Writing,US,IN,Writer,300.49,USD,paypal,completed,4,4.6,False,60.1,level_2,27
TXN-1200184,2024-07-02,Translation,FR,DE,Writer,132.06,GBP,credit_card,completed,2,3.1,False,26.41,level_1,27
TXN-1200055,2024-07-02,Video Production,AU,US,Designer,88.46,EUR,bank_transfer,completed,8,3.6,False,17.69,new_seller,27
TXN-1200017,2024-07-02,Translation,ES,US,Writer,25.09,GBP,credit_card,completed,2,4.4,False,5.02,level_1,27
TXN-1200213,2024-07-02,Data Analysis,GB,DE,Data Scientist,18.23,USD,paypal,completed,17,3.7,False,3.65,level_1,27
TXN-1200187,2024-07-02,Web Development,ZA,ZA,Software Engineer,683.37,USD,credit_card,completed,12,4.4,False,136.67,rising_talent,27
TXN-1200012,2024-07-02,Music Production,US,US,Designer,214.87,USD,credit_card,completed,10,3.3,False,42.97,level_1,27
TXN-1200214,2024-07-02,AI/ML Development,JP,IN,Data Scientist,136.51,EUR,credit_card,completed,15,4.8,False,27.3,level_1,27
TXN-1200261,2024-07-02,Translation,IL,ES,Writer,179.71,USD,credit_card,cancelled,5,,True,35.94,level_1,27
TXN-1200159,2024-07-02,Content Writing,US,GB,Writer,76.09,USD,bank_transfer,completed,3,4.8,False,15.22,level_1,27
TXN-1200041,2024-07-02,SEO/SEM,US,US,Marketing Manager,198.28,USD,credit_card,completed,6,4.5,False,39.66,level_1,27
TXN-1200287,2024-07-02,Virtual Assistant,NL,FR,HR Manager,629.26,USD,credit_card,completed,1,4.6,False,125.85,level_2,27
TXN-1200137,2024-07-02,Virtual Assistant,IL,IN,HR Manager,255.49,USD,credit_card,completed,4,3.9,False,51.1,level_2,27
TXN-1200032,2024-07-02,Social Media Management,US,IN,Marketing Manager,404.35,ILS,bank_transfer,completed,6,4.3,True,80.87,level_1,27
TXN-1200026,2024-07-02,Photography,US,BR,Designer,1184.37,ILS,credit_card,completed,4,4.2,True,236.87,level_1,27
TXN-1200286,2024-07-02,Data Analysis,IN,US,Data Scientist,40.32,USD,paypal,completed,11,3.2,False,8.06,rising_talent,27
TXN-1200244,2024-07-02,Web Development,BR,CA,Software Engineer,106.59,USD,paypal,completed,17,4.1,False,21.32,top_rated,27
TXN-1200007,2024-07-02,Web Development,IN,GB,Software Engineer,151.23,EUR,credit_card,completed,7,3.5,True,30.25,level_1,27
TXN-1200122,2024-07-02,Content Writing,BR,NL,Writer,62.08,ILS,credit_card,completed,1,3.7,False,12.42,rising_talent,27
TXN-1200240,2024-07-02,Video Production,US,IN,Designer,151.21,USD,credit_card,completed,3,3.6,False,30.24,level_1,27
TXN-1200200,2024-07-02,AI/ML Development,AU,FR,Data Scientist,89.47,GBP,credit_card,completed,17,4.3,False,17.89,level_1,27
TXN-1200021,2024-07-02,Photography,GB,US,Designer,398.94,GBP,credit_card,completed,4,4.4,False,79.79,new_seller,27
TXN-1200235,2024-07-02,Graphic Design,BR,US,Designer,24.04,USD,paypal,completed,11,4.1,False,4.81,level_1,27
TXN-1200145,2024-07-02,AI/ML Development,SG,US,Data Scientist,104.48,ILS,paypal,cancelled,24,,True,20.9,top_rated,27
TXN-1200174,2024-07-03,AI/ML Development,US,US,Data Scientist,50.36,EUR,credit_card,completed,15,4.7,True,10.07,level_2,27
TXN-1200013,2024-07-03,Social Media Management,US,US,Marketing Manager,618.04,USD,paypal,completed,5,4.0,False,123.61,level_2,27
TXN-1200006,2024-07-03,Graphic Design,CA,IN,Designer,493.24,USD,credit_card,completed,4,4.8,False,98.65,new_seller,27
TXN-1200196,2024-07-03,Virtual Assistant,GB,US,HR Manager,20.46,USD,bank_transfer,completed,2,4.8,False,4.09,level_1,27
TXN-1200138,2024-07-03,Content Writing,MX,ZA,Writer,330.85,USD,crypto,completed,6,3.9,True,66.17,rising_talent,27
TXN-1200092,2024-07-03,Social Media Management,US,US,Marketing Manager,51.91,USD,crypto,completed,4,4.4,False,10.38,top_rated,27
TXN-1200158,2024-07-03,SEO/SEM,ZA,US,Marketing Manager,315.92,USD,bank_transfer,completed,8,4.8,False,63.18,new_seller,27
TXN-1200149,2024-07-03,Music Production,FR,GB,Designer,328.32,USD,bank_transfer,completed,7,2.6,True,65.66,new_seller,27
TXN-1200139,2024-07-03,Legal Consulting,IL,US,Lawyer,551.16,USD,paypal,completed,12,4.3,False,110.23,top_rated,27
TXN-1200164,2024-07-03,Music Production,IN,JP,Designer,71.77,ILS,credit_card,completed,4,4.9,False,14.35,rising_talent,27
TXN-1200166,2024-07-03,Legal Consulting,FR,IN,Lawyer,55.77,USD,credit_card,completed,12,3.7,False,11.15,new_seller,27
TXN-1200125,2024-07-03,Graphic Design,DE,US,Designer,6.51,USD,paypal,completed,5,4.1,False,1.3,level_2,27
TXN-1200124,2024-07-03,Music Production,US,GB,Designer,63.25,GBP,credit_card,completed,12,4.6,True,12.65,level_2,27
TXN-1200180,2024-07-03,Music Production,NL,DE,Designer,1351.62,USD,paypal,completed,13,3.5,False,270.32,top_rated,27
TXN-1200119,2024-07-03,Music Production,MX,BR,Designer,351.67,USD,credit_card,completed,15,3.9,False,70.33,level_1,27
TXN-1200123,2024-07-03,Social Media Management,GB,IN,Marketing Manager,110.26,USD,bank_transfer,completed,5,4.5,False,22.05,new_seller,27
TXN-1200178,2024-07-03,AI/ML Development,GB,ZA,Data Scientist,65.02,USD,credit_card,completed,26,4.4,False,13.0,level_1,27
TXN-1200011,2024-07-03,Music Production,US,AU,Designer,83.9,USD,bank_transfer,completed,12,3.2,True,16.78,level_2,27
TXN-1200004,2024-07-03,Music Production,IN,US,Designer,1287.95,USD,credit_card,completed,10,3.8,True,257.59,level_2,27
TXN-1200189,2024-07-03,Content Writing,IN,US,Writer,117.11,USD,crypto,completed,1,4.7,True,23.42,level_2,27
TXN-1200155,2024-07-03,Photography,IL,NL,Designer,15.19,USD,paypal,completed,3,4.9,False,3.04,top_rated,27
TXN-1200205,2024-07-03,Video Production,GB,US,Designer,6.13,USD,paypal,completed,8,3.5,False,1.23,level_1,27
TXN-1200085,2024-07-03,Video Production,IN,ES,Designer,850.57,GBP,paypal,completed,8,4.7,False,170.11,level_2,27
TXN-1200258,2024-07-03,Social Media Management,US,IN,Marketing Manager,8.85,USD,bank_transfer,completed,9,4.1,False,1.77,level_1,27
TXN-1200248,2024-07-03,Music Production,DE,MX,Designer,189.69,USD,paypal,completed,13,4.2,False,37.94,top_rated,27
TXN-1200247,2024-07-03,Virtual Assistant,US,US,HR Manager,108.51,USD,paypal,completed,3,3.3,True,21.7,new_seller,27
TXN-1200271,2024-07-03,AI/ML Development,FR,US,Data Scientist,64.08,USD,credit_card,completed,8,4.5,True,12.82,level_1,27
TXN-1200040,2024-07-03,Photography,DE,ZA,Designer,2028.49,GBP,paypal,completed,3,4.1,True,405.7,new_seller,27
TXN-1200275,2024-07-03,Content Writing,JP,GB,Writer,165.38,USD,bank_transfer,completed,2,4.5,False,33.08,level_2,27
TXN-1200239,2024-07-03,Web Development,GB,ES,Software Engineer,40.68,USD,credit_card,completed,8,4.2,True,8.14,new_seller,27
TXN-1200052,2024-07-03,Music Production,BR,GB,Designer,3626.94,USD,bank_transfer,completed,11,4.6,True,725.39,level_1,27
TXN-1200053,2024-07-03,Video Production,DE,BR,Designer,1240.03,GBP,credit_card,completed,6,3.8,False,248.01,top_rated,27
TXN-1200231,2024-07-03,Web Development,ES,US,Software Engineer,86.34,USD,bank_transfer,completed,21,4.8,False,17.27,rising_talent,27
TXN-1200087,2024-07-03,Photography,IN,NL,Designer,41.21,USD,paypal,completed,3,4.3,False,8.24,level_1,27
TXN-1200226,2024-07-03,Mobile App,US,IN,Software Engineer,430.77,USD,paypal,completed,30,3.9,True,86.15,new_seller,27
TXN-1200062,2024-07-03,Legal Consulting,NL,JP,Lawyer,79.28,EUR,credit_card,disputed,17,,True,15.86,rising_talent,27
TXN-1200019,2024-07-03,Photography,US,IN,Designer,529.78,USD,paypal,completed,5,4.7,False,105.96,level_2,27
TXN-1200230,2024-07-03,Social Media Management,AU,FR,Marketing Manager,896.49,USD,bank_transfer,completed,5,3.5,True,179.3,level_2,27
TXN-1200201,2024-07-03,Translation,GB,SG,Writer,78.66,USD,paypal,completed,2,4.7,True,15.73,level_2,27
TXN-1200064,2024-07-03,Legal Consulting,SG,US,Lawyer,43.04,USD,credit_card,completed,20,3.9,True,8.61,top_rated,27
TXN-1200136,2024-07-03,Graphic Design,SG,FR,Designer,1125.66,USD,credit_card,completed,2,3.8,False,225.13,level_2,27
TXN-1200212,2024-07-03,Mobile App,MX,US,Software Engineer,116.72,USD,paypal,completed,24,3.9,True,23.34,level_2,27
TXN-1200216,2024-07-03,SEO/SEM,GB,US,Marketing Manager,69.69,EUR,credit_card,completed,5,3.5,False,13.94,level_2,27
TXN-1200071,2024-07-03,Data Analysis,US,FR,Data Scientist,889.74,USD,paypal,completed,5,4.1,True,177.95,level_2,27
TXN-1200072,2024-07-03,Translation,MX,CA,Writer,29.29,USD,credit_card,completed,4,4.9,False,5.86,level_2,27
TXN-1200173,2024-07-04,Web Development,US,IN,Software Engineer,101.38,USD,credit_card,completed,23,4.7,False,20.28,level_1,27
TXN-1200210,2024-07-04,SEO/SEM,AU,CA,Marketing Manager,182.67,USD,paypal,completed,11,4.3,False,36.53,new_seller,27
TXN-1200144,2024-07-04,Virtual Assistant,IL,GB,HR Manager,614.11,USD,credit_card,completed,1,4.0,True,122.82,rising_talent,27
TXN-1200140,2024-07-04,Virtual Assistant,DE,US,HR Manager,147.4,ILS,credit_card,cancelled,4,,False,29.48,level_2,27
TXN-1200242,2024-07-04,Mobile App,DE,IN,Software Engineer,212.11,USD,paypal,completed,10,4.7,False,42.42,level_2,27
TXN-1200202,2024-07-04,AI/ML Development,GB,NL,Data Scientist,835.24,USD,crypto,cancelled,7,,False,167.05,rising_talent,27
TXN-1200253,2024-07-04,Music Production,IN,ZA,Designer,160.86,USD,credit_card,completed,19,3.8,False,32.17,level_1,27
TXN-1200256,2024-07-04,SEO/SEM,MX,BR,Marketing Manager,81.61,USD,credit_card,completed,12,4.8,True,16.32,rising_talent,27
TXN-1200208,2024-07-04,Social Media Management,JP,GB,Marketing Manager,162.94,USD,paypal,completed,3,3.6,False,32.59,level_2,27
TXN-1200241,2024-07-04,Video Production,AU,US,Designer,326.59,USD,credit_card,completed,8,4.9,True,65.32,new_seller,27
TXN-1200277,2024-07-04,Graphic Design,GB,JP,Designer,80.54,INR,credit_card,completed,2,4.7,False,16.11,new_seller,27
TXN-1200281,2024-07-04,Graphic Design,DE,FR,Designer,558.68,USD,paypal,cancelled,5,,False,111.74,level_2,27
TXN-1200236,2024-07-04,Video Production,US,US,Designer,104.19,USD,credit_card,cancelled,4,,False,20.84,level_2,27
TXN-1200150,2024-07-04,Graphic Design,US,US,Designer,192.58,ILS,bank_transfer,completed,3,4.9,False,38.52,level_1,27
TXN-1200285,2024-07-04,Translation,US,US,Writer,2464.16,USD,credit_card,completed,3,4.6,False,492.83,rising_talent,27
TXN-1200234,2024-07-04,AI/ML Development,ZA,SG,Data Scientist,642.92,USD,bank_transfer,completed,27,4.1,False,128.58,new_seller,27
TXN-1200183,2024-07-04,Video Production,US,SG,Designer,77.46,USD,paypal,completed,9,4.6,True,15.49,top_rated,27
TXN-1200229,2024-07-04,Graphic Design,FR,GB,Designer,198.0,USD,paypal,cancelled,4,,False,39.6,level_1,27
TXN-1200227,2024-07-04,Financial Modeling,SG,IN,Accountant,918.62,ILS,paypal,completed,11,4.3,False,183.72,level_1,27
TXN-1200169,2024-07-04,Translation,US,DE,Writer,131.38,USD,credit_card,completed,5,3.9,True,26.28,rising_talent,27
TXN-1200282,2024-07-04,Video Production,FR,IN,Designer,108.86,USD,bank_transfer,completed,6,4.5,False,21.77,level_1,27
TXN-1200188,2024-07-04,Content Writing,DE,US,Writer,120.59,USD,credit_card,completed,1,4.1,False,24.12,level_1,27
TXN-1200135,2024-07-04,Financial Modeling,FR,US,Accountant,328.72,USD,credit_card,completed,14,4.4,False,65.74,new_seller,27
TXN-1200001,2024-07-04,Social Media Management,DE,US,Marketing Manager,575.18,USD,credit_card,completed,7,4.1,False,115.04,level_2,27
TXN-1200109,2024-07-04,Graphic Design,FR,BR,Designer,400.52,USD,bank_transfer,completed,4,3.9,False,80.1,level_2,27
TXN-1200068,2024-07-04,Legal Consulting,IN,AU,Lawyer,145.59,USD,bank_transfer,completed,13,5.0,False,29.12,top_rated,27
TXN-1200108,2024-07-04,Web Development,US,US,Software Engineer,185.52,USD,credit_card,completed,16,4.8,False,37.1,rising_talent,27
TXN-1200070,2024-07-04,Photography,IN,US,Designer,260.17,USD,paypal,completed,1,4.9,False,52.03,level_1,27
TXN-1200023,2024-07-04,Social Media Management,US,IN,Marketing Manager,477.26,INR,bank_transfer,completed,7,4.9,False,95.45,rising_talent,27
TXN-1200077,2024-07-04,Mobile App,US,IN,Software Engineer,357.9,USD,crypto,completed,30,4.9,False,71.58,level_1,27
TXN-1200005,2024-07-04,Graphic Design,BR,FR,Designer,18.9,USD,credit_card,completed,5,4.8,False,3.78,top_rated,27
TXN-1200099,2024-07-04,Graphic Design,IN,ZA,Designer,5.02,ILS,paypal,completed,7,4.3,True,1.0,level_1,27
TXN-1200046,2024-07-04,Legal Consulting,FR,US,Lawyer,25.07,USD,credit_card,completed,14,4.7,True,5.01,new_seller,27
TXN-1200043,2024-07-04,Web Development,US,IN,Software Engineer,17.03,USD,credit_card,completed,30,3.2,True,3.41,top_rated,27
TXN-1200039,2024-07-04,Translation,SG,IN,Writer,29.48,USD,credit_card,completed,4,4.0,False,5.9,rising_talent,27
TXN-1200036,2024-07-04,Data Analysis,IN,US,Data Scientist,76.77,EUR,credit_card,completed,4,2.6,True,15.35,level_2,27
TXN-1200107,2024-07-04,Photography,US,BR,Designer,680.09,USD,credit_card,completed,3,4.1,True,136.02,level_1,27
TXN-1200098,2024-07-04,Social Media Management,ZA,ES,Marketing Manager,139.94,USD,paypal,cancelled,7,,False,27.99,top_rated,27
TXN-1200034,2024-07-04,Virtual Assistant,GB,US,HR Manager,52.56,EUR,credit_card,completed,2,4.6,False,10.51,level_1,27
TXN-1200008,2024-07-04,Graphic Design,GB,CA,Designer,394.71,USD,paypal,completed,5,4.2,False,78.94,level_2,27
TXN-1200120,2024-07-04,Photography,US,SG,Designer,158.42,USD,paypal,completed,4,4.4,True,31.68,level_1,27
TXN-1200033,2024-07-04,Photography,AU,US,Designer,50.27,EUR,paypal,completed,3,3.2,False,10.05,rising_talent,27
TXN-1200121,2024-07-04,Music Production,ES,IN,Designer,24.17,USD,credit_card,completed,13,3.8,True,4.83,rising_talent,27
TXN-1200090,2024-07-04,Social Media Management,US,US,Marketing Manager,341.1,USD,bank_transfer,completed,85,3.9,True,68.22,level_2,27
TXN-1200126,2024-07-04,Content Writing,ZA,NL,Writer,109.21,EUR,paypal,completed,2,4.3,False,21.84,level_1,27
TXN-1200130,2024-07-04,Graphic Design,US,US,Designer,294.51,USD,credit_card,completed,5,4.8,False,58.9,new_seller,27
TXN-1200097,2024-07-04,AI/ML Development,US,US,Data Scientist,208.2,USD,credit_card,completed,19,4.1,True,41.64,rising_talent,27
TXN-1200094,2024-07-04,Financial Modeling,US,GB,Accountant,412.36,USD,paypal,completed,13,4.0,False,82.47,rising_talent,27
TXN-1200088,2024-07-04,Photography,DE,ES,Designer,101.66,USD,credit_card,completed,2,3.9,False,20.33,new_seller,27
TXN-1200134,2024-07-04,Social Media Management,IL,SG,Marketing Manager,90.43,USD,bank_transfer,completed,7,3.6,False,18.09,level_1,27
TXN-1200206,2024-07-05,AI/ML Development,FR,FR,Data Scientist,62.41,USD,paypal,disputed,30,,False,12.48,rising_talent,27
TXN-1200217,2024-07-05,Data Analysis,US,US,Data Scientist,116.61,USD,credit_card,completed,8,4.8,False,23.32,level_1,27
TXN-1200215,2024-07-05,Social Media Management,US,ES,Marketing Manager,113.8,USD,paypal,completed,6,4.7,False,22.76,level_1,27
TXN-1200209,2024-07-05,Translation,IN,SG,Writer,80.36,USD,credit_card,completed,4,4.6,False,16.07,top_rated,27
TXN-1200082,2024-07-05,AI/ML Development,IN,US,Data Scientist,262.8,USD,bank_transfer,completed,24,4.6,False,52.56,rising_talent,27
TXN-1200080,2024-07-05,Content Writing,FR,GB,Writer,1438.89,USD,credit_card,completed,1,3.7,True,287.78,rising_talent,27
TXN-1200276,2024-07-05,Legal Consulting,CA,US,Lawyer,487.29,USD,paypal,completed,10,4.9,True,97.46,rising_talent,27
TXN-1200084,2024-07-05,Data Analysis,ES,GB,Data Scientist,26.65,USD,credit_card,completed,5,4.4,False,5.33,new_seller,27
TXN-1200207,2024-07-05,SEO/SEM,MX,ZA,Marketing Manager,728.52,USD,credit_card,completed,15,4.5,False,145.7,level_2,27
TXN-1200133,2024-07-05,Photography,ES,IN,Designer,88.55,USD,credit_card,completed,1,4.2,False,17.71,level_2,27
TXN-1200223,2024-07-05,AI/ML Development,AU,DE,Data Scientist,78.39,USD,paypal,disputed,11,,False,15.68,level_1,27
TXN-1200028,2024-07-05,Data Analysis,IN,US,Data Scientist,154.44,USD,credit_card,completed,7,4.6,False,30.89,rising_talent,27
TXN-1200029,2024-07-05,Virtual Assistant,GB,US,HR Manager,126.79,USD,paypal,completed,2,4.2,False,25.36,level_1,27
TXN-1200030,2024-07-05,Content Writing,US,BR,Writer,127.8,USD,paypal,completed,3,3.3,True,25.56,level_2,27
TXN-1200255,2024-07-05,Data Analysis,US,FR,Data Scientist,183.89,USD,paypal,completed,3,3.0,False,36.78,level_1,27
TXN-1200254,2024-07-05,Financial Modeling,GB,NL,Accountant,42.37,USD,crypto,in_progress,7,,True,8.47,top_rated,27
TXN-1200264,2024-07-05,Financial Modeling,IN,FR,Accountant,361.08,USD,credit_card,completed,8,2.7,False,72.22,level_2,27
TXN-1200251,2024-07-05,Data Analysis,NL,ZA,Data Scientist,225.67,USD,paypal,completed,9,4.6,True,45.13,rising_talent,27
TXN-1200265,2024-07-05,Data Analysis,BR,AU,Data Scientist,174.84,USD,paypal,completed,8,4.8,True,34.97,rising_talent,27
TXN-1200027,2024-07-05,Legal Consulting,CA,DE,Lawyer,117.0,EUR,credit_card,completed,11,4.9,True,23.4,top_rated,27
TXN-1200246,2024-07-05,Video Production,MX,IN,Designer,682.46,GBP,paypal,completed,8,4.6,True,136.49,level_2,27
TXN-1200044,2024-07-05,Video Production,ES,IL,Designer,402.65,EUR,credit_card,completed,4,2.8,True,80.53,level_2,27
TXN-1200047,2024-07-05,AI/ML Development,MX,BR,Data Scientist,504.64,EUR,credit_card,completed,19,3.6,False,100.93,level_2,27
TXN-1200237,2024-07-05,Photography,US,US,Designer,893.1,USD,credit_card,completed,3,4.6,True,178.62,new_seller,27
TXN-1200051,2024-07-05,Financial Modeling,ES,DE,Accountant,353.37,USD,credit_card,completed,13,4.3,False,70.67,top_rated,27
TXN-1200269,2024-07-05,Graphic Design,US,US,Designer,487.51,ILS,crypto,completed,3,3.0,False,97.5,new_seller,27
TXN-1200091,2024-07-05,Translation,SG,JP,Writer,412.09,USD,credit_card,completed,2,3.9,True,82.42,level_2,27
TXN-1200057,2024-07-05,Web Development,IN,GB,Software Engineer,70.81,USD,credit_card,completed,14,3.3,False,14.16,level_1,27
TXN-1200228,2024-07-05,Virtual Assistant,FR,JP,HR Manager,281.44,USD,credit_card,completed,1,4.6,True,56.29,rising_talent,27
TXN-1200058,2024-07-05,Social Media Management,FR,IN,Marketing Manager,193.23,ILS,bank_transfer,completed,7,4.0,False,38.65,level_2,27
TXN-1200273,2024-07-05,Virtual Assistant,US,BR,HR Manager,765.17,USD,credit_card,completed,2,4.7,True,153.03,level_2,27
TXN-1200194,2024-07-05,SEO/SEM,IN,US,Marketing Manager,45.15,ILS,credit_card,completed,8,3.7,True,9.03,new_seller,27
TXN-1200263,2024-07-05,Video Production,US,GB,Designer,297.94,USD,paypal,completed,6,3.1,False,59.59,level_1,27
TXN-1200165,2024-07-05,Web Development,US,US,Software Engineer,228.7,USD,paypal,completed,10,4.8,True,45.74,level_2,27
TXN-1200163,2024-07-05,Legal Consulting,CA,GB,Lawyer,122.69,USD,credit_card,completed,13,4.1,True,24.54,new_seller,27
TXN-1200193,2024-07-05,Web Development,US,CA,Software Engineer,169.96,USD,credit_card,completed,10,4.4,False,33.99,top_rated,27
TXN-1200167,2024-07-05,Graphic Design,US,US,Designer,863.11,GBP,credit_card,completed,10,4.6,False,172.62,new_seller,27
TXN-1200168,2024-07-05,Virtual Assistant,GB,AU,HR Manager,71.69,USD,paypal,completed,2,3.8,False,14.34,level_1,27
TXN-1200170,2024-07-05,Virtual Assistant,US,US,HR Manager,100.7,USD,credit_card,completed,1,3.6,True,20.14,new_seller,27
TXN-1200114,2024-07-05,Financial Modeling,US,IL,Accountant,49.04,USD,credit_card,completed,22,4.3,False,9.81,level_2,27
TXN-1200171,2024-07-05,Content Writing,US,DE,Writer,378.35,EUR,credit_card,completed,2,4.6,False,75.67,top_rated,27
TXN-1200105,2024-07-05,Legal Consulting,IN,GB,Lawyer,65.38,ILS,bank_transfer,completed,6,4.4,False,13.08,level_2,27
TXN-1200103,2024-07-05,Web Development,US,US,Software Engineer,134.43,USD,credit_card,completed,13,3.8,False,26.89,level_2,27
TXN-1200162,2024-07-05,Virtual Assistant,IN,US,HR Manager,179.6,ILS,bank_transfer,completed,1,4.6,True,35.92,level_1,27
TXN-1200176,2024-07-05,Photography,IN,US,Designer,274.6,EUR,credit_card,completed,10,4.2,False,54.92,level_2,27
TXN-1200177,2024-07-05,AI/ML Development,BR,US,Data Scientist,896.42,GBP,credit_card,completed,30,2.9,True,179.28,new_seller,27
TXN-1200117,2024-07-05,Photography,CA,GB,Designer,134.88,GBP,bank_transfer,completed,2,4.7,True,26.98,new_seller,27
TXN-1200101,2024-07-05,Mobile App,US,US,Software Engineer,146.64,ILS,credit_card,completed,11,3.5,False,29.33,new_seller,27
TXN-1200143,2024-07-05,Content Writing,US,IN,Writer,1236.46,USD,credit_card,completed,1,4.7,False,247.29,level_2,27
TXN-1200127,2024-07-05,Social Media Management,US,SG,Marketing Manager,366.16,GBP,credit_card,completed,14,3.9,False,73.23,rising_talent,27
TXN-1200192,2024-07-05,Financial Modeling,GB,NL,Accountant,233.81,USD,credit_card,completed,10,4.7,True,46.76,level_1,27
TXN-1200186,2024-07-05,Music Production,GB,MX,Designer,240.73,ILS,credit_card,completed,15,3.4,False,48.15,rising_talent,27
TXN-1200280,2024-07-05,Mobile App,GB,US,Software Engineer,179.23,USD,credit_card,cancelled,16,,True,35.85,new_seller,27
TXN-1200190,2024-07-05,Video Production,IL,US,Designer,126.03,USD,credit_card,completed,4,2.8,False,25.21,level_2,27
TXN-1200250,2024-07-06,Content Writing,US,IL,Writer,193.55,GBP,paypal,completed,1,4.8,False,38.71,level_2,27
TXN-1200003,2024-07-06,Video Production,US,MX,Designer,166.22,USD,credit_card,completed,11,3.7,False,33.24,top_rated,27
TXN-1200111,2024-07-06,SEO/SEM,ZA,US,Marketing Manager,339.11,EUR,paypal,completed,10,4.3,False,67.82,level_2,27
TXN-1200157,2024-07-06,Photography,US,US,Designer,15.51,USD,paypal,completed,5,3.8,False,3.1,top_rated,27
TXN-1200131,2024-07-06,Legal Consulting,MX,BR,Lawyer,27.07,USD,paypal,completed,16,4.3,False,5.41,rising_talent,27
TXN-1200260,2024-07-06,Web Development,US,US,Software Engineer,144.34,GBP,credit_card,completed,6,3.8,True,28.87,rising_talent,27
TXN-1200259,2024-07-06,Translation,US,BR,Writer,91.45,USD,paypal,completed,3,4.5,False,18.29,rising_talent,27
TXN-1200156,2024-07-06,Social Media Management,BR,BR,Marketing Manager,26.76,USD,credit_card,completed,5,1.0,False,5.35,level_1,27
TXN-1200042,2024-07-06,Financial Modeling,IN,US,Accountant,353.98,USD,credit_card,completed,7,4.3,False,70.8,level_1,27
TXN-1200154,2024-07-06,Translation,IL,US,Writer,202.95,USD,bank_transfer,completed,3,4.8,False,40.59,level_1,27
TXN-1200147,2024-07-06,Music Production,GB,IL,Designer,343.51,USD,paypal,completed,10,4.6,False,68.7,level_1,27
TXN-1200245,2024-07-06,Mobile App,US,SG,Software Engineer,240.81,USD,paypal,completed,30,4.6,False,48.16,rising_talent,27
TXN-1200116,2024-07-06,Financial Modeling,BR,IN,Accountant,279.54,USD,credit_card,completed,6,4.1,True,55.91,rising_talent,27
TXN-1200128,2024-07-06,SEO/SEM,GB,IN,Marketing Manager,68.74,EUR,credit_card,completed,6,2.9,True,13.75,top_rated,27
TXN-1200257,2024-07-06,Music Production,GB,US,Designer,162.73,GBP,credit_card,completed,21,3.7,False,32.55,level_2,27
TXN-1200141,2024-07-06,Data Analysis,BR,BR,Data Scientist,226.83,USD,bank_transfer,completed,8,4.7,True,45.37,level_1,27
TXN-1200151,2024-07-06,Data Analysis,IN,US,Data Scientist,276.62,USD,bank_transfer,completed,6,3.5,True,55.32,level_2,27
TXN-1200288,2024-07-06,AI/ML Development,US,US,Data Scientist,275.79,USD,paypal,completed,15,4.8,False,55.16,new_seller,27
TXN-1200113,2024-07-06,Legal Consulting,CA,ZA,Lawyer,216.52,USD,credit_card,completed,23,3.6,False,43.3,rising_talent,27
TXN-1200161,2024-07-06,Graphic Design,US,US,Designer,334.46,USD,paypal,completed,6,4.3,True,66.89,new_seller,27
TXN-1200020,2024-07-06,Virtual Assistant,ES,ES,HR Manager,1538.3,USD,bank_transfer,completed,2,2.4,False,307.66,level_2,27
TXN-1200050,2024-07-06,Social Media Management,IN,US,Marketing Manager,350.23,USD,credit_card,completed,9,3.9,True,70.05,top_rated,27
TXN-1200198,2024-07-06,Translation,US,MX,Writer,74.24,USD,credit_card,completed,4,3.8,True,14.85,level_2,27
TXN-1200262,2024-07-06,Web Development,US,DE,Software Engineer,177.77,USD,credit_card,completed,8,4.3,False,35.55,level_1,27
TXN-1200083,2024-07-06,SEO/SEM,US,NL,Marketing Manager,16.27,USD,credit_card,completed,18,3.6,False,3.25,level_1,27
TXN-1200022,2024-07-06,Music Production,ZA,GB,Designer,148.21,USD,credit_card,completed,12,4.1,True,29.64,level_1,27
TXN-1200185,2024-07-06,Financial Modeling,BR,IN,Accountant,77.58,USD,bank_transfer,completed,21,3.1,False,15.52,level_2,27
TXN-1200181,2024-07-06,Web Development,CA,US,Software Engineer,649.7,USD,credit_card,completed,6,4.4,False,129.94,rising_talent,27
TXN-1200025,2024-07-06,Social Media Management,AU,US,Marketing Manager,26.42,USD,crypto,completed,3,4.5,False,5.28,level_1,27
TXN-1200211,2024-07-06,Legal Consulting,US,FR,Lawyer,124.16,USD,paypal,completed,10,4.5,False,24.83,level_1,27
TXN-1200074,2024-07-06,Mobile App,IN,IN,Software Engineer,72.92,USD,credit_card,completed,30,4.2,False,14.58,rising_talent,27
TXN-1200100,2024-07-06,Content Writing,US,DE,Writer,356.24,USD,paypal,completed,2,3.5,True,71.25,rising_talent,27
TXN-1200061,2024-07-06,Translation,FR,US,Writer,593.69,USD,credit_card,completed,3,3.4,False,118.74,level_2,27
TXN-1200024,2024-07-06,Video Production,FR,US,Designer,28.1,USD,credit_card,completed,5,4.1,False,5.62,level_2,27
TXN-1200224,2024-07-06,SEO/SEM,BR,US,Marketing Manager,884.84,EUR,credit_card,completed,13,4.3,False,176.97,top_rated,27
TXN-1200225,2024-07-06,Music Production,US,FR,Designer,306.2,EUR,paypal,completed,9,4.1,True,61.24,level_1,27
TXN-1200059,2024-07-06,Video Production,US,US,Designer,9.78,USD,paypal,cancelled,4,,False,1.96,level_2,27
TXN-1200233,2024-07-06,Legal Consulting,US,NL,Lawyer,350.43,INR,paypal,completed,17,3.5,False,70.09,level_1,27
TXN-1200219,2024-07-06,Photography,US,GB,Designer,16.28,USD,credit_card,completed,8,3.9,False,3.26,rising_talent,27
TXN-1200272,2024-07-07,Content Writing,SG,IN,Writer,153.14,USD,credit_card,completed,2,4.4,False,30.63,new_seller,27
TXN-1200002,2024-07-07,Social Media Management,IN,SG,Marketing Manager,495.26,EUR,paypal,completed,3,4.6,False,99.05,rising_talent,27
TXN-1200009,2024-07-07,SEO/SEM,GB,US,Marketing Manager,473.45,USD,paypal,completed,6,4.2,False,94.69,level_1,27
TXN-1200010,2024-07-07,Data Analysis,US,IN,Data Scientist,73.27,USD,bank_transfer,completed,4,1.0,False,14.65,level_2,27
TXN-1200016,2024-07-07,Music Production,GB,AU,Designer,32.9,USD,credit_card,completed,10,4.4,False,6.58,level_2,27
TXN-1200270,2024-07-07,Virtual Assistant,GB,SG,HR Manager,1600.87,USD,crypto,completed,1,4.6,False,320.17,level_1,27
TXN-1200268,2024-07-07,Virtual Assistant,JP,IN,HR Manager,82.6,USD,paypal,completed,1,3.8,False,16.52,new_seller,27
TXN-1200279,2024-07-07,Graphic Design,DE,US,Designer,56.6,USD,credit_card,completed,5,4.7,False,11.32,level_1,27
TXN-1200018,2024-07-07,Social Media Management,US,IN,Marketing Manager,176.04,USD,credit_card,completed,5,3.5,True,35.21,level_1,27
TXN-1200249,2024-07-07,Mobile App,ES,ZA,Software Engineer,261.97,USD,bank_transfer,completed,9,3.6,False,52.39,level_2,27
TXN-1200182,2024-07-07,Video Production,FR,US,Designer,338.39,USD,paypal,completed,4,4.7,True,67.68,rising_talent,27
TXN-1200031,2024-07-07,Social Media Management,IN,US,Marketing Manager,103.99,ILS,credit_card,completed,7,4.8,True,20.8,rising_talent,27
TXN-1200146,2024-07-07,Video Production,US,GB,Designer,143.8,USD,credit_card,completed,4,4.3,False,28.76,level_2,27
TXN-1200118,2024-07-07,Mobile App,CA,NL,Software Engineer,624.34,USD,credit_card,completed,4,4.7,True,124.87,level_1,27
TXN-1200110,2024-07-07,AI/ML Development,MX,BR,Data Scientist,175.77,USD,credit_card,completed,26,4.6,False,35.15,level_1,27
TXN-1200160,2024-07-07,Graphic Design,US,US,Designer,120.13,USD,credit_card,completed,4,2.8,False,24.03,level_2,27
TXN-1200172,2024-07-07,Content Writing,US,DE,Writer,131.5,USD,credit_card,completed,4,3.4,False,26.3,top_rated,27
TXN-1200179,2024-07-07,AI/ML Development,GB,ES,Data Scientist,47.07,USD,bank_transfer,completed,16,4.2,False,9.41,level_1,27
TXN-1200096,2024-07-07,Legal Consulting,BR,IN,Lawyer,162.23,ILS,credit_card,completed,16,3.6,False,32.45,level_1,27
TXN-1200095,2024-07-07,Mobile App,US,MX,Software Engineer,134.41,USD,credit_card,completed,30,4.1,False,26.88,top_rated,27
TXN-1200191,2024-07-07,Music Production,MX,IN,Designer,109.82,USD,paypal,completed,19,4.9,False,21.96,level_1,27
TXN-1200195,2024-07-07,Music Production,US,GB,Designer,291.56,USD,credit_card,completed,10,4.1,False,58.31,top_rated,27
TXN-1200129,2024-07-07,SEO/SEM,BR,CA,Marketing Manager,286.5,USD,credit_card,completed,4,4.9,False,57.3,level_2,27
TXN-1200204,2024-07-07,Legal Consulting,IN,GB,Lawyer,34.82,USD,paypal,completed,22,4.4,False,6.96,level_1,27
TXN-1200199,2024-07-07,Web Development,US,DE,Software Engineer,33.44,USD,credit_card,completed,12,5.0,False,6.69,level_2,27
TXN-1200049,2024-07-07,Content Writing,BR,NL,Writer,785.14,USD,paypal,completed,2,4.6,True,157.03,level_2,27
TXN-1200054,2024-07-07,Music Production,GB,US,Designer,164.48,USD,credit_card,completed,9,4.3,True,32.9,new_seller,27
TXN-1200056,2024-07-07,Web Development,US,MX,Software Engineer,105.02,USD,paypal,disputed,7,,False,21.0,rising_talent,27
TXN-1200060,2024-07-07,Graphic Design,US,US,Designer,149.62,USD,credit_card,completed,4,3.5,True,29.92,level_1,27
TXN-1200035,2024-07-07,Mobile App,US,US,Software Engineer,5000.0,INR,credit_card,completed,23,3.5,False,1000.0,level_2,27
TXN-1200067,2024-07-07,Translation,IL,IL,Writer,1235.53,ILS,credit_card,completed,4,4.7,False,247.11,level_1,27
TXN-1200076,2024-07-07,Graphic Design,US,BR,Designer,846.16,USD,credit_card,completed,4,3.3,False,169.23,level_2,27
TXN-1200081,2024-07-07,Data Analysis,US,US,Data Scientist,19.09,USD,credit_card,completed,5,4.3,False,3.82,level_2,27
TXN-1200221,2024-07-07,Mobile App,IN,DE,Software Engineer,183.09,EUR,bank_transfer,completed,24,3.5,False,36.62,level_1,27
TXN-1200413,2024-07-08,AI/ML Development,IN,US,Data Scientist,84.76,USD,paypal,completed,16,4.5,False,16.95,level_1,28
TXN-1200390,2024-07-08,Translation,SG,FR,Writer,202.99,USD,credit_card,completed,1,3.7,True,40.6,level_1,28
TXN-1200418,2024-07-08,SEO/SEM,NL,IN,Marketing Manager,223.88,USD,paypal,completed,15,4.3,False,44.78,level_2,28
TXN-1200504,2024-07-08,Graphic Design,BR,IN,Designer,398.93,USD,credit_card,completed,3,4.0,False,79.79,top_rated,28
TXN-1200416,2024-07-08,Web Development,AU,ES,Software Engineer,53.82,USD,credit_card,cancelled,16,,False,10.76,level_1,28
TXN-1200505,2024-07-08,Music Production,AU,NL,Designer,64.69,USD,paypal,completed,8,4.9,False,12.94,level_1,28
TXN-1200579,2024-07-08,SEO/SEM,GB,IN,Marketing Manager,281.03,GBP,credit_card,completed,5,3.6,False,56.21,rising_talent,28
TXN-1200323,2024-07-08,Mobile App,GB,MX,Software Engineer,212.44,USD,paypal,completed,30,3.8,False,42.49,level_1,28
TXN-1200578,2024-07-08,Photography,GB,US,Designer,447.8,USD,paypal,completed,3,3.9,False,89.56,rising_talent,28
TXN-1200414,2024-07-08,Legal Consulting,MX,AU,Lawyer,387.28,USD,paypal,completed,9,3.7,True,77.46,level_2,28
TXN-1200576,2024-07-08,Video Production,DE,IN,Designer,250.91,USD,credit_card,completed,9,4.0,False,50.18,level_2,28
TXN-1200427,2024-07-08,AI/ML Development,DE,US,Data Scientist,59.79,USD,bank_transfer,completed,22,4.5,False,11.96,top_rated,28
TXN-1200395,2024-07-08,Music Production,CA,US,Designer,144.59,USD,credit_card,completed,6,4.9,False,28.92,rising_talent,28
TXN-1200329,2024-07-08,Translation,IN,US,Writer,51.63,USD,paypal,completed,2,4.1,True,10.33,level_1,28
TXN-1200512,2024-07-08,Financial Modeling,IN,GB,Accountant,1140.3,USD,credit_card,completed,15,4.6,True,228.06,rising_talent,28
TXN-1200409,2024-07-08,Social Media Management,NL,BR,Marketing Manager,922.1,USD,credit_card,completed,6,4.4,False,184.42,level_2,28
TXN-1200516,2024-07-08,Translation,US,FR,Writer,269.57,USD,paypal,completed,2,2.1,False,53.91,rising_talent,28
TXN-1200406,2024-07-08,Graphic Design,IN,FR,Designer,349.3,USD,bank_transfer,completed,6,4.4,False,69.86,level_1,28
TXN-1200565,2024-07-08,Graphic Design,SG,NL,Designer,200.92,USD,credit_card,completed,4,4.3,False,40.18,level_1,28
TXN-1200564,2024-07-08,Content Writing,US,IN,Writer,40.01,USD,credit_card,completed,5,3.8,True,8.0,top_rated,28
TXN-1200520,2024-07-08,AI/ML Development,US,US,Data Scientist,65.54,USD,paypal,completed,27,4.0,False,13.11,level_1,28
TXN-1200559,2024-07-08,Music Production,US,CA,Designer,55.37,USD,credit_card,completed,21,4.3,False,11.07,level_1,28
TXN-1200393,2024-07-08,Video Production,US,US,Designer,32.32,EUR,paypal,completed,4,4.0,True,6.46,level_1,28
TXN-1200398,2024-07-08,AI/ML Development,US,IN,Data Scientist,170.99,USD,paypal,completed,18,3.5,True,34.2,level_1,28
TXN-1200555,2024-07-08,Data Analysis,MX,MX,Data Scientist,96.56,USD,crypto,completed,17,4.0,False,19.31,level_1,28
TXN-1200501,2024-07-08,Virtual Assistant,IL,JP,HR Manager,173.61,USD,credit_card,completed,2,4.4,True,34.72,level_2,28
TXN-1200553,2024-07-08,Financial Modeling,GB,US,Accountant,400.92,USD,paypal,completed,10,4.2,False,80.18,new_seller,28
TXN-1200586,2024-07-08,Virtual Assistant,IN,GB,HR Manager,385.82,USD,bank_transfer,completed,1,3.6,False,77.16,rising_talent,28
TXN-1200463,2024-07-08,SEO/SEM,AU,IN,Marketing Manager,463.36,USD,credit_card,completed,8,4.4,True,92.67,level_2,28
TXN-1200368,2024-07-08,Translation,DE,IN,Writer,212.41,USD,paypal,cancelled,2,,False,42.48,new_seller,28
TXN-1200465,2024-07-08,Graphic Design,ZA,US,Designer,51.74,EUR,paypal,completed,5,4.6,True,10.35,new_seller,28
TXN-1200459,2024-07-08,Music Production,IN,GB,Designer,440.4,USD,credit_card,completed,14,4.9,True,88.08,level_2,28
TXN-1200469,2024-07-08,Mobile App,US,CA,Software Engineer,127.88,USD,credit_card,completed,30,4.5,False,25.58,level_1,28
TXN-1200373,2024-07-08,Music Production,DE,ES,Designer,61.84,EUR,paypal,completed,21,4.4,False,12.37,rising_talent,28
TXN-1200535,2024-07-08,Data Analysis,ES,SG,Data Scientist,59.99,USD,credit_card,cancelled,13,,True,12.0,new_seller,28
TXN-1200378,2024-07-08,Mobile App,AU,GB,Software Engineer,53.5,GBP,credit_card,completed,30,4.1,False,10.7,top_rated,28
TXN-1200473,2024-07-08,AI/ML Development,GB,US,Data Scientist,775.62,USD,paypal,completed,12,4.5,False,155.12,new_seller,28
TXN-1200475,2024-07-08,Financial Modeling,US,MX,Accountant,464.31,GBP,paypal,completed,11,3.5,False,92.86,level_2,28
TXN-1200497,2024-07-08,Content Writing,US,IN,Writer,255.57,USD,paypal,completed,4,2.5,False,51.11,level_1,28
TXN-1200533,2024-07-08,Legal Consulting,MX,CA,Lawyer,90.96,USD,credit_card,completed,7,2.8,True,18.19,level_2,28
TXN-1200482,2024-07-08,Graphic Design,US,FR,Designer,35.98,USD,credit_card,completed,8,4.5,False,7.2,rising_talent,28
TXN-1200385,2024-07-08,Web Development,IN,BR,Software Engineer,74.98,USD,paypal,completed,13,4.3,False,15.0,rising_talent,28
TXN-1200560,2024-07-08,Music Production,US,BR,Designer,154.25,EUR,bank_transfer,completed,11,4.9,True,30.85,rising_talent,28
TXN-1200528,2024-07-08,Translation,US,AU,Writer,52.05,EUR,bank_transfer,completed,2,2.4,False,10.41,rising_talent,28
TXN-1200439,2024-07-08,Video Production,IL,GB,Designer,446.65,USD,credit_card,completed,6,4.2,False,89.33,rising_talent,28
TXN-1200436,2024-07-08,Photography,GB,GB,Designer,40.59,USD,credit_card,completed,2,3.2,False,8.12,rising_talent,28
TXN-1200592,2024-07-08,Translation,AU,US,Writer,107.13,USD,paypal,completed,2,4.8,False,21.43,rising_talent,28
TXN-1200351,2024-07-08,Data Analysis,US,IN,Data Scientist,267.88,USD,credit_card,completed,7,3.9,False,53.58,level_2,28
TXN-1200433,2024-07-08,AI/ML Development,ES,SG,Data Scientist,132.65,USD,credit_card,completed,16,2.6,True,26.53,level_1,28
TXN-1200492,2024-07-08,Financial Modeling,US,AU,Accountant,811.15,USD,credit_card,completed,7,4.4,False,162.23,new_seller,28
TXN-1200430,2024-07-08,Social Media Management,US,IN,Marketing Manager,292.81,USD,bank_transfer,completed,8,3.5,False,58.56,level_2,28
TXN-1200599,2024-07-08,Virtual Assistant,SG,US,HR Manager,258.5,USD,paypal,completed,2,2.1,False,51.7,level_1,28
TXN-1200525,2024-07-08,SEO/SEM,US,FR,Marketing Manager,106.74,GBP,credit_card,completed,7,3.6,False,21.35,level_2,28
TXN-1200391,2024-07-09,Video Production,IN,IN,Designer,261.33,GBP,credit_card,completed,11,4.5,True,52.27,rising_talent,28
TXN-1200537,2024-07-09,Photography,FR,SG,Designer,48.66,USD,crypto,completed,1,3.5,True,9.73,level_1,28
TXN-1200545,2024-07-09,Web Development,US,IN,Software Engineer,4457.38,INR,paypal,completed,10,4.6,True,891.48,level_2,28
TXN-1200399,2024-07-09,Music Production,US,AU,Designer,577.37,USD,credit_card,completed,14,3.8,False,115.47,level_1,28
TXN-1200462,2024-07-09,Graphic Design,NL,US,Designer,175.11,USD,credit_card,completed,3,4.0,False,35.02,level_1,28
TXN-1200468,2024-07-09,Graphic Design,IN,BR,Designer,192.81,USD,credit_card,completed,7,3.9,True,38.56,level_1,28
TXN-1200455,2024-07-09,Content Writing,NL,DE,Writer,2133.8,USD,crypto,cancelled,9,,False,426.76,level_1,28
TXN-1200454,2024-07-09,Graphic Design,CA,IN,Designer,839.17,USD,paypal,completed,4,3.5,True,167.83,level_2,28
TXN-1200472,2024-07-09,Social Media Management,US,FR,Marketing Manager,201.96,USD,paypal,completed,12,3.6,True,40.39,level_2,28
TXN-1200477,2024-07-09,Web Development,DE,GB,Software Engineer,16.87,USD,paypal,completed,12,3.6,False,3.37,level_2,28
TXN-1200483,2024-07-09,Social Media Management,GB,US,Marketing Manager,12.19,USD,paypal,completed,4,3.5,False,2.44,level_2,28
TXN-1200484,2024-07-09,Virtual Assistant,CA,IN,HR Manager,143.12,GBP,paypal,completed,2,4.4,False,28.62,level_1,28
TXN-1200486,2024-07-09,Financial Modeling,US,BR,Accountant,55.93,USD,paypal,completed,10,4.7,False,11.19,level_1,28
TXN-1200491,2024-07-09,AI/ML Development,IN,US,Data Scientist,85.26,USD,paypal,completed,19,3.6,True,17.05,level_1,28
TXN-1200503,2024-07-09,SEO/SEM,IN,DE,Marketing Manager,116.0,ILS,credit_card,completed,12,4.0,False,23.2,top_rated,28
TXN-1200509,2024-07-09,Social Media Management,IL,FR,Marketing Manager,624.75,USD,credit_card,completed,5,3.3,False,124.95,new_seller,28
TXN-1200518,2024-07-09,Web Development,US,US,Software Engineer,1455.25,USD,paypal,completed,17,5.0,True,291.05,level_2,28
TXN-1200401,2024-07-09,Web Development,IL,ZA,Software Engineer,1060.21,USD,credit_card,completed,24,4.3,False,212.04,rising_talent,28
TXN-1200400,2024-07-09,Data Analysis,US,CA,Data Scientist,506.73,USD,paypal,completed,5,4.2,True,101.35,rising_talent,28
TXN-1200397,2024-07-09,Photography,IN,US,Designer,588.39,ILS,credit_card,completed,7,3.3,False,117.68,level_1,28
TXN-1200546,2024-07-09,Mobile App,FR,US,Software Engineer,28.03,USD,paypal,completed,10,3.3,False,5.61,level_1,28
TXN-1200464,2024-07-09,Mobile App,IN,ES,Software Engineer,708.98,EUR,credit_card,completed,22,3.3,False,141.8,level_1,28
TXN-1200321,2024-07-09,SEO/SEM,NL,GB,Marketing Manager,56.73,USD,paypal,completed,6,4.8,True,11.35,level_2,28
TXN-1200312,2024-07-09,Data Analysis,NL,DE,Data Scientist,27.23,USD,paypal,completed,5,4.8,True,5.45,level_2,28
TXN-1200556,2024-07-09,Virtual Assistant,ZA,BR,HR Manager,433.03,USD,paypal,completed,1,3.6,False,86.61,level_1,28
TXN-1200588,2024-07-09,Photography,DE,NL,Designer,145.24,ILS,bank_transfer,completed,2,4.1,False,29.05,rising_talent,28
TXN-1200590,2024-07-09,Graphic Design,IN,IN,Designer,308.54,GBP,bank_transfer,completed,5,4.2,True,61.71,level_2,28
TXN-1200580,2024-07-09,Social Media Management,US,IL,Marketing Manager,137.38,EUR,credit_card,completed,8,4.1,True,27.48,new_seller,28
TXN-1200341,2024-07-09,Financial Modeling,US,GB,Accountant,477.49,INR,bank_transfer,completed,9,1.0,False,95.5,level_2,28
TXN-1200551,2024-07-09,Legal Consulting,AU,US,Lawyer,174.87,USD,credit_card,completed,17,4.0,False,34.97,level_1,28
TXN-1200561,2024-07-09,Virtual Assistant,US,US,HR Manager,302.42,USD,paypal,completed,1,3.9,False,60.48,rising_talent,28
TXN-1200596,2024-07-09,Data Analysis,DE,US,Data Scientist,135.03,USD,bank_transfer,completed,3,4.8,False,27.01,level_1,28
TXN-1200562,2024-07-09,Legal Consulting,US,NL,Lawyer,378.67,USD,bank_transfer,completed,21,4.9,True,75.73,top_rated,28
TXN-1200304,2024-07-09,Graphic Design,ZA,IN,Designer,24.74,USD,paypal,completed,3,3.4,False,4.95,level_2,28
TXN-1200338,2024-07-09,SEO/SEM,SG,US,Marketing Manager,13.58,USD,credit_card,completed,10,2.9,False,2.72,level_1,28
TXN-1200343,2024-07-09,AI/ML Development,IN,BR,Data Scientist,158.45,USD,paypal,completed,30,4.1,True,31.69,level_1,28
TXN-1200587,2024-07-09,Data Analysis,US,US,Data Scientist,68.18,USD,credit_card,completed,6,4.8,True,13.64,rising_talent,28
TXN-1200563,2024-07-09,Photography,DE,GB,Designer,279.76,USD,bank_transfer,completed,4,4.2,False,55.95,level_2,28
TXN-1200333,2024-07-09,Data Analysis,MX,DE,Data Scientist,80.37,USD,credit_card,completed,7,4.7,False,16.07,new_seller,28
TXN-1200570,2024-07-09,Music Production,US,IN,Designer,183.1,USD,paypal,completed,12,3.1,False,36.62,top_rated,28
TXN-1200359,2024-07-09,Mobile App,US,US,Software Engineer,226.48,USD,credit_card,completed,28,4.5,True,45.3,level_1,28
TXN-1200605,2024-07-09,Virtual Assistant,MX,US,HR Manager,676.37,USD,credit_card,completed,1,1.0,False,135.27,level_1,28
TXN-1200331,2024-07-09,Legal Consulting,BR,ES,Lawyer,100.92,USD,paypal,completed,13,4.9,False,20.18,new_seller,28
TXN-1200612,2024-07-09,Web Development,US,BR,Software Engineer,17.0,GBP,paypal,cancelled,7,,False,3.4,level_1,28
TXN-1200360,2024-07-09,AI/ML Development,US,US,Data Scientist,580.23,USD,credit_card,completed,30,3.9,True,116.05,level_2,28
TXN-1200290,2024-07-09,Content Writing,MX,US,Writer,48.32,USD,bank_transfer,completed,2,3.5,False,9.66,level_1,28
TXN-1200574,2024-07-09,Graphic Design,DE,US,Designer,44.12,USD,credit_card,completed,5,4.0,True,8.82,level_1,28
TXN-1200498,2024-07-10,Video Production,CA,IN,Designer,270.07,GBP,crypto,cancelled,4,,False,54.01,level_2,28
TXN-1200420,2024-07-10,Music Production,FR,GB,Designer,1173.92,USD,credit_card,completed,9,4.6,False,234.78,rising_talent,28
TXN-1200496,2024-07-10,Financial Modeling,US,US,Accountant,24.52,USD,paypal,completed,13,4.2,False,4.9,level_1,28
TXN-1200582,2024-07-10,Mobile App,IN,US,Software Engineer,335.36,USD,bank_transfer,completed,18,4.8,False,67.07,level_1,28
TXN-1200315,2024-07-10,Financial Modeling,FR,IN,Accountant,65.62,USD,bank_transfer,disputed,14,,True,13.12,new_seller,28
TXN-1200425,2024-07-10,Translation,US,IN,Writer,956.35,USD,credit_card,completed,1,4.1,False,191.27,new_seller,28
TXN-1200361,2024-07-10,AI/ML Development,US,US,Data Scientist,25.07,USD,paypal,completed,30,4.6,False,5.01,level_2,28
TXN-1200495,2024-07-10,Mobile App,BR,IN,Software Engineer,843.82,USD,paypal,completed,30,3.5,False,168.76,level_1,28
TXN-1200614,2024-07-10,Photography,FR,ZA,Designer,116.49,USD,credit_card,completed,2,4.5,False,23.3,level_2,28
TXN-1200461,2024-07-10,Photography,US,IN,Designer,621.31,USD,paypal,completed,5,4.5,False,124.26,new_seller,28
TXN-1200457,2024-07-10,Translation,IN,CA,Writer,231.48,INR,crypto,completed,4,4.6,False,46.3,level_1,28
TXN-1200604,2024-07-10,Legal Consulting,CA,IN,Lawyer,42.52,GBP,bank_transfer,completed,20,2.8,False,8.5,rising_talent,28
TXN-1200471,2024-07-10,Legal Consulting,IL,US,Lawyer,438.74,USD,credit_card,completed,9,4.0,True,87.75,level_2,28
TXN-1200296,2024-07-10,Video Production,GB,IN,Designer,1334.37,INR,crypto,completed,11,4.7,False,266.87,level_1,28
TXN-1200602,2024-07-10,Web Development,JP,IL,Software Engineer,21.18,USD,credit_card,in_progress,9,,True,4.24,rising_talent,28
TXN-1200448,2024-07-10,Financial Modeling,IN,DE,Accountant,1269.67,USD,bank_transfer,completed,6,4.6,True,253.93,level_2,28
TXN-1200600,2024-07-10,Social Media Management,US,US,Marketing Manager,305.92,USD,bank_transfer,completed,3,3.0,True,61.18,new_seller,28
TXN-1200302,2024-07-10,Translation,US,GB,Writer,144.25,ILS,crypto,completed,7,4.4,True,28.85,level_1,28
TXN-1200597,2024-07-10,Graphic Design,IL,FR,Designer,228.59,USD,paypal,completed,5,4.3,False,45.72,rising_talent,28
TXN-1200485,2024-07-10,Graphic Design,US,US,Designer,101.13,USD,paypal,completed,3,4.5,False,20.23,level_1,28
TXN-1200306,2024-07-10,Translation,US,AU,Writer,364.9,USD,paypal,completed,2,3.7,True,72.98,rising_talent,28
TXN-1200488,2024-07-10,Social Media Management,US,US,Marketing Manager,687.33,EUR,credit_card,completed,7,3.9,True,137.47,level_1,28
TXN-1200489,2024-07-10,Social Media Management,IN,IN,Marketing Manager,506.68,USD,bank_transfer,completed,10,3.4,True,101.34,new_seller,28
TXN-1200428,2024-07-10,Content Writing,US,US,Writer,89.81,GBP,credit_card,completed,1,4.6,True,17.96,rising_talent,28
TXN-1200435,2024-07-10,Photography,GB,US,Designer,103.41,USD,paypal,completed,4,4.7,False,20.68,rising_talent,28
TXN-1200577,2024-07-10,SEO/SEM,AU,US,Marketing Manager,38.79,GBP,credit_card,completed,6,4.5,True,7.76,level_1,28
TXN-1200575,2024-07-10,Social Media Management,IN,IN,Marketing Manager,67.15,GBP,paypal,completed,8,4.9,True,13.43,rising_talent,28
TXN-1200548,2024-07-10,Photography,IN,AU,Designer,45.91,USD,crypto,completed,3,3.9,False,9.18,new_seller,28
TXN-1200531,2024-07-10,Virtual Assistant,AU,GB,HR Manager,29.9,EUR,crypto,completed,1,4.6,True,5.98,new_seller,28
TXN-1200550,2024-07-10,Mobile App,US,DE,Software Engineer,102.26,INR,paypal,completed,19,4.3,False,20.45,new_seller,28
TXN-1200381,2024-07-10,Legal Consulting,MX,US,Lawyer,7.08,GBP,paypal,completed,15,4.3,False,1.42,new_seller,28
TXN-1200380,2024-07-10,Virtual Assistant,NL,IN,HR Manager,324.91,USD,credit_card,completed,1,4.3,False,64.98,level_1,28
TXN-1200379,2024-07-10,Financial Modeling,US,IN,Accountant,0.01,GBP,bank_transfer,completed,7,4.2,False,0.0,level_1,28
TXN-1200356,2024-07-10,AI/ML Development,FR,US,Data Scientist,295.47,USD,credit_card,completed,30,4.1,False,59.09,top_rated,28
TXN-1200357,2024-07-10,Translation,ES,FR,Writer,187.91,USD,credit_card,completed,2,4.2,False,37.58,rising_talent,28
TXN-1200375,2024-07-10,Music Production,BR,FR,Designer,172.99,EUR,credit_card,completed,9,4.3,False,34.6,new_seller,28
TXN-1200374,2024-07-10,AI/ML Development,US,US,Data Scientist,200.57,USD,bank_transfer,cancelled,13,,True,40.11,level_2,28
TXN-1200358,2024-07-10,Mobile App,FR,US,Software Engineer,372.2,EUR,paypal,completed,29,4.2,False,74.44,rising_talent,28
TXN-1200370,2024-07-10,Social Media Management,US,DE,Marketing Manager,223.78,USD,credit_card,completed,6,4.2,False,44.76,top_rated,28
TXN-1200369,2024-07-10,Content Writing,NL,US,Writer,54.65,USD,bank_transfer,completed,4,3.8,False,10.93,level_1,28
TXN-1200539,2024-07-10,Social Media Management,US,US,Marketing Manager,607.65,EUR,credit_card,completed,11,4.7,False,121.53,level_2,28
TXN-1200540,2024-07-10,Mobile App,FR,US,Software Engineer,94.41,USD,paypal,completed,14,4.9,False,18.88,new_seller,28
TXN-1200387,2024-07-10,Financial Modeling,US,FR,Accountant,67.31,USD,credit_card,completed,12,4.6,True,13.46,level_2,28
TXN-1200388,2024-07-10,AI/ML Development,DE,US,Data Scientist,495.39,USD,bank_transfer,completed,23,3.4,True,99.08,level_1,28
TXN-1200529,2024-07-10,Video Production,NL,GB,Designer,137.76,USD,paypal,completed,7,4.4,False,27.55,level_1,28
TXN-1200300,2024-07-10,SEO/SEM,ES,DE,Marketing Manager,696.65,USD,credit_card,completed,14,3.9,False,139.33,level_2,28
TXN-1200567,2024-07-10,SEO/SEM,IN,JP,Marketing Manager,838.71,USD,paypal,completed,12,4.1,True,167.74,level_1,28
TXN-1200389,2024-07-10,Content Writing,DE,IN,Writer,369.48,USD,credit_card,completed,3,3.6,True,73.9,new_seller,28
TXN-1200521,2024-07-10,Social Media Management,FR,IL,Marketing Manager,164.98,GBP,paypal,completed,7,4.6,False,33.0,level_2,28
TXN-1200514,2024-07-10,Content Writing,US,GB,Writer,20.35,USD,credit_card,completed,2,4.8,False,4.07,rising_talent,28
TXN-1200345,2024-07-10,Music Production,US,NL,Designer,54.66,USD,credit_card,completed,12,4.9,True,10.93,level_2,28
TXN-1200526,2024-07-10,Content Writing,BR,US,Writer,39.86,USD,paypal,completed,3,4.1,False,7.97,level_1,28
TXN-1200342,2024-07-10,Content Writing,US,AU,Writer,1487.21,USD,credit_card,completed,4,4.4,True,297.44,new_seller,28
TXN-1200571,2024-07-10,Mobile App,ES,GB,Software Engineer,89.43,USD,paypal,completed,14,4.1,False,17.89,level_2,28
TXN-1200350,2024-07-10,Legal Consulting,IL,CA,Lawyer,65.75,USD,crypto,completed,9,4.2,False,13.15,level_1,28
TXN-1200346,2024-07-10,SEO/SEM,IN,US,Marketing Manager,2045.73,EUR,credit_card,completed,12,4.1,True,409.15,level_1,28
TXN-1200581,2024-07-11,Content Writing,AU,MX,Writer,173.27,GBP,credit_card,completed,2,2.6,True,34.65,level_1,28
TXN-1200609,2024-07-11,Social Media Management,US,US,Marketing Manager,192.78,USD,credit_card,completed,9,4.1,True,38.56,rising_talent,28
TXN-1200583,2024-07-11,Social Media Management,JP,NL,Marketing Manager,37.18,USD,paypal,completed,7,4.7,False,7.44,top_rated,28
TXN-1200608,2024-07-11,Web Development,US,US,Software Engineer,6.19,GBP,credit_card,completed,17,3.5,True,1.24,level_2,28
TXN-1200508,2024-07-11,Virtual Assistant,FR,IN,HR Manager,43.28,USD,paypal,completed,2,3.6,False,8.66,rising_talent,28
TXN-1200538,2024-07-11,Data Analysis,US,SG,Data Scientist,930.89,USD,credit_card,completed,4,4.3,True,186.18,level_2,28
TXN-1200542,2024-07-11,Music Production,GB,US,Designer,54.11,USD,credit_card,completed,11,5.0,False,10.82,rising_talent,28
TXN-1200470,2024-07-11,Music Production,BR,DE,Designer,174.36,USD,credit_card,completed,3,3.5,False,34.87,level_1,28
TXN-1200591,2024-07-11,Video Production,US,US,Designer,39.58,GBP,bank_transfer,completed,8,4.9,False,7.92,level_2,28
TXN-1200585,2024-07-11,Mobile App,NL,US,Software Engineer,98.7,USD,paypal,completed,8,3.8,False,19.74,level_1,28
TXN-1200534,2024-07-11,SEO/SEM,ZA,SG,Marketing Manager,64.17,USD,bank_transfer,completed,9,4.4,True,12.83,top_rated,28
TXN-1200479,2024-07-11,Social Media Management,ZA,GB,Marketing Manager,257.85,USD,paypal,completed,12,4.3,False,51.57,level_1,28
TXN-1200480,2024-07-11,Content Writing,DE,JP,Writer,24.12,USD,credit_card,completed,4,3.4,True,4.82,top_rated,28
TXN-1200523,2024-07-11,Data Analysis,CA,FR,Data Scientist,45.02,USD,paypal,completed,11,4.2,False,9.0,level_1,28
TXN-1200527,2024-07-11,Graphic Design,DE,GB,Designer,37.25,USD,paypal,completed,6,4.1,True,7.45,level_2,28
TXN-1200554,2024-07-11,Photography,IN,GB,Designer,180.0,USD,bank_transfer,completed,4,4.2,False,36.0,top_rated,28
TXN-1200493,2024-07-11,Translation,GB,GB,Writer,7.32,EUR,credit_card,completed,3,4.0,False,1.46,new_seller,28
TXN-1200595,2024-07-11,Web Development,MX,US,Software Engineer,196.34,INR,credit_card,completed,20,3.2,False,39.27,level_1,28
TXN-1200502,2024-07-11,Graphic Design,JP,US,Designer,91.9,INR,credit_card,completed,7,4.6,True,18.38,rising_talent,28
TXN-1200601,2024-07-11,Legal Consulting,US,IN,Lawyer,214.13,USD,bank_transfer,completed,21,3.7,False,42.83,level_2,28
TXN-1200547,2024-07-11,Graphic Design,US,DE,Designer,14.61,USD,paypal,completed,2,4.1,False,2.92,level_1,28
TXN-1200347,2024-07-11,SEO/SEM,US,US,Marketing Manager,58.02,USD,paypal,completed,14,4.7,False,11.6,new_seller,28
TXN-1200405,2024-07-11,Web Development,US,US,Software Engineer,48.01,USD,credit_card,completed,24,4.4,True,9.6,level_1,28
TXN-1200394,2024-07-11,Content Writing,IN,IN,Writer,13.69,USD,credit_card,completed,2,4.0,False,2.74,level_2,28
TXN-1200421,2024-07-11,Content Writing,CA,US,Writer,158.68,USD,paypal,completed,116,3.9,False,31.74,new_seller,28
TXN-1200392,2024-07-11,Translation,CA,ZA,Writer,365.8,USD,paypal,completed,6,3.9,True,73.16,rising_talent,28
TXN-1200320,2024-07-11,Financial Modeling,IN,NL,Accountant,539.24,ILS,paypal,completed,9,4.2,True,107.85,new_seller,28
TXN-1200307,2024-07-11,Legal Consulting,US,ZA,Lawyer,39.0,USD,credit_card,disputed,10,,True,7.8,level_1,28
TXN-1200424,2024-07-11,Content Writing,US,FR,Writer,370.32,USD,credit_card,completed,2,4.5,False,74.06,level_2,28
TXN-1200382,2024-07-11,SEO/SEM,US,IN,Marketing Manager,726.17,INR,credit_card,completed,11,4.4,False,145.23,top_rated,28
TXN-1200305,2024-07-11,Data Analysis,DE,GB,Data Scientist,307.01,USD,credit_card,completed,6,2.9,False,61.4,new_seller,28
TXN-1200367,2024-07-11,Graphic Design,NL,MX,Designer,309.44,EUR,paypal,cancelled,13,,False,61.89,level_1,28
TXN-1200366,2024-07-11,Music Production,ZA,JP,Designer,57.78,USD,credit_card,completed,22,4.0,False,11.56,top_rated,28
TXN-1200332,2024-07-11,Web Development,US,SG,Software Engineer,463.43,ILS,credit_card,completed,15,3.6,False,92.69,rising_talent,28
TXN-1200299,2024-07-11,Web Development,IN,AU,Software Engineer,42.37,EUR,credit_card,completed,15,1.0,False,8.47,level_1,28
TXN-1200294,2024-07-11,AI/ML Development,IN,MX,Data Scientist,426.93,EUR,credit_card,completed,12,2.7,False,85.39,new_seller,28
TXN-1200408,2024-07-11,Photography,ZA,GB,Designer,56.58,USD,credit_card,completed,3,3.8,False,11.32,top_rated,28
TXN-1200451,2024-07-11,AI/ML Development,GB,JP,Data Scientist,30.04,INR,bank_transfer,completed,25,4.8,False,6.01,rising_talent,28
TXN-1200456,2024-07-11,Financial Modeling,FR,IN,Accountant,27.89,USD,credit_card,completed,11,4.5,False,5.58,top_rated,28
TXN-1200334,2024-07-11,Video Production,GB,IN,Designer,105.98,USD,bank_transfer,completed,5,3.1,False,21.2,level_1,28
TXN-1200447,2024-07-11,Web Development,NL,JP,Software Engineer,617.51,USD,paypal,completed,8,2.7,False,123.5,top_rated,28
TXN-1200344,2024-07-11,Virtual Assistant,MX,ES,HR Manager,84.59,USD,paypal,completed,2,4.3,False,16.92,new_seller,28
TXN-1200337,2024-07-11,SEO/SEM,US,CA,Marketing Manager,257.63,USD,credit_card,completed,7,4.8,True,51.53,top_rated,28
TXN-1200449,2024-07-11,SEO/SEM,GB,GB,Marketing Manager,456.13,USD,crypto,completed,4,2.7,False,91.23,new_seller,28
TXN-1200349,2024-07-12,Photography,US,US,Designer,2097.29,USD,bank_transfer,completed,4,4.0,False,419.46,level_1,28
TXN-1200396,2024-07-12,Legal Consulting,IN,US,Lawyer,43.67,USD,paypal,completed,10,4.3,True,8.73,top_rated,28
TXN-1200544,2024-07-12,Financial Modeling,GB,US,Accountant,405.37,GBP,paypal,completed,9,5.0,False,81.07,level_1,28
TXN-1200402,2024-07-12,Photography,US,FR,Designer,75.92,USD,paypal,completed,2,4.7,False,15.18,rising_talent,28
TXN-1200404,2024-07-12,Photography,IN,DE,Designer,461.32,USD,credit_card,completed,7,3.9,True,92.26,level_1,28
TXN-1200557,2024-07-12,Graphic Design,CA,US,Designer,1465.16,EUR,credit_card,completed,5,5.0,False,293.03,level_1,28
TXN-1200517,2024-07-12,Social Media Management,FR,US,Marketing Manager,14.14,USD,crypto,completed,5,4.2,False,2.83,rising_talent,28
TXN-1200407,2024-07-12,Photography,US,US,Designer,35.71,USD,credit_card,completed,2,4.3,True,7.14,rising_talent,28
TXN-1200340,2024-07-12,Data Analysis,US,US,Data Scientist,734.74,USD,credit_card,completed,11,4.3,True,146.95,level_1,28
TXN-1200524,2024-07-12,Photography,IN,IN,Designer,438.42,USD,paypal,completed,3,3.7,False,87.68,rising_talent,28
TXN-1200339,2024-07-12,Financial Modeling,SG,US,Accountant,253.05,USD,paypal,completed,10,4.8,False,50.61,rising_talent,28
TXN-1200364,2024-07-12,Legal Consulting,MX,US,Lawyer,114.31,USD,crypto,completed,23,4.6,False,22.86,level_2,28
TXN-1200530,2024-07-12,Virtual Assistant,AU,IN,HR Manager,11.89,USD,paypal,completed,3,4.9,True,2.38,rising_talent,28
TXN-1200326,2024-07-12,Financial Modeling,NL,IN,Accountant,23.27,USD,paypal,completed,9,4.5,False,4.65,rising_talent,28
TXN-1200327,2024-07-12,Translation,BR,CA,Writer,470.78,USD,credit_card,completed,3,4.3,False,94.16,level_1,28
TXN-1200328,2024-07-12,Music Production,US,BR,Designer,80.36,USD,paypal,completed,13,4.5,True,16.07,level_2,28
TXN-1200573,2024-07-12,Video Production,IN,US,Designer,636.18,USD,paypal,completed,8,4.0,False,127.24,level_1,28
TXN-1200515,2024-07-12,Music Production,US,DE,Designer,22.67,USD,crypto,completed,14,4.7,False,4.53,top_rated,28
TXN-1200371,2024-07-12,Video Production,ZA,IL,Designer,155.39,USD,credit_card,completed,4,3.6,True,31.08,level_1,28
TXN-1200355,2024-07-12,Data Analysis,IN,IL,Data Scientist,61.38,USD,credit_card,completed,5,3.6,False,12.28,rising_talent,28
TXN-1200363,2024-07-12,AI/ML Development,FR,US,Data Scientist,122.5,USD,paypal,completed,29,3.1,True,24.5,level_2,28
TXN-1200543,2024-07-12,Data Analysis,US,FR,Data Scientist,109.33,USD,credit_card,completed,7,3.5,False,21.87,level_1,28
TXN-1200324,2024-07-12,Web Development,DE,IL,Software Engineer,762.33,USD,crypto,disputed,8,,True,152.47,top_rated,28
TXN-1200572,2024-07-12,Content Writing,AU,IN,Writer,296.27,USD,bank_transfer,completed,4,3.0,True,59.25,rising_talent,28
TXN-1200301,2024-07-12,Video Production,US,US,Designer,77.3,ILS,credit_card,completed,4,4.1,True,15.46,new_seller,28
TXN-1200558,2024-07-12,Photography,AU,US,Designer,581.05,USD,paypal,completed,1,4.1,True,116.21,top_rated,28
TXN-1200445,2024-07-12,Graphic Design,AU,US,Designer,82.1,USD,paypal,completed,5,4.3,False,16.42,top_rated,28
TXN-1200603,2024-07-12,Financial Modeling,IL,MX,Accountant,85.84,EUR,credit_card,completed,11,5.0,False,17.17,level_2,28
TXN-1200476,2024-07-12,Photography,AU,ZA,Designer,666.93,EUR,bank_transfer,completed,3,4.0,True,133.39,rising_talent,28
TXN-1200441,2024-07-12,AI/ML Development,IN,IN,Data Scientist,86.4,USD,bank_transfer,completed,14,4.1,False,17.28,level_2,28
TXN-1200440,2024-07-12,Financial Modeling,GB,US,Accountant,132.29,USD,crypto,completed,10,4.6,False,26.46,level_2,28
TXN-1200438,2024-07-12,Photography,IN,DE,Designer,519.08,GBP,credit_card,completed,5,4.3,False,103.82,new_seller,28
TXN-1200474,2024-07-12,Virtual Assistant,IN,IL,HR Manager,1238.05,USD,crypto,completed,1,3.9,True,247.61,top_rated,28
TXN-1200314,2024-07-12,Graphic Design,US,US,Designer,105.95,EUR,bank_transfer,completed,3,3.3,False,21.19,level_1,28
TXN-1200490,2024-07-12,Translation,CA,ZA,Writer,140.0,USD,credit_card,completed,3,4.9,True,28.0,level_2,28
TXN-1200432,2024-07-12,AI/ML Development,BR,IN,Data Scientist,59.71,USD,paypal,completed,13,3.9,True,11.94,new_seller,28
TXN-1200431,2024-07-12,Legal Consulting,IN,IN,Lawyer,138.68,USD,credit_card,completed,19,4.2,True,27.74,rising_talent,28
TXN-1200494,2024-07-12,Translation,DE,IL,Writer,1283.8,USD,credit_card,completed,2,4.2,False,256.76,level_1,28
TXN-1200429,2024-07-12,Graphic Design,US,US,Designer,941.14,ILS,paypal,completed,8,3.2,True,188.23,new_seller,28
TXN-1200606,2024-07-12,Data Analysis,GB,FR,Data Scientist,81.5,USD,credit_card,completed,7,4.3,True,16.3,rising_talent,28
TXN-1200426,2024-07-12,Virtual Assistant,BR,BR,HR Manager,236.12,USD,paypal,completed,2,2.4,False,47.22,level_1,28
TXN-1200308,2024-07-12,Virtual Assistant,GB,US,HR Manager,58.13,USD,credit_card,disputed,1,,True,11.63,level_1,28
TXN-1200511,2024-07-12,Mobile App,CA,US,Software Engineer,252.76,USD,credit_card,completed,30,4.5,False,50.55,level_1,28
TXN-1200311,2024-07-12,Photography,BR,ZA,Designer,101.83,USD,credit_card,completed,2,3.2,False,20.37,level_1,28
TXN-1200589,2024-07-12,Graphic Design,IN,ZA,Designer,108.61,USD,credit_card,completed,3,4.3,False,21.72,top_rated,28
TXN-1200310,2024-07-12,Virtual Assistant,IL,GB,HR Manager,539.23,USD,credit_card,cancelled,2,,False,107.85,rising_talent,28
TXN-1200460,2024-07-12,Content Writing,IN,US,Writer,351.29,USD,credit_card,completed,1,3.6,False,70.26,top_rated,28
TXN-1200507,2024-07-12,AI/ML Development,US,FR,Data Scientist,235.82,USD,credit_card,completed,18,4.4,False,47.16,rising_talent,28
TXN-1200293,2024-07-12,AI/ML Development,GB,AU,Data Scientist,34.95,USD,paypal,completed,10,4.7,False,6.99,level_1,28
TXN-1200415,2024-07-12,Financial Modeling,FR,GB,Accountant,73.31,GBP,credit_card,completed,7,4.5,False,14.66,level_1,28
TXN-1200417,2024-07-12,Mobile App,IN,US,Software Engineer,142.37,GBP,credit_card,completed,30,4.9,False,28.47,level_2,28
TXN-1200419,2024-07-12,Social Media Management,IN,IL,Marketing Manager,117.32,USD,credit_card,completed,7,3.2,False,23.46,level_1,28
TXN-1200422,2024-07-12,Photography,ZA,BR,Designer,1128.41,USD,paypal,completed,6,4.4,False,225.68,level_2,28
TXN-1200292,2024-07-12,Video Production,US,CA,Designer,120.23,USD,credit_card,completed,6,3.2,True,24.05,level_1,28
TXN-1200478,2024-07-12,Content Writing,DE,US,Writer,85.92,USD,crypto,completed,2,4.4,False,17.18,level_2,28
TXN-1200611,2024-07-13,Translation,US,BR,Writer,11.93,USD,paypal,cancelled,1,,False,2.39,level_1,28
TXN-1200607,2024-07-13,AI/ML Development,ZA,NL,Data Scientist,416.34,USD,credit_card,completed,20,2.9,False,83.27,new_seller,28
TXN-1200335,2024-07-13,Graphic Design,MX,AU,Designer,370.6,USD,credit_card,completed,4,3.5,False,74.12,top_rated,28
TXN-1200566,2024-07-13,Graphic Design,US,ZA,Designer,38.83,USD,paypal,cancelled,2,,True,7.77,rising_talent,28
TXN-1200303,2024-07-13,Content Writing,DE,BR,Writer,73.51,USD,paypal,completed,4,4.2,False,14.7,level_2,28
TXN-1200295,2024-07-13,Video Production,GB,IL,Designer,10.58,USD,credit_card,completed,6,4.8,False,2.12,new_seller,28
TXN-1200569,2024-07-13,Video Production,US,IN,Designer,40.12,USD,bank_transfer,completed,9,3.7,False,8.02,level_2,28
TXN-1200598,2024-07-13,Content Writing,GB,SG,Writer,802.91,USD,paypal,completed,2,3.9,True,160.58,top_rated,28
TXN-1200330,2024-07-13,Video Production,US,CA,Designer,83.89,USD,credit_card,completed,7,4.7,False,16.78,new_seller,28
TXN-1200593,2024-07-13,Mobile App,DE,GB,Software Engineer,230.48,USD,credit_card,cancelled,16,,True,46.1,level_2,28
TXN-1200309,2024-07-13,Graphic Design,GB,US,Designer,148.25,USD,credit_card,completed,9,4.5,False,29.65,level_1,28
TXN-1200319,2024-07-13,Translation,JP,DE,Writer,159.28,USD,paypal,completed,4,3.9,False,31.86,level_1,28
TXN-1200318,2024-07-13,Financial Modeling,IN,GB,Accountant,166.75,USD,credit_card,disputed,12,,False,33.35,rising_talent,28
TXN-1200316,2024-07-13,SEO/SEM,ZA,AU,Marketing Manager,31.91,EUR,paypal,completed,14,4.3,True,6.38,top_rated,28
TXN-1200568,2024-07-13,Virtual Assistant,MX,BR,HR Manager,210.81,USD,paypal,completed,1,4.3,False,42.16,new_seller,28
TXN-1200313,2024-07-13,Virtual Assistant,DE,AU,HR Manager,747.78,GBP,credit_card,completed,2,5.0,False,149.56,level_2,28
TXN-1200466,2024-07-13,SEO/SEM,US,GB,Marketing Manager,78.33,USD,credit_card,completed,10,4.8,True,15.67,new_seller,28
TXN-1200450,2024-07-13,Data Analysis,GB,SG,Data Scientist,108.16,EUR,paypal,completed,15,3.9,False,21.63,top_rated,28
TXN-1200443,2024-07-13,Photography,AU,GB,Designer,139.36,USD,bank_transfer,completed,4,2.2,True,27.87,level_1,28
TXN-1200444,2024-07-13,AI/ML Development,IN,IN,Data Scientist,140.69,EUR,paypal,completed,16,4.1,False,28.14,rising_talent,28
TXN-1200481,2024-07-13,Mobile App,IN,DE,Software Engineer,94.26,USD,paypal,completed,28,3.9,False,18.85,rising_talent,28
TXN-1200532,2024-07-13,Legal Consulting,US,IL,Lawyer,275.92,USD,credit_card,completed,20,3.8,True,55.18,rising_talent,28
TXN-1200452,2024-07-13,Photography,US,GB,Designer,184.09,EUR,paypal,completed,4,3.7,False,36.82,new_seller,28
TXN-1200376,2024-07-13,Mobile App,ZA,US,Software Engineer,136.58,ILS,credit_card,disputed,14,,False,27.32,level_1,28
TXN-1200442,2024-07-13,Social Media Management,IN,GB,Marketing Manager,226.29,USD,credit_card,completed,6,4.5,True,45.26,level_2,28
TXN-1200403,2024-07-13,Translation,US,US,Writer,146.13,GBP,credit_card,completed,2,4.8,True,29.23,level_1,28
TXN-1200372,2024-07-13,Graphic Design,CA,GB,Designer,145.86,USD,paypal,completed,4,3.7,False,29.17,level_1,28
TXN-1200437,2024-07-13,Social Media Management,US,US,Marketing Manager,30.83,GBP,paypal,completed,8,4.1,False,6.17,top_rated,28
TXN-1200410,2024-07-13,Content Writing,GB,US,Writer,59.76,USD,paypal,completed,1,4.6,False,11.95,new_seller,28
TXN-1200434,2024-07-13,Social Media Management,DE,US,Marketing Manager,4693.1,USD,credit_card,completed,6,4.8,True,938.62,level_2,28
TXN-1200549,2024-07-13,Virtual Assistant,JP,US,HR Manager,31.47,USD,credit_card,completed,3,3.6,True,6.29,level_1,28
TXN-1200354,2024-07-13,Video Production,DE,US,Designer,51.57,EUR,credit_card,completed,7,4.6,False,10.31,level_2,28
TXN-1200411,2024-07-13,AI/ML Development,US,BR,Data Scientist,151.21,USD,credit_card,completed,21,3.8,True,30.24,level_1,28
TXN-1200467,2024-07-13,Data Analysis,BR,ES,Data Scientist,100.96,USD,credit_card,completed,11,4.3,False,20.19,new_seller,28
TXN-1200423,2024-07-13,Legal Consulting,GB,SG,Lawyer,960.57,USD,credit_card,completed,11,3.2,True,192.11,level_2,28
TXN-1200522,2024-07-13,Legal Consulting,SG,CA,Lawyer,379.26,USD,credit_card,completed,23,4.5,False,75.85,level_2,28
TXN-1200298,2024-07-14,Web Development,AU,IN,Software Engineer,11.22,USD,crypto,completed,8,3.9,False,2.24,new_seller,28
TXN-1200487,2024-07-14,AI/ML Development,AU,IN,Data Scientist,352.81,USD,credit_card,completed,28,4.1,True,70.56,level_1,28
TXN-1200352,2024-07-14,Translation,US,CA,Writer,1903.46,USD,credit_card,completed,2,4.0,False,380.69,new_seller,28
TXN-1200594,2024-07-14,Photography,US,US,Designer,153.66,INR,paypal,completed,3,4.9,False,30.73,level_1,28
TXN-1200453,2024-07-14,Graphic Design,NL,MX,Designer,833.66,GBP,credit_card,completed,5,3.8,True,166.73,new_seller,28
TXN-1200610,2024-07-14,Mobile App,US,IN,Software Engineer,212.53,USD,credit_card,completed,16,4.7,True,42.51,level_2,28
TXN-1200458,2024-07-14,Graphic Design,US,DE,Designer,92.7,GBP,credit_card,completed,9,4.8,False,18.54,level_1,28
TXN-1200291,2024-07-14,Legal Consulting,JP,JP,Lawyer,97.0,EUR,crypto,completed,7,2.7,False,19.4,top_rated,28
TXN-1200613,2024-07-14,Graphic Design,IN,US,Designer,35.3,USD,credit_card,completed,8,4.8,True,7.06,top_rated,28
TXN-1200289,2024-07-14,AI/ML Development,FR,ZA,Data Scientist,63.5,USD,credit_card,completed,5,4.1,False,12.7,level_1,28
TXN-1200348,2024-07-14,SEO/SEM,US,NL,Marketing Manager,264.61,USD,paypal,completed,7,2.2,True,52.92,level_2,28
TXN-1200297,2024-07-14,Mobile App,NL,US,Software Engineer,1460.96,USD,paypal,completed,30,3.5,True,292.19,level_2,28
TXN-1200499,2024-07-14,SEO/SEM,FR,BR,Marketing Manager,459.01,USD,bank_transfer,completed,9,4.2,False,91.8,new_seller,28
TXN-1200446,2024-07-14,Data Analysis,US,IN,Data Scientist,34.09,USD,credit_card,completed,5,2.7,False,6.82,level_2,28
TXN-1200506,2024-07-14,Virtual Assistant,US,GB,HR Manager,22.2,USD,crypto,completed,3,3.8,False,4.44,new_seller,28
TXN-1200353,2024-07-14,Virtual Assistant,IN,IN,HR Manager,481.01,ILS,paypal,completed,3,2.3,False,96.2,new_seller,28
TXN-1200336,2024-07-14,Video Production,US,US,Designer,318.81,USD,paypal,completed,10,2.6,False,63.76,level_1,28
TXN-1200362,2024-07-14,Graphic Design,IL,AU,Designer,627.7,EUR,credit_card,completed,5,4.7,False,125.54,rising_talent,28
TXN-1200365,2024-07-14,AI/ML Development,BR,DE,Data Scientist,362.36,USD,paypal,completed,10,5.0,False,72.47,new_seller,28
TXN-1200541,2024-07-14,Data Analysis,US,JP,Data Scientist,308.82,INR,paypal,completed,4,4.0,False,61.76,level_2,28
TXN-1200536,2024-07-14,Financial Modeling,MX,IN,Accountant,68.22,USD,bank_transfer,completed,8,4.2,False,13.64,level_1,28
TXN-1200377,2024-07-14,Virtual Assistant,GB,FR,HR Manager,34.31,EUR,credit_card,cancelled,3,,False,6.86,level_1,28
TXN-1200500,2024-07-14,Virtual Assistant,IN,SG,HR Manager,97.63,EUR,credit_card,completed,1,3.7,False,19.53,rising_talent,28
TXN-1200325,2024-07-14,Music Production,ES,SG,Designer,70.41,USD,credit_card,completed,14,4.9,False,14.08,level_1,28
TXN-1200383,2024-07-14,Photography,MX,US,Designer,272.32,USD,bank_transfer,completed,3,4.8,False,54.46,new_seller,28
TXN-1200322,2024-07-14,Translation,IN,IN,Writer,32.23,USD,bank_transfer,completed,3,3.5,True,6.45,level_1,28
TXN-1200386,2024-07-14,Photography,IN,GB,Designer,47.66,USD,paypal,completed,2,3.3,True,9.53,level_1,28
TXN-1200317,2024-07-14,SEO/SEM,US,MX,Marketing Manager,162.56,EUR,paypal,completed,10,4.0,False,32.51,rising_talent,28
TXN-1200584,2024-07-14,Web Development,IN,IN,Software Engineer,591.53,USD,crypto,completed,16,3.0,True,118.31,level_2,28
TXN-1200552,2024-07-14,AI/ML Development,IL,GB,Data Scientist,190.97,USD,bank_transfer,completed,13,2.7,False,38.19,rising_talent,28
TXN-1200519,2024-07-14,AI/ML Development,IN,IN,Data Scientist,404.8,USD,paypal,completed,12,4.4,True,80.96,new_seller,28
TXN-1200513,2024-07-14,Virtual Assistant,CA,DE,HR Manager,211.94,USD,bank_transfer,completed,2,3.5,False,42.39,rising_talent,28
TXN-1200510,2024-07-14,Social Media Management,AU,DE,Marketing Manager,496.03,EUR,credit_card,completed,20,4.0,False,99.21,level_1,28
TXN-1200412,2024-07-14,Social Media Management,GB,ES,Marketing Manager,35.56,USD,paypal,completed,5,4.4,False,7.11,level_2,28
TXN-1200384,2024-07-14,Data Analysis,SG,ES,Data Scientist,158.91,USD,bank_transfer,completed,9,4.5,True,31.78,level_1,28
TXN-1200781,2024-07-15,Music Production,CA,IL,Designer,59.02,USD,credit_card,completed,10,4.6,False,11.8,new_seller,29
TXN-1200782,2024-07-15,Web Development,US,US,Software Engineer,424.42,USD,credit_card,completed,14,4.6,False,84.88,level_2,29
TXN-1200785,2024-07-15,Financial Modeling,IL,FR,Accountant,416.77,USD,paypal,completed,5,4.6,True,83.35,new_seller,29
TXN-1200683,2024-07-15,Virtual Assistant,IL,US,HR Manager,1908.29,USD,paypal,completed,2,1.0,False,381.66,rising_talent,29
TXN-1200786,2024-07-15,Content Writing,US,IN,Writer,506.59,USD,credit_card,completed,2,3.7,True,101.32,level_2,29
TXN-1200787,2024-07-15,Web Development,IN,US,Software Engineer,167.11,USD,credit_card,completed,11,4.8,False,33.42,level_1,29
TXN-1200661,2024-07-15,Video Production,US,BR,Designer,609.33,USD,paypal,completed,3,4.2,False,121.87,level_2,29
TXN-1200671,2024-07-15,Translation,ES,US,Writer,232.81,USD,credit_card,completed,2,4.7,False,46.56,level_2,29
TXN-1200669,2024-07-15,Music Production,NL,JP,Designer,144.23,USD,paypal,completed,11,3.5,True,28.85,rising_talent,29
TXN-1200807,2024-07-15,Financial Modeling,GB,IL,Accountant,95.49,GBP,credit_card,completed,11,4.4,False,19.1,rising_talent,29
TXN-1200663,2024-07-15,Music Production,BR,IL,Designer,440.17,USD,credit_card,completed,19,3.5,True,88.03,level_1,29
TXN-1200810,2024-07-15,Financial Modeling,DE,IN,Accountant,80.83,USD,credit_card,cancelled,11,,True,16.17,top_rated,29
TXN-1200691,2024-07-15,Virtual Assistant,GB,IN,HR Manager,806.35,USD,credit_card,completed,1,3.7,False,161.27,top_rated,29
TXN-1200660,2024-07-15,Web Development,IN,IL,Software Engineer,22.19,USD,credit_card,completed,6,4.3,True,4.44,level_2,29
TXN-1200659,2024-07-15,AI/ML Development,US,DE,Data Scientist,63.8,USD,bank_transfer,completed,24,4.2,True,12.76,level_2,29
TXN-1200793,2024-07-15,Photography,JP,US,Designer,90.84,USD,paypal,completed,5,4.9,True,18.17,level_1,29
TXN-1200692,2024-07-15,Social Media Management,MX,AU,Marketing Manager,112.83,USD,paypal,completed,5,4.9,True,22.57,rising_talent,29
TXN-1200750,2024-07-15,Data Analysis,DE,SG,Data Scientist,1324.71,USD,paypal,completed,7,3.6,True,264.94,top_rated,29
TXN-1200694,2024-07-15,Music Production,US,AU,Designer,664.81,USD,credit_card,completed,16,4.2,False,132.96,new_seller,29
TXN-1200725,2024-07-15,Graphic Design,US,SG,Designer,2200.29,INR,bank_transfer,completed,8,4.2,False,440.06,rising_talent,29
TXN-1200814,2024-07-15,Mobile App,DE,IN,Software Engineer,419.82,USD,credit_card,completed,22,4.7,True,83.96,new_seller,29
TXN-1200740,2024-07-15,Content Writing,SG,SG,Writer,1287.36,USD,credit_card,cancelled,3,,True,257.47,level_2,29
TXN-1200723,2024-07-15,SEO/SEM,GB,IN,Marketing Manager,241.44,USD,crypto,completed,8,4.0,True,48.29,level_1,29
TXN-1200722,2024-07-15,Graphic Design,GB,DE,Designer,525.4,USD,credit_card,completed,3,4.0,False,105.08,level_2,29
TXN-1200742,2024-07-15,Translation,MX,GB,Writer,140.0,USD,bank_transfer,completed,6,4.1,True,28.0,rising_talent,29
TXN-1200745,2024-07-15,Data Analysis,IN,IN,Data Scientist,187.21,USD,credit_card,completed,8,3.5,True,37.44,rising_talent,29
TXN-1200746,2024-07-15,Legal Consulting,US,US,Lawyer,73.21,USD,bank_transfer,completed,20,4.4,True,14.64,level_1,29
TXN-1200715,2024-07-15,Virtual Assistant,US,DE,HR Manager,29.96,USD,credit_card,completed,2,4.5,False,5.99,top_rated,29
TXN-1200714,2024-07-15,Translation,DE,BR,Writer,89.82,USD,paypal,completed,6,4.8,True,17.96,level_2,29
TXN-1200713,2024-07-15,Mobile App,US,IN,Software Engineer,350.13,USD,paypal,completed,29,3.7,False,70.03,new_seller,29
TXN-1200752,2024-07-15,Data Analysis,GB,CA,Data Scientist,55.74,ILS,bank_transfer,completed,9,4.7,True,11.15,rising_talent,29
TXN-1200757,2024-07-15,Social Media Management,IN,US,Marketing Manager,89.81,USD,credit_card,completed,2,4.6,False,17.96,level_2,29
TXN-1200707,2024-07-15,SEO/SEM,GB,US,Marketing Manager,251.17,USD,credit_card,completed,8,3.2,False,50.23,level_1,29
TXN-1200761,2024-07-15,Music Production,IN,IN,Designer,339.69,EUR,paypal,completed,9,3.0,True,67.94,level_2,29
TXN-1200769,2024-07-15,Data Analysis,FR,CA,Data Scientist,477.11,USD,credit_card,completed,7,3.2,True,95.42,rising_talent,29
TXN-1200695,2024-07-15,Financial Modeling,GB,GB,Accountant,616.54,INR,paypal,completed,12,3.4,False,123.31,new_seller,29
TXN-1200693,2024-07-15,Virtual Assistant,ES,IN,HR Manager,23.53,USD,credit_card,completed,2,4.8,False,4.71,level_1,29
TXN-1200653,2024-07-15,Content Writing,BR,DE,Writer,7.38,USD,credit_card,completed,3,4.7,True,1.48,level_1,29
TXN-1200732,2024-07-15,Video Production,US,US,Designer,64.99,USD,credit_card,completed,3,2.9,False,13.0,level_1,29
TXN-1200852,2024-07-15,Translation,US,US,Writer,62.96,USD,credit_card,completed,3,4.3,False,12.59,level_1,29
TXN-1200638,2024-07-15,Social Media Management,DE,US,Marketing Manager,511.21,USD,paypal,completed,9,4.7,False,102.24,new_seller,29
TXN-1200853,2024-07-15,Video Production,US,IN,Designer,64.16,USD,credit_card,completed,11,3.2,False,12.83,level_2,29
TXN-1200864,2024-07-15,Graphic Design,IN,IN,Designer,365.36,USD,paypal,completed,4,4.6,False,73.07,level_2,29
TXN-1200838,2024-07-15,Virtual Assistant,US,CA,HR Manager,200.24,USD,credit_card,completed,1,4.7,False,40.05,level_2,29
TXN-1200869,2024-07-15,Web Development,JP,CA,Software Engineer,31.2,USD,credit_card,completed,16,4.5,True,6.24,top_rated,29
TXN-1200872,2024-07-15,Music Production,IN,ES,Designer,38.92,USD,paypal,completed,14,4.5,False,7.78,rising_talent,29
TXN-1200645,2024-07-15,Legal Consulting,DE,US,Lawyer,480.23,USD,credit_card,completed,13,4.3,False,96.05,level_2,29
TXN-1200868,2024-07-15,Financial Modeling,US,US,Accountant,936.9,EUR,credit_card,completed,13,4.3,True,187.38,level_2,29
TXN-1200875,2024-07-15,Graphic Design,GB,BR,Designer,219.28,USD,bank_transfer,completed,5,4.5,True,43.86,level_2,29
TXN-1200618,2024-07-15,Graphic Design,BR,ZA,Designer,281.92,USD,credit_card,completed,8,4.1,False,56.38,rising_talent,29
TXN-1200877,2024-07-15,Music Production,FR,US,Designer,27.13,USD,credit_card,completed,14,3.9,True,5.43,rising_talent,29
TXN-1200848,2024-07-15,Translation,US,DE,Writer,345.33,USD,bank_transfer,cancelled,3,,False,69.07,level_1,29
TXN-1200871,2024-07-16,Video Production,US,FR,Designer,317.14,USD,credit_card,completed,5,4.2,False,63.43,level_2,29
TXN-1200849,2024-07-16,Translation,US,JP,Writer,196.22,EUR,paypal,completed,5,2.9,False,39.24,level_1,29
TXN-1200850,2024-07-16,Photography,US,US,Designer,29.05,EUR,credit_card,completed,4,4.4,False,5.81,level_2,29
TXN-1200736,2024-07-16,Virtual Assistant,IN,US,HR Manager,417.94,USD,bank_transfer,completed,3,4.2,True,83.59,level_1,29
TXN-1200851,2024-07-16,Data Analysis,ES,MX,Data Scientist,429.2,USD,credit_card,completed,8,4.5,False,85.84,rising_talent,29
TXN-1200729,2024-07-16,Content Writing,NL,GB,Writer,63.52,USD,paypal,completed,3,4.2,True,12.7,level_1,29
TXN-1200854,2024-07-16,Music Production,IN,CA,Designer,135.14,USD,credit_card,completed,10,4.8,False,27.03,top_rated,29
TXN-1200772,2024-07-16,Photography,DE,NL,Designer,517.0,EUR,credit_card,completed,3,4.1,True,103.4,level_1,29
TXN-1200768,2024-07-16,Graphic Design,FR,ZA,Designer,102.9,EUR,bank_transfer,completed,3,4.6,False,20.58,top_rated,29
TXN-1200616,2024-07-16,Social Media Management,DE,ES,Marketing Manager,224.25,ILS,credit_card,completed,8,4.8,False,44.85,level_2,29
TXN-1200767,2024-07-16,Photography,US,US,Designer,189.01,USD,paypal,completed,3,3.8,True,37.8,level_1,29
TXN-1200619,2024-07-16,Mobile App,GB,US,Software Engineer,118.81,USD,bank_transfer,completed,15,3.7,False,23.76,top_rated,29
TXN-1200760,2024-07-16,Graphic Design,MX,US,Designer,507.69,USD,paypal,completed,4,4.4,True,101.54,rising_talent,29
TXN-1200758,2024-07-16,Photography,FR,IN,Designer,66.33,GBP,credit_card,cancelled,6,,False,13.27,top_rated,29
TXN-1200620,2024-07-16,Legal Consulting,AU,FR,Lawyer,851.76,USD,paypal,disputed,13,,False,170.35,level_1,29
TXN-1200735,2024-07-16,Music Production,FR,US,Designer,949.82,USD,credit_card,completed,10,4.2,False,189.96,level_2,29
TXN-1200689,2024-07-16,Web Development,IL,IN,Software Engineer,54.32,USD,credit_card,completed,15,4.3,False,10.86,level_1,29
TXN-1200710,2024-07-16,Financial Modeling,IN,FR,Accountant,145.6,EUR,credit_card,completed,17,4.9,True,29.12,level_1,29
TXN-1200724,2024-07-16,Virtual Assistant,GB,US,HR Manager,87.55,USD,paypal,completed,2,3.8,True,17.51,new_seller,29
TXN-1200766,2024-07-16,SEO/SEM,US,FR,Marketing Manager,991.14,USD,paypal,completed,8,3.6,False,198.23,level_2,29
TXN-1200762,2024-07-16,Translation,IN,US,Writer,62.57,USD,paypal,completed,3,4.5,True,12.51,rising_talent,29
TXN-1200822,2024-07-16,Video Production,DE,US,Designer,44.99,EUR,credit_card,cancelled,4,,False,9.0,top_rated,29
TXN-1200834,2024-07-16,Photography,FR,CA,Designer,222.59,GBP,credit_card,completed,3,4.7,True,44.52,new_seller,29
TXN-1200664,2024-07-16,Graphic Design,US,IN,Designer,35.4,EUR,credit_card,completed,11,4.8,False,7.08,level_1,29
TXN-1200647,2024-07-16,Social Media Management,IN,IN,Marketing Manager,94.97,GBP,credit_card,completed,5,4.1,True,18.99,rising_talent,29
TXN-1200688,2024-07-16,Translation,GB,NL,Writer,267.19,USD,credit_card,completed,1,4.5,False,53.44,rising_talent,29
TXN-1200648,2024-07-16,Photography,GB,AU,Designer,105.66,EUR,paypal,completed,3,3.0,True,21.13,level_2,29
TXN-1200794,2024-07-16,Translation,US,IN,Writer,784.87,EUR,credit_card,completed,5,3.3,False,156.97,level_1,29
TXN-1200839,2024-07-16,SEO/SEM,US,MX,Marketing Manager,297.64,USD,credit_card,completed,8,4.0,True,59.53,level_1,29
TXN-1200803,2024-07-16,Social Media Management,IN,JP,Marketing Manager,235.26,USD,paypal,completed,6,4.1,False,47.05,level_1,29
TXN-1200677,2024-07-16,Financial Modeling,CA,ZA,Accountant,50.98,USD,paypal,completed,12,3.8,False,10.2,rising_talent,29
TXN-1200790,2024-07-16,Data Analysis,FR,JP,Data Scientist,117.69,USD,bank_transfer,cancelled,9,,False,23.54,top_rated,29
TXN-1200792,2024-07-16,Music Production,GB,SG,Designer,128.54,USD,credit_card,completed,16,4.7,False,25.71,rising_talent,29
TXN-1200679,2024-07-16,Data Analysis,AU,ZA,Data Scientist,46.9,GBP,credit_card,completed,13,4.5,False,9.38,level_2,29
TXN-1200812,2024-07-16,Web Development,US,US,Software Engineer,1446.27,USD,credit_card,completed,12,3.0,True,289.25,rising_talent,29
TXN-1200813,2024-07-16,Translation,IN,FR,Writer,116.17,ILS,credit_card,completed,3,2.8,False,23.23,level_1,29
TXN-1200842,2024-07-16,Photography,CA,US,Designer,102.99,USD,credit_card,completed,5,4.4,False,20.6,new_seller,29
TXN-1200656,2024-07-16,Social Media Management,IN,CA,Marketing Manager,111.97,USD,paypal,completed,5,4.5,False,22.39,rising_talent,29
TXN-1200650,2024-07-16,Music Production,BR,US,Designer,1049.76,USD,credit_card,disputed,11,,False,209.95,rising_talent,29
TXN-1200876,2024-07-17,Video Production,NL,IN,Designer,444.61,GBP,credit_card,completed,3,4.1,False,88.92,level_2,29
TXN-1200821,2024-07-17,AI/ML Development,GB,IN,Data Scientist,677.76,USD,paypal,completed,22,4.8,True,135.55,rising_talent,29
TXN-1200738,2024-07-17,Virtual Assistant,US,US,HR Manager,55.82,USD,credit_card,completed,2,4.9,True,11.16,level_1,29
TXN-1200741,2024-07-17,Graphic Design,IN,JP,Designer,115.3,INR,credit_card,completed,3,4.5,False,23.06,new_seller,29
TXN-1200737,2024-07-17,AI/ML Development,BR,MX,Data Scientist,19.48,USD,credit_card,completed,17,3.0,True,3.9,level_2,29
TXN-1200743,2024-07-17,Legal Consulting,ES,ES,Lawyer,35.16,USD,credit_card,completed,15,4.7,False,7.03,top_rated,29
TXN-1200744,2024-07-17,Graphic Design,US,JP,Designer,174.56,USD,paypal,completed,3,4.7,False,34.91,new_seller,29
TXN-1200819,2024-07-17,SEO/SEM,IN,BR,Marketing Manager,296.22,USD,bank_transfer,completed,6,4.4,False,59.24,level_2,29
TXN-1200829,2024-07-17,Legal Consulting,US,GB,Lawyer,105.14,USD,credit_card,completed,18,3.5,False,21.03,top_rated,29
TXN-1200845,2024-07-17,Financial Modeling,SG,IN,Accountant,147.23,USD,paypal,completed,13,3.8,True,29.45,top_rated,29
TXN-1200749,2024-07-17,Social Media Management,IN,GB,Marketing Manager,34.59,USD,credit_card,completed,7,4.6,False,6.92,rising_talent,29
TXN-1200783,2024-07-17,Virtual Assistant,IL,AU,HR Manager,132.73,USD,credit_card,completed,2,4.6,False,26.55,level_1,29
TXN-1200843,2024-07-17,AI/ML Development,BR,FR,Data Scientist,515.34,INR,credit_card,completed,18,1.3,False,103.07,level_2,29
TXN-1200817,2024-07-17,Video Production,GB,US,Designer,185.16,EUR,credit_card,completed,8,3.9,False,37.03,level_2,29
TXN-1200840,2024-07-17,Financial Modeling,US,IL,Accountant,147.37,GBP,credit_card,completed,15,4.7,False,29.47,level_1,29
TXN-1200789,2024-07-17,AI/ML Development,JP,US,Data Scientist,24.11,USD,paypal,completed,7,4.7,True,4.82,level_1,29
TXN-1200778,2024-07-17,SEO/SEM,US,FR,Marketing Manager,161.96,USD,paypal,completed,9,3.8,False,32.39,level_2,29
TXN-1200806,2024-07-17,AI/ML Development,AU,US,Data Scientist,34.44,USD,paypal,completed,26,4.5,False,6.89,level_1,29
TXN-1200859,2024-07-17,Web Development,NL,BR,Software Engineer,556.52,USD,paypal,completed,19,1.0,True,111.3,level_1,29
TXN-1200862,2024-07-17,Financial Modeling,MX,IL,Accountant,343.36,USD,credit_card,completed,20,4.5,False,68.67,level_1,29
TXN-1200796,2024-07-17,Content Writing,US,JP,Writer,25.08,USD,credit_card,completed,3,3.6,False,5.02,rising_talent,29
TXN-1200798,2024-07-17,Music Production,NL,GB,Designer,1482.58,USD,credit_card,completed,9,4.0,False,296.52,level_2,29
TXN-1200867,2024-07-17,Virtual Assistant,US,US,HR Manager,64.55,USD,paypal,completed,1,4.2,False,12.91,level_1,29
TXN-1200799,2024-07-17,Translation,US,US,Writer,90.45,USD,paypal,completed,2,3.1,True,18.09,level_1,29
TXN-1200801,2024-07-17,Music Production,GB,BR,Designer,81.35,USD,paypal,completed,6,2.2,False,16.27,level_1,29
TXN-1200763,2024-07-17,Content Writing,US,ES,Writer,108.81,GBP,paypal,completed,4,4.7,False,21.76,level_1,29
TXN-1200815,2024-07-17,Photography,US,AU,Designer,438.88,USD,credit_card,completed,5,4.0,False,87.78,level_2,29
TXN-1200780,2024-07-17,SEO/SEM,US,GB,Marketing Manager,11.97,GBP,bank_transfer,completed,6,3.9,False,2.39,level_2,29
TXN-1200696,2024-07-17,Virtual Assistant,US,US,HR Manager,89.67,USD,paypal,completed,1,2.8,False,17.93,level_2,29
TXN-1200668,2024-07-17,Mobile App,NL,IN,Software Engineer,424.09,USD,paypal,completed,30,3.8,False,84.82,level_1,29
TXN-1200632,2024-07-17,Web Development,JP,US,Software Engineer,2385.63,USD,credit_card,completed,21,4.5,True,477.13,level_1,29
TXN-1200670,2024-07-17,Graphic Design,CA,GB,Designer,108.97,USD,paypal,completed,8,4.1,False,21.79,top_rated,29
TXN-1200629,2024-07-17,Photography,US,MX,Designer,100.23,ILS,credit_card,completed,2,2.8,False,20.05,level_2,29
TXN-1200658,2024-07-17,Photography,US,ZA,Designer,167.73,USD,credit_card,completed,11,5.0,False,33.55,level_2,29
TXN-1200717,2024-07-17,Video Production,MX,JP,Designer,2082.19,EUR,credit_card,completed,4,2.9,False,416.44,level_2,29
TXN-1200654,2024-07-17,Photography,SG,AU,Designer,87.53,USD,bank_transfer,completed,4,4.4,False,17.51,level_1,29
TXN-1200719,2024-07-17,Financial Modeling,DE,US,Accountant,362.43,USD,paypal,completed,9,4.4,False,72.49,level_1,29
TXN-1200665,2024-07-17,Translation,BR,IN,Writer,190.43,USD,bank_transfer,completed,3,4.9,True,38.09,level_1,29
TXN-1200704,2024-07-17,Legal Consulting,US,FR,Lawyer,11.03,USD,paypal,completed,19,3.4,False,2.21,level_2,29
TXN-1200649,2024-07-17,Photography,US,IN,Designer,104.46,USD,bank_transfer,completed,5,4.9,True,20.89,level_1,29
TXN-1200684,2024-07-17,Translation,IN,FR,Writer,96.4,USD,credit_card,completed,2,3.8,True,19.28,level_1,29
TXN-1200636,2024-07-17,Mobile App,DE,SG,Software Engineer,325.65,EUR,bank_transfer,completed,7,4.6,True,65.13,top_rated,29
TXN-1200681,2024-07-17,Mobile App,FR,IL,Software Engineer,8.96,USD,crypto,completed,19,4.6,True,1.79,top_rated,29
TXN-1200676,2024-07-17,Music Production,GB,IN,Designer,92.55,EUR,bank_transfer,completed,10,3.9,True,18.51,level_2,29
TXN-1200733,2024-07-17,Translation,GB,US,Writer,152.87,USD,credit_card,completed,3,3.1,False,30.57,level_1,29
TXN-1200651,2024-07-17,SEO/SEM,CA,US,Marketing Manager,377.39,USD,bank_transfer,completed,9,4.5,False,75.48,level_2,29
TXN-1200837,2024-07-18,Legal Consulting,IL,ES,Lawyer,150.08,ILS,credit_card,completed,16,4.8,False,30.02,level_1,29
TXN-1200642,2024-07-18,Music Production,FR,US,Designer,338.61,GBP,paypal,disputed,11,,False,67.72,new_seller,29
TXN-1200667,2024-07-18,Translation,US,IN,Writer,258.22,EUR,bank_transfer,completed,5,4.1,False,51.64,level_2,29
TXN-1200690,2024-07-18,Financial Modeling,US,ZA,Accountant,506.97,USD,credit_card,completed,10,3.6,True,101.39,level_2,29
TXN-1200701,2024-07-18,Virtual Assistant,GB,IN,HR Manager,2044.96,EUR,paypal,completed,1,2.1,True,408.99,level_2,29
TXN-1200779,2024-07-18,Mobile App,ZA,IN,Software Engineer,222.14,USD,paypal,completed,30,4.8,False,44.43,new_seller,29
TXN-1200826,2024-07-18,Financial Modeling,US,ES,Accountant,222.56,ILS,crypto,completed,7,3.9,False,44.51,level_1,29
TXN-1200686,2024-07-18,SEO/SEM,GB,US,Marketing Manager,94.99,USD,paypal,completed,7,4.9,False,19.0,new_seller,29
TXN-1200847,2024-07-18,Legal Consulting,BR,MX,Lawyer,1641.79,INR,credit_card,completed,12,4.2,False,328.36,level_2,29
TXN-1200841,2024-07-18,SEO/SEM,US,MX,Marketing Manager,37.61,USD,credit_card,completed,9,3.1,False,7.52,rising_talent,29
TXN-1200675,2024-07-18,AI/ML Development,ZA,US,Data Scientist,43.97,USD,paypal,completed,19,3.5,True,8.79,new_seller,29
TXN-1200802,2024-07-18,Mobile App,BR,US,Software Engineer,931.6,USD,credit_card,completed,26,4.5,False,186.32,level_1,29
TXN-1200643,2024-07-18,AI/ML Development,IN,US,Data Scientist,59.73,USD,crypto,completed,20,2.8,False,11.95,top_rated,29
TXN-1200703,2024-07-18,Graphic Design,IN,GB,Designer,200.77,USD,credit_card,completed,3,4.3,True,40.15,level_1,29
TXN-1200833,2024-07-18,SEO/SEM,GB,IN,Marketing Manager,1652.21,USD,credit_card,completed,8,4.6,True,330.44,level_1,29
TXN-1200830,2024-07-18,Data Analysis,US,US,Data Scientist,61.58,USD,credit_card,completed,4,4.9,False,12.32,level_1,29
TXN-1200646,2024-07-18,Virtual Assistant,US,DE,HR Manager,105.79,USD,credit_card,completed,2,4.6,True,21.16,top_rated,29
TXN-1200820,2024-07-18,Social Media Management,US,GB,Marketing Manager,48.96,USD,paypal,completed,4,4.9,True,9.79,level_2,29
TXN-1200718,2024-07-18,Social Media Management,US,ES,Marketing Manager,113.21,USD,credit_card,completed,12,3.7,True,22.64,new_seller,29
TXN-1200818,2024-07-18,Content Writing,US,SG,Writer,27.82,EUR,credit_card,cancelled,1,,True,5.56,rising_talent,29
TXN-1200747,2024-07-18,SEO/SEM,FR,US,Marketing Manager,41.53,ILS,credit_card,completed,9,3.2,True,8.31,rising_talent,29
TXN-1200748,2024-07-18,Financial Modeling,DE,MX,Accountant,1817.11,USD,credit_card,completed,5,4.5,True,363.42,level_1,29
TXN-1200711,2024-07-18,Financial Modeling,IL,FR,Accountant,349.87,ILS,credit_card,completed,17,4.5,True,69.97,level_2,29
TXN-1200712,2024-07-18,AI/ML Development,SG,AU,Data Scientist,317.94,EUR,credit_card,completed,15,3.7,True,63.59,rising_talent,29
TXN-1200816,2024-07-18,Social Media Management,SG,DE,Marketing Manager,416.01,USD,credit_card,completed,6,4.5,False,83.2,level_1,29
TXN-1200655,2024-07-18,Virtual Assistant,US,US,HR Manager,97.47,USD,credit_card,completed,2,3.7,False,19.49,rising_talent,29
TXN-1200755,2024-07-18,Mobile App,SG,IN,Software Engineer,67.96,USD,paypal,completed,22,3.9,True,13.59,level_2,29
TXN-1200756,2024-07-18,SEO/SEM,GB,BR,Marketing Manager,172.63,USD,credit_card,completed,11,4.6,False,34.53,level_1,29
TXN-1200708,2024-07-18,Social Media Management,US,JP,Marketing Manager,402.83,USD,paypal,completed,8,4.1,True,80.57,level_2,29
TXN-1200832,2024-07-18,Virtual Assistant,CA,US,HR Manager,80.43,USD,credit_card,completed,1,4.4,False,16.09,level_1,29
TXN-1200705,2024-07-18,Graphic Design,ES,US,Designer,434.64,EUR,credit_card,completed,5,3.8,False,86.93,top_rated,29
TXN-1200652,2024-07-18,AI/ML Development,BR,DE,Data Scientist,373.79,USD,paypal,completed,8,4.8,True,74.76,new_seller,29
TXN-1200800,2024-07-19,Web Development,DE,ES,Software Engineer,1300.97,USD,paypal,completed,13,4.9,False,260.19,top_rated,29
TXN-1200662,2024-07-19,Financial Modeling,ES,JP,Accountant,101.11,USD,paypal,completed,8,4.1,True,20.22,level_2,29
TXN-1200672,2024-07-19,Video Production,GB,DE,Designer,35.64,EUR,paypal,completed,6,3.4,False,7.13,top_rated,29
TXN-1200804,2024-07-19,Mobile App,CA,US,Software Engineer,45.3,EUR,paypal,completed,19,4.6,True,9.06,level_1,29
TXN-1200824,2024-07-19,Mobile App,ZA,IN,Software Engineer,142.53,USD,bank_transfer,completed,27,4.5,False,28.51,level_1,29
TXN-1200644,2024-07-19,Graphic Design,DE,US,Designer,22.5,USD,credit_card,completed,4,3.4,False,4.5,level_2,29
TXN-1200791,2024-07-19,Mobile App,US,BR,Software Engineer,260.99,USD,crypto,cancelled,13,,False,52.2,rising_talent,29
TXN-1200734,2024-07-19,Music Production,BR,CA,Designer,507.9,USD,bank_transfer,completed,4,3.4,True,101.58,level_1,29
TXN-1200765,2024-07-19,Mobile App,US,GB,Software Engineer,284.29,USD,paypal,completed,22,3.7,False,56.86,top_rated,29
TXN-1200615,2024-07-19,Legal Consulting,AU,FR,Lawyer,29.28,INR,bank_transfer,completed,25,4.7,False,5.86,rising_talent,29
TXN-1200873,2024-07-19,Social Media Management,US,BR,Marketing Manager,778.57,INR,credit_card,completed,7,4.5,False,155.71,rising_talent,29
TXN-1200621,2024-07-19,Mobile App,FR,GB,Software Engineer,533.69,USD,credit_card,completed,16,3.8,False,106.74,level_1,29
TXN-1200721,2024-07-19,AI/ML Development,US,US,Data Scientist,187.23,EUR,paypal,completed,21,3.5,True,37.45,level_1,29
TXN-1200626,2024-07-19,Social Media Management,DE,IN,Marketing Manager,56.73,USD,credit_card,completed,6,4.8,False,11.35,level_1,29
TXN-1200751,2024-07-19,Music Production,US,BR,Designer,107.09,USD,paypal,completed,12,5.0,True,21.42,level_1,29
TXN-1200627,2024-07-19,Content Writing,BR,IN,Writer,194.94,USD,credit_card,completed,4,3.7,False,38.99,new_seller,29
TXN-1200861,2024-07-19,Legal Consulting,IN,CA,Lawyer,1253.6,INR,bank_transfer,completed,10,4.2,False,250.72,level_2,29
TXN-1200857,2024-07-19,Financial Modeling,FR,DE,Accountant,22.73,ILS,credit_card,completed,9,4.4,False,4.55,new_seller,29
TXN-1200759,2024-07-19,Virtual Assistant,NL,BR,HR Manager,880.44,USD,paypal,completed,2,4.5,False,176.09,level_2,29
TXN-1200702,2024-07-19,AI/ML Development,ZA,US,Data Scientist,355.99,USD,bank_transfer,completed,10,2.5,True,71.2,rising_talent,29
TXN-1200856,2024-07-19,SEO/SEM,GB,GB,Marketing Manager,178.22,USD,paypal,completed,16,4.1,True,35.64,level_1,29
TXN-1200678,2024-07-19,Music Production,US,DE,Designer,188.5,EUR,paypal,cancelled,62,,True,37.7,level_2,29
TXN-1200700,2024-07-19,Data Analysis,ZA,DE,Data Scientist,98.17,INR,bank_transfer,in_progress,3,,False,19.63,new_seller,29
TXN-1200828,2024-07-19,Photography,US,FR,Designer,1342.17,USD,paypal,completed,5,4.3,True,268.43,level_2,29
TXN-1200635,2024-07-19,Photography,JP,IN,Designer,913.62,USD,paypal,completed,2,3.9,False,182.72,level_2,29
TXN-1200698,2024-07-19,Legal Consulting,IN,US,Lawyer,103.88,USD,bank_transfer,completed,21,4.6,True,20.78,new_seller,29
TXN-1200771,2024-07-19,Financial Modeling,ES,IL,Accountant,415.12,USD,paypal,completed,16,4.5,False,83.02,level_1,29
TXN-1200630,2024-07-19,Translation,US,US,Writer,156.06,USD,paypal,completed,2,4.0,True,31.21,level_2,29
TXN-1200631,2024-07-19,Photography,DE,SG,Designer,133.5,USD,bank_transfer,completed,2,4.4,False,26.7,level_2,29
TXN-1200774,2024-07-19,Legal Consulting,US,US,Lawyer,142.79,EUR,paypal,completed,13,4.7,False,28.56,level_1,29
TXN-1200788,2024-07-19,Web Development,IN,FR,Software Engineer,100.33,USD,paypal,completed,12,4.6,False,20.07,level_2,29
TXN-1200776,2024-07-19,SEO/SEM,IN,US,Marketing Manager,69.56,USD,credit_card,completed,7,3.2,True,13.91,top_rated,29
TXN-1200699,2024-07-19,Content Writing,CA,US,Writer,108.8,USD,paypal,completed,2,2.4,True,21.76,level_1,29
TXN-1200682,2024-07-19,Content Writing,ZA,US,Writer,591.98,USD,credit_card,completed,5,4.4,True,118.4,level_2,29
TXN-1200784,2024-07-19,Music Production,ZA,SG,Designer,191.21,GBP,paypal,completed,9,5.0,False,38.24,level_1,29
TXN-1200617,2024-07-20,Photography,IN,GB,Designer,39.97,USD,paypal,completed,2,4.7,False,7.99,new_seller,29
TXN-1200844,2024-07-20,SEO/SEM,IN,IL,Marketing Manager,151.89,USD,paypal,completed,6,4.7,True,30.38,level_2,29
TXN-1200835,2024-07-20,Virtual Assistant,US,SG,HR Manager,209.34,USD,paypal,completed,3,3.3,False,41.87,level_1,29
TXN-1200865,2024-07-20,Data Analysis,IN,ES,Data Scientist,407.47,USD,credit_card,completed,9,4.4,False,81.49,level_2,29
TXN-1200641,2024-07-20,Content Writing,GB,BR,Writer,31.77,USD,bank_transfer,completed,3,3.6,False,6.35,top_rated,29
TXN-1200633,2024-07-20,Social Media Management,IN,US,Marketing Manager,110.55,USD,paypal,completed,5,3.7,False,22.11,level_2,29
TXN-1200858,2024-07-20,AI/ML Development,FR,US,Data Scientist,85.9,USD,paypal,completed,11,4.1,False,17.18,rising_talent,29
TXN-1200870,2024-07-20,Legal Consulting,US,IN,Lawyer,355.04,USD,credit_card,completed,9,3.0,False,71.01,level_1,29
TXN-1200846,2024-07-20,AI/ML Development,US,US,Data Scientist,24.81,USD,credit_card,completed,11,4.3,True,4.96,rising_talent,29
TXN-1200874,2024-07-20,AI/ML Development,US,US,Data Scientist,35.62,USD,credit_card,completed,30,4.0,False,7.12,level_1,29
TXN-1200754,2024-07-20,Photography,US,CA,Designer,606.43,USD,credit_card,completed,2,2.4,False,121.29,level_2,29
TXN-1200685,2024-07-20,Legal Consulting,IN,IN,Lawyer,317.99,USD,credit_card,completed,30,4.2,True,63.6,new_seller,29
TXN-1200673,2024-07-20,Financial Modeling,IN,IN,Accountant,17.49,GBP,paypal,completed,7,3.5,True,3.5,top_rated,29
TXN-1200709,2024-07-20,Photography,BR,US,Designer,89.8,USD,paypal,completed,3,3.6,False,17.96,level_1,29
TXN-1200797,2024-07-20,Music Production,AU,US,Designer,11.34,USD,credit_card,completed,13,4.3,False,2.27,level_2,29
TXN-1200777,2024-07-20,Data Analysis,US,US,Data Scientist,858.05,USD,credit_card,completed,8,4.4,False,171.61,new_seller,29
TXN-1200720,2024-07-20,Translation,US,US,Writer,322.07,EUR,bank_transfer,completed,3,4.2,False,64.41,rising_talent,29
TXN-1200775,2024-07-20,Financial Modeling,IN,US,Accountant,607.21,EUR,credit_card,completed,6,4.6,True,121.44,level_2,29
TXN-1200753,2024-07-20,Video Production,GB,IN,Designer,38.32,USD,credit_card,completed,6,2.9,True,7.66,level_2,29
TXN-1200727,2024-07-20,Mobile App,US,US,Software Engineer,78.06,USD,paypal,completed,22,4.5,False,15.61,level_1,29
TXN-1200770,2024-07-20,Content Writing,US,US,Writer,82.59,USD,crypto,completed,2,4.1,False,16.52,top_rated,29
TXN-1200657,2024-07-20,Social Media Management,US,US,Marketing Manager,189.7,INR,credit_card,completed,4,4.4,False,37.94,level_2,29
TXN-1200823,2024-07-20,AI/ML Development,GB,US,Data Scientist,38.38,USD,paypal,completed,15,4.7,True,7.68,level_1,29
TXN-1200773,2024-07-20,Social Media Management,FR,FR,Marketing Manager,736.76,GBP,credit_card,completed,9,3.9,False,147.35,level_1,29
TXN-1200680,2024-07-20,Financial Modeling,IN,MX,Accountant,1497.69,USD,credit_card,completed,7,3.6,True,299.54,level_2,29
TXN-1200860,2024-07-21,Virtual Assistant,IN,AU,HR Manager,145.95,USD,bank_transfer,disputed,1,,False,29.19,level_2,29
TXN-1200863,2024-07-21,Translation,US,US,Writer,46.8,USD,crypto,completed,3,4.7,True,9.36,level_2,29
TXN-1200825,2024-07-21,Video Production,US,CA,Designer,211.59,GBP,bank_transfer,completed,11,4.7,False,42.32,level_2,29
TXN-1200628,2024-07-21,Translation,US,IL,Writer,289.5,USD,bank_transfer,completed,2,3.8,False,57.9,top_rated,29
TXN-1200625,2024-07-21,AI/ML Development,FR,US,Data Scientist,124.56,USD,credit_card,completed,17,3.5,False,24.91,level_1,29
TXN-1200624,2024-07-21,Financial Modeling,US,CA,Accountant,310.82,GBP,credit_card,completed,15,3.7,False,62.16,level_2,29
TXN-1200827,2024-07-21,Legal Consulting,AU,US,Lawyer,95.14,USD,credit_card,completed,14,4.1,True,19.03,level_2,29
TXN-1200726,2024-07-21,Translation,IN,SG,Writer,33.65,USD,bank_transfer,completed,2,3.9,False,6.73,new_seller,29
TXN-1200622,2024-07-21,Music Production,US,GB,Designer,772.93,USD,credit_card,completed,5,4.2,False,154.59,new_seller,29
TXN-1200739,2024-07-21,Financial Modeling,CA,IN,Accountant,198.72,USD,credit_card,completed,26,4.2,False,39.74,level_2,29
TXN-1200728,2024-07-21,Virtual Assistant,FR,US,HR Manager,17.6,USD,crypto,completed,1,4.2,False,3.52,rising_talent,29
TXN-1200730,2024-07-21,Photography,DE,US,Designer,51.98,USD,credit_card,in_progress,4,,False,10.4,top_rated,29
TXN-1200716,2024-07-21,Content Writing,US,FR,Writer,151.84,USD,bank_transfer,completed,2,3.5,True,30.37,rising_talent,29
TXN-1200866,2024-07-21,Graphic Design,US,ZA,Designer,62.11,USD,paypal,cancelled,3,,False,12.42,rising_talent,29
TXN-1200623,2024-07-21,Legal Consulting,FR,NL,Lawyer,810.86,USD,paypal,completed,12,4.3,True,162.17,level_1,29
TXN-1200764,2024-07-21,Data Analysis,SG,DE,Data Scientist,78.47,USD,credit_card,completed,6,4.4,False,15.69,level_1,29
TXN-1200706,2024-07-21,Video Production,NL,IN,Designer,156.4,USD,paypal,completed,8,4.3,True,31.28,rising_talent,29
TXN-1200831,2024-07-21,Web Development,GB,IL,Software Engineer,20.19,USD,paypal,completed,11,4.9,False,4.04,rising_talent,29
TXN-1200811,2024-07-21,AI/ML Development,US,SG,Data Scientist,325.14,USD,credit_card,completed,19,4.3,False,65.03,level_1,29
TXN-1200809,2024-07-21,Legal Consulting,IN,FR,Lawyer,493.42,EUR,crypto,completed,7,4.5,True,98.68,new_seller,29
TXN-1200808,2024-07-21,Photography,ES,ES,Designer,1180.48,USD,paypal,completed,3,4.2,True,236.1,level_1,29
TXN-1200836,2024-07-21,Music Production,FR,IN,Designer,241.04,USD,credit_card,completed,10,3.5,True,48.21,level_2,29
TXN-1200666,2024-07-21,Photography,US,IN,Designer,36.57,USD,paypal,completed,3,3.7,False,7.31,new_seller,29
TXN-1200805,2024-07-21,Virtual Assistant,IN,IN,HR Manager,205.44,ILS,paypal,completed,2,3.0,True,41.09,rising_talent,29
TXN-1200731,2024-07-21,Photography,US,IN,Designer,80.27,EUR,credit_card,completed,2,3.9,False,16.05,top_rated,29
TXN-1200639,2024-07-21,Data Analysis,NL,NL,Data Scientist,226.53,GBP,crypto,completed,6,4.6,False,45.31,level_1,29
TXN-1200637,2024-07-21,Music Production,US,US,Designer,358.78,USD,paypal,completed,10,4.2,False,71.76,top_rated,29
TXN-1200795,2024-07-21,SEO/SEM,FR,AU,Marketing Manager,53.66,USD,bank_transfer,completed,10,4.8,False,10.73,level_2,29
TXN-1200674,2024-07-21,Content Writing,US,US,Writer,192.38,USD,paypal,completed,1,4.4,False,38.48,level_1,29
TXN-1200687,2024-07-21,Video Production,GB,CA,Designer,367.45,USD,credit_card,completed,6,3.9,True,73.49,level_1,29
TXN-1200634,2024-07-21,AI/ML Development,GB,DE,Data Scientist,99.12,EUR,credit_card,completed,19,4.0,False,19.82,new_seller,29
TXN-1200697,2024-07-21,Web Development,ES,DE,Software Engineer,744.05,USD,paypal,completed,17,4.6,True,148.81,level_1,29
TXN-1200640,2024-07-21,AI/ML Development,US,NL,Data Scientist,72.85,INR,bank_transfer,completed,9,3.3,False,14.57,level_1,29
TXN-1200855,2024-07-21,AI/ML Development,ZA,US,Data Scientist,267.22,EUR,credit_card,completed,26,4.8,False,53.44,new_seller,29
TXN-1200959,2024-07-22,Music Production,IN,GB,Designer,41.4,USD,bank_transfer,completed,14,4.1,True,8.28,new_seller,30
TXN-1200954,2024-07-22,Data Analysis,US,ES,Data Scientist,439.27,USD,credit_card,completed,4,3.7,False,87.85,level_2,30
TXN-1200951,2024-07-22,Mobile App,IN,IN,Software Engineer,43.12,USD,bank_transfer,completed,16,4.4,False,8.62,level_2,30
TXN-1200945,2024-07-22,Photography,IL,IN,Designer,81.52,INR,bank_transfer,completed,2,4.2,True,16.3,level_2,30
TXN-1200944,2024-07-22,Content Writing,IL,US,Writer,214.29,USD,credit_card,completed,2,4.6,False,42.86,level_1,30
TXN-1201073,2024-07-22,Photography,ZA,DE,Designer,434.47,USD,credit_card,completed,6,4.4,True,86.89,rising_talent,30
TXN-1200940,2024-07-22,Content Writing,US,US,Writer,461.29,USD,paypal,completed,2,4.4,True,92.26,rising_talent,30
TXN-1200939,2024-07-22,Content Writing,US,US,Writer,691.46,USD,credit_card,completed,1,3.2,False,138.29,new_seller,30
TXN-1200965,2024-07-22,SEO/SEM,US,US,Marketing Manager,474.46,USD,bank_transfer,completed,13,3.9,False,94.89,new_seller,30
TXN-1201134,2024-07-22,Graphic Design,NL,CA,Designer,79.65,USD,credit_card,completed,4,2.6,False,15.93,new_seller,30
TXN-1201100,2024-07-22,Translation,ZA,US,Writer,90.68,USD,paypal,completed,4,3.1,True,18.14,top_rated,30
TXN-1201075,2024-07-22,Music Production,US,US,Designer,708.86,USD,paypal,completed,16,3.8,False,141.77,level_2,30
TXN-1201077,2024-07-22,Mobile App,US,GB,Software Engineer,866.55,GBP,credit_card,completed,16,3.7,False,173.31,level_1,30
TXN-1201068,2024-07-22,Video Production,IN,IL,Designer,54.46,USD,credit_card,completed,7,4.7,False,10.89,top_rated,30
TXN-1200966,2024-07-22,Mobile App,IN,AU,Software Engineer,185.8,USD,paypal,completed,22,4.6,False,37.16,level_1,30
TXN-1200977,2024-07-22,Translation,FR,CA,Writer,1455.04,USD,paypal,completed,4,4.9,False,291.01,new_seller,30
TXN-1201050,2024-07-22,Photography,IL,IN,Designer,202.94,GBP,credit_card,completed,5,4.7,False,40.59,top_rated,30
TXN-1201012,2024-07-22,Data Analysis,FR,SG,Data Scientist,37.45,USD,bank_transfer,completed,5,4.5,True,7.49,level_1,30
TXN-1201006,2024-07-22,Data Analysis,ZA,IN,Data Scientist,53.03,USD,credit_card,completed,6,4.5,False,10.61,top_rated,30
TXN-1201023,2024-07-22,Financial Modeling,US,ZA,Accountant,6.1,USD,credit_card,completed,10,4.5,False,1.22,rising_talent,30
TXN-1201113,2024-07-22,Financial Modeling,NL,GB,Accountant,113.79,USD,credit_card,completed,8,4.8,False,22.76,level_1,30
TXN-1201025,2024-07-22,Data Analysis,IN,BR,Data Scientist,146.63,GBP,credit_card,completed,5,4.9,False,29.33,top_rated,30
TXN-1200997,2024-07-22,Translation,US,US,Writer,341.62,USD,credit_card,completed,2,4.6,False,68.32,level_1,30
TXN-1200967,2024-07-22,Virtual Assistant,IN,FR,HR Manager,243.54,USD,credit_card,completed,2,4.5,False,48.71,top_rated,30
TXN-1201030,2024-07-22,Video Production,US,AU,Designer,54.18,USD,paypal,completed,10,4.7,False,10.84,new_seller,30
TXN-1201036,2024-07-22,Data Analysis,GB,US,Data Scientist,146.94,USD,paypal,completed,9,3.5,False,29.39,level_2,30
TXN-1201123,2024-07-22,Photography,CA,FR,Designer,0.01,USD,credit_card,completed,2,4.2,True,0.0,level_2,30
TXN-1200980,2024-07-22,Translation,IN,FR,Writer,63.44,INR,bank_transfer,completed,2,2.6,False,12.69,level_2,30
TXN-1200979,2024-07-22,Financial Modeling,US,US,Accountant,666.68,USD,paypal,completed,4,4.9,False,133.34,level_1,30
TXN-1201125,2024-07-22,Mobile App,US,BR,Software Engineer,5.0,USD,bank_transfer,completed,21,4.4,True,1.0,rising_talent,30
TXN-1200970,2024-07-22,Photography,IL,JP,Designer,116.12,USD,crypto,completed,5,5.0,False,23.22,level_1,30
TXN-1201032,2024-07-22,Content Writing,IL,IN,Writer,33.92,EUR,credit_card,completed,2,4.9,False,6.78,rising_talent,30
TXN-1200988,2024-07-22,Legal Consulting,IN,DE,Lawyer,502.09,USD,paypal,completed,10,4.5,False,100.42,level_2,30
TXN-1201015,2024-07-22,AI/ML Development,US,GB,Data Scientist,163.39,USD,credit_card,completed,15,4.0,False,32.68,top_rated,30
TXN-1200889,2024-07-22,Legal Consulting,NL,GB,Lawyer,146.17,EUR,credit_card,completed,18,3.7,False,29.23,new_seller,30
TXN-1200906,2024-07-22,Mobile App,GB,IN,Software Engineer,134.49,EUR,credit_card,completed,16,3.6,False,26.9,new_seller,30
TXN-1200904,2024-07-22,Mobile App,US,DE,Software Engineer,277.03,USD,credit_card,completed,26,4.4,False,55.41,rising_talent,30
TXN-1200883,2024-07-22,Virtual Assistant,FR,BR,HR Manager,62.61,USD,credit_card,completed,3,5.0,True,12.52,level_2,30
TXN-1200893,2024-07-22,Content Writing,GB,ES,Writer,88.96,USD,credit_card,completed,5,4.5,False,17.79,level_1,30
TXN-1201096,2024-07-22,Legal Consulting,US,CA,Lawyer,115.63,USD,paypal,completed,11,4.2,True,23.13,level_2,30
TXN-1201145,2024-07-22,Content Writing,GB,US,Writer,324.19,INR,credit_card,completed,6,4.9,True,64.84,top_rated,30
TXN-1200886,2024-07-22,SEO/SEM,DE,US,Marketing Manager,94.08,USD,credit_card,completed,12,4.8,False,18.82,new_seller,30
TXN-1201142,2024-07-22,Social Media Management,IN,US,Marketing Manager,315.34,USD,credit_card,completed,6,2.9,False,63.07,level_1,30
TXN-1200976,2024-07-23,Social Media Management,NL,ES,Marketing Manager,197.85,USD,credit_card,completed,4,4.6,False,39.57,level_2,30
TXN-1200975,2024-07-23,Content Writing,MX,IN,Writer,6.33,USD,paypal,completed,3,4.9,False,1.27,level_1,30
TXN-1201053,2024-07-23,Financial Modeling,US,DE,Accountant,293.39,USD,paypal,completed,9,4.9,True,58.68,level_2,30
TXN-1201141,2024-07-23,Photography,IN,FR,Designer,1223.5,USD,credit_card,completed,6,3.6,False,244.7,level_2,30
TXN-1200911,2024-07-23,Music Production,ES,FR,Designer,108.41,USD,credit_card,completed,20,4.4,False,21.68,level_1,30
TXN-1201127,2024-07-23,Graphic Design,AU,ES,Designer,311.77,GBP,credit_card,completed,6,3.4,False,62.35,level_1,30
TXN-1200961,2024-07-23,Legal Consulting,SG,US,Lawyer,534.1,USD,paypal,completed,11,4.1,False,106.82,new_seller,30
TXN-1201090,2024-07-23,Data Analysis,BR,SG,Data Scientist,106.83,USD,paypal,completed,6,4.2,False,21.37,level_1,30
TXN-1200892,2024-07-23,Legal Consulting,NL,ES,Lawyer,35.42,USD,bank_transfer,completed,15,3.4,True,7.08,level_1,30
TXN-1200973,2024-07-23,Photography,FR,IN,Designer,141.5,USD,credit_card,completed,1,3.2,True,28.3,rising_talent,30
TXN-1201038,2024-07-23,Financial Modeling,FR,IN,Accountant,124.14,ILS,bank_transfer,completed,15,2.9,False,24.83,level_2,30
TXN-1201103,2024-07-23,Content Writing,US,US,Writer,34.76,GBP,paypal,completed,6,2.8,False,6.95,new_seller,30
TXN-1201116,2024-07-23,Financial Modeling,US,US,Accountant,402.19,USD,crypto,completed,16,4.3,False,80.44,level_1,30
TXN-1201011,2024-07-23,Graphic Design,CA,GB,Designer,19.87,ILS,bank_transfer,cancelled,7,,False,3.97,rising_talent,30
TXN-1201018,2024-07-23,Social Media Management,US,US,Marketing Manager,228.59,USD,credit_card,completed,6,4.4,True,45.72,new_seller,30
TXN-1201093,2024-07-23,Data Analysis,FR,CA,Data Scientist,488.14,USD,bank_transfer,completed,13,2.3,True,97.63,rising_talent,30
TXN-1201021,2024-07-23,Social Media Management,CA,ES,Marketing Manager,473.39,USD,credit_card,completed,9,4.3,False,94.68,level_2,30
TXN-1201095,2024-07-23,Music Production,US,CA,Designer,321.28,GBP,paypal,completed,5,4.1,False,64.26,level_2,30
TXN-1201143,2024-07-23,Financial Modeling,CA,BR,Accountant,39.99,USD,credit_card,completed,12,3.6,False,8.0,level_1,30
TXN-1201027,2024-07-23,Financial Modeling,US,AU,Accountant,133.09,USD,credit_card,completed,11,4.0,False,26.62,level_1,30
TXN-1201122,2024-07-23,Financial Modeling,FR,AU,Accountant,1144.33,EUR,paypal,completed,10,2.8,False,228.87,level_1,30
TXN-1200994,2024-07-23,Photography,US,IN,Designer,192.14,GBP,credit_card,completed,2,3.1,False,38.43,level_2,30
TXN-1200989,2024-07-23,Mobile App,US,US,Software Engineer,11.94,USD,credit_card,completed,23,4.7,False,2.39,rising_talent,30
TXN-1200884,2024-07-23,Mobile App,DE,BR,Software Engineer,660.03,USD,paypal,completed,24,4.5,True,132.01,top_rated,30
TXN-1201035,2024-07-23,SEO/SEM,US,US,Marketing Manager,93.1,GBP,bank_transfer,completed,11,4.8,False,18.62,level_1,30
TXN-1200885,2024-07-23,Content Writing,US,ZA,Writer,102.02,EUR,credit_card,completed,2,4.3,True,20.4,level_2,30
TXN-1201000,2024-07-23,Music Production,MX,FR,Designer,1402.37,USD,paypal,completed,6,3.1,False,280.47,level_2,30
TXN-1200950,2024-07-23,Financial Modeling,BR,MX,Accountant,36.91,USD,credit_card,completed,12,4.4,False,7.38,rising_talent,30
TXN-1200922,2024-07-23,Photography,US,US,Designer,129.08,EUR,paypal,completed,2,3.7,False,25.82,level_2,30
TXN-1200930,2024-07-23,Web Development,ES,US,Software Engineer,41.27,USD,credit_card,completed,20,3.5,False,8.25,rising_talent,30
TXN-1201078,2024-07-23,Virtual Assistant,BR,US,HR Manager,587.89,USD,bank_transfer,completed,1,4.1,True,117.58,level_2,30
TXN-1200923,2024-07-23,Graphic Design,IN,IN,Designer,69.15,GBP,credit_card,completed,4,4.9,False,13.83,rising_talent,30
TXN-1200927,2024-07-23,Music Production,GB,ES,Designer,25.74,USD,credit_card,completed,29,4.3,True,5.15,level_1,30
TXN-1200907,2024-07-23,Content Writing,IN,IN,Writer,920.42,USD,credit_card,completed,2,4.7,False,184.08,rising_talent,30
TXN-1200932,2024-07-23,Legal Consulting,GB,US,Lawyer,61.16,ILS,credit_card,in_progress,13,,False,12.23,level_1,30
TXN-1200933,2024-07-23,Music Production,US,US,Designer,45.89,USD,paypal,completed,17,4.9,True,9.18,level_1,30
TXN-1201082,2024-07-23,Music Production,BR,ES,Designer,95.99,USD,credit_card,completed,7,4.4,False,19.2,level_1,30
TXN-1200903,2024-07-23,Legal Consulting,GB,US,Lawyer,124.6,USD,paypal,completed,10,4.6,False,24.92,level_2,30
TXN-1201087,2024-07-23,Graphic Design,GB,US,Designer,212.97,USD,paypal,completed,4,1.0,True,42.59,new_seller,30
TXN-1201088,2024-07-23,Financial Modeling,US,DE,Accountant,45.08,USD,paypal,completed,23,3.4,False,9.02,rising_talent,30
TXN-1200905,2024-07-23,Graphic Design,US,IN,Designer,45.42,EUR,crypto,completed,3,4.7,False,9.08,level_2,30
TXN-1200920,2024-07-23,Music Production,DE,FR,Designer,14.35,USD,paypal,completed,13,4.4,True,2.87,level_1,30
TXN-1201065,2024-07-23,Graphic Design,GB,ZA,Designer,37.11,USD,credit_card,completed,4,4.6,False,7.42,level_1,30
TXN-1201076,2024-07-24,Video Production,US,AU,Designer,189.83,USD,credit_card,completed,11,4.3,False,37.97,level_2,30
TXN-1200984,2024-07-24,SEO/SEM,US,US,Marketing Manager,220.92,USD,credit_card,completed,9,2.2,False,44.18,level_1,30
TXN-1200928,2024-07-24,Graphic Design,ZA,AU,Designer,105.7,USD,bank_transfer,disputed,3,,False,21.14,level_1,30
TXN-1201105,2024-07-24,Financial Modeling,SG,US,Accountant,11.41,USD,credit_card,completed,6,4.4,True,2.28,level_1,30
TXN-1200987,2024-07-24,AI/ML Development,BR,IN,Data Scientist,209.79,USD,credit_card,completed,12,3.2,True,41.96,rising_talent,30
TXN-1200908,2024-07-24,Virtual Assistant,IN,US,HR Manager,105.69,ILS,paypal,completed,2,4.9,False,21.14,level_2,30
TXN-1200925,2024-07-24,SEO/SEM,US,GB,Marketing Manager,380.42,USD,paypal,completed,10,5.0,False,76.08,level_2,30
TXN-1201034,2024-07-24,AI/ML Development,IN,IN,Data Scientist,27.36,USD,crypto,completed,29,4.2,True,5.47,level_1,30
TXN-1200924,2024-07-24,Translation,IN,DE,Writer,17.66,USD,bank_transfer,completed,2,2.1,False,3.53,new_seller,30
TXN-1200993,2024-07-24,Legal Consulting,AU,US,Lawyer,2809.04,USD,credit_card,completed,12,3.5,False,561.81,rising_talent,30
TXN-1200918,2024-07-24,Content Writing,IN,DE,Writer,137.83,USD,paypal,completed,1,3.4,False,27.57,level_1,30
TXN-1200996,2024-07-24,Financial Modeling,BR,IN,Accountant,51.82,USD,credit_card,completed,9,3.5,False,10.36,rising_talent,30
TXN-1201146,2024-07-24,Photography,US,US,Designer,131.79,USD,credit_card,completed,4,4.0,False,26.36,new_seller,30
TXN-1201099,2024-07-24,Content Writing,IN,BR,Writer,41.05,USD,paypal,completed,2,4.7,False,8.21,level_1,30
TXN-1201063,2024-07-24,Graphic Design,US,IN,Designer,73.55,EUR,credit_card,completed,12,4.0,False,14.71,level_1,30
TXN-1201137,2024-07-24,Web Development,CA,IN,Software Engineer,708.95,USD,paypal,completed,18,4.2,False,141.79,top_rated,30
TXN-1200915,2024-07-24,Video Production,DE,BR,Designer,914.62,EUR,paypal,completed,12,4.1,True,182.92,level_1,30
TXN-1200913,2024-07-24,Content Writing,US,IN,Writer,38.39,USD,credit_card,cancelled,5,,False,7.68,level_1,30
TXN-1201117,2024-07-24,Photography,GB,DE,Designer,52.31,USD,credit_card,completed,4,1.8,True,10.46,level_1,30
TXN-1201119,2024-07-24,Mobile App,CA,IN,Software Engineer,76.17,USD,credit_card,cancelled,27,,False,15.23,level_1,30
TXN-1201140,2024-07-24,Video Production,NL,FR,Designer,234.11,INR,credit_card,completed,7,4.0,False,46.82,level_2,30
TXN-1200894,2024-07-24,Content Writing,CA,IN,Writer,117.97,USD,credit_card,completed,1,3.6,False,23.59,level_1,30
TXN-1201070,2024-07-24,Financial Modeling,DE,DE,Accountant,51.83,USD,credit_card,completed,9,4.4,True,10.37,new_seller,30
TXN-1201055,2024-07-24,Photography,NL,BR,Designer,46.53,USD,credit_card,completed,1,4.1,False,9.31,level_2,30
TXN-1201128,2024-07-24,Photography,GB,IN,Designer,147.56,ILS,credit_card,completed,5,2.9,True,29.51,level_1,30
TXN-1201144,2024-07-24,SEO/SEM,DE,GB,Marketing Manager,79.69,USD,credit_card,completed,8,4.6,False,15.94,level_1,30
TXN-1200891,2024-07-24,Translation,IN,AU,Writer,260.08,USD,paypal,completed,2,4.7,False,52.02,new_seller,30
TXN-1201111,2024-07-24,Financial Modeling,FR,DE,Accountant,203.0,USD,paypal,completed,10,3.2,True,40.6,rising_talent,30
TXN-1200917,2024-07-24,Content Writing,FR,FR,Writer,128.8,USD,paypal,completed,2,4.9,True,25.76,rising_talent,30
TXN-1201072,2024-07-24,SEO/SEM,MX,BR,Marketing Manager,189.28,USD,paypal,completed,6,4.2,False,37.86,rising_talent,30
TXN-1200999,2024-07-24,Graphic Design,US,IN,Designer,884.27,USD,bank_transfer,completed,5,4.6,True,176.85,rising_talent,30
TXN-1201114,2024-07-24,Legal Consulting,US,GB,Lawyer,196.12,GBP,crypto,completed,20,4.8,True,39.22,level_2,30
TXN-1200878,2024-07-24,Video Production,CA,ZA,Designer,107.27,USD,paypal,completed,5,3.7,True,21.45,rising_talent,30
TXN-1200971,2024-07-24,Web Development,FR,IN,Software Engineer,773.61,USD,bank_transfer,completed,21,1.0,True,154.72,level_2,30
TXN-1201040,2024-07-24,Photography,IN,GB,Designer,95.58,EUR,paypal,completed,4,4.3,False,19.12,level_1,30
TXN-1201115,2024-07-25,Music Production,IN,BR,Designer,41.93,USD,crypto,completed,11,3.6,True,8.39,level_1,30
TXN-1201084,2024-07-25,SEO/SEM,IN,DE,Marketing Manager,583.17,USD,bank_transfer,completed,10,4.7,False,116.63,level_2,30
TXN-1201064,2024-07-25,Financial Modeling,ES,US,Accountant,301.81,USD,paypal,completed,13,5.0,False,60.36,level_1,30
TXN-1201091,2024-07-25,Music Production,BR,DE,Designer,240.96,USD,paypal,completed,8,4.9,True,48.19,level_2,30
TXN-1201085,2024-07-25,Photography,US,US,Designer,139.01,ILS,credit_card,cancelled,8,,False,27.8,rising_talent,30
TXN-1201042,2024-07-25,Content Writing,US,US,Writer,201.12,USD,bank_transfer,completed,4,3.9,False,40.22,level_1,30
TXN-1201071,2024-07-25,Photography,US,BR,Designer,673.89,GBP,credit_card,completed,2,4.1,False,134.78,level_2,30
TXN-1201047,2024-07-25,Virtual Assistant,FR,MX,HR Manager,14.95,USD,credit_card,completed,1,4.7,False,2.99,rising_talent,30
TXN-1201052,2024-07-25,Data Analysis,US,GB,Data Scientist,45.34,INR,paypal,completed,5,3.5,False,9.07,rising_talent,30
TXN-1201067,2024-07-25,Graphic Design,GB,FR,Designer,255.04,USD,credit_card,completed,3,4.5,True,51.01,level_1,30
TXN-1201054,2024-07-25,Social Media Management,US,GB,Marketing Manager,192.37,USD,credit_card,completed,6,4.7,True,38.47,level_2,30
TXN-1201057,2024-07-25,Video Production,IN,BR,Designer,16.2,USD,credit_card,completed,8,3.0,False,3.24,rising_talent,30
TXN-1201058,2024-07-25,Financial Modeling,JP,IN,Accountant,458.64,GBP,crypto,cancelled,15,,True,91.73,top_rated,30
TXN-1201066,2024-07-25,Video Production,GB,ZA,Designer,833.89,USD,credit_card,completed,3,4.2,False,166.78,top_rated,30
TXN-1201089,2024-07-25,Web Development,JP,US,Software Engineer,829.1,USD,crypto,completed,12,3.8,False,165.82,level_2,30
TXN-1201029,2024-07-25,Music Production,GB,FR,Designer,1154.07,USD,bank_transfer,completed,18,4.4,True,230.81,new_seller,30
TXN-1201083,2024-07-25,Web Development,US,US,Software Engineer,57.42,EUR,bank_transfer,completed,12,3.2,False,11.48,rising_talent,30
TXN-1200914,2024-07-25,Social Media Management,GB,MX,Marketing Manager,264.24,USD,paypal,completed,8,4.6,True,52.85,level_2,30
TXN-1201010,2024-07-25,SEO/SEM,US,CA,Marketing Manager,68.09,USD,credit_card,completed,8,2.9,True,13.62,top_rated,30
TXN-1200968,2024-07-25,Translation,AU,NL,Writer,55.92,USD,credit_card,completed,2,3.8,True,11.18,top_rated,30
TXN-1200963,2024-07-25,Legal Consulting,ZA,US,Lawyer,230.81,USD,paypal,completed,23,3.9,True,46.16,level_1,30
TXN-1200956,2024-07-25,Mobile App,FR,FR,Software Engineer,271.27,EUR,credit_card,completed,18,4.4,False,54.25,new_seller,30
TXN-1200955,2024-07-25,Social Media Management,US,US,Marketing Manager,55.87,USD,credit_card,completed,6,4.4,False,11.17,level_1,30
TXN-1200949,2024-07-25,Translation,US,US,Writer,59.98,GBP,bank_transfer,completed,4,4.7,False,12.0,level_2,30
TXN-1201131,2024-07-25,Video Production,US,US,Designer,188.18,USD,credit_card,completed,16,4.9,False,37.64,rising_talent,30
TXN-1200938,2024-07-25,Legal Consulting,US,DE,Lawyer,29.16,USD,credit_card,completed,12,3.9,False,5.83,level_2,30
TXN-1201133,2024-07-25,Translation,JP,ES,Writer,43.9,USD,bank_transfer,completed,4,3.5,False,8.78,level_2,30
TXN-1200934,2024-07-25,SEO/SEM,FR,BR,Marketing Manager,99.3,USD,credit_card,completed,6,4.0,False,19.86,new_seller,30
TXN-1200978,2024-07-25,SEO/SEM,AU,IN,Marketing Manager,497.06,USD,bank_transfer,completed,10,4.6,True,99.41,level_1,30
TXN-1200931,2024-07-25,Translation,ZA,NL,Writer,22.24,USD,bank_transfer,completed,5,4.1,False,4.45,level_1,30
TXN-1200926,2024-07-25,Video Production,FR,IN,Designer,277.24,USD,bank_transfer,completed,11,5.0,False,55.45,new_seller,30
TXN-1200919,2024-07-25,AI/ML Development,FR,FR,Data Scientist,242.6,USD,paypal,completed,12,4.5,False,48.52,level_1,30
TXN-1200916,2024-07-25,Translation,US,NL,Writer,482.19,USD,paypal,completed,1,4.8,False,96.44,rising_talent,30
TXN-1200912,2024-07-25,Graphic Design,US,DE,Designer,395.58,USD,crypto,completed,2,3.1,False,79.12,rising_talent,30
TXN-1200910,2024-07-25,AI/ML Development,IN,DE,Data Scientist,103.22,GBP,credit_card,completed,11,4.8,True,20.64,level_1,30
TXN-1200909,2024-07-25,Video Production,US,CA,Designer,113.84,USD,crypto,completed,3,2.9,False,22.77,rising_talent,30
TXN-1201139,2024-07-25,Graphic Design,GB,IN,Designer,437.94,USD,credit_card,completed,3,3.8,False,87.59,level_2,30
TXN-1200897,2024-07-25,Legal Consulting,CA,US,Lawyer,1820.42,USD,credit_card,completed,16,4.5,False,364.08,rising_talent,30
TXN-1201147,2024-07-25,Video Production,GB,GB,Designer,211.16,USD,credit_card,completed,7,3.6,False,42.23,new_seller,30
TXN-1200929,2024-07-25,Web Development,NL,US,Software Engineer,29.21,USD,credit_card,completed,17,4.5,False,5.84,rising_talent,30
TXN-1200981,2024-07-25,Translation,GB,ES,Writer,1264.37,USD,paypal,completed,4,4.0,False,252.87,level_2,30
TXN-1201094,2024-07-25,Virtual Assistant,US,FR,HR Manager,169.85,USD,paypal,completed,2,3.5,False,33.97,level_2,30
TXN-1201009,2024-07-25,SEO/SEM,IN,US,Marketing Manager,986.92,USD,paypal,completed,6,3.3,False,197.38,new_seller,30
TXN-1200992,2024-07-25,Content Writing,DE,US,Writer,70.91,GBP,credit_card,completed,1,4.0,True,14.18,level_1,30
TXN-1201005,2024-07-25,AI/ML Development,BR,GB,Data Scientist,121.87,USD,credit_card,completed,19,4.8,True,24.37,level_2,30
TXN-1201004,2024-07-25,Social Media Management,IN,US,Marketing Manager,441.45,USD,bank_transfer,completed,6,3.6,True,88.29,rising_talent,30
TXN-1201112,2024-07-26,Mobile App,US,ZA,Software Engineer,451.91,ILS,credit_card,completed,23,3.2,True,90.38,level_1,30
TXN-1201069,2024-07-26,Mobile App,CA,US,Software Engineer,270.63,USD,bank_transfer,cancelled,21,,False,54.13,level_1,30
TXN-1200941,2024-07-26,Mobile App,GB,ES,Software Engineer,91.82,INR,credit_card,completed,15,4.2,True,18.36,top_rated,30
TXN-1201031,2024-07-26,Data Analysis,IN,IL,Data Scientist,80.78,EUR,bank_transfer,completed,19,3.3,True,16.16,level_2,30
TXN-1200936,2024-07-26,Legal Consulting,ES,GB,Lawyer,11.85,EUR,paypal,completed,12,4.4,False,2.37,level_2,30
TXN-1200998,2024-07-26,Financial Modeling,AU,US,Accountant,228.82,INR,bank_transfer,completed,6,4.6,False,45.76,new_seller,30
TXN-1201028,2024-07-26,Web Development,FR,BR,Software Engineer,74.76,EUR,credit_card,completed,18,4.9,True,14.95,top_rated,30
TXN-1201026,2024-07-26,Data Analysis,FR,ES,Data Scientist,346.1,USD,credit_card,completed,6,3.5,True,69.22,top_rated,30
TXN-1200921,2024-07-26,AI/ML Development,DE,US,Data Scientist,459.77,USD,credit_card,completed,29,4.2,False,91.95,level_1,30
TXN-1201080,2024-07-26,Mobile App,GB,ES,Software Engineer,49.8,USD,bank_transfer,completed,17,3.7,True,9.96,level_1,30
TXN-1201132,2024-07-26,Financial Modeling,ZA,US,Accountant,36.45,USD,paypal,completed,9,4.1,False,7.29,rising_talent,30
TXN-1201097,2024-07-26,Virtual Assistant,FR,US,HR Manager,124.68,USD,paypal,completed,1,4.6,False,24.94,level_2,30
TXN-1201120,2024-07-26,Music Production,FR,GB,Designer,119.3,USD,credit_card,completed,11,3.8,False,23.86,level_2,30
TXN-1201022,2024-07-26,Social Media Management,JP,MX,Marketing Manager,835.57,USD,paypal,completed,10,4.9,False,167.11,level_1,30
TXN-1201135,2024-07-26,SEO/SEM,BR,BR,Marketing Manager,864.28,USD,paypal,completed,13,3.3,True,172.86,level_2,30
TXN-1200900,2024-07-26,Social Media Management,IN,SG,Marketing Manager,207.39,INR,paypal,completed,12,4.3,True,41.48,new_seller,30
TXN-1201020,2024-07-26,Graphic Design,IL,US,Designer,108.95,USD,bank_transfer,completed,5,4.9,False,21.79,level_1,30
TXN-1201019,2024-07-26,Data Analysis,GB,IL,Data Scientist,17.75,USD,bank_transfer,completed,7,4.7,False,3.55,new_seller,30
TXN-1200881,2024-07-26,Music Production,IN,ES,Designer,33.26,GBP,credit_card,completed,19,4.7,False,6.65,top_rated,30
TXN-1201002,2024-07-26,Music Production,US,ES,Designer,42.6,USD,credit_card,completed,11,2.3,True,8.52,level_1,30
TXN-1201039,2024-07-26,Music Production,BR,IN,Designer,45.65,USD,crypto,completed,16,4.1,False,9.13,level_1,30
TXN-1200943,2024-07-26,Music Production,DE,US,Designer,582.33,USD,credit_card,completed,8,4.5,False,116.47,level_2,30
TXN-1200991,2024-07-26,Financial Modeling,IN,US,Accountant,1843.67,USD,credit_card,completed,7,5.0,True,368.73,new_seller,30
TXN-1200982,2024-07-26,Music Production,US,IN,Designer,743.08,USD,paypal,completed,14,4.5,False,148.62,new_seller,30
TXN-1201043,2024-07-26,Web Development,DE,AU,Software Engineer,92.34,GBP,bank_transfer,completed,9,4.2,False,18.47,new_seller,30
TXN-1201044,2024-07-26,Social Media Management,CA,BR,Marketing Manager,51.54,EUR,credit_card,completed,6,2.8,False,10.31,rising_talent,30
TXN-1200972,2024-07-26,Social Media Management,IN,IN,Marketing Manager,414.44,USD,paypal,completed,4,4.9,False,82.89,new_seller,30
TXN-1201110,2024-07-26,Photography,US,US,Designer,131.66,USD,paypal,completed,2,5.0,True,26.33,level_1,30
TXN-1200969,2024-07-26,Social Media Management,ES,SG,Marketing Manager,64.31,USD,paypal,completed,8,4.5,True,12.86,level_1,30
TXN-1201049,2024-07-26,SEO/SEM,DE,US,Marketing Manager,141.86,EUR,credit_card,completed,7,3.6,False,28.37,new_seller,30
TXN-1201037,2024-07-26,Virtual Assistant,BR,IN,HR Manager,376.2,USD,credit_card,completed,2,4.1,False,75.24,rising_talent,30
TXN-1201051,2024-07-26,Mobile App,NL,GB,Software Engineer,20.32,USD,paypal,completed,30,4.8,False,4.06,level_1,30
TXN-1200946,2024-07-26,AI/ML Development,US,FR,Data Scientist,25.5,ILS,bank_transfer,completed,14,3.5,False,5.1,new_seller,30
TXN-1200960,2024-07-26,Video Production,IN,GB,Designer,633.32,USD,bank_transfer,cancelled,12,,False,126.66,top_rated,30
TXN-1200985,2024-07-26,Translation,MX,DE,Writer,147.02,USD,credit_card,completed,3,2.3,False,29.4,level_1,30
TXN-1201056,2024-07-26,SEO/SEM,GB,DE,Marketing Manager,87.02,USD,credit_card,disputed,11,,False,17.4,rising_talent,30
TXN-1200986,2024-07-26,Graphic Design,IN,FR,Designer,200.51,USD,credit_card,completed,8,2.7,True,40.1,level_1,30
TXN-1200990,2024-07-26,AI/ML Development,BR,NL,Data Scientist,1139.26,USD,credit_card,completed,14,4.2,False,227.85,top_rated,30
TXN-1201130,2024-07-26,Content Writing,CA,US,Writer,588.16,ILS,paypal,completed,2,3.9,False,117.63,new_seller,30
TXN-1200952,2024-07-26,Legal Consulting,US,DE,Lawyer,287.55,USD,credit_card,completed,15,2.9,True,57.51,new_seller,30
TXN-1201102,2024-07-26,Mobile App,FR,CA,Software Engineer,359.85,USD,paypal,completed,12,4.3,True,71.97,level_1,30
TXN-1201033,2024-07-26,Data Analysis,CA,FR,Data Scientist,479.65,USD,credit_card,completed,6,3.6,False,95.93,level_1,30
TXN-1200948,2024-07-26,AI/ML Development,US,US,Data Scientist,1313.81,USD,credit_card,completed,14,4.7,True,262.76,rising_talent,30
TXN-1201013,2024-07-26,Financial Modeling,SG,GB,Accountant,868.59,USD,bank_transfer,completed,15,4.7,False,173.72,level_1,30
TXN-1200958,2024-07-26,Music Production,US,BR,Designer,383.32,USD,bank_transfer,completed,15,3.9,False,76.66,level_1,30
TXN-1201126,2024-07-27,AI/ML Development,IN,MX,Data Scientist,39.21,USD,credit_card,completed,19,4.0,True,7.84,level_1,30
TXN-1201121,2024-07-27,Video Production,ES,GB,Designer,161.52,USD,credit_card,completed,80,4.7,False,32.3,level_2,30
TXN-1201109,2024-07-27,Video Production,DE,US,Designer,89.94,USD,credit_card,completed,12,3.7,False,17.99,new_seller,30
TXN-1201108,2024-07-27,Video Production,GB,BR,Designer,461.85,USD,bank_transfer,completed,5,4.1,False,92.37,level_1,30
TXN-1201136,2024-07-27,Translation,ES,US,Writer,55.35,USD,credit_card,completed,3,4.5,False,11.07,level_2,30
TXN-1200942,2024-07-27,SEO/SEM,IN,IN,Marketing Manager,34.0,USD,bank_transfer,completed,10,4.0,True,6.8,level_2,30
TXN-1201086,2024-07-27,Mobile App,AU,IL,Software Engineer,57.54,GBP,bank_transfer,completed,21,3.6,False,11.51,level_1,30
TXN-1200974,2024-07-27,Mobile App,FR,US,Software Engineer,438.13,USD,credit_card,completed,26,2.2,False,87.63,level_1,30
TXN-1200983,2024-07-27,Legal Consulting,US,MX,Lawyer,208.95,USD,paypal,completed,7,4.0,True,41.79,new_seller,30
TXN-1200995,2024-07-27,Translation,GB,IN,Writer,85.44,USD,paypal,completed,1,4.6,False,17.09,rising_talent,30
TXN-1201001,2024-07-27,Mobile App,ES,US,Software Engineer,57.64,USD,paypal,completed,16,4.3,True,11.53,level_1,30
TXN-1201007,2024-07-27,Video Production,US,US,Designer,1388.19,USD,credit_card,cancelled,6,,True,277.64,level_1,30
TXN-1200953,2024-07-27,Content Writing,IN,DE,Writer,9.06,USD,bank_transfer,completed,3,4.4,False,1.81,level_2,30
TXN-1201008,2024-07-27,SEO/SEM,US,US,Marketing Manager,79.14,USD,paypal,disputed,9,,True,15.83,new_seller,30
TXN-1200947,2024-07-27,Legal Consulting,BR,IN,Lawyer,156.6,USD,credit_card,completed,15,3.7,True,31.32,level_1,30
TXN-1201092,2024-07-27,Data Analysis,AU,US,Data Scientist,895.35,INR,credit_card,completed,6,3.5,True,179.07,level_1,30
TXN-1201017,2024-07-27,Virtual Assistant,BR,IN,HR Manager,388.5,USD,credit_card,completed,3,3.5,True,77.7,level_2,30
TXN-1200937,2024-07-27,Graphic Design,US,DE,Designer,75.36,USD,credit_card,completed,3,2.9,True,15.07,new_seller,30
TXN-1200935,2024-07-27,Financial Modeling,US,US,Accountant,257.12,USD,bank_transfer,completed,5,2.8,False,51.42,level_1,30
TXN-1200964,2024-07-27,Translation,IN,FR,Writer,1066.26,USD,credit_card,completed,2,2.4,False,213.25,level_2,30
TXN-1200962,2024-07-27,Content Writing,GB,BR,Writer,2366.09,USD,credit_card,completed,2,3.6,False,473.22,level_1,30
TXN-1200899,2024-07-27,Translation,IN,US,Writer,954.33,GBP,credit_card,completed,2,3.7,True,190.87,level_1,30
TXN-1200880,2024-07-27,Photography,IL,US,Designer,300.47,USD,paypal,completed,8,2.8,False,60.09,level_2,30
TXN-1200898,2024-07-27,Music Production,DE,US,Designer,395.76,EUR,credit_card,completed,15,3.2,True,79.15,level_1,30
TXN-1201060,2024-07-27,Web Development,CA,US,Software Engineer,114.22,USD,credit_card,completed,12,4.8,False,22.84,level_1,30
TXN-1200895,2024-07-27,Content Writing,BR,BR,Writer,46.9,EUR,paypal,completed,2,4.7,False,9.38,rising_talent,30
TXN-1201061,2024-07-27,Data Analysis,US,US,Data Scientist,106.08,USD,credit_card,completed,17,4.6,False,21.22,level_1,30
TXN-1200882,2024-07-27,Translation,BR,CA,Writer,71.42,USD,credit_card,completed,1,3.9,True,14.28,level_2,30
TXN-1200901,2024-07-27,Virtual Assistant,SG,MX,HR Manager,22.25,USD,credit_card,completed,1,4.6,False,4.45,level_1,30
TXN-1201079,2024-07-27,Mobile App,DE,US,Software Engineer,255.77,GBP,credit_card,completed,15,3.3,False,51.15,level_1,30
TXN-1200887,2024-07-27,Social Media Management,ZA,NL,Marketing Manager,258.79,USD,paypal,completed,7,4.9,False,51.76,level_1,30
TXN-1200957,2024-07-28,Video Production,GB,US,Designer,145.68,USD,paypal,completed,4,2.7,True,29.14,new_seller,30
TXN-1200888,2024-07-28,Photography,DE,IN,Designer,107.08,USD,paypal,completed,3,4.4,False,21.42,level_2,30
TXN-1200890,2024-07-28,Social Media Management,IN,US,Marketing Manager,31.17,USD,credit_card,completed,16,3.9,True,6.23,level_1,30
TXN-1200896,2024-07-28,Legal Consulting,SG,DE,Lawyer,470.21,INR,paypal,completed,8,4.8,True,94.04,level_1,30
TXN-1201138,2024-07-28,Music Production,GB,SG,Designer,98.27,USD,paypal,completed,9,4.6,True,19.65,new_seller,30
TXN-1201129,2024-07-28,Virtual Assistant,BR,ES,HR Manager,1310.23,USD,credit_card,completed,2,4.4,True,262.05,level_2,30
TXN-1200902,2024-07-28,SEO/SEM,US,IN,Marketing Manager,22.23,USD,credit_card,completed,10,4.1,False,4.45,level_1,30
TXN-1200879,2024-07-28,Mobile App,US,US,Software Engineer,6.08,USD,paypal,completed,27,4.8,False,1.22,level_2,30
TXN-1201003,2024-07-28,Virtual Assistant,MX,US,HR Manager,112.62,EUR,credit_card,completed,2,3.4,True,22.52,level_1,30
TXN-1201124,2024-07-28,Legal Consulting,NL,US,Lawyer,493.49,ILS,paypal,completed,13,2.3,False,98.7,level_1,30
TXN-1201081,2024-07-28,AI/ML Development,IN,IN,Data Scientist,1541.35,USD,bank_transfer,completed,22,4.2,False,308.27,rising_talent,30
TXN-1201098,2024-07-28,AI/ML Development,US,IN,Data Scientist,127.22,USD,credit_card,completed,14,4.9,True,25.44,top_rated,30
TXN-1201074,2024-07-28,Mobile App,SG,GB,Software Engineer,552.57,GBP,credit_card,completed,12,4.6,False,110.51,level_2,30
TXN-1201101,2024-07-28,Music Production,BR,CA,Designer,1171.2,USD,credit_card,completed,9,4.1,False,234.24,level_2,30
TXN-1201104,2024-07-28,Video Production,IL,ES,Designer,1379.96,USD,paypal,completed,12,4.4,True,275.99,level_1,30
TXN-1201106,2024-07-28,Web Development,IN,GB,Software Engineer,66.48,USD,credit_card,completed,20,4.9,True,13.3,level_1,30
TXN-1201107,2024-07-28,Virtual Assistant,US,DE,HR Manager,25.02,GBP,credit_card,completed,2,2.3,True,5.0,level_2,30
TXN-1201062,2024-07-28,Virtual Assistant,US,IL,HR Manager,24.15,USD,credit_card,completed,1,3.2,False,4.83,level_1,30
TXN-1201048,2024-07-28,Content Writing,IN,US,Writer,382.62,USD,paypal,completed,3,4.4,False,76.52,top_rated,30
TXN-1201046,2024-07-28,Music Production,BR,FR,Designer,116.4,USD,credit_card,completed,10,3.4,False,23.28,rising_talent,30
TXN-1201045,2024-07-28,SEO/SEM,IN,IN,Marketing Manager,77.88,USD,paypal,completed,11,4.7,True,15.58,level_2,30
TXN-1201041,2024-07-28,SEO/SEM,SG,DE,Marketing Manager,43.6,USD,credit_card,completed,9,4.7,False,8.72,rising_talent,30
TXN-1201024,2024-07-28,SEO/SEM,US,IN,Marketing Manager,466.62,EUR,bank_transfer,completed,12,4.8,False,93.32,top_rated,30
TXN-1201016,2024-07-28,Financial Modeling,DE,IL,Accountant,22.31,USD,bank_transfer,completed,6,4.9,True,4.46,top_rated,30
TXN-1201014,2024-07-28,Virtual Assistant,FR,GB,HR Manager,805.82,USD,credit_card,completed,1,4.8,True,161.16,level_1,30
TXN-1201059,2024-07-28,AI/ML Development,US,IN,Data Scientist,25.83,USD,credit_card,completed,14,4.8,False,5.17,level_2,30
TXN-1201118,2024-07-28,Content Writing,US,NL,Writer,49.32,GBP,bank_transfer,completed,1,4.4,False,9.86,new_seller,30
TXN-1201177,2024-07-29,Financial Modeling,US,IL,Accountant,978.98,USD,credit_card,completed,8,3.0,True,195.8,level_2,31
TXN-1201176,2024-07-29,Financial Modeling,IL,US,Accountant,30.3,GBP,credit_card,completed,10,4.0,False,6.06,level_2,31
TXN-1201354,2024-07-29,Photography,DE,US,Designer,145.88,USD,bank_transfer,completed,6,3.5,True,29.18,new_seller,31
TXN-1201312,2024-07-29,Photography,JP,US,Designer,36.63,USD,credit_card,completed,8,3.5,False,7.33,new_seller,31
TXN-1201173,2024-07-29,Legal Consulting,GB,US,Lawyer,1362.54,INR,credit_card,completed,4,4.6,False,272.51,top_rated,31
TXN-1201178,2024-07-29,Web Development,NL,NL,Software Engineer,40.32,USD,crypto,completed,12,2.9,False,8.06,level_1,31
TXN-1201308,2024-07-29,Music Production,ZA,MX,Designer,72.81,USD,credit_card,completed,7,4.2,True,14.56,rising_talent,31
TXN-1201300,2024-07-29,Web Development,US,BR,Software Engineer,115.16,USD,credit_card,disputed,15,,False,23.03,level_1,31
TXN-1201281,2024-07-29,Legal Consulting,IN,BR,Lawyer,74.96,USD,credit_card,completed,11,3.5,False,14.99,level_1,31
TXN-1201217,2024-07-29,Web Development,BR,CA,Software Engineer,1264.8,USD,paypal,disputed,14,,False,252.96,level_1,31
TXN-1201211,2024-07-29,Social Media Management,MX,US,Marketing Manager,184.99,USD,paypal,completed,7,4.7,False,37.0,level_1,31
TXN-1201187,2024-07-29,Mobile App,CA,GB,Software Engineer,255.55,USD,credit_card,completed,24,4.4,True,51.11,level_1,31
TXN-1201189,2024-07-29,Data Analysis,FR,US,Data Scientist,512.76,USD,credit_card,completed,7,4.2,False,102.55,top_rated,31
TXN-1201208,2024-07-29,Web Development,US,US,Software Engineer,38.54,USD,paypal,completed,11,4.4,False,7.71,level_1,31
TXN-1201273,2024-07-29,Music Production,US,IN,Designer,125.51,GBP,paypal,completed,10,3.7,False,25.1,level_1,31
TXN-1201195,2024-07-29,Legal Consulting,AU,IN,Lawyer,219.41,GBP,paypal,completed,9,4.3,False,43.88,level_2,31
TXN-1201313,2024-07-29,Financial Modeling,DE,IN,Accountant,52.12,USD,paypal,completed,24,4.4,True,10.42,top_rated,31
TXN-1201197,2024-07-29,Graphic Design,GB,DE,Designer,41.4,USD,paypal,completed,2,4.7,False,8.28,level_2,31
TXN-1201266,2024-07-29,Graphic Design,IN,US,Designer,212.85,USD,paypal,completed,6,4.2,True,42.57,level_1,31
TXN-1201258,2024-07-29,Graphic Design,US,AU,Designer,21.07,USD,credit_card,completed,3,4.7,False,4.21,new_seller,31
TXN-1201253,2024-07-29,Data Analysis,DE,FR,Data Scientist,46.42,GBP,bank_transfer,completed,5,3.8,False,9.28,level_2,31
TXN-1201256,2024-07-29,Legal Consulting,NL,IN,Lawyer,8.68,EUR,credit_card,completed,10,3.0,False,1.74,level_1,31
TXN-1201243,2024-07-29,Graphic Design,JP,GB,Designer,759.52,EUR,bank_transfer,completed,4,4.2,False,151.9,level_2,31
TXN-1201233,2024-07-29,Music Production,ES,IN,Designer,21.32,USD,credit_card,completed,8,2.9,False,4.26,new_seller,31
TXN-1201246,2024-07-29,Content Writing,NL,DE,Writer,1276.24,USD,paypal,completed,5,4.1,False,255.25,level_1,31
TXN-1201236,2024-07-29,Mobile App,IN,IL,Software Engineer,145.06,USD,paypal,completed,30,4.8,False,29.01,level_2,31
TXN-1201338,2024-07-29,SEO/SEM,ES,DE,Marketing Manager,1376.22,USD,credit_card,completed,6,4.3,True,275.24,rising_talent,31
TXN-1201328,2024-07-29,Financial Modeling,MX,DE,Accountant,39.45,USD,paypal,disputed,9,,False,7.89,level_1,31
TXN-1201235,2024-07-29,Financial Modeling,MX,US,Accountant,125.91,USD,credit_card,completed,13,4.5,True,25.18,level_2,31
TXN-1201227,2024-07-29,Virtual Assistant,SG,US,HR Manager,254.49,USD,credit_card,completed,1,4.6,False,50.9,level_2,31
TXN-1201391,2024-07-29,Legal Consulting,AU,US,Lawyer,120.02,USD,credit_card,completed,16,3.1,False,24.0,level_1,31
TXN-1201318,2024-07-29,Virtual Assistant,IN,US,HR Manager,38.17,USD,paypal,completed,1,3.4,False,7.63,rising_talent,31
TXN-1201316,2024-07-29,Legal Consulting,IL,BR,Lawyer,392.71,USD,credit_card,completed,14,3.8,False,78.54,top_rated,31
TXN-1201326,2024-07-29,Mobile App,US,US,Software Engineer,12.88,USD,bank_transfer,completed,30,4.4,True,2.58,level_2,31
TXN-1201201,2024-07-30,Virtual Assistant,US,IN,HR Manager,13.39,ILS,paypal,completed,2,4.0,False,2.68,rising_talent,31
TXN-1201277,2024-07-30,Data Analysis,IN,US,Data Scientist,276.15,USD,credit_card,completed,2,4.7,False,55.23,level_2,31
TXN-1201238,2024-07-30,Financial Modeling,IN,IN,Accountant,80.23,USD,credit_card,completed,12,4.8,False,16.05,rising_talent,31
TXN-1201368,2024-07-30,Social Media Management,SG,FR,Marketing Manager,258.75,USD,credit_card,completed,9,2.8,False,51.75,level_1,31
TXN-1201209,2024-07-30,Web Development,IN,AU,Software Engineer,165.07,USD,credit_card,completed,7,4.2,False,33.01,new_seller,31
TXN-1201204,2024-07-30,Financial Modeling,MX,ES,Accountant,1719.91,USD,paypal,completed,20,3.6,False,343.98,level_2,31
TXN-1201215,2024-07-30,Graphic Design,US,IL,Designer,324.28,USD,credit_card,completed,2,3.7,False,64.86,rising_talent,31
TXN-1201245,2024-07-30,Virtual Assistant,US,US,HR Manager,34.74,ILS,credit_card,completed,1,4.4,False,6.95,level_1,31
TXN-1201214,2024-07-30,Music Production,US,GB,Designer,183.84,USD,credit_card,completed,17,4.6,True,36.77,new_seller,31
TXN-1201232,2024-07-30,Legal Consulting,FR,DE,Lawyer,290.04,USD,paypal,completed,27,4.4,False,58.01,rising_talent,31
TXN-1201220,2024-07-30,Social Media Management,GB,GB,Marketing Manager,310.4,EUR,credit_card,completed,5,4.3,True,62.08,level_2,31
TXN-1201264,2024-07-30,Data Analysis,US,DE,Data Scientist,73.63,GBP,credit_card,completed,10,3.2,False,14.73,rising_talent,31
TXN-1201369,2024-07-30,Graphic Design,IL,US,Designer,44.42,INR,paypal,completed,6,4.9,False,8.88,level_1,31
TXN-1201371,2024-07-30,Video Production,NL,FR,Designer,20.01,USD,paypal,completed,13,1.0,False,4.0,rising_talent,31
TXN-1201226,2024-07-30,Video Production,MX,US,Designer,112.62,USD,paypal,completed,4,3.8,False,22.52,level_2,31
TXN-1201363,2024-07-30,SEO/SEM,CA,IN,Marketing Manager,324.56,USD,paypal,completed,26,3.4,False,64.91,new_seller,31
TXN-1201271,2024-07-30,SEO/SEM,US,US,Marketing Manager,309.87,USD,bank_transfer,completed,26,3.9,True,61.97,level_2,31
TXN-1201282,2024-07-30,AI/ML Development,CA,IN,Data Scientist,521.14,USD,credit_card,completed,13,1.8,False,104.23,level_1,31
TXN-1201353,2024-07-30,Photography,DE,CA,Designer,8.84,USD,paypal,completed,5,4.0,True,1.77,level_1,31
TXN-1201357,2024-07-30,Translation,FR,BR,Writer,1464.79,GBP,bank_transfer,cancelled,2,,True,292.96,level_2,31
TXN-1201150,2024-07-30,Legal Consulting,CA,CA,Lawyer,58.04,USD,crypto,completed,13,3.1,False,11.61,level_1,31
TXN-1201151,2024-07-30,Photography,ZA,US,Designer,95.97,USD,credit_card,completed,8,4.3,False,19.19,level_2,31
TXN-1201337,2024-07-30,Video Production,CA,MX,Designer,29.76,USD,credit_card,completed,5,3.3,True,5.95,level_2,31
TXN-1201153,2024-07-30,Video Production,GB,SG,Designer,240.46,USD,paypal,completed,5,4.1,False,48.09,level_1,31
TXN-1201334,2024-07-30,Content Writing,CA,IN,Writer,66.74,INR,paypal,completed,2,5.0,True,13.35,rising_talent,31
TXN-1201343,2024-07-30,Music Production,US,CA,Designer,10.83,USD,credit_card,completed,18,4.8,False,2.17,level_1,31
TXN-1201332,2024-07-30,Virtual Assistant,US,US,HR Manager,1006.46,USD,credit_card,completed,1,4.1,False,201.29,rising_talent,31
TXN-1201159,2024-07-30,Data Analysis,GB,SG,Data Scientist,212.46,USD,bank_transfer,completed,8,1.0,True,42.49,top_rated,31
TXN-1201385,2024-07-30,Web Development,SG,US,Software Engineer,2312.77,USD,paypal,completed,8,3.7,False,462.55,rising_talent,31
TXN-1201383,2024-07-30,Translation,IN,JP,Writer,62.11,EUR,credit_card,completed,1,4.4,False,12.42,rising_talent,31
TXN-1201199,2024-07-30,Virtual Assistant,DE,IN,HR Manager,248.81,USD,credit_card,completed,4,2.6,False,49.76,rising_talent,31
TXN-1201182,2024-07-30,Music Production,ES,AU,Designer,51.65,USD,credit_card,completed,8,2.9,False,10.33,level_1,31
TXN-1201295,2024-07-30,Data Analysis,BR,US,Data Scientist,133.25,USD,credit_card,completed,16,4.2,True,26.65,level_2,31
TXN-1201242,2024-07-30,Legal Consulting,US,US,Lawyer,690.29,USD,bank_transfer,completed,11,4.9,False,138.06,level_2,31
TXN-1201190,2024-07-30,Music Production,FR,GB,Designer,135.0,USD,paypal,completed,13,3.4,False,27.0,rising_talent,31
TXN-1201284,2024-07-30,AI/ML Development,US,US,Data Scientist,91.81,USD,credit_card,completed,25,4.8,False,18.36,level_1,31
TXN-1201194,2024-07-30,Photography,IN,CA,Designer,171.76,USD,credit_card,completed,4,4.2,True,34.35,level_2,31
TXN-1201285,2024-07-30,Video Production,MX,GB,Designer,223.49,EUR,bank_transfer,completed,6,3.4,False,44.7,rising_talent,31
TXN-1201286,2024-07-30,Legal Consulting,IL,GB,Lawyer,492.61,USD,paypal,completed,7,4.7,False,98.52,level_1,31
TXN-1201294,2024-07-30,Graphic Design,US,US,Designer,90.7,USD,bank_transfer,completed,6,4.2,True,18.14,rising_talent,31
TXN-1201278,2024-07-31,Graphic Design,ES,GB,Designer,94.62,EUR,credit_card,completed,7,4.6,True,18.92,rising_talent,31
TXN-1201276,2024-07-31,Legal Consulting,CA,IN,Lawyer,183.83,EUR,credit_card,completed,16,4.7,False,36.77,rising_talent,31
TXN-1201287,2024-07-31,Photography,DE,IL,Designer,57.72,USD,paypal,completed,3,3.1,False,11.54,level_1,31
TXN-1201344,2024-07-31,Mobile App,US,ES,Software Engineer,63.72,USD,paypal,cancelled,16,,False,12.74,rising_talent,31
TXN-1201345,2024-07-31,Translation,IN,IN,Writer,169.63,USD,paypal,completed,1,4.5,False,33.93,level_1,31
TXN-1201252,2024-07-31,Video Production,IN,US,Designer,17.57,GBP,credit_card,completed,15,4.9,False,3.51,new_seller,31
TXN-1201268,2024-07-31,SEO/SEM,IN,IN,Marketing Manager,57.94,INR,credit_card,completed,12,3.3,False,11.59,level_1,31
TXN-1201324,2024-07-31,Video Production,CA,MX,Designer,405.96,USD,credit_card,completed,7,4.4,False,81.19,new_seller,31
TXN-1201348,2024-07-31,Web Development,GB,FR,Software Engineer,56.52,GBP,credit_card,completed,15,2.8,False,11.3,new_seller,31
TXN-1201291,2024-07-31,Video Production,US,DE,Designer,22.7,GBP,credit_card,completed,2,3.4,True,4.54,level_1,31
TXN-1201314,2024-07-31,Music Production,SG,SG,Designer,20.54,USD,credit_card,completed,10,4.2,False,4.11,level_1,31
TXN-1201310,2024-07-31,Virtual Assistant,ES,US,HR Manager,433.05,USD,bank_transfer,cancelled,2,,True,86.61,top_rated,31
TXN-1201299,2024-07-31,Content Writing,IN,GB,Writer,99.66,EUR,bank_transfer,completed,2,4.3,False,19.93,new_seller,31
TXN-1201270,2024-07-31,Social Media Management,IN,GB,Marketing Manager,122.48,USD,credit_card,completed,7,4.9,False,24.5,level_1,31
TXN-1201265,2024-07-31,Legal Consulting,FR,DE,Lawyer,39.18,USD,credit_card,completed,17,4.2,True,7.84,level_2,31
TXN-1201269,2024-07-31,Financial Modeling,IN,US,Accountant,98.26,USD,credit_card,completed,14,4.0,False,19.65,level_2,31
TXN-1201292,2024-07-31,Content Writing,IN,US,Writer,22.91,USD,credit_card,completed,3,4.1,True,4.58,rising_talent,31
TXN-1201290,2024-07-31,Photography,GB,IN,Designer,65.43,USD,paypal,completed,2,3.7,False,13.09,level_2,31
TXN-1201283,2024-07-31,Translation,IN,BR,Writer,168.33,USD,paypal,completed,2,4.6,True,33.67,new_seller,31
TXN-1201374,2024-07-31,Social Media Management,US,IN,Marketing Manager,86.03,EUR,credit_card,completed,13,4.6,False,17.21,level_1,31
TXN-1201240,2024-07-31,Mobile App,US,GB,Software Engineer,14.08,USD,paypal,completed,24,3.9,False,2.82,top_rated,31
TXN-1201386,2024-07-31,Photography,FR,US,Designer,761.98,GBP,credit_card,completed,5,3.6,True,152.4,level_2,31
TXN-1201160,2024-07-31,Graphic Design,US,US,Designer,87.02,USD,paypal,completed,2,2.6,True,17.4,top_rated,31
TXN-1201161,2024-07-31,SEO/SEM,US,ZA,Marketing Manager,102.15,USD,paypal,completed,23,4.0,False,20.43,new_seller,31
TXN-1201168,2024-07-31,Translation,IN,BR,Writer,323.35,USD,credit_card,completed,2,3.3,False,64.67,rising_talent,31
TXN-1201175,2024-07-31,Legal Consulting,ES,US,Lawyer,428.48,USD,credit_card,completed,12,4.9,True,85.7,level_1,31
TXN-1201179,2024-07-31,Social Media Management,FR,MX,Marketing Manager,186.78,USD,credit_card,completed,4,4.2,False,37.36,level_1,31
TXN-1201380,2024-07-31,Web Development,FR,JP,Software Engineer,143.13,USD,credit_card,completed,25,3.6,False,28.63,rising_talent,31
TXN-1201184,2024-07-31,AI/ML Development,US,ZA,Data Scientist,123.44,USD,credit_card,completed,13,3.8,False,24.69,new_seller,31
TXN-1201185,2024-07-31,Web Development,MX,FR,Software Engineer,152.0,USD,credit_card,completed,18,4.2,True,30.4,level_1,31
TXN-1201188,2024-07-31,Music Production,AU,US,Designer,130.34,GBP,paypal,completed,12,3.5,False,26.07,top_rated,31
TXN-1201193,2024-07-31,Content Writing,DE,IN,Writer,202.24,EUR,credit_card,completed,1,4.5,False,40.45,level_2,31
TXN-1201377,2024-07-31,Translation,ES,BR,Writer,893.92,EUR,crypto,completed,5,3.0,False,178.78,level_1,31
TXN-1201210,2024-07-31,Financial Modeling,AU,AU,Accountant,50.0,EUR,credit_card,completed,7,4.6,False,10.0,level_1,31
TXN-1201340,2024-07-31,Social Media Management,GB,US,Marketing Manager,51.63,USD,crypto,completed,5,4.2,True,10.33,level_1,31
TXN-1201221,2024-07-31,Mobile App,US,AU,Software Engineer,136.83,USD,credit_card,disputed,21,,True,27.37,top_rated,31
TXN-1201341,2024-07-31,Virtual Assistant,DE,IN,HR Manager,970.78,USD,paypal,completed,1,3.9,True,194.16,top_rated,31
TXN-1201225,2024-07-31,Translation,DE,US,Writer,254.3,USD,credit_card,completed,2,4.5,False,50.86,level_1,31
TXN-1201234,2024-07-31,SEO/SEM,ES,AU,Marketing Manager,85.09,USD,crypto,completed,12,4.4,False,17.02,level_1,31
TXN-1201289,2024-08-01,Data Analysis,IL,CA,Data Scientist,493.5,USD,paypal,completed,7,3.1,True,98.7,level_1,31
TXN-1201293,2024-08-01,Data Analysis,BR,FR,Data Scientist,125.31,EUR,paypal,cancelled,6,,False,25.06,top_rated,31
TXN-1201249,2024-08-01,Legal Consulting,GB,NL,Lawyer,30.65,USD,credit_card,completed,20,3.6,True,6.13,level_2,31
TXN-1201298,2024-08-01,Web Development,FR,IN,Software Engineer,522.27,USD,credit_card,completed,29,4.3,False,104.45,level_1,31
TXN-1201180,2024-08-01,Video Production,IN,IL,Designer,136.04,USD,bank_transfer,completed,7,4.5,False,27.21,new_seller,31
TXN-1201223,2024-08-01,Mobile App,GB,AU,Software Engineer,548.26,USD,paypal,completed,21,4.7,False,109.65,level_1,31
TXN-1201301,2024-08-01,Content Writing,ES,BR,Writer,413.52,USD,credit_card,completed,4,4.5,True,82.7,new_seller,31
TXN-1201304,2024-08-01,Data Analysis,FR,US,Data Scientist,105.48,USD,paypal,completed,7,4.1,False,21.1,top_rated,31
TXN-1201367,2024-08-01,Web Development,US,GB,Software Engineer,150.49,ILS,credit_card,disputed,11,,True,30.1,level_1,31
TXN-1201174,2024-08-01,Legal Consulting,US,DE,Lawyer,172.38,USD,paypal,completed,16,4.3,False,34.48,new_seller,31
TXN-1201309,2024-08-01,SEO/SEM,GB,GB,Marketing Manager,28.76,EUR,bank_transfer,completed,5,3.4,False,5.75,level_2,31
TXN-1201364,2024-08-01,Content Writing,US,US,Writer,83.73,USD,paypal,disputed,2,,False,16.75,rising_talent,31
TXN-1201171,2024-08-01,Graphic Design,US,FR,Designer,431.84,USD,crypto,completed,6,3.9,False,86.37,level_2,31
TXN-1201231,2024-08-01,AI/ML Development,US,NL,Data Scientist,52.18,EUR,credit_card,completed,21,4.1,False,10.44,rising_talent,31
TXN-1201317,2024-08-01,Legal Consulting,IN,US,Lawyer,76.43,USD,credit_card,completed,6,3.0,True,15.29,level_2,31
TXN-1201165,2024-08-01,SEO/SEM,MX,US,Marketing Manager,128.06,USD,credit_card,completed,8,3.9,True,25.61,level_1,31
TXN-1201351,2024-08-01,Content Writing,GB,GB,Writer,185.82,USD,credit_card,completed,6,4.7,False,37.16,level_1,31
TXN-1201163,2024-08-01,AI/ML Development,IL,BR,Data Scientist,136.28,USD,credit_card,completed,30,4.5,False,27.26,level_1,31
TXN-1201244,2024-08-01,Photography,US,IN,Designer,1164.56,USD,credit_card,completed,3,3.8,True,232.91,level_2,31
TXN-1201329,2024-08-01,SEO/SEM,US,US,Marketing Manager,653.52,USD,credit_card,completed,9,4.5,False,130.7,rising_talent,31
TXN-1201239,2024-08-01,Video Production,FR,GB,Designer,209.63,USD,paypal,completed,3,4.2,False,41.93,top_rated,31
TXN-1201152,2024-08-01,Data Analysis,BR,US,Data Scientist,812.2,USD,paypal,completed,15,4.7,False,162.44,level_2,31
TXN-1201192,2024-08-01,Video Production,BR,NL,Designer,69.84,USD,bank_transfer,completed,10,4.3,False,13.97,new_seller,31
TXN-1201311,2024-08-01,SEO/SEM,DE,GB,Marketing Manager,283.41,USD,credit_card,completed,12,4.7,True,56.68,level_2,31
TXN-1201248,2024-08-01,Web Development,FR,CA,Software Engineer,167.66,USD,credit_card,completed,8,4.6,False,33.53,new_seller,31
TXN-1201198,2024-08-01,Data Analysis,US,BR,Data Scientist,361.9,USD,crypto,completed,7,4.2,True,72.38,rising_talent,31
TXN-1201207,2024-08-01,SEO/SEM,SG,FR,Marketing Manager,49.33,EUR,credit_card,completed,14,4.4,False,9.87,top_rated,31
TXN-1201274,2024-08-01,AI/ML Development,GB,ES,Data Scientist,20.21,USD,paypal,cancelled,9,,False,4.04,level_2,31
TXN-1201275,2024-08-01,Music Production,MX,US,Designer,512.44,USD,paypal,completed,11,5.0,False,102.49,new_seller,31
TXN-1201206,2024-08-01,Photography,DE,SG,Designer,171.03,USD,credit_card,completed,4,3.5,True,34.21,new_seller,31
TXN-1201205,2024-08-01,SEO/SEM,ES,US,Marketing Manager,19.78,USD,paypal,completed,19,4.1,True,3.96,rising_talent,31
TXN-1201212,2024-08-01,Data Analysis,GB,IL,Data Scientist,409.82,EUR,paypal,completed,6,4.9,True,81.96,rising_talent,31
TXN-1201279,2024-08-01,Data Analysis,AU,US,Data Scientist,770.62,USD,credit_card,completed,8,4.5,True,154.12,top_rated,31
TXN-1201280,2024-08-01,Photography,CA,US,Designer,62.69,GBP,credit_card,completed,2,4.3,True,12.54,new_seller,31
TXN-1201376,2024-08-01,Financial Modeling,SG,NL,Accountant,581.55,EUR,bank_transfer,completed,7,4.5,False,116.31,level_1,31
TXN-1201200,2024-08-01,Data Analysis,US,US,Data Scientist,124.35,USD,credit_card,cancelled,7,,False,24.87,top_rated,31
TXN-1201166,2024-08-02,Social Media Management,US,CA,Marketing Manager,756.62,EUR,paypal,completed,6,4.9,True,151.32,level_2,31
TXN-1201319,2024-08-02,Graphic Design,MX,US,Designer,218.09,USD,paypal,completed,5,4.7,False,43.62,level_2,31
TXN-1201224,2024-08-02,Social Media Management,US,NL,Marketing Manager,208.98,EUR,credit_card,disputed,6,,False,41.8,level_2,31
TXN-1201339,2024-08-02,AI/ML Development,GB,AU,Data Scientist,338.16,USD,paypal,completed,17,3.9,True,67.63,level_1,31
TXN-1201384,2024-08-02,Financial Modeling,DE,IN,Accountant,119.94,USD,credit_card,cancelled,9,,True,23.99,new_seller,31
TXN-1201323,2024-08-02,Mobile App,US,US,Software Engineer,530.24,USD,paypal,completed,30,4.4,False,106.05,new_seller,31
TXN-1201149,2024-08-02,Graphic Design,IN,NL,Designer,1950.99,GBP,paypal,completed,4,4.8,False,390.2,level_1,31
TXN-1201158,2024-08-02,Data Analysis,JP,FR,Data Scientist,52.2,USD,credit_card,completed,3,3.2,False,10.44,level_2,31
TXN-1201257,2024-08-02,Music Production,FR,US,Designer,1235.18,USD,credit_card,completed,22,4.1,True,247.04,level_1,31
TXN-1201263,2024-08-02,Translation,DE,GB,Writer,145.06,USD,credit_card,completed,3,3.6,False,29.01,level_1,31
TXN-1201260,2024-08-02,Content Writing,US,MX,Writer,138.6,USD,credit_card,completed,3,4.3,False,27.72,level_1,31
TXN-1201342,2024-08-02,Financial Modeling,GB,BR,Accountant,282.67,USD,bank_transfer,completed,12,4.6,False,56.53,new_seller,31
TXN-1201335,2024-08-02,Financial Modeling,DE,US,Accountant,18.37,USD,paypal,completed,16,2.6,True,3.67,level_2,31
TXN-1201387,2024-08-02,Translation,US,IN,Writer,170.41,USD,bank_transfer,completed,3,4.8,False,34.08,level_1,31
TXN-1201222,2024-08-02,Graphic Design,IL,IN,Designer,156.96,USD,bank_transfer,completed,6,2.9,True,31.39,new_seller,31
TXN-1201261,2024-08-02,Web Development,US,GB,Software Engineer,1519.42,USD,paypal,completed,20,3.9,False,303.88,level_2,31
TXN-1201213,2024-08-02,Virtual Assistant,GB,FR,HR Manager,330.19,USD,paypal,completed,2,3.4,True,66.04,level_2,31
TXN-1201170,2024-08-02,Web Development,NL,IN,Software Engineer,67.52,EUR,crypto,completed,7,3.9,False,13.5,rising_talent,31
TXN-1201186,2024-08-02,Translation,US,US,Writer,46.59,USD,paypal,completed,1,4.2,False,9.32,level_1,31
TXN-1201381,2024-08-02,SEO/SEM,IN,IL,Marketing Manager,142.29,USD,credit_card,completed,6,2.4,False,28.46,level_2,31
TXN-1201169,2024-08-02,Music Production,FR,IL,Designer,206.33,USD,bank_transfer,completed,10,4.8,False,41.27,top_rated,31
TXN-1201303,2024-08-02,Mobile App,DE,SG,Software Engineer,432.22,GBP,credit_card,disputed,24,,True,86.44,level_2,31
TXN-1201251,2024-08-02,AI/ML Development,US,US,Data Scientist,316.04,GBP,credit_card,completed,10,3.3,True,63.21,rising_talent,31
TXN-1201254,2024-08-02,Mobile App,SG,IN,Software Engineer,724.71,USD,bank_transfer,completed,28,2.5,False,144.94,level_1,31
TXN-1201307,2024-08-02,Social Media Management,IN,DE,Marketing Manager,162.98,USD,paypal,completed,10,2.3,False,32.6,level_1,31
TXN-1201306,2024-08-02,Graphic Design,DE,US,Designer,821.48,USD,credit_card,completed,3,4.7,False,164.3,level_1,31
TXN-1201241,2024-08-02,Web Development,US,GB,Software Engineer,151.48,USD,crypto,completed,24,3.8,False,30.3,level_1,31
TXN-1201191,2024-08-02,Virtual Assistant,US,DE,HR Manager,28.93,USD,credit_card,completed,2,4.1,False,5.79,level_1,31
TXN-1201365,2024-08-02,Video Production,NL,MX,Designer,55.54,INR,credit_card,completed,7,4.5,False,11.11,level_1,31
TXN-1201272,2024-08-02,Content Writing,IN,DE,Writer,54.09,INR,credit_card,completed,3,3.9,False,10.82,rising_talent,31
TXN-1201250,2024-08-02,Data Analysis,IN,US,Data Scientist,234.76,USD,credit_card,completed,5,3.2,False,46.95,top_rated,31
TXN-1201370,2024-08-03,Legal Consulting,ES,SG,Lawyer,708.35,USD,credit_card,completed,8,4.5,False,141.67,level_2,31
TXN-1201389,2024-08-03,Translation,CA,CA,Writer,338.22,USD,bank_transfer,completed,1,3.7,False,67.64,rising_talent,31
TXN-1201361,2024-08-03,Legal Consulting,FR,ES,Lawyer,116.65,USD,crypto,completed,7,4.7,True,23.33,level_1,31
TXN-1201388,2024-08-03,Data Analysis,CA,IN,Data Scientist,27.95,ILS,paypal,completed,4,4.5,False,5.59,level_2,31
TXN-1201378,2024-08-03,Translation,NL,US,Writer,118.22,USD,credit_card,completed,3,4.9,False,23.64,level_1,31
TXN-1201346,2024-08-03,Web Development,DE,GB,Software Engineer,71.14,USD,paypal,completed,24,3.6,True,14.23,rising_talent,31
TXN-1201347,2024-08-03,Video Production,CA,US,Designer,78.9,GBP,paypal,completed,6,4.6,False,15.78,new_seller,31
TXN-1201372,2024-08-03,Data Analysis,US,AU,Data Scientist,15.42,USD,bank_transfer,completed,10,4.1,True,3.08,level_1,31
TXN-1201352,2024-08-03,Web Development,FR,NL,Software Engineer,230.94,EUR,credit_card,disputed,18,,False,46.19,level_2,31
TXN-1201382,2024-08-03,Mobile App,US,GB,Software Engineer,17.04,USD,bank_transfer,completed,29,2.4,True,3.41,level_1,31
TXN-1201362,2024-08-03,Photography,ES,JP,Designer,297.1,INR,paypal,completed,3,4.2,False,59.42,level_2,31
TXN-1201375,2024-08-03,SEO/SEM,NL,IN,Marketing Manager,372.51,USD,paypal,completed,10,5.0,True,74.5,level_1,31
TXN-1201359,2024-08-03,Translation,GB,US,Writer,34.35,USD,paypal,completed,2,4.2,False,6.87,new_seller,31
TXN-1201355,2024-08-03,Content Writing,SG,MX,Writer,136.32,ILS,bank_transfer,completed,2,4.1,False,27.26,rising_talent,31
TXN-1201373,2024-08-03,Financial Modeling,IL,GB,Accountant,23.48,EUR,paypal,completed,16,4.6,False,4.7,level_2,31
TXN-1201229,2024-08-03,Mobile App,FR,NL,Software Engineer,371.83,USD,paypal,completed,30,4.1,True,74.37,top_rated,31
TXN-1201183,2024-08-03,Translation,IL,MX,Writer,192.63,USD,credit_card,completed,3,4.6,False,38.53,top_rated,31
TXN-1201181,2024-08-03,AI/ML Development,US,US,Data Scientist,734.85,USD,paypal,completed,14,4.4,False,146.97,new_seller,31
TXN-1201296,2024-08-03,Virtual Assistant,BR,BR,HR Manager,60.61,USD,credit_card,completed,2,3.9,False,12.12,level_2,31
TXN-1201172,2024-08-03,Translation,BR,ZA,Writer,184.01,ILS,credit_card,completed,1,3.2,False,36.8,level_1,31
TXN-1201297,2024-08-03,SEO/SEM,IN,US,Marketing Manager,176.85,USD,credit_card,completed,7,3.2,False,35.37,new_seller,31
TXN-1201230,2024-08-03,Music Production,DE,BR,Designer,40.76,EUR,credit_card,completed,20,4.3,True,8.15,new_seller,31
TXN-1201305,2024-08-03,Legal Consulting,SG,DE,Lawyer,8.41,USD,bank_transfer,completed,6,4.4,False,1.68,level_2,31
TXN-1201320,2024-08-03,Legal Consulting,US,US,Lawyer,309.28,USD,credit_card,completed,20,4.4,False,61.86,level_1,31
TXN-1201162,2024-08-03,SEO/SEM,GB,DE,Marketing Manager,75.62,USD,credit_card,completed,17,4.3,True,15.12,top_rated,31
TXN-1201218,2024-08-03,Web Development,GB,IN,Software Engineer,193.73,USD,paypal,completed,21,4.6,True,38.75,top_rated,31
TXN-1201156,2024-08-03,Music Production,IN,US,Designer,14.44,ILS,crypto,completed,13,4.3,False,2.89,new_seller,31
TXN-1201155,2024-08-03,Virtual Assistant,NL,US,HR Manager,49.25,USD,paypal,completed,1,3.6,False,9.85,rising_talent,31
TXN-1201219,2024-08-03,Financial Modeling,ZA,US,Accountant,774.6,ILS,paypal,completed,10,4.0,True,154.92,rising_talent,31
TXN-1201237,2024-08-03,Legal Consulting,NL,MX,Lawyer,30.34,USD,paypal,completed,13,4.4,True,6.07,level_2,31
TXN-1201148,2024-08-03,Video Production,US,MX,Designer,48.28,USD,paypal,completed,15,4.4,False,9.66,level_1,31
TXN-1201336,2024-08-03,Virtual Assistant,AU,MX,HR Manager,108.5,USD,paypal,completed,2,2.7,False,21.7,new_seller,31
TXN-1201321,2024-08-03,Mobile App,BR,IN,Software Engineer,940.18,USD,bank_transfer,completed,17,4.6,False,188.04,level_2,31
TXN-1201202,2024-08-03,Web Development,US,BR,Software Engineer,91.49,INR,credit_card,cancelled,19,,False,18.3,top_rated,31
TXN-1201203,2024-08-04,Music Production,DE,US,Designer,308.92,INR,credit_card,completed,93,4.7,False,61.78,level_1,31
TXN-1201216,2024-08-04,Photography,US,MX,Designer,151.12,USD,credit_card,completed,3,3.8,False,30.22,rising_talent,31
TXN-1201333,2024-08-04,Content Writing,US,US,Writer,7.7,USD,credit_card,completed,1,4.2,False,1.54,level_2,31
TXN-1201164,2024-08-04,Video Production,GB,BR,Designer,53.8,USD,bank_transfer,completed,7,4.7,True,10.76,level_1,31
TXN-1201157,2024-08-04,SEO/SEM,IN,ZA,Marketing Manager,1522.54,GBP,credit_card,completed,5,4.8,False,304.51,level_1,31
TXN-1201154,2024-08-04,SEO/SEM,DE,US,Marketing Manager,54.04,USD,credit_card,completed,10,4.8,False,10.81,level_1,31
TXN-1201390,2024-08-04,Legal Consulting,AU,US,Lawyer,3115.46,USD,bank_transfer,completed,12,3.6,False,623.09,level_1,31
TXN-1201379,2024-08-04,Content Writing,US,ES,Writer,25.59,USD,paypal,completed,1,3.8,False,5.12,level_1,31
TXN-1201167,2024-08-04,Music Production,IN,GB,Designer,61.88,USD,bank_transfer,completed,10,4.6,False,12.38,level_2,31
TXN-1201196,2024-08-04,Photography,BR,ZA,Designer,139.0,USD,credit_card,completed,3,4.8,False,27.8,rising_talent,31
TXN-1201247,2024-08-04,Content Writing,CA,BR,Writer,1175.78,USD,credit_card,completed,3,3.6,False,235.16,new_seller,31
TXN-1201331,2024-08-04,Data Analysis,SG,US,Data Scientist,73.96,USD,credit_card,cancelled,3,,False,14.79,new_seller,31
TXN-1201228,2024-08-04,Graphic Design,ES,ZA,Designer,149.34,USD,paypal,completed,4,4.6,True,29.87,rising_talent,31
TXN-1201330,2024-08-04,Content Writing,NL,US,Writer,81.48,USD,credit_card,completed,1,3.9,False,16.3,level_1,31
TXN-1201327,2024-08-04,Translation,FR,US,Writer,366.01,GBP,credit_card,completed,2,4.9,True,73.2,rising_talent,31
TXN-1201325,2024-08-04,Virtual Assistant,US,US,HR Manager,114.37,USD,bank_transfer,completed,2,4.0,False,22.87,rising_talent,31
TXN-1201322,2024-08-04,Translation,IN,US,Writer,31.73,USD,paypal,completed,5,4.1,False,6.35,new_seller,31
TXN-1201349,2024-08-04,Content Writing,ES,US,Writer,111.16,USD,credit_card,completed,1,4.1,False,22.23,level_2,31
TXN-1201315,2024-08-04,Web Development,MX,US,Software Engineer,330.35,USD,paypal,cancelled,11,,False,66.07,new_seller,31
TXN-1201302,2024-08-04,Financial Modeling,NL,SG,Accountant,35.06,EUR,credit_card,completed,8,3.7,True,7.01,rising_talent,31
TXN-1201356,2024-08-04,Music Production,DE,MX,Designer,21.55,USD,paypal,completed,12,3.2,False,4.31,level_1,31
TXN-1201350,2024-08-04,Content Writing,US,GB,Writer,467.88,USD,credit_card,completed,2,4.2,False,93.58,level_2,31
TXN-1201360,2024-08-04,AI/ML Development,GB,ES,Data Scientist,20.03,USD,bank_transfer,completed,16,4.6,False,4.01,top_rated,31
TXN-1201358,2024-08-04,Legal Consulting,US,IN,Lawyer,289.2,USD,credit_card,completed,16,4.4,False,57.84,top_rated,31
TXN-1201255,2024-08-04,Social Media Management,FR,IL,Marketing Manager,214.11,USD,bank_transfer,completed,5,4.9,False,42.82,rising_talent,31
TXN-1201259,2024-08-04,Photography,FR,AU,Designer,127.07,USD,credit_card,completed,2,2.5,False,25.41,level_2,31
TXN-1201262,2024-08-04,Music Production,CA,ES,Designer,81.74,USD,credit_card,cancelled,10,,False,16.35,level_2,31
TXN-1201366,2024-08-04,AI/ML Development,IN,GB,Data Scientist,14.79,ILS,bank_transfer,completed,15,3.3,False,2.96,level_2,31
TXN-1201267,2024-08-04,Content Writing,FR,FR,Writer,36.98,USD,paypal,completed,2,3.6,True,7.4,rising_talent,31
TXN-1201288,2024-08-04,AI/ML Development,US,MX,Data Scientist,10.35,USD,paypal,completed,17,4.9,True,2.07,level_1,31
TXN-1201559,2024-08-05,SEO/SEM,US,ZA,Marketing Manager,100.0,EUR,bank_transfer,completed,4,4.3,False,20.0,level_2,32
TXN-1201504,2024-08-05,Mobile App,ES,US,Software Engineer,69.16,USD,paypal,completed,18,4.2,False,13.83,rising_talent,32
TXN-1201416,2024-08-05,Translation,US,US,Writer,47.08,USD,credit_card,completed,2,4.8,False,9.42,new_seller,32
TXN-1201567,2024-08-05,Video Production,BR,FR,Designer,226.47,USD,credit_card,completed,5,4.0,False,45.29,rising_talent,32
TXN-1201564,2024-08-05,Mobile App,GB,DE,Software Engineer,92.04,USD,credit_card,completed,9,4.1,False,18.41,level_1,32
TXN-1201421,2024-08-05,Content Writing,NL,US,Writer,412.31,USD,credit_card,completed,2,4.0,False,82.46,rising_talent,32
TXN-1201563,2024-08-05,Content Writing,SG,US,Writer,1132.11,USD,paypal,completed,2,4.3,False,226.42,top_rated,32
TXN-1201575,2024-08-05,Social Media Management,US,US,Marketing Manager,929.5,USD,paypal,completed,6,3.9,False,185.9,new_seller,32
TXN-1201506,2024-08-05,Legal Consulting,US,GB,Lawyer,56.0,USD,paypal,completed,11,4.8,True,11.2,level_1,32
TXN-1201526,2024-08-05,AI/ML Development,SG,JP,Data Scientist,43.1,USD,bank_transfer,completed,14,4.6,True,8.62,level_2,32
TXN-1201543,2024-08-05,Virtual Assistant,IN,FR,HR Manager,234.09,GBP,credit_card,completed,1,3.3,False,46.82,top_rated,32
TXN-1201430,2024-08-05,Photography,US,US,Designer,1066.68,USD,credit_card,completed,2,4.5,False,213.34,level_2,32
TXN-1201448,2024-08-05,Content Writing,US,GB,Writer,220.44,USD,credit_card,completed,2,4.5,False,44.09,new_seller,32
TXN-1201533,2024-08-05,Music Production,GB,US,Designer,583.09,USD,paypal,completed,15,4.5,False,116.62,level_1,32
TXN-1201434,2024-08-05,Translation,AU,US,Writer,63.77,GBP,paypal,completed,1,4.4,True,12.75,level_2,32
TXN-1201662,2024-08-05,Legal Consulting,US,US,Lawyer,188.06,USD,paypal,completed,14,4.9,True,37.61,level_2,32
TXN-1201528,2024-08-05,Virtual Assistant,GB,MX,HR Manager,49.77,EUR,credit_card,completed,4,3.1,False,9.95,level_1,32
TXN-1201445,2024-08-05,SEO/SEM,JP,IN,Marketing Manager,32.36,USD,credit_card,completed,6,3.6,False,6.47,top_rated,32
TXN-1201454,2024-08-05,Photography,IN,BR,Designer,182.52,USD,paypal,completed,3,4.6,True,36.5,level_2,32
TXN-1201520,2024-08-05,Graphic Design,NL,FR,Designer,528.74,USD,bank_transfer,completed,3,4.7,False,105.75,rising_talent,32
TXN-1201548,2024-08-05,Graphic Design,US,US,Designer,51.17,USD,bank_transfer,completed,3,2.9,False,10.23,new_seller,32
TXN-1201578,2024-08-05,Financial Modeling,SG,NL,Accountant,465.23,EUR,credit_card,completed,4,2.4,False,93.05,level_2,32
TXN-1201646,2024-08-05,AI/ML Development,IN,US,Data Scientist,62.51,USD,bank_transfer,completed,25,3.5,True,12.5,rising_talent,32
TXN-1201657,2024-08-05,SEO/SEM,DE,NL,Marketing Manager,298.61,EUR,paypal,completed,12,4.3,True,59.72,level_2,32
TXN-1201649,2024-08-05,Data Analysis,GB,BR,Data Scientist,87.52,EUR,credit_card,completed,6,3.9,False,17.5,level_2,32
TXN-1201514,2024-08-05,Social Media Management,US,ES,Marketing Manager,142.39,EUR,paypal,completed,6,4.5,False,28.48,level_1,32
TXN-1201474,2024-08-05,Mobile App,US,US,Software Engineer,48.97,USD,paypal,completed,11,4.2,False,9.79,new_seller,32
TXN-1201477,2024-08-05,Web Development,US,DE,Software Engineer,427.33,USD,paypal,completed,14,4.2,True,85.47,level_1,32
TXN-1201396,2024-08-05,Graphic Design,CA,GB,Designer,1041.25,USD,credit_card,completed,6,3.7,True,208.25,rising_talent,32
TXN-1201652,2024-08-05,SEO/SEM,ES,FR,Marketing Manager,217.06,USD,credit_card,completed,7,4.9,True,43.41,rising_talent,32
TXN-1201636,2024-08-05,Social Media Management,US,US,Marketing Manager,88.71,USD,credit_card,completed,9,4.0,True,17.74,level_1,32
TXN-1201585,2024-08-05,Financial Modeling,DE,US,Accountant,295.69,USD,credit_card,completed,8,5.0,False,59.14,level_1,32
TXN-1201624,2024-08-05,Data Analysis,US,SG,Data Scientist,75.61,USD,paypal,completed,3,4.9,False,15.12,rising_talent,32
TXN-1201442,2024-08-05,Web Development,IN,GB,Software Engineer,1479.31,USD,crypto,completed,14,3.0,False,295.86,new_seller,32
TXN-1201459,2024-08-05,Web Development,FR,MX,Software Engineer,297.88,USD,credit_card,completed,8,3.8,False,59.58,level_2,32
TXN-1201461,2024-08-05,Financial Modeling,US,GB,Accountant,242.26,USD,credit_card,completed,11,3.8,True,48.45,new_seller,32
TXN-1201671,2024-08-05,Virtual Assistant,IL,FR,HR Manager,40.23,USD,credit_card,completed,1,4.5,False,8.05,level_2,32
TXN-1201410,2024-08-05,Music Production,GB,US,Designer,315.53,EUR,bank_transfer,completed,6,4.4,False,63.11,level_2,32
TXN-1201618,2024-08-05,Video Production,GB,US,Designer,88.73,USD,paypal,completed,5,4.8,False,17.75,level_2,32
TXN-1201494,2024-08-05,Financial Modeling,SG,ES,Accountant,29.43,USD,credit_card,cancelled,8,,True,5.89,top_rated,32
TXN-1201621,2024-08-05,Video Production,IN,BR,Designer,31.63,GBP,crypto,completed,8,3.2,False,6.33,rising_talent,32
TXN-1201665,2024-08-06,Graphic Design,GB,IN,Designer,148.28,USD,credit_card,completed,4,3.6,True,29.66,top_rated,32
TXN-1201476,2024-08-06,Data Analysis,US,US,Data Scientist,202.2,INR,credit_card,completed,16,2.9,False,40.44,level_1,32
TXN-1201507,2024-08-06,Legal Consulting,GB,US,Lawyer,115.03,USD,paypal,completed,7,4.7,False,23.01,level_2,32
TXN-1201493,2024-08-06,Legal Consulting,US,US,Lawyer,109.78,USD,credit_card,disputed,9,,False,21.96,level_1,32
TXN-1201510,2024-08-06,AI/ML Development,AU,GB,Data Scientist,211.5,USD,paypal,disputed,16,,False,42.3,top_rated,32
TXN-1201487,2024-08-06,Social Media Management,US,ES,Marketing Manager,9.18,USD,paypal,completed,2,4.9,False,1.84,top_rated,32
TXN-1201663,2024-08-06,Content Writing,FR,IN,Writer,39.86,GBP,paypal,completed,3,4.1,False,7.97,level_2,32
TXN-1201505,2024-08-06,Web Development,US,AU,Software Engineer,237.46,USD,credit_card,completed,29,3.8,False,47.49,level_1,32
TXN-1201512,2024-08-06,Translation,US,JP,Writer,29.21,USD,paypal,completed,2,3.8,False,5.84,rising_talent,32
TXN-1201488,2024-08-06,AI/ML Development,GB,MX,Data Scientist,102.66,GBP,paypal,completed,17,4.2,False,20.53,rising_talent,32
TXN-1201602,2024-08-06,Social Media Management,US,NL,Marketing Manager,79.0,ILS,paypal,completed,5,4.3,False,15.8,level_2,32
TXN-1201519,2024-08-06,Graphic Design,AU,ES,Designer,168.65,USD,bank_transfer,cancelled,3,,False,33.73,level_2,32
TXN-1201641,2024-08-06,Content Writing,FR,GB,Writer,295.11,USD,bank_transfer,completed,117,2.4,False,59.02,level_1,32
TXN-1201640,2024-08-06,Graphic Design,GB,GB,Designer,1258.12,GBP,paypal,completed,4,3.2,False,251.62,rising_talent,32
TXN-1201638,2024-08-06,Mobile App,US,US,Software Engineer,145.98,USD,credit_card,completed,30,3.9,False,29.2,level_1,32
TXN-1201632,2024-08-06,Video Production,IN,US,Designer,40.02,GBP,credit_card,completed,5,3.5,False,8.0,level_1,32
TXN-1201626,2024-08-06,Web Development,MX,US,Software Engineer,619.26,USD,paypal,completed,13,4.1,False,123.85,rising_talent,32
TXN-1201619,2024-08-06,Web Development,MX,ZA,Software Engineer,87.33,USD,credit_card,completed,17,4.9,True,17.47,level_2,32
TXN-1201470,2024-08-06,Content Writing,DE,DE,Writer,338.38,USD,credit_card,completed,3,3.4,False,67.68,level_1,32
TXN-1201654,2024-08-06,SEO/SEM,BR,BR,Marketing Manager,441.79,EUR,paypal,completed,6,4.9,True,88.36,rising_talent,32
TXN-1201600,2024-08-06,Translation,US,FR,Writer,163.8,USD,bank_transfer,completed,2,4.7,True,32.76,level_2,32
TXN-1201597,2024-08-06,SEO/SEM,FR,US,Marketing Manager,211.26,USD,credit_card,completed,10,5.0,True,42.25,rising_talent,32
TXN-1201515,2024-08-06,Graphic Design,CA,US,Designer,175.07,USD,credit_card,completed,5,3.9,False,35.01,level_1,32
TXN-1201596,2024-08-06,Web Development,US,JP,Software Engineer,112.02,GBP,crypto,completed,9,4.8,False,22.4,level_1,32
TXN-1201577,2024-08-06,Graphic Design,IN,GB,Designer,135.38,USD,paypal,completed,10,4.4,False,27.08,top_rated,32
TXN-1201571,2024-08-06,Photography,FR,US,Designer,298.24,USD,credit_card,completed,3,4.8,True,59.65,level_1,32
TXN-1201562,2024-08-06,Social Media Management,SG,IN,Marketing Manager,646.85,USD,credit_card,completed,3,4.9,False,129.37,level_1,32
TXN-1201553,2024-08-06,SEO/SEM,DE,NL,Marketing Manager,445.86,USD,credit_card,completed,13,4.2,False,89.17,level_1,32
TXN-1201549,2024-08-06,Photography,US,US,Designer,468.57,EUR,credit_card,completed,8,4.5,False,93.71,new_seller,32
TXN-1201541,2024-08-06,Content Writing,US,US,Writer,206.6,USD,crypto,completed,2,3.9,True,41.32,rising_talent,32
TXN-1201540,2024-08-06,Virtual Assistant,IN,US,HR Manager,136.78,EUR,credit_card,completed,2,4.6,False,27.36,level_2,32
TXN-1201659,2024-08-06,Virtual Assistant,IN,CA,HR Manager,89.25,USD,bank_transfer,completed,2,4.9,False,17.85,rising_talent,32
TXN-1201532,2024-08-06,SEO/SEM,CA,US,Marketing Manager,96.59,USD,bank_transfer,completed,15,4.4,False,19.32,top_rated,32
TXN-1201527,2024-08-06,Social Media Management,US,CA,Marketing Manager,108.83,USD,paypal,completed,6,3.4,True,21.77,level_2,32
TXN-1201592,2024-08-06,Graphic Design,FR,JP,Designer,393.73,EUR,bank_transfer,completed,7,3.3,False,78.75,level_2,32
TXN-1201469,2024-08-06,AI/ML Development,GB,IN,Data Scientist,225.56,USD,credit_card,completed,18,3.6,False,45.11,rising_talent,32
TXN-1201651,2024-08-06,Photography,IN,ES,Designer,125.34,GBP,credit_card,completed,1,4.7,False,25.07,level_1,32
TXN-1201407,2024-08-06,Content Writing,US,US,Writer,200.6,USD,credit_card,completed,5,3.8,False,40.12,top_rated,32
TXN-1201405,2024-08-06,Web Development,GB,US,Software Engineer,511.73,USD,bank_transfer,completed,22,4.5,False,102.35,new_seller,32
TXN-1201406,2024-08-06,Data Analysis,IN,IL,Data Scientist,87.82,USD,credit_card,completed,7,4.2,True,17.56,new_seller,32
TXN-1201446,2024-08-06,SEO/SEM,CA,SG,Marketing Manager,291.47,USD,paypal,completed,15,4.3,True,58.29,level_2,32
TXN-1201424,2024-08-06,Virtual Assistant,US,IN,HR Manager,83.89,USD,crypto,completed,2,3.4,True,16.78,new_seller,32
TXN-1201393,2024-08-06,Financial Modeling,IN,IN,Accountant,63.7,USD,paypal,completed,11,4.8,False,12.74,new_seller,32
TXN-1201439,2024-08-06,Social Media Management,US,US,Marketing Manager,326.46,EUR,credit_card,completed,6,3.8,True,65.29,level_1,32
TXN-1201420,2024-08-06,Video Production,BR,US,Designer,766.84,ILS,paypal,completed,4,3.2,False,153.37,rising_talent,32
TXN-1201399,2024-08-06,Translation,FR,JP,Writer,213.65,USD,bank_transfer,completed,3,4.1,True,42.73,top_rated,32
TXN-1201440,2024-08-06,Data Analysis,GB,AU,Data Scientist,1001.14,USD,crypto,completed,13,4.4,False,200.23,level_1,32
TXN-1201675,2024-08-06,Video Production,US,GB,Designer,47.1,EUR,credit_card,completed,5,5.0,False,9.42,level_1,32
TXN-1201415,2024-08-06,Legal Consulting,CA,US,Lawyer,5.59,INR,paypal,completed,18,4.3,False,1.12,rising_talent,32
TXN-1201464,2024-08-06,Translation,IN,GB,Writer,66.46,USD,credit_card,completed,1,3.9,False,13.29,level_1,32
TXN-1201426,2024-08-06,AI/ML Development,SG,IN,Data Scientist,88.98,EUR,credit_card,completed,11,3.7,False,17.8,level_2,32
TXN-1201584,2024-08-07,Content Writing,US,US,Writer,285.23,USD,credit_card,completed,3,4.3,False,57.05,rising_talent,32
TXN-1201522,2024-08-07,Video Production,MX,US,Designer,350.37,USD,credit_card,completed,5,4.1,False,70.07,rising_talent,32
TXN-1201614,2024-08-07,Content Writing,ES,US,Writer,67.26,USD,paypal,completed,3,3.9,False,13.45,level_2,32
TXN-1201433,2024-08-07,Music Production,DE,US,Designer,85.2,USD,paypal,completed,10,4.6,False,17.04,level_2,32
TXN-1201611,2024-08-07,Financial Modeling,IN,IN,Accountant,154.35,USD,credit_card,completed,5,4.9,True,30.87,level_2,32
TXN-1201428,2024-08-07,Web Development,US,IN,Software Engineer,365.93,USD,credit_card,completed,17,4.8,False,73.19,new_seller,32
TXN-1201545,2024-08-07,Mobile App,US,US,Software Engineer,229.46,USD,credit_card,completed,18,4.4,False,45.89,level_1,32
TXN-1201518,2024-08-07,SEO/SEM,US,IN,Marketing Manager,96.35,USD,credit_card,completed,5,4.3,False,19.27,level_2,32
TXN-1201667,2024-08-07,Translation,BR,US,Writer,368.32,USD,credit_card,completed,2,4.2,False,73.66,level_1,32
TXN-1201655,2024-08-07,Content Writing,US,IN,Writer,62.21,EUR,paypal,completed,2,4.5,False,12.44,level_2,32
TXN-1201408,2024-08-07,SEO/SEM,US,IN,Marketing Manager,47.94,GBP,credit_card,completed,12,2.7,True,9.59,level_2,32
TXN-1201468,2024-08-07,Content Writing,IL,MX,Writer,181.34,USD,bank_transfer,completed,1,3.9,True,36.27,top_rated,32
TXN-1201561,2024-08-07,Web Development,US,MX,Software Engineer,26.61,USD,paypal,completed,8,2.7,False,5.32,level_1,32
TXN-1201593,2024-08-07,Virtual Assistant,IN,US,HR Manager,162.31,USD,paypal,completed,1,3.5,False,32.46,new_seller,32
TXN-1201676,2024-08-07,AI/ML Development,US,CA,Data Scientist,132.02,USD,crypto,completed,15,4.9,True,26.4,level_1,32
TXN-1201419,2024-08-07,AI/ML Development,US,US,Data Scientist,665.86,USD,paypal,completed,30,4.3,True,133.17,level_1,32
TXN-1201569,2024-08-07,Financial Modeling,ES,FR,Accountant,301.17,USD,credit_card,completed,8,4.6,False,60.23,new_seller,32
TXN-1201570,2024-08-07,Social Media Management,SG,AU,Marketing Manager,381.03,EUR,credit_card,completed,7,4.9,False,76.21,top_rated,32
TXN-1201574,2024-08-07,Web Development,BR,MX,Software Engineer,601.95,EUR,credit_card,completed,15,3.7,True,120.39,level_1,32
TXN-1201414,2024-08-07,Video Production,US,GB,Designer,512.94,USD,credit_card,completed,5,4.4,False,102.59,rising_talent,32
TXN-1201550,2024-08-07,Video Production,CA,ES,Designer,182.98,USD,bank_transfer,completed,4,3.9,True,36.6,rising_talent,32
TXN-1201447,2024-08-07,Social Media Management,FR,IN,Marketing Manager,305.26,USD,paypal,completed,7,4.2,False,61.05,level_2,32
TXN-1201525,2024-08-07,Graphic Design,FR,US,Designer,146.13,USD,bank_transfer,completed,6,4.4,False,29.23,top_rated,32
TXN-1201635,2024-08-07,Legal Consulting,FR,CA,Lawyer,249.73,USD,bank_transfer,completed,15,4.9,False,49.95,level_2,32
TXN-1201492,2024-08-07,Data Analysis,GB,CA,Data Scientist,23.35,USD,paypal,completed,13,3.7,False,4.67,level_2,32
TXN-1201395,2024-08-07,Translation,AU,SG,Writer,135.56,USD,credit_card,completed,1,5.0,False,27.11,level_1,32
TXN-1201463,2024-08-07,Mobile App,GB,CA,Software Engineer,764.35,ILS,credit_card,completed,30,4.4,True,152.87,level_1,32
TXN-1201495,2024-08-07,Data Analysis,IN,ZA,Data Scientist,178.49,USD,credit_card,completed,10,4.8,True,35.7,rising_talent,32
TXN-1201457,2024-08-07,Video Production,FR,US,Designer,156.57,USD,credit_card,completed,16,4.8,False,31.31,level_1,32
TXN-1201485,2024-08-07,Graphic Design,SG,IN,Designer,201.86,USD,credit_card,completed,4,4.0,False,40.37,level_1,32
TXN-1201644,2024-08-07,AI/ML Development,JP,DE,Data Scientist,77.95,USD,credit_card,completed,16,4.0,False,15.59,new_seller,32
TXN-1201482,2024-08-07,Virtual Assistant,AU,JP,HR Manager,331.74,USD,credit_card,completed,2,4.4,True,66.35,level_2,32
TXN-1201392,2024-08-07,Content Writing,ES,US,Writer,47.65,USD,credit_card,completed,1,3.4,False,9.53,rising_talent,32
TXN-1201629,2024-08-07,SEO/SEM,DE,GB,Marketing Manager,256.36,USD,bank_transfer,completed,7,4.2,False,51.27,level_1,32
TXN-1201648,2024-08-07,Virtual Assistant,US,IN,HR Manager,534.73,GBP,credit_card,completed,1,2.5,True,106.95,level_1,32
TXN-1201471,2024-08-07,Web Development,IN,US,Software Engineer,63.8,USD,paypal,completed,8,4.6,False,12.76,level_1,32
TXN-1201473,2024-08-07,Graphic Design,US,BR,Designer,51.93,USD,credit_card,completed,6,4.2,False,10.39,rising_talent,32
TXN-1201453,2024-08-07,Financial Modeling,US,US,Accountant,61.21,USD,paypal,completed,7,4.3,True,12.24,level_1,32
TXN-1201647,2024-08-07,Social Media Management,DE,US,Marketing Manager,17.89,ILS,paypal,completed,7,4.0,True,3.58,rising_talent,32
TXN-1201547,2024-08-08,Legal Consulting,US,US,Lawyer,48.89,USD,credit_card,completed,19,4.0,True,9.78,new_seller,32
TXN-1201579,2024-08-08,AI/ML Development,US,IN,Data Scientist,12.17,USD,paypal,completed,25,4.1,False,2.43,new_seller,32
TXN-1201642,2024-08-08,Mobile App,BR,US,Software Engineer,393.54,USD,credit_card,completed,17,3.6,True,78.71,rising_talent,32
TXN-1201643,2024-08-08,Music Production,GB,BR,Designer,169.06,USD,credit_card,completed,14,3.8,False,33.81,level_2,32
TXN-1201552,2024-08-08,Music Production,US,US,Designer,700.62,GBP,credit_card,completed,9,4.7,False,140.12,rising_talent,32
TXN-1201472,2024-08-08,Content Writing,BR,US,Writer,204.58,USD,credit_card,completed,3,4.6,False,40.92,level_1,32
TXN-1201554,2024-08-08,Virtual Assistant,DE,SG,HR Manager,325.22,GBP,credit_card,completed,2,4.1,False,65.04,level_1,32
TXN-1201486,2024-08-08,Data Analysis,US,IN,Data Scientist,26.54,USD,bank_transfer,completed,5,4.1,False,5.31,rising_talent,32
TXN-1201589,2024-08-08,Social Media Management,IN,FR,Marketing Manager,305.34,EUR,paypal,completed,5,3.1,False,61.07,level_2,32
TXN-1201587,2024-08-08,Music Production,DE,FR,Designer,155.68,USD,bank_transfer,completed,9,4.8,True,31.14,new_seller,32
TXN-1201483,2024-08-08,AI/ML Development,CA,ZA,Data Scientist,92.94,USD,credit_card,completed,24,4.7,True,18.59,level_1,32
TXN-1201588,2024-08-08,Financial Modeling,US,FR,Accountant,58.41,EUR,paypal,completed,9,4.4,False,11.68,level_1,32
TXN-1201669,2024-08-08,Video Production,US,AU,Designer,31.41,GBP,credit_card,completed,6,4.4,False,6.28,new_seller,32
TXN-1201423,2024-08-08,Video Production,US,FR,Designer,91.06,USD,paypal,cancelled,6,,False,18.21,top_rated,32
TXN-1201481,2024-08-08,Content Writing,US,BR,Writer,166.2,USD,credit_card,disputed,2,,True,33.24,rising_talent,32
TXN-1201480,2024-08-08,Video Production,US,US,Designer,168.93,INR,crypto,completed,6,3.7,True,33.79,rising_talent,32
TXN-1201591,2024-08-08,AI/ML Development,US,US,Data Scientist,48.58,USD,paypal,cancelled,11,,False,9.72,level_1,32
TXN-1201478,2024-08-08,Legal Consulting,JP,GB,Lawyer,242.49,USD,credit_card,completed,21,4.7,True,48.5,level_1,32
TXN-1201656,2024-08-08,Social Media Management,US,GB,Marketing Manager,59.5,USD,credit_card,completed,4,4.2,False,11.9,top_rated,32
TXN-1201594,2024-08-08,Web Development,MX,US,Software Engineer,85.96,USD,credit_card,completed,12,4.5,False,17.19,new_seller,32
TXN-1201604,2024-08-08,Social Media Management,IN,DE,Marketing Manager,201.64,USD,bank_transfer,completed,5,4.8,True,40.33,top_rated,32
TXN-1201581,2024-08-08,Financial Modeling,IN,US,Accountant,52.66,EUR,credit_card,completed,11,4.3,True,10.53,new_seller,32
TXN-1201605,2024-08-08,Photography,US,IN,Designer,79.06,GBP,paypal,completed,2,4.8,False,15.81,rising_talent,32
TXN-1201502,2024-08-08,Content Writing,US,IN,Writer,56.87,USD,credit_card,completed,2,3.9,False,11.37,level_2,32
TXN-1201521,2024-08-08,Virtual Assistant,BR,US,HR Manager,52.46,GBP,paypal,completed,2,4.8,False,10.49,top_rated,32
TXN-1201516,2024-08-08,Data Analysis,SG,US,Data Scientist,164.51,USD,credit_card,completed,7,3.9,True,32.9,rising_talent,32
TXN-1201633,2024-08-08,Content Writing,FR,BR,Writer,91.69,USD,credit_card,completed,2,4.3,False,18.34,level_2,32
TXN-1201404,2024-08-08,Web Development,US,IN,Software Engineer,74.97,EUR,credit_card,completed,5,4.2,True,14.99,new_seller,32
TXN-1201398,2024-08-08,Web Development,US,ZA,Software Engineer,233.91,EUR,credit_card,completed,16,3.6,True,46.78,level_2,32
TXN-1201673,2024-08-08,Virtual Assistant,GB,IN,HR Manager,231.46,ILS,bank_transfer,completed,2,4.4,False,46.29,new_seller,32
TXN-1201400,2024-08-08,Virtual Assistant,IN,GB,HR Manager,542.12,USD,bank_transfer,completed,2,3.2,False,108.42,rising_talent,32
TXN-1201615,2024-08-08,AI/ML Development,US,FR,Data Scientist,311.82,USD,credit_card,completed,23,4.7,False,62.36,rising_talent,32
TXN-1201513,2024-08-08,Video Production,US,GB,Designer,68.49,EUR,crypto,completed,7,4.6,False,13.7,level_1,32
TXN-1201497,2024-08-08,SEO/SEM,US,NL,Marketing Manager,136.94,USD,crypto,completed,4,4.7,True,27.39,new_seller,32
TXN-1201612,2024-08-08,Translation,BR,US,Writer,101.71,EUR,credit_card,completed,3,4.7,False,20.34,top_rated,32
TXN-1201661,2024-08-08,AI/ML Development,IN,US,Data Scientist,562.03,EUR,paypal,cancelled,16,,True,112.41,level_2,32
TXN-1201511,2024-08-08,Video Production,IN,DE,Designer,170.43,USD,credit_card,completed,7,4.9,False,34.09,level_1,32
TXN-1201660,2024-08-08,Web Development,US,US,Software Engineer,40.5,USD,credit_card,completed,16,4.8,False,8.1,level_1,32
TXN-1201608,2024-08-08,Graphic Design,GB,BR,Designer,123.81,USD,paypal,completed,9,3.5,False,24.76,level_1,32
TXN-1201607,2024-08-08,AI/ML Development,IN,BR,Data Scientist,85.73,USD,bank_transfer,completed,30,4.9,True,17.15,rising_talent,32
TXN-1201509,2024-08-08,Graphic Design,US,BR,Designer,495.18,INR,credit_card,completed,4,3.4,True,99.04,top_rated,32
TXN-1201627,2024-08-08,Social Media Management,BR,MX,Marketing Manager,88.4,USD,credit_card,completed,5,4.3,True,17.68,level_2,32
TXN-1201503,2024-08-08,Legal Consulting,GB,IN,Lawyer,425.77,USD,paypal,disputed,28,,False,85.15,top_rated,32
TXN-1201401,2024-08-09,Video Production,IN,BR,Designer,828.11,GBP,paypal,completed,6,3.9,False,165.62,level_1,32
TXN-1201630,2024-08-09,Content Writing,GB,US,Writer,1146.38,USD,bank_transfer,completed,4,4.9,False,229.28,level_1,32
TXN-1201625,2024-08-09,Video Production,CA,DE,Designer,239.49,USD,paypal,completed,3,4.0,False,47.9,level_1,32
TXN-1201412,2024-08-09,SEO/SEM,SG,ES,Marketing Manager,675.87,INR,paypal,completed,9,3.3,False,135.17,level_1,32
TXN-1201403,2024-08-09,Mobile App,FR,DE,Software Engineer,48.56,USD,paypal,completed,25,4.0,False,9.71,new_seller,32
TXN-1201645,2024-08-09,Financial Modeling,GB,GB,Accountant,68.15,USD,paypal,completed,8,4.6,False,13.63,level_2,32
TXN-1201677,2024-08-09,Photography,ES,US,Designer,267.72,USD,credit_card,completed,3,4.1,False,53.54,level_1,32
TXN-1201617,2024-08-09,Virtual Assistant,BR,US,HR Manager,1153.85,USD,credit_card,completed,2,4.0,True,230.77,rising_talent,32
TXN-1201653,2024-08-09,Financial Modeling,IN,GB,Accountant,792.74,USD,paypal,completed,11,4.4,True,158.55,level_1,32
TXN-1201599,2024-08-09,Graphic Design,AU,IN,Designer,1335.41,USD,credit_card,completed,5,3.9,False,267.08,top_rated,32
TXN-1201610,2024-08-09,Data Analysis,GB,DE,Data Scientist,267.66,USD,credit_card,completed,4,4.7,False,53.53,top_rated,32
TXN-1201609,2024-08-09,Photography,US,FR,Designer,263.4,GBP,credit_card,completed,2,2.6,False,52.68,level_1,32
TXN-1201606,2024-08-09,AI/ML Development,US,GB,Data Scientist,251.56,USD,bank_transfer,completed,12,4.2,False,50.31,rising_talent,32
TXN-1201603,2024-08-09,Music Production,CA,IN,Designer,94.54,USD,bank_transfer,completed,12,2.9,True,18.91,level_1,32
TXN-1201402,2024-08-09,Social Media Management,CA,ES,Marketing Manager,24.83,ILS,bank_transfer,cancelled,12,,False,4.97,rising_talent,32
TXN-1201628,2024-08-09,Virtual Assistant,US,CA,HR Manager,242.69,USD,crypto,completed,1,1.0,False,48.54,top_rated,32
TXN-1201560,2024-08-09,Graphic Design,MX,US,Designer,407.06,USD,credit_card,completed,9,3.5,False,81.41,rising_talent,32
TXN-1201496,2024-08-09,AI/ML Development,MX,ZA,Data Scientist,545.08,USD,paypal,completed,19,4.5,False,109.02,level_2,32
TXN-1201449,2024-08-09,Data Analysis,IN,US,Data Scientist,1420.56,USD,credit_card,completed,8,4.3,False,284.11,level_2,32
TXN-1201450,2024-08-09,Data Analysis,BR,AU,Data Scientist,129.71,USD,credit_card,completed,3,4.4,False,25.94,level_2,32
TXN-1201524,2024-08-09,Music Production,US,CA,Designer,73.53,USD,credit_card,completed,13,4.7,False,14.71,new_seller,32
TXN-1201451,2024-08-09,Music Production,BR,US,Designer,77.02,USD,credit_card,completed,12,4.2,False,15.4,level_2,32
TXN-1201582,2024-08-09,SEO/SEM,NL,US,Marketing Manager,24.68,USD,bank_transfer,completed,7,4.8,False,4.94,level_2,32
TXN-1201436,2024-08-09,Graphic Design,AU,ZA,Designer,56.01,USD,paypal,completed,9,4.6,False,11.2,rising_talent,32
TXN-1201500,2024-08-09,Mobile App,US,IN,Software Engineer,923.96,EUR,paypal,completed,17,3.3,False,184.79,new_seller,32
TXN-1201539,2024-08-09,Mobile App,US,US,Software Engineer,328.09,USD,paypal,completed,30,4.0,True,65.62,level_1,32
TXN-1201670,2024-08-09,Financial Modeling,US,US,Accountant,138.43,USD,bank_transfer,disputed,12,,True,27.69,new_seller,32
TXN-1201429,2024-08-09,Financial Modeling,ZA,IN,Accountant,172.98,ILS,credit_card,completed,13,3.3,True,34.6,level_2,32
TXN-1201458,2024-08-09,Music Production,US,US,Designer,400.92,USD,paypal,completed,6,4.6,False,80.18,top_rated,32
TXN-1201544,2024-08-09,Graphic Design,ZA,US,Designer,69.18,USD,bank_transfer,disputed,11,,True,13.84,level_1,32
TXN-1201546,2024-08-09,SEO/SEM,US,IN,Marketing Manager,472.86,USD,crypto,completed,12,3.2,False,94.57,level_2,32
TXN-1201551,2024-08-09,Video Production,GB,FR,Designer,180.94,USD,credit_card,completed,6,3.6,True,36.19,level_2,32
TXN-1201425,2024-08-09,Photography,US,GB,Designer,515.71,USD,paypal,completed,4,4.7,True,103.14,new_seller,32
TXN-1201427,2024-08-09,Financial Modeling,IN,IN,Accountant,127.58,USD,bank_transfer,completed,17,3.7,True,25.52,level_2,32
TXN-1201568,2024-08-09,Video Production,FR,IN,Designer,131.7,USD,paypal,completed,8,4.3,True,26.34,level_2,32
TXN-1201557,2024-08-09,Legal Consulting,CA,FR,Lawyer,115.56,GBP,credit_card,completed,15,3.4,False,23.11,rising_talent,32
TXN-1201479,2024-08-09,AI/ML Development,US,SG,Data Scientist,174.75,EUR,credit_card,completed,15,4.7,False,34.95,level_2,32
TXN-1201678,2024-08-09,Web Development,AU,US,Software Engineer,579.63,USD,paypal,completed,13,4.4,True,115.93,level_1,32
TXN-1201422,2024-08-09,AI/ML Development,FR,GB,Data Scientist,70.04,EUR,credit_card,completed,21,4.4,False,14.01,rising_talent,32
TXN-1201565,2024-08-09,Data Analysis,ZA,IN,Data Scientist,65.5,INR,paypal,completed,11,3.4,True,13.1,new_seller,32
TXN-1201489,2024-08-09,Social Media Management,GB,ES,Marketing Manager,148.05,USD,credit_card,completed,10,4.3,False,29.61,level_1,32
TXN-1201573,2024-08-09,Social Media Management,CA,GB,Marketing Manager,83.55,USD,credit_card,completed,14,3.6,True,16.71,top_rated,32
TXN-1201555,2024-08-09,Virtual Assistant,FR,US,HR Manager,309.75,USD,credit_card,completed,1,4.1,True,61.95,level_1,32
TXN-1201418,2024-08-09,Photography,CA,US,Designer,233.54,USD,bank_transfer,completed,2,3.4,False,46.71,level_2,32
TXN-1201466,2024-08-10,Video Production,GB,NL,Designer,673.69,USD,credit_card,completed,11,3.7,False,134.74,rising_talent,32
TXN-1201475,2024-08-10,Content Writing,ZA,US,Writer,78.78,USD,paypal,completed,5,3.3,True,15.76,rising_talent,32
TXN-1201462,2024-08-10,Legal Consulting,US,US,Lawyer,225.14,USD,paypal,completed,8,4.7,False,45.03,new_seller,32
TXN-1201452,2024-08-10,Translation,US,US,Writer,118.82,USD,paypal,completed,3,4.6,False,23.76,level_1,32
TXN-1201491,2024-08-10,Translation,CA,GB,Writer,46.29,EUR,credit_card,completed,2,3.3,True,9.26,new_seller,32
TXN-1201501,2024-08-10,Virtual Assistant,US,US,HR Manager,176.82,USD,credit_card,completed,2,5.0,False,35.36,level_2,32
TXN-1201634,2024-08-10,Music Production,US,FR,Designer,294.05,USD,credit_card,completed,21,4.7,False,58.81,new_seller,32
TXN-1201664,2024-08-10,Virtual Assistant,IN,IN,HR Manager,75.8,USD,credit_card,completed,2,4.3,False,15.16,level_1,32
TXN-1201394,2024-08-10,Content Writing,US,NL,Writer,384.76,USD,bank_transfer,completed,3,4.2,False,76.95,level_1,32
TXN-1201639,2024-08-10,Virtual Assistant,GB,FR,HR Manager,1273.25,USD,bank_transfer,completed,3,4.8,True,254.65,level_2,32
TXN-1201443,2024-08-10,SEO/SEM,AU,IN,Marketing Manager,577.23,USD,paypal,completed,14,3.2,False,115.45,level_1,32
TXN-1201631,2024-08-10,Data Analysis,DE,US,Data Scientist,286.44,USD,credit_card,completed,10,4.8,False,57.29,level_2,32
TXN-1201517,2024-08-10,Virtual Assistant,IN,IN,HR Manager,155.91,USD,credit_card,completed,1,3.7,False,31.18,level_2,32
TXN-1201658,2024-08-10,Music Production,US,MX,Designer,255.11,USD,credit_card,completed,18,3.8,False,51.02,rising_talent,32
TXN-1201622,2024-08-10,Web Development,IL,SG,Software Engineer,72.04,USD,paypal,completed,26,4.1,True,14.41,level_1,32
TXN-1201580,2024-08-10,Photography,AU,DE,Designer,31.24,USD,credit_card,disputed,2,,False,6.25,rising_talent,32
TXN-1201576,2024-08-10,Music Production,US,US,Designer,551.02,USD,credit_card,completed,13,4.2,True,110.2,rising_talent,32
TXN-1201417,2024-08-10,Video Production,CA,AU,Designer,46.21,EUR,credit_card,completed,6,4.1,False,9.24,level_1,32
TXN-1201572,2024-08-10,Social Media Management,US,CA,Marketing Manager,132.33,USD,credit_card,completed,3,4.1,False,26.47,level_2,32
TXN-1201566,2024-08-10,SEO/SEM,IN,US,Marketing Manager,448.56,USD,paypal,cancelled,7,,False,89.71,rising_talent,32
TXN-1201558,2024-08-10,Graphic Design,IN,BR,Designer,89.04,USD,credit_card,completed,12,4.4,False,17.81,level_1,32
TXN-1201595,2024-08-10,Virtual Assistant,GB,IN,HR Manager,873.26,USD,bank_transfer,completed,2,3.5,True,174.65,level_1,32
TXN-1201409,2024-08-10,Translation,GB,GB,Writer,0.01,GBP,bank_transfer,completed,1,4.6,True,0.0,level_2,32
TXN-1201556,2024-08-10,AI/ML Development,GB,IN,Data Scientist,42.42,USD,bank_transfer,completed,13,5.0,False,8.48,level_2,32
TXN-1201623,2024-08-10,Photography,CA,GB,Designer,15.24,USD,credit_card,completed,3,3.6,False,3.05,level_2,32
TXN-1201431,2024-08-10,Social Media Management,IN,NL,Marketing Manager,680.0,USD,credit_card,completed,9,1.0,False,136.0,rising_talent,32
TXN-1201542,2024-08-10,Graphic Design,GB,JP,Designer,171.67,USD,paypal,completed,5,5.0,False,34.33,top_rated,32
TXN-1201536,2024-08-10,Mobile App,AU,IN,Software Engineer,702.8,USD,credit_card,completed,29,3.8,True,140.56,level_2,32
TXN-1201534,2024-08-10,Social Media Management,BR,US,Marketing Manager,188.44,USD,credit_card,completed,3,4.8,False,37.69,new_seller,32
TXN-1201530,2024-08-10,Content Writing,DE,NL,Writer,58.65,EUR,credit_card,completed,2,4.4,True,11.73,top_rated,32
TXN-1201529,2024-08-10,Translation,IL,BR,Writer,135.14,USD,paypal,completed,2,3.6,False,27.03,level_1,32
TXN-1201437,2024-08-10,Legal Consulting,GB,AU,Lawyer,694.07,USD,credit_card,completed,11,4.9,True,138.81,new_seller,32
TXN-1201523,2024-08-10,Financial Modeling,AU,NL,Accountant,503.93,USD,bank_transfer,completed,9,4.3,False,100.79,level_2,32
TXN-1201620,2024-08-10,Mobile App,GB,FR,Software Engineer,146.02,EUR,credit_card,completed,15,4.5,False,29.2,level_2,32
TXN-1201441,2024-08-10,Photography,US,CA,Designer,507.28,USD,crypto,completed,8,3.2,False,101.46,rising_talent,32
TXN-1201432,2024-08-10,Video Production,MX,DE,Designer,273.2,ILS,credit_card,completed,10,4.1,True,54.64,level_1,32
TXN-1201616,2024-08-10,Mobile App,BR,IN,Software Engineer,438.21,GBP,credit_card,completed,26,4.4,False,87.64,rising_talent,32
TXN-1201674,2024-08-11,Translation,IN,GB,Writer,181.41,USD,paypal,completed,3,2.8,False,36.28,new_seller,32
TXN-1201666,2024-08-11,AI/ML Development,JP,CA,Data Scientist,463.56,EUR,credit_card,completed,21,3.8,False,92.71,level_2,32
TXN-1201668,2024-08-11,Graphic Design,ZA,US,Designer,49.9,USD,bank_transfer,completed,3,2.3,True,9.98,top_rated,32
TXN-1201672,2024-08-11,Translation,US,GB,Writer,947.93,EUR,credit_card,completed,2,4.6,False,189.59,level_2,32
TXN-1201490,2024-08-11,Financial Modeling,US,DE,Accountant,47.95,USD,credit_card,completed,11,4.3,True,9.59,level_1,32
TXN-1201637,2024-08-11,Translation,US,US,Writer,27.17,ILS,paypal,completed,1,4.8,True,5.43,level_1,32
TXN-1201650,2024-08-11,AI/ML Development,AU,BR,Data Scientist,651.53,USD,paypal,completed,19,4.3,False,130.31,level_1,32
TXN-1201397,2024-08-11,Financial Modeling,US,ES,Accountant,212.28,USD,bank_transfer,completed,17,3.7,False,42.46,level_2,32
TXN-1201413,2024-08-11,Financial Modeling,ZA,US,Accountant,453.49,USD,bank_transfer,completed,6,4.2,False,90.7,level_2,32
TXN-1201435,2024-08-11,Data Analysis,US,SG,Data Scientist,400.0,EUR,credit_card,completed,6,3.7,False,80.0,level_1,32
TXN-1201438,2024-08-11,Video Production,GB,US,Designer,294.93,USD,bank_transfer,completed,8,3.7,True,58.99,level_1,32
TXN-1201444,2024-08-11,Social Media Management,IN,IN,Marketing Manager,867.61,USD,paypal,completed,6,4.0,True,173.52,level_1,32
TXN-1201455,2024-08-11,Content Writing,GB,US,Writer,49.24,EUR,paypal,completed,2,3.6,False,9.85,level_2,32
TXN-1201456,2024-08-11,Social Media Management,FR,IN,Marketing Manager,506.86,USD,paypal,completed,11,4.4,True,101.37,top_rated,32
TXN-1201460,2024-08-11,Web Development,US,GB,Software Engineer,400.35,USD,paypal,cancelled,15,,False,80.07,rising_talent,32
TXN-1201465,2024-08-11,Social Media Management,GB,SG,Marketing Manager,1388.89,EUR,paypal,completed,5,4.9,False,277.78,top_rated,32
TXN-1201467,2024-08-11,Virtual Assistant,US,DE,HR Manager,47.34,EUR,credit_card,completed,1,4.0,False,9.47,level_1,32
TXN-1201484,2024-08-11,Content Writing,BR,BR,Writer,42.82,USD,credit_card,completed,4,4.2,True,8.56,level_1,32
TXN-1201411,2024-08-11,Social Media Management,US,DE,Marketing Manager,17.61,GBP,credit_card,completed,8,4.1,False,3.52,level_2,32
TXN-1201499,2024-08-11,Mobile App,FR,GB,Software Engineer,660.97,USD,paypal,completed,21,4.4,True,132.19,level_1,32
TXN-1201498,2024-08-11,Social Media Management,DE,FR,Marketing Manager,975.51,USD,credit_card,completed,2,4.9,True,195.1,level_2,32
TXN-1201598,2024-08-11,Video Production,SG,DE,Designer,54.04,USD,credit_card,completed,14,3.6,True,10.81,top_rated,32
TXN-1201590,2024-08-11,Legal Consulting,US,IN,Lawyer,57.7,EUR,credit_card,completed,10,2.5,False,11.54,new_seller,32
TXN-1201586,2024-08-11,SEO/SEM,NL,IN,Marketing Manager,430.39,USD,paypal,completed,7,3.1,False,86.08,rising_talent,32
TXN-1201583,2024-08-11,Graphic Design,GB,US,Designer,78.21,EUR,credit_card,completed,4,4.4,False,15.64,rising_talent,32
TXN-1201601,2024-08-11,Web Development,ES,IN,Software Engineer,14.85,GBP,credit_card,completed,14,3.5,False,2.97,rising_talent,32
TXN-1201537,2024-08-11,Web Development,ES,US,Software Engineer,204.63,USD,paypal,disputed,21,,False,40.93,level_1,32
TXN-1201535,2024-08-11,Graphic Design,US,ES,Designer,145.86,USD,paypal,completed,8,4.9,False,29.17,new_seller,32
TXN-1201531,2024-08-11,Music Production,IN,US,Designer,33.44,INR,bank_transfer,completed,30,3.7,True,6.69,new_seller,32
TXN-1201508,2024-08-11,Social Media Management,MX,DE,Marketing Manager,306.6,EUR,crypto,completed,7,4.8,True,61.32,level_2,32
TXN-1201538,2024-08-11,Data Analysis,US,US,Data Scientist,67.42,USD,credit_card,completed,4,4.0,True,13.48,new_seller,32
TXN-1201613,2024-08-11,Financial Modeling,FR,IL,Accountant,548.41,USD,paypal,completed,26,4.7,True,109.68,level_1,32
TXN-1201807,2024-08-12,SEO/SEM,GB,BR,Marketing Manager,16.53,USD,credit_card,completed,110,3.7,False,3.31,rising_talent,33
TXN-1201774,2024-08-12,Translation,DE,DE,Writer,1244.77,INR,bank_transfer,completed,4,4.8,False,248.95,top_rated,33
TXN-1201803,2024-08-12,Virtual Assistant,US,BR,HR Manager,52.48,GBP,credit_card,completed,1,4.2,False,10.5,level_1,33
TXN-1201796,2024-08-12,Legal Consulting,ZA,IN,Lawyer,41.81,USD,credit_card,completed,15,4.6,False,8.36,rising_talent,33
TXN-1201953,2024-08-12,Social Media Management,JP,ZA,Marketing Manager,50.69,USD,credit_card,completed,5,3.9,False,10.14,new_seller,33
TXN-1201787,2024-08-12,Photography,GB,NL,Designer,30.63,USD,credit_card,completed,2,4.3,False,6.13,new_seller,33
TXN-1201969,2024-08-12,SEO/SEM,ZA,SG,Marketing Manager,250.7,USD,credit_card,completed,12,4.8,False,50.14,level_2,33
TXN-1201781,2024-08-12,Social Media Management,US,FR,Marketing Manager,1760.03,USD,credit_card,completed,8,3.3,True,352.01,rising_talent,33
TXN-1201972,2024-08-12,Data Analysis,US,US,Data Scientist,251.87,USD,paypal,completed,14,4.3,True,50.37,rising_talent,33
TXN-1201975,2024-08-12,SEO/SEM,US,GB,Marketing Manager,76.44,USD,bank_transfer,completed,12,4.9,True,15.29,rising_talent,33
TXN-1201994,2024-08-12,Translation,IN,FR,Writer,391.35,USD,credit_card,completed,5,2.7,True,78.27,level_1,33
TXN-1201761,2024-08-12,Social Media Management,US,US,Marketing Manager,80.73,USD,credit_card,completed,7,3.8,False,16.15,new_seller,33
TXN-1201989,2024-08-12,Legal Consulting,US,US,Lawyer,464.57,USD,credit_card,completed,10,3.7,True,92.91,top_rated,33
TXN-1201990,2024-08-12,SEO/SEM,AU,FR,Marketing Manager,793.72,USD,credit_card,completed,5,4.5,False,158.74,level_1,33
TXN-1201993,2024-08-12,Graphic Design,DE,FR,Designer,300.41,EUR,bank_transfer,completed,6,4.4,False,60.08,level_2,33
TXN-1201748,2024-08-12,Photography,US,FR,Designer,77.25,USD,credit_card,cancelled,2,,True,15.45,level_1,33
TXN-1201997,2024-08-12,SEO/SEM,US,US,Marketing Manager,344.06,EUR,credit_card,completed,5,3.2,True,68.81,level_1,33
TXN-1201742,2024-08-12,Translation,US,ZA,Writer,101.92,USD,paypal,completed,1,4.1,False,20.38,rising_talent,33
TXN-1201998,2024-08-12,Video Production,AU,FR,Designer,557.13,USD,credit_card,completed,5,4.1,False,111.43,rising_talent,33
TXN-1201738,2024-08-12,AI/ML Development,SG,ES,Data Scientist,33.48,USD,bank_transfer,completed,22,2.8,True,6.7,rising_talent,33
TXN-1201812,2024-08-12,Photography,US,DE,Designer,61.63,USD,paypal,completed,5,4.4,False,12.33,new_seller,33
TXN-1201979,2024-08-12,Financial Modeling,US,US,Accountant,58.62,EUR,credit_card,completed,6,4.1,False,11.72,level_1,33
TXN-1201933,2024-08-12,Legal Consulting,NL,IN,Lawyer,136.86,USD,bank_transfer,completed,19,3.3,False,27.37,new_seller,33
TXN-1201854,2024-08-12,Video Production,US,AU,Designer,182.14,USD,paypal,completed,6,4.3,True,36.43,rising_talent,33
TXN-1201821,2024-08-12,Music Production,US,US,Designer,231.49,USD,credit_card,completed,16,4.6,False,46.3,rising_talent,33
TXN-1201878,2024-08-12,AI/ML Development,DE,US,Data Scientist,64.07,USD,bank_transfer,completed,17,4.1,True,12.81,level_2,33
TXN-1201877,2024-08-12,Music Production,US,US,Designer,179.34,USD,credit_card,completed,13,4.6,False,35.87,new_seller,33
TXN-1201875,2024-08-12,Legal Consulting,BR,US,Lawyer,150.44,USD,credit_card,completed,19,4.5,False,30.09,top_rated,33
TXN-1201874,2024-08-12,Graphic Design,ES,GB,Designer,110.53,USD,credit_card,completed,4,4.0,True,22.11,level_2,33
TXN-1201873,2024-08-12,Photography,DE,US,Designer,145.61,USD,bank_transfer,completed,3,3.6,False,29.12,top_rated,33
TXN-1201870,2024-08-12,Legal Consulting,ZA,GB,Lawyer,193.07,USD,bank_transfer,completed,15,5.0,True,38.61,level_1,33
TXN-1201869,2024-08-12,Video Production,IL,CA,Designer,201.79,INR,credit_card,completed,6,2.6,False,40.36,new_seller,33
TXN-1201868,2024-08-12,Social Media Management,US,US,Marketing Manager,483.47,USD,credit_card,completed,6,4.2,True,96.69,level_1,33
TXN-1201899,2024-08-12,Music Production,FR,GB,Designer,18.75,USD,credit_card,completed,9,4.4,False,3.75,level_1,33
TXN-1201860,2024-08-12,Social Media Management,FR,US,Marketing Manager,190.32,USD,credit_card,completed,5,4.6,True,38.06,level_1,33
TXN-1201930,2024-08-12,Translation,US,CA,Writer,179.4,EUR,credit_card,completed,2,4.7,False,35.88,rising_talent,33
TXN-1201903,2024-08-12,Photography,IN,GB,Designer,161.06,USD,credit_card,completed,3,4.7,True,32.21,rising_talent,33
TXN-1201852,2024-08-12,Legal Consulting,US,US,Lawyer,41.99,ILS,credit_card,completed,16,4.7,False,8.4,new_seller,33
TXN-1201908,2024-08-12,Graphic Design,US,US,Designer,48.85,USD,bank_transfer,completed,8,3.5,False,9.77,new_seller,33
TXN-1201846,2024-08-12,Translation,US,IL,Writer,438.99,EUR,credit_card,completed,2,4.0,False,87.8,rising_talent,33
TXN-1201845,2024-08-12,Data Analysis,US,GB,Data Scientist,453.65,EUR,crypto,completed,9,3.1,False,90.73,level_1,33
TXN-1201843,2024-08-12,Translation,SG,US,Writer,963.91,USD,paypal,completed,3,4.3,False,192.78,level_1,33
TXN-1201842,2024-08-12,Content Writing,GB,BR,Writer,251.14,USD,credit_card,completed,2,4.3,True,50.23,rising_talent,33
TXN-1201833,2024-08-12,Social Media Management,GB,IN,Marketing Manager,189.95,USD,credit_card,completed,2,4.6,False,37.99,top_rated,33
TXN-1201919,2024-08-12,Music Production,FR,US,Designer,451.41,USD,credit_card,completed,5,4.9,True,90.28,level_1,33
TXN-1201827,2024-08-12,Mobile App,IN,DE,Software Engineer,1474.19,GBP,credit_card,completed,17,3.5,True,294.84,level_1,33
TXN-1201825,2024-08-12,Data Analysis,AU,US,Data Scientist,367.7,GBP,credit_card,completed,7,3.5,True,73.54,level_2,33
TXN-1202003,2024-08-12,Virtual Assistant,IN,JP,HR Manager,209.69,EUR,credit_card,completed,1,4.9,True,41.94,rising_talent,33
TXN-1202011,2024-08-12,Data Analysis,US,BR,Data Scientist,447.08,USD,bank_transfer,completed,7,4.4,False,89.42,level_2,33
TXN-1201768,2024-08-12,Financial Modeling,DE,GB,Accountant,113.52,USD,credit_card,completed,13,3.6,True,22.7,level_2,33
TXN-1201884,2024-08-12,Mobile App,IN,US,Software Engineer,631.06,EUR,credit_card,completed,13,3.7,True,126.21,level_1,33
TXN-1201701,2024-08-12,Translation,US,DE,Writer,529.21,INR,credit_card,completed,3,4.3,True,105.84,top_rated,33
TXN-1202040,2024-08-12,Data Analysis,ES,SG,Data Scientist,84.16,USD,paypal,completed,5,4.5,False,16.83,level_2,33
TXN-1201692,2024-08-12,Social Media Management,IN,DE,Marketing Manager,7.89,USD,credit_card,completed,6,4.2,False,1.58,rising_talent,33
TXN-1201691,2024-08-12,AI/ML Development,FR,US,Data Scientist,44.8,USD,credit_card,completed,12,4.1,False,8.96,rising_talent,33
TXN-1201718,2024-08-12,Legal Consulting,US,SG,Lawyer,210.28,USD,credit_card,completed,22,4.9,False,42.06,new_seller,33
TXN-1201712,2024-08-12,Graphic Design,IN,CA,Designer,64.84,USD,bank_transfer,completed,6,4.4,False,12.97,level_1,33
TXN-1202019,2024-08-12,AI/ML Development,IL,IN,Data Scientist,91.46,USD,credit_card,completed,28,4.5,False,18.29,top_rated,33
TXN-1201688,2024-08-12,Legal Consulting,GB,US,Lawyer,722.43,USD,bank_transfer,completed,7,1.0,True,144.49,level_1,33
TXN-1201716,2024-08-12,Virtual Assistant,IN,NL,HR Manager,48.95,USD,paypal,completed,1,4.6,False,9.79,top_rated,33
TXN-1201683,2024-08-12,Mobile App,US,IN,Software Engineer,22.69,EUR,paypal,completed,19,3.9,True,4.54,level_1,33
TXN-1201681,2024-08-12,Content Writing,DE,GB,Writer,92.19,ILS,credit_card,completed,3,4.5,True,18.44,new_seller,33
TXN-1201883,2024-08-12,Photography,BR,IN,Designer,52.54,USD,credit_card,completed,3,4.6,False,10.51,new_seller,33
TXN-1201685,2024-08-12,Web Development,US,DE,Software Engineer,106.67,EUR,credit_card,completed,7,3.9,True,21.33,level_2,33
TXN-1202062,2024-08-12,Virtual Assistant,GB,DE,HR Manager,2069.37,USD,credit_card,completed,2,4.3,True,413.87,level_1,33
TXN-1201927,2024-08-13,AI/ML Development,IL,DE,Data Scientist,200.13,USD,credit_card,completed,14,4.3,True,40.03,top_rated,33
TXN-1201789,2024-08-13,Financial Modeling,DE,ES,Accountant,123.69,USD,paypal,completed,14,4.7,True,24.74,level_2,33
TXN-1201931,2024-08-13,Financial Modeling,DE,GB,Accountant,133.04,INR,bank_transfer,completed,14,3.9,False,26.61,level_2,33
TXN-1201960,2024-08-13,Translation,US,IN,Writer,64.99,USD,credit_card,completed,2,4.7,False,13.0,rising_talent,33
TXN-1201816,2024-08-13,Mobile App,FR,IL,Software Engineer,23.29,USD,bank_transfer,completed,20,4.8,False,4.66,level_1,33
TXN-1202045,2024-08-13,Social Media Management,IN,FR,Marketing Manager,122.14,USD,credit_card,completed,3,4.7,False,24.43,new_seller,33
TXN-1201935,2024-08-13,Graphic Design,SG,DE,Designer,211.7,USD,bank_transfer,completed,6,4.4,False,42.34,level_1,33
TXN-1201958,2024-08-13,Music Production,IN,JP,Designer,53.95,USD,bank_transfer,disputed,6,,False,10.79,rising_talent,33
TXN-1201947,2024-08-13,Web Development,GB,US,Software Engineer,65.86,USD,paypal,completed,30,4.0,False,13.17,level_2,33
TXN-1201804,2024-08-13,Social Media Management,US,CA,Marketing Manager,29.64,USD,credit_card,completed,8,4.1,False,5.93,level_1,33
TXN-1202042,2024-08-13,Mobile App,ZA,MX,Software Engineer,6.87,USD,bank_transfer,completed,14,4.5,False,1.37,top_rated,33
TXN-1201948,2024-08-13,Mobile App,US,FR,Software Engineer,158.51,USD,bank_transfer,completed,30,4.7,True,31.7,rising_talent,33
TXN-1201951,2024-08-13,Virtual Assistant,BR,CA,HR Manager,34.49,USD,paypal,completed,1,2.6,False,6.9,level_1,33
TXN-1201791,2024-08-13,Graphic Design,US,SG,Designer,214.54,USD,crypto,completed,6,4.7,True,42.91,level_1,33
TXN-1201706,2024-08-13,Content Writing,AU,ZA,Writer,104.58,USD,credit_card,completed,3,4.6,False,20.92,top_rated,33
TXN-1201704,2024-08-13,Virtual Assistant,IN,US,HR Manager,89.54,USD,crypto,completed,1,3.2,True,17.91,rising_talent,33
TXN-1201941,2024-08-13,Music Production,NL,AU,Designer,267.63,USD,credit_card,completed,4,4.9,True,53.53,level_2,33
TXN-1201911,2024-08-13,Mobile App,AU,US,Software Engineer,298.22,USD,paypal,completed,16,4.4,False,59.64,level_1,33
TXN-1201915,2024-08-13,Data Analysis,BR,IN,Data Scientist,612.33,USD,credit_card,completed,14,4.5,False,122.47,top_rated,33
TXN-1201885,2024-08-13,Photography,IN,ZA,Designer,841.65,EUR,paypal,completed,6,4.7,True,168.33,top_rated,33
TXN-1201887,2024-08-13,SEO/SEM,US,DE,Marketing Manager,687.28,USD,credit_card,completed,12,4.4,False,137.46,level_1,33
TXN-1201684,2024-08-13,Social Media Management,SG,IN,Marketing Manager,367.49,USD,bank_transfer,completed,5,4.4,False,73.5,rising_talent,33
TXN-1201896,2024-08-13,SEO/SEM,FR,DE,Marketing Manager,322.21,USD,credit_card,completed,7,4.5,False,64.44,level_2,33
TXN-1201897,2024-08-13,Financial Modeling,US,US,Accountant,244.56,USD,bank_transfer,completed,4,4.7,True,48.91,level_1,33
TXN-1202059,2024-08-13,Translation,IN,DE,Writer,32.22,USD,credit_card,cancelled,2,,True,6.44,level_2,33
TXN-1201687,2024-08-13,Photography,DE,US,Designer,306.17,USD,credit_card,completed,3,4.4,False,61.23,new_seller,33
TXN-1201900,2024-08-13,SEO/SEM,ZA,GB,Marketing Manager,216.77,USD,bank_transfer,completed,6,3.3,True,43.35,new_seller,33
TXN-1201699,2024-08-13,Photography,US,BR,Designer,188.86,USD,credit_card,completed,5,4.9,False,37.77,level_2,33
TXN-1201856,2024-08-13,Content Writing,US,IN,Writer,41.66,ILS,paypal,completed,2,4.0,True,8.33,rising_talent,33
TXN-1201851,2024-08-13,Virtual Assistant,US,IN,HR Manager,19.74,USD,paypal,completed,2,3.9,False,3.95,top_rated,33
TXN-1201850,2024-08-13,Data Analysis,GB,NL,Data Scientist,129.34,USD,paypal,completed,7,4.9,True,25.87,level_1,33
TXN-1201849,2024-08-13,Financial Modeling,US,ES,Accountant,77.34,USD,paypal,completed,5,3.5,True,15.47,level_1,33
TXN-1202051,2024-08-13,Social Media Management,DE,US,Marketing Manager,52.9,GBP,bank_transfer,completed,4,3.3,False,10.58,rising_talent,33
TXN-1201909,2024-08-13,Video Production,IN,SG,Designer,90.03,USD,credit_card,completed,6,3.3,True,18.01,level_1,33
TXN-1201694,2024-08-13,Data Analysis,IN,IN,Data Scientist,69.8,USD,paypal,completed,6,3.7,False,13.96,rising_talent,33
TXN-1201912,2024-08-13,Financial Modeling,US,US,Accountant,148.79,USD,paypal,completed,16,4.1,False,29.76,top_rated,33
TXN-1201835,2024-08-13,Mobile App,US,US,Software Engineer,275.51,USD,paypal,completed,30,4.9,True,55.1,level_1,33
TXN-1202054,2024-08-13,Financial Modeling,DE,US,Accountant,143.1,USD,bank_transfer,completed,8,4.9,True,28.62,new_seller,33
TXN-1201970,2024-08-13,Video Production,IN,US,Designer,148.04,USD,bank_transfer,completed,7,4.6,True,29.61,level_1,33
TXN-1201729,2024-08-13,Video Production,CA,ZA,Designer,317.69,EUR,bank_transfer,completed,7,4.4,False,63.54,rising_talent,33
TXN-1201744,2024-08-13,Web Development,IN,US,Software Engineer,554.06,USD,paypal,completed,9,4.1,True,110.81,level_1,33
TXN-1201984,2024-08-13,SEO/SEM,DE,ES,Marketing Manager,249.84,USD,paypal,completed,12,4.4,False,49.97,new_seller,33
TXN-1201996,2024-08-13,Web Development,ZA,GB,Software Engineer,617.87,EUR,paypal,completed,21,4.6,False,123.57,new_seller,33
TXN-1202023,2024-08-13,AI/ML Development,US,BR,Data Scientist,181.04,USD,bank_transfer,completed,12,4.2,False,36.21,level_2,33
TXN-1202022,2024-08-13,Video Production,IN,US,Designer,728.34,USD,paypal,completed,4,4.7,True,145.67,rising_talent,33
TXN-1201751,2024-08-13,Mobile App,IN,US,Software Engineer,105.21,USD,bank_transfer,cancelled,30,,True,21.04,level_1,33
TXN-1201746,2024-08-13,Data Analysis,IN,FR,Data Scientist,80.58,ILS,paypal,completed,7,4.2,True,16.12,level_1,33
TXN-1201745,2024-08-13,Photography,BR,AU,Designer,23.91,EUR,credit_card,completed,5,4.3,False,4.78,rising_talent,33
TXN-1202030,2024-08-13,Social Media Management,ES,ZA,Marketing Manager,56.34,USD,paypal,completed,11,4.5,False,11.27,rising_talent,33
TXN-1202024,2024-08-13,AI/ML Development,US,SG,Data Scientist,82.5,USD,credit_card,completed,12,4.3,False,16.5,top_rated,33
TXN-1201743,2024-08-13,Content Writing,FR,US,Writer,240.15,GBP,paypal,completed,2,3.5,True,48.03,level_1,33
TXN-1201723,2024-08-13,Data Analysis,US,US,Data Scientist,363.94,USD,paypal,completed,6,4.9,False,72.79,level_1,33
TXN-1201976,2024-08-13,Social Media Management,GB,BR,Marketing Manager,142.16,EUR,bank_transfer,completed,6,4.1,True,28.43,rising_talent,33
TXN-1201764,2024-08-13,Graphic Design,US,MX,Designer,519.68,EUR,bank_transfer,completed,5,3.2,True,103.94,level_1,33
TXN-1201725,2024-08-13,Translation,IN,US,Writer,54.68,INR,credit_card,completed,4,4.0,False,10.94,level_1,33
TXN-1201773,2024-08-13,Web Development,IN,NL,Software Engineer,46.51,USD,paypal,completed,6,4.7,False,9.3,level_2,33
TXN-1201732,2024-08-13,AI/ML Development,NL,US,Data Scientist,69.96,GBP,credit_card,completed,16,4.6,False,13.99,rising_talent,33
TXN-1201730,2024-08-13,AI/ML Development,US,IN,Data Scientist,79.12,USD,credit_card,completed,23,4.3,False,15.82,level_2,33
TXN-1201991,2024-08-13,Music Production,DE,AU,Designer,99.26,EUR,paypal,cancelled,4,,True,19.85,rising_talent,33
TXN-1202037,2024-08-13,Virtual Assistant,US,US,HR Manager,269.63,USD,paypal,completed,1,4.7,True,53.93,rising_talent,33
TXN-1202016,2024-08-13,Web Development,IN,IL,Software Engineer,37.38,USD,credit_card,completed,12,4.5,True,7.48,rising_talent,33
TXN-1201780,2024-08-13,Graphic Design,ZA,GB,Designer,46.72,GBP,paypal,completed,5,3.6,False,9.34,new_seller,33
TXN-1201711,2024-08-13,Video Production,US,CA,Designer,400.01,USD,paypal,completed,7,4.5,False,80.0,level_2,33
TXN-1201995,2024-08-13,Social Media Management,US,IN,Marketing Manager,140.25,USD,credit_card,cancelled,4,,False,28.05,level_1,33
TXN-1201733,2024-08-13,Web Development,IN,IN,Software Engineer,81.48,ILS,paypal,completed,6,3.3,True,16.3,rising_talent,33
TXN-1202010,2024-08-13,Content Writing,ES,DE,Writer,1969.84,GBP,crypto,completed,3,3.9,False,393.97,level_1,33
TXN-1201776,2024-08-13,Virtual Assistant,US,US,HR Manager,30.02,USD,crypto,cancelled,4,,False,6.0,rising_talent,33
TXN-1201755,2024-08-13,Music Production,DE,IN,Designer,622.14,USD,paypal,completed,8,4.0,False,124.43,level_1,33
TXN-1201752,2024-08-14,Social Media Management,IL,GB,Marketing Manager,57.18,USD,credit_card,disputed,12,,False,11.44,level_1,33
TXN-1201840,2024-08-14,SEO/SEM,US,US,Marketing Manager,422.77,USD,bank_transfer,completed,9,4.1,True,84.55,level_1,33
TXN-1201756,2024-08-14,Virtual Assistant,BR,MX,HR Manager,155.48,USD,bank_transfer,completed,1,3.4,False,31.1,top_rated,33
TXN-1201719,2024-08-14,AI/ML Development,CA,FR,Data Scientist,22.57,USD,paypal,completed,19,4.1,True,4.51,level_2,33
TXN-1201841,2024-08-14,Video Production,US,US,Designer,83.0,USD,credit_card,completed,9,3.8,False,16.6,top_rated,33
TXN-1201838,2024-08-14,Photography,FR,IN,Designer,204.39,EUR,paypal,completed,4,3.6,False,40.88,level_1,33
TXN-1201839,2024-08-14,Virtual Assistant,MX,IL,HR Manager,35.52,USD,paypal,completed,2,3.7,False,7.1,new_seller,33
TXN-1201784,2024-08-14,Content Writing,FR,US,Writer,270.55,USD,bank_transfer,completed,3,3.3,False,54.11,top_rated,33
TXN-1201907,2024-08-14,Content Writing,GB,DE,Writer,236.88,USD,paypal,completed,3,4.4,False,47.38,level_2,33
TXN-1201971,2024-08-14,Data Analysis,GB,US,Data Scientist,70.17,USD,credit_card,completed,5,4.2,False,14.03,level_2,33
TXN-1201901,2024-08-14,Web Development,US,NL,Software Engineer,38.09,USD,credit_card,completed,6,4.5,False,7.62,rising_talent,33
TXN-1201741,2024-08-14,AI/ML Development,CA,US,Data Scientist,366.87,USD,paypal,completed,17,4.3,False,73.37,top_rated,33
TXN-1201862,2024-08-14,Content Writing,IN,IN,Writer,144.6,EUR,credit_card,completed,1,4.5,True,28.92,level_1,33
TXN-1202017,2024-08-14,Photography,US,ES,Designer,115.69,USD,paypal,completed,2,3.9,True,23.14,new_seller,33
TXN-1202007,2024-08-14,Translation,IN,MX,Writer,84.99,USD,paypal,completed,1,4.4,False,17.0,level_2,33
TXN-1201872,2024-08-14,Data Analysis,CA,GB,Data Scientist,335.04,USD,credit_card,completed,3,4.8,True,67.01,level_2,33
TXN-1201679,2024-08-14,Social Media Management,US,BR,Marketing Manager,2473.37,USD,credit_card,completed,5,4.9,False,494.67,level_2,33
TXN-1201879,2024-08-14,Content Writing,MX,DE,Writer,775.67,USD,bank_transfer,completed,3,4.7,True,155.13,rising_talent,33
TXN-1201886,2024-08-14,Translation,CA,US,Writer,519.78,ILS,paypal,completed,2,3.8,True,103.96,rising_talent,33
TXN-1201848,2024-08-14,Graphic Design,US,NL,Designer,233.6,USD,credit_card,completed,4,4.3,True,46.72,rising_talent,33
TXN-1201696,2024-08-14,Mobile App,DE,US,Software Engineer,378.18,USD,paypal,completed,25,3.5,False,75.64,new_seller,33
TXN-1201758,2024-08-14,Legal Consulting,US,IN,Lawyer,214.04,USD,credit_card,completed,12,4.4,True,42.81,rising_talent,33
TXN-1201831,2024-08-14,AI/ML Development,AU,NL,Data Scientist,20.47,USD,credit_card,completed,20,4.9,False,4.09,rising_talent,33
TXN-1201949,2024-08-14,SEO/SEM,US,US,Marketing Manager,119.27,USD,credit_card,completed,10,3.9,True,23.85,level_2,33
TXN-1201952,2024-08-14,Music Production,DE,JP,Designer,30.57,USD,credit_card,completed,5,4.1,False,6.11,rising_talent,33
TXN-1201802,2024-08-14,Social Media Management,BR,US,Marketing Manager,99.62,USD,paypal,completed,11,4.6,True,19.92,level_2,33
TXN-1201772,2024-08-14,Financial Modeling,IN,IN,Accountant,85.42,GBP,bank_transfer,completed,5,4.8,False,17.08,level_2,33
TXN-1201977,2024-08-14,Social Media Management,FR,US,Marketing Manager,320.52,USD,credit_card,completed,4,4.4,False,64.1,top_rated,33
TXN-1201832,2024-08-14,Social Media Management,GB,IN,Marketing Manager,167.63,GBP,paypal,completed,5,4.8,True,33.53,level_1,33
TXN-1202031,2024-08-14,AI/ML Development,US,US,Data Scientist,415.38,USD,credit_card,completed,13,4.5,False,83.08,new_seller,33
TXN-1201955,2024-08-14,SEO/SEM,IN,US,Marketing Manager,90.45,USD,credit_card,completed,7,4.2,True,18.09,level_1,33
TXN-1202043,2024-08-14,Virtual Assistant,FR,ES,HR Manager,50.06,USD,credit_card,completed,2,5.0,False,10.01,new_seller,33
TXN-1201974,2024-08-14,AI/ML Development,US,FR,Data Scientist,15.0,USD,credit_card,completed,22,4.9,False,3.0,new_seller,33
TXN-1202033,2024-08-14,Translation,BR,IN,Writer,365.48,USD,credit_card,completed,4,4.5,False,73.1,new_seller,33
TXN-1201779,2024-08-14,Translation,US,US,Writer,503.59,USD,credit_card,completed,8,3.6,False,100.72,level_2,33
TXN-1201982,2024-08-14,Mobile App,US,SG,Software Engineer,107.23,GBP,paypal,completed,14,3.7,False,21.45,level_2,33
TXN-1201981,2024-08-14,Legal Consulting,SG,NL,Lawyer,28.38,GBP,bank_transfer,completed,23,4.6,False,5.68,level_1,33
TXN-1201925,2024-08-14,Photography,US,US,Designer,130.89,USD,credit_card,completed,3,4.2,False,26.18,level_2,33
TXN-1201697,2024-08-14,Virtual Assistant,IN,IN,HR Manager,657.31,USD,credit_card,completed,1,4.3,True,131.46,level_2,33
TXN-1202038,2024-08-14,Mobile App,US,US,Software Engineer,271.77,GBP,credit_card,completed,24,3.8,False,54.35,new_seller,33
TXN-1201922,2024-08-14,Mobile App,DE,US,Software Engineer,137.39,INR,credit_card,completed,19,4.8,True,27.48,level_2,33
TXN-1202047,2024-08-14,Music Production,IN,AU,Designer,405.37,EUR,paypal,completed,12,4.2,False,81.07,rising_talent,33
TXN-1201924,2024-08-14,Translation,IN,IL,Writer,268.49,USD,credit_card,completed,5,4.7,False,53.7,new_seller,33
TXN-1202026,2024-08-14,Content Writing,MX,NL,Writer,272.8,USD,paypal,completed,3,2.9,False,54.56,new_seller,33
TXN-1201818,2024-08-14,Graphic Design,GB,US,Designer,121.11,USD,credit_card,completed,2,4.5,True,24.22,level_1,33
TXN-1201799,2024-08-14,Photography,MX,US,Designer,217.48,USD,bank_transfer,completed,2,2.8,False,43.5,rising_talent,33
TXN-1201823,2024-08-14,SEO/SEM,US,US,Marketing Manager,676.0,GBP,credit_card,completed,10,4.0,True,135.2,rising_talent,33
TXN-1201988,2024-08-14,Mobile App,US,IN,Software Engineer,102.38,USD,credit_card,completed,28,3.8,False,20.48,rising_talent,33
TXN-1202046,2024-08-14,Translation,GB,US,Writer,534.22,GBP,credit_card,cancelled,1,,True,106.84,new_seller,33
TXN-1201928,2024-08-14,Photography,US,US,Designer,472.3,USD,credit_card,completed,4,3.5,False,94.46,new_seller,33
TXN-1201954,2024-08-15,Video Production,GB,GB,Designer,490.1,USD,credit_card,completed,7,4.3,False,98.02,new_seller,33
TXN-1201888,2024-08-15,Financial Modeling,US,GB,Accountant,466.14,USD,credit_card,completed,12,4.5,False,93.23,top_rated,33
TXN-1201965,2024-08-15,Video Production,US,ES,Designer,19.97,USD,credit_card,completed,10,4.1,False,3.99,level_1,33
TXN-1202060,2024-08-15,Graphic Design,ES,IN,Designer,1138.77,EUR,paypal,completed,6,4.2,False,227.75,new_seller,33
TXN-1201889,2024-08-15,AI/ML Development,US,MX,Data Scientist,80.34,USD,bank_transfer,completed,14,3.7,False,16.07,rising_talent,33
TXN-1202041,2024-08-15,Data Analysis,US,ZA,Data Scientist,176.07,USD,bank_transfer,completed,6,3.3,True,35.21,level_1,33
TXN-1201961,2024-08-15,Data Analysis,US,AU,Data Scientist,205.25,ILS,credit_card,completed,7,4.0,False,41.05,level_2,33
TXN-1202012,2024-08-15,Social Media Management,US,GB,Marketing Manager,105.19,USD,credit_card,completed,8,4.4,True,21.04,level_1,33
TXN-1201891,2024-08-15,Content Writing,US,US,Writer,534.24,GBP,credit_card,completed,3,3.6,True,106.85,top_rated,33
TXN-1201892,2024-08-15,Music Production,FR,IN,Designer,38.27,ILS,paypal,completed,9,4.0,True,7.65,level_1,33
TXN-1202002,2024-08-15,Music Production,US,GB,Designer,29.57,USD,credit_card,completed,11,3.4,False,5.91,level_1,33
TXN-1201898,2024-08-15,AI/ML Development,DE,US,Data Scientist,26.73,USD,credit_card,completed,11,3.3,False,5.35,rising_talent,33
TXN-1201942,2024-08-15,Content Writing,CA,ZA,Writer,251.57,EUR,credit_card,completed,1,4.3,False,50.31,top_rated,33
TXN-1201939,2024-08-15,Content Writing,US,US,Writer,43.84,USD,bank_transfer,completed,3,4.7,False,8.77,level_1,33
TXN-1201905,2024-08-15,Content Writing,IN,US,Writer,690.85,USD,paypal,completed,3,4.7,True,138.17,level_1,33
TXN-1201936,2024-08-15,Social Media Management,US,US,Marketing Manager,183.58,USD,paypal,completed,7,4.2,True,36.72,level_2,33
TXN-1202053,2024-08-15,Financial Modeling,US,DE,Accountant,1208.08,USD,paypal,completed,17,4.8,False,241.62,level_1,33
TXN-1201934,2024-08-15,Web Development,US,ES,Software Engineer,82.88,USD,credit_card,completed,18,4.0,False,16.58,level_1,33
TXN-1201985,2024-08-15,Social Media Management,IN,NL,Marketing Manager,46.01,USD,credit_card,completed,17,3.6,False,9.2,level_1,33
TXN-1202049,2024-08-15,Graphic Design,FR,FR,Designer,62.51,USD,paypal,completed,5,3.5,False,12.5,new_seller,33
TXN-1201921,2024-08-15,Translation,US,US,Writer,307.26,USD,credit_card,completed,4,4.2,False,61.45,level_1,33
TXN-1202006,2024-08-15,Social Media Management,US,US,Marketing Manager,36.05,USD,bank_transfer,completed,9,4.1,True,7.21,level_1,33
TXN-1201944,2024-08-15,AI/ML Development,FR,DE,Data Scientist,290.05,GBP,bank_transfer,completed,24,3.4,True,58.01,level_2,33
TXN-1202000,2024-08-15,Graphic Design,US,FR,Designer,186.85,ILS,paypal,completed,5,3.6,False,37.37,level_1,33
TXN-1201881,2024-08-15,Financial Modeling,US,IN,Accountant,22.97,USD,paypal,completed,6,4.1,False,4.59,level_2,33
TXN-1201830,2024-08-15,Legal Consulting,IN,IN,Lawyer,1761.93,USD,credit_card,completed,24,4.4,False,352.39,top_rated,33
TXN-1201731,2024-08-15,Graphic Design,US,BR,Designer,41.53,USD,credit_card,completed,8,4.5,True,8.31,new_seller,33
TXN-1201792,2024-08-15,Financial Modeling,IN,US,Accountant,50.93,USD,bank_transfer,completed,12,3.7,False,10.19,new_seller,33
TXN-1201828,2024-08-15,Legal Consulting,ES,IN,Lawyer,22.44,USD,bank_transfer,completed,17,4.1,False,4.49,level_2,33
TXN-1201882,2024-08-15,Virtual Assistant,US,GB,HR Manager,126.07,USD,paypal,completed,1,4.8,False,25.21,level_1,33
TXN-1201820,2024-08-15,Content Writing,IN,DE,Writer,279.15,USD,credit_card,completed,4,3.6,False,55.83,level_1,33
TXN-1201749,2024-08-15,Mobile App,US,GB,Software Engineer,606.17,USD,credit_card,completed,17,3.2,True,121.23,level_2,33
TXN-1201750,2024-08-15,Web Development,US,JP,Software Engineer,1864.86,USD,bank_transfer,completed,17,4.0,False,372.97,rising_talent,33
TXN-1201762,2024-08-15,SEO/SEM,US,IN,Marketing Manager,79.11,USD,credit_card,completed,16,4.8,False,15.82,level_1,33
TXN-1201811,2024-08-15,Content Writing,BR,AU,Writer,521.97,USD,bank_transfer,completed,5,3.9,False,104.39,new_seller,33
TXN-1201763,2024-08-15,AI/ML Development,IN,IN,Data Scientist,41.38,USD,paypal,completed,20,3.4,True,8.28,new_seller,33
TXN-1201810,2024-08-15,AI/ML Development,US,US,Data Scientist,144.02,USD,bank_transfer,completed,13,4.4,True,28.8,rising_talent,33
TXN-1201808,2024-08-15,Mobile App,CA,AU,Software Engineer,76.58,GBP,credit_card,completed,16,3.8,False,15.32,top_rated,33
TXN-1201771,2024-08-15,Legal Consulting,CA,US,Lawyer,706.79,EUR,credit_card,completed,5,4.4,False,141.36,rising_talent,33
TXN-1201777,2024-08-15,Content Writing,SG,US,Writer,37.19,USD,paypal,completed,5,2.7,True,7.44,level_1,33
TXN-1201785,2024-08-15,Graphic Design,US,US,Designer,72.56,USD,paypal,completed,5,2.4,False,14.51,level_2,33
TXN-1201800,2024-08-15,SEO/SEM,US,DE,Marketing Manager,161.48,EUR,bank_transfer,completed,10,4.0,False,32.3,top_rated,33
TXN-1201786,2024-08-15,Virtual Assistant,IL,GB,HR Manager,1650.4,EUR,credit_card,completed,1,3.7,False,330.08,level_2,33
TXN-1201788,2024-08-15,Web Development,US,IL,Software Engineer,916.91,USD,paypal,completed,13,3.8,True,183.38,rising_talent,33
TXN-1201795,2024-08-15,Data Analysis,GB,US,Data Scientist,406.99,USD,bank_transfer,completed,4,4.7,True,81.4,rising_talent,33
TXN-1201794,2024-08-15,Social Media Management,IN,GB,Marketing Manager,366.53,USD,credit_card,completed,5,3.6,True,73.31,level_1,33
TXN-1201834,2024-08-15,AI/ML Development,GB,US,Data Scientist,138.1,USD,paypal,completed,16,4.2,False,27.62,new_seller,33
TXN-1201721,2024-08-15,Content Writing,US,NL,Writer,405.95,USD,bank_transfer,completed,1,3.4,True,81.19,level_1,33
TXN-1201829,2024-08-15,Translation,FR,IN,Writer,798.87,USD,credit_card,completed,6,4.1,True,159.77,level_1,33
TXN-1201695,2024-08-15,Social Media Management,US,GB,Marketing Manager,278.99,EUR,credit_card,completed,8,3.6,True,55.8,level_2,33
TXN-1201714,2024-08-15,Photography,GB,FR,Designer,223.76,USD,paypal,completed,3,3.5,False,44.75,level_2,33
TXN-1201859,2024-08-15,Translation,NL,US,Writer,84.32,USD,credit_card,completed,1,4.4,False,16.86,level_1,33
TXN-1201847,2024-08-15,Virtual Assistant,US,US,HR Manager,120.09,GBP,credit_card,completed,2,4.7,False,24.02,level_1,33
TXN-1201871,2024-08-15,Content Writing,CA,FR,Writer,140.09,USD,paypal,completed,3,2.8,False,28.02,new_seller,33
TXN-1201865,2024-08-15,Web Development,IN,MX,Software Engineer,493.94,EUR,credit_card,completed,15,4.8,True,98.79,level_2,33
TXN-1201710,2024-08-15,Legal Consulting,US,US,Lawyer,119.04,GBP,crypto,completed,23,4.1,False,23.81,rising_talent,33
TXN-1201866,2024-08-15,Social Media Management,FR,GB,Marketing Manager,251.86,ILS,credit_card,completed,4,4.9,True,50.37,level_2,33
TXN-1201864,2024-08-15,Virtual Assistant,US,BR,HR Manager,39.55,USD,paypal,completed,1,4.7,True,7.91,level_2,33
TXN-1201708,2024-08-15,Financial Modeling,IN,GB,Accountant,44.82,USD,credit_card,completed,13,3.0,True,8.96,top_rated,33
TXN-1201767,2024-08-16,Translation,AU,IN,Writer,64.24,USD,credit_card,completed,3,4.7,True,12.85,top_rated,33
TXN-1201980,2024-08-16,Mobile App,US,US,Software Engineer,19.29,USD,credit_card,completed,25,3.7,False,3.86,level_2,33
TXN-1201978,2024-08-16,Mobile App,US,IL,Software Engineer,850.67,USD,bank_transfer,completed,26,3.5,False,170.13,level_1,33
TXN-1202050,2024-08-16,Virtual Assistant,FR,IN,HR Manager,271.94,USD,paypal,completed,1,4.1,True,54.39,level_2,33
TXN-1201690,2024-08-16,Mobile App,AU,ZA,Software Engineer,39.0,USD,bank_transfer,completed,12,3.4,True,7.8,new_seller,33
TXN-1201717,2024-08-16,Music Production,US,US,Designer,47.19,USD,paypal,completed,6,3.6,False,9.44,rising_talent,33
TXN-1202055,2024-08-16,Graphic Design,FR,AU,Designer,393.81,USD,bank_transfer,disputed,8,,False,78.76,level_2,33
TXN-1201968,2024-08-16,Legal Consulting,US,US,Lawyer,278.04,ILS,credit_card,completed,5,4.1,False,55.61,level_2,33
TXN-1202057,2024-08-16,Music Production,US,US,Designer,201.78,USD,paypal,completed,13,3.9,False,40.36,new_seller,33
TXN-1201966,2024-08-16,Mobile App,US,US,Software Engineer,143.26,EUR,paypal,completed,16,4.3,True,28.65,level_1,33
TXN-1201682,2024-08-16,Video Production,DE,JP,Designer,416.75,USD,crypto,completed,7,4.8,True,83.35,level_1,33
TXN-1202061,2024-08-16,SEO/SEM,US,GB,Marketing Manager,399.07,USD,paypal,completed,18,4.4,False,79.81,rising_talent,33
TXN-1201680,2024-08-16,Virtual Assistant,ES,US,HR Manager,253.67,ILS,credit_card,completed,1,3.5,True,50.73,level_1,33
TXN-1201775,2024-08-16,Data Analysis,IN,NL,Data Scientist,81.54,USD,bank_transfer,completed,10,4.4,True,16.31,level_1,33
TXN-1201782,2024-08-16,Data Analysis,IN,BR,Data Scientist,21.17,USD,paypal,completed,5,4.4,False,4.23,level_1,33
TXN-1201754,2024-08-16,Financial Modeling,US,US,Accountant,48.78,USD,credit_card,completed,14,4.8,False,9.76,rising_talent,33
TXN-1201992,2024-08-16,Video Production,US,US,Designer,250.98,USD,credit_card,completed,13,3.9,True,50.2,new_seller,33
TXN-1201720,2024-08-16,Music Production,CA,US,Designer,37.49,USD,credit_card,completed,8,4.0,True,7.5,level_1,33
TXN-1201722,2024-08-16,Data Analysis,US,US,Data Scientist,245.41,USD,credit_card,completed,7,3.1,False,49.08,top_rated,33
TXN-1202020,2024-08-16,Translation,DE,DE,Writer,92.37,USD,paypal,completed,2,4.6,False,18.47,top_rated,33
TXN-1201724,2024-08-16,Content Writing,SG,SG,Writer,136.3,USD,bank_transfer,completed,1,4.8,False,27.26,rising_talent,33
TXN-1201726,2024-08-16,Music Production,MX,US,Designer,90.07,USD,crypto,completed,10,3.2,False,18.01,level_1,33
TXN-1202034,2024-08-16,SEO/SEM,FR,SG,Marketing Manager,961.87,USD,paypal,completed,15,3.3,False,192.37,new_seller,33
TXN-1202035,2024-08-16,Video Production,IN,GB,Designer,436.32,USD,bank_transfer,completed,15,4.9,True,87.26,rising_talent,33
TXN-1202039,2024-08-16,Music Production,GB,JP,Designer,58.54,USD,credit_card,completed,8,4.4,False,11.71,top_rated,33
TXN-1202009,2024-08-16,Music Production,CA,IN,Designer,421.89,USD,credit_card,completed,7,4.1,True,84.38,level_1,33
TXN-1202004,2024-08-16,Photography,CA,JP,Designer,111.1,USD,credit_card,completed,2,4.6,True,22.22,new_seller,33
TXN-1201737,2024-08-16,AI/ML Development,MX,IN,Data Scientist,446.07,EUR,paypal,completed,19,4.0,False,89.21,level_2,33
TXN-1202001,2024-08-16,Virtual Assistant,US,DE,HR Manager,366.54,USD,credit_card,completed,4,4.2,True,73.31,new_seller,33
TXN-1201705,2024-08-16,Mobile App,DE,DE,Software Engineer,307.44,USD,paypal,completed,19,4.3,False,61.49,level_2,33
TXN-1201999,2024-08-16,Social Media Management,US,US,Marketing Manager,434.14,USD,credit_card,completed,4,4.0,True,86.83,rising_talent,33
TXN-1201740,2024-08-16,Legal Consulting,IN,US,Lawyer,257.52,GBP,bank_transfer,completed,13,4.2,False,51.5,level_2,33
TXN-1201702,2024-08-16,Mobile App,IN,DE,Software Engineer,213.93,USD,credit_card,completed,30,5.0,False,42.79,new_seller,33
TXN-1202028,2024-08-16,Music Production,IN,SG,Designer,81.74,USD,bank_transfer,completed,12,4.9,True,16.35,level_2,33
TXN-1201698,2024-08-16,Translation,IN,IN,Writer,2393.63,USD,credit_card,completed,2,3.5,False,478.73,rising_talent,33
TXN-1201957,2024-08-16,Mobile App,GB,ZA,Software Engineer,46.36,USD,credit_card,completed,18,4.0,False,9.27,rising_talent,33
TXN-1201753,2024-08-16,Social Media Management,US,ZA,Marketing Manager,124.26,INR,credit_card,completed,5,4.7,False,24.85,top_rated,33
TXN-1201817,2024-08-16,Translation,FR,CA,Writer,46312.84,EUR,credit_card,cancelled,2,,True,9262.57,level_1,33
TXN-1201937,2024-08-16,Translation,US,DE,Writer,36.25,USD,credit_card,completed,1,4.1,True,7.25,level_2,33
TXN-1201814,2024-08-16,Data Analysis,NL,CA,Data Scientist,381.52,USD,paypal,completed,6,3.3,False,76.3,level_1,33
TXN-1201932,2024-08-16,SEO/SEM,DE,GB,Marketing Manager,1356.4,USD,paypal,completed,9,4.8,True,271.28,level_2,33
TXN-1201853,2024-08-16,Music Production,ES,SG,Designer,66.81,USD,credit_card,completed,8,3.7,False,13.36,new_seller,33
TXN-1201819,2024-08-16,Legal Consulting,US,BR,Lawyer,243.57,EUR,credit_card,completed,15,4.4,True,48.71,rising_talent,33
TXN-1201824,2024-08-16,Social Media Management,GB,IN,Marketing Manager,159.83,INR,credit_card,completed,9,4.5,False,31.97,level_2,33
TXN-1201893,2024-08-16,Content Writing,IN,CA,Writer,155.47,USD,bank_transfer,completed,4,4.4,False,31.09,rising_talent,33
TXN-1201826,2024-08-16,Web Development,US,FR,Software Engineer,63.05,USD,paypal,completed,12,3.7,True,12.61,new_seller,33
TXN-1201914,2024-08-16,Data Analysis,BR,AU,Data Scientist,202.71,USD,credit_card,completed,4,4.7,False,40.54,rising_talent,33
TXN-1201836,2024-08-16,AI/ML Development,IN,CA,Data Scientist,183.96,USD,paypal,completed,21,4.7,False,36.79,new_seller,33
TXN-1201837,2024-08-16,Mobile App,SG,FR,Software Engineer,200.52,USD,credit_card,completed,29,4.4,True,40.1,new_seller,33
TXN-1201855,2024-08-16,Music Production,IN,IN,Designer,421.26,GBP,paypal,completed,12,1.8,False,84.25,top_rated,33
TXN-1201910,2024-08-16,Web Development,IN,IN,Software Engineer,446.17,USD,credit_card,completed,30,4.1,False,89.23,new_seller,33
TXN-1201956,2024-08-16,Mobile App,IN,US,Software Engineer,632.17,USD,paypal,completed,12,5.0,True,126.43,level_1,33
TXN-1201916,2024-08-16,Data Analysis,ZA,GB,Data Scientist,25.23,USD,bank_transfer,completed,16,4.3,False,5.05,level_2,33
TXN-1201943,2024-08-16,SEO/SEM,GB,SG,Marketing Manager,34.55,INR,credit_card,completed,18,3.1,False,6.91,top_rated,33
TXN-1201906,2024-08-16,Video Production,US,BR,Designer,952.69,USD,credit_card,cancelled,8,,False,190.54,level_1,33
TXN-1201945,2024-08-16,Mobile App,DE,IN,Software Engineer,119.12,USD,crypto,completed,18,4.5,False,23.82,new_seller,33
TXN-1201950,2024-08-16,Financial Modeling,US,GB,Accountant,173.17,GBP,credit_card,completed,12,4.3,True,34.63,level_2,33
TXN-1201890,2024-08-16,Social Media Management,IN,US,Marketing Manager,527.18,EUR,paypal,completed,5,4.5,True,105.44,level_2,33
TXN-1201876,2024-08-16,Data Analysis,NL,US,Data Scientist,24.64,USD,paypal,completed,5,2.9,False,4.93,level_2,33
TXN-1201797,2024-08-16,SEO/SEM,US,IN,Marketing Manager,400.55,INR,paypal,completed,4,4.2,False,80.11,rising_talent,33
TXN-1201798,2024-08-16,Virtual Assistant,FR,GB,HR Manager,378.84,USD,credit_card,completed,3,3.6,True,75.77,level_1,33
TXN-1201959,2024-08-17,Virtual Assistant,AU,AU,HR Manager,33.82,USD,credit_card,completed,2,3.9,True,6.76,level_2,33
TXN-1201713,2024-08-17,Mobile App,CA,IN,Software Engineer,471.29,USD,paypal,completed,22,3.7,True,94.26,level_2,33
TXN-1201806,2024-08-17,Graphic Design,GB,US,Designer,54.83,GBP,bank_transfer,completed,3,4.7,False,10.97,level_2,33
TXN-1201736,2024-08-17,SEO/SEM,IN,NL,Marketing Manager,38.11,EUR,bank_transfer,completed,11,4.4,False,7.62,rising_talent,33
TXN-1202032,2024-08-17,AI/ML Development,CA,US,Data Scientist,82.96,USD,bank_transfer,completed,14,4.4,True,16.59,top_rated,33
TXN-1201861,2024-08-17,Music Production,US,GB,Designer,53.84,USD,credit_card,completed,21,3.0,False,10.77,rising_talent,33
TXN-1201700,2024-08-17,Social Media Management,US,DE,Marketing Manager,183.85,ILS,paypal,completed,6,4.2,False,36.77,level_1,33
TXN-1201920,2024-08-17,Social Media Management,US,US,Marketing Manager,9.5,USD,credit_card,completed,12,4.9,False,1.9,top_rated,33
TXN-1201858,2024-08-17,Translation,GB,BR,Writer,10.13,USD,paypal,cancelled,5,,False,2.03,level_1,33
TXN-1202013,2024-08-17,Translation,US,ZA,Writer,96.44,USD,credit_card,completed,2,3.2,False,19.29,top_rated,33
TXN-1201727,2024-08-17,Translation,FR,US,Writer,44.78,USD,bank_transfer,completed,2,4.6,False,8.96,rising_talent,33
TXN-1201707,2024-08-17,Music Production,FR,US,Designer,32.17,USD,bank_transfer,completed,8,4.9,True,6.43,rising_talent,33
TXN-1201844,2024-08-17,Music Production,US,DE,Designer,114.81,USD,paypal,completed,14,3.6,False,22.96,new_seller,33
TXN-1201964,2024-08-17,Music Production,GB,US,Designer,26.47,EUR,credit_card,completed,7,4.8,True,5.29,rising_talent,33
TXN-1201709,2024-08-17,Graphic Design,US,US,Designer,60.53,USD,bank_transfer,completed,5,2.2,False,12.11,rising_talent,33
TXN-1201963,2024-08-17,Data Analysis,GB,SG,Data Scientist,243.0,USD,paypal,completed,8,3.2,False,48.6,level_1,33
TXN-1202025,2024-08-17,Data Analysis,SG,AU,Data Scientist,404.91,USD,paypal,completed,9,3.2,False,80.98,level_2,33
TXN-1201880,2024-08-17,AI/ML Development,IN,BR,Data Scientist,17.72,GBP,crypto,completed,25,4.9,True,3.54,level_1,33
TXN-1201790,2024-08-17,Music Production,NL,IN,Designer,122.75,USD,credit_card,completed,12,4.4,True,24.55,level_1,33
TXN-1201739,2024-08-17,Translation,US,GB,Writer,298.83,USD,credit_card,completed,4,4.5,False,59.77,level_2,33
TXN-1201895,2024-08-17,SEO/SEM,IL,CA,Marketing Manager,9.51,USD,paypal,completed,10,3.2,False,1.9,top_rated,33
TXN-1201822,2024-08-17,Financial Modeling,US,IN,Accountant,100.51,USD,bank_transfer,completed,6,4.3,True,20.1,rising_talent,33
TXN-1201986,2024-08-17,Video Production,IL,FR,Designer,241.94,USD,paypal,completed,10,4.7,True,48.39,level_2,33
TXN-1201987,2024-08-17,Virtual Assistant,US,DE,HR Manager,523.85,USD,paypal,completed,1,3.0,False,104.77,level_1,33
TXN-1201693,2024-08-17,Music Production,NL,US,Designer,37.74,USD,credit_card,completed,9,4.7,False,7.55,top_rated,33
TXN-1201760,2024-08-17,AI/ML Development,US,US,Data Scientist,177.69,USD,credit_card,completed,16,1.0,False,35.54,rising_talent,33
TXN-1201938,2024-08-17,Virtual Assistant,US,US,HR Manager,113.95,ILS,credit_card,completed,2,4.0,False,22.79,level_1,33
TXN-1201894,2024-08-17,Music Production,IN,SG,Designer,189.28,USD,credit_card,cancelled,14,,False,37.86,level_2,33
TXN-1201778,2024-08-17,Web Development,FR,ZA,Software Engineer,525.86,USD,credit_card,completed,9,3.9,False,105.17,level_1,33
TXN-1201757,2024-08-17,Social Media Management,US,MX,Marketing Manager,103.74,USD,credit_card,completed,6,4.8,True,20.75,top_rated,33
TXN-1201973,2024-08-17,AI/ML Development,IN,US,Data Scientist,55.26,USD,paypal,completed,25,2.8,True,11.05,new_seller,33
TXN-1201815,2024-08-17,Music Production,ZA,CA,Designer,912.93,USD,credit_card,completed,25,4.3,False,182.59,rising_talent,33
TXN-1201769,2024-08-17,SEO/SEM,GB,US,Marketing Manager,47.31,ILS,credit_card,completed,7,4.8,True,9.46,new_seller,33
TXN-1201783,2024-08-17,Translation,US,DE,Writer,677.33,USD,credit_card,completed,2,2.8,False,135.47,level_1,33
TXN-1201770,2024-08-17,Translation,ZA,US,Writer,134.68,USD,paypal,completed,3,3.7,False,26.94,new_seller,33
TXN-1201747,2024-08-17,Social Media Management,CA,US,Marketing Manager,629.86,USD,credit_card,completed,10,3.7,False,125.97,level_1,33
TXN-1201801,2024-08-17,Social Media Management,ES,IN,Marketing Manager,166.05,USD,paypal,completed,3,4.6,True,33.21,level_2,33
TXN-1201929,2024-08-17,Translation,IN,BR,Writer,54.52,USD,bank_transfer,completed,3,4.2,False,10.9,level_2,33
TXN-1201946,2024-08-17,SEO/SEM,US,CA,Marketing Manager,83.61,USD,paypal,completed,7,4.8,False,16.72,level_2,33
TXN-1202036,2024-08-18,Graphic Design,US,BR,Designer,140.72,EUR,paypal,completed,6,3.9,True,28.14,level_2,33
TXN-1201686,2024-08-18,Social Media Management,IN,US,Marketing Manager,1200.65,USD,paypal,completed,16,4.1,False,240.13,top_rated,33
TXN-1201867,2024-08-18,SEO/SEM,FR,US,Marketing Manager,479.85,USD,bank_transfer,completed,3,2.9,False,95.97,level_2,33
TXN-1202056,2024-08-18,Mobile App,IL,GB,Software Engineer,89.7,USD,credit_card,completed,30,4.9,True,17.94,level_1,33
TXN-1202058,2024-08-18,Data Analysis,ES,IN,Data Scientist,627.32,USD,paypal,completed,10,4.7,False,125.46,rising_talent,33
TXN-1201857,2024-08-18,SEO/SEM,BR,ES,Marketing Manager,293.9,USD,bank_transfer,completed,19,4.3,False,58.78,new_seller,33
TXN-1201689,2024-08-18,Web Development,US,DE,Software Engineer,17.59,USD,credit_card,completed,12,4.5,False,3.52,level_2,33
TXN-1201902,2024-08-18,Social Media Management,BR,IN,Marketing Manager,130.57,USD,paypal,cancelled,2,,False,26.11,new_seller,33
TXN-1201703,2024-08-18,Translation,US,IN,Writer,8.53,USD,credit_card,disputed,2,,False,1.71,level_1,33
TXN-1202044,2024-08-18,Photography,GB,IN,Designer,538.03,USD,paypal,completed,4,2.8,True,107.61,level_1,33
TXN-1202052,2024-08-18,SEO/SEM,GB,CA,Marketing Manager,749.85,USD,paypal,completed,5,4.8,True,149.97,level_1,33
TXN-1202048,2024-08-18,Content Writing,FR,GB,Writer,112.05,USD,bank_transfer,completed,4,4.1,False,22.41,level_2,33
TXN-1201863,2024-08-18,Graphic Design,ES,CA,Designer,219.32,USD,bank_transfer,completed,7,4.4,False,43.86,level_1,33
TXN-1201904,2024-08-18,Legal Consulting,IL,US,Lawyer,31.36,GBP,credit_card,completed,11,3.5,False,6.27,level_2,33
TXN-1201793,2024-08-18,Social Media Management,AU,MX,Marketing Manager,150.17,USD,credit_card,completed,6,4.2,False,30.03,level_2,33
TXN-1201715,2024-08-18,Translation,IN,AU,Writer,610.17,USD,credit_card,in_progress,1,,False,122.03,rising_talent,33
TXN-1202027,2024-08-18,Content Writing,GB,US,Writer,175.46,USD,credit_card,completed,1,3.4,False,35.09,top_rated,33
TXN-1202029,2024-08-18,Virtual Assistant,US,US,HR Manager,188.32,USD,bank_transfer,completed,2,3.9,False,37.66,level_2,33
TXN-1201962,2024-08-18,SEO/SEM,NL,US,Marketing Manager,21.7,USD,crypto,completed,3,4.8,True,4.34,rising_talent,33
TXN-1201967,2024-08-18,Web Development,US,GB,Software Engineer,110.91,USD,bank_transfer,completed,12,5.0,False,22.18,level_1,33
TXN-1201805,2024-08-18,Mobile App,IN,AU,Software Engineer,146.52,EUR,credit_card,completed,11,4.5,False,29.3,level_2,33
TXN-1201940,2024-08-18,Translation,US,US,Writer,166.95,USD,bank_transfer,completed,1,4.1,False,33.39,rising_talent,33
TXN-1201766,2024-08-18,Content Writing,SG,ZA,Writer,58.28,USD,credit_card,completed,2,4.4,True,11.66,new_seller,33
TXN-1201983,2024-08-18,Web Development,ES,GB,Software Engineer,153.26,USD,credit_card,completed,15,3.4,False,30.65,level_2,33
TXN-1201765,2024-08-18,Mobile App,CA,US,Software Engineer,584.32,USD,bank_transfer,completed,17,4.3,False,116.86,level_1,33
TXN-1201813,2024-08-18,SEO/SEM,DE,DE,Marketing Manager,110.28,ILS,paypal,completed,14,3.4,True,22.06,rising_talent,33
TXN-1201759,2024-08-18,Content Writing,GB,MX,Writer,446.51,USD,paypal,completed,3,4.3,False,89.3,level_1,33
TXN-1201926,2024-08-18,Video Production,US,US,Designer,146.39,USD,credit_card,completed,4,4.6,False,29.28,level_1,33
TXN-1202005,2024-08-18,Web Development,IN,GB,Software Engineer,439.7,USD,credit_card,completed,12,4.1,False,87.94,level_2,33
TXN-1201809,2024-08-18,Translation,ZA,IN,Writer,90.48,USD,paypal,completed,2,3.5,False,18.1,level_1,33
TXN-1202008,2024-08-18,Social Media Management,IN,IN,Marketing Manager,500.78,USD,credit_card,completed,7,2.8,True,100.16,level_2,33
TXN-1201735,2024-08-18,Data Analysis,ZA,IN,Data Scientist,25.14,USD,credit_card,completed,3,3.0,True,5.03,level_2,33
TXN-1202021,2024-08-18,Financial Modeling,NL,FR,Accountant,168.79,USD,paypal,completed,10,4.3,False,33.76,level_1,33
TXN-1201917,2024-08-18,Financial Modeling,IL,DE,Accountant,526.0,USD,bank_transfer,completed,8,1.0,False,105.2,level_1,33
TXN-1201918,2024-08-18,Financial Modeling,NL,US,Accountant,65.61,USD,credit_card,completed,14,4.3,False,13.12,level_2,33
TXN-1202015,2024-08-18,Translation,DE,DE,Writer,30.35,USD,paypal,completed,6,4.5,False,6.07,level_1,33
TXN-1202018,2024-08-18,Financial Modeling,SG,IN,Accountant,381.88,USD,credit_card,completed,8,4.6,True,76.38,level_1,33
TXN-1201728,2024-08-18,Web Development,SG,BR,Software Engineer,25.38,INR,credit_card,cancelled,24,,False,5.08,top_rated,33
TXN-1201734,2024-08-18,Content Writing,NL,GB,Writer,669.21,USD,bank_transfer,completed,3,3.7,True,133.84,level_2,33
TXN-1201923,2024-08-18,Social Media Management,US,DE,Marketing Manager,44.01,USD,paypal,completed,4,4.8,False,8.8,new_seller,33
TXN-1202014,2024-08-18,AI/ML Development,US,US,Data Scientist,220.42,USD,paypal,completed,30,4.2,False,44.08,level_2,33
TXN-1201913,2024-08-18,Web Development,US,IL,Software Engineer,34.29,USD,bank_transfer,completed,19,2.3,True,6.86,level_2,33
TXN-1202198,2024-08-19,Data Analysis,GB,US,Data Scientist,153.68,GBP,credit_card,completed,10,4.7,False,30.74,new_seller,34
TXN-1202168,2024-08-19,Video Production,US,JP,Designer,146.28,USD,paypal,completed,7,4.3,False,29.26,new_seller,34
TXN-1202193,2024-08-19,Legal Consulting,ES,US,Lawyer,165.13,GBP,credit_card,completed,16,4.1,False,33.03,rising_talent,34
TXN-1202186,2024-08-19,Translation,GB,DE,Writer,113.76,USD,paypal,completed,2,2.8,False,22.75,level_2,34
TXN-1202179,2024-08-19,Financial Modeling,ZA,BR,Accountant,13.44,USD,bank_transfer,completed,14,4.1,True,2.69,level_1,34
TXN-1202200,2024-08-19,AI/ML Development,US,US,Data Scientist,5000.0,USD,paypal,completed,17,4.6,False,1000.0,level_1,34
TXN-1202176,2024-08-19,Video Production,US,US,Designer,410.1,ILS,credit_card,completed,11,4.7,False,82.02,level_2,34
TXN-1202170,2024-08-19,Photography,JP,CA,Designer,179.48,USD,paypal,completed,7,4.3,False,35.9,level_1,34
TXN-1202140,2024-08-19,Content Writing,BR,GB,Writer,239.57,USD,credit_card,completed,4,3.4,True,47.91,level_1,34
TXN-1202155,2024-08-19,Video Production,JP,IN,Designer,443.16,USD,bank_transfer,completed,7,3.6,False,88.63,level_1,34
TXN-1202151,2024-08-19,Financial Modeling,BR,GB,Accountant,154.28,GBP,paypal,completed,8,2.9,False,30.86,level_1,34
TXN-1202144,2024-08-19,Music Production,IN,GB,Designer,30.54,INR,credit_card,completed,3,2.8,False,6.11,rising_talent,34
TXN-1202126,2024-08-19,Financial Modeling,BR,SG,Accountant,144.89,ILS,credit_card,completed,3,4.8,False,28.98,rising_talent,34
TXN-1202124,2024-08-19,Data Analysis,US,GB,Data Scientist,670.29,USD,paypal,completed,11,3.9,False,134.06,rising_talent,34
TXN-1202121,2024-08-19,AI/ML Development,CA,MX,Data Scientist,750.44,USD,crypto,completed,7,4.5,False,150.09,level_1,34
TXN-1202208,2024-08-19,Mobile App,US,IN,Software Engineer,49.45,USD,paypal,completed,30,4.8,False,9.89,level_2,34
TXN-1202112,2024-08-19,Graphic Design,US,DE,Designer,33.71,USD,credit_card,completed,6,4.2,True,6.74,level_2,34
TXN-1202160,2024-08-19,Web Development,IN,JP,Software Engineer,254.72,EUR,paypal,completed,12,3.1,False,50.94,top_rated,34
TXN-1202210,2024-08-19,Financial Modeling,US,US,Accountant,549.01,USD,paypal,completed,8,4.3,True,109.8,level_1,34
TXN-1202279,2024-08-19,Social Media Management,AU,GB,Marketing Manager,129.95,EUR,credit_card,completed,7,4.7,False,25.99,top_rated,34
TXN-1202218,2024-08-19,Content Writing,ES,GB,Writer,349.74,USD,credit_card,completed,1,4.6,True,69.95,level_1,34
TXN-1202109,2024-08-19,Mobile App,IL,US,Software Engineer,204.23,USD,paypal,in_progress,23,,False,40.85,level_1,34
TXN-1202316,2024-08-19,Photography,US,DE,Designer,274.39,USD,credit_card,completed,5,3.9,False,54.88,new_seller,34
TXN-1202313,2024-08-19,Music Production,US,US,Designer,311.94,USD,credit_card,completed,20,4.9,True,62.39,top_rated,34
TXN-1202312,2024-08-19,Social Media Management,BR,FR,Marketing Manager,63.79,USD,credit_card,completed,6,4.8,True,12.76,level_2,34
TXN-1202309,2024-08-19,Graphic Design,GB,FR,Designer,511.52,USD,crypto,completed,4,4.6,False,102.3,new_seller,34
TXN-1202292,2024-08-19,Music Production,DE,IN,Designer,714.41,USD,paypal,completed,22,3.6,True,142.88,level_1,34
TXN-1202287,2024-08-19,Music Production,DE,DE,Designer,336.57,USD,paypal,completed,18,4.5,True,67.31,new_seller,34
TXN-1202284,2024-08-19,Legal Consulting,US,US,Lawyer,34.47,USD,bank_transfer,completed,17,3.8,True,6.89,rising_talent,34
TXN-1202216,2024-08-19,SEO/SEM,DE,GB,Marketing Manager,246.39,EUR,credit_card,completed,9,4.9,False,49.28,level_2,34
TXN-1202263,2024-08-19,Web Development,US,IN,Software Engineer,185.54,USD,paypal,completed,11,3.4,True,37.11,level_1,34
TXN-1202255,2024-08-19,Video Production,GB,US,Designer,394.5,USD,credit_card,completed,24,4.1,True,78.9,top_rated,34
TXN-1202249,2024-08-19,Translation,FR,GB,Writer,48.76,USD,credit_card,completed,2,4.5,False,9.75,level_1,34
TXN-1202247,2024-08-19,AI/ML Development,DE,IN,Data Scientist,24.92,INR,bank_transfer,completed,19,4.3,True,4.98,level_1,34
TXN-1202245,2024-08-19,Virtual Assistant,ES,ZA,HR Manager,349.44,USD,credit_card,completed,1,4.8,False,69.89,new_seller,34
TXN-1202239,2024-08-19,Financial Modeling,SG,ZA,Accountant,165.96,GBP,crypto,completed,5,3.9,False,33.19,top_rated,34
TXN-1202232,2024-08-19,Web Development,US,GB,Software Engineer,28.81,USD,credit_card,completed,12,4.2,False,5.76,level_1,34
TXN-1202230,2024-08-19,Video Production,GB,DE,Designer,154.9,USD,paypal,completed,6,4.2,False,30.98,new_seller,34
TXN-1202225,2024-08-19,Music Production,BR,AU,Designer,32.86,USD,credit_card,completed,5,4.8,False,6.57,level_2,34
TXN-1202256,2024-08-19,Web Development,IN,DE,Software Engineer,26.12,USD,credit_card,completed,17,3.7,True,5.22,rising_talent,34
TXN-1202108,2024-08-19,Social Media Management,MX,ZA,Marketing Manager,553.81,USD,credit_card,completed,6,4.4,False,110.76,rising_talent,34
TXN-1202159,2024-08-19,Mobile App,IN,BR,Software Engineer,136.42,USD,paypal,completed,28,4.6,True,27.28,new_seller,34
TXN-1202100,2024-08-19,Web Development,CA,US,Software Engineer,34.3,EUR,paypal,completed,17,4.5,False,6.86,level_2,34
TXN-1202092,2024-08-19,AI/ML Development,GB,CA,Data Scientist,26.79,USD,paypal,completed,24,4.9,False,5.36,level_1,34
TXN-1202091,2024-08-19,Graphic Design,US,ES,Designer,67.02,USD,paypal,completed,5,4.0,True,13.4,level_2,34
TXN-1202095,2024-08-19,Content Writing,US,IN,Writer,36.51,USD,paypal,completed,4,4.9,True,7.3,rising_talent,34
TXN-1202099,2024-08-19,Data Analysis,IN,SG,Data Scientist,160.44,USD,paypal,completed,9,4.5,False,32.09,rising_talent,34
TXN-1202082,2024-08-19,Content Writing,US,US,Writer,293.26,INR,credit_card,completed,5,4.5,False,58.65,top_rated,34
TXN-1202074,2024-08-19,Financial Modeling,GB,JP,Accountant,89.28,USD,paypal,completed,13,4.1,True,17.86,level_2,34
TXN-1202104,2024-08-19,SEO/SEM,BR,FR,Marketing Manager,195.2,USD,bank_transfer,completed,6,4.4,False,39.04,level_1,34
TXN-1202088,2024-08-19,SEO/SEM,US,FR,Marketing Manager,61.01,USD,credit_card,completed,13,4.8,False,12.2,level_2,34
TXN-1202146,2024-08-20,Data Analysis,DE,IN,Data Scientist,48.23,USD,credit_card,completed,6,3.6,True,9.65,level_1,34
TXN-1202262,2024-08-20,Graphic Design,US,US,Designer,227.35,USD,paypal,completed,4,4.4,False,45.47,new_seller,34
TXN-1202271,2024-08-20,Legal Consulting,CA,CA,Lawyer,68.36,EUR,paypal,completed,15,2.8,True,13.67,rising_talent,34
TXN-1202253,2024-08-20,Mobile App,FR,NL,Software Engineer,160.64,USD,credit_card,completed,17,2.7,False,32.13,level_1,34
TXN-1202276,2024-08-20,Data Analysis,IN,US,Data Scientist,174.25,USD,credit_card,completed,7,3.0,False,34.85,new_seller,34
TXN-1202081,2024-08-20,Mobile App,DE,ZA,Software Engineer,25.07,USD,bank_transfer,completed,21,4.3,False,5.01,rising_talent,34
TXN-1202096,2024-08-20,Photography,IN,US,Designer,68.35,GBP,credit_card,completed,7,4.2,False,13.67,level_1,34
TXN-1202148,2024-08-20,Data Analysis,DE,IN,Data Scientist,202.25,USD,credit_card,completed,5,3.0,False,40.45,level_1,34
TXN-1202204,2024-08-20,Photography,IN,GB,Designer,89.96,USD,credit_card,completed,2,4.6,False,17.99,rising_talent,34
TXN-1202097,2024-08-20,Video Production,IN,SG,Designer,52.89,USD,credit_card,completed,4,4.1,True,10.58,level_1,34
TXN-1202077,2024-08-20,Translation,IN,IN,Writer,381.61,USD,credit_card,completed,3,3.2,False,76.32,top_rated,34
TXN-1202191,2024-08-20,Music Production,CA,FR,Designer,179.18,GBP,credit_card,completed,12,4.6,False,35.84,level_2,34
TXN-1202190,2024-08-20,Data Analysis,MX,GB,Data Scientist,172.99,USD,credit_card,completed,6,4.2,False,34.6,level_2,34
TXN-1202234,2024-08-20,AI/ML Development,US,GB,Data Scientist,48.98,USD,credit_card,completed,12,4.8,False,9.8,top_rated,34
TXN-1202173,2024-08-20,SEO/SEM,GB,IN,Marketing Manager,62.29,USD,paypal,completed,10,4.6,False,12.46,rising_talent,34
TXN-1202231,2024-08-20,Music Production,CA,IN,Designer,127.7,ILS,bank_transfer,completed,13,3.7,True,25.54,level_1,34
TXN-1202090,2024-08-20,Virtual Assistant,JP,GB,HR Manager,71.36,USD,paypal,completed,1,4.3,False,14.27,level_2,34
TXN-1202177,2024-08-20,Data Analysis,US,MX,Data Scientist,5000.0,USD,paypal,completed,7,2.8,False,1000.0,new_seller,34
TXN-1202178,2024-08-20,Translation,BR,US,Writer,79.31,USD,credit_card,completed,4,4.8,False,15.86,top_rated,34
TXN-1202181,2024-08-20,Mobile App,US,JP,Software Engineer,150.12,EUR,credit_card,completed,30,4.0,False,30.02,new_seller,34
TXN-1202079,2024-08-20,Web Development,US,ZA,Software Engineer,175.0,ILS,credit_card,cancelled,7,,True,35.0,rising_talent,34
TXN-1202080,2024-08-20,Content Writing,IN,US,Writer,1092.42,USD,paypal,completed,4,3.7,False,218.48,level_1,34
TXN-1202244,2024-08-20,Virtual Assistant,US,MX,HR Manager,628.48,USD,credit_card,completed,3,4.2,False,125.7,new_seller,34
TXN-1202278,2024-08-20,Content Writing,DE,US,Writer,139.64,INR,credit_card,completed,3,4.1,False,27.93,level_1,34
TXN-1202071,2024-08-20,Virtual Assistant,US,US,HR Manager,1652.74,GBP,credit_card,completed,3,4.6,False,330.55,rising_talent,34
TXN-1202189,2024-08-20,Translation,IN,GB,Writer,31.73,USD,credit_card,completed,6,4.0,False,6.35,top_rated,34
TXN-1202306,2024-08-20,Mobile App,US,US,Software Engineer,21.7,USD,credit_card,completed,15,4.1,True,4.34,rising_talent,34
TXN-1202280,2024-08-20,Mobile App,GB,ES,Software Engineer,123.13,USD,credit_card,completed,28,4.9,False,24.63,level_1,34
TXN-1202308,2024-08-20,Social Media Management,US,CA,Marketing Manager,104.67,USD,paypal,completed,8,4.1,False,20.93,level_2,34
TXN-1202207,2024-08-20,Music Production,FR,US,Designer,192.2,INR,crypto,completed,10,3.6,False,38.44,rising_talent,34
TXN-1202125,2024-08-20,Financial Modeling,US,DE,Accountant,366.09,EUR,crypto,completed,4,2.6,False,73.22,level_1,34
TXN-1202314,2024-08-20,Financial Modeling,IN,IN,Accountant,64.6,USD,credit_card,completed,9,3.8,False,12.92,top_rated,34
TXN-1202296,2024-08-20,Content Writing,US,SG,Writer,155.57,USD,credit_card,completed,1,4.4,False,31.11,level_1,34
TXN-1202064,2024-08-20,AI/ML Development,US,DE,Data Scientist,215.26,ILS,credit_card,completed,12,3.7,False,43.05,level_2,34
TXN-1202199,2024-08-20,Translation,GB,DE,Writer,303.0,GBP,credit_card,completed,4,3.3,True,60.6,rising_talent,34
TXN-1202281,2024-08-20,Photography,IN,US,Designer,359.67,USD,credit_card,completed,3,4.8,True,71.93,top_rated,34
TXN-1202135,2024-08-20,Music Production,US,CA,Designer,191.31,USD,credit_card,completed,12,3.1,False,38.26,rising_talent,34
TXN-1202290,2024-08-20,Graphic Design,IN,GB,Designer,46.57,USD,paypal,completed,3,3.3,False,9.31,top_rated,34
TXN-1202214,2024-08-20,Financial Modeling,IN,US,Accountant,603.58,USD,credit_card,completed,5,4.5,True,120.72,level_1,34
TXN-1202069,2024-08-20,AI/ML Development,DE,IN,Data Scientist,1812.92,USD,paypal,completed,19,3.7,False,362.58,level_1,34
TXN-1202068,2024-08-20,Music Production,FR,CA,Designer,153.03,USD,credit_card,completed,20,3.2,False,30.61,level_1,34
TXN-1202106,2024-08-21,Photography,DE,US,Designer,20.09,ILS,crypto,completed,2,4.8,True,4.02,level_2,34
TXN-1202233,2024-08-21,Translation,AU,BR,Writer,115.27,USD,credit_card,completed,4,2.6,True,23.05,level_2,34
TXN-1202175,2024-08-21,Mobile App,FR,BR,Software Engineer,195.19,USD,credit_card,completed,14,3.9,False,39.04,level_2,34
TXN-1202229,2024-08-21,SEO/SEM,US,SG,Marketing Manager,29.14,USD,credit_card,completed,14,4.7,True,5.83,rising_talent,34
TXN-1202315,2024-08-21,Virtual Assistant,US,MX,HR Manager,865.92,USD,bank_transfer,completed,2,4.7,False,173.18,level_1,34
TXN-1202110,2024-08-21,Social Media Management,IN,IN,Marketing Manager,94.06,USD,bank_transfer,completed,4,4.4,False,18.81,level_1,34
TXN-1202089,2024-08-21,AI/ML Development,CA,GB,Data Scientist,83.93,USD,credit_card,cancelled,30,,False,16.79,rising_talent,34
TXN-1202180,2024-08-21,Social Media Management,ES,IN,Marketing Manager,8.05,USD,paypal,completed,12,4.2,True,1.61,new_seller,34
TXN-1202304,2024-08-21,Video Production,US,ES,Designer,643.87,USD,credit_card,completed,4,3.8,False,128.77,level_2,34
TXN-1202183,2024-08-21,Data Analysis,BR,US,Data Scientist,232.9,USD,bank_transfer,completed,2,4.9,True,46.58,top_rated,34
TXN-1202184,2024-08-21,Video Production,US,US,Designer,221.87,USD,credit_card,completed,3,4.2,False,44.37,rising_talent,34
TXN-1202101,2024-08-21,AI/ML Development,DE,US,Data Scientist,91.39,EUR,credit_card,completed,12,3.5,False,18.28,top_rated,34
TXN-1202205,2024-08-21,Graphic Design,CA,DE,Designer,94.87,USD,credit_card,completed,4,3.3,False,18.97,new_seller,34
TXN-1202139,2024-08-21,Graphic Design,US,ES,Designer,212.96,USD,paypal,cancelled,8,,False,42.59,top_rated,34
TXN-1202299,2024-08-21,Social Media Management,FR,IN,Marketing Manager,192.91,USD,credit_card,completed,6,3.5,False,38.58,level_1,34
TXN-1202224,2024-08-21,Video Production,BR,IL,Designer,102.68,ILS,credit_card,completed,11,4.3,False,20.54,level_1,34
TXN-1202129,2024-08-21,Video Production,CA,BR,Designer,1729.71,USD,credit_card,completed,3,3.9,False,345.94,level_1,34
TXN-1202212,2024-08-21,Graphic Design,NL,IN,Designer,131.49,USD,paypal,completed,7,2.8,False,26.3,level_1,34
TXN-1202150,2024-08-21,Web Development,US,IN,Software Engineer,1740.19,USD,credit_card,completed,9,3.0,True,348.04,new_seller,34
TXN-1202261,2024-08-21,Graphic Design,AU,US,Designer,41.94,GBP,credit_card,completed,3,3.4,False,8.39,level_1,34
TXN-1202260,2024-08-21,Legal Consulting,IL,US,Lawyer,58.67,GBP,credit_card,completed,14,5.0,False,11.73,rising_talent,34
TXN-1202203,2024-08-21,Graphic Design,IN,IN,Designer,46.0,USD,credit_card,completed,5,4.9,False,9.2,level_2,34
TXN-1202084,2024-08-21,AI/ML Development,DE,SG,Data Scientist,47.16,USD,paypal,completed,6,4.3,False,9.43,level_1,34
TXN-1202073,2024-08-21,Music Production,NL,IN,Designer,314.77,GBP,credit_card,completed,8,4.3,True,62.95,level_1,34
TXN-1202254,2024-08-21,Social Media Management,US,DE,Marketing Manager,1332.64,USD,bank_transfer,completed,6,4.5,False,266.53,level_2,34
TXN-1202083,2024-08-21,Virtual Assistant,GB,MX,HR Manager,294.63,GBP,paypal,completed,2,3.2,False,58.93,level_1,34
TXN-1202123,2024-08-21,Mobile App,FR,IN,Software Engineer,46.86,USD,bank_transfer,completed,13,2.8,False,9.37,level_1,34
TXN-1202075,2024-08-21,Content Writing,DE,MX,Writer,9.4,USD,paypal,completed,2,4.1,True,1.88,level_2,34
TXN-1202162,2024-08-21,Social Media Management,SG,MX,Marketing Manager,978.23,USD,credit_card,completed,5,4.3,True,195.65,level_2,34
TXN-1202122,2024-08-21,Social Media Management,FR,CA,Marketing Manager,62.72,USD,credit_card,completed,6,3.9,True,12.54,level_1,34
TXN-1202165,2024-08-21,Virtual Assistant,FR,US,HR Manager,115.45,GBP,credit_card,completed,1,4.3,False,23.09,rising_talent,34
TXN-1202156,2024-08-21,AI/ML Development,US,AU,Data Scientist,69.24,USD,credit_card,completed,25,4.4,False,13.85,rising_talent,34
TXN-1202240,2024-08-21,SEO/SEM,IN,US,Marketing Manager,113.32,USD,bank_transfer,completed,12,4.1,False,22.66,top_rated,34
TXN-1202206,2024-08-22,AI/ML Development,CA,IL,Data Scientist,149.77,USD,credit_card,completed,21,4.4,False,29.95,top_rated,34
TXN-1202215,2024-08-22,Content Writing,BR,GB,Writer,515.82,USD,bank_transfer,completed,2,4.9,True,103.16,top_rated,34
TXN-1202105,2024-08-22,Photography,ZA,IN,Designer,58.48,USD,credit_card,completed,4,4.1,False,11.7,new_seller,34
TXN-1202237,2024-08-22,AI/ML Development,BR,DE,Data Scientist,195.52,ILS,credit_card,completed,8,4.5,False,39.1,rising_talent,34
TXN-1202250,2024-08-22,SEO/SEM,GB,US,Marketing Manager,37.03,USD,bank_transfer,completed,10,3.5,False,7.41,rising_talent,34
TXN-1202264,2024-08-22,AI/ML Development,US,ZA,Data Scientist,121.69,USD,crypto,completed,17,2.9,False,24.34,level_1,34
TXN-1202283,2024-08-22,Data Analysis,JP,JP,Data Scientist,836.92,USD,paypal,completed,4,4.3,True,167.38,new_seller,34
TXN-1202289,2024-08-22,SEO/SEM,US,US,Marketing Manager,34.65,USD,paypal,completed,7,4.5,False,6.93,level_2,34
TXN-1202294,2024-08-22,Content Writing,IN,US,Writer,1244.33,USD,credit_card,completed,5,4.6,False,248.87,top_rated,34
TXN-1202297,2024-08-22,Social Media Management,US,MX,Marketing Manager,191.33,USD,paypal,completed,6,3.1,False,38.27,rising_talent,34
TXN-1202300,2024-08-22,Social Media Management,CA,DE,Marketing Manager,22.76,USD,credit_card,completed,4,3.8,False,4.55,new_seller,34
TXN-1202302,2024-08-22,Graphic Design,IN,US,Designer,162.01,USD,credit_card,completed,13,4.5,True,32.4,top_rated,34
TXN-1202310,2024-08-22,Virtual Assistant,US,MX,HR Manager,486.53,USD,crypto,completed,2,3.4,False,97.31,level_1,34
TXN-1202311,2024-08-22,SEO/SEM,US,IN,Marketing Manager,74.07,ILS,credit_card,completed,7,2.4,True,14.81,level_1,34
TXN-1202065,2024-08-22,Photography,US,MX,Designer,98.38,USD,credit_card,completed,3,4.5,True,19.68,top_rated,34
TXN-1202236,2024-08-22,Virtual Assistant,DE,MX,HR Manager,82.11,USD,paypal,completed,3,4.9,False,16.42,level_2,34
TXN-1202258,2024-08-22,Photography,DE,GB,Designer,175.04,USD,credit_card,completed,3,3.7,False,35.01,rising_talent,34
TXN-1202269,2024-08-22,Photography,GB,US,Designer,2190.79,USD,paypal,completed,4,4.7,False,438.16,level_2,34
TXN-1202128,2024-08-22,SEO/SEM,IN,ES,Marketing Manager,92.44,EUR,bank_transfer,completed,19,4.9,False,18.49,level_2,34
TXN-1202166,2024-08-22,Video Production,IN,SG,Designer,104.5,USD,credit_card,completed,8,3.5,True,20.9,level_2,34
TXN-1202093,2024-08-22,Content Writing,US,MX,Writer,34.95,USD,bank_transfer,cancelled,1,,False,6.99,level_2,34
TXN-1202094,2024-08-22,Mobile App,DE,IN,Software Engineer,193.53,USD,credit_card,completed,30,4.1,True,38.71,rising_talent,34
TXN-1202102,2024-08-22,Virtual Assistant,US,US,HR Manager,25.34,USD,bank_transfer,completed,1,4.8,True,5.07,new_seller,34
TXN-1202152,2024-08-22,Social Media Management,BR,US,Marketing Manager,251.87,USD,paypal,completed,3,4.1,False,50.37,level_2,34
TXN-1202187,2024-08-22,Financial Modeling,GB,IN,Accountant,139.03,USD,credit_card,completed,10,3.9,True,27.81,level_1,34
TXN-1202163,2024-08-22,Video Production,US,BR,Designer,242.03,USD,paypal,completed,11,4.5,True,48.41,top_rated,34
TXN-1202142,2024-08-22,Financial Modeling,DE,US,Accountant,893.62,USD,credit_card,completed,15,4.5,False,178.72,rising_talent,34
TXN-1202118,2024-08-22,Mobile App,US,US,Software Engineer,475.78,GBP,credit_card,completed,14,4.3,False,95.16,top_rated,34
TXN-1202137,2024-08-22,Music Production,ES,DE,Designer,101.23,USD,credit_card,completed,13,4.9,True,20.25,level_2,34
TXN-1202136,2024-08-22,Photography,US,US,Designer,105.09,USD,bank_transfer,completed,2,4.2,True,21.02,level_1,34
TXN-1202194,2024-08-22,Translation,US,FR,Writer,66.76,USD,credit_card,completed,3,3.9,True,13.35,level_1,34
TXN-1202120,2024-08-22,Music Production,ZA,ZA,Designer,571.3,USD,bank_transfer,completed,16,4.6,False,114.26,top_rated,34
TXN-1202138,2024-08-23,Translation,NL,IN,Writer,135.32,ILS,credit_card,completed,4,5.0,False,27.06,top_rated,34
TXN-1202067,2024-08-23,Translation,DE,JP,Writer,43.36,GBP,credit_card,completed,2,5.0,True,8.67,rising_talent,34
TXN-1202161,2024-08-23,Music Production,GB,DE,Designer,187.79,USD,paypal,completed,5,4.8,True,37.56,level_1,34
TXN-1202127,2024-08-23,Video Production,CA,US,Designer,334.55,USD,credit_card,completed,6,3.3,False,66.91,level_1,34
TXN-1202295,2024-08-23,Virtual Assistant,ZA,IL,HR Manager,866.25,USD,credit_card,completed,1,4.9,False,173.25,new_seller,34
TXN-1202251,2024-08-23,Virtual Assistant,US,BR,HR Manager,346.63,GBP,bank_transfer,completed,1,4.9,False,69.33,level_2,34
TXN-1202252,2024-08-23,SEO/SEM,JP,IN,Marketing Manager,174.02,USD,credit_card,completed,10,5.0,False,34.8,rising_talent,34
TXN-1202098,2024-08-23,Legal Consulting,IN,FR,Lawyer,2058.2,USD,crypto,completed,10,3.9,False,411.64,new_seller,34
TXN-1202072,2024-08-23,Content Writing,DE,US,Writer,116.72,EUR,paypal,completed,7,1.0,False,23.34,level_2,34
TXN-1202307,2024-08-23,Web Development,IN,US,Software Engineer,193.01,USD,paypal,completed,16,3.5,True,38.6,level_1,34
TXN-1202119,2024-08-23,Graphic Design,US,DE,Designer,38.21,USD,credit_card,completed,7,4.9,True,7.64,level_1,34
TXN-1202305,2024-08-23,Video Production,GB,CA,Designer,258.7,USD,credit_card,completed,3,4.2,False,51.74,new_seller,34
TXN-1202303,2024-08-23,AI/ML Development,FR,GB,Data Scientist,44.78,USD,paypal,completed,5,4.9,True,8.96,level_1,34
TXN-1202267,2024-08-23,Virtual Assistant,US,GB,HR Manager,585.24,USD,paypal,completed,1,4.1,False,117.05,rising_talent,34
TXN-1202301,2024-08-23,Music Production,US,US,Designer,115.05,USD,paypal,completed,10,4.6,False,23.01,level_1,34
TXN-1202070,2024-08-23,AI/ML Development,DE,IN,Data Scientist,423.2,USD,credit_card,completed,13,4.8,False,84.64,top_rated,34
TXN-1202272,2024-08-23,Social Media Management,US,IN,Marketing Manager,487.39,USD,crypto,completed,7,4.5,False,97.48,level_1,34
TXN-1202273,2024-08-23,Data Analysis,FR,US,Data Scientist,136.59,USD,credit_card,completed,6,3.7,False,27.32,level_1,34
TXN-1202275,2024-08-23,Financial Modeling,US,US,Accountant,351.85,USD,credit_card,completed,4,3.6,False,70.37,level_2,34
TXN-1202141,2024-08-23,Photography,US,ZA,Designer,23.08,USD,credit_card,completed,4,3.9,False,4.62,level_2,34
TXN-1202154,2024-08-23,Data Analysis,US,FR,Data Scientist,261.66,USD,bank_transfer,completed,8,3.9,False,52.33,level_2,34
TXN-1202243,2024-08-23,Mobile App,IN,US,Software Engineer,186.5,USD,credit_card,completed,17,4.2,False,37.3,new_seller,34
TXN-1202291,2024-08-23,Financial Modeling,IL,US,Accountant,21.59,USD,credit_card,completed,8,3.9,False,4.32,level_2,34
TXN-1202241,2024-08-23,AI/ML Development,DE,DE,Data Scientist,30.05,GBP,credit_card,completed,16,4.1,False,6.01,level_2,34
TXN-1202086,2024-08-23,Social Media Management,US,BR,Marketing Manager,18.81,ILS,credit_card,completed,9,4.4,False,3.76,level_1,34
TXN-1202209,2024-08-23,Content Writing,MX,IN,Writer,104.73,ILS,paypal,completed,4,4.6,False,20.95,level_2,34
TXN-1202211,2024-08-23,Data Analysis,US,US,Data Scientist,95.6,USD,credit_card,completed,6,4.5,False,19.12,level_1,34
TXN-1202202,2024-08-23,Web Development,FR,US,Software Engineer,829.97,USD,paypal,completed,11,3.9,False,165.99,level_1,34
TXN-1202195,2024-08-23,Mobile App,IN,IL,Software Engineer,50.55,GBP,credit_card,completed,20,4.6,False,10.11,level_2,34
TXN-1202217,2024-08-23,Translation,SG,GB,Writer,296.77,USD,credit_card,completed,1,4.4,True,59.35,level_1,34
TXN-1202192,2024-08-23,Mobile App,US,IN,Software Engineer,342.65,GBP,credit_card,completed,30,4.2,False,68.53,rising_talent,34
TXN-1202219,2024-08-23,Translation,IN,IN,Writer,183.49,USD,credit_card,completed,3,4.6,True,36.7,level_2,34
TXN-1202220,2024-08-23,Translation,US,IN,Writer,63.4,USD,paypal,completed,2,4.6,True,12.68,top_rated,34
TXN-1202221,2024-08-23,Music Production,GB,US,Designer,56.87,USD,paypal,completed,7,4.2,False,11.37,new_seller,34
TXN-1202227,2024-08-23,Content Writing,GB,GB,Writer,119.61,USD,credit_card,completed,3,4.9,False,23.92,rising_talent,34
TXN-1202182,2024-08-23,Music Production,US,IN,Designer,61.33,USD,paypal,completed,18,4.6,False,12.27,level_1,34
TXN-1202174,2024-08-23,SEO/SEM,IN,IN,Marketing Manager,93.77,GBP,credit_card,completed,9,4.2,True,18.75,new_seller,34
TXN-1202223,2024-08-23,Translation,DE,US,Writer,190.66,GBP,paypal,completed,3,4.2,False,38.13,level_2,34
TXN-1202114,2024-08-23,Photography,GB,IL,Designer,149.51,EUR,bank_transfer,cancelled,1,,False,29.9,level_1,34
TXN-1202066,2024-08-23,Data Analysis,BR,DE,Data Scientist,187.83,USD,paypal,completed,5,3.8,False,37.57,new_seller,34
TXN-1202169,2024-08-23,Data Analysis,ES,IN,Data Scientist,385.76,USD,credit_card,completed,12,4.5,True,77.15,rising_talent,34
TXN-1202164,2024-08-23,Content Writing,SG,US,Writer,169.64,EUR,paypal,completed,4,4.0,True,33.93,rising_talent,34
TXN-1202076,2024-08-24,Legal Consulting,MX,US,Lawyer,44.31,USD,credit_card,completed,11,4.6,True,8.86,new_seller,34
TXN-1202288,2024-08-24,Translation,US,GB,Writer,114.46,USD,credit_card,completed,2,4.9,False,22.89,rising_talent,34
TXN-1202132,2024-08-24,Legal Consulting,GB,US,Lawyer,25.11,USD,paypal,completed,7,3.6,False,5.02,level_1,34
TXN-1202197,2024-08-24,Social Media Management,DE,AU,Marketing Manager,132.48,USD,paypal,completed,6,4.4,False,26.5,new_seller,34
TXN-1202285,2024-08-24,Web Development,ES,IN,Software Engineer,708.48,USD,paypal,completed,13,3.9,True,141.7,level_2,34
TXN-1202078,2024-08-24,Translation,DE,CA,Writer,38.15,USD,bank_transfer,completed,4,4.1,False,7.63,new_seller,34
TXN-1202134,2024-08-24,AI/ML Development,NL,FR,Data Scientist,2298.53,USD,paypal,completed,20,3.8,False,459.71,level_1,34
TXN-1202282,2024-08-24,Social Media Management,CA,US,Marketing Manager,416.19,USD,credit_card,completed,6,3.0,True,83.24,rising_talent,34
TXN-1202196,2024-08-24,Virtual Assistant,GB,IN,HR Manager,122.53,USD,credit_card,completed,1,4.0,True,24.51,level_2,34
TXN-1202085,2024-08-24,Mobile App,US,US,Software Engineer,632.43,USD,credit_card,completed,11,3.2,False,126.49,level_2,34
TXN-1202248,2024-08-24,Translation,CA,IN,Writer,232.88,USD,credit_card,disputed,4,,False,46.58,level_2,34
TXN-1202063,2024-08-24,Virtual Assistant,NL,MX,HR Manager,287.76,USD,credit_card,completed,3,3.6,False,57.55,level_1,34
TXN-1202277,2024-08-24,Legal Consulting,US,MX,Lawyer,44.7,USD,paypal,completed,13,4.4,False,8.94,new_seller,34
TXN-1202246,2024-08-24,Content Writing,US,IN,Writer,23.49,USD,paypal,completed,2,3.8,True,4.7,level_2,34
TXN-1202172,2024-08-24,Legal Consulting,DE,ZA,Lawyer,78.34,USD,credit_card,completed,19,4.3,False,15.67,new_seller,34
TXN-1202113,2024-08-24,Legal Consulting,US,US,Lawyer,147.56,USD,bank_transfer,completed,76,4.2,False,29.51,top_rated,34
TXN-1202153,2024-08-24,Web Development,BR,ZA,Software Engineer,85.45,GBP,credit_card,completed,15,3.9,True,17.09,top_rated,34
TXN-1202228,2024-08-24,Video Production,US,IL,Designer,119.8,INR,credit_card,completed,5,4.4,False,23.96,level_2,34
TXN-1202149,2024-08-24,AI/ML Development,GB,IL,Data Scientist,26.09,EUR,credit_card,completed,9,3.1,False,5.22,new_seller,34
TXN-1202157,2024-08-24,SEO/SEM,IN,DE,Marketing Manager,19.9,USD,credit_card,disputed,8,,False,3.98,level_2,34
TXN-1202117,2024-08-24,Photography,GB,IN,Designer,1211.6,USD,paypal,completed,2,3.6,False,242.32,top_rated,34
TXN-1202274,2024-08-24,Virtual Assistant,FR,BR,HR Manager,220.4,USD,credit_card,completed,4,4.6,False,44.08,level_2,34
TXN-1202226,2024-08-24,Content Writing,IN,DE,Writer,264.07,USD,credit_card,completed,4,4.6,False,52.81,new_seller,34
TXN-1202103,2024-08-24,Video Production,BR,US,Designer,188.45,USD,bank_transfer,completed,5,3.3,False,37.69,rising_talent,34
TXN-1202242,2024-08-24,Legal Consulting,US,IN,Lawyer,63.86,EUR,credit_card,completed,16,4.8,False,12.77,level_1,34
TXN-1202143,2024-08-24,Video Production,US,US,Designer,113.47,USD,credit_card,completed,7,4.2,False,22.69,rising_talent,34
TXN-1202107,2024-08-24,Translation,US,BR,Writer,34.32,USD,paypal,completed,5,4.1,True,6.86,rising_talent,34
TXN-1202158,2024-08-24,Financial Modeling,CA,SG,Accountant,1366.67,USD,credit_card,completed,10,4.8,False,273.33,rising_talent,34
TXN-1202266,2024-08-24,Financial Modeling,US,US,Accountant,24.99,USD,credit_card,completed,16,4.4,False,5.0,rising_talent,34
TXN-1202298,2024-08-25,Social Media Management,DE,MX,Marketing Manager,150.74,GBP,paypal,completed,15,4.3,True,30.15,level_1,34
TXN-1202111,2024-08-25,Music Production,MX,ES,Designer,105.96,GBP,credit_card,completed,12,4.0,False,21.19,level_2,34
TXN-1202116,2024-08-25,Mobile App,US,US,Software Engineer,140.42,USD,credit_card,completed,15,4.8,False,28.08,new_seller,34
TXN-1202115,2024-08-25,Photography,US,GB,Designer,56.78,ILS,paypal,completed,8,3.8,False,11.36,level_2,34
TXN-1202201,2024-08-25,Photography,US,IN,Designer,126.81,USD,paypal,completed,2,4.8,False,25.36,rising_talent,34
TXN-1202235,2024-08-25,Graphic Design,GB,US,Designer,140.87,GBP,crypto,completed,5,3.5,True,28.17,rising_talent,34
TXN-1202087,2024-08-25,Mobile App,US,IN,Software Engineer,262.78,USD,bank_transfer,completed,30,4.3,True,52.56,rising_talent,34
TXN-1202222,2024-08-25,Mobile App,SG,FR,Software Engineer,229.07,USD,credit_card,completed,30,4.8,True,45.81,new_seller,34
TXN-1202188,2024-08-25,Financial Modeling,GB,IN,Accountant,1000.48,INR,paypal,completed,10,3.3,False,200.1,new_seller,34
TXN-1202185,2024-08-25,Music Production,US,GB,Designer,123.72,GBP,credit_card,completed,15,3.8,True,24.74,level_2,34
TXN-1202171,2024-08-25,Video Production,IN,US,Designer,60.33,USD,bank_transfer,completed,6,4.7,False,12.07,rising_talent,34
TXN-1202167,2024-08-25,Social Media Management,ZA,US,Marketing Manager,343.4,GBP,paypal,completed,11,3.8,True,68.68,rising_talent,34
TXN-1202238,2024-08-25,SEO/SEM,IN,US,Marketing Manager,406.94,EUR,paypal,cancelled,7,,True,81.39,rising_talent,34
TXN-1202213,2024-08-25,Social Media Management,BR,AU,Marketing Manager,67.32,USD,bank_transfer,completed,3,4.9,False,13.46,new_seller,34
TXN-1202257,2024-08-25,Video Production,SG,NL,Designer,267.94,USD,credit_card,in_progress,4,,False,53.59,level_1,34
TXN-1202293,2024-08-25,Social Media Management,DE,US,Marketing Manager,118.57,USD,paypal,completed,9,3.9,True,23.71,level_1,34
TXN-1202147,2024-08-25,Virtual Assistant,US,CA,HR Manager,353.57,EUR,paypal,completed,1,1.0,True,70.71,new_seller,34
TXN-1202145,2024-08-25,Translation,IN,CA,Writer,910.24,USD,credit_card,completed,2,4.9,False,182.05,rising_talent,34
TXN-1202265,2024-08-25,Data Analysis,MX,IN,Data Scientist,57.43,GBP,credit_card,completed,6,4.5,False,11.49,level_2,34
TXN-1202268,2024-08-25,AI/ML Development,IN,AU,Data Scientist,24.97,USD,credit_card,completed,27,3.7,True,4.99,level_2,34
TXN-1202270,2024-08-25,Content Writing,IN,ZA,Writer,161.44,USD,credit_card,completed,6,4.1,True,32.29,level_2,34
TXN-1202133,2024-08-25,Social Media Management,US,FR,Marketing Manager,15.4,USD,credit_card,completed,9,4.6,False,3.08,rising_talent,34
TXN-1202286,2024-08-25,Music Production,SG,CA,Designer,105.7,USD,bank_transfer,completed,18,2.9,False,21.14,level_1,34
TXN-1202131,2024-08-25,AI/ML Development,US,US,Data Scientist,35.04,EUR,bank_transfer,completed,30,4.3,False,7.01,new_seller,34
TXN-1202130,2024-08-25,SEO/SEM,FR,IL,Marketing Manager,184.77,USD,bank_transfer,completed,7,4.6,True,36.95,new_seller,34
TXN-1202259,2024-08-25,Music Production,FR,IN,Designer,152.84,USD,paypal,completed,25,3.3,False,30.57,level_1,34
TXN-1202556,2024-08-26,SEO/SEM,IN,AU,Marketing Manager,1028.82,USD,paypal,completed,25,4.7,False,205.76,level_1,35
TXN-1202409,2024-08-26,Photography,US,IN,Designer,246.93,USD,paypal,completed,2,4.5,False,49.39,new_seller,35
TXN-1202349,2024-08-26,SEO/SEM,US,US,Marketing Manager,422.99,EUR,paypal,completed,9,4.9,False,84.6,rising_talent,35
TXN-1202458,2024-08-26,AI/ML Development,GB,SG,Data Scientist,398.98,USD,credit_card,completed,9,4.3,True,79.8,top_rated,35
TXN-1202375,2024-08-26,Video Production,GB,GB,Designer,261.81,USD,paypal,completed,10,3.9,False,52.36,level_1,35
TXN-1202344,2024-08-26,Photography,MX,IN,Designer,185.66,USD,credit_card,completed,5,2.4,True,37.13,level_2,35
TXN-1202414,2024-08-26,Content Writing,IN,BR,Writer,343.33,ILS,paypal,completed,3,4.9,True,68.67,new_seller,35
TXN-1202470,2024-08-26,Graphic Design,JP,US,Designer,127.14,USD,credit_card,completed,5,4.8,False,25.43,rising_talent,35
TXN-1202455,2024-08-26,AI/ML Development,GB,FR,Data Scientist,1051.16,USD,paypal,completed,11,4.1,False,210.23,rising_talent,35
TXN-1202473,2024-08-26,Legal Consulting,US,US,Lawyer,513.23,USD,credit_card,completed,8,3.8,False,102.65,rising_talent,35
TXN-1202518,2024-08-26,Video Production,GB,IN,Designer,62.98,EUR,credit_card,completed,10,4.6,False,12.6,level_1,35
TXN-1202391,2024-08-26,Video Production,ZA,ZA,Designer,1090.61,GBP,credit_card,completed,12,4.6,False,218.12,level_2,35
TXN-1202390,2024-08-26,Financial Modeling,CA,GB,Accountant,239.25,USD,credit_card,completed,11,4.6,True,47.85,level_1,35
TXN-1202389,2024-08-26,Graphic Design,CA,IN,Designer,359.04,USD,credit_card,in_progress,11,,False,71.81,rising_talent,35
TXN-1202535,2024-08-26,Mobile App,GB,US,Software Engineer,677.38,USD,paypal,completed,13,3.6,False,135.48,top_rated,35
TXN-1202366,2024-08-26,Video Production,DE,BR,Designer,276.46,EUR,credit_card,completed,5,4.9,False,55.29,rising_talent,35
TXN-1202494,2024-08-26,Virtual Assistant,ZA,GB,HR Manager,85.47,ILS,credit_card,completed,1,4.3,False,17.09,rising_talent,35
TXN-1202497,2024-08-26,Mobile App,BR,IL,Software Engineer,63.51,EUR,crypto,completed,30,3.0,False,12.7,level_1,35
TXN-1202566,2024-08-26,Graphic Design,FR,FR,Designer,36.44,USD,paypal,completed,5,4.7,False,7.29,level_2,35
TXN-1202515,2024-08-26,Social Media Management,CA,DE,Marketing Manager,310.95,EUR,paypal,completed,8,3.5,False,62.19,level_1,35
TXN-1202393,2024-08-26,Mobile App,SG,US,Software Engineer,161.5,USD,crypto,completed,30,4.5,False,32.3,rising_talent,35
TXN-1202567,2024-08-26,Graphic Design,BR,ES,Designer,131.38,USD,credit_card,completed,2,4.6,False,26.28,new_seller,35
TXN-1202582,2024-08-26,Video Production,IN,US,Designer,297.29,INR,credit_card,completed,10,4.1,False,59.46,level_1,35
TXN-1202597,2024-08-26,SEO/SEM,GB,IN,Marketing Manager,292.84,INR,credit_card,completed,10,2.6,False,58.57,rising_talent,35
TXN-1202576,2024-08-26,Mobile App,BR,US,Software Engineer,61.96,USD,credit_card,completed,11,4.9,False,12.39,level_2,35
TXN-1202581,2024-08-26,Translation,US,ES,Writer,641.71,USD,credit_card,completed,7,4.6,False,128.34,rising_talent,35
TXN-1202584,2024-08-26,Virtual Assistant,FR,DE,HR Manager,112.01,USD,credit_card,completed,3,4.7,False,22.4,new_seller,35
TXN-1202588,2024-08-26,Video Production,FR,DE,Designer,619.01,GBP,credit_card,completed,8,5.0,False,123.8,top_rated,35
TXN-1202424,2024-08-26,Music Production,US,US,Designer,69.61,USD,paypal,completed,14,4.6,False,13.92,level_1,35
TXN-1202317,2024-08-26,Web Development,SG,IN,Software Engineer,28.95,USD,bank_transfer,completed,18,3.6,False,5.79,top_rated,35
TXN-1202429,2024-08-26,Financial Modeling,US,US,Accountant,132.12,USD,credit_card,completed,6,4.0,True,26.42,level_1,35
TXN-1202420,2024-08-26,SEO/SEM,FR,GB,Marketing Manager,221.2,EUR,credit_card,completed,14,3.9,False,44.24,level_1,35
TXN-1202331,2024-08-26,Mobile App,MX,US,Software Engineer,1494.56,USD,paypal,completed,27,4.3,False,298.91,level_1,35
TXN-1202452,2024-08-26,SEO/SEM,FR,CA,Marketing Manager,39.97,EUR,credit_card,completed,7,4.5,False,7.99,level_2,35
TXN-1202427,2024-08-26,Legal Consulting,DE,ZA,Lawyer,363.07,USD,credit_card,completed,7,4.0,False,72.61,level_1,35
TXN-1202600,2024-08-26,Translation,IN,US,Writer,125.42,USD,credit_card,completed,3,4.5,True,25.08,new_seller,35
TXN-1202445,2024-08-26,Translation,US,US,Writer,222.67,USD,bank_transfer,completed,4,4.6,False,44.53,level_1,35
TXN-1202321,2024-08-26,Virtual Assistant,US,DE,HR Manager,437.9,USD,bank_transfer,completed,3,4.6,False,87.58,level_2,35
TXN-1202328,2024-08-26,Translation,US,AU,Writer,799.58,USD,credit_card,completed,1,4.1,False,159.92,new_seller,35
TXN-1202415,2024-08-27,SEO/SEM,GB,SG,Marketing Manager,126.37,USD,bank_transfer,completed,8,3.4,True,25.27,level_1,35
TXN-1202386,2024-08-27,Web Development,US,MX,Software Engineer,46.72,USD,credit_card,completed,23,4.9,False,9.34,level_1,35
TXN-1202382,2024-08-27,Financial Modeling,GB,DE,Accountant,48.45,GBP,paypal,completed,14,3.2,False,9.69,level_1,35
TXN-1202502,2024-08-27,Virtual Assistant,ZA,IN,HR Manager,187.93,ILS,credit_card,completed,1,4.9,False,37.59,level_1,35
TXN-1202438,2024-08-27,Financial Modeling,ES,ZA,Accountant,351.19,USD,bank_transfer,completed,10,3.8,False,70.24,level_1,35
TXN-1202388,2024-08-27,Legal Consulting,US,IN,Lawyer,76.86,USD,credit_card,cancelled,16,,False,15.37,level_1,35
TXN-1202430,2024-08-27,Music Production,US,FR,Designer,13.46,USD,credit_card,completed,5,3.5,False,2.69,level_2,35
TXN-1202398,2024-08-27,Financial Modeling,IN,US,Accountant,77.24,USD,credit_card,completed,12,4.6,False,15.45,level_1,35
TXN-1202392,2024-08-27,Financial Modeling,DE,JP,Accountant,338.67,USD,paypal,completed,6,4.9,False,67.73,rising_talent,35
TXN-1202395,2024-08-27,Data Analysis,IN,US,Data Scientist,398.54,GBP,bank_transfer,completed,8,3.7,False,79.71,new_seller,35
TXN-1202472,2024-08-27,Video Production,IN,GB,Designer,231.7,USD,paypal,completed,10,4.4,True,46.34,level_1,35
TXN-1202404,2024-08-27,Financial Modeling,IN,US,Accountant,593.88,USD,paypal,completed,7,4.5,False,118.78,level_1,35
TXN-1202405,2024-08-27,Music Production,US,CA,Designer,43.5,USD,paypal,completed,12,4.6,False,8.7,level_2,35
TXN-1202422,2024-08-27,Translation,BR,BR,Writer,35.86,USD,credit_card,completed,3,3.9,True,7.17,rising_talent,35
TXN-1202464,2024-08-27,SEO/SEM,US,AU,Marketing Manager,39.07,GBP,credit_card,completed,18,4.7,False,7.81,top_rated,35
TXN-1202421,2024-08-27,Data Analysis,US,US,Data Scientist,45.39,USD,paypal,completed,4,3.4,True,9.08,new_seller,35
TXN-1202457,2024-08-27,AI/ML Development,CA,MX,Data Scientist,158.62,EUR,paypal,completed,21,4.6,False,31.72,rising_talent,35
TXN-1202419,2024-08-27,Data Analysis,GB,IN,Data Scientist,24.64,USD,credit_card,completed,6,3.7,False,4.93,level_2,35
TXN-1202454,2024-08-27,Video Production,NL,ES,Designer,34.16,USD,paypal,cancelled,8,,False,6.83,level_1,35
TXN-1202441,2024-08-27,Translation,US,BR,Writer,128.9,USD,credit_card,completed,2,3.7,False,25.78,level_1,35
TXN-1202379,2024-08-27,Photography,US,ES,Designer,45.15,USD,paypal,completed,3,3.9,True,9.03,level_1,35
TXN-1202601,2024-08-27,Social Media Management,DE,MX,Marketing Manager,61.8,USD,paypal,completed,4,4.7,False,12.36,level_1,35
TXN-1202554,2024-08-27,Web Development,NL,SG,Software Engineer,26.49,GBP,credit_card,completed,12,4.3,True,5.3,level_1,35
TXN-1202355,2024-08-27,Music Production,US,IN,Designer,25.32,USD,credit_card,completed,9,4.7,False,5.06,level_1,35
TXN-1202553,2024-08-27,Video Production,IN,FR,Designer,107.44,USD,paypal,completed,11,4.3,True,21.49,rising_talent,35
TXN-1202508,2024-08-27,Graphic Design,NL,IN,Designer,475.2,USD,paypal,completed,5,4.2,False,95.04,rising_talent,35
TXN-1202351,2024-08-27,SEO/SEM,DE,SG,Marketing Manager,135.97,USD,credit_card,completed,14,3.8,False,27.19,level_1,35
TXN-1202347,2024-08-27,Music Production,SG,US,Designer,120.12,USD,credit_card,completed,18,4.5,False,24.02,level_1,35
TXN-1202560,2024-08-27,Content Writing,US,FR,Writer,319.07,USD,credit_card,completed,2,4.3,True,63.81,level_2,35
TXN-1202561,2024-08-27,Translation,US,IN,Writer,34.58,USD,bank_transfer,completed,3,3.9,True,6.92,rising_talent,35
TXN-1202570,2024-08-27,Graphic Design,US,US,Designer,162.72,USD,credit_card,completed,11,2.9,True,32.54,level_1,35
TXN-1202590,2024-08-27,Financial Modeling,JP,IN,Accountant,36.52,USD,credit_card,completed,15,4.6,False,7.3,rising_talent,35
TXN-1202591,2024-08-27,Legal Consulting,US,US,Lawyer,905.2,USD,credit_card,completed,24,3.3,True,181.04,new_seller,35
TXN-1202592,2024-08-27,AI/ML Development,FR,GB,Data Scientist,91.53,GBP,paypal,completed,9,4.5,True,18.31,level_2,35
TXN-1202594,2024-08-27,Graphic Design,GB,FR,Designer,306.48,USD,credit_card,completed,7,4.8,False,61.3,rising_talent,35
TXN-1202596,2024-08-27,Translation,GB,FR,Writer,862.24,USD,bank_transfer,completed,2,3.7,False,172.45,new_seller,35
TXN-1202325,2024-08-27,Photography,IN,US,Designer,854.3,USD,credit_card,completed,2,4.4,True,170.86,top_rated,35
TXN-1202599,2024-08-27,Video Production,US,NL,Designer,83.56,USD,bank_transfer,completed,13,4.0,False,16.71,level_2,35
TXN-1202318,2024-08-27,Translation,US,BR,Writer,39.57,USD,credit_card,completed,2,4.3,False,7.91,level_2,35
TXN-1202432,2024-08-27,Video Production,DE,IL,Designer,241.36,USD,paypal,completed,7,4.3,False,48.27,new_seller,35
TXN-1202548,2024-08-27,AI/ML Development,US,IN,Data Scientist,367.33,EUR,credit_card,completed,19,4.7,False,73.47,level_2,35
TXN-1202544,2024-08-27,Virtual Assistant,US,US,HR Manager,55.61,USD,paypal,completed,1,4.2,True,11.12,level_2,35
TXN-1202435,2024-08-27,Translation,ZA,GB,Writer,65.53,USD,bank_transfer,completed,2,4.8,False,13.11,new_seller,35
TXN-1202361,2024-08-27,Web Development,GB,CA,Software Engineer,14.11,USD,credit_card,completed,29,3.9,True,2.82,level_2,35
TXN-1202514,2024-08-27,Financial Modeling,US,FR,Accountant,170.48,USD,paypal,completed,13,3.8,True,34.1,level_1,35
TXN-1202520,2024-08-27,Legal Consulting,US,US,Lawyer,47.9,USD,paypal,completed,16,3.0,True,9.58,level_1,35
TXN-1202543,2024-08-27,Legal Consulting,IN,US,Lawyer,304.25,USD,credit_card,completed,14,4.9,False,60.85,top_rated,35
TXN-1202530,2024-08-27,Translation,GB,IN,Writer,43.23,USD,credit_card,completed,3,4.6,False,8.65,rising_talent,35
TXN-1202541,2024-08-27,AI/ML Development,US,BR,Data Scientist,95.04,USD,bank_transfer,completed,18,3.9,False,19.01,level_1,35
TXN-1202492,2024-08-28,Data Analysis,GB,CA,Data Scientist,1003.5,USD,credit_card,completed,14,4.1,True,200.7,rising_talent,35
TXN-1202529,2024-08-28,Data Analysis,IN,ES,Data Scientist,84.83,USD,credit_card,completed,7,3.2,True,16.97,level_2,35
TXN-1202495,2024-08-28,Video Production,ES,US,Designer,78.0,ILS,bank_transfer,completed,5,3.0,True,15.6,level_2,35
TXN-1202526,2024-08-28,Translation,IN,FR,Writer,124.22,USD,bank_transfer,completed,3,4.0,True,24.84,new_seller,35
TXN-1202478,2024-08-28,Virtual Assistant,US,US,HR Manager,100.53,USD,credit_card,completed,2,3.2,True,20.11,level_1,35
TXN-1202589,2024-08-28,Content Writing,US,IN,Writer,427.08,USD,paypal,completed,2,4.2,False,85.42,level_2,35
TXN-1202523,2024-08-28,Virtual Assistant,US,CA,HR Manager,215.07,USD,bank_transfer,completed,1,5.0,True,43.01,level_1,35
TXN-1202598,2024-08-28,SEO/SEM,US,DE,Marketing Manager,56.36,USD,credit_card,completed,7,4.0,False,11.27,level_1,35
TXN-1202440,2024-08-28,Photography,GB,DE,Designer,39.92,USD,credit_card,completed,8,4.3,True,7.98,top_rated,35
TXN-1202500,2024-08-28,Music Production,IN,ES,Designer,142.11,USD,bank_transfer,completed,5,4.3,True,28.42,level_1,35
TXN-1202444,2024-08-28,AI/ML Development,SG,AU,Data Scientist,771.33,ILS,credit_card,completed,13,4.4,False,154.27,top_rated,35
TXN-1202447,2024-08-28,Legal Consulting,US,US,Lawyer,526.97,USD,credit_card,completed,27,4.5,True,105.39,level_2,35
TXN-1202572,2024-08-28,Legal Consulting,US,US,Lawyer,225.91,USD,paypal,completed,26,4.6,False,45.18,level_2,35
TXN-1202480,2024-08-28,Data Analysis,US,CA,Data Scientist,1075.49,USD,crypto,completed,13,1.0,False,215.1,level_2,35
TXN-1202533,2024-08-28,Music Production,US,AU,Designer,72.2,USD,credit_card,completed,13,3.9,False,14.44,level_1,35
TXN-1202562,2024-08-28,Graphic Design,DE,CA,Designer,235.37,USD,credit_card,completed,4,3.1,False,47.07,top_rated,35
TXN-1202537,2024-08-28,Graphic Design,DE,IN,Designer,915.84,USD,credit_card,completed,3,4.2,False,183.17,rising_talent,35
TXN-1202539,2024-08-28,Web Development,US,US,Software Engineer,527.4,USD,paypal,completed,15,3.5,True,105.48,level_1,35
TXN-1202559,2024-08-28,Financial Modeling,IN,GB,Accountant,228.42,ILS,credit_card,completed,17,4.4,True,45.68,level_2,35
TXN-1202557,2024-08-28,SEO/SEM,IN,IN,Marketing Manager,215.02,GBP,credit_card,completed,8,3.1,False,43.0,level_2,35
TXN-1202459,2024-08-28,Social Media Management,US,US,Marketing Manager,81.89,USD,crypto,completed,4,3.7,False,16.38,level_2,35
TXN-1202467,2024-08-28,Content Writing,FR,US,Writer,62.89,USD,credit_card,completed,2,4.0,True,12.58,rising_talent,35
TXN-1202542,2024-08-28,Data Analysis,US,US,Data Scientist,302.1,USD,paypal,completed,9,3.8,False,60.42,new_seller,35
TXN-1202487,2024-08-28,Social Media Management,IN,AU,Marketing Manager,44.36,USD,paypal,completed,12,4.9,True,8.87,rising_talent,35
TXN-1202550,2024-08-28,Financial Modeling,MX,US,Accountant,485.95,USD,credit_card,completed,16,3.9,False,97.19,level_1,35
TXN-1202484,2024-08-28,Photography,SG,GB,Designer,67.55,USD,crypto,completed,4,4.8,True,13.51,new_seller,35
TXN-1202475,2024-08-28,Photography,US,BR,Designer,888.78,USD,credit_card,completed,3,2.2,True,177.76,rising_talent,35
TXN-1202448,2024-08-28,Mobile App,ES,US,Software Engineer,185.2,USD,credit_card,completed,15,4.7,True,37.04,level_2,35
TXN-1202505,2024-08-28,Social Media Management,GB,FR,Marketing Manager,139.24,USD,credit_card,completed,9,4.5,False,27.85,top_rated,35
TXN-1202439,2024-08-28,Photography,NL,FR,Designer,94.03,INR,credit_card,completed,3,4.8,False,18.81,level_1,35
TXN-1202374,2024-08-28,Data Analysis,DE,US,Data Scientist,132.23,USD,credit_card,completed,4,4.9,False,26.45,level_2,35
TXN-1202343,2024-08-28,Web Development,CA,US,Software Engineer,1014.68,USD,credit_card,completed,21,4.3,False,202.94,rising_talent,35
TXN-1202353,2024-08-28,Data Analysis,US,US,Data Scientist,439.45,USD,paypal,completed,10,4.3,False,87.89,rising_talent,35
TXN-1202327,2024-08-28,Video Production,AU,US,Designer,151.11,USD,credit_card,completed,10,4.5,False,30.22,rising_talent,35
TXN-1202333,2024-08-28,Social Media Management,US,GB,Marketing Manager,2339.42,USD,paypal,completed,5,2.3,True,467.88,level_1,35
TXN-1202336,2024-08-28,Financial Modeling,GB,IN,Accountant,352.3,USD,credit_card,completed,13,3.3,False,70.46,level_1,35
TXN-1202354,2024-08-28,Virtual Assistant,US,MX,HR Manager,73.86,INR,credit_card,cancelled,2,,True,14.77,rising_talent,35
TXN-1202334,2024-08-28,Social Media Management,FR,US,Marketing Manager,124.42,USD,bank_transfer,completed,5,4.4,True,24.88,top_rated,35
TXN-1202416,2024-08-28,Virtual Assistant,ES,ES,HR Manager,40.02,USD,credit_card,completed,1,3.7,True,8.0,level_1,35
TXN-1202326,2024-08-28,Music Production,CA,US,Designer,221.66,USD,paypal,completed,13,3.3,False,44.33,level_2,35
TXN-1202346,2024-08-28,SEO/SEM,IN,GB,Marketing Manager,235.49,USD,paypal,cancelled,10,,False,47.1,level_2,35
TXN-1202383,2024-08-28,Music Production,AU,GB,Designer,1162.24,USD,paypal,completed,25,4.5,False,232.45,rising_talent,35
TXN-1202362,2024-08-28,Music Production,DE,GB,Designer,228.29,USD,credit_card,completed,18,4.2,False,45.66,new_seller,35
TXN-1202320,2024-08-28,Financial Modeling,AU,FR,Accountant,317.44,USD,credit_card,completed,24,3.7,False,63.49,level_1,35
TXN-1202319,2024-08-28,AI/ML Development,MX,US,Data Scientist,151.62,GBP,paypal,disputed,12,,False,30.32,level_2,35
TXN-1202434,2024-08-28,Photography,IN,DE,Designer,48.5,USD,credit_card,completed,1,2.6,False,9.7,new_seller,35
TXN-1202352,2024-08-28,Graphic Design,CA,US,Designer,103.33,USD,paypal,completed,4,3.4,True,20.67,rising_talent,35
TXN-1202377,2024-08-28,Graphic Design,GB,ES,Designer,8.31,USD,credit_card,completed,3,3.4,False,1.66,new_seller,35
TXN-1202481,2024-08-29,Graphic Design,FR,GB,Designer,167.03,EUR,paypal,completed,117,4.8,False,33.41,rising_talent,35
TXN-1202563,2024-08-29,Mobile App,BR,US,Software Engineer,389.83,USD,credit_card,completed,30,4.8,False,77.97,level_1,35
TXN-1202476,2024-08-29,SEO/SEM,US,IN,Marketing Manager,270.74,USD,bank_transfer,completed,11,3.4,False,54.15,rising_talent,35
TXN-1202506,2024-08-29,Legal Consulting,CA,US,Lawyer,197.0,USD,paypal,completed,11,4.6,False,39.4,rising_talent,35
TXN-1202340,2024-08-29,Video Production,FR,FR,Designer,174.13,USD,crypto,completed,6,4.2,True,34.83,new_seller,35
TXN-1202573,2024-08-29,Data Analysis,DE,NL,Data Scientist,3804.08,GBP,credit_card,completed,9,2.6,True,760.82,level_2,35
TXN-1202479,2024-08-29,Legal Consulting,IL,BR,Lawyer,1765.96,USD,credit_card,completed,15,4.1,False,353.19,level_1,35
TXN-1202482,2024-08-29,Virtual Assistant,MX,US,HR Manager,491.13,USD,paypal,completed,1,3.1,True,98.23,rising_talent,35
TXN-1202399,2024-08-29,Graphic Design,IN,DE,Designer,244.31,USD,credit_card,completed,4,2.9,False,48.86,rising_talent,35
TXN-1202504,2024-08-29,Data Analysis,GB,DE,Data Scientist,41.18,USD,credit_card,completed,9,3.4,False,8.24,level_1,35
TXN-1202555,2024-08-29,Social Media Management,IN,US,Marketing Manager,31.25,USD,paypal,completed,6,4.4,False,6.25,rising_talent,35
TXN-1202489,2024-08-29,Social Media Management,IN,GB,Marketing Manager,39.95,USD,credit_card,completed,7,4.9,True,7.99,new_seller,35
TXN-1202490,2024-08-29,Translation,NL,US,Writer,127.21,USD,credit_card,disputed,4,,False,25.44,new_seller,35
TXN-1202551,2024-08-29,Music Production,MX,DE,Designer,240.84,USD,credit_card,completed,7,4.3,True,48.17,rising_talent,35
TXN-1202493,2024-08-29,Legal Consulting,US,CA,Lawyer,486.4,EUR,credit_card,completed,28,4.6,False,97.28,top_rated,35
TXN-1202357,2024-08-29,Social Media Management,US,IL,Marketing Manager,92.08,EUR,credit_card,completed,4,4.4,False,18.42,level_2,35
TXN-1202496,2024-08-29,Financial Modeling,FR,DE,Accountant,1640.47,USD,credit_card,completed,6,3.6,True,328.09,new_seller,35
TXN-1202483,2024-08-29,Financial Modeling,IL,IN,Accountant,396.64,USD,credit_card,completed,11,3.9,False,79.33,level_1,35
TXN-1202402,2024-08-29,Virtual Assistant,IN,DE,HR Manager,91.24,USD,bank_transfer,completed,1,4.1,False,18.25,level_1,35
TXN-1202365,2024-08-29,Social Media Management,US,US,Marketing Manager,117.47,USD,bank_transfer,completed,5,4.0,False,23.49,rising_talent,35
TXN-1202338,2024-08-29,Legal Consulting,IL,IN,Lawyer,1060.1,USD,credit_card,completed,16,3.3,False,212.02,level_1,35
TXN-1202519,2024-08-29,Video Production,GB,ES,Designer,16.47,USD,credit_card,completed,11,3.1,False,3.29,level_1,35
TXN-1202428,2024-08-29,Legal Consulting,DE,FR,Lawyer,34.91,USD,credit_card,completed,8,3.2,False,6.98,rising_talent,35
TXN-1202324,2024-08-29,Video Production,IN,CA,Designer,67.84,USD,credit_card,completed,6,3.6,True,13.57,level_2,35
TXN-1202443,2024-08-29,Graphic Design,US,MX,Designer,180.07,EUR,credit_card,completed,5,4.5,True,36.01,level_2,35
TXN-1202423,2024-08-29,Web Development,GB,US,Software Engineer,35.42,GBP,credit_card,completed,23,4.7,False,7.08,new_seller,35
TXN-1202446,2024-08-29,Data Analysis,GB,US,Data Scientist,251.52,USD,credit_card,completed,4,4.2,True,50.3,new_seller,35
TXN-1202418,2024-08-29,Social Media Management,DE,US,Marketing Manager,548.7,USD,credit_card,cancelled,13,,False,109.74,level_2,35
TXN-1202595,2024-08-29,Music Production,SG,IN,Designer,249.86,USD,paypal,completed,6,3.5,True,49.97,level_1,35
TXN-1202517,2024-08-29,Virtual Assistant,US,IN,HR Manager,13.76,GBP,credit_card,completed,3,4.5,False,2.75,level_1,35
TXN-1202516,2024-08-29,Legal Consulting,BR,US,Lawyer,252.83,USD,credit_card,completed,17,4.0,False,50.57,level_2,35
TXN-1202507,2024-08-29,Financial Modeling,US,BR,Accountant,162.19,USD,paypal,completed,10,4.7,False,32.44,level_1,35
TXN-1202587,2024-08-29,Video Production,US,US,Designer,351.12,USD,credit_card,completed,3,4.1,False,70.22,top_rated,35
TXN-1202460,2024-08-29,Financial Modeling,IN,DE,Accountant,71.86,ILS,credit_card,completed,7,4.9,True,14.37,new_seller,35
TXN-1202462,2024-08-29,Virtual Assistant,US,DE,HR Manager,44.06,USD,credit_card,completed,2,3.8,False,8.81,level_1,35
TXN-1202511,2024-08-29,AI/ML Development,US,FR,Data Scientist,92.79,USD,paypal,completed,10,3.9,False,18.56,level_1,35
TXN-1202407,2024-08-29,Financial Modeling,DE,FR,Accountant,53.38,USD,paypal,completed,12,4.5,False,10.68,rising_talent,35
TXN-1202466,2024-08-29,Legal Consulting,SG,BR,Lawyer,60.07,USD,credit_card,completed,30,3.7,False,12.01,level_2,35
TXN-1202359,2024-08-29,Social Media Management,US,BR,Marketing Manager,476.96,USD,paypal,completed,8,4.3,False,95.39,level_1,35
TXN-1202468,2024-08-29,Mobile App,AU,BR,Software Engineer,121.55,USD,credit_card,completed,18,4.7,True,24.31,top_rated,35
TXN-1202381,2024-08-29,Music Production,GB,ZA,Designer,840.78,EUR,paypal,completed,25,4.4,False,168.16,level_2,35
TXN-1202531,2024-08-30,Virtual Assistant,MX,JP,HR Manager,65.98,USD,paypal,completed,1,4.3,False,13.2,top_rated,35
TXN-1202532,2024-08-30,SEO/SEM,US,IN,Marketing Manager,114.97,USD,paypal,completed,9,4.0,False,22.99,level_2,35
TXN-1202536,2024-08-30,Graphic Design,US,SG,Designer,235.31,USD,credit_card,completed,2,4.8,False,47.06,new_seller,35
TXN-1202367,2024-08-30,Virtual Assistant,US,GB,HR Manager,81.69,USD,bank_transfer,completed,1,3.9,True,16.34,new_seller,35
TXN-1202540,2024-08-30,Virtual Assistant,AU,US,HR Manager,62.59,USD,paypal,completed,2,4.4,False,12.52,level_1,35
TXN-1202528,2024-08-30,Web Development,US,MX,Software Engineer,179.13,USD,bank_transfer,completed,18,4.4,False,35.83,level_1,35
TXN-1202368,2024-08-30,Translation,US,ES,Writer,147.72,USD,bank_transfer,completed,4,2.8,False,29.54,new_seller,35
TXN-1202433,2024-08-30,Photography,MX,DE,Designer,494.36,EUR,credit_card,completed,4,4.2,False,98.87,rising_talent,35
TXN-1202547,2024-08-30,Content Writing,IN,US,Writer,49.11,USD,credit_card,completed,6,4.3,False,9.82,level_1,35
TXN-1202322,2024-08-30,Photography,NL,US,Designer,89.34,USD,paypal,completed,5,3.3,False,17.87,new_seller,35
TXN-1202323,2024-08-30,Graphic Design,US,BR,Designer,435.09,EUR,credit_card,completed,4,4.6,False,87.02,level_2,35
TXN-1202593,2024-08-30,Data Analysis,CA,IL,Data Scientist,14.1,USD,bank_transfer,completed,3,3.4,True,2.82,level_2,35
TXN-1202329,2024-08-30,Content Writing,MX,US,Writer,83.7,USD,credit_card,completed,2,4.1,False,16.74,level_1,35
TXN-1202330,2024-08-30,Video Production,DE,IN,Designer,118.76,USD,credit_card,completed,10,3.3,False,23.75,level_1,35
TXN-1202586,2024-08-30,AI/ML Development,MX,US,Data Scientist,495.19,USD,credit_card,completed,30,3.5,True,99.04,level_2,35
TXN-1202335,2024-08-30,Virtual Assistant,GB,US,HR Manager,90.13,USD,credit_card,completed,2,3.7,False,18.03,level_1,35
TXN-1202337,2024-08-30,Music Production,AU,US,Designer,364.01,USD,credit_card,completed,16,4.4,False,72.8,level_2,35
TXN-1202580,2024-08-30,Content Writing,GB,GB,Writer,22.39,USD,bank_transfer,cancelled,3,,True,4.48,top_rated,35
TXN-1202578,2024-08-30,Photography,JP,US,Designer,494.66,USD,credit_card,completed,3,4.8,False,98.93,rising_talent,35
TXN-1202577,2024-08-30,Data Analysis,ZA,FR,Data Scientist,80.69,USD,bank_transfer,completed,5,4.6,True,16.14,level_2,35
TXN-1202575,2024-08-30,Translation,IN,US,Writer,8.97,EUR,paypal,completed,5,4.6,True,1.79,level_2,35
TXN-1202574,2024-08-30,Data Analysis,US,NL,Data Scientist,382.03,EUR,credit_card,completed,3,4.7,True,76.41,top_rated,35
TXN-1202342,2024-08-30,Video Production,BR,AU,Designer,219.83,USD,credit_card,completed,6,4.4,False,43.97,top_rated,35
TXN-1202371,2024-08-30,Video Production,BR,IL,Designer,141.61,USD,credit_card,disputed,10,,True,28.32,rising_talent,35
TXN-1202345,2024-08-30,Graphic Design,GB,IN,Designer,123.26,USD,credit_card,completed,5,4.2,False,24.65,level_2,35
TXN-1202356,2024-08-30,AI/ML Development,MX,US,Data Scientist,581.92,USD,credit_card,cancelled,30,,False,116.38,level_1,35
TXN-1202546,2024-08-30,Music Production,NL,US,Designer,382.42,EUR,credit_card,completed,16,4.6,False,76.48,level_2,35
TXN-1202522,2024-08-30,Mobile App,IN,IN,Software Engineer,61.12,USD,credit_card,completed,13,3.0,False,12.22,level_1,35
TXN-1202358,2024-08-30,Video Production,FR,BR,Designer,470.57,EUR,paypal,completed,10,4.3,False,94.11,level_1,35
TXN-1202412,2024-08-30,SEO/SEM,IN,FR,Marketing Manager,130.17,USD,paypal,completed,6,4.7,False,26.03,level_1,35
TXN-1202485,2024-08-30,Web Development,DE,BR,Software Engineer,785.82,USD,bank_transfer,completed,10,4.0,True,157.16,rising_talent,35
TXN-1202396,2024-08-30,Virtual Assistant,IN,MX,HR Manager,42.06,GBP,paypal,completed,2,4.6,True,8.41,top_rated,35
TXN-1202387,2024-08-30,Legal Consulting,GB,FR,Lawyer,156.71,USD,paypal,completed,16,4.8,False,31.34,level_1,35
TXN-1202477,2024-08-30,Music Production,US,US,Designer,62.67,USD,paypal,completed,7,3.5,False,12.53,level_1,35
TXN-1202498,2024-08-30,Music Production,US,BR,Designer,157.05,GBP,credit_card,completed,13,3.9,False,31.41,top_rated,35
TXN-1202425,2024-08-30,Legal Consulting,JP,JP,Lawyer,102.49,EUR,credit_card,disputed,19,,True,20.5,level_2,35
TXN-1202456,2024-08-30,Photography,US,JP,Designer,17.23,USD,credit_card,completed,3,3.1,True,3.45,level_2,35
TXN-1202401,2024-08-30,Music Production,GB,IN,Designer,203.56,INR,crypto,completed,6,4.7,False,40.71,level_2,35
TXN-1202437,2024-08-30,Graphic Design,US,GB,Designer,154.25,USD,crypto,completed,4,4.8,True,30.85,level_2,35
TXN-1202378,2024-08-30,Content Writing,IN,IN,Writer,341.09,USD,credit_card,completed,5,4.2,False,68.22,top_rated,35
TXN-1202449,2024-08-30,Data Analysis,US,US,Data Scientist,137.66,USD,bank_transfer,completed,10,2.7,False,27.53,rising_talent,35
TXN-1202510,2024-08-30,AI/ML Development,US,DE,Data Scientist,22.18,USD,credit_card,completed,17,4.5,False,4.44,top_rated,35
TXN-1202512,2024-08-30,AI/ML Development,DE,NL,Data Scientist,220.42,GBP,credit_card,completed,21,3.9,True,44.08,level_1,35
TXN-1202513,2024-08-30,Music Production,SG,US,Designer,25.06,USD,credit_card,completed,29,4.0,True,5.01,level_1,35
TXN-1202436,2024-08-30,Financial Modeling,NL,GB,Accountant,0.01,USD,credit_card,completed,7,4.0,False,0.0,level_2,35
TXN-1202463,2024-08-30,Translation,FR,GB,Writer,101.05,EUR,credit_card,completed,4,4.6,False,20.21,level_2,35
TXN-1202376,2024-08-30,Graphic Design,BR,ZA,Designer,238.35,USD,bank_transfer,completed,3,4.0,False,47.67,level_1,35
TXN-1202403,2024-08-30,Virtual Assistant,SG,US,HR Manager,63.92,USD,credit_card,disputed,2,,True,12.78,level_1,35
TXN-1202406,2024-08-30,Social Media Management,NL,US,Marketing Manager,486.17,USD,paypal,completed,9,4.1,True,97.23,level_1,35
TXN-1202411,2024-08-31,Translation,US,MX,Writer,20.83,USD,paypal,completed,2,3.6,False,4.17,level_2,35
TXN-1202410,2024-08-31,Translation,US,AU,Writer,229.6,USD,bank_transfer,completed,3,4.8,False,45.92,level_1,35
TXN-1202465,2024-08-31,Video Production,ES,AU,Designer,13.18,USD,bank_transfer,completed,4,5.0,True,2.64,top_rated,35
TXN-1202564,2024-08-31,Video Production,GB,IN,Designer,253.95,USD,credit_card,completed,6,4.3,True,50.79,new_seller,35
TXN-1202565,2024-08-31,Web Development,AU,GB,Software Engineer,104.61,INR,paypal,completed,17,3.1,False,20.92,level_2,35
TXN-1202585,2024-08-31,Social Media Management,US,CA,Marketing Manager,258.8,USD,paypal,completed,8,4.2,False,51.76,level_2,35
TXN-1202341,2024-08-31,Legal Consulting,IN,US,Lawyer,111.47,GBP,credit_card,completed,26,2.7,False,22.29,top_rated,35
TXN-1202568,2024-08-31,Graphic Design,GB,DE,Designer,484.16,USD,paypal,completed,3,3.2,False,96.83,level_1,35
TXN-1202521,2024-08-31,Virtual Assistant,MX,JP,HR Manager,499.96,ILS,paypal,completed,1,4.9,True,99.99,new_seller,35
TXN-1202571,2024-08-31,Music Production,IN,DE,Designer,188.26,USD,credit_card,completed,12,4.1,False,37.65,level_1,35
TXN-1202453,2024-08-31,Data Analysis,IN,GB,Data Scientist,609.42,USD,crypto,completed,7,3.9,True,121.88,new_seller,35
TXN-1202400,2024-08-31,Social Media Management,IN,IN,Marketing Manager,32.67,EUR,paypal,cancelled,9,,False,6.53,level_1,35
TXN-1202339,2024-08-31,Graphic Design,FR,JP,Designer,158.71,INR,bank_transfer,completed,5,3.1,True,31.74,new_seller,35
TXN-1202417,2024-08-31,AI/ML Development,GB,ZA,Data Scientist,413.32,USD,paypal,completed,22,3.0,False,82.66,top_rated,35
TXN-1202360,2024-08-31,Graphic Design,GB,DE,Designer,98.48,EUR,bank_transfer,completed,4,3.6,False,19.7,rising_talent,35
TXN-1202363,2024-08-31,Social Media Management,US,AU,Marketing Manager,745.39,USD,paypal,completed,9,4.5,False,149.08,rising_talent,35
TXN-1202373,2024-08-31,Web Development,CA,IN,Software Engineer,152.63,USD,credit_card,completed,17,4.5,False,30.53,level_1,35
TXN-1202380,2024-08-31,Social Media Management,IN,US,Marketing Manager,71.73,USD,credit_card,completed,3,4.6,True,14.35,level_1,35
TXN-1202527,2024-08-31,Web Development,US,US,Software Engineer,194.91,USD,credit_card,completed,10,4.2,False,38.98,level_1,35
TXN-1202501,2024-08-31,SEO/SEM,IN,AU,Marketing Manager,106.98,USD,credit_card,completed,19,3.5,False,21.4,top_rated,35
TXN-1202442,2024-08-31,Music Production,US,US,Designer,61.23,ILS,credit_card,completed,10,4.6,False,12.25,level_2,35
TXN-1202499,2024-08-31,AI/ML Development,NL,US,Data Scientist,154.19,USD,bank_transfer,completed,17,4.9,False,30.84,level_2,35
TXN-1202384,2024-08-31,Web Development,US,BR,Software Engineer,84.01,USD,paypal,disputed,19,,False,16.8,level_2,35
TXN-1202549,2024-08-31,SEO/SEM,IL,GB,Marketing Manager,56.83,USD,credit_card,completed,9,3.9,True,11.37,level_1,35
TXN-1202385,2024-08-31,Financial Modeling,CA,US,Accountant,639.27,USD,bank_transfer,completed,12,4.2,True,127.85,level_1,35
TXN-1202370,2024-08-31,Translation,JP,AU,Writer,229.28,USD,paypal,completed,3,5.0,False,45.86,level_1,35
TXN-1202461,2024-08-31,Financial Modeling,CA,US,Accountant,40.35,USD,credit_card,completed,22,4.6,True,8.07,rising_talent,35
TXN-1202491,2024-08-31,Music Production,US,US,Designer,93.11,INR,credit_card,completed,15,4.4,True,18.62,rising_talent,35
TXN-1202525,2024-08-31,Music Production,CA,DE,Designer,424.04,USD,paypal,completed,10,4.1,False,84.81,level_1,35
TXN-1202488,2024-08-31,AI/ML Development,DE,ZA,Data Scientist,37.2,USD,credit_card,completed,13,4.3,False,7.44,top_rated,35
TXN-1202369,2024-08-31,Virtual Assistant,US,SG,HR Manager,279.69,ILS,credit_card,completed,2,3.1,True,55.94,level_2,35
TXN-1202509,2024-08-31,Virtual Assistant,IN,IN,HR Manager,233.21,USD,credit_card,completed,1,3.7,True,46.64,level_1,35
TXN-1202451,2024-09-01,Photography,GB,GB,Designer,279.05,USD,credit_card,completed,3,4.9,False,55.81,level_2,35
TXN-1202431,2024-09-01,Financial Modeling,US,IN,Accountant,1131.86,USD,crypto,completed,7,3.7,True,226.37,level_2,35
TXN-1202426,2024-09-01,Mobile App,DE,IN,Software Engineer,40.87,USD,bank_transfer,completed,13,3.3,False,8.17,rising_talent,35
TXN-1202450,2024-09-01,Content Writing,AU,GB,Writer,255.82,USD,credit_card,completed,5,3.9,True,51.16,level_2,35
TXN-1202413,2024-09-01,Legal Consulting,IN,FR,Lawyer,209.01,USD,paypal,completed,16,3.6,True,41.8,new_seller,35
TXN-1202332,2024-09-01,Financial Modeling,US,IN,Accountant,408.68,USD,credit_card,completed,9,4.8,True,81.74,rising_talent,35
TXN-1202602,2024-09-01,Graphic Design,CA,GB,Designer,199.53,EUR,paypal,completed,3,4.3,False,39.91,level_1,35
TXN-1202583,2024-09-01,Web Development,IN,FR,Software Engineer,133.7,USD,credit_card,completed,9,4.9,True,26.74,level_2,35
TXN-1202372,2024-09-01,Web Development,IN,IN,Software Engineer,20.42,EUR,crypto,completed,22,4.2,True,4.08,level_2,35
TXN-1202579,2024-09-01,Photography,US,SG,Designer,2041.16,USD,credit_card,completed,6,4.0,True,408.23,level_1,35
TXN-1202524,2024-09-01,Virtual Assistant,US,US,HR Manager,805.25,GBP,credit_card,completed,3,4.0,False,161.05,rising_talent,35
TXN-1202408,2024-09-01,Web Development,US,US,Software Engineer,243.37,USD,paypal,completed,15,4.9,True,48.67,level_2,35
TXN-1202534,2024-09-01,AI/ML Development,US,BR,Data Scientist,354.69,USD,credit_card,completed,14,4.0,False,70.94,level_2,35
TXN-1202364,2024-09-01,Video Production,US,US,Designer,30.89,USD,paypal,completed,7,3.9,False,6.18,top_rated,35
TXN-1202538,2024-09-01,Photography,US,US,Designer,16.21,USD,credit_card,completed,3,4.5,True,3.24,level_2,35
TXN-1202545,2024-09-01,Social Media Management,US,AU,Marketing Manager,65.52,USD,paypal,completed,10,3.5,False,13.1,top_rated,35
TXN-1202552,2024-09-01,Data Analysis,FR,IN,Data Scientist,147.23,USD,paypal,completed,6,4.5,False,29.45,level_1,35
TXN-1202394,2024-09-01,Social Media Management,CA,US,Marketing Manager,251.05,USD,bank_transfer,completed,14,4.3,False,50.21,new_seller,35
TXN-1202503,2024-09-01,Mobile App,ES,FR,Software Engineer,987.59,USD,bank_transfer,completed,14,2.6,False,197.52,level_2,35
TXN-1202350,2024-09-01,AI/ML Development,FR,BR,Data Scientist,169.59,USD,paypal,completed,17,4.8,False,33.92,level_1,35
TXN-1202558,2024-09-01,Social Media Management,NL,US,Marketing Manager,252.95,USD,credit_card,completed,5,3.9,False,50.59,level_2,35
TXN-1202348,2024-09-01,Social Media Management,IN,US,Marketing Manager,483.95,USD,credit_card,completed,9,4.9,False,96.79,level_1,35
TXN-1202469,2024-09-01,Data Analysis,ZA,DE,Data Scientist,76.39,GBP,paypal,completed,11,3.8,False,15.28,rising_talent,35
TXN-1202397,2024-09-01,Data Analysis,US,SG,Data Scientist,98.01,USD,paypal,completed,13,4.2,False,19.6,rising_talent,35
TXN-1202569,2024-09-01,Web Development,GB,US,Software Engineer,286.7,USD,bank_transfer,completed,16,1.0,True,57.34,level_2,35
TXN-1202474,2024-09-01,AI/ML Development,BR,IN,Data Scientist,169.09,USD,credit_card,completed,17,4.6,True,33.82,level_1,35
TXN-1202486,2024-09-01,SEO/SEM,DE,US,Marketing Manager,41.89,USD,bank_transfer,completed,13,4.2,True,8.38,top_rated,35
TXN-1202471,2024-09-01,AI/ML Development,SG,US,Data Scientist,260.28,USD,credit_card,completed,19,4.8,True,52.06,level_1,35
TXN-1202759,2024-09-02,Music Production,BR,US,Designer,269.63,EUR,credit_card,completed,10,4.5,True,53.93,level_1,36
TXN-1202766,2024-09-02,Social Media Management,US,DE,Marketing Manager,51.03,USD,credit_card,completed,5,4.5,False,10.21,rising_talent,36
TXN-1202770,2024-09-02,Mobile App,ES,GB,Software Engineer,673.46,EUR,credit_card,completed,15,4.4,True,134.69,level_1,36
TXN-1202787,2024-09-02,Music Production,DE,DE,Designer,129.33,USD,credit_card,completed,8,4.9,False,25.87,level_2,36
TXN-1202781,2024-09-02,Graphic Design,CA,DE,Designer,132.01,USD,credit_card,completed,3,3.5,False,26.4,top_rated,36
TXN-1202791,2024-09-02,Mobile App,SG,IN,Software Engineer,231.34,USD,credit_card,completed,17,3.3,False,46.27,level_1,36
TXN-1202756,2024-09-02,Virtual Assistant,SG,IN,HR Manager,365.47,USD,credit_card,completed,3,3.9,False,73.09,top_rated,36
TXN-1202792,2024-09-02,Social Media Management,DE,GB,Marketing Manager,421.36,USD,credit_card,completed,6,4.2,False,84.27,level_1,36
TXN-1202771,2024-09-02,SEO/SEM,FR,AU,Marketing Manager,30.32,USD,paypal,completed,8,3.8,False,6.06,level_1,36
TXN-1202754,2024-09-02,Financial Modeling,US,CA,Accountant,115.14,INR,bank_transfer,completed,6,4.5,False,23.03,level_2,36
TXN-1202703,2024-09-02,Translation,JP,US,Writer,165.62,EUR,bank_transfer,completed,2,4.8,False,33.12,new_seller,36
TXN-1202733,2024-09-02,Translation,IN,AU,Writer,362.07,GBP,credit_card,completed,2,4.2,False,72.41,level_1,36
TXN-1202731,2024-09-02,Photography,DE,FR,Designer,259.43,USD,credit_card,completed,6,4.3,True,51.89,level_1,36
TXN-1202716,2024-09-02,Virtual Assistant,GB,GB,HR Manager,66.43,USD,credit_card,completed,1,2.1,False,13.29,level_2,36
TXN-1202711,2024-09-02,Data Analysis,US,FR,Data Scientist,84.03,EUR,credit_card,completed,9,4.9,False,16.81,level_1,36
TXN-1202708,2024-09-02,Legal Consulting,US,FR,Lawyer,226.19,USD,paypal,completed,15,4.2,True,45.24,rising_talent,36
TXN-1202707,2024-09-02,SEO/SEM,DE,IL,Marketing Manager,716.21,USD,paypal,completed,13,4.0,False,143.24,top_rated,36
TXN-1202793,2024-09-02,Legal Consulting,IN,AU,Lawyer,60.39,EUR,credit_card,completed,15,5.0,False,12.08,level_2,36
TXN-1202691,2024-09-02,SEO/SEM,IN,ES,Marketing Manager,64.04,USD,paypal,completed,22,4.6,True,12.81,rising_talent,36
TXN-1202681,2024-09-02,Virtual Assistant,NL,DE,HR Manager,319.34,EUR,paypal,completed,3,4.8,False,63.87,rising_talent,36
TXN-1202679,2024-09-02,AI/ML Development,CA,US,Data Scientist,13.08,USD,credit_card,completed,13,3.7,False,2.62,level_2,36
TXN-1202668,2024-09-02,Web Development,GB,BR,Software Engineer,3862.81,EUR,credit_card,completed,18,4.4,True,772.56,level_2,36
TXN-1202742,2024-09-02,Social Media Management,DE,SG,Marketing Manager,243.73,EUR,paypal,completed,4,3.8,False,48.75,rising_talent,36
TXN-1202794,2024-09-02,Photography,US,US,Designer,45.32,GBP,paypal,completed,1,4.0,False,9.06,level_2,36
TXN-1202835,2024-09-02,Social Media Management,IN,IN,Marketing Manager,32.04,USD,credit_card,completed,9,3.0,False,6.41,level_1,36
TXN-1202807,2024-09-02,Financial Modeling,US,ZA,Accountant,26.7,EUR,bank_transfer,completed,7,1.0,False,5.34,level_1,36
TXN-1202667,2024-09-02,Financial Modeling,SG,AU,Accountant,94.65,USD,credit_card,completed,8,3.4,True,18.93,level_2,36
TXN-1202905,2024-09-02,Virtual Assistant,IN,GB,HR Manager,285.9,USD,credit_card,completed,1,4.9,True,57.18,top_rated,36
TXN-1202900,2024-09-02,Video Production,FR,ES,Designer,68.02,USD,credit_card,completed,8,4.6,True,13.6,new_seller,36
TXN-1202897,2024-09-02,SEO/SEM,US,IN,Marketing Manager,61.17,USD,credit_card,completed,15,4.5,False,12.23,level_1,36
TXN-1202895,2024-09-02,Virtual Assistant,US,AU,HR Manager,184.65,GBP,paypal,completed,2,3.8,True,36.93,new_seller,36
TXN-1202891,2024-09-02,Data Analysis,CA,US,Data Scientist,301.64,USD,paypal,completed,5,3.5,False,60.33,new_seller,36
TXN-1202888,2024-09-02,Mobile App,DE,US,Software Engineer,107.66,USD,credit_card,completed,19,4.5,False,21.53,new_seller,36
TXN-1202886,2024-09-02,Graphic Design,US,US,Designer,206.8,USD,credit_card,completed,7,4.4,False,41.36,level_2,36
TXN-1202885,2024-09-02,Video Production,IN,ZA,Designer,326.16,USD,credit_card,completed,5,4.8,False,65.23,level_2,36
TXN-1202884,2024-09-02,Legal Consulting,IL,US,Lawyer,184.96,USD,paypal,completed,19,4.1,False,36.99,new_seller,36
TXN-1202874,2024-09-02,Music Production,SG,IN,Designer,50.23,USD,credit_card,completed,20,4.7,False,10.05,rising_talent,36
TXN-1202870,2024-09-02,Photography,GB,US,Designer,176.96,USD,credit_card,completed,3,3.3,True,35.39,rising_talent,36
TXN-1202859,2024-09-02,Legal Consulting,ZA,US,Lawyer,96.33,USD,paypal,completed,21,4.2,False,19.27,rising_talent,36
TXN-1202857,2024-09-02,Data Analysis,IN,ZA,Data Scientist,63.09,USD,credit_card,completed,8,4.3,True,12.62,rising_talent,36
TXN-1202842,2024-09-02,Music Production,US,GB,Designer,197.74,USD,paypal,completed,11,4.4,False,39.55,level_2,36
TXN-1202841,2024-09-02,Translation,FR,AU,Writer,166.61,EUR,paypal,completed,6,4.6,False,33.32,level_2,36
TXN-1202840,2024-09-02,AI/ML Development,ZA,IN,Data Scientist,141.93,EUR,credit_card,completed,20,2.4,False,28.39,rising_talent,36
TXN-1202830,2024-09-02,Financial Modeling,IN,IN,Accountant,270.53,GBP,paypal,completed,18,4.0,True,54.11,top_rated,36
TXN-1202823,2024-09-02,Financial Modeling,IN,CA,Accountant,395.55,USD,paypal,completed,9,3.7,False,79.11,top_rated,36
TXN-1202822,2024-09-02,AI/ML Development,DE,AU,Data Scientist,71.85,USD,paypal,completed,30,4.3,False,14.37,rising_talent,36
TXN-1202815,2024-09-02,Virtual Assistant,AU,DE,HR Manager,145.41,USD,credit_card,cancelled,1,,False,29.08,level_1,36
TXN-1202814,2024-09-02,Data Analysis,DE,US,Data Scientist,348.74,USD,credit_card,completed,9,4.9,False,69.75,level_1,36
TXN-1202810,2024-09-02,AI/ML Development,IL,GB,Data Scientist,353.42,USD,crypto,completed,18,4.7,False,70.68,new_seller,36
TXN-1202797,2024-09-02,Social Media Management,GB,ZA,Marketing Manager,69.41,USD,credit_card,completed,10,4.6,False,13.88,level_2,36
TXN-1202660,2024-09-02,Virtual Assistant,GB,US,HR Manager,121.24,EUR,bank_transfer,completed,1,4.6,True,24.25,level_1,36
TXN-1202713,2024-09-02,AI/ML Development,US,US,Data Scientist,110.65,USD,paypal,completed,17,3.7,True,22.13,top_rated,36
TXN-1202620,2024-09-02,SEO/SEM,US,US,Marketing Manager,112.01,ILS,credit_card,completed,14,3.5,False,22.4,level_2,36
TXN-1202648,2024-09-02,Social Media Management,IN,US,Marketing Manager,183.19,USD,credit_card,completed,5,3.4,True,36.64,rising_talent,36
TXN-1202603,2024-09-02,Web Development,NL,US,Software Engineer,285.55,USD,credit_card,completed,16,2.7,False,57.11,top_rated,36
TXN-1202635,2024-09-02,Virtual Assistant,US,GB,HR Manager,11.79,GBP,paypal,completed,1,3.4,False,2.36,level_1,36
TXN-1202615,2024-09-02,Social Media Management,IN,US,Marketing Manager,22.06,USD,credit_card,completed,5,4.4,True,4.41,level_2,36
TXN-1202617,2024-09-02,Legal Consulting,US,DE,Lawyer,528.97,USD,credit_card,completed,21,3.7,False,105.79,level_2,36
TXN-1202641,2024-09-02,Graphic Design,ES,ES,Designer,95.17,USD,crypto,completed,4,4.5,False,19.03,level_2,36
TXN-1202639,2024-09-02,Financial Modeling,GB,SG,Accountant,196.81,USD,credit_card,completed,20,4.0,True,39.36,rising_talent,36
TXN-1202768,2024-09-03,Web Development,US,IL,Software Engineer,128.96,USD,paypal,completed,18,4.3,False,25.79,new_seller,36
TXN-1202762,2024-09-03,Data Analysis,ZA,US,Data Scientist,237.42,ILS,credit_card,completed,7,3.3,False,47.48,new_seller,36
TXN-1202881,2024-09-03,Graphic Design,AU,US,Designer,232.91,USD,bank_transfer,completed,3,2.3,True,46.58,top_rated,36
TXN-1202610,2024-09-03,Legal Consulting,DE,US,Lawyer,16.01,GBP,credit_card,completed,15,4.6,False,3.2,level_1,36
TXN-1202736,2024-09-03,Graphic Design,US,US,Designer,28.55,USD,credit_card,disputed,4,,True,5.71,rising_talent,36
TXN-1202746,2024-09-03,Data Analysis,US,US,Data Scientist,207.38,GBP,paypal,completed,8,4.4,True,41.48,new_seller,36
TXN-1202784,2024-09-03,Video Production,NL,SG,Designer,87.45,GBP,credit_card,completed,9,4.5,False,17.49,level_1,36
TXN-1202724,2024-09-03,SEO/SEM,MX,GB,Marketing Manager,58.41,USD,crypto,completed,16,3.1,False,11.68,new_seller,36
TXN-1202714,2024-09-03,Virtual Assistant,FR,DE,HR Manager,82.44,USD,bank_transfer,completed,2,3.4,False,16.49,level_2,36
TXN-1202710,2024-09-03,Legal Consulting,FR,DE,Lawyer,107.77,USD,credit_card,completed,16,3.8,False,21.55,top_rated,36
TXN-1202887,2024-09-03,Legal Consulting,US,US,Lawyer,86.79,USD,paypal,completed,7,3.9,False,17.36,rising_talent,36
TXN-1202786,2024-09-03,Content Writing,US,US,Writer,629.47,USD,paypal,completed,1,3.9,True,125.89,level_1,36
TXN-1202630,2024-09-03,Music Production,AU,IN,Designer,489.72,EUR,credit_card,completed,18,4.5,False,97.94,level_2,36
TXN-1202709,2024-09-03,Virtual Assistant,MX,IN,HR Manager,236.0,USD,credit_card,completed,2,4.0,False,47.2,level_2,36
TXN-1202613,2024-09-03,Legal Consulting,DE,US,Lawyer,192.51,EUR,credit_card,cancelled,13,,False,38.5,new_seller,36
TXN-1202847,2024-09-03,Financial Modeling,ES,US,Accountant,137.26,ILS,paypal,completed,21,4.4,True,27.45,new_seller,36
TXN-1202844,2024-09-03,Financial Modeling,IL,IN,Accountant,194.19,EUR,credit_card,completed,8,4.6,False,38.84,new_seller,36
TXN-1202843,2024-09-03,Mobile App,ES,AU,Software Engineer,250.1,USD,bank_transfer,completed,30,4.4,False,50.02,new_seller,36
TXN-1202834,2024-09-03,Web Development,IN,ES,Software Engineer,209.6,USD,paypal,completed,19,3.4,False,41.92,rising_talent,36
TXN-1202829,2024-09-03,Legal Consulting,SG,US,Lawyer,756.34,USD,paypal,completed,6,4.5,False,151.27,rising_talent,36
TXN-1202828,2024-09-03,Data Analysis,FR,IL,Data Scientist,432.39,ILS,credit_card,completed,10,4.9,False,86.48,top_rated,36
TXN-1202790,2024-09-03,Photography,CA,US,Designer,74.9,USD,credit_card,completed,2,4.1,True,14.98,level_2,36
TXN-1202826,2024-09-03,Data Analysis,CA,US,Data Scientist,198.91,USD,paypal,completed,4,3.8,False,39.78,level_1,36
TXN-1202819,2024-09-03,SEO/SEM,IN,CA,Marketing Manager,28.08,USD,credit_card,completed,7,3.7,False,5.62,rising_talent,36
TXN-1202622,2024-09-03,Financial Modeling,GB,IN,Accountant,135.03,USD,bank_transfer,completed,19,3.8,False,27.01,rising_talent,36
TXN-1202623,2024-09-03,Music Production,FR,ES,Designer,101.24,EUR,credit_card,completed,10,4.4,True,20.25,new_seller,36
TXN-1202624,2024-09-03,AI/ML Development,US,IN,Data Scientist,139.14,USD,paypal,completed,13,4.3,False,27.83,rising_talent,36
TXN-1202869,2024-09-03,Photography,US,ES,Designer,60.31,USD,paypal,completed,1,3.5,False,12.06,level_2,36
TXN-1202796,2024-09-03,Photography,US,US,Designer,195.38,USD,paypal,completed,7,4.2,False,39.08,level_1,36
TXN-1202871,2024-09-03,Legal Consulting,MX,US,Lawyer,167.96,USD,credit_card,completed,15,3.1,False,33.59,new_seller,36
TXN-1202825,2024-09-03,Social Media Management,MX,JP,Marketing Manager,66.95,GBP,paypal,completed,6,3.4,False,13.39,level_2,36
TXN-1202699,2024-09-03,SEO/SEM,US,GB,Marketing Manager,1680.52,USD,credit_card,completed,5,4.1,False,336.1,new_seller,36
TXN-1202882,2024-09-03,Translation,IN,ZA,Writer,63.64,USD,paypal,completed,2,4.3,False,12.73,rising_talent,36
TXN-1202682,2024-09-03,Music Production,IN,IN,Designer,507.28,USD,paypal,completed,15,4.4,True,101.46,level_2,36
TXN-1202913,2024-09-03,Graphic Design,DE,US,Designer,33.79,USD,paypal,completed,7,4.6,False,6.76,level_1,36
TXN-1202910,2024-09-03,Mobile App,FR,BR,Software Engineer,78.95,USD,paypal,completed,14,4.6,True,15.79,level_1,36
TXN-1202666,2024-09-03,AI/ML Development,DE,BR,Data Scientist,764.59,USD,credit_card,completed,22,4.6,True,152.92,level_1,36
TXN-1202911,2024-09-03,Translation,AU,BR,Writer,232.3,USD,credit_card,completed,4,4.5,False,46.46,level_1,36
TXN-1202663,2024-09-03,SEO/SEM,US,US,Marketing Manager,78.4,USD,credit_card,completed,14,4.3,True,15.68,level_2,36
TXN-1202675,2024-09-03,Social Media Management,US,US,Marketing Manager,229.65,USD,credit_card,completed,2,4.4,False,45.93,level_2,36
TXN-1202769,2024-09-04,Music Production,US,CA,Designer,179.52,EUR,credit_card,completed,11,4.2,False,35.9,rising_talent,36
TXN-1202763,2024-09-04,Web Development,US,DE,Software Engineer,2120.11,USD,credit_card,completed,7,4.0,True,424.02,level_2,36
TXN-1202618,2024-09-04,Legal Consulting,US,US,Lawyer,1018.16,USD,paypal,completed,15,4.0,True,203.63,rising_talent,36
TXN-1202760,2024-09-04,Music Production,IN,US,Designer,292.6,GBP,credit_card,completed,12,4.5,False,58.52,level_2,36
TXN-1202836,2024-09-04,Music Production,US,SG,Designer,195.21,USD,credit_card,completed,14,4.6,False,39.04,level_1,36
TXN-1202757,2024-09-04,Financial Modeling,SG,US,Accountant,380.21,GBP,credit_card,completed,5,4.0,False,76.04,top_rated,36
TXN-1202833,2024-09-04,SEO/SEM,IN,IN,Marketing Manager,32.12,USD,credit_card,completed,8,4.5,False,6.42,level_2,36
TXN-1202638,2024-09-04,Video Production,US,IN,Designer,363.75,EUR,credit_card,completed,4,3.1,False,72.75,rising_talent,36
TXN-1202752,2024-09-04,Photography,US,JP,Designer,16.53,USD,paypal,completed,5,4.1,False,3.31,level_1,36
TXN-1202751,2024-09-04,Graphic Design,DE,IN,Designer,521.71,EUR,paypal,completed,4,3.3,True,104.34,level_2,36
TXN-1202661,2024-09-04,SEO/SEM,IN,IN,Marketing Manager,535.3,USD,credit_card,completed,11,4.0,False,107.06,level_2,36
TXN-1202889,2024-09-04,Photography,JP,MX,Designer,22.89,USD,credit_card,completed,8,2.7,False,4.58,level_2,36
TXN-1202616,2024-09-04,Mobile App,MX,US,Software Engineer,26.47,USD,paypal,completed,17,4.3,False,5.29,level_2,36
TXN-1202637,2024-09-04,Data Analysis,GB,GB,Data Scientist,1232.95,USD,crypto,completed,6,3.7,False,246.59,new_seller,36
TXN-1202832,2024-09-04,Legal Consulting,IN,US,Lawyer,166.24,USD,credit_card,completed,6,4.4,True,33.25,new_seller,36
TXN-1202831,2024-09-04,Web Development,ZA,US,Software Engineer,421.51,USD,bank_transfer,completed,14,4.8,True,84.3,new_seller,36
TXN-1202775,2024-09-04,Data Analysis,BR,US,Data Scientist,217.69,USD,credit_card,completed,6,4.7,False,43.54,level_1,36
TXN-1202816,2024-09-04,Web Development,BR,IN,Software Engineer,79.66,EUR,credit_card,completed,10,4.5,False,15.93,level_2,36
TXN-1202813,2024-09-04,Video Production,ES,US,Designer,104.29,USD,credit_card,completed,5,4.8,True,20.86,level_2,36
TXN-1202808,2024-09-04,Content Writing,US,US,Writer,65.12,USD,paypal,completed,4,4.8,False,13.02,rising_talent,36
TXN-1202654,2024-09-04,Legal Consulting,DE,ES,Lawyer,51.33,USD,credit_card,completed,30,3.8,True,10.27,level_2,36
TXN-1202626,2024-09-04,Data Analysis,GB,AU,Data Scientist,41.46,USD,credit_card,completed,9,3.7,True,8.29,top_rated,36
TXN-1202673,2024-09-04,SEO/SEM,US,GB,Marketing Manager,221.56,ILS,bank_transfer,completed,4,4.5,True,44.31,new_seller,36
TXN-1202774,2024-09-04,Content Writing,JP,NL,Writer,725.92,USD,credit_card,completed,6,4.2,True,145.18,new_seller,36
TXN-1202873,2024-09-04,Legal Consulting,FR,IN,Lawyer,94.99,USD,credit_card,completed,12,4.6,True,19.0,level_1,36
TXN-1202785,2024-09-04,Virtual Assistant,BR,ZA,HR Manager,60.73,INR,credit_card,completed,2,4.9,False,12.15,top_rated,36
TXN-1202677,2024-09-04,Financial Modeling,US,GB,Accountant,72.29,USD,paypal,completed,18,3.0,True,14.46,level_2,36
TXN-1202632,2024-09-04,Mobile App,IL,US,Software Engineer,983.38,USD,paypal,cancelled,20,,False,196.68,level_1,36
TXN-1202780,2024-09-04,SEO/SEM,JP,ZA,Marketing Manager,116.86,EUR,paypal,completed,8,4.8,True,23.37,level_1,36
TXN-1202695,2024-09-04,AI/ML Development,GB,BR,Data Scientist,5.0,USD,credit_card,completed,29,4.2,True,1.0,new_seller,36
TXN-1202890,2024-09-04,Financial Modeling,US,US,Accountant,1720.63,USD,bank_transfer,completed,14,4.8,True,344.13,level_1,36
TXN-1202631,2024-09-04,Web Development,US,IN,Software Engineer,6.95,EUR,bank_transfer,completed,9,2.1,False,1.39,level_2,36
TXN-1202686,2024-09-04,Mobile App,DE,US,Software Engineer,114.29,USD,bank_transfer,completed,30,4.2,True,22.86,rising_talent,36
TXN-1202914,2024-09-04,Video Production,ES,NL,Designer,17.16,USD,credit_card,completed,11,3.1,True,3.43,new_seller,36
TXN-1202861,2024-09-04,Data Analysis,DE,GB,Data Scientist,13.17,USD,bank_transfer,completed,5,4.3,False,2.63,level_1,36
TXN-1202656,2024-09-04,Virtual Assistant,US,US,HR Manager,403.56,USD,paypal,completed,1,4.5,False,80.71,rising_talent,36
TXN-1202689,2024-09-04,Data Analysis,CA,US,Data Scientist,45.86,INR,paypal,completed,5,3.7,True,9.17,level_2,36
TXN-1202896,2024-09-04,Legal Consulting,US,IN,Lawyer,106.22,INR,paypal,completed,15,4.3,False,21.24,new_seller,36
TXN-1202729,2024-09-04,Financial Modeling,NL,IN,Accountant,187.2,USD,paypal,cancelled,17,,False,37.44,level_2,36
TXN-1202725,2024-09-04,Social Media Management,IN,BR,Marketing Manager,8.31,USD,credit_card,completed,8,4.9,False,1.66,level_2,36
TXN-1202846,2024-09-04,Web Development,GB,IN,Software Engineer,1979.62,EUR,credit_card,completed,28,3.8,False,395.92,new_seller,36
TXN-1202723,2024-09-04,Content Writing,NL,IN,Writer,93.99,USD,credit_card,completed,1,3.9,False,18.8,level_1,36
TXN-1202865,2024-09-04,Translation,GB,AU,Writer,28.59,USD,credit_card,completed,5,4.7,False,5.72,rising_talent,36
TXN-1202698,2024-09-04,Mobile App,US,IL,Software Engineer,144.86,USD,crypto,completed,22,4.9,False,28.97,level_1,36
TXN-1202658,2024-09-04,Data Analysis,JP,NL,Data Scientist,53.54,GBP,paypal,completed,5,4.6,False,10.71,level_2,36
TXN-1202697,2024-09-04,Social Media Management,IN,AU,Marketing Manager,21.46,GBP,paypal,completed,3,3.8,True,4.29,level_2,36
TXN-1202852,2024-09-04,Video Production,CA,DE,Designer,37.51,USD,credit_card,completed,8,4.8,True,7.5,level_1,36
TXN-1202694,2024-09-04,Photography,GB,SG,Designer,36.13,USD,credit_card,completed,1,3.5,False,7.23,level_1,36
TXN-1202690,2024-09-05,Translation,IN,BR,Writer,22.66,INR,credit_card,completed,2,4.9,False,4.53,level_2,36
TXN-1202783,2024-09-05,Financial Modeling,US,US,Accountant,157.22,USD,credit_card,completed,25,4.1,True,31.44,level_1,36
TXN-1202901,2024-09-05,SEO/SEM,US,BR,Marketing Manager,65.2,USD,credit_card,completed,8,3.7,False,13.04,top_rated,36
TXN-1202645,2024-09-05,SEO/SEM,SG,FR,Marketing Manager,295.52,INR,bank_transfer,completed,7,4.7,False,59.1,rising_talent,36
TXN-1202788,2024-09-05,Social Media Management,US,BR,Marketing Manager,43.94,USD,credit_card,completed,4,4.1,False,8.79,new_seller,36
TXN-1202789,2024-09-05,Translation,US,AU,Writer,27.56,USD,bank_transfer,completed,2,4.5,False,5.51,new_seller,36
TXN-1202664,2024-09-05,Content Writing,NL,US,Writer,382.27,GBP,bank_transfer,completed,2,4.1,False,76.45,level_2,36
TXN-1202706,2024-09-05,Content Writing,US,US,Writer,805.13,USD,bank_transfer,completed,4,3.1,False,161.03,new_seller,36
TXN-1202872,2024-09-05,Data Analysis,US,US,Data Scientist,78.57,GBP,credit_card,completed,15,4.0,False,15.71,level_2,36
TXN-1202693,2024-09-05,Video Production,DE,US,Designer,853.9,ILS,paypal,completed,10,4.8,True,170.78,level_1,36
TXN-1202659,2024-09-05,SEO/SEM,US,SG,Marketing Manager,24.22,GBP,paypal,completed,10,4.0,True,4.84,level_2,36
TXN-1202647,2024-09-05,Virtual Assistant,IN,IN,HR Manager,173.84,USD,credit_card,completed,1,4.0,True,34.77,level_1,36
TXN-1202860,2024-09-05,Content Writing,SG,AU,Writer,322.38,USD,credit_card,completed,5,4.4,False,64.48,rising_talent,36
TXN-1202803,2024-09-05,Content Writing,US,JP,Writer,313.05,USD,credit_card,completed,1,4.3,False,62.61,rising_talent,36
TXN-1202805,2024-09-05,Web Development,MX,DE,Software Engineer,98.07,USD,credit_card,completed,20,3.5,False,19.61,level_2,36
TXN-1202806,2024-09-05,Financial Modeling,MX,US,Accountant,46.28,USD,credit_card,completed,8,4.3,False,9.26,top_rated,36
TXN-1202625,2024-09-05,Translation,US,DE,Writer,186.27,USD,credit_card,completed,2,4.6,False,37.25,level_1,36
TXN-1202700,2024-09-05,SEO/SEM,IN,US,Marketing Manager,138.49,USD,credit_card,completed,11,4.1,False,27.7,level_1,36
TXN-1202821,2024-09-05,Virtual Assistant,IL,ES,HR Manager,5.76,USD,crypto,completed,1,3.7,True,1.15,level_1,36
TXN-1202820,2024-09-05,Photography,BR,US,Designer,41.61,GBP,paypal,completed,3,4.6,True,8.32,level_2,36
TXN-1202811,2024-09-05,Social Media Management,GB,DE,Marketing Manager,134.2,USD,credit_card,completed,11,3.6,False,26.84,new_seller,36
TXN-1202812,2024-09-05,SEO/SEM,MX,BR,Marketing Manager,70.02,USD,bank_transfer,completed,13,4.5,False,14.0,level_1,36
TXN-1202912,2024-09-05,Translation,ES,IN,Writer,268.84,USD,paypal,completed,2,4.9,False,53.77,level_2,36
TXN-1202868,2024-09-05,Legal Consulting,US,US,Lawyer,53.43,EUR,paypal,completed,12,4.7,False,10.69,new_seller,36
TXN-1202612,2024-09-05,Financial Modeling,JP,US,Accountant,25.52,USD,paypal,completed,14,4.9,False,5.1,level_2,36
TXN-1202735,2024-09-05,Translation,FR,US,Writer,51.17,USD,credit_card,completed,4,4.0,True,10.23,level_2,36
TXN-1202904,2024-09-05,Web Development,FR,US,Software Engineer,76.38,GBP,paypal,completed,23,4.1,False,15.28,level_1,36
TXN-1202776,2024-09-05,Content Writing,US,DE,Writer,19.16,USD,bank_transfer,completed,2,4.1,False,3.83,rising_talent,36
TXN-1202738,2024-09-05,AI/ML Development,DE,GB,Data Scientist,44.83,USD,bank_transfer,disputed,16,,False,8.97,rising_talent,36
TXN-1202741,2024-09-05,SEO/SEM,BR,GB,Marketing Manager,227.76,USD,credit_card,completed,14,4.2,False,45.55,new_seller,36
TXN-1202743,2024-09-05,Financial Modeling,ES,US,Accountant,85.67,USD,paypal,completed,93,2.7,True,17.13,new_seller,36
TXN-1202687,2024-09-05,Content Writing,ES,MX,Writer,248.17,GBP,paypal,completed,2,4.5,False,49.63,top_rated,36
TXN-1202867,2024-09-05,Legal Consulting,GB,IN,Lawyer,141.74,USD,paypal,completed,9,4.4,True,28.35,top_rated,36
TXN-1202909,2024-09-05,Financial Modeling,US,US,Accountant,9.61,USD,bank_transfer,completed,12,4.4,False,1.92,rising_talent,36
TXN-1202749,2024-09-05,Data Analysis,IN,US,Data Scientist,351.21,USD,credit_card,completed,8,3.1,False,70.24,level_1,36
TXN-1202608,2024-09-05,Music Production,US,US,Designer,149.15,USD,bank_transfer,completed,16,4.0,False,29.83,level_1,36
TXN-1202726,2024-09-05,Translation,IL,ZA,Writer,88.57,USD,paypal,completed,2,4.7,True,17.71,level_1,36
TXN-1202818,2024-09-05,Social Media Management,DE,NL,Marketing Manager,264.12,USD,credit_card,disputed,8,,False,52.82,level_1,36
TXN-1202883,2024-09-05,Mobile App,GB,US,Software Engineer,185.69,USD,credit_card,completed,17,4.8,True,37.14,top_rated,36
TXN-1202777,2024-09-05,Music Production,DE,US,Designer,113.29,GBP,credit_card,completed,10,4.9,False,22.66,level_2,36
TXN-1202680,2024-09-05,Social Media Management,IN,GB,Marketing Manager,2167.79,USD,credit_card,completed,6,4.5,True,433.56,level_1,36
TXN-1202688,2024-09-05,Photography,US,AU,Designer,742.28,EUR,paypal,completed,7,2.7,False,148.46,top_rated,36
TXN-1202853,2024-09-05,Mobile App,DE,GB,Software Engineer,239.0,USD,credit_card,completed,30,3.3,False,47.8,new_seller,36
TXN-1202773,2024-09-05,Legal Consulting,US,BR,Lawyer,110.35,USD,paypal,completed,14,4.9,False,22.07,new_seller,36
TXN-1202880,2024-09-05,SEO/SEM,IN,IN,Marketing Manager,330.35,USD,paypal,cancelled,8,,False,66.07,rising_talent,36
TXN-1202850,2024-09-05,Financial Modeling,IN,US,Accountant,90.27,USD,paypal,completed,3,4.9,True,18.05,level_1,36
TXN-1202662,2024-09-05,Content Writing,ZA,US,Writer,380.79,ILS,credit_card,completed,2,4.8,False,76.16,level_1,36
TXN-1202851,2024-09-05,Virtual Assistant,BR,IN,HR Manager,20.96,USD,credit_card,completed,1,4.7,True,4.19,level_1,36
TXN-1202678,2024-09-05,Data Analysis,US,IN,Data Scientist,231.57,USD,credit_card,completed,4,4.4,False,46.31,rising_talent,36
TXN-1202719,2024-09-05,Music Production,FR,BR,Designer,120.53,INR,bank_transfer,completed,16,3.1,False,24.11,level_1,36
TXN-1202720,2024-09-05,Data Analysis,US,DE,Data Scientist,192.9,USD,paypal,completed,5,3.8,False,38.58,level_1,36
TXN-1202764,2024-09-05,Graphic Design,GB,US,Designer,21.94,ILS,crypto,completed,4,2.7,False,4.39,rising_talent,36
TXN-1202877,2024-09-05,Translation,GB,AU,Writer,75.46,USD,paypal,completed,2,4.3,False,15.09,new_seller,36
TXN-1202849,2024-09-06,Video Production,IN,FR,Designer,38.82,USD,paypal,completed,13,3.7,False,7.76,top_rated,36
TXN-1202653,2024-09-06,Graphic Design,US,FR,Designer,311.56,GBP,crypto,completed,5,4.5,True,62.31,level_1,36
TXN-1202845,2024-09-06,Data Analysis,GB,GB,Data Scientist,117.14,USD,credit_card,completed,7,4.6,True,23.43,level_1,36
TXN-1202619,2024-09-06,Graphic Design,US,US,Designer,114.13,GBP,credit_card,completed,2,4.8,False,22.83,level_2,36
TXN-1202838,2024-09-06,Virtual Assistant,FR,FR,HR Manager,61.46,USD,credit_card,completed,1,3.6,False,12.29,level_1,36
TXN-1202657,2024-09-06,Graphic Design,US,US,Designer,59.56,EUR,crypto,completed,5,3.9,True,11.91,level_1,36
TXN-1202837,2024-09-06,Legal Consulting,ES,BR,Lawyer,218.79,USD,credit_card,completed,28,4.1,True,43.76,level_1,36
TXN-1202621,2024-09-06,Translation,MX,US,Writer,1203.39,USD,paypal,completed,2,3.2,False,240.68,rising_talent,36
TXN-1202866,2024-09-06,Data Analysis,DE,US,Data Scientist,1691.83,USD,crypto,completed,7,4.8,True,338.37,rising_talent,36
TXN-1202824,2024-09-06,Social Media Management,DE,JP,Marketing Manager,74.4,USD,credit_card,completed,5,4.1,False,14.88,rising_talent,36
TXN-1202614,2024-09-06,Video Production,CA,US,Designer,4108.36,USD,paypal,completed,13,4.7,True,821.67,level_1,36
TXN-1202665,2024-09-06,Legal Consulting,US,GB,Lawyer,27.16,USD,bank_transfer,completed,7,4.1,True,5.43,rising_talent,36
TXN-1202827,2024-09-06,SEO/SEM,IN,ZA,Marketing Manager,56.73,USD,paypal,completed,11,4.5,False,11.35,new_seller,36
TXN-1202858,2024-09-06,Graphic Design,IN,US,Designer,240.62,USD,credit_card,completed,5,4.4,False,48.12,level_1,36
TXN-1202856,2024-09-06,Video Production,US,IN,Designer,16.0,USD,bank_transfer,completed,10,2.7,False,3.2,new_seller,36
TXN-1202854,2024-09-06,Content Writing,DE,GB,Writer,116.36,USD,credit_card,completed,2,4.0,False,23.27,rising_talent,36
TXN-1202779,2024-09-06,Video Production,MX,FR,Designer,228.81,USD,credit_card,completed,5,4.4,False,45.76,level_1,36
TXN-1202809,2024-09-06,Legal Consulting,IN,NL,Lawyer,31.38,USD,credit_card,completed,19,4.8,True,6.28,rising_talent,36
TXN-1202685,2024-09-06,Mobile App,US,IN,Software Engineer,984.49,EUR,credit_card,cancelled,17,,False,196.9,rising_talent,36
TXN-1202670,2024-09-06,Data Analysis,DE,US,Data Scientist,729.27,GBP,paypal,completed,9,4.8,False,145.85,top_rated,36
TXN-1202737,2024-09-06,Video Production,FR,US,Designer,101.29,USD,crypto,completed,10,4.2,False,20.26,level_1,36
TXN-1202734,2024-09-06,Graphic Design,US,FR,Designer,116.48,USD,credit_card,completed,4,4.4,True,23.3,level_1,36
TXN-1202894,2024-09-06,Data Analysis,US,US,Data Scientist,15.52,USD,bank_transfer,completed,10,3.7,False,3.1,rising_talent,36
TXN-1202730,2024-09-06,Social Media Management,JP,FR,Marketing Manager,104.27,ILS,credit_card,completed,11,4.4,False,20.85,level_1,36
TXN-1202727,2024-09-06,SEO/SEM,IN,US,Marketing Manager,77.49,USD,credit_card,completed,7,5.0,True,15.5,new_seller,36
TXN-1202721,2024-09-06,SEO/SEM,AU,IN,Marketing Manager,28.46,ILS,crypto,completed,5,4.1,False,5.69,level_1,36
TXN-1202718,2024-09-06,Social Media Management,US,DE,Marketing Manager,196.38,USD,credit_card,completed,9,3.8,False,39.28,rising_talent,36
TXN-1202642,2024-09-06,Legal Consulting,US,GB,Lawyer,1462.88,EUR,credit_card,completed,17,4.7,True,292.58,rising_talent,36
TXN-1202715,2024-09-06,Virtual Assistant,US,US,HR Manager,255.74,EUR,credit_card,completed,1,3.6,True,51.15,rising_talent,36
TXN-1202705,2024-09-06,Graphic Design,US,IL,Designer,110.58,USD,paypal,completed,5,4.5,False,22.12,level_1,36
TXN-1202704,2024-09-06,AI/ML Development,DE,US,Data Scientist,149.17,INR,paypal,completed,7,3.9,False,29.83,top_rated,36
TXN-1202702,2024-09-06,Mobile App,SG,IN,Software Engineer,253.44,USD,crypto,completed,25,4.9,False,50.69,level_1,36
TXN-1202903,2024-09-06,Social Media Management,ES,CA,Marketing Manager,75.1,USD,credit_card,completed,11,4.8,False,15.02,new_seller,36
TXN-1202745,2024-09-06,Web Development,GB,US,Software Engineer,990.85,EUR,credit_card,cancelled,13,,False,198.17,rising_talent,36
TXN-1202684,2024-09-06,Virtual Assistant,US,US,HR Manager,95.11,USD,credit_card,completed,2,5.0,True,19.02,level_1,36
TXN-1202892,2024-09-06,Graphic Design,IL,IL,Designer,856.56,EUR,credit_card,completed,7,4.3,False,171.31,new_seller,36
TXN-1202750,2024-09-06,Financial Modeling,DE,US,Accountant,309.03,USD,credit_card,completed,30,4.4,False,61.81,top_rated,36
TXN-1202804,2024-09-06,Virtual Assistant,IL,US,HR Manager,367.91,USD,credit_card,completed,1,2.5,False,73.58,top_rated,36
TXN-1202802,2024-09-06,Video Production,ES,GB,Designer,1033.3,USD,bank_transfer,completed,4,4.9,False,206.66,level_1,36
TXN-1202801,2024-09-06,AI/ML Development,IN,US,Data Scientist,55.13,GBP,bank_transfer,completed,23,4.0,False,11.03,rising_talent,36
TXN-1202800,2024-09-06,Social Media Management,GB,IN,Marketing Manager,170.94,USD,paypal,completed,9,4.2,True,34.19,top_rated,36
TXN-1202672,2024-09-06,Music Production,US,GB,Designer,321.74,USD,credit_card,completed,8,3.0,False,64.35,new_seller,36
TXN-1202795,2024-09-06,Translation,FR,IN,Writer,125.35,USD,credit_card,completed,3,4.8,True,25.07,level_1,36
TXN-1202747,2024-09-06,Content Writing,DE,ES,Writer,57.69,USD,paypal,completed,5,3.8,False,11.54,level_1,36
TXN-1202676,2024-09-06,Mobile App,US,US,Software Engineer,444.63,GBP,credit_card,completed,7,4.4,True,88.93,level_1,36
TXN-1202674,2024-09-06,Data Analysis,GB,US,Data Scientist,224.37,USD,paypal,completed,5,4.1,False,44.87,level_2,36
TXN-1202782,2024-09-06,Mobile App,MX,US,Software Engineer,62.38,USD,paypal,completed,24,3.5,True,12.48,new_seller,36
TXN-1202772,2024-09-06,Web Development,IN,IL,Software Engineer,111.01,USD,paypal,completed,22,2.9,False,22.2,rising_talent,36
TXN-1202876,2024-09-06,Data Analysis,US,BR,Data Scientist,764.29,USD,paypal,completed,8,4.5,True,152.86,new_seller,36
TXN-1202649,2024-09-06,Graphic Design,IL,IN,Designer,31.15,USD,paypal,completed,4,4.0,False,6.23,level_2,36
TXN-1202863,2024-09-06,Legal Consulting,FR,GB,Lawyer,42.66,USD,credit_card,completed,13,3.2,False,8.53,level_2,36
TXN-1202611,2024-09-07,Music Production,ES,FR,Designer,21.18,USD,credit_card,completed,17,4.7,True,4.24,new_seller,36
TXN-1202898,2024-09-07,Graphic Design,US,US,Designer,21.86,USD,bank_transfer,completed,3,4.9,True,4.37,new_seller,36
TXN-1202605,2024-09-07,Social Media Management,NL,IN,Marketing Manager,60.2,EUR,paypal,completed,15,3.8,True,12.04,level_1,36
TXN-1202899,2024-09-07,Financial Modeling,BR,SG,Accountant,1714.71,USD,credit_card,disputed,5,,False,342.94,level_2,36
TXN-1202907,2024-09-07,Virtual Assistant,GB,US,HR Manager,0.01,GBP,credit_card,completed,1,4.2,False,0.0,rising_talent,36
TXN-1202902,2024-09-07,Graphic Design,IN,BR,Designer,25.45,USD,bank_transfer,completed,3,4.4,True,5.09,level_1,36
TXN-1202879,2024-09-07,Data Analysis,IN,IL,Data Scientist,1946.39,USD,credit_card,completed,14,4.8,True,389.28,rising_talent,36
TXN-1202864,2024-09-07,Music Production,US,ZA,Designer,330.6,USD,credit_card,completed,10,3.1,False,66.12,level_1,36
TXN-1202604,2024-09-07,Translation,BR,IN,Writer,145.77,ILS,credit_card,completed,3,4.6,False,29.15,level_1,36
TXN-1202655,2024-09-07,Translation,US,DE,Writer,60.17,USD,credit_card,completed,6,4.0,True,12.03,level_2,36
TXN-1202855,2024-09-07,Web Development,US,DE,Software Engineer,10.68,USD,paypal,completed,14,4.2,False,2.14,level_2,36
TXN-1202669,2024-09-07,Web Development,GB,US,Software Engineer,85.12,USD,paypal,completed,6,3.8,False,17.02,top_rated,36
TXN-1202650,2024-09-07,Translation,FR,US,Writer,29.18,EUR,bank_transfer,completed,2,4.4,False,5.84,rising_talent,36
TXN-1202683,2024-09-07,Mobile App,IN,US,Software Engineer,67.83,USD,bank_transfer,completed,15,3.9,False,13.57,rising_talent,36
TXN-1202692,2024-09-07,Legal Consulting,BR,US,Lawyer,453.79,EUR,credit_card,completed,15,4.9,False,90.76,level_1,36
TXN-1202646,2024-09-07,Social Media Management,SG,GB,Marketing Manager,602.71,USD,paypal,completed,5,3.2,False,120.54,rising_talent,36
TXN-1202712,2024-09-07,Data Analysis,US,US,Data Scientist,402.83,USD,paypal,completed,5,4.7,True,80.57,level_1,36
TXN-1202643,2024-09-07,AI/ML Development,US,US,Data Scientist,348.03,USD,credit_card,completed,16,4.3,False,69.61,level_1,36
TXN-1202728,2024-09-07,Video Production,IN,US,Designer,416.0,USD,credit_card,completed,5,3.9,False,83.2,top_rated,36
TXN-1202732,2024-09-07,Financial Modeling,DE,US,Accountant,266.7,EUR,credit_card,completed,8,3.9,False,53.34,new_seller,36
TXN-1202748,2024-09-07,Photography,ES,US,Designer,166.86,GBP,credit_card,completed,5,4.5,False,33.37,level_1,36
TXN-1202761,2024-09-07,Photography,BR,MX,Designer,301.68,USD,paypal,completed,3,4.0,False,60.34,new_seller,36
TXN-1202765,2024-09-07,Video Production,CA,JP,Designer,581.55,USD,bank_transfer,completed,18,4.2,False,116.31,rising_talent,36
TXN-1202767,2024-09-07,SEO/SEM,US,DE,Marketing Manager,26.06,EUR,credit_card,completed,9,4.2,True,5.21,rising_talent,36
TXN-1202701,2024-09-07,Music Production,ZA,DE,Designer,79.61,USD,bank_transfer,completed,13,3.8,True,15.92,new_seller,36
TXN-1202634,2024-09-07,Music Production,US,FR,Designer,101.44,INR,crypto,completed,14,3.7,True,20.29,top_rated,36
TXN-1202778,2024-09-07,Video Production,NL,CA,Designer,59.47,USD,bank_transfer,completed,4,4.5,False,11.89,level_2,36
TXN-1202627,2024-09-07,Financial Modeling,US,NL,Accountant,147.99,EUR,bank_transfer,completed,8,3.6,False,29.6,level_2,36
TXN-1202839,2024-09-07,Graphic Design,CA,IN,Designer,51.8,USD,credit_card,completed,5,4.5,False,10.36,new_seller,36
TXN-1202628,2024-09-07,Mobile App,FR,US,Software Engineer,263.48,USD,paypal,completed,24,4.2,False,52.7,level_1,36
TXN-1202644,2024-09-08,Content Writing,MX,JP,Writer,885.76,USD,paypal,completed,2,1.0,True,177.15,new_seller,36
TXN-1202798,2024-09-08,Web Development,US,IN,Software Engineer,151.84,USD,credit_card,completed,7,4.1,False,30.37,rising_talent,36
TXN-1202696,2024-09-08,Mobile App,GB,BR,Software Engineer,93.18,EUR,paypal,completed,24,4.8,True,18.64,rising_talent,36
TXN-1202906,2024-09-08,Translation,SG,GB,Writer,84.18,USD,credit_card,completed,1,3.8,True,16.84,level_2,36
TXN-1202908,2024-09-08,AI/ML Development,BR,IL,Data Scientist,117.89,USD,credit_card,completed,20,4.8,False,23.58,level_2,36
TXN-1202817,2024-09-08,Social Media Management,JP,IN,Marketing Manager,106.45,USD,credit_card,completed,6,4.4,True,21.29,rising_talent,36
TXN-1202878,2024-09-08,Photography,GB,US,Designer,98.71,ILS,paypal,completed,5,4.4,False,19.74,level_1,36
TXN-1202848,2024-09-08,Graphic Design,DE,DE,Designer,320.93,USD,credit_card,completed,4,3.1,True,64.19,top_rated,36
TXN-1202651,2024-09-08,Legal Consulting,GB,FR,Lawyer,28.59,GBP,bank_transfer,completed,23,4.6,False,5.72,new_seller,36
TXN-1202652,2024-09-08,Virtual Assistant,FR,MX,HR Manager,90.99,USD,credit_card,completed,1,4.3,True,18.2,top_rated,36
TXN-1202862,2024-09-08,Social Media Management,US,AU,Marketing Manager,1098.93,USD,credit_card,completed,4,4.2,True,219.79,new_seller,36
TXN-1202799,2024-09-08,Graphic Design,CA,IN,Designer,195.22,USD,crypto,completed,2,4.6,True,39.04,rising_talent,36
TXN-1202717,2024-09-08,Music Production,IL,GB,Designer,478.41,USD,credit_card,completed,12,2.4,True,95.68,rising_talent,36
TXN-1202671,2024-09-08,Music Production,IL,ES,Designer,146.84,USD,credit_card,completed,12,4.4,True,29.37,level_1,36
TXN-1202629,2024-09-08,Social Media Management,DE,IN,Marketing Manager,80.78,USD,credit_card,cancelled,6,,False,16.16,new_seller,36
TXN-1202722,2024-09-08,Mobile App,IN,MX,Software Engineer,507.2,USD,paypal,completed,28,4.5,False,101.44,top_rated,36
TXN-1202636,2024-09-08,Mobile App,IN,IN,Software Engineer,11.98,USD,paypal,completed,14,4.7,False,2.4,rising_talent,36
TXN-1202758,2024-09-08,Social Media Management,US,ES,Marketing Manager,94.33,USD,credit_card,completed,10,3.8,True,18.87,level_2,36
TXN-1202609,2024-09-08,AI/ML Development,IN,US,Data Scientist,747.51,USD,credit_card,completed,9,3.1,False,149.5,level_1,36
TXN-1202753,2024-09-08,Web Development,US,GB,Software Engineer,147.02,USD,paypal,completed,15,4.0,False,29.4,top_rated,36
TXN-1202875,2024-09-08,Translation,NL,BR,Writer,509.68,USD,bank_transfer,completed,2,3.4,True,101.94,new_seller,36
TXN-1202607,2024-09-08,Financial Modeling,NL,IN,Accountant,227.18,EUR,bank_transfer,completed,7,1.0,False,45.44,level_2,36
TXN-1202755,2024-09-08,Photography,ES,US,Designer,145.7,USD,credit_card,completed,4,4.7,False,29.14,rising_talent,36
TXN-1202740,2024-09-08,AI/ML Development,US,DE,Data Scientist,147.62,USD,crypto,completed,11,4.6,False,29.52,rising_talent,36
TXN-1202640,2024-09-08,Photography,GB,BR,Designer,96.65,USD,credit_card,completed,2,3.9,True,19.33,level_2,36
TXN-1202744,2024-09-08,Photography,US,FR,Designer,90.55,USD,credit_card,completed,2,3.9,True,18.11,level_2,36
TXN-1202893,2024-09-08,Photography,ZA,GB,Designer,284.3,GBP,paypal,completed,9,3.9,False,56.86,level_2,36
TXN-1202739,2024-09-08,Legal Consulting,BR,US,Lawyer,52.45,USD,credit_card,completed,22,4.0,True,10.49,rising_talent,36
TXN-1202633,2024-09-08,Virtual Assistant,IN,MX,HR Manager,54.62,USD,credit_card,completed,2,4.8,True,10.92,new_seller,36
TXN-1202606,2024-09-08,Translation,GB,FR,Writer,127.98,USD,bank_transfer,completed,3,4.8,False,25.6,level_1,36
TXN-1202950,2024-09-09,Web Development,DE,US,Software Engineer,9.46,EUR,paypal,completed,14,4.6,True,1.89,rising_talent,37
TXN-1203090,2024-09-09,Virtual Assistant,US,DE,HR Manager,139.23,USD,bank_transfer,completed,2,4.0,False,27.85,level_2,37
TXN-1203089,2024-09-09,Financial Modeling,SG,IN,Accountant,33.94,USD,paypal,completed,9,4.3,False,6.79,rising_talent,37
TXN-1202961,2024-09-09,Photography,FR,US,Designer,46.62,USD,paypal,completed,6,2.8,True,9.32,new_seller,37
TXN-1203056,2024-09-09,Graphic Design,DE,FR,Designer,10.08,USD,credit_card,completed,7,4.6,False,2.02,level_2,37
TXN-1203091,2024-09-09,Translation,DE,NL,Writer,41.06,USD,credit_card,completed,2,3.5,True,8.21,level_2,37
TXN-1202965,2024-09-09,Virtual Assistant,US,SG,HR Manager,3673.21,USD,paypal,completed,1,4.6,False,734.64,level_1,37
TXN-1202967,2024-09-09,Virtual Assistant,GB,IL,HR Manager,75.91,USD,credit_card,completed,2,3.2,False,15.18,level_1,37
TXN-1203051,2024-09-09,Virtual Assistant,CA,US,HR Manager,148.69,USD,paypal,completed,4,3.9,False,29.74,level_2,37
TXN-1203047,2024-09-09,Translation,US,US,Writer,369.77,ILS,credit_card,completed,4,4.5,False,73.95,new_seller,37
TXN-1203035,2024-09-09,SEO/SEM,DE,DE,Marketing Manager,109.89,USD,paypal,completed,6,4.7,False,21.98,level_1,37
TXN-1203083,2024-09-09,SEO/SEM,US,US,Marketing Manager,500.1,EUR,paypal,completed,13,4.4,True,100.02,new_seller,37
TXN-1203009,2024-09-09,Web Development,DE,IN,Software Engineer,733.69,USD,paypal,completed,14,4.5,False,146.74,level_1,37
TXN-1203029,2024-09-09,Photography,GB,AU,Designer,96.14,USD,paypal,disputed,1,,False,19.23,level_1,37
TXN-1203021,2024-09-09,AI/ML Development,SG,IN,Data Scientist,55.91,USD,paypal,completed,30,4.3,False,11.18,level_2,37
TXN-1203011,2024-09-09,Virtual Assistant,FR,US,HR Manager,341.63,USD,paypal,completed,1,4.0,True,68.33,level_1,37
TXN-1202980,2024-09-09,Data Analysis,FR,SG,Data Scientist,52.24,EUR,credit_card,completed,4,4.7,False,10.45,rising_talent,37
TXN-1202981,2024-09-09,Photography,US,US,Designer,74.01,USD,credit_card,completed,3,3.6,True,14.8,new_seller,37
TXN-1203010,2024-09-09,AI/ML Development,US,US,Data Scientist,20.43,USD,credit_card,completed,8,3.7,True,4.09,top_rated,37
TXN-1202985,2024-09-09,SEO/SEM,US,AU,Marketing Manager,347.77,EUR,crypto,completed,13,4.5,True,69.55,level_2,37
TXN-1203002,2024-09-09,Graphic Design,IN,DE,Designer,129.2,USD,credit_card,completed,4,4.7,False,25.84,rising_talent,37
TXN-1202999,2024-09-09,Social Media Management,DE,ZA,Marketing Manager,328.09,USD,paypal,completed,9,4.3,False,65.62,new_seller,37
TXN-1202995,2024-09-09,Web Development,DE,US,Software Engineer,436.57,USD,credit_card,completed,11,4.9,False,87.31,new_seller,37
TXN-1202989,2024-09-09,Translation,JP,AU,Writer,205.88,USD,paypal,completed,2,3.1,False,41.18,level_1,37
TXN-1202990,2024-09-09,Mobile App,US,FR,Software Engineer,507.51,EUR,credit_card,completed,14,4.8,False,101.5,new_seller,37
TXN-1203106,2024-09-09,AI/ML Development,IL,IN,Data Scientist,73.68,USD,paypal,completed,14,5.0,False,14.74,level_2,37
TXN-1203030,2024-09-09,Financial Modeling,IN,GB,Accountant,561.49,EUR,credit_card,completed,16,4.3,False,112.3,rising_talent,37
TXN-1202944,2024-09-09,Web Development,IN,US,Software Engineer,96.39,USD,crypto,completed,16,3.7,True,19.28,level_2,37
TXN-1203133,2024-09-09,Mobile App,IL,DE,Software Engineer,118.86,USD,paypal,completed,30,3.6,False,23.77,level_2,37
TXN-1202993,2024-09-09,Graphic Design,US,US,Designer,103.64,GBP,paypal,completed,7,3.5,True,20.73,rising_talent,37
TXN-1202925,2024-09-09,AI/ML Development,GB,IN,Data Scientist,1022.86,USD,bank_transfer,completed,23,4.8,True,204.57,level_1,37
TXN-1202935,2024-09-09,Financial Modeling,US,US,Accountant,16.93,USD,paypal,completed,9,4.7,True,3.39,rising_talent,37
TXN-1203143,2024-09-09,Social Media Management,ZA,US,Marketing Manager,960.58,USD,credit_card,completed,7,3.9,False,192.12,new_seller,37
TXN-1203147,2024-09-09,AI/ML Development,AU,GB,Data Scientist,126.96,USD,bank_transfer,completed,20,3.5,False,25.39,level_1,37
TXN-1202930,2024-09-09,Video Production,JP,US,Designer,232.44,INR,credit_card,completed,4,4.7,False,46.49,level_1,37
TXN-1203116,2024-09-09,Legal Consulting,NL,MX,Lawyer,18.96,EUR,paypal,completed,12,4.3,False,3.79,level_1,37
TXN-1202939,2024-09-09,Virtual Assistant,US,US,HR Manager,63.39,USD,credit_card,completed,1,4.2,False,12.68,level_2,37
TXN-1202934,2024-09-09,AI/ML Development,GB,US,Data Scientist,68.95,USD,credit_card,completed,12,4.7,True,13.79,rising_talent,37
TXN-1203154,2024-09-09,AI/ML Development,US,FR,Data Scientist,1688.25,USD,credit_card,completed,22,4.7,False,337.65,level_2,37
TXN-1202919,2024-09-09,Music Production,IN,US,Designer,90.82,USD,credit_card,completed,12,3.8,True,18.16,level_2,37
TXN-1203155,2024-09-09,Video Production,BR,US,Designer,38.88,USD,credit_card,completed,6,4.3,False,7.78,rising_talent,37
TXN-1202940,2024-09-09,Content Writing,DE,US,Writer,627.81,USD,crypto,completed,2,4.8,False,125.56,rising_talent,37
TXN-1202917,2024-09-09,Translation,GB,IL,Writer,108.85,USD,paypal,completed,3,4.7,False,21.77,rising_talent,37
TXN-1203157,2024-09-09,Financial Modeling,GB,US,Accountant,61.38,USD,bank_transfer,completed,14,4.2,False,12.28,level_1,37
TXN-1203114,2024-09-09,Mobile App,GB,BR,Software Engineer,73.88,USD,bank_transfer,completed,16,4.0,True,14.78,new_seller,37
TXN-1203158,2024-09-09,Photography,US,GB,Designer,1239.71,USD,credit_card,completed,4,4.4,False,247.94,level_2,37
TXN-1202991,2024-09-09,Mobile App,GB,IN,Software Engineer,491.43,EUR,paypal,completed,20,4.4,True,98.29,level_1,37
TXN-1203132,2024-09-09,Mobile App,IN,ES,Software Engineer,76.46,USD,bank_transfer,completed,19,4.6,True,15.29,rising_talent,37
TXN-1203124,2024-09-09,AI/ML Development,FR,DE,Data Scientist,971.88,EUR,paypal,completed,9,4.7,True,194.38,top_rated,37
TXN-1203034,2024-09-10,Photography,IN,NL,Designer,303.96,USD,credit_card,completed,8,4.5,False,60.79,new_seller,37
TXN-1203138,2024-09-10,Legal Consulting,IN,MX,Lawyer,98.9,GBP,credit_card,completed,16,4.0,True,19.78,level_1,37
TXN-1203153,2024-09-10,Financial Modeling,US,SG,Accountant,267.35,USD,credit_card,completed,10,4.7,True,53.47,level_1,37
TXN-1203019,2024-09-10,Legal Consulting,US,US,Lawyer,226.18,USD,credit_card,completed,23,3.5,False,45.24,level_2,37
TXN-1203144,2024-09-10,Mobile App,FR,IN,Software Engineer,187.09,USD,bank_transfer,completed,10,3.9,False,37.42,rising_talent,37
TXN-1203006,2024-09-10,SEO/SEM,DE,IL,Marketing Manager,60.78,GBP,bank_transfer,completed,12,4.8,True,12.16,rising_talent,37
TXN-1203140,2024-09-10,SEO/SEM,GB,GB,Marketing Manager,55.83,USD,paypal,completed,10,4.2,True,11.17,level_1,37
TXN-1203037,2024-09-10,Video Production,US,IN,Designer,1782.57,GBP,paypal,completed,10,4.6,False,356.51,level_2,37
TXN-1203112,2024-09-10,Content Writing,AU,ES,Writer,449.24,GBP,bank_transfer,completed,2,4.2,False,89.85,new_seller,37
TXN-1203049,2024-09-10,Social Media Management,US,FR,Marketing Manager,637.17,USD,credit_card,completed,5,4.7,True,127.43,level_1,37
TXN-1203109,2024-09-10,Virtual Assistant,JP,GB,HR Manager,168.5,USD,paypal,completed,2,4.2,False,33.7,level_2,37
TXN-1203108,2024-09-10,SEO/SEM,US,US,Marketing Manager,139.49,USD,credit_card,completed,11,4.1,True,27.9,level_2,37
TXN-1203100,2024-09-10,Music Production,US,BR,Designer,12.55,USD,paypal,completed,7,4.7,True,2.51,new_seller,37
TXN-1203099,2024-09-10,Translation,NL,MX,Writer,90.0,USD,credit_card,completed,2,4.0,False,18.0,level_2,37
TXN-1203097,2024-09-10,Photography,BR,NL,Designer,57.25,USD,credit_card,completed,3,3.1,True,11.45,level_1,37
TXN-1203096,2024-09-10,SEO/SEM,FR,GB,Marketing Manager,65.91,USD,credit_card,completed,8,4.1,False,13.18,level_2,37
TXN-1203095,2024-09-10,Music Production,GB,IN,Designer,187.46,USD,bank_transfer,completed,9,4.8,False,37.49,level_1,37
TXN-1203093,2024-09-10,Financial Modeling,US,IN,Accountant,292.29,USD,credit_card,completed,16,3.8,True,58.46,level_2,37
TXN-1203119,2024-09-10,Content Writing,US,US,Writer,42.69,USD,bank_transfer,completed,2,4.6,False,8.54,rising_talent,37
TXN-1203087,2024-09-10,Translation,US,US,Writer,56.53,USD,credit_card,disputed,5,,True,11.31,top_rated,37
TXN-1203121,2024-09-10,Virtual Assistant,ES,US,HR Manager,75.99,USD,paypal,completed,6,3.3,False,15.2,rising_talent,37
TXN-1203069,2024-09-10,Photography,FR,CA,Designer,2823.98,USD,bank_transfer,completed,3,3.6,False,564.8,level_1,37
TXN-1203066,2024-09-10,Graphic Design,IN,US,Designer,261.52,USD,credit_card,completed,6,4.1,False,52.3,new_seller,37
TXN-1203060,2024-09-10,Legal Consulting,MX,US,Lawyer,343.26,EUR,credit_card,completed,11,4.5,False,68.65,new_seller,37
TXN-1203053,2024-09-10,Translation,US,DE,Writer,30.8,USD,credit_card,completed,4,3.6,False,6.16,level_1,37
TXN-1203125,2024-09-10,Data Analysis,CA,US,Data Scientist,152.23,USD,credit_card,completed,5,4.9,True,30.45,new_seller,37
TXN-1203159,2024-09-10,Content Writing,NL,JP,Writer,135.56,EUR,credit_card,completed,2,4.0,False,27.11,level_1,37
TXN-1203041,2024-09-10,Data Analysis,IN,ZA,Data Scientist,143.97,USD,paypal,completed,8,4.5,False,28.79,new_seller,37
TXN-1203131,2024-09-10,Web Development,US,IN,Software Engineer,55.58,USD,bank_transfer,completed,24,4.0,True,11.12,level_2,37
TXN-1202943,2024-09-10,Video Production,US,US,Designer,211.57,USD,paypal,completed,12,4.4,False,42.31,level_2,37
TXN-1202986,2024-09-10,Music Production,CA,US,Designer,508.98,EUR,credit_card,completed,18,4.7,False,101.8,level_1,37
TXN-1202969,2024-09-10,SEO/SEM,US,BR,Marketing Manager,92.14,GBP,bank_transfer,completed,7,4.1,False,18.43,level_1,37
TXN-1202963,2024-09-10,Legal Consulting,DE,IN,Lawyer,206.76,USD,credit_card,completed,20,4.9,False,41.35,level_2,37
TXN-1202978,2024-09-10,Video Production,AU,US,Designer,15.81,USD,paypal,completed,5,3.6,False,3.16,rising_talent,37
TXN-1202949,2024-09-10,Legal Consulting,IN,US,Lawyer,369.53,INR,credit_card,completed,17,4.3,True,73.91,level_2,37
TXN-1202923,2024-09-10,AI/ML Development,BR,GB,Data Scientist,277.99,USD,paypal,completed,19,4.0,True,55.6,level_1,37
TXN-1202915,2024-09-10,Financial Modeling,US,MX,Accountant,156.71,USD,bank_transfer,completed,8,4.1,True,31.34,level_1,37
TXN-1202927,2024-09-10,Financial Modeling,US,JP,Accountant,930.68,USD,credit_card,completed,15,4.1,True,186.14,rising_talent,37
TXN-1202916,2024-09-10,Photography,US,FR,Designer,62.5,USD,credit_card,completed,7,2.8,False,12.5,level_2,37
TXN-1202928,2024-09-11,Mobile App,GB,JP,Software Engineer,221.95,USD,paypal,completed,21,3.9,False,44.39,rising_talent,37
TXN-1203122,2024-09-11,Virtual Assistant,AU,IN,HR Manager,216.62,USD,paypal,completed,4,4.3,True,43.32,level_2,37
TXN-1202929,2024-09-11,Social Media Management,MX,IN,Marketing Manager,79.94,GBP,bank_transfer,completed,97,3.7,True,15.99,level_2,37
TXN-1202956,2024-09-11,Financial Modeling,IN,NL,Accountant,230.42,USD,bank_transfer,completed,9,4.1,True,46.08,new_seller,37
TXN-1203045,2024-09-11,Legal Consulting,FR,ES,Lawyer,128.38,GBP,credit_card,completed,17,2.4,False,25.68,level_1,37
TXN-1202970,2024-09-11,Financial Modeling,US,FR,Accountant,1075.69,USD,credit_card,completed,12,3.0,True,215.14,level_1,37
TXN-1203048,2024-09-11,Translation,GB,GB,Writer,72.22,GBP,credit_card,completed,8,4.8,True,14.44,level_2,37
TXN-1203136,2024-09-11,Web Development,US,US,Software Engineer,578.8,USD,credit_card,completed,14,4.4,True,115.76,new_seller,37
TXN-1203102,2024-09-11,Virtual Assistant,US,US,HR Manager,103.61,USD,bank_transfer,completed,1,4.3,True,20.72,level_1,37
TXN-1203058,2024-09-11,Mobile App,BR,IN,Software Engineer,92.39,INR,bank_transfer,completed,24,4.4,False,18.48,new_seller,37
TXN-1203026,2024-09-11,Translation,DE,US,Writer,715.54,EUR,paypal,completed,4,4.0,False,143.11,level_1,37
TXN-1203110,2024-09-11,Social Media Management,MX,NL,Marketing Manager,57.43,ILS,credit_card,completed,2,4.9,True,11.49,rising_talent,37
TXN-1203068,2024-09-11,Web Development,DE,AU,Software Engineer,337.59,USD,crypto,completed,14,3.0,True,67.52,new_seller,37
TXN-1203070,2024-09-11,Social Media Management,IN,US,Marketing Manager,566.52,USD,paypal,completed,7,4.6,True,113.3,level_1,37
TXN-1203073,2024-09-11,Mobile App,DE,BR,Software Engineer,276.32,GBP,credit_card,completed,30,3.5,False,55.26,rising_talent,37
TXN-1203103,2024-09-11,SEO/SEM,DE,US,Marketing Manager,158.86,USD,credit_card,completed,13,4.2,False,31.77,level_1,37
TXN-1203077,2024-09-11,Translation,IN,IN,Writer,84.24,USD,bank_transfer,completed,3,1.0,True,16.85,level_1,37
TXN-1203079,2024-09-11,Photography,GB,US,Designer,203.71,GBP,credit_card,completed,8,3.9,False,40.74,level_1,37
TXN-1203082,2024-09-11,Photography,DE,US,Designer,21.35,USD,paypal,completed,3,4.2,False,4.27,rising_talent,37
TXN-1203085,2024-09-11,Content Writing,GB,US,Writer,94.35,USD,credit_card,completed,3,4.6,False,18.87,level_1,37
TXN-1203118,2024-09-11,SEO/SEM,US,ES,Marketing Manager,502.46,INR,credit_card,completed,28,4.1,False,100.49,level_2,37
TXN-1203025,2024-09-11,Social Media Management,US,US,Marketing Manager,656.47,USD,credit_card,disputed,7,,False,131.29,level_1,37
TXN-1203128,2024-09-11,Legal Consulting,MX,SG,Lawyer,1348.17,USD,credit_card,completed,22,3.8,False,269.63,rising_talent,37
TXN-1203023,2024-09-11,Web Development,JP,IN,Software Engineer,48.25,USD,credit_card,completed,14,4.0,True,9.65,level_1,37
TXN-1203161,2024-09-11,Music Production,US,US,Designer,308.82,USD,credit_card,completed,8,3.6,True,61.76,level_2,37
TXN-1203001,2024-09-11,AI/ML Development,US,US,Data Scientist,333.07,USD,paypal,completed,8,4.3,False,66.61,level_2,37
TXN-1203149,2024-09-11,Photography,IN,FR,Designer,128.25,EUR,paypal,completed,8,2.8,False,25.65,level_2,37
TXN-1202922,2024-09-11,Translation,IN,GB,Writer,354.64,INR,credit_card,completed,1,4.0,False,70.93,rising_talent,37
TXN-1202983,2024-09-11,Legal Consulting,US,US,Lawyer,137.94,GBP,crypto,disputed,17,,False,27.59,level_1,37
TXN-1203024,2024-09-11,Video Production,US,IN,Designer,134.57,USD,paypal,completed,9,2.9,True,26.91,top_rated,37
TXN-1203145,2024-09-11,Content Writing,IN,US,Writer,95.07,USD,paypal,completed,4,3.6,True,19.01,new_seller,37
TXN-1203012,2024-09-11,Web Development,CA,IN,Software Engineer,191.32,ILS,paypal,completed,21,4.5,False,38.26,level_1,37
TXN-1203141,2024-09-11,Video Production,JP,GB,Designer,920.15,USD,crypto,completed,4,3.6,False,184.03,level_1,37
TXN-1202926,2024-09-11,Virtual Assistant,US,JP,HR Manager,30.02,USD,paypal,disputed,1,,False,6.0,level_2,37
TXN-1202957,2024-09-11,Social Media Management,US,US,Marketing Manager,276.2,USD,paypal,completed,7,4.2,True,55.24,rising_talent,37
TXN-1203020,2024-09-11,SEO/SEM,CA,ES,Marketing Manager,233.2,USD,credit_card,completed,6,4.5,False,46.64,level_2,37
TXN-1203018,2024-09-11,Legal Consulting,IN,CA,Lawyer,10.76,USD,paypal,completed,9,4.6,False,2.15,rising_talent,37
TXN-1203007,2024-09-12,Music Production,IN,US,Designer,106.1,USD,paypal,completed,18,4.1,False,21.22,level_1,37
TXN-1203065,2024-09-12,Social Media Management,GB,US,Marketing Manager,39.41,USD,crypto,completed,11,3.5,True,7.88,level_1,37
TXN-1203067,2024-09-12,Web Development,BR,CA,Software Engineer,24.41,USD,paypal,completed,13,4.7,False,4.88,level_1,37
TXN-1202984,2024-09-12,Translation,DE,SG,Writer,55.28,USD,bank_transfer,completed,2,3.8,False,11.06,new_seller,37
TXN-1203107,2024-09-12,SEO/SEM,MX,US,Marketing Manager,30.99,USD,paypal,completed,18,2.6,True,6.2,level_2,37
TXN-1203105,2024-09-12,Mobile App,IL,FR,Software Engineer,234.11,USD,credit_card,completed,18,3.7,False,46.82,level_1,37
TXN-1203072,2024-09-12,Graphic Design,NL,IL,Designer,56.02,ILS,credit_card,completed,4,4.2,False,11.2,level_2,37
TXN-1202976,2024-09-12,AI/ML Development,AU,GB,Data Scientist,75.28,USD,credit_card,completed,20,4.6,False,15.06,level_1,37
TXN-1203038,2024-09-12,Legal Consulting,US,NL,Lawyer,223.28,USD,bank_transfer,completed,24,3.5,False,44.66,rising_talent,37
TXN-1203104,2024-09-12,Mobile App,US,US,Software Engineer,200.47,EUR,credit_card,completed,15,4.2,False,40.09,rising_talent,37
TXN-1203151,2024-09-12,Mobile App,IN,NL,Software Engineer,115.92,USD,paypal,completed,18,4.6,False,23.18,level_1,37
TXN-1202920,2024-09-12,Mobile App,US,GB,Software Engineer,812.25,USD,credit_card,completed,21,3.1,False,162.45,rising_talent,37
TXN-1202997,2024-09-12,Legal Consulting,US,BR,Lawyer,92.76,USD,bank_transfer,completed,20,4.4,False,18.55,rising_talent,37
TXN-1203160,2024-09-12,Video Production,ZA,IN,Designer,152.07,EUR,bank_transfer,completed,6,3.8,True,30.41,level_1,37
TXN-1202959,2024-09-12,Web Development,DE,ES,Software Engineer,33.88,USD,paypal,completed,7,4.3,False,6.78,level_1,37
TXN-1203094,2024-09-12,Social Media Management,CA,US,Marketing Manager,505.35,USD,paypal,completed,6,4.3,False,101.07,rising_talent,37
TXN-1203027,2024-09-12,Translation,IL,ES,Writer,43.02,USD,paypal,completed,3,3.7,True,8.6,level_1,37
TXN-1203086,2024-09-12,Video Production,IN,US,Designer,249.29,USD,credit_card,completed,7,3.5,False,49.86,level_2,37
TXN-1203111,2024-09-12,Photography,DE,ZA,Designer,168.27,GBP,crypto,completed,6,4.1,False,33.65,level_2,37
TXN-1203061,2024-09-12,Video Production,SG,FR,Designer,766.34,USD,bank_transfer,completed,7,4.7,True,153.27,new_seller,37
TXN-1203063,2024-09-12,Social Media Management,US,IN,Marketing Manager,195.85,USD,paypal,completed,11,4.6,False,39.17,new_seller,37
TXN-1203113,2024-09-12,Legal Consulting,ZA,JP,Lawyer,115.71,USD,paypal,completed,17,3.4,False,23.14,level_2,37
TXN-1203130,2024-09-12,Data Analysis,US,IN,Data Scientist,46.6,USD,credit_card,completed,7,4.2,True,9.32,new_seller,37
TXN-1203139,2024-09-12,Content Writing,FR,JP,Writer,238.57,USD,paypal,completed,3,4.7,False,47.71,top_rated,37
TXN-1203127,2024-09-12,Social Media Management,US,IN,Marketing Manager,13.65,USD,credit_card,completed,10,4.8,True,2.73,level_2,37
TXN-1202933,2024-09-12,Photography,IL,ZA,Designer,48.71,USD,paypal,completed,4,4.2,True,9.74,new_seller,37
TXN-1203044,2024-09-12,Mobile App,ES,IN,Software Engineer,190.93,USD,credit_card,completed,25,4.5,False,38.19,rising_talent,37
TXN-1203016,2024-09-12,Legal Consulting,GB,US,Lawyer,115.06,INR,paypal,completed,17,4.3,False,23.01,new_seller,37
TXN-1203135,2024-09-12,SEO/SEM,GB,CA,Marketing Manager,108.67,USD,paypal,completed,15,3.2,True,21.73,level_2,37
TXN-1203036,2024-09-12,SEO/SEM,IN,US,Marketing Manager,263.8,EUR,credit_card,completed,5,4.9,False,52.76,level_1,37
TXN-1202974,2024-09-12,Content Writing,NL,US,Writer,60.94,USD,credit_card,completed,1,4.6,True,12.19,level_2,37
TXN-1203123,2024-09-12,AI/ML Development,IL,US,Data Scientist,159.76,USD,paypal,completed,27,4.7,False,31.95,level_2,37
TXN-1202941,2024-09-12,Mobile App,JP,ES,Software Engineer,45.73,GBP,credit_card,completed,30,4.9,False,9.15,level_1,37
TXN-1202936,2024-09-12,Graphic Design,IN,IL,Designer,15.31,USD,paypal,completed,10,3.4,True,3.06,level_2,37
TXN-1202937,2024-09-12,Graphic Design,GB,US,Designer,88.18,EUR,credit_card,completed,6,4.5,False,17.64,new_seller,37
TXN-1203033,2024-09-12,Data Analysis,DE,IL,Data Scientist,56.42,USD,paypal,completed,4,2.0,True,11.28,level_2,37
TXN-1203032,2024-09-12,Translation,CA,US,Writer,463.82,USD,bank_transfer,completed,4,4.9,False,92.76,level_1,37
TXN-1202968,2024-09-12,Translation,ZA,GB,Writer,10.55,USD,bank_transfer,completed,3,4.7,True,2.11,new_seller,37
TXN-1202964,2024-09-12,Financial Modeling,US,US,Accountant,1958.88,USD,paypal,completed,4,3.9,False,391.78,level_2,37
TXN-1203115,2024-09-12,Social Media Management,CA,NL,Marketing Manager,101.44,USD,paypal,completed,7,4.1,False,20.29,new_seller,37
TXN-1202955,2024-09-13,Music Production,GB,GB,Designer,145.6,USD,crypto,completed,6,3.5,True,29.12,new_seller,37
TXN-1202931,2024-09-13,Content Writing,DE,GB,Writer,58.29,USD,paypal,completed,5,4.5,False,11.66,new_seller,37
TXN-1203134,2024-09-13,Video Production,US,US,Designer,102.52,GBP,credit_card,completed,9,4.9,False,20.5,level_2,37
TXN-1203148,2024-09-13,Photography,IN,MX,Designer,166.68,ILS,credit_card,completed,5,4.4,False,33.34,rising_talent,37
TXN-1202945,2024-09-13,SEO/SEM,IN,IL,Marketing Manager,57.3,USD,credit_card,completed,10,4.6,False,11.46,level_1,37
TXN-1203137,2024-09-13,Social Media Management,AU,IL,Marketing Manager,543.4,GBP,crypto,completed,7,4.5,False,108.68,rising_talent,37
TXN-1202948,2024-09-13,Web Development,BR,US,Software Engineer,72.58,USD,paypal,completed,16,4.6,True,14.52,level_2,37
TXN-1203142,2024-09-13,Graphic Design,US,GB,Designer,44.99,USD,paypal,cancelled,6,,False,9.0,new_seller,37
TXN-1202953,2024-09-13,Financial Modeling,IN,CA,Accountant,468.23,USD,credit_card,cancelled,6,,False,93.65,level_1,37
TXN-1202952,2024-09-13,SEO/SEM,US,US,Marketing Manager,4080.98,INR,paypal,completed,12,4.7,True,816.2,rising_talent,37
TXN-1202994,2024-09-13,Legal Consulting,ZA,US,Lawyer,219.93,USD,credit_card,completed,17,3.4,True,43.99,level_2,37
TXN-1202982,2024-09-13,Data Analysis,US,SG,Data Scientist,232.76,USD,paypal,completed,4,4.2,False,46.55,level_1,37
TXN-1203043,2024-09-13,Web Development,IN,US,Software Engineer,72.51,USD,credit_card,completed,13,4.3,False,14.5,top_rated,37
TXN-1203046,2024-09-13,Translation,US,AU,Writer,204.09,INR,paypal,completed,3,4.3,False,40.82,level_1,37
TXN-1203039,2024-09-13,Social Media Management,ZA,AU,Marketing Manager,87.42,USD,credit_card,completed,7,4.8,False,17.48,level_2,37
TXN-1202973,2024-09-13,Data Analysis,NL,DE,Data Scientist,36.95,USD,crypto,completed,6,4.1,False,7.39,rising_talent,37
TXN-1202966,2024-09-13,Content Writing,US,FR,Writer,150.58,USD,credit_card,completed,3,3.5,False,30.12,level_2,37
TXN-1203028,2024-09-13,SEO/SEM,US,IN,Marketing Manager,35.75,EUR,credit_card,completed,13,4.5,False,7.15,level_2,37
TXN-1203022,2024-09-13,Photography,US,AU,Designer,163.64,USD,paypal,completed,4,3.1,True,32.73,new_seller,37
TXN-1203055,2024-09-13,Content Writing,ES,IN,Writer,24.5,USD,credit_card,completed,4,4.6,False,4.9,top_rated,37
TXN-1203057,2024-09-13,Social Media Management,FR,BR,Marketing Manager,92.21,USD,credit_card,completed,7,3.6,True,18.44,level_2,37
TXN-1203015,2024-09-13,Data Analysis,IL,US,Data Scientist,194.36,USD,bank_transfer,completed,5,3.5,False,38.87,level_2,37
TXN-1203013,2024-09-13,Mobile App,US,US,Software Engineer,4181.01,EUR,credit_card,completed,20,4.7,True,836.2,rising_talent,37
TXN-1203062,2024-09-13,Legal Consulting,IN,MX,Lawyer,2031.17,USD,credit_card,completed,16,4.0,False,406.23,level_1,37
TXN-1203064,2024-09-13,Graphic Design,US,CA,Designer,44.85,EUR,paypal,completed,8,4.9,False,8.97,rising_talent,37
TXN-1203008,2024-09-13,Data Analysis,IL,IN,Data Scientist,98.24,USD,paypal,completed,7,4.7,False,19.65,top_rated,37
TXN-1202971,2024-09-13,Social Media Management,US,MX,Marketing Manager,38.86,USD,paypal,completed,6,4.5,False,7.77,level_1,37
TXN-1202987,2024-09-13,Graphic Design,GB,IL,Designer,22.54,USD,paypal,completed,9,4.7,False,4.51,level_1,37
TXN-1202988,2024-09-13,Photography,US,SG,Designer,1273.88,USD,bank_transfer,completed,2,3.7,False,254.78,new_seller,37
TXN-1202996,2024-09-13,Video Production,DE,DE,Designer,62.42,GBP,bank_transfer,completed,7,3.7,False,12.48,level_1,37
TXN-1203074,2024-09-13,Social Media Management,IN,US,Marketing Manager,80.66,USD,paypal,completed,12,4.5,False,16.13,new_seller,37
TXN-1203088,2024-09-13,AI/ML Development,CA,BR,Data Scientist,78.6,EUR,credit_card,completed,30,4.4,False,15.72,rising_talent,37
TXN-1203084,2024-09-13,Photography,IL,GB,Designer,203.72,USD,bank_transfer,completed,6,3.8,False,40.74,level_1,37
TXN-1203000,2024-09-13,Translation,GB,IN,Writer,52.38,USD,paypal,completed,1,4.2,False,10.48,level_1,37
TXN-1203076,2024-09-13,Web Development,AU,US,Software Engineer,48.39,USD,credit_card,cancelled,15,,False,9.68,rising_talent,37
TXN-1203078,2024-09-13,Web Development,GB,US,Software Engineer,201.68,USD,paypal,completed,10,4.5,True,40.34,top_rated,37
TXN-1203005,2024-09-13,AI/ML Development,IN,IN,Data Scientist,80.06,USD,credit_card,completed,13,4.9,True,16.01,level_1,37
TXN-1202998,2024-09-13,AI/ML Development,FR,FR,Data Scientist,280.24,GBP,credit_card,completed,24,4.8,True,56.05,level_1,37
TXN-1203081,2024-09-13,Music Production,FR,FR,Designer,150.21,GBP,credit_card,completed,5,3.9,False,30.04,level_2,37
TXN-1202972,2024-09-14,Legal Consulting,US,JP,Lawyer,76.13,USD,credit_card,completed,15,4.1,True,15.23,level_2,37
TXN-1203150,2024-09-14,Video Production,IN,SG,Designer,475.26,USD,credit_card,completed,5,2.8,False,95.05,level_1,37
TXN-1202975,2024-09-14,Content Writing,IN,IN,Writer,34.18,USD,credit_card,completed,5,4.8,False,6.84,level_2,37
TXN-1202921,2024-09-14,Web Development,US,DE,Software Engineer,55.6,USD,crypto,completed,20,4.3,True,11.12,level_1,37
TXN-1202924,2024-09-14,Content Writing,US,DE,Writer,111.1,USD,credit_card,completed,2,3.9,True,22.22,level_2,37
TXN-1203040,2024-09-14,Social Media Management,FR,IN,Marketing Manager,487.18,EUR,paypal,completed,8,4.3,False,97.44,rising_talent,37
TXN-1202992,2024-09-14,Virtual Assistant,FR,ZA,HR Manager,129.96,USD,credit_card,completed,1,3.5,True,25.99,level_2,37
TXN-1202958,2024-09-14,Data Analysis,DE,IL,Data Scientist,564.31,INR,credit_card,completed,5,1.0,False,112.86,level_1,37
TXN-1203003,2024-09-14,Virtual Assistant,NL,GB,HR Manager,1021.14,GBP,paypal,completed,1,4.7,False,204.23,top_rated,37
TXN-1203126,2024-09-14,Music Production,CA,DE,Designer,194.44,USD,credit_card,completed,13,3.7,False,38.89,level_2,37
TXN-1203042,2024-09-14,Virtual Assistant,DE,GB,HR Manager,51.96,USD,credit_card,completed,1,4.9,False,10.39,rising_talent,37
TXN-1203052,2024-09-14,AI/ML Development,US,FR,Data Scientist,19.86,USD,credit_card,completed,28,4.9,False,3.97,level_2,37
TXN-1203075,2024-09-14,Legal Consulting,ES,IN,Lawyer,284.44,GBP,bank_transfer,completed,9,4.3,False,56.89,rising_talent,37
TXN-1202951,2024-09-14,SEO/SEM,BR,FR,Marketing Manager,535.93,USD,credit_card,completed,8,3.4,True,107.19,new_seller,37
TXN-1203054,2024-09-14,Content Writing,FR,ES,Writer,26.82,USD,credit_card,completed,4,4.7,False,5.36,new_seller,37
TXN-1203117,2024-09-14,Video Production,BR,IN,Designer,87.9,USD,paypal,completed,5,3.6,False,17.58,level_1,37
TXN-1203059,2024-09-14,Graphic Design,US,US,Designer,56.51,USD,credit_card,completed,4,4.2,False,11.3,rising_talent,37
TXN-1203004,2024-09-15,Social Media Management,GB,CA,Marketing Manager,567.56,USD,credit_card,completed,11,4.0,False,113.51,new_seller,37
TXN-1203071,2024-09-15,AI/ML Development,GB,US,Data Scientist,103.7,USD,paypal,completed,11,4.3,False,20.74,level_1,37
TXN-1203152,2024-09-15,Video Production,US,BR,Designer,19.49,GBP,paypal,completed,11,4.7,False,3.9,level_2,37
TXN-1203098,2024-09-15,Data Analysis,US,IL,Data Scientist,121.77,USD,bank_transfer,completed,5,4.1,False,24.35,level_1,37
TXN-1202918,2024-09-15,Mobile App,US,IN,Software Engineer,34.94,USD,paypal,completed,20,5.0,False,6.99,level_1,37
TXN-1202947,2024-09-15,Financial Modeling,ZA,US,Accountant,206.84,INR,paypal,completed,14,4.6,True,41.37,rising_talent,37
TXN-1203080,2024-09-15,Web Development,BR,BR,Software Engineer,86.91,USD,credit_card,completed,16,3.6,False,17.38,new_seller,37
TXN-1202954,2024-09-15,Legal Consulting,US,US,Lawyer,62.87,USD,paypal,disputed,8,,False,12.57,level_2,37
TXN-1203092,2024-09-15,Social Media Management,FR,US,Marketing Manager,1151.03,USD,credit_card,completed,9,4.8,True,230.21,level_2,37
TXN-1203101,2024-09-15,Mobile App,FR,NL,Software Engineer,146.07,USD,credit_card,completed,25,4.2,True,29.21,top_rated,37
TXN-1202960,2024-09-15,Video Production,US,BR,Designer,263.07,USD,credit_card,completed,9,4.1,False,52.61,level_1,37
TXN-1203156,2024-09-15,Graphic Design,US,ES,Designer,295.83,USD,credit_card,completed,4,4.2,True,59.17,new_seller,37
TXN-1202946,2024-09-15,AI/ML Development,CA,US,Data Scientist,39.62,ILS,paypal,completed,28,4.0,False,7.92,top_rated,37
TXN-1203129,2024-09-15,Graphic Design,FR,MX,Designer,348.65,GBP,credit_card,completed,5,4.2,False,69.73,level_1,37
TXN-1203146,2024-09-15,Content Writing,US,IL,Writer,111.47,USD,paypal,completed,1,4.2,False,22.29,rising_talent,37
TXN-1202932,2024-09-15,Financial Modeling,AU,US,Accountant,162.12,USD,bank_transfer,completed,9,3.4,False,32.42,level_1,37
TXN-1203120,2024-09-15,Music Production,US,BR,Designer,611.03,USD,paypal,completed,14,3.1,False,122.21,level_1,37
TXN-1203031,2024-09-15,Content Writing,US,BR,Writer,117.33,USD,credit_card,completed,3,4.6,False,23.47,level_1,37
TXN-1202938,2024-09-15,Social Media Management,US,CA,Marketing Manager,82.18,USD,paypal,completed,5,3.9,True,16.44,level_2,37
TXN-1203050,2024-09-15,Data Analysis,IN,JP,Data Scientist,375.06,USD,bank_transfer,completed,7,4.3,True,75.01,rising_talent,37
TXN-1203017,2024-09-15,SEO/SEM,US,AU,Marketing Manager,2222.86,USD,credit_card,completed,12,4.5,True,444.57,rising_talent,37
TXN-1203014,2024-09-15,AI/ML Development,GB,IN,Data Scientist,21.95,USD,bank_transfer,completed,19,4.1,False,4.39,level_1,37
TXN-1202979,2024-09-15,Virtual Assistant,NL,ZA,HR Manager,495.71,USD,bank_transfer,completed,2,4.8,False,99.14,level_1,37
TXN-1202942,2024-09-15,AI/ML Development,ES,SG,Data Scientist,31.41,USD,bank_transfer,completed,9,4.5,True,6.28,new_seller,37
TXN-1202977,2024-09-15,Photography,SG,FR,Designer,80.91,USD,paypal,completed,3,4.5,True,16.18,new_seller,37
TXN-1202962,2024-09-15,AI/ML Development,US,NL,Data Scientist,321.21,USD,paypal,completed,13,4.3,False,64.24,level_2,37
TXN-1203356,2024-09-16,Financial Modeling,IN,JP,Accountant,206.56,USD,credit_card,completed,12,3.8,False,41.31,rising_talent,38
TXN-1203316,2024-09-16,Video Production,US,US,Designer,40.64,USD,credit_card,cancelled,7,,False,8.13,level_2,38
TXN-1203318,2024-09-16,Translation,DE,US,Writer,367.06,USD,paypal,completed,3,4.7,False,73.41,rising_talent,38
TXN-1203319,2024-09-16,Translation,BR,NL,Writer,56.67,USD,paypal,completed,2,4.7,False,11.33,level_1,38
TXN-1203339,2024-09-16,SEO/SEM,AU,US,Marketing Manager,131.06,USD,paypal,completed,7,4.9,False,26.21,new_seller,38
TXN-1203344,2024-09-16,Content Writing,CA,BR,Writer,112.12,GBP,crypto,completed,4,3.0,False,22.42,rising_talent,38
TXN-1203348,2024-09-16,Music Production,IN,GB,Designer,356.04,USD,bank_transfer,completed,13,3.3,True,71.21,new_seller,38
TXN-1203315,2024-09-16,AI/ML Development,FR,IN,Data Scientist,123.51,EUR,bank_transfer,completed,29,4.6,False,24.7,level_2,38
TXN-1203360,2024-09-16,Graphic Design,IN,US,Designer,167.98,USD,bank_transfer,completed,4,4.0,False,33.6,level_2,38
TXN-1203322,2024-09-16,Virtual Assistant,ES,GB,HR Manager,52.74,GBP,credit_card,completed,2,3.5,True,10.55,top_rated,38
TXN-1203310,2024-09-16,Financial Modeling,US,US,Accountant,21.47,EUR,credit_card,completed,9,3.1,True,4.29,top_rated,38
TXN-1203270,2024-09-16,Social Media Management,DE,ZA,Marketing Manager,18.18,USD,paypal,completed,11,4.6,True,3.64,level_2,38
TXN-1203305,2024-09-16,Video Production,SG,US,Designer,49.02,ILS,credit_card,completed,11,4.2,False,9.8,top_rated,38
TXN-1203303,2024-09-16,AI/ML Development,GB,US,Data Scientist,25.42,INR,paypal,completed,14,3.7,False,5.08,new_seller,38
TXN-1203301,2024-09-16,Data Analysis,IN,US,Data Scientist,726.09,GBP,credit_card,completed,8,4.8,True,145.22,rising_talent,38
TXN-1203284,2024-09-16,Graphic Design,US,IN,Designer,12.9,USD,credit_card,completed,3,4.5,False,2.58,top_rated,38
TXN-1203266,2024-09-16,Financial Modeling,US,US,Accountant,30.42,GBP,credit_card,completed,14,4.9,False,6.08,level_1,38
TXN-1203249,2024-09-16,Legal Consulting,JP,IN,Lawyer,90.64,USD,paypal,completed,19,4.7,False,18.13,new_seller,38
TXN-1203248,2024-09-16,Data Analysis,SG,US,Data Scientist,79.69,USD,paypal,completed,6,3.5,False,15.94,level_1,38
TXN-1203240,2024-09-16,Video Production,MX,DE,Designer,63.51,USD,bank_transfer,completed,6,3.6,False,12.7,level_1,38
TXN-1203361,2024-09-16,AI/ML Development,GB,DE,Data Scientist,260.31,USD,paypal,completed,25,4.0,True,52.06,level_2,38
TXN-1203233,2024-09-16,Graphic Design,NL,US,Designer,364.77,EUR,paypal,completed,4,4.9,False,72.95,level_1,38
TXN-1203306,2024-09-16,Financial Modeling,US,IN,Accountant,69.19,GBP,credit_card,disputed,11,,False,13.84,level_1,38
TXN-1203373,2024-09-16,Virtual Assistant,IN,US,HR Manager,164.4,USD,credit_card,completed,1,4.2,False,32.88,level_1,38
TXN-1203431,2024-09-16,Graphic Design,US,DE,Designer,124.12,USD,credit_card,completed,5,4.4,False,24.82,top_rated,38
TXN-1203376,2024-09-16,Graphic Design,US,GB,Designer,299.81,USD,paypal,completed,1,2.8,True,59.96,rising_talent,38
TXN-1203230,2024-09-16,Translation,ES,SG,Writer,109.14,USD,paypal,completed,3,4.9,False,21.83,rising_talent,38
TXN-1203460,2024-09-16,Photography,IN,BR,Designer,439.41,USD,credit_card,completed,2,4.5,True,87.88,new_seller,38
TXN-1203452,2024-09-16,Web Development,MX,US,Software Engineer,1660.82,ILS,credit_card,completed,13,3.8,False,332.16,level_1,38
TXN-1203451,2024-09-16,Video Production,FR,US,Designer,185.8,USD,bank_transfer,completed,7,4.5,False,37.16,level_1,38
TXN-1203441,2024-09-16,Financial Modeling,IN,CA,Accountant,14.05,USD,paypal,completed,9,3.0,False,2.81,level_1,38
TXN-1203438,2024-09-16,AI/ML Development,AU,BR,Data Scientist,11.76,USD,crypto,completed,19,4.4,False,2.35,top_rated,38
TXN-1203435,2024-09-16,Mobile App,DE,DE,Software Engineer,338.56,USD,credit_card,completed,30,4.1,True,67.71,level_1,38
TXN-1203433,2024-09-16,Photography,GB,ES,Designer,23.34,USD,credit_card,completed,4,4.7,False,4.67,top_rated,38
TXN-1203430,2024-09-16,Mobile App,FR,JP,Software Engineer,159.63,USD,credit_card,completed,13,4.3,False,31.93,level_1,38
TXN-1203428,2024-09-16,Legal Consulting,GB,AU,Lawyer,709.74,USD,paypal,completed,7,4.1,False,141.95,new_seller,38
TXN-1203375,2024-09-16,SEO/SEM,CA,US,Marketing Manager,680.15,EUR,credit_card,completed,5,4.8,True,136.03,rising_talent,38
TXN-1203417,2024-09-16,Content Writing,IN,JP,Writer,37.57,USD,credit_card,completed,1,3.4,False,7.51,new_seller,38
TXN-1203413,2024-09-16,Social Media Management,GB,US,Marketing Manager,862.85,USD,paypal,completed,4,3.9,False,172.57,level_1,38
TXN-1203412,2024-09-16,Graphic Design,DE,IN,Designer,20.86,USD,credit_card,completed,4,3.2,False,4.17,rising_talent,38
TXN-1203411,2024-09-16,Web Development,IN,US,Software Engineer,14.83,USD,credit_card,completed,12,3.3,False,2.97,level_1,38
TXN-1203409,2024-09-16,Social Media Management,DE,DE,Marketing Manager,885.18,GBP,paypal,completed,5,4.3,True,177.04,rising_talent,38
TXN-1203391,2024-09-16,Graphic Design,US,FR,Designer,134.51,USD,credit_card,cancelled,5,,True,26.9,level_1,38
TXN-1203389,2024-09-16,Video Production,US,AU,Designer,145.84,USD,paypal,completed,6,4.2,True,29.17,level_1,38
TXN-1203388,2024-09-16,Photography,FR,NL,Designer,351.2,GBP,credit_card,completed,3,3.4,False,70.24,level_2,38
TXN-1203386,2024-09-16,Social Media Management,US,GB,Marketing Manager,160.12,EUR,paypal,completed,12,3.6,False,32.02,new_seller,38
TXN-1203381,2024-09-16,Music Production,DE,US,Designer,141.6,USD,credit_card,completed,7,4.1,False,28.32,rising_talent,38
TXN-1203378,2024-09-16,Web Development,MX,US,Software Engineer,639.93,USD,bank_transfer,completed,17,3.4,True,127.99,level_1,38
TXN-1203415,2024-09-16,SEO/SEM,SG,IL,Marketing Manager,523.99,USD,credit_card,completed,14,4.2,True,104.8,new_seller,38
TXN-1203221,2024-09-16,Social Media Management,MX,US,Marketing Manager,86.85,USD,credit_card,completed,5,4.5,True,17.37,level_2,38
TXN-1203260,2024-09-16,Translation,IN,IL,Writer,388.57,USD,bank_transfer,completed,1,4.0,False,77.71,rising_talent,38
TXN-1203187,2024-09-16,SEO/SEM,US,DE,Marketing Manager,1154.95,EUR,paypal,in_progress,6,,True,230.99,rising_talent,38
TXN-1203166,2024-09-16,Translation,JP,DE,Writer,46.62,USD,credit_card,completed,7,4.4,False,9.32,level_1,38
TXN-1203210,2024-09-16,Social Media Management,US,IL,Marketing Manager,69.04,USD,paypal,completed,5,4.7,False,13.81,rising_talent,38
TXN-1203196,2024-09-16,Music Production,IN,ES,Designer,422.97,USD,paypal,disputed,12,,True,84.59,level_1,38
TXN-1203197,2024-09-16,Social Media Management,CA,GB,Marketing Manager,455.32,EUR,paypal,disputed,4,,False,91.06,level_1,38
TXN-1203179,2024-09-16,Photography,US,FR,Designer,342.2,GBP,bank_transfer,completed,6,2.6,False,68.44,rising_talent,38
TXN-1203211,2024-09-16,Web Development,IN,IN,Software Engineer,1461.67,USD,credit_card,completed,26,4.4,True,292.33,new_seller,38
TXN-1203170,2024-09-16,Social Media Management,FR,BR,Marketing Manager,20.29,USD,paypal,completed,11,4.7,True,4.06,top_rated,38
TXN-1203205,2024-09-16,AI/ML Development,GB,GB,Data Scientist,74.92,USD,paypal,completed,11,4.9,True,14.98,level_2,38
TXN-1203371,2024-09-17,Mobile App,GB,GB,Software Engineer,49.06,USD,paypal,completed,27,3.6,False,9.81,level_1,38
TXN-1203372,2024-09-17,Graphic Design,SG,IN,Designer,124.55,USD,credit_card,completed,8,4.0,True,24.91,top_rated,38
TXN-1203275,2024-09-17,AI/ML Development,US,ES,Data Scientist,2001.55,USD,credit_card,completed,16,3.6,False,400.31,rising_talent,38
TXN-1203272,2024-09-17,Virtual Assistant,FR,SG,HR Manager,39.44,USD,paypal,completed,1,3.9,False,7.89,level_1,38
TXN-1203454,2024-09-17,Translation,GB,AU,Writer,10.89,GBP,credit_card,completed,2,3.8,True,2.18,level_1,38
TXN-1203367,2024-09-17,Data Analysis,IN,FR,Data Scientist,506.83,USD,credit_card,completed,5,4.2,False,101.37,new_seller,38
TXN-1203419,2024-09-17,Legal Consulting,IN,GB,Lawyer,365.5,USD,paypal,completed,11,4.0,False,73.1,level_1,38
TXN-1203178,2024-09-17,Photography,US,JP,Designer,1321.97,USD,credit_card,completed,3,3.6,True,264.39,rising_talent,38
TXN-1203392,2024-09-17,Content Writing,IN,ES,Writer,311.14,USD,credit_card,completed,1,3.8,False,62.23,level_1,38
TXN-1203393,2024-09-17,Social Media Management,MX,US,Marketing Manager,106.7,USD,paypal,completed,5,4.7,False,21.34,level_2,38
TXN-1203264,2024-09-17,Video Production,FR,BR,Designer,81.78,USD,credit_card,completed,8,4.3,False,16.36,level_2,38
TXN-1203181,2024-09-17,Translation,IN,BR,Writer,189.87,ILS,credit_card,completed,3,1.0,True,37.97,rising_talent,38
TXN-1203447,2024-09-17,SEO/SEM,IN,US,Marketing Manager,124.41,USD,credit_card,completed,8,4.1,False,24.88,level_2,38
TXN-1203358,2024-09-17,Content Writing,SG,US,Writer,15.87,USD,bank_transfer,completed,2,2.6,False,3.17,level_1,38
TXN-1203253,2024-09-17,Financial Modeling,GB,CA,Accountant,25.06,USD,paypal,completed,10,4.1,False,5.01,rising_talent,38
TXN-1203446,2024-09-17,Music Production,US,US,Designer,407.13,USD,paypal,completed,14,3.8,False,81.43,level_1,38
TXN-1203294,2024-09-17,SEO/SEM,US,ES,Marketing Manager,705.1,USD,bank_transfer,completed,16,3.3,False,141.02,rising_talent,38
TXN-1203297,2024-09-17,SEO/SEM,IN,US,Marketing Manager,165.31,USD,paypal,completed,8,4.0,False,33.06,rising_talent,38
TXN-1203190,2024-09-17,Financial Modeling,US,ES,Accountant,3656.99,USD,credit_card,completed,9,5.0,False,731.4,level_1,38
TXN-1203345,2024-09-17,Mobile App,US,US,Software Engineer,61.28,USD,paypal,completed,16,4.6,False,12.26,new_seller,38
TXN-1203340,2024-09-17,Social Media Management,GB,US,Marketing Manager,56.28,USD,credit_card,completed,2,3.9,True,11.26,level_1,38
TXN-1203309,2024-09-17,Graphic Design,IN,US,Designer,42.3,USD,bank_transfer,completed,3,3.2,True,8.46,new_seller,38
TXN-1203330,2024-09-17,Financial Modeling,MX,FR,Accountant,166.25,ILS,credit_card,completed,12,4.7,False,33.25,rising_talent,38
TXN-1203329,2024-09-17,Content Writing,NL,IN,Writer,12.27,USD,paypal,completed,85,4.6,False,2.45,level_2,38
TXN-1203320,2024-09-17,Legal Consulting,DE,AU,Lawyer,61.43,INR,credit_card,completed,15,4.5,True,12.29,level_1,38
TXN-1203327,2024-09-17,Photography,IN,IL,Designer,6.89,USD,paypal,completed,1,4.6,False,1.38,rising_talent,38
TXN-1203364,2024-09-17,Music Production,GB,IN,Designer,217.4,GBP,credit_card,completed,9,4.5,True,43.48,level_1,38
TXN-1203252,2024-09-17,Video Production,FR,IN,Designer,82.86,EUR,bank_transfer,completed,5,4.2,False,16.57,level_1,38
TXN-1203326,2024-09-17,AI/ML Development,CA,MX,Data Scientist,32.62,USD,paypal,completed,25,2.8,True,6.52,level_1,38
TXN-1203467,2024-09-17,Legal Consulting,IN,US,Lawyer,97.14,EUR,paypal,completed,22,4.6,False,19.43,new_seller,38
TXN-1203227,2024-09-17,Financial Modeling,FR,IN,Accountant,554.75,USD,crypto,disputed,5,,False,110.95,rising_talent,38
TXN-1203231,2024-09-17,SEO/SEM,JP,FR,Marketing Manager,116.01,USD,credit_card,completed,5,3.4,False,23.2,new_seller,38
TXN-1203464,2024-09-17,SEO/SEM,US,US,Marketing Manager,607.02,GBP,credit_card,completed,9,4.9,True,121.4,level_1,38
TXN-1203236,2024-09-17,Video Production,IN,GB,Designer,67.83,USD,crypto,completed,7,4.6,False,13.57,level_2,38
TXN-1203225,2024-09-17,SEO/SEM,DE,FR,Marketing Manager,42.55,GBP,credit_card,completed,6,4.1,True,8.51,level_1,38
TXN-1203399,2024-09-17,Legal Consulting,IN,IN,Lawyer,373.17,GBP,credit_card,cancelled,10,,False,74.63,rising_talent,38
TXN-1203224,2024-09-17,Social Media Management,US,US,Marketing Manager,142.91,USD,bank_transfer,completed,14,4.5,False,28.58,level_1,38
TXN-1203406,2024-09-17,Content Writing,BR,BR,Writer,36.6,USD,credit_card,completed,2,4.8,False,7.32,top_rated,38
TXN-1203246,2024-09-17,Data Analysis,US,US,Data Scientist,408.35,USD,bank_transfer,completed,5,4.5,False,81.67,rising_talent,38
TXN-1203222,2024-09-17,AI/ML Development,JP,JP,Data Scientist,330.28,USD,paypal,completed,17,4.8,True,66.06,rising_talent,38
TXN-1203397,2024-09-17,AI/ML Development,IN,US,Data Scientist,61.95,USD,bank_transfer,completed,9,4.6,True,12.39,top_rated,38
TXN-1203207,2024-09-17,Content Writing,CA,DE,Writer,93.75,USD,credit_card,completed,2,4.6,False,18.75,level_2,38
TXN-1203398,2024-09-17,AI/ML Development,IN,US,Data Scientist,191.59,GBP,credit_card,completed,6,4.3,True,38.32,new_seller,38
TXN-1203229,2024-09-18,Web Development,US,FR,Software Engineer,1176.04,USD,credit_card,completed,13,4.9,False,235.21,top_rated,38
TXN-1203250,2024-09-18,SEO/SEM,IL,US,Marketing Manager,122.15,USD,paypal,completed,12,5.0,False,24.43,level_2,38
TXN-1203289,2024-09-18,Social Media Management,DE,FR,Marketing Manager,8.17,USD,bank_transfer,completed,4,3.9,False,1.63,rising_talent,38
TXN-1203405,2024-09-18,Data Analysis,ES,US,Data Scientist,101.06,USD,bank_transfer,completed,4,4.8,False,20.21,top_rated,38
TXN-1203286,2024-09-18,Photography,IL,IN,Designer,895.53,USD,paypal,completed,4,3.0,False,179.11,level_1,38
TXN-1203177,2024-09-18,AI/ML Development,GB,US,Data Scientist,16.41,ILS,paypal,completed,17,4.5,False,3.28,level_1,38
TXN-1203359,2024-09-18,Virtual Assistant,US,JP,HR Manager,157.82,USD,credit_card,completed,3,4.8,True,31.56,rising_talent,38
TXN-1203416,2024-09-18,Financial Modeling,MX,US,Accountant,109.07,EUR,credit_card,completed,6,3.6,False,21.81,level_2,38
TXN-1203424,2024-09-18,Content Writing,FR,US,Writer,889.6,GBP,credit_card,completed,3,4.5,False,177.92,new_seller,38
TXN-1203234,2024-09-18,Web Development,IL,US,Software Engineer,42.87,ILS,bank_transfer,cancelled,22,,False,8.57,level_1,38
TXN-1203353,2024-09-18,Music Production,IN,GB,Designer,485.09,USD,credit_card,completed,11,4.2,True,97.02,level_1,38
TXN-1203427,2024-09-18,Data Analysis,GB,US,Data Scientist,1317.89,USD,credit_card,completed,5,4.5,False,263.58,new_seller,38
TXN-1203350,2024-09-18,Photography,IN,ES,Designer,49.43,EUR,credit_card,cancelled,5,,False,9.89,new_seller,38
TXN-1203226,2024-09-18,Content Writing,MX,US,Writer,69.85,USD,credit_card,completed,2,3.8,False,13.97,level_1,38
TXN-1203171,2024-09-18,Financial Modeling,IN,SG,Accountant,596.51,USD,paypal,completed,5,3.6,False,119.3,new_seller,38
TXN-1203173,2024-09-18,Web Development,GB,GB,Software Engineer,140.33,USD,credit_card,completed,20,4.9,True,28.07,top_rated,38
TXN-1203331,2024-09-18,Translation,AU,SG,Writer,216.05,GBP,credit_card,completed,4,3.5,False,43.21,new_seller,38
TXN-1203308,2024-09-18,Social Media Management,FR,US,Marketing Manager,53.35,USD,paypal,completed,8,4.9,False,10.67,top_rated,38
TXN-1203408,2024-09-18,SEO/SEM,IN,IN,Marketing Manager,197.06,USD,paypal,completed,8,4.3,True,39.41,level_2,38
TXN-1203298,2024-09-18,Translation,ES,BR,Writer,424.15,INR,credit_card,completed,2,3.5,False,84.83,rising_talent,38
TXN-1203280,2024-09-18,Virtual Assistant,IN,ES,HR Manager,33.5,USD,credit_card,completed,2,4.4,False,6.7,level_2,38
TXN-1203235,2024-09-18,Translation,IN,ZA,Writer,536.8,USD,credit_card,completed,4,3.8,False,107.36,new_seller,38
TXN-1203206,2024-09-18,Legal Consulting,IN,IN,Lawyer,221.13,USD,paypal,completed,30,4.2,False,44.23,level_2,38
TXN-1203459,2024-09-18,Legal Consulting,MX,BR,Lawyer,71.18,EUR,credit_card,completed,21,2.6,False,14.24,rising_talent,38
TXN-1203244,2024-09-18,Legal Consulting,US,IN,Lawyer,29.81,USD,credit_card,completed,29,3.8,True,5.96,level_2,38
TXN-1203261,2024-09-18,Financial Modeling,US,CA,Accountant,242.97,USD,paypal,completed,18,4.0,False,48.59,new_seller,38
TXN-1203387,2024-09-18,Photography,US,US,Designer,452.13,USD,credit_card,completed,2,4.7,False,90.43,rising_talent,38
TXN-1203400,2024-09-18,Legal Consulting,US,US,Lawyer,424.62,USD,bank_transfer,completed,17,4.7,False,84.92,level_1,38
TXN-1203401,2024-09-18,Financial Modeling,ES,US,Accountant,159.59,ILS,paypal,completed,5,4.2,True,31.92,level_2,38
TXN-1203215,2024-09-18,Mobile App,US,US,Software Engineer,662.06,USD,credit_card,completed,12,4.4,False,132.41,level_1,38
TXN-1203462,2024-09-18,Video Production,NL,US,Designer,286.77,USD,paypal,completed,3,4.2,False,57.35,top_rated,38
TXN-1203366,2024-09-18,Translation,US,AU,Writer,82.23,USD,paypal,completed,3,4.5,False,16.45,rising_talent,38
TXN-1203182,2024-09-18,Music Production,AU,US,Designer,65.75,USD,credit_card,completed,21,5.0,False,13.15,level_1,38
TXN-1203194,2024-09-18,Financial Modeling,US,US,Accountant,164.45,USD,credit_card,completed,17,4.4,False,32.89,level_1,38
TXN-1203328,2024-09-18,Music Production,IN,FR,Designer,228.87,EUR,credit_card,completed,12,4.8,True,45.77,rising_talent,38
TXN-1203239,2024-09-18,Graphic Design,BR,US,Designer,622.35,USD,credit_card,completed,3,4.0,False,124.47,level_1,38
TXN-1203273,2024-09-18,Web Development,US,DE,Software Engineer,667.21,USD,paypal,completed,17,4.5,False,133.44,level_1,38
TXN-1203317,2024-09-18,Content Writing,IN,US,Writer,10.45,USD,credit_card,completed,2,4.8,False,2.09,level_1,38
TXN-1203217,2024-09-18,Legal Consulting,US,US,Lawyer,134.72,USD,credit_card,completed,8,4.9,False,26.94,top_rated,38
TXN-1203374,2024-09-18,Data Analysis,US,GB,Data Scientist,356.62,GBP,paypal,completed,7,4.6,False,71.32,top_rated,38
TXN-1203421,2024-09-18,Video Production,MX,US,Designer,670.66,USD,bank_transfer,completed,6,3.8,False,134.13,new_seller,38
TXN-1203422,2024-09-18,Translation,US,BR,Writer,414.41,EUR,credit_card,completed,5,4.1,True,82.88,new_seller,38
TXN-1203323,2024-09-18,Web Development,US,JP,Software Engineer,112.66,ILS,credit_card,completed,15,4.8,True,22.53,level_2,38
TXN-1203440,2024-09-18,Financial Modeling,US,BR,Accountant,445.12,EUR,bank_transfer,completed,12,4.6,False,89.02,new_seller,38
TXN-1203410,2024-09-19,Data Analysis,US,GB,Data Scientist,64.68,USD,credit_card,completed,3,2.6,False,12.94,new_seller,38
TXN-1203414,2024-09-19,Content Writing,DE,GB,Writer,69.34,USD,paypal,completed,2,3.5,True,13.87,new_seller,38
TXN-1203395,2024-09-19,Photography,DE,CA,Designer,18.74,USD,bank_transfer,completed,5,3.7,False,3.75,level_2,38
TXN-1203167,2024-09-19,Content Writing,US,CA,Writer,312.47,GBP,credit_card,completed,2,4.9,False,62.49,level_1,38
TXN-1203189,2024-09-19,Music Production,IL,US,Designer,23.61,USD,bank_transfer,completed,16,4.5,True,4.72,level_2,38
TXN-1203357,2024-09-19,Mobile App,IN,US,Software Engineer,123.05,EUR,credit_card,completed,16,3.6,False,24.61,level_2,38
TXN-1203365,2024-09-19,Video Production,IN,IN,Designer,306.61,USD,credit_card,completed,9,4.5,True,61.32,new_seller,38
TXN-1203172,2024-09-19,Virtual Assistant,JP,US,HR Manager,104.04,USD,paypal,completed,2,1.0,False,20.81,new_seller,38
TXN-1203185,2024-09-19,Legal Consulting,BR,DE,Lawyer,32.49,USD,paypal,completed,15,4.9,True,6.5,rising_talent,38
TXN-1203184,2024-09-19,Financial Modeling,CA,US,Accountant,29.01,GBP,credit_card,completed,13,5.0,True,5.8,top_rated,38
TXN-1203377,2024-09-19,Data Analysis,GB,IN,Data Scientist,29.14,USD,crypto,completed,4,3.3,False,5.83,rising_talent,38
TXN-1203420,2024-09-19,Legal Consulting,ES,DE,Lawyer,260.98,USD,crypto,completed,9,4.8,False,52.2,top_rated,38
TXN-1203382,2024-09-19,Data Analysis,ZA,IN,Data Scientist,36.29,USD,paypal,completed,6,3.9,False,7.26,level_1,38
TXN-1203418,2024-09-19,Mobile App,NL,JP,Software Engineer,157.46,USD,paypal,completed,12,3.9,False,31.49,rising_talent,38
TXN-1203335,2024-09-19,Legal Consulting,US,US,Lawyer,39.05,USD,credit_card,completed,16,4.6,True,7.81,new_seller,38
TXN-1203213,2024-09-19,Photography,IL,IL,Designer,70.56,USD,bank_transfer,completed,2,3.5,False,14.11,level_1,38
TXN-1203174,2024-09-19,Virtual Assistant,GB,GB,HR Manager,128.25,EUR,credit_card,completed,1,4.7,False,25.65,level_1,38
TXN-1203324,2024-09-19,Social Media Management,IL,AU,Marketing Manager,118.66,USD,credit_card,completed,4,4.7,True,23.73,new_seller,38
TXN-1203202,2024-09-19,AI/ML Development,IN,GB,Data Scientist,869.46,USD,credit_card,completed,30,4.5,False,173.89,level_2,38
TXN-1203162,2024-09-19,Financial Modeling,US,NL,Accountant,9.04,USD,paypal,completed,9,4.3,True,1.81,new_seller,38
TXN-1203296,2024-09-19,AI/ML Development,NL,AU,Data Scientist,53.8,USD,paypal,completed,7,4.9,True,10.76,new_seller,38
TXN-1203258,2024-09-19,Financial Modeling,GB,US,Accountant,27.37,USD,paypal,completed,7,4.1,False,5.47,rising_talent,38
TXN-1203259,2024-09-19,Music Production,US,GB,Designer,61.86,USD,bank_transfer,completed,5,3.7,False,12.37,level_1,38
TXN-1203457,2024-09-19,Music Production,US,FR,Designer,381.52,USD,credit_card,completed,22,3.5,False,76.3,level_1,38
TXN-1203262,2024-09-19,Mobile App,SG,US,Software Engineer,88.47,USD,bank_transfer,completed,15,4.5,False,17.69,level_2,38
TXN-1203302,2024-09-19,Graphic Design,US,IL,Designer,89.81,USD,paypal,completed,13,3.3,False,17.96,level_2,38
TXN-1203456,2024-09-19,Data Analysis,GB,IN,Data Scientist,143.27,USD,credit_card,completed,8,4.1,False,28.65,rising_talent,38
TXN-1203283,2024-09-19,Music Production,IN,NL,Designer,56.11,USD,credit_card,completed,8,4.3,False,11.22,top_rated,38
TXN-1203282,2024-09-19,Social Media Management,BR,CA,Marketing Manager,55.74,USD,paypal,completed,4,3.7,False,11.15,level_1,38
TXN-1203455,2024-09-19,SEO/SEM,US,ES,Marketing Manager,415.83,USD,paypal,completed,6,4.4,False,83.17,rising_talent,38
TXN-1203437,2024-09-19,Mobile App,US,US,Software Engineer,195.12,USD,credit_card,completed,17,3.4,False,39.02,new_seller,38
TXN-1203279,2024-09-19,Legal Consulting,GB,IN,Lawyer,5.89,EUR,paypal,completed,16,2.5,True,1.18,new_seller,38
TXN-1203277,2024-09-19,Content Writing,FR,US,Writer,111.01,USD,credit_card,completed,2,3.3,True,22.2,new_seller,38
TXN-1203163,2024-09-19,Social Media Management,IN,ES,Marketing Manager,42.27,USD,credit_card,completed,6,3.7,True,8.45,rising_talent,38
TXN-1203285,2024-09-19,Data Analysis,DE,GB,Data Scientist,655.75,USD,paypal,completed,6,4.9,False,131.15,top_rated,38
TXN-1203247,2024-09-19,AI/ML Development,DE,US,Data Scientist,118.84,USD,bank_transfer,completed,19,3.9,True,23.77,level_2,38
TXN-1203444,2024-09-19,AI/ML Development,IN,US,Data Scientist,9.11,EUR,credit_card,completed,12,4.6,True,1.82,rising_talent,38
TXN-1203311,2024-09-19,Mobile App,JP,DE,Software Engineer,53.55,USD,paypal,completed,20,2.9,False,10.71,new_seller,38
TXN-1203193,2024-09-19,Video Production,FR,GB,Designer,157.4,USD,paypal,completed,4,3.9,False,31.48,level_1,38
TXN-1203195,2024-09-19,Social Media Management,JP,GB,Marketing Manager,884.4,ILS,credit_card,completed,22,3.5,False,176.88,level_1,38
TXN-1203439,2024-09-19,Virtual Assistant,AU,GB,HR Manager,577.67,USD,credit_card,completed,1,3.6,False,115.53,new_seller,38
TXN-1203175,2024-09-19,Graphic Design,US,DE,Designer,228.14,USD,credit_card,completed,10,4.4,False,45.63,level_1,38
TXN-1203223,2024-09-19,SEO/SEM,DE,US,Marketing Manager,134.58,ILS,credit_card,completed,14,3.0,False,26.92,level_1,38
TXN-1203232,2024-09-19,Mobile App,JP,US,Software Engineer,437.96,USD,credit_card,completed,10,4.9,False,87.59,new_seller,38
TXN-1203204,2024-09-19,Financial Modeling,AU,IN,Accountant,182.25,INR,credit_card,completed,5,3.9,False,36.45,rising_talent,38
TXN-1203461,2024-09-19,Translation,BR,NL,Writer,36.73,USD,bank_transfer,completed,1,4.5,True,7.35,level_2,38
TXN-1203442,2024-09-19,Web Development,US,BR,Software Engineer,681.74,USD,bank_transfer,completed,8,4.8,True,136.35,rising_talent,38
TXN-1203255,2024-09-20,Music Production,IN,US,Designer,389.11,USD,paypal,completed,11,4.6,False,77.82,new_seller,38
TXN-1203380,2024-09-20,Legal Consulting,AU,IN,Lawyer,221.41,GBP,credit_card,completed,13,2.9,True,44.28,level_2,38
TXN-1203241,2024-09-20,Photography,US,CA,Designer,621.26,USD,credit_card,completed,7,2.9,False,124.25,level_1,38
TXN-1203267,2024-09-20,Social Media Management,IN,US,Marketing Manager,911.9,USD,bank_transfer,completed,13,4.0,True,182.38,top_rated,38
TXN-1203396,2024-09-20,Music Production,US,US,Designer,64.45,USD,paypal,completed,15,4.5,False,12.89,level_2,38
TXN-1203238,2024-09-20,SEO/SEM,IN,DE,Marketing Manager,24.96,USD,crypto,completed,5,4.4,False,4.99,rising_talent,38
TXN-1203468,2024-09-20,Web Development,NL,FR,Software Engineer,150.71,GBP,paypal,completed,29,4.4,True,30.14,level_1,38
TXN-1203216,2024-09-20,Data Analysis,AU,AU,Data Scientist,160.6,EUR,bank_transfer,completed,11,3.7,False,32.12,level_1,38
TXN-1203466,2024-09-20,SEO/SEM,US,JP,Marketing Manager,407.6,USD,crypto,completed,8,4.2,True,81.52,top_rated,38
TXN-1203383,2024-09-20,Content Writing,US,IN,Writer,584.8,GBP,credit_card,completed,1,3.9,True,116.96,level_2,38
TXN-1203384,2024-09-20,Legal Consulting,IN,DE,Lawyer,268.95,USD,paypal,completed,11,4.6,True,53.79,level_1,38
TXN-1203385,2024-09-20,Mobile App,FR,US,Software Engineer,155.42,USD,credit_card,completed,23,4.6,True,31.08,new_seller,38
TXN-1203243,2024-09-20,Legal Consulting,IN,GB,Lawyer,940.24,USD,credit_card,completed,24,2.8,True,188.05,level_1,38
TXN-1203183,2024-09-20,Graphic Design,US,GB,Designer,191.18,USD,credit_card,completed,1,3.5,False,38.24,rising_talent,38
TXN-1203228,2024-09-20,Web Development,GB,DE,Software Engineer,22.99,USD,crypto,completed,10,1.0,False,4.6,level_2,38
TXN-1203251,2024-09-20,Financial Modeling,GB,ES,Accountant,89.7,USD,credit_card,completed,9,4.7,False,17.94,new_seller,38
TXN-1203390,2024-09-20,SEO/SEM,US,US,Marketing Manager,419.03,USD,paypal,completed,9,4.0,True,83.81,level_1,38
TXN-1203209,2024-09-20,Photography,NL,AU,Designer,582.39,USD,credit_card,completed,3,4.7,True,116.48,new_seller,38
TXN-1203403,2024-09-20,Photography,GB,US,Designer,117.62,USD,paypal,completed,4,3.8,False,23.52,rising_talent,38
TXN-1203465,2024-09-20,AI/ML Development,MX,AU,Data Scientist,15.57,USD,paypal,completed,22,4.0,False,3.11,new_seller,38
TXN-1203245,2024-09-20,Virtual Assistant,US,AU,HR Manager,1167.38,USD,credit_card,completed,1,3.9,False,233.48,rising_talent,38
TXN-1203450,2024-09-20,Photography,US,GB,Designer,85.93,USD,credit_card,completed,5,4.1,True,17.19,level_2,38
TXN-1203274,2024-09-20,Graphic Design,JP,DE,Designer,137.02,USD,bank_transfer,completed,5,4.5,False,27.4,level_2,38
TXN-1203346,2024-09-20,AI/ML Development,IN,IN,Data Scientist,75.82,EUR,paypal,disputed,17,,False,15.16,level_2,38
TXN-1203443,2024-09-20,AI/ML Development,US,IN,Data Scientist,142.64,USD,credit_card,completed,17,4.4,True,28.53,new_seller,38
TXN-1203304,2024-09-20,Translation,BR,FR,Writer,26.77,USD,credit_card,completed,3,4.7,True,5.35,level_1,38
TXN-1203343,2024-09-20,Social Media Management,ES,IN,Marketing Manager,820.2,GBP,credit_card,completed,7,3.6,False,164.04,level_2,38
TXN-1203342,2024-09-20,Content Writing,DE,DE,Writer,13.48,USD,credit_card,completed,2,3.4,False,2.7,level_1,38
TXN-1203165,2024-09-20,Video Production,FR,US,Designer,45.48,INR,credit_card,completed,11,4.1,False,9.1,level_1,38
TXN-1203347,2024-09-20,Music Production,IN,DE,Designer,306.33,USD,credit_card,completed,12,4.5,False,61.27,level_2,38
TXN-1203192,2024-09-20,Virtual Assistant,CA,IN,HR Manager,708.84,ILS,credit_card,completed,1,4.5,True,141.77,top_rated,38
TXN-1203337,2024-09-20,AI/ML Development,ZA,IN,Data Scientist,4660.44,USD,paypal,completed,16,4.0,True,932.09,top_rated,38
TXN-1203307,2024-09-20,Translation,DE,IN,Writer,13.79,EUR,paypal,completed,6,4.6,False,2.76,level_2,38
TXN-1203334,2024-09-20,Virtual Assistant,IN,FR,HR Manager,1002.41,USD,paypal,completed,2,4.1,False,200.48,new_seller,38
TXN-1203333,2024-09-20,Virtual Assistant,NL,IN,HR Manager,1465.22,USD,credit_card,completed,1,3.6,True,293.04,new_seller,38
TXN-1203436,2024-09-20,Virtual Assistant,US,US,HR Manager,318.87,USD,crypto,completed,2,4.4,True,63.77,level_2,38
TXN-1203312,2024-09-20,Music Production,SG,IN,Designer,67.47,USD,credit_card,completed,21,3.1,False,13.49,level_1,38
TXN-1203434,2024-09-20,Virtual Assistant,US,GB,HR Manager,182.28,USD,paypal,completed,3,3.4,True,36.46,rising_talent,38
TXN-1203349,2024-09-20,Web Development,MX,US,Software Engineer,15.36,USD,credit_card,completed,16,4.4,True,3.07,rising_talent,38
TXN-1203313,2024-09-20,Data Analysis,FR,GB,Data Scientist,1537.94,GBP,crypto,completed,3,4.3,True,307.59,level_1,38
TXN-1203299,2024-09-20,SEO/SEM,DE,NL,Marketing Manager,111.32,GBP,credit_card,completed,6,4.3,False,22.26,level_2,38
TXN-1203186,2024-09-20,Translation,US,CA,Writer,459.19,USD,credit_card,completed,4,2.6,False,91.84,new_seller,38
TXN-1203363,2024-09-20,Web Development,CA,FR,Software Engineer,162.07,EUR,paypal,completed,18,4.7,False,32.41,level_1,38
TXN-1203362,2024-09-20,Translation,ES,DE,Writer,27.51,USD,credit_card,completed,3,3.1,True,5.5,rising_talent,38
TXN-1203271,2024-09-20,Graphic Design,US,IN,Designer,421.47,ILS,credit_card,completed,3,3.0,False,84.29,rising_talent,38
TXN-1203188,2024-09-20,Video Production,IN,IN,Designer,60.09,USD,credit_card,completed,8,4.0,True,12.02,new_seller,38
TXN-1203287,2024-09-20,Legal Consulting,US,IN,Lawyer,181.31,EUR,credit_card,completed,8,2.7,False,36.26,rising_talent,38
TXN-1203448,2024-09-20,Social Media Management,US,US,Marketing Manager,3298.14,USD,credit_card,completed,9,4.1,False,659.63,level_1,38
TXN-1203292,2024-09-20,Data Analysis,JP,IN,Data Scientist,279.7,GBP,paypal,completed,7,4.6,False,55.94,rising_talent,38
TXN-1203295,2024-09-20,Web Development,IN,GB,Software Engineer,235.76,USD,credit_card,completed,10,4.8,False,47.15,top_rated,38
TXN-1203354,2024-09-20,Video Production,US,CA,Designer,507.96,USD,paypal,completed,4,3.6,False,101.59,new_seller,38
TXN-1203288,2024-09-20,Legal Consulting,US,ES,Lawyer,488.31,USD,credit_card,completed,8,4.5,True,97.66,rising_talent,38
TXN-1203458,2024-09-21,Legal Consulting,US,US,Lawyer,689.44,ILS,crypto,completed,9,4.4,False,137.89,level_1,38
TXN-1203449,2024-09-21,Translation,IL,BR,Writer,61.96,USD,credit_card,completed,2,4.8,False,12.39,level_1,38
TXN-1203423,2024-09-21,AI/ML Development,AU,JP,Data Scientist,76.96,GBP,credit_card,completed,16,3.4,False,15.39,level_2,38
TXN-1203164,2024-09-21,Social Media Management,US,US,Marketing Manager,341.38,GBP,credit_card,completed,7,4.7,False,68.28,level_2,38
TXN-1203453,2024-09-21,AI/ML Development,GB,MX,Data Scientist,101.96,USD,bank_transfer,completed,14,3.9,False,20.39,level_2,38
TXN-1203425,2024-09-21,Translation,US,GB,Writer,14.21,USD,paypal,completed,4,4.1,False,2.84,level_1,38
TXN-1203369,2024-09-21,Video Production,IN,GB,Designer,30.06,USD,paypal,completed,4,4.0,False,6.01,top_rated,38
TXN-1203407,2024-09-21,Video Production,GB,US,Designer,49.67,EUR,credit_card,completed,7,4.8,False,9.93,top_rated,38
TXN-1203321,2024-09-21,AI/ML Development,IN,SG,Data Scientist,150.84,USD,credit_card,completed,12,3.2,False,30.17,rising_talent,38
TXN-1203199,2024-09-21,Web Development,SG,MX,Software Engineer,24.27,USD,credit_card,completed,11,4.9,False,4.85,rising_talent,38
TXN-1203200,2024-09-21,Music Production,US,IN,Designer,229.38,INR,paypal,completed,4,4.5,True,45.88,top_rated,38
TXN-1203291,2024-09-21,Photography,GB,US,Designer,353.02,EUR,paypal,completed,7,2.8,False,70.6,new_seller,38
TXN-1203281,2024-09-21,AI/ML Development,AU,IN,Data Scientist,248.86,USD,credit_card,completed,17,3.5,True,49.77,rising_talent,38
TXN-1203269,2024-09-21,Content Writing,IN,ES,Writer,17.85,USD,credit_card,completed,1,4.7,True,3.57,level_2,38
TXN-1203265,2024-09-21,Graphic Design,JP,MX,Designer,1019.4,ILS,credit_card,completed,7,4.3,False,203.88,top_rated,38
TXN-1203325,2024-09-21,Content Writing,US,FR,Writer,91.86,USD,paypal,completed,1,3.5,True,18.37,level_2,38
TXN-1203263,2024-09-21,Web Development,IN,IN,Software Engineer,949.28,ILS,paypal,completed,8,4.0,False,189.86,level_1,38
TXN-1203256,2024-09-21,Financial Modeling,ZA,AU,Accountant,611.92,USD,paypal,completed,7,4.2,False,122.38,top_rated,38
TXN-1203254,2024-09-21,Social Media Management,ZA,US,Marketing Manager,115.14,EUR,paypal,completed,6,4.1,False,23.03,level_1,38
TXN-1203208,2024-09-21,Video Production,US,FR,Designer,10.92,USD,credit_card,completed,5,4.3,False,2.18,new_seller,38
TXN-1203220,2024-09-21,Photography,DE,US,Designer,20.81,USD,bank_transfer,completed,4,4.7,True,4.16,level_2,38
TXN-1203219,2024-09-21,Virtual Assistant,DE,CA,HR Manager,95.8,USD,credit_card,completed,1,3.4,False,19.16,level_2,38
TXN-1203218,2024-09-21,Social Media Management,MX,ES,Marketing Manager,553.91,USD,credit_card,completed,3,4.4,True,110.78,top_rated,38
TXN-1203176,2024-09-21,Financial Modeling,US,DE,Accountant,31.78,USD,credit_card,completed,15,2.9,False,6.36,rising_talent,38
TXN-1203257,2024-09-21,Photography,US,US,Designer,625.07,USD,credit_card,completed,3,4.2,False,125.01,level_2,38
TXN-1203338,2024-09-21,Virtual Assistant,IL,MX,HR Manager,379.8,INR,credit_card,completed,1,4.9,True,75.96,new_seller,38
TXN-1203276,2024-09-21,Photography,CA,MX,Designer,159.06,USD,bank_transfer,completed,3,3.2,True,31.81,new_seller,38
TXN-1203379,2024-09-21,Photography,ZA,US,Designer,99.29,USD,crypto,completed,5,4.6,True,19.86,level_2,38
TXN-1203352,2024-09-21,Financial Modeling,ES,MX,Accountant,113.67,USD,credit_card,completed,8,4.3,False,22.73,level_2,38
TXN-1203355,2024-09-21,AI/ML Development,GB,US,Data Scientist,340.29,USD,paypal,completed,30,3.9,True,68.06,level_1,38
TXN-1203402,2024-09-21,Web Development,DE,CA,Software Engineer,9.85,USD,credit_card,completed,10,4.2,True,1.97,level_2,38
TXN-1203212,2024-09-21,Web Development,US,US,Software Engineer,399.58,EUR,credit_card,completed,10,4.5,False,79.92,level_2,38
TXN-1203370,2024-09-21,Content Writing,US,GB,Writer,368.89,USD,crypto,completed,1,4.8,False,73.78,rising_talent,38
TXN-1203368,2024-09-22,Music Production,GB,IL,Designer,90.27,USD,bank_transfer,completed,13,4.1,True,18.05,level_1,38
TXN-1203242,2024-09-22,Mobile App,IN,IN,Software Engineer,264.98,USD,credit_card,completed,26,4.1,False,53.0,rising_talent,38
TXN-1203168,2024-09-22,SEO/SEM,US,DE,Marketing Manager,140.95,USD,credit_card,completed,6,4.1,False,28.19,new_seller,38
TXN-1203463,2024-09-22,Legal Consulting,US,BR,Lawyer,520.61,USD,paypal,completed,9,3.9,True,104.12,level_1,38
TXN-1203237,2024-09-22,AI/ML Development,US,US,Data Scientist,206.37,USD,bank_transfer,completed,30,4.3,False,41.27,top_rated,38
TXN-1203180,2024-09-22,Photography,US,IN,Designer,95.51,USD,credit_card,completed,2,1.6,False,19.1,level_2,38
TXN-1203394,2024-09-22,Social Media Management,US,FR,Marketing Manager,28.57,USD,paypal,completed,6,4.4,False,5.71,rising_talent,38
TXN-1203214,2024-09-22,Data Analysis,US,SG,Data Scientist,457.61,GBP,credit_card,completed,4,4.2,True,91.52,rising_talent,38
TXN-1203404,2024-09-22,Mobile App,BR,IL,Software Engineer,204.43,GBP,crypto,completed,23,4.1,True,40.89,level_2,38
TXN-1203268,2024-09-22,Data Analysis,IL,ZA,Data Scientist,27.41,USD,bank_transfer,completed,6,4.3,False,5.48,rising_talent,38
TXN-1203426,2024-09-22,Mobile App,FR,IN,Software Engineer,101.52,USD,credit_card,completed,22,4.1,False,20.3,level_2,38
TXN-1203336,2024-09-22,Social Media Management,SG,GB,Marketing Manager,99.65,USD,credit_card,cancelled,5,,True,19.93,level_2,38
TXN-1203278,2024-09-22,Content Writing,US,US,Writer,31.37,USD,credit_card,completed,2,4.2,True,6.27,new_seller,38
TXN-1203332,2024-09-22,Web Development,DE,FR,Software Engineer,2040.94,EUR,paypal,completed,10,3.2,True,408.19,new_seller,38
TXN-1203432,2024-09-22,Web Development,IN,US,Software Engineer,215.96,USD,credit_card,completed,15,4.3,True,43.19,level_2,38
TXN-1203169,2024-09-22,AI/ML Development,JP,CA,Data Scientist,333.69,USD,bank_transfer,completed,13,3.2,False,66.74,rising_talent,38
TXN-1203314,2024-09-22,Social Media Management,US,GB,Marketing Manager,67.43,USD,credit_card,completed,7,4.6,True,13.49,new_seller,38
TXN-1203341,2024-09-22,AI/ML Development,IN,FR,Data Scientist,879.34,EUR,credit_card,completed,17,4.6,False,175.87,top_rated,38
TXN-1203429,2024-09-22,SEO/SEM,ES,MX,Marketing Manager,70.32,USD,bank_transfer,completed,13,4.6,True,14.06,level_1,38
TXN-1203201,2024-09-22,Web Development,US,GB,Software Engineer,666.13,USD,paypal,completed,27,4.7,False,133.23,rising_talent,38
TXN-1203198,2024-09-22,Web Development,ES,US,Software Engineer,30.05,USD,crypto,completed,10,3.8,True,6.01,level_2,38
TXN-1203445,2024-09-22,AI/ML Development,GB,JP,Data Scientist,123.8,ILS,credit_card,completed,15,2.7,False,24.76,level_1,38
TXN-1203293,2024-09-22,Graphic Design,SG,BR,Designer,2110.58,USD,credit_card,completed,3,4.4,True,422.12,new_seller,38
TXN-1203191,2024-09-22,AI/ML Development,SG,DE,Data Scientist,1062.7,USD,credit_card,completed,13,4.1,False,212.54,level_1,38
TXN-1203290,2024-09-22,Legal Consulting,FR,MX,Lawyer,594.88,USD,paypal,completed,16,3.7,True,118.98,rising_talent,38
TXN-1203203,2024-09-22,SEO/SEM,GB,JP,Marketing Manager,48.0,USD,bank_transfer,completed,5,4.2,True,9.6,rising_talent,38
TXN-1203351,2024-09-22,Photography,US,US,Designer,1016.47,USD,bank_transfer,completed,2,3.8,False,203.29,rising_talent,38
TXN-1203300,2024-09-22,Data Analysis,JP,ZA,Data Scientist,14.99,USD,paypal,completed,13,4.3,False,3.0,level_2,38
TXN-1203600,2024-09-23,Video Production,IN,IN,Designer,549.34,EUR,credit_card,completed,9,4.9,False,109.87,level_2,39
TXN-1203642,2024-09-23,Data Analysis,US,US,Data Scientist,276.28,USD,credit_card,disputed,5,,False,55.26,new_seller,39
TXN-1203636,2024-09-23,SEO/SEM,US,US,Marketing Manager,211.03,USD,credit_card,completed,10,4.0,False,42.21,level_1,39
TXN-1203495,2024-09-23,Data Analysis,FR,US,Data Scientist,85.61,USD,bank_transfer,completed,4,4.8,False,17.12,rising_talent,39
TXN-1203498,2024-09-23,Financial Modeling,US,ES,Accountant,848.58,USD,credit_card,completed,11,3.7,False,169.72,level_1,39
TXN-1203628,2024-09-23,Translation,CA,CA,Writer,149.5,USD,bank_transfer,completed,2,4.6,True,29.9,rising_talent,39
TXN-1203611,2024-09-23,Video Production,MX,GB,Designer,74.71,USD,bank_transfer,completed,15,4.7,False,14.94,top_rated,39
TXN-1203601,2024-09-23,Mobile App,US,IN,Software Engineer,177.11,USD,bank_transfer,cancelled,18,,False,35.42,level_1,39
TXN-1203598,2024-09-23,Web Development,AU,BR,Software Engineer,2226.53,EUR,credit_card,completed,8,3.7,True,445.31,level_2,39
TXN-1203551,2024-09-23,Translation,BR,CA,Writer,41.57,USD,credit_card,completed,2,2.4,True,8.31,level_2,39
TXN-1203510,2024-09-23,Virtual Assistant,US,IN,HR Manager,233.82,EUR,credit_card,completed,2,3.8,False,46.76,level_2,39
TXN-1203587,2024-09-23,Video Production,ES,DE,Designer,209.09,USD,credit_card,completed,7,4.8,True,41.82,level_2,39
TXN-1203583,2024-09-23,Social Media Management,GB,IN,Marketing Manager,21.47,USD,credit_card,completed,9,4.5,False,4.29,level_1,39
TXN-1203580,2024-09-23,Legal Consulting,IN,FR,Lawyer,50.54,USD,credit_card,completed,24,4.6,True,10.11,level_2,39
TXN-1203579,2024-09-23,Content Writing,US,DE,Writer,184.35,GBP,credit_card,cancelled,4,,True,36.87,top_rated,39
TXN-1203568,2024-09-23,Photography,DE,DE,Designer,67.04,USD,bank_transfer,completed,9,3.9,True,13.41,level_1,39
TXN-1203491,2024-09-23,Data Analysis,US,US,Data Scientist,234.89,USD,credit_card,completed,9,3.8,False,46.98,level_2,39
TXN-1203543,2024-09-23,Financial Modeling,US,BR,Accountant,220.23,USD,credit_card,completed,8,4.4,False,44.05,rising_talent,39
TXN-1203542,2024-09-23,Photography,AU,IN,Designer,2444.21,USD,paypal,completed,4,4.5,False,488.84,level_1,39
TXN-1203597,2024-09-23,Translation,IN,BR,Writer,44.42,USD,paypal,completed,3,4.4,True,8.88,top_rated,39
TXN-1203649,2024-09-23,Graphic Design,US,GB,Designer,409.08,EUR,credit_card,completed,3,4.2,False,81.82,level_1,39
TXN-1203535,2024-09-23,Video Production,IN,US,Designer,388.62,USD,bank_transfer,completed,6,4.5,True,77.72,top_rated,39
TXN-1203676,2024-09-23,Translation,US,DE,Writer,56.98,USD,paypal,completed,3,3.9,True,11.4,level_2,39
TXN-1203679,2024-09-23,Mobile App,BR,GB,Software Engineer,162.16,USD,bank_transfer,completed,8,4.8,True,32.43,top_rated,39
TXN-1203473,2024-09-23,Data Analysis,IN,DE,Data Scientist,90.82,USD,credit_card,completed,5,4.6,False,18.16,level_2,39
TXN-1203673,2024-09-23,AI/ML Development,AU,SG,Data Scientist,98.91,USD,credit_card,completed,30,4.9,True,19.78,new_seller,39
TXN-1203665,2024-09-23,Virtual Assistant,US,BR,HR Manager,18.48,USD,crypto,completed,3,4.8,True,3.7,level_2,39
TXN-1203482,2024-09-23,AI/ML Development,US,BR,Data Scientist,122.38,ILS,paypal,in_progress,30,,False,24.48,level_2,39
TXN-1203691,2024-09-23,Photography,GB,US,Designer,99.5,USD,credit_card,completed,5,4.5,False,19.9,level_2,39
TXN-1203662,2024-09-23,Photography,US,MX,Designer,6.23,ILS,paypal,completed,5,4.4,False,1.25,level_2,39
TXN-1203680,2024-09-23,Financial Modeling,IN,FR,Accountant,1100.31,USD,paypal,completed,5,4.5,False,220.06,rising_talent,39
TXN-1203692,2024-09-23,Graphic Design,IN,NL,Designer,231.55,USD,credit_card,cancelled,2,,False,46.31,level_2,39
TXN-1203657,2024-09-23,Legal Consulting,US,US,Lawyer,318.37,USD,credit_card,completed,24,4.9,True,63.67,rising_talent,39
TXN-1203653,2024-09-23,SEO/SEM,IN,US,Marketing Manager,369.74,USD,credit_card,completed,9,4.8,False,73.95,new_seller,39
TXN-1203538,2024-09-23,Financial Modeling,DE,GB,Accountant,38.86,USD,paypal,completed,12,4.7,False,7.77,level_2,39
TXN-1203661,2024-09-23,Web Development,US,IN,Software Engineer,880.42,INR,credit_card,completed,7,4.0,False,176.08,rising_talent,39
TXN-1203552,2024-09-24,Web Development,IN,US,Software Engineer,53.89,ILS,bank_transfer,completed,12,4.6,False,10.78,level_1,39
TXN-1203683,2024-09-24,Graphic Design,IN,FR,Designer,28.37,USD,bank_transfer,completed,5,3.8,False,5.67,level_1,39
TXN-1203569,2024-09-24,Legal Consulting,CA,BR,Lawyer,63.08,USD,paypal,completed,16,4.0,True,12.62,new_seller,39
TXN-1203546,2024-09-24,Web Development,BR,DE,Software Engineer,270.25,USD,credit_card,completed,15,3.6,True,54.05,level_2,39
TXN-1203574,2024-09-24,Translation,US,ZA,Writer,359.97,USD,bank_transfer,completed,2,4.5,False,71.99,level_1,39
TXN-1203703,2024-09-24,SEO/SEM,CA,ZA,Marketing Manager,132.0,USD,credit_card,completed,12,4.5,False,26.4,level_2,39
TXN-1203684,2024-09-24,Financial Modeling,US,NL,Accountant,270.26,USD,bank_transfer,completed,8,4.0,False,54.05,level_2,39
TXN-1203558,2024-09-24,Music Production,US,SG,Designer,1056.5,USD,credit_card,completed,28,3.8,False,211.3,level_1,39
TXN-1203652,2024-09-24,Data Analysis,FR,US,Data Scientist,72.27,GBP,credit_card,completed,4,4.6,False,14.45,level_2,39
TXN-1203594,2024-09-24,Content Writing,US,ES,Writer,786.74,USD,credit_card,completed,1,3.3,False,157.35,level_1,39
TXN-1203651,2024-09-24,Translation,US,US,Writer,164.94,USD,paypal,completed,2,3.8,True,32.99,level_1,39
TXN-1203667,2024-09-24,Legal Consulting,BR,AU,Lawyer,13.85,USD,bank_transfer,completed,18,4.7,False,2.77,rising_talent,39
TXN-1203613,2024-09-24,AI/ML Development,US,GB,Data Scientist,111.45,USD,credit_card,completed,11,4.3,False,22.29,level_2,39
TXN-1203616,2024-09-24,AI/ML Development,GB,CA,Data Scientist,14.35,USD,credit_card,completed,15,4.0,False,2.87,level_2,39
TXN-1203624,2024-09-24,AI/ML Development,IL,IN,Data Scientist,158.83,USD,crypto,completed,28,3.7,False,31.77,level_2,39
TXN-1203627,2024-09-24,Translation,IN,US,Writer,63.34,USD,paypal,completed,5,3.4,False,12.67,level_1,39
TXN-1203717,2024-09-24,Video Production,US,GB,Designer,212.28,USD,credit_card,completed,4,4.2,True,42.46,top_rated,39
TXN-1203631,2024-09-24,Graphic Design,MX,US,Designer,188.44,USD,credit_card,completed,3,2.6,True,37.69,new_seller,39
TXN-1203656,2024-09-24,Content Writing,US,US,Writer,14.58,EUR,paypal,completed,3,3.2,True,2.92,level_2,39
TXN-1203645,2024-09-24,Graphic Design,US,GB,Designer,72.13,USD,paypal,completed,6,4.7,False,14.43,level_1,39
TXN-1203589,2024-09-24,Music Production,GB,MX,Designer,147.59,USD,bank_transfer,completed,8,1.0,False,29.52,top_rated,39
TXN-1203694,2024-09-24,Data Analysis,IN,FR,Data Scientist,1864.11,USD,paypal,completed,15,4.1,True,372.82,new_seller,39
TXN-1203497,2024-09-24,Mobile App,DE,IN,Software Engineer,165.72,USD,bank_transfer,completed,30,4.6,True,33.14,level_1,39
TXN-1203471,2024-09-24,Content Writing,GB,MX,Writer,58.65,USD,credit_card,completed,5,3.1,False,11.73,level_1,39
TXN-1203521,2024-09-24,Translation,US,US,Writer,84.92,USD,bank_transfer,completed,2,3.9,False,16.98,level_1,39
TXN-1203469,2024-09-24,Content Writing,US,IN,Writer,231.43,USD,credit_card,completed,2,4.7,False,46.29,level_2,39
TXN-1203504,2024-09-24,AI/ML Development,CA,FR,Data Scientist,432.55,USD,credit_card,completed,25,4.9,False,86.51,level_2,39
TXN-1203481,2024-09-24,Graphic Design,IN,BR,Designer,96.58,GBP,paypal,completed,4,4.7,False,19.32,level_1,39
TXN-1203516,2024-09-24,Data Analysis,US,FR,Data Scientist,380.25,USD,paypal,completed,5,3.0,False,76.05,rising_talent,39
TXN-1203515,2024-09-24,Translation,IL,FR,Writer,140.12,USD,credit_card,completed,1,4.4,False,28.02,rising_talent,39
TXN-1203475,2024-09-24,Web Development,JP,US,Software Engineer,53.51,INR,paypal,completed,11,4.3,False,10.7,rising_talent,39
TXN-1203523,2024-09-24,Data Analysis,ES,GB,Data Scientist,386.3,USD,paypal,completed,13,3.2,False,77.26,level_1,39
TXN-1203492,2024-09-24,SEO/SEM,IN,GB,Marketing Manager,96.95,EUR,credit_card,completed,7,2.8,False,19.39,level_1,39
TXN-1203477,2024-09-24,Web Development,GB,GB,Software Engineer,415.56,USD,credit_card,completed,14,4.9,False,83.11,new_seller,39
TXN-1203618,2024-09-25,Graphic Design,IN,DE,Designer,45.19,USD,paypal,completed,4,3.7,True,9.04,level_1,39
TXN-1203502,2024-09-25,Music Production,SG,IN,Designer,129.68,USD,bank_transfer,cancelled,9,,False,25.94,rising_talent,39
TXN-1203566,2024-09-25,Mobile App,US,GB,Software Engineer,265.1,USD,bank_transfer,completed,18,4.1,False,53.02,level_1,39
TXN-1203612,2024-09-25,Photography,US,IN,Designer,108.2,EUR,credit_card,completed,4,4.0,False,21.64,rising_talent,39
TXN-1203690,2024-09-25,Virtual Assistant,US,US,HR Manager,802.15,USD,credit_card,completed,1,3.3,False,160.43,top_rated,39
TXN-1203478,2024-09-25,Legal Consulting,IL,BR,Lawyer,23.13,USD,paypal,completed,25,3.3,False,4.63,level_1,39
TXN-1203517,2024-09-25,Photography,US,CA,Designer,97.18,USD,paypal,completed,3,4.8,True,19.44,new_seller,39
TXN-1203591,2024-09-25,Content Writing,IN,US,Writer,203.56,GBP,bank_transfer,completed,5,4.5,False,40.71,level_2,39
TXN-1203677,2024-09-25,Social Media Management,US,US,Marketing Manager,110.53,USD,crypto,completed,5,3.6,False,22.11,level_2,39
TXN-1203505,2024-09-25,Mobile App,US,NL,Software Engineer,301.12,USD,credit_card,completed,15,3.5,True,60.22,rising_talent,39
TXN-1203669,2024-09-25,Video Production,US,US,Designer,154.15,USD,paypal,completed,4,4.6,False,30.83,top_rated,39
TXN-1203606,2024-09-25,Translation,BR,CA,Writer,63.05,USD,bank_transfer,completed,3,4.5,False,12.61,rising_talent,39
TXN-1203619,2024-09-25,Mobile App,BR,IN,Software Engineer,64.37,GBP,bank_transfer,completed,30,3.4,True,12.87,new_seller,39
TXN-1203474,2024-09-25,Legal Consulting,US,FR,Lawyer,64.53,USD,paypal,completed,18,3.3,True,12.91,level_2,39
TXN-1203578,2024-09-25,Video Production,US,US,Designer,68.76,USD,credit_card,completed,5,4.8,False,13.75,new_seller,39
TXN-1203599,2024-09-25,Mobile App,IN,ZA,Software Engineer,78.78,USD,paypal,completed,28,4.5,True,15.76,level_1,39
TXN-1203605,2024-09-25,SEO/SEM,BR,GB,Marketing Manager,99.19,USD,credit_card,completed,14,4.3,True,19.84,level_1,39
TXN-1203479,2024-09-25,Legal Consulting,MX,CA,Lawyer,790.1,USD,credit_card,completed,17,4.4,True,158.02,level_1,39
TXN-1203588,2024-09-25,SEO/SEM,CA,DE,Marketing Manager,12.88,USD,paypal,completed,19,3.4,False,2.58,level_2,39
TXN-1203560,2024-09-25,Legal Consulting,GB,IL,Lawyer,1789.2,USD,credit_card,completed,8,4.8,False,357.84,new_seller,39
TXN-1203674,2024-09-25,Web Development,DE,US,Software Engineer,41.22,USD,credit_card,completed,10,3.8,False,8.24,level_2,39
TXN-1203648,2024-09-25,Legal Consulting,SG,NL,Lawyer,72.55,USD,paypal,completed,11,2.6,True,14.51,level_1,39
TXN-1203712,2024-09-25,Virtual Assistant,IN,IN,HR Manager,77.23,EUR,credit_card,cancelled,1,,False,15.45,level_1,39
TXN-1203711,2024-09-25,Graphic Design,US,CA,Designer,25.16,USD,credit_card,completed,3,4.2,True,5.03,level_2,39
TXN-1203632,2024-09-25,Virtual Assistant,MX,ZA,HR Manager,877.99,USD,credit_card,completed,2,4.0,False,175.6,rising_talent,39
TXN-1203696,2024-09-25,Photography,US,US,Designer,103.12,INR,credit_card,completed,3,4.1,False,20.62,level_1,39
TXN-1203634,2024-09-25,Legal Consulting,US,US,Lawyer,577.68,USD,paypal,completed,9,2.8,True,115.54,level_2,39
TXN-1203499,2024-09-25,Data Analysis,DE,IL,Data Scientist,232.62,USD,paypal,completed,5,3.8,False,46.52,rising_talent,39
TXN-1203635,2024-09-25,Music Production,US,JP,Designer,329.64,USD,bank_transfer,completed,9,4.8,False,65.93,new_seller,39
TXN-1203526,2024-09-25,Legal Consulting,US,GB,Lawyer,27.58,USD,bank_transfer,completed,11,3.6,False,5.52,level_2,39
TXN-1203647,2024-09-25,Music Production,US,US,Designer,43.23,USD,credit_card,cancelled,14,,False,8.65,level_1,39
TXN-1203633,2024-09-25,Data Analysis,SG,DE,Data Scientist,108.35,EUR,credit_card,completed,6,4.0,True,21.67,level_1,39
TXN-1203488,2024-09-25,Music Production,SG,US,Designer,172.74,INR,credit_card,completed,16,4.5,False,34.55,rising_talent,39
TXN-1203520,2024-09-25,Social Media Management,IN,GB,Marketing Manager,113.02,USD,credit_card,completed,2,4.9,False,22.6,level_1,39
TXN-1203644,2024-09-25,Social Media Management,BR,GB,Marketing Manager,451.48,USD,credit_card,completed,8,4.7,True,90.3,top_rated,39
TXN-1203554,2024-09-25,Virtual Assistant,BR,GB,HR Manager,142.44,USD,credit_card,completed,1,2.5,False,28.49,new_seller,39
TXN-1203555,2024-09-25,Translation,BR,US,Writer,67.14,USD,credit_card,completed,4,4.6,True,13.43,level_1,39
TXN-1203556,2024-09-25,Graphic Design,IL,US,Designer,233.95,USD,paypal,completed,3,3.8,True,46.79,level_2,39
TXN-1203698,2024-09-25,Legal Consulting,GB,CA,Lawyer,331.38,USD,credit_card,completed,18,3.8,False,66.28,level_1,39
TXN-1203527,2024-09-25,Video Production,US,IN,Designer,64.66,GBP,paypal,completed,9,4.7,False,12.93,top_rated,39
TXN-1203715,2024-09-25,Music Production,US,US,Designer,321.08,USD,paypal,completed,8,1.0,False,64.22,rising_talent,39
TXN-1203507,2024-09-26,Graphic Design,US,US,Designer,64.42,USD,credit_card,completed,10,3.5,True,12.88,level_2,39
TXN-1203493,2024-09-26,Photography,US,BR,Designer,136.25,EUR,credit_card,completed,3,4.8,True,27.25,level_2,39
TXN-1203672,2024-09-26,Data Analysis,US,US,Data Scientist,106.82,USD,paypal,completed,6,4.4,True,21.36,new_seller,39
TXN-1203622,2024-09-26,SEO/SEM,US,US,Marketing Manager,133.12,EUR,bank_transfer,completed,8,4.6,False,26.62,level_1,39
TXN-1203489,2024-09-26,Photography,US,US,Designer,10.89,USD,credit_card,completed,5,4.0,True,2.18,level_1,39
TXN-1203500,2024-09-26,Translation,IN,US,Writer,113.43,USD,crypto,completed,2,2.8,False,22.69,rising_talent,39
TXN-1203668,2024-09-26,Content Writing,DE,IN,Writer,99.52,ILS,credit_card,completed,5,4.5,False,19.9,level_1,39
TXN-1203609,2024-09-26,Graphic Design,US,AU,Designer,5000.0,USD,credit_card,completed,6,4.5,False,1000.0,level_2,39
TXN-1203487,2024-09-26,Web Development,IN,ZA,Software Engineer,332.4,USD,credit_card,completed,9,4.9,False,66.48,level_1,39
TXN-1203501,2024-09-26,Graphic Design,US,US,Designer,41.7,GBP,bank_transfer,completed,6,3.4,False,8.34,level_2,39
TXN-1203623,2024-09-26,Social Media Management,IN,IL,Marketing Manager,299.5,USD,paypal,completed,7,4.5,False,59.9,level_1,39
TXN-1203664,2024-09-26,Graphic Design,IN,DE,Designer,33.74,USD,paypal,completed,11,3.9,True,6.75,level_1,39
TXN-1203508,2024-09-26,Social Media Management,MX,BR,Marketing Manager,47.19,USD,paypal,completed,11,3.7,False,9.44,level_2,39
TXN-1203604,2024-09-26,Legal Consulting,GB,IN,Lawyer,110.45,USD,paypal,completed,7,4.9,True,22.09,rising_talent,39
TXN-1203659,2024-09-26,Mobile App,IN,US,Software Engineer,66.37,USD,bank_transfer,completed,26,4.0,False,13.27,new_seller,39
TXN-1203584,2024-09-26,Data Analysis,ZA,US,Data Scientist,3475.46,USD,credit_card,cancelled,10,,True,695.09,new_seller,39
TXN-1203509,2024-09-26,Photography,FR,DE,Designer,38.46,USD,credit_card,completed,6,4.7,False,7.69,rising_talent,39
TXN-1203561,2024-09-26,Content Writing,ZA,ES,Writer,59.49,EUR,paypal,completed,6,3.5,False,11.9,level_1,39
TXN-1203519,2024-09-26,Virtual Assistant,DE,GB,HR Manager,73.74,USD,credit_card,completed,1,4.6,False,14.75,level_2,39
TXN-1203553,2024-09-26,Social Media Management,SG,NL,Marketing Manager,78.87,USD,paypal,cancelled,6,,False,15.77,level_2,39
TXN-1203699,2024-09-26,Content Writing,SG,IN,Writer,48.34,USD,credit_card,completed,6,4.8,True,9.67,new_seller,39
TXN-1203704,2024-09-26,AI/ML Development,US,BR,Data Scientist,120.41,USD,paypal,completed,11,4.5,False,24.08,rising_talent,39
TXN-1203705,2024-09-26,Mobile App,ES,BR,Software Engineer,2378.3,USD,crypto,completed,21,3.0,False,475.66,level_1,39
TXN-1203522,2024-09-26,Data Analysis,US,IL,Data Scientist,242.49,USD,bank_transfer,completed,7,3.5,True,48.5,rising_talent,39
TXN-1203545,2024-09-26,Virtual Assistant,AU,GB,HR Manager,119.52,USD,bank_transfer,completed,2,4.4,False,23.9,level_2,39
TXN-1203707,2024-09-26,SEO/SEM,SG,DE,Marketing Manager,165.71,EUR,paypal,completed,5,4.6,False,33.14,level_2,39
TXN-1203710,2024-09-26,Graphic Design,ZA,IN,Designer,206.2,USD,paypal,in_progress,9,,False,41.24,level_2,39
TXN-1203525,2024-09-26,Web Development,GB,BR,Software Engineer,269.75,USD,credit_card,completed,15,4.1,False,53.95,level_2,39
TXN-1203536,2024-09-26,SEO/SEM,US,ES,Marketing Manager,174.39,USD,credit_card,completed,26,3.8,False,34.88,new_seller,39
TXN-1203534,2024-09-26,Photography,US,DE,Designer,156.91,USD,bank_transfer,completed,4,3.1,True,31.38,new_seller,39
TXN-1203532,2024-09-26,Photography,IN,GB,Designer,46.98,GBP,credit_card,completed,3,4.3,True,9.4,level_2,39
TXN-1203530,2024-09-26,Translation,BR,SG,Writer,41.16,USD,paypal,cancelled,2,,False,8.23,top_rated,39
TXN-1203675,2024-09-26,AI/ML Development,IN,US,Data Scientist,239.84,USD,credit_card,completed,15,4.6,False,47.97,level_2,39
TXN-1203564,2024-09-26,Photography,BR,ZA,Designer,300.19,EUR,bank_transfer,completed,2,3.9,False,60.04,level_1,39
TXN-1203563,2024-09-26,AI/ML Development,DE,BR,Data Scientist,278.14,USD,bank_transfer,disputed,12,,False,55.63,rising_talent,39
TXN-1203641,2024-09-26,Translation,IN,US,Writer,128.24,USD,crypto,completed,1,4.9,False,25.65,rising_talent,39
TXN-1203470,2024-09-26,AI/ML Development,BR,FR,Data Scientist,104.21,USD,bank_transfer,completed,11,4.8,False,20.84,new_seller,39
TXN-1203593,2024-09-26,Translation,CA,US,Writer,122.01,USD,credit_card,completed,5,3.2,False,24.4,new_seller,39
TXN-1203472,2024-09-26,Content Writing,MX,GB,Writer,185.24,USD,bank_transfer,cancelled,5,,False,37.05,rising_talent,39
TXN-1203689,2024-09-26,Web Development,US,US,Software Engineer,159.12,USD,credit_card,completed,11,4.8,False,31.82,level_1,39
TXN-1203511,2024-09-26,Music Production,FR,AU,Designer,298.59,USD,bank_transfer,completed,4,4.9,False,59.72,level_1,39
TXN-1203571,2024-09-26,Web Development,GB,US,Software Engineer,159.65,USD,paypal,completed,11,4.6,True,31.93,top_rated,39
TXN-1203512,2024-09-26,Virtual Assistant,DE,FR,HR Manager,129.11,USD,paypal,completed,2,4.0,True,25.82,new_seller,39
TXN-1203686,2024-09-26,Legal Consulting,DE,US,Lawyer,1127.08,USD,credit_card,completed,7,2.7,False,225.42,new_seller,39
TXN-1203576,2024-09-26,Data Analysis,DE,IN,Data Scientist,185.04,GBP,paypal,completed,2,4.8,False,37.01,top_rated,39
TXN-1203514,2024-09-26,Web Development,US,US,Software Engineer,125.9,INR,crypto,cancelled,8,,False,25.18,new_seller,39
TXN-1203640,2024-09-26,Virtual Assistant,GB,US,HR Manager,52.93,USD,credit_card,completed,3,3.3,True,10.59,rising_talent,39
TXN-1203476,2024-09-26,Virtual Assistant,US,MX,HR Manager,348.3,USD,paypal,completed,1,3.3,False,69.66,top_rated,39
TXN-1203716,2024-09-27,Virtual Assistant,AU,IN,HR Manager,64.99,EUR,credit_card,completed,1,4.4,True,13.0,level_2,39
TXN-1203678,2024-09-27,SEO/SEM,DE,US,Marketing Manager,225.18,USD,credit_card,disputed,6,,True,45.04,level_1,39
TXN-1203714,2024-09-27,AI/ML Development,US,IN,Data Scientist,22.81,EUR,paypal,completed,14,3.1,False,4.56,level_2,39
TXN-1203483,2024-09-27,SEO/SEM,AU,GB,Marketing Manager,1320.96,USD,credit_card,completed,6,4.9,False,264.19,level_1,39
TXN-1203650,2024-09-27,Web Development,IN,FR,Software Engineer,1715.06,USD,crypto,completed,15,4.2,False,343.01,level_2,39
TXN-1203671,2024-09-27,Music Production,CA,ES,Designer,85.86,USD,paypal,completed,8,4.1,False,17.17,level_1,39
TXN-1203663,2024-09-27,Graphic Design,DE,US,Designer,92.05,USD,credit_card,completed,2,2.3,False,18.41,top_rated,39
TXN-1203685,2024-09-27,Legal Consulting,GB,IN,Lawyer,267.28,USD,paypal,completed,11,4.8,True,53.46,level_1,39
TXN-1203687,2024-09-27,Translation,GB,AU,Writer,18.18,EUR,bank_transfer,completed,3,3.4,False,3.64,level_1,39
TXN-1203655,2024-09-27,SEO/SEM,GB,ZA,Marketing Manager,62.7,USD,paypal,completed,18,4.7,False,12.54,level_1,39
TXN-1203695,2024-09-27,Translation,AU,US,Writer,128.67,USD,paypal,completed,3,4.2,False,25.73,rising_talent,39
TXN-1203484,2024-09-27,Web Development,BR,BR,Software Engineer,348.84,USD,credit_card,completed,19,2.7,True,69.77,level_1,39
TXN-1203708,2024-09-27,Music Production,US,US,Designer,91.62,INR,bank_transfer,completed,5,4.3,False,18.32,new_seller,39
TXN-1203681,2024-09-27,Content Writing,GB,GB,Writer,209.17,USD,credit_card,completed,1,4.0,False,41.83,level_1,39
TXN-1203528,2024-09-27,Video Production,US,AU,Designer,73.69,USD,paypal,disputed,6,,False,14.74,level_1,39
TXN-1203537,2024-09-27,Data Analysis,DE,IL,Data Scientist,19.71,USD,credit_card,completed,6,4.6,True,3.94,level_1,39
TXN-1203586,2024-09-27,Social Media Management,DE,ZA,Marketing Manager,56.99,USD,paypal,completed,9,4.4,True,11.4,level_1,39
TXN-1203592,2024-09-27,Graphic Design,IN,JP,Designer,35.68,USD,paypal,completed,13,4.6,False,7.14,level_2,39
TXN-1203595,2024-09-27,Virtual Assistant,MX,DE,HR Manager,203.74,USD,credit_card,completed,2,3.8,False,40.75,level_2,39
TXN-1203581,2024-09-27,Music Production,IL,ES,Designer,142.77,USD,credit_card,completed,9,4.3,False,28.55,new_seller,39
TXN-1203506,2024-09-27,Video Production,DE,US,Designer,631.97,EUR,credit_card,completed,7,4.6,True,126.39,level_2,39
TXN-1203577,2024-09-27,Photography,DE,US,Designer,49.95,USD,paypal,completed,1,3.5,False,9.99,level_2,39
TXN-1203603,2024-09-27,Music Production,US,IL,Designer,303.33,USD,paypal,completed,15,4.0,False,60.67,level_2,39
TXN-1203607,2024-09-27,Legal Consulting,IL,US,Lawyer,30.31,EUR,paypal,completed,16,3.0,True,6.06,new_seller,39
TXN-1203572,2024-09-27,SEO/SEM,CA,DE,Marketing Manager,123.68,USD,credit_card,completed,15,4.0,False,24.74,level_1,39
TXN-1203570,2024-09-27,AI/ML Development,US,US,Data Scientist,114.73,USD,credit_card,completed,13,4.0,True,22.95,level_1,39
TXN-1203610,2024-09-27,SEO/SEM,ZA,US,Marketing Manager,77.98,USD,credit_card,completed,15,4.5,True,15.6,new_seller,39
TXN-1203503,2024-09-27,Music Production,DE,FR,Designer,9.48,INR,credit_card,completed,16,3.8,False,1.9,level_1,39
TXN-1203615,2024-09-27,Social Media Management,US,US,Marketing Manager,503.7,EUR,credit_card,completed,8,4.5,False,100.74,new_seller,39
TXN-1203585,2024-09-27,Legal Consulting,BR,US,Lawyer,209.22,USD,credit_card,completed,9,2.1,True,41.84,new_seller,39
TXN-1203513,2024-09-27,Mobile App,US,NL,Software Engineer,61.83,USD,credit_card,completed,26,3.4,False,12.37,new_seller,39
TXN-1203540,2024-09-27,Graphic Design,US,JP,Designer,360.42,USD,paypal,completed,6,4.6,False,72.08,new_seller,39
TXN-1203638,2024-09-27,Video Production,IN,IN,Designer,67.8,USD,paypal,completed,10,4.5,False,13.56,new_seller,39
TXN-1203549,2024-09-27,Financial Modeling,DE,SG,Accountant,803.95,USD,credit_card,completed,9,4.4,False,160.79,rising_talent,39
TXN-1203639,2024-09-27,Mobile App,CA,FR,Software Engineer,90.72,USD,bank_transfer,completed,18,3.4,False,18.14,new_seller,39
TXN-1203524,2024-09-27,Virtual Assistant,IN,IN,HR Manager,72.81,USD,paypal,completed,1,5.0,False,14.56,new_seller,39
TXN-1203625,2024-09-27,Photography,MX,NL,Designer,164.61,GBP,credit_card,completed,2,4.2,True,32.92,level_2,39
TXN-1203496,2024-09-27,Data Analysis,GB,US,Data Scientist,10.43,USD,paypal,completed,11,3.4,True,2.09,top_rated,39
TXN-1203550,2024-09-27,Graphic Design,IN,ZA,Designer,412.42,USD,credit_card,completed,2,2.7,False,82.48,top_rated,39
TXN-1203533,2024-09-27,Web Development,IN,FR,Software Engineer,130.22,USD,bank_transfer,completed,14,2.4,False,26.04,level_1,39
TXN-1203630,2024-09-27,SEO/SEM,CA,IN,Marketing Manager,17.86,USD,bank_transfer,completed,19,4.0,False,3.57,rising_talent,39
TXN-1203682,2024-09-28,Translation,SG,US,Writer,77.33,GBP,credit_card,completed,4,2.8,True,15.47,level_2,39
TXN-1203529,2024-09-28,Graphic Design,NL,IN,Designer,112.86,USD,credit_card,completed,3,3.8,False,22.57,rising_talent,39
TXN-1203531,2024-09-28,Virtual Assistant,AU,US,HR Manager,396.6,ILS,bank_transfer,completed,1,4.9,True,79.32,rising_talent,39
TXN-1203557,2024-09-28,Legal Consulting,GB,BR,Lawyer,286.22,EUR,credit_card,completed,12,3.7,False,57.24,level_1,39
TXN-1203541,2024-09-28,Web Development,IN,IN,Software Engineer,75.12,USD,credit_card,completed,9,3.6,False,15.02,new_seller,39
TXN-1203688,2024-09-28,Legal Consulting,CA,IN,Lawyer,77.81,USD,bank_transfer,completed,15,2.8,False,15.56,level_1,39
TXN-1203547,2024-09-28,Content Writing,US,FR,Writer,232.42,USD,paypal,completed,3,3.9,True,46.48,level_1,39
TXN-1203567,2024-09-28,Data Analysis,US,IN,Data Scientist,230.51,EUR,paypal,completed,8,4.4,False,46.1,rising_talent,39
TXN-1203548,2024-09-28,AI/ML Development,FR,CA,Data Scientist,20.69,USD,credit_card,cancelled,30,,False,4.14,level_2,39
TXN-1203697,2024-09-28,Legal Consulting,GB,ZA,Lawyer,82.59,USD,credit_card,completed,94,4.0,True,16.52,new_seller,39
TXN-1203575,2024-09-28,Content Writing,US,US,Writer,689.79,USD,paypal,completed,2,4.9,False,137.96,level_1,39
TXN-1203565,2024-09-28,AI/ML Development,US,IN,Data Scientist,86.53,USD,paypal,completed,19,4.7,True,17.31,top_rated,39
TXN-1203643,2024-09-28,SEO/SEM,CA,ES,Marketing Manager,19.85,USD,credit_card,completed,24,3.5,False,3.97,level_2,39
TXN-1203646,2024-09-28,Music Production,US,DE,Designer,103.46,USD,paypal,completed,6,4.4,False,20.69,level_1,39
TXN-1203637,2024-09-28,Photography,BR,BR,Designer,180.95,USD,credit_card,completed,5,4.2,False,36.19,level_2,39
TXN-1203602,2024-09-28,Music Production,US,IN,Designer,134.3,EUR,paypal,completed,10,3.6,True,26.86,top_rated,39
TXN-1203670,2024-09-28,Financial Modeling,ZA,IN,Accountant,237.92,USD,paypal,completed,6,3.3,False,47.58,level_1,39
TXN-1203490,2024-09-28,Mobile App,ES,FR,Software Engineer,428.97,USD,paypal,completed,30,4.4,False,85.79,level_1,39
TXN-1203666,2024-09-28,Virtual Assistant,IN,BR,HR Manager,449.26,USD,bank_transfer,completed,2,3.1,True,89.85,rising_talent,39
TXN-1203620,2024-09-28,Translation,GB,CA,Writer,352.0,GBP,credit_card,completed,2,3.1,False,70.4,level_2,39
TXN-1203614,2024-09-28,Mobile App,DE,IL,Software Engineer,175.66,ILS,bank_transfer,completed,24,4.8,False,35.13,rising_talent,39
TXN-1203621,2024-09-28,Legal Consulting,GB,US,Lawyer,87.31,USD,crypto,completed,7,3.6,True,17.46,level_1,39
TXN-1203626,2024-09-28,Music Production,GB,JP,Designer,8.06,EUR,credit_card,completed,5,4.0,True,1.61,level_2,39
TXN-1203617,2024-09-28,Music Production,IL,US,Designer,500.58,GBP,credit_card,completed,12,3.4,False,100.12,level_2,39
TXN-1203660,2024-09-28,AI/ML Development,US,BR,Data Scientist,112.69,USD,credit_card,completed,30,4.7,False,22.54,level_2,39
TXN-1203706,2024-09-29,Photography,ES,US,Designer,1001.09,USD,paypal,completed,3,4.9,False,200.22,level_1,39
TXN-1203544,2024-09-29,Graphic Design,US,DE,Designer,125.54,EUR,credit_card,completed,5,3.3,False,25.11,rising_talent,39
TXN-1203629,2024-09-29,Social Media Management,MX,US,Marketing Manager,569.68,USD,credit_card,completed,15,4.5,False,113.94,top_rated,39
TXN-1203709,2024-09-29,Web Development,US,GB,Software Engineer,242.2,USD,paypal,completed,8,4.6,False,48.44,level_1,39
TXN-1203539,2024-09-29,Social Media Management,IN,CA,Marketing Manager,20.95,USD,paypal,completed,5,2.2,True,4.19,level_1,39
TXN-1203713,2024-09-29,Video Production,BR,DE,Designer,399.81,USD,paypal,completed,6,4.2,True,79.96,level_1,39
TXN-1203582,2024-09-29,Translation,US,JP,Writer,496.72,USD,bank_transfer,completed,1,2.8,False,99.34,new_seller,39
TXN-1203654,2024-09-29,Virtual Assistant,MX,US,HR Manager,72.07,USD,credit_card,completed,2,4.1,False,14.41,level_2,39
TXN-1203486,2024-09-29,Legal Consulting,US,MX,Lawyer,47.09,EUR,credit_card,completed,10,4.0,False,9.42,new_seller,39
TXN-1203590,2024-09-29,Financial Modeling,FR,IN,Accountant,408.97,USD,bank_transfer,completed,8,4.2,False,81.79,new_seller,39
TXN-1203702,2024-09-29,Content Writing,US,GB,Writer,174.58,GBP,paypal,completed,3,3.7,False,34.92,level_1,39
TXN-1203596,2024-09-29,AI/ML Development,FR,SG,Data Scientist,128.52,USD,crypto,completed,13,4.4,False,25.7,top_rated,39
TXN-1203573,2024-09-29,SEO/SEM,US,IN,Marketing Manager,431.25,ILS,credit_card,completed,7,4.2,True,86.25,level_2,39
TXN-1203485,2024-09-29,Graphic Design,DE,US,Designer,148.73,USD,credit_card,completed,3,4.9,True,29.75,level_1,39
TXN-1203608,2024-09-29,Mobile App,MX,IL,Software Engineer,85.62,USD,bank_transfer,completed,22,3.4,True,17.12,level_2,39
TXN-1203480,2024-09-29,Financial Modeling,GB,IN,Accountant,215.25,USD,credit_card,completed,8,4.6,False,43.05,new_seller,39
TXN-1203518,2024-09-29,SEO/SEM,BR,IN,Marketing Manager,460.08,GBP,bank_transfer,completed,10,4.7,False,92.02,level_2,39
TXN-1203494,2024-09-29,Social Media Management,FR,ZA,Marketing Manager,944.58,USD,credit_card,completed,7,4.8,True,188.92,top_rated,39
TXN-1203693,2024-09-29,AI/ML Development,IN,GB,Data Scientist,109.5,USD,credit_card,completed,16,4.3,True,21.9,level_2,39
TXN-1203562,2024-09-29,Data Analysis,IN,CA,Data Scientist,46.72,USD,credit_card,completed,7,4.8,False,9.34,level_1,39
TXN-1203559,2024-09-29,Video Production,GB,IL,Designer,33.66,USD,credit_card,completed,10,3.5,False,6.73,rising_talent,39
TXN-1203701,2024-09-29,Translation,MX,FR,Writer,938.66,USD,bank_transfer,completed,1,4.0,True,187.73,level_2,39
TXN-1203658,2024-09-29,Data Analysis,US,US,Data Scientist,156.78,USD,credit_card,in_progress,4,,False,31.36,level_1,39
TXN-1203700,2024-09-29,Graphic Design,GB,NL,Designer,122.36,USD,paypal,completed,5,3.8,False,24.47,level_1,39
TXN-1203908,2024-09-30,Virtual Assistant,GB,US,HR Manager,64.88,USD,paypal,completed,4,4.2,False,12.98,level_2,40
TXN-1203907,2024-09-30,Web Development,ES,US,Software Engineer,910.33,EUR,paypal,completed,12,3.6,False,182.07,new_seller,40
TXN-1203906,2024-09-30,Photography,IL,US,Designer,141.24,ILS,credit_card,cancelled,5,,False,28.25,level_2,40
TXN-1203905,2024-09-30,Content Writing,US,BR,Writer,63.84,USD,crypto,completed,3,3.0,False,12.77,level_1,40
TXN-1203904,2024-09-30,Legal Consulting,IN,US,Lawyer,254.37,USD,credit_card,completed,19,3.6,False,50.87,level_1,40
TXN-1203902,2024-09-30,Financial Modeling,US,DE,Accountant,95.33,USD,bank_transfer,completed,5,3.5,False,19.07,level_2,40
TXN-1203901,2024-09-30,Financial Modeling,US,DE,Accountant,114.82,USD,paypal,completed,8,4.0,False,22.96,level_1,40
TXN-1203900,2024-09-30,Music Production,US,GB,Designer,238.17,USD,bank_transfer,completed,4,4.6,False,47.63,level_1,40
TXN-1203899,2024-09-30,Virtual Assistant,BR,US,HR Manager,25.18,USD,credit_card,completed,3,4.9,False,5.04,level_1,40
TXN-1203898,2024-09-30,Content Writing,NL,IN,Writer,43.39,GBP,paypal,completed,2,4.8,True,8.68,level_2,40
TXN-1203897,2024-09-30,Content Writing,GB,GB,Writer,84.09,USD,credit_card,completed,2,3.5,False,16.82,rising_talent,40
TXN-1203896,2024-09-30,Legal Consulting,FR,DE,Lawyer,76.17,USD,credit_card,completed,25,4.9,False,15.23,level_1,40
TXN-1203903,2024-09-30,Social Media Management,GB,US,Marketing Manager,118.15,USD,bank_transfer,completed,8,2.2,True,23.63,new_seller,40
TXN-1203909,2024-09-30,Mobile App,CA,US,Software Engineer,44.84,USD,crypto,completed,30,3.5,True,8.97,level_1,40
TXN-1203911,2024-09-30,Social Media Management,IN,BR,Marketing Manager,82.65,USD,paypal,completed,6,4.1,False,16.53,level_2,40
TXN-1203927,2024-09-30,Virtual Assistant,CA,GB,HR Manager,28.71,USD,crypto,completed,1,4.8,False,5.74,level_2,40
TXN-1203926,2024-09-30,Data Analysis,GB,AU,Data Scientist,44.73,GBP,paypal,completed,14,4.4,True,8.95,rising_talent,40
TXN-1203895,2024-09-30,Graphic Design,FR,NL,Designer,352.04,USD,credit_card,completed,2,2.7,False,70.41,rising_talent,40
TXN-1203925,2024-09-30,SEO/SEM,US,US,Marketing Manager,69.62,USD,credit_card,completed,8,4.3,False,13.92,new_seller,40
TXN-1203924,2024-09-30,SEO/SEM,FR,US,Marketing Manager,59.45,EUR,paypal,completed,8,4.1,False,11.89,level_1,40
TXN-1203923,2024-09-30,Photography,GB,US,Designer,55.56,USD,credit_card,completed,2,3.2,False,11.11,level_2,40
TXN-1203922,2024-09-30,Financial Modeling,ZA,IN,Accountant,51.4,USD,paypal,completed,9,4.7,False,10.28,level_1,40
TXN-1203921,2024-09-30,Video Production,NL,IN,Designer,109.97,USD,crypto,completed,5,4.6,False,21.99,level_2,40
TXN-1203920,2024-09-30,Financial Modeling,US,IN,Accountant,100.58,USD,paypal,cancelled,6,,False,20.12,level_1,40
TXN-1203919,2024-09-30,Mobile App,BR,ES,Software Engineer,54.38,USD,credit_card,completed,11,3.9,False,10.88,rising_talent,40
TXN-1203918,2024-09-30,SEO/SEM,ZA,US,Marketing Manager,157.46,EUR,paypal,completed,5,4.8,False,31.49,rising_talent,40
TXN-1203917,2024-09-30,Translation,GB,GB,Writer,178.77,USD,credit_card,completed,1,2.6,False,35.75,level_2,40
TXN-1203916,2024-09-30,Graphic Design,IN,BR,Designer,65.78,USD,credit_card,completed,5,4.8,False,13.16,level_1,40
TXN-1203914,2024-09-30,Photography,IN,FR,Designer,34.61,USD,credit_card,completed,4,3.1,False,6.92,new_seller,40
TXN-1203913,2024-09-30,Translation,ZA,ZA,Writer,972.96,USD,credit_card,completed,1,4.2,True,194.59,top_rated,40
TXN-1203912,2024-09-30,Data Analysis,IN,IL,Data Scientist,29.26,USD,credit_card,completed,9,4.5,False,5.85,rising_talent,40
TXN-1203910,2024-09-30,Web Development,FR,GB,Software Engineer,579.28,USD,credit_card,completed,9,3.3,True,115.86,top_rated,40
TXN-1203915,2024-09-30,Web Development,IN,US,Software Engineer,211.28,GBP,credit_card,completed,23,4.9,True,42.26,level_2,40
TXN-1203879,2024-09-30,SEO/SEM,CA,US,Marketing Manager,70.0,USD,credit_card,completed,4,4.0,False,14.0,rising_talent,40
TXN-1203893,2024-09-30,Graphic Design,US,IN,Designer,1294.96,USD,credit_card,completed,8,4.4,False,258.99,level_1,40
TXN-1203873,2024-09-30,Content Writing,IL,MX,Writer,74.8,USD,paypal,completed,2,5.0,False,14.96,level_2,40
TXN-1203872,2024-09-30,AI/ML Development,US,ZA,Data Scientist,616.63,USD,credit_card,completed,13,4.5,True,123.33,level_2,40
TXN-1203871,2024-09-30,Social Media Management,IN,US,Marketing Manager,19.34,USD,bank_transfer,completed,12,4.8,True,3.87,level_2,40
TXN-1203870,2024-09-30,Data Analysis,IN,IL,Data Scientist,9.72,USD,paypal,completed,4,3.8,True,1.94,new_seller,40
TXN-1203869,2024-09-30,Video Production,CA,IN,Designer,44.03,USD,credit_card,cancelled,10,,False,8.81,level_1,40
TXN-1203868,2024-09-30,Translation,FR,IN,Writer,326.92,GBP,credit_card,completed,1,3.9,False,65.38,level_2,40
TXN-1203874,2024-09-30,Music Production,ZA,IN,Designer,1083.8,USD,credit_card,completed,16,4.1,False,216.76,level_2,40
TXN-1203867,2024-09-30,Financial Modeling,GB,GB,Accountant,69.1,USD,paypal,completed,10,2.9,False,13.82,new_seller,40
TXN-1203865,2024-09-30,Legal Consulting,DE,US,Lawyer,96.26,USD,credit_card,completed,10,4.0,True,19.25,level_2,40
TXN-1203864,2024-09-30,Web Development,US,SG,Software Engineer,24.92,USD,credit_card,completed,13,4.8,False,4.98,level_1,40
TXN-1203863,2024-09-30,Content Writing,ZA,US,Writer,217.46,USD,credit_card,completed,1,4.2,False,43.49,new_seller,40
TXN-1203862,2024-09-30,Virtual Assistant,BR,US,HR Manager,82.71,ILS,credit_card,completed,6,4.8,False,16.54,new_seller,40
TXN-1203928,2024-09-30,Financial Modeling,MX,NL,Accountant,212.66,USD,credit_card,completed,8,3.1,True,42.53,top_rated,40
TXN-1203861,2024-09-30,Mobile App,BR,IN,Software Engineer,95.1,EUR,credit_card,completed,11,4.0,False,19.02,rising_talent,40
TXN-1203866,2024-09-30,Social Media Management,BR,IN,Marketing Manager,288.36,USD,credit_card,completed,6,4.6,False,57.67,new_seller,40
TXN-1203894,2024-09-30,Financial Modeling,GB,US,Accountant,248.76,EUR,credit_card,completed,10,3.3,False,49.75,level_2,40
TXN-1203875,2024-09-30,Content Writing,US,AU,Writer,1001.78,USD,credit_card,completed,3,3.4,False,200.36,new_seller,40
TXN-1203877,2024-09-30,Content Writing,IL,IN,Writer,60.17,USD,credit_card,completed,2,4.8,False,12.03,level_2,40
TXN-1203892,2024-09-30,Translation,CA,US,Writer,72.71,USD,paypal,completed,2,4.3,True,14.54,level_1,40
TXN-1203891,2024-09-30,Music Production,CA,US,Designer,1941.89,USD,credit_card,completed,11,4.9,True,388.38,rising_talent,40
TXN-1203890,2024-09-30,Financial Modeling,MX,IN,Accountant,141.51,USD,paypal,completed,11,4.9,False,28.3,level_2,40
TXN-1203889,2024-09-30,Web Development,JP,GB,Software Engineer,29.19,EUR,paypal,completed,15,3.7,False,5.84,rising_talent,40
TXN-1203888,2024-09-30,AI/ML Development,BR,IN,Data Scientist,52.29,USD,bank_transfer,completed,17,4.8,False,10.46,new_seller,40
TXN-1203887,2024-09-30,Mobile App,ZA,IN,Software Engineer,1709.64,USD,bank_transfer,completed,20,4.1,False,341.93,top_rated,40
TXN-1203876,2024-09-30,Social Media Management,DE,IN,Marketing Manager,47.81,INR,paypal,completed,4,4.3,True,9.56,level_2,40
TXN-1203886,2024-09-30,Photography,DE,US,Designer,16.83,EUR,paypal,completed,2,3.5,False,3.37,level_1,40
TXN-1203884,2024-09-30,SEO/SEM,US,ZA,Marketing Manager,336.78,USD,credit_card,completed,18,2.4,False,67.36,level_2,40
TXN-1203883,2024-09-30,Mobile App,US,BR,Software Engineer,1460.5,USD,credit_card,completed,30,4.3,False,292.1,new_seller,40
TXN-1203882,2024-09-30,Translation,GB,US,Writer,7.17,EUR,credit_card,completed,4,4.1,False,1.43,level_2,40
TXN-1203881,2024-09-30,AI/ML Development,US,NL,Data Scientist,561.89,USD,crypto,completed,30,4.2,False,112.38,top_rated,40
TXN-1203880,2024-09-30,Video Production,IN,US,Designer,129.38,USD,credit_card,completed,4,4.9,True,25.88,level_1,40
TXN-1203878,2024-09-30,Data Analysis,US,US,Data Scientist,39.63,ILS,paypal,completed,5,3.7,True,7.93,new_seller,40
TXN-1203885,2024-09-30,Video Production,US,SG,Designer,1082.92,USD,credit_card,completed,5,3.0,True,216.58,level_1,40
TXN-1203929,2024-09-30,Photography,BR,US,Designer,22.22,USD,credit_card,completed,2,3.6,False,4.44,new_seller,40
TXN-1203965,2024-09-30,Music Production,MX,US,Designer,56.79,USD,paypal,completed,26,3.9,False,11.36,level_1,40
TXN-1203931,2024-09-30,Data Analysis,NL,IN,Data Scientist,219.87,USD,credit_card,completed,6,3.4,True,43.97,level_1,40
TXN-1203969,2024-09-30,Translation,US,US,Writer,69.18,USD,paypal,completed,2,2.9,False,13.84,top_rated,40
TXN-1203970,2024-09-30,AI/ML Development,IN,US,Data Scientist,544.06,USD,paypal,cancelled,28,,False,108.81,level_1,40
TXN-1203971,2024-09-30,Photography,GB,IN,Designer,635.83,EUR,paypal,completed,4,4.6,True,127.17,rising_talent,40
TXN-1203972,2024-09-30,Mobile App,FR,FR,Software Engineer,50.54,USD,bank_transfer,completed,12,4.0,False,10.11,level_1,40
TXN-1203973,2024-09-30,Content Writing,GB,GB,Writer,453.6,EUR,paypal,completed,2,4.9,False,90.72,level_1,40
TXN-1203974,2024-09-30,AI/ML Development,JP,GB,Data Scientist,39.56,USD,paypal,completed,17,4.5,False,7.91,rising_talent,40
TXN-1203975,2024-09-30,Financial Modeling,SG,GB,Accountant,213.37,USD,credit_card,completed,6,4.4,False,42.67,new_seller,40
TXN-1203976,2024-09-30,Photography,IN,GB,Designer,115.54,USD,bank_transfer,completed,3,4.1,False,23.11,level_2,40
TXN-1203977,2024-09-30,Legal Consulting,ZA,ZA,Lawyer,47.39,USD,bank_transfer,completed,15,3.5,False,9.48,top_rated,40
TXN-1203978,2024-09-30,Mobile App,CA,ZA,Software Engineer,177.96,USD,credit_card,completed,27,4.5,True,35.59,top_rated,40
TXN-1203979,2024-09-30,AI/ML Development,US,IN,Data Scientist,310.06,USD,paypal,completed,25,4.6,True,62.01,level_2,40
TXN-1203980,2024-09-30,Data Analysis,GB,IN,Data Scientist,1484.56,USD,credit_card,completed,8,3.5,True,296.91,level_2,40
TXN-1203981,2024-09-30,AI/ML Development,ZA,US,Data Scientist,172.71,USD,paypal,completed,15,3.5,False,34.54,level_2,40
TXN-1203982,2024-09-30,Social Media Management,GB,MX,Marketing Manager,335.2,EUR,credit_card,completed,13,4.0,True,67.04,rising_talent,40
TXN-1203983,2024-09-30,Content Writing,IN,ES,Writer,15.0,USD,credit_card,completed,1,3.2,True,3.0,level_1,40
TXN-1203984,2024-09-30,AI/ML Development,JP,GB,Data Scientist,44.23,USD,credit_card,completed,8,4.7,True,8.85,new_seller,40
TXN-1203985,2024-09-30,Mobile App,FR,MX,Software Engineer,47.29,USD,paypal,completed,14,2.9,True,9.46,new_seller,40
TXN-1203860,2024-09-30,Financial Modeling,CA,IN,Accountant,85.0,USD,crypto,cancelled,6,,True,17.0,level_1,40
TXN-1203998,2024-09-30,Mobile App,DE,US,Software Engineer,90.37,USD,credit_card,completed,16,4.9,True,18.07,rising_talent,40
TXN-1203997,2024-09-30,Legal Consulting,IN,US,Lawyer,60.7,USD,credit_card,cancelled,10,,True,12.14,level_2,40
TXN-1203996,2024-09-30,Content Writing,FR,SG,Writer,11.27,USD,paypal,completed,2,4.3,True,2.25,new_seller,40
TXN-1203995,2024-09-30,Web Development,IN,US,Software Engineer,762.05,USD,paypal,completed,13,3.6,True,152.41,level_2,40
TXN-1203994,2024-09-30,Translation,IN,ZA,Writer,180.18,GBP,credit_card,completed,5,4.5,True,36.04,level_1,40
TXN-1203968,2024-09-30,Music Production,CA,US,Designer,18.12,EUR,credit_card,completed,7,4.1,False,3.62,rising_talent,40
TXN-1203993,2024-09-30,Social Media Management,US,IN,Marketing Manager,5000.0,USD,paypal,completed,6,4.0,True,1000.0,top_rated,40
TXN-1203991,2024-09-30,AI/ML Development,JP,US,Data Scientist,186.1,USD,bank_transfer,completed,16,2.4,False,37.22,new_seller,40
TXN-1203990,2024-09-30,Social Media Management,GB,GB,Marketing Manager,51.93,INR,bank_transfer,completed,10,3.2,False,10.39,level_1,40
TXN-1203989,2024-09-30,Financial Modeling,CA,IN,Accountant,97.29,USD,credit_card,completed,8,4.4,True,19.46,level_2,40
TXN-1203988,2024-09-30,Web Development,DE,IN,Software Engineer,88.39,USD,credit_card,completed,17,2.4,False,17.68,rising_talent,40
TXN-1203987,2024-09-30,Legal Consulting,IN,IN,Lawyer,91.58,USD,bank_transfer,completed,10,4.0,True,18.32,level_2,40
TXN-1203986,2024-09-30,Mobile App,ZA,DE,Software Engineer,278.42,EUR,credit_card,completed,23,4.6,False,55.68,level_2,40
TXN-1203992,2024-09-30,Video Production,US,SG,Designer,35.23,GBP,credit_card,completed,5,3.9,True,7.05,level_1,40
TXN-1203967,2024-09-30,AI/ML Development,NL,IN,Data Scientist,121.59,USD,paypal,completed,18,3.8,False,24.32,rising_talent,40
TXN-1203966,2024-09-30,Video Production,IL,FR,Designer,337.09,USD,credit_card,completed,8,4.0,True,67.42,new_seller,40
TXN-1203964,2024-09-30,Translation,US,IN,Writer,266.59,USD,crypto,completed,3,4.1,False,53.32,level_1,40
TXN-1203945,2024-09-30,Web Development,US,US,Software Engineer,331.36,EUR,bank_transfer,completed,15,1.0,True,66.27,top_rated,40
TXN-1203944,2024-09-30,Web Development,US,SG,Software Engineer,123.11,USD,paypal,completed,18,2.6,False,24.62,top_rated,40
TXN-1203943,2024-09-30,Financial Modeling,GB,BR,Accountant,61.5,USD,paypal,completed,4,2.3,True,12.3,level_2,40
TXN-1203942,2024-09-30,AI/ML Development,ES,GB,Data Scientist,173.92,EUR,paypal,completed,11,4.1,True,34.78,top_rated,40
TXN-1203941,2024-09-30,Data Analysis,DE,SG,Data Scientist,579.84,USD,credit_card,in_progress,14,,False,115.97,level_2,40
TXN-1203940,2024-09-30,Financial Modeling,GB,NL,Accountant,570.5,ILS,credit_card,completed,12,4.2,False,114.1,level_2,40
TXN-1203946,2024-09-30,Mobile App,US,ES,Software Engineer,255.07,USD,credit_card,in_progress,18,,False,51.01,level_1,40
TXN-1203939,2024-09-30,Translation,ES,IN,Writer,451.93,GBP,credit_card,completed,3,4.4,True,90.39,rising_talent,40
TXN-1203937,2024-09-30,Translation,IN,MX,Writer,70.93,USD,credit_card,completed,1,4.5,False,14.19,top_rated,40
TXN-1203936,2024-09-30,Photography,IN,US,Designer,14.19,USD,credit_card,completed,5,3.3,True,2.84,new_seller,40
TXN-1203935,2024-09-30,Music Production,US,MX,Designer,229.86,USD,credit_card,completed,8,4.2,True,45.97,new_seller,40
TXN-1203934,2024-09-30,Translation,IN,US,Writer,289.17,USD,credit_card,completed,4,2.8,False,57.83,level_2,40
TXN-1203933,2024-09-30,SEO/SEM,BR,JP,Marketing Manager,354.28,GBP,bank_transfer,completed,13,4.1,True,70.86,level_2,40
TXN-1203932,2024-09-30,Mobile App,AU,IN,Software Engineer,286.38,INR,credit_card,completed,19,4.5,False,57.28,rising_talent,40
TXN-1203938,2024-09-30,Content Writing,FR,US,Writer,149.09,EUR,paypal,completed,5,4.2,True,29.82,top_rated,40
TXN-1203930,2024-09-30,Music Production,IN,IN,Designer,98.0,EUR,paypal,completed,8,4.3,False,19.6,level_1,40
TXN-1203947,2024-09-30,Music Production,NL,FR,Designer,444.17,USD,paypal,completed,21,4.7,False,88.83,rising_talent,40
TXN-1203949,2024-09-30,Translation,ES,ZA,Writer,39.03,EUR,paypal,completed,4,4.6,True,7.81,level_2,40
TXN-1203963,2024-09-30,Music Production,IN,SG,Designer,258.28,USD,paypal,completed,16,3.3,False,51.66,level_1,40
TXN-1203962,2024-09-30,Virtual Assistant,FR,ZA,HR Manager,225.52,ILS,paypal,completed,1,4.2,False,45.1,level_1,40
TXN-1203961,2024-09-30,Social Media Management,IN,BR,Marketing Manager,15.96,USD,paypal,completed,8,4.5,False,3.19,rising_talent,40
TXN-1203960,2024-09-30,Financial Modeling,SG,US,Accountant,827.03,USD,credit_card,completed,6,4.3,False,165.41,level_2,40
TXN-1203959,2024-09-30,Virtual Assistant,US,SG,HR Manager,35.34,EUR,paypal,completed,1,3.9,True,7.07,level_1,40
TXN-1203958,2024-09-30,Financial Modeling,US,CA,Accountant,190.63,USD,paypal,completed,8,4.9,False,38.13,level_1,40
TXN-1203948,2024-09-30,Photography,NL,IN,Designer,59.32,USD,credit_card,completed,6,4.8,True,11.86,level_1,40
TXN-1203957,2024-09-30,Content Writing,FR,US,Writer,79.71,ILS,credit_card,completed,4,3.8,False,15.94,level_2,40
TXN-1203955,2024-09-30,Music Production,ES,US,Designer,65.16,USD,credit_card,completed,5,4.0,False,13.03,top_rated,40
TXN-1203954,2024-09-30,Video Production,GB,US,Designer,13.64,USD,credit_card,completed,13,4.7,True,2.73,level_1,40
TXN-1203953,2024-09-30,SEO/SEM,GB,IN,Marketing Manager,48.18,USD,bank_transfer,completed,15,4.3,True,9.64,level_2,40
TXN-1203952,2024-09-30,Data Analysis,IN,NL,Data Scientist,574.15,USD,bank_transfer,completed,4,4.4,False,114.83,new_seller,40
TXN-1203951,2024-09-30,Graphic Design,US,IL,Designer,220.49,USD,credit_card,completed,2,4.1,False,44.1,level_2,40
TXN-1203950,2024-09-30,Graphic Design,US,IL,Designer,44.31,USD,paypal,completed,4,4.4,False,8.86,level_1,40
TXN-1203956,2024-09-30,Graphic Design,US,JP,Designer,556.81,GBP,credit_card,completed,7,2.8,True,111.36,top_rated,40
TXN-1203859,2024-09-30,Photography,IN,US,Designer,425.74,USD,bank_transfer,completed,4,4.7,False,85.15,level_2,40
TXN-1203764,2024-09-30,Video Production,US,DE,Designer,1751.18,USD,bank_transfer,completed,8,2.8,True,350.24,new_seller,40
TXN-1203857,2024-09-30,Video Production,US,IL,Designer,175.21,GBP,bank_transfer,completed,5,2.9,False,35.04,top_rated,40
TXN-1203753,2024-09-30,SEO/SEM,US,NL,Marketing Manager,161.12,USD,crypto,completed,10,3.2,False,32.22,level_1,40
TXN-1203754,2024-09-30,Data Analysis,DE,US,Data Scientist,623.02,USD,paypal,completed,5,3.6,False,124.6,rising_talent,40
TXN-1203755,2024-09-30,Legal Consulting,CA,US,Lawyer,437.11,GBP,paypal,completed,7,3.4,False,87.42,level_2,40
TXN-1203756,2024-09-30,Legal Consulting,FR,IN,Lawyer,101.82,USD,credit_card,completed,20,4.1,False,20.36,rising_talent,40
TXN-1203757,2024-09-30,Data Analysis,US,BR,Data Scientist,654.71,USD,paypal,cancelled,6,,True,130.94,rising_talent,40
TXN-1203758,2024-09-30,Virtual Assistant,US,NL,HR Manager,32.9,ILS,paypal,completed,1,4.0,True,6.58,level_2,40
TXN-1203759,2024-09-30,Financial Modeling,IN,IN,Accountant,292.56,USD,paypal,completed,9,4.2,False,58.51,level_1,40
TXN-1203760,2024-09-30,Content Writing,IN,IN,Writer,411.59,USD,paypal,completed,2,3.8,True,82.32,top_rated,40
TXN-1203761,2024-09-30,SEO/SEM,GB,FR,Marketing Manager,216.7,USD,bank_transfer,disputed,17,,False,43.34,rising_talent,40
TXN-1203762,2024-09-30,SEO/SEM,IN,MX,Marketing Manager,1236.95,USD,crypto,completed,13,4.0,False,247.39,rising_talent,40
TXN-1203763,2024-09-30,Photography,US,DE,Designer,2295.96,USD,paypal,completed,6,4.6,True,459.19,level_1,40
TXN-1203765,2024-09-30,AI/ML Development,US,IN,Data Scientist,26.72,GBP,credit_card,cancelled,20,,False,5.34,level_1,40
TXN-1203766,2024-09-30,Social Media Management,MX,BR,Marketing Manager,273.62,USD,credit_card,completed,6,4.2,False,54.72,level_2,40
TXN-1203767,2024-09-30,Music Production,ES,SG,Designer,64.34,USD,credit_card,completed,14,4.8,True,12.87,level_1,40
TXN-1203768,2024-09-30,Content Writing,AU,US,Writer,145.93,USD,bank_transfer,completed,1,3.0,False,29.19,level_1,40
TXN-1203769,2024-09-30,Data Analysis,IN,MX,Data Scientist,343.45,USD,bank_transfer,completed,9,4.8,False,68.69,level_2,40
TXN-1203770,2024-09-30,AI/ML Development,IN,GB,Data Scientist,95.01,USD,bank_transfer,completed,16,4.8,False,19.0,rising_talent,40
TXN-1203784,2024-09-30,AI/ML Development,IN,US,Data Scientist,265.72,EUR,credit_card,completed,10,4.2,False,53.14,level_2,40
TXN-1203783,2024-09-30,Music Production,BR,BR,Designer,52.48,USD,bank_transfer,completed,10,3.0,False,10.5,level_1,40
TXN-1203782,2024-09-30,Translation,US,SG,Writer,164.97,USD,bank_transfer,completed,3,5.0,False,32.99,level_2,40
TXN-1203781,2024-09-30,Video Production,ES,US,Designer,100.43,USD,credit_card,completed,11,4.7,True,20.09,level_1,40
TXN-1203780,2024-09-30,Virtual Assistant,US,FR,HR Manager,68.28,USD,bank_transfer,completed,1,4.8,False,13.66,top_rated,40
TXN-1203779,2024-09-30,Virtual Assistant,FR,US,HR Manager,16.44,USD,credit_card,completed,1,4.2,False,3.29,rising_talent,40
TXN-1203752,2024-09-30,SEO/SEM,US,IL,Marketing Manager,43.8,USD,crypto,completed,9,4.7,True,8.76,level_1,40
TXN-1203778,2024-09-30,Virtual Assistant,SG,AU,HR Manager,39.19,USD,bank_transfer,completed,1,4.0,False,7.84,top_rated,40
TXN-1203776,2024-09-30,Social Media Management,US,US,Marketing Manager,39.3,GBP,credit_card,completed,10,4.8,False,7.86,new_seller,40
TXN-1203775,2024-09-30,Video Production,US,BR,Designer,202.03,EUR,credit_card,completed,3,4.4,False,40.41,rising_talent,40
TXN-1203774,2024-09-30,Legal Consulting,US,DE,Lawyer,146.75,USD,credit_card,completed,9,4.0,False,29.35,rising_talent,40
TXN-1203773,2024-09-30,Web Development,US,FR,Software Engineer,673.69,USD,bank_transfer,completed,12,3.4,False,134.74,level_2,40
TXN-1203772,2024-09-30,Virtual Assistant,FR,IN,HR Manager,600.23,USD,paypal,completed,2,3.1,True,120.05,level_1,40
TXN-1203771,2024-09-30,Web Development,US,MX,Software Engineer,680.85,USD,credit_card,completed,10,3.2,False,136.17,new_seller,40
TXN-1203777,2024-09-30,Web Development,MX,US,Software Engineer,34.66,EUR,credit_card,completed,15,4.8,False,6.93,top_rated,40
TXN-1203751,2024-09-30,Video Production,NL,US,Designer,171.33,USD,credit_card,completed,11,3.7,False,34.27,top_rated,40
TXN-1203750,2024-09-30,Financial Modeling,DE,CA,Accountant,138.58,USD,paypal,completed,14,3.3,False,27.72,level_2,40
TXN-1203749,2024-09-30,Web Development,MX,US,Software Engineer,24.74,USD,bank_transfer,completed,15,3.7,False,4.95,new_seller,40
TXN-1203730,2024-09-30,SEO/SEM,SG,IN,Marketing Manager,69.26,USD,paypal,completed,8,4.4,False,13.85,level_2,40
TXN-1203729,2024-09-30,Social Media Management,NL,NL,Marketing Manager,222.91,USD,bank_transfer,completed,7,3.0,True,44.58,rising_talent,40
TXN-1203728,2024-09-30,Photography,CA,US,Designer,326.25,USD,bank_transfer,completed,5,3.3,True,65.25,level_1,40
TXN-1203727,2024-09-30,Financial Modeling,US,US,Accountant,171.39,EUR,crypto,completed,7,4.4,False,34.28,level_2,40
TXN-1203726,2024-09-30,AI/ML Development,DE,US,Data Scientist,33.66,USD,paypal,completed,25,3.3,True,6.73,top_rated,40
TXN-1203725,2024-09-30,Web Development,US,IN,Software Engineer,27.89,USD,paypal,completed,22,4.4,False,5.58,level_2,40
TXN-1203731,2024-09-30,Translation,US,FR,Writer,189.13,USD,bank_transfer,completed,1,4.4,False,37.83,level_1,40
TXN-1203724,2024-09-30,Web Development,GB,IN,Software Engineer,12.83,USD,credit_card,completed,17,4.7,False,2.57,level_1,40
TXN-1203722,2024-09-30,Photography,BR,US,Designer,433.49,USD,credit_card,completed,4,3.2,False,86.7,level_1,40
TXN-1203721,2024-09-30,Legal Consulting,US,CA,Lawyer,169.83,USD,credit_card,completed,8,3.5,False,33.97,level_1,40
TXN-1203720,2024-09-30,Legal Consulting,US,GB,Lawyer,121.83,GBP,credit_card,completed,25,4.8,False,24.37,level_2,40
TXN-1203719,2024-09-30,Content Writing,FR,US,Writer,93.13,USD,paypal,completed,2,4.4,False,18.63,level_2,40
TXN-1203718,2024-09-30,Social Media Management,IN,US,Marketing Manager,45.59,USD,crypto,completed,7,4.5,True,9.12,level_1,40
TXN-1203999,2024-09-30,Content Writing,US,US,Writer,43.36,USD,credit_card,cancelled,3,,False,8.67,top_rated,40
TXN-1203723,2024-09-30,Photography,US,IN,Designer,125.5,USD,credit_card,completed,4,3.7,False,25.1,new_seller,40
TXN-1203785,2024-09-30,Video Production,BR,ES,Designer,253.33,USD,paypal,completed,4,4.0,False,50.67,level_2,40
TXN-1203732,2024-09-30,Translation,FR,GB,Writer,0.01,USD,credit_card,completed,2,4.9,False,0.0,level_1,40
TXN-1203734,2024-09-30,Social Media Management,NL,SG,Marketing Manager,123.63,USD,paypal,completed,5,4.6,True,24.73,level_2,40
TXN-1203748,2024-09-30,Virtual Assistant,BR,GB,HR Manager,150.78,USD,bank_transfer,completed,2,4.8,False,30.16,new_seller,40
TXN-1203747,2024-09-30,Photography,ES,IN,Designer,62.09,EUR,credit_card,cancelled,3,,False,12.42,level_2,40
TXN-1203746,2024-09-30,Financial Modeling,US,IN,Accountant,57.54,EUR,paypal,completed,12,4.4,True,11.51,top_rated,40
TXN-1203745,2024-09-30,Content Writing,US,US,Writer,171.58,USD,paypal,completed,1,4.7,True,34.32,rising_talent,40
TXN-1203744,2024-09-30,Data Analysis,ES,US,Data Scientist,98.69,USD,bank_transfer,completed,12,4.8,False,19.74,level_1,40
TXN-1203743,2024-09-30,SEO/SEM,GB,JP,Marketing Manager,57.42,USD,paypal,completed,17,3.3,False,11.48,top_rated,40
TXN-1203733,2024-09-30,SEO/SEM,SG,GB,Marketing Manager,207.41,USD,credit_card,completed,7,4.0,False,41.48,new_seller,40
TXN-1203742,2024-09-30,Mobile App,US,MX,Software Engineer,54.68,ILS,credit_card,completed,19,4.8,False,10.94,new_seller,40
TXN-1203740,2024-09-30,Graphic Design,IN,IN,Designer,26.86,GBP,paypal,completed,4,4.7,False,5.37,top_rated,40
TXN-1203739,2024-09-30,Virtual Assistant,GB,GB,HR Manager,195.92,GBP,paypal,completed,1,3.8,False,39.18,level_2,40
TXN-1203738,2024-09-30,Music Production,SG,DE,Designer,909.46,USD,credit_card,completed,13,4.1,False,181.89,level_1,40
TXN-1203737,2024-09-30,Translation,ZA,US,Writer,174.57,USD,paypal,completed,2,4.6,False,34.91,rising_talent,40
TXN-1203736,2024-09-30,Music Production,NL,GB,Designer,101.9,USD,paypal,completed,19,4.6,False,20.38,new_seller,40
TXN-1203735,2024-09-30,Mobile App,GB,US,Software Engineer,396.49,USD,paypal,completed,22,3.7,True,79.3,new_seller,40
TXN-1203741,2024-09-30,Data Analysis,US,CA,Data Scientist,63.24,USD,bank_transfer,completed,5,4.9,False,12.65,level_1,40
TXN-1203786,2024-09-30,Music Production,CA,GB,Designer,467.97,USD,paypal,completed,11,4.7,False,93.59,rising_talent,40
TXN-1203787,2024-09-30,Virtual Assistant,JP,GB,HR Manager,283.11,USD,credit_card,completed,2,4.4,False,56.62,level_2,40
TXN-1203788,2024-09-30,Content Writing,DE,DE,Writer,21.51,GBP,credit_card,completed,2,3.8,False,4.3,rising_talent,40
TXN-1203838,2024-09-30,Video Production,IN,BR,Designer,22.84,USD,bank_transfer,completed,5,4.1,False,4.57,level_2,40
TXN-1203837,2024-09-30,Content Writing,BR,IN,Writer,572.03,GBP,credit_card,completed,2,4.6,True,114.41,level_1,40
TXN-1203836,2024-09-30,Mobile App,NL,ES,Software Engineer,118.09,USD,paypal,completed,15,4.0,True,23.62,level_2,40
TXN-1203835,2024-09-30,Translation,AU,DE,Writer,200.34,USD,credit_card,completed,2,4.6,False,40.07,level_1,40
TXN-1203834,2024-09-30,Photography,US,GB,Designer,594.63,USD,paypal,completed,5,4.1,False,118.93,new_seller,40
TXN-1203833,2024-09-30,Music Production,GB,AU,Designer,144.9,EUR,credit_card,cancelled,8,,True,28.98,new_seller,40
TXN-1203839,2024-09-30,Translation,GB,MX,Writer,223.02,USD,bank_transfer,completed,2,4.6,True,44.6,level_1,40
TXN-1203832,2024-09-30,SEO/SEM,US,ZA,Marketing Manager,230.05,ILS,credit_card,completed,10,2.2,False,46.01,level_2,40
TXN-1203830,2024-09-30,Financial Modeling,DE,MX,Accountant,2543.66,USD,paypal,completed,10,4.9,False,508.73,top_rated,40
TXN-1203829,2024-09-30,Mobile App,IN,IN,Software Engineer,1234.41,USD,paypal,completed,20,4.7,True,246.88,top_rated,40
TXN-1203828,2024-09-30,Social Media Management,IN,IL,Marketing Manager,118.86,USD,bank_transfer,completed,8,4.8,False,23.77,new_seller,40
TXN-1203827,2024-09-30,AI/ML Development,IN,AU,Data Scientist,32.53,USD,credit_card,completed,10,4.5,False,6.51,level_2,40
TXN-1203826,2024-09-30,Social Media Management,GB,FR,Marketing Manager,5.0,ILS,bank_transfer,completed,9,4.2,True,1.0,level_2,40
TXN-1203825,2024-09-30,Graphic Design,NL,GB,Designer,644.78,GBP,bank_transfer,completed,5,3.5,True,128.96,level_1,40
TXN-1203831,2024-09-30,Social Media Management,GB,ES,Marketing Manager,442.54,INR,credit_card,completed,5,4.6,True,88.51,level_1,40
TXN-1203824,2024-09-30,Data Analysis,IL,GB,Data Scientist,596.32,USD,paypal,completed,5,3.3,False,119.26,new_seller,40
TXN-1203840,2024-09-30,Music Production,JP,IL,Designer,300.41,USD,credit_card,completed,15,3.4,False,60.08,level_2,40
TXN-1203842,2024-09-30,Video Production,US,FR,Designer,362.49,USD,paypal,completed,5,4.3,False,72.5,level_2,40
TXN-1203856,2024-09-30,SEO/SEM,AU,US,Marketing Manager,55.51,INR,credit_card,completed,12,3.0,False,11.1,level_1,40
TXN-1203855,2024-09-30,Legal Consulting,US,FR,Lawyer,230.72,USD,credit_card,completed,15,4.8,True,46.14,level_2,40
TXN-1203854,2024-09-30,Virtual Assistant,US,US,HR Manager,32.2,EUR,paypal,completed,2,3.7,False,6.44,rising_talent,40
TXN-1203853,2024-09-30,Graphic Design,US,IN,Designer,543.8,USD,credit_card,completed,3,4.6,True,108.76,level_2,40
TXN-1203852,2024-09-30,Photography,US,SG,Designer,272.22,USD,credit_card,completed,4,4.4,True,54.44,level_2,40
TXN-1203851,2024-09-30,AI/ML Development,DE,IN,Data Scientist,86.18,USD,credit_card,completed,15,4.4,False,17.24,level_2,40
TXN-1203841,2024-09-30,Web Development,US,ES,Software Engineer,1114.92,USD,paypal,completed,8,3.6,True,222.98,rising_talent,40
TXN-1203850,2024-09-30,Content Writing,US,ZA,Writer,90.31,GBP,bank_transfer,completed,2,4.1,False,18.06,top_rated,40
TXN-1203848,2024-09-30,Translation,US,FR,Writer,438.15,USD,credit_card,completed,3,3.7,False,87.63,new_seller,40
TXN-1203847,2024-09-30,Mobile App,SG,IN,Software Engineer,136.95,INR,paypal,completed,12,4.7,True,27.39,level_2,40
TXN-1203846,2024-09-30,Music Production,DE,IN,Designer,318.68,USD,paypal,completed,10,4.6,True,63.74,rising_talent,40
TXN-1203845,2024-09-30,Financial Modeling,GB,ES,Accountant,294.64,USD,credit_card,completed,11,4.5,True,58.93,rising_talent,40
TXN-1203844,2024-09-30,Legal Consulting,US,US,Lawyer,117.16,USD,credit_card,completed,11,4.7,True,23.43,level_2,40
TXN-1203843,2024-09-30,Photography,FR,IN,Designer,252.05,EUR,paypal,completed,4,3.9,False,50.41,level_1,40
TXN-1203849,2024-09-30,AI/ML Development,GB,GB,Data Scientist,1396.36,EUR,paypal,disputed,19,,True,279.27,new_seller,40
TXN-1203858,2024-09-30,Data Analysis,DE,IN,Data Scientist,201.04,GBP,credit_card,completed,4,1.0,False,40.21,level_1,40
TXN-1203823,2024-09-30,Photography,DE,IL,Designer,38.49,USD,paypal,completed,3,3.6,False,7.7,top_rated,40
TXN-1203821,2024-09-30,AI/ML Development,FR,US,Data Scientist,179.99,USD,crypto,completed,14,4.2,False,36.0,top_rated,40
TXN-1203802,2024-09-30,Social Media Management,US,US,Marketing Manager,1508.57,EUR,credit_card,completed,9,2.7,False,301.71,level_2,40
TXN-1203801,2024-09-30,Photography,GB,DE,Designer,106.74,USD,credit_card,completed,2,4.8,True,21.35,top_rated,40
TXN-1203800,2024-09-30,Mobile App,US,GB,Software Engineer,1066.06,USD,credit_card,completed,30,4.6,False,213.21,level_2,40
TXN-1203799,2024-09-30,Web Development,US,IN,Software Engineer,160.57,USD,credit_card,completed,23,3.9,False,32.11,level_2,40
TXN-1203798,2024-09-30,Virtual Assistant,DE,FR,HR Manager,99.09,USD,paypal,completed,5,2.8,True,19.82,rising_talent,40
TXN-1203797,2024-09-30,Video Production,IN,IN,Designer,310.45,USD,paypal,completed,6,2.8,False,62.09,level_1,40
TXN-1203803,2024-09-30,Video Production,IN,US,Designer,801.23,USD,credit_card,completed,8,3.6,False,160.25,top_rated,40
TXN-1203796,2024-09-30,SEO/SEM,US,IN,Marketing Manager,1862.16,GBP,crypto,cancelled,11,,False,372.43,level_1,40
TXN-1203794,2024-09-30,AI/ML Development,US,AU,Data Scientist,243.1,USD,credit_card,completed,18,4.8,False,48.62,top_rated,40
TXN-1203793,2024-09-30,Content Writing,DE,DE,Writer,62.84,USD,crypto,completed,1,3.7,False,12.57,level_1,40
TXN-1203792,2024-09-30,Music Production,US,FR,Designer,342.26,USD,credit_card,completed,6,4.8,False,68.45,level_2,40
TXN-1203791,2024-09-30,AI/ML Development,IN,NL,Data Scientist,139.81,USD,credit_card,completed,10,4.9,False,27.96,level_1,40
TXN-1203790,2024-09-30,Graphic Design,DE,US,Designer,242.18,GBP,credit_card,completed,85,4.1,True,48.44,level_2,40
TXN-1203789,2024-09-30,SEO/SEM,US,GB,Marketing Manager,85.47,INR,crypto,completed,24,4.5,True,17.09,level_1,40
TXN-1203795,2024-09-30,Content Writing,US,IN,Writer,2997.74,EUR,bank_transfer,completed,3,4.2,False,599.55,rising_talent,40
TXN-1203822,2024-09-30,Video Production,FR,FR,Designer,180.81,USD,paypal,completed,11,4.1,True,36.16,rising_talent,40
TXN-1203804,2024-09-30,AI/ML Development,US,GB,Data Scientist,472.57,EUR,credit_card,completed,17,3.5,True,94.51,new_seller,40
TXN-1203806,2024-09-30,SEO/SEM,BR,US,Marketing Manager,534.99,USD,bank_transfer,completed,11,3.6,False,107.0,new_seller,40
TXN-1203820,2024-09-30,Music Production,CA,US,Designer,285.5,USD,credit_card,completed,9,4.0,True,57.1,level_2,40
TXN-1203819,2024-09-30,Graphic Design,DE,US,Designer,295.07,EUR,bank_transfer,completed,5,4.3,False,59.01,level_1,40
TXN-1203818,2024-09-30,Translation,ZA,US,Writer,92.93,GBP,crypto,completed,8,4.1,True,18.59,level_2,40
TXN-1203817,2024-09-30,Web Development,DE,US,Software Engineer,31.83,USD,paypal,completed,14,3.8,False,6.37,rising_talent,40
TXN-1203816,2024-09-30,Video Production,IL,US,Designer,467.2,INR,credit_card,completed,10,3.6,False,93.44,level_1,40
TXN-1203815,2024-09-30,Data Analysis,US,AU,Data Scientist,462.21,USD,paypal,completed,8,4.7,True,92.44,top_rated,40
TXN-1203805,2024-09-30,Music Production,AU,IN,Designer,198.6,GBP,bank_transfer,completed,20,4.8,False,39.72,level_1,40
TXN-1203814,2024-09-30,Music Production,US,US,Designer,519.8,USD,credit_card,completed,15,4.9,False,103.96,rising_talent,40
TXN-1203812,2024-09-30,Mobile App,FR,US,Software Engineer,100.02,EUR,paypal,completed,12,4.7,False,20.0,level_2,40
TXN-1203811,2024-09-30,AI/ML Development,IN,DE,Data Scientist,181.05,ILS,credit_card,completed,14,4.0,True,36.21,level_2,40
TXN-1203810,2024-09-30,Graphic Design,US,ZA,Designer,286.72,USD,credit_card,completed,4,4.3,False,57.34,rising_talent,40
TXN-1203809,2024-09-30,Video Production,GB,US,Designer,20.42,USD,credit_card,completed,6,4.2,True,4.08,level_2,40
TXN-1203808,2024-09-30,Mobile App,MX,IN,Software Engineer,411.07,USD,paypal,completed,14,4.0,False,82.21,rising_talent,40
TXN-1203807,2024-09-30,Music Production,US,FR,Designer,284.64,USD,credit_card,completed,30,3.8,False,56.93,new_seller,40
TXN-1203813,2024-09-30,AI/ML Development,MX,IL,Data Scientist,327.63,EUR,paypal,completed,11,4.4,False,65.53,new_seller,40
TXN-1204000,2024-09-30,Graphic Design,SG,IN,Designer,28.44,USD,bank_transfer,completed,7,4.6,False,5.69,level_1,40
