transaction_id,date,gig_category,seller_country,buyer_country,seller_profession,amount_usd,currency,payment_method,status,completion_days,rating,is_repeat_buyer,platform_fee_usd,seller_level,week_number
TXN-1300125,2024-10-01,Content Writing,DE,FR,Writer,162.48,USD,credit_card,completed,3,4.3,False,32.5,top_rated,40
TXN-1300062,2024-10-01,Social Media Management,DE,MX,Marketing Manager,2006.61,GBP,credit_card,completed,9,2.6,False,401.32,rising_talent,40
TXN-1300060,2024-10-01,Financial Modeling,US,GB,Accountant,474.59,INR,credit_card,completed,12,4.3,True,94.92,level_1,40
TXN-1300187,2024-10-01,Data Analysis,GB,US,Data Scientist,4046.61,USD,bank_transfer,completed,8,4.6,True,809.32,level_1,40
TXN-1300188,2024-10-01,Data Analysis,US,US,Data Scientist,313.45,USD,credit_card,completed,5,4.2,False,62.69,level_2,40
TXN-1300268,2024-10-01,Photography,DE,US,Designer,429.56,ILS,credit_card,completed,7,4.5,False,85.91,rising_talent,40
TXN-1300055,2024-10-01,Music Production,US,AU,Designer,47.13,USD,credit_card,completed,13,4.6,False,9.43,new_seller,40
TXN-1300106,2024-10-01,Web Development,IN,IN,Software Engineer,199.59,USD,credit_card,completed,12,4.6,True,39.92,rising_talent,40
TXN-1300191,2024-10-01,SEO/SEM,US,IL,Marketing Manager,2150.42,USD,credit_card,completed,10,4.7,True,430.08,level_1,40
TXN-1300052,2024-10-01,Social Media Management,ZA,GB,Marketing Manager,304.44,ILS,credit_card,completed,9,4.7,False,60.89,level_1,40
TXN-1300192,2024-10-01,Social Media Management,US,IN,Marketing Manager,219.68,GBP,paypal,completed,19,4.0,True,43.94,level_2,40
TXN-1300049,2024-10-01,Web Development,ZA,GB,Software Engineer,165.39,USD,credit_card,completed,9,4.4,False,33.08,level_1,40
TXN-1300197,2024-10-01,Mobile App,MX,IN,Software Engineer,450.59,USD,credit_card,completed,17,3.1,False,90.12,rising_talent,40
TXN-1300043,2024-10-01,Web Development,IL,FR,Software Engineer,555.9,EUR,credit_card,completed,13,4.8,True,111.18,level_2,40
TXN-1300254,2024-10-01,Data Analysis,US,ES,Data Scientist,51.04,USD,credit_card,completed,4,4.1,False,10.21,level_2,40
TXN-1300041,2024-10-01,AI/ML Development,US,SG,Data Scientist,218.32,USD,paypal,completed,20,4.8,False,43.66,top_rated,40
TXN-1300185,2024-10-01,Virtual Assistant,ES,DE,HR Manager,1012.46,USD,paypal,disputed,1,,False,202.49,rising_talent,40
TXN-1300065,2024-10-01,Financial Modeling,US,GB,Accountant,308.11,USD,credit_card,completed,12,2.7,False,61.62,level_1,40
TXN-1300066,2024-10-01,Graphic Design,IN,US,Designer,128.96,USD,credit_card,completed,7,4.5,True,25.79,level_1,40
TXN-1300181,2024-10-01,Virtual Assistant,US,GB,HR Manager,23.11,USD,paypal,completed,1,4.6,False,4.62,rising_talent,40
TXN-1300108,2024-10-01,Translation,AU,ZA,Writer,88.29,USD,credit_card,completed,3,3.3,True,17.66,level_2,40
TXN-1300262,2024-10-01,Video Production,US,IN,Designer,169.34,USD,paypal,completed,9,4.4,False,33.87,level_1,40
TXN-1300101,2024-10-01,Data Analysis,FR,IN,Data Scientist,158.83,ILS,credit_card,completed,3,4.3,False,31.77,level_1,40
TXN-1300270,2024-10-01,Translation,US,US,Writer,105.77,USD,credit_card,completed,3,4.2,True,21.15,level_2,40
TXN-1300099,2024-10-01,Data Analysis,US,IN,Data Scientist,48.82,USD,credit_card,disputed,10,,True,9.76,level_2,40
TXN-1300156,2024-10-01,Social Media Management,IL,AU,Marketing Manager,91.11,USD,credit_card,completed,5,4.6,False,18.22,rising_talent,40
TXN-1300094,2024-10-01,SEO/SEM,GB,FR,Marketing Manager,61.59,USD,credit_card,completed,11,4.9,True,12.32,rising_talent,40
TXN-1300204,2024-10-01,Social Media Management,BR,BR,Marketing Manager,1150.32,USD,bank_transfer,completed,8,4.8,True,230.06,level_1,40
TXN-1300158,2024-10-01,Legal Consulting,FR,IN,Lawyer,681.05,USD,paypal,completed,8,4.2,False,136.21,level_2,40
TXN-1300162,2024-10-01,Financial Modeling,IN,FR,Accountant,228.45,GBP,bank_transfer,completed,10,2.8,True,45.69,rising_talent,40
TXN-1300111,2024-10-01,Graphic Design,US,BR,Designer,165.88,EUR,paypal,completed,1,3.9,True,33.18,rising_talent,40
TXN-1300168,2024-10-01,Translation,ZA,US,Writer,101.4,USD,credit_card,completed,4,3.4,False,20.28,level_1,40
TXN-1300260,2024-10-01,Virtual Assistant,IL,GB,HR Manager,58.52,EUR,paypal,completed,1,3.0,False,11.7,level_1,40
TXN-1300143,2024-10-01,Graphic Design,BR,US,Designer,1259.68,USD,credit_card,completed,5,4.6,False,251.94,level_1,40
TXN-1300178,2024-10-01,Data Analysis,DE,DE,Data Scientist,1375.31,USD,credit_card,completed,7,4.4,False,275.06,level_1,40
TXN-1300072,2024-10-01,Virtual Assistant,US,US,HR Manager,31.95,USD,paypal,completed,1,3.8,True,6.39,level_2,40
TXN-1300089,2024-10-01,AI/ML Development,ZA,US,Data Scientist,190.39,USD,credit_card,completed,28,4.4,False,38.08,top_rated,40
TXN-1300039,2024-10-01,Music Production,SG,US,Designer,71.91,USD,credit_card,completed,14,4.6,True,14.38,level_1,40
TXN-1300054,2024-10-01,Music Production,AU,US,Designer,97.97,USD,credit_card,completed,19,4.8,True,19.59,new_seller,40
TXN-1300008,2024-10-01,Legal Consulting,IN,US,Lawyer,178.33,USD,credit_card,completed,19,4.6,True,35.67,level_1,40
TXN-1300230,2024-10-01,Content Writing,BR,DE,Writer,402.38,USD,credit_card,completed,3,3.3,True,80.48,level_2,40
TXN-1300241,2024-10-01,Graphic Design,CA,US,Designer,745.91,USD,credit_card,completed,4,3.9,True,149.18,level_1,40
TXN-1300227,2024-10-01,Video Production,MX,DE,Designer,347.68,EUR,paypal,completed,6,4.6,False,69.54,level_2,40
TXN-1300019,2024-10-01,SEO/SEM,IN,US,Marketing Manager,276.39,USD,credit_card,completed,14,4.4,False,55.28,top_rated,40
TXN-1300221,2024-10-01,Music Production,FR,US,Designer,37.49,USD,credit_card,completed,6,2.6,False,7.5,level_2,40
TXN-1300130,2024-10-01,Translation,GB,IN,Writer,122.58,ILS,paypal,completed,3,3.5,False,24.52,level_2,40
TXN-1300218,2024-10-01,Financial Modeling,US,ES,Accountant,101.35,USD,paypal,completed,12,4.2,False,20.27,level_2,40
TXN-1300216,2024-10-01,Legal Consulting,US,GB,Lawyer,149.33,USD,bank_transfer,completed,12,4.9,False,29.87,level_1,40
TXN-1300131,2024-10-01,Video Production,US,JP,Designer,27.76,USD,paypal,completed,5,4.8,True,5.55,level_2,40
TXN-1300250,2024-10-01,Data Analysis,FR,US,Data Scientist,21.4,USD,paypal,completed,11,4.9,False,4.28,level_1,40
TXN-1300007,2024-10-01,Photography,DE,CA,Designer,766.6,USD,credit_card,completed,4,4.6,True,153.32,level_1,40
TXN-1300277,2024-10-01,Financial Modeling,MX,US,Accountant,79.04,USD,paypal,completed,14,3.2,True,15.81,level_2,40
TXN-1300251,2024-10-01,Social Media Management,IN,US,Marketing Manager,138.23,USD,paypal,completed,10,4.4,False,27.65,level_1,40
TXN-1300237,2024-10-01,Video Production,IN,DE,Designer,53.08,USD,paypal,completed,6,2.0,False,10.62,new_seller,40
TXN-1300235,2024-10-01,Legal Consulting,GB,GB,Lawyer,46.9,USD,paypal,completed,18,4.9,False,9.38,top_rated,40
TXN-1300236,2024-10-01,Virtual Assistant,IN,US,HR Manager,313.87,USD,paypal,cancelled,2,,False,62.77,rising_talent,40
TXN-1300207,2024-10-01,Photography,DE,MX,Designer,1064.67,USD,bank_transfer,completed,4,4.8,False,212.93,top_rated,40
TXN-1300232,2024-10-01,Virtual Assistant,DE,BR,HR Manager,113.73,USD,credit_card,completed,1,4.2,False,22.75,rising_talent,40
TXN-1300011,2024-10-02,Social Media Management,US,US,Marketing Manager,31.92,USD,credit_card,completed,8,4.6,True,6.38,new_seller,40
TXN-1300144,2024-10-02,Mobile App,JP,CA,Software Engineer,198.21,USD,paypal,completed,25,4.3,True,39.64,top_rated,40
TXN-1300088,2024-10-02,Social Media Management,DE,US,Marketing Manager,18.36,USD,bank_transfer,completed,2,3.7,True,3.67,level_1,40
TXN-1300090,2024-10-02,Social Media Management,US,US,Marketing Manager,55.91,USD,credit_card,completed,5,3.3,False,11.18,level_1,40
TXN-1300083,2024-10-02,Data Analysis,SG,US,Data Scientist,133.43,USD,paypal,completed,6,4.1,False,26.69,top_rated,40
TXN-1300087,2024-10-02,Virtual Assistant,DE,ZA,HR Manager,685.11,USD,credit_card,completed,2,4.4,False,137.02,level_2,40
TXN-1300135,2024-10-02,Video Production,US,CA,Designer,115.98,ILS,credit_card,completed,5,4.4,True,23.2,level_2,40
TXN-1300081,2024-10-02,Video Production,DE,JP,Designer,371.93,USD,paypal,completed,13,2.9,False,74.39,level_1,40
TXN-1300271,2024-10-02,Financial Modeling,IN,GB,Accountant,599.24,USD,credit_card,completed,9,4.5,True,119.85,level_2,40
TXN-1300096,2024-10-02,Legal Consulting,NL,US,Lawyer,104.78,GBP,credit_card,completed,27,3.6,False,20.96,level_2,40
TXN-1300097,2024-10-02,Virtual Assistant,JP,FR,HR Manager,440.63,INR,credit_card,completed,2,4.2,False,88.13,level_1,40
TXN-1300006,2024-10-02,Content Writing,IL,CA,Writer,387.58,USD,credit_card,completed,83,4.6,True,77.52,level_1,40
TXN-1300005,2024-10-02,Graphic Design,US,US,Designer,592.57,USD,credit_card,completed,4,3.7,False,118.51,top_rated,40
TXN-1300243,2024-10-02,Data Analysis,US,US,Data Scientist,768.1,USD,credit_card,completed,7,4.2,True,153.62,new_seller,40
TXN-1300128,2024-10-02,Photography,US,US,Designer,53.88,USD,credit_card,completed,4,4.2,False,10.78,level_1,40
TXN-1300153,2024-10-02,Legal Consulting,DE,GB,Lawyer,31.16,USD,credit_card,in_progress,12,,False,6.23,new_seller,40
TXN-1300104,2024-10-02,Content Writing,GB,IN,Writer,113.43,USD,paypal,completed,2,4.2,False,22.69,level_2,40
TXN-1300002,2024-10-02,Data Analysis,US,US,Data Scientist,981.06,USD,paypal,completed,5,4.9,False,196.21,level_2,40
TXN-1300091,2024-10-02,Financial Modeling,CA,GB,Accountant,47.04,USD,paypal,completed,15,4.7,False,9.41,top_rated,40
TXN-1300169,2024-10-02,Financial Modeling,US,CA,Accountant,45.44,USD,credit_card,completed,15,4.8,True,9.09,level_1,40
TXN-1300016,2024-10-02,Video Production,GB,US,Designer,49.4,USD,paypal,completed,26,3.7,False,9.88,rising_talent,40
TXN-1300259,2024-10-02,Translation,US,SG,Writer,720.38,USD,bank_transfer,completed,3,3.1,True,144.08,level_1,40
TXN-1300034,2024-10-02,Graphic Design,IN,CA,Designer,779.29,USD,paypal,completed,4,4.0,False,155.86,level_2,40
TXN-1300199,2024-10-02,Data Analysis,US,US,Data Scientist,235.95,USD,credit_card,completed,4,4.4,False,47.19,rising_talent,40
TXN-1300255,2024-10-02,Social Media Management,US,IN,Marketing Manager,13.38,USD,bank_transfer,disputed,4,,False,2.68,level_2,40
TXN-1300138,2024-10-02,SEO/SEM,DE,DE,Marketing Manager,53.77,USD,credit_card,completed,11,4.4,False,10.75,level_2,40
TXN-1300194,2024-10-02,Graphic Design,SG,US,Designer,381.86,USD,paypal,completed,4,2.9,False,76.37,level_1,40
TXN-1300257,2024-10-02,Virtual Assistant,IN,FR,HR Manager,677.0,USD,credit_card,completed,3,3.8,False,135.4,level_1,40
TXN-1300119,2024-10-02,Graphic Design,IN,US,Designer,154.24,USD,bank_transfer,completed,2,4.0,False,30.85,new_seller,40
TXN-1300056,2024-10-02,Content Writing,ZA,IN,Writer,35.2,USD,credit_card,completed,1,1.0,True,7.04,level_2,40
TXN-1300223,2024-10-02,SEO/SEM,US,ES,Marketing Manager,44.46,USD,credit_card,completed,14,3.4,False,8.89,new_seller,40
TXN-1300224,2024-10-02,Legal Consulting,FR,US,Lawyer,479.43,ILS,crypto,completed,11,2.4,False,95.89,new_seller,40
TXN-1300014,2024-10-02,Legal Consulting,IN,IN,Lawyer,487.8,USD,paypal,completed,21,4.7,True,97.56,level_1,40
TXN-1300061,2024-10-02,Social Media Management,IN,NL,Marketing Manager,86.01,USD,crypto,completed,7,3.9,False,17.2,level_2,40
TXN-1300067,2024-10-02,Graphic Design,US,US,Designer,99.87,USD,paypal,completed,3,3.7,True,19.97,rising_talent,40
TXN-1300018,2024-10-02,Mobile App,DE,US,Software Engineer,408.63,EUR,paypal,completed,19,4.4,False,81.73,level_2,40
TXN-1300258,2024-10-02,Translation,US,IN,Writer,163.2,USD,crypto,completed,1,4.8,True,32.64,level_2,40
TXN-1300179,2024-10-02,Content Writing,IN,IN,Writer,169.9,USD,credit_card,completed,2,4.5,False,33.98,top_rated,40
TXN-1300273,2024-10-02,Music Production,FR,BR,Designer,63.97,USD,credit_card,completed,12,4.7,True,12.79,new_seller,40
TXN-1300017,2024-10-02,AI/ML Development,IN,NL,Data Scientist,38.37,USD,credit_card,completed,7,2.7,False,7.67,new_seller,40
TXN-1300137,2024-10-02,Legal Consulting,US,US,Lawyer,234.26,GBP,credit_card,completed,13,4.2,True,46.85,top_rated,40
TXN-1300075,2024-10-02,Mobile App,US,IN,Software Engineer,63.66,INR,bank_transfer,completed,18,3.8,True,12.73,top_rated,40
TXN-1300175,2024-10-02,Video Production,FR,DE,Designer,108.19,USD,credit_card,completed,8,3.2,False,21.64,top_rated,40
TXN-1300173,2024-10-02,SEO/SEM,DE,AU,Marketing Manager,102.56,USD,crypto,cancelled,16,,False,20.51,rising_talent,40
TXN-1300264,2024-10-02,Financial Modeling,IN,IN,Accountant,47.44,USD,bank_transfer,completed,8,2.9,False,9.49,level_1,40
TXN-1300141,2024-10-03,Translation,US,US,Writer,265.94,USD,credit_card,completed,2,3.5,False,53.19,rising_talent,40
TXN-1300133,2024-10-03,Virtual Assistant,ZA,BR,HR Manager,999.33,GBP,paypal,completed,2,2.7,False,199.87,rising_talent,40
TXN-1300134,2024-10-03,AI/ML Development,IN,GB,Data Scientist,216.2,USD,paypal,completed,14,4.7,False,43.24,rising_talent,40
TXN-1300145,2024-10-03,Social Media Management,US,IN,Marketing Manager,73.03,EUR,credit_card,in_progress,6,,True,14.61,level_2,40
TXN-1300124,2024-10-03,AI/ML Development,SG,US,Data Scientist,530.53,USD,credit_card,completed,30,4.1,False,106.11,level_2,40
TXN-1300161,2024-10-03,AI/ML Development,US,GB,Data Scientist,189.36,ILS,credit_card,completed,24,4.8,False,37.87,new_seller,40
TXN-1300244,2024-10-03,Web Development,DE,US,Software Engineer,57.09,USD,credit_card,completed,22,4.5,True,11.42,level_2,40
TXN-1300239,2024-10-03,Mobile App,US,US,Software Engineer,189.42,USD,credit_card,completed,9,4.4,False,37.88,new_seller,40
TXN-1300234,2024-10-03,Mobile App,US,US,Software Engineer,456.86,USD,bank_transfer,completed,23,4.9,False,91.37,level_2,40
TXN-1300220,2024-10-03,AI/ML Development,US,ZA,Data Scientist,748.6,USD,credit_card,completed,11,4.2,False,149.72,level_1,40
TXN-1300214,2024-10-03,Social Media Management,IN,AU,Marketing Manager,420.4,USD,bank_transfer,completed,12,4.5,False,84.08,level_1,40
TXN-1300252,2024-10-03,Photography,GB,SG,Designer,514.18,USD,paypal,completed,5,4.9,False,102.84,level_2,40
TXN-1300151,2024-10-03,Content Writing,BR,GB,Writer,1737.36,USD,bank_transfer,completed,4,3.3,False,347.47,level_2,40
TXN-1300206,2024-10-03,Virtual Assistant,IN,US,HR Manager,570.69,USD,credit_card,completed,1,1.9,True,114.14,top_rated,40
TXN-1300256,2024-10-03,Virtual Assistant,US,BR,HR Manager,478.55,USD,crypto,completed,2,3.6,False,95.71,rising_talent,40
TXN-1300190,2024-10-03,Translation,AU,IL,Writer,349.74,ILS,credit_card,completed,2,4.5,True,69.95,rising_talent,40
TXN-1300126,2024-10-03,Graphic Design,AU,CA,Designer,1141.26,USD,credit_card,completed,5,4.2,False,228.25,level_1,40
TXN-1300177,2024-10-03,Mobile App,FR,IN,Software Engineer,367.69,USD,bank_transfer,completed,16,3.9,False,73.54,rising_talent,40
TXN-1300261,2024-10-03,Music Production,US,BR,Designer,145.77,USD,credit_card,completed,14,4.5,True,29.15,level_2,40
TXN-1300163,2024-10-03,Social Media Management,IN,IN,Marketing Manager,66.43,USD,paypal,completed,7,4.1,True,13.29,rising_talent,40
TXN-1300253,2024-10-03,Web Development,US,DE,Software Engineer,231.7,USD,credit_card,completed,11,2.6,False,46.34,rising_talent,40
TXN-1300186,2024-10-03,Data Analysis,US,US,Data Scientist,15.91,USD,credit_card,completed,10,4.9,False,3.18,rising_talent,40
TXN-1300248,2024-10-03,Translation,ZA,US,Writer,21.13,USD,credit_card,completed,4,4.9,False,4.23,rising_talent,40
TXN-1300059,2024-10-03,Financial Modeling,US,ES,Accountant,665.5,USD,credit_card,completed,30,4.0,True,133.1,level_2,40
TXN-1300058,2024-10-03,Social Media Management,AU,NL,Marketing Manager,33.3,USD,paypal,completed,12,3.4,True,6.66,level_1,40
TXN-1300078,2024-10-03,Mobile App,US,US,Software Engineer,24.92,USD,credit_card,cancelled,20,,False,4.98,new_seller,40
TXN-1300080,2024-10-03,Virtual Assistant,US,IN,HR Manager,5000.0,USD,credit_card,completed,2,4.5,True,1000.0,level_2,40
TXN-1300036,2024-10-03,Data Analysis,JP,US,Data Scientist,47.43,USD,credit_card,cancelled,6,,True,9.49,top_rated,40
TXN-1300276,2024-10-03,Music Production,US,SG,Designer,22.2,USD,credit_card,completed,7,5.0,True,4.44,level_2,40
TXN-1300093,2024-10-03,Translation,SG,IN,Writer,188.6,USD,paypal,completed,1,4.4,False,37.72,level_2,40
TXN-1300033,2024-10-03,SEO/SEM,CA,US,Marketing Manager,625.93,USD,paypal,completed,9,4.4,False,125.19,level_2,40
TXN-1300031,2024-10-03,AI/ML Development,GB,DE,Data Scientist,31.1,USD,credit_card,completed,11,3.9,False,6.22,level_1,40
TXN-1300027,2024-10-03,Legal Consulting,US,IN,Lawyer,153.24,USD,credit_card,completed,19,4.0,True,30.65,rising_talent,40
TXN-1300026,2024-10-03,AI/ML Development,US,BR,Data Scientist,612.29,USD,credit_card,completed,20,4.1,True,122.46,level_1,40
TXN-1300107,2024-10-03,Data Analysis,FR,US,Data Scientist,266.8,USD,bank_transfer,completed,7,4.2,True,53.36,rising_talent,40
TXN-1300110,2024-10-03,Video Production,US,US,Designer,345.57,USD,bank_transfer,completed,16,4.7,False,69.11,level_2,40
TXN-1300112,2024-10-03,Financial Modeling,MX,AU,Accountant,399.5,GBP,bank_transfer,completed,10,4.8,True,79.9,level_1,40
TXN-1300103,2024-10-03,Video Production,GB,ES,Designer,124.61,USD,bank_transfer,completed,5,4.3,False,24.92,level_1,40
TXN-1300068,2024-10-03,AI/ML Development,US,BR,Data Scientist,203.8,USD,credit_card,completed,10,3.1,False,40.76,level_2,40
TXN-1300023,2024-10-03,Virtual Assistant,US,US,HR Manager,553.27,USD,paypal,completed,1,4.2,True,110.65,level_2,40
TXN-1300015,2024-10-03,Translation,US,ES,Writer,78.27,USD,credit_card,completed,2,3.7,False,15.65,level_1,40
TXN-1300020,2024-10-03,AI/ML Development,US,CA,Data Scientist,189.74,USD,credit_card,completed,12,2.4,True,37.95,top_rated,40
TXN-1300004,2024-10-03,Data Analysis,FR,ZA,Data Scientist,36.23,USD,credit_card,completed,7,4.2,True,7.25,level_2,40
TXN-1300113,2024-10-03,Video Production,IN,US,Designer,240.03,USD,credit_card,completed,8,4.9,False,48.01,level_2,40
TXN-1300203,2024-10-04,Web Development,GB,JP,Software Engineer,117.23,USD,credit_card,completed,14,4.5,False,23.45,level_2,40
TXN-1300202,2024-10-04,Social Media Management,NL,US,Marketing Manager,218.97,USD,paypal,completed,9,4.7,False,43.79,new_seller,40
TXN-1300044,2024-10-04,Social Media Management,NL,FR,Marketing Manager,375.48,USD,paypal,completed,4,4.4,False,75.1,top_rated,40
TXN-1300196,2024-10-04,Translation,GB,ZA,Writer,26.71,USD,paypal,cancelled,2,,False,5.34,top_rated,40
TXN-1300048,2024-10-04,Data Analysis,US,IN,Data Scientist,147.63,USD,credit_card,completed,3,4.5,False,29.53,level_2,40
TXN-1300050,2024-10-04,SEO/SEM,BR,IN,Marketing Manager,35.61,GBP,bank_transfer,completed,4,2.7,True,7.12,level_2,40
TXN-1300003,2024-10-04,Legal Consulting,US,FR,Lawyer,7.68,USD,paypal,completed,9,4.6,True,1.54,level_1,40
TXN-1300053,2024-10-04,AI/ML Development,DE,MX,Data Scientist,113.48,ILS,bank_transfer,completed,18,3.4,True,22.7,level_1,40
TXN-1300189,2024-10-04,SEO/SEM,US,ZA,Marketing Manager,46.18,USD,paypal,cancelled,10,,True,9.24,new_seller,40
TXN-1300245,2024-10-04,Legal Consulting,IN,IN,Lawyer,199.27,USD,paypal,completed,14,4.7,False,39.85,level_2,40
TXN-1300063,2024-10-04,Legal Consulting,US,GB,Lawyer,149.15,USD,credit_card,completed,20,4.9,True,29.83,level_2,40
TXN-1300064,2024-10-04,Mobile App,US,BR,Software Engineer,229.17,EUR,paypal,completed,27,3.7,False,45.83,level_2,40
TXN-1300183,2024-10-04,AI/ML Development,ZA,MX,Data Scientist,76.49,USD,credit_card,completed,24,3.7,False,15.3,level_1,40
TXN-1300051,2024-10-04,Content Writing,US,ZA,Writer,137.35,USD,crypto,completed,2,3.5,False,27.47,level_1,40
TXN-1300040,2024-10-04,Financial Modeling,IN,US,Accountant,8.32,INR,paypal,completed,12,3.6,False,1.66,new_seller,40
TXN-1300226,2024-10-04,Social Media Management,DE,CA,Marketing Manager,29.1,USD,credit_card,completed,5,4.0,True,5.82,level_2,40
TXN-1300279,2024-10-04,Translation,IN,FR,Writer,229.19,USD,paypal,completed,2,3.1,False,45.84,level_1,40
TXN-1300228,2024-10-04,Photography,US,ZA,Designer,162.83,USD,crypto,completed,1,4.9,False,32.57,new_seller,40
TXN-1300225,2024-10-04,Translation,ES,US,Writer,187.66,USD,crypto,completed,5,3.0,False,37.53,new_seller,40
TXN-1300229,2024-10-04,Mobile App,US,CA,Software Engineer,61.0,USD,paypal,completed,17,4.3,True,12.2,rising_talent,40
TXN-1300024,2024-10-04,Graphic Design,GB,GB,Designer,147.67,USD,paypal,completed,4,3.7,True,29.53,level_1,40
TXN-1300222,2024-10-04,Translation,FR,GB,Writer,44.78,INR,bank_transfer,completed,2,3.3,True,8.96,level_1,40
TXN-1300022,2024-10-04,Video Production,US,IN,Designer,132.91,GBP,crypto,completed,6,4.8,False,26.58,new_seller,40
TXN-1300038,2024-10-04,SEO/SEM,US,IN,Marketing Manager,315.12,USD,credit_card,completed,6,3.7,False,63.02,level_1,40
TXN-1300231,2024-10-04,Financial Modeling,AU,MX,Accountant,571.94,USD,paypal,completed,8,2.7,False,114.39,rising_talent,40
TXN-1300028,2024-10-04,Music Production,DE,IN,Designer,597.16,USD,credit_card,completed,15,4.2,False,119.43,level_2,40
TXN-1300182,2024-10-04,Music Production,CA,BR,Designer,635.7,USD,paypal,completed,11,4.0,False,127.14,level_1,40
TXN-1300217,2024-10-04,AI/ML Development,US,SG,Data Scientist,119.12,USD,credit_card,completed,9,4.6,False,23.82,level_1,40
TXN-1300029,2024-10-04,Financial Modeling,SG,FR,Accountant,140.79,USD,paypal,completed,15,4.4,False,28.16,level_2,40
TXN-1300233,2024-10-04,Legal Consulting,BR,US,Lawyer,96.93,EUR,bank_transfer,completed,9,3.8,True,19.39,rising_talent,40
TXN-1300211,2024-10-04,Mobile App,US,JP,Software Engineer,100.34,USD,paypal,completed,30,4.9,False,20.07,level_1,40
TXN-1300219,2024-10-04,Financial Modeling,IN,GB,Accountant,91.41,USD,credit_card,completed,12,4.4,False,18.28,new_seller,40
TXN-1300240,2024-10-04,Financial Modeling,GB,GB,Accountant,197.11,GBP,bank_transfer,completed,4,2.7,False,39.42,new_seller,40
TXN-1300127,2024-10-04,Video Production,CA,IN,Designer,1164.34,USD,credit_card,completed,7,3.0,True,232.87,new_seller,40
TXN-1300001,2024-10-04,Video Production,US,US,Designer,92.72,USD,bank_transfer,completed,5,3.4,False,18.54,level_2,40
TXN-1300086,2024-10-04,Web Development,BR,US,Software Engineer,1026.74,USD,credit_card,completed,30,4.5,True,205.35,level_2,40
TXN-1300092,2024-10-04,Music Production,GB,JP,Designer,51.73,USD,bank_transfer,completed,9,4.7,True,10.35,new_seller,40
TXN-1300116,2024-10-04,Graphic Design,US,BR,Designer,292.59,USD,paypal,completed,7,3.4,False,58.52,level_1,40
TXN-1300267,2024-10-04,Legal Consulting,BR,IN,Lawyer,39.45,USD,paypal,completed,10,4.4,False,7.89,level_1,40
TXN-1300160,2024-10-04,Social Media Management,IL,FR,Marketing Manager,96.79,USD,credit_card,completed,11,3.9,False,19.36,level_2,40
TXN-1300265,2024-10-04,Social Media Management,US,MX,Marketing Manager,894.43,USD,credit_card,completed,4,4.3,True,178.89,new_seller,40
TXN-1300157,2024-10-04,Web Development,MX,NL,Software Engineer,256.77,USD,credit_card,completed,9,4.3,False,51.35,rising_talent,40
TXN-1300098,2024-10-04,Legal Consulting,US,DE,Lawyer,258.06,USD,credit_card,completed,11,4.6,False,51.61,level_2,40
TXN-1300069,2024-10-04,Legal Consulting,IN,GB,Lawyer,49.5,GBP,credit_card,completed,14,4.3,False,9.9,new_seller,40
TXN-1300140,2024-10-04,Music Production,US,SG,Designer,63.6,EUR,credit_card,completed,13,4.8,False,12.72,top_rated,40
TXN-1300142,2024-10-04,Social Media Management,DE,US,Marketing Manager,120.04,EUR,credit_card,completed,14,3.6,False,24.01,top_rated,40
TXN-1300109,2024-10-04,Translation,IN,SG,Writer,178.19,USD,paypal,cancelled,7,,False,35.64,top_rated,40
TXN-1300152,2024-10-04,AI/ML Development,IN,US,Data Scientist,146.84,USD,bank_transfer,completed,24,3.5,True,29.37,level_1,40
TXN-1300105,2024-10-04,Web Development,US,US,Software Engineer,196.14,USD,bank_transfer,completed,12,4.3,True,39.23,level_2,40
TXN-1300147,2024-10-04,Financial Modeling,US,GB,Accountant,338.48,INR,paypal,completed,16,4.4,False,67.7,level_1,40
TXN-1300263,2024-10-04,Virtual Assistant,US,GB,HR Manager,107.64,USD,crypto,completed,1,3.6,False,21.53,level_1,40
TXN-1300120,2024-10-04,Music Production,US,IN,Designer,201.14,GBP,paypal,completed,13,4.9,False,40.23,top_rated,40
TXN-1300165,2024-10-04,Social Media Management,BR,US,Marketing Manager,136.88,USD,paypal,completed,26,4.5,False,27.38,new_seller,40
TXN-1300121,2024-10-04,Music Production,US,US,Designer,144.74,USD,credit_card,completed,7,4.0,False,28.95,level_2,40
TXN-1300132,2024-10-04,Virtual Assistant,US,BR,HR Manager,296.54,EUR,paypal,completed,2,4.9,False,59.31,level_1,40
TXN-1300073,2024-10-04,AI/ML Development,FR,CA,Data Scientist,213.98,USD,credit_card,completed,14,4.9,False,42.8,level_2,40
TXN-1300123,2024-10-04,AI/ML Development,MX,NL,Data Scientist,1748.26,USD,credit_card,completed,19,4.3,False,349.65,level_1,40
TXN-1300176,2024-10-04,Virtual Assistant,SG,US,HR Manager,56.41,USD,credit_card,completed,1,3.2,False,11.28,level_2,40
TXN-1300167,2024-10-04,AI/ML Development,US,US,Data Scientist,172.45,USD,credit_card,completed,15,4.0,True,34.49,level_1,40
TXN-1300076,2024-10-04,Virtual Assistant,DE,CA,HR Manager,47.65,USD,credit_card,completed,1,4.7,False,9.53,top_rated,40
TXN-1300170,2024-10-04,Graphic Design,NL,NL,Designer,38.37,GBP,credit_card,cancelled,6,,True,7.67,level_1,40
TXN-1300272,2024-10-04,Graphic Design,GB,US,Designer,206.92,USD,credit_card,completed,9,3.1,False,41.38,new_seller,40
TXN-1300077,2024-10-04,AI/ML Development,BR,IN,Data Scientist,168.96,USD,paypal,completed,16,4.3,False,33.79,new_seller,40
TXN-1300174,2024-10-04,Virtual Assistant,SG,MX,HR Manager,717.1,USD,bank_transfer,completed,1,3.5,False,143.42,level_2,40
TXN-1300266,2024-10-05,Legal Consulting,IN,BR,Lawyer,131.2,USD,credit_card,completed,5,4.9,False,26.24,new_seller,40
TXN-1300122,2024-10-05,Financial Modeling,DE,JP,Accountant,85.65,EUR,paypal,completed,5,4.6,False,17.13,new_seller,40
TXN-1300118,2024-10-05,Video Production,AU,FR,Designer,362.14,EUR,credit_card,completed,7,3.4,False,72.43,top_rated,40
TXN-1300010,2024-10-05,AI/ML Development,MX,IN,Data Scientist,11.77,USD,paypal,completed,29,4.5,False,2.35,new_seller,40
TXN-1300238,2024-10-05,AI/ML Development,MX,GB,Data Scientist,19.78,USD,bank_transfer,completed,15,3.7,True,3.96,rising_talent,40
TXN-1300136,2024-10-05,SEO/SEM,BR,US,Marketing Manager,290.82,USD,credit_card,completed,20,1.0,False,58.16,level_1,40
TXN-1300280,2024-10-05,Legal Consulting,NL,IN,Lawyer,64.93,USD,paypal,completed,8,4.3,False,12.99,level_2,40
TXN-1300021,2024-10-05,Photography,MX,ZA,Designer,91.43,EUR,credit_card,completed,3,5.0,False,18.29,level_2,40
TXN-1300117,2024-10-05,Music Production,US,GB,Designer,205.24,GBP,bank_transfer,completed,16,3.1,False,41.05,level_2,40
TXN-1300242,2024-10-05,SEO/SEM,AU,US,Marketing Manager,187.9,USD,paypal,completed,12,4.7,False,37.58,level_2,40
TXN-1300025,2024-10-05,Data Analysis,GB,IN,Data Scientist,164.31,GBP,credit_card,completed,9,3.9,False,32.86,level_1,40
TXN-1300070,2024-10-05,Video Production,US,DE,Designer,595.4,USD,credit_card,completed,5,3.1,False,119.08,level_2,40
TXN-1300150,2024-10-05,Social Media Management,ES,IN,Marketing Manager,1086.18,USD,credit_card,disputed,7,,False,217.24,level_1,40
TXN-1300184,2024-10-05,AI/ML Development,US,CA,Data Scientist,100.4,USD,credit_card,completed,13,2.9,True,20.08,rising_talent,40
TXN-1300074,2024-10-05,Mobile App,BR,CA,Software Engineer,770.36,USD,bank_transfer,completed,17,3.4,True,154.07,level_2,40
TXN-1300246,2024-10-05,Virtual Assistant,FR,US,HR Manager,295.49,GBP,credit_card,completed,2,4.8,True,59.1,new_seller,40
TXN-1300057,2024-10-05,Video Production,IN,DE,Designer,509.96,USD,credit_card,completed,4,3.5,True,101.99,new_seller,40
TXN-1300079,2024-10-05,Translation,US,IN,Writer,779.39,USD,credit_card,cancelled,2,,True,155.88,level_1,40
TXN-1300082,2024-10-05,Translation,GB,ZA,Writer,24.62,ILS,credit_card,completed,2,4.3,True,4.92,level_1,40
TXN-1300047,2024-10-05,Data Analysis,CA,FR,Data Scientist,7.88,USD,credit_card,completed,8,4.7,False,1.58,level_1,40
TXN-1300046,2024-10-05,Graphic Design,US,US,Designer,967.25,USD,credit_card,completed,7,3.8,False,193.45,new_seller,40
TXN-1300045,2024-10-05,Financial Modeling,US,US,Accountant,40.29,GBP,bank_transfer,completed,18,3.5,False,8.06,level_2,40
TXN-1300148,2024-10-05,Mobile App,US,DE,Software Engineer,464.65,USD,paypal,completed,8,4.4,True,92.93,level_1,40
TXN-1300200,2024-10-05,Graphic Design,US,US,Designer,70.23,USD,crypto,completed,5,3.9,True,14.05,new_seller,40
TXN-1300164,2024-10-05,Virtual Assistant,IL,GB,HR Manager,216.98,USD,credit_card,completed,1,4.0,False,43.4,level_1,40
TXN-1300085,2024-10-05,Photography,US,ES,Designer,48.16,ILS,credit_card,completed,3,4.4,True,9.63,level_2,40
TXN-1300208,2024-10-05,Web Development,US,IN,Software Engineer,36.58,USD,credit_card,completed,19,4.4,False,7.32,level_2,40
TXN-1300209,2024-10-05,Social Media Management,IN,SG,Marketing Manager,252.98,USD,credit_card,completed,4,3.4,False,50.6,rising_talent,40
TXN-1300159,2024-10-05,Financial Modeling,FR,IL,Accountant,125.68,GBP,bank_transfer,completed,12,3.7,False,25.14,rising_talent,40
TXN-1300249,2024-10-05,Legal Consulting,FR,IN,Lawyer,59.2,USD,paypal,completed,11,4.4,False,11.84,level_2,40
TXN-1300154,2024-10-05,Financial Modeling,US,US,Accountant,73.32,USD,bank_transfer,completed,8,3.2,False,14.66,level_2,40
TXN-1300274,2024-10-05,SEO/SEM,IN,JP,Marketing Manager,199.22,USD,paypal,completed,7,4.3,False,39.84,new_seller,40
TXN-1300275,2024-10-06,Video Production,US,FR,Designer,423.86,USD,paypal,completed,4,4.0,False,84.77,rising_talent,40
TXN-1300281,2024-10-06,Mobile App,US,US,Software Engineer,83.55,USD,paypal,completed,15,4.1,False,16.71,top_rated,40
TXN-1300269,2024-10-06,Photography,IL,IN,Designer,106.99,USD,credit_card,completed,4,3.6,True,21.4,level_1,40
TXN-1300278,2024-10-06,Financial Modeling,FR,US,Accountant,54.33,GBP,bank_transfer,completed,7,4.7,False,10.87,top_rated,40
TXN-1300180,2024-10-06,Social Media Management,GB,DE,Marketing Manager,263.05,USD,credit_card,completed,4,3.8,False,52.61,rising_talent,40
TXN-1300215,2024-10-06,SEO/SEM,IN,US,Marketing Manager,309.89,USD,credit_card,completed,5,3.5,False,61.98,rising_talent,40
TXN-1300114,2024-10-06,Graphic Design,IN,GB,Designer,431.35,EUR,paypal,completed,5,3.2,False,86.27,top_rated,40
TXN-1300102,2024-10-06,Virtual Assistant,GB,US,HR Manager,275.85,USD,credit_card,completed,2,4.0,False,55.17,level_1,40
TXN-1300100,2024-10-06,Photography,AU,MX,Designer,72.05,EUR,crypto,completed,3,4.6,True,14.41,rising_talent,40
TXN-1300095,2024-10-06,SEO/SEM,US,CA,Marketing Manager,200.51,USD,credit_card,completed,11,4.3,True,40.1,rising_talent,40
TXN-1300084,2024-10-06,AI/ML Development,IN,US,Data Scientist,313.15,USD,paypal,completed,28,4.8,False,62.63,level_2,40
TXN-1300071,2024-10-06,Video Production,SG,US,Designer,25.44,USD,credit_card,completed,11,4.1,True,5.09,level_1,40
TXN-1300115,2024-10-06,Mobile App,DE,ES,Software Engineer,54.58,USD,paypal,completed,16,3.6,False,10.92,new_seller,40
TXN-1300042,2024-10-06,AI/ML Development,US,DE,Data Scientist,66.91,USD,bank_transfer,completed,13,4.6,False,13.38,level_2,40
TXN-1300035,2024-10-06,AI/ML Development,AU,US,Data Scientist,22.42,USD,credit_card,completed,13,3.6,True,4.48,level_2,40
TXN-1300032,2024-10-06,Video Production,US,US,Designer,47.21,USD,credit_card,completed,15,4.6,True,9.44,level_1,40
TXN-1300030,2024-10-06,Social Media Management,GB,NL,Marketing Manager,20.44,USD,credit_card,completed,16,2.3,False,4.09,rising_talent,40
TXN-1300013,2024-10-06,Data Analysis,GB,DE,Data Scientist,281.89,USD,bank_transfer,completed,11,4.1,True,56.38,level_1,40
TXN-1300009,2024-10-06,Web Development,DE,US,Software Engineer,95.06,USD,paypal,completed,10,4.1,False,19.01,level_1,40
TXN-1300247,2024-10-06,Music Production,US,FR,Designer,421.97,USD,credit_card,completed,5,4.3,True,84.39,level_1,40
TXN-1300037,2024-10-06,AI/ML Development,FR,ZA,Data Scientist,97.57,INR,credit_card,completed,18,4.8,False,19.51,level_2,40
TXN-1300129,2024-10-06,Photography,ES,US,Designer,582.86,USD,credit_card,completed,20,4.9,False,116.57,level_2,40
TXN-1300012,2024-10-06,Translation,IN,US,Writer,430.41,USD,bank_transfer,completed,5,3.7,False,86.08,level_1,40
TXN-1300146,2024-10-06,Financial Modeling,US,IN,Accountant,354.35,USD,paypal,completed,14,4.5,False,70.87,new_seller,40
TXN-1300139,2024-10-06,Graphic Design,SG,FR,Designer,69.73,USD,credit_card,completed,5,3.6,False,13.95,level_2,40
TXN-1300213,2024-10-06,Mobile App,FR,IN,Software Engineer,2121.64,USD,credit_card,completed,17,4.0,True,424.33,level_2,40
TXN-1300210,2024-10-06,Mobile App,US,GB,Software Engineer,83.77,GBP,paypal,completed,30,3.5,False,16.75,level_1,40
TXN-1300205,2024-10-06,Financial Modeling,DE,JP,Accountant,177.72,EUR,credit_card,completed,11,4.4,False,35.54,level_1,40
TXN-1300201,2024-10-06,Graphic Design,DE,IL,Designer,53.05,USD,crypto,completed,8,4.3,False,10.61,level_2,40
TXN-1300198,2024-10-06,Photography,ZA,BR,Designer,841.98,INR,paypal,completed,2,4.2,False,168.4,level_1,40
TXN-1300195,2024-10-06,Data Analysis,CA,US,Data Scientist,170.31,USD,credit_card,completed,9,4.7,True,34.06,top_rated,40
TXN-1300212,2024-10-06,Graphic Design,DE,GB,Designer,103.08,USD,crypto,completed,2,2.4,False,20.62,rising_talent,40
TXN-1300172,2024-10-06,Translation,SG,ZA,Writer,101.13,USD,bank_transfer,completed,1,3.8,False,20.23,level_1,40
TXN-1300171,2024-10-06,Content Writing,BR,FR,Writer,49.37,GBP,paypal,completed,5,3.2,True,9.87,top_rated,40
TXN-1300166,2024-10-06,Legal Consulting,CA,GB,Lawyer,808.33,EUR,credit_card,completed,13,4.1,False,161.67,rising_talent,40
TXN-1300149,2024-10-06,Video Production,MX,US,Designer,1467.21,EUR,credit_card,completed,7,4.8,True,293.44,rising_talent,40
TXN-1300193,2024-10-06,Mobile App,SG,CA,Software Engineer,272.24,USD,paypal,completed,30,3.4,True,54.45,level_1,40
TXN-1300155,2024-10-06,Translation,SG,US,Writer,934.82,USD,crypto,completed,3,2.8,False,186.96,level_2,40
TXN-1300463,2024-10-07,Photography,US,ZA,Designer,51.35,USD,crypto,completed,4,3.0,False,10.27,level_1,41
TXN-1300430,2024-10-07,Social Media Management,MX,IN,Marketing Manager,76.18,USD,credit_card,completed,12,4.9,True,15.24,rising_talent,41
TXN-1300332,2024-10-07,Music Production,IN,US,Designer,41.59,USD,credit_card,completed,12,4.2,False,8.32,top_rated,41
TXN-1300432,2024-10-07,Graphic Design,DE,IN,Designer,76.67,USD,paypal,completed,3,3.3,False,15.33,level_2,41
TXN-1300443,2024-10-07,SEO/SEM,JP,SG,Marketing Manager,15.45,USD,paypal,completed,19,2.1,True,3.09,level_1,41
TXN-1300328,2024-10-07,Mobile App,JP,US,Software Engineer,146.44,GBP,paypal,completed,14,3.9,False,29.29,level_2,41
TXN-1300323,2024-10-07,Graphic Design,IN,US,Designer,53.65,USD,paypal,completed,6,3.1,True,10.73,level_1,41
TXN-1300453,2024-10-07,Video Production,US,US,Designer,220.27,USD,credit_card,completed,16,4.5,True,44.05,level_1,41
TXN-1300454,2024-10-07,Translation,DE,ES,Writer,623.11,USD,credit_card,completed,3,3.9,False,124.62,new_seller,41
TXN-1300458,2024-10-07,Mobile App,MX,GB,Software Engineer,1206.28,USD,paypal,completed,15,4.6,False,241.26,level_2,41
TXN-1300426,2024-10-07,Web Development,IN,BR,Software Engineer,280.99,USD,paypal,completed,16,3.8,True,56.2,top_rated,41
TXN-1300460,2024-10-07,Legal Consulting,US,US,Lawyer,404.7,USD,paypal,completed,12,3.8,False,80.94,level_1,41
TXN-1300324,2024-10-07,Photography,US,US,Designer,572.71,USD,credit_card,completed,3,4.7,False,114.54,level_1,41
TXN-1300419,2024-10-07,Content Writing,BR,CA,Writer,103.74,EUR,credit_card,completed,2,3.5,False,20.75,level_1,41
TXN-1300397,2024-10-07,Music Production,US,US,Designer,420.58,USD,credit_card,completed,6,4.2,False,84.12,top_rated,41
TXN-1300415,2024-10-07,Data Analysis,FR,IN,Data Scientist,278.42,USD,paypal,completed,4,4.3,True,55.68,new_seller,41
TXN-1300412,2024-10-07,Content Writing,US,US,Writer,328.4,USD,credit_card,completed,4,4.8,True,65.68,new_seller,41
TXN-1300410,2024-10-07,Video Production,IN,CA,Designer,92.8,USD,paypal,completed,5,4.4,False,18.56,new_seller,41
TXN-1300402,2024-10-07,Music Production,US,US,Designer,155.48,INR,credit_card,completed,12,3.9,False,31.1,rising_talent,41
TXN-1300343,2024-10-07,Video Production,US,DE,Designer,394.96,USD,credit_card,completed,11,2.1,True,78.99,top_rated,41
TXN-1300345,2024-10-07,AI/ML Development,IL,US,Data Scientist,278.28,USD,credit_card,completed,22,4.5,True,55.66,level_1,41
TXN-1300388,2024-10-07,Music Production,IN,SG,Designer,144.47,USD,credit_card,completed,21,3.7,False,28.89,level_1,41
TXN-1300381,2024-10-07,Financial Modeling,IN,IL,Accountant,655.16,USD,credit_card,completed,7,4.6,True,131.03,level_2,41
TXN-1300374,2024-10-07,Financial Modeling,FR,FR,Accountant,590.75,ILS,credit_card,completed,8,3.6,False,118.15,level_1,41
TXN-1300372,2024-10-07,Social Media Management,GB,DE,Marketing Manager,220.64,GBP,paypal,completed,10,4.9,False,44.13,level_1,41
TXN-1300368,2024-10-07,Social Media Management,GB,US,Marketing Manager,11.58,USD,credit_card,completed,6,3.6,False,2.32,rising_talent,41
TXN-1300355,2024-10-07,Data Analysis,BR,US,Data Scientist,64.76,USD,credit_card,completed,9,4.0,False,12.95,level_2,41
TXN-1300465,2024-10-07,SEO/SEM,ZA,FR,Marketing Manager,2831.48,USD,credit_card,completed,13,4.3,False,566.3,level_2,41
TXN-1300357,2024-10-07,Video Production,IN,AU,Designer,35.74,USD,paypal,completed,3,4.0,False,7.15,level_2,41
TXN-1300416,2024-10-07,Photography,IL,US,Designer,872.02,USD,credit_card,completed,3,3.3,False,174.4,rising_talent,41
TXN-1300314,2024-10-07,Social Media Management,DE,ZA,Marketing Manager,30.72,USD,credit_card,completed,4,4.7,False,6.14,level_2,41
TXN-1300491,2024-10-07,Social Media Management,DE,NL,Marketing Manager,36.2,EUR,credit_card,completed,7,3.0,True,7.24,top_rated,41
TXN-1300473,2024-10-07,Virtual Assistant,BR,IN,HR Manager,37.26,USD,credit_card,completed,1,4.8,False,7.45,level_2,41
TXN-1300359,2024-10-07,Data Analysis,JP,FR,Data Scientist,1347.36,USD,credit_card,completed,8,4.7,False,269.47,level_1,41
TXN-1300544,2024-10-07,Virtual Assistant,US,US,HR Manager,59.98,USD,credit_card,completed,2,4.6,False,12.0,new_seller,41
TXN-1300535,2024-10-07,Video Production,US,ZA,Designer,458.16,EUR,crypto,completed,9,3.7,True,91.63,new_seller,41
TXN-1300534,2024-10-07,Social Media Management,FR,US,Marketing Manager,495.2,GBP,credit_card,completed,5,3.3,False,99.04,level_1,41
TXN-1300529,2024-10-07,Virtual Assistant,FR,NL,HR Manager,495.32,USD,paypal,completed,3,4.8,True,99.06,level_2,41
TXN-1300290,2024-10-07,Financial Modeling,US,IL,Accountant,87.94,USD,paypal,completed,13,4.4,False,17.59,level_1,41
TXN-1300291,2024-10-07,Social Media Management,GB,US,Marketing Manager,515.54,USD,bank_transfer,completed,4,4.8,False,103.11,rising_talent,41
TXN-1300292,2024-10-07,Virtual Assistant,IN,CA,HR Manager,47.31,USD,paypal,completed,2,3.9,False,9.46,level_1,41
TXN-1300517,2024-10-07,AI/ML Development,GB,GB,Data Scientist,18.9,EUR,paypal,completed,30,4.2,False,3.78,top_rated,41
TXN-1300516,2024-10-07,Content Writing,ZA,CA,Writer,31.23,USD,bank_transfer,completed,5,4.9,False,6.25,level_1,41
TXN-1300510,2024-10-07,Web Development,IN,US,Software Engineer,135.78,USD,credit_card,completed,17,4.6,False,27.16,top_rated,41
TXN-1300508,2024-10-07,Photography,GB,DE,Designer,945.32,USD,credit_card,completed,4,4.2,True,189.06,top_rated,41
TXN-1300507,2024-10-07,Video Production,DE,CA,Designer,42.73,USD,credit_card,completed,4,4.0,True,8.55,level_1,41
TXN-1300501,2024-10-07,Mobile App,FR,IN,Software Engineer,151.63,USD,paypal,completed,30,4.3,False,30.33,top_rated,41
TXN-1300523,2024-10-07,Video Production,JP,CA,Designer,80.41,USD,paypal,completed,6,4.0,False,16.08,new_seller,41
TXN-1300363,2024-10-07,Graphic Design,DE,SG,Designer,101.47,USD,paypal,completed,3,5.0,True,20.29,top_rated,41
TXN-1300492,2024-10-07,Web Development,JP,GB,Software Engineer,287.13,USD,credit_card,completed,20,4.5,False,57.43,rising_talent,41
TXN-1300306,2024-10-07,Video Production,US,IL,Designer,2285.1,USD,bank_transfer,completed,4,4.5,False,457.02,new_seller,41
TXN-1300308,2024-10-07,Web Development,BR,US,Software Engineer,70.79,USD,credit_card,completed,14,3.7,False,14.16,level_2,41
TXN-1300364,2024-10-08,Financial Modeling,US,FR,Accountant,11.31,GBP,bank_transfer,completed,16,4.1,True,2.26,new_seller,41
TXN-1300471,2024-10-08,Photography,US,SG,Designer,366.47,USD,credit_card,completed,4,3.2,False,73.29,level_1,41
TXN-1300365,2024-10-08,Virtual Assistant,DE,US,HR Manager,82.67,USD,bank_transfer,completed,2,3.7,False,16.53,top_rated,41
TXN-1300546,2024-10-08,Translation,US,BR,Writer,1762.34,USD,credit_card,completed,3,3.1,False,352.47,level_2,41
TXN-1300367,2024-10-08,Social Media Management,GB,GB,Marketing Manager,932.01,INR,bank_transfer,completed,8,3.6,False,186.4,level_2,41
TXN-1300475,2024-10-08,Financial Modeling,DE,MX,Accountant,111.32,GBP,credit_card,completed,15,4.0,True,22.26,level_2,41
TXN-1300371,2024-10-08,Legal Consulting,DE,US,Lawyer,196.78,USD,bank_transfer,completed,15,3.7,False,39.36,level_1,41
TXN-1300542,2024-10-08,AI/ML Development,US,US,Data Scientist,171.42,USD,crypto,completed,30,5.0,True,34.28,level_1,41
TXN-1300540,2024-10-08,SEO/SEM,GB,MX,Marketing Manager,21.51,EUR,credit_card,completed,15,4.0,True,4.3,rising_talent,41
TXN-1300476,2024-10-08,Virtual Assistant,MX,US,HR Manager,140.11,GBP,credit_card,completed,1,3.0,True,28.02,rising_talent,41
TXN-1300481,2024-10-08,Financial Modeling,CA,US,Accountant,186.4,USD,credit_card,completed,13,4.4,True,37.28,new_seller,41
TXN-1300389,2024-10-08,Graphic Design,IL,US,Designer,71.92,USD,credit_card,completed,3,4.5,False,14.38,level_1,41
TXN-1300437,2024-10-08,Mobile App,US,FR,Software Engineer,145.52,USD,paypal,completed,21,4.5,False,29.1,level_2,41
TXN-1300497,2024-10-08,AI/ML Development,GB,US,Data Scientist,55.46,USD,credit_card,completed,26,4.8,True,11.09,rising_talent,41
TXN-1300459,2024-10-08,SEO/SEM,GB,US,Marketing Manager,141.82,USD,bank_transfer,completed,7,4.4,True,28.36,new_seller,41
TXN-1300486,2024-10-08,Content Writing,IN,IN,Writer,135.98,USD,paypal,completed,1,4.9,False,27.2,level_1,41
TXN-1300411,2024-10-08,AI/ML Development,CA,ES,Data Scientist,1282.19,USD,paypal,completed,19,4.4,True,256.44,new_seller,41
TXN-1300524,2024-10-08,Translation,DE,CA,Writer,197.78,USD,paypal,completed,4,3.6,False,39.56,level_1,41
TXN-1300413,2024-10-08,Financial Modeling,IN,DE,Accountant,88.66,USD,paypal,completed,13,4.2,True,17.73,new_seller,41
TXN-1300472,2024-10-08,Data Analysis,IN,IN,Data Scientist,33.39,USD,credit_card,completed,9,2.0,True,6.68,new_seller,41
TXN-1300522,2024-10-08,Photography,SG,ES,Designer,12.43,USD,credit_card,completed,2,4.2,False,2.49,rising_talent,41
TXN-1300490,2024-10-08,Financial Modeling,US,US,Accountant,69.12,GBP,credit_card,completed,6,4.4,True,13.82,top_rated,41
TXN-1300452,2024-10-08,Content Writing,CA,US,Writer,154.69,EUR,bank_transfer,completed,5,3.1,False,30.94,new_seller,41
TXN-1300449,2024-10-08,Financial Modeling,NL,BR,Accountant,340.96,USD,bank_transfer,completed,15,4.3,True,68.19,rising_talent,41
TXN-1300446,2024-10-08,Financial Modeling,US,GB,Accountant,39.47,USD,credit_card,completed,7,3.9,False,7.89,rising_talent,41
TXN-1300394,2024-10-08,Translation,CA,US,Writer,251.72,EUR,credit_card,completed,1,3.2,True,50.34,top_rated,41
TXN-1300531,2024-10-08,Graphic Design,IN,NL,Designer,515.96,INR,paypal,completed,5,4.7,False,103.19,level_2,41
TXN-1300450,2024-10-08,Data Analysis,US,DE,Data Scientist,104.58,USD,paypal,completed,6,3.0,False,20.92,level_1,41
TXN-1300305,2024-10-08,AI/ML Development,CA,US,Data Scientist,135.76,USD,credit_card,completed,30,4.6,False,27.15,level_2,41
TXN-1300319,2024-10-08,Social Media Management,IN,US,Marketing Manager,235.1,USD,credit_card,completed,19,4.5,True,47.02,level_2,41
TXN-1300320,2024-10-08,Legal Consulting,ZA,FR,Lawyer,247.86,GBP,credit_card,completed,17,4.1,False,49.57,level_2,41
TXN-1300307,2024-10-08,Data Analysis,IN,FR,Data Scientist,75.25,USD,credit_card,completed,5,4.0,False,15.05,level_1,41
TXN-1300350,2024-10-08,Data Analysis,DE,IN,Data Scientist,1221.96,USD,credit_card,completed,3,4.7,False,244.39,level_2,41
TXN-1300330,2024-10-08,Data Analysis,US,US,Data Scientist,298.91,USD,credit_card,completed,3,3.9,True,59.78,level_1,41
TXN-1300351,2024-10-08,AI/ML Development,IN,IN,Data Scientist,104.76,USD,paypal,completed,30,4.4,False,20.95,level_1,41
TXN-1300293,2024-10-08,SEO/SEM,FR,IL,Marketing Manager,283.66,USD,paypal,completed,11,4.3,False,56.73,level_2,41
TXN-1300349,2024-10-08,Financial Modeling,SG,FR,Accountant,263.1,USD,credit_card,completed,16,3.1,False,52.62,new_seller,41
TXN-1300321,2024-10-08,Music Production,IN,AU,Designer,885.62,GBP,credit_card,completed,11,4.0,False,177.12,level_1,41
TXN-1300284,2024-10-08,SEO/SEM,DE,ZA,Marketing Manager,45.67,USD,credit_card,completed,6,4.2,False,9.13,level_1,41
TXN-1300356,2024-10-08,Video Production,CA,US,Designer,286.82,USD,paypal,completed,8,4.5,True,57.36,top_rated,41
TXN-1300300,2024-10-08,AI/ML Development,GB,IN,Data Scientist,391.65,USD,bank_transfer,completed,30,3.3,False,78.33,level_1,41
TXN-1300282,2024-10-08,Web Development,US,IL,Software Engineer,170.09,USD,credit_card,completed,18,4.7,False,34.02,level_2,41
TXN-1300340,2024-10-08,Web Development,DE,SG,Software Engineer,276.61,USD,credit_card,completed,15,4.3,False,55.32,rising_talent,41
TXN-1300304,2024-10-09,SEO/SEM,CA,IN,Marketing Manager,195.38,ILS,paypal,completed,16,4.7,True,39.08,level_2,41
TXN-1300344,2024-10-09,Mobile App,DE,ES,Software Engineer,52.82,EUR,paypal,completed,14,4.6,True,10.56,rising_talent,41
TXN-1300401,2024-10-09,Photography,US,SG,Designer,388.96,USD,credit_card,completed,10,2.8,True,77.79,level_2,41
TXN-1300283,2024-10-09,Legal Consulting,US,IN,Lawyer,51.83,GBP,credit_card,completed,17,3.5,True,10.37,level_2,41
TXN-1300478,2024-10-09,Data Analysis,IN,US,Data Scientist,55.75,USD,bank_transfer,completed,7,3.9,True,11.15,top_rated,41
TXN-1300500,2024-10-09,Translation,FR,GB,Writer,99.66,USD,credit_card,completed,1,3.7,True,19.93,level_2,41
TXN-1300461,2024-10-09,Mobile App,US,GB,Software Engineer,46.95,EUR,paypal,completed,30,4.1,False,9.39,level_1,41
TXN-1300408,2024-10-09,Legal Consulting,IN,US,Lawyer,30.69,USD,credit_card,disputed,12,,False,6.14,level_1,41
TXN-1300421,2024-10-09,Mobile App,IN,US,Software Engineer,240.52,USD,credit_card,completed,27,4.9,False,48.1,top_rated,41
TXN-1300311,2024-10-09,Translation,GB,CA,Writer,35.75,ILS,paypal,completed,3,4.9,True,7.15,rising_talent,41
TXN-1300474,2024-10-09,Financial Modeling,MX,CA,Accountant,32.65,USD,paypal,completed,12,4.6,False,6.53,level_2,41
TXN-1300420,2024-10-09,Translation,FR,GB,Writer,352.29,USD,credit_card,completed,3,3.6,False,70.46,level_1,41
TXN-1300317,2024-10-09,Mobile App,DE,US,Software Engineer,248.58,USD,crypto,completed,17,4.7,False,49.72,level_1,41
TXN-1300470,2024-10-09,Graphic Design,US,IN,Designer,126.81,EUR,paypal,completed,8,2.6,True,25.36,level_1,41
TXN-1300424,2024-10-09,SEO/SEM,US,MX,Marketing Manager,84.31,USD,credit_card,completed,13,4.0,True,16.86,rising_talent,41
TXN-1300502,2024-10-09,Mobile App,SG,US,Software Engineer,573.22,USD,credit_card,completed,30,3.5,False,114.64,level_2,41
TXN-1300299,2024-10-09,Virtual Assistant,CA,FR,HR Manager,1675.67,USD,paypal,completed,2,3.7,True,335.13,level_1,41
TXN-1300391,2024-10-09,Legal Consulting,FR,GB,Lawyer,329.99,USD,crypto,completed,11,3.1,False,66.0,rising_talent,41
TXN-1300539,2024-10-09,Mobile App,IN,ZA,Software Engineer,36.64,USD,bank_transfer,completed,22,3.7,False,7.33,rising_talent,41
TXN-1300435,2024-10-09,Virtual Assistant,GB,US,HR Manager,23.09,EUR,bank_transfer,completed,1,2.7,True,4.62,level_2,41
TXN-1300444,2024-10-09,Translation,IN,IL,Writer,93.05,USD,credit_card,completed,2,4.0,False,18.61,level_1,41
TXN-1300433,2024-10-09,SEO/SEM,US,AU,Marketing Manager,97.38,ILS,paypal,completed,8,2.7,True,19.48,rising_talent,41
TXN-1300331,2024-10-09,Video Production,US,US,Designer,558.34,USD,bank_transfer,cancelled,9,,True,111.67,level_2,41
TXN-1300288,2024-10-09,Web Development,IL,FR,Software Engineer,246.78,USD,paypal,completed,2,3.4,True,49.36,new_seller,41
TXN-1300528,2024-10-09,SEO/SEM,JP,US,Marketing Manager,0.01,USD,credit_card,completed,17,4.7,True,0.0,level_2,41
TXN-1300377,2024-10-09,Virtual Assistant,IN,GB,HR Manager,36.61,USD,credit_card,completed,1,4.6,True,7.32,level_2,41
TXN-1300506,2024-10-09,Content Writing,DE,IN,Writer,45.7,USD,credit_card,completed,2,4.0,False,9.14,new_seller,41
TXN-1300527,2024-10-09,Video Production,US,US,Designer,778.65,EUR,bank_transfer,completed,14,3.0,False,155.73,level_2,41
TXN-1300514,2024-10-09,Video Production,FR,FR,Designer,568.51,USD,credit_card,completed,15,4.7,True,113.7,level_1,41
TXN-1300384,2024-10-09,Legal Consulting,IN,FR,Lawyer,98.28,USD,credit_card,completed,11,4.4,False,19.66,top_rated,41
TXN-1300385,2024-10-09,Translation,IN,CA,Writer,131.93,USD,paypal,completed,1,4.7,False,26.39,level_2,41
TXN-1300386,2024-10-09,AI/ML Development,NL,GB,Data Scientist,357.82,USD,paypal,completed,13,4.9,False,71.56,level_1,41
TXN-1300513,2024-10-09,Virtual Assistant,DE,AU,HR Manager,18.52,USD,paypal,completed,2,2.2,False,3.7,level_2,41
TXN-1300325,2024-10-09,Music Production,FR,DE,Designer,39.03,USD,paypal,completed,14,3.9,False,7.81,rising_talent,41
TXN-1300448,2024-10-09,SEO/SEM,US,US,Marketing Manager,16.34,INR,credit_card,completed,10,4.7,True,3.27,new_seller,41
TXN-1300466,2024-10-09,Virtual Assistant,IN,US,HR Manager,130.64,USD,bank_transfer,completed,1,3.4,True,26.13,level_1,41
TXN-1300451,2024-10-10,Financial Modeling,US,GB,Accountant,442.59,USD,credit_card,completed,4,3.8,False,88.52,rising_talent,41
TXN-1300327,2024-10-10,Data Analysis,US,US,Data Scientist,1137.85,ILS,paypal,completed,8,4.0,False,227.57,top_rated,41
TXN-1300455,2024-10-10,Data Analysis,IL,US,Data Scientist,192.04,USD,paypal,completed,2,4.4,True,38.41,level_1,41
TXN-1300316,2024-10-10,Web Development,AU,ZA,Software Engineer,336.12,USD,paypal,completed,10,4.9,False,67.22,level_1,41
TXN-1300441,2024-10-10,Content Writing,US,IL,Writer,597.63,USD,credit_card,completed,4,4.8,False,119.53,rising_talent,41
TXN-1300488,2024-10-10,Data Analysis,BR,IN,Data Scientist,5.41,USD,paypal,completed,7,4.4,False,1.08,level_2,41
TXN-1300315,2024-10-10,Photography,US,US,Designer,326.74,EUR,paypal,disputed,4,,False,65.35,level_1,41
TXN-1300543,2024-10-10,Social Media Management,DE,BR,Marketing Manager,80.32,USD,credit_card,completed,3,3.1,False,16.06,top_rated,41
TXN-1300538,2024-10-10,Content Writing,NL,US,Writer,94.36,USD,crypto,completed,1,4.5,False,18.87,top_rated,41
TXN-1300537,2024-10-10,Music Production,NL,ZA,Designer,181.94,USD,credit_card,completed,8,4.7,False,36.39,level_1,41
TXN-1300536,2024-10-10,Mobile App,BR,DE,Software Engineer,60.97,USD,bank_transfer,completed,30,3.2,False,12.19,level_1,41
TXN-1300533,2024-10-10,SEO/SEM,FR,SG,Marketing Manager,19.85,USD,credit_card,completed,15,4.5,False,3.97,new_seller,41
TXN-1300530,2024-10-10,Web Development,FR,FR,Software Engineer,1462.32,USD,credit_card,completed,14,4.5,True,292.46,level_2,41
TXN-1300294,2024-10-10,Social Media Management,BR,GB,Marketing Manager,39.74,GBP,paypal,completed,3,4.5,True,7.95,level_2,41
TXN-1300296,2024-10-10,Graphic Design,IN,BR,Designer,64.35,USD,credit_card,completed,8,4.0,False,12.87,new_seller,41
TXN-1300298,2024-10-10,Content Writing,US,GB,Writer,214.25,USD,credit_card,completed,2,3.3,True,42.85,rising_talent,41
TXN-1300498,2024-10-10,Graphic Design,US,CA,Designer,1745.8,USD,credit_card,completed,5,3.0,True,349.16,new_seller,41
TXN-1300495,2024-10-10,Video Production,SG,DE,Designer,240.18,USD,bank_transfer,completed,6,3.4,False,48.04,level_1,41
TXN-1300485,2024-10-10,Social Media Management,US,DE,Marketing Manager,95.2,GBP,credit_card,cancelled,10,,False,19.04,level_1,41
TXN-1300309,2024-10-10,Video Production,US,CA,Designer,205.01,GBP,credit_card,completed,6,4.8,False,41.0,level_2,41
TXN-1300480,2024-10-10,Mobile App,SG,IL,Software Engineer,198.2,USD,credit_card,completed,22,4.7,False,39.64,new_seller,41
TXN-1300477,2024-10-10,Photography,IL,CA,Designer,187.92,USD,credit_card,completed,5,4.7,True,37.58,level_2,41
TXN-1300310,2024-10-10,Translation,AU,IL,Writer,347.82,USD,credit_card,completed,2,1.0,False,69.56,level_1,41
TXN-1300313,2024-10-10,SEO/SEM,CA,DE,Marketing Manager,698.22,USD,credit_card,completed,18,3.5,False,139.64,top_rated,41
TXN-1300469,2024-10-10,SEO/SEM,ZA,IN,Marketing Manager,490.05,EUR,paypal,cancelled,13,,False,98.01,level_1,41
TXN-1300440,2024-10-10,SEO/SEM,FR,IL,Marketing Manager,10.51,USD,credit_card,completed,9,3.7,False,2.1,top_rated,41
TXN-1300362,2024-10-10,Graphic Design,US,BR,Designer,54.68,USD,paypal,completed,4,4.8,False,10.94,new_seller,41
TXN-1300379,2024-10-10,Legal Consulting,IN,MX,Lawyer,44.13,USD,paypal,completed,8,3.5,True,8.83,top_rated,41
TXN-1300422,2024-10-10,SEO/SEM,US,JP,Marketing Manager,54.16,USD,credit_card,completed,18,3.7,False,10.83,level_2,41
TXN-1300341,2024-10-10,Content Writing,DE,IN,Writer,320.55,USD,paypal,completed,4,4.9,False,64.11,level_1,41
TXN-1300427,2024-10-10,Social Media Management,US,IN,Marketing Manager,167.03,USD,paypal,completed,7,4.5,False,33.41,rising_talent,41
TXN-1300353,2024-10-10,Social Media Management,US,FR,Marketing Manager,58.96,USD,credit_card,completed,5,4.6,False,11.79,level_1,41
TXN-1300398,2024-10-10,Legal Consulting,US,GB,Lawyer,364.66,USD,credit_card,completed,10,3.8,False,72.93,level_2,41
TXN-1300383,2024-10-10,SEO/SEM,GB,JP,Marketing Manager,237.14,USD,credit_card,cancelled,7,,False,47.43,level_2,41
TXN-1300335,2024-10-10,Video Production,GB,IN,Designer,275.79,EUR,paypal,completed,8,2.6,True,55.16,level_2,41
TXN-1300423,2024-10-10,Photography,NL,NL,Designer,296.14,USD,credit_card,completed,1,4.4,True,59.23,level_2,41
TXN-1300404,2024-10-10,Photography,IL,GB,Designer,120.04,GBP,paypal,completed,4,4.6,True,24.01,top_rated,41
TXN-1300431,2024-10-10,Social Media Management,IN,GB,Marketing Manager,165.11,USD,crypto,completed,5,3.5,True,33.02,level_1,41
TXN-1300360,2024-10-10,Music Production,ES,IN,Designer,141.36,USD,credit_card,completed,9,3.2,False,28.27,level_2,41
TXN-1300406,2024-10-10,AI/ML Development,IN,IL,Data Scientist,1562.2,USD,paypal,completed,30,3.7,False,312.44,new_seller,41
TXN-1300409,2024-10-10,Data Analysis,BR,US,Data Scientist,547.42,USD,paypal,completed,7,4.5,False,109.48,rising_talent,41
TXN-1300418,2024-10-10,Graphic Design,NL,IN,Designer,561.26,USD,credit_card,completed,10,3.0,False,112.25,level_1,41
TXN-1300295,2024-10-11,Video Production,ES,US,Designer,188.48,USD,paypal,completed,6,4.6,False,37.7,level_1,41
TXN-1300405,2024-10-11,Web Development,US,DE,Software Engineer,42.96,USD,credit_card,completed,16,2.7,False,8.59,level_1,41
TXN-1300378,2024-10-11,Translation,US,US,Writer,192.58,GBP,paypal,completed,4,4.9,False,38.52,new_seller,41
TXN-1300483,2024-10-11,Translation,US,US,Writer,286.72,USD,crypto,completed,2,3.8,False,57.34,new_seller,41
TXN-1300525,2024-10-11,Graphic Design,US,DE,Designer,15.39,EUR,credit_card,completed,5,4.4,False,3.08,new_seller,41
TXN-1300382,2024-10-11,Music Production,US,IN,Designer,144.19,EUR,bank_transfer,completed,10,4.8,False,28.84,rising_talent,41
TXN-1300400,2024-10-11,Video Production,US,GB,Designer,333.26,USD,credit_card,completed,5,4.0,False,66.65,level_2,41
TXN-1300515,2024-10-11,Translation,GB,FR,Writer,130.52,USD,credit_card,completed,4,4.7,False,26.1,level_1,41
TXN-1300493,2024-10-11,Video Production,US,US,Designer,104.82,USD,credit_card,completed,15,3.7,False,20.96,level_1,41
TXN-1300387,2024-10-11,SEO/SEM,DE,US,Marketing Manager,153.23,USD,credit_card,disputed,4,,True,30.65,new_seller,41
TXN-1300512,2024-10-11,Mobile App,US,US,Software Engineer,206.89,USD,credit_card,completed,18,4.4,True,41.38,level_2,41
TXN-1300395,2024-10-11,Social Media Management,IN,US,Marketing Manager,221.84,USD,paypal,completed,4,2.9,True,44.37,level_1,41
TXN-1300499,2024-10-11,Content Writing,CA,IN,Writer,43.99,USD,paypal,completed,2,2.6,False,8.8,rising_talent,41
TXN-1300301,2024-10-11,Video Production,US,ES,Designer,1512.8,USD,credit_card,completed,9,3.3,True,302.56,level_1,41
TXN-1300503,2024-10-11,Social Media Management,AU,US,Marketing Manager,118.47,USD,bank_transfer,completed,7,4.3,False,23.69,level_1,41
TXN-1300504,2024-10-11,SEO/SEM,US,DE,Marketing Manager,69.68,INR,credit_card,completed,19,4.5,True,13.94,level_1,41
TXN-1300521,2024-10-11,Music Production,US,NL,Designer,318.99,EUR,credit_card,completed,12,4.3,False,63.8,level_2,41
TXN-1300339,2024-10-11,Translation,IL,MX,Writer,19.28,USD,bank_transfer,completed,3,4.3,True,3.86,rising_talent,41
TXN-1300312,2024-10-11,Web Development,CA,ES,Software Engineer,300.04,EUR,paypal,completed,9,4.1,True,60.01,level_1,41
TXN-1300289,2024-10-11,Data Analysis,US,IN,Data Scientist,117.39,GBP,crypto,completed,5,4.5,False,23.48,rising_talent,41
TXN-1300439,2024-10-11,Data Analysis,DE,US,Data Scientist,153.44,USD,credit_card,completed,10,3.1,False,30.69,level_2,41
TXN-1300442,2024-10-11,Social Media Management,US,BR,Marketing Manager,201.44,USD,credit_card,completed,9,3.6,True,40.29,top_rated,41
TXN-1300434,2024-10-11,Data Analysis,IN,IN,Data Scientist,44.61,USD,credit_card,completed,3,2.4,False,8.92,rising_talent,41
TXN-1300366,2024-10-11,Web Development,GB,DE,Software Engineer,55.72,INR,paypal,completed,14,4.1,False,11.14,top_rated,41
TXN-1300326,2024-10-11,Web Development,MX,BR,Software Engineer,122.28,EUR,credit_card,completed,7,4.8,True,24.46,level_2,41
TXN-1300541,2024-10-11,SEO/SEM,CA,DE,Marketing Manager,60.3,USD,credit_card,completed,24,4.2,True,12.06,level_1,41
TXN-1300429,2024-10-11,Content Writing,US,FR,Writer,37.27,USD,credit_card,completed,4,4.8,True,7.45,rising_talent,41
TXN-1300285,2024-10-11,Data Analysis,US,IN,Data Scientist,34.09,USD,credit_card,completed,7,3.8,True,6.82,level_1,41
TXN-1300505,2024-10-11,Mobile App,US,NL,Software Engineer,733.6,USD,credit_card,completed,23,3.8,False,146.72,new_seller,41
TXN-1300456,2024-10-11,Social Media Management,FR,IN,Marketing Manager,47.32,USD,paypal,completed,7,4.5,True,9.46,level_1,41
TXN-1300334,2024-10-11,SEO/SEM,US,US,Marketing Manager,93.33,USD,credit_card,completed,10,4.1,False,18.67,new_seller,41
TXN-1300390,2024-10-11,Mobile App,GB,GB,Software Engineer,20.85,USD,paypal,completed,27,4.1,True,4.17,top_rated,41
TXN-1300337,2024-10-11,Data Analysis,GB,NL,Data Scientist,712.18,USD,credit_card,completed,7,3.7,True,142.44,rising_talent,41
TXN-1300318,2024-10-11,Data Analysis,US,FR,Data Scientist,16.23,USD,credit_card,completed,5,2.8,False,3.25,top_rated,41
TXN-1300286,2024-10-11,Video Production,US,DE,Designer,359.79,GBP,credit_card,completed,96,4.1,False,71.96,level_2,41
TXN-1300287,2024-10-11,Social Media Management,IN,US,Marketing Manager,18.27,GBP,credit_card,completed,5,4.1,True,3.65,top_rated,41
TXN-1300352,2024-10-11,SEO/SEM,SG,US,Marketing Manager,23.35,USD,paypal,completed,5,4.8,False,4.67,new_seller,41
TXN-1300467,2024-10-11,SEO/SEM,JP,SG,Marketing Manager,377.74,USD,bank_transfer,completed,15,4.3,False,75.55,new_seller,41
TXN-1300468,2024-10-11,Legal Consulting,IN,ZA,Lawyer,52.11,EUR,credit_card,completed,21,4.8,False,10.42,new_seller,41
TXN-1300532,2024-10-11,Translation,IN,CA,Writer,45.68,EUR,credit_card,completed,2,4.3,False,9.14,level_1,41
TXN-1300370,2024-10-11,Social Media Management,JP,DE,Marketing Manager,91.26,USD,credit_card,completed,7,4.1,False,18.25,level_2,41
TXN-1300373,2024-10-12,Web Development,FR,IN,Software Engineer,168.23,USD,credit_card,completed,14,3.9,False,33.65,rising_talent,41
TXN-1300347,2024-10-12,Photography,US,BR,Designer,253.88,USD,credit_card,completed,4,1.0,True,50.78,rising_talent,41
TXN-1300376,2024-10-12,Photography,NL,US,Designer,195.73,USD,bank_transfer,completed,3,3.0,False,39.15,level_2,41
TXN-1300509,2024-10-12,Web Development,IN,CA,Software Engineer,108.9,GBP,paypal,completed,30,3.5,False,21.78,level_2,41
TXN-1300519,2024-10-12,Translation,IL,CA,Writer,38.64,USD,credit_card,completed,2,4.5,True,7.73,new_seller,41
TXN-1300358,2024-10-12,SEO/SEM,GB,DE,Marketing Manager,3001.79,USD,bank_transfer,completed,10,4.4,False,600.36,level_1,41
TXN-1300348,2024-10-12,Data Analysis,US,IN,Data Scientist,193.28,USD,paypal,completed,13,3.9,False,38.66,level_1,41
TXN-1300369,2024-10-12,Content Writing,DE,DE,Writer,1042.94,USD,credit_card,completed,3,3.4,False,208.59,top_rated,41
TXN-1300518,2024-10-12,Data Analysis,DE,US,Data Scientist,387.89,USD,credit_card,completed,7,3.1,False,77.58,level_1,41
TXN-1300545,2024-10-12,SEO/SEM,DE,NL,Marketing Manager,35.35,EUR,credit_card,completed,9,4.6,True,7.07,top_rated,41
TXN-1300511,2024-10-12,Virtual Assistant,US,CA,HR Manager,149.46,USD,credit_card,completed,1,3.8,False,29.89,level_1,41
TXN-1300438,2024-10-12,Data Analysis,NL,NL,Data Scientist,443.18,USD,credit_card,completed,3,2.9,False,88.64,top_rated,41
TXN-1300393,2024-10-12,Content Writing,AU,IN,Writer,394.01,USD,credit_card,completed,2,4.5,True,78.8,level_2,41
TXN-1300482,2024-10-12,Legal Consulting,US,NL,Lawyer,231.82,USD,credit_card,completed,15,4.2,False,46.36,top_rated,41
TXN-1300462,2024-10-12,Translation,US,SG,Writer,62.24,USD,credit_card,completed,3,3.7,False,12.45,level_1,41
TXN-1300484,2024-10-12,Content Writing,US,IN,Writer,17.93,USD,credit_card,completed,2,4.6,False,3.59,level_2,41
TXN-1300457,2024-10-12,Web Development,DE,DE,Software Engineer,412.91,USD,credit_card,completed,30,4.7,False,82.58,rising_talent,41
TXN-1300428,2024-10-12,Translation,DE,SG,Writer,482.3,USD,credit_card,completed,2,2.8,True,96.46,new_seller,41
TXN-1300489,2024-10-12,Translation,IN,NL,Writer,37.15,USD,crypto,completed,2,3.9,False,7.43,rising_talent,41
TXN-1300447,2024-10-12,Web Development,US,IN,Software Engineer,269.44,USD,credit_card,completed,17,2.8,True,53.89,level_2,41
TXN-1300333,2024-10-12,Financial Modeling,NL,BR,Accountant,1575.33,USD,credit_card,completed,15,4.3,False,315.07,level_1,41
TXN-1300303,2024-10-12,Content Writing,JP,US,Writer,282.92,EUR,crypto,completed,4,4.7,False,56.58,rising_talent,41
TXN-1300329,2024-10-12,SEO/SEM,SG,FR,Marketing Manager,1056.6,USD,credit_card,completed,6,2.8,True,211.32,level_1,41
TXN-1300392,2024-10-12,Legal Consulting,US,ZA,Lawyer,570.3,INR,credit_card,completed,12,3.7,False,114.06,new_seller,41
TXN-1300445,2024-10-12,Legal Consulting,GB,MX,Lawyer,304.68,USD,credit_card,completed,16,3.3,False,60.94,level_1,41
TXN-1300336,2024-10-13,Video Production,MX,GB,Designer,5.0,USD,paypal,completed,5,2.2,False,1.0,level_1,41
TXN-1300354,2024-10-13,Photography,US,DE,Designer,147.33,USD,credit_card,completed,3,3.3,False,29.47,level_2,41
TXN-1300547,2024-10-13,Content Writing,US,JP,Writer,215.18,USD,crypto,completed,3,4.4,True,43.04,level_2,41
TXN-1300361,2024-10-13,Mobile App,CA,ZA,Software Engineer,860.94,USD,credit_card,completed,30,4.6,True,172.19,level_2,41
TXN-1300425,2024-10-13,Music Production,IN,BR,Designer,220.76,USD,credit_card,completed,8,3.6,False,44.15,level_1,41
TXN-1300436,2024-10-13,Web Development,FR,IN,Software Engineer,128.81,USD,paypal,completed,11,3.9,True,25.76,top_rated,41
TXN-1300464,2024-10-13,SEO/SEM,FR,IN,Marketing Manager,31.12,ILS,crypto,completed,10,3.8,True,6.22,level_1,41
TXN-1300417,2024-10-13,Photography,US,BR,Designer,907.24,USD,credit_card,completed,3,4.9,True,181.45,level_1,41
TXN-1300414,2024-10-13,Video Production,IN,US,Designer,495.96,ILS,paypal,completed,8,4.1,False,99.19,level_1,41
TXN-1300322,2024-10-13,Translation,GB,US,Writer,283.67,USD,credit_card,completed,3,3.4,False,56.73,level_1,41
TXN-1300338,2024-10-13,Legal Consulting,US,US,Lawyer,39.7,USD,bank_transfer,completed,21,4.3,True,7.94,new_seller,41
TXN-1300496,2024-10-13,Virtual Assistant,IN,US,HR Manager,94.25,USD,paypal,completed,3,4.7,True,18.85,level_2,41
TXN-1300375,2024-10-13,Content Writing,IN,MX,Writer,132.63,GBP,bank_transfer,completed,4,4.5,True,26.53,new_seller,41
TXN-1300346,2024-10-13,Music Production,GB,DE,Designer,49.72,USD,credit_card,completed,21,4.9,False,9.94,rising_talent,41
TXN-1300396,2024-10-13,Music Production,FR,GB,Designer,53.1,USD,bank_transfer,completed,7,4.5,True,10.62,rising_talent,41
TXN-1300494,2024-10-13,Web Development,GB,IN,Software Engineer,809.9,EUR,paypal,completed,15,4.2,False,161.98,top_rated,41
TXN-1300399,2024-10-13,Data Analysis,US,US,Data Scientist,357.72,USD,credit_card,completed,2,3.6,False,71.54,rising_talent,41
TXN-1300302,2024-10-13,Financial Modeling,AU,BR,Accountant,34.76,USD,bank_transfer,completed,7,4.9,True,6.95,rising_talent,41
TXN-1300487,2024-10-13,Data Analysis,US,SG,Data Scientist,175.38,GBP,credit_card,completed,7,3.2,False,35.08,new_seller,41
TXN-1300297,2024-10-13,Financial Modeling,IN,DE,Accountant,120.3,USD,paypal,completed,18,3.7,False,24.06,level_2,41
TXN-1300520,2024-10-13,Photography,AU,US,Designer,149.06,USD,paypal,completed,3,4.6,False,29.81,new_seller,41
TXN-1300403,2024-10-13,Social Media Management,DE,IN,Marketing Manager,119.16,USD,credit_card,completed,10,3.9,True,23.83,top_rated,41
TXN-1300380,2024-10-13,Social Media Management,DE,US,Marketing Manager,57.54,USD,paypal,completed,6,3.8,False,11.51,level_2,41
TXN-1300526,2024-10-13,Graphic Design,US,FR,Designer,159.58,ILS,credit_card,completed,3,4.2,False,31.92,level_1,41
TXN-1300479,2024-10-13,Data Analysis,US,GB,Data Scientist,65.35,USD,credit_card,cancelled,6,,True,13.07,level_2,41
TXN-1300407,2024-10-13,Virtual Assistant,MX,US,HR Manager,648.77,USD,credit_card,completed,2,3.6,False,129.75,new_seller,41
TXN-1300342,2024-10-13,Virtual Assistant,FR,US,HR Manager,69.3,USD,bank_transfer,completed,1,3.9,False,13.86,new_seller,41
TXN-1300580,2024-10-14,Web Development,IN,GB,Software Engineer,77.45,USD,credit_card,completed,14,3.8,False,15.49,level_1,42
TXN-1300577,2024-10-14,SEO/SEM,US,US,Marketing Manager,49.03,USD,credit_card,completed,19,5.0,True,9.81,new_seller,42
TXN-1300667,2024-10-14,Content Writing,IN,NL,Writer,17.09,USD,credit_card,completed,2,3.3,False,3.42,level_1,42
TXN-1300674,2024-10-14,AI/ML Development,AU,US,Data Scientist,770.68,ILS,credit_card,completed,24,2.9,True,154.14,level_2,42
TXN-1300664,2024-10-14,AI/ML Development,SG,IL,Data Scientist,53.93,ILS,bank_transfer,cancelled,22,,False,10.79,new_seller,42
TXN-1300756,2024-10-14,Legal Consulting,MX,US,Lawyer,133.75,USD,bank_transfer,completed,24,3.0,False,26.75,rising_talent,42
TXN-1300758,2024-10-14,Virtual Assistant,IL,BR,HR Manager,463.57,USD,credit_card,completed,3,4.3,False,92.71,level_2,42
TXN-1300649,2024-10-14,Graphic Design,GB,AU,Designer,71.03,USD,paypal,completed,3,4.4,True,14.21,level_2,42
TXN-1300648,2024-10-14,Virtual Assistant,IN,IN,HR Manager,43.48,USD,bank_transfer,completed,1,3.9,False,8.7,level_1,42
TXN-1300618,2024-10-14,Financial Modeling,US,GB,Accountant,445.39,USD,credit_card,completed,12,4.7,True,89.08,top_rated,42
TXN-1300643,2024-10-14,Video Production,BR,US,Designer,6.41,INR,crypto,completed,5,4.5,True,1.28,top_rated,42
TXN-1300773,2024-10-14,Music Production,JP,SG,Designer,393.69,INR,credit_card,completed,15,4.2,False,78.74,top_rated,42
TXN-1300774,2024-10-14,Social Media Management,AU,IL,Marketing Manager,244.15,USD,credit_card,completed,5,3.6,False,48.83,new_seller,42
TXN-1300619,2024-10-14,Video Production,US,NL,Designer,79.13,GBP,paypal,completed,7,3.9,False,15.83,level_1,42
TXN-1300616,2024-10-14,Content Writing,US,BR,Writer,306.5,USD,bank_transfer,completed,1,4.6,False,61.3,new_seller,42
TXN-1300782,2024-10-14,Legal Consulting,BR,US,Lawyer,332.93,USD,credit_card,completed,9,4.2,True,66.59,level_2,42
TXN-1300603,2024-10-14,Social Media Management,IN,US,Marketing Manager,116.24,USD,crypto,completed,12,4.3,True,23.25,level_2,42
TXN-1300612,2024-10-14,Virtual Assistant,US,IN,HR Manager,404.25,INR,bank_transfer,completed,2,4.5,False,80.85,level_2,42
TXN-1300746,2024-10-14,Graphic Design,ES,BR,Designer,105.07,USD,paypal,completed,4,4.7,False,21.01,top_rated,42
TXN-1300611,2024-10-14,Photography,FR,SG,Designer,31.6,USD,paypal,completed,3,3.6,True,6.32,new_seller,42
TXN-1300764,2024-10-14,Data Analysis,IN,US,Data Scientist,76.16,ILS,credit_card,completed,2,3.7,True,15.23,top_rated,42
TXN-1300680,2024-10-14,Translation,FR,DE,Writer,98.39,USD,crypto,completed,3,4.6,False,19.68,rising_talent,42
TXN-1300700,2024-10-14,SEO/SEM,GB,SG,Marketing Manager,42.99,GBP,paypal,completed,8,3.7,False,8.6,new_seller,42
TXN-1300569,2024-10-14,Financial Modeling,US,FR,Accountant,211.76,USD,bank_transfer,completed,6,3.6,True,42.35,rising_talent,42
TXN-1300786,2024-10-14,Translation,MX,US,Writer,379.87,USD,credit_card,completed,3,3.6,False,75.97,top_rated,42
TXN-1300725,2024-10-14,Financial Modeling,ES,IN,Accountant,39.67,EUR,paypal,completed,5,4.9,True,7.93,level_2,42
TXN-1300728,2024-10-14,Video Production,US,DE,Designer,213.95,USD,credit_card,completed,9,1.0,True,42.79,rising_talent,42
TXN-1300729,2024-10-14,Social Media Management,GB,SG,Marketing Manager,20.22,USD,credit_card,completed,5,4.4,True,4.04,level_2,42
TXN-1300731,2024-10-14,Data Analysis,US,FR,Data Scientist,91.65,USD,paypal,completed,8,3.7,True,18.33,rising_talent,42
TXN-1300816,2024-10-14,Mobile App,ES,AU,Software Engineer,21.34,USD,paypal,completed,18,3.7,False,4.27,level_1,42
TXN-1300682,2024-10-14,Financial Modeling,US,US,Accountant,116.35,ILS,bank_transfer,completed,8,4.5,False,23.27,rising_talent,42
TXN-1300557,2024-10-14,Translation,GB,JP,Writer,355.21,GBP,credit_card,completed,1,4.4,False,71.04,level_2,42
TXN-1300813,2024-10-14,AI/ML Development,ZA,IN,Data Scientist,21.05,USD,paypal,completed,20,3.9,False,4.21,level_2,42
TXN-1300736,2024-10-14,Mobile App,JP,IN,Software Engineer,96.03,USD,paypal,completed,30,3.6,False,19.21,level_1,42
TXN-1300695,2024-10-14,Translation,NL,US,Writer,1325.08,EUR,paypal,completed,1,4.1,False,265.02,rising_talent,42
TXN-1300788,2024-10-14,Translation,US,DE,Writer,184.1,GBP,paypal,completed,3,4.4,False,36.82,level_1,42
TXN-1300744,2024-10-14,Social Media Management,IN,US,Marketing Manager,118.87,USD,bank_transfer,completed,8,3.2,False,23.77,new_seller,42
TXN-1300741,2024-10-14,Legal Consulting,IN,MX,Lawyer,54.55,USD,paypal,completed,20,2.6,False,10.91,level_1,42
TXN-1300809,2024-10-14,Translation,MX,AU,Writer,236.75,USD,bank_transfer,completed,3,4.8,True,47.35,rising_talent,42
TXN-1300684,2024-10-14,Legal Consulting,IN,GB,Lawyer,169.76,USD,paypal,completed,18,4.4,True,33.95,level_2,42
TXN-1300562,2024-10-14,Virtual Assistant,GB,GB,HR Manager,17.31,USD,credit_card,completed,2,4.9,False,3.46,level_1,42
TXN-1300694,2024-10-15,Social Media Management,US,US,Marketing Manager,26.71,USD,paypal,completed,4,4.2,False,5.34,new_seller,42
TXN-1300724,2024-10-15,Photography,IN,IN,Designer,12.43,USD,credit_card,completed,5,4.2,False,2.49,rising_talent,42
TXN-1300783,2024-10-15,Financial Modeling,BR,US,Accountant,514.39,USD,bank_transfer,completed,8,4.4,True,102.88,rising_talent,42
TXN-1300747,2024-10-15,Social Media Management,IN,ES,Marketing Manager,580.21,GBP,credit_card,completed,7,4.0,False,116.04,top_rated,42
TXN-1300676,2024-10-15,Photography,IN,GB,Designer,45.65,USD,credit_card,completed,2,3.3,False,9.13,new_seller,42
TXN-1300675,2024-10-15,Mobile App,GB,GB,Software Engineer,231.58,USD,credit_card,completed,21,3.7,False,46.32,level_1,42
TXN-1300617,2024-10-15,SEO/SEM,US,MX,Marketing Manager,154.22,USD,crypto,completed,9,3.7,True,30.84,level_1,42
TXN-1300716,2024-10-15,Data Analysis,GB,IN,Data Scientist,627.21,USD,bank_transfer,completed,9,4.3,False,125.44,rising_talent,42
TXN-1300711,2024-10-15,Mobile App,DE,GB,Software Engineer,13.5,USD,paypal,completed,20,4.2,False,2.7,rising_talent,42
TXN-1300627,2024-10-15,Content Writing,US,NL,Writer,187.66,GBP,bank_transfer,completed,2,4.8,True,37.53,level_2,42
TXN-1300705,2024-10-15,Graphic Design,IN,US,Designer,128.99,USD,credit_card,completed,7,4.0,False,25.8,level_2,42
TXN-1300635,2024-10-15,Legal Consulting,US,FR,Lawyer,188.33,USD,credit_card,completed,22,3.7,True,37.67,level_2,42
TXN-1300641,2024-10-15,Mobile App,DE,IN,Software Engineer,120.66,USD,credit_card,completed,22,4.5,False,24.13,level_1,42
TXN-1300765,2024-10-15,AI/ML Development,GB,IL,Data Scientist,29.32,USD,credit_card,completed,16,4.3,False,5.86,new_seller,42
TXN-1300672,2024-10-15,Legal Consulting,CA,IN,Lawyer,114.95,ILS,credit_card,completed,11,4.2,False,22.99,rising_talent,42
TXN-1300669,2024-10-15,AI/ML Development,AU,BR,Data Scientist,311.0,USD,credit_card,completed,30,3.9,True,62.2,new_seller,42
TXN-1300654,2024-10-15,Photography,CA,ES,Designer,896.89,EUR,bank_transfer,completed,2,4.4,False,179.38,top_rated,42
TXN-1300687,2024-10-15,Photography,NL,IN,Designer,154.15,USD,credit_card,completed,3,4.6,False,30.83,rising_talent,42
TXN-1300710,2024-10-15,Legal Consulting,IN,IN,Lawyer,78.38,USD,credit_card,cancelled,12,,True,15.68,level_1,42
TXN-1300734,2024-10-15,Data Analysis,GB,IL,Data Scientist,15.58,USD,credit_card,completed,14,4.3,True,3.12,level_1,42
TXN-1300583,2024-10-15,AI/ML Development,US,US,Data Scientist,93.46,ILS,paypal,completed,26,3.7,False,18.69,rising_talent,42
TXN-1300607,2024-10-15,Photography,FR,IN,Designer,28.54,GBP,crypto,completed,5,4.1,False,5.71,level_1,42
TXN-1300795,2024-10-15,Virtual Assistant,BR,SG,HR Manager,689.41,USD,paypal,completed,1,4.4,False,137.88,level_1,42
TXN-1300584,2024-10-15,Social Media Management,US,ES,Marketing Manager,74.35,USD,credit_card,completed,8,2.7,False,14.87,level_1,42
TXN-1300812,2024-10-15,Financial Modeling,US,FR,Accountant,108.16,USD,credit_card,completed,6,3.8,False,21.63,rising_talent,42
TXN-1300594,2024-10-15,Virtual Assistant,IN,IN,HR Manager,119.01,USD,credit_card,completed,1,4.9,False,23.8,new_seller,42
TXN-1300561,2024-10-15,Social Media Management,DE,GB,Marketing Manager,104.18,USD,credit_card,completed,8,4.6,True,20.84,top_rated,42
TXN-1300578,2024-10-15,Translation,CA,FR,Writer,313.34,USD,bank_transfer,completed,2,3.7,False,62.67,top_rated,42
TXN-1300563,2024-10-15,Social Media Management,US,GB,Marketing Manager,366.6,USD,credit_card,completed,8,3.6,False,73.32,level_1,42
TXN-1300591,2024-10-15,SEO/SEM,IN,US,Marketing Manager,219.74,USD,paypal,completed,10,4.3,False,43.95,level_1,42
TXN-1300548,2024-10-15,Data Analysis,US,BR,Data Scientist,26.53,USD,paypal,completed,4,4.8,False,5.31,level_2,42
TXN-1300802,2024-10-15,Translation,US,FR,Writer,1536.88,USD,bank_transfer,completed,3,2.6,True,307.38,level_2,42
TXN-1300574,2024-10-15,Virtual Assistant,ES,US,HR Manager,97.63,USD,paypal,completed,2,4.1,True,19.53,new_seller,42
TXN-1300604,2024-10-15,Translation,GB,US,Writer,130.43,USD,credit_card,completed,3,4.7,False,26.09,level_1,42
TXN-1300819,2024-10-15,SEO/SEM,US,GB,Marketing Manager,29.95,GBP,paypal,completed,15,4.0,True,5.99,rising_talent,42
TXN-1300570,2024-10-15,Video Production,US,US,Designer,188.61,GBP,bank_transfer,completed,16,4.5,False,37.72,rising_talent,42
TXN-1300586,2024-10-15,Graphic Design,US,IN,Designer,193.32,USD,credit_card,completed,9,3.8,False,38.66,new_seller,42
TXN-1300797,2024-10-15,SEO/SEM,US,GB,Marketing Manager,124.49,USD,crypto,cancelled,26,,True,24.9,level_2,42
TXN-1300701,2024-10-16,Virtual Assistant,US,US,HR Manager,37.39,USD,bank_transfer,completed,1,2.8,True,7.48,level_2,42
TXN-1300704,2024-10-16,Mobile App,BR,US,Software Engineer,326.4,USD,credit_card,completed,10,3.7,False,65.28,level_2,42
TXN-1300735,2024-10-16,Virtual Assistant,US,US,HR Manager,103.72,USD,credit_card,completed,3,3.4,False,20.74,level_2,42
TXN-1300651,2024-10-16,Music Production,DE,US,Designer,182.82,USD,credit_card,completed,11,4.4,True,36.56,level_2,42
TXN-1300656,2024-10-16,Content Writing,IN,CA,Writer,91.72,USD,crypto,completed,3,2.8,True,18.34,top_rated,42
TXN-1300587,2024-10-16,Virtual Assistant,US,FR,HR Manager,1048.65,USD,paypal,completed,5,4.2,False,209.73,level_1,42
TXN-1300762,2024-10-16,Data Analysis,DE,IN,Data Scientist,441.13,EUR,paypal,completed,11,4.3,False,88.23,rising_talent,42
TXN-1300760,2024-10-16,Video Production,GB,US,Designer,110.07,USD,credit_card,disputed,3,,False,22.01,level_2,42
TXN-1300663,2024-10-16,AI/ML Development,GB,US,Data Scientist,22.5,EUR,bank_transfer,completed,14,4.5,True,4.5,new_seller,42
TXN-1300659,2024-10-16,Content Writing,CA,BR,Writer,193.08,INR,bank_transfer,completed,3,4.4,True,38.62,level_2,42
TXN-1300585,2024-10-16,Data Analysis,GB,FR,Data Scientist,372.07,USD,paypal,completed,8,4.6,True,74.41,new_seller,42
TXN-1300558,2024-10-16,Music Production,ZA,MX,Designer,58.24,USD,bank_transfer,completed,13,4.4,False,11.65,new_seller,42
TXN-1300753,2024-10-16,Financial Modeling,GB,GB,Accountant,95.59,USD,paypal,completed,5,4.9,False,19.12,level_1,42
TXN-1300800,2024-10-16,Translation,BR,IN,Writer,402.57,USD,paypal,completed,1,3.7,False,80.51,rising_talent,42
TXN-1300787,2024-10-16,Financial Modeling,US,US,Accountant,202.64,USD,credit_card,completed,8,2.8,False,40.53,level_2,42
TXN-1300751,2024-10-16,Graphic Design,GB,US,Designer,72.86,USD,credit_card,completed,4,3.9,True,14.57,rising_talent,42
TXN-1300576,2024-10-16,Video Production,IN,MX,Designer,23.42,USD,credit_card,completed,7,3.8,False,4.68,new_seller,42
TXN-1300692,2024-10-16,Data Analysis,CA,US,Data Scientist,115.2,GBP,paypal,completed,7,4.2,False,23.04,top_rated,42
TXN-1300759,2024-10-16,Content Writing,DE,IN,Writer,71.71,USD,paypal,completed,2,3.8,False,14.34,rising_talent,42
TXN-1300588,2024-10-16,Virtual Assistant,ZA,US,HR Manager,197.6,USD,paypal,completed,1,4.5,True,39.52,level_1,42
TXN-1300647,2024-10-16,SEO/SEM,DE,US,Marketing Manager,50.33,USD,credit_card,completed,6,3.9,False,10.07,level_2,42
TXN-1300564,2024-10-16,Content Writing,US,US,Writer,392.81,USD,credit_card,completed,2,3.3,False,78.56,rising_talent,42
TXN-1300719,2024-10-16,Mobile App,US,GB,Software Engineer,413.83,ILS,paypal,completed,20,3.5,False,82.77,level_1,42
TXN-1300622,2024-10-16,Social Media Management,IN,GB,Marketing Manager,77.02,INR,paypal,completed,5,4.6,True,15.4,rising_talent,42
TXN-1300549,2024-10-16,SEO/SEM,US,US,Marketing Manager,157.75,USD,bank_transfer,completed,4,2.5,False,31.55,level_2,42
TXN-1300624,2024-10-16,Web Development,IN,DE,Software Engineer,55.39,GBP,credit_card,completed,8,3.9,False,11.08,new_seller,42
TXN-1300626,2024-10-16,Web Development,JP,DE,Software Engineer,45.78,ILS,paypal,completed,6,1.0,False,9.16,rising_talent,42
TXN-1300807,2024-10-16,Data Analysis,ES,US,Data Scientist,1429.84,USD,credit_card,completed,4,4.2,True,285.97,top_rated,42
TXN-1300717,2024-10-16,Legal Consulting,US,ZA,Lawyer,29.28,USD,credit_card,completed,7,3.0,False,5.86,level_1,42
TXN-1300601,2024-10-16,Photography,IN,US,Designer,17.79,USD,credit_card,completed,3,4.3,False,3.56,rising_talent,42
TXN-1300722,2024-10-16,Legal Consulting,IN,US,Lawyer,178.22,USD,credit_card,completed,16,4.5,False,35.64,level_2,42
TXN-1300772,2024-10-16,Data Analysis,FR,GB,Data Scientist,79.88,USD,paypal,completed,6,4.4,True,15.98,new_seller,42
TXN-1300781,2024-10-16,Graphic Design,FR,IL,Designer,196.21,USD,bank_transfer,completed,2,4.6,True,39.24,level_1,42
TXN-1300771,2024-10-16,Social Media Management,GB,NL,Marketing Manager,95.33,USD,credit_card,completed,9,3.3,False,19.07,level_1,42
TXN-1300713,2024-10-16,Photography,US,IN,Designer,48.94,USD,bank_transfer,completed,3,4.6,True,9.79,new_seller,42
TXN-1300593,2024-10-16,SEO/SEM,SG,GB,Marketing Manager,66.79,ILS,paypal,completed,12,3.6,True,13.36,level_1,42
TXN-1300723,2024-10-16,Photography,BR,MX,Designer,497.02,USD,paypal,completed,9,4.2,True,99.4,rising_talent,42
TXN-1300551,2024-10-16,Photography,ES,US,Designer,6.23,USD,crypto,completed,4,3.1,False,1.25,level_1,42
TXN-1300639,2024-10-16,Graphic Design,US,GB,Designer,188.23,USD,credit_card,completed,10,4.7,True,37.65,top_rated,42
TXN-1300766,2024-10-16,Content Writing,US,CA,Writer,134.2,USD,credit_card,completed,2,4.6,False,26.84,level_2,42
TXN-1300606,2024-10-16,Legal Consulting,IN,ES,Lawyer,150.4,USD,credit_card,completed,16,4.3,True,30.08,level_2,42
TXN-1300633,2024-10-16,AI/ML Development,US,US,Data Scientist,23.74,USD,paypal,completed,14,4.5,False,4.75,level_2,42
TXN-1300793,2024-10-16,AI/ML Development,FR,BR,Data Scientist,274.48,USD,credit_card,completed,18,3.4,False,54.9,rising_talent,42
TXN-1300693,2024-10-17,Video Production,IL,IN,Designer,93.82,USD,credit_card,completed,5,4.6,False,18.76,top_rated,42
TXN-1300739,2024-10-17,Translation,GB,US,Writer,276.6,USD,crypto,completed,3,3.8,False,55.32,level_1,42
TXN-1300689,2024-10-17,Mobile App,IL,US,Software Engineer,563.76,USD,credit_card,disputed,24,,True,112.75,rising_talent,42
TXN-1300740,2024-10-17,SEO/SEM,AU,ZA,Marketing Manager,206.34,USD,paypal,completed,10,3.0,False,41.27,top_rated,42
TXN-1300554,2024-10-17,Translation,DE,FR,Writer,271.41,USD,credit_card,completed,1,2.9,False,54.28,level_1,42
TXN-1300699,2024-10-17,SEO/SEM,SG,ZA,Marketing Manager,33.95,GBP,credit_card,completed,15,4.6,False,6.79,rising_talent,42
TXN-1300818,2024-10-17,Translation,US,FR,Writer,1654.71,USD,credit_card,completed,5,4.7,True,330.94,top_rated,42
TXN-1300714,2024-10-17,Data Analysis,MX,US,Data Scientist,339.89,USD,credit_card,completed,9,4.5,False,67.98,level_1,42
TXN-1300712,2024-10-17,Video Production,US,IN,Designer,109.3,USD,bank_transfer,completed,3,4.3,False,21.86,rising_talent,42
TXN-1300553,2024-10-17,AI/ML Development,ES,DE,Data Scientist,1187.98,GBP,credit_card,completed,14,3.6,True,237.6,top_rated,42
TXN-1300732,2024-10-17,Social Media Management,FR,US,Marketing Manager,623.56,USD,credit_card,completed,12,4.7,False,124.71,new_seller,42
TXN-1300707,2024-10-17,Photography,NL,DE,Designer,51.03,GBP,credit_card,cancelled,4,,False,10.21,level_2,42
TXN-1300733,2024-10-17,Financial Modeling,US,DE,Accountant,17.65,EUR,bank_transfer,completed,3,4.3,False,3.53,level_1,42
TXN-1300718,2024-10-17,Music Production,ZA,US,Designer,207.48,ILS,credit_card,completed,6,4.2,False,41.5,level_2,42
TXN-1300698,2024-10-17,Translation,DE,IN,Writer,41.01,USD,credit_card,completed,2,5.0,False,8.2,level_1,42
TXN-1300752,2024-10-17,SEO/SEM,DE,GB,Marketing Manager,35.19,USD,credit_card,completed,10,4.6,True,7.04,level_2,42
TXN-1300644,2024-10-17,Music Production,US,US,Designer,65.46,USD,credit_card,completed,15,4.6,False,13.09,rising_talent,42
TXN-1300605,2024-10-17,AI/ML Development,IN,BR,Data Scientist,115.69,USD,paypal,completed,21,3.7,False,23.14,new_seller,42
TXN-1300790,2024-10-17,Web Development,IN,GB,Software Engineer,30.46,USD,credit_card,completed,9,3.7,False,6.09,level_1,42
TXN-1300792,2024-10-17,Social Media Management,CA,DE,Marketing Manager,775.08,USD,credit_card,completed,5,4.8,False,155.02,new_seller,42
TXN-1300775,2024-10-17,AI/ML Development,DE,FR,Data Scientist,33.29,GBP,crypto,completed,6,4.7,False,6.66,new_seller,42
TXN-1300596,2024-10-17,AI/ML Development,US,US,Data Scientist,145.77,USD,credit_card,completed,24,3.7,False,29.15,level_1,42
TXN-1300796,2024-10-17,Legal Consulting,BR,US,Lawyer,271.54,USD,bank_transfer,completed,16,3.6,False,54.31,rising_talent,42
TXN-1300630,2024-10-17,Web Development,IN,JP,Software Engineer,300.28,GBP,credit_card,completed,6,4.9,False,60.06,level_1,42
TXN-1300636,2024-10-17,Video Production,SG,ZA,Designer,338.82,USD,credit_card,completed,6,4.0,True,67.76,level_1,42
TXN-1300592,2024-10-17,SEO/SEM,US,GB,Marketing Manager,45.52,USD,bank_transfer,completed,4,3.8,False,9.1,new_seller,42
TXN-1300642,2024-10-17,Financial Modeling,US,JP,Accountant,65.51,USD,credit_card,completed,7,4.3,True,13.1,level_1,42
TXN-1300798,2024-10-17,Photography,IN,US,Designer,226.64,USD,credit_card,completed,3,4.6,True,45.33,rising_talent,42
TXN-1300652,2024-10-17,Translation,GB,ES,Writer,543.17,INR,credit_card,completed,3,4.1,False,108.63,rising_talent,42
TXN-1300761,2024-10-17,Mobile App,US,IL,Software Engineer,98.59,USD,bank_transfer,completed,28,4.4,False,19.72,top_rated,42
TXN-1300726,2024-10-17,Virtual Assistant,IN,NL,HR Manager,1247.42,USD,bank_transfer,completed,1,4.5,True,249.48,top_rated,42
TXN-1300666,2024-10-17,Web Development,GB,NL,Software Engineer,112.89,USD,paypal,completed,8,3.1,False,22.58,level_1,42
TXN-1300567,2024-10-17,Web Development,ES,NL,Software Engineer,29.21,USD,credit_card,completed,11,3.9,False,5.84,level_2,42
TXN-1300572,2024-10-17,Music Production,US,ES,Designer,104.27,EUR,credit_card,completed,7,4.2,False,20.85,level_2,42
TXN-1300805,2024-10-17,Web Development,US,FR,Software Engineer,261.38,USD,bank_transfer,completed,10,4.9,False,52.28,level_2,42
TXN-1300749,2024-10-17,Virtual Assistant,AU,IN,HR Manager,111.09,USD,paypal,disputed,2,,False,22.22,top_rated,42
TXN-1300748,2024-10-17,Social Media Management,IL,US,Marketing Manager,33.75,GBP,credit_card,completed,4,3.3,False,6.75,level_1,42
TXN-1300799,2024-10-18,Web Development,FR,CA,Software Engineer,50.53,USD,credit_card,completed,22,3.6,False,10.11,level_2,42
TXN-1300784,2024-10-18,Music Production,GB,US,Designer,548.0,GBP,crypto,completed,10,4.4,False,109.6,new_seller,42
TXN-1300789,2024-10-18,Virtual Assistant,GB,GB,HR Manager,151.66,USD,paypal,completed,1,3.2,True,30.33,level_1,42
TXN-1300745,2024-10-18,Financial Modeling,US,SG,Accountant,101.37,USD,credit_card,completed,18,3.6,False,20.27,top_rated,42
TXN-1300806,2024-10-18,Virtual Assistant,GB,MX,HR Manager,80.02,USD,paypal,completed,1,3.5,True,16.0,level_2,42
TXN-1300779,2024-10-18,Graphic Design,US,IN,Designer,160.2,USD,credit_card,completed,3,4.2,True,32.04,level_2,42
TXN-1300738,2024-10-18,Graphic Design,ZA,DE,Designer,253.74,EUR,credit_card,completed,6,2.3,True,50.75,level_2,42
TXN-1300730,2024-10-18,Web Development,US,DE,Software Engineer,238.59,USD,credit_card,completed,19,3.3,True,47.72,rising_talent,42
TXN-1300770,2024-10-18,Virtual Assistant,DE,GB,HR Manager,519.79,USD,bank_transfer,completed,2,4.2,False,103.96,level_2,42
TXN-1300769,2024-10-18,Translation,GB,AU,Writer,391.07,GBP,credit_card,completed,1,4.5,False,78.21,new_seller,42
TXN-1300817,2024-10-18,Financial Modeling,US,IN,Accountant,69.87,USD,credit_card,completed,9,5.0,True,13.97,level_2,42
TXN-1300767,2024-10-18,Video Production,US,IL,Designer,1563.67,ILS,paypal,completed,3,3.5,False,312.73,rising_talent,42
TXN-1300750,2024-10-18,Content Writing,US,FR,Writer,180.82,USD,paypal,completed,2,3.8,False,36.16,level_1,42
TXN-1300737,2024-10-18,Photography,AU,US,Designer,276.4,USD,paypal,completed,2,2.9,False,55.28,level_2,42
TXN-1300743,2024-10-18,Video Production,US,MX,Designer,35.58,EUR,credit_card,completed,5,4.9,True,7.12,rising_talent,42
TXN-1300801,2024-10-18,Data Analysis,US,FR,Data Scientist,79.59,USD,credit_card,completed,4,4.3,False,15.92,level_2,42
TXN-1300763,2024-10-18,Web Development,US,IN,Software Engineer,792.38,USD,bank_transfer,completed,7,4.3,False,158.48,level_1,42
TXN-1300815,2024-10-18,AI/ML Development,BR,SG,Data Scientist,30.94,USD,credit_card,completed,13,4.7,True,6.19,rising_talent,42
TXN-1300755,2024-10-18,Web Development,US,US,Software Engineer,2905.14,USD,credit_card,completed,30,4.6,False,581.03,rising_talent,42
TXN-1300810,2024-10-18,Social Media Management,DE,US,Marketing Manager,1582.82,USD,credit_card,completed,5,3.8,True,316.56,level_2,42
TXN-1300631,2024-10-18,Virtual Assistant,IN,IN,HR Manager,14.19,USD,paypal,completed,1,3.5,False,2.84,level_2,42
TXN-1300721,2024-10-18,Web Development,GB,FR,Software Engineer,228.82,USD,credit_card,completed,20,4.1,False,45.76,new_seller,42
TXN-1300670,2024-10-18,Financial Modeling,US,US,Accountant,40.18,EUR,credit_card,completed,6,4.5,False,8.04,level_1,42
TXN-1300668,2024-10-18,Graphic Design,BR,IN,Designer,1666.79,USD,crypto,completed,6,2.8,True,333.36,level_2,42
TXN-1300727,2024-10-18,Photography,US,US,Designer,37.36,USD,credit_card,completed,2,4.5,False,7.47,top_rated,42
TXN-1300662,2024-10-18,Social Media Management,GB,IN,Marketing Manager,74.13,USD,paypal,completed,4,4.7,False,14.83,rising_talent,42
TXN-1300559,2024-10-18,Music Production,US,IN,Designer,76.62,USD,credit_card,completed,11,4.8,True,15.32,rising_talent,42
TXN-1300657,2024-10-18,Legal Consulting,BR,US,Lawyer,16.59,USD,credit_card,completed,29,4.3,False,3.32,level_1,42
TXN-1300655,2024-10-18,Graphic Design,IN,IN,Designer,398.93,USD,bank_transfer,completed,5,4.7,False,79.79,level_1,42
TXN-1300645,2024-10-18,SEO/SEM,IL,US,Marketing Manager,53.04,USD,credit_card,completed,10,3.6,True,10.61,level_1,42
TXN-1300671,2024-10-18,AI/ML Development,IN,BR,Data Scientist,344.31,USD,credit_card,completed,30,4.2,True,68.86,top_rated,42
TXN-1300640,2024-10-18,Photography,US,AU,Designer,139.34,USD,paypal,completed,3,4.3,False,27.87,level_1,42
TXN-1300629,2024-10-18,Content Writing,MX,US,Writer,543.57,USD,credit_card,completed,2,3.9,False,108.71,level_1,42
TXN-1300615,2024-10-18,Music Production,BR,US,Designer,35.92,USD,paypal,completed,10,4.6,False,7.18,rising_talent,42
TXN-1300575,2024-10-18,Graphic Design,GB,FR,Designer,494.72,USD,crypto,completed,5,5.0,False,98.94,level_2,42
TXN-1300579,2024-10-18,SEO/SEM,ES,GB,Marketing Manager,161.45,GBP,paypal,completed,4,4.4,True,32.29,level_1,42
TXN-1300610,2024-10-18,Music Production,US,DE,Designer,307.62,USD,credit_card,completed,30,2.6,True,61.52,level_1,42
TXN-1300581,2024-10-18,Music Production,GB,DE,Designer,65.93,USD,crypto,completed,10,4.1,False,13.19,rising_talent,42
TXN-1300599,2024-10-18,Video Production,FR,BR,Designer,4165.17,USD,credit_card,completed,3,4.5,False,833.03,level_2,42
TXN-1300598,2024-10-18,Photography,IN,AU,Designer,109.64,USD,crypto,completed,2,4.4,True,21.93,new_seller,42
TXN-1300632,2024-10-18,Photography,CA,GB,Designer,367.72,USD,credit_card,completed,2,3.2,False,73.54,level_2,42
TXN-1300673,2024-10-18,Financial Modeling,US,US,Accountant,244.95,ILS,paypal,completed,16,3.8,False,48.99,top_rated,42
TXN-1300565,2024-10-18,Music Production,MX,CA,Designer,1122.44,USD,credit_card,completed,23,3.6,True,224.49,level_2,42
TXN-1300678,2024-10-18,Video Production,FR,US,Designer,143.04,USD,credit_card,completed,10,3.8,False,28.61,rising_talent,42
TXN-1300697,2024-10-18,Social Media Management,MX,BR,Marketing Manager,20.39,USD,bank_transfer,completed,4,3.5,True,4.08,level_1,42
TXN-1300696,2024-10-18,Financial Modeling,ES,US,Accountant,940.06,USD,crypto,completed,17,4.3,False,188.01,level_1,42
TXN-1300556,2024-10-18,Video Production,IN,GB,Designer,394.15,ILS,credit_card,completed,6,4.6,True,78.83,rising_talent,42
TXN-1300720,2024-10-18,Graphic Design,CA,CA,Designer,66.73,INR,credit_card,completed,4,4.0,False,13.35,level_2,42
TXN-1300555,2024-10-18,SEO/SEM,ZA,IN,Marketing Manager,208.16,USD,credit_card,completed,10,4.8,False,41.63,level_2,42
TXN-1300715,2024-10-18,Financial Modeling,US,DE,Accountant,7.33,USD,bank_transfer,completed,7,3.8,False,1.47,level_1,42
TXN-1300702,2024-10-18,Music Production,DE,GB,Designer,64.49,GBP,paypal,completed,17,4.5,False,12.9,new_seller,42
TXN-1300552,2024-10-18,Legal Consulting,IN,NL,Lawyer,203.01,USD,paypal,completed,12,2.4,False,40.6,level_1,42
TXN-1300708,2024-10-18,AI/ML Development,AU,US,Data Scientist,0.01,USD,credit_card,cancelled,16,,True,0.0,level_2,42
TXN-1300550,2024-10-18,Video Production,GB,IN,Designer,74.14,USD,credit_card,completed,7,4.8,False,14.83,new_seller,42
TXN-1300778,2024-10-19,Translation,AU,MX,Writer,54.15,USD,credit_card,completed,1,2.2,True,10.83,new_seller,42
TXN-1300803,2024-10-19,Content Writing,GB,DE,Writer,322.9,USD,crypto,completed,1,4.5,False,64.58,level_1,42
TXN-1300620,2024-10-19,Legal Consulting,GB,GB,Lawyer,368.8,USD,bank_transfer,completed,17,3.5,False,73.76,rising_talent,42
TXN-1300614,2024-10-19,Translation,US,GB,Writer,73.76,EUR,credit_card,completed,1,4.4,True,14.75,rising_talent,42
TXN-1300609,2024-10-19,Music Production,US,IL,Designer,169.67,USD,credit_card,in_progress,7,,False,33.93,rising_talent,42
TXN-1300573,2024-10-19,Translation,IL,MX,Writer,91.12,USD,credit_card,completed,5,4.3,True,18.22,rising_talent,42
TXN-1300608,2024-10-19,Mobile App,US,NL,Software Engineer,353.81,USD,credit_card,completed,14,4.5,True,70.76,top_rated,42
TXN-1300602,2024-10-19,AI/ML Development,AU,FR,Data Scientist,69.94,USD,paypal,completed,15,4.4,False,13.99,level_1,42
TXN-1300600,2024-10-19,AI/ML Development,GB,US,Data Scientist,1906.18,USD,crypto,completed,17,4.4,False,381.24,level_1,42
TXN-1300709,2024-10-19,Translation,DE,US,Writer,118.43,USD,paypal,completed,2,4.3,False,23.69,level_1,42
TXN-1300794,2024-10-19,Web Development,US,IN,Software Engineer,123.95,USD,bank_transfer,completed,19,4.0,True,24.79,top_rated,42
TXN-1300582,2024-10-19,Legal Consulting,MX,ES,Lawyer,31.42,USD,paypal,completed,11,3.6,False,6.28,level_1,42
TXN-1300703,2024-10-19,Social Media Management,US,NL,Marketing Manager,418.66,USD,credit_card,completed,6,4.8,False,83.73,top_rated,42
TXN-1300776,2024-10-19,Content Writing,IN,US,Writer,263.14,EUR,paypal,completed,2,4.6,False,52.63,level_1,42
TXN-1300628,2024-10-19,Music Production,US,IN,Designer,113.59,USD,credit_card,completed,23,2.7,False,22.72,top_rated,42
TXN-1300625,2024-10-19,Mobile App,AU,US,Software Engineer,1204.22,USD,credit_card,completed,30,4.5,True,240.84,level_1,42
TXN-1300679,2024-10-19,Financial Modeling,US,US,Accountant,47.75,USD,credit_card,disputed,6,,False,9.55,level_1,42
TXN-1300681,2024-10-19,Mobile App,DE,DE,Software Engineer,45.94,USD,credit_card,completed,15,4.4,True,9.19,new_seller,42
TXN-1300754,2024-10-19,Virtual Assistant,BR,US,HR Manager,139.0,USD,credit_card,completed,1,4.6,True,27.8,level_2,42
TXN-1300742,2024-10-19,Video Production,IN,ZA,Designer,310.23,USD,paypal,completed,4,3.6,True,62.05,new_seller,42
TXN-1300811,2024-10-19,Data Analysis,US,US,Data Scientist,29.2,USD,paypal,completed,3,4.8,True,5.84,new_seller,42
TXN-1300658,2024-10-19,Legal Consulting,IN,GB,Lawyer,65.4,USD,credit_card,completed,14,4.4,True,13.08,level_2,42
TXN-1300686,2024-10-19,Web Development,US,GB,Software Engineer,195.36,USD,bank_transfer,completed,24,2.9,False,39.07,level_2,42
TXN-1300595,2024-10-19,Music Production,US,CA,Designer,163.77,EUR,bank_transfer,completed,6,4.5,False,32.75,level_2,42
TXN-1300571,2024-10-19,SEO/SEM,US,GB,Marketing Manager,113.13,USD,bank_transfer,completed,12,3.8,False,22.63,level_1,42
TXN-1300650,2024-10-19,SEO/SEM,US,US,Marketing Manager,13.06,USD,paypal,completed,13,4.4,True,2.61,new_seller,42
TXN-1300690,2024-10-19,Content Writing,US,GB,Writer,99.7,USD,paypal,completed,2,4.8,False,19.94,level_2,42
TXN-1300691,2024-10-19,Data Analysis,GB,US,Data Scientist,269.52,INR,credit_card,completed,3,3.4,False,53.9,level_2,42
TXN-1300566,2024-10-19,Music Production,GB,GB,Designer,81.36,USD,credit_card,cancelled,9,,False,16.27,rising_talent,42
TXN-1300634,2024-10-19,Social Media Management,ZA,US,Marketing Manager,25.21,EUR,bank_transfer,cancelled,8,,False,5.04,top_rated,42
TXN-1300677,2024-10-19,Video Production,BR,BR,Designer,3052.24,EUR,paypal,completed,4,4.4,True,610.45,rising_talent,42
TXN-1300646,2024-10-19,Translation,US,FR,Writer,581.3,USD,bank_transfer,cancelled,2,,False,116.26,level_1,42
TXN-1300590,2024-10-19,Graphic Design,IN,BR,Designer,36.48,GBP,credit_card,completed,5,2.4,True,7.3,new_seller,42
TXN-1300808,2024-10-20,Mobile App,US,US,Software Engineer,94.32,USD,credit_card,completed,30,4.0,False,18.86,rising_talent,42
TXN-1300560,2024-10-20,Mobile App,DE,US,Software Engineer,31.41,USD,bank_transfer,completed,16,3.0,True,6.28,level_1,42
TXN-1300568,2024-10-20,Virtual Assistant,US,ES,HR Manager,43.05,USD,credit_card,in_progress,1,,False,8.61,level_2,42
TXN-1300804,2024-10-20,Data Analysis,US,IN,Data Scientist,195.67,INR,bank_transfer,completed,11,4.4,False,39.13,level_1,42
TXN-1300814,2024-10-20,Translation,IN,AU,Writer,335.69,USD,credit_card,completed,4,3.2,False,67.14,level_1,42
TXN-1300597,2024-10-20,Financial Modeling,IN,US,Accountant,93.1,USD,bank_transfer,completed,8,3.1,True,18.62,rising_talent,42
TXN-1300706,2024-10-20,Legal Consulting,ZA,NL,Lawyer,71.41,USD,paypal,completed,8,2.8,False,14.28,top_rated,42
TXN-1300688,2024-10-20,Web Development,US,IN,Software Engineer,2471.17,GBP,credit_card,completed,7,4.5,False,494.23,level_1,42
TXN-1300685,2024-10-20,Social Media Management,IN,FR,Marketing Manager,88.85,EUR,credit_card,disputed,6,,False,17.77,level_1,42
TXN-1300683,2024-10-20,Virtual Assistant,FR,US,HR Manager,268.27,USD,paypal,completed,1,4.1,False,53.65,level_2,42
TXN-1300665,2024-10-20,SEO/SEM,US,NL,Marketing Manager,30.1,USD,credit_card,completed,14,4.4,True,6.02,level_2,42
TXN-1300661,2024-10-20,Financial Modeling,US,US,Accountant,23.41,USD,credit_card,completed,11,4.6,False,4.68,level_1,42
TXN-1300757,2024-10-20,Graphic Design,IN,US,Designer,166.4,ILS,credit_card,completed,2,3.8,False,33.28,rising_talent,42
TXN-1300660,2024-10-20,Legal Consulting,IL,DE,Lawyer,176.09,GBP,paypal,completed,66,4.9,False,35.22,rising_talent,42
TXN-1300653,2024-10-20,Translation,US,DE,Writer,30.89,USD,bank_transfer,completed,2,4.5,False,6.18,level_2,42
TXN-1300589,2024-10-20,Virtual Assistant,IN,IN,HR Manager,882.27,USD,credit_card,completed,1,3.5,False,176.45,new_seller,42
TXN-1300768,2024-10-20,Video Production,IN,US,Designer,941.33,USD,crypto,completed,3,3.4,True,188.27,rising_talent,42
TXN-1300637,2024-10-20,Translation,FR,IN,Writer,321.98,USD,paypal,completed,3,3.5,True,64.4,level_1,42
TXN-1300623,2024-10-20,Graphic Design,ES,IL,Designer,78.9,INR,crypto,completed,4,3.3,False,15.78,rising_talent,42
TXN-1300777,2024-10-20,Legal Consulting,US,US,Lawyer,2340.66,USD,credit_card,completed,15,4.0,True,468.13,new_seller,42
TXN-1300621,2024-10-20,Video Production,CA,US,Designer,66.53,USD,crypto,completed,7,3.5,False,13.31,rising_talent,42
TXN-1300780,2024-10-20,AI/ML Development,DE,IL,Data Scientist,33.0,USD,paypal,completed,10,4.1,False,6.6,top_rated,42
TXN-1300613,2024-10-20,Graphic Design,BR,US,Designer,109.09,GBP,credit_card,completed,7,4.7,True,21.82,level_2,42
TXN-1300785,2024-10-20,Content Writing,GB,FR,Writer,254.29,USD,credit_card,completed,1,4.5,True,50.86,level_2,42
TXN-1300791,2024-10-20,Legal Consulting,CA,GB,Lawyer,1358.73,EUR,credit_card,completed,16,3.8,True,271.75,level_2,42
TXN-1300638,2024-10-20,Data Analysis,ES,BR,Data Scientist,68.11,USD,credit_card,completed,8,4.3,False,13.62,level_1,42
TXN-1300994,2024-10-21,SEO/SEM,GB,FR,Marketing Manager,336.1,USD,credit_card,completed,4,3.0,True,67.22,level_1,43
TXN-1300995,2024-10-21,Web Development,US,GB,Software Engineer,133.38,USD,credit_card,completed,16,3.1,False,26.68,new_seller,43
TXN-1300871,2024-10-21,Financial Modeling,MX,GB,Accountant,358.87,EUR,credit_card,completed,14,3.4,False,71.77,level_1,43
TXN-1300870,2024-10-21,Translation,FR,IN,Writer,252.65,USD,credit_card,completed,2,2.8,False,50.53,rising_talent,43
TXN-1300869,2024-10-21,Data Analysis,IN,AU,Data Scientist,49.02,USD,credit_card,completed,5,4.5,False,9.8,level_1,43
TXN-1300860,2024-10-21,Virtual Assistant,GB,IL,HR Manager,370.38,USD,crypto,completed,2,4.5,True,74.08,level_2,43
TXN-1300998,2024-10-21,Translation,GB,US,Writer,935.34,USD,credit_card,completed,4,4.9,False,187.07,level_2,43
TXN-1300862,2024-10-21,Financial Modeling,IN,FR,Accountant,237.31,USD,paypal,completed,5,4.7,True,47.46,new_seller,43
TXN-1300874,2024-10-21,Legal Consulting,NL,IN,Lawyer,12.86,GBP,paypal,completed,6,3.1,False,2.57,level_1,43
TXN-1301016,2024-10-21,AI/ML Development,DE,NL,Data Scientist,1099.98,GBP,paypal,completed,22,4.7,False,220.0,top_rated,43
TXN-1301036,2024-10-21,Mobile App,US,US,Software Engineer,53.56,USD,credit_card,completed,26,4.2,False,10.71,top_rated,43
TXN-1300868,2024-10-21,SEO/SEM,AU,US,Marketing Manager,19.97,EUR,credit_card,completed,19,3.7,False,3.99,new_seller,43
TXN-1300989,2024-10-21,Mobile App,FR,IL,Software Engineer,396.12,USD,crypto,completed,14,4.5,False,79.22,new_seller,43
TXN-1300959,2024-10-21,Content Writing,DE,US,Writer,111.07,USD,paypal,completed,3,3.1,False,22.21,level_1,43
TXN-1300879,2024-10-21,Social Media Management,GB,MX,Marketing Manager,34.65,USD,paypal,completed,3,3.0,False,6.93,new_seller,43
TXN-1300881,2024-10-21,Graphic Design,IN,US,Designer,143.27,USD,bank_transfer,completed,21,4.2,False,28.65,rising_talent,43
TXN-1300882,2024-10-21,Social Media Management,FR,ZA,Marketing Manager,215.02,EUR,paypal,completed,11,4.3,True,43.0,new_seller,43
TXN-1300954,2024-10-21,Web Development,US,US,Software Engineer,739.03,USD,paypal,completed,21,3.7,False,147.81,level_1,43
TXN-1300937,2024-10-21,Financial Modeling,US,NL,Accountant,348.72,USD,paypal,completed,12,4.0,False,69.74,level_1,43
TXN-1300930,2024-10-21,Financial Modeling,GB,US,Accountant,94.45,USD,paypal,completed,5,3.4,False,18.89,level_1,43
TXN-1300926,2024-10-21,Music Production,IN,IN,Designer,43.01,EUR,paypal,completed,7,3.8,True,8.6,top_rated,43
TXN-1301040,2024-10-21,SEO/SEM,FR,GB,Marketing Manager,149.87,USD,credit_card,completed,7,3.8,False,29.97,level_1,43
TXN-1300910,2024-10-21,Virtual Assistant,US,IN,HR Manager,75.49,USD,paypal,completed,1,4.6,False,15.1,level_2,43
TXN-1300903,2024-10-21,Financial Modeling,IN,US,Accountant,13.67,USD,bank_transfer,completed,10,4.2,True,2.73,level_2,43
TXN-1300897,2024-10-21,Graphic Design,IN,GB,Designer,130.03,USD,credit_card,completed,3,4.7,True,26.01,top_rated,43
TXN-1300898,2024-10-21,AI/ML Development,IN,DE,Data Scientist,720.56,EUR,paypal,in_progress,10,,False,144.11,level_1,43
TXN-1300982,2024-10-21,Virtual Assistant,IN,SG,HR Manager,102.53,USD,credit_card,completed,2,3.6,False,20.51,rising_talent,43
TXN-1300911,2024-10-21,Translation,CA,US,Writer,77.48,EUR,credit_card,completed,2,3.2,False,15.5,new_seller,43
TXN-1300849,2024-10-21,Data Analysis,FR,DE,Data Scientist,168.35,USD,credit_card,completed,6,4.9,True,33.67,level_1,43
TXN-1300847,2024-10-21,Data Analysis,US,IN,Data Scientist,220.47,USD,credit_card,completed,5,4.4,False,44.09,rising_talent,43
TXN-1300836,2024-10-21,Financial Modeling,US,FR,Accountant,374.21,USD,credit_card,completed,10,4.5,False,74.84,rising_talent,43
TXN-1300835,2024-10-21,AI/ML Development,IN,IN,Data Scientist,119.75,ILS,bank_transfer,completed,15,3.2,False,23.95,level_2,43
TXN-1301044,2024-10-21,Data Analysis,NL,IL,Data Scientist,156.65,USD,credit_card,completed,5,2.6,False,31.33,level_1,43
TXN-1301060,2024-10-21,Social Media Management,SG,GB,Marketing Manager,19.37,INR,credit_card,completed,11,3.8,False,3.87,new_seller,43
TXN-1301067,2024-10-21,Virtual Assistant,IL,SG,HR Manager,16.41,USD,paypal,completed,2,4.4,False,3.28,level_2,43
TXN-1301070,2024-10-21,Virtual Assistant,IN,US,HR Manager,69.8,USD,paypal,completed,2,4.2,False,13.96,rising_talent,43
TXN-1301055,2024-10-21,Social Media Management,US,CA,Marketing Manager,32.48,USD,bank_transfer,completed,10,4.9,True,6.5,new_seller,43
TXN-1300829,2024-10-21,Social Media Management,NL,DE,Marketing Manager,785.31,EUR,credit_card,completed,2,3.9,True,157.06,rising_talent,43
TXN-1300827,2024-10-21,Photography,DE,AU,Designer,75.7,USD,credit_card,completed,7,4.8,False,15.14,rising_talent,43
TXN-1300825,2024-10-21,Photography,SG,FR,Designer,110.72,USD,credit_card,completed,4,3.8,True,22.14,level_1,43
TXN-1301076,2024-10-21,Music Production,GB,IN,Designer,12.91,USD,credit_card,completed,14,3.7,True,2.58,level_1,43
TXN-1300823,2024-10-21,Financial Modeling,ES,ZA,Accountant,99.56,USD,paypal,completed,10,4.0,True,19.91,rising_talent,43
TXN-1301080,2024-10-21,Social Media Management,US,ZA,Marketing Manager,19.03,USD,credit_card,completed,7,4.1,False,3.81,rising_talent,43
TXN-1301084,2024-10-21,Web Development,US,US,Software Engineer,129.64,USD,paypal,completed,22,4.6,True,25.93,level_1,43
TXN-1301071,2024-10-21,SEO/SEM,US,GB,Marketing Manager,117.12,GBP,credit_card,disputed,11,,False,23.42,level_1,43
TXN-1300839,2024-10-21,Virtual Assistant,US,US,HR Manager,59.1,USD,paypal,completed,3,4.5,False,11.82,level_2,43
TXN-1301058,2024-10-21,Financial Modeling,ES,ES,Accountant,192.11,USD,paypal,cancelled,12,,True,38.42,rising_talent,43
TXN-1300901,2024-10-21,Graphic Design,US,GB,Designer,169.67,USD,credit_card,completed,5,3.2,False,33.93,new_seller,43
TXN-1300844,2024-10-21,Data Analysis,IN,ES,Data Scientist,1054.44,USD,paypal,completed,5,3.5,False,210.89,level_2,43
TXN-1300846,2024-10-21,AI/ML Development,US,IN,Data Scientist,272.16,USD,bank_transfer,completed,12,3.5,False,54.43,rising_talent,43
TXN-1300843,2024-10-21,Video Production,DE,US,Designer,166.64,GBP,credit_card,completed,7,4.3,False,33.33,rising_talent,43
TXN-1300946,2024-10-22,Mobile App,BR,FR,Software Engineer,456.57,EUR,paypal,completed,18,4.5,False,91.31,new_seller,43
TXN-1300939,2024-10-22,Music Production,FR,CA,Designer,761.08,USD,credit_card,completed,9,1.0,True,152.22,level_2,43
TXN-1301073,2024-10-22,Content Writing,US,DE,Writer,1963.12,USD,paypal,completed,2,3.5,True,392.62,level_1,43
TXN-1301027,2024-10-22,Web Development,CA,BR,Software Engineer,153.85,USD,bank_transfer,completed,18,3.8,False,30.77,top_rated,43
TXN-1300928,2024-10-22,Translation,AU,IL,Writer,375.6,USD,paypal,completed,1,4.9,False,75.12,level_2,43
TXN-1301048,2024-10-22,Graphic Design,US,FR,Designer,72.54,USD,credit_card,completed,5,3.3,True,14.51,rising_talent,43
TXN-1300918,2024-10-22,AI/ML Development,DE,NL,Data Scientist,94.45,GBP,paypal,completed,18,4.7,False,18.89,top_rated,43
TXN-1301037,2024-10-22,Legal Consulting,FR,US,Lawyer,16.93,USD,bank_transfer,completed,24,3.9,False,3.39,level_2,43
TXN-1301039,2024-10-22,Virtual Assistant,US,US,HR Manager,275.1,USD,bank_transfer,completed,1,4.4,True,55.02,top_rated,43
TXN-1301082,2024-10-22,Translation,US,GB,Writer,54.59,USD,paypal,completed,3,4.6,True,10.92,new_seller,43
TXN-1300902,2024-10-22,Web Development,US,BR,Software Engineer,185.4,USD,credit_card,completed,11,4.0,False,37.08,top_rated,43
TXN-1301026,2024-10-22,Data Analysis,ES,US,Data Scientist,146.9,USD,bank_transfer,completed,11,4.0,True,29.38,top_rated,43
TXN-1300957,2024-10-22,Photography,AU,CA,Designer,22.06,USD,credit_card,completed,4,4.3,False,4.41,level_1,43
TXN-1300997,2024-10-22,SEO/SEM,DE,US,Marketing Manager,168.71,USD,paypal,completed,15,3.8,False,33.74,level_2,43
TXN-1301051,2024-10-22,Content Writing,FR,US,Writer,138.94,USD,paypal,completed,4,4.3,True,27.79,top_rated,43
TXN-1301017,2024-10-22,Translation,US,ZA,Writer,17.93,USD,paypal,completed,3,4.2,False,3.59,level_1,43
TXN-1300968,2024-10-22,Web Development,IN,IL,Software Engineer,275.34,USD,credit_card,completed,10,3.9,False,55.07,top_rated,43
TXN-1301014,2024-10-22,Translation,US,US,Writer,1286.43,EUR,credit_card,completed,2,4.5,False,257.29,level_1,43
TXN-1301066,2024-10-22,Content Writing,ES,US,Writer,37.32,USD,credit_card,completed,3,4.3,False,7.46,new_seller,43
TXN-1300984,2024-10-22,Data Analysis,DE,JP,Data Scientist,328.65,USD,credit_card,completed,8,4.3,False,65.73,level_1,43
TXN-1300991,2024-10-22,Translation,US,AU,Writer,27.41,USD,credit_card,disputed,1,,False,5.48,level_1,43
TXN-1301013,2024-10-22,Web Development,NL,IN,Software Engineer,43.14,USD,credit_card,completed,13,3.9,False,8.63,new_seller,43
TXN-1301049,2024-10-22,Web Development,ES,US,Software Engineer,34.44,GBP,bank_transfer,completed,22,4.6,False,6.89,rising_talent,43
TXN-1301007,2024-10-22,Mobile App,US,IN,Software Engineer,591.49,USD,credit_card,completed,24,3.6,False,118.3,top_rated,43
TXN-1301004,2024-10-22,Mobile App,SG,US,Software Engineer,231.05,USD,credit_card,completed,10,4.3,False,46.21,level_2,43
TXN-1301054,2024-10-22,Virtual Assistant,IN,GB,HR Manager,18.53,USD,credit_card,completed,3,2.2,False,3.71,rising_talent,43
TXN-1301002,2024-10-22,Photography,IN,DE,Designer,74.69,USD,paypal,completed,4,4.7,False,14.94,rising_talent,43
TXN-1301053,2024-10-22,Financial Modeling,US,AU,Accountant,45.12,USD,bank_transfer,completed,17,1.0,False,9.02,level_1,43
TXN-1301025,2024-10-22,SEO/SEM,US,GB,Marketing Manager,87.87,USD,credit_card,cancelled,12,,False,17.57,rising_talent,43
TXN-1300965,2024-10-22,Legal Consulting,US,US,Lawyer,77.38,GBP,bank_transfer,completed,19,3.2,False,15.48,top_rated,43
TXN-1301032,2024-10-22,Virtual Assistant,BR,ZA,HR Manager,82.91,USD,paypal,completed,1,3.9,False,16.58,rising_talent,43
TXN-1300859,2024-10-22,Graphic Design,US,US,Designer,1987.75,USD,paypal,completed,6,4.2,False,397.55,level_2,43
TXN-1300850,2024-10-22,AI/ML Development,IN,IN,Data Scientist,67.45,USD,paypal,completed,15,3.0,False,13.49,rising_talent,43
TXN-1300838,2024-10-22,Music Production,US,ES,Designer,15.11,GBP,credit_card,completed,17,3.8,True,3.02,rising_talent,43
TXN-1300826,2024-10-22,Virtual Assistant,MX,US,HR Manager,1015.61,GBP,credit_card,completed,2,2.7,False,203.12,rising_talent,43
TXN-1300858,2024-10-22,AI/ML Development,US,US,Data Scientist,933.22,USD,bank_transfer,completed,22,4.2,True,186.64,new_seller,43
TXN-1300876,2024-10-22,Social Media Management,IN,GB,Marketing Manager,114.86,USD,bank_transfer,completed,6,4.7,False,22.97,new_seller,43
TXN-1300878,2024-10-22,Photography,US,BR,Designer,98.83,USD,paypal,completed,3,4.9,False,19.77,level_2,43
TXN-1300820,2024-10-22,Data Analysis,US,IN,Data Scientist,550.44,USD,paypal,disputed,7,,True,110.09,rising_talent,43
TXN-1300872,2024-10-22,Legal Consulting,GB,US,Lawyer,1181.59,EUR,credit_card,completed,14,4.7,False,236.32,top_rated,43
TXN-1300875,2024-10-22,Graphic Design,IN,MX,Designer,144.82,USD,credit_card,completed,7,4.3,False,28.96,level_1,43
TXN-1300947,2024-10-23,Financial Modeling,NL,ES,Accountant,174.78,EUR,credit_card,completed,12,4.8,False,34.96,level_1,43
TXN-1300948,2024-10-23,AI/ML Development,MX,US,Data Scientist,377.03,USD,paypal,completed,27,2.5,False,75.41,rising_talent,43
TXN-1301038,2024-10-23,AI/ML Development,US,NL,Data Scientist,401.81,USD,credit_card,completed,12,4.6,True,80.36,level_1,43
TXN-1300866,2024-10-23,SEO/SEM,BR,IN,Marketing Manager,966.47,USD,credit_card,completed,3,3.6,True,193.29,level_1,43
TXN-1300952,2024-10-23,Graphic Design,ZA,NL,Designer,147.14,USD,paypal,completed,6,4.6,False,29.43,rising_talent,43
TXN-1300942,2024-10-23,Web Development,IN,CA,Software Engineer,17.76,EUR,credit_card,completed,23,4.5,False,3.55,level_2,43
TXN-1300854,2024-10-23,Legal Consulting,IN,AU,Lawyer,35.25,USD,bank_transfer,completed,7,4.9,True,7.05,level_2,43
TXN-1301021,2024-10-23,Photography,FR,BR,Designer,88.95,GBP,credit_card,completed,5,3.4,False,17.79,level_1,43
TXN-1300883,2024-10-23,Financial Modeling,IN,US,Accountant,80.58,USD,paypal,completed,7,4.8,False,16.12,top_rated,43
TXN-1300824,2024-10-23,Music Production,IN,US,Designer,918.24,USD,credit_card,completed,5,4.4,False,183.65,level_1,43
TXN-1301015,2024-10-23,Financial Modeling,US,US,Accountant,272.36,USD,paypal,completed,5,3.2,True,54.47,level_1,43
TXN-1300974,2024-10-23,Virtual Assistant,IN,IN,HR Manager,182.86,USD,bank_transfer,completed,2,3.8,False,36.57,level_1,43
TXN-1301011,2024-10-23,Content Writing,IN,US,Writer,311.56,EUR,paypal,completed,3,4.9,False,62.31,rising_talent,43
TXN-1300976,2024-10-23,Social Media Management,DE,US,Marketing Manager,142.2,USD,credit_card,completed,5,3.2,False,28.44,rising_talent,43
TXN-1300981,2024-10-23,Graphic Design,DE,GB,Designer,218.77,USD,crypto,completed,9,4.2,True,43.75,level_2,43
TXN-1301006,2024-10-23,Data Analysis,ZA,MX,Data Scientist,450.49,USD,paypal,completed,6,4.5,False,90.1,rising_talent,43
TXN-1301003,2024-10-23,Web Development,IN,AU,Software Engineer,27.82,USD,credit_card,completed,13,4.0,True,5.56,new_seller,43
TXN-1300992,2024-10-23,AI/ML Development,US,SG,Data Scientist,1117.94,USD,paypal,completed,11,4.8,False,223.59,top_rated,43
TXN-1300993,2024-10-23,Video Production,IN,US,Designer,38.66,USD,credit_card,completed,9,3.9,True,7.73,level_1,43
TXN-1300966,2024-10-23,Legal Consulting,IN,ZA,Lawyer,183.01,USD,paypal,completed,11,4.3,False,36.6,level_1,43
TXN-1301045,2024-10-23,Social Media Management,IN,IN,Marketing Manager,35.11,USD,credit_card,completed,6,4.6,False,7.02,level_1,43
TXN-1300852,2024-10-23,Mobile App,AU,MX,Software Engineer,84.08,ILS,credit_card,completed,20,3.6,False,16.82,rising_talent,43
TXN-1300842,2024-10-23,Virtual Assistant,US,IN,HR Manager,54.98,GBP,paypal,completed,3,4.2,False,11.0,level_2,43
TXN-1301061,2024-10-23,Graphic Design,IN,ZA,Designer,183.41,GBP,bank_transfer,completed,4,4.9,True,36.68,top_rated,43
TXN-1300832,2024-10-23,Photography,FR,NL,Designer,257.24,EUR,credit_card,completed,3,3.9,True,51.45,new_seller,43
TXN-1301052,2024-10-23,Music Production,GB,GB,Designer,381.15,EUR,crypto,completed,20,2.8,True,76.23,new_seller,43
TXN-1301074,2024-10-23,Social Media Management,MX,US,Marketing Manager,62.29,USD,credit_card,completed,11,4.0,True,12.46,new_seller,43
TXN-1300890,2024-10-23,Web Development,DE,ZA,Software Engineer,129.97,USD,paypal,completed,11,4.2,True,25.99,level_1,43
TXN-1300908,2024-10-23,Web Development,US,DE,Software Engineer,402.51,GBP,paypal,completed,13,4.2,False,80.5,level_2,43
TXN-1301069,2024-10-23,AI/ML Development,US,US,Data Scientist,80.29,USD,bank_transfer,completed,20,3.6,False,16.06,level_1,43
TXN-1300922,2024-10-23,Photography,BR,NL,Designer,92.8,GBP,credit_card,completed,3,4.6,False,18.56,top_rated,43
TXN-1300904,2024-10-23,AI/ML Development,ES,US,Data Scientist,14.09,USD,paypal,completed,86,4.7,False,2.82,level_1,43
TXN-1300896,2024-10-23,SEO/SEM,GB,BR,Marketing Manager,11.63,USD,bank_transfer,completed,17,4.6,False,2.33,level_1,43
TXN-1301046,2024-10-24,Video Production,MX,GB,Designer,115.01,USD,paypal,completed,7,4.5,False,23.0,rising_talent,43
TXN-1301019,2024-10-24,Graphic Design,CA,US,Designer,723.88,USD,credit_card,completed,2,4.5,False,144.78,new_seller,43
TXN-1300880,2024-10-24,Virtual Assistant,CA,AU,HR Manager,89.38,USD,crypto,completed,1,4.8,False,17.88,new_seller,43
TXN-1300867,2024-10-24,SEO/SEM,GB,GB,Marketing Manager,68.21,USD,paypal,completed,4,4.1,False,13.64,level_2,43
TXN-1300893,2024-10-24,Translation,US,US,Writer,59.76,ILS,credit_card,completed,2,4.7,False,11.95,level_1,43
TXN-1300861,2024-10-24,Mobile App,SG,US,Software Engineer,393.22,GBP,credit_card,completed,29,4.1,False,78.64,level_1,43
TXN-1301012,2024-10-24,Data Analysis,US,US,Data Scientist,1000.77,USD,credit_card,completed,4,3.6,True,200.15,level_2,43
TXN-1301086,2024-10-24,AI/ML Development,BR,IN,Data Scientist,207.79,USD,credit_card,completed,26,3.8,False,41.56,level_1,43
TXN-1300979,2024-10-24,Music Production,MX,SG,Designer,133.1,EUR,credit_card,completed,13,4.6,False,26.62,rising_talent,43
TXN-1300873,2024-10-24,Graphic Design,IL,IN,Designer,2498.6,USD,credit_card,completed,4,4.4,False,499.72,rising_talent,43
TXN-1301009,2024-10-24,Content Writing,IN,IN,Writer,590.36,USD,credit_card,completed,4,2.9,False,118.07,level_2,43
TXN-1301020,2024-10-24,Photography,IN,US,Designer,94.62,EUR,credit_card,cancelled,3,,True,18.92,level_1,43
TXN-1300983,2024-10-24,Music Production,US,GB,Designer,50.19,USD,bank_transfer,completed,10,3.7,True,10.04,new_seller,43
TXN-1300877,2024-10-24,Web Development,ZA,US,Software Engineer,681.05,USD,credit_card,completed,14,3.0,False,136.21,new_seller,43
TXN-1301077,2024-10-24,Data Analysis,IN,US,Data Scientist,384.92,USD,bank_transfer,completed,7,3.8,False,76.98,rising_talent,43
TXN-1300987,2024-10-24,Mobile App,US,CA,Software Engineer,236.68,USD,bank_transfer,completed,30,3.7,False,47.34,rising_talent,43
TXN-1300822,2024-10-24,Photography,ES,IN,Designer,208.04,USD,credit_card,completed,4,4.5,True,41.61,level_1,43
TXN-1300978,2024-10-24,Virtual Assistant,GB,BR,HR Manager,144.64,USD,credit_card,completed,1,3.5,False,28.93,new_seller,43
TXN-1301059,2024-10-24,Social Media Management,DE,GB,Marketing Manager,570.64,USD,credit_card,completed,6,3.2,False,114.13,level_1,43
TXN-1301023,2024-10-24,Video Production,GB,GB,Designer,94.72,USD,paypal,completed,5,4.6,True,18.94,rising_talent,43
TXN-1300848,2024-10-24,Photography,IN,DE,Designer,33.85,USD,paypal,completed,6,4.7,True,6.77,new_seller,43
TXN-1300889,2024-10-24,AI/ML Development,IN,MX,Data Scientist,59.67,EUR,paypal,completed,17,3.8,True,11.93,new_seller,43
TXN-1301041,2024-10-24,Web Development,GB,US,Software Engineer,178.17,USD,paypal,cancelled,24,,False,35.63,level_2,43
TXN-1300888,2024-10-24,SEO/SEM,CA,US,Marketing Manager,165.08,USD,credit_card,completed,8,3.9,False,33.02,new_seller,43
TXN-1300940,2024-10-24,SEO/SEM,US,IN,Marketing Manager,78.71,ILS,paypal,completed,17,4.9,True,15.74,level_1,43
TXN-1300931,2024-10-24,Virtual Assistant,IN,BR,HR Manager,25.46,USD,paypal,completed,1,3.8,False,5.09,new_seller,43
TXN-1300943,2024-10-24,Virtual Assistant,US,GB,HR Manager,289.58,EUR,paypal,completed,1,4.3,False,57.92,rising_talent,43
TXN-1300851,2024-10-24,Legal Consulting,FR,ZA,Lawyer,425.11,USD,credit_card,completed,17,4.9,False,85.02,rising_talent,43
TXN-1300945,2024-10-24,Translation,IN,US,Writer,66.73,USD,paypal,completed,2,4.5,False,13.35,top_rated,43
TXN-1300929,2024-10-24,Legal Consulting,US,MX,Lawyer,224.35,GBP,bank_transfer,completed,18,3.7,False,44.87,level_1,43
TXN-1300891,2024-10-24,Content Writing,CA,FR,Writer,5.29,EUR,paypal,completed,2,4.6,False,1.06,level_2,43
TXN-1300963,2024-10-24,Virtual Assistant,ES,US,HR Manager,837.53,USD,credit_card,cancelled,3,,False,167.51,level_1,43
TXN-1300949,2024-10-24,Video Production,IL,ZA,Designer,45.87,USD,credit_card,completed,5,4.8,False,9.17,new_seller,43
TXN-1300951,2024-10-24,Virtual Assistant,GB,BR,HR Manager,373.42,EUR,credit_card,completed,1,3.0,False,74.68,level_2,43
TXN-1301000,2024-10-24,Social Media Management,US,US,Marketing Manager,516.58,GBP,credit_card,completed,4,3.5,True,103.32,rising_talent,43
TXN-1301031,2024-10-24,Legal Consulting,GB,US,Lawyer,56.32,USD,paypal,completed,15,4.6,False,11.26,top_rated,43
TXN-1301034,2024-10-24,Data Analysis,NL,IN,Data Scientist,258.34,USD,credit_card,completed,5,4.7,False,51.67,rising_talent,43
TXN-1300900,2024-10-24,Web Development,BR,GB,Software Engineer,97.54,USD,credit_card,completed,18,3.7,True,19.51,level_1,43
TXN-1300955,2024-10-24,Graphic Design,IL,US,Designer,410.32,EUR,credit_card,completed,3,4.2,False,82.06,level_1,43
TXN-1300960,2024-10-24,Translation,CA,US,Writer,7.72,USD,credit_card,completed,3,5.0,False,1.54,rising_talent,43
TXN-1300837,2024-10-24,Legal Consulting,US,NL,Lawyer,103.95,USD,credit_card,completed,10,3.9,False,20.79,level_2,43
TXN-1300840,2024-10-24,Data Analysis,IN,GB,Data Scientist,3949.73,USD,credit_card,completed,5,4.4,False,789.95,level_1,43
TXN-1301028,2024-10-24,Legal Consulting,AU,IL,Lawyer,123.04,USD,paypal,completed,6,4.3,False,24.61,level_1,43
TXN-1301056,2024-10-25,Content Writing,GB,GB,Writer,89.36,USD,crypto,completed,1,4.7,False,17.87,level_1,43
TXN-1301001,2024-10-25,Video Production,GB,US,Designer,21.42,USD,credit_card,completed,5,4.5,False,4.28,level_1,43
TXN-1301043,2024-10-25,Graphic Design,FR,US,Designer,597.02,USD,bank_transfer,completed,2,4.9,False,119.4,level_1,43
TXN-1301010,2024-10-25,Video Production,US,FR,Designer,67.11,EUR,paypal,completed,6,3.0,True,13.42,level_1,43
TXN-1300865,2024-10-25,Music Production,IN,IN,Designer,220.62,USD,paypal,disputed,6,,True,44.12,rising_talent,43
TXN-1301079,2024-10-25,Music Production,IN,DE,Designer,596.17,USD,credit_card,completed,7,3.5,False,119.23,new_seller,43
TXN-1301062,2024-10-25,Graphic Design,IL,JP,Designer,139.91,USD,bank_transfer,completed,3,5.0,True,27.98,level_1,43
TXN-1300863,2024-10-25,Web Development,DE,US,Software Engineer,77.42,USD,credit_card,completed,30,4.4,True,15.48,new_seller,43
TXN-1301064,2024-10-25,Translation,GB,CA,Writer,363.66,USD,credit_card,completed,2,3.6,False,72.73,level_1,43
TXN-1300831,2024-10-25,Legal Consulting,US,DE,Lawyer,55.76,EUR,credit_card,completed,7,4.7,False,11.15,level_1,43
TXN-1301030,2024-10-25,Photography,ZA,US,Designer,312.56,USD,credit_card,completed,2,3.8,True,62.51,level_1,43
TXN-1300841,2024-10-25,Content Writing,US,US,Writer,1082.9,USD,paypal,completed,2,4.7,False,216.58,level_2,43
TXN-1300899,2024-10-25,Social Media Management,GB,IN,Marketing Manager,68.49,USD,paypal,completed,4,4.1,False,13.7,top_rated,43
TXN-1300916,2024-10-25,Financial Modeling,DE,SG,Accountant,347.63,EUR,paypal,completed,12,4.9,False,69.53,rising_talent,43
TXN-1300941,2024-10-25,Data Analysis,BR,MX,Data Scientist,10.96,USD,paypal,completed,9,4.3,True,2.19,level_1,43
TXN-1300953,2024-10-25,Social Media Management,GB,DE,Marketing Manager,122.58,USD,credit_card,completed,3,4.7,True,24.52,level_1,43
TXN-1300956,2024-10-25,Content Writing,US,GB,Writer,352.74,GBP,crypto,completed,3,4.4,True,70.55,top_rated,43
TXN-1300958,2024-10-25,Data Analysis,FR,US,Data Scientist,49.86,EUR,bank_transfer,completed,10,4.6,False,9.97,new_seller,43
TXN-1300884,2024-10-25,Web Development,CA,IN,Software Engineer,125.96,INR,bank_transfer,completed,17,3.6,True,25.19,rising_talent,43
TXN-1300962,2024-10-25,Financial Modeling,GB,IN,Accountant,65.17,USD,bank_transfer,completed,11,3.1,True,13.03,rising_talent,43
TXN-1300892,2024-10-25,Legal Consulting,GB,CA,Lawyer,281.43,USD,credit_card,completed,13,3.8,False,56.29,level_1,43
TXN-1300950,2024-10-25,Content Writing,IN,IN,Writer,701.28,USD,credit_card,disputed,1,,False,140.26,level_2,43
TXN-1300925,2024-10-25,Legal Consulting,IN,DE,Lawyer,376.25,USD,credit_card,completed,5,3.7,False,75.25,level_2,43
TXN-1300923,2024-10-25,Video Production,IN,IN,Designer,65.72,USD,credit_card,completed,5,4.5,False,13.14,rising_talent,43
TXN-1300970,2024-10-25,Translation,SG,US,Writer,144.13,USD,paypal,completed,3,4.2,True,28.83,level_2,43
TXN-1300971,2024-10-25,Social Media Management,MX,MX,Marketing Manager,59.81,USD,paypal,completed,15,4.3,False,11.96,level_2,43
TXN-1300967,2024-10-25,Virtual Assistant,AU,DE,HR Manager,83.95,USD,paypal,completed,1,4.8,False,16.79,level_2,43
TXN-1300973,2024-10-25,Data Analysis,FR,GB,Data Scientist,619.76,USD,credit_card,completed,10,2.8,False,123.95,level_2,43
TXN-1300919,2024-10-25,Graphic Design,US,MX,Designer,443.42,USD,credit_card,completed,5,4.3,False,88.68,level_1,43
TXN-1300905,2024-10-25,AI/ML Development,SG,CA,Data Scientist,166.12,ILS,credit_card,completed,13,4.8,False,33.22,level_1,43
TXN-1300914,2024-10-25,Legal Consulting,IL,DE,Lawyer,14.28,USD,credit_card,completed,9,4.2,True,2.86,level_2,43
TXN-1300972,2024-10-25,Financial Modeling,IN,NL,Accountant,288.97,USD,credit_card,completed,12,4.1,False,57.79,level_1,43
TXN-1300985,2024-10-25,Music Production,DE,BR,Designer,145.47,USD,paypal,disputed,5,,False,29.09,new_seller,43
TXN-1300887,2024-10-25,Web Development,GB,FR,Software Engineer,31.63,USD,credit_card,completed,14,3.8,False,6.33,level_1,43
TXN-1300975,2024-10-25,Legal Consulting,MX,GB,Lawyer,11.01,USD,credit_card,completed,22,4.0,False,2.2,level_1,43
TXN-1300913,2024-10-25,Photography,DE,US,Designer,77.37,USD,bank_transfer,completed,4,4.9,False,15.47,rising_talent,43
TXN-1300906,2024-10-25,Legal Consulting,IN,US,Lawyer,262.36,USD,credit_card,completed,21,3.8,False,52.47,level_1,43
TXN-1300927,2024-10-26,AI/ML Development,US,US,Data Scientist,1234.25,EUR,paypal,completed,25,4.2,False,246.85,new_seller,43
TXN-1300944,2024-10-26,Legal Consulting,IN,ES,Lawyer,441.09,GBP,paypal,completed,13,4.6,True,88.22,top_rated,43
TXN-1301065,2024-10-26,Graphic Design,SG,US,Designer,34.11,EUR,credit_card,completed,5,4.4,False,6.82,level_2,43
TXN-1300895,2024-10-26,SEO/SEM,US,ZA,Marketing Manager,85.75,USD,credit_card,completed,5,3.4,False,17.15,level_2,43
TXN-1301075,2024-10-26,Photography,MX,ES,Designer,48.53,USD,credit_card,completed,5,4.0,False,9.71,level_2,43
TXN-1300920,2024-10-26,Video Production,CA,IN,Designer,309.87,USD,credit_card,completed,4,3.9,False,61.97,rising_talent,43
TXN-1300894,2024-10-26,Video Production,US,CA,Designer,128.79,USD,credit_card,completed,4,4.2,False,25.76,new_seller,43
TXN-1300830,2024-10-26,Data Analysis,US,US,Data Scientist,41.84,EUR,paypal,completed,6,2.6,False,8.37,level_2,43
TXN-1301068,2024-10-26,Virtual Assistant,DE,US,HR Manager,848.28,USD,bank_transfer,completed,1,4.7,False,169.66,level_2,43
TXN-1301047,2024-10-26,Financial Modeling,US,GB,Accountant,195.19,USD,credit_card,completed,9,4.3,False,39.04,level_2,43
TXN-1300828,2024-10-26,Photography,BR,AU,Designer,540.66,USD,paypal,completed,6,4.8,True,108.13,new_seller,43
TXN-1301050,2024-10-26,Social Media Management,US,DE,Marketing Manager,78.99,USD,credit_card,completed,7,4.5,False,15.8,level_2,43
TXN-1300935,2024-10-26,Music Production,DE,GB,Designer,346.15,USD,paypal,completed,30,4.0,False,69.23,level_1,43
TXN-1300934,2024-10-26,SEO/SEM,AU,IN,Marketing Manager,1736.53,USD,paypal,completed,8,3.8,False,347.31,level_1,43
TXN-1300921,2024-10-26,Data Analysis,JP,IL,Data Scientist,91.96,GBP,credit_card,completed,7,3.8,False,18.39,top_rated,43
TXN-1301035,2024-10-26,AI/ML Development,US,IN,Data Scientist,421.22,USD,crypto,completed,25,4.2,True,84.24,rising_talent,43
TXN-1300990,2024-10-26,SEO/SEM,US,DE,Marketing Manager,193.06,USD,credit_card,completed,6,4.2,True,38.61,level_2,43
TXN-1300969,2024-10-26,Social Media Management,US,BR,Marketing Manager,15.64,USD,credit_card,completed,4,3.4,False,3.13,level_1,43
TXN-1301018,2024-10-26,AI/ML Development,US,IN,Data Scientist,7.26,USD,credit_card,completed,26,3.5,False,1.45,level_1,43
TXN-1300853,2024-10-26,Virtual Assistant,DE,GB,HR Manager,114.21,USD,credit_card,completed,2,4.7,True,22.84,new_seller,43
TXN-1301022,2024-10-26,Data Analysis,IN,IL,Data Scientist,259.74,USD,paypal,completed,7,4.4,True,51.95,level_2,43
TXN-1300856,2024-10-26,Video Production,US,US,Designer,25.98,EUR,credit_card,completed,6,4.8,True,5.2,rising_talent,43
TXN-1300964,2024-10-26,Mobile App,ES,MX,Software Engineer,40.46,USD,credit_card,completed,30,3.6,False,8.09,level_2,43
TXN-1301078,2024-10-26,Video Production,DE,DE,Designer,66.16,USD,bank_transfer,completed,4,4.3,True,13.23,top_rated,43
TXN-1301033,2024-10-26,Data Analysis,IN,US,Data Scientist,2585.27,EUR,bank_transfer,completed,7,4.7,True,517.05,rising_talent,43
TXN-1300855,2024-10-26,AI/ML Development,DE,DE,Data Scientist,332.87,USD,paypal,completed,24,4.1,True,66.57,rising_talent,43
TXN-1301029,2024-10-26,Video Production,IN,BR,Designer,16.52,USD,paypal,completed,12,4.7,False,3.3,level_1,43
TXN-1300885,2024-10-26,Photography,US,US,Designer,22.88,USD,crypto,completed,5,3.2,True,4.58,new_seller,43
TXN-1301063,2024-10-26,AI/ML Development,CA,CA,Data Scientist,86.31,GBP,paypal,completed,10,4.5,True,17.26,new_seller,43
TXN-1300999,2024-10-27,Data Analysis,US,BR,Data Scientist,1714.09,USD,bank_transfer,completed,5,4.7,True,342.82,new_seller,43
TXN-1300915,2024-10-27,Social Media Management,BR,ES,Marketing Manager,41.91,EUR,paypal,completed,10,3.7,False,8.38,top_rated,43
TXN-1301087,2024-10-27,Virtual Assistant,GB,AU,HR Manager,886.52,USD,paypal,completed,1,3.5,True,177.3,level_2,43
TXN-1301085,2024-10-27,Video Production,US,IN,Designer,85.27,USD,bank_transfer,completed,7,4.2,False,17.05,rising_talent,43
TXN-1301072,2024-10-27,Financial Modeling,BR,US,Accountant,211.72,USD,credit_card,completed,5,4.9,False,42.34,new_seller,43
TXN-1300912,2024-10-27,Content Writing,US,US,Writer,868.65,USD,bank_transfer,disputed,3,,False,173.73,new_seller,43
TXN-1301081,2024-10-27,Financial Modeling,US,US,Accountant,82.91,GBP,credit_card,completed,7,4.2,False,16.58,level_2,43
TXN-1300907,2024-10-27,Legal Consulting,DE,NL,Lawyer,174.98,GBP,paypal,completed,11,4.0,False,35.0,level_1,43
TXN-1300909,2024-10-27,Social Media Management,MX,ES,Marketing Manager,50.99,USD,bank_transfer,completed,11,2.4,False,10.2,level_2,43
TXN-1301083,2024-10-27,Translation,MX,IL,Writer,280.6,USD,credit_card,completed,3,4.3,False,56.12,rising_talent,43
TXN-1300821,2024-10-27,Data Analysis,FR,BR,Data Scientist,300.48,USD,paypal,completed,8,4.9,False,60.1,level_2,43
TXN-1300996,2024-10-27,Video Production,US,US,Designer,180.42,USD,paypal,completed,8,4.8,False,36.08,level_2,43
TXN-1300833,2024-10-27,Data Analysis,NL,US,Data Scientist,267.12,INR,paypal,completed,7,4.6,False,53.42,rising_talent,43
TXN-1300917,2024-10-27,Video Production,US,US,Designer,137.7,EUR,bank_transfer,completed,10,4.7,True,27.54,rising_talent,43
TXN-1300864,2024-10-27,Legal Consulting,MX,US,Lawyer,268.52,USD,credit_card,completed,10,3.9,False,53.7,top_rated,43
TXN-1301005,2024-10-27,Mobile App,NL,IN,Software Engineer,78.01,ILS,crypto,completed,12,2.9,False,15.6,rising_talent,43
TXN-1300986,2024-10-27,Social Media Management,US,US,Marketing Manager,58.1,USD,credit_card,completed,4,3.3,True,11.62,rising_talent,43
TXN-1301008,2024-10-27,Music Production,IN,IN,Designer,606.28,EUR,paypal,completed,13,4.1,True,121.26,level_2,43
TXN-1300980,2024-10-27,Translation,GB,CA,Writer,139.35,USD,credit_card,completed,3,4.0,False,27.87,level_2,43
TXN-1300977,2024-10-27,Data Analysis,US,NL,Data Scientist,212.63,USD,bank_transfer,completed,6,4.9,False,42.53,level_2,43
TXN-1300961,2024-10-27,Video Production,US,GB,Designer,26.91,USD,paypal,completed,5,4.7,False,5.38,level_1,43
TXN-1301024,2024-10-27,Legal Consulting,ZA,ZA,Lawyer,176.01,USD,paypal,completed,21,2.5,False,35.2,level_1,43
TXN-1300886,2024-10-27,Social Media Management,IN,GB,Marketing Manager,73.89,USD,paypal,completed,13,3.7,True,14.78,top_rated,43
TXN-1300857,2024-10-27,Video Production,US,GB,Designer,771.16,GBP,paypal,completed,12,4.0,False,154.23,new_seller,43
TXN-1300988,2024-10-27,AI/ML Development,IN,FR,Data Scientist,84.26,GBP,credit_card,completed,13,3.8,True,16.85,level_2,43
TXN-1300834,2024-10-27,Legal Consulting,AU,US,Lawyer,267.83,USD,paypal,completed,7,5.0,True,53.57,level_1,43
TXN-1300938,2024-10-27,SEO/SEM,GB,IN,Marketing Manager,62.95,USD,credit_card,completed,17,5.0,False,12.59,level_2,43
TXN-1300924,2024-10-27,Graphic Design,IL,US,Designer,189.99,USD,credit_card,cancelled,8,,True,38.0,level_2,43
TXN-1300932,2024-10-27,Photography,GB,ZA,Designer,315.5,INR,bank_transfer,completed,4,4.8,True,63.1,top_rated,43
TXN-1301057,2024-10-27,Translation,US,CA,Writer,5.0,USD,paypal,completed,4,4.6,False,1.0,level_1,43
TXN-1300933,2024-10-27,Data Analysis,GB,US,Data Scientist,50.1,USD,credit_card,disputed,8,,True,10.02,rising_talent,43
TXN-1300936,2024-10-27,Legal Consulting,CA,MX,Lawyer,91.46,USD,paypal,completed,23,4.6,False,18.29,level_2,43
TXN-1301042,2024-10-27,Mobile App,DE,US,Software Engineer,39.49,INR,paypal,completed,30,4.9,False,7.9,level_2,43
TXN-1300845,2024-10-27,Photography,IN,IL,Designer,445.16,EUR,paypal,completed,5,3.7,False,89.03,new_seller,43
TXN-1301158,2024-10-28,Translation,DE,MX,Writer,38.17,INR,bank_transfer,completed,3,3.9,False,7.63,rising_talent,44
TXN-1301343,2024-10-28,Social Media Management,IN,IN,Marketing Manager,102.06,USD,credit_card,completed,6,3.2,False,20.41,level_2,44
TXN-1301130,2024-10-28,Graphic Design,GB,US,Designer,89.15,USD,credit_card,completed,5,4.9,False,17.83,new_seller,44
TXN-1301135,2024-10-28,Web Development,US,JP,Software Engineer,64.98,EUR,credit_card,completed,13,4.2,True,13.0,level_2,44
TXN-1301136,2024-10-28,Financial Modeling,BR,CA,Accountant,400.27,USD,credit_card,completed,15,1.6,False,80.05,level_1,44
TXN-1301140,2024-10-28,Social Media Management,US,US,Marketing Manager,34.73,USD,credit_card,disputed,9,,True,6.95,top_rated,44
TXN-1301394,2024-10-28,AI/ML Development,CA,US,Data Scientist,467.91,USD,credit_card,completed,30,1.0,False,93.58,level_2,44
TXN-1301153,2024-10-28,Legal Consulting,IN,ZA,Lawyer,144.39,USD,credit_card,completed,6,4.7,True,28.88,rising_talent,44
TXN-1301326,2024-10-28,Video Production,FR,US,Designer,6.6,USD,credit_card,completed,3,4.5,False,1.32,level_1,44
TXN-1301320,2024-10-28,Mobile App,FR,US,Software Engineer,231.87,USD,credit_card,completed,21,2.9,False,46.37,top_rated,44
TXN-1301230,2024-10-28,Graphic Design,JP,IN,Designer,2510.67,USD,bank_transfer,completed,7,4.0,False,502.13,level_2,44
TXN-1301392,2024-10-28,Virtual Assistant,GB,IL,HR Manager,8.52,USD,bank_transfer,completed,1,4.7,False,1.7,rising_talent,44
TXN-1301169,2024-10-28,Video Production,CA,US,Designer,49.62,USD,bank_transfer,completed,4,4.0,True,9.92,rising_talent,44
TXN-1301312,2024-10-28,Virtual Assistant,BR,DE,HR Manager,121.43,EUR,credit_card,disputed,2,,False,24.29,level_1,44
TXN-1301310,2024-10-28,Financial Modeling,GB,US,Accountant,163.15,USD,paypal,completed,14,4.0,False,32.63,rising_talent,44
TXN-1301290,2024-10-28,Content Writing,IN,US,Writer,444.82,EUR,credit_card,completed,4,3.8,True,88.96,new_seller,44
TXN-1301285,2024-10-28,Financial Modeling,US,GB,Accountant,165.14,USD,credit_card,completed,11,4.7,False,33.03,rising_talent,44
TXN-1301271,2024-10-28,Translation,GB,US,Writer,1019.12,USD,credit_card,completed,2,4.8,True,203.82,level_2,44
TXN-1301222,2024-10-28,Legal Consulting,US,US,Lawyer,171.86,USD,credit_card,completed,8,4.7,False,34.37,level_2,44
TXN-1301227,2024-10-28,Content Writing,IL,US,Writer,65.7,USD,bank_transfer,completed,3,4.6,True,13.14,level_2,44
TXN-1301377,2024-10-28,Legal Consulting,IL,US,Lawyer,1021.77,USD,credit_card,completed,16,4.5,False,204.35,level_2,44
TXN-1301119,2024-10-28,AI/ML Development,GB,ES,Data Scientist,132.59,USD,paypal,completed,16,4.4,False,26.52,level_2,44
TXN-1301393,2024-10-28,Video Production,US,US,Designer,15.13,EUR,credit_card,completed,5,3.2,False,3.03,rising_talent,44
TXN-1301347,2024-10-28,Social Media Management,DE,AU,Marketing Manager,90.24,USD,credit_card,completed,4,3.4,True,18.05,level_2,44
TXN-1301251,2024-10-28,SEO/SEM,BR,SG,Marketing Manager,133.1,USD,bank_transfer,completed,6,3.2,False,26.62,rising_talent,44
TXN-1301106,2024-10-28,Video Production,US,IN,Designer,895.8,USD,bank_transfer,completed,13,3.5,False,179.16,level_1,44
TXN-1301351,2024-10-28,Financial Modeling,DE,US,Accountant,69.78,USD,credit_card,completed,7,4.1,False,13.96,rising_talent,44
TXN-1301369,2024-10-28,Mobile App,IN,AU,Software Engineer,287.72,USD,bank_transfer,completed,29,4.4,False,57.54,level_2,44
TXN-1301098,2024-10-28,Financial Modeling,IL,US,Accountant,36.44,USD,bank_transfer,completed,17,3.5,True,7.29,level_2,44
TXN-1301104,2024-10-28,Content Writing,US,US,Writer,216.08,EUR,bank_transfer,completed,2,4.0,True,43.22,new_seller,44
TXN-1301363,2024-10-28,Music Production,US,MX,Designer,583.67,USD,crypto,completed,13,3.5,True,116.73,level_2,44
TXN-1301095,2024-10-28,Photography,SG,FR,Designer,655.08,USD,paypal,completed,3,4.4,False,131.02,level_2,44
TXN-1301398,2024-10-28,Content Writing,DE,SG,Writer,389.48,USD,paypal,completed,3,4.7,False,77.9,level_2,44
TXN-1301371,2024-10-28,AI/ML Development,GB,US,Data Scientist,94.22,GBP,paypal,completed,30,4.7,False,18.84,level_2,44
TXN-1301375,2024-10-29,Virtual Assistant,IN,BR,HR Manager,408.07,USD,paypal,completed,3,3.5,False,81.61,level_1,44
TXN-1301296,2024-10-29,Data Analysis,NL,IL,Data Scientist,78.08,USD,credit_card,completed,6,4.0,False,15.62,new_seller,44
TXN-1301195,2024-10-29,Mobile App,DE,US,Software Engineer,52.07,USD,credit_card,completed,17,4.0,False,10.41,level_1,44
TXN-1301386,2024-10-29,Content Writing,US,US,Writer,206.63,USD,crypto,completed,3,4.6,False,41.33,rising_talent,44
TXN-1301182,2024-10-29,Data Analysis,US,IN,Data Scientist,169.85,USD,bank_transfer,completed,5,4.2,True,33.97,rising_talent,44
TXN-1301302,2024-10-29,Video Production,DE,GB,Designer,720.58,USD,credit_card,completed,16,3.7,True,144.12,new_seller,44
TXN-1301313,2024-10-29,AI/ML Development,IN,SG,Data Scientist,142.14,USD,paypal,completed,25,4.4,False,28.43,level_2,44
TXN-1301170,2024-10-29,Web Development,US,IN,Software Engineer,787.81,GBP,paypal,completed,61,3.9,False,157.56,level_1,44
TXN-1301097,2024-10-29,Content Writing,CA,US,Writer,44.58,ILS,paypal,completed,3,3.2,False,8.92,level_2,44
TXN-1301166,2024-10-29,Content Writing,US,US,Writer,439.25,USD,credit_card,completed,4,3.4,True,87.85,rising_talent,44
TXN-1301161,2024-10-29,Music Production,GB,IN,Designer,91.21,USD,credit_card,completed,9,4.9,False,18.24,top_rated,44
TXN-1301321,2024-10-29,Photography,US,SG,Designer,139.49,USD,credit_card,completed,4,4.3,False,27.9,new_seller,44
TXN-1301300,2024-10-29,Video Production,GB,US,Designer,97.93,GBP,bank_transfer,completed,5,4.3,True,19.59,level_1,44
TXN-1301186,2024-10-29,Financial Modeling,ES,AU,Accountant,163.35,USD,bank_transfer,completed,2,4.7,False,32.67,level_1,44
TXN-1301287,2024-10-29,Video Production,IN,FR,Designer,1976.4,USD,paypal,completed,12,2.5,False,395.28,level_1,44
TXN-1301276,2024-10-29,Graphic Design,IN,IN,Designer,227.93,USD,paypal,completed,6,4.2,False,45.59,top_rated,44
TXN-1301248,2024-10-29,Music Production,CA,US,Designer,36.96,INR,credit_card,completed,3,3.2,True,7.39,new_seller,44
TXN-1301246,2024-10-29,Video Production,DE,NL,Designer,121.47,USD,crypto,completed,13,4.4,False,24.29,level_1,44
TXN-1301245,2024-10-29,Data Analysis,ZA,DE,Data Scientist,56.5,USD,credit_card,completed,4,4.0,False,11.3,level_1,44
TXN-1301244,2024-10-29,Graphic Design,US,NL,Designer,154.26,EUR,paypal,completed,7,3.3,False,30.85,level_2,44
TXN-1301242,2024-10-29,Content Writing,US,US,Writer,335.07,USD,paypal,completed,4,3.2,False,67.01,level_1,44
TXN-1301253,2024-10-29,Graphic Design,DE,GB,Designer,66.87,EUR,bank_transfer,completed,6,4.5,False,13.37,level_2,44
TXN-1301379,2024-10-29,Photography,US,BR,Designer,146.97,USD,credit_card,completed,3,4.6,False,29.39,new_seller,44
TXN-1301384,2024-10-29,SEO/SEM,SG,ES,Marketing Manager,185.51,USD,paypal,completed,20,3.9,False,37.1,rising_talent,44
TXN-1301260,2024-10-29,Web Development,US,IN,Software Engineer,56.8,USD,paypal,completed,5,3.7,True,11.36,level_1,44
TXN-1301364,2024-10-29,Video Production,US,BR,Designer,319.46,USD,credit_card,completed,7,3.6,True,63.89,level_2,44
TXN-1301267,2024-10-29,Photography,US,US,Designer,65.74,USD,credit_card,completed,3,4.9,False,13.15,level_2,44
TXN-1301224,2024-10-29,AI/ML Development,US,US,Data Scientist,488.79,USD,bank_transfer,completed,18,3.7,True,97.76,level_2,44
TXN-1301090,2024-10-29,Photography,IN,ZA,Designer,246.67,USD,paypal,completed,3,2.6,True,49.33,level_1,44
TXN-1301217,2024-10-29,Translation,US,GB,Writer,177.61,EUR,paypal,completed,2,2.2,False,35.52,new_seller,44
TXN-1301216,2024-10-29,Music Production,US,US,Designer,420.06,USD,credit_card,completed,8,3.6,False,84.01,level_2,44
TXN-1301213,2024-10-29,Financial Modeling,FR,IL,Accountant,40.01,USD,paypal,completed,9,3.9,False,8.0,level_1,44
TXN-1301382,2024-10-29,Virtual Assistant,IN,FR,HR Manager,124.51,USD,credit_card,completed,1,4.3,True,24.9,level_1,44
TXN-1301355,2024-10-29,Translation,IN,IN,Writer,71.23,USD,credit_card,completed,1,3.3,False,14.25,level_1,44
TXN-1301126,2024-10-29,Content Writing,US,ES,Writer,861.96,EUR,paypal,completed,3,2.1,True,172.39,level_1,44
TXN-1301334,2024-10-29,Graphic Design,FR,IN,Designer,64.58,USD,credit_card,completed,3,3.3,False,12.92,level_1,44
TXN-1301129,2024-10-29,Video Production,SG,IN,Designer,601.81,USD,credit_card,completed,8,3.7,True,120.36,new_seller,44
TXN-1301103,2024-10-29,Translation,IN,BR,Writer,361.1,USD,credit_card,completed,2,4.5,True,72.22,level_2,44
TXN-1301131,2024-10-29,Financial Modeling,IL,JP,Accountant,24.22,USD,credit_card,completed,9,4.6,True,4.84,level_1,44
TXN-1301142,2024-10-29,Video Production,GB,US,Designer,312.15,EUR,paypal,completed,7,4.5,False,62.43,top_rated,44
TXN-1301339,2024-10-29,Graphic Design,IN,GB,Designer,372.63,USD,credit_card,completed,4,4.4,True,74.53,level_2,44
TXN-1301325,2024-10-29,Content Writing,US,US,Writer,130.74,USD,credit_card,completed,1,4.8,False,26.15,rising_talent,44
TXN-1301110,2024-10-29,SEO/SEM,MX,IN,Marketing Manager,52.66,USD,bank_transfer,completed,7,3.7,False,10.53,top_rated,44
TXN-1301127,2024-10-29,Mobile App,SG,NL,Software Engineer,92.55,USD,paypal,completed,19,4.6,False,18.51,level_1,44
TXN-1301116,2024-10-29,Social Media Management,US,DE,Marketing Manager,274.44,USD,paypal,completed,10,4.0,False,54.89,level_2,44
TXN-1301353,2024-10-29,Content Writing,GB,FR,Writer,52.15,USD,paypal,completed,3,4.5,False,10.43,level_1,44
TXN-1301346,2024-10-29,SEO/SEM,DE,GB,Marketing Manager,616.73,USD,paypal,completed,10,3.6,False,123.35,rising_talent,44
TXN-1301114,2024-10-29,Legal Consulting,US,DE,Lawyer,980.68,USD,credit_card,completed,6,4.3,False,196.14,new_seller,44
TXN-1301139,2024-10-29,Content Writing,MX,BR,Writer,40.64,EUR,credit_card,completed,2,4.6,False,8.13,top_rated,44
TXN-1301335,2024-10-30,SEO/SEM,IN,GB,Marketing Manager,172.8,EUR,paypal,completed,7,4.7,False,34.56,level_1,44
TXN-1301337,2024-10-30,Music Production,SG,AU,Designer,286.81,USD,credit_card,completed,22,3.7,False,57.36,level_2,44
TXN-1301289,2024-10-30,Mobile App,US,US,Software Engineer,72.31,USD,credit_card,completed,24,4.8,False,14.46,rising_talent,44
TXN-1301280,2024-10-30,SEO/SEM,US,BR,Marketing Manager,533.32,USD,credit_card,completed,17,3.3,True,106.66,rising_talent,44
TXN-1301278,2024-10-30,Virtual Assistant,US,SG,HR Manager,448.99,USD,credit_card,completed,1,2.4,True,89.8,rising_talent,44
TXN-1301277,2024-10-30,SEO/SEM,US,MX,Marketing Manager,79.44,USD,credit_card,completed,13,4.5,False,15.89,level_2,44
TXN-1301212,2024-10-30,Financial Modeling,IN,MX,Accountant,20.23,EUR,bank_transfer,completed,9,4.8,True,4.05,level_2,44
TXN-1301275,2024-10-30,Legal Consulting,US,IL,Lawyer,56.55,USD,bank_transfer,completed,21,3.4,True,11.31,top_rated,44
TXN-1301273,2024-10-30,Content Writing,IN,US,Writer,36.29,USD,bank_transfer,completed,2,3.7,True,7.26,new_seller,44
TXN-1301281,2024-10-30,SEO/SEM,NL,US,Marketing Manager,179.38,USD,credit_card,completed,9,4.1,True,35.88,rising_talent,44
TXN-1301360,2024-10-30,SEO/SEM,US,CA,Marketing Manager,81.4,USD,paypal,completed,9,4.4,True,16.28,level_2,44
TXN-1301340,2024-10-30,Mobile App,US,IN,Software Engineer,504.49,ILS,paypal,completed,24,3.2,False,100.9,top_rated,44
TXN-1301344,2024-10-30,Legal Consulting,IN,DE,Lawyer,286.79,GBP,credit_card,completed,11,4.6,False,57.36,level_1,44
TXN-1301378,2024-10-30,Content Writing,US,BR,Writer,141.57,USD,credit_card,completed,2,4.7,False,28.31,top_rated,44
TXN-1301118,2024-10-30,Virtual Assistant,US,US,HR Manager,382.59,USD,bank_transfer,completed,2,3.3,True,76.52,level_2,44
TXN-1301120,2024-10-30,Video Production,US,GB,Designer,223.23,USD,credit_card,completed,12,4.3,False,44.65,new_seller,44
TXN-1301258,2024-10-30,Legal Consulting,ES,IN,Lawyer,146.82,USD,credit_card,completed,22,4.6,False,29.36,level_2,44
TXN-1301237,2024-10-30,Financial Modeling,CA,GB,Accountant,768.04,USD,bank_transfer,completed,9,3.7,True,153.61,rising_talent,44
TXN-1301121,2024-10-30,Translation,CA,US,Writer,326.6,USD,credit_card,completed,3,4.6,False,65.32,level_2,44
TXN-1301223,2024-10-30,Music Production,IN,CA,Designer,109.96,USD,credit_card,completed,9,4.9,False,21.99,level_1,44
TXN-1301261,2024-10-30,SEO/SEM,DE,US,Marketing Manager,43.98,USD,paypal,completed,9,4.5,False,8.8,new_seller,44
TXN-1301381,2024-10-30,Virtual Assistant,BR,US,HR Manager,479.13,USD,credit_card,completed,2,4.3,False,95.83,new_seller,44
TXN-1301122,2024-10-30,Content Writing,US,US,Writer,387.87,ILS,paypal,completed,3,2.0,True,77.57,rising_talent,44
TXN-1301231,2024-10-30,Photography,IN,ZA,Designer,138.26,GBP,credit_card,cancelled,3,,False,27.65,top_rated,44
TXN-1301088,2024-10-30,Content Writing,BR,US,Writer,255.79,EUR,bank_transfer,completed,2,4.0,True,51.16,new_seller,44
TXN-1301264,2024-10-30,Virtual Assistant,DE,MX,HR Manager,52.64,USD,credit_card,completed,2,4.2,True,10.53,level_2,44
TXN-1301228,2024-10-30,Financial Modeling,GB,IN,Accountant,450.33,USD,credit_card,completed,10,3.0,False,90.07,new_seller,44
TXN-1301385,2024-10-30,Data Analysis,DE,US,Data Scientist,211.39,USD,paypal,completed,10,3.8,True,42.28,level_1,44
TXN-1301263,2024-10-30,Legal Consulting,GB,IN,Lawyer,123.86,USD,credit_card,cancelled,21,,True,24.77,level_1,44
TXN-1301226,2024-10-30,Financial Modeling,SG,US,Accountant,485.73,USD,paypal,completed,17,3.4,True,97.15,level_1,44
TXN-1301113,2024-10-30,Graphic Design,US,FR,Designer,186.73,USD,paypal,completed,6,4.8,True,37.35,new_seller,44
TXN-1301198,2024-10-30,Translation,IN,SG,Writer,49.84,GBP,paypal,completed,3,3.9,True,9.97,level_1,44
TXN-1301138,2024-10-30,Graphic Design,GB,DE,Designer,658.32,GBP,credit_card,completed,3,4.7,True,131.66,rising_talent,44
TXN-1301146,2024-10-30,Music Production,FR,NL,Designer,395.1,USD,credit_card,completed,14,4.0,False,79.02,new_seller,44
TXN-1301330,2024-10-30,Data Analysis,US,AU,Data Scientist,115.1,USD,credit_card,completed,5,4.4,True,23.02,top_rated,44
TXN-1301316,2024-10-30,Legal Consulting,US,JP,Lawyer,965.69,GBP,bank_transfer,completed,30,4.2,False,193.14,level_1,44
TXN-1301171,2024-10-30,AI/ML Development,AU,GB,Data Scientist,11.12,USD,credit_card,completed,24,3.9,False,2.22,top_rated,44
TXN-1301148,2024-10-30,Mobile App,US,IL,Software Engineer,147.08,GBP,bank_transfer,completed,30,4.6,False,29.42,rising_talent,44
TXN-1301319,2024-10-30,Content Writing,ZA,IN,Writer,969.66,USD,paypal,completed,3,4.4,False,193.93,rising_talent,44
TXN-1301150,2024-10-30,Video Production,BR,GB,Designer,5000.0,USD,credit_card,completed,10,3.0,False,1000.0,level_1,44
TXN-1301165,2024-10-30,Legal Consulting,BR,US,Lawyer,256.67,USD,paypal,completed,11,3.7,False,51.33,level_1,44
TXN-1301372,2024-10-30,Data Analysis,CA,US,Data Scientist,45.53,USD,paypal,completed,7,4.0,False,9.11,new_seller,44
TXN-1301163,2024-10-30,Translation,GB,US,Writer,886.98,EUR,paypal,completed,2,4.2,False,177.4,rising_talent,44
TXN-1301099,2024-10-30,Data Analysis,IN,IN,Data Scientist,115.29,USD,paypal,completed,22,4.8,True,23.06,new_seller,44
TXN-1301327,2024-10-30,Mobile App,DE,US,Software Engineer,31.41,USD,bank_transfer,cancelled,20,,False,6.28,rising_talent,44
TXN-1301323,2024-10-30,Social Media Management,DE,NL,Marketing Manager,183.08,USD,credit_card,completed,5,5.0,True,36.62,level_2,44
TXN-1301155,2024-10-30,Video Production,DE,US,Designer,195.97,EUR,paypal,completed,6,3.4,True,39.19,top_rated,44
TXN-1301357,2024-10-30,Social Media Management,US,US,Marketing Manager,33.3,USD,paypal,completed,19,4.7,False,6.66,new_seller,44
TXN-1301307,2024-10-30,Legal Consulting,IN,IN,Lawyer,23.09,USD,paypal,completed,19,4.5,False,4.62,new_seller,44
TXN-1301391,2024-10-30,Data Analysis,FR,US,Data Scientist,110.78,USD,bank_transfer,completed,7,3.2,False,22.16,level_1,44
TXN-1301197,2024-10-30,Music Production,US,FR,Designer,5000.0,USD,credit_card,completed,12,3.7,True,1000.0,level_1,44
TXN-1301333,2024-10-30,Graphic Design,AU,IN,Designer,35.09,USD,credit_card,completed,9,4.2,False,7.02,rising_talent,44
TXN-1301194,2024-10-30,Mobile App,BR,US,Software Engineer,400.33,EUR,paypal,completed,24,4.6,False,80.07,level_2,44
TXN-1301184,2024-10-30,Mobile App,SG,US,Software Engineer,72.49,USD,paypal,completed,14,3.6,True,14.5,rising_talent,44
TXN-1301298,2024-10-30,Video Production,FR,MX,Designer,35.07,USD,paypal,completed,6,4.4,True,7.01,level_1,44
TXN-1301190,2024-10-30,SEO/SEM,US,BR,Marketing Manager,294.51,EUR,paypal,completed,16,4.2,True,58.9,new_seller,44
TXN-1301187,2024-10-30,Virtual Assistant,CA,US,HR Manager,23.34,USD,credit_card,completed,2,3.5,False,4.67,level_2,44
TXN-1301269,2024-10-31,Social Media Management,IN,SG,Marketing Manager,131.89,USD,credit_card,completed,9,4.0,True,26.38,level_1,44
TXN-1301254,2024-10-31,Virtual Assistant,DE,JP,HR Manager,55.47,USD,paypal,completed,3,4.0,True,11.09,level_1,44
TXN-1301255,2024-10-31,Photography,DE,FR,Designer,198.85,EUR,crypto,completed,3,3.8,False,39.77,level_2,44
TXN-1301283,2024-10-31,Legal Consulting,MX,US,Lawyer,274.73,USD,paypal,completed,19,4.2,False,54.95,level_2,44
TXN-1301297,2024-10-31,Photography,ZA,US,Designer,31.77,USD,crypto,completed,4,4.4,False,6.35,level_2,44
TXN-1301299,2024-10-31,Social Media Management,US,IL,Marketing Manager,80.42,USD,crypto,completed,11,4.3,True,16.08,level_2,44
TXN-1301338,2024-10-31,Translation,AU,MX,Writer,153.24,USD,credit_card,completed,1,3.0,True,30.65,new_seller,44
TXN-1301259,2024-10-31,Video Production,US,ZA,Designer,103.7,USD,bank_transfer,completed,8,4.4,False,20.74,level_2,44
TXN-1301329,2024-10-31,SEO/SEM,US,US,Marketing Manager,1150.58,USD,bank_transfer,completed,9,1.0,False,230.12,rising_talent,44
TXN-1301356,2024-10-31,Translation,ES,IN,Writer,360.96,USD,credit_card,completed,2,4.0,False,72.19,level_1,44
TXN-1301332,2024-10-31,Video Production,US,GB,Designer,353.97,ILS,paypal,completed,5,4.8,True,70.79,level_1,44
TXN-1301317,2024-10-31,Legal Consulting,DE,ES,Lawyer,70.61,USD,credit_card,completed,11,2.8,True,14.12,level_2,44
TXN-1301331,2024-10-31,Content Writing,CA,US,Writer,327.67,GBP,paypal,completed,2,3.3,True,65.53,level_2,44
TXN-1301315,2024-10-31,Web Development,MX,ES,Software Engineer,117.28,USD,paypal,completed,9,2.7,True,23.46,new_seller,44
TXN-1301314,2024-10-31,Graphic Design,US,NL,Designer,161.74,USD,credit_card,completed,6,2.6,False,32.35,level_1,44
TXN-1301350,2024-10-31,Graphic Design,IN,IN,Designer,49.23,EUR,bank_transfer,completed,6,3.1,True,9.85,level_2,44
TXN-1301342,2024-10-31,Legal Consulting,IN,US,Lawyer,324.89,USD,paypal,completed,6,3.9,False,64.98,level_1,44
TXN-1301303,2024-10-31,SEO/SEM,IN,US,Marketing Manager,55.51,USD,credit_card,completed,5,4.8,False,11.1,level_1,44
TXN-1301272,2024-10-31,Web Development,US,US,Software Engineer,194.71,USD,credit_card,completed,10,3.6,True,38.94,rising_talent,44
TXN-1301349,2024-10-31,SEO/SEM,FR,US,Marketing Manager,29.77,USD,paypal,completed,10,2.6,False,5.95,rising_talent,44
TXN-1301348,2024-10-31,Graphic Design,IN,IL,Designer,502.69,USD,paypal,completed,3,1.8,False,100.54,level_2,44
TXN-1301305,2024-10-31,Translation,US,US,Writer,106.02,GBP,credit_card,completed,2,4.9,True,21.2,new_seller,44
TXN-1301270,2024-10-31,Web Development,GB,US,Software Engineer,71.65,USD,credit_card,completed,15,4.8,False,14.33,rising_talent,44
TXN-1301324,2024-10-31,Graphic Design,US,IN,Designer,47.9,USD,bank_transfer,completed,3,2.1,False,9.58,level_1,44
TXN-1301367,2024-10-31,Legal Consulting,IN,GB,Lawyer,135.27,USD,paypal,completed,13,3.9,False,27.05,top_rated,44
TXN-1301250,2024-10-31,Social Media Management,IN,JP,Marketing Manager,78.78,USD,credit_card,completed,7,3.6,True,15.76,level_2,44
TXN-1301211,2024-10-31,SEO/SEM,BR,GB,Marketing Manager,114.2,USD,credit_card,completed,12,4.6,False,22.84,rising_talent,44
TXN-1301208,2024-10-31,Financial Modeling,IN,US,Accountant,243.79,USD,credit_card,completed,12,4.2,False,48.76,new_seller,44
TXN-1301154,2024-10-31,Mobile App,GB,MX,Software Engineer,42.46,EUR,credit_card,completed,9,4.8,False,8.49,rising_talent,44
TXN-1301204,2024-10-31,Translation,US,IL,Writer,35.47,USD,credit_card,completed,3,4.2,False,7.09,level_2,44
TXN-1301160,2024-10-31,Graphic Design,NL,IN,Designer,165.78,USD,credit_card,completed,3,2.0,False,33.16,top_rated,44
TXN-1301167,2024-10-31,Graphic Design,GB,US,Designer,174.98,USD,crypto,completed,7,4.5,False,35.0,rising_talent,44
TXN-1301202,2024-10-31,Translation,US,US,Writer,1162.77,USD,credit_card,completed,3,4.5,False,232.55,level_1,44
TXN-1301200,2024-10-31,Music Production,CA,IN,Designer,630.02,USD,bank_transfer,completed,6,4.6,True,126.0,rising_talent,44
TXN-1301199,2024-10-31,Translation,ZA,IN,Writer,149.91,USD,paypal,completed,6,3.1,False,29.98,rising_talent,44
TXN-1301173,2024-10-31,Photography,BR,IN,Designer,215.88,USD,paypal,completed,5,3.3,False,43.18,rising_talent,44
TXN-1301174,2024-10-31,Social Media Management,US,GB,Marketing Manager,269.91,USD,paypal,completed,8,4.8,True,53.98,rising_talent,44
TXN-1301177,2024-10-31,Financial Modeling,JP,AU,Accountant,91.54,USD,bank_transfer,completed,17,3.7,False,18.31,rising_talent,44
TXN-1301252,2024-10-31,Financial Modeling,IN,MX,Accountant,36.71,USD,paypal,completed,11,4.1,False,7.34,rising_talent,44
TXN-1301193,2024-10-31,SEO/SEM,US,US,Marketing Manager,485.84,USD,credit_card,completed,6,4.4,True,97.17,rising_talent,44
TXN-1301387,2024-10-31,Content Writing,DE,US,Writer,460.58,USD,paypal,completed,3,4.7,True,92.12,rising_talent,44
TXN-1301145,2024-10-31,Virtual Assistant,GB,US,HR Manager,1833.76,USD,credit_card,completed,1,4.4,False,366.75,level_2,44
TXN-1301143,2024-10-31,Virtual Assistant,AU,US,HR Manager,233.66,USD,credit_card,completed,4,4.7,False,46.73,level_2,44
TXN-1301183,2024-10-31,Content Writing,US,IN,Writer,19.0,USD,bank_transfer,completed,1,4.5,False,3.8,level_1,44
TXN-1301229,2024-10-31,Virtual Assistant,CA,MX,HR Manager,8.64,USD,credit_card,completed,1,4.5,False,1.73,level_2,44
TXN-1301243,2024-10-31,Video Production,IN,US,Designer,16.61,USD,paypal,completed,5,4.3,False,3.32,level_2,44
TXN-1301092,2024-10-31,AI/ML Development,US,IN,Data Scientist,279.67,USD,credit_card,completed,21,3.7,True,55.93,rising_talent,44
TXN-1301239,2024-10-31,Mobile App,ES,US,Software Engineer,90.55,GBP,paypal,completed,23,4.3,False,18.11,rising_talent,44
TXN-1301094,2024-10-31,Legal Consulting,US,IN,Lawyer,341.54,GBP,credit_card,completed,17,4.7,False,68.31,new_seller,44
TXN-1301096,2024-10-31,Web Development,MX,US,Software Engineer,47.33,USD,bank_transfer,completed,27,3.7,False,9.47,new_seller,44
TXN-1301101,2024-10-31,SEO/SEM,BR,GB,Marketing Manager,364.16,USD,credit_card,completed,6,3.3,True,72.83,new_seller,44
TXN-1301234,2024-10-31,Data Analysis,BR,BR,Data Scientist,126.31,USD,credit_card,completed,9,4.6,False,25.26,level_1,44
TXN-1301091,2024-11-01,Web Development,ZA,IN,Software Engineer,137.98,USD,paypal,cancelled,18,,False,27.6,new_seller,44
TXN-1301306,2024-11-01,Video Production,BR,US,Designer,104.74,USD,credit_card,completed,3,3.5,True,20.95,level_1,44
TXN-1301361,2024-11-01,Content Writing,US,US,Writer,75.07,USD,bank_transfer,completed,2,4.4,True,15.01,new_seller,44
TXN-1301308,2024-11-01,Video Production,CA,US,Designer,70.81,USD,credit_card,completed,7,3.7,False,14.16,new_seller,44
TXN-1301399,2024-11-01,Virtual Assistant,US,GB,HR Manager,269.69,USD,credit_card,completed,3,3.7,True,53.94,level_1,44
TXN-1301172,2024-11-01,Content Writing,DE,US,Writer,181.97,EUR,credit_card,completed,2,4.6,False,36.39,level_2,44
TXN-1301141,2024-11-01,Virtual Assistant,AU,US,HR Manager,294.4,USD,credit_card,completed,1,2.5,True,58.88,level_2,44
TXN-1301105,2024-11-01,Content Writing,US,AU,Writer,19.42,USD,bank_transfer,completed,4,4.4,True,3.88,top_rated,44
TXN-1301322,2024-11-01,Web Development,DE,GB,Software Engineer,33.05,EUR,bank_transfer,completed,22,4.3,True,6.61,new_seller,44
TXN-1301159,2024-11-01,Photography,DE,AU,Designer,270.09,USD,bank_transfer,completed,5,4.2,True,54.02,new_seller,44
TXN-1301156,2024-11-01,Mobile App,CA,US,Software Engineer,890.91,USD,credit_card,completed,13,4.6,True,178.18,top_rated,44
TXN-1301108,2024-11-01,AI/ML Development,US,FR,Data Scientist,50.42,EUR,paypal,completed,17,4.8,False,10.08,level_2,44
TXN-1301112,2024-11-01,Social Media Management,BR,US,Marketing Manager,76.78,USD,bank_transfer,completed,10,4.6,False,15.36,level_2,44
TXN-1301152,2024-11-01,Photography,DE,IN,Designer,30.57,USD,credit_card,completed,2,3.2,False,6.11,new_seller,44
TXN-1301151,2024-11-01,Graphic Design,US,IN,Designer,746.89,USD,crypto,in_progress,5,,False,149.38,level_2,44
TXN-1301304,2024-11-01,Graphic Design,JP,DE,Designer,208.98,GBP,paypal,completed,5,4.4,False,41.8,level_1,44
TXN-1301123,2024-11-01,Video Production,US,IN,Designer,98.92,USD,credit_card,completed,9,4.3,True,19.78,rising_talent,44
TXN-1301147,2024-11-01,Translation,IN,GB,Writer,29.48,USD,bank_transfer,completed,3,4.4,False,5.9,level_2,44
TXN-1301341,2024-11-01,SEO/SEM,JP,US,Marketing Manager,236.7,USD,paypal,completed,7,4.8,False,47.34,level_1,44
TXN-1301133,2024-11-01,Virtual Assistant,MX,AU,HR Manager,106.04,USD,credit_card,completed,1,2.5,False,21.21,rising_talent,44
TXN-1301336,2024-11-01,Music Production,GB,ES,Designer,91.94,GBP,credit_card,completed,10,4.6,False,18.39,level_2,44
TXN-1301149,2024-11-01,AI/ML Development,SG,US,Data Scientist,1022.27,USD,paypal,completed,19,2.9,True,204.45,new_seller,44
TXN-1301390,2024-11-01,Data Analysis,IL,GB,Data Scientist,5.0,USD,credit_card,completed,6,3.4,False,1.0,level_2,44
TXN-1301301,2024-11-01,Photography,DE,CA,Designer,46.08,USD,credit_card,completed,2,2.8,True,9.22,level_1,44
TXN-1301268,2024-11-01,Web Development,GB,IN,Software Engineer,1580.48,GBP,bank_transfer,completed,9,3.4,True,316.1,level_2,44
TXN-1301220,2024-11-01,Data Analysis,DE,CA,Data Scientist,95.95,GBP,credit_card,completed,7,4.5,False,19.19,top_rated,44
TXN-1301376,2024-11-01,AI/ML Development,IN,US,Data Scientist,120.81,USD,credit_card,completed,14,4.7,False,24.16,level_2,44
TXN-1301214,2024-11-01,Graphic Design,IN,IN,Designer,62.25,GBP,credit_card,completed,2,4.4,False,12.45,top_rated,44
TXN-1301209,2024-11-01,Photography,GB,IN,Designer,61.09,GBP,paypal,completed,1,4.3,False,12.22,new_seller,44
TXN-1301279,2024-11-01,Graphic Design,US,IN,Designer,633.41,USD,credit_card,completed,4,4.2,True,126.68,rising_talent,44
TXN-1301207,2024-11-01,Mobile App,IN,IN,Software Engineer,8.16,ILS,credit_card,completed,22,4.6,True,1.63,level_2,44
TXN-1301282,2024-11-01,Graphic Design,US,IN,Designer,7.03,ILS,paypal,completed,5,5.0,False,1.41,rising_talent,44
TXN-1301265,2024-11-01,Content Writing,FR,IN,Writer,57.95,USD,paypal,completed,2,3.8,False,11.59,rising_talent,44
TXN-1301284,2024-11-01,Graphic Design,NL,US,Designer,237.07,EUR,credit_card,cancelled,7,,True,47.41,rising_talent,44
TXN-1301203,2024-11-01,Social Media Management,US,IN,Marketing Manager,153.06,USD,paypal,completed,6,4.9,False,30.61,level_1,44
TXN-1301236,2024-11-01,Legal Consulting,NL,SG,Lawyer,116.93,USD,bank_transfer,completed,9,3.1,False,23.39,top_rated,44
TXN-1301288,2024-11-01,SEO/SEM,US,IN,Marketing Manager,405.66,USD,paypal,completed,9,4.7,False,81.13,level_2,44
TXN-1301221,2024-11-01,Legal Consulting,SG,DE,Lawyer,61.86,USD,bank_transfer,completed,18,3.5,False,12.37,level_1,44
TXN-1301293,2024-11-01,Data Analysis,US,IL,Data Scientist,318.64,GBP,paypal,completed,14,3.8,True,63.73,level_1,44
TXN-1301238,2024-11-01,Video Production,BR,US,Designer,163.34,EUR,credit_card,completed,6,3.8,True,32.67,new_seller,44
TXN-1301294,2024-11-01,Data Analysis,DE,IN,Data Scientist,126.35,USD,credit_card,completed,5,4.2,True,25.27,new_seller,44
TXN-1301295,2024-11-01,Financial Modeling,US,GB,Accountant,301.17,USD,bank_transfer,completed,7,4.6,False,60.23,level_2,44
TXN-1301241,2024-11-01,AI/ML Development,US,ZA,Data Scientist,18.46,USD,paypal,completed,24,3.5,True,3.69,rising_talent,44
TXN-1301292,2024-11-01,Web Development,US,US,Software Engineer,804.91,USD,paypal,completed,10,2.7,False,160.98,level_1,44
TXN-1301249,2024-11-01,Financial Modeling,IN,US,Accountant,520.5,USD,credit_card,completed,7,3.8,False,104.1,rising_talent,44
TXN-1301365,2024-11-02,Content Writing,DE,GB,Writer,41.99,GBP,credit_card,completed,2,4.5,False,8.4,level_2,44
TXN-1301089,2024-11-02,Video Production,GB,AU,Designer,92.35,USD,paypal,completed,4,3.9,False,18.47,new_seller,44
TXN-1301117,2024-11-02,Mobile App,GB,FR,Software Engineer,87.0,ILS,paypal,completed,10,4.6,False,17.4,rising_talent,44
TXN-1301345,2024-11-02,Video Production,NL,US,Designer,56.32,ILS,paypal,completed,11,4.4,False,11.26,level_2,44
TXN-1301397,2024-11-02,Mobile App,US,BR,Software Engineer,7.38,ILS,credit_card,completed,17,4.1,False,1.48,level_2,44
TXN-1301225,2024-11-02,Content Writing,AU,DE,Writer,16.17,USD,paypal,completed,2,4.4,False,3.23,rising_talent,44
TXN-1301111,2024-11-02,Mobile App,BR,US,Software Engineer,52.4,USD,paypal,completed,11,3.5,False,10.48,level_1,44
TXN-1301107,2024-11-02,Mobile App,CA,IN,Software Engineer,88.74,GBP,paypal,completed,25,3.9,False,17.75,level_1,44
TXN-1301247,2024-11-02,Mobile App,GB,US,Software Engineer,39.55,USD,paypal,completed,6,4.9,False,7.91,new_seller,44
TXN-1301093,2024-11-02,Music Production,US,FR,Designer,337.7,EUR,credit_card,completed,14,5.0,False,67.54,level_1,44
TXN-1301352,2024-11-02,Mobile App,US,BR,Software Engineer,42.95,ILS,credit_card,completed,20,2.7,False,8.59,level_2,44
TXN-1301370,2024-11-02,Content Writing,BR,GB,Writer,166.1,USD,credit_card,completed,3,4.7,False,33.22,level_2,44
TXN-1301124,2024-11-02,Graphic Design,GB,DE,Designer,418.44,USD,paypal,completed,3,3.8,False,83.69,top_rated,44
TXN-1301100,2024-11-02,Content Writing,DE,IN,Writer,95.08,ILS,paypal,completed,3,4.0,False,19.02,level_2,44
TXN-1301368,2024-11-02,Music Production,DE,DE,Designer,801.85,USD,credit_card,completed,11,4.4,False,160.37,level_2,44
TXN-1301262,2024-11-02,Photography,GB,FR,Designer,620.26,USD,credit_card,completed,1,4.9,False,124.05,level_2,44
TXN-1301366,2024-11-02,Content Writing,GB,GB,Writer,335.81,USD,credit_card,completed,7,4.5,False,67.16,level_1,44
TXN-1301128,2024-11-02,AI/ML Development,US,US,Data Scientist,98.1,USD,paypal,completed,18,2.9,True,19.62,level_1,44
TXN-1301196,2024-11-02,Graphic Design,AU,US,Designer,195.54,USD,credit_card,completed,3,3.5,False,39.11,top_rated,44
TXN-1301374,2024-11-02,Music Production,ZA,SG,Designer,22.65,USD,bank_transfer,completed,12,4.5,False,4.53,level_1,44
TXN-1301311,2024-11-02,Graphic Design,US,IN,Designer,208.11,USD,credit_card,completed,3,3.6,False,41.62,level_2,44
TXN-1301176,2024-11-02,Financial Modeling,US,US,Accountant,93.44,USD,credit_card,completed,14,4.2,False,18.69,rising_talent,44
TXN-1301175,2024-11-02,Content Writing,US,ZA,Writer,194.44,USD,crypto,completed,1,3.2,False,38.89,rising_talent,44
TXN-1301373,2024-11-02,Graphic Design,GB,IN,Designer,37.5,USD,paypal,completed,4,4.5,False,7.5,level_1,44
TXN-1301162,2024-11-02,Translation,IL,BR,Writer,455.64,USD,credit_card,completed,3,4.5,False,91.13,new_seller,44
TXN-1301125,2024-11-02,Video Production,SG,CA,Designer,54.87,GBP,bank_transfer,completed,9,3.9,False,10.97,level_2,44
TXN-1301286,2024-11-02,Mobile App,AU,FR,Software Engineer,41.08,USD,crypto,completed,30,3.9,False,8.22,level_1,44
TXN-1301205,2024-11-02,SEO/SEM,SG,ES,Marketing Manager,248.26,USD,paypal,completed,11,4.6,False,49.65,rising_talent,44
TXN-1301157,2024-11-02,Photography,CA,FR,Designer,174.84,USD,credit_card,completed,5,4.2,True,34.97,level_2,44
TXN-1301210,2024-11-02,Data Analysis,US,GB,Data Scientist,131.3,USD,credit_card,completed,8,3.9,False,26.26,new_seller,44
TXN-1301274,2024-11-02,Translation,IN,JP,Writer,118.9,USD,credit_card,completed,3,3.0,False,23.78,level_1,44
TXN-1301215,2024-11-02,Photography,US,DE,Designer,25.88,EUR,paypal,completed,10,3.6,True,5.18,level_2,44
TXN-1301218,2024-11-02,Financial Modeling,US,ZA,Accountant,105.86,GBP,credit_card,completed,7,3.7,True,21.17,level_1,44
TXN-1301185,2024-11-02,Content Writing,DE,IN,Writer,96.03,USD,credit_card,completed,5,4.5,False,19.21,new_seller,44
TXN-1301383,2024-11-02,Graphic Design,GB,SG,Designer,310.82,USD,credit_card,completed,5,3.8,True,62.16,rising_talent,44
TXN-1301132,2024-11-02,SEO/SEM,ES,US,Marketing Manager,237.44,USD,bank_transfer,completed,6,3.4,True,47.49,level_1,44
TXN-1301180,2024-11-02,Social Media Management,IL,US,Marketing Manager,8.09,USD,paypal,completed,15,4.5,False,1.62,level_2,44
TXN-1301192,2024-11-02,Music Production,IN,SG,Designer,5000.0,USD,credit_card,completed,7,3.5,False,1000.0,level_2,44
TXN-1301388,2024-11-03,SEO/SEM,ES,US,Marketing Manager,158.13,USD,bank_transfer,completed,6,3.1,True,31.63,level_2,44
TXN-1301380,2024-11-03,Translation,MX,IN,Writer,153.03,USD,credit_card,cancelled,4,,False,30.61,level_2,44
TXN-1301395,2024-11-03,Financial Modeling,MX,ES,Accountant,147.63,USD,credit_card,completed,8,4.7,False,29.53,rising_talent,44
TXN-1301389,2024-11-03,Data Analysis,SG,US,Data Scientist,272.27,USD,credit_card,completed,4,4.3,True,54.45,level_1,44
TXN-1301396,2024-11-03,Video Production,GB,FR,Designer,37.93,USD,credit_card,completed,8,4.7,True,7.59,level_1,44
TXN-1301257,2024-11-03,AI/ML Development,BR,GB,Data Scientist,230.73,GBP,credit_card,completed,19,4.2,False,46.15,rising_talent,44
TXN-1301359,2024-11-03,Graphic Design,JP,BR,Designer,128.21,INR,bank_transfer,completed,3,4.1,False,25.64,level_2,44
TXN-1301362,2024-11-03,Data Analysis,GB,CA,Data Scientist,81.09,EUR,bank_transfer,completed,5,3.5,False,16.22,level_2,44
TXN-1301102,2024-11-03,Financial Modeling,IN,MX,Accountant,265.49,ILS,paypal,completed,10,3.7,False,53.1,level_1,44
TXN-1301109,2024-11-03,Photography,US,CA,Designer,32.81,USD,credit_card,completed,4,4.3,True,6.56,level_1,44
TXN-1301134,2024-11-03,Social Media Management,US,GB,Marketing Manager,238.62,USD,credit_card,completed,4,3.4,False,47.72,level_1,44
TXN-1301137,2024-11-03,AI/ML Development,US,DE,Data Scientist,41.55,USD,paypal,completed,13,4.1,True,8.31,rising_talent,44
TXN-1301144,2024-11-03,Web Development,CA,ES,Software Engineer,15.09,USD,bank_transfer,completed,14,4.2,False,3.02,new_seller,44
TXN-1301164,2024-11-03,AI/ML Development,DE,SG,Data Scientist,681.34,USD,paypal,completed,14,4.0,True,136.27,level_1,44
TXN-1301168,2024-11-03,Music Production,ES,US,Designer,37.76,USD,credit_card,disputed,11,,False,7.55,level_1,44
TXN-1301178,2024-11-03,Data Analysis,GB,US,Data Scientist,63.36,USD,crypto,completed,8,4.9,True,12.67,rising_talent,44
TXN-1301179,2024-11-03,AI/ML Development,BR,CA,Data Scientist,361.33,USD,paypal,completed,30,4.9,False,72.27,rising_talent,44
TXN-1301181,2024-11-03,Financial Modeling,IN,US,Accountant,685.34,USD,credit_card,completed,4,4.6,False,137.07,rising_talent,44
TXN-1301188,2024-11-03,Virtual Assistant,ZA,ZA,HR Manager,69.08,INR,bank_transfer,completed,1,3.7,False,13.82,level_1,44
TXN-1301189,2024-11-03,Social Media Management,US,FR,Marketing Manager,190.57,USD,crypto,completed,5,2.9,True,38.11,level_2,44
TXN-1301191,2024-11-03,Content Writing,ZA,US,Writer,135.5,USD,credit_card,disputed,3,,False,27.1,level_1,44
TXN-1301201,2024-11-03,Mobile App,US,BR,Software Engineer,334.13,USD,credit_card,completed,30,3.5,True,66.83,top_rated,44
TXN-1301115,2024-11-03,Content Writing,BR,GB,Writer,732.32,USD,bank_transfer,completed,6,4.3,False,146.46,level_2,44
TXN-1301219,2024-11-03,Legal Consulting,FR,US,Lawyer,82.56,USD,credit_card,completed,12,3.4,True,16.51,level_1,44
TXN-1301206,2024-11-03,SEO/SEM,US,BR,Marketing Manager,79.3,USD,credit_card,completed,8,1.0,False,15.86,level_2,44
TXN-1301358,2024-11-03,SEO/SEM,ES,IL,Marketing Manager,121.92,USD,paypal,completed,18,4.4,False,24.38,level_2,44
TXN-1301354,2024-11-03,AI/ML Development,GB,IN,Data Scientist,213.46,USD,credit_card,completed,25,5.0,False,42.69,level_2,44
TXN-1301318,2024-11-03,Social Media Management,BR,NL,Marketing Manager,90.94,USD,credit_card,completed,8,4.6,False,18.19,level_1,44
TXN-1301309,2024-11-03,Legal Consulting,BR,BR,Lawyer,55.37,USD,paypal,completed,11,3.9,False,11.07,new_seller,44
TXN-1301291,2024-11-03,Music Production,US,IL,Designer,211.01,USD,bank_transfer,completed,25,4.4,False,42.2,level_1,44
TXN-1301328,2024-11-03,Music Production,IN,ES,Designer,1005.9,USD,bank_transfer,completed,12,4.5,False,201.18,level_1,44
TXN-1301256,2024-11-03,Photography,IN,GB,Designer,413.13,USD,bank_transfer,completed,3,4.0,True,82.63,top_rated,44
TXN-1301240,2024-11-03,Data Analysis,US,GB,Data Scientist,1357.2,USD,bank_transfer,completed,3,4.0,False,271.44,top_rated,44
TXN-1301235,2024-11-03,Video Production,GB,FR,Designer,8.91,USD,credit_card,cancelled,6,,False,1.78,new_seller,44
TXN-1301232,2024-11-03,Data Analysis,US,CA,Data Scientist,122.1,USD,credit_card,completed,13,3.8,False,24.42,level_2,44
TXN-1301266,2024-11-03,Financial Modeling,FR,IN,Accountant,101.49,EUR,paypal,completed,19,3.6,False,20.3,new_seller,44
TXN-1301233,2024-11-03,SEO/SEM,ZA,MX,Marketing Manager,259.45,USD,credit_card,completed,5,4.7,True,51.89,rising_talent,44
TXN-1301546,2024-11-04,Virtual Assistant,IN,IL,HR Manager,16.65,USD,credit_card,completed,3,3.8,False,3.33,top_rated,45
TXN-1301659,2024-11-04,Translation,BR,BR,Writer,95.8,USD,credit_card,completed,2,3.5,True,19.16,level_1,45
TXN-1301524,2024-11-04,Social Media Management,IN,US,Marketing Manager,152.14,USD,bank_transfer,completed,8,4.3,True,30.43,new_seller,45
TXN-1301656,2024-11-04,Financial Modeling,FR,AU,Accountant,1242.02,EUR,paypal,completed,9,4.2,False,248.4,level_2,45
TXN-1301528,2024-11-04,Social Media Management,US,FR,Marketing Manager,180.95,USD,credit_card,cancelled,6,,True,36.19,rising_talent,45
TXN-1301650,2024-11-04,Financial Modeling,JP,US,Accountant,426.22,USD,credit_card,completed,9,4.9,False,85.24,new_seller,45
TXN-1301648,2024-11-04,Virtual Assistant,IN,IN,HR Manager,56.75,USD,credit_card,completed,1,2.8,False,11.35,new_seller,45
TXN-1301699,2024-11-04,Content Writing,MX,IN,Writer,145.2,GBP,credit_card,completed,4,4.2,True,29.04,top_rated,45
TXN-1301516,2024-11-04,Data Analysis,DE,SG,Data Scientist,334.72,USD,credit_card,completed,4,4.8,True,66.94,level_2,45
TXN-1301543,2024-11-04,SEO/SEM,GB,FR,Marketing Manager,30.83,USD,credit_card,completed,13,4.0,True,6.17,new_seller,45
TXN-1301529,2024-11-04,Legal Consulting,IN,ZA,Lawyer,102.5,USD,crypto,completed,15,2.8,False,20.5,top_rated,45
TXN-1301691,2024-11-04,Legal Consulting,GB,US,Lawyer,694.12,USD,paypal,completed,12,2.7,False,138.82,level_2,45
TXN-1301501,2024-11-04,Video Production,US,IN,Designer,1378.4,USD,paypal,completed,5,4.0,True,275.68,level_2,45
TXN-1301511,2024-11-04,Virtual Assistant,NL,CA,HR Manager,54.42,USD,credit_card,completed,1,3.9,False,10.88,level_1,45
TXN-1301456,2024-11-04,AI/ML Development,ES,US,Data Scientist,118.48,ILS,credit_card,completed,30,4.5,False,23.7,level_1,45
TXN-1301663,2024-11-04,Content Writing,IL,IN,Writer,24.36,EUR,credit_card,completed,3,4.1,False,4.87,level_2,45
TXN-1301504,2024-11-04,Translation,US,FR,Writer,882.02,USD,credit_card,completed,2,3.7,True,176.4,level_2,45
TXN-1301462,2024-11-04,Data Analysis,US,IN,Data Scientist,418.36,USD,credit_card,completed,5,4.6,False,83.67,rising_talent,45
TXN-1301465,2024-11-04,Legal Consulting,ZA,ES,Lawyer,1166.99,USD,credit_card,completed,18,4.1,False,233.4,level_2,45
TXN-1301467,2024-11-04,Translation,GB,BR,Writer,202.28,USD,credit_card,completed,1,4.4,False,40.46,level_1,45
TXN-1301487,2024-11-04,AI/ML Development,GB,CA,Data Scientist,1269.47,GBP,paypal,completed,10,4.2,True,253.89,level_2,45
TXN-1301482,2024-11-04,Music Production,US,ES,Designer,53.11,USD,credit_card,completed,11,4.8,False,10.62,level_2,45
TXN-1301679,2024-11-04,SEO/SEM,US,DE,Marketing Manager,151.94,USD,credit_card,completed,10,4.2,False,30.39,new_seller,45
TXN-1301549,2024-11-04,Music Production,US,IN,Designer,634.8,USD,credit_card,completed,7,3.8,True,126.96,level_1,45
TXN-1301675,2024-11-04,Web Development,IN,DE,Software Engineer,97.11,USD,credit_card,completed,12,4.8,True,19.42,level_2,45
TXN-1301512,2024-11-04,Graphic Design,US,JP,Designer,488.81,USD,bank_transfer,completed,8,4.1,False,97.76,level_1,45
TXN-1301554,2024-11-04,AI/ML Development,FR,US,Data Scientist,14.39,USD,paypal,completed,29,3.9,False,2.88,level_2,45
TXN-1301705,2024-11-04,Music Production,US,FR,Designer,35.72,EUR,paypal,completed,11,4.7,False,7.14,top_rated,45
TXN-1301579,2024-11-04,Virtual Assistant,NL,GB,HR Manager,386.88,USD,credit_card,completed,3,4.6,False,77.38,level_2,45
TXN-1301616,2024-11-04,Mobile App,DE,US,Software Engineer,51.1,GBP,credit_card,completed,13,4.5,True,10.22,new_seller,45
TXN-1301607,2024-11-04,AI/ML Development,SG,DE,Data Scientist,50.07,USD,credit_card,completed,22,4.2,False,10.01,level_1,45
TXN-1301602,2024-11-04,Graphic Design,BR,US,Designer,179.68,EUR,credit_card,completed,3,4.4,False,35.94,new_seller,45
TXN-1301403,2024-11-04,Legal Consulting,CA,FR,Lawyer,422.22,EUR,paypal,completed,18,4.0,False,84.44,level_2,45
TXN-1301598,2024-11-04,AI/ML Development,US,BR,Data Scientist,87.52,USD,credit_card,completed,17,4.2,False,17.5,level_1,45
TXN-1301407,2024-11-04,Data Analysis,US,IL,Data Scientist,336.24,USD,credit_card,completed,7,3.9,False,67.25,rising_talent,45
TXN-1301709,2024-11-04,Financial Modeling,US,BR,Accountant,1166.76,USD,credit_card,completed,12,4.7,False,233.35,new_seller,45
TXN-1301628,2024-11-04,Photography,IN,AU,Designer,100.6,USD,paypal,completed,3,4.0,False,20.12,level_1,45
TXN-1301410,2024-11-04,Graphic Design,GB,US,Designer,847.2,GBP,credit_card,completed,7,3.6,False,169.44,level_1,45
TXN-1301638,2024-11-04,Legal Consulting,US,JP,Lawyer,145.4,USD,credit_card,completed,16,4.0,False,29.08,top_rated,45
TXN-1301635,2024-11-04,Legal Consulting,ZA,US,Lawyer,24.37,USD,credit_card,completed,11,4.1,False,4.87,new_seller,45
TXN-1301416,2024-11-04,Video Production,SG,IN,Designer,360.78,GBP,credit_card,completed,6,4.2,False,72.16,new_seller,45
TXN-1301476,2024-11-04,SEO/SEM,FR,JP,Marketing Manager,20.35,ILS,paypal,completed,21,4.6,False,4.07,new_seller,45
TXN-1301677,2024-11-04,AI/ML Development,DE,IL,Data Scientist,41.62,USD,paypal,completed,21,4.6,False,8.32,rising_talent,45
TXN-1301564,2024-11-04,AI/ML Development,NL,ES,Data Scientist,401.82,USD,credit_card,completed,13,4.7,True,80.36,level_2,45
TXN-1301566,2024-11-04,Virtual Assistant,IN,US,HR Manager,708.41,ILS,credit_card,completed,2,3.7,True,141.68,level_1,45
TXN-1301560,2024-11-04,Graphic Design,IN,NL,Designer,609.33,ILS,paypal,completed,5,3.2,True,121.87,level_1,45
TXN-1301571,2024-11-04,Legal Consulting,US,DE,Lawyer,154.33,USD,credit_card,completed,7,3.1,False,30.87,new_seller,45
TXN-1301565,2024-11-04,Video Production,BR,IN,Designer,142.28,EUR,crypto,completed,5,4.6,False,28.46,rising_talent,45
TXN-1301636,2024-11-05,Translation,US,DE,Writer,735.33,USD,paypal,completed,2,4.7,True,147.07,level_1,45
TXN-1301645,2024-11-05,Data Analysis,ES,JP,Data Scientist,104.16,USD,credit_card,completed,5,4.7,True,20.83,level_2,45
TXN-1301597,2024-11-05,AI/ML Development,US,US,Data Scientist,71.39,USD,credit_card,completed,10,4.3,False,14.28,top_rated,45
TXN-1301498,2024-11-05,Web Development,US,IN,Software Engineer,224.56,EUR,paypal,completed,9,4.8,False,44.91,top_rated,45
TXN-1301495,2024-11-05,AI/ML Development,US,US,Data Scientist,213.81,USD,credit_card,completed,17,3.2,False,42.76,level_2,45
TXN-1301601,2024-11-05,Mobile App,ES,AU,Software Engineer,223.96,GBP,bank_transfer,completed,30,3.8,False,44.79,level_2,45
TXN-1301558,2024-11-05,AI/ML Development,BR,GB,Data Scientist,242.03,USD,credit_card,completed,16,4.8,False,48.41,level_1,45
TXN-1301672,2024-11-05,Mobile App,ES,US,Software Engineer,511.5,USD,paypal,disputed,12,,True,102.3,level_1,45
TXN-1301480,2024-11-05,Social Media Management,US,NL,Marketing Manager,63.98,USD,credit_card,completed,11,3.8,False,12.8,level_1,45
TXN-1301610,2024-11-05,SEO/SEM,US,IN,Marketing Manager,73.81,USD,credit_card,completed,13,3.7,True,14.76,level_1,45
TXN-1301641,2024-11-05,Financial Modeling,US,US,Accountant,121.55,USD,credit_card,completed,15,4.9,False,24.31,level_2,45
TXN-1301548,2024-11-05,Video Production,US,ZA,Designer,43.21,GBP,bank_transfer,completed,5,3.5,True,8.64,level_1,45
TXN-1301502,2024-11-05,AI/ML Development,NL,AU,Data Scientist,83.82,USD,credit_card,completed,18,4.4,True,16.76,level_2,45
TXN-1301541,2024-11-05,Web Development,US,GB,Software Engineer,64.81,USD,credit_card,completed,14,4.3,True,12.96,level_2,45
TXN-1301664,2024-11-05,Content Writing,IN,IN,Writer,93.71,INR,paypal,completed,4,4.2,False,18.74,rising_talent,45
TXN-1301539,2024-11-05,Music Production,SG,GB,Designer,168.24,EUR,credit_card,completed,7,2.4,False,33.65,rising_talent,45
TXN-1301591,2024-11-05,Data Analysis,ES,IL,Data Scientist,331.28,GBP,credit_card,completed,11,3.9,False,66.26,level_1,45
TXN-1301581,2024-11-05,Virtual Assistant,ZA,ES,HR Manager,183.41,USD,credit_card,completed,3,4.2,False,36.68,level_1,45
TXN-1301513,2024-11-05,Financial Modeling,US,ZA,Accountant,28.17,EUR,paypal,completed,6,4.9,True,5.63,top_rated,45
TXN-1301514,2024-11-05,Web Development,IN,IN,Software Engineer,21.89,USD,credit_card,completed,14,4.2,False,4.38,rising_talent,45
TXN-1301633,2024-11-05,Graphic Design,GB,FR,Designer,318.96,USD,bank_transfer,completed,2,4.7,False,63.79,level_1,45
TXN-1301660,2024-11-05,Virtual Assistant,GB,ZA,HR Manager,78.44,USD,bank_transfer,completed,1,4.3,True,15.69,rising_talent,45
TXN-1301520,2024-11-05,SEO/SEM,IN,IN,Marketing Manager,255.26,USD,paypal,completed,9,3.3,False,51.05,level_2,45
TXN-1301521,2024-11-05,Web Development,NL,ZA,Software Engineer,54.0,USD,credit_card,completed,17,2.1,False,10.8,rising_talent,45
TXN-1301655,2024-11-05,Virtual Assistant,BR,NL,HR Manager,174.44,USD,bank_transfer,completed,1,4.5,False,34.89,level_1,45
TXN-1301573,2024-11-05,Music Production,US,IN,Designer,99.79,USD,credit_card,completed,16,4.1,False,19.96,level_2,45
TXN-1301526,2024-11-05,Content Writing,AU,IN,Writer,44.26,ILS,credit_card,completed,2,4.9,False,8.85,level_2,45
TXN-1301503,2024-11-05,Music Production,ZA,SG,Designer,44.32,USD,paypal,completed,4,4.4,True,8.86,level_1,45
TXN-1301553,2024-11-05,Video Production,DE,BR,Designer,106.92,USD,credit_card,cancelled,8,,True,21.38,rising_talent,45
TXN-1301670,2024-11-05,Graphic Design,US,FR,Designer,107.86,USD,credit_card,completed,6,3.8,False,21.57,rising_talent,45
TXN-1301418,2024-11-05,Virtual Assistant,SG,MX,HR Manager,214.91,USD,credit_card,completed,2,3.6,False,42.98,new_seller,45
TXN-1301459,2024-11-05,Legal Consulting,ES,GB,Lawyer,2420.83,USD,credit_card,completed,26,5.0,True,484.17,level_2,45
TXN-1301686,2024-11-05,Data Analysis,IN,FR,Data Scientist,28.67,USD,crypto,completed,9,4.2,True,5.73,new_seller,45
TXN-1301417,2024-11-05,Web Development,ES,BR,Software Engineer,79.91,USD,credit_card,cancelled,30,,True,15.98,level_1,45
TXN-1301708,2024-11-05,Virtual Assistant,IN,IL,HR Manager,93.68,USD,bank_transfer,completed,1,4.8,True,18.74,new_seller,45
TXN-1301684,2024-11-05,Legal Consulting,US,US,Lawyer,145.78,USD,credit_card,completed,13,4.7,True,29.16,level_1,45
TXN-1301413,2024-11-05,Financial Modeling,IN,FR,Accountant,11.78,ILS,credit_card,cancelled,7,,False,2.36,level_1,45
TXN-1301451,2024-11-05,Financial Modeling,IN,IN,Accountant,72.36,USD,paypal,completed,16,4.5,False,14.47,level_2,45
TXN-1301450,2024-11-05,Graphic Design,BR,NL,Designer,25.79,USD,credit_card,completed,7,4.6,True,5.16,new_seller,45
TXN-1301430,2024-11-05,Legal Consulting,JP,US,Lawyer,40.92,USD,paypal,completed,22,3.2,False,8.18,rising_talent,45
TXN-1301448,2024-11-05,Web Development,MX,US,Software Engineer,37.24,USD,credit_card,completed,6,3.7,True,7.45,level_2,45
TXN-1301409,2024-11-05,Video Production,BR,IN,Designer,40.86,USD,bank_transfer,completed,6,3.4,True,8.17,level_1,45
TXN-1301702,2024-11-05,Data Analysis,FR,DE,Data Scientist,914.76,USD,credit_card,completed,5,4.4,False,182.95,new_seller,45
TXN-1301439,2024-11-05,Social Media Management,US,US,Marketing Manager,68.66,USD,paypal,completed,7,4.8,False,13.73,level_2,45
TXN-1301402,2024-11-05,Data Analysis,BR,IN,Data Scientist,9.28,USD,credit_card,completed,10,4.1,False,1.86,top_rated,45
TXN-1301433,2024-11-05,Legal Consulting,IN,US,Lawyer,77.93,USD,credit_card,completed,12,4.3,True,15.59,rising_talent,45
TXN-1301697,2024-11-05,Translation,GB,ZA,Writer,122.77,USD,paypal,cancelled,5,,False,24.55,level_1,45
TXN-1301713,2024-11-05,Social Media Management,BR,GB,Marketing Manager,366.24,USD,bank_transfer,completed,5,2.9,True,73.25,new_seller,45
TXN-1301405,2024-11-05,Financial Modeling,MX,IN,Accountant,176.73,ILS,bank_transfer,completed,10,3.9,True,35.35,level_1,45
TXN-1301470,2024-11-05,Content Writing,US,US,Writer,159.61,USD,bank_transfer,completed,3,3.3,False,31.92,level_1,45
TXN-1301683,2024-11-05,Content Writing,MX,GB,Writer,86.47,USD,paypal,completed,4,4.8,True,17.29,top_rated,45
TXN-1301561,2024-11-06,AI/ML Development,JP,ES,Data Scientist,5.0,USD,credit_card,completed,21,3.5,False,1.0,level_1,45
TXN-1301536,2024-11-06,AI/ML Development,AU,US,Data Scientist,597.88,EUR,paypal,completed,20,4.4,False,119.58,level_1,45
TXN-1301424,2024-11-06,Photography,IN,NL,Designer,57.54,USD,paypal,completed,4,4.2,False,11.51,level_1,45
TXN-1301438,2024-11-06,SEO/SEM,US,ZA,Marketing Manager,827.92,USD,credit_card,completed,26,4.5,True,165.58,level_2,45
TXN-1301551,2024-11-06,Mobile App,GB,AU,Software Engineer,239.57,USD,bank_transfer,completed,30,2.4,True,47.91,level_1,45
TXN-1301562,2024-11-06,Translation,DE,US,Writer,321.52,GBP,credit_card,completed,5,3.1,False,64.3,level_1,45
TXN-1301431,2024-11-06,Financial Modeling,IN,GB,Accountant,132.67,USD,paypal,completed,7,4.6,True,26.53,new_seller,45
TXN-1301704,2024-11-06,Legal Consulting,JP,ES,Lawyer,75.95,USD,credit_card,cancelled,8,,False,15.19,level_2,45
TXN-1301563,2024-11-06,Financial Modeling,DE,US,Accountant,136.25,USD,paypal,completed,14,4.6,True,27.25,rising_talent,45
TXN-1301676,2024-11-06,Financial Modeling,US,FR,Accountant,333.13,USD,credit_card,completed,6,4.1,True,66.63,level_2,45
TXN-1301567,2024-11-06,Music Production,US,US,Designer,315.88,GBP,credit_card,completed,24,4.0,True,63.18,level_1,45
TXN-1301611,2024-11-06,Content Writing,SG,ES,Writer,182.2,USD,credit_card,completed,4,4.8,True,36.44,new_seller,45
TXN-1301609,2024-11-06,Virtual Assistant,US,US,HR Manager,15.21,GBP,paypal,completed,1,4.3,False,3.04,level_1,45
TXN-1301617,2024-11-06,Data Analysis,CA,US,Data Scientist,1996.22,USD,credit_card,cancelled,5,,False,399.24,top_rated,45
TXN-1301619,2024-11-06,Data Analysis,MX,US,Data Scientist,5000.0,USD,paypal,completed,8,4.7,False,1000.0,new_seller,45
TXN-1301605,2024-11-06,Photography,MX,DE,Designer,22.44,USD,bank_transfer,completed,2,4.9,True,4.49,rising_talent,45
TXN-1301624,2024-11-06,Video Production,US,DE,Designer,254.58,USD,credit_card,completed,66,4.3,False,50.92,rising_talent,45
TXN-1301625,2024-11-06,Web Development,CA,IN,Software Engineer,142.73,USD,credit_card,completed,9,4.0,False,28.55,level_1,45
TXN-1301423,2024-11-06,Web Development,US,IN,Software Engineer,288.31,USD,credit_card,completed,7,4.0,False,57.66,rising_talent,45
TXN-1301594,2024-11-06,Music Production,IN,ZA,Designer,249.68,EUR,credit_card,completed,8,4.1,False,49.94,level_2,45
TXN-1301582,2024-11-06,AI/ML Development,US,GB,Data Scientist,267.01,EUR,paypal,completed,20,3.2,True,53.4,level_1,45
TXN-1301412,2024-11-06,Video Production,FR,US,Designer,324.28,USD,bank_transfer,completed,6,4.1,False,64.86,new_seller,45
TXN-1301580,2024-11-06,Web Development,NL,US,Software Engineer,1350.5,USD,credit_card,completed,5,4.5,False,270.1,level_2,45
TXN-1301574,2024-11-06,Graphic Design,IN,US,Designer,83.01,USD,paypal,completed,4,3.9,True,16.6,level_2,45
TXN-1301654,2024-11-06,Financial Modeling,IN,IN,Accountant,539.67,USD,paypal,completed,9,1.0,True,107.93,level_1,45
TXN-1301570,2024-11-06,Legal Consulting,US,NL,Lawyer,55.65,ILS,paypal,completed,16,4.4,True,11.13,level_1,45
TXN-1301568,2024-11-06,Graphic Design,US,IN,Designer,330.59,USD,credit_card,completed,4,4.8,False,66.12,new_seller,45
TXN-1301592,2024-11-06,Web Development,IN,ES,Software Engineer,482.18,EUR,paypal,completed,13,3.9,False,96.44,level_2,45
TXN-1301441,2024-11-06,Content Writing,BR,US,Writer,104.5,ILS,credit_card,completed,2,3.8,False,20.9,top_rated,45
TXN-1301644,2024-11-06,Music Production,GB,GB,Designer,88.63,USD,credit_card,completed,15,4.0,True,17.73,level_2,45
TXN-1301527,2024-11-06,Social Media Management,GB,IN,Marketing Manager,12.22,EUR,bank_transfer,completed,17,4.5,False,2.44,new_seller,45
TXN-1301454,2024-11-06,SEO/SEM,US,IN,Marketing Manager,236.72,USD,paypal,completed,4,4.2,True,47.34,level_2,45
TXN-1301662,2024-11-06,Music Production,IN,IN,Designer,1424.06,GBP,paypal,completed,14,3.5,True,284.81,rising_talent,45
TXN-1301442,2024-11-06,Content Writing,IN,US,Writer,56.5,USD,bank_transfer,completed,3,2.6,True,11.3,level_1,45
TXN-1301497,2024-11-06,Data Analysis,US,IL,Data Scientist,210.68,USD,paypal,cancelled,3,,False,42.14,level_2,45
TXN-1301496,2024-11-06,Video Production,BR,US,Designer,275.79,ILS,credit_card,completed,5,4.5,False,55.16,top_rated,45
TXN-1301492,2024-11-06,Social Media Management,US,US,Marketing Manager,86.24,USD,credit_card,completed,6,4.7,True,17.25,rising_talent,45
TXN-1301468,2024-11-06,SEO/SEM,FR,BR,Marketing Manager,124.13,EUR,credit_card,completed,11,2.6,True,24.83,level_1,45
TXN-1301489,2024-11-06,Video Production,DE,MX,Designer,24.17,USD,credit_card,completed,3,4.6,True,4.83,rising_talent,45
TXN-1301488,2024-11-06,SEO/SEM,DE,IN,Marketing Manager,524.42,GBP,paypal,completed,6,3.9,False,104.88,rising_talent,45
TXN-1301469,2024-11-06,SEO/SEM,JP,US,Marketing Manager,97.62,USD,bank_transfer,completed,9,4.6,True,19.52,rising_talent,45
TXN-1301486,2024-11-06,Graphic Design,US,US,Designer,83.6,USD,credit_card,completed,4,4.2,False,16.72,level_1,45
TXN-1301671,2024-11-06,Legal Consulting,DE,IN,Lawyer,31.93,USD,paypal,completed,8,4.6,False,6.39,level_1,45
TXN-1301484,2024-11-06,Web Development,US,US,Software Engineer,36.86,USD,credit_card,completed,30,4.8,False,7.37,level_1,45
TXN-1301715,2024-11-06,AI/ML Development,SG,IN,Data Scientist,160.46,USD,paypal,completed,20,4.0,True,32.09,level_1,45
TXN-1301474,2024-11-06,Photography,AU,US,Designer,42.73,USD,credit_card,completed,5,4.4,True,8.55,level_1,45
TXN-1301690,2024-11-06,Web Development,BR,US,Software Engineer,2238.72,USD,bank_transfer,completed,23,3.3,False,447.74,new_seller,45
TXN-1301515,2024-11-06,Virtual Assistant,US,DE,HR Manager,46.2,ILS,paypal,completed,3,4.2,False,9.24,rising_talent,45
TXN-1301613,2024-11-06,Legal Consulting,IL,ES,Lawyer,269.86,USD,credit_card,completed,12,4.4,False,53.97,rising_talent,45
TXN-1301446,2024-11-06,AI/ML Development,FR,DE,Data Scientist,1153.93,GBP,paypal,completed,7,4.1,True,230.79,level_2,45
TXN-1301694,2024-11-06,Data Analysis,US,US,Data Scientist,247.99,USD,bank_transfer,completed,6,4.0,True,49.6,top_rated,45
TXN-1301700,2024-11-07,Financial Modeling,NL,GB,Accountant,1038.28,GBP,paypal,completed,5,4.6,False,207.66,level_1,45
TXN-1301547,2024-11-07,Mobile App,US,US,Software Engineer,63.93,USD,credit_card,completed,30,4.5,True,12.79,rising_talent,45
TXN-1301466,2024-11-07,Translation,FR,US,Writer,59.59,USD,paypal,completed,4,3.7,False,11.92,rising_talent,45
TXN-1301667,2024-11-07,AI/ML Development,DE,ES,Data Scientist,194.97,EUR,paypal,completed,13,4.8,False,38.99,level_2,45
TXN-1301583,2024-11-07,Photography,US,CA,Designer,1286.76,USD,credit_card,completed,3,3.0,False,257.35,level_2,45
TXN-1301584,2024-11-07,Translation,JP,FR,Writer,1679.7,EUR,paypal,completed,4,4.4,False,335.94,level_1,45
TXN-1301632,2024-11-07,Data Analysis,IN,ZA,Data Scientist,12.07,USD,crypto,completed,4,3.4,True,2.41,level_1,45
TXN-1301631,2024-11-07,SEO/SEM,US,IN,Marketing Manager,294.04,USD,credit_card,completed,12,4.1,False,58.81,level_1,45
TXN-1301587,2024-11-07,Video Production,GB,NL,Designer,395.11,USD,credit_card,completed,7,4.6,False,79.02,level_2,45
TXN-1301588,2024-11-07,Financial Modeling,IL,GB,Accountant,483.81,USD,credit_card,completed,8,3.6,False,96.76,level_1,45
TXN-1301589,2024-11-07,Content Writing,US,US,Writer,227.39,USD,crypto,completed,5,4.4,True,45.48,top_rated,45
TXN-1301590,2024-11-07,Photography,US,ZA,Designer,25.08,EUR,paypal,completed,7,2.2,False,5.02,top_rated,45
TXN-1301540,2024-11-07,AI/ML Development,US,US,Data Scientist,28.79,USD,credit_card,completed,16,4.3,False,5.76,top_rated,45
TXN-1301411,2024-11-07,Financial Modeling,SG,DE,Accountant,304.65,USD,credit_card,completed,9,3.7,True,60.93,top_rated,45
TXN-1301522,2024-11-07,Virtual Assistant,GB,IN,HR Manager,32.36,USD,credit_card,completed,2,2.4,True,6.47,level_2,45
TXN-1301626,2024-11-07,Video Production,GB,BR,Designer,14.84,USD,credit_card,completed,7,2.9,False,2.97,level_2,45
TXN-1301490,2024-11-07,Graphic Design,IN,DE,Designer,553.33,USD,credit_card,completed,4,3.4,True,110.67,new_seller,45
TXN-1301711,2024-11-07,Mobile App,US,IN,Software Engineer,21.32,GBP,credit_card,completed,30,4.5,False,4.26,level_2,45
TXN-1301445,2024-11-07,Translation,DE,IN,Writer,26.96,USD,credit_card,cancelled,1,,False,5.39,rising_talent,45
TXN-1301444,2024-11-07,Photography,IN,US,Designer,84.1,USD,credit_card,completed,4,4.1,True,16.82,level_2,45
TXN-1301620,2024-11-07,Music Production,BR,CA,Designer,84.41,USD,bank_transfer,completed,17,4.2,False,16.88,rising_talent,45
TXN-1301534,2024-11-07,Data Analysis,IN,IN,Data Scientist,763.37,GBP,credit_card,completed,7,4.5,False,152.67,rising_talent,45
TXN-1301532,2024-11-07,Mobile App,GB,IN,Software Engineer,159.06,USD,credit_card,completed,11,4.0,False,31.81,rising_talent,45
TXN-1301400,2024-11-07,Translation,US,IN,Writer,95.71,USD,bank_transfer,completed,2,4.3,True,19.14,level_1,45
TXN-1301695,2024-11-07,Legal Consulting,BR,US,Lawyer,145.71,GBP,credit_card,completed,7,4.1,True,29.14,level_1,45
TXN-1301414,2024-11-07,Social Media Management,GB,IN,Marketing Manager,41.41,USD,credit_card,completed,6,2.6,False,8.28,top_rated,45
TXN-1301634,2024-11-07,Web Development,IN,AU,Software Engineer,125.07,ILS,credit_card,completed,9,4.1,False,25.01,level_2,45
TXN-1301419,2024-11-07,Graphic Design,GB,ZA,Designer,149.12,EUR,credit_card,completed,3,4.9,False,29.82,new_seller,45
TXN-1301575,2024-11-07,Mobile App,US,GB,Software Engineer,44.31,USD,credit_card,completed,20,4.7,False,8.86,rising_talent,45
TXN-1301643,2024-11-07,AI/ML Development,GB,GB,Data Scientist,406.74,ILS,credit_card,completed,9,4.5,False,81.35,top_rated,45
TXN-1301447,2024-11-07,Virtual Assistant,US,US,HR Manager,1836.2,USD,credit_card,completed,1,4.2,False,367.24,rising_talent,45
TXN-1301703,2024-11-07,Social Media Management,US,IN,Marketing Manager,256.08,USD,credit_card,completed,7,4.1,False,51.22,level_2,45
TXN-1301428,2024-11-07,Financial Modeling,GB,MX,Accountant,109.9,ILS,credit_card,completed,5,3.0,False,21.98,new_seller,45
TXN-1301427,2024-11-07,Graphic Design,US,GB,Designer,37.14,USD,paypal,completed,4,3.8,True,7.43,level_1,45
TXN-1301640,2024-11-07,Mobile App,FR,ES,Software Engineer,355.57,USD,bank_transfer,disputed,20,,False,71.11,level_2,45
TXN-1301425,2024-11-07,AI/ML Development,AU,MX,Data Scientist,167.56,USD,bank_transfer,completed,10,3.8,False,33.51,new_seller,45
TXN-1301499,2024-11-07,Financial Modeling,US,FR,Accountant,48.83,EUR,paypal,completed,6,4.0,False,9.77,rising_talent,45
TXN-1301544,2024-11-07,Music Production,DE,BR,Designer,1521.42,EUR,credit_card,completed,8,4.3,False,304.28,new_seller,45
TXN-1301688,2024-11-07,Video Production,GB,IN,Designer,199.31,USD,paypal,completed,4,3.8,True,39.86,new_seller,45
TXN-1301559,2024-11-07,AI/ML Development,IN,IL,Data Scientist,281.79,USD,credit_card,completed,15,4.4,False,56.36,level_1,45
TXN-1301500,2024-11-07,Photography,ZA,IN,Designer,39.96,USD,paypal,completed,2,4.4,False,7.99,level_2,45
TXN-1301420,2024-11-07,Content Writing,IN,US,Writer,224.84,USD,paypal,completed,1,3.6,False,44.97,rising_talent,45
TXN-1301458,2024-11-07,Legal Consulting,FR,US,Lawyer,261.56,USD,credit_card,completed,12,4.8,False,52.31,level_2,45
TXN-1301506,2024-11-07,Translation,MX,CA,Writer,182.27,ILS,credit_card,completed,5,3.9,False,36.45,new_seller,45
TXN-1301463,2024-11-07,Video Production,US,US,Designer,39.29,USD,credit_card,completed,12,5.0,True,7.86,level_1,45
TXN-1301701,2024-11-07,Social Media Management,BR,GB,Marketing Manager,362.15,GBP,credit_card,completed,8,3.4,False,72.43,level_2,45
TXN-1301508,2024-11-07,Music Production,US,US,Designer,228.72,USD,paypal,completed,15,4.5,False,45.74,level_1,45
TXN-1301637,2024-11-07,Virtual Assistant,US,US,HR Manager,111.51,USD,credit_card,in_progress,1,,False,22.3,new_seller,45
TXN-1301665,2024-11-07,Music Production,ZA,DE,Designer,190.95,USD,credit_card,completed,21,4.7,True,38.19,rising_talent,45
TXN-1301687,2024-11-08,AI/ML Development,IN,JP,Data Scientist,123.78,USD,crypto,completed,8,4.7,False,24.76,level_1,45
TXN-1301661,2024-11-08,Virtual Assistant,MX,CA,HR Manager,1655.66,USD,paypal,completed,1,3.4,True,331.13,level_1,45
TXN-1301681,2024-11-08,AI/ML Development,US,US,Data Scientist,39.92,USD,crypto,completed,15,4.0,True,7.98,level_2,45
TXN-1301685,2024-11-08,Video Production,US,US,Designer,235.48,USD,paypal,completed,8,2.6,False,47.1,new_seller,45
TXN-1301651,2024-11-08,Data Analysis,MX,DE,Data Scientist,77.99,USD,credit_card,cancelled,8,,False,15.6,level_1,45
TXN-1301712,2024-11-08,Legal Consulting,NL,US,Lawyer,68.97,USD,credit_card,completed,12,4.1,True,13.79,top_rated,45
TXN-1301623,2024-11-08,Mobile App,US,ZA,Software Engineer,627.09,USD,credit_card,completed,18,3.0,True,125.42,new_seller,45
TXN-1301639,2024-11-08,Video Production,US,FR,Designer,95.45,USD,credit_card,completed,5,3.9,False,19.09,new_seller,45
TXN-1301649,2024-11-08,Mobile App,IN,GB,Software Engineer,176.79,USD,paypal,completed,27,4.2,False,35.36,rising_talent,45
TXN-1301678,2024-11-08,Music Production,US,SG,Designer,68.94,USD,credit_card,completed,17,4.6,False,13.79,level_1,45
TXN-1301657,2024-11-08,Photography,FR,AU,Designer,140.23,USD,credit_card,completed,4,4.2,True,28.05,level_2,45
TXN-1301669,2024-11-08,Legal Consulting,US,US,Lawyer,192.61,USD,bank_transfer,completed,8,3.9,True,38.52,new_seller,45
TXN-1301707,2024-11-08,Virtual Assistant,ZA,GB,HR Manager,227.96,USD,paypal,completed,1,4.4,False,45.59,level_1,45
TXN-1301622,2024-11-08,Data Analysis,GB,SG,Data Scientist,639.84,USD,credit_card,completed,6,4.3,False,127.97,level_1,45
TXN-1301693,2024-11-08,Financial Modeling,AU,GB,Accountant,901.05,USD,credit_card,completed,10,3.6,True,180.21,new_seller,45
TXN-1301483,2024-11-08,Legal Consulting,US,FR,Lawyer,463.94,USD,bank_transfer,completed,22,4.3,True,92.79,top_rated,45
TXN-1301552,2024-11-08,Translation,CA,US,Writer,208.7,USD,paypal,completed,2,4.4,True,41.74,level_2,45
TXN-1301569,2024-11-08,Music Production,AU,GB,Designer,533.64,USD,credit_card,completed,11,4.8,True,106.73,level_2,45
TXN-1301557,2024-11-08,Content Writing,US,DE,Writer,206.87,USD,credit_card,completed,3,4.8,False,41.37,level_1,45
TXN-1301556,2024-11-08,Photography,ES,BR,Designer,55.76,USD,credit_card,completed,4,4.3,True,11.15,level_2,45
TXN-1301555,2024-11-08,Data Analysis,IN,GB,Data Scientist,301.12,USD,crypto,completed,9,4.7,False,60.22,level_2,45
TXN-1301494,2024-11-08,Photography,US,IL,Designer,101.98,USD,credit_card,disputed,4,,False,20.4,level_1,45
TXN-1301449,2024-11-08,Translation,US,BR,Writer,285.19,USD,bank_transfer,completed,3,3.7,True,57.04,new_seller,45
TXN-1301477,2024-11-08,AI/ML Development,IN,US,Data Scientist,27.57,USD,bank_transfer,completed,16,4.9,True,5.51,level_1,45
TXN-1301572,2024-11-08,Virtual Assistant,IN,FR,HR Manager,467.23,USD,paypal,completed,3,4.1,True,93.45,top_rated,45
TXN-1301545,2024-11-08,Photography,FR,IN,Designer,414.43,USD,credit_card,completed,3,3.6,False,82.89,level_1,45
TXN-1301523,2024-11-08,SEO/SEM,US,US,Marketing Manager,1920.65,INR,bank_transfer,completed,11,4.2,False,384.13,level_2,45
TXN-1301525,2024-11-08,Virtual Assistant,ZA,US,HR Manager,167.58,ILS,paypal,completed,1,3.7,True,33.52,level_2,45
TXN-1301457,2024-11-08,Music Production,DE,US,Designer,388.32,USD,credit_card,completed,16,2.6,False,77.66,level_1,45
TXN-1301537,2024-11-08,Mobile App,AU,BR,Software Engineer,140.83,GBP,paypal,completed,16,4.4,False,28.17,level_1,45
TXN-1301460,2024-11-08,Translation,DE,IL,Writer,59.31,USD,credit_card,completed,2,4.8,False,11.86,level_2,45
TXN-1301471,2024-11-08,Translation,AU,US,Writer,169.22,EUR,credit_card,completed,4,4.4,False,33.84,rising_talent,45
TXN-1301530,2024-11-08,Virtual Assistant,BR,GB,HR Manager,185.46,USD,credit_card,completed,2,4.1,True,37.09,level_2,45
TXN-1301542,2024-11-08,Data Analysis,GB,DE,Data Scientist,25.22,USD,credit_card,completed,4,3.8,False,5.04,level_2,45
TXN-1301475,2024-11-08,Content Writing,IN,US,Writer,18.69,GBP,credit_card,completed,2,4.5,False,3.74,top_rated,45
TXN-1301577,2024-11-08,Financial Modeling,FR,FR,Accountant,116.86,GBP,credit_card,completed,5,4.3,False,23.37,top_rated,45
TXN-1301531,2024-11-08,Content Writing,US,IN,Writer,60.48,USD,credit_card,completed,2,3.5,False,12.1,new_seller,45
TXN-1301437,2024-11-08,Data Analysis,CA,US,Data Scientist,154.36,USD,credit_card,completed,4,4.6,True,30.87,rising_talent,45
TXN-1301436,2024-11-08,Legal Consulting,US,FR,Lawyer,139.2,USD,paypal,completed,18,3.2,True,27.84,new_seller,45
TXN-1301435,2024-11-08,Financial Modeling,GB,NL,Accountant,15.56,USD,paypal,completed,12,4.1,False,3.11,level_1,45
TXN-1301434,2024-11-08,Financial Modeling,US,US,Accountant,157.16,USD,credit_card,completed,10,3.8,False,31.43,level_1,45
TXN-1301593,2024-11-08,Video Production,BR,US,Designer,257.77,USD,paypal,completed,5,4.5,False,51.55,new_seller,45
TXN-1301426,2024-11-08,Photography,GB,US,Designer,7.05,USD,crypto,completed,7,4.6,False,1.41,level_2,45
TXN-1301517,2024-11-08,Data Analysis,US,BR,Data Scientist,232.7,USD,paypal,completed,5,4.9,False,46.54,rising_talent,45
TXN-1301612,2024-11-08,Web Development,US,US,Software Engineer,172.82,USD,paypal,completed,15,4.1,True,34.56,rising_talent,45
TXN-1301608,2024-11-08,SEO/SEM,US,IL,Marketing Manager,81.77,USD,credit_card,completed,15,4.1,False,16.35,level_1,45
TXN-1301408,2024-11-08,Video Production,IN,NL,Designer,68.95,ILS,credit_card,completed,7,4.8,True,13.79,level_2,45
TXN-1301507,2024-11-08,Music Production,IN,US,Designer,14.96,USD,credit_card,cancelled,7,,True,2.99,rising_talent,45
TXN-1301505,2024-11-08,AI/ML Development,SG,GB,Data Scientist,54.7,USD,paypal,completed,12,4.7,False,10.94,new_seller,45
TXN-1301604,2024-11-08,Virtual Assistant,ZA,US,HR Manager,157.49,USD,credit_card,completed,1,4.1,False,31.5,level_2,45
TXN-1301606,2024-11-08,Content Writing,FR,IL,Writer,174.14,USD,paypal,completed,3,4.1,True,34.83,level_1,45
TXN-1301479,2024-11-09,Photography,CA,IN,Designer,313.09,USD,credit_card,cancelled,3,,True,62.62,level_1,45
TXN-1301674,2024-11-09,Graphic Design,ZA,US,Designer,32.48,USD,credit_card,completed,3,3.3,False,6.5,level_2,45
TXN-1301673,2024-11-09,Mobile App,AU,FR,Software Engineer,70.6,USD,credit_card,completed,30,4.5,False,14.12,level_2,45
TXN-1301485,2024-11-09,Photography,US,US,Designer,755.87,USD,credit_card,completed,2,4.7,False,151.17,rising_talent,45
TXN-1301481,2024-11-09,SEO/SEM,IN,SG,Marketing Manager,27.23,USD,paypal,completed,8,4.2,True,5.45,rising_talent,45
TXN-1301615,2024-11-09,Financial Modeling,MX,JP,Accountant,55.42,USD,paypal,completed,6,4.2,False,11.08,new_seller,45
TXN-1301689,2024-11-09,Content Writing,MX,BR,Writer,74.03,USD,credit_card,completed,2,4.2,False,14.81,level_1,45
TXN-1301452,2024-11-09,Content Writing,IN,US,Writer,292.99,EUR,credit_card,completed,1,2.6,True,58.6,level_1,45
TXN-1301692,2024-11-09,Social Media Management,US,NL,Marketing Manager,110.52,USD,paypal,completed,4,3.9,False,22.1,level_2,45
TXN-1301443,2024-11-09,Translation,US,US,Writer,551.39,INR,bank_transfer,completed,4,4.6,True,110.28,level_1,45
TXN-1301440,2024-11-09,Virtual Assistant,US,FR,HR Manager,40.72,USD,bank_transfer,completed,2,4.4,True,8.14,level_2,45
TXN-1301422,2024-11-09,Mobile App,JP,IL,Software Engineer,54.0,USD,credit_card,completed,26,3.9,True,10.8,top_rated,45
TXN-1301706,2024-11-09,Legal Consulting,NL,IN,Lawyer,578.15,USD,crypto,completed,14,3.5,False,115.63,level_1,45
TXN-1301421,2024-11-09,AI/ML Development,BR,BR,Data Scientist,208.9,USD,credit_card,completed,17,4.2,False,41.78,rising_talent,45
TXN-1301710,2024-11-09,Graphic Design,DE,IN,Designer,57.91,USD,credit_card,completed,3,4.1,False,11.58,top_rated,45
TXN-1301406,2024-11-09,Financial Modeling,US,GB,Accountant,194.26,USD,credit_card,completed,10,4.9,False,38.85,level_2,45
TXN-1301714,2024-11-09,Legal Consulting,US,AU,Lawyer,94.89,EUR,paypal,completed,24,4.7,False,18.98,level_2,45
TXN-1301682,2024-11-09,Music Production,CA,MX,Designer,22.9,USD,paypal,completed,23,4.5,True,4.58,level_2,45
TXN-1301493,2024-11-09,Social Media Management,IL,US,Marketing Manager,7.2,USD,credit_card,completed,5,3.6,False,1.44,level_2,45
TXN-1301614,2024-11-09,Mobile App,ES,DE,Software Engineer,93.47,EUR,credit_card,completed,24,4.7,False,18.69,rising_talent,45
TXN-1301600,2024-11-09,Mobile App,US,FR,Software Engineer,148.32,USD,paypal,cancelled,15,,True,29.66,rising_talent,45
TXN-1301535,2024-11-09,Social Media Management,IL,BR,Marketing Manager,5.37,USD,paypal,completed,11,3.1,False,1.07,rising_talent,45
TXN-1301599,2024-11-09,Photography,GB,ES,Designer,0.01,USD,paypal,completed,3,3.0,False,0.0,level_2,45
TXN-1301586,2024-11-09,Social Media Management,US,CA,Marketing Manager,73.46,GBP,credit_card,completed,4,4.5,False,14.69,rising_talent,45
TXN-1301603,2024-11-09,Legal Consulting,GB,US,Lawyer,48.46,GBP,credit_card,completed,8,3.4,False,9.69,level_2,45
TXN-1301629,2024-11-09,Music Production,IN,MX,Designer,70.98,USD,paypal,completed,18,4.3,True,14.2,rising_talent,45
TXN-1301538,2024-11-09,AI/ML Development,FR,FR,Data Scientist,26.41,USD,credit_card,completed,9,4.5,False,5.28,top_rated,45
TXN-1301653,2024-11-09,Legal Consulting,FR,DE,Lawyer,99.57,GBP,credit_card,completed,8,5.0,False,19.91,rising_talent,45
TXN-1301642,2024-11-09,SEO/SEM,IN,ZA,Marketing Manager,569.6,USD,paypal,completed,10,3.8,True,113.92,new_seller,45
TXN-1301630,2024-11-09,Content Writing,US,JP,Writer,49.55,EUR,crypto,completed,5,3.8,False,9.91,rising_talent,45
TXN-1301519,2024-11-09,Data Analysis,GB,CA,Data Scientist,106.84,ILS,credit_card,completed,7,3.3,False,21.37,level_2,45
TXN-1301518,2024-11-09,AI/ML Development,DE,US,Data Scientist,309.28,USD,credit_card,cancelled,25,,True,61.86,rising_talent,45
TXN-1301510,2024-11-09,Web Development,IN,AU,Software Engineer,22.37,GBP,paypal,completed,12,4.4,False,4.47,level_2,45
TXN-1301668,2024-11-09,Content Writing,IN,US,Writer,249.89,INR,paypal,completed,4,4.8,False,49.98,new_seller,45
TXN-1301666,2024-11-09,Graphic Design,US,US,Designer,1425.2,USD,paypal,completed,4,2.6,True,285.04,rising_talent,45
TXN-1301576,2024-11-09,Translation,IN,GB,Writer,191.77,INR,paypal,completed,3,4.4,False,38.35,level_1,45
TXN-1301596,2024-11-09,Video Production,US,GB,Designer,27.53,USD,paypal,completed,8,4.2,False,5.51,rising_talent,45
TXN-1301432,2024-11-10,SEO/SEM,BR,ES,Marketing Manager,184.31,GBP,credit_card,cancelled,15,,False,36.86,level_1,45
TXN-1301627,2024-11-10,Data Analysis,US,US,Data Scientist,137.52,EUR,credit_card,completed,11,4.2,True,27.5,rising_talent,45
TXN-1301491,2024-11-10,Web Development,IN,GB,Software Engineer,567.43,EUR,paypal,completed,14,4.8,True,113.49,level_1,45
TXN-1301415,2024-11-10,Data Analysis,FR,IN,Data Scientist,25.87,EUR,paypal,completed,3,4.1,True,5.17,level_2,45
TXN-1301621,2024-11-10,Translation,DE,US,Writer,1075.9,USD,bank_transfer,completed,2,4.5,False,215.18,level_2,45
TXN-1301404,2024-11-10,Data Analysis,ES,IN,Data Scientist,72.86,USD,bank_transfer,completed,8,4.5,False,14.57,top_rated,45
TXN-1301401,2024-11-10,Music Production,FR,AU,Designer,484.18,EUR,credit_card,completed,10,1.0,False,96.84,new_seller,45
TXN-1301618,2024-11-10,Translation,BR,BR,Writer,199.56,USD,crypto,completed,3,4.1,False,39.91,level_1,45
TXN-1301716,2024-11-10,Photography,GB,US,Designer,277.25,USD,paypal,completed,5,4.5,True,55.45,rising_talent,45
TXN-1301595,2024-11-10,Virtual Assistant,US,AU,HR Manager,126.12,EUR,bank_transfer,completed,2,4.9,True,25.22,level_2,45
TXN-1301698,2024-11-10,Photography,FR,US,Designer,75.92,USD,credit_card,completed,6,4.5,False,15.18,level_2,45
TXN-1301429,2024-11-10,Video Production,US,US,Designer,236.84,USD,credit_card,completed,10,3.9,False,47.37,level_2,45
TXN-1301696,2024-11-10,Financial Modeling,DE,US,Accountant,106.48,USD,credit_card,completed,9,4.7,False,21.3,new_seller,45
TXN-1301585,2024-11-10,Content Writing,US,US,Writer,101.94,USD,crypto,completed,2,3.8,False,20.39,rising_talent,45
TXN-1301478,2024-11-10,Video Production,CA,JP,Designer,178.04,USD,paypal,completed,8,3.9,False,35.61,level_2,45
TXN-1301658,2024-11-10,Photography,US,US,Designer,387.26,USD,bank_transfer,completed,4,1.0,False,77.45,level_2,45
TXN-1301473,2024-11-10,Financial Modeling,JP,DE,Accountant,939.83,USD,bank_transfer,completed,9,2.3,False,187.97,level_1,45
TXN-1301680,2024-11-10,Photography,GB,FR,Designer,105.99,EUR,credit_card,completed,5,5.0,False,21.2,level_1,45
TXN-1301509,2024-11-10,SEO/SEM,US,MX,Marketing Manager,317.15,USD,paypal,completed,5,4.7,True,63.43,level_2,45
TXN-1301652,2024-11-10,Financial Modeling,GB,GB,Accountant,40.76,ILS,credit_card,completed,11,4.1,False,8.15,top_rated,45
TXN-1301533,2024-11-10,Video Production,US,IN,Designer,84.82,USD,credit_card,completed,9,4.4,False,16.96,level_2,45
TXN-1301472,2024-11-10,Virtual Assistant,US,DE,HR Manager,94.39,USD,credit_card,completed,1,4.5,False,18.88,new_seller,45
TXN-1301461,2024-11-10,Virtual Assistant,GB,US,HR Manager,55.78,USD,paypal,completed,4,4.2,False,11.16,rising_talent,45
TXN-1301455,2024-11-10,Content Writing,US,ES,Writer,254.84,USD,credit_card,completed,1,4.5,True,50.97,level_2,45
TXN-1301647,2024-11-10,Graphic Design,SG,US,Designer,46.57,USD,bank_transfer,completed,5,4.0,False,9.31,level_2,45
TXN-1301453,2024-11-10,Translation,GB,AU,Writer,137.47,USD,credit_card,completed,2,4.8,False,27.49,level_1,45
TXN-1301646,2024-11-10,Virtual Assistant,US,US,HR Manager,279.19,USD,paypal,completed,2,4.6,True,55.84,new_seller,45
TXN-1301550,2024-11-10,Data Analysis,IN,GB,Data Scientist,775.5,EUR,paypal,completed,15,3.3,False,155.1,new_seller,45
TXN-1301578,2024-11-10,Content Writing,IN,US,Writer,12.74,USD,credit_card,completed,2,1.8,False,2.55,level_2,45
TXN-1301464,2024-11-10,Web Development,US,US,Software Engineer,68.54,USD,credit_card,completed,11,4.8,False,13.71,rising_talent,45
TXN-1301856,2024-11-11,Graphic Design,US,US,Designer,27.35,EUR,credit_card,completed,7,4.3,True,5.47,level_1,46
TXN-1301810,2024-11-11,Translation,US,US,Writer,350.51,USD,credit_card,completed,1,1.0,True,70.1,level_2,46
TXN-1301905,2024-11-11,Web Development,GB,DE,Software Engineer,174.08,USD,paypal,completed,25,3.0,False,34.82,new_seller,46
TXN-1301747,2024-11-11,Music Production,US,US,Designer,270.86,ILS,paypal,completed,8,2.7,False,54.17,level_1,46
TXN-1301802,2024-11-11,Graphic Design,CA,IN,Designer,127.52,EUR,credit_card,completed,4,4.0,False,25.5,level_2,46
TXN-1301869,2024-11-11,Translation,DE,FR,Writer,292.53,USD,credit_card,completed,3,4.2,False,58.51,level_1,46
TXN-1301794,2024-11-11,Legal Consulting,US,JP,Lawyer,79.94,USD,credit_card,completed,29,3.5,True,15.99,new_seller,46
TXN-1301871,2024-11-11,Content Writing,US,US,Writer,537.58,USD,paypal,completed,3,4.5,False,107.52,new_seller,46
TXN-1301770,2024-11-11,Video Production,US,US,Designer,120.34,USD,crypto,completed,10,3.2,False,24.07,rising_talent,46
TXN-1301872,2024-11-11,Photography,DE,FR,Designer,8.04,EUR,credit_card,completed,4,3.2,False,1.61,level_1,46
TXN-1301893,2024-11-11,Data Analysis,US,IN,Data Scientist,1173.9,USD,bank_transfer,disputed,7,,False,234.78,level_2,46
TXN-1301763,2024-11-11,Legal Consulting,US,ZA,Lawyer,140.89,USD,credit_card,completed,13,3.3,True,28.18,rising_talent,46
TXN-1301785,2024-11-11,Photography,IL,CA,Designer,94.07,USD,credit_card,completed,3,4.3,False,18.81,level_2,46
TXN-1301782,2024-11-11,Music Production,DE,US,Designer,236.97,USD,paypal,completed,18,5.0,False,47.39,level_2,46
TXN-1301886,2024-11-11,AI/ML Development,CA,GB,Data Scientist,101.56,USD,bank_transfer,completed,10,3.6,True,20.31,level_2,46
TXN-1301781,2024-11-11,Social Media Management,GB,BR,Marketing Manager,779.81,USD,bank_transfer,completed,9,4.6,False,155.96,level_1,46
TXN-1301876,2024-11-11,Virtual Assistant,AU,NL,HR Manager,114.52,INR,credit_card,completed,1,3.6,False,22.9,level_2,46
TXN-1301914,2024-11-11,Legal Consulting,FR,US,Lawyer,9.96,USD,paypal,completed,12,3.2,False,1.99,level_2,46
TXN-1301895,2024-11-11,Legal Consulting,US,AU,Lawyer,147.85,USD,bank_transfer,completed,12,2.0,True,29.57,rising_talent,46
TXN-1301812,2024-11-11,Graphic Design,GB,FR,Designer,149.5,USD,paypal,completed,11,3.6,False,29.9,rising_talent,46
TXN-1301722,2024-11-11,Content Writing,ZA,US,Writer,175.42,USD,credit_card,completed,2,3.5,False,35.08,rising_talent,46
TXN-1301851,2024-11-11,Mobile App,BR,ES,Software Engineer,49.36,USD,credit_card,completed,21,4.5,False,9.87,rising_talent,46
TXN-1301840,2024-11-11,Content Writing,MX,IL,Writer,155.02,USD,credit_card,completed,1,3.9,True,31.0,level_1,46
TXN-1301932,2024-11-11,SEO/SEM,CA,US,Marketing Manager,120.81,USD,bank_transfer,completed,11,4.0,True,24.16,new_seller,46
TXN-1301930,2024-11-11,Web Development,GB,US,Software Engineer,118.47,USD,credit_card,completed,9,2.8,False,23.69,level_2,46
TXN-1301724,2024-11-11,Financial Modeling,JP,US,Accountant,121.48,INR,credit_card,completed,8,4.3,True,24.3,level_2,46
TXN-1301725,2024-11-11,AI/ML Development,US,US,Data Scientist,205.57,EUR,paypal,completed,13,3.2,False,41.11,top_rated,46
TXN-1301814,2024-11-11,SEO/SEM,US,ZA,Marketing Manager,43.06,USD,credit_card,completed,12,3.8,True,8.61,level_1,46
TXN-1301927,2024-11-11,Graphic Design,US,ES,Designer,182.36,USD,credit_card,completed,6,4.8,False,36.47,rising_talent,46
TXN-1301838,2024-11-11,Photography,BR,IN,Designer,385.56,GBP,credit_card,completed,3,3.5,False,77.11,rising_talent,46
TXN-1301827,2024-11-11,Content Writing,IN,US,Writer,25.17,USD,bank_transfer,completed,2,4.9,False,5.03,rising_talent,46
TXN-1301775,2024-11-11,Web Development,GB,FR,Software Engineer,77.96,USD,paypal,completed,16,4.2,False,15.59,top_rated,46
TXN-1301731,2024-11-11,Translation,IN,DE,Writer,57.96,USD,credit_card,completed,5,4.5,False,11.59,level_2,46
TXN-1301848,2024-11-11,Music Production,US,GB,Designer,44.32,USD,credit_card,completed,12,4.6,True,8.86,rising_talent,46
TXN-1301921,2024-11-11,SEO/SEM,NL,US,Marketing Manager,258.69,USD,credit_card,completed,10,4.6,True,51.74,top_rated,46
TXN-1301865,2024-11-12,SEO/SEM,IN,IN,Marketing Manager,5000.0,USD,paypal,completed,7,4.8,True,1000.0,level_2,46
TXN-1301877,2024-11-12,Content Writing,US,MX,Writer,133.71,USD,bank_transfer,completed,2,3.9,False,26.74,top_rated,46
TXN-1301820,2024-11-12,Web Development,ZA,BR,Software Engineer,1302.57,USD,credit_card,completed,10,3.3,False,260.51,new_seller,46
TXN-1301833,2024-11-12,Photography,IN,CA,Designer,898.63,USD,paypal,completed,5,4.0,False,179.73,level_2,46
TXN-1301842,2024-11-12,Mobile App,US,US,Software Engineer,73.22,USD,crypto,completed,26,4.0,True,14.64,level_2,46
TXN-1301849,2024-11-12,Video Production,US,US,Designer,352.85,USD,credit_card,completed,4,2.6,False,70.57,top_rated,46
TXN-1301830,2024-11-12,SEO/SEM,US,IN,Marketing Manager,32.6,USD,bank_transfer,completed,5,4.1,False,6.52,level_2,46
TXN-1301783,2024-11-12,Financial Modeling,BR,BR,Accountant,91.69,EUR,bank_transfer,completed,5,4.0,True,18.34,new_seller,46
TXN-1301784,2024-11-12,Legal Consulting,IN,US,Lawyer,515.51,USD,credit_card,completed,4,3.4,False,103.1,new_seller,46
TXN-1301878,2024-11-12,Music Production,US,GB,Designer,12.77,GBP,credit_card,completed,18,4.8,True,2.55,top_rated,46
TXN-1301845,2024-11-12,Mobile App,IN,SG,Software Engineer,59.7,USD,paypal,completed,19,4.9,False,11.94,new_seller,46
TXN-1301825,2024-11-12,Graphic Design,GB,IN,Designer,1238.43,USD,credit_card,completed,8,4.5,True,247.69,new_seller,46
TXN-1301875,2024-11-12,Web Development,ES,US,Software Engineer,10.86,USD,credit_card,completed,30,4.5,False,2.17,new_seller,46
TXN-1301788,2024-11-12,Web Development,GB,BR,Software Engineer,269.48,USD,credit_card,completed,18,3.8,True,53.9,top_rated,46
TXN-1301809,2024-11-12,Financial Modeling,US,US,Accountant,124.76,ILS,credit_card,completed,11,4.2,False,24.95,level_2,46
TXN-1301859,2024-11-12,Content Writing,IN,IN,Writer,858.9,USD,credit_card,completed,2,4.8,False,171.78,rising_talent,46
TXN-1301804,2024-11-12,Mobile App,JP,US,Software Engineer,632.7,USD,bank_transfer,completed,16,4.0,True,126.54,rising_talent,46
TXN-1301803,2024-11-12,SEO/SEM,DE,US,Marketing Manager,38.7,GBP,bank_transfer,completed,5,4.0,False,7.74,rising_talent,46
TXN-1301847,2024-11-12,Photography,ES,IL,Designer,210.13,USD,credit_card,completed,4,3.4,False,42.03,top_rated,46
TXN-1301795,2024-11-12,Photography,IN,IN,Designer,177.83,USD,credit_card,completed,3,3.3,False,35.57,rising_talent,46
TXN-1301797,2024-11-12,Mobile App,US,BR,Software Engineer,570.8,USD,paypal,completed,25,4.8,False,114.16,level_2,46
TXN-1301786,2024-11-12,Social Media Management,US,CA,Marketing Manager,240.64,USD,credit_card,completed,11,2.3,True,48.13,level_2,46
TXN-1301791,2024-11-12,SEO/SEM,FR,US,Marketing Manager,1014.29,GBP,credit_card,completed,14,4.3,False,202.86,level_2,46
TXN-1301754,2024-11-12,SEO/SEM,SG,US,Marketing Manager,7.13,GBP,credit_card,completed,12,4.0,False,1.43,level_1,46
TXN-1301748,2024-11-12,Virtual Assistant,GB,US,HR Manager,470.86,USD,credit_card,completed,2,4.3,False,94.17,level_2,46
TXN-1301736,2024-11-12,Graphic Design,FR,US,Designer,142.53,USD,credit_card,completed,7,4.6,True,28.51,new_seller,46
TXN-1301758,2024-11-12,Video Production,SG,IL,Designer,247.02,USD,paypal,completed,7,4.7,False,49.4,level_1,46
TXN-1301759,2024-11-12,Content Writing,SG,CA,Writer,514.96,USD,credit_card,completed,6,3.4,False,102.99,top_rated,46
TXN-1301931,2024-11-12,Video Production,DE,GB,Designer,346.26,USD,paypal,completed,15,4.6,True,69.25,new_seller,46
TXN-1301762,2024-11-12,Graphic Design,ZA,US,Designer,24.5,USD,paypal,completed,3,3.7,False,4.9,new_seller,46
TXN-1301732,2024-11-12,Data Analysis,FR,IN,Data Scientist,129.56,ILS,credit_card,completed,11,4.3,True,25.91,level_1,46
TXN-1301935,2024-11-12,Graphic Design,US,US,Designer,24.57,USD,paypal,completed,6,4.4,False,4.91,level_2,46
TXN-1301917,2024-11-12,Music Production,SG,JP,Designer,179.71,USD,credit_card,completed,24,3.6,False,35.94,level_1,46
TXN-1301745,2024-11-12,Photography,US,US,Designer,331.94,USD,paypal,completed,5,3.2,False,66.39,level_2,46
TXN-1301883,2024-11-12,Video Production,IN,US,Designer,79.09,EUR,crypto,completed,8,3.8,False,15.82,level_2,46
TXN-1301774,2024-11-12,Video Production,US,IN,Designer,80.39,USD,paypal,completed,11,3.5,False,16.08,top_rated,46
TXN-1301887,2024-11-12,Web Development,GB,ES,Software Engineer,33.43,USD,credit_card,completed,7,3.7,True,6.69,level_1,46
TXN-1301737,2024-11-13,Video Production,US,GB,Designer,450.16,USD,bank_transfer,completed,7,4.9,True,90.03,rising_talent,46
TXN-1301813,2024-11-13,Financial Modeling,US,IN,Accountant,683.66,USD,paypal,completed,11,5.0,False,136.73,new_seller,46
TXN-1301855,2024-11-13,Web Development,ES,JP,Software Engineer,666.71,USD,credit_card,completed,15,4.5,False,133.34,level_2,46
TXN-1301915,2024-11-13,Legal Consulting,IN,FR,Lawyer,125.02,USD,paypal,cancelled,9,,False,25.0,level_1,46
TXN-1301854,2024-11-13,Content Writing,GB,NL,Writer,79.22,USD,credit_card,completed,3,2.5,False,15.84,level_1,46
TXN-1301853,2024-11-13,Data Analysis,US,JP,Data Scientist,199.78,USD,paypal,cancelled,4,,False,39.96,level_2,46
TXN-1301776,2024-11-13,Legal Consulting,MX,DE,Lawyer,39.51,USD,credit_card,completed,11,3.1,False,7.9,level_1,46
TXN-1301826,2024-11-13,Social Media Management,US,DE,Marketing Manager,53.81,USD,paypal,completed,4,4.0,False,10.76,rising_talent,46
TXN-1301823,2024-11-13,Mobile App,DE,DE,Software Engineer,14.23,USD,credit_card,completed,23,4.5,False,2.85,level_2,46
TXN-1301923,2024-11-13,Legal Consulting,AU,US,Lawyer,683.04,GBP,paypal,completed,15,4.6,True,136.61,level_2,46
TXN-1301912,2024-11-13,AI/ML Development,GB,IN,Data Scientist,209.29,USD,credit_card,completed,17,4.4,True,41.86,level_2,46
TXN-1301729,2024-11-13,Social Media Management,US,IN,Marketing Manager,33.38,USD,bank_transfer,in_progress,11,,True,6.68,level_1,46
TXN-1301928,2024-11-13,Virtual Assistant,IN,SG,HR Manager,41.06,EUR,credit_card,completed,107,4.4,False,8.21,level_2,46
TXN-1301831,2024-11-13,Web Development,US,US,Software Engineer,115.03,EUR,credit_card,completed,14,4.3,False,23.01,level_1,46
TXN-1301936,2024-11-13,Content Writing,AU,DE,Writer,37.05,USD,credit_card,completed,2,3.9,True,7.41,new_seller,46
TXN-1301841,2024-11-13,Virtual Assistant,BR,FR,HR Manager,14.94,USD,bank_transfer,completed,3,4.3,False,2.99,level_2,46
TXN-1301835,2024-11-13,AI/ML Development,GB,US,Data Scientist,29.75,USD,credit_card,completed,28,3.8,False,5.95,new_seller,46
TXN-1301939,2024-11-13,SEO/SEM,BR,US,Marketing Manager,242.72,USD,credit_card,completed,16,4.5,False,48.54,new_seller,46
TXN-1301837,2024-11-13,Legal Consulting,GB,US,Lawyer,19.82,GBP,credit_card,disputed,30,,False,3.96,rising_talent,46
TXN-1301822,2024-11-13,Music Production,IN,US,Designer,395.68,USD,paypal,completed,14,3.3,False,79.14,level_1,46
TXN-1301907,2024-11-13,Content Writing,US,IL,Writer,0.01,USD,credit_card,cancelled,2,,False,0.0,level_2,46
TXN-1301807,2024-11-13,Translation,US,BR,Writer,6.99,GBP,credit_card,completed,3,3.8,False,1.4,level_2,46
TXN-1301857,2024-11-13,AI/ML Development,US,MX,Data Scientist,178.76,USD,paypal,completed,23,3.8,False,35.75,level_1,46
TXN-1301879,2024-11-13,Video Production,IN,AU,Designer,130.55,EUR,credit_card,completed,8,4.7,True,26.11,new_seller,46
TXN-1301882,2024-11-13,Social Media Management,US,IN,Marketing Manager,67.6,USD,bank_transfer,completed,6,3.3,False,13.52,new_seller,46
TXN-1301885,2024-11-13,Legal Consulting,GB,SG,Lawyer,13.94,EUR,paypal,completed,8,3.9,True,2.79,top_rated,46
TXN-1301767,2024-11-13,Social Media Management,MX,IL,Marketing Manager,1552.59,USD,credit_card,completed,5,4.5,False,310.52,level_2,46
TXN-1301888,2024-11-13,Photography,US,US,Designer,252.0,ILS,bank_transfer,completed,5,4.8,True,50.4,level_1,46
TXN-1301760,2024-11-13,Mobile App,US,US,Software Engineer,234.41,USD,paypal,completed,30,3.6,False,46.88,level_2,46
TXN-1301873,2024-11-13,Mobile App,BR,US,Software Engineer,790.36,INR,paypal,completed,10,3.9,False,158.07,new_seller,46
TXN-1301756,2024-11-13,Graphic Design,US,AU,Designer,1710.77,USD,crypto,completed,13,4.1,False,342.15,top_rated,46
TXN-1301792,2024-11-13,Translation,MX,US,Writer,146.78,USD,credit_card,cancelled,2,,False,29.36,level_1,46
TXN-1301898,2024-11-13,Graphic Design,MX,GB,Designer,73.41,USD,bank_transfer,completed,6,4.6,False,14.68,level_1,46
TXN-1301755,2024-11-13,Financial Modeling,BR,FR,Accountant,792.73,USD,credit_card,completed,20,4.1,False,158.55,level_2,46
TXN-1301899,2024-11-13,Virtual Assistant,GB,IN,HR Manager,164.0,USD,credit_card,completed,1,4.6,False,32.8,new_seller,46
TXN-1301744,2024-11-13,SEO/SEM,GB,US,Marketing Manager,368.44,USD,paypal,completed,10,4.5,False,73.69,level_1,46
TXN-1301860,2024-11-13,Social Media Management,ZA,DE,Marketing Manager,467.29,EUR,credit_card,completed,7,4.5,False,93.46,level_2,46
TXN-1301746,2024-11-13,Mobile App,US,FR,Software Engineer,23.72,USD,bank_transfer,completed,14,3.8,True,4.74,new_seller,46
TXN-1301864,2024-11-13,AI/ML Development,ZA,BR,Data Scientist,58.27,GBP,crypto,completed,19,4.1,True,11.65,top_rated,46
TXN-1301926,2024-11-13,Graphic Design,US,IN,Designer,117.85,USD,bank_transfer,completed,5,3.5,False,23.57,top_rated,46
TXN-1301900,2024-11-14,Mobile App,SG,AU,Software Engineer,289.59,USD,credit_card,completed,23,4.7,False,57.92,level_1,46
TXN-1301867,2024-11-14,SEO/SEM,IN,US,Marketing Manager,610.27,EUR,paypal,completed,8,3.9,True,122.05,level_1,46
TXN-1301870,2024-11-14,Video Production,US,NL,Designer,107.94,USD,credit_card,completed,12,3.5,False,21.59,level_2,46
TXN-1301902,2024-11-14,Translation,US,DE,Writer,187.87,USD,credit_card,completed,6,4.6,False,37.57,level_2,46
TXN-1301850,2024-11-14,Data Analysis,NL,US,Data Scientist,320.59,USD,credit_card,cancelled,8,,True,64.12,top_rated,46
TXN-1301916,2024-11-14,Video Production,BR,US,Designer,182.12,EUR,credit_card,completed,5,4.4,True,36.42,level_1,46
TXN-1301906,2024-11-14,AI/ML Development,GB,US,Data Scientist,84.49,USD,credit_card,completed,16,4.4,False,16.9,rising_talent,46
TXN-1301880,2024-11-14,Financial Modeling,US,IN,Accountant,8.41,USD,crypto,completed,4,4.8,True,1.68,level_2,46
TXN-1301897,2024-11-14,AI/ML Development,US,FR,Data Scientist,127.35,EUR,bank_transfer,completed,12,3.7,False,25.47,rising_talent,46
TXN-1301925,2024-11-14,Video Production,ES,JP,Designer,184.49,USD,credit_card,completed,14,4.4,False,36.9,new_seller,46
TXN-1301892,2024-11-14,Virtual Assistant,US,IN,HR Manager,642.56,USD,credit_card,completed,1,3.4,False,128.51,level_1,46
TXN-1301839,2024-11-14,SEO/SEM,US,US,Marketing Manager,140.28,USD,credit_card,completed,8,2.9,False,28.06,top_rated,46
TXN-1301805,2024-11-14,Graphic Design,BR,US,Designer,93.93,USD,credit_card,completed,4,4.7,False,18.79,level_1,46
TXN-1301721,2024-11-14,Financial Modeling,US,BR,Accountant,350.05,EUR,bank_transfer,completed,18,2.5,True,70.01,level_1,46
TXN-1301796,2024-11-14,Photography,ZA,US,Designer,26.09,GBP,bank_transfer,completed,4,3.7,False,5.22,rising_talent,46
TXN-1301772,2024-11-14,Mobile App,US,FR,Software Engineer,1397.33,USD,credit_card,completed,21,4.6,False,279.47,level_2,46
TXN-1301806,2024-11-14,Video Production,US,IN,Designer,402.03,USD,bank_transfer,completed,10,3.4,True,80.41,rising_talent,46
TXN-1301720,2024-11-14,Translation,ES,DE,Writer,113.02,USD,bank_transfer,completed,5,4.2,True,22.6,level_2,46
TXN-1301811,2024-11-14,Financial Modeling,GB,ZA,Accountant,26.88,USD,credit_card,completed,14,3.5,True,5.38,new_seller,46
TXN-1301730,2024-11-14,Video Production,GB,IN,Designer,174.58,GBP,credit_card,completed,6,4.6,True,34.92,level_1,46
TXN-1301753,2024-11-14,Video Production,IN,US,Designer,119.99,USD,paypal,completed,7,4.2,False,24.0,level_1,46
TXN-1301726,2024-11-14,SEO/SEM,DE,JP,Marketing Manager,203.21,USD,credit_card,completed,11,4.9,False,40.64,top_rated,46
TXN-1301768,2024-11-14,Data Analysis,DE,BR,Data Scientist,6.93,USD,credit_card,completed,7,4.2,False,1.39,rising_talent,46
TXN-1301817,2024-11-14,Graphic Design,JP,AU,Designer,117.36,EUR,paypal,completed,2,4.0,True,23.47,new_seller,46
TXN-1301717,2024-11-14,Social Media Management,GB,US,Marketing Manager,971.89,USD,credit_card,completed,3,4.2,True,194.38,new_seller,46
TXN-1301828,2024-11-14,Video Production,ZA,FR,Designer,315.06,USD,credit_card,completed,9,3.5,False,63.01,top_rated,46
TXN-1301829,2024-11-14,Translation,US,US,Writer,1566.44,USD,paypal,completed,2,3.6,False,313.29,rising_talent,46
TXN-1301779,2024-11-14,Translation,IL,US,Writer,28.45,USD,credit_card,completed,2,3.8,False,5.69,level_1,46
TXN-1301778,2024-11-14,Virtual Assistant,ZA,IN,HR Manager,309.94,GBP,paypal,completed,2,4.1,True,61.99,level_2,46
TXN-1301836,2024-11-14,Translation,BR,SG,Writer,10.23,USD,credit_card,completed,4,4.3,True,2.05,level_1,46
TXN-1301751,2024-11-14,AI/ML Development,GB,GB,Data Scientist,76.1,USD,credit_card,cancelled,13,,True,15.22,level_1,46
TXN-1301799,2024-11-14,Music Production,US,US,Designer,119.8,EUR,paypal,completed,11,4.7,True,23.96,level_1,46
TXN-1301735,2024-11-15,Video Production,AU,US,Designer,220.33,USD,credit_card,completed,9,4.1,False,44.07,rising_talent,46
TXN-1301918,2024-11-15,Music Production,FR,FR,Designer,805.08,USD,paypal,completed,11,4.9,False,161.02,level_2,46
TXN-1301766,2024-11-15,Social Media Management,GB,IN,Marketing Manager,61.99,GBP,paypal,cancelled,8,,True,12.4,level_1,46
TXN-1301771,2024-11-15,Translation,US,US,Writer,1351.91,EUR,paypal,completed,2,3.7,True,270.38,level_1,46
TXN-1301765,2024-11-15,Data Analysis,SG,IN,Data Scientist,23.72,USD,bank_transfer,completed,4,4.1,False,4.74,level_1,46
TXN-1301738,2024-11-15,Virtual Assistant,JP,US,HR Manager,18.99,USD,credit_card,completed,1,4.2,False,3.8,new_seller,46
TXN-1301834,2024-11-15,SEO/SEM,NL,MX,Marketing Manager,164.2,EUR,bank_transfer,completed,28,3.6,False,32.84,level_1,46
TXN-1301891,2024-11-15,Video Production,IN,US,Designer,44.36,USD,credit_card,completed,4,4.2,False,8.87,level_2,46
TXN-1301761,2024-11-15,Video Production,US,MX,Designer,46.5,USD,credit_card,completed,10,4.3,False,9.3,level_1,46
TXN-1301894,2024-11-15,Translation,CA,SG,Writer,56.32,USD,paypal,completed,3,2.9,True,11.26,rising_talent,46
TXN-1301913,2024-11-15,AI/ML Development,IN,GB,Data Scientist,182.46,USD,credit_card,disputed,9,,False,36.49,new_seller,46
TXN-1301896,2024-11-15,Legal Consulting,US,US,Lawyer,55.69,USD,bank_transfer,completed,9,4.8,True,11.14,rising_talent,46
TXN-1301752,2024-11-15,Virtual Assistant,GB,MX,HR Manager,415.58,USD,credit_card,completed,1,4.3,True,83.12,level_2,46
TXN-1301750,2024-11-15,AI/ML Development,DE,JP,Data Scientist,35.93,USD,paypal,completed,18,4.4,False,7.19,new_seller,46
TXN-1301901,2024-11-15,Financial Modeling,IN,GB,Accountant,91.5,EUR,credit_card,completed,8,4.0,True,18.3,level_1,46
TXN-1301749,2024-11-15,Social Media Management,GB,US,Marketing Manager,72.83,USD,bank_transfer,cancelled,6,,False,14.57,level_1,46
TXN-1301909,2024-11-15,SEO/SEM,SG,BR,Marketing Manager,731.5,USD,credit_card,completed,4,4.2,True,146.3,level_2,46
TXN-1301904,2024-11-15,Financial Modeling,ES,US,Accountant,104.54,USD,credit_card,completed,7,1.0,True,20.91,top_rated,46
TXN-1301890,2024-11-15,AI/ML Development,ES,GB,Data Scientist,50.02,USD,credit_card,cancelled,14,,False,10.0,top_rated,46
TXN-1301881,2024-11-15,Translation,ZA,DE,Writer,59.56,EUR,bank_transfer,completed,2,4.0,False,11.91,rising_talent,46
TXN-1301733,2024-11-15,Translation,MX,DE,Writer,32.19,USD,paypal,completed,8,4.4,True,6.44,level_2,46
TXN-1301920,2024-11-15,Virtual Assistant,GB,BR,HR Manager,108.2,USD,credit_card,completed,3,4.7,False,21.64,level_1,46
TXN-1301940,2024-11-15,SEO/SEM,IN,US,Marketing Manager,184.92,ILS,bank_transfer,completed,16,4.9,False,36.98,level_2,46
TXN-1301938,2024-11-15,Music Production,CA,JP,Designer,50.78,GBP,bank_transfer,completed,21,4.6,False,10.16,rising_talent,46
TXN-1301821,2024-11-15,Financial Modeling,GB,IN,Accountant,960.53,USD,paypal,completed,17,4.5,False,192.11,level_1,46
TXN-1301718,2024-11-15,Content Writing,FR,FR,Writer,97.94,USD,paypal,cancelled,4,,False,19.59,level_2,46
TXN-1301852,2024-11-15,Mobile App,IN,US,Software Engineer,65.3,USD,credit_card,completed,11,4.0,True,13.06,level_1,46
TXN-1301815,2024-11-15,Legal Consulting,US,IN,Lawyer,93.08,USD,paypal,completed,14,4.2,False,18.62,level_2,46
TXN-1301808,2024-11-15,Photography,CA,IN,Designer,47.67,USD,paypal,completed,3,3.3,True,9.53,rising_talent,46
TXN-1301919,2024-11-15,Legal Consulting,GB,GB,Lawyer,312.68,USD,credit_card,completed,13,4.9,True,62.54,rising_talent,46
TXN-1301863,2024-11-15,Virtual Assistant,US,IN,HR Manager,345.14,USD,credit_card,completed,1,4.9,False,69.03,level_2,46
TXN-1301861,2024-11-15,Mobile App,NL,US,Software Engineer,55.52,USD,credit_card,completed,15,3.0,True,11.1,level_2,46
TXN-1301801,2024-11-15,Content Writing,GB,SG,Writer,312.38,USD,paypal,completed,2,3.8,False,62.48,level_2,46
TXN-1301866,2024-11-15,Web Development,IN,SG,Software Engineer,203.58,INR,credit_card,completed,9,3.6,False,40.72,level_2,46
TXN-1301924,2024-11-15,Content Writing,IN,DE,Writer,734.62,USD,paypal,completed,3,3.8,False,146.92,rising_talent,46
TXN-1301908,2024-11-15,Social Media Management,FR,IL,Marketing Manager,20.13,GBP,credit_card,completed,6,3.0,True,4.03,top_rated,46
TXN-1301874,2024-11-15,Legal Consulting,US,MX,Lawyer,53.91,ILS,paypal,completed,12,4.4,False,10.78,level_1,46
TXN-1301787,2024-11-15,SEO/SEM,US,FR,Marketing Manager,113.98,ILS,credit_card,completed,7,3.6,False,22.8,level_1,46
TXN-1301780,2024-11-15,Graphic Design,AU,US,Designer,5.0,USD,paypal,completed,4,4.6,True,1.0,level_1,46
TXN-1301742,2024-11-15,Legal Consulting,US,MX,Lawyer,98.39,USD,credit_card,completed,12,4.4,False,19.68,top_rated,46
TXN-1301727,2024-11-16,Video Production,IL,IN,Designer,500.63,USD,credit_card,completed,8,3.4,False,100.13,level_2,46
TXN-1301728,2024-11-16,AI/ML Development,BR,IN,Data Scientist,18.05,GBP,credit_card,completed,16,4.7,True,3.61,level_1,46
TXN-1301719,2024-11-16,SEO/SEM,FR,CA,Marketing Manager,206.99,USD,credit_card,completed,5,4.0,False,41.4,new_seller,46
TXN-1301934,2024-11-16,Video Production,IN,IN,Designer,228.34,ILS,credit_card,completed,9,4.4,False,45.67,new_seller,46
TXN-1301937,2024-11-16,AI/ML Development,BR,US,Data Scientist,205.34,USD,paypal,completed,18,4.6,False,41.07,level_2,46
TXN-1301739,2024-11-16,Content Writing,US,US,Writer,247.33,USD,credit_card,completed,4,4.7,False,49.47,level_2,46
TXN-1301910,2024-11-16,Virtual Assistant,US,US,HR Manager,183.86,USD,bank_transfer,in_progress,1,,False,36.77,level_1,46
TXN-1301741,2024-11-16,Content Writing,SG,GB,Writer,333.3,USD,crypto,completed,2,4.8,False,66.66,rising_talent,46
TXN-1301816,2024-11-16,SEO/SEM,MX,US,Marketing Manager,326.93,USD,paypal,completed,5,4.4,False,65.39,new_seller,46
TXN-1301790,2024-11-16,Mobile App,JP,US,Software Engineer,76.29,USD,credit_card,completed,26,4.0,False,15.26,level_1,46
TXN-1301764,2024-11-16,Photography,MX,US,Designer,44.9,USD,bank_transfer,completed,4,3.5,False,8.98,rising_talent,46
TXN-1301789,2024-11-16,Financial Modeling,FR,US,Accountant,924.68,USD,credit_card,completed,15,3.3,False,184.94,level_1,46
TXN-1301777,2024-11-16,Graphic Design,FR,CA,Designer,427.81,USD,bank_transfer,completed,5,4.6,False,85.56,level_1,46
TXN-1301862,2024-11-16,SEO/SEM,US,IN,Marketing Manager,88.21,USD,credit_card,completed,8,4.4,True,17.64,rising_talent,46
TXN-1301884,2024-11-16,Social Media Management,AU,ES,Marketing Manager,485.5,USD,credit_card,completed,5,4.2,True,97.1,level_2,46
TXN-1301773,2024-11-16,Video Production,DE,US,Designer,136.92,GBP,credit_card,completed,5,2.2,False,27.38,level_1,46
TXN-1301743,2024-11-17,Legal Consulting,GB,MX,Lawyer,53.03,USD,credit_card,completed,10,3.5,True,10.61,level_2,46
TXN-1301858,2024-11-17,Video Production,US,IN,Designer,49.02,USD,credit_card,completed,8,3.5,False,9.8,level_2,46
TXN-1301818,2024-11-17,Data Analysis,DE,BR,Data Scientist,41.3,USD,paypal,completed,2,4.6,True,8.26,level_2,46
TXN-1301819,2024-11-17,Mobile App,ES,US,Software Engineer,50.99,USD,credit_card,completed,11,4.3,False,10.2,level_1,46
TXN-1301846,2024-11-17,Data Analysis,US,NL,Data Scientist,300.64,USD,crypto,completed,4,4.5,False,60.13,level_1,46
TXN-1301844,2024-11-17,Content Writing,IN,GB,Writer,56.55,USD,credit_card,completed,2,4.3,True,11.31,rising_talent,46
TXN-1301843,2024-11-17,Web Development,IL,CA,Software Engineer,131.39,USD,bank_transfer,completed,29,4.8,False,26.28,level_1,46
TXN-1301941,2024-11-17,Web Development,US,US,Software Engineer,1526.12,USD,credit_card,completed,15,4.4,False,305.22,level_2,46
TXN-1301832,2024-11-17,Translation,US,IN,Writer,41.33,USD,credit_card,completed,2,4.1,False,8.27,level_2,46
TXN-1301824,2024-11-17,Music Production,CA,ES,Designer,23.05,USD,credit_card,completed,12,4.0,True,4.61,new_seller,46
TXN-1301929,2024-11-17,Video Production,DE,US,Designer,330.59,USD,credit_card,completed,5,4.3,False,66.12,new_seller,46
TXN-1301933,2024-11-17,Graphic Design,ZA,CA,Designer,111.9,USD,paypal,completed,3,4.8,True,22.38,level_2,46
TXN-1301800,2024-11-17,AI/ML Development,US,CA,Data Scientist,52.9,USD,credit_card,completed,15,4.0,False,10.58,rising_talent,46
TXN-1301903,2024-11-17,Financial Modeling,US,US,Accountant,114.13,INR,credit_card,completed,7,5.0,False,22.83,rising_talent,46
TXN-1301723,2024-11-17,Photography,SG,CA,Designer,102.3,USD,paypal,completed,2,4.3,False,20.46,level_2,46
TXN-1301911,2024-11-17,Mobile App,IN,SG,Software Engineer,1894.02,USD,paypal,completed,30,4.7,True,378.8,level_1,46
TXN-1301740,2024-11-17,Translation,US,US,Writer,120.65,USD,credit_card,completed,6,3.4,True,24.13,level_2,46
TXN-1301889,2024-11-17,Music Production,IL,IN,Designer,458.3,USD,paypal,completed,6,4.7,False,91.66,level_1,46
TXN-1301769,2024-11-17,Video Production,GB,ZA,Designer,40.1,USD,credit_card,completed,4,4.3,True,8.02,level_1,46
TXN-1301757,2024-11-17,Social Media Management,US,CA,Marketing Manager,63.17,ILS,credit_card,completed,4,4.8,False,12.63,level_2,46
TXN-1301922,2024-11-17,Video Production,US,DE,Designer,1649.37,USD,credit_card,completed,7,3.9,True,329.87,new_seller,46
TXN-1301793,2024-11-17,Financial Modeling,JP,DE,Accountant,158.52,USD,credit_card,completed,13,3.2,False,31.7,rising_talent,46
TXN-1301798,2024-11-17,Virtual Assistant,BR,US,HR Manager,126.29,USD,credit_card,disputed,2,,True,25.26,level_2,46
TXN-1301868,2024-11-17,Graphic Design,GB,US,Designer,128.53,EUR,credit_card,completed,4,3.9,False,25.71,rising_talent,46
TXN-1301734,2024-11-17,Financial Modeling,GB,GB,Accountant,73.21,EUR,credit_card,completed,9,3.6,False,14.64,rising_talent,46
TXN-1302005,2024-11-18,Virtual Assistant,DE,GB,HR Manager,113.39,GBP,credit_card,completed,2,4.1,True,22.68,rising_talent,47
TXN-1302132,2024-11-18,SEO/SEM,AU,US,Marketing Manager,260.95,USD,paypal,completed,16,3.7,False,52.19,level_2,47
TXN-1302013,2024-11-18,Content Writing,IN,GB,Writer,448.45,USD,credit_card,completed,3,2.8,True,89.69,rising_talent,47
TXN-1302133,2024-11-18,Content Writing,US,NL,Writer,15.42,USD,credit_card,completed,6,4.4,True,3.08,level_1,47
TXN-1302009,2024-11-18,Web Development,SG,CA,Software Engineer,89.68,USD,credit_card,completed,23,3.1,False,17.94,level_1,47
TXN-1302135,2024-11-18,Graphic Design,GB,US,Designer,101.99,USD,credit_card,completed,2,4.7,False,20.4,rising_talent,47
TXN-1302145,2024-11-18,Content Writing,BR,IN,Writer,294.03,USD,credit_card,completed,4,4.3,False,58.81,rising_talent,47
TXN-1301991,2024-11-18,AI/ML Development,US,IN,Data Scientist,253.81,USD,paypal,completed,15,2.1,False,50.76,level_1,47
TXN-1302147,2024-11-18,Content Writing,US,US,Writer,72.4,USD,bank_transfer,completed,2,3.9,False,14.48,level_1,47
TXN-1302155,2024-11-18,Financial Modeling,US,SG,Accountant,978.24,GBP,credit_card,completed,6,4.1,False,195.65,rising_talent,47
TXN-1302158,2024-11-18,Virtual Assistant,US,MX,HR Manager,46.57,USD,credit_card,completed,1,3.9,True,9.31,level_2,47
TXN-1301993,2024-11-18,SEO/SEM,DE,JP,Marketing Manager,113.05,USD,paypal,completed,11,3.9,False,22.61,rising_talent,47
TXN-1301986,2024-11-18,Content Writing,SG,FR,Writer,19.67,USD,paypal,completed,2,4.4,False,3.93,level_1,47
TXN-1302162,2024-11-18,Mobile App,SG,ES,Software Engineer,68.85,USD,paypal,completed,23,3.8,True,13.77,rising_talent,47
TXN-1301987,2024-11-18,Photography,IN,IN,Designer,236.26,USD,credit_card,completed,3,3.8,True,47.25,new_seller,47
TXN-1302129,2024-11-18,Legal Consulting,ZA,US,Lawyer,47.91,ILS,credit_card,completed,14,4.9,False,9.58,level_2,47
TXN-1302001,2024-11-18,Virtual Assistant,SG,ZA,HR Manager,79.84,EUR,paypal,completed,2,3.8,False,15.97,level_1,47
TXN-1302127,2024-11-18,Data Analysis,FR,GB,Data Scientist,234.4,EUR,paypal,completed,6,4.6,False,46.88,top_rated,47
TXN-1302090,2024-11-18,Video Production,US,US,Designer,111.68,GBP,crypto,completed,11,2.7,False,22.34,level_1,47
TXN-1302123,2024-11-18,SEO/SEM,IN,US,Marketing Manager,1360.95,USD,paypal,completed,9,4.3,False,272.19,level_1,47
TXN-1302167,2024-11-18,Web Development,IN,GB,Software Engineer,86.95,USD,credit_card,completed,13,3.9,False,17.39,rising_talent,47
TXN-1302088,2024-11-18,Photography,DE,IN,Designer,86.94,INR,crypto,completed,2,3.8,False,17.39,level_1,47
TXN-1302055,2024-11-18,Financial Modeling,US,DE,Accountant,143.13,USD,bank_transfer,completed,4,4.7,False,28.63,new_seller,47
TXN-1302091,2024-11-18,Photography,ES,IN,Designer,34.08,USD,bank_transfer,completed,3,4.5,False,6.82,level_2,47
TXN-1302092,2024-11-18,Social Media Management,DE,BR,Marketing Manager,106.01,USD,credit_card,completed,5,4.4,True,21.2,level_2,47
TXN-1302049,2024-11-18,Graphic Design,IL,JP,Designer,165.38,GBP,bank_transfer,completed,7,4.0,False,33.08,level_2,47
TXN-1302100,2024-11-18,Legal Consulting,US,US,Lawyer,101.61,USD,paypal,completed,11,3.1,True,20.32,level_2,47
TXN-1302019,2024-11-18,Video Production,SG,JP,Designer,320.77,USD,credit_card,completed,8,4.0,False,64.15,new_seller,47
TXN-1302043,2024-11-18,Translation,ZA,GB,Writer,466.24,USD,credit_card,completed,2,2.0,False,93.25,top_rated,47
TXN-1302035,2024-11-18,Photography,US,DE,Designer,40.57,USD,paypal,completed,4,3.5,False,8.11,rising_talent,47
TXN-1302033,2024-11-18,Virtual Assistant,US,GB,HR Manager,146.89,USD,credit_card,completed,1,3.2,True,29.38,rising_talent,47
TXN-1302031,2024-11-18,Social Media Management,US,ZA,Marketing Manager,82.29,USD,credit_card,completed,2,2.3,True,16.46,level_1,47
TXN-1302029,2024-11-18,Virtual Assistant,US,DE,HR Manager,155.77,USD,paypal,completed,1,3.2,False,31.15,rising_talent,47
TXN-1302110,2024-11-18,Video Production,ES,CA,Designer,543.18,USD,credit_card,completed,17,4.3,True,108.64,level_2,47
TXN-1302115,2024-11-18,Social Media Management,FR,US,Marketing Manager,534.77,USD,paypal,completed,4,4.4,False,106.95,level_2,47
TXN-1302023,2024-11-18,Content Writing,IN,GB,Writer,1428.44,USD,credit_card,completed,4,4.3,False,285.69,level_1,47
TXN-1302038,2024-11-18,Mobile App,US,FR,Software Engineer,453.43,USD,paypal,completed,28,4.2,True,90.69,level_2,47
TXN-1302170,2024-11-18,Web Development,IN,US,Software Engineer,560.26,EUR,credit_card,completed,8,3.6,False,112.05,new_seller,47
TXN-1302064,2024-11-18,SEO/SEM,US,FR,Marketing Manager,606.12,INR,credit_card,completed,6,4.0,False,121.22,rising_talent,47
TXN-1302175,2024-11-18,Graphic Design,SG,CA,Designer,186.43,USD,credit_card,completed,4,3.8,True,37.29,new_seller,47
TXN-1302198,2024-11-18,Legal Consulting,US,DE,Lawyer,365.95,USD,credit_card,completed,7,4.2,False,73.19,new_seller,47
TXN-1301956,2024-11-18,Social Media Management,BR,US,Marketing Manager,39.75,EUR,credit_card,completed,8,4.4,False,7.95,level_1,47
TXN-1302195,2024-11-18,Content Writing,DE,DE,Writer,850.74,GBP,credit_card,cancelled,2,,True,170.15,rising_talent,47
TXN-1301955,2024-11-18,Mobile App,US,CA,Software Engineer,194.27,GBP,bank_transfer,completed,13,3.9,True,38.85,level_1,47
TXN-1302193,2024-11-18,Music Production,BR,DE,Designer,342.92,USD,credit_card,completed,14,4.3,False,68.58,level_2,47
TXN-1301966,2024-11-18,Social Media Management,IN,US,Marketing Manager,297.45,USD,crypto,completed,6,3.9,False,59.49,level_2,47
TXN-1301967,2024-11-18,Video Production,CA,FR,Designer,758.02,USD,bank_transfer,completed,8,4.2,False,151.6,level_2,47
TXN-1301951,2024-11-18,Music Production,IN,JP,Designer,48.67,USD,paypal,completed,18,4.2,True,9.73,level_2,47
TXN-1301970,2024-11-18,Web Development,BR,GB,Software Engineer,147.86,USD,bank_transfer,completed,15,3.3,True,29.57,level_1,47
TXN-1302171,2024-11-18,Translation,US,IL,Writer,964.34,ILS,credit_card,completed,3,4.7,False,192.87,level_1,47
TXN-1302183,2024-11-18,Content Writing,BR,US,Writer,218.21,USD,credit_card,completed,3,2.9,False,43.64,level_1,47
TXN-1301959,2024-11-18,Video Production,IN,FR,Designer,224.75,USD,credit_card,completed,7,4.1,False,44.95,level_1,47
TXN-1301944,2024-11-18,Graphic Design,US,US,Designer,190.12,EUR,paypal,completed,7,4.3,True,38.02,level_2,47
TXN-1302068,2024-11-18,Data Analysis,AU,US,Data Scientist,69.18,USD,bank_transfer,completed,5,4.6,False,13.84,level_1,47
TXN-1301978,2024-11-18,AI/ML Development,IN,FR,Data Scientist,136.23,USD,bank_transfer,completed,11,4.7,False,27.25,rising_talent,47
TXN-1302222,2024-11-18,Data Analysis,US,DE,Data Scientist,169.71,EUR,credit_card,completed,7,4.6,True,33.94,level_2,47
TXN-1302119,2024-11-19,Translation,IN,US,Writer,122.9,USD,credit_card,completed,2,4.3,False,24.58,new_seller,47
TXN-1302117,2024-11-19,Mobile App,GB,US,Software Engineer,26.8,USD,paypal,completed,17,3.6,False,5.36,level_2,47
TXN-1302057,2024-11-19,AI/ML Development,US,IL,Data Scientist,87.05,USD,credit_card,completed,16,4.5,False,17.41,level_1,47
TXN-1302089,2024-11-19,Financial Modeling,BR,IN,Accountant,200.03,USD,paypal,completed,7,4.5,False,40.01,top_rated,47
TXN-1302052,2024-11-19,Music Production,IN,SG,Designer,199.27,EUR,credit_card,completed,19,4.4,True,39.85,new_seller,47
TXN-1302109,2024-11-19,Photography,MX,NL,Designer,119.31,USD,credit_card,completed,4,4.4,False,23.86,rising_talent,47
TXN-1302206,2024-11-19,Music Production,DE,US,Designer,172.42,USD,paypal,completed,23,4.6,True,34.48,level_1,47
TXN-1302096,2024-11-19,Music Production,NL,US,Designer,242.99,USD,credit_card,completed,10,3.4,True,48.6,level_1,47
TXN-1302218,2024-11-19,Virtual Assistant,US,FR,HR Manager,463.06,USD,bank_transfer,completed,2,4.5,False,92.61,level_2,47
TXN-1301950,2024-11-19,Legal Consulting,US,CA,Lawyer,116.68,USD,credit_card,completed,11,3.8,True,23.34,rising_talent,47
TXN-1302106,2024-11-19,Translation,DE,MX,Writer,303.78,USD,credit_card,completed,2,4.6,False,60.76,level_1,47
TXN-1302037,2024-11-19,Music Production,FR,DE,Designer,39.81,EUR,credit_card,completed,8,3.2,False,7.96,rising_talent,47
TXN-1302217,2024-11-19,Translation,GB,US,Writer,577.43,USD,crypto,completed,9,4.2,False,115.49,level_1,47
TXN-1302095,2024-11-19,Web Development,IN,US,Software Engineer,151.02,USD,crypto,completed,9,4.7,False,30.2,level_1,47
TXN-1302041,2024-11-19,Content Writing,US,US,Writer,64.67,USD,bank_transfer,completed,2,4.3,False,12.93,level_1,47
TXN-1302214,2024-11-19,AI/ML Development,US,BR,Data Scientist,16.62,USD,credit_card,cancelled,14,,False,3.32,rising_talent,47
TXN-1302215,2024-11-19,Data Analysis,US,MX,Data Scientist,141.51,USD,paypal,completed,12,2.5,False,28.3,top_rated,47
TXN-1302045,2024-11-19,SEO/SEM,US,JP,Marketing Manager,137.89,USD,bank_transfer,completed,20,3.5,True,27.58,rising_talent,47
TXN-1302047,2024-11-19,Web Development,IN,US,Software Engineer,82.78,USD,credit_card,completed,12,4.6,False,16.56,rising_talent,47
TXN-1302040,2024-11-19,Legal Consulting,GB,CA,Lawyer,167.19,USD,credit_card,completed,13,4.0,False,33.44,level_1,47
TXN-1302120,2024-11-19,Translation,FR,US,Writer,690.05,ILS,credit_card,completed,3,4.7,False,138.01,level_1,47
TXN-1302208,2024-11-19,SEO/SEM,GB,US,Marketing Manager,531.11,USD,credit_card,completed,7,3.2,False,106.22,top_rated,47
TXN-1301971,2024-11-19,Video Production,ZA,AU,Designer,14.63,USD,credit_card,completed,6,3.3,False,2.93,level_2,47
TXN-1301990,2024-11-19,Data Analysis,US,US,Data Scientist,81.45,USD,paypal,completed,8,4.4,False,16.29,rising_talent,47
TXN-1302126,2024-11-19,Web Development,AU,DE,Software Engineer,53.42,USD,credit_card,completed,8,1.0,False,10.68,new_seller,47
TXN-1302148,2024-11-19,Web Development,IN,IL,Software Engineer,20.2,ILS,bank_transfer,completed,9,4.0,True,4.04,level_1,47
TXN-1302186,2024-11-19,Video Production,DE,IN,Designer,211.44,USD,paypal,completed,5,4.6,True,42.29,new_seller,47
TXN-1302002,2024-11-19,Legal Consulting,US,US,Lawyer,64.65,USD,credit_card,completed,12,4.9,False,12.93,level_2,47
TXN-1302188,2024-11-19,Social Media Management,DE,DE,Marketing Manager,959.14,USD,credit_card,completed,5,4.0,False,191.83,level_1,47
TXN-1302142,2024-11-19,Legal Consulting,IL,NL,Lawyer,7.59,USD,credit_card,completed,17,3.6,True,1.52,level_1,47
TXN-1302141,2024-11-19,SEO/SEM,CA,CA,Marketing Manager,75.49,GBP,credit_card,completed,11,3.5,False,15.1,level_2,47
TXN-1302160,2024-11-19,Virtual Assistant,US,IN,HR Manager,263.88,USD,credit_card,completed,3,4.2,True,52.78,new_seller,47
TXN-1302134,2024-11-19,Graphic Design,AU,MX,Designer,179.2,USD,paypal,completed,3,3.7,False,35.84,rising_talent,47
TXN-1301982,2024-11-19,Financial Modeling,US,US,Accountant,57.7,USD,credit_card,completed,11,4.8,False,11.54,level_1,47
TXN-1302197,2024-11-19,Graphic Design,SG,IN,Designer,97.28,ILS,paypal,completed,4,4.2,False,19.46,level_1,47
TXN-1302016,2024-11-19,Graphic Design,US,CA,Designer,164.82,USD,paypal,completed,4,3.8,False,32.96,rising_talent,47
TXN-1301983,2024-11-19,Graphic Design,ZA,FR,Designer,54.65,USD,credit_card,completed,2,4.3,False,10.93,new_seller,47
TXN-1302166,2024-11-20,Financial Modeling,US,BR,Accountant,75.95,USD,paypal,completed,14,4.0,False,15.19,rising_talent,47
TXN-1302070,2024-11-20,Content Writing,AU,BR,Writer,130.76,EUR,credit_card,completed,3,4.5,False,26.15,level_1,47
TXN-1302073,2024-11-20,Web Development,GB,ZA,Software Engineer,1066.04,USD,credit_card,cancelled,15,,False,213.21,level_2,47
TXN-1302179,2024-11-20,Mobile App,US,FR,Software Engineer,785.14,INR,credit_card,completed,24,4.3,True,157.03,level_1,47
TXN-1302074,2024-11-20,Virtual Assistant,CA,JP,HR Manager,214.74,USD,paypal,completed,2,3.9,True,42.95,level_2,47
TXN-1302178,2024-11-20,Data Analysis,US,US,Data Scientist,76.31,USD,credit_card,completed,6,3.5,True,15.26,level_2,47
TXN-1302077,2024-11-20,Graphic Design,US,AU,Designer,128.77,USD,credit_card,completed,3,3.9,False,25.75,level_2,47
TXN-1302079,2024-11-20,Photography,US,CA,Designer,291.52,USD,credit_card,completed,13,4.2,True,58.3,top_rated,47
TXN-1302219,2024-11-20,Social Media Management,US,ZA,Marketing Manager,504.99,USD,bank_transfer,completed,9,5.0,True,101.0,level_1,47
TXN-1302182,2024-11-20,Translation,BR,FR,Writer,192.37,EUR,bank_transfer,completed,2,4.8,False,38.47,new_seller,47
TXN-1302165,2024-11-20,Video Production,FR,NL,Designer,769.24,USD,credit_card,completed,3,4.4,True,153.85,rising_talent,47
TXN-1302177,2024-11-20,Graphic Design,US,ZA,Designer,145.01,USD,paypal,completed,5,3.8,True,29.0,level_2,47
TXN-1302202,2024-11-20,Graphic Design,US,US,Designer,70.14,USD,crypto,cancelled,7,,True,14.03,level_1,47
TXN-1302157,2024-11-20,AI/ML Development,CA,US,Data Scientist,108.78,USD,paypal,completed,7,4.3,False,21.76,new_seller,47
TXN-1302203,2024-11-20,Web Development,AU,US,Software Engineer,193.89,USD,bank_transfer,completed,14,4.8,False,38.78,new_seller,47
TXN-1302121,2024-11-20,Video Production,IL,IN,Designer,115.59,INR,credit_card,completed,5,3.7,False,23.12,level_2,47
TXN-1302204,2024-11-20,Graphic Design,AU,IN,Designer,120.91,ILS,bank_transfer,completed,7,5.0,True,24.18,level_1,47
TXN-1302128,2024-11-20,Legal Consulting,US,US,Lawyer,136.74,USD,credit_card,completed,17,4.8,False,27.35,level_1,47
TXN-1302201,2024-11-20,Web Development,GB,IN,Software Engineer,759.84,EUR,paypal,completed,8,3.3,False,151.97,level_2,47
TXN-1302114,2024-11-20,Video Production,ZA,IN,Designer,259.99,USD,bank_transfer,cancelled,7,,True,52.0,new_seller,47
TXN-1302184,2024-11-20,Financial Modeling,IN,BR,Accountant,151.23,USD,paypal,completed,6,4.0,False,30.25,level_1,47
TXN-1302205,2024-11-20,Translation,MX,DE,Writer,79.93,USD,credit_card,completed,3,4.8,False,15.99,level_1,47
TXN-1302108,2024-11-20,Photography,BR,MX,Designer,114.52,USD,credit_card,completed,4,4.6,True,22.9,level_1,47
TXN-1302107,2024-11-20,SEO/SEM,GB,CA,Marketing Manager,420.32,USD,bank_transfer,completed,7,4.8,False,84.06,level_1,47
TXN-1302213,2024-11-20,Content Writing,GB,IN,Writer,143.78,ILS,credit_card,completed,3,4.2,True,28.76,new_seller,47
TXN-1302105,2024-11-20,Mobile App,GB,CA,Software Engineer,688.57,USD,credit_card,completed,23,4.0,True,137.71,new_seller,47
TXN-1302101,2024-11-20,Translation,SG,US,Writer,3102.09,USD,bank_transfer,completed,1,4.0,False,620.42,top_rated,47
TXN-1302152,2024-11-20,Data Analysis,FR,IL,Data Scientist,134.4,USD,bank_transfer,completed,8,3.2,False,26.88,rising_talent,47
TXN-1302139,2024-11-20,Music Production,BR,NL,Designer,43.94,EUR,bank_transfer,completed,19,4.6,False,8.79,level_2,47
TXN-1302151,2024-11-20,AI/ML Development,US,IN,Data Scientist,31.47,USD,credit_card,completed,30,4.8,False,6.29,top_rated,47
TXN-1302000,2024-11-20,Graphic Design,US,CA,Designer,121.32,USD,bank_transfer,completed,9,4.9,True,24.26,level_2,47
TXN-1301989,2024-11-20,Financial Modeling,US,US,Accountant,166.94,USD,paypal,completed,10,4.8,False,33.39,new_seller,47
TXN-1301962,2024-11-20,Mobile App,SG,US,Software Engineer,711.03,USD,bank_transfer,completed,21,4.4,False,142.21,level_2,47
TXN-1302027,2024-11-20,Content Writing,IN,BR,Writer,107.69,USD,credit_card,completed,1,2.6,False,21.54,level_1,47
TXN-1301999,2024-11-20,Content Writing,DE,US,Writer,186.05,USD,paypal,completed,2,4.6,True,37.21,top_rated,47
TXN-1301961,2024-11-20,Virtual Assistant,US,US,HR Manager,236.24,USD,bank_transfer,completed,1,4.5,True,47.25,rising_talent,47
TXN-1301992,2024-11-20,Social Media Management,FR,US,Marketing Manager,37.05,USD,crypto,completed,5,4.4,False,7.41,rising_talent,47
TXN-1301953,2024-11-20,Photography,JP,US,Designer,237.16,USD,paypal,completed,2,4.0,False,47.43,new_seller,47
TXN-1301964,2024-11-20,Virtual Assistant,IN,GB,HR Manager,71.96,USD,paypal,completed,2,3.8,False,14.39,level_1,47
TXN-1302058,2024-11-20,AI/ML Development,DE,GB,Data Scientist,124.35,USD,credit_card,completed,30,4.0,False,24.87,top_rated,47
TXN-1301976,2024-11-20,Data Analysis,ZA,IN,Data Scientist,19.62,USD,credit_card,completed,9,4.1,False,3.92,rising_talent,47
TXN-1302046,2024-11-20,Mobile App,IN,GB,Software Engineer,1372.95,USD,paypal,completed,30,4.1,False,274.59,rising_talent,47
TXN-1302012,2024-11-20,Data Analysis,US,IL,Data Scientist,88.79,USD,credit_card,completed,5,3.9,False,17.76,top_rated,47
TXN-1302060,2024-11-20,Music Production,SG,US,Designer,566.94,USD,credit_card,completed,11,4.3,False,113.39,top_rated,47
TXN-1302061,2024-11-20,Virtual Assistant,ZA,US,HR Manager,236.56,USD,credit_card,completed,4,4.6,False,47.31,new_seller,47
TXN-1301972,2024-11-20,Web Development,US,SG,Software Engineer,90.94,USD,crypto,completed,7,3.3,False,18.19,rising_talent,47
TXN-1302010,2024-11-20,Photography,IN,JP,Designer,643.91,USD,paypal,completed,3,3.9,False,128.78,new_seller,47
TXN-1302044,2024-11-20,Music Production,GB,AU,Designer,232.31,USD,paypal,completed,10,4.5,False,46.46,level_1,47
TXN-1302004,2024-11-20,Content Writing,IN,GB,Writer,71.04,USD,credit_card,completed,2,3.5,False,14.21,rising_talent,47
TXN-1302042,2024-11-20,Photography,DE,DE,Designer,86.84,USD,bank_transfer,completed,1,4.7,False,17.37,top_rated,47
TXN-1301975,2024-11-20,Financial Modeling,IN,US,Accountant,321.07,USD,bank_transfer,completed,12,4.4,False,64.21,level_2,47
TXN-1301963,2024-11-20,Photography,US,US,Designer,293.3,ILS,paypal,completed,6,4.8,False,58.66,level_2,47
TXN-1302176,2024-11-21,Data Analysis,US,IN,Data Scientist,111.8,USD,credit_card,completed,7,4.3,False,22.36,level_1,47
TXN-1302034,2024-11-21,Data Analysis,IN,NL,Data Scientist,167.08,USD,credit_card,completed,11,4.1,False,33.42,level_2,47
TXN-1302026,2024-11-21,Photography,IN,NL,Designer,81.39,USD,crypto,cancelled,5,,True,16.28,level_1,47
TXN-1302163,2024-11-21,Financial Modeling,US,IN,Accountant,137.25,USD,crypto,completed,17,4.8,True,27.45,level_1,47
TXN-1302024,2024-11-21,Data Analysis,NL,MX,Data Scientist,11.81,USD,credit_card,completed,17,4.4,True,2.36,level_2,47
TXN-1302020,2024-11-21,Graphic Design,CA,DE,Designer,146.21,USD,bank_transfer,completed,4,4.5,False,29.24,top_rated,47
TXN-1302164,2024-11-21,Web Development,IN,US,Software Engineer,230.98,ILS,paypal,completed,18,3.7,False,46.2,level_1,47
TXN-1302015,2024-11-21,Virtual Assistant,US,MX,HR Manager,1037.12,GBP,credit_card,completed,3,4.5,False,207.42,level_2,47
TXN-1302159,2024-11-21,Data Analysis,GB,SG,Data Scientist,110.14,USD,bank_transfer,completed,6,4.3,False,22.03,level_1,47
TXN-1302130,2024-11-21,Photography,GB,JP,Designer,86.8,USD,credit_card,completed,5,4.4,False,17.36,rising_talent,47
TXN-1302131,2024-11-21,Graphic Design,BR,JP,Designer,98.3,USD,credit_card,completed,7,4.0,True,19.66,new_seller,47
TXN-1301994,2024-11-21,Social Media Management,IN,BR,Marketing Manager,132.41,USD,paypal,completed,5,4.6,False,26.48,level_2,47
TXN-1302140,2024-11-21,Music Production,US,IN,Designer,128.81,GBP,bank_transfer,completed,16,4.7,True,25.76,level_1,47
TXN-1302006,2024-11-21,Social Media Management,IN,GB,Marketing Manager,132.12,ILS,credit_card,completed,6,4.7,False,26.42,level_1,47
TXN-1302149,2024-11-21,Mobile App,AU,US,Software Engineer,77.32,USD,paypal,completed,10,4.8,True,15.46,level_1,47
TXN-1302118,2024-11-21,Web Development,US,DE,Software Engineer,165.48,USD,credit_card,completed,24,4.3,True,33.1,rising_talent,47
TXN-1302104,2024-11-21,Photography,FR,FR,Designer,120.2,GBP,paypal,completed,4,2.4,True,24.04,new_seller,47
TXN-1302039,2024-11-21,Social Media Management,SG,US,Marketing Manager,89.87,USD,paypal,completed,6,4.9,False,17.97,level_2,47
TXN-1302102,2024-11-21,Virtual Assistant,DE,US,HR Manager,321.76,USD,bank_transfer,completed,1,4.7,True,64.35,top_rated,47
TXN-1302067,2024-11-21,Graphic Design,IN,ES,Designer,73.12,GBP,credit_card,completed,10,4.6,False,14.62,top_rated,47
TXN-1302221,2024-11-21,SEO/SEM,FR,US,Marketing Manager,1223.53,USD,paypal,completed,7,3.7,True,244.71,new_seller,47
TXN-1301943,2024-11-21,Graphic Design,FR,US,Designer,74.02,USD,paypal,completed,4,4.4,True,14.8,level_1,47
TXN-1301947,2024-11-21,Legal Consulting,IN,US,Lawyer,99.11,GBP,crypto,completed,10,3.5,False,19.82,level_1,47
TXN-1302071,2024-11-21,Translation,BR,US,Writer,309.53,USD,paypal,completed,2,5.0,False,61.91,level_1,47
TXN-1302075,2024-11-21,Video Production,FR,MX,Designer,14.77,USD,bank_transfer,completed,10,4.6,False,2.95,rising_talent,47
TXN-1302059,2024-11-21,Video Production,DE,IN,Designer,2610.78,USD,credit_card,completed,8,4.8,False,522.16,level_2,47
TXN-1302210,2024-11-21,Virtual Assistant,US,IN,HR Manager,203.61,USD,credit_card,completed,2,2.8,False,40.72,level_1,47
TXN-1301957,2024-11-21,AI/ML Development,US,ES,Data Scientist,60.49,USD,credit_card,completed,17,4.5,True,12.1,level_1,47
TXN-1302084,2024-11-21,Mobile App,IN,JP,Software Engineer,46.12,USD,credit_card,completed,17,4.2,True,9.22,new_seller,47
TXN-1302056,2024-11-21,Web Development,NL,IN,Software Engineer,67.08,INR,credit_card,completed,13,3.2,False,13.42,level_1,47
TXN-1302054,2024-11-21,Legal Consulting,BR,IN,Lawyer,41.07,USD,bank_transfer,completed,14,4.6,False,8.21,rising_talent,47
TXN-1302085,2024-11-21,Content Writing,DE,US,Writer,26.17,USD,paypal,completed,2,3.9,False,5.23,top_rated,47
TXN-1302191,2024-11-21,Virtual Assistant,IL,FR,HR Manager,573.53,USD,credit_card,completed,1,3.7,False,114.71,level_2,47
TXN-1302196,2024-11-21,Video Production,US,BR,Designer,104.15,USD,bank_transfer,completed,10,4.4,False,20.83,level_2,47
TXN-1302093,2024-11-21,Web Development,FR,GB,Software Engineer,138.79,USD,paypal,completed,11,4.8,False,27.76,new_seller,47
TXN-1301965,2024-11-21,Photography,IN,GB,Designer,229.66,USD,bank_transfer,completed,3,4.1,True,45.93,level_1,47
TXN-1302051,2024-11-21,Data Analysis,GB,US,Data Scientist,157.55,USD,credit_card,completed,4,3.9,True,31.51,new_seller,47
TXN-1301977,2024-11-22,Social Media Management,GB,US,Marketing Manager,379.7,USD,crypto,completed,11,3.7,True,75.94,level_1,47
TXN-1301969,2024-11-22,Video Production,DE,IL,Designer,33.17,USD,paypal,completed,5,4.5,True,6.63,new_seller,47
TXN-1302190,2024-11-22,SEO/SEM,US,IN,Marketing Manager,16.25,GBP,paypal,completed,9,4.1,True,3.25,level_2,47
TXN-1301973,2024-11-22,Translation,DE,IN,Writer,409.05,GBP,crypto,completed,2,4.2,False,81.81,new_seller,47
TXN-1302150,2024-11-22,Music Production,GB,US,Designer,9.14,USD,credit_card,completed,12,4.1,True,1.83,rising_talent,47
TXN-1302153,2024-11-22,AI/ML Development,US,NL,Data Scientist,402.75,USD,bank_transfer,completed,30,5.0,False,80.55,level_1,47
TXN-1301996,2024-11-22,Virtual Assistant,BR,IN,HR Manager,179.13,USD,credit_card,completed,3,4.3,True,35.83,level_1,47
TXN-1302156,2024-11-22,Web Development,US,IN,Software Engineer,641.21,USD,credit_card,completed,8,3.7,True,128.24,top_rated,47
TXN-1301995,2024-11-22,Music Production,BR,GB,Designer,2250.62,USD,bank_transfer,completed,7,3.1,False,450.12,top_rated,47
TXN-1302181,2024-11-22,Mobile App,CA,IN,Software Engineer,301.24,ILS,paypal,completed,14,4.2,False,60.25,new_seller,47
TXN-1302180,2024-11-22,Translation,FR,US,Writer,939.58,EUR,credit_card,completed,2,3.0,False,187.92,rising_talent,47
TXN-1302211,2024-11-22,Legal Consulting,FR,US,Lawyer,77.14,USD,credit_card,completed,17,3.4,False,15.43,level_2,47
TXN-1302194,2024-11-22,Video Production,US,US,Designer,401.11,ILS,paypal,completed,4,3.2,False,80.22,level_1,47
TXN-1302207,2024-11-22,Video Production,IN,IN,Designer,33.56,USD,paypal,completed,6,1.0,True,6.71,new_seller,47
TXN-1301968,2024-11-22,Video Production,CA,IN,Designer,386.89,USD,credit_card,completed,7,4.0,True,77.38,top_rated,47
TXN-1302169,2024-11-22,Web Development,GB,CA,Software Engineer,36.58,USD,paypal,completed,11,4.1,False,7.32,level_1,47
TXN-1302199,2024-11-22,Translation,AU,IN,Writer,55.17,USD,bank_transfer,completed,1,4.9,True,11.03,level_1,47
TXN-1302172,2024-11-22,Financial Modeling,IN,US,Accountant,602.62,USD,credit_card,completed,10,3.2,True,120.52,rising_talent,47
TXN-1302173,2024-11-22,Social Media Management,FR,US,Marketing Manager,43.85,USD,paypal,completed,5,4.6,False,8.77,new_seller,47
TXN-1302174,2024-11-22,Mobile App,DE,DE,Software Engineer,36.91,USD,credit_card,cancelled,30,,False,7.38,top_rated,47
TXN-1302212,2024-11-22,Virtual Assistant,ZA,MX,HR Manager,118.24,GBP,credit_card,completed,2,3.5,False,23.65,level_1,47
TXN-1302065,2024-11-22,Music Production,US,SG,Designer,189.13,USD,paypal,completed,10,4.7,True,37.83,rising_talent,47
TXN-1302066,2024-11-22,Video Production,GB,GB,Designer,150.94,EUR,credit_card,completed,5,4.4,False,30.19,level_1,47
TXN-1302076,2024-11-22,Mobile App,GB,NL,Software Engineer,1094.26,GBP,paypal,completed,25,4.3,True,218.85,rising_talent,47
TXN-1302083,2024-11-22,Content Writing,IL,US,Writer,747.37,EUR,paypal,completed,5,3.7,False,149.47,rising_talent,47
TXN-1302081,2024-11-22,Content Writing,US,CA,Writer,51.56,USD,paypal,completed,3,4.9,False,10.31,rising_talent,47
TXN-1302050,2024-11-22,Web Development,SG,IN,Software Engineer,363.24,USD,paypal,completed,16,4.5,True,72.65,level_1,47
TXN-1302094,2024-11-22,Music Production,GB,US,Designer,327.5,EUR,bank_transfer,completed,9,4.0,True,65.5,level_1,47
TXN-1302080,2024-11-22,Photography,DE,AU,Designer,72.29,EUR,credit_card,completed,6,4.3,False,14.46,level_2,47
TXN-1302103,2024-11-22,Video Production,CA,DE,Designer,70.86,USD,bank_transfer,completed,12,4.1,False,14.17,rising_talent,47
TXN-1302032,2024-11-22,Legal Consulting,FR,SG,Lawyer,615.75,GBP,credit_card,completed,11,3.8,False,123.15,rising_talent,47
TXN-1302030,2024-11-22,Legal Consulting,US,US,Lawyer,513.5,USD,credit_card,completed,20,4.4,False,102.7,top_rated,47
TXN-1302111,2024-11-22,Translation,US,MX,Writer,56.23,USD,paypal,completed,7,4.6,False,11.25,top_rated,47
TXN-1302113,2024-11-22,Web Development,GB,IN,Software Engineer,42.59,USD,credit_card,completed,21,4.4,False,8.52,level_2,47
TXN-1302116,2024-11-22,Video Production,US,JP,Designer,57.41,ILS,credit_card,completed,7,4.6,True,11.48,level_2,47
TXN-1302025,2024-11-22,Social Media Management,DE,SG,Marketing Manager,106.82,GBP,credit_card,completed,6,4.7,True,21.36,top_rated,47
TXN-1302022,2024-11-22,Graphic Design,US,JP,Designer,326.5,USD,credit_card,completed,7,4.4,True,65.3,new_seller,47
TXN-1302062,2024-11-22,Data Analysis,BR,AU,Data Scientist,199.18,USD,credit_card,completed,5,3.1,False,39.84,level_2,47
TXN-1302018,2024-11-22,Graphic Design,GB,ZA,Designer,64.74,GBP,paypal,completed,9,4.6,False,12.95,top_rated,47
TXN-1302082,2024-11-22,Music Production,AU,GB,Designer,32.32,USD,paypal,completed,10,3.8,False,6.46,top_rated,47
TXN-1302063,2024-11-22,Web Development,US,IN,Software Engineer,148.91,GBP,paypal,completed,21,4.9,False,29.78,level_1,47
TXN-1302014,2024-11-22,Web Development,MX,CA,Software Engineer,459.08,ILS,paypal,completed,12,4.2,False,91.82,level_1,47
TXN-1302017,2024-11-22,Video Production,FR,IN,Designer,38.49,USD,credit_card,completed,3,4.0,True,7.7,top_rated,47
TXN-1302007,2024-11-22,Social Media Management,US,US,Marketing Manager,42.77,INR,credit_card,completed,6,3.3,False,8.55,new_seller,47
TXN-1302137,2024-11-23,Mobile App,IN,DE,Software Engineer,100.63,USD,credit_card,completed,16,3.6,True,20.13,level_1,47
TXN-1301946,2024-11-23,Social Media Management,DE,NL,Marketing Manager,55.99,USD,credit_card,completed,14,4.2,True,11.2,level_2,47
TXN-1302078,2024-11-23,Legal Consulting,US,US,Lawyer,182.81,EUR,bank_transfer,completed,12,3.7,True,36.56,level_2,47
TXN-1302036,2024-11-23,Web Development,GB,BR,Software Engineer,40.43,USD,paypal,completed,11,4.6,True,8.09,level_2,47
TXN-1302187,2024-11-23,Mobile App,DE,US,Software Engineer,510.49,ILS,credit_card,completed,15,4.1,True,102.1,level_2,47
TXN-1302003,2024-11-23,Social Media Management,US,FR,Marketing Manager,580.13,USD,credit_card,completed,10,4.7,True,116.03,level_1,47
TXN-1302099,2024-11-23,Social Media Management,ES,IN,Marketing Manager,126.13,USD,bank_transfer,completed,5,4.5,True,25.23,level_1,47
TXN-1302098,2024-11-23,Legal Consulting,FR,AU,Lawyer,112.96,USD,credit_card,completed,16,4.3,False,22.59,level_2,47
TXN-1302192,2024-11-23,Virtual Assistant,US,SG,HR Manager,459.5,USD,bank_transfer,completed,1,3.6,True,91.9,level_1,47
TXN-1302086,2024-11-23,Social Media Management,US,US,Marketing Manager,59.42,GBP,credit_card,completed,3,4.1,False,11.88,top_rated,47
TXN-1301997,2024-11-23,Mobile App,US,US,Software Engineer,990.77,GBP,credit_card,completed,22,4.4,True,198.15,level_1,47
TXN-1302087,2024-11-23,Content Writing,ZA,GB,Writer,167.85,USD,credit_card,completed,3,4.1,False,33.57,level_1,47
TXN-1302200,2024-11-23,Mobile App,IN,JP,Software Engineer,234.9,USD,credit_card,completed,22,3.7,False,46.98,level_1,47
TXN-1301974,2024-11-23,Legal Consulting,DE,GB,Lawyer,212.36,USD,paypal,completed,14,3.1,True,42.47,level_1,47
TXN-1302136,2024-11-23,Virtual Assistant,GB,ZA,HR Manager,371.65,USD,paypal,completed,1,4.7,False,74.33,level_1,47
TXN-1302112,2024-11-23,Legal Consulting,MX,DE,Lawyer,37.5,USD,credit_card,completed,14,3.8,False,7.5,new_seller,47
TXN-1302069,2024-11-23,Social Media Management,DE,IN,Marketing Manager,849.83,GBP,paypal,completed,3,4.2,False,169.97,level_2,47
TXN-1302011,2024-11-23,AI/ML Development,GB,ZA,Data Scientist,199.73,USD,credit_card,completed,10,4.4,False,39.95,level_1,47
TXN-1301954,2024-11-23,Financial Modeling,US,BR,Accountant,262.73,USD,crypto,completed,7,3.8,True,52.55,level_2,47
TXN-1302021,2024-11-23,Legal Consulting,IN,SG,Lawyer,8.97,USD,paypal,completed,13,4.5,False,1.79,rising_talent,47
TXN-1302144,2024-11-23,Mobile App,US,SG,Software Engineer,84.33,USD,credit_card,completed,25,4.6,True,16.87,level_1,47
TXN-1301980,2024-11-23,AI/ML Development,IN,NL,Data Scientist,61.12,USD,paypal,completed,20,4.6,False,12.22,rising_talent,47
TXN-1301981,2024-11-23,AI/ML Development,US,BR,Data Scientist,309.1,USD,credit_card,completed,18,3.9,False,61.82,new_seller,47
TXN-1301949,2024-11-23,Music Production,DE,ES,Designer,147.76,USD,credit_card,completed,18,3.0,False,29.55,new_seller,47
TXN-1302168,2024-11-23,Video Production,US,GB,Designer,412.09,USD,paypal,disputed,4,,False,82.42,top_rated,47
TXN-1301984,2024-11-23,Social Media Management,US,US,Marketing Manager,314.65,INR,paypal,completed,118,3.6,False,62.93,new_seller,47
TXN-1301960,2024-11-23,Data Analysis,GB,ZA,Data Scientist,106.1,EUR,paypal,completed,14,4.7,False,21.22,top_rated,47
TXN-1301945,2024-11-23,AI/ML Development,US,US,Data Scientist,525.8,USD,credit_card,completed,18,4.1,True,105.16,level_1,47
TXN-1302028,2024-11-23,Virtual Assistant,IN,US,HR Manager,83.88,USD,bank_transfer,completed,2,4.5,False,16.78,level_2,47
TXN-1302223,2024-11-23,AI/ML Development,IN,SG,Data Scientist,45.83,USD,credit_card,completed,23,3.3,False,9.17,level_2,47
TXN-1302216,2024-11-24,Mobile App,DE,CA,Software Engineer,1204.12,ILS,credit_card,completed,30,4.9,True,240.82,rising_talent,47
TXN-1301952,2024-11-24,Mobile App,IN,FR,Software Engineer,396.25,USD,credit_card,completed,30,4.6,False,79.25,top_rated,47
TXN-1302209,2024-11-24,Financial Modeling,US,AU,Accountant,71.19,EUR,paypal,completed,13,4.2,False,14.24,level_2,47
TXN-1302072,2024-11-24,Data Analysis,AU,US,Data Scientist,586.04,USD,credit_card,completed,8,4.6,True,117.21,level_2,47
TXN-1301948,2024-11-24,Financial Modeling,US,BR,Accountant,286.14,USD,credit_card,completed,14,4.5,False,57.23,rising_talent,47
TXN-1301942,2024-11-24,Graphic Design,IL,FR,Designer,109.2,USD,credit_card,completed,11,4.3,False,21.84,level_1,47
TXN-1302220,2024-11-24,Virtual Assistant,ES,IN,HR Manager,117.04,GBP,credit_card,completed,4,4.4,False,23.41,rising_talent,47
TXN-1301958,2024-11-24,Graphic Design,IN,IN,Designer,98.14,USD,credit_card,completed,5,4.7,False,19.63,level_1,47
TXN-1302053,2024-11-24,Web Development,US,DE,Software Engineer,175.33,USD,credit_card,completed,6,4.5,False,35.07,level_1,47
TXN-1302146,2024-11-24,AI/ML Development,US,FR,Data Scientist,83.73,USD,paypal,completed,18,4.5,True,16.75,top_rated,47
TXN-1301998,2024-11-24,Mobile App,US,US,Software Engineer,181.42,USD,credit_card,completed,19,4.7,False,36.28,level_2,47
TXN-1302138,2024-11-24,Translation,BR,US,Writer,146.07,USD,credit_card,completed,2,4.8,False,29.21,new_seller,47
TXN-1302154,2024-11-24,AI/ML Development,GB,AU,Data Scientist,67.85,USD,bank_transfer,completed,18,4.7,False,13.57,level_2,47
TXN-1302008,2024-11-24,Photography,GB,FR,Designer,1003.81,USD,paypal,completed,5,4.3,False,200.76,new_seller,47
TXN-1302161,2024-11-24,AI/ML Development,IN,US,Data Scientist,154.65,GBP,paypal,completed,14,3.2,True,30.93,new_seller,47
TXN-1302125,2024-11-24,AI/ML Development,US,US,Data Scientist,767.19,USD,bank_transfer,completed,10,2.6,True,153.44,level_2,47
TXN-1301988,2024-11-24,Translation,IN,IN,Writer,260.52,USD,paypal,completed,2,3.8,False,52.1,new_seller,47
TXN-1302143,2024-11-24,SEO/SEM,IN,BR,Marketing Manager,84.72,EUR,credit_card,completed,8,4.4,False,16.94,level_1,47
TXN-1302124,2024-11-24,SEO/SEM,US,IN,Marketing Manager,10.56,USD,credit_card,completed,19,4.7,False,2.11,top_rated,47
TXN-1302122,2024-11-24,Social Media Management,DE,DE,Marketing Manager,74.08,USD,paypal,completed,10,4.4,False,14.82,top_rated,47
TXN-1301979,2024-11-24,Web Development,GB,DE,Software Engineer,303.81,USD,credit_card,completed,12,4.5,False,60.76,level_1,47
TXN-1302185,2024-11-24,Social Media Management,ZA,NL,Marketing Manager,10.74,USD,credit_card,completed,6,4.8,True,2.15,top_rated,47
TXN-1302189,2024-11-24,Data Analysis,SG,GB,Data Scientist,761.0,USD,paypal,completed,7,4.8,False,152.2,level_1,47
TXN-1302097,2024-11-24,Data Analysis,US,NL,Data Scientist,412.97,GBP,bank_transfer,completed,7,4.9,False,82.59,level_1,47
TXN-1301985,2024-11-24,Mobile App,BR,MX,Software Engineer,29.71,USD,bank_transfer,completed,29,4.0,False,5.94,new_seller,47
TXN-1302048,2024-11-24,Web Development,ES,IL,Software Engineer,26.07,EUR,credit_card,completed,15,3.7,False,5.21,top_rated,47
TXN-1302377,2024-11-25,Mobile App,IN,MX,Software Engineer,360.56,EUR,bank_transfer,completed,20,4.8,True,72.11,level_2,48
TXN-1302375,2024-11-25,Financial Modeling,CA,CA,Accountant,33.44,ILS,paypal,completed,7,3.6,False,6.69,level_1,48
TXN-1302372,2024-11-25,Video Production,US,FR,Designer,132.66,USD,paypal,completed,12,4.6,False,26.53,new_seller,48
TXN-1302370,2024-11-25,Music Production,US,BR,Designer,44.46,ILS,bank_transfer,completed,8,3.7,False,8.89,level_1,48
TXN-1302362,2024-11-25,Translation,BR,IL,Writer,203.48,USD,credit_card,completed,2,3.5,False,40.7,top_rated,48
TXN-1302361,2024-11-25,Social Media Management,US,FR,Marketing Manager,37.12,USD,credit_card,completed,5,4.4,False,7.42,top_rated,48
TXN-1302356,2024-11-25,Data Analysis,US,ES,Data Scientist,792.79,EUR,paypal,completed,19,2.2,False,158.56,level_2,48
TXN-1302328,2024-11-25,Web Development,DE,US,Software Engineer,254.79,EUR,bank_transfer,completed,7,4.8,False,50.96,top_rated,48
TXN-1302344,2024-11-25,Virtual Assistant,SG,CA,HR Manager,192.36,USD,credit_card,cancelled,1,,False,38.47,level_1,48
TXN-1302322,2024-11-25,SEO/SEM,NL,MX,Marketing Manager,602.6,USD,paypal,completed,11,1.0,False,120.52,level_1,48
TXN-1302314,2024-11-25,Financial Modeling,IN,CA,Accountant,79.81,USD,crypto,completed,14,4.9,False,15.96,new_seller,48
TXN-1302309,2024-11-25,Data Analysis,FR,IL,Data Scientist,110.06,GBP,credit_card,completed,5,4.6,False,22.01,level_1,48
TXN-1302303,2024-11-25,Mobile App,US,CA,Software Engineer,1972.04,USD,credit_card,completed,14,2.9,False,394.41,new_seller,48
TXN-1302394,2024-11-25,Video Production,IL,FR,Designer,33.5,EUR,credit_card,disputed,8,,False,6.7,level_1,48
TXN-1302285,2024-11-25,Social Media Management,AU,IN,Marketing Manager,38.11,USD,bank_transfer,completed,4,3.3,False,7.62,level_2,48
TXN-1302346,2024-11-25,Mobile App,US,IN,Software Engineer,189.64,USD,credit_card,completed,30,2.1,False,37.93,level_2,48
TXN-1302400,2024-11-25,Mobile App,US,SG,Software Engineer,2586.35,USD,paypal,completed,14,3.8,False,517.27,top_rated,48
TXN-1302511,2024-11-25,Virtual Assistant,US,US,HR Manager,42.08,USD,credit_card,completed,1,4.7,False,8.42,level_2,48
TXN-1302438,2024-11-25,Financial Modeling,IL,US,Accountant,174.12,GBP,bank_transfer,completed,12,4.2,False,34.82,rising_talent,48
TXN-1302269,2024-11-25,Data Analysis,BR,CA,Data Scientist,358.99,USD,credit_card,cancelled,5,,False,71.8,new_seller,48
TXN-1302609,2024-11-25,Social Media Management,DE,ZA,Marketing Manager,632.98,GBP,credit_card,completed,6,4.7,True,126.6,level_2,48
TXN-1302602,2024-11-25,Legal Consulting,IN,IN,Lawyer,160.77,USD,credit_card,completed,13,3.8,True,32.15,level_2,48
TXN-1302594,2024-11-25,Photography,US,US,Designer,396.9,USD,paypal,completed,2,3.9,False,79.38,new_seller,48
TXN-1302558,2024-11-25,AI/ML Development,GB,GB,Data Scientist,29.62,USD,paypal,completed,13,4.8,False,5.92,level_1,48
TXN-1302542,2024-11-25,AI/ML Development,US,GB,Data Scientist,0.01,ILS,credit_card,completed,30,4.4,True,0.0,rising_talent,48
TXN-1302526,2024-11-25,Translation,US,GB,Writer,509.15,USD,paypal,completed,2,3.6,True,101.83,new_seller,48
TXN-1302524,2024-11-25,Legal Consulting,US,DE,Lawyer,174.6,USD,credit_card,completed,14,4.1,True,34.92,rising_talent,48
TXN-1302513,2024-11-25,Content Writing,SG,IN,Writer,114.45,USD,bank_transfer,completed,3,4.6,False,22.89,level_1,48
TXN-1302504,2024-11-25,AI/ML Development,US,GB,Data Scientist,334.3,USD,bank_transfer,completed,25,4.9,True,66.86,level_1,48
TXN-1302497,2024-11-25,Content Writing,FR,US,Writer,126.54,USD,bank_transfer,completed,3,4.2,True,25.31,level_2,48
TXN-1302493,2024-11-25,Virtual Assistant,US,US,HR Manager,390.42,USD,credit_card,completed,1,4.5,False,78.08,rising_talent,48
TXN-1302492,2024-11-25,Legal Consulting,GB,US,Lawyer,21.1,EUR,crypto,completed,19,4.7,False,4.22,level_2,48
TXN-1302475,2024-11-25,Photography,US,CA,Designer,143.78,USD,credit_card,completed,4,4.1,False,28.76,level_2,48
TXN-1302444,2024-11-25,Content Writing,FR,US,Writer,30574.72,USD,paypal,completed,4,4.5,False,6114.94,top_rated,48
TXN-1302434,2024-11-25,Photography,SG,SG,Designer,117.86,GBP,credit_card,completed,7,4.5,True,23.57,top_rated,48
TXN-1302266,2024-11-25,Photography,JP,GB,Designer,26.93,USD,credit_card,completed,3,4.3,True,5.39,level_2,48
TXN-1302503,2024-11-25,Legal Consulting,US,US,Lawyer,173.9,USD,paypal,completed,16,4.8,False,34.78,level_2,48
TXN-1302244,2024-11-25,Financial Modeling,BR,FR,Accountant,428.01,USD,credit_card,completed,13,3.4,True,85.6,level_2,48
TXN-1302252,2024-11-25,Financial Modeling,IN,IN,Accountant,47.94,EUR,credit_card,completed,4,3.1,False,9.59,level_1,48
TXN-1302251,2024-11-25,Translation,IN,IN,Writer,165.31,USD,crypto,completed,2,4.8,False,33.06,rising_talent,48
TXN-1302245,2024-11-25,Mobile App,US,US,Software Engineer,311.87,USD,bank_transfer,completed,17,2.8,False,62.37,rising_talent,48
TXN-1302242,2024-11-25,Photography,FR,IN,Designer,202.76,USD,credit_card,completed,2,4.3,False,40.55,level_1,48
TXN-1302258,2024-11-25,Social Media Management,US,US,Marketing Manager,399.24,USD,paypal,completed,10,3.7,True,79.85,level_2,48
TXN-1302237,2024-11-26,Financial Modeling,US,IN,Accountant,540.99,USD,bank_transfer,completed,8,4.6,False,108.2,level_1,48
TXN-1302476,2024-11-26,AI/ML Development,US,SG,Data Scientist,78.39,USD,credit_card,completed,22,4.6,False,15.68,level_1,48
TXN-1302537,2024-11-26,Translation,FR,IN,Writer,141.88,USD,paypal,completed,7,3.1,False,28.38,level_1,48
TXN-1302300,2024-11-26,Social Media Management,DE,CA,Marketing Manager,272.06,USD,credit_card,completed,7,3.2,True,54.41,level_2,48
TXN-1302378,2024-11-26,Data Analysis,US,MX,Data Scientist,1005.95,USD,credit_card,completed,3,4.4,True,201.19,new_seller,48
TXN-1302538,2024-11-26,Legal Consulting,CA,IN,Lawyer,148.27,EUR,paypal,completed,25,4.1,False,29.65,rising_talent,48
TXN-1302445,2024-11-26,Music Production,US,US,Designer,104.35,USD,credit_card,completed,7,4.2,False,20.87,rising_talent,48
TXN-1302593,2024-11-26,Web Development,GB,IN,Software Engineer,175.69,USD,paypal,completed,13,3.0,False,35.14,level_1,48
TXN-1302556,2024-11-26,SEO/SEM,DE,CA,Marketing Manager,484.69,USD,credit_card,completed,9,3.8,True,96.94,level_2,48
TXN-1302311,2024-11-26,Music Production,IN,IL,Designer,170.58,GBP,credit_card,cancelled,11,,False,34.12,new_seller,48
TXN-1302588,2024-11-26,Music Production,CA,IN,Designer,106.54,USD,paypal,completed,12,4.2,False,21.31,level_2,48
TXN-1302541,2024-11-26,Graphic Design,NL,MX,Designer,715.23,USD,credit_card,completed,4,4.1,False,143.05,level_1,48
TXN-1302366,2024-11-26,Video Production,BR,IN,Designer,107.51,USD,credit_card,completed,10,4.0,False,21.5,level_1,48
TXN-1302359,2024-11-26,Translation,IN,CA,Writer,286.43,USD,credit_card,completed,113,3.9,False,57.29,rising_talent,48
TXN-1302306,2024-11-26,Financial Modeling,US,US,Accountant,158.61,USD,credit_card,completed,6,2.6,False,31.72,new_seller,48
TXN-1302454,2024-11-26,Content Writing,IN,AU,Writer,425.65,USD,paypal,completed,5,4.5,False,85.13,level_2,48
TXN-1302380,2024-11-26,Web Development,IN,IN,Software Engineer,867.25,USD,credit_card,completed,23,3.3,False,173.45,level_1,48
TXN-1302495,2024-11-26,Virtual Assistant,DE,US,HR Manager,343.35,USD,credit_card,completed,1,3.7,False,68.67,level_2,48
TXN-1302283,2024-11-26,Photography,BR,ES,Designer,821.12,GBP,paypal,disputed,7,,True,164.22,top_rated,48
TXN-1302262,2024-11-26,Graphic Design,US,CA,Designer,173.49,USD,credit_card,completed,7,2.5,False,34.7,top_rated,48
TXN-1302498,2024-11-26,Legal Consulting,US,IL,Lawyer,51.13,USD,bank_transfer,completed,16,4.3,False,10.23,new_seller,48
TXN-1302390,2024-11-26,SEO/SEM,IN,IN,Marketing Manager,524.83,USD,credit_card,disputed,12,,False,104.97,level_2,48
TXN-1302281,2024-11-26,Financial Modeling,IL,US,Accountant,10.72,USD,credit_card,completed,11,4.7,True,2.14,level_1,48
TXN-1302280,2024-11-26,Web Development,DE,US,Software Engineer,24.34,GBP,bank_transfer,completed,11,4.3,False,4.87,level_1,48
TXN-1302457,2024-11-26,Financial Modeling,IN,US,Accountant,83.54,USD,credit_card,completed,15,4.8,True,16.71,rising_talent,48
TXN-1302405,2024-11-26,Photography,IL,SG,Designer,120.42,USD,credit_card,completed,8,3.1,False,24.08,level_2,48
TXN-1302274,2024-11-26,Music Production,AU,FR,Designer,88.73,USD,bank_transfer,completed,6,4.1,True,17.75,new_seller,48
TXN-1302611,2024-11-26,Legal Consulting,GB,US,Lawyer,57.75,EUR,credit_card,completed,21,2.5,False,11.55,level_2,48
TXN-1302406,2024-11-26,Photography,GB,GB,Designer,685.92,USD,crypto,completed,4,4.5,False,137.18,new_seller,48
TXN-1302485,2024-11-27,Photography,IN,US,Designer,1191.09,USD,paypal,completed,4,4.6,False,238.22,level_2,48
TXN-1302246,2024-11-27,Virtual Assistant,US,IN,HR Manager,98.88,USD,bank_transfer,completed,2,4.3,False,19.78,rising_talent,48
TXN-1302525,2024-11-27,Video Production,CA,ES,Designer,139.29,USD,credit_card,completed,1,5.0,True,27.86,rising_talent,48
TXN-1302584,2024-11-27,Video Production,IN,US,Designer,2583.21,GBP,credit_card,completed,5,4.4,False,516.64,new_seller,48
TXN-1302415,2024-11-27,Mobile App,DE,ES,Software Engineer,136.39,INR,credit_card,completed,30,3.2,True,27.28,new_seller,48
TXN-1302253,2024-11-27,Translation,DE,CA,Writer,284.5,ILS,credit_card,completed,1,3.0,True,56.9,rising_talent,48
TXN-1302339,2024-11-27,Translation,FR,US,Writer,136.24,INR,credit_card,completed,2,3.1,True,27.25,rising_talent,48
TXN-1302436,2024-11-27,Mobile App,US,US,Software Engineer,173.98,EUR,bank_transfer,completed,17,4.6,False,34.8,rising_talent,48
TXN-1302467,2024-11-27,Content Writing,DE,US,Writer,354.42,USD,paypal,completed,2,5.0,False,70.88,level_1,48
TXN-1302491,2024-11-27,Graphic Design,US,NL,Designer,93.53,ILS,credit_card,completed,2,4.5,False,18.71,level_1,48
TXN-1302399,2024-11-27,Financial Modeling,SG,US,Accountant,67.45,USD,credit_card,completed,11,3.4,True,13.49,level_2,48
TXN-1302544,2024-11-27,Music Production,JP,IN,Designer,1064.44,USD,credit_card,completed,30,4.6,True,212.89,top_rated,48
TXN-1302464,2024-11-27,Data Analysis,AU,IL,Data Scientist,135.4,USD,credit_card,completed,7,4.8,False,27.08,level_1,48
TXN-1302572,2024-11-27,SEO/SEM,US,US,Marketing Manager,367.11,EUR,credit_card,completed,17,2.6,False,73.42,top_rated,48
TXN-1302358,2024-11-27,Music Production,DE,ZA,Designer,66.62,EUR,credit_card,completed,14,3.8,False,13.32,level_1,48
TXN-1302583,2024-11-27,Virtual Assistant,ES,US,HR Manager,145.18,USD,crypto,completed,1,3.2,False,29.04,top_rated,48
TXN-1302373,2024-11-27,Photography,MX,US,Designer,96.0,USD,credit_card,completed,3,3.9,True,19.2,new_seller,48
TXN-1302284,2024-11-27,Social Media Management,FR,DE,Marketing Manager,9.88,USD,paypal,completed,7,4.1,False,1.98,level_2,48
TXN-1302312,2024-11-27,Financial Modeling,US,US,Accountant,2081.32,INR,credit_card,completed,12,4.4,True,416.26,new_seller,48
TXN-1302534,2024-11-27,Video Production,US,CA,Designer,742.62,EUR,crypto,completed,12,4.2,False,148.52,level_1,48
TXN-1302286,2024-11-27,Mobile App,US,IL,Software Engineer,25.86,INR,credit_card,completed,30,4.5,False,5.17,level_1,48
TXN-1302455,2024-11-27,Music Production,SG,US,Designer,632.83,EUR,paypal,completed,4,4.0,False,126.57,level_1,48
TXN-1302610,2024-11-27,Music Production,IN,AU,Designer,243.76,EUR,crypto,completed,17,4.6,False,48.75,new_seller,48
TXN-1302231,2024-11-27,Video Production,DE,US,Designer,172.32,GBP,credit_card,completed,6,3.9,True,34.46,level_2,48
TXN-1302512,2024-11-27,Virtual Assistant,IN,US,HR Manager,307.15,USD,credit_card,completed,1,4.1,False,61.43,level_2,48
TXN-1302293,2024-11-27,AI/ML Development,DE,US,Data Scientist,102.07,USD,crypto,cancelled,14,,True,20.41,new_seller,48
TXN-1302313,2024-11-27,Photography,FR,MX,Designer,153.24,USD,credit_card,completed,1,3.6,False,30.65,level_2,48
TXN-1302382,2024-11-27,Mobile App,CA,NL,Software Engineer,20.11,USD,paypal,completed,30,4.6,False,4.02,rising_talent,48
TXN-1302279,2024-11-27,Translation,SG,ZA,Writer,102.72,EUR,credit_card,completed,3,4.1,True,20.54,new_seller,48
TXN-1302379,2024-11-27,AI/ML Development,US,US,Data Scientist,17.83,GBP,credit_card,completed,18,4.6,False,3.57,level_2,48
TXN-1302515,2024-11-27,Content Writing,MX,IN,Writer,49.48,USD,credit_card,completed,3,3.6,True,9.9,level_1,48
TXN-1302456,2024-11-27,Mobile App,MX,US,Software Engineer,145.44,USD,paypal,completed,30,4.8,True,29.09,level_1,48
TXN-1302302,2024-11-27,Photography,US,IL,Designer,41.67,USD,paypal,completed,11,4.0,False,8.33,rising_talent,48
TXN-1302564,2024-11-27,AI/ML Development,IL,DE,Data Scientist,59.37,USD,credit_card,completed,21,3.4,True,11.87,level_1,48
TXN-1302413,2024-11-27,Data Analysis,NL,SG,Data Scientist,19.38,EUR,paypal,completed,6,4.6,False,3.88,level_2,48
TXN-1302614,2024-11-27,Photography,US,US,Designer,180.79,USD,paypal,completed,4,4.3,False,36.16,level_2,48
TXN-1302591,2024-11-27,Social Media Management,NL,US,Marketing Manager,20.61,USD,bank_transfer,completed,7,4.6,False,4.12,level_2,48
TXN-1302551,2024-11-27,SEO/SEM,BR,GB,Marketing Manager,15.09,EUR,bank_transfer,completed,10,3.4,False,3.02,level_1,48
TXN-1302555,2024-11-28,Social Media Management,US,US,Marketing Manager,773.11,USD,paypal,completed,12,4.5,False,154.62,level_1,48
TXN-1302420,2024-11-28,SEO/SEM,JP,NL,Marketing Manager,148.82,USD,bank_transfer,completed,4,4.7,False,29.76,new_seller,48
TXN-1302505,2024-11-28,Web Development,FR,DE,Software Engineer,136.51,USD,credit_card,completed,18,4.2,False,27.3,level_1,48
TXN-1302363,2024-11-28,Graphic Design,FR,SG,Designer,24.83,USD,bank_transfer,completed,8,4.1,False,4.97,new_seller,48
TXN-1302546,2024-11-28,Virtual Assistant,IL,FR,HR Manager,213.43,INR,paypal,completed,1,2.8,False,42.69,level_1,48
TXN-1302367,2024-11-28,Photography,SG,DE,Designer,32.96,USD,credit_card,disputed,3,,False,6.59,top_rated,48
TXN-1302374,2024-11-28,Financial Modeling,US,IN,Accountant,75.29,USD,credit_card,completed,10,4.0,True,15.06,new_seller,48
TXN-1302233,2024-11-28,AI/ML Development,MX,NL,Data Scientist,307.75,USD,bank_transfer,completed,22,4.4,True,61.55,level_2,48
TXN-1302383,2024-11-28,Data Analysis,US,DE,Data Scientist,956.4,GBP,paypal,completed,8,4.8,True,191.28,level_2,48
TXN-1302386,2024-11-28,Photography,BR,US,Designer,848.23,USD,paypal,completed,4,2.9,False,169.65,new_seller,48
TXN-1302514,2024-11-28,Video Production,US,JP,Designer,78.37,USD,credit_card,completed,7,3.0,True,15.67,level_1,48
TXN-1302395,2024-11-28,Data Analysis,ES,US,Data Scientist,368.04,INR,crypto,completed,3,4.0,True,73.61,level_1,48
TXN-1302549,2024-11-28,SEO/SEM,MX,US,Marketing Manager,226.08,USD,credit_card,completed,6,3.7,False,45.22,top_rated,48
TXN-1302349,2024-11-28,Financial Modeling,IN,ZA,Accountant,15.51,GBP,paypal,completed,6,4.1,False,3.1,level_2,48
TXN-1302574,2024-11-28,Translation,GB,IN,Writer,80.34,USD,credit_card,cancelled,4,,False,16.07,level_1,48
TXN-1302605,2024-11-28,Mobile App,GB,DE,Software Engineer,497.07,USD,credit_card,completed,22,4.2,False,99.41,level_2,48
TXN-1302254,2024-11-28,Virtual Assistant,US,IN,HR Manager,43.29,USD,bank_transfer,completed,1,4.2,True,8.66,level_1,48
TXN-1302315,2024-11-28,Data Analysis,AU,IN,Data Scientist,684.69,USD,credit_card,completed,4,4.7,False,136.94,level_1,48
TXN-1302277,2024-11-28,Video Production,ES,US,Designer,142.13,EUR,paypal,completed,8,4.4,False,28.43,level_2,48
TXN-1302257,2024-11-28,Data Analysis,IN,GB,Data Scientist,97.86,GBP,paypal,completed,9,3.6,True,19.57,rising_talent,48
TXN-1302488,2024-11-28,Video Production,US,BR,Designer,281.09,USD,paypal,completed,5,4.0,False,56.22,new_seller,48
TXN-1302239,2024-11-28,Photography,IL,DE,Designer,190.19,USD,credit_card,completed,2,3.8,True,38.04,level_1,48
TXN-1302474,2024-11-28,Data Analysis,IN,US,Data Scientist,17.77,USD,credit_card,completed,6,4.6,False,3.55,rising_talent,48
TXN-1302296,2024-11-28,Social Media Management,US,US,Marketing Manager,75.39,USD,credit_card,completed,10,3.2,False,15.08,level_1,48
TXN-1302267,2024-11-28,Graphic Design,IN,US,Designer,725.73,USD,credit_card,completed,10,4.2,False,145.15,level_1,48
TXN-1302236,2024-11-28,Content Writing,US,AU,Writer,197.34,EUR,credit_card,completed,5,4.2,False,39.47,level_2,48
TXN-1302235,2024-11-28,Photography,US,US,Designer,36.45,USD,credit_card,completed,3,4.2,True,7.29,new_seller,48
TXN-1302473,2024-11-28,Photography,SG,GB,Designer,311.22,GBP,credit_card,completed,3,5.0,False,62.24,level_1,48
TXN-1302448,2024-11-28,Content Writing,ZA,NL,Writer,165.76,USD,bank_transfer,completed,3,4.7,False,33.15,level_1,48
TXN-1302292,2024-11-28,SEO/SEM,US,US,Marketing Manager,671.56,GBP,credit_card,completed,7,4.5,False,134.31,rising_talent,48
TXN-1302333,2024-11-28,Social Media Management,BR,US,Marketing Manager,217.1,USD,paypal,completed,7,4.0,False,43.42,level_1,48
TXN-1302494,2024-11-28,Graphic Design,GB,US,Designer,326.86,USD,paypal,completed,3,3.7,True,65.37,level_2,48
TXN-1302335,2024-11-28,Data Analysis,US,DE,Data Scientist,102.55,USD,paypal,completed,8,4.6,False,20.51,level_1,48
TXN-1302496,2024-11-28,Mobile App,IN,US,Software Engineer,2511.0,USD,credit_card,completed,17,4.2,False,502.2,level_1,48
TXN-1302263,2024-11-28,Financial Modeling,FR,BR,Accountant,133.76,USD,paypal,completed,6,2.7,False,26.75,rising_talent,48
TXN-1302234,2024-11-28,Financial Modeling,GB,US,Accountant,226.78,USD,paypal,completed,30,4.1,True,45.36,level_2,48
TXN-1302565,2024-11-28,Translation,IL,IN,Writer,389.74,USD,credit_card,completed,3,4.5,False,77.95,rising_talent,48
TXN-1302563,2024-11-28,Legal Consulting,MX,NL,Lawyer,227.21,USD,credit_card,completed,15,4.3,True,45.44,rising_talent,48
TXN-1302427,2024-11-28,Web Development,US,US,Software Engineer,27.91,USD,credit_card,completed,13,4.1,False,5.58,level_1,48
TXN-1302499,2024-11-28,AI/ML Development,IN,US,Data Scientist,94.35,USD,paypal,completed,14,3.4,False,18.87,level_2,48
TXN-1302291,2024-11-28,Music Production,JP,US,Designer,621.0,USD,credit_card,completed,18,3.2,True,124.2,level_1,48
TXN-1302276,2024-11-28,Photography,US,GB,Designer,929.1,USD,bank_transfer,completed,3,3.4,True,185.82,new_seller,48
TXN-1302500,2024-11-29,SEO/SEM,US,FR,Marketing Manager,18.03,USD,paypal,completed,12,4.5,False,3.61,new_seller,48
TXN-1302517,2024-11-29,Mobile App,US,US,Software Engineer,224.11,USD,credit_card,completed,15,2.3,False,44.82,level_2,48
TXN-1302472,2024-11-29,Legal Consulting,BR,GB,Lawyer,1502.41,USD,paypal,completed,23,3.4,True,300.48,level_2,48
TXN-1302469,2024-11-29,Financial Modeling,US,US,Accountant,47.53,USD,credit_card,completed,14,3.6,False,9.51,level_2,48
TXN-1302518,2024-11-29,Social Media Management,US,GB,Marketing Manager,134.34,USD,paypal,completed,5,3.8,False,26.87,top_rated,48
TXN-1302468,2024-11-29,Social Media Management,GB,ES,Marketing Manager,96.47,USD,paypal,completed,5,4.7,True,19.29,level_1,48
TXN-1302516,2024-11-29,AI/ML Development,NL,CA,Data Scientist,22.87,USD,credit_card,completed,16,3.7,True,4.57,new_seller,48
TXN-1302471,2024-11-29,Virtual Assistant,CA,FR,HR Manager,225.74,USD,paypal,completed,1,4.7,False,45.15,level_1,48
TXN-1302483,2024-11-29,Legal Consulting,AU,SG,Lawyer,456.05,USD,bank_transfer,completed,13,1.0,False,91.21,new_seller,48
TXN-1302479,2024-11-29,Mobile App,IN,US,Software Engineer,2543.03,USD,paypal,completed,14,4.3,True,508.61,new_seller,48
TXN-1302506,2024-11-29,Content Writing,IN,IN,Writer,299.35,USD,bank_transfer,completed,6,4.6,False,59.87,level_1,48
TXN-1302508,2024-11-29,Music Production,IL,BR,Designer,77.44,USD,credit_card,completed,14,3.8,False,15.49,top_rated,48
TXN-1302519,2024-11-29,Mobile App,GB,US,Software Engineer,274.87,INR,credit_card,completed,24,3.8,True,54.97,level_2,48
TXN-1302509,2024-11-29,Financial Modeling,US,IN,Accountant,462.57,USD,credit_card,completed,7,4.4,False,92.51,top_rated,48
TXN-1302510,2024-11-29,Social Media Management,DE,IN,Marketing Manager,322.04,USD,paypal,completed,6,3.6,True,64.41,level_2,48
TXN-1302490,2024-11-29,Web Development,DE,GB,Software Engineer,227.55,USD,credit_card,completed,13,3.8,True,45.51,rising_talent,48
TXN-1302477,2024-11-29,Video Production,GB,FR,Designer,88.07,USD,credit_card,completed,6,4.0,False,17.61,level_1,48
TXN-1302489,2024-11-29,Translation,DE,GB,Writer,79.86,USD,paypal,completed,4,3.5,True,15.97,rising_talent,48
TXN-1302232,2024-11-29,Virtual Assistant,DE,IN,HR Manager,197.55,EUR,paypal,completed,2,4.5,False,39.51,level_2,48
TXN-1302484,2024-11-29,Legal Consulting,US,GB,Lawyer,602.96,GBP,credit_card,completed,23,4.5,True,120.59,level_1,48
TXN-1302502,2024-11-29,SEO/SEM,US,CA,Marketing Manager,177.49,GBP,credit_card,completed,29,4.4,True,35.5,level_1,48
TXN-1302482,2024-11-29,Data Analysis,BR,US,Data Scientist,31.14,USD,bank_transfer,completed,8,3.6,False,6.23,new_seller,48
TXN-1302481,2024-11-29,Web Development,IN,GB,Software Engineer,468.21,USD,paypal,completed,19,2.2,True,93.64,level_2,48
TXN-1302480,2024-11-29,Web Development,ES,DE,Software Engineer,381.93,EUR,credit_card,completed,24,3.6,True,76.39,rising_talent,48
TXN-1302486,2024-11-29,Mobile App,IN,US,Software Engineer,61.73,USD,credit_card,completed,15,4.9,False,12.35,level_1,48
TXN-1302520,2024-11-29,Financial Modeling,US,US,Accountant,50.48,EUR,bank_transfer,completed,8,3.7,True,10.1,rising_talent,48
TXN-1302261,2024-11-29,SEO/SEM,IN,IN,Marketing Manager,81.54,USD,paypal,completed,7,4.1,False,16.31,new_seller,48
TXN-1302523,2024-11-29,Graphic Design,US,US,Designer,241.89,ILS,bank_transfer,completed,4,3.8,True,48.38,rising_talent,48
TXN-1302580,2024-11-29,Photography,DE,FR,Designer,46.39,USD,credit_card,completed,3,4.0,False,9.28,level_2,48
TXN-1302581,2024-11-29,SEO/SEM,NL,GB,Marketing Manager,42.11,INR,credit_card,completed,11,4.0,False,8.42,rising_talent,48
TXN-1302582,2024-11-29,Financial Modeling,US,CA,Accountant,397.49,GBP,credit_card,completed,6,4.1,False,79.5,rising_talent,48
TXN-1302586,2024-11-29,Video Production,US,IN,Designer,63.84,USD,paypal,completed,10,3.8,False,12.77,level_1,48
TXN-1302587,2024-11-29,Data Analysis,US,IN,Data Scientist,5.23,USD,credit_card,completed,4,4.7,True,1.05,level_2,48
TXN-1302589,2024-11-29,Graphic Design,GB,FR,Designer,24.92,USD,bank_transfer,completed,6,3.5,True,4.98,level_2,48
TXN-1302590,2024-11-29,Photography,IN,BR,Designer,6.7,USD,paypal,completed,2,4.2,False,1.34,level_2,48
TXN-1302592,2024-11-29,Legal Consulting,US,US,Lawyer,78.93,ILS,bank_transfer,completed,9,3.5,False,15.79,level_1,48
TXN-1302596,2024-11-29,SEO/SEM,US,ES,Marketing Manager,318.92,GBP,paypal,completed,8,4.5,True,63.78,rising_talent,48
TXN-1302597,2024-11-29,Photography,US,ZA,Designer,6.35,USD,paypal,completed,5,4.9,True,1.27,level_2,48
TXN-1302598,2024-11-29,Virtual Assistant,US,IN,HR Manager,46.56,USD,credit_card,completed,1,4.7,True,9.31,new_seller,48
TXN-1302599,2024-11-29,Graphic Design,IN,GB,Designer,117.52,USD,credit_card,completed,8,3.6,True,23.5,level_2,48
TXN-1302260,2024-11-29,Photography,SG,GB,Designer,490.39,USD,credit_card,completed,3,3.8,False,98.08,level_2,48
TXN-1302579,2024-11-29,Music Production,US,US,Designer,232.04,GBP,credit_card,completed,11,4.7,False,46.41,rising_talent,48
TXN-1302225,2024-11-29,Legal Consulting,IN,FR,Lawyer,177.77,EUR,bank_transfer,completed,23,3.4,False,35.55,level_1,48
TXN-1302604,2024-11-29,SEO/SEM,US,BR,Marketing Manager,215.31,USD,credit_card,completed,9,4.7,True,43.06,new_seller,48
TXN-1302606,2024-11-29,Video Production,GB,DE,Designer,221.54,EUR,credit_card,completed,8,3.5,False,44.31,level_2,48
TXN-1302607,2024-11-29,Virtual Assistant,US,IN,HR Manager,58.14,USD,paypal,completed,2,3.7,False,11.63,level_1,48
TXN-1302608,2024-11-29,Video Production,FR,GB,Designer,42.38,USD,bank_transfer,completed,11,4.5,False,8.48,top_rated,48
TXN-1302224,2024-11-29,SEO/SEM,GB,SG,Marketing Manager,554.33,USD,paypal,completed,9,4.2,False,110.87,new_seller,48
TXN-1302612,2024-11-29,Content Writing,ES,US,Writer,40.66,USD,credit_card,completed,2,4.3,False,8.13,rising_talent,48
TXN-1302613,2024-11-29,Graphic Design,DE,US,Designer,5000.0,USD,paypal,completed,2,4.7,True,1000.0,rising_talent,48
TXN-1302615,2024-11-29,Content Writing,GB,US,Writer,78.03,EUR,paypal,completed,1,4.8,False,15.61,level_2,48
TXN-1302616,2024-11-29,SEO/SEM,FR,US,Marketing Manager,83.58,USD,bank_transfer,cancelled,13,,False,16.72,new_seller,48
TXN-1302617,2024-11-29,Data Analysis,ZA,FR,Data Scientist,110.24,USD,credit_card,completed,10,4.5,True,22.05,level_1,48
TXN-1302618,2024-11-29,AI/ML Development,DE,US,Data Scientist,222.28,USD,credit_card,completed,23,4.9,True,44.46,level_1,48
TXN-1302619,2024-11-29,Virtual Assistant,US,GB,HR Manager,410.29,ILS,credit_card,completed,1,3.5,False,82.06,top_rated,48
TXN-1302620,2024-11-29,Photography,MX,DE,Designer,45.44,USD,credit_card,completed,3,3.4,False,9.09,new_seller,48
TXN-1302603,2024-11-29,Legal Consulting,IN,US,Lawyer,69.28,USD,credit_card,completed,9,4.5,True,13.86,rising_talent,48
TXN-1302522,2024-11-29,Social Media Management,IN,BR,Marketing Manager,23.06,USD,credit_card,completed,4,4.8,True,4.61,new_seller,48
TXN-1302578,2024-11-29,Virtual Assistant,FR,ES,HR Manager,524.63,USD,paypal,completed,2,3.7,True,104.93,level_1,48
TXN-1302575,2024-11-29,Translation,ZA,GB,Writer,56.28,USD,credit_card,completed,2,4.5,False,11.26,level_1,48
TXN-1302229,2024-11-29,Translation,ES,GB,Writer,1131.31,USD,credit_card,completed,3,4.9,False,226.26,rising_talent,48
TXN-1302527,2024-11-29,AI/ML Development,AU,US,Data Scientist,165.12,USD,credit_card,cancelled,18,,False,33.02,level_1,48
TXN-1302529,2024-11-29,Data Analysis,IN,MX,Data Scientist,37.7,USD,credit_card,completed,8,4.7,False,7.54,rising_talent,48
TXN-1302530,2024-11-29,SEO/SEM,ZA,US,Marketing Manager,100.23,USD,paypal,completed,12,4.4,False,20.05,new_seller,48
TXN-1302531,2024-11-29,Web Development,US,NL,Software Engineer,186.47,GBP,credit_card,cancelled,14,,False,37.29,new_seller,48
TXN-1302532,2024-11-29,Social Media Management,NL,GB,Marketing Manager,42.62,USD,paypal,completed,11,2.8,True,8.52,new_seller,48
TXN-1302533,2024-11-29,Content Writing,US,GB,Writer,91.26,USD,credit_card,completed,1,4.6,False,18.25,level_1,48
TXN-1302535,2024-11-29,Virtual Assistant,FR,IL,HR Manager,327.16,INR,paypal,completed,1,1.0,True,65.43,level_1,48
TXN-1302536,2024-11-29,Translation,US,MX,Writer,346.59,USD,paypal,completed,2,2.2,False,69.32,top_rated,48
TXN-1302539,2024-11-29,SEO/SEM,US,FR,Marketing Manager,72.31,USD,bank_transfer,completed,13,4.4,False,14.46,top_rated,48
TXN-1302540,2024-11-29,Financial Modeling,GB,IN,Accountant,338.22,USD,credit_card,completed,9,4.1,False,67.64,level_1,48
TXN-1302228,2024-11-29,Data Analysis,US,BR,Data Scientist,573.2,USD,paypal,completed,7,2.9,True,114.64,level_1,48
TXN-1302543,2024-11-29,Virtual Assistant,SG,US,HR Manager,181.0,INR,credit_card,completed,2,4.8,False,36.2,rising_talent,48
TXN-1302576,2024-11-29,Music Production,IN,DE,Designer,1624.44,USD,credit_card,completed,11,4.1,False,324.89,level_1,48
TXN-1302545,2024-11-29,Legal Consulting,BR,US,Lawyer,292.8,USD,credit_card,completed,7,4.8,False,58.56,level_1,48
TXN-1302552,2024-11-29,Virtual Assistant,US,BR,HR Manager,30.97,USD,credit_card,completed,1,4.1,True,6.19,new_seller,48
TXN-1302553,2024-11-29,Data Analysis,MX,ES,Data Scientist,224.31,USD,bank_transfer,completed,5,4.1,False,44.86,new_seller,48
TXN-1302554,2024-11-29,Legal Consulting,ES,US,Lawyer,73.97,USD,credit_card,completed,30,3.6,False,14.79,rising_talent,48
TXN-1302557,2024-11-29,Graphic Design,US,IN,Designer,64.13,USD,bank_transfer,completed,3,4.1,True,12.83,level_1,48
TXN-1302227,2024-11-29,Music Production,IN,JP,Designer,219.18,USD,paypal,completed,8,4.9,True,43.84,top_rated,48
TXN-1302559,2024-11-29,AI/ML Development,CA,JP,Data Scientist,915.46,USD,credit_card,completed,12,3.5,False,183.09,rising_talent,48
TXN-1302560,2024-11-29,Video Production,US,US,Designer,449.31,EUR,paypal,completed,9,2.7,False,89.86,rising_talent,48
TXN-1302561,2024-11-29,Video Production,IN,US,Designer,69.2,GBP,credit_card,completed,5,3.6,True,13.84,rising_talent,48
TXN-1302562,2024-11-29,Financial Modeling,US,IL,Accountant,389.43,USD,paypal,completed,8,4.1,False,77.89,new_seller,48
TXN-1302568,2024-11-29,Content Writing,DE,US,Writer,13.24,EUR,paypal,completed,2,3.7,False,2.65,rising_talent,48
TXN-1302569,2024-11-29,Social Media Management,IL,BR,Marketing Manager,15.37,USD,credit_card,completed,4,2.9,True,3.07,level_1,48
TXN-1302570,2024-11-29,Photography,ZA,FR,Designer,216.87,USD,credit_card,completed,1,4.1,True,43.37,level_2,48
TXN-1302571,2024-11-29,SEO/SEM,US,IN,Marketing Manager,20.89,USD,credit_card,completed,10,4.7,False,4.18,top_rated,48
TXN-1302548,2024-11-29,Graphic Design,MX,IN,Designer,75.12,USD,credit_card,completed,9,4.2,False,15.02,level_1,48
TXN-1302466,2024-11-29,Photography,US,US,Designer,798.09,USD,credit_card,completed,3,4.1,True,159.62,rising_talent,48
TXN-1302600,2024-11-29,Mobile App,CA,IN,Software Engineer,26.58,USD,credit_card,completed,30,2.7,True,5.32,rising_talent,48
TXN-1302463,2024-11-29,Virtual Assistant,AU,US,HR Manager,114.04,USD,credit_card,completed,2,4.6,True,22.81,rising_talent,48
TXN-1302248,2024-11-29,Translation,DE,US,Writer,637.59,USD,credit_card,completed,3,4.5,False,127.52,level_1,48
TXN-1302318,2024-11-29,Music Production,US,US,Designer,77.8,USD,credit_card,completed,11,3.5,False,15.56,rising_talent,48
TXN-1302364,2024-11-29,Social Media Management,US,GB,Marketing Manager,39.38,USD,credit_card,completed,6,3.6,True,7.88,rising_talent,48
TXN-1302317,2024-11-29,Legal Consulting,ZA,US,Lawyer,150.31,EUR,paypal,completed,12,4.8,True,30.06,level_1,48
TXN-1302310,2024-11-29,Translation,BR,CA,Writer,68.77,USD,credit_card,completed,1,4.6,False,13.75,level_1,48
TXN-1302369,2024-11-29,Video Production,US,DE,Designer,430.12,USD,credit_card,completed,4,2.5,True,86.02,top_rated,48
TXN-1302376,2024-11-29,Legal Consulting,SG,IL,Lawyer,113.75,USD,crypto,completed,21,4.9,False,22.75,level_2,48
TXN-1302243,2024-11-29,Web Development,CA,BR,Software Engineer,1223.64,USD,paypal,completed,8,4.3,False,244.73,level_1,48
TXN-1302381,2024-11-29,Mobile App,US,ZA,Software Engineer,50.1,USD,crypto,completed,26,4.8,False,10.02,level_1,48
TXN-1302384,2024-11-29,SEO/SEM,ZA,IN,Marketing Manager,82.7,USD,credit_card,completed,7,4.8,True,16.54,rising_talent,48
TXN-1302319,2024-11-29,Legal Consulting,US,IN,Lawyer,73.43,ILS,credit_card,completed,17,3.4,False,14.69,level_2,48
TXN-1302308,2024-11-29,Graphic Design,MX,BR,Designer,24.36,USD,credit_card,completed,5,4.3,False,4.87,new_seller,48
TXN-1302388,2024-11-29,Social Media Management,US,US,Marketing Manager,265.09,USD,paypal,completed,7,3.7,True,53.02,level_2,48
TXN-1302389,2024-11-29,AI/ML Development,MX,US,Data Scientist,111.24,USD,credit_card,completed,18,4.6,True,22.25,level_2,48
TXN-1302391,2024-11-29,Graphic Design,DE,GB,Designer,266.83,USD,credit_card,completed,5,2.9,False,53.37,top_rated,48
TXN-1302305,2024-11-29,Music Production,US,GB,Designer,499.7,USD,credit_card,completed,11,4.6,False,99.94,level_2,48
TXN-1302396,2024-11-29,AI/ML Development,US,IL,Data Scientist,609.42,USD,paypal,completed,9,4.2,False,121.88,level_2,48
TXN-1302397,2024-11-29,SEO/SEM,GB,JP,Marketing Manager,230.35,USD,credit_card,completed,7,4.6,False,46.07,level_1,48
TXN-1302398,2024-11-29,Web Development,FR,ES,Software Engineer,558.65,GBP,crypto,completed,14,3.6,False,111.73,top_rated,48
TXN-1302256,2024-11-29,Web Development,CA,FR,Software Engineer,29.97,USD,credit_card,completed,15,4.8,False,5.99,new_seller,48
TXN-1302301,2024-11-29,AI/ML Development,GB,GB,Data Scientist,146.86,USD,credit_card,completed,22,4.3,False,29.37,level_1,48
TXN-1302299,2024-11-29,Photography,ES,JP,Designer,351.78,USD,paypal,completed,3,3.3,False,70.36,level_2,48
TXN-1302387,2024-11-29,SEO/SEM,US,IL,Marketing Manager,1728.24,GBP,paypal,completed,5,3.2,False,345.65,level_1,48
TXN-1302298,2024-11-29,Music Production,GB,BR,Designer,302.94,ILS,paypal,completed,9,4.0,False,60.59,new_seller,48
TXN-1302360,2024-11-29,Translation,ES,US,Writer,147.93,USD,credit_card,completed,4,4.3,False,29.59,level_1,48
TXN-1302320,2024-11-29,SEO/SEM,MX,FR,Marketing Manager,112.73,USD,bank_transfer,completed,11,4.4,False,22.55,level_1,48
TXN-1302331,2024-11-29,SEO/SEM,MX,IL,Marketing Manager,45.6,USD,paypal,completed,8,4.8,False,9.12,level_1,48
TXN-1302332,2024-11-29,Video Production,CA,SG,Designer,107.29,USD,credit_card,in_progress,17,,True,21.46,level_2,48
TXN-1302334,2024-11-29,Music Production,US,IN,Designer,22.9,USD,bank_transfer,completed,17,3.0,False,4.58,level_1,48
TXN-1302336,2024-11-29,Graphic Design,GB,US,Designer,1407.89,USD,paypal,completed,5,4.7,True,281.58,top_rated,48
TXN-1302326,2024-11-29,AI/ML Development,MX,BR,Data Scientist,335.68,USD,credit_card,completed,20,4.3,True,67.14,rising_talent,48
TXN-1302338,2024-11-29,SEO/SEM,US,BR,Marketing Manager,41.5,USD,credit_card,completed,30,4.1,False,8.3,rising_talent,48
TXN-1302325,2024-11-29,AI/ML Development,US,IN,Data Scientist,202.88,USD,credit_card,completed,16,4.3,True,40.58,level_2,48
TXN-1302324,2024-11-29,Social Media Management,GB,ZA,Marketing Manager,817.63,GBP,credit_card,completed,5,2.6,False,163.53,new_seller,48
TXN-1302340,2024-11-29,Translation,US,US,Writer,176.65,USD,bank_transfer,completed,2,4.7,True,35.33,new_seller,48
TXN-1302341,2024-11-29,Virtual Assistant,ES,GB,HR Manager,160.7,USD,credit_card,completed,2,4.4,False,32.14,rising_talent,48
TXN-1302357,2024-11-29,Data Analysis,IN,US,Data Scientist,127.38,GBP,credit_card,completed,8,3.4,True,25.48,level_1,48
TXN-1302342,2024-11-29,Data Analysis,US,GB,Data Scientist,621.48,USD,credit_card,completed,13,3.9,False,124.3,level_2,48
TXN-1302345,2024-11-29,AI/ML Development,US,GB,Data Scientist,383.2,USD,credit_card,completed,13,3.9,False,76.64,new_seller,48
TXN-1302323,2024-11-29,Photography,DE,US,Designer,49.12,GBP,paypal,completed,2,4.9,False,9.82,level_2,48
TXN-1302321,2024-11-29,AI/ML Development,MX,MX,Data Scientist,100.48,USD,credit_card,completed,23,4.2,False,20.1,new_seller,48
TXN-1302348,2024-11-29,AI/ML Development,FR,US,Data Scientist,282.38,USD,paypal,completed,24,3.0,True,56.48,new_seller,48
TXN-1302350,2024-11-29,Photography,ZA,DE,Designer,348.22,GBP,paypal,completed,3,3.3,True,69.64,new_seller,48
TXN-1302351,2024-11-29,Music Production,US,GB,Designer,250.3,USD,paypal,completed,13,2.9,False,50.06,top_rated,48
TXN-1302352,2024-11-29,Web Development,SG,FR,Software Engineer,50.9,USD,credit_card,completed,14,4.2,False,10.18,top_rated,48
TXN-1302353,2024-11-29,Graphic Design,US,SG,Designer,102.96,USD,credit_card,completed,5,3.9,False,20.59,level_1,48
TXN-1302354,2024-11-29,Virtual Assistant,DE,US,HR Manager,141.38,USD,paypal,completed,3,4.0,False,28.28,top_rated,48
TXN-1302355,2024-11-29,Content Writing,CA,GB,Writer,391.71,GBP,credit_card,completed,2,4.3,False,78.34,rising_talent,48
TXN-1302343,2024-11-29,Graphic Design,US,US,Designer,12.85,USD,paypal,completed,2,3.9,True,2.57,level_2,48
TXN-1302403,2024-11-29,AI/ML Development,JP,GB,Data Scientist,175.79,EUR,bank_transfer,completed,30,4.5,True,35.16,level_2,48
TXN-1302329,2024-11-29,Translation,GB,US,Writer,82.25,USD,credit_card,completed,2,4.2,False,16.45,top_rated,48
TXN-1302407,2024-11-29,Financial Modeling,SG,IN,Accountant,323.99,USD,paypal,completed,10,4.6,True,64.8,level_1,48
TXN-1302433,2024-11-29,Social Media Management,IN,US,Marketing Manager,56.99,ILS,credit_card,completed,5,4.6,False,11.4,level_1,48
TXN-1302278,2024-11-29,Financial Modeling,ES,US,Accountant,32.59,GBP,bank_transfer,completed,9,4.6,False,6.52,level_1,48
TXN-1302435,2024-11-29,Video Production,IN,MX,Designer,182.29,USD,paypal,completed,11,4.8,True,36.46,level_2,48
TXN-1302275,2024-11-29,Mobile App,DE,GB,Software Engineer,333.09,INR,bank_transfer,completed,18,5.0,False,66.62,level_2,48
TXN-1302273,2024-11-29,Video Production,US,US,Designer,25.68,USD,paypal,completed,10,4.2,True,5.14,rising_talent,48
TXN-1302272,2024-11-29,Legal Consulting,DE,NL,Lawyer,189.17,USD,paypal,completed,13,3.9,False,37.83,new_seller,48
TXN-1302440,2024-11-29,Legal Consulting,US,GB,Lawyer,126.07,EUR,credit_card,completed,20,4.5,False,25.21,level_1,48
TXN-1302441,2024-11-29,Mobile App,SG,IN,Software Engineer,125.65,USD,crypto,completed,8,4.5,False,25.13,rising_talent,48
TXN-1302442,2024-11-29,AI/ML Development,US,US,Data Scientist,101.44,USD,paypal,completed,17,4.9,True,20.29,level_1,48
TXN-1302443,2024-11-29,Social Media Management,FR,BR,Marketing Manager,99.57,USD,bank_transfer,completed,5,3.2,True,19.91,rising_talent,48
TXN-1302238,2024-11-29,Web Development,FR,BR,Software Engineer,180.18,ILS,credit_card,completed,10,4.7,False,36.04,new_seller,48
TXN-1302404,2024-11-29,Content Writing,IN,IN,Writer,109.87,USD,credit_card,completed,4,3.8,True,21.97,level_2,48
TXN-1302446,2024-11-29,Data Analysis,AU,IN,Data Scientist,45.06,USD,credit_card,completed,6,4.6,True,9.01,top_rated,48
TXN-1302449,2024-11-29,Content Writing,DE,IN,Writer,15.62,USD,credit_card,completed,2,4.3,True,3.12,rising_talent,48
TXN-1302271,2024-11-29,Legal Consulting,US,US,Lawyer,39.25,USD,credit_card,completed,25,2.7,False,7.85,top_rated,48
TXN-1302450,2024-11-29,Content Writing,US,US,Writer,128.44,USD,credit_card,completed,1,3.8,True,25.69,level_2,48
TXN-1302451,2024-11-29,Translation,IN,US,Writer,212.93,USD,bank_transfer,completed,4,2.9,False,42.59,top_rated,48
TXN-1302452,2024-11-29,Financial Modeling,IN,GB,Accountant,5.0,USD,paypal,completed,11,4.3,True,1.0,level_1,48
TXN-1302458,2024-11-29,Content Writing,CA,MX,Writer,87.31,USD,credit_card,completed,1,4.8,False,17.46,level_1,48
TXN-1302259,2024-11-29,Translation,ZA,CA,Writer,150.13,EUR,paypal,completed,3,4.7,True,30.03,level_1,48
TXN-1302265,2024-11-29,Data Analysis,DE,AU,Data Scientist,37.95,USD,bank_transfer,completed,24,3.6,False,7.59,level_1,48
TXN-1302264,2024-11-29,Mobile App,ZA,US,Software Engineer,244.27,USD,credit_card,completed,20,3.7,True,48.85,level_1,48
TXN-1302461,2024-11-29,SEO/SEM,US,GB,Marketing Manager,68.84,USD,credit_card,completed,9,4.2,False,13.77,level_1,48
TXN-1302465,2024-11-29,Content Writing,US,US,Writer,793.36,INR,crypto,completed,3,4.1,False,158.67,level_1,48
TXN-1302447,2024-11-29,AI/ML Development,US,SG,Data Scientist,62.81,USD,credit_card,completed,17,3.1,False,12.56,level_1,48
TXN-1302431,2024-11-29,Mobile App,NL,GB,Software Engineer,88.23,USD,credit_card,completed,25,4.9,False,17.65,level_2,48
TXN-1302432,2024-11-29,Content Writing,IN,DE,Writer,41.71,USD,paypal,completed,4,4.4,False,8.34,rising_talent,48
TXN-1302429,2024-11-29,AI/ML Development,DE,US,Data Scientist,36.62,USD,paypal,completed,15,4.7,False,7.32,level_1,48
TXN-1302297,2024-11-29,SEO/SEM,IN,US,Marketing Manager,20.78,USD,paypal,completed,4,3.7,False,4.16,level_2,48
TXN-1302409,2024-11-29,Data Analysis,BR,IN,Data Scientist,3037.3,USD,bank_transfer,completed,3,4.1,True,607.46,new_seller,48
TXN-1302410,2024-11-29,Social Media Management,DE,MX,Marketing Manager,417.0,USD,paypal,completed,7,4.5,False,83.4,new_seller,48
TXN-1302411,2024-11-29,Data Analysis,SG,ES,Data Scientist,157.99,EUR,credit_card,completed,7,4.0,False,31.6,level_1,48
TXN-1302412,2024-11-29,AI/ML Development,IL,US,Data Scientist,51.55,USD,paypal,completed,30,4.9,False,10.31,level_2,48
TXN-1302414,2024-11-29,Photography,IN,US,Designer,367.35,USD,credit_card,completed,2,4.7,False,73.47,new_seller,48
TXN-1302295,2024-11-29,Data Analysis,IN,IL,Data Scientist,14.39,USD,credit_card,completed,7,4.7,True,2.88,rising_talent,48
TXN-1302294,2024-11-29,Photography,DE,US,Designer,83.7,USD,credit_card,completed,3,4.7,False,16.74,level_1,48
TXN-1302430,2024-11-29,Data Analysis,US,NL,Data Scientist,68.16,USD,credit_card,completed,4,4.5,False,13.63,level_1,48
TXN-1302290,2024-11-29,Video Production,ES,IN,Designer,397.94,USD,credit_card,completed,6,3.4,True,79.59,level_1,48
TXN-1302289,2024-11-29,Virtual Assistant,MX,US,HR Manager,103.34,USD,paypal,completed,1,4.1,True,20.67,level_1,48
TXN-1302418,2024-11-29,Data Analysis,US,US,Data Scientist,123.59,USD,bank_transfer,completed,5,4.0,False,24.72,level_1,48
TXN-1302422,2024-11-29,AI/ML Development,CA,IL,Data Scientist,122.93,USD,credit_card,completed,23,3.3,False,24.59,rising_talent,48
TXN-1302288,2024-11-29,Translation,US,GB,Writer,54.12,USD,crypto,completed,2,4.9,False,10.82,new_seller,48
TXN-1302428,2024-11-29,Legal Consulting,DE,IN,Lawyer,139.22,USD,bank_transfer,completed,10,2.6,False,27.84,new_seller,48
TXN-1302423,2024-11-29,Translation,MX,DE,Writer,168.93,USD,credit_card,completed,2,4.9,False,33.79,top_rated,48
TXN-1302287,2024-11-29,Web Development,CA,US,Software Engineer,21.39,USD,paypal,completed,5,3.7,True,4.28,level_1,48
TXN-1302426,2024-11-29,Music Production,ES,AU,Designer,21.9,USD,paypal,completed,13,3.4,False,4.38,rising_talent,48
TXN-1302421,2024-11-29,Social Media Management,NL,DE,Marketing Manager,20.99,USD,paypal,disputed,4,,False,4.2,rising_talent,48
TXN-1302425,2024-11-29,Legal Consulting,SG,US,Lawyer,1475.87,USD,credit_card,completed,22,2.9,True,295.17,level_2,48
TXN-1302327,2024-11-30,Music Production,ES,IN,Designer,87.1,USD,bank_transfer,completed,13,4.3,False,17.42,level_2,48
TXN-1302577,2024-11-30,Content Writing,US,IN,Writer,17.37,USD,paypal,completed,3,4.8,True,3.47,level_2,48
TXN-1302255,2024-11-30,AI/ML Development,IN,US,Data Scientist,132.12,USD,credit_card,completed,11,4.8,False,26.42,rising_talent,48
TXN-1302268,2024-11-30,Mobile App,ES,GB,Software Engineer,124.49,EUR,credit_card,completed,17,4.0,True,24.9,rising_talent,48
TXN-1302282,2024-11-30,Graphic Design,US,FR,Designer,241.69,ILS,credit_card,completed,3,5.0,False,48.34,new_seller,48
TXN-1302595,2024-11-30,SEO/SEM,IL,US,Marketing Manager,109.45,USD,paypal,completed,11,2.6,False,21.89,level_2,48
TXN-1302226,2024-11-30,Financial Modeling,US,FR,Accountant,1249.5,USD,paypal,completed,22,4.4,True,249.9,rising_talent,48
TXN-1302585,2024-11-30,Photography,CA,US,Designer,89.31,USD,paypal,completed,2,3.0,True,17.86,rising_talent,48
TXN-1302601,2024-11-30,Virtual Assistant,IN,SG,HR Manager,164.41,USD,crypto,completed,2,4.2,False,32.88,level_2,48
TXN-1302330,2024-11-30,Legal Consulting,IN,GB,Lawyer,242.28,USD,credit_card,completed,15,4.2,False,48.46,rising_talent,48
TXN-1302487,2024-11-30,Content Writing,GB,US,Writer,859.43,USD,paypal,completed,4,4.5,False,171.89,rising_talent,48
TXN-1302507,2024-11-30,Content Writing,US,DE,Writer,653.37,USD,credit_card,completed,2,4.6,False,130.67,level_2,48
TXN-1302521,2024-11-30,Legal Consulting,US,IN,Lawyer,165.92,EUR,credit_card,completed,21,4.1,False,33.18,level_2,48
TXN-1302401,2024-11-30,Legal Consulting,DE,DE,Lawyer,392.79,USD,credit_card,completed,13,4.0,True,78.56,rising_talent,48
TXN-1302501,2024-11-30,Financial Modeling,US,US,Accountant,54.17,USD,credit_card,completed,11,4.2,True,10.83,rising_talent,48
TXN-1302240,2024-11-30,SEO/SEM,US,CA,Marketing Manager,150.85,USD,bank_transfer,completed,13,3.2,False,30.17,level_2,48
TXN-1302393,2024-11-30,Photography,GB,IN,Designer,82.06,USD,credit_card,cancelled,3,,False,16.41,top_rated,48
TXN-1302392,2024-11-30,Virtual Assistant,ZA,BR,HR Manager,42.61,USD,credit_card,completed,1,3.9,False,8.52,level_1,48
TXN-1302385,2024-11-30,Virtual Assistant,US,US,HR Manager,167.87,USD,bank_transfer,completed,2,3.5,False,33.57,level_2,48
TXN-1302408,2024-11-30,Music Production,IN,ES,Designer,134.76,GBP,paypal,completed,5,4.7,True,26.95,level_1,48
TXN-1302439,2024-11-30,SEO/SEM,IN,GB,Marketing Manager,1502.91,USD,credit_card,completed,8,3.2,False,300.58,new_seller,48
TXN-1302247,2024-11-30,Financial Modeling,US,BR,Accountant,70.94,USD,credit_card,completed,6,4.0,True,14.19,level_1,48
TXN-1302547,2024-11-30,Web Development,NL,US,Software Engineer,1073.08,USD,paypal,completed,11,4.6,True,214.62,level_1,48
TXN-1302550,2024-11-30,Legal Consulting,IN,US,Lawyer,265.63,USD,bank_transfer,completed,6,4.2,False,53.13,top_rated,48
TXN-1302459,2024-11-30,Virtual Assistant,FR,US,HR Manager,331.21,USD,paypal,completed,1,2.6,False,66.24,level_2,48
TXN-1302460,2024-11-30,AI/ML Development,US,CA,Data Scientist,110.35,USD,credit_card,completed,30,3.3,True,22.07,level_1,48
TXN-1302566,2024-11-30,Virtual Assistant,GB,DE,HR Manager,268.6,ILS,credit_card,completed,1,3.6,False,53.72,level_2,48
TXN-1302567,2024-11-30,SEO/SEM,DE,US,Marketing Manager,47.63,USD,bank_transfer,completed,13,4.8,False,9.53,level_2,48
TXN-1302453,2024-11-30,Video Production,DE,DE,Designer,483.8,EUR,paypal,completed,6,4.8,True,96.76,level_2,48
TXN-1302270,2024-12-01,Legal Consulting,GB,AU,Lawyer,158.73,USD,paypal,completed,30,2.9,True,31.75,level_2,48
TXN-1302478,2024-12-01,Web Development,DE,BR,Software Engineer,87.12,GBP,bank_transfer,completed,20,4.6,False,17.42,level_1,48
TXN-1302437,2024-12-01,Content Writing,GB,BR,Writer,532.1,USD,bank_transfer,completed,3,4.7,True,106.42,level_1,48
TXN-1302424,2024-12-01,Data Analysis,US,FR,Data Scientist,67.81,GBP,credit_card,completed,5,2.8,False,13.56,level_1,48
TXN-1302470,2024-12-01,Financial Modeling,US,US,Accountant,72.87,GBP,credit_card,completed,5,4.0,True,14.57,level_2,48
TXN-1302419,2024-12-01,Graphic Design,DE,IN,Designer,102.34,USD,paypal,completed,7,4.0,True,20.47,level_2,48
TXN-1302462,2024-12-01,Video Production,DE,JP,Designer,5.0,ILS,paypal,completed,14,4.5,False,1.0,rising_talent,48
TXN-1302417,2024-12-01,Translation,US,US,Writer,82.51,USD,bank_transfer,completed,7,3.6,False,16.5,level_2,48
TXN-1302573,2024-12-01,Photography,US,GB,Designer,560.18,USD,paypal,completed,2,2.8,False,112.04,new_seller,48
TXN-1302402,2024-12-01,Web Development,AU,FR,Software Engineer,109.41,ILS,bank_transfer,completed,19,4.5,True,21.88,rising_talent,48
TXN-1302416,2024-12-01,Virtual Assistant,BR,IN,HR Manager,442.16,ILS,credit_card,completed,2,4.8,False,88.43,level_2,48
TXN-1302337,2024-12-01,Content Writing,NL,SG,Writer,207.26,EUR,paypal,completed,3,4.1,False,41.45,rising_talent,48
TXN-1302347,2024-12-01,Social Media Management,US,US,Marketing Manager,15.55,USD,credit_card,completed,12,4.7,True,3.11,level_2,48
TXN-1302249,2024-12-01,Music Production,IN,GB,Designer,31.08,USD,credit_card,completed,14,2.3,True,6.22,level_1,48
TXN-1302365,2024-12-01,Social Media Management,IN,ES,Marketing Manager,647.29,USD,credit_card,completed,8,3.7,True,129.46,level_1,48
TXN-1302316,2024-12-01,Social Media Management,IN,IN,Marketing Manager,809.3,USD,credit_card,completed,4,4.3,False,161.86,new_seller,48
TXN-1302368,2024-12-01,AI/ML Development,US,ZA,Data Scientist,129.31,USD,paypal,completed,15,4.8,False,25.86,new_seller,48
TXN-1302250,2024-12-01,Video Production,MX,IN,Designer,435.84,USD,credit_card,completed,15,4.1,False,87.17,rising_talent,48
TXN-1302371,2024-12-01,Translation,US,SG,Writer,50.55,GBP,paypal,completed,1,3.3,True,10.11,new_seller,48
TXN-1302307,2024-12-01,Financial Modeling,US,US,Accountant,454.48,USD,credit_card,completed,5,4.5,False,90.9,level_1,48
TXN-1302528,2024-12-01,Virtual Assistant,US,AU,HR Manager,10.41,USD,credit_card,completed,1,3.7,True,2.08,level_2,48
TXN-1302304,2024-12-01,Virtual Assistant,US,GB,HR Manager,1548.05,USD,paypal,completed,2,3.8,True,309.61,level_1,48
TXN-1302230,2024-12-01,Web Development,BR,US,Software Engineer,23.04,USD,credit_card,completed,20,5.0,False,4.61,level_2,48
TXN-1302241,2024-12-01,AI/ML Development,BR,US,Data Scientist,661.78,USD,credit_card,completed,18,4.5,False,132.36,level_2,48
TXN-1302728,2024-12-02,Mobile App,MX,GB,Software Engineer,770.19,EUR,paypal,completed,17,3.9,True,154.04,level_2,49
TXN-1302733,2024-12-02,AI/ML Development,US,ZA,Data Scientist,54.65,USD,paypal,completed,16,3.9,True,10.93,new_seller,49
TXN-1302736,2024-12-02,Graphic Design,MX,IN,Designer,579.13,USD,credit_card,completed,8,3.6,False,115.83,level_1,49
TXN-1302739,2024-12-02,Photography,MX,US,Designer,578.54,GBP,credit_card,completed,4,4.6,False,115.71,new_seller,49
TXN-1302740,2024-12-02,Mobile App,IN,ZA,Software Engineer,3469.72,USD,paypal,completed,29,4.8,False,693.94,top_rated,49
TXN-1302748,2024-12-02,AI/ML Development,US,US,Data Scientist,816.23,USD,credit_card,completed,26,4.1,False,163.25,rising_talent,49
TXN-1302742,2024-12-02,Virtual Assistant,GB,IL,HR Manager,120.09,USD,credit_card,completed,2,4.0,False,24.02,new_seller,49
TXN-1302747,2024-12-02,Music Production,US,US,Designer,122.55,USD,bank_transfer,completed,11,4.4,False,24.51,top_rated,49
TXN-1302743,2024-12-02,AI/ML Development,US,US,Data Scientist,123.43,GBP,bank_transfer,completed,15,4.3,False,24.69,level_2,49
TXN-1302745,2024-12-02,Virtual Assistant,CA,GB,HR Manager,2059.87,USD,paypal,completed,1,4.1,False,411.97,new_seller,49
TXN-1302746,2024-12-02,Photography,IL,IL,Designer,57.58,USD,credit_card,completed,4,4.5,False,11.52,rising_talent,49
TXN-1302726,2024-12-02,Music Production,US,ES,Designer,44.9,GBP,credit_card,completed,6,3.1,True,8.98,level_2,49
TXN-1302741,2024-12-02,Video Production,BR,US,Designer,137.13,GBP,paypal,completed,3,3.2,False,27.43,top_rated,49
TXN-1302724,2024-12-02,Legal Consulting,US,AU,Lawyer,98.18,USD,credit_card,completed,30,3.4,False,19.64,level_2,49
TXN-1302710,2024-12-02,Financial Modeling,SG,FR,Accountant,586.62,USD,bank_transfer,completed,8,3.4,True,117.32,level_1,49
TXN-1302720,2024-12-02,Photography,US,IL,Designer,615.26,USD,credit_card,completed,4,3.6,True,123.05,new_seller,49
TXN-1302718,2024-12-02,SEO/SEM,US,ZA,Marketing Manager,1386.97,USD,credit_card,completed,13,4.7,False,277.39,new_seller,49
TXN-1302717,2024-12-02,Video Production,BR,DE,Designer,500.18,ILS,paypal,completed,9,3.8,False,100.04,rising_talent,49
TXN-1302714,2024-12-02,Mobile App,CA,DE,Software Engineer,78.93,USD,crypto,completed,20,4.7,True,15.79,level_2,49
TXN-1302711,2024-12-02,Legal Consulting,FR,US,Lawyer,39.02,EUR,bank_transfer,completed,14,3.3,True,7.8,level_1,49
TXN-1302707,2024-12-02,Photography,NL,SG,Designer,307.62,USD,bank_transfer,completed,4,4.5,True,61.52,new_seller,49
TXN-1302705,2024-12-02,Translation,GB,ZA,Writer,333.97,USD,credit_card,completed,3,3.4,True,66.79,rising_talent,49
TXN-1302704,2024-12-02,Translation,CA,US,Writer,101.51,USD,credit_card,completed,1,4.3,False,20.3,rising_talent,49
TXN-1302698,2024-12-02,Financial Modeling,US,SG,Accountant,50.51,USD,credit_card,completed,11,4.6,False,10.1,level_2,49
TXN-1302696,2024-12-02,AI/ML Development,IN,GB,Data Scientist,122.74,USD,paypal,completed,22,2.4,False,24.55,level_1,49
TXN-1302695,2024-12-02,Graphic Design,BR,FR,Designer,1002.45,USD,credit_card,completed,5,4.6,False,200.49,level_1,49
TXN-1302749,2024-12-02,Photography,US,FR,Designer,81.21,USD,paypal,completed,5,4.0,False,16.24,level_2,49
TXN-1302694,2024-12-02,Translation,IN,DE,Writer,63.14,USD,credit_card,completed,2,3.9,False,12.63,rising_talent,49
TXN-1302723,2024-12-02,SEO/SEM,IN,CA,Marketing Manager,236.72,USD,credit_card,completed,8,3.8,False,47.34,rising_talent,49
TXN-1302752,2024-12-02,Financial Modeling,IL,FR,Accountant,66.45,USD,paypal,completed,9,4.8,False,13.29,level_2,49
TXN-1302790,2024-12-02,Content Writing,IN,DE,Writer,355.81,EUR,credit_card,completed,3,3.9,False,71.16,top_rated,49
TXN-1302759,2024-12-02,Photography,AU,IN,Designer,348.96,USD,credit_card,completed,4,2.6,False,69.79,level_1,49
TXN-1302816,2024-12-02,Video Production,US,IN,Designer,213.02,EUR,credit_card,completed,8,3.7,False,42.6,level_1,49
TXN-1302809,2024-12-02,Content Writing,IL,JP,Writer,878.27,INR,credit_card,completed,4,4.5,True,175.65,level_2,49
TXN-1302808,2024-12-02,Content Writing,IN,ES,Writer,229.73,USD,paypal,completed,3,4.4,False,45.95,new_seller,49
TXN-1302804,2024-12-02,Music Production,US,FR,Designer,203.77,USD,credit_card,completed,16,5.0,False,40.75,level_1,49
TXN-1302802,2024-12-02,Mobile App,US,US,Software Engineer,6.75,GBP,bank_transfer,completed,30,3.4,False,1.35,rising_talent,49
TXN-1302801,2024-12-02,Mobile App,FR,GB,Software Engineer,204.7,USD,credit_card,completed,15,2.3,False,40.94,level_2,49
TXN-1302800,2024-12-02,Photography,US,US,Designer,16.66,USD,credit_card,completed,2,3.8,True,3.33,level_1,49
TXN-1302798,2024-12-02,Photography,IN,BR,Designer,368.28,EUR,credit_card,completed,4,3.8,True,73.66,level_2,49
TXN-1302797,2024-12-02,Translation,GB,US,Writer,133.83,USD,bank_transfer,completed,1,2.3,False,26.77,new_seller,49
TXN-1302793,2024-12-02,Virtual Assistant,IL,IN,HR Manager,179.04,USD,credit_card,completed,2,4.4,False,35.81,rising_talent,49
TXN-1302792,2024-12-02,Virtual Assistant,GB,US,HR Manager,40.27,USD,bank_transfer,completed,1,3.7,False,8.05,level_1,49
TXN-1302693,2024-12-02,SEO/SEM,GB,MX,Marketing Manager,120.94,GBP,paypal,completed,8,4.4,True,24.19,level_2,49
TXN-1302788,2024-12-02,Translation,US,US,Writer,91.12,EUR,paypal,completed,3,4.0,False,18.22,top_rated,49
TXN-1302787,2024-12-02,Music Production,IN,ES,Designer,352.68,USD,credit_card,completed,8,4.2,False,70.54,rising_talent,49
TXN-1302757,2024-12-02,Graphic Design,US,IN,Designer,204.69,USD,credit_card,disputed,3,,False,40.94,level_2,49
TXN-1302786,2024-12-02,Legal Consulting,IN,IN,Lawyer,137.29,USD,bank_transfer,completed,10,4.5,False,27.46,level_1,49
TXN-1302784,2024-12-02,Data Analysis,IN,GB,Data Scientist,46.57,USD,credit_card,completed,4,4.4,False,9.31,new_seller,49
TXN-1302783,2024-12-02,Content Writing,CA,IL,Writer,84.12,USD,credit_card,completed,1,3.4,False,16.82,level_2,49
TXN-1302782,2024-12-02,Web Development,IN,US,Software Engineer,1071.25,USD,crypto,completed,17,3.5,False,214.25,rising_talent,49
TXN-1302780,2024-12-02,Financial Modeling,FR,FR,Accountant,260.67,USD,bank_transfer,completed,14,3.9,True,52.13,level_1,49
TXN-1302779,2024-12-02,Financial Modeling,IN,IN,Accountant,197.84,USD,credit_card,completed,10,3.9,False,39.57,top_rated,49
TXN-1302778,2024-12-02,Video Production,CA,ES,Designer,412.92,USD,bank_transfer,completed,4,2.4,False,82.58,level_2,49
TXN-1302775,2024-12-02,Content Writing,CA,DE,Writer,945.85,USD,credit_card,disputed,2,,True,189.17,level_1,49
TXN-1302774,2024-12-02,Social Media Management,SG,FR,Marketing Manager,193.63,USD,paypal,completed,3,4.7,False,38.73,level_1,49
TXN-1302771,2024-12-02,Web Development,US,DE,Software Engineer,228.37,INR,credit_card,completed,23,4.7,False,45.67,level_2,49
TXN-1302769,2024-12-02,Translation,BR,US,Writer,213.14,USD,bank_transfer,completed,4,4.0,True,42.63,rising_talent,49
TXN-1302768,2024-12-02,SEO/SEM,ZA,DE,Marketing Manager,198.86,USD,bank_transfer,completed,7,4.5,True,39.77,new_seller,49
TXN-1302765,2024-12-02,Legal Consulting,IN,MX,Lawyer,512.68,USD,credit_card,completed,20,3.6,True,102.54,level_2,49
TXN-1302762,2024-12-02,Graphic Design,US,NL,Designer,215.06,USD,bank_transfer,completed,3,3.7,False,43.01,rising_talent,49
TXN-1302761,2024-12-02,Virtual Assistant,US,BR,HR Manager,81.6,USD,credit_card,completed,1,4.3,True,16.32,level_1,49
TXN-1302785,2024-12-02,Video Production,CA,CA,Designer,79.07,INR,credit_card,completed,10,4.4,True,15.81,top_rated,49
TXN-1302686,2024-12-02,Photography,GB,IN,Designer,128.11,GBP,bank_transfer,completed,3,4.3,False,25.62,level_1,49
TXN-1302703,2024-12-02,Web Development,US,FR,Software Engineer,15.49,USD,credit_card,disputed,16,,False,3.1,new_seller,49
TXN-1302675,2024-12-02,Photography,FR,IL,Designer,4276.61,GBP,paypal,cancelled,6,,True,855.32,new_seller,49
TXN-1302664,2024-12-02,Photography,IN,FR,Designer,157.34,USD,bank_transfer,completed,3,4.6,False,31.47,top_rated,49
TXN-1302639,2024-12-02,Financial Modeling,US,CA,Accountant,126.71,USD,credit_card,completed,11,3.9,False,25.34,level_1,49
TXN-1302636,2024-12-02,Translation,BR,GB,Writer,671.79,USD,credit_card,completed,2,4.3,False,134.36,level_2,49
TXN-1302672,2024-12-02,Data Analysis,BR,IN,Data Scientist,214.03,USD,credit_card,completed,4,4.2,False,42.81,level_2,49
TXN-1302635,2024-12-02,SEO/SEM,US,IN,Marketing Manager,72.48,USD,paypal,completed,13,3.3,False,14.5,top_rated,49
TXN-1302647,2024-12-02,Legal Consulting,IL,US,Lawyer,76.76,USD,bank_transfer,completed,14,3.4,False,15.35,top_rated,49
TXN-1302673,2024-12-02,Graphic Design,CA,IN,Designer,353.07,USD,bank_transfer,completed,3,4.1,False,70.61,level_2,49
TXN-1302641,2024-12-02,Video Production,US,FR,Designer,276.92,USD,credit_card,completed,10,3.8,True,55.38,level_1,49
TXN-1302649,2024-12-02,Music Production,MX,US,Designer,133.0,ILS,credit_card,completed,7,4.2,True,26.6,level_2,49
TXN-1302668,2024-12-02,Music Production,GB,IN,Designer,1134.55,USD,credit_card,completed,14,3.7,False,226.91,level_1,49
TXN-1302646,2024-12-02,Content Writing,US,IN,Writer,597.68,USD,paypal,completed,4,4.5,False,119.54,level_2,49
TXN-1302631,2024-12-02,Mobile App,CA,GB,Software Engineer,631.91,USD,bank_transfer,completed,11,4.5,False,126.38,level_1,49
TXN-1302662,2024-12-02,Video Production,US,IN,Designer,351.97,ILS,paypal,completed,3,4.9,True,70.39,rising_talent,49
TXN-1302667,2024-12-02,Mobile App,GB,FR,Software Engineer,52.72,EUR,credit_card,completed,26,3.3,True,10.54,level_2,49
TXN-1302678,2024-12-02,SEO/SEM,SG,US,Marketing Manager,572.54,USD,credit_card,completed,12,4.3,False,114.51,new_seller,49
TXN-1302630,2024-12-02,Data Analysis,ES,IN,Data Scientist,74.61,EUR,bank_transfer,completed,5,4.2,False,14.92,rising_talent,49
TXN-1302660,2024-12-02,Translation,US,US,Writer,868.24,USD,credit_card,completed,4,4.6,False,173.65,rising_talent,49
TXN-1302643,2024-12-02,AI/ML Development,US,US,Data Scientist,193.26,EUR,credit_card,completed,21,3.3,True,38.65,new_seller,49
TXN-1302625,2024-12-02,Video Production,SG,IN,Designer,954.9,EUR,paypal,completed,9,4.4,False,190.98,level_1,49
TXN-1302626,2024-12-02,Mobile App,DE,US,Software Engineer,580.12,USD,paypal,completed,25,4.1,True,116.02,level_2,49
TXN-1302642,2024-12-02,Video Production,IN,DE,Designer,247.32,USD,credit_card,completed,6,4.4,False,49.46,level_1,49
TXN-1302655,2024-12-02,Social Media Management,DE,US,Marketing Manager,184.4,USD,paypal,completed,5,2.1,False,36.88,level_1,49
TXN-1302627,2024-12-02,Social Media Management,DE,IN,Marketing Manager,1512.2,USD,paypal,completed,14,2.3,False,302.44,new_seller,49
TXN-1302669,2024-12-02,Data Analysis,IN,US,Data Scientist,119.19,USD,credit_card,completed,7,4.6,False,23.84,level_1,49
TXN-1302683,2024-12-02,Music Production,GB,GB,Designer,222.32,USD,credit_card,completed,8,4.7,True,44.46,level_1,49
TXN-1302628,2024-12-02,Data Analysis,US,BR,Data Scientist,132.17,EUR,bank_transfer,completed,22,3.4,False,26.43,level_1,49
TXN-1302680,2024-12-02,Video Production,IL,IN,Designer,42.57,GBP,credit_card,completed,7,3.8,False,8.51,level_2,49
TXN-1302656,2024-12-02,Graphic Design,US,AU,Designer,64.18,USD,paypal,completed,7,4.7,False,12.84,level_2,49
TXN-1302685,2024-12-02,Photography,US,DE,Designer,58.14,EUR,bank_transfer,completed,3,4.1,False,11.63,level_1,49
TXN-1302658,2024-12-02,Translation,FR,JP,Writer,45.94,EUR,crypto,completed,2,4.2,False,9.19,top_rated,49
TXN-1302659,2024-12-02,Translation,DE,US,Writer,188.64,USD,credit_card,completed,4,4.4,False,37.73,level_2,49
TXN-1302682,2024-12-02,Legal Consulting,IN,DE,Lawyer,13.2,USD,credit_card,completed,17,4.0,False,2.64,new_seller,49
TXN-1302621,2024-12-02,Translation,US,SG,Writer,38.71,USD,crypto,completed,4,4.7,False,7.74,rising_talent,49
TXN-1302657,2024-12-03,Social Media Management,BR,US,Marketing Manager,297.68,ILS,crypto,completed,6,4.0,False,59.54,new_seller,49
TXN-1302734,2024-12-03,Video Production,US,GB,Designer,79.96,USD,paypal,disputed,8,,False,15.99,level_1,49
TXN-1302764,2024-12-03,Video Production,MX,IN,Designer,121.62,USD,credit_card,completed,9,2.4,False,24.32,level_2,49
TXN-1302738,2024-12-03,Mobile App,IN,JP,Software Engineer,68.12,USD,credit_card,completed,22,4.8,False,13.62,level_2,49
TXN-1302661,2024-12-03,Legal Consulting,IN,US,Lawyer,107.6,USD,credit_card,completed,21,4.9,False,21.52,level_2,49
TXN-1302814,2024-12-03,Social Media Management,GB,US,Marketing Manager,47.47,EUR,paypal,completed,10,4.5,True,9.49,level_2,49
TXN-1302755,2024-12-03,Data Analysis,US,IL,Data Scientist,196.64,USD,credit_card,completed,8,3.9,False,39.33,level_1,49
TXN-1302767,2024-12-03,Translation,IL,SG,Writer,762.19,GBP,credit_card,completed,3,4.3,True,152.44,level_2,49
TXN-1302645,2024-12-03,Music Production,IN,CA,Designer,186.72,USD,paypal,completed,17,3.3,False,37.34,level_2,49
TXN-1302622,2024-12-03,Photography,GB,IN,Designer,221.88,INR,credit_card,completed,3,4.6,True,44.38,level_2,49
TXN-1302644,2024-12-03,SEO/SEM,IL,GB,Marketing Manager,204.05,USD,credit_card,completed,8,4.4,False,40.81,level_2,49
TXN-1302687,2024-12-03,Mobile App,IN,BR,Software Engineer,157.99,USD,paypal,completed,23,4.9,False,31.6,level_1,49
TXN-1302690,2024-12-03,Legal Consulting,DE,BR,Lawyer,765.89,INR,paypal,completed,6,3.7,True,153.18,level_2,49
TXN-1302691,2024-12-03,Video Production,US,IN,Designer,78.52,USD,paypal,completed,7,3.4,True,15.7,rising_talent,49
TXN-1302795,2024-12-03,Video Production,US,US,Designer,88.2,USD,crypto,completed,5,4.8,False,17.64,new_seller,49
TXN-1302699,2024-12-03,Photography,ZA,US,Designer,36.44,USD,credit_card,cancelled,9,,True,7.29,level_2,49
TXN-1302729,2024-12-03,AI/ML Development,BR,MX,Data Scientist,104.76,USD,credit_card,completed,18,4.4,False,20.95,rising_talent,49
TXN-1302676,2024-12-03,AI/ML Development,MX,IN,Data Scientist,94.86,USD,bank_transfer,completed,13,3.6,False,18.97,rising_talent,49
TXN-1302652,2024-12-03,Virtual Assistant,IN,IN,HR Manager,633.86,USD,credit_card,completed,2,3.1,False,126.77,new_seller,49
TXN-1302818,2024-12-03,Legal Consulting,GB,US,Lawyer,154.6,USD,paypal,completed,17,3.0,True,30.92,level_2,49
TXN-1302716,2024-12-03,Financial Modeling,ES,IN,Accountant,549.92,USD,bank_transfer,completed,6,4.1,True,109.98,level_2,49
TXN-1302671,2024-12-03,AI/ML Development,IN,US,Data Scientist,41.99,USD,credit_card,completed,19,4.3,True,8.4,level_1,49
TXN-1302727,2024-12-03,Web Development,MX,SG,Software Engineer,288.34,USD,credit_card,completed,19,3.7,True,57.67,level_1,49
TXN-1302708,2024-12-03,Video Production,US,US,Designer,151.54,USD,credit_card,completed,6,4.1,False,30.31,top_rated,49
TXN-1302632,2024-12-04,Graphic Design,US,IN,Designer,354.31,USD,credit_card,completed,4,2.2,True,70.86,level_2,49
TXN-1302629,2024-12-04,Video Production,GB,ES,Designer,641.23,USD,paypal,completed,11,4.8,False,128.25,level_1,49
TXN-1302794,2024-12-04,Translation,GB,IN,Writer,352.17,USD,credit_card,completed,2,4.1,False,70.43,rising_talent,49
TXN-1302807,2024-12-04,Music Production,CA,GB,Designer,148.0,USD,crypto,completed,10,4.4,False,29.6,top_rated,49
TXN-1302758,2024-12-04,Video Production,IN,GB,Designer,133.54,USD,credit_card,completed,11,3.4,False,26.71,top_rated,49
TXN-1302796,2024-12-04,Graphic Design,US,US,Designer,344.03,USD,paypal,completed,5,3.0,False,68.81,top_rated,49
TXN-1302754,2024-12-04,Content Writing,ES,ZA,Writer,184.32,USD,credit_card,completed,3,4.9,False,36.86,level_2,49
TXN-1302791,2024-12-04,Financial Modeling,NL,US,Accountant,156.08,USD,credit_card,completed,17,3.6,False,31.22,rising_talent,49
TXN-1302623,2024-12-04,Music Production,DE,US,Designer,76.63,GBP,paypal,completed,18,3.9,True,15.33,new_seller,49
TXN-1302722,2024-12-04,Data Analysis,SG,US,Data Scientist,752.78,USD,bank_transfer,completed,5,2.7,True,150.56,level_1,49
TXN-1302689,2024-12-04,Translation,US,US,Writer,50.21,INR,paypal,completed,3,4.2,True,10.04,level_2,49
TXN-1302731,2024-12-04,Mobile App,US,US,Software Engineer,27.82,USD,credit_card,completed,24,3.4,True,5.56,rising_talent,49
TXN-1302681,2024-12-04,SEO/SEM,IN,US,Marketing Manager,221.32,USD,credit_card,completed,11,5.0,False,44.26,rising_talent,49
TXN-1302679,2024-12-04,Web Development,BR,US,Software Engineer,120.3,USD,crypto,completed,12,3.6,False,24.06,new_seller,49
TXN-1302744,2024-12-04,SEO/SEM,BR,CA,Marketing Manager,562.64,USD,credit_card,completed,7,4.9,False,112.53,rising_talent,49
TXN-1302712,2024-12-04,Translation,US,US,Writer,51.32,USD,credit_card,completed,3,3.7,True,10.26,new_seller,49
TXN-1302735,2024-12-04,Financial Modeling,CA,NL,Accountant,56.6,USD,credit_card,completed,7,4.6,False,11.32,top_rated,49
TXN-1302709,2024-12-04,Translation,US,IL,Writer,154.93,USD,credit_card,completed,1,2.6,False,30.99,level_1,49
TXN-1302751,2024-12-05,Graphic Design,US,US,Designer,36.4,USD,bank_transfer,completed,4,3.6,False,7.28,new_seller,49
TXN-1302638,2024-12-05,Photography,DE,IN,Designer,140.87,EUR,credit_card,completed,3,4.2,True,28.17,top_rated,49
TXN-1302677,2024-12-05,Music Production,MX,US,Designer,1377.77,USD,credit_card,completed,11,4.4,False,275.55,new_seller,49
TXN-1302776,2024-12-05,Legal Consulting,IN,GB,Lawyer,100.56,USD,paypal,completed,12,4.1,False,20.11,level_2,49
TXN-1302702,2024-12-05,Social Media Management,FR,BR,Marketing Manager,98.9,USD,paypal,completed,6,3.5,True,19.78,level_2,49
TXN-1302697,2024-12-05,Mobile App,IN,IN,Software Engineer,168.87,USD,credit_card,completed,20,4.6,False,33.77,top_rated,49
TXN-1302692,2024-12-05,SEO/SEM,GB,AU,Marketing Manager,59.66,USD,credit_card,cancelled,7,,True,11.93,level_1,49
TXN-1302799,2024-12-05,Social Media Management,US,FR,Marketing Manager,202.87,USD,credit_card,completed,4,2.1,False,40.57,level_1,49
TXN-1302706,2024-12-05,Web Development,US,SG,Software Engineer,277.41,USD,credit_card,completed,15,3.6,True,55.48,rising_talent,49
TXN-1302666,2024-12-05,Web Development,IN,US,Software Engineer,66.12,USD,paypal,completed,16,4.2,False,13.22,level_1,49
TXN-1302813,2024-12-05,AI/ML Development,GB,US,Data Scientist,237.91,USD,bank_transfer,completed,24,2.2,False,47.58,top_rated,49
TXN-1302811,2024-12-05,SEO/SEM,GB,MX,Marketing Manager,16.08,ILS,paypal,completed,5,3.9,True,3.22,level_2,49
TXN-1302650,2024-12-05,Photography,NL,US,Designer,456.52,USD,paypal,completed,2,4.4,False,91.3,level_2,49
TXN-1302803,2024-12-05,Virtual Assistant,CA,IN,HR Manager,725.64,USD,credit_card,completed,3,3.8,False,145.13,rising_talent,49
TXN-1302756,2024-12-05,AI/ML Development,US,IL,Data Scientist,279.25,USD,credit_card,completed,17,2.5,False,55.85,level_1,49
TXN-1302653,2024-12-05,Video Production,US,GB,Designer,42.09,USD,bank_transfer,completed,3,3.9,True,8.42,rising_talent,49
TXN-1302753,2024-12-06,Data Analysis,US,IN,Data Scientist,558.02,USD,paypal,completed,8,4.8,False,111.6,level_1,49
TXN-1302737,2024-12-06,SEO/SEM,AU,IN,Marketing Manager,169.68,EUR,credit_card,completed,14,4.7,True,33.94,level_2,49
TXN-1302648,2024-12-06,Legal Consulting,BR,IN,Lawyer,319.2,USD,bank_transfer,completed,11,4.2,False,63.84,top_rated,49
TXN-1302812,2024-12-06,Translation,US,US,Writer,159.03,USD,paypal,completed,6,4.2,True,31.81,new_seller,49
TXN-1302772,2024-12-06,Web Development,IN,IN,Software Engineer,91.99,GBP,paypal,completed,12,3.2,True,18.4,new_seller,49
TXN-1302651,2024-12-06,Social Media Management,IN,IL,Marketing Manager,45.88,USD,credit_card,completed,6,3.7,False,9.18,rising_talent,49
TXN-1302670,2024-12-06,Graphic Design,MX,US,Designer,79.71,GBP,paypal,completed,3,3.7,True,15.94,level_2,49
TXN-1302719,2024-12-06,Social Media Management,US,IL,Marketing Manager,15.55,EUR,paypal,completed,6,4.5,False,3.11,level_1,49
TXN-1302688,2024-12-06,SEO/SEM,BR,BR,Marketing Manager,306.09,USD,credit_card,completed,5,4.8,True,61.22,level_2,49
TXN-1302640,2024-12-06,Photography,IL,IN,Designer,387.47,USD,credit_card,completed,4,3.7,False,77.49,new_seller,49
TXN-1302730,2024-12-06,Music Production,FR,IN,Designer,60.04,USD,credit_card,completed,8,4.6,False,12.01,level_2,49
TXN-1302624,2024-12-06,SEO/SEM,IL,IN,Marketing Manager,234.31,USD,credit_card,completed,12,3.8,False,46.86,new_seller,49
TXN-1302725,2024-12-06,Legal Consulting,IN,GB,Lawyer,53.78,ILS,credit_card,completed,15,4.8,False,10.76,top_rated,49
TXN-1302665,2024-12-06,Legal Consulting,ES,US,Lawyer,203.71,GBP,crypto,completed,13,4.9,False,40.74,level_1,49
TXN-1302701,2024-12-06,Social Media Management,US,AU,Marketing Manager,63.02,USD,bank_transfer,completed,9,4.1,False,12.6,new_seller,49
TXN-1302700,2024-12-06,Video Production,FR,ES,Designer,60.73,GBP,credit_card,completed,9,4.3,True,12.15,level_2,49
TXN-1302750,2024-12-07,Virtual Assistant,US,MX,HR Manager,51.71,USD,credit_card,disputed,1,,False,10.34,level_1,49
TXN-1302663,2024-12-07,Financial Modeling,IN,BR,Accountant,34.16,USD,crypto,completed,6,4.2,False,6.83,rising_talent,49
TXN-1302806,2024-12-07,Virtual Assistant,BR,GB,HR Manager,352.33,EUR,credit_card,completed,2,4.3,True,70.47,rising_talent,49
TXN-1302766,2024-12-07,Legal Consulting,ES,MX,Lawyer,219.48,USD,crypto,completed,13,1.0,False,43.9,rising_talent,49
TXN-1302715,2024-12-07,Graphic Design,DE,US,Designer,343.99,USD,bank_transfer,completed,6,2.6,False,68.8,new_seller,49
TXN-1302815,2024-12-07,Data Analysis,GB,JP,Data Scientist,102.5,USD,credit_card,completed,7,4.4,False,20.5,rising_talent,49
TXN-1302721,2024-12-07,Music Production,ZA,DE,Designer,100.78,USD,paypal,completed,4,4.0,False,20.16,level_1,49
TXN-1302777,2024-12-07,Legal Consulting,GB,BR,Lawyer,1106.09,USD,crypto,completed,16,5.0,False,221.22,new_seller,49
TXN-1302817,2024-12-08,Financial Modeling,ES,IN,Accountant,479.06,USD,paypal,completed,7,2.6,True,95.81,top_rated,49
TXN-1302805,2024-12-08,Photography,IN,US,Designer,44.72,USD,bank_transfer,completed,1,4.4,True,8.94,level_1,49
TXN-1302810,2024-12-08,Mobile App,IN,DE,Software Engineer,274.57,USD,bank_transfer,completed,30,3.6,True,54.91,level_2,49
TXN-1302684,2024-12-08,Mobile App,IN,FR,Software Engineer,10.36,USD,paypal,completed,14,2.7,True,2.07,level_2,49
TXN-1302633,2024-12-08,Mobile App,ZA,SG,Software Engineer,343.09,USD,credit_card,completed,26,4.1,True,68.62,rising_talent,49
TXN-1302789,2024-12-08,Web Development,FR,GB,Software Engineer,167.16,USD,paypal,completed,9,4.9,False,33.43,level_2,49
TXN-1302713,2024-12-08,Translation,US,DE,Writer,63.0,USD,paypal,completed,2,4.7,False,12.6,level_2,49
TXN-1302732,2024-12-08,Translation,IL,US,Writer,94.48,USD,credit_card,completed,2,4.8,False,18.9,new_seller,49
TXN-1302654,2024-12-08,Photography,DE,US,Designer,106.08,INR,paypal,completed,5,3.8,False,21.22,level_2,49
TXN-1302760,2024-12-08,Music Production,FR,JP,Designer,37.18,USD,credit_card,completed,13,4.3,False,7.44,rising_talent,49
TXN-1302674,2024-12-08,Web Development,SG,DE,Software Engineer,278.2,USD,paypal,completed,10,4.9,False,55.64,level_2,49
TXN-1302770,2024-12-08,Video Production,US,GB,Designer,119.84,USD,credit_card,completed,6,4.5,False,23.97,top_rated,49
TXN-1302773,2024-12-08,Financial Modeling,GB,DE,Accountant,76.29,USD,credit_card,completed,15,3.7,False,15.26,rising_talent,49
TXN-1302781,2024-12-08,Web Development,IN,DE,Software Engineer,43.21,USD,paypal,completed,19,2.1,False,8.64,rising_talent,49
TXN-1302637,2024-12-08,Social Media Management,US,US,Marketing Manager,96.07,ILS,paypal,completed,8,3.2,True,19.21,new_seller,49
TXN-1302634,2024-12-08,Legal Consulting,FR,US,Lawyer,1748.27,USD,credit_card,disputed,11,,True,349.65,rising_talent,49
TXN-1302763,2024-12-08,Social Media Management,US,US,Marketing Manager,82.23,USD,credit_card,completed,7,4.2,True,16.45,rising_talent,49
TXN-1303062,2024-12-09,Virtual Assistant,GB,DE,HR Manager,24.18,EUR,credit_card,completed,1,2.5,False,4.84,rising_talent,50
TXN-1303064,2024-12-09,Web Development,DE,BR,Software Engineer,100.55,GBP,credit_card,completed,9,4.1,True,20.11,rising_talent,50
TXN-1303010,2024-12-09,Graphic Design,US,US,Designer,172.71,ILS,credit_card,completed,1,4.4,True,34.54,level_1,50
TXN-1302997,2024-12-09,Virtual Assistant,GB,IN,HR Manager,794.79,USD,credit_card,completed,1,4.0,False,158.96,level_1,50
TXN-1302986,2024-12-09,Video Production,ES,US,Designer,110.13,USD,paypal,completed,5,4.7,True,22.03,new_seller,50
TXN-1302852,2024-12-09,Legal Consulting,SG,ES,Lawyer,177.06,USD,paypal,completed,15,4.0,False,35.41,top_rated,50
TXN-1302850,2024-12-09,Data Analysis,DE,IN,Data Scientist,18.77,USD,bank_transfer,completed,13,4.9,True,3.75,level_2,50
TXN-1303079,2024-12-09,Music Production,IN,BR,Designer,255.81,USD,paypal,completed,7,4.8,False,51.16,new_seller,50
TXN-1303015,2024-12-09,Web Development,IL,US,Software Engineer,72.42,GBP,paypal,completed,26,3.1,False,14.48,level_2,50
TXN-1302914,2024-12-09,Photography,BR,GB,Designer,251.64,ILS,bank_transfer,completed,3,4.4,False,50.33,level_1,50
TXN-1302996,2024-12-09,Mobile App,DE,SG,Software Engineer,279.53,USD,credit_card,completed,27,3.9,True,55.91,level_1,50
TXN-1303052,2024-12-09,AI/ML Development,US,BR,Data Scientist,441.4,USD,bank_transfer,completed,11,4.9,True,88.28,level_1,50
TXN-1302875,2024-12-09,Data Analysis,GB,NL,Data Scientist,51.68,USD,paypal,completed,20,3.5,False,10.34,level_1,50
TXN-1302871,2024-12-09,Photography,CA,FR,Designer,386.18,USD,credit_card,completed,3,4.9,False,77.24,rising_talent,50
TXN-1303039,2024-12-09,Photography,US,GB,Designer,179.53,USD,credit_card,cancelled,2,,True,35.91,level_1,50
TXN-1303036,2024-12-09,Content Writing,SG,GB,Writer,1023.55,USD,paypal,completed,2,4.4,False,204.71,level_2,50
TXN-1303082,2024-12-09,Music Production,US,GB,Designer,194.11,INR,bank_transfer,completed,12,4.3,False,38.82,top_rated,50
TXN-1303025,2024-12-09,Data Analysis,FR,US,Data Scientist,25.87,USD,credit_card,cancelled,3,,False,5.17,new_seller,50
TXN-1303035,2024-12-09,Graphic Design,IN,US,Designer,177.81,USD,paypal,completed,6,4.9,True,35.56,level_1,50
TXN-1302878,2024-12-09,Data Analysis,DE,FR,Data Scientist,379.05,USD,bank_transfer,completed,4,4.5,True,75.81,rising_talent,50
TXN-1302889,2024-12-09,SEO/SEM,US,ZA,Marketing Manager,188.82,USD,paypal,completed,11,4.5,False,37.76,level_1,50
TXN-1303032,2024-12-09,Photography,BR,IN,Designer,161.51,INR,bank_transfer,completed,5,4.1,False,32.3,level_1,50
TXN-1302881,2024-12-09,Financial Modeling,US,IN,Accountant,113.16,INR,credit_card,completed,13,4.9,False,22.63,level_1,50
TXN-1302882,2024-12-09,Content Writing,IN,US,Writer,144.63,EUR,credit_card,completed,4,2.9,True,28.93,level_1,50
TXN-1303022,2024-12-09,Data Analysis,ZA,GB,Data Scientist,220.31,USD,bank_transfer,completed,4,3.1,False,44.06,level_2,50
TXN-1302887,2024-12-09,Photography,SG,AU,Designer,70.13,USD,credit_card,completed,5,4.4,True,14.03,new_seller,50
TXN-1302915,2024-12-09,Data Analysis,ES,BR,Data Scientist,359.23,USD,paypal,completed,5,4.3,False,71.85,level_2,50
TXN-1302918,2024-12-09,Content Writing,IN,GB,Writer,295.12,USD,credit_card,completed,4,4.1,False,59.02,level_1,50
TXN-1302936,2024-12-09,Video Production,ZA,ES,Designer,127.26,USD,paypal,completed,3,4.8,False,25.45,level_1,50
TXN-1302822,2024-12-09,Music Production,ZA,MX,Designer,54.0,USD,credit_card,completed,13,3.8,True,10.8,level_1,50
TXN-1303126,2024-12-09,Social Media Management,AU,CA,Marketing Manager,227.43,USD,credit_card,completed,4,5.0,False,45.49,level_2,50
TXN-1302824,2024-12-09,SEO/SEM,CA,CA,Marketing Manager,147.3,ILS,bank_transfer,completed,17,4.9,False,29.46,level_2,50
TXN-1302931,2024-12-09,Mobile App,ES,GB,Software Engineer,83.08,USD,credit_card,completed,7,4.7,True,16.62,level_2,50
TXN-1302930,2024-12-09,Translation,MX,ZA,Writer,253.96,EUR,paypal,completed,5,4.3,False,50.79,new_seller,50
TXN-1303120,2024-12-09,Virtual Assistant,GB,US,HR Manager,70.18,ILS,bank_transfer,completed,1,4.8,False,14.04,new_seller,50
TXN-1303117,2024-12-09,Video Production,IL,US,Designer,1052.66,USD,credit_card,completed,13,4.9,False,210.53,level_1,50
TXN-1302981,2024-12-09,Content Writing,DE,US,Writer,181.59,USD,paypal,completed,2,4.8,False,36.32,level_1,50
TXN-1303110,2024-12-09,Video Production,ZA,US,Designer,791.82,USD,bank_transfer,completed,6,4.7,True,158.36,level_2,50
TXN-1303102,2024-12-09,SEO/SEM,US,CA,Marketing Manager,623.68,USD,paypal,completed,14,3.9,False,124.74,level_1,50
TXN-1303095,2024-12-09,Graphic Design,GB,IL,Designer,117.52,USD,bank_transfer,completed,5,4.0,False,23.5,level_1,50
TXN-1302884,2024-12-09,Translation,DE,US,Writer,32.29,USD,paypal,cancelled,2,,False,6.46,rising_talent,50
TXN-1302841,2024-12-09,Translation,AU,US,Writer,28.55,INR,crypto,completed,3,4.9,False,5.71,new_seller,50
TXN-1303092,2024-12-09,Social Media Management,DE,US,Marketing Manager,792.01,USD,paypal,completed,3,4.7,False,158.4,rising_talent,50
TXN-1303093,2024-12-09,Data Analysis,JP,IN,Data Scientist,454.17,USD,credit_card,completed,7,3.9,True,90.83,level_1,50
TXN-1302973,2024-12-09,Graphic Design,MX,US,Designer,162.1,USD,credit_card,completed,2,3.0,False,32.42,level_1,50
TXN-1303009,2024-12-10,Content Writing,US,US,Writer,153.37,USD,paypal,completed,3,4.1,True,30.67,top_rated,50
TXN-1302938,2024-12-10,Web Development,IN,BR,Software Engineer,356.53,USD,credit_card,completed,19,4.9,False,71.31,rising_talent,50
TXN-1302937,2024-12-10,Translation,DE,AU,Writer,40.34,GBP,credit_card,cancelled,1,,False,8.07,rising_talent,50
TXN-1302975,2024-12-10,Data Analysis,US,US,Data Scientist,121.93,USD,paypal,completed,11,3.9,True,24.39,level_2,50
TXN-1302957,2024-12-10,Virtual Assistant,ES,NL,HR Manager,575.61,USD,credit_card,completed,2,4.2,False,115.12,rising_talent,50
TXN-1302913,2024-12-10,Web Development,FR,GB,Software Engineer,489.29,ILS,credit_card,completed,14,4.5,True,97.86,level_1,50
TXN-1302921,2024-12-10,Photography,FR,US,Designer,482.14,USD,paypal,completed,3,3.6,False,96.43,level_1,50
TXN-1302959,2024-12-10,Data Analysis,US,GB,Data Scientist,75.56,EUR,credit_card,completed,8,4.3,True,15.11,level_1,50
TXN-1302910,2024-12-10,Translation,ZA,US,Writer,63.03,USD,bank_transfer,completed,2,4.7,False,12.61,rising_talent,50
TXN-1302908,2024-12-10,SEO/SEM,IN,IN,Marketing Manager,12.42,USD,crypto,completed,6,3.4,False,2.48,rising_talent,50
TXN-1303021,2024-12-10,AI/ML Development,SG,GB,Data Scientist,126.41,USD,paypal,completed,18,3.3,False,25.28,new_seller,50
TXN-1302965,2024-12-10,AI/ML Development,IN,DE,Data Scientist,180.18,USD,paypal,completed,30,4.1,False,36.04,level_1,50
TXN-1302894,2024-12-10,AI/ML Development,GB,IN,Data Scientist,1116.7,USD,credit_card,completed,26,4.9,False,223.34,rising_talent,50
TXN-1302925,2024-12-10,SEO/SEM,NL,US,Marketing Manager,103.75,USD,paypal,completed,14,4.4,False,20.75,rising_talent,50
TXN-1302990,2024-12-10,Translation,SG,US,Writer,87.28,USD,credit_card,completed,3,3.9,False,17.46,level_1,50
TXN-1303011,2024-12-10,Data Analysis,MX,BR,Data Scientist,14.02,EUR,credit_card,completed,12,4.2,True,2.8,new_seller,50
TXN-1302995,2024-12-10,Translation,US,AU,Writer,280.47,USD,paypal,completed,4,4.1,True,56.09,level_2,50
TXN-1302905,2024-12-10,SEO/SEM,US,US,Marketing Manager,100.18,EUR,bank_transfer,completed,10,3.1,True,20.04,level_1,50
TXN-1302969,2024-12-10,Music Production,US,DE,Designer,150.93,USD,credit_card,completed,10,4.1,True,30.19,level_2,50
TXN-1302927,2024-12-10,Data Analysis,AU,US,Data Scientist,218.82,USD,bank_transfer,completed,7,4.7,False,43.76,level_1,50
TXN-1302897,2024-12-10,Graphic Design,MX,US,Designer,870.76,USD,paypal,completed,4,3.2,True,174.15,rising_talent,50
TXN-1302873,2024-12-10,Virtual Assistant,US,DE,HR Manager,36.1,EUR,paypal,completed,3,4.3,False,7.22,new_seller,50
TXN-1303088,2024-12-10,Translation,US,US,Writer,230.82,USD,credit_card,completed,6,4.6,False,46.16,top_rated,50
TXN-1302856,2024-12-10,Graphic Design,BR,FR,Designer,26.79,EUR,crypto,completed,5,4.0,True,5.36,level_1,50
TXN-1303077,2024-12-10,Video Production,US,AU,Designer,104.48,USD,paypal,completed,8,4.2,False,20.9,rising_talent,50
TXN-1302859,2024-12-10,SEO/SEM,ES,ZA,Marketing Manager,74.8,USD,credit_card,completed,7,2.9,True,14.96,level_1,50
TXN-1302843,2024-12-10,Translation,BR,DE,Writer,273.38,USD,paypal,completed,3,4.7,False,54.68,rising_talent,50
TXN-1302826,2024-12-10,Graphic Design,IN,US,Designer,196.15,ILS,credit_card,completed,4,2.4,True,39.23,level_1,50
TXN-1302885,2024-12-10,AI/ML Development,GB,IN,Data Scientist,90.5,USD,credit_card,completed,13,4.3,True,18.1,level_2,50
TXN-1303068,2024-12-10,Financial Modeling,US,DE,Accountant,48.62,USD,paypal,completed,12,3.6,False,9.72,level_1,50
TXN-1303097,2024-12-10,AI/ML Development,US,US,Data Scientist,53.92,USD,paypal,completed,8,4.1,False,10.78,level_1,50
TXN-1302855,2024-12-10,Video Production,NL,ES,Designer,13.57,USD,credit_card,completed,10,2.8,False,2.71,top_rated,50
TXN-1302821,2024-12-10,Social Media Management,AU,US,Marketing Manager,782.68,USD,credit_card,completed,10,4.5,False,156.54,level_1,50
TXN-1303084,2024-12-10,Legal Consulting,CA,NL,Lawyer,262.36,EUR,paypal,completed,12,3.7,True,52.47,level_1,50
TXN-1303055,2024-12-10,Web Development,FR,BR,Software Engineer,112.86,USD,credit_card,completed,23,4.6,True,22.57,level_2,50
TXN-1303048,2024-12-10,Content Writing,GB,SG,Writer,36.08,USD,credit_card,completed,1,4.5,False,7.22,level_2,50
TXN-1302876,2024-12-10,Mobile App,IN,JP,Software Engineer,92.85,USD,credit_card,completed,14,3.5,True,18.57,level_2,50
TXN-1303129,2024-12-10,Financial Modeling,BR,US,Accountant,58.04,GBP,credit_card,disputed,8,,False,11.61,level_1,50
TXN-1302819,2024-12-10,Photography,FR,DE,Designer,84.81,USD,credit_card,completed,3,4.2,False,16.96,level_1,50
TXN-1302883,2024-12-10,Mobile App,AU,FR,Software Engineer,46.46,EUR,credit_card,completed,25,3.6,True,9.29,top_rated,50
TXN-1303056,2024-12-10,Graphic Design,IN,DE,Designer,20.99,GBP,credit_card,completed,6,4.5,False,4.2,level_1,50
TXN-1302853,2024-12-10,Content Writing,US,CA,Writer,29.25,USD,bank_transfer,completed,1,4.6,False,5.85,new_seller,50
TXN-1303094,2024-12-11,Financial Modeling,JP,DE,Accountant,27.99,GBP,bank_transfer,completed,12,3.7,True,5.6,level_1,50
TXN-1302966,2024-12-11,Data Analysis,IN,GB,Data Scientist,174.16,USD,credit_card,completed,4,4.8,False,34.83,level_2,50
TXN-1303091,2024-12-11,Graphic Design,DE,US,Designer,110.18,USD,paypal,completed,13,3.1,True,22.04,level_2,50
TXN-1303031,2024-12-11,Virtual Assistant,US,GB,HR Manager,96.91,USD,bank_transfer,completed,7,3.9,True,19.38,level_2,50
TXN-1303115,2024-12-11,Web Development,US,DE,Software Engineer,286.97,USD,paypal,completed,11,3.8,False,57.39,rising_talent,50
TXN-1303119,2024-12-11,SEO/SEM,US,MX,Marketing Manager,324.37,USD,bank_transfer,completed,22,4.3,True,64.87,new_seller,50
TXN-1302960,2024-12-11,Web Development,AU,IN,Software Engineer,24.18,USD,paypal,completed,14,4.7,True,4.84,level_2,50
TXN-1303123,2024-12-11,Translation,US,GB,Writer,116.87,USD,credit_card,completed,1,4.5,False,23.37,level_2,50
TXN-1302958,2024-12-11,Content Writing,US,DE,Writer,35.19,USD,paypal,completed,2,4.1,True,7.04,rising_talent,50
TXN-1302954,2024-12-11,SEO/SEM,US,IN,Marketing Manager,237.04,EUR,paypal,completed,9,4.8,True,47.41,level_1,50
TXN-1302950,2024-12-11,Graphic Design,GB,SG,Designer,69.23,EUR,bank_transfer,completed,3,4.8,False,13.85,new_seller,50
TXN-1302948,2024-12-11,Web Development,US,DE,Software Engineer,13.4,USD,credit_card,cancelled,14,,False,2.68,level_1,50
TXN-1303111,2024-12-11,Graphic Design,GB,FR,Designer,695.59,USD,credit_card,completed,4,3.6,False,139.12,level_2,50
TXN-1303122,2024-12-11,Photography,US,BR,Designer,758.93,USD,paypal,completed,2,4.2,True,151.79,top_rated,50
TXN-1303078,2024-12-11,Photography,GB,ZA,Designer,975.74,USD,credit_card,completed,2,4.5,False,195.15,rising_talent,50
TXN-1303085,2024-12-11,Virtual Assistant,IN,US,HR Manager,178.03,USD,credit_card,completed,1,3.6,False,35.61,level_1,50
TXN-1303029,2024-12-11,Graphic Design,CA,US,Designer,51.58,EUR,credit_card,completed,3,4.0,True,10.32,level_1,50
TXN-1303133,2024-12-11,Web Development,DE,JP,Software Engineer,43.46,USD,credit_card,cancelled,10,,True,8.69,rising_talent,50
TXN-1303027,2024-12-11,Graphic Design,US,US,Designer,255.63,USD,paypal,completed,7,3.9,False,51.13,new_seller,50
TXN-1303044,2024-12-11,Graphic Design,US,GB,Designer,17.39,USD,credit_card,completed,5,3.5,False,3.48,rising_talent,50
TXN-1303016,2024-12-11,Photography,GB,IN,Designer,869.33,GBP,paypal,completed,4,4.3,True,173.87,level_1,50
TXN-1303058,2024-12-11,Photography,FR,US,Designer,52.74,USD,paypal,completed,3,3.1,False,10.55,top_rated,50
TXN-1303060,2024-12-11,SEO/SEM,US,GB,Marketing Manager,565.91,USD,bank_transfer,completed,13,4.7,True,113.18,level_2,50
TXN-1303069,2024-12-11,Graphic Design,DE,US,Designer,87.35,USD,credit_card,completed,7,3.7,False,17.47,level_1,50
TXN-1303004,2024-12-11,Video Production,US,MX,Designer,752.13,EUR,paypal,completed,5,4.8,True,150.43,new_seller,50
TXN-1303003,2024-12-11,Web Development,AU,FR,Software Engineer,90.29,GBP,paypal,completed,9,4.0,False,18.06,level_2,50
TXN-1303070,2024-12-11,Graphic Design,US,GB,Designer,5.0,USD,bank_transfer,cancelled,3,,True,1.0,level_1,50
TXN-1303074,2024-12-11,Virtual Assistant,AU,GB,HR Manager,66.5,USD,bank_transfer,completed,1,1.0,False,13.3,top_rated,50
TXN-1303075,2024-12-11,Translation,ES,GB,Writer,71.44,EUR,paypal,cancelled,5,,False,14.29,new_seller,50
TXN-1302989,2024-12-11,Financial Modeling,GB,US,Accountant,31.81,INR,bank_transfer,completed,7,4.5,False,6.36,level_1,50
TXN-1302985,2024-12-11,Social Media Management,DE,US,Marketing Manager,45.94,USD,credit_card,completed,12,4.7,False,9.19,level_1,50
TXN-1303080,2024-12-11,SEO/SEM,SG,GB,Marketing Manager,46.88,USD,credit_card,disputed,6,,True,9.38,top_rated,50
TXN-1302982,2024-12-11,Data Analysis,US,US,Data Scientist,717.31,EUR,bank_transfer,completed,10,4.1,False,143.46,level_2,50
TXN-1302977,2024-12-11,Legal Consulting,US,GB,Lawyer,749.99,USD,credit_card,completed,10,4.5,False,150.0,level_1,50
TXN-1302943,2024-12-11,Photography,MX,BR,Designer,70.36,USD,credit_card,completed,6,3.6,True,14.07,new_seller,50
TXN-1303033,2024-12-11,Legal Consulting,JP,CA,Lawyer,202.51,GBP,paypal,completed,11,3.1,False,40.5,rising_talent,50
TXN-1302916,2024-12-11,Web Development,US,US,Software Engineer,54.96,USD,bank_transfer,completed,13,4.6,False,10.99,level_1,50
TXN-1302919,2024-12-11,AI/ML Development,US,US,Data Scientist,106.64,USD,credit_card,completed,16,3.3,False,21.33,top_rated,50
TXN-1302833,2024-12-11,Photography,US,ES,Designer,170.22,USD,bank_transfer,completed,2,5.0,False,34.04,level_2,50
TXN-1302830,2024-12-11,Graphic Design,DE,BR,Designer,83.64,EUR,credit_card,completed,7,4.2,False,16.73,rising_talent,50
TXN-1302924,2024-12-11,Legal Consulting,IN,AU,Lawyer,160.96,USD,credit_card,completed,6,4.9,True,32.19,top_rated,50
TXN-1302847,2024-12-11,Social Media Management,FR,ZA,Marketing Manager,34.18,USD,credit_card,completed,5,4.4,False,6.84,level_2,50
TXN-1302892,2024-12-11,Photography,IL,DE,Designer,36.19,GBP,paypal,completed,8,4.4,False,7.24,new_seller,50
TXN-1302888,2024-12-11,Mobile App,FR,IL,Software Engineer,707.88,USD,bank_transfer,completed,30,4.1,True,141.58,level_2,50
TXN-1302827,2024-12-11,AI/ML Development,US,US,Data Scientist,50.59,ILS,credit_card,completed,6,4.6,False,10.12,level_1,50
TXN-1302858,2024-12-11,Content Writing,ES,SG,Writer,76.52,INR,paypal,completed,4,3.3,False,15.3,level_2,50
TXN-1302838,2024-12-11,Legal Consulting,US,IN,Lawyer,34.06,EUR,paypal,completed,11,2.6,False,6.81,new_seller,50
TXN-1302839,2024-12-11,AI/ML Development,FR,US,Data Scientist,37.46,EUR,paypal,completed,8,4.4,True,7.49,level_2,50
TXN-1302890,2024-12-11,Legal Consulting,DE,GB,Lawyer,595.05,USD,paypal,completed,12,4.2,True,119.01,level_2,50
TXN-1302860,2024-12-11,SEO/SEM,ES,IN,Marketing Manager,11.42,USD,credit_card,completed,9,4.7,False,2.28,new_seller,50
TXN-1302891,2024-12-11,SEO/SEM,IN,IN,Marketing Manager,512.25,EUR,paypal,completed,8,4.6,False,102.45,top_rated,50
TXN-1302898,2024-12-11,Financial Modeling,IL,CA,Accountant,252.0,GBP,credit_card,completed,5,4.2,False,50.4,level_2,50
TXN-1302899,2024-12-12,Graphic Design,US,US,Designer,327.83,USD,paypal,completed,6,4.4,False,65.57,level_1,50
TXN-1303113,2024-12-12,SEO/SEM,FR,US,Marketing Manager,43.69,USD,paypal,completed,11,3.4,False,8.74,top_rated,50
TXN-1302911,2024-12-12,Graphic Design,NL,ZA,Designer,728.01,INR,crypto,completed,4,4.4,False,145.6,level_2,50
TXN-1303112,2024-12-12,Web Development,US,US,Software Engineer,93.71,USD,bank_transfer,completed,11,4.2,True,18.74,level_2,50
TXN-1302988,2024-12-12,Video Production,ES,FR,Designer,314.98,EUR,credit_card,completed,5,4.7,True,63.0,rising_talent,50
TXN-1302877,2024-12-12,SEO/SEM,US,IN,Marketing Manager,19.33,USD,paypal,completed,17,3.1,False,3.87,level_1,50
TXN-1303107,2024-12-12,AI/ML Development,IN,US,Data Scientist,94.57,USD,crypto,completed,10,3.4,False,18.91,level_1,50
TXN-1303106,2024-12-12,AI/ML Development,US,IN,Data Scientist,64.8,GBP,bank_transfer,completed,25,4.6,False,12.96,level_1,50
TXN-1302906,2024-12-12,Data Analysis,GB,GB,Data Scientist,664.78,EUR,bank_transfer,completed,4,3.7,True,132.96,rising_talent,50
TXN-1303105,2024-12-12,Translation,US,CA,Writer,537.39,USD,paypal,completed,2,4.5,False,107.48,new_seller,50
TXN-1303034,2024-12-12,Music Production,IN,GB,Designer,21.56,GBP,credit_card,completed,8,4.7,False,4.31,level_1,50
TXN-1302837,2024-12-12,AI/ML Development,US,US,Data Scientist,329.67,USD,credit_card,completed,20,2.9,True,65.93,rising_talent,50
TXN-1302834,2024-12-12,Legal Consulting,CA,IN,Lawyer,340.37,USD,paypal,completed,21,4.0,False,68.07,level_2,50
TXN-1303018,2024-12-12,Financial Modeling,IN,FR,Accountant,558.84,EUR,credit_card,completed,9,4.9,True,111.77,rising_talent,50
TXN-1303096,2024-12-12,Social Media Management,MX,ES,Marketing Manager,109.65,USD,credit_card,completed,7,3.9,False,21.93,rising_talent,50
TXN-1303000,2024-12-12,Web Development,US,IN,Software Engineer,344.6,USD,credit_card,completed,15,4.1,True,68.92,rising_talent,50
TXN-1302880,2024-12-12,Photography,ES,FR,Designer,394.16,USD,credit_card,completed,3,4.6,True,78.83,level_1,50
TXN-1302895,2024-12-12,Web Development,GB,MX,Software Engineer,3887.72,USD,credit_card,completed,13,4.6,True,777.54,new_seller,50
TXN-1302901,2024-12-12,Virtual Assistant,BR,US,HR Manager,120.16,USD,credit_card,completed,2,4.2,False,24.03,level_1,50
TXN-1302896,2024-12-12,Virtual Assistant,IN,GB,HR Manager,58.37,USD,paypal,completed,4,3.3,False,11.67,level_1,50
TXN-1302835,2024-12-12,Legal Consulting,FR,US,Lawyer,234.79,USD,credit_card,completed,13,4.4,False,46.96,level_2,50
TXN-1303007,2024-12-12,Financial Modeling,NL,MX,Accountant,68.33,USD,credit_card,completed,5,4.5,False,13.67,top_rated,50
TXN-1303008,2024-12-12,Financial Modeling,FR,US,Accountant,270.67,USD,crypto,cancelled,16,,True,54.13,level_1,50
TXN-1303098,2024-12-12,SEO/SEM,IN,NL,Marketing Manager,35.54,USD,credit_card,completed,7,3.9,False,7.11,level_1,50
TXN-1302879,2024-12-12,Data Analysis,ZA,FR,Data Scientist,174.83,USD,credit_card,completed,4,4.5,False,34.97,level_2,50
TXN-1302984,2024-12-12,Web Development,US,BR,Software Engineer,177.33,USD,paypal,completed,27,3.7,True,35.47,level_1,50
TXN-1303057,2024-12-12,Legal Consulting,IN,CA,Lawyer,109.3,USD,credit_card,completed,6,3.3,False,21.86,level_1,50
TXN-1303040,2024-12-12,AI/ML Development,US,GB,Data Scientist,257.73,USD,credit_card,completed,12,3.6,False,51.55,new_seller,50
TXN-1302857,2024-12-12,Mobile App,IL,GB,Software Engineer,691.21,USD,bank_transfer,completed,30,3.8,True,138.24,level_1,50
TXN-1303066,2024-12-12,Mobile App,US,FR,Software Engineer,54.07,USD,credit_card,completed,25,4.7,True,10.81,level_2,50
TXN-1303065,2024-12-12,Mobile App,GB,CA,Software Engineer,73.91,EUR,credit_card,completed,18,4.0,False,14.78,new_seller,50
TXN-1303130,2024-12-12,SEO/SEM,US,US,Marketing Manager,53.83,USD,paypal,completed,7,4.2,True,10.77,top_rated,50
TXN-1302820,2024-12-12,Photography,JP,ZA,Designer,50.86,INR,credit_card,completed,7,3.4,False,10.17,level_2,50
TXN-1303128,2024-12-12,Music Production,DE,US,Designer,650.72,EUR,credit_card,completed,21,4.8,False,130.14,level_1,50
TXN-1302863,2024-12-12,Music Production,MX,GB,Designer,348.51,EUR,crypto,completed,11,3.9,False,69.7,rising_talent,50
TXN-1302934,2024-12-12,Legal Consulting,BR,AU,Lawyer,157.12,USD,paypal,completed,13,3.5,True,31.42,level_1,50
TXN-1303127,2024-12-12,Virtual Assistant,GB,IN,HR Manager,1427.75,USD,credit_card,completed,2,4.4,False,285.55,level_1,50
TXN-1302956,2024-12-12,Virtual Assistant,GB,IL,HR Manager,91.84,USD,credit_card,completed,1,2.4,False,18.37,level_1,50
TXN-1302849,2024-12-12,Legal Consulting,GB,US,Lawyer,532.8,EUR,credit_card,completed,14,4.4,True,106.56,level_2,50
TXN-1302865,2024-12-12,Mobile App,US,NL,Software Engineer,63.63,ILS,bank_transfer,completed,18,4.3,False,12.73,level_1,50
TXN-1302848,2024-12-12,Financial Modeling,US,JP,Accountant,259.21,USD,credit_card,completed,18,4.4,False,51.84,new_seller,50
TXN-1302872,2024-12-12,Web Development,CA,GB,Software Engineer,91.74,USD,bank_transfer,completed,12,4.9,True,18.35,level_1,50
TXN-1302866,2024-12-12,AI/ML Development,US,US,Data Scientist,1284.19,EUR,paypal,completed,7,4.1,False,256.84,level_1,50
TXN-1303023,2024-12-12,Financial Modeling,GB,BR,Accountant,204.64,INR,bank_transfer,completed,8,4.0,False,40.93,rising_talent,50
TXN-1303042,2024-12-12,AI/ML Development,GB,IN,Data Scientist,71.71,USD,credit_card,completed,21,4.9,False,14.34,new_seller,50
TXN-1303081,2024-12-12,Graphic Design,NL,US,Designer,38.02,USD,paypal,completed,7,4.5,True,7.6,level_1,50
TXN-1302970,2024-12-12,Video Production,ZA,US,Designer,148.44,USD,bank_transfer,cancelled,17,,False,29.69,level_2,50
TXN-1302845,2024-12-12,Photography,DE,CA,Designer,71.34,ILS,bank_transfer,completed,1,4.4,False,14.27,new_seller,50
TXN-1303114,2024-12-12,Photography,NL,IN,Designer,116.95,USD,credit_card,completed,2,4.6,False,23.39,rising_talent,50
TXN-1303086,2024-12-12,Data Analysis,US,SG,Data Scientist,175.98,USD,bank_transfer,completed,4,4.7,False,35.2,rising_talent,50
TXN-1303046,2024-12-12,Graphic Design,FR,US,Designer,309.65,USD,credit_card,completed,6,4.1,False,61.93,rising_talent,50
TXN-1303045,2024-12-12,Content Writing,SG,US,Writer,239.77,EUR,paypal,completed,3,4.3,True,47.95,rising_talent,50
TXN-1302829,2024-12-12,Financial Modeling,US,BR,Accountant,100.79,USD,bank_transfer,completed,9,4.9,False,20.16,level_2,50
TXN-1303087,2024-12-12,AI/ML Development,DE,JP,Data Scientist,35.23,USD,credit_card,completed,20,4.4,False,7.05,new_seller,50
TXN-1303024,2024-12-13,AI/ML Development,US,US,Data Scientist,176.02,USD,credit_card,completed,9,4.0,False,35.2,rising_talent,50
TXN-1303067,2024-12-13,Music Production,ZA,US,Designer,89.36,USD,credit_card,completed,7,4.3,False,17.87,top_rated,50
TXN-1302862,2024-12-13,Graphic Design,IN,SG,Designer,967.96,USD,credit_card,completed,14,4.6,True,193.59,level_2,50
TXN-1303054,2024-12-13,Video Production,GB,MX,Designer,11.81,USD,credit_card,cancelled,6,,True,2.36,level_1,50
TXN-1302870,2024-12-13,AI/ML Development,US,GB,Data Scientist,21.5,EUR,bank_transfer,completed,11,3.8,False,4.3,rising_talent,50
TXN-1303037,2024-12-13,Virtual Assistant,GB,US,HR Manager,143.34,USD,bank_transfer,completed,3,4.8,False,28.67,new_seller,50
TXN-1302869,2024-12-13,Music Production,BR,US,Designer,203.06,USD,credit_card,completed,12,4.2,False,40.61,level_1,50
TXN-1302846,2024-12-13,Mobile App,CA,ES,Software Engineer,208.09,USD,credit_card,completed,20,4.8,False,41.62,rising_talent,50
TXN-1303030,2024-12-13,Mobile App,US,US,Software Engineer,358.39,USD,paypal,completed,26,4.8,False,71.68,level_2,50
TXN-1302867,2024-12-13,Video Production,GB,GB,Designer,136.35,USD,bank_transfer,completed,9,4.5,False,27.27,level_1,50
TXN-1303089,2024-12-13,Music Production,NL,IN,Designer,321.22,USD,credit_card,completed,11,4.9,False,64.24,level_2,50
TXN-1302854,2024-12-13,Web Development,MX,GB,Software Engineer,129.17,USD,paypal,completed,8,2.8,True,25.83,level_1,50
TXN-1303099,2024-12-13,Graphic Design,IN,FR,Designer,91.99,GBP,bank_transfer,completed,3,4.9,False,18.4,level_1,50
TXN-1303020,2024-12-13,Virtual Assistant,US,IL,HR Manager,930.94,ILS,bank_transfer,completed,1,2.8,False,186.19,top_rated,50
TXN-1302974,2024-12-13,Social Media Management,IN,IN,Marketing Manager,59.46,EUR,bank_transfer,completed,18,4.7,False,11.89,top_rated,50
TXN-1302922,2024-12-13,AI/ML Development,FR,DE,Data Scientist,338.61,USD,credit_card,completed,8,4.4,False,67.72,rising_talent,50
TXN-1302893,2024-12-13,Video Production,US,CA,Designer,94.58,USD,bank_transfer,in_progress,4,,True,18.92,level_1,50
TXN-1302923,2024-12-13,AI/ML Development,MX,IN,Data Scientist,10.01,USD,credit_card,completed,13,4.7,True,2.0,level_1,50
TXN-1302967,2024-12-13,Mobile App,IN,DE,Software Engineer,141.4,USD,bank_transfer,completed,7,4.7,True,28.28,top_rated,50
TXN-1302963,2024-12-13,Photography,IN,GB,Designer,208.66,USD,credit_card,completed,4,3.3,False,41.73,level_1,50
TXN-1302828,2024-12-13,Legal Consulting,IN,US,Lawyer,977.77,USD,paypal,completed,10,4.5,False,195.55,level_2,50
TXN-1302928,2024-12-13,Translation,MX,US,Writer,182.32,USD,paypal,completed,3,3.6,False,36.46,level_1,50
TXN-1302825,2024-12-13,Legal Consulting,AU,IN,Lawyer,26.6,USD,credit_card,completed,11,4.4,False,5.32,level_2,50
TXN-1302953,2024-12-13,Content Writing,IN,US,Writer,117.2,USD,credit_card,completed,3,3.0,False,23.44,level_2,50
TXN-1302952,2024-12-13,Legal Consulting,BR,IN,Lawyer,115.48,GBP,paypal,completed,15,4.5,False,23.1,level_1,50
TXN-1302947,2024-12-13,Web Development,US,AU,Software Engineer,23.59,ILS,credit_card,completed,10,2.6,False,4.72,level_2,50
TXN-1302941,2024-12-13,Graphic Design,GB,IL,Designer,185.55,GBP,bank_transfer,cancelled,3,,True,37.11,top_rated,50
TXN-1302944,2024-12-13,Virtual Assistant,US,IL,HR Manager,349.58,USD,bank_transfer,completed,2,4.1,False,69.92,level_1,50
TXN-1302940,2024-12-13,Mobile App,BR,US,Software Engineer,154.16,USD,credit_card,completed,10,4.3,True,30.83,level_1,50
TXN-1302920,2024-12-13,Web Development,US,IN,Software Engineer,275.59,USD,credit_card,completed,19,3.0,False,55.12,rising_talent,50
TXN-1302976,2024-12-13,Financial Modeling,BR,US,Accountant,260.11,ILS,crypto,completed,4,3.7,False,52.02,level_2,50
TXN-1302831,2024-12-13,Translation,ES,IN,Writer,546.24,USD,credit_card,completed,1,3.7,True,109.25,new_seller,50
TXN-1302980,2024-12-13,Data Analysis,US,IN,Data Scientist,313.78,USD,credit_card,completed,6,4.3,False,62.76,top_rated,50
TXN-1303019,2024-12-13,SEO/SEM,IN,US,Marketing Manager,706.36,USD,credit_card,completed,4,4.0,False,141.27,new_seller,50
TXN-1303013,2024-12-13,Photography,US,FR,Designer,230.25,USD,paypal,completed,3,4.6,False,46.05,level_2,50
TXN-1302900,2024-12-13,Video Production,IN,IN,Designer,181.36,USD,credit_card,completed,84,4.5,True,36.27,new_seller,50
TXN-1303005,2024-12-13,Photography,US,JP,Designer,107.0,USD,credit_card,completed,3,4.3,False,21.4,level_2,50
TXN-1303101,2024-12-13,Photography,US,US,Designer,391.46,USD,credit_card,completed,4,4.6,False,78.29,new_seller,50
TXN-1303001,2024-12-13,Legal Consulting,IN,US,Lawyer,649.16,GBP,credit_card,completed,10,4.0,False,129.83,rising_talent,50
TXN-1302978,2024-12-13,Content Writing,US,IN,Writer,536.26,USD,paypal,completed,3,4.5,False,107.25,level_2,50
TXN-1302903,2024-12-13,SEO/SEM,DE,IN,Marketing Manager,189.32,USD,paypal,completed,15,4.6,True,37.86,level_2,50
TXN-1303108,2024-12-13,Mobile App,US,IN,Software Engineer,22.35,USD,paypal,completed,28,3.3,False,4.47,level_2,50
TXN-1303073,2024-12-13,Translation,US,IN,Writer,110.71,USD,bank_transfer,completed,1,2.3,False,22.14,level_2,50
TXN-1302917,2024-12-13,Financial Modeling,US,US,Accountant,153.68,USD,bank_transfer,completed,5,3.5,False,30.74,rising_talent,50
TXN-1302983,2024-12-13,Mobile App,FR,US,Software Engineer,240.5,USD,credit_card,completed,30,3.2,False,48.1,level_1,50
TXN-1302909,2024-12-13,Mobile App,US,US,Software Engineer,60.57,USD,credit_card,completed,20,4.3,True,12.11,level_1,50
TXN-1302840,2024-12-14,Music Production,NL,MX,Designer,646.44,USD,credit_card,completed,8,4.8,False,129.29,level_1,50
TXN-1302842,2024-12-14,Legal Consulting,SG,GB,Lawyer,3071.95,GBP,credit_card,completed,7,4.4,True,614.39,new_seller,50
TXN-1303132,2024-12-14,Graphic Design,JP,GB,Designer,281.08,USD,paypal,completed,6,3.4,False,56.22,rising_talent,50
TXN-1303131,2024-12-14,Photography,IN,FR,Designer,318.88,USD,credit_card,completed,8,2.9,False,63.78,new_seller,50
TXN-1303118,2024-12-14,Web Development,US,US,Software Engineer,216.91,USD,paypal,completed,9,3.9,True,43.38,level_2,50
TXN-1303100,2024-12-14,Photography,IL,CA,Designer,143.29,USD,paypal,completed,7,3.9,False,28.66,rising_talent,50
TXN-1303076,2024-12-14,Data Analysis,FR,DE,Data Scientist,1179.7,INR,paypal,completed,7,4.3,False,235.94,top_rated,50
TXN-1302851,2024-12-14,Music Production,FR,ZA,Designer,38.92,USD,paypal,cancelled,10,,True,7.78,level_1,50
TXN-1303124,2024-12-14,AI/ML Development,NL,BR,Data Scientist,351.78,EUR,credit_card,completed,22,3.2,False,70.36,level_1,50
TXN-1303083,2024-12-14,Translation,US,FR,Writer,55.66,USD,paypal,completed,2,4.3,False,11.13,level_2,50
TXN-1303109,2024-12-14,Virtual Assistant,IN,IN,HR Manager,235.29,INR,credit_card,completed,1,4.8,True,47.06,rising_talent,50
TXN-1303121,2024-12-14,Photography,GB,US,Designer,399.41,USD,credit_card,completed,4,4.3,True,79.88,top_rated,50
TXN-1303116,2024-12-14,Social Media Management,AU,DE,Marketing Manager,36.27,GBP,paypal,completed,8,3.8,False,7.25,level_2,50
TXN-1303103,2024-12-14,Legal Consulting,US,IL,Lawyer,792.15,USD,credit_card,completed,12,4.1,False,158.43,level_2,50
TXN-1302942,2024-12-14,Social Media Management,DE,SG,Marketing Manager,20.43,GBP,credit_card,completed,5,3.6,False,4.09,rising_talent,50
TXN-1302886,2024-12-14,AI/ML Development,IN,US,Data Scientist,309.62,USD,paypal,completed,17,4.6,True,61.92,level_2,50
TXN-1302991,2024-12-14,Legal Consulting,IN,US,Lawyer,207.89,GBP,credit_card,completed,26,3.6,True,41.58,level_1,50
TXN-1302904,2024-12-14,Financial Modeling,ES,AU,Accountant,313.77,USD,paypal,completed,7,4.2,True,62.75,rising_talent,50
TXN-1302926,2024-12-14,Photography,US,US,Designer,113.05,USD,credit_card,completed,3,1.0,True,22.61,new_seller,50
TXN-1302999,2024-12-14,Web Development,US,IN,Software Engineer,82.95,USD,paypal,completed,18,4.4,True,16.59,level_1,50
TXN-1303002,2024-12-14,Music Production,IN,SG,Designer,40.75,EUR,bank_transfer,completed,12,3.3,False,8.15,new_seller,50
TXN-1302902,2024-12-14,Social Media Management,IN,US,Marketing Manager,221.4,USD,paypal,completed,5,3.1,True,44.28,rising_talent,50
TXN-1303014,2024-12-14,Web Development,US,BR,Software Engineer,214.28,GBP,credit_card,completed,11,4.5,False,42.86,level_1,50
TXN-1303017,2024-12-14,Virtual Assistant,GB,SG,HR Manager,216.16,USD,paypal,completed,2,3.0,False,43.23,level_1,50
TXN-1302929,2024-12-14,Financial Modeling,DE,ES,Accountant,95.82,USD,paypal,completed,14,4.2,False,19.16,level_1,50
TXN-1303072,2024-12-14,SEO/SEM,JP,FR,Marketing Manager,620.82,USD,bank_transfer,completed,14,1.0,True,124.16,rising_talent,50
TXN-1302907,2024-12-14,Content Writing,CA,US,Writer,19.3,USD,credit_card,completed,2,3.9,True,3.86,level_2,50
TXN-1303043,2024-12-14,Mobile App,BR,DE,Software Engineer,220.6,USD,credit_card,completed,19,3.6,True,44.12,level_2,50
TXN-1302912,2024-12-14,Financial Modeling,US,US,Accountant,58.4,USD,credit_card,completed,18,3.8,True,11.68,level_1,50
TXN-1302861,2024-12-14,Translation,DE,US,Writer,265.02,USD,credit_card,completed,1,4.3,False,53.0,level_2,50
TXN-1303049,2024-12-14,Content Writing,IL,ZA,Writer,762.28,USD,paypal,completed,4,3.7,False,152.46,rising_talent,50
TXN-1302949,2024-12-14,Legal Consulting,US,US,Lawyer,40.92,USD,paypal,cancelled,16,,True,8.18,new_seller,50
TXN-1303051,2024-12-14,Financial Modeling,BR,GB,Accountant,34.28,EUR,credit_card,completed,9,4.7,True,6.86,rising_talent,50
TXN-1302868,2024-12-14,Music Production,AU,CA,Designer,793.9,EUR,bank_transfer,completed,13,4.1,True,158.78,level_1,50
TXN-1303061,2024-12-14,Legal Consulting,US,SG,Lawyer,199.01,USD,paypal,cancelled,14,,True,39.8,level_1,50
TXN-1302864,2024-12-14,Social Media Management,CA,IN,Marketing Manager,663.99,GBP,credit_card,completed,9,4.7,False,132.8,level_2,50
TXN-1303059,2024-12-14,Content Writing,IL,FR,Writer,1095.78,USD,credit_card,completed,3,4.0,False,219.16,new_seller,50
TXN-1302935,2024-12-15,Photography,ZA,US,Designer,52.57,USD,credit_card,completed,5,2.5,False,10.51,rising_talent,50
TXN-1302979,2024-12-15,Legal Consulting,US,GB,Lawyer,176.96,EUR,paypal,completed,14,3.9,True,35.39,new_seller,50
TXN-1302972,2024-12-15,AI/ML Development,BR,FR,Data Scientist,649.76,GBP,credit_card,completed,30,4.7,True,129.95,level_2,50
TXN-1302971,2024-12-15,Virtual Assistant,US,JP,HR Manager,390.63,INR,paypal,disputed,2,,False,78.13,rising_talent,50
TXN-1302945,2024-12-15,Data Analysis,MX,US,Data Scientist,60.13,USD,credit_card,completed,10,3.2,True,12.03,top_rated,50
TXN-1302968,2024-12-15,Virtual Assistant,IL,IN,HR Manager,198.76,USD,credit_card,completed,1,4.0,True,39.75,level_1,50
TXN-1302964,2024-12-15,Graphic Design,US,IN,Designer,9.75,USD,paypal,completed,3,4.3,True,1.95,level_1,50
TXN-1302951,2024-12-15,Video Production,US,US,Designer,51.77,USD,paypal,completed,10,4.3,True,10.35,new_seller,50
TXN-1302962,2024-12-15,Mobile App,IN,ZA,Software Engineer,519.33,ILS,paypal,completed,30,4.9,True,103.87,level_1,50
TXN-1302939,2024-12-15,SEO/SEM,US,BR,Marketing Manager,217.12,USD,paypal,completed,13,4.2,False,43.42,level_2,50
TXN-1302961,2024-12-15,Web Development,IN,US,Software Engineer,74.71,USD,paypal,completed,18,4.5,True,14.94,level_1,50
TXN-1302933,2024-12-15,Graphic Design,ES,US,Designer,151.75,INR,credit_card,cancelled,4,,False,30.35,level_1,50
TXN-1303125,2024-12-15,Music Production,IN,ZA,Designer,651.42,USD,credit_card,completed,13,5.0,False,130.28,top_rated,50
TXN-1302823,2024-12-15,Translation,BR,US,Writer,23.8,USD,credit_card,completed,2,4.4,False,4.76,level_1,50
TXN-1302955,2024-12-15,Web Development,DE,GB,Software Engineer,1103.61,USD,credit_card,completed,13,4.9,False,220.72,new_seller,50
TXN-1302946,2024-12-15,Content Writing,US,BR,Writer,20.0,USD,paypal,completed,2,4.1,True,4.0,level_2,50
TXN-1303071,2024-12-15,Financial Modeling,IN,GB,Accountant,96.09,EUR,credit_card,completed,7,4.1,False,19.22,level_1,50
TXN-1302932,2024-12-15,Data Analysis,US,US,Data Scientist,201.17,USD,crypto,completed,4,4.5,False,40.23,rising_talent,50
TXN-1302832,2024-12-15,Video Production,ES,FR,Designer,56.6,USD,credit_card,completed,5,3.3,True,11.32,top_rated,50
TXN-1303063,2024-12-15,Legal Consulting,US,IN,Lawyer,90.79,USD,paypal,completed,9,4.8,False,18.16,level_2,50
TXN-1303053,2024-12-15,AI/ML Development,FR,GB,Data Scientist,71.18,USD,paypal,completed,19,4.4,False,14.24,level_2,50
TXN-1303050,2024-12-15,AI/ML Development,FR,IN,Data Scientist,215.09,USD,credit_card,completed,24,3.8,True,43.02,level_1,50
TXN-1302844,2024-12-15,AI/ML Development,DE,IN,Data Scientist,236.81,USD,credit_card,completed,11,4.5,False,47.36,new_seller,50
TXN-1303047,2024-12-15,Financial Modeling,US,US,Accountant,55.95,USD,paypal,completed,6,4.0,True,11.19,level_1,50
TXN-1302987,2024-12-15,Social Media Management,JP,IN,Marketing Manager,164.09,USD,credit_card,completed,4,4.5,True,32.82,level_1,50
TXN-1303038,2024-12-15,Legal Consulting,US,FR,Lawyer,11.46,USD,credit_card,completed,15,3.8,False,2.29,level_1,50
TXN-1303090,2024-12-15,Web Development,AU,US,Software Engineer,51.35,USD,crypto,completed,21,4.9,False,10.27,level_2,50
TXN-1302874,2024-12-15,Financial Modeling,NL,US,Accountant,61.66,USD,crypto,completed,12,4.2,False,12.33,level_1,50
TXN-1303041,2024-12-15,Music Production,IN,CA,Designer,57.87,USD,paypal,cancelled,14,,True,11.57,rising_talent,50
TXN-1303026,2024-12-15,Translation,AU,AU,Writer,121.92,USD,credit_card,completed,1,3.3,True,24.38,level_1,50
TXN-1302836,2024-12-15,Graphic Design,ES,CA,Designer,27.36,USD,bank_transfer,completed,4,3.2,True,5.47,level_1,50
TXN-1303012,2024-12-15,Financial Modeling,MX,US,Accountant,49.33,USD,credit_card,completed,8,4.2,True,9.87,rising_talent,50
TXN-1303006,2024-12-15,Social Media Management,GB,US,Marketing Manager,385.33,USD,credit_card,completed,6,3.7,False,77.07,rising_talent,50
TXN-1302998,2024-12-15,Social Media Management,AU,DE,Marketing Manager,135.18,USD,credit_card,completed,7,3.2,True,27.04,level_1,50
TXN-1303104,2024-12-15,Web Development,IL,DE,Software Engineer,332.97,GBP,bank_transfer,completed,16,4.7,True,66.59,top_rated,50
TXN-1302994,2024-12-15,Mobile App,SG,US,Software Engineer,43.4,USD,credit_card,completed,14,4.1,False,8.68,level_1,50
TXN-1302993,2024-12-15,Music Production,US,FR,Designer,696.66,EUR,bank_transfer,completed,12,4.5,False,139.33,level_2,50
TXN-1303028,2024-12-15,Social Media Management,US,GB,Marketing Manager,102.73,USD,bank_transfer,completed,5,4.5,False,20.55,level_1,50
TXN-1302992,2024-12-15,Content Writing,US,ZA,Writer,10.17,ILS,credit_card,completed,2,4.1,False,2.03,level_2,50
TXN-1303228,2024-12-16,AI/ML Development,MX,CA,Data Scientist,84.44,EUR,credit_card,completed,16,4.7,False,16.89,rising_talent,51
TXN-1303229,2024-12-16,Mobile App,GB,IN,Software Engineer,224.91,USD,paypal,completed,13,3.7,False,44.98,level_1,51
TXN-1303239,2024-12-16,AI/ML Development,US,US,Data Scientist,80.17,USD,bank_transfer,completed,28,4.9,True,16.03,level_1,51
TXN-1303377,2024-12-16,Social Media Management,NL,AU,Marketing Manager,487.01,USD,paypal,completed,13,4.5,False,97.4,level_1,51
TXN-1303241,2024-12-16,Social Media Management,DE,IN,Marketing Manager,140.62,GBP,credit_card,completed,5,3.0,False,28.12,new_seller,51
TXN-1303247,2024-12-16,Video Production,IN,US,Designer,170.39,USD,paypal,completed,6,3.2,True,34.08,rising_talent,51
TXN-1303379,2024-12-16,Mobile App,AU,FR,Software Engineer,114.14,ILS,crypto,completed,21,4.4,True,22.83,level_2,51
TXN-1303223,2024-12-16,Financial Modeling,BR,IN,Accountant,252.38,ILS,credit_card,completed,15,3.8,True,50.48,level_2,51
TXN-1303182,2024-12-16,SEO/SEM,US,IN,Marketing Manager,14.27,USD,credit_card,completed,6,4.6,False,2.85,new_seller,51
TXN-1303221,2024-12-16,Data Analysis,US,GB,Data Scientist,196.53,USD,credit_card,completed,4,3.7,False,39.31,level_1,51
TXN-1303217,2024-12-16,Data Analysis,FR,MX,Data Scientist,304.41,EUR,paypal,completed,4,4.2,False,60.88,new_seller,51
TXN-1303213,2024-12-16,Financial Modeling,IN,GB,Accountant,79.5,USD,credit_card,completed,5,4.6,False,15.9,level_2,51
TXN-1303198,2024-12-16,Music Production,DE,US,Designer,184.08,EUR,credit_card,completed,20,2.9,False,36.82,level_1,51
TXN-1303195,2024-12-16,Legal Consulting,CA,GB,Lawyer,101.05,USD,credit_card,completed,14,4.3,False,20.21,level_1,51
TXN-1303194,2024-12-16,Data Analysis,US,US,Data Scientist,125.65,EUR,credit_card,completed,6,4.0,True,25.13,level_2,51
TXN-1303188,2024-12-16,Virtual Assistant,IL,JP,HR Manager,124.71,USD,credit_card,completed,1,3.0,True,24.94,level_1,51
TXN-1303254,2024-12-16,Virtual Assistant,IN,US,HR Manager,122.56,USD,credit_card,completed,2,3.9,True,24.51,rising_talent,51
TXN-1303384,2024-12-16,AI/ML Development,US,US,Data Scientist,38.78,USD,crypto,completed,20,4.2,True,7.76,rising_talent,51
TXN-1303266,2024-12-16,Financial Modeling,SG,US,Accountant,52.09,USD,credit_card,completed,13,4.8,False,10.42,top_rated,51
TXN-1303303,2024-12-16,Music Production,IN,US,Designer,22.94,USD,credit_card,completed,10,4.3,False,4.59,top_rated,51
TXN-1303277,2024-12-16,Data Analysis,IN,US,Data Scientist,18.65,USD,credit_card,completed,15,3.8,False,3.73,level_1,51
TXN-1303177,2024-12-16,AI/ML Development,FR,GB,Data Scientist,229.18,USD,crypto,completed,22,3.7,True,45.84,level_2,51
TXN-1303350,2024-12-16,Content Writing,ES,GB,Writer,289.27,USD,paypal,completed,3,4.3,True,57.85,level_2,51
TXN-1303348,2024-12-16,Legal Consulting,DE,IN,Lawyer,227.03,USD,paypal,completed,12,4.3,False,45.41,level_1,51
TXN-1303328,2024-12-16,Music Production,CA,DE,Designer,145.94,USD,paypal,completed,10,3.8,True,29.19,level_1,51
TXN-1303359,2024-12-16,Music Production,US,US,Designer,77.74,USD,credit_card,completed,8,3.9,False,15.55,top_rated,51
TXN-1303322,2024-12-16,Graphic Design,ZA,US,Designer,56.04,USD,bank_transfer,completed,5,3.9,False,11.21,level_1,51
TXN-1303319,2024-12-16,Photography,GB,SG,Designer,327.87,USD,paypal,completed,2,3.1,False,65.57,rising_talent,51
TXN-1303362,2024-12-16,SEO/SEM,ZA,IL,Marketing Manager,53.63,GBP,credit_card,completed,29,3.7,True,10.73,rising_talent,51
TXN-1303311,2024-12-16,AI/ML Development,MX,IN,Data Scientist,1934.0,USD,credit_card,completed,23,4.1,False,386.8,level_1,51
TXN-1303306,2024-12-16,Data Analysis,CA,US,Data Scientist,138.8,USD,credit_card,completed,17,4.3,False,27.76,level_2,51
TXN-1303299,2024-12-16,Social Media Management,BR,BR,Marketing Manager,500.63,USD,paypal,completed,3,4.8,True,100.13,top_rated,51
TXN-1303295,2024-12-16,Web Development,IN,IN,Software Engineer,107.01,USD,paypal,completed,11,3.6,True,21.4,new_seller,51
TXN-1303290,2024-12-16,Graphic Design,US,GB,Designer,343.12,GBP,bank_transfer,completed,4,4.6,False,68.62,new_seller,51
TXN-1303372,2024-12-16,Legal Consulting,US,GB,Lawyer,270.74,USD,credit_card,completed,8,4.0,False,54.15,level_1,51
TXN-1303284,2024-12-16,Data Analysis,ZA,IN,Data Scientist,142.05,USD,paypal,completed,10,4.7,True,28.41,level_2,51
TXN-1303283,2024-12-16,AI/ML Development,MX,IN,Data Scientist,329.42,USD,credit_card,completed,25,4.6,False,65.88,level_2,51
TXN-1303279,2024-12-16,Music Production,IN,GB,Designer,446.25,USD,bank_transfer,completed,5,3.9,True,89.25,level_2,51
TXN-1303267,2024-12-16,Virtual Assistant,FR,US,HR Manager,221.01,USD,paypal,completed,1,4.4,False,44.2,level_1,51
TXN-1303174,2024-12-16,Data Analysis,SG,US,Data Scientist,437.02,EUR,paypal,completed,6,4.9,True,87.4,new_seller,51
TXN-1303355,2024-12-16,SEO/SEM,US,IN,Marketing Manager,533.92,GBP,bank_transfer,completed,12,4.2,False,106.78,level_1,51
TXN-1303140,2024-12-16,Legal Consulting,IN,SG,Lawyer,291.82,INR,credit_card,completed,10,4.0,True,58.36,rising_talent,51
TXN-1303151,2024-12-16,Financial Modeling,US,GB,Accountant,326.01,USD,paypal,completed,17,4.3,False,65.2,level_2,51
TXN-1303168,2024-12-16,Web Development,US,DE,Software Engineer,147.84,USD,bank_transfer,completed,11,3.2,True,29.57,new_seller,51
TXN-1303143,2024-12-16,SEO/SEM,JP,ES,Marketing Manager,359.16,USD,paypal,completed,7,1.0,False,71.83,level_1,51
TXN-1303403,2024-12-16,Translation,US,US,Writer,170.91,USD,credit_card,completed,4,2.0,False,34.18,rising_talent,51
TXN-1303156,2024-12-17,Legal Consulting,DE,US,Lawyer,226.92,INR,bank_transfer,disputed,13,,True,45.38,level_1,51
TXN-1303233,2024-12-17,Mobile App,US,US,Software Engineer,230.01,GBP,credit_card,completed,30,2.9,False,46.0,new_seller,51
TXN-1303203,2024-12-17,Financial Modeling,US,US,Accountant,95.02,INR,credit_card,completed,8,4.3,False,19.0,level_2,51
TXN-1303270,2024-12-17,Virtual Assistant,IN,US,HR Manager,214.93,USD,paypal,completed,2,4.3,False,42.99,new_seller,51
TXN-1303304,2024-12-17,Data Analysis,US,GB,Data Scientist,104.1,USD,paypal,completed,9,3.3,False,20.82,level_2,51
TXN-1303301,2024-12-17,Music Production,IN,ZA,Designer,355.89,EUR,paypal,completed,10,4.3,False,71.18,level_1,51
TXN-1303368,2024-12-17,Content Writing,US,IN,Writer,10.83,USD,credit_card,completed,5,4.3,False,2.17,rising_talent,51
TXN-1303378,2024-12-17,Photography,FR,US,Designer,24.64,USD,credit_card,completed,3,3.4,False,4.93,rising_talent,51
TXN-1303294,2024-12-17,Data Analysis,US,US,Data Scientist,317.58,GBP,credit_card,completed,10,4.3,True,63.52,new_seller,51
TXN-1303271,2024-12-17,Financial Modeling,US,FR,Accountant,136.56,USD,paypal,completed,4,4.0,False,27.31,rising_talent,51
TXN-1303273,2024-12-17,SEO/SEM,BR,IN,Marketing Manager,41.58,USD,paypal,completed,7,4.9,False,8.32,new_seller,51
TXN-1303214,2024-12-17,Web Development,SG,BR,Software Engineer,163.16,USD,bank_transfer,completed,14,4.0,False,32.63,new_seller,51
TXN-1303400,2024-12-17,Legal Consulting,JP,US,Lawyer,10.63,USD,credit_card,completed,17,3.9,False,2.13,level_1,51
TXN-1303385,2024-12-17,Content Writing,NL,IN,Writer,678.11,USD,bank_transfer,completed,2,4.5,False,135.62,top_rated,51
TXN-1303398,2024-12-17,Social Media Management,US,US,Marketing Manager,88.8,EUR,bank_transfer,completed,3,4.8,False,17.76,level_2,51
TXN-1303219,2024-12-17,Music Production,GB,SG,Designer,93.63,EUR,paypal,completed,7,3.0,False,18.73,top_rated,51
TXN-1303164,2024-12-17,Content Writing,US,FR,Writer,18.34,GBP,bank_transfer,completed,4,4.4,False,3.67,top_rated,51
TXN-1303285,2024-12-17,Web Development,US,NL,Software Engineer,214.73,USD,paypal,completed,7,3.6,False,42.95,rising_talent,51
TXN-1303268,2024-12-17,Photography,IN,US,Designer,373.1,USD,credit_card,completed,3,4.2,False,74.62,new_seller,51
TXN-1303310,2024-12-17,Virtual Assistant,IN,IN,HR Manager,92.58,USD,credit_card,completed,2,3.5,False,18.52,level_1,51
TXN-1303235,2024-12-17,SEO/SEM,IL,US,Marketing Manager,318.29,GBP,credit_card,completed,19,4.3,False,63.66,level_2,51
TXN-1303167,2024-12-17,Mobile App,US,FR,Software Engineer,171.42,USD,bank_transfer,completed,23,2.1,False,34.28,level_1,51
TXN-1303244,2024-12-17,SEO/SEM,US,US,Marketing Manager,241.2,GBP,credit_card,completed,11,4.2,True,48.24,new_seller,51
TXN-1303179,2024-12-17,Graphic Design,US,IN,Designer,80.89,INR,paypal,completed,4,4.1,True,16.18,level_1,51
TXN-1303345,2024-12-17,SEO/SEM,BR,US,Marketing Manager,142.46,USD,paypal,completed,13,3.8,False,28.49,new_seller,51
TXN-1303181,2024-12-17,Web Development,BR,US,Software Engineer,77.44,USD,credit_card,completed,16,3.8,True,15.49,level_1,51
TXN-1303344,2024-12-17,Music Production,SG,BR,Designer,293.43,USD,credit_card,completed,9,4.0,True,58.69,level_1,51
TXN-1303253,2024-12-17,Legal Consulting,IL,AU,Lawyer,337.35,USD,paypal,completed,18,4.1,False,67.47,level_1,51
TXN-1303184,2024-12-17,Photography,BR,NL,Designer,300.03,USD,credit_card,completed,4,3.0,False,60.01,level_1,51
TXN-1303278,2024-12-17,Mobile App,US,IN,Software Engineer,236.24,USD,crypto,completed,30,4.4,False,47.25,new_seller,51
TXN-1303341,2024-12-17,Legal Consulting,CA,US,Lawyer,251.27,USD,bank_transfer,completed,30,4.2,True,50.25,new_seller,51
TXN-1303335,2024-12-17,Financial Modeling,US,US,Accountant,25.47,USD,bank_transfer,completed,6,4.5,False,5.09,level_1,51
TXN-1303258,2024-12-17,Virtual Assistant,JP,MX,HR Manager,51.1,USD,paypal,completed,4,4.1,False,10.22,rising_talent,51
TXN-1303262,2024-12-17,Music Production,IL,ZA,Designer,468.25,USD,credit_card,completed,9,4.2,False,93.65,top_rated,51
TXN-1303136,2024-12-17,Legal Consulting,AU,IN,Lawyer,323.29,USD,credit_card,completed,10,4.7,True,64.66,level_2,51
TXN-1303327,2024-12-17,Social Media Management,GB,US,Marketing Manager,815.97,USD,credit_card,completed,9,3.5,True,163.19,top_rated,51
TXN-1303169,2024-12-17,Virtual Assistant,IN,FR,HR Manager,102.38,USD,credit_card,completed,1,3.9,True,20.48,level_1,51
TXN-1303337,2024-12-17,Video Production,ZA,ZA,Designer,27.19,USD,credit_card,completed,12,4.8,True,5.44,level_1,51
TXN-1303150,2024-12-17,Social Media Management,FR,FR,Marketing Manager,886.86,USD,paypal,completed,9,4.4,False,177.37,level_1,51
TXN-1303376,2024-12-18,Financial Modeling,IN,FR,Accountant,43.22,USD,crypto,completed,18,4.6,False,8.64,rising_talent,51
TXN-1303263,2024-12-18,Music Production,CA,NL,Designer,73.32,USD,credit_card,completed,7,2.4,False,14.66,level_1,51
TXN-1303276,2024-12-18,Data Analysis,IN,US,Data Scientist,330.04,USD,bank_transfer,completed,4,4.7,False,66.01,level_1,51
TXN-1303249,2024-12-18,Web Development,ZA,GB,Software Engineer,10.58,INR,bank_transfer,completed,9,4.3,False,2.12,top_rated,51
TXN-1303248,2024-12-18,Translation,BR,DE,Writer,90.4,USD,bank_transfer,completed,3,3.7,False,18.08,top_rated,51
TXN-1303264,2024-12-18,Financial Modeling,BR,US,Accountant,1386.36,USD,credit_card,completed,11,1.0,False,277.27,rising_talent,51
TXN-1303175,2024-12-18,Video Production,FR,US,Designer,249.48,EUR,bank_transfer,completed,9,3.7,False,49.9,new_seller,51
TXN-1303149,2024-12-18,Video Production,DE,IN,Designer,269.69,EUR,credit_card,completed,7,3.6,True,53.94,rising_talent,51
TXN-1303353,2024-12-18,Financial Modeling,ZA,GB,Accountant,1452.41,USD,credit_card,completed,16,4.0,True,290.48,level_1,51
TXN-1303134,2024-12-18,Legal Consulting,IN,DE,Lawyer,405.44,GBP,credit_card,completed,13,4.3,False,81.09,level_1,51
TXN-1303349,2024-12-18,Web Development,US,US,Software Engineer,411.82,USD,credit_card,completed,17,4.0,True,82.36,level_1,51
TXN-1303343,2024-12-18,SEO/SEM,IN,GB,Marketing Manager,162.05,USD,bank_transfer,completed,12,4.8,False,32.41,rising_talent,51
TXN-1303339,2024-12-18,Music Production,IL,CA,Designer,348.53,ILS,paypal,completed,13,4.2,True,69.71,level_2,51
TXN-1303358,2024-12-18,AI/ML Development,US,US,Data Scientist,88.99,USD,paypal,cancelled,16,,True,17.8,level_2,51
TXN-1303333,2024-12-18,Photography,SG,DE,Designer,23.65,GBP,credit_card,completed,2,4.4,False,4.73,level_1,51
TXN-1303138,2024-12-18,Translation,IL,IN,Writer,43.36,EUR,credit_card,completed,3,4.3,True,8.67,level_1,51
TXN-1303373,2024-12-18,Social Media Management,CA,GB,Marketing Manager,95.15,USD,credit_card,completed,10,4.7,True,19.03,new_seller,51
TXN-1303139,2024-12-18,Virtual Assistant,IN,US,HR Manager,44.01,USD,paypal,completed,1,4.5,False,8.8,rising_talent,51
TXN-1303307,2024-12-18,Social Media Management,AU,NL,Marketing Manager,151.15,ILS,credit_card,completed,8,3.6,True,30.23,new_seller,51
TXN-1303142,2024-12-18,Financial Modeling,IN,US,Accountant,152.01,USD,credit_card,completed,10,3.7,False,30.4,new_seller,51
TXN-1303366,2024-12-18,Virtual Assistant,US,NL,HR Manager,59.35,USD,paypal,completed,2,3.6,True,11.87,level_1,51
TXN-1303370,2024-12-18,Web Development,GB,NL,Software Engineer,560.78,USD,credit_card,completed,16,3.3,False,112.16,level_1,51
TXN-1303371,2024-12-18,Translation,ZA,CA,Writer,101.81,USD,credit_card,completed,5,4.4,False,20.36,level_1,51
TXN-1303288,2024-12-18,Music Production,US,US,Designer,309.59,USD,credit_card,completed,10,3.4,False,61.92,top_rated,51
TXN-1303147,2024-12-18,Graphic Design,IL,US,Designer,120.4,USD,credit_card,completed,6,3.4,False,24.08,new_seller,51
TXN-1303286,2024-12-18,Graphic Design,DE,CA,Designer,1210.72,USD,credit_card,completed,5,4.6,True,242.14,level_2,51
TXN-1303364,2024-12-18,Data Analysis,US,GB,Data Scientist,2105.55,USD,bank_transfer,completed,8,2.8,True,421.11,rising_talent,51
TXN-1303145,2024-12-18,Music Production,ES,IN,Designer,89.74,USD,paypal,completed,11,4.4,False,17.95,rising_talent,51
TXN-1303265,2024-12-18,Virtual Assistant,US,IN,HR Manager,48.99,USD,crypto,disputed,1,,False,9.8,level_1,51
TXN-1303207,2024-12-18,Translation,IN,IN,Writer,98.62,GBP,credit_card,completed,3,4.2,False,19.72,level_1,51
TXN-1303187,2024-12-18,Social Media Management,ZA,IN,Marketing Manager,72.83,USD,paypal,completed,4,3.3,True,14.57,rising_talent,51
TXN-1303189,2024-12-18,AI/ML Development,US,AU,Data Scientist,388.37,USD,bank_transfer,completed,17,3.9,False,77.67,new_seller,51
TXN-1303190,2024-12-18,Translation,US,US,Writer,289.09,USD,credit_card,completed,3,3.5,False,57.82,level_2,51
TXN-1303191,2024-12-18,Virtual Assistant,US,SG,HR Manager,146.0,USD,credit_card,completed,1,4.4,False,29.2,level_2,51
TXN-1303199,2024-12-18,Mobile App,FR,DE,Software Engineer,631.58,EUR,paypal,completed,14,3.6,False,126.32,level_2,51
TXN-1303389,2024-12-18,Graphic Design,IN,JP,Designer,272.18,USD,credit_card,completed,5,3.4,False,54.44,level_2,51
TXN-1303388,2024-12-18,SEO/SEM,SG,ES,Marketing Manager,129.69,USD,credit_card,in_progress,8,,False,25.94,new_seller,51
TXN-1303209,2024-12-18,Data Analysis,GB,US,Data Scientist,5.01,EUR,credit_card,completed,8,2.7,False,1.0,level_2,51
TXN-1303166,2024-12-18,SEO/SEM,US,FR,Marketing Manager,119.5,GBP,bank_transfer,completed,6,4.1,True,23.9,top_rated,51
TXN-1303220,2024-12-18,Data Analysis,ES,CA,Data Scientist,75.96,USD,paypal,completed,5,4.5,False,15.19,rising_talent,51
TXN-1303162,2024-12-18,Financial Modeling,GB,US,Accountant,274.2,USD,paypal,completed,13,4.8,False,54.84,new_seller,51
TXN-1303237,2024-12-18,Translation,US,US,Writer,151.56,INR,credit_card,completed,2,4.2,True,30.31,rising_talent,51
TXN-1303148,2024-12-18,Content Writing,DE,IL,Writer,71.87,USD,credit_card,completed,2,3.2,False,14.37,level_1,51
TXN-1303158,2024-12-18,Data Analysis,GB,SG,Data Scientist,203.4,USD,credit_card,completed,8,3.3,False,40.68,level_1,51
TXN-1303159,2024-12-18,Graphic Design,SG,CA,Designer,10.79,USD,credit_card,completed,4,4.0,False,2.16,level_1,51
TXN-1303238,2024-12-19,Web Development,IL,US,Software Engineer,314.48,USD,paypal,completed,7,4.5,True,62.9,level_1,51
TXN-1303296,2024-12-19,AI/ML Development,US,US,Data Scientist,43.88,USD,credit_card,completed,27,4.8,False,8.78,rising_talent,51
TXN-1303369,2024-12-19,Music Production,IL,SG,Designer,27.99,EUR,credit_card,completed,18,3.0,False,5.6,top_rated,51
TXN-1303298,2024-12-19,Photography,AU,US,Designer,1155.48,USD,credit_card,completed,4,3.9,True,231.1,rising_talent,51
TXN-1303256,2024-12-19,Content Writing,FR,US,Writer,59.38,GBP,credit_card,completed,4,4.0,False,11.88,top_rated,51
TXN-1303246,2024-12-19,Financial Modeling,DE,FR,Accountant,223.96,USD,paypal,completed,11,3.6,True,44.79,new_seller,51
TXN-1303255,2024-12-19,Financial Modeling,DE,US,Accountant,25.01,USD,paypal,completed,6,4.0,True,5.0,rising_talent,51
TXN-1303200,2024-12-19,Music Production,GB,US,Designer,397.51,USD,bank_transfer,completed,8,4.1,False,79.5,top_rated,51
TXN-1303197,2024-12-19,Video Production,US,FR,Designer,58.59,USD,credit_card,completed,5,4.4,False,11.72,top_rated,51
TXN-1303361,2024-12-19,Financial Modeling,JP,BR,Accountant,50.81,USD,paypal,completed,6,4.4,True,10.16,level_1,51
TXN-1303320,2024-12-19,Data Analysis,US,AU,Data Scientist,163.74,USD,credit_card,completed,6,3.9,False,32.75,new_seller,51
TXN-1303321,2024-12-19,Content Writing,CA,DE,Writer,311.62,USD,paypal,completed,2,2.6,False,62.32,level_1,51
TXN-1303210,2024-12-19,Social Media Management,SG,FR,Marketing Manager,192.54,USD,bank_transfer,completed,7,4.2,False,38.51,new_seller,51
TXN-1303393,2024-12-19,Video Production,AU,US,Designer,45.11,USD,paypal,completed,9,3.9,False,9.02,level_2,51
TXN-1303336,2024-12-19,AI/ML Development,GB,GB,Data Scientist,42.02,USD,credit_card,completed,25,4.5,False,8.4,top_rated,51
TXN-1303338,2024-12-19,Photography,IN,IN,Designer,132.61,USD,credit_card,completed,3,4.2,False,26.52,level_2,51
TXN-1303185,2024-12-19,Virtual Assistant,US,GB,HR Manager,1368.8,EUR,bank_transfer,completed,3,4.5,False,273.76,level_2,51
TXN-1303342,2024-12-19,Legal Consulting,GB,IL,Lawyer,371.86,USD,credit_card,completed,9,4.6,False,74.37,level_2,51
TXN-1303183,2024-12-19,Data Analysis,CA,GB,Data Scientist,148.52,GBP,paypal,completed,4,4.9,False,29.7,level_1,51
TXN-1303171,2024-12-19,Web Development,IN,DE,Software Engineer,527.17,USD,paypal,completed,11,4.5,True,105.43,level_2,51
TXN-1303395,2024-12-19,AI/ML Development,GB,ZA,Data Scientist,230.94,USD,bank_transfer,completed,18,3.4,True,46.19,rising_talent,51
TXN-1303346,2024-12-19,Virtual Assistant,US,US,HR Manager,153.32,USD,credit_card,completed,3,3.2,False,30.66,rising_talent,51
TXN-1303347,2024-12-19,Video Production,GB,US,Designer,222.47,GBP,credit_card,completed,3,4.2,False,44.49,top_rated,51
TXN-1303178,2024-12-19,Translation,US,SG,Writer,26.46,USD,paypal,completed,2,2.5,True,5.29,level_2,51
TXN-1303351,2024-12-19,Web Development,AU,FR,Software Engineer,41.07,USD,paypal,completed,9,4.1,False,8.21,level_1,51
TXN-1303352,2024-12-19,Video Production,AU,BR,Designer,89.46,INR,bank_transfer,completed,10,4.2,False,17.89,level_2,51
TXN-1303176,2024-12-19,Graphic Design,GB,ZA,Designer,349.55,EUR,bank_transfer,completed,3,4.4,True,69.91,new_seller,51
TXN-1303252,2024-12-19,Virtual Assistant,US,ZA,HR Manager,67.38,USD,credit_card,completed,2,4.1,True,13.48,level_2,51
TXN-1303212,2024-12-19,Legal Consulting,CA,US,Lawyer,629.42,USD,credit_card,completed,7,4.7,False,125.88,level_2,51
TXN-1303243,2024-12-19,Video Production,BR,US,Designer,368.59,USD,paypal,completed,9,3.5,False,73.72,level_2,51
TXN-1303291,2024-12-19,Photography,CA,US,Designer,25.27,USD,paypal,completed,2,4.2,True,5.05,new_seller,51
TXN-1303226,2024-12-19,Data Analysis,US,AU,Data Scientist,39.61,INR,crypto,completed,4,4.7,False,7.92,level_2,51
TXN-1303381,2024-12-19,Music Production,DE,BR,Designer,5.0,GBP,paypal,completed,10,3.5,True,1.0,new_seller,51
TXN-1303218,2024-12-19,Content Writing,IL,BR,Writer,84.18,USD,credit_card,completed,5,4.8,True,16.84,top_rated,51
TXN-1303397,2024-12-19,Social Media Management,US,BR,Marketing Manager,42.69,USD,credit_card,completed,3,3.2,True,8.54,new_seller,51
TXN-1303161,2024-12-19,Legal Consulting,US,US,Lawyer,61.72,USD,crypto,cancelled,13,,False,12.34,level_2,51
TXN-1303274,2024-12-19,Translation,IL,US,Writer,68.97,INR,credit_card,completed,2,4.5,False,13.79,rising_talent,51
TXN-1303374,2024-12-19,Music Production,IN,US,Designer,33.31,ILS,credit_card,completed,10,5.0,False,6.66,level_1,51
TXN-1303234,2024-12-19,Content Writing,FR,DE,Writer,537.8,USD,paypal,completed,4,3.5,False,107.56,level_1,51
TXN-1303232,2024-12-19,Music Production,NL,US,Designer,338.32,EUR,credit_card,completed,29,4.0,False,67.66,level_2,51
TXN-1303231,2024-12-19,Graphic Design,IN,GB,Designer,1375.3,EUR,bank_transfer,completed,3,4.2,False,275.06,level_2,51
TXN-1303272,2024-12-19,Legal Consulting,SG,GB,Lawyer,575.65,USD,paypal,completed,16,4.3,False,115.13,level_2,51
TXN-1303211,2024-12-20,Graphic Design,US,ZA,Designer,144.88,USD,credit_card,completed,5,4.3,True,28.98,level_1,51
TXN-1303332,2024-12-20,Photography,BR,DE,Designer,34.06,USD,credit_card,completed,3,4.6,False,6.81,level_1,51
TXN-1303330,2024-12-20,Video Production,SG,GB,Designer,72.28,USD,paypal,completed,4,4.0,False,14.46,new_seller,51
TXN-1303329,2024-12-20,Content Writing,AU,CA,Writer,1578.02,EUR,paypal,completed,3,2.9,False,315.6,level_1,51
TXN-1303192,2024-12-20,Translation,GB,ES,Writer,84.98,USD,credit_card,completed,1,3.6,False,17.0,rising_talent,51
TXN-1303331,2024-12-20,AI/ML Development,ZA,US,Data Scientist,77.72,USD,paypal,completed,15,4.6,True,15.54,level_2,51
TXN-1303251,2024-12-20,Legal Consulting,BR,AU,Lawyer,151.02,USD,credit_card,completed,6,4.2,True,30.2,new_seller,51
TXN-1303382,2024-12-20,Mobile App,ZA,GB,Software Engineer,30.37,USD,credit_card,completed,17,3.3,False,6.07,level_2,51
TXN-1303170,2024-12-20,Financial Modeling,IL,US,Accountant,71.45,INR,credit_card,completed,12,2.4,False,14.29,top_rated,51
TXN-1303242,2024-12-20,Data Analysis,NL,US,Data Scientist,115.79,USD,credit_card,completed,9,4.1,False,23.16,level_1,51
TXN-1303137,2024-12-20,Virtual Assistant,AU,IN,HR Manager,5.75,USD,credit_card,completed,2,3.2,False,1.15,level_2,51
TXN-1303152,2024-12-20,Graphic Design,DE,US,Designer,79.51,USD,bank_transfer,completed,7,4.5,False,15.9,level_1,51
TXN-1303135,2024-12-20,Photography,US,US,Designer,47.78,USD,credit_card,completed,3,4.0,False,9.56,level_2,51
TXN-1303402,2024-12-20,Graphic Design,JP,GB,Designer,45.79,INR,credit_card,completed,3,4.3,True,9.16,rising_talent,51
TXN-1303172,2024-12-20,Photography,NL,US,Designer,19.42,USD,credit_card,completed,3,4.6,False,3.88,level_1,51
TXN-1303260,2024-12-20,Music Production,US,BR,Designer,377.88,USD,paypal,completed,16,4.8,False,75.58,rising_talent,51
TXN-1303155,2024-12-20,Financial Modeling,SG,NL,Accountant,25.51,USD,credit_card,completed,7,4.9,True,5.1,level_2,51
TXN-1303325,2024-12-20,Video Production,ES,CA,Designer,207.31,EUR,credit_card,completed,11,3.9,False,41.46,rising_talent,51
TXN-1303324,2024-12-20,Photography,GB,US,Designer,228.12,USD,crypto,completed,5,4.7,True,45.62,new_seller,51
TXN-1303308,2024-12-20,AI/ML Development,US,DE,Data Scientist,128.31,GBP,credit_card,completed,18,4.3,True,25.66,level_1,51
TXN-1303205,2024-12-20,Social Media Management,IL,ES,Marketing Manager,98.51,USD,credit_card,completed,12,3.5,True,19.7,level_2,51
TXN-1303386,2024-12-20,Virtual Assistant,US,US,HR Manager,298.46,EUR,credit_card,completed,2,3.9,True,59.69,level_2,51
TXN-1303259,2024-12-20,Translation,GB,IN,Writer,200.4,USD,paypal,completed,3,4.6,False,40.08,level_2,51
TXN-1303401,2024-12-20,Virtual Assistant,NL,US,HR Manager,99.07,USD,paypal,completed,1,3.4,True,19.81,level_1,51
TXN-1303399,2024-12-20,Financial Modeling,NL,US,Accountant,39.09,EUR,credit_card,completed,11,4.9,False,7.82,level_2,51
TXN-1303261,2024-12-20,Social Media Management,GB,NL,Marketing Manager,2079.03,USD,bank_transfer,completed,9,4.0,False,415.81,level_1,51
TXN-1303292,2024-12-20,Financial Modeling,US,US,Accountant,16.71,USD,bank_transfer,completed,15,4.8,True,3.34,level_2,51
TXN-1303215,2024-12-20,Legal Consulting,IL,SG,Lawyer,272.42,USD,credit_card,completed,17,2.5,True,54.48,rising_talent,51
TXN-1303309,2024-12-20,Graphic Design,IN,ES,Designer,96.87,USD,paypal,completed,3,4.3,True,19.37,rising_talent,51
TXN-1303282,2024-12-20,Music Production,US,JP,Designer,547.31,USD,credit_card,completed,9,3.7,False,109.46,top_rated,51
TXN-1303141,2024-12-20,Photography,IN,ES,Designer,134.09,USD,credit_card,completed,2,4.7,False,26.82,level_1,51
TXN-1303312,2024-12-20,Translation,ZA,IN,Writer,197.74,USD,bank_transfer,completed,1,3.8,False,39.55,level_2,51
TXN-1303157,2024-12-20,Photography,GB,BR,Designer,71.1,USD,credit_card,disputed,3,,True,14.22,rising_talent,51
TXN-1303314,2024-12-20,Data Analysis,FR,IN,Data Scientist,14.7,EUR,credit_card,completed,13,3.6,False,2.94,rising_talent,51
TXN-1303363,2024-12-20,SEO/SEM,IN,CA,Marketing Manager,410.8,USD,credit_card,completed,11,4.2,True,82.16,level_2,51
TXN-1303224,2024-12-20,Virtual Assistant,US,US,HR Manager,277.14,USD,credit_card,completed,2,4.2,False,55.43,rising_talent,51
TXN-1303280,2024-12-20,Web Development,IN,FR,Software Engineer,21.17,USD,credit_card,completed,29,3.5,False,4.23,top_rated,51
TXN-1303318,2024-12-20,Web Development,US,DE,Software Engineer,191.86,USD,bank_transfer,completed,7,4.7,False,38.37,rising_talent,51
TXN-1303392,2024-12-20,Graphic Design,FR,US,Designer,3062.47,USD,credit_card,completed,7,3.7,False,612.49,rising_talent,51
TXN-1303146,2024-12-20,Graphic Design,IN,IN,Designer,28.92,USD,credit_card,completed,9,3.1,False,5.78,rising_talent,51
TXN-1303227,2024-12-20,AI/ML Development,BR,ES,Data Scientist,77.81,USD,bank_transfer,completed,26,3.5,False,15.56,level_1,51
TXN-1303387,2024-12-20,Virtual Assistant,NL,ZA,HR Manager,347.33,USD,credit_card,completed,2,3.9,False,69.47,rising_talent,51
TXN-1303367,2024-12-20,AI/ML Development,FR,US,Data Scientist,123.94,USD,credit_card,completed,30,4.4,False,24.79,level_1,51
TXN-1303360,2024-12-21,Content Writing,US,US,Writer,46.31,USD,paypal,completed,4,4.9,False,9.26,level_2,51
TXN-1303375,2024-12-21,Music Production,US,US,Designer,223.94,EUR,credit_card,completed,19,4.3,False,44.79,level_2,51
TXN-1303390,2024-12-21,Photography,IN,FR,Designer,239.48,GBP,credit_card,cancelled,3,,True,47.9,level_1,51
TXN-1303394,2024-12-21,SEO/SEM,US,GB,Marketing Manager,162.32,USD,credit_card,completed,8,3.6,True,32.46,rising_talent,51
TXN-1303383,2024-12-21,AI/ML Development,US,FR,Data Scientist,230.62,USD,paypal,completed,14,4.4,False,46.12,level_2,51
TXN-1303356,2024-12-21,Social Media Management,GB,FR,Marketing Manager,11.35,USD,credit_card,completed,5,3.1,False,2.27,level_1,51
TXN-1303357,2024-12-21,AI/ML Development,AU,IN,Data Scientist,85.25,ILS,credit_card,completed,30,3.9,False,17.05,level_1,51
TXN-1303216,2024-12-21,Data Analysis,US,NL,Data Scientist,494.23,USD,crypto,completed,5,4.8,True,98.85,new_seller,51
TXN-1303340,2024-12-21,Video Production,US,US,Designer,85.59,EUR,credit_card,completed,119,4.2,False,17.12,level_1,51
TXN-1303208,2024-12-21,Legal Consulting,US,US,Lawyer,178.12,GBP,credit_card,completed,7,4.2,True,35.62,level_1,51
TXN-1303222,2024-12-21,Mobile App,JP,GB,Software Engineer,20.79,GBP,paypal,completed,30,2.6,False,4.16,level_1,51
TXN-1303225,2024-12-21,Legal Consulting,US,IN,Lawyer,503.92,USD,credit_card,completed,8,4.7,True,100.78,rising_talent,51
TXN-1303230,2024-12-21,Social Media Management,IL,IN,Marketing Manager,46.34,USD,credit_card,completed,8,4.2,False,9.27,rising_talent,51
TXN-1303236,2024-12-21,SEO/SEM,BR,US,Marketing Manager,253.86,INR,paypal,completed,6,3.0,False,50.77,level_2,51
TXN-1303196,2024-12-21,Content Writing,ES,GB,Writer,38.93,USD,paypal,completed,3,4.3,False,7.79,level_2,51
TXN-1303193,2024-12-21,Data Analysis,IN,IL,Data Scientist,494.19,ILS,credit_card,completed,3,3.3,True,98.84,level_1,51
TXN-1303245,2024-12-21,Content Writing,FR,IL,Writer,5.0,USD,credit_card,completed,3,4.7,False,1.0,level_2,51
TXN-1303186,2024-12-21,Legal Consulting,MX,US,Lawyer,89.43,USD,paypal,completed,9,4.2,True,17.89,level_2,51
TXN-1303257,2024-12-21,Photography,FR,CA,Designer,464.86,USD,paypal,completed,5,4.8,False,92.97,top_rated,51
TXN-1303206,2024-12-21,Translation,US,ES,Writer,321.77,USD,paypal,completed,4,5.0,False,64.35,level_1,51
TXN-1303160,2024-12-21,Content Writing,IN,US,Writer,60.32,USD,credit_card,completed,2,5.0,False,12.06,level_1,51
TXN-1303163,2024-12-21,Financial Modeling,AU,DE,Accountant,90.87,USD,credit_card,completed,7,3.9,True,18.17,level_1,51
TXN-1303297,2024-12-21,AI/ML Development,GB,IN,Data Scientist,19.46,USD,credit_card,completed,22,3.5,False,3.89,level_2,51
TXN-1303334,2024-12-21,Video Production,FR,GB,Designer,129.01,USD,bank_transfer,in_progress,7,,False,25.8,level_2,51
TXN-1303326,2024-12-21,Video Production,FR,IN,Designer,49.7,ILS,credit_card,completed,11,4.1,False,9.94,top_rated,51
TXN-1303323,2024-12-21,Virtual Assistant,GB,IN,HR Manager,531.47,USD,credit_card,completed,1,4.1,False,106.29,level_2,51
TXN-1303317,2024-12-21,Music Production,FR,CA,Designer,217.3,USD,paypal,completed,10,4.1,True,43.46,new_seller,51
TXN-1303316,2024-12-21,Content Writing,NL,GB,Writer,53.87,USD,paypal,completed,1,4.7,True,10.77,rising_talent,51
TXN-1303315,2024-12-21,Photography,US,US,Designer,889.89,USD,bank_transfer,completed,5,3.6,True,177.98,new_seller,51
TXN-1303293,2024-12-21,Mobile App,IN,SG,Software Engineer,247.34,USD,crypto,completed,22,4.6,False,49.47,rising_talent,51
TXN-1303313,2024-12-21,Video Production,US,US,Designer,1414.19,USD,credit_card,completed,6,3.2,True,282.84,level_2,51
TXN-1303153,2024-12-21,Financial Modeling,US,US,Accountant,127.1,USD,bank_transfer,completed,5,2.6,True,25.42,new_seller,51
TXN-1303144,2024-12-22,Photography,US,NL,Designer,39.5,USD,paypal,completed,3,4.5,True,7.9,level_1,51
TXN-1303180,2024-12-22,Graphic Design,AU,AU,Designer,424.01,USD,credit_card,in_progress,3,,True,84.8,rising_talent,51
TXN-1303173,2024-12-22,Graphic Design,US,IN,Designer,281.3,USD,paypal,completed,3,3.7,True,56.26,new_seller,51
TXN-1303165,2024-12-22,Photography,CA,FR,Designer,997.8,USD,paypal,completed,3,4.0,True,199.56,top_rated,51
TXN-1303391,2024-12-22,Legal Consulting,FR,DE,Lawyer,876.97,ILS,credit_card,completed,11,2.8,False,175.39,level_2,51
TXN-1303154,2024-12-22,Legal Consulting,GB,DE,Lawyer,138.73,USD,credit_card,completed,24,3.3,False,27.75,level_2,51
TXN-1303354,2024-12-22,Virtual Assistant,DE,GB,HR Manager,85.92,GBP,paypal,completed,2,3.2,False,17.18,level_2,51
TXN-1303201,2024-12-22,Photography,US,ES,Designer,0.01,USD,paypal,completed,6,3.4,False,0.0,level_2,51
TXN-1303396,2024-12-22,Data Analysis,GB,GB,Data Scientist,75.43,USD,credit_card,completed,7,4.7,False,15.09,level_1,51
TXN-1303204,2024-12-22,Data Analysis,MX,ZA,Data Scientist,29.06,GBP,credit_card,completed,8,4.7,True,5.81,rising_talent,51
TXN-1303202,2024-12-22,Music Production,CA,US,Designer,233.15,USD,credit_card,completed,18,4.6,False,46.63,rising_talent,51
TXN-1303365,2024-12-22,SEO/SEM,US,IN,Marketing Manager,191.87,USD,paypal,completed,5,4.1,False,38.37,rising_talent,51
TXN-1303302,2024-12-22,Social Media Management,IN,BR,Marketing Manager,254.17,EUR,bank_transfer,completed,7,4.3,False,50.83,rising_talent,51
TXN-1303300,2024-12-22,Data Analysis,US,US,Data Scientist,520.89,GBP,credit_card,completed,10,3.0,True,104.18,new_seller,51
TXN-1303289,2024-12-22,Financial Modeling,GB,US,Accountant,51.52,USD,paypal,completed,9,3.7,False,10.3,top_rated,51
TXN-1303287,2024-12-22,Legal Consulting,FR,FR,Lawyer,797.16,EUR,credit_card,completed,23,4.8,False,159.43,new_seller,51
TXN-1303281,2024-12-22,Mobile App,US,CA,Software Engineer,75.39,USD,credit_card,completed,7,3.4,True,15.08,new_seller,51
TXN-1303305,2024-12-22,Music Production,GB,IN,Designer,691.62,USD,credit_card,completed,19,3.1,False,138.32,rising_talent,51
TXN-1303269,2024-12-22,Mobile App,US,DE,Software Engineer,277.9,USD,bank_transfer,completed,26,3.5,True,55.58,level_1,51
TXN-1303250,2024-12-22,Financial Modeling,US,NL,Accountant,468.98,EUR,bank_transfer,completed,6,3.7,True,93.8,top_rated,51
TXN-1303240,2024-12-22,Legal Consulting,GB,NL,Lawyer,23.55,USD,credit_card,completed,6,4.8,False,4.71,level_1,51
TXN-1303380,2024-12-22,SEO/SEM,MX,US,Marketing Manager,209.73,USD,paypal,completed,15,3.7,True,41.95,level_1,51
TXN-1303275,2024-12-22,Mobile App,NL,AU,Software Engineer,224.9,INR,credit_card,completed,16,3.5,False,44.98,level_1,51
TXN-1303623,2024-12-23,Content Writing,FR,DE,Writer,69.58,EUR,paypal,cancelled,1,,False,13.92,level_2,52
TXN-1303575,2024-12-23,AI/ML Development,US,US,Data Scientist,162.95,GBP,bank_transfer,completed,11,4.3,True,32.59,level_1,52
TXN-1303581,2024-12-23,Graphic Design,US,FR,Designer,135.0,GBP,credit_card,completed,4,4.5,True,27.0,level_2,52
TXN-1303582,2024-12-23,Data Analysis,US,GB,Data Scientist,279.87,USD,bank_transfer,cancelled,11,,False,55.97,level_1,52
TXN-1303443,2024-12-23,Content Writing,US,DE,Writer,224.19,GBP,credit_card,completed,2,3.2,False,44.84,level_2,52
TXN-1303583,2024-12-23,Content Writing,FR,SG,Writer,856.28,USD,credit_card,completed,2,4.4,False,171.26,level_2,52
TXN-1303453,2024-12-23,Web Development,IN,BR,Software Engineer,1009.3,USD,credit_card,completed,12,4.7,False,201.86,rising_talent,52
TXN-1303452,2024-12-23,Graphic Design,DE,NL,Designer,2923.32,USD,credit_card,completed,6,4.4,False,584.66,rising_talent,52
TXN-1303591,2024-12-23,Financial Modeling,CA,US,Accountant,622.23,USD,credit_card,completed,8,3.3,True,124.45,level_2,52
TXN-1303600,2024-12-23,Video Production,US,US,Designer,92.56,USD,bank_transfer,completed,5,4.5,True,18.51,rising_talent,52
TXN-1303448,2024-12-23,Mobile App,IN,DE,Software Engineer,487.56,USD,paypal,completed,30,2.8,True,97.51,top_rated,52
TXN-1303573,2024-12-23,Mobile App,BR,IN,Software Engineer,171.56,EUR,credit_card,completed,30,4.6,True,34.31,level_2,52
TXN-1303584,2024-12-23,Music Production,BR,ZA,Designer,6.84,INR,paypal,completed,8,4.6,False,1.37,level_1,52
TXN-1303571,2024-12-23,Translation,IN,CA,Writer,18.3,USD,paypal,completed,3,4.1,True,3.66,top_rated,52
TXN-1303699,2024-12-23,Video Production,JP,BR,Designer,26.4,USD,credit_card,completed,3,3.9,True,5.28,level_1,52
TXN-1303565,2024-12-23,Data Analysis,IN,ZA,Data Scientist,25.1,EUR,paypal,completed,5,4.0,False,5.02,rising_talent,52
TXN-1303486,2024-12-23,Financial Modeling,US,IN,Accountant,17.4,USD,paypal,completed,6,4.6,False,3.48,level_2,52
TXN-1303635,2024-12-23,Translation,SG,IN,Writer,3048.77,USD,credit_card,completed,1,4.0,False,609.75,new_seller,52
TXN-1303484,2024-12-23,Content Writing,US,US,Writer,32.29,USD,bank_transfer,completed,2,4.6,True,6.46,level_2,52
TXN-1303518,2024-12-23,Virtual Assistant,GB,JP,HR Manager,159.33,USD,crypto,completed,2,4.4,False,31.87,level_1,52
TXN-1303482,2024-12-23,Web Development,US,CA,Software Engineer,784.52,USD,credit_card,completed,12,2.5,False,156.9,level_2,52
TXN-1303522,2024-12-23,Content Writing,IN,US,Writer,358.79,USD,credit_card,disputed,4,,False,71.76,level_2,52
TXN-1303566,2024-12-23,Content Writing,AU,DE,Writer,15.41,GBP,credit_card,completed,3,2.7,False,3.08,rising_talent,52
TXN-1303537,2024-12-23,Social Media Management,IN,SG,Marketing Manager,55.04,USD,credit_card,completed,17,3.8,True,11.01,rising_talent,52
TXN-1303548,2024-12-23,Translation,US,ES,Writer,18.33,GBP,crypto,completed,4,3.1,False,3.67,level_1,52
TXN-1303472,2024-12-23,Content Writing,ZA,DE,Writer,137.82,GBP,paypal,completed,6,4.5,False,27.56,rising_talent,52
TXN-1303470,2024-12-23,Data Analysis,IN,BR,Data Scientist,706.94,USD,credit_card,completed,4,4.2,False,141.39,top_rated,52
TXN-1303552,2024-12-23,Legal Consulting,US,NL,Lawyer,28.7,USD,paypal,completed,13,4.3,False,5.74,top_rated,52
TXN-1303560,2024-12-23,Graphic Design,JP,CA,Designer,343.12,GBP,credit_card,completed,9,4.9,False,68.62,new_seller,52
TXN-1303562,2024-12-23,SEO/SEM,GB,DE,Marketing Manager,683.7,USD,credit_card,completed,11,2.9,True,136.74,new_seller,52
TXN-1303547,2024-12-23,AI/ML Development,GB,US,Data Scientist,141.67,USD,credit_card,completed,12,3.5,True,28.33,new_seller,52
TXN-1303638,2024-12-23,AI/ML Development,GB,IN,Data Scientist,38.74,INR,paypal,completed,16,4.2,True,7.75,new_seller,52
TXN-1303491,2024-12-23,AI/ML Development,US,NL,Data Scientist,243.73,USD,bank_transfer,completed,10,3.0,True,48.75,level_1,52
TXN-1303413,2024-12-23,Data Analysis,IN,US,Data Scientist,171.99,USD,credit_card,completed,5,4.5,False,34.4,rising_talent,52
TXN-1303664,2024-12-23,AI/ML Development,IN,GB,Data Scientist,95.01,USD,credit_card,completed,23,4.1,True,19.0,level_1,52
TXN-1303659,2024-12-23,Social Media Management,US,US,Marketing Manager,138.79,USD,crypto,completed,6,4.2,False,27.76,rising_talent,52
TXN-1303408,2024-12-23,Web Development,FR,AU,Software Engineer,91.14,USD,paypal,completed,8,3.7,False,18.23,top_rated,52
TXN-1303414,2024-12-23,Graphic Design,US,US,Designer,59.05,USD,paypal,completed,4,4.4,False,11.81,level_1,52
TXN-1303653,2024-12-23,Data Analysis,GB,US,Data Scientist,146.88,USD,credit_card,completed,7,3.8,True,29.38,rising_talent,52
TXN-1303650,2024-12-23,Mobile App,ZA,IN,Software Engineer,148.5,USD,credit_card,completed,19,4.7,False,29.7,level_1,52
TXN-1303419,2024-12-23,Mobile App,IN,GB,Software Engineer,215.06,USD,paypal,completed,25,4.5,False,43.01,new_seller,52
TXN-1303430,2024-12-23,SEO/SEM,US,ES,Marketing Manager,121.42,USD,credit_card,completed,17,4.9,True,24.28,top_rated,52
TXN-1303422,2024-12-23,Financial Modeling,US,IN,Accountant,114.22,EUR,credit_card,completed,6,3.1,True,22.84,rising_talent,52
TXN-1303647,2024-12-23,Photography,ZA,FR,Designer,56.35,USD,credit_card,completed,4,4.6,False,11.27,new_seller,52
TXN-1303406,2024-12-23,Video Production,MX,SG,Designer,725.29,USD,credit_card,completed,4,4.3,False,145.06,level_1,52
TXN-1303689,2024-12-23,Content Writing,US,US,Writer,94.09,ILS,paypal,completed,4,2.5,False,18.82,level_1,52
TXN-1303669,2024-12-23,Translation,FR,FR,Writer,28.69,USD,bank_transfer,completed,4,4.8,True,5.74,level_1,52
TXN-1303433,2024-12-23,SEO/SEM,IN,US,Marketing Manager,15.31,USD,credit_card,completed,12,3.2,False,3.06,new_seller,52
TXN-1303410,2024-12-23,Mobile App,US,MX,Software Engineer,53.61,USD,bank_transfer,completed,14,4.6,True,10.72,level_2,52
TXN-1303416,2024-12-23,Legal Consulting,IN,GB,Lawyer,555.58,USD,credit_card,in_progress,19,,True,111.12,level_2,52
TXN-1303415,2024-12-23,Video Production,FR,AU,Designer,41.68,INR,paypal,completed,10,4.1,True,8.34,new_seller,52
TXN-1303680,2024-12-23,Financial Modeling,US,US,Accountant,1095.69,USD,credit_card,completed,13,4.8,False,219.14,rising_talent,52
TXN-1303407,2024-12-23,Data Analysis,GB,BR,Data Scientist,21.43,USD,paypal,completed,6,3.7,False,4.29,rising_talent,52
TXN-1303420,2024-12-23,Photography,IN,GB,Designer,53.9,USD,credit_card,completed,3,3.9,True,10.78,level_1,52
TXN-1303681,2024-12-24,SEO/SEM,GB,US,Marketing Manager,23.0,USD,credit_card,completed,10,3.9,False,4.6,level_1,52
TXN-1303545,2024-12-24,Virtual Assistant,BR,US,HR Manager,28.34,USD,credit_card,completed,1,3.9,True,5.67,new_seller,52
TXN-1303642,2024-12-24,SEO/SEM,US,GB,Marketing Manager,709.82,USD,crypto,completed,4,4.4,True,141.96,new_seller,52
TXN-1303541,2024-12-24,Web Development,US,AU,Software Engineer,111.11,USD,paypal,completed,10,4.4,True,22.22,level_2,52
TXN-1303526,2024-12-24,Virtual Assistant,IN,US,HR Manager,222.85,USD,paypal,completed,1,2.9,False,44.57,rising_talent,52
TXN-1303695,2024-12-24,Social Media Management,IN,DE,Marketing Manager,56.27,USD,credit_card,completed,12,3.4,False,11.25,level_1,52
TXN-1303513,2024-12-24,Graphic Design,BR,US,Designer,467.88,USD,paypal,completed,5,4.2,False,93.58,rising_talent,52
TXN-1303492,2024-12-24,Translation,US,IN,Writer,52.98,EUR,bank_transfer,completed,2,4.6,False,10.6,top_rated,52
TXN-1303508,2024-12-24,Photography,GB,AU,Designer,1709.11,GBP,bank_transfer,completed,9,4.0,False,341.82,rising_talent,52
TXN-1303504,2024-12-24,Translation,DE,ES,Writer,908.14,USD,credit_card,completed,3,4.0,False,181.63,new_seller,52
TXN-1303494,2024-12-24,Graphic Design,FR,IN,Designer,385.1,USD,credit_card,completed,2,4.1,False,77.02,level_2,52
TXN-1303542,2024-12-24,Graphic Design,BR,IN,Designer,1557.22,USD,credit_card,completed,3,4.8,False,311.44,level_2,52
TXN-1303536,2024-12-24,Data Analysis,US,US,Data Scientist,67.42,USD,paypal,completed,9,4.7,True,13.48,top_rated,52
TXN-1303676,2024-12-24,Web Development,SG,CA,Software Engineer,35.78,USD,credit_card,completed,12,4.0,False,7.16,top_rated,52
TXN-1303559,2024-12-24,Legal Consulting,NL,IL,Lawyer,461.72,USD,paypal,completed,17,3.9,True,92.34,level_1,52
TXN-1303636,2024-12-24,AI/ML Development,SG,DE,Data Scientist,121.87,USD,credit_card,completed,18,3.5,True,24.37,level_1,52
TXN-1303643,2024-12-24,Web Development,IN,NL,Software Engineer,69.87,USD,crypto,completed,20,3.7,False,13.97,level_2,52
TXN-1303633,2024-12-24,AI/ML Development,CA,ES,Data Scientist,204.55,USD,credit_card,completed,14,4.2,True,40.91,level_2,52
TXN-1303632,2024-12-24,Music Production,US,US,Designer,154.52,USD,bank_transfer,completed,11,4.8,False,30.9,rising_talent,52
TXN-1303628,2024-12-24,Financial Modeling,NL,DE,Accountant,137.43,ILS,credit_card,completed,17,4.0,False,27.49,level_1,52
TXN-1303625,2024-12-24,SEO/SEM,ES,MX,Marketing Manager,1337.98,USD,crypto,completed,30,3.4,False,267.6,new_seller,52
TXN-1303646,2024-12-24,AI/ML Development,CA,US,Data Scientist,379.71,USD,credit_card,completed,21,4.6,True,75.94,rising_talent,52
TXN-1303609,2024-12-24,Video Production,US,AU,Designer,54.84,USD,paypal,completed,9,4.4,False,10.97,new_seller,52
TXN-1303604,2024-12-24,Music Production,CA,DE,Designer,188.24,USD,credit_card,completed,16,4.4,True,37.65,level_1,52
TXN-1303595,2024-12-24,Mobile App,US,CA,Software Engineer,65.55,USD,bank_transfer,completed,17,3.8,True,13.11,level_1,52
TXN-1303654,2024-12-24,Data Analysis,IN,DE,Data Scientist,78.74,GBP,paypal,completed,4,4.6,True,15.75,level_2,52
TXN-1303585,2024-12-24,AI/ML Development,FR,GB,Data Scientist,133.67,USD,bank_transfer,completed,18,4.6,False,26.73,level_2,52
TXN-1303666,2024-12-24,Legal Consulting,DE,DE,Lawyer,152.03,GBP,paypal,completed,14,3.3,False,30.41,level_1,52
TXN-1303667,2024-12-24,Virtual Assistant,IN,FR,HR Manager,83.08,EUR,credit_card,disputed,1,,True,16.62,level_1,52
TXN-1303572,2024-12-24,Translation,US,IL,Writer,37.62,USD,paypal,completed,1,4.1,True,7.52,level_1,52
TXN-1303641,2024-12-24,AI/ML Development,US,US,Data Scientist,39.82,USD,credit_card,completed,20,3.4,True,7.96,new_seller,52
TXN-1303564,2024-12-24,Music Production,IL,BR,Designer,881.98,EUR,credit_card,completed,9,4.2,False,176.4,level_1,52
TXN-1303678,2024-12-24,AI/ML Development,DE,IN,Data Scientist,109.21,USD,paypal,completed,30,3.1,False,21.84,rising_talent,52
TXN-1303665,2024-12-24,AI/ML Development,GB,US,Data Scientist,146.75,USD,bank_transfer,completed,30,3.0,True,29.35,level_2,52
TXN-1303471,2024-12-24,Video Production,DE,IN,Designer,4098.81,USD,crypto,cancelled,9,,True,819.76,level_2,52
TXN-1303421,2024-12-24,Social Media Management,FR,CA,Marketing Manager,343.16,USD,credit_card,completed,7,4.4,True,68.63,rising_talent,52
TXN-1303437,2024-12-24,Graphic Design,DE,US,Designer,112.25,USD,credit_card,completed,3,4.8,False,22.45,level_1,52
TXN-1303424,2024-12-24,Graphic Design,US,ES,Designer,401.51,USD,paypal,completed,4,4.1,False,80.3,level_2,52
TXN-1303473,2024-12-24,AI/ML Development,IN,JP,Data Scientist,816.0,ILS,credit_card,completed,11,4.4,False,163.2,level_1,52
TXN-1303460,2024-12-24,Video Production,US,IN,Designer,8.77,USD,paypal,completed,6,2.8,False,1.75,new_seller,52
TXN-1303442,2024-12-24,Web Development,GB,FR,Software Engineer,506.0,USD,crypto,completed,20,3.6,False,101.2,level_2,52
TXN-1303409,2024-12-24,Mobile App,FR,FR,Software Engineer,291.98,USD,bank_transfer,completed,18,4.8,True,58.4,level_1,52
TXN-1303426,2024-12-24,Photography,BR,IN,Designer,45.89,USD,credit_card,completed,3,3.8,False,9.18,rising_talent,52
TXN-1303477,2024-12-24,Content Writing,ZA,IN,Writer,691.65,USD,credit_card,completed,1,3.4,False,138.33,level_2,52
TXN-1303467,2024-12-24,Mobile App,IL,BR,Software Engineer,99.47,USD,paypal,completed,30,4.5,True,19.89,top_rated,52
TXN-1303447,2024-12-24,Web Development,SG,DE,Software Engineer,102.24,USD,paypal,completed,16,4.4,True,20.45,level_1,52
TXN-1303457,2024-12-24,Virtual Assistant,IN,IN,HR Manager,192.02,USD,paypal,completed,1,3.2,True,38.4,level_2,52
TXN-1303446,2024-12-24,Content Writing,AU,IN,Writer,92.8,USD,credit_card,disputed,1,,False,18.56,level_1,52
TXN-1303489,2024-12-24,Music Production,GB,IN,Designer,59.28,USD,credit_card,completed,7,3.6,False,11.86,new_seller,52
TXN-1303668,2024-12-25,Web Development,ZA,CA,Software Engineer,88.22,USD,credit_card,completed,10,3.7,False,17.64,rising_talent,52
TXN-1303670,2024-12-25,Video Production,CA,NL,Designer,488.53,USD,paypal,completed,5,4.0,False,97.71,new_seller,52
TXN-1303423,2024-12-25,Web Development,MX,GB,Software Engineer,228.3,USD,credit_card,completed,13,4.9,False,45.66,level_1,52
TXN-1303531,2024-12-25,Social Media Management,GB,US,Marketing Manager,12.02,USD,paypal,completed,8,4.6,False,2.4,level_2,52
TXN-1303425,2024-12-25,Graphic Design,NL,GB,Designer,123.81,USD,credit_card,completed,4,3.8,True,24.76,top_rated,52
TXN-1303436,2024-12-25,Graphic Design,ES,GB,Designer,247.26,USD,crypto,completed,4,4.3,True,49.45,level_1,52
TXN-1303418,2024-12-25,Content Writing,ZA,MX,Writer,445.23,GBP,credit_card,completed,5,4.8,False,89.05,level_1,52
TXN-1303611,2024-12-25,Content Writing,FR,IN,Writer,80.08,INR,credit_card,completed,5,3.4,False,16.02,new_seller,52
TXN-1303577,2024-12-25,Social Media Management,IL,US,Marketing Manager,1351.94,USD,credit_card,completed,12,3.9,False,270.39,level_1,52
TXN-1303543,2024-12-25,AI/ML Development,US,BR,Data Scientist,993.11,USD,bank_transfer,completed,23,4.9,True,198.62,level_2,52
TXN-1303658,2024-12-25,Legal Consulting,JP,JP,Lawyer,73.12,USD,paypal,completed,11,3.6,False,14.62,level_1,52
TXN-1303546,2024-12-25,Translation,US,US,Writer,639.49,USD,bank_transfer,completed,2,4.7,False,127.9,top_rated,52
TXN-1303428,2024-12-25,Mobile App,US,GB,Software Engineer,131.84,USD,credit_card,completed,30,4.9,True,26.37,level_2,52
TXN-1303461,2024-12-25,Financial Modeling,FR,US,Accountant,126.91,USD,credit_card,completed,6,4.5,False,25.38,rising_talent,52
TXN-1303554,2024-12-25,Translation,MX,US,Writer,930.79,USD,credit_card,completed,3,4.5,True,186.16,level_1,52
TXN-1303555,2024-12-25,Content Writing,DE,US,Writer,138.75,USD,paypal,completed,2,4.8,True,27.75,new_seller,52
TXN-1303570,2024-12-25,Photography,BR,CA,Designer,25.76,USD,crypto,completed,6,4.5,False,5.15,rising_talent,52
TXN-1303569,2024-12-25,Music Production,IL,SG,Designer,103.58,USD,credit_card,completed,13,4.8,False,20.72,level_1,52
TXN-1303649,2024-12-25,Data Analysis,US,FR,Data Scientist,34.03,EUR,credit_card,completed,6,5.0,True,6.81,level_1,52
TXN-1303466,2024-12-25,Legal Consulting,GB,US,Lawyer,73.94,USD,credit_card,completed,19,4.9,True,14.79,top_rated,52
TXN-1303578,2024-12-25,Virtual Assistant,DE,IN,HR Manager,255.21,USD,credit_card,completed,3,4.4,True,51.04,level_1,52
TXN-1303530,2024-12-25,SEO/SEM,US,IN,Marketing Manager,838.65,GBP,credit_card,completed,7,4.1,False,167.73,rising_talent,52
TXN-1303463,2024-12-25,SEO/SEM,CA,IN,Marketing Manager,30.95,USD,credit_card,completed,8,4.8,False,6.19,new_seller,52
TXN-1303431,2024-12-25,Mobile App,AU,US,Software Engineer,74.38,USD,credit_card,completed,30,3.5,True,14.88,new_seller,52
TXN-1303627,2024-12-25,AI/ML Development,NL,DE,Data Scientist,1263.91,USD,crypto,completed,24,4.9,False,252.78,rising_talent,52
TXN-1303505,2024-12-25,Virtual Assistant,US,GB,HR Manager,238.32,USD,bank_transfer,completed,1,4.7,True,47.66,level_1,52
TXN-1303449,2024-12-25,Web Development,GB,IN,Software Engineer,481.65,USD,bank_transfer,completed,61,3.7,False,96.33,level_1,52
TXN-1303672,2024-12-25,Social Media Management,FR,IN,Marketing Manager,86.03,USD,bank_transfer,completed,6,4.9,False,17.21,level_2,52
TXN-1303629,2024-12-25,Financial Modeling,AU,AU,Accountant,184.63,USD,credit_card,completed,16,4.7,False,36.93,level_2,52
TXN-1303630,2024-12-25,Data Analysis,DE,FR,Data Scientist,96.72,USD,credit_card,completed,6,3.6,True,19.34,level_1,52
TXN-1303511,2024-12-25,Music Production,CA,MX,Designer,66.53,USD,credit_card,completed,14,3.5,False,13.31,level_1,52
TXN-1303590,2024-12-25,Video Production,US,AU,Designer,71.5,USD,bank_transfer,cancelled,8,,False,14.3,level_2,52
TXN-1303626,2024-12-25,Social Media Management,JP,US,Marketing Manager,56.84,USD,paypal,disputed,3,,False,11.37,level_1,52
TXN-1303694,2024-12-25,Translation,US,NL,Writer,813.72,EUR,credit_card,completed,2,4.7,True,162.74,level_1,52
TXN-1303517,2024-12-25,Virtual Assistant,BR,NL,HR Manager,237.18,USD,bank_transfer,completed,1,4.4,False,47.44,top_rated,52
TXN-1303586,2024-12-25,Web Development,US,BR,Software Engineer,27.93,USD,credit_card,completed,4,3.9,False,5.59,level_2,52
TXN-1303520,2024-12-25,Virtual Assistant,AU,CA,HR Manager,348.4,USD,credit_card,completed,3,4.0,False,69.68,rising_talent,52
TXN-1303521,2024-12-25,AI/ML Development,FR,MX,Data Scientist,147.13,INR,paypal,completed,17,3.1,True,29.43,rising_talent,52
TXN-1303606,2024-12-25,Financial Modeling,US,GB,Accountant,389.11,USD,credit_card,completed,4,4.6,True,77.82,level_1,52
TXN-1303411,2024-12-25,Graphic Design,DE,US,Designer,163.68,USD,credit_card,completed,6,4.4,False,32.74,level_1,52
TXN-1303455,2024-12-25,Social Media Management,FR,CA,Marketing Manager,39.99,USD,credit_card,completed,12,4.3,False,8.0,level_2,52
TXN-1303417,2024-12-25,Mobile App,DE,US,Software Engineer,555.94,USD,paypal,completed,30,3.5,False,111.19,rising_talent,52
TXN-1303515,2024-12-25,Mobile App,US,IN,Software Engineer,158.02,USD,paypal,completed,19,4.7,False,31.6,level_2,52
TXN-1303620,2024-12-26,Content Writing,IN,BR,Writer,108.94,EUR,credit_card,completed,3,3.5,False,21.79,level_2,52
TXN-1303645,2024-12-26,Financial Modeling,IN,JP,Accountant,129.44,USD,credit_card,completed,7,4.3,True,25.89,level_2,52
TXN-1303601,2024-12-26,Translation,US,JP,Writer,2389.89,USD,credit_card,completed,3,4.9,True,477.98,rising_talent,52
TXN-1303624,2024-12-26,Mobile App,FR,BR,Software Engineer,103.01,USD,paypal,completed,21,3.7,False,20.6,new_seller,52
TXN-1303568,2024-12-26,Photography,US,US,Designer,91.52,USD,credit_card,completed,6,2.9,False,18.3,level_1,52
TXN-1303435,2024-12-26,Social Media Management,US,DE,Marketing Manager,94.79,USD,credit_card,completed,7,4.3,False,18.96,level_1,52
TXN-1303594,2024-12-26,Financial Modeling,FR,CA,Accountant,30.37,USD,paypal,completed,8,3.9,False,6.07,new_seller,52
TXN-1303644,2024-12-26,Mobile App,FR,ZA,Software Engineer,1223.65,USD,paypal,completed,17,3.6,False,244.73,rising_talent,52
TXN-1303593,2024-12-26,Social Media Management,CA,GB,Marketing Manager,115.16,USD,paypal,completed,2,4.3,False,23.03,level_1,52
TXN-1303634,2024-12-26,Social Media Management,GB,US,Marketing Manager,240.46,USD,paypal,disputed,6,,False,48.09,level_1,52
TXN-1303439,2024-12-26,SEO/SEM,FR,IL,Marketing Manager,429.03,USD,paypal,disputed,5,,False,85.81,level_1,52
TXN-1303587,2024-12-26,Legal Consulting,CA,US,Lawyer,7.09,USD,credit_card,completed,20,4.4,False,1.42,rising_talent,52
TXN-1303454,2024-12-26,Translation,US,JP,Writer,172.66,USD,paypal,completed,3,4.1,False,34.53,level_1,52
TXN-1303462,2024-12-26,Legal Consulting,JP,US,Lawyer,243.73,USD,paypal,completed,12,4.1,False,48.75,level_1,52
TXN-1303640,2024-12-26,Video Production,US,US,Designer,206.49,USD,paypal,completed,4,3.7,False,41.3,level_1,52
TXN-1303490,2024-12-26,Graphic Design,BR,US,Designer,199.64,USD,paypal,completed,7,3.0,False,39.93,new_seller,52
TXN-1303465,2024-12-26,Social Media Management,ES,US,Marketing Manager,324.92,USD,credit_card,completed,6,4.1,True,64.98,rising_talent,52
TXN-1303698,2024-12-26,Virtual Assistant,FR,US,HR Manager,61.12,GBP,paypal,completed,2,4.7,False,12.22,rising_talent,52
TXN-1303496,2024-12-26,Virtual Assistant,US,JP,HR Manager,443.74,GBP,credit_card,completed,1,4.7,True,88.75,level_1,52
TXN-1303498,2024-12-26,Photography,US,SG,Designer,639.81,USD,credit_card,cancelled,1,,True,127.96,top_rated,52
TXN-1303499,2024-12-26,Web Development,MX,US,Software Engineer,110.52,USD,credit_card,completed,29,3.9,False,22.1,level_2,52
TXN-1303500,2024-12-26,Social Media Management,DE,US,Marketing Manager,71.57,USD,paypal,disputed,5,,False,14.31,rising_talent,52
TXN-1303501,2024-12-26,Legal Consulting,US,IN,Lawyer,126.74,USD,bank_transfer,completed,8,3.7,True,25.35,level_2,52
TXN-1303488,2024-12-26,Music Production,US,IN,Designer,46.29,ILS,credit_card,completed,14,3.4,False,9.26,level_2,52
TXN-1303693,2024-12-26,AI/ML Development,GB,US,Data Scientist,35.7,USD,credit_card,completed,30,3.8,True,7.14,level_2,52
TXN-1303692,2024-12-26,Photography,MX,GB,Designer,79.79,GBP,credit_card,completed,3,4.4,False,15.96,top_rated,52
TXN-1303487,2024-12-26,Mobile App,US,ES,Software Engineer,207.51,INR,credit_card,completed,23,4.9,False,41.5,level_1,52
TXN-1303512,2024-12-26,Video Production,ES,US,Designer,269.9,USD,paypal,completed,13,4.5,True,53.98,rising_talent,52
TXN-1303687,2024-12-26,Graphic Design,FR,US,Designer,33.97,USD,credit_card,completed,4,3.8,False,6.79,level_2,52
TXN-1303464,2024-12-26,Financial Modeling,US,US,Accountant,293.55,USD,credit_card,completed,14,4.6,True,58.71,new_seller,52
TXN-1303483,2024-12-26,Video Production,JP,US,Designer,955.66,USD,credit_card,completed,4,3.7,False,191.13,top_rated,52
TXN-1303481,2024-12-26,Photography,AU,GB,Designer,47.44,USD,bank_transfer,completed,3,4.0,True,9.49,level_2,52
TXN-1303683,2024-12-26,Virtual Assistant,US,US,HR Manager,4385.7,EUR,crypto,completed,2,2.5,False,877.14,level_1,52
TXN-1303610,2024-12-26,Virtual Assistant,SG,US,HR Manager,34.16,EUR,paypal,completed,2,3.9,False,6.83,level_2,52
TXN-1303561,2024-12-26,SEO/SEM,US,US,Marketing Manager,80.74,USD,paypal,completed,7,4.8,True,16.15,new_seller,52
TXN-1303556,2024-12-26,Virtual Assistant,ES,US,HR Manager,10.15,USD,bank_transfer,completed,2,4.3,False,2.03,new_seller,52
TXN-1303528,2024-12-26,Financial Modeling,US,US,Accountant,82.21,ILS,credit_card,completed,5,4.5,False,16.44,level_1,52
TXN-1303550,2024-12-26,AI/ML Development,ES,MX,Data Scientist,324.63,USD,credit_card,completed,17,4.8,False,64.93,level_2,52
TXN-1303648,2024-12-26,SEO/SEM,IN,US,Marketing Manager,155.38,USD,bank_transfer,completed,9,2.4,False,31.08,level_1,52
TXN-1303661,2024-12-26,Data Analysis,US,ZA,Data Scientist,543.07,EUR,credit_card,completed,7,4.5,False,108.61,level_1,52
TXN-1303656,2024-12-26,Virtual Assistant,DE,GB,HR Manager,1315.24,USD,credit_card,completed,1,3.3,True,263.05,level_1,52
TXN-1303553,2024-12-26,Content Writing,ZA,DE,Writer,144.98,USD,paypal,completed,1,4.7,True,29.0,level_1,52
TXN-1303427,2024-12-26,Social Media Management,CA,GB,Marketing Manager,513.12,GBP,credit_card,completed,4,4.3,True,102.62,level_2,52
TXN-1303429,2024-12-26,Data Analysis,US,AU,Data Scientist,468.49,USD,bank_transfer,completed,2,3.4,False,93.7,new_seller,52
TXN-1303438,2024-12-27,SEO/SEM,CA,IL,Marketing Manager,514.23,INR,credit_card,completed,9,3.2,True,102.85,rising_talent,52
TXN-1303696,2024-12-27,Content Writing,GB,DE,Writer,206.62,USD,crypto,completed,5,4.4,False,41.32,new_seller,52
TXN-1303616,2024-12-27,SEO/SEM,SG,CA,Marketing Manager,130.41,USD,credit_card,completed,8,3.4,True,26.08,level_2,52
TXN-1303613,2024-12-27,Content Writing,FR,US,Writer,271.75,USD,credit_card,completed,6,3.4,False,54.35,top_rated,52
TXN-1303445,2024-12-27,Video Production,US,IN,Designer,30.47,USD,paypal,completed,11,4.3,False,6.09,rising_talent,52
TXN-1303617,2024-12-27,AI/ML Development,IL,JP,Data Scientist,209.04,ILS,paypal,completed,9,3.4,True,41.81,rising_talent,52
TXN-1303404,2024-12-27,Social Media Management,ES,US,Marketing Manager,12.35,USD,credit_card,completed,19,4.0,True,2.47,rising_talent,52
TXN-1303675,2024-12-27,Legal Consulting,US,ES,Lawyer,48.97,USD,credit_card,completed,14,4.9,True,9.79,new_seller,52
TXN-1303434,2024-12-27,Photography,US,IN,Designer,14.49,USD,credit_card,completed,5,4.1,False,2.9,top_rated,52
TXN-1303655,2024-12-27,Photography,GB,ES,Designer,552.95,USD,paypal,completed,5,4.2,False,110.59,level_1,52
TXN-1303691,2024-12-27,Virtual Assistant,GB,FR,HR Manager,670.42,GBP,credit_card,completed,1,4.6,False,134.08,level_2,52
TXN-1303688,2024-12-27,Translation,DE,IN,Writer,532.36,EUR,paypal,completed,2,4.0,True,106.47,new_seller,52
TXN-1303663,2024-12-27,Social Media Management,US,IN,Marketing Manager,264.5,USD,bank_transfer,completed,7,4.5,False,52.9,level_1,52
TXN-1303682,2024-12-27,Social Media Management,AU,US,Marketing Manager,65.53,EUR,credit_card,completed,14,3.5,False,13.11,level_2,52
TXN-1303673,2024-12-27,Social Media Management,US,ZA,Marketing Manager,260.97,USD,paypal,completed,10,4.8,False,52.19,rising_talent,52
TXN-1303412,2024-12-27,Graphic Design,BR,BR,Designer,178.48,USD,credit_card,completed,2,4.1,False,35.7,rising_talent,52
TXN-1303444,2024-12-27,SEO/SEM,US,DE,Marketing Manager,302.91,USD,paypal,completed,4,4.7,False,60.58,level_2,52
TXN-1303651,2024-12-27,Financial Modeling,US,DE,Accountant,381.05,USD,crypto,completed,9,4.1,True,76.21,level_1,52
TXN-1303493,2024-12-27,Data Analysis,US,DE,Data Scientist,97.75,USD,paypal,completed,5,3.8,False,19.55,rising_talent,52
TXN-1303524,2024-12-27,Social Media Management,CA,ES,Marketing Manager,35.44,USD,credit_card,completed,6,4.6,False,7.09,level_1,52
TXN-1303576,2024-12-27,Content Writing,US,US,Writer,2012.08,USD,paypal,completed,3,3.7,False,402.42,rising_talent,52
TXN-1303574,2024-12-27,SEO/SEM,US,US,Marketing Manager,171.88,USD,paypal,completed,10,4.9,False,34.38,level_2,52
TXN-1303567,2024-12-27,SEO/SEM,US,GB,Marketing Manager,466.52,USD,paypal,completed,4,3.2,False,93.3,level_1,52
TXN-1303468,2024-12-27,Graphic Design,ZA,DE,Designer,249.09,USD,credit_card,completed,3,4.6,True,49.82,level_2,52
TXN-1303558,2024-12-27,Photography,MX,GB,Designer,103.31,USD,credit_card,completed,7,4.1,False,20.66,rising_talent,52
TXN-1303469,2024-12-27,Virtual Assistant,US,US,HR Manager,438.42,USD,credit_card,completed,1,3.7,False,87.68,rising_talent,52
TXN-1303551,2024-12-27,Content Writing,BR,NL,Writer,298.13,USD,credit_card,completed,2,4.4,False,59.63,level_2,52
TXN-1303474,2024-12-27,Social Media Management,US,MX,Marketing Manager,24.94,GBP,paypal,completed,8,4.4,False,4.99,level_2,52
TXN-1303475,2024-12-27,Video Production,US,IL,Designer,45.12,ILS,paypal,completed,3,3.8,False,9.02,level_2,52
TXN-1303544,2024-12-27,Translation,IN,GB,Writer,543.57,EUR,credit_card,completed,2,4.9,True,108.71,top_rated,52
TXN-1303476,2024-12-27,Data Analysis,US,IN,Data Scientist,1591.49,GBP,crypto,completed,5,4.5,True,318.3,top_rated,52
TXN-1303535,2024-12-27,Social Media Management,IN,US,Marketing Manager,2424.41,USD,credit_card,completed,10,4.3,False,484.88,level_2,52
TXN-1303534,2024-12-27,SEO/SEM,IN,FR,Marketing Manager,40.74,ILS,credit_card,completed,14,4.0,False,8.15,rising_talent,52
TXN-1303533,2024-12-27,Video Production,ZA,CA,Designer,235.54,EUR,credit_card,completed,6,4.9,False,47.11,rising_talent,52
TXN-1303525,2024-12-27,Web Development,DE,IL,Software Engineer,159.81,GBP,credit_card,completed,10,4.0,False,31.96,new_seller,52
TXN-1303523,2024-12-27,Virtual Assistant,JP,US,HR Manager,44.25,USD,paypal,completed,1,4.3,False,8.85,new_seller,52
TXN-1303507,2024-12-27,Social Media Management,IN,US,Marketing Manager,237.27,GBP,bank_transfer,completed,4,3.4,True,47.45,rising_talent,52
TXN-1303503,2024-12-27,Photography,FR,DE,Designer,121.19,USD,crypto,completed,3,3.6,True,24.24,top_rated,52
TXN-1303497,2024-12-27,Legal Consulting,NL,US,Lawyer,147.86,USD,paypal,completed,7,4.7,False,29.57,rising_talent,52
TXN-1303458,2024-12-27,Data Analysis,ZA,US,Data Scientist,765.59,ILS,credit_card,completed,8,4.0,False,153.12,level_1,52
TXN-1303456,2024-12-27,Data Analysis,SG,DE,Data Scientist,58.3,USD,credit_card,completed,7,4.3,False,11.66,rising_talent,52
TXN-1303618,2024-12-27,Social Media Management,ES,FR,Marketing Manager,190.58,USD,credit_card,completed,10,4.4,False,38.12,top_rated,52
TXN-1303589,2024-12-27,SEO/SEM,US,US,Marketing Manager,123.63,INR,paypal,completed,10,3.2,False,24.73,level_2,52
TXN-1303607,2024-12-27,Social Media Management,NL,ES,Marketing Manager,329.73,GBP,crypto,completed,4,4.4,False,65.95,top_rated,52
TXN-1303602,2024-12-27,Video Production,US,GB,Designer,251.63,USD,credit_card,completed,7,4.3,False,50.33,level_1,52
TXN-1303599,2024-12-27,Mobile App,IN,GB,Software Engineer,140.46,USD,bank_transfer,completed,21,4.9,False,28.09,top_rated,52
TXN-1303598,2024-12-27,Financial Modeling,GB,US,Accountant,43.46,USD,credit_card,completed,11,4.1,False,8.69,new_seller,52
TXN-1303451,2024-12-27,Video Production,CA,NL,Designer,231.08,USD,paypal,completed,5,3.9,False,46.22,level_1,52
TXN-1303605,2024-12-27,Financial Modeling,CA,GB,Accountant,524.61,USD,credit_card,completed,8,4.8,False,104.92,rising_talent,52
TXN-1303478,2024-12-28,Web Development,BR,SG,Software Engineer,57.77,USD,credit_card,completed,18,3.8,False,11.55,level_1,52
TXN-1303479,2024-12-28,Music Production,CA,JP,Designer,456.61,USD,credit_card,completed,24,4.8,True,91.32,level_2,52
TXN-1303603,2024-12-28,Music Production,BR,US,Designer,91.24,USD,paypal,completed,24,4.7,False,18.25,level_1,52
TXN-1303619,2024-12-28,Legal Consulting,US,DE,Lawyer,81.64,USD,credit_card,completed,29,4.2,True,16.33,top_rated,52
TXN-1303532,2024-12-28,Content Writing,GB,NL,Writer,34.28,USD,paypal,completed,1,4.9,False,6.86,new_seller,52
TXN-1303671,2024-12-28,Data Analysis,ES,DE,Data Scientist,1236.41,USD,bank_transfer,completed,9,3.6,False,247.28,rising_talent,52
TXN-1303480,2024-12-28,Music Production,MX,SG,Designer,39.68,USD,credit_card,completed,8,4.9,True,7.94,level_2,52
TXN-1303612,2024-12-28,Content Writing,IN,DE,Writer,238.61,INR,credit_card,completed,2,4.9,False,47.72,rising_talent,52
TXN-1303538,2024-12-28,Translation,BR,GB,Writer,27.32,USD,credit_card,completed,5,4.1,True,5.46,level_1,52
TXN-1303679,2024-12-28,SEO/SEM,BR,US,Marketing Manager,624.55,EUR,credit_card,completed,4,4.5,True,124.91,level_1,52
TXN-1303519,2024-12-28,Social Media Management,US,MX,Marketing Manager,1200.19,GBP,paypal,completed,3,2.0,False,240.04,rising_talent,52
TXN-1303516,2024-12-28,Translation,US,US,Writer,99.37,GBP,credit_card,completed,5,2.6,True,19.87,level_1,52
TXN-1303514,2024-12-28,Content Writing,GB,DE,Writer,152.34,USD,credit_card,completed,1,4.2,False,30.47,new_seller,52
TXN-1303686,2024-12-28,Video Production,ZA,IN,Designer,850.25,USD,credit_card,completed,3,1.0,True,170.05,level_1,52
TXN-1303510,2024-12-28,AI/ML Development,FR,GB,Data Scientist,56.83,USD,paypal,completed,12,3.0,True,11.37,rising_talent,52
TXN-1303690,2024-12-28,Mobile App,US,FR,Software Engineer,163.41,EUR,credit_card,completed,15,4.9,False,32.68,rising_talent,52
TXN-1303615,2024-12-28,Social Media Management,MX,CA,Marketing Manager,38.7,USD,credit_card,completed,8,4.6,False,7.74,level_1,52
TXN-1303495,2024-12-28,Social Media Management,DE,US,Marketing Manager,110.61,USD,credit_card,completed,6,3.8,False,22.12,new_seller,52
TXN-1303677,2024-12-28,SEO/SEM,MX,BR,Marketing Manager,248.15,USD,credit_card,completed,8,4.1,True,49.63,level_1,52
TXN-1303539,2024-12-28,Virtual Assistant,US,GB,HR Manager,166.85,EUR,credit_card,completed,1,1.0,False,33.37,rising_talent,52
TXN-1303608,2024-12-28,Virtual Assistant,JP,US,HR Manager,74.59,USD,bank_transfer,completed,3,3.3,False,14.92,new_seller,52
TXN-1303540,2024-12-28,Graphic Design,IN,IN,Designer,40.81,USD,bank_transfer,completed,7,4.9,False,8.16,level_1,52
TXN-1303459,2024-12-28,Video Production,CA,ZA,Designer,108.33,USD,paypal,completed,8,4.9,True,21.67,level_2,52
TXN-1303631,2024-12-28,Video Production,US,US,Designer,308.85,INR,crypto,completed,5,3.7,False,61.77,new_seller,52
TXN-1303432,2024-12-28,Graphic Design,SG,DE,Designer,161.22,USD,credit_card,completed,3,3.8,False,32.24,rising_talent,52
TXN-1303563,2024-12-28,Data Analysis,US,IN,Data Scientist,41.58,USD,paypal,completed,8,4.5,False,8.32,new_seller,52
TXN-1303579,2024-12-28,Video Production,US,IL,Designer,64.37,USD,paypal,completed,4,4.3,True,12.87,level_2,52
TXN-1303557,2024-12-28,SEO/SEM,GB,FR,Marketing Manager,77.14,EUR,paypal,completed,11,4.0,False,15.43,rising_talent,52
TXN-1303580,2024-12-28,Data Analysis,JP,DE,Data Scientist,82.92,EUR,credit_card,completed,6,4.5,True,16.58,level_1,52
TXN-1303639,2024-12-28,Photography,DE,IL,Designer,330.25,USD,bank_transfer,completed,2,3.8,False,66.05,level_1,52
TXN-1303652,2024-12-28,Virtual Assistant,FR,ZA,HR Manager,206.13,USD,credit_card,completed,3,4.3,True,41.23,level_1,52
TXN-1303622,2024-12-28,Data Analysis,GB,GB,Data Scientist,74.68,USD,paypal,completed,9,4.2,False,14.94,level_2,52
TXN-1303440,2024-12-28,Virtual Assistant,US,CA,HR Manager,581.23,USD,paypal,completed,2,4.2,True,116.25,rising_talent,52
TXN-1303506,2024-12-29,AI/ML Development,GB,DE,Data Scientist,157.96,USD,credit_card,completed,9,4.4,False,31.59,level_2,52
TXN-1303485,2024-12-29,Virtual Assistant,GB,US,HR Manager,70.89,USD,credit_card,completed,1,4.7,True,14.18,level_1,52
TXN-1303509,2024-12-29,Translation,IN,GB,Writer,49.85,USD,credit_card,completed,4,4.0,False,9.97,new_seller,52
TXN-1303502,2024-12-29,Translation,US,GB,Writer,59.28,USD,bank_transfer,completed,3,3.7,False,11.86,rising_talent,52
TXN-1303588,2024-12-29,AI/ML Development,DE,US,Data Scientist,65.58,USD,credit_card,completed,21,4.7,False,13.12,new_seller,52
TXN-1303614,2024-12-29,AI/ML Development,GB,FR,Data Scientist,285.28,USD,bank_transfer,completed,28,4.0,True,57.06,level_2,52
TXN-1303697,2024-12-29,Legal Consulting,DE,CA,Lawyer,1122.11,USD,paypal,completed,26,4.8,False,224.42,top_rated,52
TXN-1303637,2024-12-29,Mobile App,IL,US,Software Engineer,587.0,USD,paypal,completed,18,3.7,False,117.4,level_1,52
TXN-1303662,2024-12-29,Music Production,MX,US,Designer,68.6,USD,credit_card,completed,11,4.9,False,13.72,new_seller,52
TXN-1303441,2024-12-29,Graphic Design,US,US,Designer,40.14,USD,credit_card,completed,4,4.3,True,8.03,rising_talent,52
TXN-1303405,2024-12-29,Data Analysis,ZA,DE,Data Scientist,769.31,USD,credit_card,completed,8,4.1,False,153.86,new_seller,52
TXN-1303684,2024-12-29,Translation,FR,AU,Writer,161.9,USD,credit_card,completed,1,3.2,False,32.38,new_seller,52
TXN-1303685,2024-12-29,Financial Modeling,GB,US,Accountant,687.57,INR,credit_card,completed,9,4.6,True,137.51,level_1,52
TXN-1303621,2024-12-29,Data Analysis,US,GB,Data Scientist,41.92,USD,credit_card,completed,13,4.5,False,8.38,level_1,52
TXN-1303657,2024-12-29,Content Writing,US,IN,Writer,22.39,USD,credit_card,completed,3,4.1,False,4.48,level_2,52
TXN-1303549,2024-12-29,AI/ML Development,GB,MX,Data Scientist,402.13,EUR,bank_transfer,completed,8,4.5,True,80.43,rising_talent,52
TXN-1303597,2024-12-29,Mobile App,US,BR,Software Engineer,2285.41,INR,credit_card,completed,20,3.2,True,457.08,level_1,52
TXN-1303529,2024-12-29,Translation,BR,US,Writer,54.19,USD,credit_card,completed,4,4.0,True,10.84,new_seller,52
TXN-1303660,2024-12-29,SEO/SEM,BR,US,Marketing Manager,91.56,USD,paypal,completed,9,4.0,False,18.31,rising_talent,52
TXN-1303674,2024-12-29,Mobile App,CA,US,Software Engineer,720.94,USD,credit_card,completed,29,3.1,False,144.19,level_2,52
TXN-1303596,2024-12-29,Mobile App,US,GB,Software Engineer,77.15,USD,credit_card,completed,7,4.1,True,15.43,top_rated,52
TXN-1303450,2024-12-29,Mobile App,US,ZA,Software Engineer,911.14,GBP,credit_card,completed,13,3.6,False,182.23,level_1,52
TXN-1303592,2024-12-29,Financial Modeling,BR,ES,Accountant,77.53,ILS,credit_card,completed,7,4.9,False,15.51,level_2,52
TXN-1303527,2024-12-29,Video Production,MX,ZA,Designer,173.71,GBP,credit_card,completed,10,3.9,False,34.74,new_seller,52
TXN-1303861,2024-12-30,Data Analysis,US,US,Data Scientist,569.86,USD,credit_card,completed,6,4.8,True,113.97,level_1,1
TXN-1303851,2024-12-30,Music Production,US,DE,Designer,834.01,USD,credit_card,completed,13,3.1,True,166.8,top_rated,1
TXN-1303849,2024-12-30,Music Production,BR,US,Designer,722.33,EUR,credit_card,completed,7,4.5,True,144.47,level_1,1
TXN-1303845,2024-12-30,Legal Consulting,JP,DE,Lawyer,89.37,USD,credit_card,cancelled,21,,True,17.87,level_2,1
TXN-1303842,2024-12-30,Translation,IN,AU,Writer,594.89,GBP,paypal,completed,1,4.7,True,118.98,level_2,1
TXN-1303838,2024-12-30,Data Analysis,US,GB,Data Scientist,65.88,USD,credit_card,completed,5,4.8,True,13.18,rising_talent,1
TXN-1303837,2024-12-30,SEO/SEM,US,US,Marketing Manager,1751.69,USD,bank_transfer,completed,13,4.6,False,350.34,level_2,1
TXN-1303834,2024-12-30,Legal Consulting,US,BR,Lawyer,121.5,USD,credit_card,completed,17,3.5,False,24.3,rising_talent,1
TXN-1303832,2024-12-30,AI/ML Development,US,BR,Data Scientist,70.59,USD,credit_card,completed,8,4.9,True,14.12,new_seller,1
TXN-1303820,2024-12-30,Photography,JP,BR,Designer,189.34,USD,credit_card,completed,3,4.7,False,37.87,level_2,1
TXN-1303814,2024-12-30,Data Analysis,NL,IN,Data Scientist,468.7,USD,paypal,completed,7,4.6,False,93.74,rising_talent,1
TXN-1303812,2024-12-30,Video Production,US,DE,Designer,362.77,USD,credit_card,completed,12,4.8,False,72.55,rising_talent,1
TXN-1303802,2024-12-30,Legal Consulting,US,BR,Lawyer,43.36,USD,credit_card,completed,15,3.7,False,8.67,level_1,1
TXN-1303867,2024-12-30,SEO/SEM,US,CA,Marketing Manager,161.41,USD,paypal,cancelled,7,,False,32.28,level_1,1
TXN-1303801,2024-12-30,AI/ML Development,AU,BR,Data Scientist,79.0,USD,credit_card,completed,13,4.6,False,15.8,rising_talent,1
TXN-1303774,2024-12-30,Legal Consulting,US,BR,Lawyer,31.97,GBP,credit_card,completed,21,4.2,False,6.39,level_1,1
TXN-1303769,2024-12-30,SEO/SEM,JP,GB,Marketing Manager,658.38,USD,crypto,completed,10,4.7,False,131.68,top_rated,1
TXN-1303766,2024-12-30,Music Production,US,US,Designer,1025.41,USD,paypal,completed,11,3.1,False,205.08,level_2,1
TXN-1303757,2024-12-30,Photography,FR,SG,Designer,17.02,USD,paypal,completed,6,3.0,False,3.4,new_seller,1
TXN-1303831,2024-12-30,Content Writing,US,IN,Writer,920.2,INR,credit_card,completed,2,4.8,False,184.04,new_seller,1
TXN-1303872,2024-12-30,Music Production,CA,MX,Designer,87.89,INR,credit_card,completed,12,4.3,False,17.58,level_1,1
TXN-1303896,2024-12-30,Content Writing,US,MX,Writer,368.34,USD,credit_card,completed,4,4.7,True,73.67,level_2,1
TXN-1303882,2024-12-30,SEO/SEM,DE,ZA,Marketing Manager,128.32,USD,credit_card,completed,11,4.1,False,25.66,new_seller,1
TXN-1303755,2024-12-30,Data Analysis,US,US,Data Scientist,139.07,USD,credit_card,completed,4,4.8,True,27.81,level_1,1
TXN-1303965,2024-12-30,Video Production,US,CA,Designer,209.73,USD,paypal,completed,3,4.7,False,41.95,level_2,1
TXN-1303962,2024-12-30,Music Production,CA,GB,Designer,517.19,USD,credit_card,completed,13,4.7,False,103.44,level_2,1
TXN-1303953,2024-12-30,Video Production,IN,US,Designer,139.86,USD,credit_card,completed,6,4.1,True,27.97,level_2,1
TXN-1303950,2024-12-30,Music Production,DE,FR,Designer,49.05,USD,bank_transfer,completed,6,4.7,False,9.81,level_2,1
TXN-1303943,2024-12-30,Video Production,US,US,Designer,54.98,EUR,paypal,completed,13,4.9,False,11.0,level_2,1
TXN-1303941,2024-12-30,Content Writing,NL,DE,Writer,413.26,USD,credit_card,completed,3,5.0,True,82.65,level_2,1
TXN-1303937,2024-12-30,Mobile App,IN,GB,Software Engineer,257.02,GBP,credit_card,completed,28,3.6,False,51.4,level_1,1
TXN-1303930,2024-12-30,AI/ML Development,SG,US,Data Scientist,2550.68,INR,bank_transfer,completed,30,5.0,False,510.14,level_1,1
TXN-1303928,2024-12-30,Social Media Management,CA,GB,Marketing Manager,203.45,USD,credit_card,completed,4,4.7,False,40.69,level_2,1
TXN-1303927,2024-12-30,Virtual Assistant,US,US,HR Manager,409.9,USD,bank_transfer,completed,2,4.2,False,81.98,level_1,1
TXN-1303918,2024-12-30,Translation,GB,US,Writer,340.73,USD,credit_card,completed,3,4.4,False,68.15,new_seller,1
TXN-1303916,2024-12-30,Translation,IN,BR,Writer,61.31,USD,crypto,completed,1,4.1,True,12.26,level_1,1
TXN-1303911,2024-12-30,Music Production,AU,IN,Designer,23.1,USD,bank_transfer,completed,16,2.9,False,4.62,level_2,1
TXN-1303907,2024-12-30,Data Analysis,IN,BR,Data Scientist,711.03,USD,bank_transfer,completed,5,4.2,True,142.21,level_2,1
TXN-1303899,2024-12-30,Mobile App,US,US,Software Engineer,129.7,USD,credit_card,completed,12,4.4,True,25.94,level_1,1
TXN-1303891,2024-12-30,Content Writing,US,US,Writer,1020.04,EUR,bank_transfer,completed,3,4.9,True,204.01,rising_talent,1
TXN-1303890,2024-12-30,Graphic Design,GB,FR,Designer,402.38,ILS,paypal,completed,3,4.2,False,80.48,new_seller,1
TXN-1303889,2024-12-30,AI/ML Development,US,US,Data Scientist,110.51,USD,credit_card,completed,25,4.3,False,22.1,level_2,1
TXN-1303876,2024-12-30,Web Development,BR,US,Software Engineer,137.04,USD,bank_transfer,completed,9,3.8,True,27.41,level_1,1
TXN-1303945,2024-12-30,SEO/SEM,IN,US,Marketing Manager,49.25,USD,bank_transfer,cancelled,7,,False,9.85,level_1,1
TXN-1304000,2024-12-30,Graphic Design,CA,DE,Designer,29.69,GBP,credit_card,completed,3,3.7,False,5.94,level_1,1
TXN-1303728,2024-12-30,Content Writing,SG,GB,Writer,320.69,USD,credit_card,completed,1,4.6,False,64.14,level_2,1
TXN-1303716,2024-12-30,Graphic Design,IN,GB,Designer,165.47,USD,bank_transfer,completed,3,4.5,False,33.09,level_2,1
TXN-1303717,2024-12-30,Virtual Assistant,MX,GB,HR Manager,793.59,USD,credit_card,completed,1,3.9,False,158.72,level_1,1
TXN-1303726,2024-12-30,Data Analysis,BR,IN,Data Scientist,1010.17,USD,credit_card,completed,9,4.6,False,202.03,level_2,1
TXN-1303740,2024-12-30,Data Analysis,GB,BR,Data Scientist,31.76,USD,paypal,completed,4,4.4,False,6.35,level_1,1
TXN-1303708,2024-12-30,Translation,US,IN,Writer,446.42,USD,crypto,completed,2,4.7,False,89.28,level_2,1
TXN-1303703,2024-12-30,Content Writing,US,GB,Writer,88.08,USD,crypto,completed,2,3.5,False,17.62,level_1,1
TXN-1303732,2024-12-30,Virtual Assistant,US,BR,HR Manager,148.26,USD,credit_card,completed,1,4.0,False,29.65,level_1,1
TXN-1303745,2024-12-31,Music Production,FR,DE,Designer,11.43,EUR,paypal,completed,13,3.7,False,2.29,level_1,1
TXN-1303711,2024-12-31,Web Development,US,US,Software Engineer,1270.48,USD,bank_transfer,completed,14,4.4,False,254.1,new_seller,1
TXN-1303915,2024-12-31,Data Analysis,CA,AU,Data Scientist,32.44,USD,credit_card,completed,3,4.7,True,6.49,level_2,1
TXN-1303914,2024-12-31,Mobile App,US,BR,Software Engineer,396.43,USD,paypal,completed,20,4.0,False,79.29,rising_talent,1
TXN-1303913,2024-12-31,Data Analysis,CA,IN,Data Scientist,1105.51,USD,paypal,completed,4,4.9,True,221.1,level_2,1
TXN-1303912,2024-12-31,Content Writing,SG,SG,Writer,479.18,USD,credit_card,completed,2,4.3,False,95.84,level_1,1
TXN-1303712,2024-12-31,Web Development,IN,GB,Software Engineer,80.97,USD,bank_transfer,disputed,7,,False,16.19,level_1,1
TXN-1303910,2024-12-31,Legal Consulting,NL,IN,Lawyer,277.53,USD,credit_card,completed,6,3.3,True,55.51,level_2,1
TXN-1303909,2024-12-31,Virtual Assistant,US,US,HR Manager,211.06,USD,credit_card,completed,1,3.8,True,42.21,new_seller,1
TXN-1303917,2024-12-31,Mobile App,IN,ES,Software Engineer,13.47,EUR,paypal,completed,24,1.9,True,2.69,level_1,1
TXN-1303710,2024-12-31,Legal Consulting,IN,US,Lawyer,73.72,USD,bank_transfer,completed,18,3.9,False,14.74,rising_talent,1
TXN-1303921,2024-12-31,Web Development,US,US,Software Engineer,104.72,EUR,paypal,completed,10,4.3,True,20.94,top_rated,1
TXN-1303920,2024-12-31,AI/ML Development,FR,IN,Data Scientist,311.87,USD,paypal,completed,19,4.9,False,62.37,top_rated,1
TXN-1303922,2024-12-31,Web Development,ZA,US,Software Engineer,89.7,USD,credit_card,completed,11,1.0,True,17.94,new_seller,1
TXN-1303923,2024-12-31,Social Media Management,CA,IN,Marketing Manager,122.46,USD,credit_card,completed,8,3.8,False,24.49,level_1,1
TXN-1303924,2024-12-31,Social Media Management,IN,IN,Marketing Manager,123.24,USD,paypal,completed,4,3.9,False,24.65,rising_talent,1
TXN-1303925,2024-12-31,Video Production,US,GB,Designer,123.89,USD,credit_card,completed,15,4.0,False,24.78,level_2,1
TXN-1303926,2024-12-31,AI/ML Development,GB,IN,Data Scientist,789.29,USD,credit_card,completed,15,4.1,False,157.86,new_seller,1
TXN-1303709,2024-12-31,Translation,US,IN,Writer,804.03,USD,credit_card,completed,2,4.9,True,160.81,rising_talent,1
TXN-1303929,2024-12-31,Mobile App,US,AU,Software Engineer,352.74,USD,credit_card,completed,13,5.0,False,70.55,rising_talent,1
TXN-1303707,2024-12-31,Legal Consulting,BR,GB,Lawyer,219.82,USD,credit_card,completed,13,3.7,False,43.96,level_2,1
TXN-1303931,2024-12-31,Video Production,NL,US,Designer,420.49,USD,credit_card,completed,6,2.6,True,84.1,level_1,1
TXN-1303932,2024-12-31,Graphic Design,ES,BR,Designer,21.1,USD,credit_card,completed,7,3.4,True,4.22,new_seller,1
TXN-1303933,2024-12-31,Financial Modeling,US,IN,Accountant,138.49,USD,credit_card,completed,9,4.8,True,27.7,level_2,1
TXN-1303919,2024-12-31,AI/ML Development,US,GB,Data Scientist,62.5,USD,bank_transfer,completed,15,3.5,False,12.5,level_2,1
TXN-1303908,2024-12-31,Translation,IN,SG,Writer,380.24,USD,credit_card,completed,3,3.4,False,76.05,new_seller,1
TXN-1303906,2024-12-31,Legal Consulting,GB,US,Lawyer,40.68,USD,credit_card,completed,19,4.1,False,8.14,level_2,1
TXN-1303934,2024-12-31,SEO/SEM,GB,CA,Marketing Manager,383.89,USD,paypal,disputed,5,,True,76.78,level_1,1
TXN-1303877,2024-12-31,Graphic Design,FR,GB,Designer,126.47,USD,paypal,completed,10,4.4,False,25.29,new_seller,1
TXN-1303878,2024-12-31,Legal Consulting,FR,US,Lawyer,107.34,USD,credit_card,completed,13,4.8,False,21.47,level_1,1
TXN-1303879,2024-12-31,Web Development,NL,IN,Software Engineer,36.31,USD,credit_card,completed,8,4.7,False,7.26,level_1,1
TXN-1303880,2024-12-31,Video Production,AU,IN,Designer,52.6,INR,credit_card,completed,3,4.1,False,10.52,level_1,1
TXN-1303881,2024-12-31,Social Media Management,IN,US,Marketing Manager,1558.83,USD,paypal,completed,6,4.5,True,311.77,rising_talent,1
TXN-1303719,2024-12-31,Music Production,MX,US,Designer,202.12,USD,bank_transfer,completed,27,4.3,True,40.42,top_rated,1
TXN-1303883,2024-12-31,Data Analysis,BR,IN,Data Scientist,40.56,USD,crypto,completed,6,4.7,True,8.11,new_seller,1
TXN-1303884,2024-12-31,Virtual Assistant,ES,CA,HR Manager,118.74,USD,paypal,completed,1,4.4,True,23.75,level_2,1
TXN-1303885,2024-12-31,Social Media Management,BR,NL,Marketing Manager,637.63,USD,paypal,completed,7,3.3,False,127.53,level_1,1
TXN-1303886,2024-12-31,Financial Modeling,IL,IN,Accountant,2149.71,ILS,paypal,completed,9,4.6,False,429.94,rising_talent,1
TXN-1303887,2024-12-31,Translation,IN,US,Writer,353.8,EUR,bank_transfer,completed,5,3.2,False,70.76,level_1,1
TXN-1303888,2024-12-31,Graphic Design,IN,DE,Designer,117.17,USD,credit_card,completed,6,3.5,True,23.43,level_2,1
TXN-1303718,2024-12-31,SEO/SEM,FR,MX,Marketing Manager,96.65,USD,bank_transfer,completed,7,4.2,False,19.33,top_rated,1
TXN-1303892,2024-12-31,Virtual Assistant,BR,GB,HR Manager,51.88,USD,credit_card,completed,3,3.4,False,10.38,level_2,1
TXN-1303893,2024-12-31,Graphic Design,GB,SG,Designer,79.08,USD,paypal,completed,3,3.8,False,15.82,level_1,1
TXN-1303894,2024-12-31,Video Production,US,GB,Designer,153.55,EUR,paypal,completed,7,4.7,True,30.71,rising_talent,1
TXN-1303895,2024-12-31,Financial Modeling,CA,IN,Accountant,54.76,USD,credit_card,completed,6,4.7,False,10.95,level_2,1
TXN-1303715,2024-12-31,Graphic Design,CA,CA,Designer,2140.73,EUR,crypto,completed,5,4.1,False,428.15,rising_talent,1
TXN-1303897,2024-12-31,Virtual Assistant,US,ZA,HR Manager,160.3,USD,credit_card,completed,2,4.7,False,32.06,new_seller,1
TXN-1303898,2024-12-31,Translation,US,IN,Writer,395.11,EUR,credit_card,completed,3,4.5,False,79.02,new_seller,1
TXN-1303714,2024-12-31,AI/ML Development,DE,BR,Data Scientist,190.18,USD,paypal,completed,11,4.0,True,38.04,level_2,1
TXN-1303900,2024-12-31,Data Analysis,IN,GB,Data Scientist,160.35,EUR,paypal,completed,13,4.9,True,32.07,new_seller,1
TXN-1303901,2024-12-31,Content Writing,GB,US,Writer,447.21,GBP,credit_card,completed,3,3.7,True,89.44,level_1,1
TXN-1303902,2024-12-31,Social Media Management,GB,US,Marketing Manager,770.47,USD,bank_transfer,completed,5,3.0,True,154.09,new_seller,1
TXN-1303903,2024-12-31,Video Production,FR,US,Designer,2618.32,USD,paypal,completed,7,4.9,False,523.66,level_2,1
TXN-1303904,2024-12-31,Web Development,AU,US,Software Engineer,1004.13,USD,credit_card,completed,27,4.8,False,200.83,new_seller,1
TXN-1303905,2024-12-31,Financial Modeling,US,ES,Accountant,347.87,USD,credit_card,completed,20,4.6,False,69.57,level_2,1
TXN-1303713,2024-12-31,Photography,US,BR,Designer,81.71,USD,bank_transfer,completed,4,3.2,False,16.34,top_rated,1
TXN-1303935,2024-12-31,Video Production,FR,AU,Designer,109.84,ILS,credit_card,completed,7,4.2,True,21.97,level_1,1
TXN-1303936,2024-12-31,Financial Modeling,DE,DE,Accountant,333.14,USD,bank_transfer,completed,11,3.6,False,66.63,level_1,1
TXN-1303706,2024-12-31,Mobile App,ZA,IN,Software Engineer,61.18,USD,paypal,completed,17,3.6,False,12.24,top_rated,1
TXN-1303971,2024-12-31,Social Media Management,CA,FR,Marketing Manager,477.88,GBP,paypal,disputed,6,,False,95.58,level_1,1
TXN-1303972,2024-12-31,Financial Modeling,BR,BR,Accountant,58.89,USD,bank_transfer,completed,19,3.8,True,11.78,level_2,1
TXN-1303973,2024-12-31,Photography,FR,US,Designer,76.86,USD,paypal,completed,4,4.3,False,15.37,level_1,1
TXN-1303974,2024-12-31,Data Analysis,ZA,FR,Data Scientist,338.87,USD,bank_transfer,completed,5,3.4,False,67.77,level_2,1
TXN-1303975,2024-12-31,Graphic Design,US,DE,Designer,433.84,USD,paypal,completed,2,3.9,False,86.77,rising_talent,1
TXN-1303976,2024-12-31,AI/ML Development,FR,DE,Data Scientist,3721.73,USD,credit_card,completed,16,4.8,False,744.35,level_1,1
TXN-1303977,2024-12-31,Graphic Design,BR,SG,Designer,438.61,USD,credit_card,completed,5,3.8,False,87.72,level_1,1
TXN-1303978,2024-12-31,Translation,GB,ZA,Writer,86.86,USD,crypto,completed,1,4.8,True,17.37,level_2,1
TXN-1303979,2024-12-31,Video Production,CA,US,Designer,17.96,USD,bank_transfer,completed,7,4.0,True,3.59,rising_talent,1
TXN-1303980,2024-12-31,AI/ML Development,NL,FR,Data Scientist,699.14,USD,bank_transfer,completed,13,3.4,False,139.83,level_1,1
TXN-1303981,2024-12-31,Social Media Management,IN,GB,Marketing Manager,255.8,GBP,bank_transfer,cancelled,7,,True,51.16,level_1,1
TXN-1303982,2024-12-31,Social Media Management,FR,US,Marketing Manager,356.92,USD,credit_card,completed,6,3.8,False,71.38,new_seller,1
TXN-1303983,2024-12-31,Music Production,IN,DE,Designer,306.82,USD,credit_card,completed,19,4.3,False,61.36,rising_talent,1
TXN-1303970,2024-12-31,Music Production,JP,DE,Designer,90.08,USD,paypal,completed,11,4.8,False,18.02,level_1,1
TXN-1303984,2024-12-31,Web Development,US,US,Software Engineer,36.21,EUR,paypal,completed,8,3.8,True,7.24,top_rated,1
TXN-1303986,2024-12-31,Virtual Assistant,DE,US,HR Manager,5000.0,USD,bank_transfer,cancelled,2,,True,1000.0,rising_talent,1
TXN-1303987,2024-12-31,Translation,AU,US,Writer,371.41,GBP,credit_card,completed,3,3.7,True,74.28,level_1,1
TXN-1303988,2024-12-31,SEO/SEM,US,ES,Marketing Manager,495.89,USD,credit_card,completed,13,4.1,True,99.18,level_2,1
TXN-1303989,2024-12-31,Data Analysis,US,IN,Data Scientist,106.94,GBP,paypal,completed,8,4.0,True,21.39,level_1,1
TXN-1303990,2024-12-31,Content Writing,ZA,DE,Writer,209.76,USD,paypal,completed,1,3.9,False,41.95,level_1,1
TXN-1303991,2024-12-31,Legal Consulting,US,US,Lawyer,124.84,USD,credit_card,completed,30,3.9,False,24.97,level_2,1
TXN-1303992,2024-12-31,Mobile App,US,JP,Software Engineer,64.41,GBP,paypal,completed,30,4.8,False,12.88,level_1,1
TXN-1303993,2024-12-31,Mobile App,NL,NL,Software Engineer,299.28,GBP,bank_transfer,completed,10,4.3,False,59.86,rising_talent,1
TXN-1303994,2024-12-31,Data Analysis,BR,IN,Data Scientist,500.75,USD,credit_card,completed,11,4.6,False,100.15,new_seller,1
TXN-1303995,2024-12-31,Virtual Assistant,IN,DE,HR Manager,34.82,USD,credit_card,completed,2,5.0,False,6.96,level_1,1
TXN-1303996,2024-12-31,Virtual Assistant,SG,GB,HR Manager,46.43,EUR,paypal,completed,1,4.9,True,9.29,level_1,1
TXN-1303997,2024-12-31,Social Media Management,DE,JP,Marketing Manager,50.64,USD,credit_card,completed,4,4.4,True,10.13,new_seller,1
TXN-1303998,2024-12-31,Video Production,DE,ZA,Designer,365.4,USD,credit_card,completed,4,4.7,False,73.08,new_seller,1
TXN-1303985,2024-12-31,Virtual Assistant,GB,GB,HR Manager,48.52,USD,bank_transfer,completed,1,4.9,True,9.7,level_1,1
TXN-1303720,2024-12-31,Social Media Management,GB,DE,Marketing Manager,80.82,USD,credit_card,completed,4,4.2,True,16.16,level_1,1
TXN-1303969,2024-12-31,Graphic Design,US,DE,Designer,71.5,USD,credit_card,completed,2,4.3,True,14.3,level_1,1
TXN-1303967,2024-12-31,Photography,DE,IN,Designer,452.35,EUR,paypal,completed,5,4.4,False,90.47,level_1,1
TXN-1303938,2024-12-31,Video Production,US,IN,Designer,361.26,USD,paypal,completed,6,3.9,False,72.25,rising_talent,1
TXN-1303939,2024-12-31,Data Analysis,US,CA,Data Scientist,82.89,USD,bank_transfer,completed,6,3.7,True,16.58,level_2,1
TXN-1303940,2024-12-31,Translation,FR,GB,Writer,131.82,GBP,credit_card,completed,4,4.2,True,26.36,rising_talent,1
TXN-1303705,2024-12-31,Data Analysis,GB,GB,Data Scientist,175.33,USD,credit_card,disputed,8,,False,35.07,top_rated,1
TXN-1303942,2024-12-31,AI/ML Development,IN,BR,Data Scientist,246.9,USD,paypal,completed,14,4.6,False,49.38,level_2,1
TXN-1303704,2024-12-31,Legal Consulting,IN,US,Lawyer,359.98,USD,paypal,completed,18,3.9,True,72.0,level_2,1
TXN-1303944,2024-12-31,SEO/SEM,DE,GB,Marketing Manager,148.64,USD,credit_card,completed,11,3.6,False,29.73,level_1,1
TXN-1303946,2024-12-31,Music Production,FR,DE,Designer,363.89,USD,crypto,completed,8,3.6,False,72.78,top_rated,1
TXN-1303947,2024-12-31,Content Writing,US,IN,Writer,290.7,ILS,paypal,completed,110,4.4,True,58.14,level_1,1
TXN-1303948,2024-12-31,Virtual Assistant,US,US,HR Manager,1353.87,USD,paypal,completed,1,3.2,True,270.77,rising_talent,1
TXN-1303949,2024-12-31,Virtual Assistant,BR,ZA,HR Manager,136.75,USD,credit_card,completed,1,5.0,False,27.35,level_1,1
TXN-1303702,2024-12-31,Data Analysis,DE,ES,Data Scientist,775.6,INR,credit_card,completed,3,3.9,False,155.12,level_2,1
TXN-1303951,2024-12-31,Photography,US,US,Designer,197.47,INR,credit_card,completed,3,4.4,False,39.49,level_1,1
TXN-1303968,2024-12-31,Mobile App,IN,FR,Software Engineer,5.0,EUR,bank_transfer,completed,30,4.2,False,1.0,level_2,1
TXN-1303952,2024-12-31,Mobile App,CA,US,Software Engineer,25.02,USD,paypal,completed,28,3.6,False,5.0,top_rated,1
TXN-1303954,2024-12-31,Data Analysis,DE,IN,Data Scientist,168.2,USD,credit_card,completed,7,3.5,True,33.64,level_2,1
TXN-1303955,2024-12-31,Data Analysis,ZA,IL,Data Scientist,267.07,USD,credit_card,completed,7,4.3,False,53.41,rising_talent,1
TXN-1303956,2024-12-31,Mobile App,IN,IN,Software Engineer,652.43,USD,credit_card,completed,27,4.2,False,130.49,rising_talent,1
TXN-1303957,2024-12-31,Social Media Management,ES,DE,Marketing Manager,861.95,ILS,credit_card,completed,3,4.3,False,172.39,level_2,1
TXN-1303958,2024-12-31,Content Writing,ZA,IN,Writer,168.95,EUR,credit_card,completed,3,4.5,True,33.79,level_1,1
TXN-1303959,2024-12-31,Video Production,CA,GB,Designer,50.74,USD,credit_card,completed,8,3.7,False,10.15,rising_talent,1
TXN-1303960,2024-12-31,Data Analysis,ZA,US,Data Scientist,97.86,USD,bank_transfer,completed,5,4.4,True,19.57,level_1,1
TXN-1303961,2024-12-31,Photography,US,SG,Designer,21.72,INR,crypto,completed,4,4.8,False,4.34,rising_talent,1
TXN-1303700,2024-12-31,Mobile App,IN,IN,Software Engineer,74.22,EUR,credit_card,completed,21,3.8,False,14.84,rising_talent,1
TXN-1303963,2024-12-31,Video Production,IN,SG,Designer,122.69,INR,bank_transfer,completed,6,4.7,True,24.54,level_1,1
TXN-1303964,2024-12-31,Graphic Design,MX,US,Designer,66.03,ILS,bank_transfer,completed,3,3.1,True,13.21,level_2,1
TXN-1303999,2024-12-31,Virtual Assistant,JP,MX,HR Manager,2574.08,USD,bank_transfer,completed,1,3.2,True,514.82,new_seller,1
TXN-1303966,2024-12-31,Video Production,FR,GB,Designer,1294.24,GBP,credit_card,completed,10,3.4,False,258.85,top_rated,1
TXN-1303701,2024-12-31,Translation,US,AU,Writer,148.41,USD,credit_card,completed,2,4.9,False,29.68,new_seller,1
TXN-1303875,2024-12-31,Graphic Design,US,BR,Designer,82.29,USD,paypal,completed,3,3.9,True,16.46,level_1,1
TXN-1303721,2024-12-31,Data Analysis,IN,SG,Data Scientist,8.77,EUR,bank_transfer,completed,2,4.8,True,1.75,level_2,1
TXN-1303873,2024-12-31,Video Production,DE,GB,Designer,73.9,USD,crypto,completed,5,4.0,False,14.78,rising_talent,1
TXN-1303779,2024-12-31,Financial Modeling,MX,JP,Accountant,23.39,USD,bank_transfer,completed,8,4.9,True,4.68,new_seller,1
TXN-1303780,2024-12-31,Video Production,ES,US,Designer,176.35,EUR,paypal,completed,11,4.0,False,35.27,rising_talent,1
TXN-1303781,2024-12-31,Mobile App,IL,US,Software Engineer,28.78,ILS,paypal,completed,10,3.7,False,5.76,level_2,1
TXN-1303782,2024-12-31,Content Writing,SG,ES,Writer,68.77,USD,paypal,completed,2,3.2,False,13.75,new_seller,1
TXN-1303783,2024-12-31,Music Production,GB,IN,Designer,60.38,EUR,credit_card,completed,20,3.9,False,12.08,rising_talent,1
TXN-1303784,2024-12-31,Virtual Assistant,IN,ZA,HR Manager,281.64,USD,credit_card,completed,3,4.2,False,56.33,rising_talent,1
TXN-1303785,2024-12-31,Mobile App,FR,US,Software Engineer,642.58,USD,credit_card,completed,14,4.3,False,128.52,rising_talent,1
TXN-1303786,2024-12-31,Video Production,NL,SG,Designer,63.96,USD,credit_card,completed,4,3.8,False,12.79,level_2,1
TXN-1303787,2024-12-31,Social Media Management,ZA,IN,Marketing Manager,27.04,USD,paypal,completed,8,3.8,False,5.41,level_2,1
TXN-1303788,2024-12-31,SEO/SEM,AU,AU,Marketing Manager,39.41,USD,credit_card,completed,13,3.9,False,7.88,rising_talent,1
TXN-1303789,2024-12-31,Legal Consulting,DE,IN,Lawyer,33.53,GBP,paypal,completed,9,3.4,False,6.71,level_2,1
TXN-1303790,2024-12-31,AI/ML Development,FR,US,Data Scientist,1093.61,GBP,paypal,completed,28,1.0,True,218.72,level_2,1
TXN-1303791,2024-12-31,Mobile App,NL,IN,Software Engineer,36.21,USD,credit_card,cancelled,17,,True,7.24,new_seller,1
TXN-1303792,2024-12-31,Financial Modeling,US,JP,Accountant,134.21,USD,paypal,completed,5,3.2,False,26.84,level_2,1
TXN-1303793,2024-12-31,Web Development,US,US,Software Engineer,162.66,USD,credit_card,completed,15,3.7,False,32.53,new_seller,1
TXN-1303794,2024-12-31,Graphic Design,US,DE,Designer,900.74,ILS,credit_card,completed,3,3.6,True,180.15,level_1,1
TXN-1303795,2024-12-31,AI/ML Development,US,GB,Data Scientist,175.1,USD,paypal,completed,13,4.6,True,35.02,level_1,1
TXN-1303796,2024-12-31,Photography,US,US,Designer,170.51,USD,credit_card,completed,1,4.8,False,34.1,level_1,1
TXN-1303797,2024-12-31,Mobile App,DE,FR,Software Engineer,849.44,USD,bank_transfer,completed,14,4.1,False,169.89,new_seller,1
TXN-1303798,2024-12-31,Music Production,ZA,FR,Designer,52.83,USD,credit_card,completed,22,5.0,False,10.57,rising_talent,1
TXN-1303799,2024-12-31,Content Writing,IN,SG,Writer,108.78,USD,credit_card,completed,1,3.4,True,21.76,level_1,1
TXN-1303800,2024-12-31,Social Media Management,FR,FR,Marketing Manager,53.72,USD,credit_card,completed,7,4.3,False,10.74,rising_talent,1
TXN-1303737,2024-12-31,Music Production,US,GB,Designer,27.84,USD,credit_card,cancelled,11,,False,5.57,rising_talent,1
TXN-1303736,2024-12-31,Virtual Assistant,MX,DE,HR Manager,216.59,USD,bank_transfer,completed,2,3.7,True,43.32,level_2,1
TXN-1303803,2024-12-31,Photography,US,JP,Designer,72.66,USD,crypto,completed,3,4.6,False,14.53,new_seller,1
TXN-1303804,2024-12-31,Translation,SG,NL,Writer,133.83,USD,credit_card,completed,2,4.4,False,26.77,level_2,1
TXN-1303805,2024-12-31,Content Writing,US,CA,Writer,144.76,USD,crypto,completed,2,3.9,False,28.95,level_1,1
TXN-1303778,2024-12-31,Music Production,DE,GB,Designer,452.47,USD,credit_card,completed,14,4.2,False,90.49,new_seller,1
TXN-1303777,2024-12-31,Translation,AU,GB,Writer,118.39,USD,paypal,completed,1,2.1,True,23.68,top_rated,1
TXN-1303776,2024-12-31,Content Writing,US,US,Writer,670.76,ILS,credit_card,completed,1,1.7,False,134.15,top_rated,1
TXN-1303775,2024-12-31,Mobile App,GB,US,Software Engineer,148.59,USD,bank_transfer,completed,18,4.8,False,29.72,rising_talent,1
TXN-1303743,2024-12-31,Legal Consulting,US,IN,Lawyer,1064.49,USD,credit_card,completed,19,3.6,True,212.9,level_1,1
TXN-1303747,2024-12-31,Graphic Design,US,US,Designer,85.59,USD,credit_card,completed,7,4.6,False,17.12,level_2,1
TXN-1303748,2024-12-31,Mobile App,NL,US,Software Engineer,208.77,EUR,credit_card,completed,15,4.2,False,41.75,rising_talent,1
TXN-1303749,2024-12-31,Social Media Management,FR,IN,Marketing Manager,348.51,EUR,paypal,completed,10,4.8,False,69.7,level_2,1
TXN-1303750,2024-12-31,Data Analysis,IN,IN,Data Scientist,24.07,USD,credit_card,completed,4,3.5,False,4.81,top_rated,1
TXN-1303751,2024-12-31,Video Production,ES,FR,Designer,1837.07,USD,paypal,completed,10,4.8,False,367.41,level_2,1
TXN-1303752,2024-12-31,Graphic Design,IN,MX,Designer,3184.81,USD,paypal,completed,9,4.8,False,636.96,rising_talent,1
TXN-1303753,2024-12-31,Web Development,CA,IN,Software Engineer,5.0,USD,paypal,completed,19,4.5,False,1.0,level_2,1
TXN-1303754,2024-12-31,Virtual Assistant,CA,US,HR Manager,1812.64,USD,crypto,completed,3,3.9,False,362.53,level_2,1
TXN-1303742,2024-12-31,Financial Modeling,US,ZA,Accountant,1696.33,USD,bank_transfer,completed,9,4.8,False,339.27,rising_talent,1
TXN-1303756,2024-12-31,Graphic Design,IN,ES,Designer,268.09,USD,credit_card,completed,4,4.8,True,53.62,new_seller,1
TXN-1303741,2024-12-31,Music Production,GB,MX,Designer,21.67,GBP,credit_card,completed,12,4.0,False,4.33,level_2,1
TXN-1303758,2024-12-31,Content Writing,US,IL,Writer,332.73,USD,paypal,completed,2,2.6,False,66.55,new_seller,1
TXN-1303806,2024-12-31,Content Writing,FR,BR,Writer,68.69,GBP,credit_card,completed,4,4.8,False,13.74,level_1,1
TXN-1303759,2024-12-31,Social Media Management,ZA,US,Marketing Manager,147.99,GBP,crypto,completed,5,4.7,False,29.6,rising_talent,1
TXN-1303761,2024-12-31,Translation,GB,US,Writer,140.33,EUR,credit_card,completed,3,4.4,True,28.07,level_2,1
TXN-1303762,2024-12-31,Video Production,DE,US,Designer,74.29,EUR,credit_card,completed,8,3.2,True,14.86,level_2,1
TXN-1303763,2024-12-31,Music Production,ES,US,Designer,68.68,USD,paypal,completed,10,4.4,False,13.74,top_rated,1
TXN-1303764,2024-12-31,Music Production,CA,DE,Designer,29.37,USD,credit_card,completed,11,3.3,True,5.87,level_1,1
TXN-1303765,2024-12-31,Content Writing,DE,US,Writer,126.16,USD,credit_card,completed,2,3.7,False,25.23,rising_talent,1
TXN-1303767,2024-12-31,Social Media Management,IN,CA,Marketing Manager,72.67,GBP,credit_card,completed,5,3.0,False,14.53,new_seller,1
TXN-1303768,2024-12-31,Graphic Design,DE,JP,Designer,9.15,INR,credit_card,completed,3,4.5,False,1.83,new_seller,1
TXN-1303739,2024-12-31,Video Production,FR,IN,Designer,72.46,USD,bank_transfer,completed,6,4.3,True,14.49,rising_talent,1
TXN-1303770,2024-12-31,Mobile App,US,US,Software Engineer,2266.83,EUR,credit_card,completed,13,4.4,False,453.37,new_seller,1
TXN-1303771,2024-12-31,Virtual Assistant,GB,SG,HR Manager,58.09,USD,credit_card,completed,2,4.5,False,11.62,new_seller,1
TXN-1303772,2024-12-31,Virtual Assistant,IN,IN,HR Manager,144.57,USD,paypal,completed,1,4.6,True,28.91,top_rated,1
TXN-1303773,2024-12-31,Video Production,DE,US,Designer,67.17,USD,credit_card,completed,4,4.4,False,13.43,level_1,1
TXN-1303738,2024-12-31,Translation,US,SG,Writer,714.21,INR,paypal,completed,2,3.9,False,142.84,new_seller,1
TXN-1303760,2024-12-31,Translation,US,IN,Writer,73.49,USD,paypal,completed,4,4.9,False,14.7,level_1,1
TXN-1303807,2024-12-31,Translation,US,MX,Writer,635.02,EUR,credit_card,completed,1,4.4,False,127.0,level_1,1
TXN-1303808,2024-12-31,Financial Modeling,IL,CA,Accountant,257.93,USD,credit_card,completed,12,3.5,False,51.59,rising_talent,1
TXN-1303809,2024-12-31,Legal Consulting,IN,BR,Lawyer,82.8,USD,paypal,completed,20,3.6,True,16.56,level_2,1
TXN-1303844,2024-12-31,Video Production,IN,DE,Designer,1348.82,USD,credit_card,completed,5,4.3,False,269.76,rising_talent,1
TXN-1303846,2024-12-31,Content Writing,IL,IL,Writer,1132.37,USD,credit_card,completed,3,4.6,False,226.47,top_rated,1
TXN-1303847,2024-12-31,Virtual Assistant,IN,IN,HR Manager,17.09,USD,credit_card,completed,1,4.1,False,3.42,level_2,1
TXN-1303848,2024-12-31,Financial Modeling,MX,IN,Accountant,108.0,USD,credit_card,completed,15,3.8,True,21.6,rising_talent,1
TXN-1303725,2024-12-31,Legal Consulting,IN,DE,Lawyer,118.55,USD,crypto,completed,18,2.4,True,23.71,new_seller,1
TXN-1303850,2024-12-31,Graphic Design,US,BR,Designer,77.7,USD,bank_transfer,completed,7,3.3,False,15.54,rising_talent,1
TXN-1303724,2024-12-31,Content Writing,CA,MX,Writer,559.03,USD,paypal,completed,3,4.8,False,111.81,rising_talent,1
TXN-1303852,2024-12-31,Web Development,BR,AU,Software Engineer,15.0,USD,credit_card,completed,15,1.0,False,3.0,level_1,1
TXN-1303853,2024-12-31,Graphic Design,MX,IN,Designer,14.07,USD,paypal,completed,6,4.3,False,2.81,level_2,1
TXN-1303854,2024-12-31,Graphic Design,US,US,Designer,44.63,USD,credit_card,completed,6,2.8,True,8.93,new_seller,1
TXN-1303855,2024-12-31,Content Writing,US,US,Writer,505.94,USD,bank_transfer,completed,2,2.5,False,101.19,top_rated,1
TXN-1303856,2024-12-31,Translation,US,DE,Writer,253.41,ILS,paypal,completed,2,4.7,False,50.68,level_1,1
TXN-1303857,2024-12-31,SEO/SEM,SG,GB,Marketing Manager,101.97,ILS,crypto,completed,12,3.6,True,20.39,level_1,1
TXN-1303843,2024-12-31,AI/ML Development,US,IN,Data Scientist,329.91,USD,credit_card,completed,30,4.3,False,65.98,level_2,1
TXN-1303858,2024-12-31,Content Writing,GB,IN,Writer,39.88,USD,paypal,completed,3,4.0,False,7.98,level_1,1
TXN-1303860,2024-12-31,Content Writing,US,GB,Writer,146.19,USD,credit_card,completed,2,3.3,False,29.24,top_rated,1
TXN-1303723,2024-12-31,Legal Consulting,NL,US,Lawyer,166.47,USD,credit_card,completed,14,4.5,False,33.29,level_2,1
TXN-1303862,2024-12-31,Music Production,ES,IN,Designer,228.0,EUR,bank_transfer,completed,16,4.4,True,45.6,level_1,1
TXN-1303863,2024-12-31,Translation,CA,US,Writer,238.95,USD,credit_card,completed,2,5.0,False,47.79,level_1,1
TXN-1303864,2024-12-31,AI/ML Development,ES,FR,Data Scientist,226.19,USD,credit_card,completed,18,4.6,False,45.24,level_1,1
TXN-1303865,2024-12-31,AI/ML Development,IN,US,Data Scientist,216.77,USD,crypto,completed,20,4.1,False,43.35,rising_talent,1
TXN-1303866,2024-12-31,Virtual Assistant,US,DE,HR Manager,405.73,USD,credit_card,completed,2,3.8,False,81.15,level_1,1
TXN-1303722,2024-12-31,Data Analysis,DE,IN,Data Scientist,1691.61,GBP,credit_card,completed,3,4.2,False,338.32,top_rated,1
TXN-1303868,2024-12-31,Financial Modeling,IN,US,Accountant,42.91,EUR,paypal,completed,15,3.5,True,8.58,level_1,1
TXN-1303869,2024-12-31,Graphic Design,ES,MX,Designer,381.22,USD,credit_card,completed,2,4.3,False,76.24,level_1,1
TXN-1303870,2024-12-31,Video Production,DE,US,Designer,54.44,USD,paypal,completed,9,4.1,False,10.89,new_seller,1
TXN-1303871,2024-12-31,Photography,SG,BR,Designer,300.13,EUR,credit_card,completed,4,4.8,False,60.03,level_1,1
TXN-1303744,2024-12-31,Social Media Management,ZA,ZA,Marketing Manager,35.65,USD,bank_transfer,completed,5,3.7,False,7.13,top_rated,1
TXN-1303859,2024-12-31,Virtual Assistant,US,US,HR Manager,35.68,ILS,credit_card,completed,4,2.5,False,7.14,rising_talent,1
TXN-1303874,2024-12-31,Graphic Design,US,BR,Designer,146.19,USD,bank_transfer,completed,5,4.0,False,29.24,top_rated,1
TXN-1303727,2024-12-31,Social Media Management,IN,US,Marketing Manager,230.51,USD,credit_card,completed,5,3.5,False,46.1,rising_talent,1
TXN-1303840,2024-12-31,Translation,IN,US,Writer,134.64,USD,bank_transfer,completed,3,4.0,True,26.93,rising_talent,1
TXN-1303810,2024-12-31,Data Analysis,DE,AU,Data Scientist,185.93,USD,paypal,completed,3,4.8,False,37.19,level_1,1
TXN-1303811,2024-12-31,Virtual Assistant,US,CA,HR Manager,126.12,USD,paypal,completed,1,4.4,False,25.22,top_rated,1
TXN-1303735,2024-12-31,Mobile App,ZA,IN,Software Engineer,90.44,USD,bank_transfer,completed,26,3.9,False,18.09,level_2,1
TXN-1303813,2024-12-31,Social Media Management,MX,IN,Marketing Manager,1387.19,USD,paypal,completed,4,4.6,True,277.44,level_1,1
TXN-1303734,2024-12-31,SEO/SEM,US,IN,Marketing Manager,58.59,USD,crypto,completed,15,4.3,False,11.72,level_1,1
TXN-1303815,2024-12-31,Virtual Assistant,ZA,US,HR Manager,28.87,USD,paypal,completed,2,4.5,False,5.77,top_rated,1
TXN-1303816,2024-12-31,Graphic Design,NL,FR,Designer,224.67,USD,paypal,disputed,4,,True,44.93,level_2,1
TXN-1303817,2024-12-31,Web Development,IN,US,Software Engineer,183.37,GBP,paypal,completed,15,3.5,False,36.67,level_1,1
TXN-1303818,2024-12-31,Legal Consulting,CA,US,Lawyer,285.14,USD,bank_transfer,completed,17,4.8,True,57.03,level_2,1
TXN-1303819,2024-12-31,Web Development,DE,IL,Software Engineer,484.66,USD,crypto,completed,16,3.0,False,96.93,new_seller,1
TXN-1303733,2024-12-31,Content Writing,BR,DE,Writer,178.01,USD,paypal,cancelled,6,,False,35.6,new_seller,1
TXN-1303821,2024-12-31,Photography,US,ES,Designer,435.87,USD,credit_card,cancelled,1,,False,87.17,level_2,1
TXN-1303822,2024-12-31,Video Production,GB,GB,Designer,615.06,USD,paypal,completed,8,4.0,False,123.01,level_1,1
TXN-1303841,2024-12-31,Financial Modeling,US,AU,Accountant,189.92,USD,crypto,completed,16,4.7,False,37.98,top_rated,1
TXN-1303823,2024-12-31,Mobile App,CA,ZA,Software Engineer,63.93,USD,credit_card,completed,27,3.3,False,12.79,top_rated,1
TXN-1303825,2024-12-31,Data Analysis,ES,FR,Data Scientist,123.45,USD,paypal,completed,13,4.5,False,24.69,new_seller,1
TXN-1303826,2024-12-31,AI/ML Development,GB,US,Data Scientist,66.87,ILS,crypto,completed,23,4.4,False,13.37,rising_talent,1
TXN-1303827,2024-12-31,AI/ML Development,US,IN,Data Scientist,39.68,USD,paypal,completed,21,4.8,False,7.94,level_2,1
TXN-1303828,2024-12-31,Translation,JP,GB,Writer,74.12,USD,credit_card,completed,5,4.6,False,14.82,level_1,1
TXN-1303829,2024-12-31,Content Writing,US,NL,Writer,26.09,GBP,paypal,cancelled,2,,False,5.22,level_1,1
TXN-1303830,2024-12-31,Financial Modeling,BR,GB,Accountant,9.44,USD,paypal,completed,19,4.9,False,1.89,level_1,1
TXN-1303731,2024-12-31,Mobile App,NL,IN,Software Engineer,121.31,GBP,bank_transfer,completed,13,3.1,False,24.26,rising_talent,1
TXN-1303833,2024-12-31,Social Media Management,US,BR,Marketing Manager,277.67,USD,bank_transfer,completed,7,4.9,False,55.53,level_2,1
TXN-1303730,2024-12-31,Graphic Design,US,US,Designer,1164.86,USD,paypal,cancelled,5,,False,232.97,level_1,1
TXN-1303835,2024-12-31,AI/ML Development,MX,US,Data Scientist,44.42,USD,credit_card,completed,30,4.4,False,8.88,level_2,1
TXN-1303836,2024-12-31,Translation,DE,US,Writer,7.19,USD,paypal,completed,3,4.4,False,1.44,level_2,1
TXN-1303729,2024-12-31,AI/ML Development,IN,IN,Data Scientist,447.91,GBP,bank_transfer,completed,18,4.4,True,89.58,rising_talent,1
TXN-1303839,2024-12-31,Content Writing,IN,US,Writer,61.0,USD,paypal,completed,3,3.2,False,12.2,new_seller,1
TXN-1303824,2024-12-31,Video Production,FR,US,Designer,14.72,USD,credit_card,completed,3,3.5,False,2.94,level_1,1
TXN-1303746,2024-12-31,Photography,IN,GB,Designer,142.64,USD,bank_transfer,completed,3,4.1,True,28.53,level_2,1
