campaign_id,date,geo,city,profession,price_range,language,channel,campaign_type,impressions,clicks,conversions,spend_usd,revenue_usd,roi,quality_score
MC-10099,2024-04-01,FR,Nice,Sales Rep,budget,French,social_media,retention,15530,315,3,1059.3,331.39,0.3128,6.0
MC-10916,2024-04-01,DE,Frankfurt,Product Manager,mid,German,display,acquisition,157725,1859,26,4302.48,19733.04,4.5864,2.0
MC-10879,2024-04-01,IN,Pune,HR Manager,mid,Hindi,email,acquisition,33515,1173,73,1902.44,36041.5,18.9449,1.0
MC-12683,2024-04-01,FR,Marseille,Data Scientist,budget,French,social_media,acquisition,19422,280,13,754.56,2775.71,3.6786,2.0
MC-12684,2024-04-01,IN,Hyderabad,Writer,premium,Hindi,search,awareness,6634,467,24,3093.18,56057.1,18.1228,7.0
MC-11223,2024-04-01,US,Los Angeles,Researcher,mid,English,search,retention,39358,3085,214,943.82,142645.66,151.1365,8.0
MC-12697,2024-04-01,JP,Nagoya,Data Scientist,mid,Japanese,search,retention,70924,5792,462,170.67,431990.37,2531.1441,8.0
MC-10034,2024-04-01,US,Los Angeles,Teacher,mid,English,email,acquisition,35958,1016,39,1396.51,22475.28,16.0939,8.0
MC-12700,2024-04-01,US,San Francisco,Marketing Manager,budget,English,search,acquisition,42412,4106,233,1185.38,38610.19,32.572,
MC-11139,2024-04-01,US,Los Angeles,Software Engineer,mid,English,social_media,re_engagement,16882,251,13,1908.29,14377.64,7.5343,7.0
MC-12055,2024-04-01,IN,Hyderabad,Teacher,budget,Hindi,search,awareness,45733,4424,50,686.31,5066.5,7.3822,1.0
MC-10575,2024-04-01,DE,Munich,Physician,budget,German,display,acquisition,175485,1585,41,771.93,9284.33,12.0274,10.0
MC-10949,2024-04-01,US,New York,Marketing Manager,mid,English,search,awareness,27782,2457,93,889.26,74698.39,84.0006,3.0
MC-11475,2024-04-01,GB,Glasgow,Researcher,budget,English,social_media,retention,7022,166,10,3210.15,1539.64,0.4796,5.0
MC-12110,2024-04-01,US,New York,Accountant,premium,English,email,acquisition,34914,816,22,4127.91,77423.07,18.756,7.0
MC-11229,2024-04-01,IN,Hyderabad,Writer,premium,Hindi,search,acquisition,228162,15542,704,712.37,2204437.48,3094.512,3.0
MC-10217,2024-04-01,GB,Bristol,Sales Rep,premium,English,search,acquisition,71884,6270,467,1157.49,1208463.41,1044.0379,1.0
MC-10603,2024-04-01,FR,Marseille,Researcher,mid,French,social_media,acquisition,43747,829,30,395.51,20289.36,51.2992,2.0
MC-12143,2024-04-01,DE,Munich,Marketing Manager,premium,German,social_media,acquisition,77647,1189,74,1472.9,287788.69,195.3892,7.0
MC-11270,2024-04-01,US,Seattle,Lawyer,budget,English,influencer,retention,132573,2506,131,570.37,24282.25,42.5728,9.0
MC-10977,2024-04-01,ES,Bilbao,Sales Rep,budget,Spanish,email,acquisition,48066,1829,52,2875.34,5715.67,1.9878,7.0
MC-11057,2024-04-01,JP,Tokyo,Physician,budget,Japanese,influencer,acquisition,181947,4552,112,1280.57,22449.35,17.5307,3.0
MC-11565,2024-04-01,US,New York,Writer,mid,English,social_media,acquisition,214500,5239,314,901.22,161754.38,179.4838,9.0
MC-10078,2024-04-01,AU,Adelaide,Accountant,premium,English,email,acquisition,27356,649,38,2929.42,163937.16,55.9623,6.0
MC-10316,2024-04-01,FR,Bordeaux,Accountant,budget,French,display,re_engagement,95463,1270,72,1241.33,12580.21,10.1345,4.0
MC-10821,2024-04-01,SG,Singapore,Software Engineer,mid,English,social_media,awareness,102122,1900,100,566.03,118499.77,209.3525,4.0
MC-11665,2024-04-01,IN,Pune,Sales Rep,premium,Hindi,email,acquisition,17555,525,9,2916.17,25982.35,8.9098,9.0
MC-11411,2024-04-01,US,Phoenix,Sales Rep,mid,English,search,acquisition,3180,214,7,2139.92,3979.0,1.8594,3.0
MC-12445,2024-04-01,GB,Bristol,Architect,mid,English,search,acquisition,87481,6273,158,1465.43,152827.14,104.2883,5.0
MC-11439,2024-04-01,US,San Francisco,HR Manager,premium,English,search,re_engagement,58895,4187,282,860.2,901327.02,1047.811,9.0
MC-10802,2024-04-01,US,New York,Researcher,budget,English,content_marketing,retention,12728,238,10,4212.63,1443.27,0.3426,9.0
MC-11070,2024-04-01,IN,Kolkata,Product Manager,mid,Hindi,email,acquisition,10716,348,7,1870.74,4640.68,2.4807,6.0
MC-10993,2024-04-01,FR,Bordeaux,Architect,budget,French,influencer,re_engagement,35841,1008,75,1818.97,13274.42,7.2978,3.0
MC-11930,2024-04-01,IN,Pune,Lawyer,mid,Hindi,email,acquisition,22522,840,12,2479.74,15646.2,6.3096,2.0
MC-10855,2024-04-01,US,Houston,Marketing Manager,budget,English,email,re_engagement,9783,345,17,4127.46,3048.42,0.7386,2.0
MC-10464,2024-04-01,NL,Amsterdam,Physician,budget,Dutch,display,acquisition,194769,2801,166,944.46,30043.93,31.8107,5.0
MC-12393,2024-04-01,DE,Berlin,Accountant,budget,German,content_marketing,re_engagement,16911,320,9,4711.06,1455.12,0.3089,
MC-11947,2024-04-01,IL,Tel Aviv,Software Engineer,premium,Hebrew,influencer,re_engagement,220311,4686,201,1475.15,1254987.23,850.7523,1.0
MC-10618,2024-04-01,IN,Pune,Researcher,premium,Hindi,social_media,re_engagement,52107,795,35,1475.32,156543.64,106.1083,
MC-11879,2024-04-01,US,Phoenix,Teacher,premium,English,email,acquisition,15735,461,28,2040.69,91945.6,45.0561,
MC-11563,2024-04-02,US,Houston,Writer,mid,English,email,retention,1000,29,1,6329.73,619.06,0.0978,9.0
MC-10685,2024-04-02,US,Chicago,Designer,mid,English,social_media,acquisition,41537,1078,36,61.24,16475.41,269.0302,5.0
MC-12773,2024-04-02,GB,Bristol,Software Engineer,mid,English,search,retention,17407,1236,68,886.89,73604.22,82.9914,6.0
MC-10332,2024-04-02,US,Los Angeles,HR Manager,budget,English,email,retention,104597,2625,122,1027.76,10848.64,10.5556,4.0
MC-11325,2024-04-02,AU,Brisbane,Lawyer,budget,English,influencer,awareness,227421,7299,212,464.56,46466.86,100.0234,4.0
MC-12856,2024-04-02,CA,Ottawa,Researcher,budget,English,influencer,acquisition,12796,357,25,2304.71,3194.08,1.3859,5.0
MC-10637,2024-04-02,DE,Frankfurt,Product Manager,premium,German,social_media,retention,500000,8325,303,1171.16,1437038.86,1227.0218,1.0
MC-12861,2024-04-02,MX,Guadalajara,Marketing Manager,budget,Spanish,social_media,re_engagement,285795,6481,207,1093.77,29888.88,27.3265,1.0
MC-12785,2024-04-02,US,Phoenix,Researcher,mid,English,social_media,awareness,30235,508,10,2949.92,7649.87,2.5932,10.0
MC-11911,2024-04-02,US,Chicago,Architect,budget,English,influencer,awareness,23679,471,5,2169.39,1207.82,0.5568,8.0
MC-11588,2024-04-02,CA,Vancouver,Writer,budget,English,content_marketing,acquisition,15624,213,13,2112.32,1355.27,0.6416,4.0
MC-11966,2024-04-02,US,San Francisco,Accountant,premium,English,email,awareness,65346,2211,134,2843.84,434555.79,152.806,3.0
MC-12047,2024-04-02,DE,Stuttgart,Designer,budget,German,influencer,acquisition,25689,590,7,217.95,852.02,3.9092,5.0
MC-12931,2024-04-02,US,San Francisco,Consultant,budget,English,social_media,acquisition,309092,7165,552,1374.52,94039.08,68.4159,8.0
MC-12466,2024-04-02,FR,Nice,Designer,mid,French,display,awareness,209820,3069,108,1493.01,57555.79,38.5502,3.0
MC-11427,2024-04-02,IN,Pune,Teacher,mid,Hindi,email,re_engagement,1761,40,0,2441.27,0.0,0.0,3.0
MC-10409,2024-04-02,IN,Pune,Teacher,budget,Hindi,search,retention,99694,6845,389,1173.7,48630.52,41.4335,1.0
MC-10431,2024-04-02,GB,Leeds,Teacher,mid,English,search,acquisition,170351,13475,482,2158.29,264847.35,122.7117,6.0
MC-12660,2024-04-02,IN,Bangalore,Consultant,budget,Hindi,influencer,acquisition,20008,564,28,2978.02,3569.47,1.1986,7.0
MC-11483,2024-04-02,US,Seattle,Physician,mid,English,social_media,retention,80142,1524,32,2301.78,41671.84,18.1042,8.0
MC-12963,2024-04-02,US,San Francisco,Lawyer,mid,English,display,acquisition,57819,508,35,1261.2,33713.21,26.7311,7.0
MC-11639,2024-04-02,CA,Calgary,Software Engineer,budget,English,social_media,retention,500000,7912,344,277.81,81552.32,293.5543,5.0
MC-11363,2024-04-02,SG,Singapore,Writer,mid,English,social_media,awareness,21752,562,36,283.73,21880.72,77.1181,3.0
MC-11747,2024-04-02,MX,Mexico City,Teacher,budget,Spanish,email,awareness,66060,1989,38,15069.37,3354.43,0.2226,1.0
MC-11904,2024-04-02,IN,Hyderabad,Data Scientist,budget,Hindi,social_media,awareness,103147,2126,155,411.03,35650.45,86.7344,9.0
MC-12179,2024-04-02,CA,Toronto,Consultant,mid,English,search,retention,14939,1153,85,272.67,71589.1,262.5485,7.0
MC-12430,2024-04-03,CA,Montreal,Teacher,budget,English,social_media,re_engagement,9302,241,4,4239.9,445.74,0.1051,1.0
MC-11417,2024-04-03,NL,The Hague,Designer,budget,Dutch,email,acquisition,3463,131,6,1506.5,509.7,0.3383,8.0
MC-12435,2024-04-03,US,San Francisco,Architect,budget,English,display,acquisition,95724,1350,78,2544.07,16401.07,6.4468,2.0
MC-10290,2024-04-03,ES,Madrid,Writer,budget,Spanish,social_media,retention,43387,906,13,560.71,1382.2,2.4651,3.0
MC-12443,2024-04-03,CA,Montreal,Accountant,mid,English,email,acquisition,58356,1280,99,1881.58,75947.19,40.3635,8.0
MC-10117,2024-04-03,US,Phoenix,Consultant,mid,English,content_marketing,retention,4464,103,4,2017.39,3658.38,1.8134,7.0
MC-11924,2024-04-03,IN,Mumbai,Marketing Manager,budget,Hindi,email,awareness,4152,89,1,1753.59,168.47,0.0961,6.0
MC-10629,2024-04-03,NL,Rotterdam,Teacher,budget,Dutch,social_media,retention,65130,988,16,15013.59,1936.61,0.129,
MC-12592,2024-04-03,DE,Stuttgart,Researcher,mid,German,social_media,acquisition,272915,4304,283,727.82,245640.86,337.5022,6.0
MC-12520,2024-04-03,US,Los Angeles,Consultant,mid,English,email,retention,31435,901,37,3204.83,33543.02,10.4664,9.0
MC-11909,2024-04-03,US,Chicago,Software Engineer,budget,English,influencer,retention,36955,1020,29,1186.46,7093.17,5.9784,4.0
MC-10830,2024-04-03,DE,Stuttgart,Accountant,mid,German,search,awareness,9721,571,29,3054.6,21691.92,7.1014,9.0
MC-11406,2024-04-03,SG,Singapore,Consultant,budget,English,content_marketing,retention,24240,329,6,18084.57,825.55,0.0456,6.0
MC-10195,2024-04-03,JP,Osaka,Architect,mid,Japanese,display,awareness,64491,676,10,1779.53,11054.28,6.2119,9.0
MC-12091,2024-04-03,FR,Toulouse,Physician,budget,French,search,awareness,83183,5015,84,5609.75,15273.95,2.7228,5.0
MC-10226,2024-04-03,MX,Guadalajara,Product Manager,mid,Spanish,influencer,acquisition,92863,1741,120,347.93,77751.11,223.4677,9.0
MC-12805,2024-04-03,BR,Fortaleza,Teacher,premium,Portuguese,display,retention,189156,2655,88,1377.03,282467.95,205.1284,8.0
MC-12025,2024-04-03,GB,Glasgow,Marketing Manager,premium,English,social_media,retention,94912,2281,138,2175.87,544251.72,250.1306,6.0
MC-12195,2024-04-03,BR,Rio de Janeiro,Data Scientist,mid,Portuguese,search,acquisition,25589,1798,50,2034.56,51754.12,25.4375,10.0
MC-12678,2024-04-03,SG,Singapore,Physician,mid,English,social_media,acquisition,470527,7517,439,902.49,569541.33,631.0777,1.0
MC-10587,2024-04-03,US,New York,Teacher,mid,English,social_media,retention,126372,3262,71,5615.45,35105.86,6.2517,2.0
MC-12794,2024-04-03,US,New York,Consultant,mid,English,content_marketing,retention,4516,66,2,3456.75,1503.01,0.4348,6.0
MC-11108,2024-04-03,ZA,Durban,Designer,budget,Afrikaans,display,awareness,25671,312,6,2107.37,750.87,0.3563,2.0
MC-10532,2024-04-03,DE,Stuttgart,Teacher,premium,German,email,retention,2971,108,2,3557.66,5007.37,1.4075,9.0
MC-12052,2024-04-03,FR,Lyon,Physician,mid,French,display,retention,91026,1357,60,26747.87,79660.38,2.9782,9.0
MC-12709,2024-04-03,DE,Berlin,Lawyer,premium,German,display,awareness,4059,52,3,2596.64,18239.82,7.0244,1.0
MC-12223,2024-04-03,IN,Delhi,Researcher,premium,Hindi,social_media,acquisition,500000,10309,802,1086.81,2653701.11,2441.7342,5.0
MC-11350,2024-04-03,CA,Toronto,Sales Rep,premium,English,display,retention,23997,303,6,686.81,14928.25,21.7356,4.0
MC-10681,2024-04-03,ES,Barcelona,Physician,mid,Spanish,influencer,awareness,10123,292,7,545.05,6538.58,11.9963,6.0
MC-12148,2024-04-03,US,New York,Designer,premium,English,social_media,acquisition,35800,684,19,574.93,55433.1,96.4171,9.0
MC-12630,2024-04-03,FR,Bordeaux,Marketing Manager,budget,French,social_media,retention,149770,3775,141,228.82,23963.42,104.7261,6.0
MC-12535,2024-04-03,US,San Francisco,Researcher,mid,English,social_media,awareness,82455,1797,61,450.28,39871.63,88.5485,4.0
MC-10021,2024-04-03,IL,Haifa,Researcher,mid,Hebrew,email,acquisition,39775,1388,26,648.14,24814.7,38.286,6.0
MC-12892,2024-04-03,US,Los Angeles,Physician,mid,English,email,acquisition,25082,535,11,2332.59,12964.73,5.5581,10.0
MC-10915,2024-04-03,US,Los Angeles,Designer,budget,English,search,acquisition,500000,37189,1654,874.66,179236.63,204.9215,6.0
MC-11679,2024-04-03,GB,Bristol,Data Scientist,premium,English,display,re_engagement,247530,2456,138,1026.34,746745.37,727.5809,6.0
MC-11736,2024-04-03,ZA,Cape Town,Designer,mid,Afrikaans,email,awareness,9516,229,13,2626.53,7059.95,2.6879,6.0
MC-10028,2024-04-03,US,New York,Lawyer,mid,English,search,awareness,174023,12393,475,537.0,556147.32,1035.6561,8.0
MC-12877,2024-04-03,IN,Chennai,Lawyer,mid,Hindi,search,re_engagement,15593,1133,88,2023.18,95918.41,47.4097,2.0
MC-11037,2024-04-03,GB,Bristol,Researcher,mid,English,email,awareness,51864,1657,122,446.12,93755.38,210.1573,3.0
MC-10036,2024-04-03,ES,Seville,Sales Rep,mid,Spanish,display,awareness,401097,5274,387,10428.76,186672.6,17.8998,4.0
MC-11262,2024-04-03,IN,Hyderabad,Teacher,mid,Hindi,email,awareness,47419,1215,60,10925.78,31405.62,2.8745,5.0
MC-10952,2024-04-03,GB,Leeds,Accountant,mid,English,social_media,acquisition,500000,8579,172,10677.5,164218.3,15.3798,5.0
MC-11617,2024-04-03,GB,Manchester,Designer,mid,English,email,acquisition,148009,3470,185,1389.12,83044.78,59.7823,1.0
MC-12035,2024-04-04,FR,Paris,Designer,mid,French,display,acquisition,45957,557,41,3379.94,23818.63,7.0471,1.0
MC-10164,2024-04-04,IL,Netanya,Marketing Manager,premium,Hebrew,email,acquisition,31824,1231,26,1348.11,115715.73,85.8355,6.0
MC-11169,2024-04-04,IN,Pune,Sales Rep,budget,Hindi,social_media,acquisition,92445,1900,146,4525.53,16104.02,3.5585,5.0
MC-11708,2024-04-04,IN,Mumbai,Physician,mid,Hindi,content_marketing,acquisition,33094,608,27,5694.46,33530.74,5.8883,3.0
MC-10414,2024-04-04,US,Chicago,Marketing Manager,budget,English,email,retention,4898,132,6,2503.32,948.45,0.3789,4.0
MC-11099,2024-04-04,BR,Rio de Janeiro,Consultant,mid,Portuguese,email,re_engagement,10420,391,23,3850.82,18214.36,4.73,2.0
MC-12436,2024-04-04,US,Chicago,Software Engineer,mid,English,influencer,acquisition,192808,4391,149,6285.4,148650.92,23.6502,9.0
MC-12404,2024-04-04,US,Los Angeles,Architect,mid,English,social_media,acquisition,206105,4199,107,1042.08,124611.97,119.58,4.0
MC-12082,2024-04-04,IN,Mumbai,Product Manager,mid,Hindi,influencer,retention,144862,4490,180,1671.2,142771.19,85.4303,2.0
MC-10426,2024-04-04,IN,Chennai,Lawyer,budget,Hindi,content_marketing,acquisition,20908,453,9,1290.86,1988.8,1.5407,
MC-12382,2024-04-04,BR,São Paulo,Sales Rep,budget,Portuguese,email,awareness,9220,276,7,3789.96,732.36,0.1932,3.0
MC-11448,2024-04-04,DE,Stuttgart,HR Manager,premium,German,search,awareness,22397,1797,36,6116.48,106417.85,17.3985,7.0
MC-12762,2024-04-04,US,Los Angeles,Teacher,mid,English,search,awareness,241058,14535,519,6874.16,254186.99,36.9772,3.0
MC-10055,2024-04-04,IN,Pune,HR Manager,premium,Hindi,social_media,awareness,133775,2635,121,2135.46,372679.0,174.5193,9.0
MC-10454,2024-04-04,IN,Delhi,Marketing Manager,mid,Hindi,content_marketing,retention,34021,682,27,1778.19,18133.71,10.1978,5.0
MC-11414,2024-04-04,AU,Adelaide,Designer,mid,English,search,retention,6294,421,8,3887.01,3595.62,0.925,8.0
MC-12746,2024-04-04,IN,Kolkata,Writer,premium,Hindi,search,acquisition,147251,8684,277,2407.08,656207.19,272.6154,2.0
MC-11771,2024-04-04,IN,Delhi,Product Manager,premium,Hindi,content_marketing,acquisition,28781,593,8,1679.05,27045.54,16.1076,8.0
MC-12174,2024-04-04,ZA,Cape Town,Designer,mid,Afrikaans,social_media,awareness,34330,825,50,365.72,33578.76,91.8155,5.0
MC-11748,2024-04-04,US,Houston,Physician,budget,English,social_media,awareness,36620,885,54,1315.72,11116.83,8.4492,5.0
MC-10606,2024-04-04,ES,Valencia,Architect,premium,Spanish,social_media,awareness,40010,965,12,1774.16,63287.2,35.6716,4.0
MC-10604,2024-04-04,US,San Francisco,Physician,budget,English,social_media,retention,41232,633,19,899.01,3676.5,4.0895,9.0
MC-10214,2024-04-04,US,Los Angeles,HR Manager,premium,English,email,acquisition,129311,3147,242,3057.24,602895.44,197.2025,2.0
MC-10583,2024-04-04,US,Chicago,Designer,budget,English,social_media,acquisition,61182,873,9,329.85,937.18,2.8412,10.0
MC-12263,2024-04-04,IN,Kolkata,Consultant,mid,Hindi,social_media,acquisition,147852,2631,79,8266.58,74901.72,9.0608,2.0
MC-11033,2024-04-04,IN,Hyderabad,Sales Rep,budget,Hindi,social_media,acquisition,11555,225,13,3564.08,1600.24,0.449,1.0
MC-11777,2024-04-04,US,New York,Data Scientist,mid,English,display,acquisition,5964,54,2,4680.13,2608.8,0.5574,6.0
MC-12005,2024-04-04,GB,Leeds,Physician,premium,English,social_media,awareness,25892,477,35,1858.79,188876.32,101.6125,4.0
MC-11555,2024-04-04,SG,Singapore,HR Manager,premium,English,content_marketing,acquisition,47771,1079,28,1456.16,69021.31,47.3995,4.0
MC-12475,2024-04-04,IL,Netanya,Sales Rep,budget,Hebrew,email,acquisition,8287,213,15,1261.0,1424.27,1.1295,1.0
MC-12530,2024-04-04,US,San Francisco,Accountant,budget,English,social_media,awareness,227640,5401,185,29264.26,30211.76,1.0324,8.0
MC-12814,2024-04-04,NL,The Hague,Sales Rep,mid,Dutch,influencer,acquisition,58591,1371,81,2030.13,50351.11,24.8019,10.0
MC-11654,2024-04-04,DE,Frankfurt,Software Engineer,budget,German,content_marketing,acquisition,11903,185,4,2857.66,968.3,0.3388,8.0
MC-10776,2024-04-04,GB,Birmingham,Product Manager,budget,English,email,awareness,11918,262,13,1189.05,2329.0,1.9587,1.0
MC-12866,2024-04-04,US,Seattle,Lawyer,mid,English,email,awareness,11474,274,8,1042.91,8937.38,8.5697,
MC-11322,2024-04-04,BR,Fortaleza,Product Manager,budget,Portuguese,social_media,retention,25652,448,34,1574.63,4907.52,3.1166,10.0
MC-11969,2024-04-04,CA,Toronto,Product Manager,mid,English,email,acquisition,72497,2435,120,2951.55,87950.48,29.7981,5.0
MC-12855,2024-04-05,SG,Singapore,Physician,budget,English,search,acquisition,122557,9550,511,6869.62,112353.9,16.3552,9.0
MC-10056,2024-04-05,US,Phoenix,Software Engineer,mid,English,social_media,acquisition,22007,549,28,3186.84,28205.67,8.8507,8.0
MC-10912,2024-04-05,US,New York,Designer,mid,English,social_media,acquisition,264995,5069,217,50000.0,140212.99,2.8043,7.0
MC-11890,2024-04-05,FR,Marseille,Consultant,mid,French,social_media,acquisition,15700,272,11,331.08,9321.91,28.1561,5.0
MC-12123,2024-04-05,US,San Francisco,Sales Rep,budget,English,email,awareness,8501,264,9,6475.96,1034.92,0.1598,5.0
MC-12383,2024-04-05,BR,Rio de Janeiro,Consultant,premium,Portuguese,email,retention,64622,2310,143,1318.18,679810.99,515.7194,9.0
MC-11684,2024-04-05,FR,Marseille,Accountant,mid,French,influencer,acquisition,500000,13341,858,1808.97,587121.03,324.561,9.0
MC-11370,2024-04-05,IN,Kolkata,Sales Rep,budget,Hindi,search,acquisition,61186,4817,346,2095.14,34398.31,16.4181,3.0
MC-11368,2024-04-05,US,Los Angeles,Data Scientist,mid,English,email,retention,20493,431,27,1669.28,27402.02,16.4155,10.0
MC-12462,2024-04-05,US,Chicago,Writer,mid,English,email,retention,11820,416,29,1876.39,16944.02,9.0301,6.0
MC-10849,2024-04-05,US,Seattle,Data Scientist,mid,English,email,acquisition,41087,1490,102,333.97,128976.96,386.1933,9.0
MC-12857,2024-04-05,BR,Salvador,Accountant,premium,Portuguese,email,retention,2579,67,1,2975.12,3262.45,1.0966,6.0
MC-11589,2024-04-05,IN,Delhi,Accountant,mid,Hindi,search,awareness,3606,224,7,373.8,4953.89,13.2528,5.0
MC-12497,2024-04-05,US,Houston,HR Manager,budget,English,email,retention,7350,198,7,6481.64,686.92,0.106,7.0
MC-11289,2024-04-05,US,San Francisco,Sales Rep,mid,English,search,re_engagement,35557,3335,48,616.6,28524.15,46.2604,1.0
MC-11742,2024-04-05,IN,Mumbai,HR Manager,premium,Hindi,email,retention,49433,1303,19,4859.31,49034.55,10.0908,10.0
MC-11739,2024-04-05,US,San Francisco,Designer,budget,English,email,retention,158175,6039,417,833.88,46288.58,55.5099,6.0
MC-11128,2024-04-05,AU,Melbourne,Architect,budget,English,display,awareness,126045,1704,98,18961.75,18477.57,0.9745,5.0
MC-11623,2024-04-05,IL,Tel Aviv,Designer,mid,Hebrew,social_media,acquisition,55760,1355,87,291.13,49352.14,169.5193,9.0
MC-12280,2024-04-05,SG,Singapore,Software Engineer,budget,English,search,awareness,216460,19915,530,4108.01,128548.61,31.2922,5.0
MC-10960,2024-04-05,BR,Fortaleza,Teacher,budget,Portuguese,email,retention,1475,54,3,2294.75,368.24,0.1605,7.0
MC-12872,2024-04-05,BR,São Paulo,Software Engineer,budget,Portuguese,content_marketing,awareness,6909,103,1,1961.34,228.99,0.1168,8.0
MC-12514,2024-04-05,US,Los Angeles,Accountant,budget,English,email,acquisition,3751,135,4,1376.76,678.82,0.4931,5.0
MC-10980,2024-04-05,IN,Pune,Data Scientist,mid,Hindi,search,re_engagement,38660,2066,95,1250.11,86480.09,69.178,2.0
MC-11792,2024-04-05,GB,London,Data Scientist,budget,English,search,acquisition,48940,3818,243,1046.6,58772.56,56.1557,10.0
MC-11894,2024-04-05,GB,Leeds,Software Engineer,premium,English,email,acquisition,4737,104,1,649.13,5715.02,8.8041,3.0
MC-11672,2024-04-05,GB,Glasgow,Researcher,mid,English,display,awareness,24984,249,18,2709.24,12832.83,4.7367,1.0
MC-10763,2024-04-05,FR,Paris,Marketing Manager,mid,French,search,retention,35340,2495,183,686.57,148436.1,216.1995,3.0
MC-11248,2024-04-05,ZA,Cape Town,Researcher,mid,Afrikaans,search,re_engagement,246441,17813,296,1150.48,211094.83,183.4841,10.0
MC-12023,2024-04-05,DE,Hamburg,Writer,budget,German,email,awareness,15200,549,19,196.76,2312.62,11.7535,8.0
MC-10156,2024-04-05,IN,Delhi,Writer,budget,Hindi,social_media,re_engagement,83032,1291,31,239.68,3137.0,13.0883,1.0
MC-10381,2024-04-05,US,Seattle,Architect,mid,English,influencer,acquisition,500000,16014,1176,6959.31,1363892.2,195.981,9.0
MC-11304,2024-04-05,US,Los Angeles,Designer,mid,English,search,acquisition,2726,154,3,1687.34,1679.17,0.9952,10.0
MC-10696,2024-04-05,IL,Netanya,Software Engineer,budget,Hebrew,search,retention,102768,5409,338,397.79,72049.47,181.1244,10.0
MC-10990,2024-04-05,BR,Fortaleza,Software Engineer,mid,Portuguese,email,acquisition,21120,666,28,302.54,29840.85,98.6344,4.0
MC-11297,2024-04-05,US,Chicago,Sales Rep,budget,English,social_media,re_engagement,80620,1869,96,8610.55,-2910.5392614695206,-0.338,3.0
MC-11328,2024-04-05,AU,Perth,Physician,premium,English,display,acquisition,37227,409,28,2433.58,151866.19,62.4044,9.0
MC-12783,2024-04-05,CA,Ottawa,Writer,mid,English,email,re_engagement,31666,879,11,1837.72,6620.89,3.6028,8.0
MC-12899,2024-04-05,FR,Bordeaux,Teacher,mid,French,social_media,acquisition,243757,4210,305,854.6,157934.5,184.8052,7.0
MC-10828,2024-04-06,CA,Calgary,Teacher,premium,English,social_media,retention,148002,3673,134,705.17,321161.4,455.4383,3.0
MC-11696,2024-04-06,US,Houston,Writer,mid,English,search,acquisition,14305,825,23,2086.22,11739.9,5.6274,7.0
MC-10620,2024-04-06,IL,Beer Sheva,Sales Rep,mid,Hebrew,search,retention,19404,1445,58,1764.2,33633.46,19.0644,1.0
MC-11674,2024-04-06,BR,Rio de Janeiro,Data Scientist,mid,Portuguese,social_media,retention,297242,5008,312,6700.69,300611.67,44.8628,2.0
MC-11205,2024-04-06,US,Chicago,Marketing Manager,mid,English,social_media,acquisition,500000,7627,160,2267.81,135705.37,59.8398,8.0
MC-11832,2024-04-06,IN,Delhi,Product Manager,mid,Hindi,social_media,awareness,87442,1603,78,877.87,62833.96,71.5755,7.0
MC-11405,2024-04-06,MX,Tijuana,Physician,mid,Spanish,social_media,re_engagement,86205,1963,25,3129.22,23756.32,7.5918,7.0
MC-11923,2024-04-06,BR,Fortaleza,Data Scientist,mid,Portuguese,display,retention,169311,1808,140,1789.68,177771.6,99.3315,8.0
MC-10093,2024-04-06,FR,Toulouse,Software Engineer,budget,French,social_media,acquisition,74387,1261,55,1095.33,12799.34,11.6854,
MC-12990,2024-04-07,CA,Montreal,Designer,premium,English,email,acquisition,101396,2464,190,10231.47,487148.99,47.6128,6.0
MC-11020,2024-04-07,MX,Monterrey,Sales Rep,budget,Spanish,influencer,acquisition,234280,5619,186,860.13,19563.36,22.7447,4.0
MC-10725,2024-04-07,US,Phoenix,Software Engineer,budget,English,search,acquisition,6951,549,31,697.17,5941.16,8.5218,7.0
MC-10566,2024-04-07,GB,Leeds,Physician,mid,English,display,re_engagement,231792,2912,146,3498.43,161715.92,46.2253,10.0
MC-12510,2024-04-07,US,Chicago,Product Manager,budget,English,social_media,awareness,52412,918,43,2346.42,6334.05,2.6995,
MC-11590,2024-04-07,GB,Birmingham,Accountant,mid,English,email,retention,6783,182,8,187.61,6758.63,36.0249,6.0
MC-11471,2024-04-07,US,Phoenix,HR Manager,budget,English,search,acquisition,175643,13872,193,460.02,18058.1,39.255,8.0
MC-10732,2024-04-07,US,Phoenix,Software Engineer,mid,English,social_media,awareness,18305,419,8,638.69,8847.82,13.8531,1.0
MC-12808,2024-04-07,IN,Bangalore,Marketing Manager,premium,Hindi,influencer,re_engagement,78130,2023,151,4402.63,700340.43,159.0732,6.0
MC-11724,2024-04-07,US,Chicago,Writer,premium,English,social_media,awareness,16302,308,8,5191.31,22313.56,4.2983,10.0
MC-10295,2024-04-07,ES,Valencia,Architect,mid,Spanish,content_marketing,awareness,37899,798,25,176.83,28156.59,159.2297,4.0
MC-11136,2024-04-07,CA,Ottawa,HR Manager,premium,English,content_marketing,awareness,20982,458,10,1850.32,26417.78,14.2774,10.0
MC-10478,2024-04-07,FR,Marseille,Physician,premium,French,email,acquisition,5188,172,13,2049.8,85007.17,41.471,10.0
MC-10240,2024-04-07,US,Phoenix,Software Engineer,mid,English,email,acquisition,15343,595,26,4080.08,26231.19,6.4291,9.0
MC-11959,2024-04-07,JP,Yokohama,Consultant,budget,Japanese,email,awareness,5728,188,6,3999.22,1069.28,0.2674,3.0
MC-12844,2024-04-07,US,Houston,Writer,budget,English,email,acquisition,10011,325,6,2206.62,692.4,0.3138,10.0
MC-10004,2024-04-07,US,Seattle,Accountant,mid,English,social_media,awareness,193140,4065,145,4396.83,128613.53,29.2514,
MC-12848,2024-04-07,IL,Tel Aviv,Researcher,mid,Hebrew,content_marketing,acquisition,21875,334,13,1429.89,10721.79,7.4983,7.0
MC-11110,2024-04-07,CA,Vancouver,Sales Rep,mid,English,display,acquisition,145125,1504,94,890.33,51957.01,58.357,3.0
MC-11233,2024-04-07,GB,London,Consultant,budget,English,influencer,retention,32882,1046,35,6397.57,5818.27,0.9094,9.0
MC-10903,2024-04-07,JP,Yokohama,Designer,budget,Japanese,email,awareness,8493,200,10,290.33,930.39,3.2046,7.0
MC-12786,2024-04-07,GB,Leeds,Lawyer,budget,English,social_media,acquisition,258975,5007,150,1366.62,31035.79,22.7099,6.0
MC-12620,2024-04-07,MX,Guadalajara,Writer,mid,Spanish,content_marketing,retention,127204,2653,41,1650.51,19738.43,11.959,9.0
MC-11051,2024-04-07,US,New York,Marketing Manager,premium,English,email,awareness,5975,128,5,1361.11,19845.81,14.5806,9.0
MC-12893,2024-04-07,FR,Marseille,Teacher,budget,French,content_marketing,acquisition,165149,3203,69,432.16,8669.08,20.0599,5.0
MC-12973,2024-04-07,IN,Kolkata,Architect,premium,Hindi,social_media,awareness,325197,6027,96,3549.7,437360.35,123.2105,8.0
MC-11614,2024-04-07,US,Houston,Accountant,mid,English,social_media,acquisition,500000,12238,321,8904.15,295105.92,33.1425,3.0
MC-11953,2024-04-07,IN,Pune,Lawyer,premium,Hindi,social_media,awareness,32902,842,47,13341.68,280087.36,20.9934,2.0
MC-12347,2024-04-07,US,Los Angeles,Writer,premium,English,social_media,retention,250365,6355,330,716.42,1045198.27,1458.9183,3.0
MC-10315,2024-04-08,IN,Kolkata,Writer,premium,Hindi,search,awareness,154169,12867,864,6666.25,2748336.21,412.2762,4.0
MC-10378,2024-04-08,IN,Hyderabad,Teacher,mid,Hindi,social_media,acquisition,377472,8578,476,5968.45,220679.6,36.9744,9.0
MC-10392,2024-04-08,US,Phoenix,Product Manager,budget,English,social_media,acquisition,310800,4710,51,1292.99,6965.92,5.3875,5.0
MC-10030,2024-04-08,US,New York,Physician,mid,English,social_media,acquisition,299640,4692,312,2384.42,408281.3,171.2288,6.0
MC-11437,2024-04-08,US,Los Angeles,HR Manager,mid,English,social_media,awareness,220717,4426,308,372.05,178640.99,480.1532,4.0
MC-11431,2024-04-08,SG,Singapore,Researcher,budget,English,display,retention,54684,630,48,1566.42,5846.83,3.7326,8.0
MC-10006,2024-04-08,FR,Toulouse,Lawyer,premium,French,search,acquisition,10005,774,35,4810.81,224578.61,46.6821,8.0
MC-11653,2024-04-08,IN,Mumbai,Teacher,premium,Hindi,email,awareness,14286,378,21,287.15,65843.23,229.2991,5.0
MC-12499,2024-04-08,NL,Utrecht,Researcher,budget,Dutch,display,acquisition,151494,2159,75,4421.88,9107.69,2.0597,10.0
MC-12301,2024-04-08,CA,Montreal,Accountant,premium,English,social_media,acquisition,500000,8772,383,1354.64,1317139.26,972.3168,9.0
MC-12618,2024-04-08,BR,São Paulo,Writer,premium,Portuguese,influencer,re_engagement,58071,1770,24,902.75,55906.35,61.9289,7.0
MC-12311,2024-04-08,AU,Melbourne,Consultant,mid,English,search,acquisition,2783,157,5,423.55,3783.98,8.934,5.0
MC-10011,2024-04-08,US,Phoenix,Software Engineer,budget,English,social_media,acquisition,31290,810,40,4862.34,9067.43,1.8648,10.0
MC-11403,2024-04-08,IN,Kolkata,Marketing Manager,premium,Hindi,influencer,acquisition,53683,999,42,2734.29,184307.92,67.4061,4.0
MC-11143,2024-04-08,US,Seattle,Product Manager,premium,English,display,retention,500000,4780,260,12263.34,845132.05,68.9153,3.0
MC-12631,2024-04-08,AU,Brisbane,Product Manager,premium,English,search,awareness,11734,969,16,18518.9,75583.82,4.0814,3.0
MC-10097,2024-04-08,US,Phoenix,Teacher,premium,English,search,awareness,13438,1147,70,3805.55,184445.1,48.4674,7.0
MC-12959,2024-04-08,US,New York,Architect,budget,English,social_media,acquisition,115685,2048,158,1196.71,33573.03,28.0544,1.0
MC-12780,2024-04-08,US,Chicago,Writer,premium,English,display,awareness,353448,3541,103,266.62,342754.54,1285.5545,4.0
MC-12064,2024-04-08,US,Seattle,Designer,budget,English,social_media,acquisition,9325,231,12,9058.39,1406.64,0.1553,8.0
MC-12800,2024-04-08,FR,Toulouse,Lawyer,mid,French,social_media,acquisition,43292,1032,32,3715.2,33034.86,8.8918,4.0
MC-10899,2024-04-08,US,Chicago,Consultant,premium,English,email,retention,3131,75,4,3075.86,15392.48,5.0043,4.0
MC-12013,2024-04-08,US,Houston,Product Manager,mid,English,display,acquisition,115161,1337,63,906.86,51990.7,57.3305,10.0
MC-12108,2024-04-08,FR,Bordeaux,Lawyer,mid,French,content_marketing,retention,44615,623,40,2301.1,53227.0,23.1311,2.0
MC-10187,2024-04-08,GB,Leeds,Data Scientist,budget,English,email,retention,21532,461,16,1262.35,3026.29,2.3973,10.0
MC-12129,2024-04-08,IN,Pune,Designer,budget,Hindi,search,acquisition,61282,4532,281,4960.02,28742.92,5.7949,4.0
MC-11867,2024-04-08,US,Houston,Physician,budget,English,social_media,awareness,143415,2842,213,3333.85,51532.59,15.4574,5.0
MC-12156,2024-04-08,IL,Netanya,Architect,mid,Hebrew,social_media,retention,228070,5023,125,1789.8,130065.0,72.6701,7.0
MC-11502,2024-04-08,US,Phoenix,Architect,mid,English,social_media,awareness,161940,2433,34,275.94,40203.47,145.6964,4.0
MC-11484,2024-04-08,IL,Beer Sheva,Accountant,mid,Hebrew,influencer,retention,105267,2860,171,1075.46,150041.66,139.5139,2.0
MC-10616,2024-04-08,IN,Pune,Lawyer,budget,Hindi,social_media,retention,21955,546,18,3603.9,3394.89,0.942,5.0
MC-11600,2024-04-08,BR,Salvador,Sales Rep,mid,Portuguese,email,acquisition,86040,2285,114,1184.42,64878.56,54.7767,3.0
MC-11561,2024-04-08,US,New York,Architect,mid,English,social_media,re_engagement,111837,2792,204,3544.76,186111.17,52.5032,8.0
MC-12238,2024-04-08,US,Los Angeles,Teacher,budget,English,search,awareness,27993,2040,122,1431.16,15035.21,10.5056,3.0
MC-12729,2024-04-08,US,Seattle,Product Manager,premium,English,social_media,retention,25937,566,37,1521.11,147497.72,96.9672,6.0
MC-12233,2024-04-08,NL,Eindhoven,Lawyer,mid,Dutch,social_media,re_engagement,153315,2364,89,1041.86,109397.35,105.002,
MC-10833,2024-04-08,US,San Francisco,Product Manager,budget,English,display,retention,197583,1682,30,1100.29,4874.14,4.4299,9.0
MC-11628,2024-04-08,CA,Montreal,Accountant,premium,English,social_media,retention,56895,976,59,1317.25,194857.41,147.9274,1.0
MC-11838,2024-04-09,US,San Francisco,Accountant,mid,English,display,awareness,500000,4349,96,4118.99,87748.89,21.3035,2.0
MC-10716,2024-04-09,US,Seattle,Data Scientist,mid,English,search,acquisition,18432,1230,26,237.2,34155.39,143.9941,7.0
MC-11386,2024-04-09,GB,Bristol,Researcher,budget,English,search,acquisition,12805,1000,14,1078.36,2337.3,2.1675,5.0
MC-11018,2024-04-09,BR,Brasília,Sales Rep,premium,Portuguese,email,retention,56234,1979,61,1164.49,198426.61,170.3979,10.0
MC-11084,2024-04-09,NL,Utrecht,Physician,premium,Dutch,influencer,acquisition,167839,3143,137,1115.78,873393.67,782.7651,5.0
MC-12515,2024-04-09,US,Chicago,Architect,premium,English,social_media,awareness,18320,311,5,2619.93,32214.68,12.296,6.0
MC-11986,2024-04-09,SG,Singapore,Data Scientist,mid,English,email,acquisition,16351,591,28,3413.54,26099.48,7.6459,6.0
MC-12873,2024-04-09,GB,Bristol,Physician,budget,English,social_media,retention,75657,1585,102,2352.46,19387.41,8.2413,5.0
MC-11003,2024-04-09,FR,Bordeaux,Sales Rep,budget,French,social_media,acquisition,30225,467,32,288.13,3646.91,12.6572,7.0
MC-11895,2024-04-09,IN,Mumbai,Writer,mid,Hindi,social_media,acquisition,102492,1909,58,2861.74,34080.98,11.9092,5.0
MC-10091,2024-04-09,US,Los Angeles,Physician,mid,English,influencer,awareness,24287,782,33,1971.69,40084.53,20.33,6.0
MC-10095,2024-04-09,IN,Delhi,Software Engineer,budget,Hindi,social_media,acquisition,50377,1168,37,476.9,6942.6,14.5578,1.0
MC-12607,2024-04-09,US,Chicago,Sales Rep,mid,English,email,acquisition,28006,955,21,819.44,13480.87,16.4513,3.0
MC-11902,2024-04-09,NL,Rotterdam,Researcher,budget,Dutch,search,acquisition,71520,4084,206,355.6,32314.3,90.8726,6.0
MC-11608,2024-04-09,DE,Hamburg,Software Engineer,mid,German,social_media,acquisition,500000,8190,294,405.66,271616.27,669.5663,5.0
MC-12602,2024-04-09,ZA,Cape Town,HR Manager,budget,Afrikaans,social_media,acquisition,14992,361,13,909.26,1247.55,1.372,8.0
MC-12473,2024-04-09,US,Los Angeles,Teacher,mid,English,content_marketing,retention,7126,122,1,714.64,466.37,0.6526,9.0
MC-10817,2024-04-09,SG,Singapore,Teacher,mid,English,display,awareness,51456,668,28,2860.79,12785.73,4.4693,7.0
MC-10807,2024-04-09,GB,Bristol,Marketing Manager,premium,English,email,acquisition,29152,896,56,5064.56,224044.9,44.2378,6.0
MC-10120,2024-04-09,CA,Montreal,Software Engineer,budget,English,search,re_engagement,234790,19348,1214,2095.02,230328.13,109.9408,1.0
MC-10382,2024-04-09,IN,Delhi,Marketing Manager,premium,Hindi,search,acquisition,80706,6340,73,366.8,308218.86,840.2913,6.0
MC-11015,2024-04-09,NL,Eindhoven,Researcher,premium,Dutch,social_media,acquisition,134950,2519,103,1914.36,393590.37,205.5989,4.0
MC-12734,2024-04-09,IN,Bangalore,Writer,premium,Hindi,social_media,retention,45852,957,41,323.47,104904.06,324.3085,4.0
MC-11093,2024-04-09,IN,Chennai,Product Manager,budget,Hindi,display,retention,84369,974,54,889.66,8397.73,9.4393,8.0
MC-10542,2024-04-09,IN,Pune,Data Scientist,mid,Hindi,social_media,awareness,201985,4796,60,5208.27,74066.95,14.221,
MC-10971,2024-04-09,DE,Munich,Consultant,premium,German,email,retention,7284,257,15,432.94,65984.3,152.4098,7.0
MC-10572,2024-04-09,FR,Marseille,Accountant,premium,French,email,acquisition,12211,382,20,497.02,77366.16,155.6601,3.0
MC-10943,2024-04-09,IN,Delhi,Designer,mid,Hindi,email,retention,113008,4080,240,5916.99,158995.03,26.8709,8.0
MC-12206,2024-04-09,AU,Perth,Researcher,premium,English,email,acquisition,14130,535,12,1246.1,47446.82,38.0763,1.0
MC-10974,2024-04-09,MX,Tijuana,Software Engineer,budget,Spanish,social_media,retention,59037,883,20,14623.91,4402.7,0.3011,4.0
MC-12732,2024-04-09,US,Houston,HR Manager,premium,English,email,acquisition,1000,38,1,5083.38,3134.07,0.6165,6.0
MC-12670,2024-04-09,US,Los Angeles,Architect,budget,English,search,acquisition,38638,3410,81,1395.19,17736.67,12.7127,10.0
MC-10207,2024-04-09,IN,Kolkata,Software Engineer,premium,Hindi,display,retention,36378,540,39,2524.44,247360.81,97.9864,
MC-10994,2024-04-09,IL,Jerusalem,Writer,budget,Hebrew,search,retention,37510,3046,130,881.77,13775.42,15.6225,8.0
MC-12350,2024-04-09,US,Seattle,Researcher,mid,English,email,acquisition,77093,2796,77,25100.04,69453.22,2.7671,8.0
MC-10201,2024-04-09,SG,Singapore,Teacher,budget,English,social_media,retention,81000,1683,86,1007.39,10160.36,10.0858,9.0
MC-10453,2024-04-09,GB,Glasgow,Teacher,mid,English,display,acquisition,2768700,28386,2125,1781.18,1049498.46,589.2153,10.0
MC-10202,2024-04-09,MX,Monterrey,Architect,budget,Spanish,content_marketing,re_engagement,24740,487,26,3323.77,6353.17,1.9114,7.0
MC-10019,2024-04-09,IN,Delhi,HR Manager,mid,Hindi,social_media,acquisition,157527,2998,136,387.3,72666.57,187.6235,
MC-12104,2024-04-09,ZA,Cape Town,Physician,budget,Afrikaans,social_media,acquisition,58457,1261,15,2536.85,3175.54,1.2518,5.0
MC-12915,2024-04-09,US,Phoenix,Teacher,mid,English,social_media,acquisition,500000,8730,362,511.91,170709.71,333.476,1.0
MC-12249,2024-04-09,US,New York,Lawyer,mid,English,email,retention,77343,2980,88,2696.14,109488.54,40.6094,
MC-11802,2024-04-09,GB,Glasgow,Writer,mid,English,search,acquisition,27235,1642,86,209.39,55029.28,262.8076,9.0
MC-11800,2024-04-09,GB,Leeds,Architect,mid,English,email,acquisition,16727,506,31,5722.42,40958.45,7.1575,1.0
MC-12147,2024-04-10,IN,Kolkata,HR Manager,budget,Hindi,display,awareness,25287,280,10,239.02,1190.78,4.9819,7.0
MC-12252,2024-04-10,DE,Berlin,Architect,premium,German,influencer,acquisition,31485,685,35,2788.45,229813.14,82.4161,1.0
MC-10832,2024-04-10,BR,Rio de Janeiro,Writer,mid,Portuguese,social_media,awareness,74092,1559,89,572.8,43916.87,76.6705,8.0
MC-11195,2024-04-10,BR,São Paulo,Product Manager,budget,Portuguese,social_media,awareness,77845,1216,31,2435.51,5557.84,2.282,2.0
MC-10706,2024-04-10,US,Phoenix,Marketing Manager,budget,English,search,awareness,4255,270,12,300.2,1624.76,5.4123,7.0
MC-11132,2024-04-10,DE,Hamburg,Physician,mid,German,content_marketing,retention,10988,175,10,557.21,11861.58,21.2874,4.0
MC-12417,2024-04-10,AU,Adelaide,Teacher,mid,English,email,awareness,4195300,101629,4143,302.94,2063899.75,6812.8994,
MC-12020,2024-04-10,IN,Hyderabad,Product Manager,premium,Hindi,search,awareness,54100,3661,215,217.2,777467.41,3579.5,10.0
MC-10765,2024-04-10,US,Chicago,Writer,mid,English,social_media,awareness,500000,10087,148,1677.2,74589.81,44.4728,5.0
MC-12183,2024-04-10,IL,Haifa,Writer,premium,Hebrew,social_media,retention,75950,1310,54,140.49,151731.22,1080.0144,2.0
MC-11159,2024-04-10,JP,Yokohama,Physician,budget,Japanese,social_media,awareness,448302,9070,122,3711.91,27177.8,7.3218,8.0
MC-10838,2024-04-10,US,Phoenix,Sales Rep,mid,English,content_marketing,retention,164091,3324,196,918.32,117037.02,127.4469,7.0
MC-10905,2024-04-10,US,New York,Product Manager,budget,English,search,acquisition,13056,1204,88,356.06,15587.7,43.7783,4.0
MC-11572,2024-04-10,US,Houston,Sales Rep,premium,English,social_media,acquisition,297815,5773,211,14363.6,539868.35,37.5859,8.0
MC-10646,2024-04-10,US,San Francisco,Lawyer,premium,English,email,acquisition,7800,211,14,234.52,64172.73,273.6344,10.0
MC-11584,2024-04-10,AU,Perth,Consultant,budget,English,social_media,awareness,417442,7309,74,4054.59,9955.83,2.4554,4.0
MC-12507,2024-04-10,FR,Nice,Lawyer,mid,French,social_media,acquisition,301390,6645,243,5959.62,315117.42,52.8754,1.0
MC-11652,2024-04-10,US,Phoenix,Teacher,mid,English,search,acquisition,19071,1255,74,2059.69,43828.43,21.2791,8.0
MC-12138,2024-04-10,US,Chicago,Lawyer,premium,English,display,re_engagement,65214,673,35,1333.85,158612.79,118.9135,10.0
MC-12868,2024-04-10,US,San Francisco,Data Scientist,budget,English,search,retention,39668,2193,91,1080.84,21308.51,19.7148,3.0
MC-12666,2024-04-10,FR,Bordeaux,Researcher,budget,French,social_media,awareness,4665,112,6,774.97,765.98,0.9884,4.0
MC-10132,2024-04-10,AU,Perth,Physician,premium,English,social_media,acquisition,17382,402,26,1049.95,161838.4,154.1391,9.0
MC-12608,2024-04-10,FR,Marseille,Sales Rep,mid,French,social_media,acquisition,149960,3369,229,640.4,115356.2,180.1315,8.0
MC-11376,2024-04-10,US,Seattle,Designer,premium,English,social_media,retention,51532,1283,95,645.55,264264.96,409.364,1.0
MC-11327,2024-04-10,NL,Utrecht,Lawyer,premium,Dutch,influencer,awareness,194824,4256,281,1715.15,1624191.86,946.9678,7.0
MC-12613,2024-04-10,IN,Mumbai,Marketing Manager,budget,Hindi,social_media,re_engagement,239352,3711,123,458.42,19414.73,42.3514,
MC-12588,2024-04-10,IN,Chennai,Accountant,budget,Hindi,search,retention,26692,1520,68,1250.64,10900.05,8.7156,1.0
MC-12771,2024-04-10,NL,Amsterdam,Accountant,budget,Dutch,social_media,acquisition,69902,1411,21,512.33,2781.95,5.43,1.0
MC-12625,2024-04-11,US,Phoenix,Product Manager,premium,English,social_media,acquisition,500000,9938,280,1029.66,969155.57,941.2384,5.0
MC-11209,2024-04-11,GB,Leeds,Data Scientist,mid,English,social_media,awareness,21207,389,14,970.02,14009.92,14.4429,1.0
MC-11551,2024-04-11,IN,Kolkata,Teacher,mid,Hindi,social_media,awareness,24445,432,13,1072.4,7645.97,7.1298,6.0
MC-10726,2024-04-11,FR,Toulouse,HR Manager,mid,French,social_media,awareness,46167,1076,31,5181.06,20626.99,3.9812,6.0
MC-12371,2024-04-11,GB,Birmingham,Marketing Manager,budget,English,social_media,acquisition,71822,1671,61,14643.01,7526.68,0.514,10.0
MC-10012,2024-04-11,IN,Delhi,Sales Rep,mid,Hindi,search,retention,196464,18519,800,4418.18,531604.63,120.3221,6.0
MC-10736,2024-04-11,DE,Frankfurt,Consultant,budget,German,display,retention,500000,4682,55,1586.88,9048.11,5.7018,3.0
MC-12810,2024-04-11,BR,São Paulo,Lawyer,mid,Portuguese,display,awareness,17871,267,16,974.5,14846.06,15.2345,4.0
MC-11077,2024-04-11,IN,Hyderabad,Lawyer,premium,Hindi,social_media,acquisition,29422,724,53,4106.78,251047.89,61.1301,4.0
MC-10767,2024-04-11,IN,Chennai,Consultant,premium,Hindi,search,retention,18042,977,75,581.95,328745.8,564.9039,7.0
MC-10395,2024-04-11,CA,Montreal,Marketing Manager,premium,English,email,retention,51869,1194,31,2222.32,117645.85,52.9383,10.0
MC-12095,2024-04-11,US,Phoenix,Sales Rep,premium,English,email,retention,49712,1909,149,1490.62,401491.48,269.3453,9.0
MC-11691,2024-04-11,IN,Hyderabad,Data Scientist,premium,Hindi,social_media,retention,211430,3792,150,10209.45,947258.03,92.7825,9.0
MC-11382,2024-04-11,GB,London,Data Scientist,mid,English,influencer,awareness,79738,1901,110,12988.39,147771.64,11.3772,6.0
MC-10471,2024-04-11,US,Chicago,Architect,budget,English,social_media,retention,176645,3389,44,1911.63,7927.71,4.1471,7.0
MC-10482,2024-04-11,SG,Singapore,Product Manager,mid,English,email,acquisition,15416,394,21,1896.65,15892.01,8.379,7.0
MC-11013,2024-04-11,US,New York,Accountant,premium,English,influencer,retention,12130,235,4,664.57,18256.96,27.4718,7.0
MC-12308,2024-04-11,US,Seattle,Product Manager,mid,English,influencer,awareness,17955,558,41,3323.47,27288.88,8.211,3.0
MC-12298,2024-04-11,US,Chicago,Designer,mid,English,display,re_engagement,54246,728,51,768.1,33744.85,43.9329,3.0
MC-12391,2024-04-11,GB,London,Lawyer,mid,English,email,retention,89881,3074,33,387.61,38091.46,98.2726,3.0
MC-10437,2024-04-11,IN,Chennai,Researcher,mid,Hindi,display,re_engagement,163299,1670,16,762.58,15046.73,19.7313,1.0
MC-11667,2024-04-11,BR,São Paulo,Product Manager,mid,Portuguese,email,acquisition,2430,89,5,516.54,4158.34,8.0504,2.0
MC-12711,2024-04-11,IN,Delhi,Sales Rep,premium,Hindi,email,retention,35504,814,33,4379.95,92799.65,21.1874,
MC-12211,2024-04-11,SG,Singapore,Architect,mid,English,email,acquisition,32924,709,42,1176.38,41041.18,34.8877,2.0
MC-10221,2024-04-11,DE,Hamburg,Designer,budget,German,display,re_engagement,40728,547,7,396.0,670.62,1.6935,4.0
MC-10592,2024-04-11,IN,Chennai,Writer,budget,Hindi,email,awareness,16243,359,16,157.78,1621.51,10.277,2.0
MC-10598,2024-04-11,IN,Pune,Accountant,budget,Hindi,email,retention,7458,159,10,699.7,1728.86,2.4709,1.0
MC-12176,2024-04-11,US,Los Angeles,Writer,premium,English,social_media,acquisition,40970,1041,47,125.21,141315.88,1128.6309,4.0
MC-12742,2024-04-11,MX,Monterrey,Researcher,mid,Spanish,email,awareness,15646,403,16,4412.85,14050.01,3.1839,8.0
MC-12765,2024-04-11,US,New York,Physician,budget,English,influencer,acquisition,358756,10814,150,1643.66,26859.21,16.3411,4.0
MC-11514,2024-04-11,US,San Francisco,Product Manager,budget,English,content_marketing,retention,29273,565,15,3657.9,2684.98,0.734,4.0
MC-11528,2024-04-11,GB,Bristol,Sales Rep,mid,English,social_media,awareness,57425,974,14,2740.71,9030.37,3.2949,9.0
MC-11520,2024-04-11,FR,Marseille,Teacher,budget,French,display,re_engagement,141687,2004,60,16772.66,6326.5,0.3772,6.0
MC-12807,2024-04-11,US,New York,Researcher,mid,English,email,retention,52791,1126,64,3071.88,49831.23,16.2217,7.0
MC-10984,2024-04-11,GB,London,Writer,premium,English,email,awareness,21659,732,43,15411.3,137797.2,8.9413,8.0
MC-12580,2024-04-11,US,Chicago,Teacher,premium,English,social_media,re_engagement,51397,808,27,217.13,86710.16,399.3468,7.0
MC-12865,2024-04-11,DE,Munich,Researcher,budget,German,social_media,retention,500000,12180,170,4165.48,28345.14,6.8048,4.0
MC-10066,2024-04-11,US,Houston,Researcher,mid,English,influencer,retention,71508,2253,33,2155.86,21906.98,10.1616,3.0
MC-10345,2024-04-11,US,New York,Software Engineer,mid,English,social_media,awareness,72272,1270,81,7295.27,107807.41,14.7777,
MC-11719,2024-04-11,IN,Chennai,Software Engineer,budget,Hindi,email,acquisition,18129,428,33,1270.38,5981.78,4.7087,4.0
MC-10955,2024-04-11,IN,Kolkata,Marketing Manager,mid,Hindi,search,retention,5115,426,28,1264.09,22505.47,17.8037,
MC-11274,2024-04-11,CA,Toronto,Physician,mid,English,social_media,acquisition,59732,1125,15,370.8,13969.96,37.6752,5.0
MC-12978,2024-04-11,BR,Rio de Janeiro,HR Manager,budget,Portuguese,influencer,acquisition,217179,6002,149,2539.32,16183.0,6.373,7.0
MC-11280,2024-04-11,IL,Beer Sheva,Physician,mid,Hebrew,social_media,retention,13717,240,9,7217.28,11604.0,1.6078,
MC-10926,2024-04-11,GB,Manchester,Data Scientist,budget,English,email,acquisition,27742,982,23,3484.12,4301.66,1.2346,2.0
MC-12540,2024-04-11,IL,Netanya,Lawyer,premium,Hebrew,social_media,awareness,128797,2184,122,764.43,782324.12,1023.4084,5.0
MC-12533,2024-04-11,US,New York,Consultant,budget,English,search,acquisition,5136,461,11,2013.76,1936.11,0.9614,4.0
MC-12897,2024-04-11,AU,Perth,Accountant,budget,English,search,acquisition,23130,2198,105,5696.47,15180.76,2.6649,5.0
MC-10966,2024-04-12,GB,Bristol,Designer,mid,English,search,retention,5495,455,4,662.25,2542.6,3.8393,7.0
MC-12551,2024-04-12,ZA,Durban,Accountant,mid,Afrikaans,email,retention,5162,116,4,2397.76,2934.66,1.2239,8.0
MC-11671,2024-04-12,US,Phoenix,Researcher,mid,English,email,re_engagement,62628,1900,70,3273.25,49746.92,15.198,5.0
MC-12669,2024-04-12,CA,Toronto,Software Engineer,budget,English,social_media,retention,108240,2210,51,16243.09,11925.76,0.7342,8.0
MC-10496,2024-04-12,IN,Mumbai,Teacher,mid,Hindi,social_media,re_engagement,500000,10119,186,2977.16,85622.93,28.7599,7.0
MC-10183,2024-04-12,IN,Mumbai,Researcher,mid,Hindi,social_media,retention,52512,921,25,826.66,18261.03,22.0901,6.0
MC-12128,2024-04-12,IN,Kolkata,Researcher,budget,Hindi,social_media,acquisition,267512,5115,400,850.07,60055.54,70.6478,4.0
MC-11508,2024-04-12,US,Los Angeles,Teacher,budget,English,social_media,awareness,99322,2315,110,852.7,11471.01,13.4526,5.0
MC-11735,2024-04-12,GB,Birmingham,Data Scientist,budget,English,search,awareness,22591,1963,146,4133.45,30380.0,7.3498,
MC-12693,2024-04-12,BR,Brasília,Data Scientist,budget,Portuguese,influencer,acquisition,37101,880,57,1541.02,13556.55,8.7971,6.0
MC-11032,2024-04-12,ES,Bilbao,Software Engineer,mid,Spanish,search,retention,37775,3619,194,2166.52,199526.07,92.0952,5.0
MC-11669,2024-04-12,US,San Francisco,HR Manager,mid,English,email,re_engagement,41921,1380,79,2661.35,50757.76,19.0722,2.0
MC-12422,2024-04-12,GB,Bristol,Software Engineer,premium,English,email,acquisition,19199,505,24,3338.66,144323.13,43.2279,6.0
MC-10336,2024-04-12,IL,Jerusalem,Accountant,budget,Hebrew,email,acquisition,3459,74,4,1195.45,505.72,0.423,9.0
MC-12221,2024-04-12,US,Seattle,HR Manager,premium,English,display,retention,40521,441,16,1213.12,43024.84,35.4663,8.0
MC-10548,2024-04-12,IN,Chennai,Designer,mid,Hindi,social_media,awareness,36692,860,42,547.9,23657.53,43.1786,4.0
MC-12157,2024-04-12,US,Seattle,Researcher,mid,English,email,acquisition,500000,17313,926,5228.53,846956.78,161.9876,1.0
MC-12220,2024-04-12,IN,Pune,HR Manager,budget,Hindi,search,acquisition,39584,3724,204,4205.17,22549.78,5.3624,4.0
MC-12360,2024-04-12,US,Los Angeles,Data Scientist,mid,English,email,retention,4795,119,3,7974.97,3794.17,0.4758,2.0
MC-11983,2024-04-12,GB,Glasgow,Teacher,mid,English,social_media,re_engagement,354582,8765,674,1535.6,369206.0,240.4311,8.0
MC-11968,2024-04-12,IN,Bangalore,Architect,budget,Hindi,social_media,acquisition,169497,4248,326,541.14,65866.2,121.7175,6.0
MC-11839,2024-04-12,IN,Bangalore,Consultant,budget,Hindi,social_media,awareness,41492,1035,39,707.76,5932.74,8.3824,9.0
MC-12454,2024-04-12,IN,Delhi,Software Engineer,budget,Hindi,search,retention,60999,3983,105,410.83,18222.31,44.3549,6.0
MC-11868,2024-04-12,NL,The Hague,Teacher,mid,Dutch,email,awareness,6171,163,5,4241.87,2632.62,0.6206,9.0
MC-12879,2024-04-12,BR,São Paulo,Teacher,budget,Portuguese,social_media,retention,337400,7550,338,353.4,38331.4,108.4646,8.0
MC-10013,2024-04-12,SG,Singapore,HR Manager,mid,English,social_media,acquisition,80302,2005,52,3763.19,26376.15,7.009,2.0
MC-11992,2024-04-12,ZA,Pretoria,Data Scientist,budget,Afrikaans,content_marketing,acquisition,18542,243,14,1098.72,3496.34,3.1822,7.0
MC-11082,2024-04-12,GB,Manchester,Researcher,mid,English,social_media,awareness,11842,191,6,527.18,4004.35,7.5958,6.0
MC-10881,2024-04-12,US,Chicago,Architect,mid,English,email,acquisition,1575,34,1,585.67,935.81,1.5978,10.0
MC-10729,2024-04-12,IN,Bangalore,Physician,mid,Hindi,email,awareness,17989,407,10,783.26,11587.52,14.794,8.0
MC-11752,2024-04-12,GB,London,Product Manager,mid,English,email,re_engagement,3171,93,6,1735.45,5246.5,3.0231,8.0
MC-10877,2024-04-12,US,Houston,Lawyer,mid,English,content_marketing,awareness,16763,333,14,458.46,16954.83,36.9821,6.0
MC-10396,2024-04-12,IN,Delhi,Software Engineer,mid,Hindi,social_media,acquisition,2312700,37456,889,1150.39,843523.64,733.2501,6.0
MC-10292,2024-04-12,US,Houston,Software Engineer,premium,English,content_marketing,acquisition,27220,626,12,236.74,73279.22,309.5346,10.0
MC-12929,2024-04-12,SG,Singapore,Product Manager,budget,English,content_marketing,acquisition,17344,380,25,3095.69,4385.78,1.4167,2.0
MC-12026,2024-04-12,IN,Mumbai,Writer,budget,Hindi,influencer,awareness,88486,1595,27,1542.64,2377.3,1.5411,4.0
MC-11090,2024-04-12,US,New York,HR Manager,budget,English,display,awareness,69597,824,60,1697.6,7161.38,4.2185,4.0
MC-11204,2024-04-12,NL,Eindhoven,Designer,premium,Dutch,search,retention,29843,2757,161,2980.44,403490.54,135.3795,7.0
MC-12849,2024-04-12,IN,Delhi,Product Manager,budget,Hindi,search,re_engagement,6200,515,38,633.1,4779.17,7.5488,7.0
MC-11450,2024-04-13,DE,Munich,Lawyer,mid,German,social_media,awareness,25460,611,39,189.21,41344.33,218.5103,8.0
MC-12962,2024-04-13,GB,London,Product Manager,mid,English,email,awareness,23833,825,10,1134.98,8360.48,7.3662,7.0
MC-10546,2024-04-13,US,Los Angeles,Consultant,premium,English,email,retention,170435,4955,245,11777.5,969564.38,82.3234,5.0
MC-10003,2024-04-13,NL,Utrecht,Lawyer,mid,Dutch,search,re_engagement,15240,909,19,13547.3,21592.85,1.5939,5.0
MC-12845,2024-04-13,NL,Eindhoven,Lawyer,mid,Dutch,content_marketing,re_engagement,238104,5063,257,2745.58,300016.97,109.2727,
MC-12329,2024-04-13,ZA,Port Elizabeth,Lawyer,mid,Afrikaans,social_media,re_engagement,105920,2204,105,1620.37,112966.14,69.7163,3.0
MC-12965,2024-04-13,US,Los Angeles,Researcher,mid,English,social_media,acquisition,209770,5454,200,1003.56,173193.67,172.5793,5.0
MC-12646,2024-04-13,IL,Tel Aviv,Lawyer,budget,Hebrew,content_marketing,awareness,12037,229,12,552.23,2460.02,4.4547,3.0
MC-11316,2024-04-13,IL,Tel Aviv,HR Manager,mid,Hebrew,email,acquisition,8188,239,16,2273.86,8569.35,3.7686,7.0
MC-10683,2024-04-13,US,Los Angeles,Marketing Manager,mid,English,content_marketing,awareness,91547,1199,67,923.9,46748.08,50.5986,2.0
MC-11479,2024-04-13,MX,Puebla,Researcher,premium,Spanish,email,retention,6722,206,4,1669.36,19109.69,11.4473,8.0
MC-11685,2024-04-13,JP,Osaka,Consultant,mid,Japanese,email,awareness,31470,1018,33,869.75,26118.93,30.0304,2.0
MC-11801,2024-04-13,US,New York,Researcher,budget,English,social_media,acquisition,419645,10109,717,2245.74,108566.1,48.3431,6.0
MC-10671,2024-04-13,US,Chicago,Data Scientist,budget,English,social_media,retention,40240,850,10,278.32,2288.32,8.2219,2.0
MC-11212,2024-04-13,NL,Eindhoven,Writer,budget,Dutch,email,awareness,5905,169,9,622.93,890.85,1.4301,9.0
MC-10896,2024-04-13,US,Phoenix,Teacher,mid,English,social_media,awareness,110070,2322,168,323.23,91945.32,284.4579,5.0
MC-10346,2024-04-13,GB,Leeds,Data Scientist,mid,English,social_media,re_engagement,201692,5204,90,1442.33,117568.99,81.5132,7.0
MC-10038,2024-04-14,MX,Mexico City,Marketing Manager,budget,Spanish,search,re_engagement,7577,556,31,372.98,5044.8,13.5257,6.0
MC-11749,2024-04-14,JP,Sapporo,Lawyer,mid,Japanese,email,acquisition,41981,1414,47,1045.1,46313.41,44.3148,3.0
MC-11547,2024-04-14,FR,Paris,Product Manager,mid,French,content_marketing,awareness,214781,3079,74,633.75,67805.87,106.9915,6.0
MC-10973,2024-04-14,ZA,Durban,Designer,premium,Afrikaans,search,acquisition,19755,1431,23,11886.11,60699.35,5.1067,7.0
MC-10485,2024-04-14,US,San Francisco,Product Manager,mid,English,email,retention,43690,1652,40,333.07,35110.4,105.4145,9.0
MC-12093,2024-04-14,US,San Francisco,Sales Rep,mid,English,email,awareness,172576,4995,246,4603.57,152066.7,33.0323,5.0
MC-12314,2024-04-14,GB,Manchester,Consultant,mid,English,social_media,awareness,80832,1564,28,21023.81,24265.83,1.1542,1.0
MC-12961,2024-04-14,IL,Tel Aviv,Physician,mid,Hebrew,social_media,awareness,132647,2489,46,2011.32,48336.81,24.0324,7.0
MC-11848,2024-04-14,BR,Rio de Janeiro,Writer,mid,Portuguese,search,retention,52609,4162,59,128.11,37525.73,292.918,7.0
MC-12689,2024-04-14,US,Phoenix,Marketing Manager,premium,English,display,retention,147933,1715,128,789.62,592368.78,750.1948,4.0
MC-11236,2024-04-14,US,Los Angeles,Software Engineer,budget,English,email,awareness,76305,2293,69,534.61,16440.49,30.7523,5.0
MC-11622,2024-04-14,CA,Vancouver,Marketing Manager,mid,English,display,acquisition,274011,3650,210,3008.11,163849.27,54.4692,4.0
MC-11951,2024-04-14,IN,Bangalore,Researcher,premium,Hindi,influencer,acquisition,500000,14069,489,199.0,1682027.42,8452.3991,
MC-11630,2024-04-14,US,Los Angeles,Product Manager,mid,English,influencer,retention,13338,364,17,14311.37,15937.08,1.1136,1.0
MC-10560,2024-04-14,US,San Francisco,Marketing Manager,mid,English,social_media,acquisition,16630,366,16,549.26,13695.86,24.9351,1.0
MC-10947,2024-04-14,IN,Kolkata,Consultant,premium,Hindi,email,acquisition,2966,62,0,876.89,0.0,0.0,2.0
MC-10786,2024-04-14,US,Houston,Physician,premium,English,search,retention,65863,5306,370,2512.92,2011738.92,800.5583,7.0
MC-11926,2024-04-14,IN,Mumbai,Writer,budget,Hindi,search,retention,27472,1574,58,3121.82,7105.48,2.2761,4.0
MC-11103,2024-04-14,IL,Beer Sheva,HR Manager,budget,Hebrew,search,acquisition,24203,2340,76,3314.27,9236.51,2.7869,9.0
MC-11408,2024-04-14,IN,Mumbai,Physician,mid,Hindi,social_media,acquisition,106770,2653,111,176.63,140939.82,797.9382,
MC-11381,2024-04-14,ES,Seville,Architect,mid,Spanish,search,acquisition,174657,13112,132,2216.23,165584.26,74.7144,3.0
MC-12484,2024-04-14,GB,Glasgow,Researcher,premium,English,email,acquisition,4334,127,4,827.91,17164.07,20.7318,3.0
MC-12799,2024-04-15,US,Chicago,Marketing Manager,premium,English,social_media,re_engagement,31892,629,42,1569.18,151539.36,96.5723,6.0
MC-10495,2024-04-15,GB,Bristol,Researcher,premium,English,search,acquisition,66202,5495,173,381.74,828731.41,2170.9316,1.0
MC-10446,2024-04-15,AU,Brisbane,Researcher,mid,English,email,awareness,20962,591,44,1770.6,30715.81,17.3477,4.0
MC-10500,2024-04-15,US,Chicago,HR Manager,mid,English,search,awareness,5372,412,18,1413.64,8621.76,6.099,9.0
MC-10998,2024-04-15,US,Los Angeles,Marketing Manager,budget,English,influencer,acquisition,382203,9187,635,2789.66,85179.17,30.5339,2.0
MC-11779,2024-04-15,DE,Berlin,Product Manager,mid,German,email,retention,18203,703,25,2606.61,22531.14,8.6438,8.0
MC-10159,2024-04-15,US,Phoenix,Accountant,budget,English,social_media,awareness,245080,5914,112,192.9,19947.03,103.4061,7.0
MC-12045,2024-04-15,DE,Stuttgart,Marketing Manager,premium,German,email,acquisition,7572,251,11,1003.33,44397.02,44.2497,8.0
MC-12049,2024-04-15,DE,Frankfurt,Marketing Manager,premium,German,display,acquisition,70542,712,53,441.67,177207.15,401.2207,8.0
MC-10688,2024-04-15,NL,Utrecht,Architect,mid,Dutch,email,acquisition,25664,951,14,5059.56,15589.81,3.0813,8.0
MC-12775,2024-04-15,MX,Guadalajara,Researcher,mid,Spanish,content_marketing,acquisition,5752,83,3,4129.08,2687.33,0.6508,7.0
MC-10680,2024-04-15,US,Los Angeles,Software Engineer,premium,English,email,awareness,18355,426,16,5347.47,93909.52,17.5615,4.0
MC-12623,2024-04-15,IN,Mumbai,Software Engineer,mid,Hindi,social_media,awareness,161517,3049,241,13493.32,217372.32,16.1096,4.0
MC-10417,2024-04-15,FR,Toulouse,Architect,mid,French,influencer,retention,273213,5210,306,1422.19,321780.96,226.2574,9.0
MC-12411,2024-04-15,US,Phoenix,Researcher,budget,English,email,re_engagement,6414,237,14,659.33,2349.41,3.5633,1.0
MC-12121,2024-04-15,US,San Francisco,Architect,budget,English,search,awareness,40013,3864,69,9364.69,11809.46,1.2611,7.0
MC-10645,2024-04-15,DE,Hamburg,Product Manager,budget,German,email,acquisition,10830,233,10,1903.42,1750.98,0.9199,1.0
MC-10930,2024-04-15,SG,Singapore,Consultant,budget,English,email,awareness,8710,316,21,2869.91,3188.18,1.1109,7.0
MC-12743,2024-04-15,IL,Jerusalem,Researcher,premium,Hebrew,influencer,acquisition,170560,5021,128,1138.87,484865.51,425.7426,3.0
MC-12175,2024-04-15,US,Phoenix,Physician,budget,English,content_marketing,awareness,5856,132,1,3233.14,179.02,0.0554,7.0
MC-10212,2024-04-15,BR,Brasília,Designer,budget,Portuguese,social_media,retention,150330,2316,115,1274.12,14086.55,11.0559,
MC-10963,2024-04-15,GB,Leeds,Software Engineer,budget,English,content_marketing,acquisition,15667,235,4,490.95,702.22,1.4303,4.0
MC-11635,2024-04-15,FR,Nice,Data Scientist,mid,French,social_media,retention,158735,4033,44,765.19,41256.29,53.9164,1.0
MC-11005,2024-04-15,ZA,Cape Town,Lawyer,mid,Afrikaans,search,acquisition,500000,28841,1311,3575.91,1215354.36,339.8727,4.0
MC-12715,2024-04-15,IN,Bangalore,Software Engineer,mid,Hindi,social_media,retention,21557,424,16,16202.99,18252.78,1.1265,7.0
MC-10570,2024-04-15,IN,Hyderabad,Data Scientist,mid,Hindi,content_marketing,acquisition,36823,648,51,1357.26,54088.77,39.8514,6.0
MC-10232,2024-04-15,IN,Delhi,HR Manager,mid,Hindi,email,awareness,3984,136,6,1369.93,3787.91,2.765,6.0
MC-11970,2024-04-15,US,Phoenix,Data Scientist,premium,English,social_media,re_engagement,54285,1001,72,1686.31,353559.0,209.6643,4.0
MC-12330,2024-04-15,US,New York,Consultant,budget,English,social_media,retention,41585,723,42,735.5,5051.21,6.8677,9.0
MC-10238,2024-04-15,FR,Paris,Lawyer,mid,French,email,acquisition,5674,206,11,5504.55,10365.03,1.883,9.0
MC-12821,2024-04-15,IN,Chennai,Architect,premium,Hindi,display,awareness,100887,1099,66,1952.69,313687.6,160.6438,8.0
MC-12493,2024-04-15,IN,Bangalore,Writer,budget,Hindi,search,awareness,11684,771,8,2362.6,689.49,0.2918,3.0
MC-12356,2024-04-15,GB,Bristol,Sales Rep,mid,English,social_media,retention,18552,414,6,2237.59,3917.2,1.7506,5.0
MC-12900,2024-04-15,DE,Cologne,Software Engineer,mid,German,search,awareness,24038,1628,93,747.93,91811.61,122.7543,8.0
MC-10083,2024-04-15,FR,Paris,Researcher,budget,French,email,acquisition,13973,372,5,846.12,874.3,1.0333,9.0
MC-12488,2024-04-15,IN,Mumbai,Designer,mid,Hindi,email,re_engagement,4457,134,4,1039.44,1990.9,1.9154,6.0
MC-11065,2024-04-15,US,Chicago,Data Scientist,budget,English,social_media,acquisition,12855,251,3,13254.78,668.27,0.0504,3.0
MC-12349,2024-04-15,US,Phoenix,Lawyer,mid,English,email,acquisition,62825,2092,36,44733.77,44430.02,0.9932,4.0
MC-11367,2024-04-15,AU,Perth,Designer,mid,English,social_media,retention,70395,1713,99,7254.29,59717.39,8.232,10.0
MC-12971,2024-04-15,IN,Chennai,Data Scientist,budget,Hindi,search,retention,15281,1143,69,530.02,17303.3,32.6465,10.0
MC-11903,2024-04-15,CA,Toronto,HR Manager,budget,English,search,re_engagement,15595,831,26,593.78,2976.54,5.0129,5.0
MC-11910,2024-04-15,IN,Kolkata,Software Engineer,premium,Hindi,search,retention,67684,6020,108,5243.45,721836.55,137.6644,8.0
MC-10761,2024-04-15,DE,Cologne,Sales Rep,mid,German,influencer,acquisition,47719,856,53,5963.89,26264.47,4.4039,5.0
MC-11699,2024-04-15,US,Houston,Accountant,premium,English,display,acquisition,26388,353,21,2518.67,88575.28,35.1675,5.0
MC-11919,2024-04-15,DE,Frankfurt,Physician,premium,German,email,retention,20338,743,9,625.95,48359.49,77.2578,5.0
MC-12863,2024-04-15,IN,Pune,Consultant,premium,Hindi,display,retention,208959,1969,28,1383.71,99736.12,72.0788,8.0
MC-11012,2024-04-15,US,Chicago,Architect,premium,English,email,acquisition,239161,9240,234,381.14,1139820.38,2990.5556,6.0
MC-12908,2024-04-15,FR,Nice,Marketing Manager,budget,French,email,awareness,8906,319,19,1496.66,3003.97,2.0071,7.0
MC-10995,2024-04-15,IN,Chennai,Accountant,premium,Hindi,display,acquisition,169629,1884,78,1134.99,310011.01,273.1399,9.0
MC-10772,2024-04-15,MX,Monterrey,Architect,budget,Spanish,social_media,retention,277182,5565,66,387.23,11258.78,29.0752,7.0
MC-12836,2024-04-15,ES,Madrid,Physician,budget,Spanish,social_media,retention,52077,914,41,846.73,10190.48,12.0351,8.0
MC-12449,2024-04-16,US,Houston,Software Engineer,budget,English,social_media,acquisition,49215,1129,76,487.98,18363.55,37.6318,3.0
MC-11578,2024-04-16,GB,Bristol,Sales Rep,mid,English,search,acquisition,55054,3181,136,4504.55,64883.33,14.404,8.0
MC-11985,2024-04-16,AU,Adelaide,Sales Rep,budget,English,display,acquisition,42723,444,12,534.04,1421.22,2.6613,5.0
MC-10778,2024-04-16,FR,Bordeaux,Writer,mid,French,social_media,acquisition,278145,4445,142,3475.16,79538.7,22.8878,
MC-10602,2024-04-16,FR,Lyon,Accountant,budget,French,social_media,retention,6102,146,6,1435.55,856.66,0.5967,1.0
MC-10939,2024-04-16,GB,Glasgow,Lawyer,mid,English,influencer,retention,11667,345,24,1613.69,24214.27,15.0055,2.0
MC-10427,2024-04-16,DE,Munich,Researcher,mid,German,content_marketing,retention,15261,200,6,14380.11,4894.69,0.3404,5.0
MC-11282,2024-04-16,US,San Francisco,Designer,premium,English,search,acquisition,21347,1509,97,2237.11,229380.12,102.5341,10.0
MC-10275,2024-04-16,US,New York,Software Engineer,budget,English,email,acquisition,17050,531,26,1195.92,5863.47,4.9029,5.0
MC-11129,2024-04-16,US,Phoenix,Architect,mid,English,social_media,retention,102217,1657,46,1043.18,52894.1,50.7047,8.0
MC-12463,2024-04-16,IN,Chennai,Physician,budget,Hindi,content_marketing,acquisition,59970,1248,52,761.36,10898.96,14.3151,5.0
MC-10574,2024-04-16,US,New York,Sales Rep,budget,English,search,awareness,173930,9977,481,16410.41,60153.63,3.6656,9.0
MC-11864,2024-04-16,US,San Francisco,Accountant,mid,English,search,awareness,40132,2943,78,3473.48,50090.51,14.4208,6.0
MC-10434,2024-04-16,IN,Bangalore,Data Scientist,premium,Hindi,display,awareness,118641,1055,43,2807.7,194316.42,69.2084,
MC-10850,2024-04-16,US,Seattle,Product Manager,mid,English,display,re_engagement,202152,2126,39,2580.36,26962.57,10.4492,5.0
MC-10421,2024-04-16,IN,Hyderabad,Physician,mid,Hindi,search,acquisition,7095,612,44,3580.05,50448.09,14.0914,6.0
MC-12142,2024-04-16,BR,Rio de Janeiro,Designer,mid,Portuguese,influencer,acquisition,14463,468,15,5658.49,9538.02,1.6856,2.0
MC-10350,2024-04-16,US,New York,Marketing Manager,budget,English,social_media,acquisition,285285,5515,313,5133.23,53445.17,10.4116,9.0
MC-10167,2024-04-16,CA,Calgary,Sales Rep,mid,English,search,retention,52920,2876,79,2758.38,38570.23,13.9829,7.0
MC-11833,2024-04-16,US,New York,Sales Rep,premium,English,influencer,awareness,79084,2006,145,5380.17,485638.37,90.2645,8.0
MC-12777,2024-04-16,GB,Birmingham,Consultant,budget,English,social_media,acquisition,112595,2912,77,882.69,10168.48,11.5199,4.0
MC-10059,2024-04-16,NL,Utrecht,Researcher,mid,Dutch,social_media,awareness,125637,2910,168,890.48,123967.09,139.2138,6.0
MC-12906,2024-04-16,US,Seattle,Physician,mid,English,email,awareness,13130,350,11,17460.78,11483.32,0.6577,5.0
MC-12842,2024-04-16,IN,Delhi,Researcher,mid,Hindi,search,acquisition,202805,17341,937,10654.08,804426.37,75.5041,5.0
MC-11546,2024-04-16,FR,Paris,Marketing Manager,premium,French,content_marketing,awareness,116450,2360,41,4444.02,173115.23,38.9546,3.0
MC-10677,2024-04-16,DE,Cologne,Sales Rep,mid,German,social_media,acquisition,167497,3799,88,5995.49,44762.07,7.466,10.0
MC-11931,2024-04-16,SG,Singapore,Lawyer,mid,English,email,acquisition,18936,652,20,2488.71,24211.86,9.7287,10.0
MC-12628,2024-04-16,US,Houston,Designer,mid,English,social_media,retention,65342,923,62,12610.62,41270.24,3.2727,10.0
MC-10869,2024-04-16,US,San Francisco,Software Engineer,mid,English,email,acquisition,20287,704,8,1560.24,8846.9,5.6702,6.0
MC-10236,2024-04-16,IN,Pune,Accountant,mid,Hindi,search,re_engagement,14464,1343,21,1639.73,15700.06,9.5748,1.0
MC-11761,2024-04-16,SG,Singapore,Software Engineer,budget,English,social_media,re_engagement,450815,8685,604,383.74,115732.94,301.5921,9.0
MC-10791,2024-04-16,DE,Stuttgart,Data Scientist,budget,German,influencer,awareness,33849,798,42,1817.75,8901.21,4.8968,3.0
MC-11269,2024-04-16,IN,Chennai,Lawyer,mid,Hindi,email,retention,17538,665,44,3337.78,41411.8,12.407,
MC-12408,2024-04-16,DE,Berlin,Writer,premium,German,search,retention,18639,1378,62,1053.1,194117.64,184.3297,1.0
MC-10015,2024-04-16,US,San Francisco,Product Manager,premium,English,social_media,awareness,27510,529,10,2258.02,37703.75,16.6977,5.0
MC-12635,2024-04-16,SG,Singapore,Data Scientist,premium,English,email,retention,138053,5117,188,1822.89,937529.78,514.3096,8.0
MC-10413,2024-04-16,IN,Pune,Writer,mid,Hindi,social_media,retention,228770,5454,172,3338.93,102179.14,30.6024,5.0
MC-12632,2024-04-16,DE,Cologne,Physician,premium,German,display,retention,318030,2861,58,1671.5,383181.84,229.2443,5.0
MC-11300,2024-04-16,US,Houston,Designer,premium,English,email,retention,25770,638,40,8680.71,127407.24,14.6771,
MC-12333,2024-04-16,US,New York,Accountant,mid,English,search,acquisition,196651,13148,596,1203.95,469035.86,389.5808,5.0
MC-12686,2024-04-16,IN,Hyderabad,Data Scientist,mid,Hindi,email,acquisition,45377,1638,60,206.25,79305.39,384.511,5.0
MC-10503,2024-04-16,FR,Lyon,Marketing Manager,premium,French,content_marketing,retention,227864,4044,129,4269.55,614107.36,143.8342,7.0
MC-12336,2024-04-16,DE,Hamburg,Teacher,budget,German,email,retention,12573,275,19,769.16,2054.33,2.6709,2.0
MC-11165,2024-04-16,IN,Mumbai,Consultant,budget,Hindi,email,acquisition,31301,961,28,2875.66,-1084.6120882381226,-0.3772,7.0
MC-11459,2024-04-16,US,New York,Designer,mid,English,search,retention,54667,4058,249,2352.35,116068.68,49.3416,2.0
MC-12117,2024-04-17,ES,Barcelona,Writer,mid,Spanish,social_media,awareness,161972,4189,225,4027.62,118844.95,29.5075,
MC-12111,2024-04-17,US,New York,Teacher,mid,English,email,awareness,76944,2123,85,1024.8,53806.88,52.5048,6.0
MC-11682,2024-04-17,SG,Singapore,Consultant,mid,English,display,retention,71379,778,40,1205.71,33622.88,27.8864,6.0
MC-11509,2024-04-17,IN,Bangalore,Teacher,mid,Hindi,email,awareness,3778,99,5,878.86,3356.67,3.8193,5.0
MC-12160,2024-04-17,IN,Pune,Lawyer,budget,Hindi,search,re_engagement,9690,771,51,4498.72,10555.75,2.3464,
MC-11515,2024-04-17,US,Chicago,Teacher,mid,English,search,acquisition,364160,20770,1650,2283.51,781065.66,342.0461,6.0
MC-11480,2024-04-17,SG,Singapore,Marketing Manager,mid,English,email,acquisition,13301,370,26,2318.77,16675.94,7.1917,4.0
MC-10936,2024-04-17,US,New York,Architect,mid,English,search,acquisition,31095,1840,74,1123.75,70222.5,62.4894,10.0
MC-10089,2024-04-17,FR,Toulouse,Lawyer,premium,French,influencer,acquisition,500000,14490,916,1857.59,5591768.76,3010.2276,2.0
MC-11607,2024-04-17,US,Houston,Physician,budget,English,email,acquisition,20418,442,9,19865.64,1860.91,0.0937,6.0
MC-11344,2024-04-17,IN,Pune,Physician,mid,Hindi,email,retention,3700,116,3,1896.58,3828.92,2.0189,7.0
MC-10412,2024-04-17,SG,Singapore,Writer,budget,English,search,retention,95736,6160,307,427.17,37688.7,88.2288,2.0
MC-12289,2024-04-17,IN,Bangalore,Lawyer,budget,Hindi,search,acquisition,56366,3153,217,4191.68,37648.4,8.9817,7.0
MC-12185,2024-04-17,DE,Stuttgart,Designer,budget,German,content_marketing,acquisition,155012,3405,151,10143.28,18651.51,1.8388,5.0
MC-10442,2024-04-17,DE,Berlin,HR Manager,budget,German,email,acquisition,6244,208,12,688.36,1475.96,2.1442,
MC-11449,2024-04-17,MX,Tijuana,Data Scientist,budget,Spanish,social_media,acquisition,18532,306,20,9661.31,3899.55,0.4036,8.0
MC-11938,2024-04-17,DE,Cologne,Designer,mid,German,display,acquisition,62388,711,42,622.08,20088.22,32.292,2.0
MC-10697,2024-04-17,BR,Fortaleza,Sales Rep,premium,Portuguese,email,retention,24599,708,36,909.12,120279.11,132.3028,4.0
MC-10707,2024-04-17,ES,Barcelona,Software Engineer,mid,Spanish,content_marketing,retention,44102,726,49,19630.9,48094.55,2.4499,10.0
MC-10713,2024-04-17,IL,Haifa,HR Manager,premium,Hebrew,social_media,retention,409217,9709,745,1191.51,2309493.67,1938.2915,10.0
MC-11336,2024-04-17,GB,Manchester,Software Engineer,mid,English,search,acquisition,15239,1334,96,2971.91,98174.28,33.0341,2.0
MC-10717,2024-04-17,US,Houston,Teacher,premium,English,search,retention,19342,1233,77,4716.91,228480.64,48.4386,9.0
MC-11957,2024-04-17,US,San Francisco,Architect,budget,English,social_media,acquisition,78190,1357,45,1187.12,8173.11,6.8848,7.0
MC-11673,2024-04-17,US,New York,Data Scientist,premium,English,social_media,awareness,108405,1841,112,1087.95,720337.12,662.105,1.0
MC-11320,2024-04-17,US,Houston,Designer,mid,English,search,acquisition,66239,3539,108,3835.88,69119.85,18.0193,3.0
MC-11024,2024-04-17,SG,Singapore,Physician,premium,English,display,re_engagement,282504,4316,136,145.5,851156.75,5849.8746,2.0
MC-11989,2024-04-17,US,Seattle,Product Manager,budget,English,display,retention,34884,398,12,4833.57,1899.6,0.393,10.0
MC-11429,2024-04-17,FR,Toulouse,Physician,mid,French,search,acquisition,254133,16839,1247,14920.33,1339031.78,89.7455,2.0
MC-10594,2024-04-17,DE,Munich,Architect,mid,German,search,re_engagement,91326,5056,365,1019.12,391790.5,384.44,9.0
MC-12118,2024-04-17,GB,Manchester,Consultant,mid,English,display,acquisition,425340,4348,327,3499.91,286114.53,81.7491,4.0
MC-10493,2024-04-17,US,San Francisco,Product Manager,premium,English,social_media,retention,120097,1874,54,2108.94,244691.41,116.0258,10.0
MC-10544,2024-04-17,IN,Mumbai,Designer,mid,Hindi,social_media,re_engagement,153597,3580,76,808.84,44701.1,55.2657,10.0
MC-12714,2024-04-17,IN,Bangalore,Lawyer,mid,Hindi,search,awareness,49705,4780,272,11270.54,271303.7,24.0719,5.0
MC-12359,2024-04-17,US,Houston,Designer,premium,English,social_media,acquisition,118197,2937,131,6014.09,377525.71,62.7735,1.0
MC-10989,2024-04-17,IN,Pune,Data Scientist,mid,Hindi,social_media,awareness,179535,3388,167,1024.27,158314.27,154.563,9.0
MC-11658,2024-04-17,IN,Delhi,Software Engineer,budget,Hindi,search,retention,13540,1053,72,1941.95,13730.0,7.0702,3.0
MC-10433,2024-04-17,IL,Netanya,HR Manager,budget,Hebrew,email,awareness,1114,25,0,2931.63,0.0,0.0,2.0
MC-12240,2024-04-17,GB,Manchester,Data Scientist,premium,English,email,acquisition,10299,332,24,451.3,131353.18,291.0551,10.0
MC-12033,2024-04-18,IN,Mumbai,Designer,budget,Hindi,influencer,acquisition,79419,2435,55,13068.03,5284.66,0.4044,7.0
MC-12154,2024-04-18,DE,Frankfurt,Writer,mid,German,content_marketing,awareness,1758,29,1,1011.66,570.44,0.5639,3.0
MC-12870,2024-04-18,IN,Mumbai,Teacher,budget,Hindi,search,retention,10850,982,30,1400.83,2888.25,2.0618,6.0
MC-10630,2024-04-18,US,Phoenix,Physician,mid,English,search,acquisition,10304,907,66,678.65,62554.43,92.1748,10.0
MC-11193,2024-04-18,US,Chicago,Teacher,mid,English,social_media,awareness,113165,2197,77,1751.27,49476.86,28.252,9.0
MC-10757,2024-04-18,AU,Adelaide,Architect,mid,English,display,acquisition,134376,1485,104,396.62,99230.88,250.1913,
MC-11190,2024-04-18,US,Los Angeles,Designer,budget,English,search,awareness,34250,2167,34,1076.08,3163.79,2.9401,7.0
MC-11975,2024-04-18,CA,Ottawa,Teacher,mid,English,display,awareness,90657,1257,50,1586.29,26819.94,16.9073,3.0
MC-11726,2024-04-18,US,San Francisco,Marketing Manager,mid,English,email,awareness,9604,300,11,3047.51,8165.01,2.6792,3.0
MC-10662,2024-04-18,ES,Seville,Researcher,budget,Spanish,content_marketing,awareness,362027,6332,265,2883.95,43702.46,15.1537,7.0
MC-11663,2024-04-18,CA,Ottawa,Writer,mid,English,social_media,acquisition,99285,1597,29,1845.44,15542.42,8.4221,7.0
MC-11730,2024-04-18,FR,Marseille,Lawyer,budget,French,social_media,awareness,42315,703,17,1684.91,4001.86,2.3751,2.0
MC-11153,2024-04-18,GB,London,Researcher,premium,English,content_marketing,retention,46003,677,29,729.76,132046.24,180.9447,9.0
MC-11237,2024-04-18,US,Houston,Data Scientist,budget,English,influencer,acquisition,202116,4728,323,9781.12,78819.61,8.0583,5.0
MC-12437,2024-04-18,NL,The Hague,HR Manager,budget,Dutch,social_media,acquisition,177655,3083,158,1072.33,16817.75,15.6834,10.0
MC-12995,2024-04-18,ZA,Cape Town,Product Manager,premium,Afrikaans,social_media,acquisition,184447,3719,125,2354.31,549713.5,233.4924,1.0
MC-10451,2024-04-18,US,New York,Lawyer,budget,English,content_marketing,re_engagement,83083,1740,55,710.94,9805.07,13.7917,6.0
MC-12470,2024-04-18,GB,Bristol,Software Engineer,mid,English,social_media,retention,500000,12309,648,4816.08,769302.27,159.7362,5.0
MC-12465,2024-04-18,DE,Stuttgart,Researcher,budget,German,display,retention,100647,1129,25,484.41,4383.93,9.05,4.0
MC-12513,2024-04-18,DE,Berlin,Consultant,mid,German,social_media,awareness,92965,2207,137,491.27,92574.91,188.44,10.0
MC-12992,2024-04-18,US,Chicago,HR Manager,premium,English,social_media,retention,380052,9527,573,765.14,1691703.81,2210.9729,4.0
MC-11340,2024-04-18,US,Phoenix,HR Manager,budget,English,email,acquisition,17140,588,14,1241.58,1706.35,1.3743,8.0
MC-11715,2024-04-18,US,Chicago,Marketing Manager,premium,English,email,retention,18688,667,20,29798.04,85994.34,2.8859,4.0
MC-11156,2024-04-18,BR,Brasília,Architect,premium,Portuguese,social_media,acquisition,153990,2670,72,506.98,357803.35,705.7544,7.0
MC-11570,2024-04-18,IN,Delhi,Writer,budget,Hindi,social_media,acquisition,431947,10365,554,4550.79,64501.96,14.1738,7.0
MC-10797,2024-04-18,CA,Calgary,Lawyer,budget,English,search,re_engagement,113323,10828,705,461.79,174872.47,378.684,10.0
MC-10958,2024-04-18,FR,Marseille,Architect,budget,French,search,acquisition,23052,1637,105,231.69,22202.6,95.8289,4.0
MC-12722,2024-04-18,IN,Hyderabad,Lawyer,budget,Hindi,search,awareness,23496,1799,108,1292.39,22089.61,17.0921,4.0
MC-11813,2024-04-18,DE,Munich,Product Manager,budget,German,search,acquisition,21523,1338,98,880.29,15196.85,17.2635,1.0
MC-11888,2024-04-18,CA,Toronto,Product Manager,premium,English,email,awareness,64752,1465,53,1118.61,176380.02,157.6779,7.0
MC-10199,2024-04-18,US,Chicago,Writer,mid,English,social_media,retention,377072,9348,637,1215.37,422899.98,347.9599,2.0
MC-12577,2024-04-18,DE,Stuttgart,Data Scientist,mid,German,email,awareness,9458,218,17,61.55,19646.52,319.1961,9.0
MC-10579,2024-04-18,US,Seattle,Architect,mid,English,search,retention,27572,2574,139,712.22,150982.18,211.9881,6.0
MC-11042,2024-04-18,US,Chicago,Software Engineer,premium,English,content_marketing,acquisition,6752,145,2,311.57,12299.91,39.4772,3.0
MC-11230,2024-04-18,FR,Nice,Accountant,mid,French,search,retention,199532,15001,984,4912.75,783764.71,159.5369,1.0
MC-10580,2024-04-19,IN,Hyderabad,Writer,mid,Hindi,search,retention,39136,2463,36,944.49,22210.88,23.5163,3.0
MC-11935,2024-04-19,DE,Frankfurt,Designer,budget,German,influencer,retention,195260,3987,122,6834.72,10545.82,1.543,6.0
MC-10481,2024-04-19,US,Houston,Lawyer,budget,English,email,retention,3188,117,4,1037.79,944.82,0.9104,6.0
MC-12218,2024-04-19,IN,Delhi,Designer,premium,Hindi,display,awareness,241071,2693,134,961.77,334525.37,347.8226,7.0
MC-10874,2024-04-19,IN,Delhi,Teacher,budget,Hindi,email,awareness,20455,767,52,534.42,4695.92,8.7869,6.0
MC-12212,2024-04-19,US,Seattle,Designer,budget,English,search,awareness,33248,1847,62,4005.64,7665.14,1.9136,1.0
MC-12077,2024-04-19,IN,Mumbai,Data Scientist,budget,Hindi,search,awareness,10465,1000,76,5660.2,14852.55,2.624,
MC-12094,2024-04-19,IN,Delhi,Physician,premium,Hindi,influencer,re_engagement,271159,6256,154,1326.69,735262.77,554.2084,5.0
MC-10118,2024-04-19,US,Houston,HR Manager,premium,English,social_media,acquisition,63695,1379,105,193.54,302815.23,1564.6132,5.0
MC-11845,2024-04-19,ES,Barcelona,Accountant,mid,Spanish,display,awareness,85002,1080,59,957.67,41325.27,43.1519,9.0
MC-11228,2024-04-19,NL,Rotterdam,Marketing Manager,budget,Dutch,content_marketing,retention,11166,241,5,1718.24,715.54,0.4164,2.0
MC-10704,2024-04-19,GB,Glasgow,Physician,mid,English,email,retention,62762,2299,182,2444.31,170752.33,69.8571,
MC-11178,2024-04-19,US,New York,Teacher,mid,English,display,acquisition,115014,1076,52,2298.09,31802.43,13.8386,4.0
MC-10860,2024-04-19,US,Seattle,Accountant,mid,English,email,acquisition,295119,10921,387,5845.14,312448.35,53.4544,3.0
MC-12207,2024-04-19,GB,Birmingham,Architect,budget,English,search,retention,93960,7252,530,1298.48,92678.68,71.3747,2.0
MC-12262,2024-04-19,US,Phoenix,Software Engineer,premium,English,content_marketing,retention,43084,621,33,392.38,159672.1,406.9323,4.0
MC-11863,2024-04-19,ES,Madrid,Software Engineer,budget,Spanish,social_media,retention,147290,3660,44,15787.48,8263.83,0.5234,4.0
MC-11604,2024-04-19,AU,Sydney,Sales Rep,mid,English,social_media,acquisition,500000,12931,162,1235.03,82614.67,66.8928,3.0
MC-11958,2024-04-19,US,Houston,Teacher,mid,English,display,acquisition,32922,426,28,1082.75,14530.26,13.4198,2.0
MC-11853,2024-04-19,US,Phoenix,Lawyer,mid,English,social_media,acquisition,88570,2227,169,792.79,222040.5,280.0748,6.0
MC-11446,2024-04-19,US,Chicago,Product Manager,premium,English,email,retention,35906,975,37,1001.34,156895.22,156.6853,2.0
MC-11782,2024-04-19,GB,London,Sales Rep,mid,English,social_media,acquisition,7240,156,5,1806.07,3354.46,1.8573,7.0
MC-10774,2024-04-19,US,Los Angeles,Researcher,mid,English,social_media,acquisition,64422,1070,21,883.39,17981.02,20.3546,10.0
MC-12806,2024-04-19,BR,Rio de Janeiro,Physician,budget,Portuguese,email,retention,17945,527,16,2116.5,2980.14,1.4081,7.0
MC-10846,2024-04-19,US,Houston,Designer,premium,English,search,awareness,97818,5883,130,1620.29,302796.63,186.878,3.0
MC-12302,2024-04-19,IN,Chennai,Consultant,mid,Hindi,display,acquisition,27288,321,10,7560.55,9595.53,1.2692,8.0
MC-12109,2024-04-19,JP,Osaka,HR Manager,budget,Japanese,search,awareness,18802,1151,53,5081.36,4469.29,0.8795,5.0
MC-12871,2024-04-19,US,San Francisco,Physician,budget,English,search,acquisition,114769,7192,376,1903.29,78790.77,41.3971,10.0
MC-10249,2024-04-19,US,Los Angeles,Architect,mid,English,social_media,retention,48980,691,49,1004.97,47219.97,46.9864,10.0
MC-12482,2024-04-19,SG,Singapore,Sales Rep,budget,English,email,acquisition,42796,1652,99,1027.16,11679.8,11.371,8.0
MC-12859,2024-04-19,IN,Pune,Physician,mid,Hindi,social_media,awareness,134677,2735,162,2962.21,156655.32,52.8846,9.0
MC-12282,2024-04-19,FR,Nice,Consultant,budget,French,social_media,awareness,500000,8669,414,1354.76,69007.82,50.9373,7.0
MC-10337,2024-04-19,MX,Tijuana,Accountant,budget,Spanish,influencer,re_engagement,26168,508,9,953.45,1617.85,1.6968,3.0
MC-10042,2024-04-19,US,Phoenix,Physician,mid,English,email,acquisition,11445,277,5,7004.85,4646.16,0.6633,7.0
MC-12858,2024-04-19,DE,Frankfurt,Teacher,budget,German,email,awareness,52096,1225,78,2409.51,8701.75,3.6114,2.0
MC-10942,2024-04-20,US,Seattle,Writer,premium,English,display,retention,65223,767,49,406.45,138609.8,341.0255,8.0
MC-12247,2024-04-20,IN,Kolkata,Product Manager,premium,Hindi,search,retention,10536,903,39,6877.61,185678.44,26.9975,3.0
MC-12766,2024-04-20,BR,São Paulo,Sales Rep,premium,Portuguese,social_media,acquisition,385215,9963,747,1515.3,1970010.78,1300.0797,9.0
MC-12654,2024-04-20,CA,Vancouver,Software Engineer,mid,English,content_marketing,acquisition,310408,4234,309,1301.44,321658.01,247.1555,2.0
MC-11321,2024-04-20,US,Phoenix,Physician,mid,English,social_media,awareness,51820,759,14,8427.79,16088.66,1.909,2.0
MC-11398,2024-04-20,ES,Bilbao,Researcher,mid,Spanish,email,acquisition,20037,765,38,2686.67,33961.09,12.6406,4.0
MC-11019,2024-04-20,ES,Madrid,Product Manager,premium,Spanish,content_marketing,acquisition,29916,448,18,7219.41,82129.23,11.3762,3.0
MC-10923,2024-04-20,US,Los Angeles,Accountant,budget,English,email,acquisition,18459,468,21,2380.55,3466.5,1.4562,5.0
MC-12379,2024-04-20,CA,Toronto,Researcher,budget,English,social_media,retention,34492,790,61,1213.84,10619.5,8.7487,8.0
MC-12948,2024-04-20,US,Seattle,Teacher,premium,English,social_media,acquisition,71105,1622,76,1802.44,229186.94,127.1537,5.0
MC-12495,2024-04-20,US,Houston,Software Engineer,premium,English,social_media,acquisition,59120,1185,65,8205.02,389974.09,47.5287,
MC-10535,2024-04-20,IN,Pune,Marketing Manager,budget,Hindi,display,retention,20220,310,3,254.1,382.06,1.5036,3.0
MC-10233,2024-04-20,US,Seattle,Data Scientist,mid,English,email,acquisition,35267,973,40,2454.13,40506.53,16.5055,7.0
MC-10750,2024-04-20,US,San Francisco,Data Scientist,mid,English,social_media,awareness,267802,4871,292,11770.63,280769.61,23.8534,1.0
MC-12774,2024-04-20,US,Los Angeles,Researcher,budget,English,search,retention,38399,2523,87,171.62,13554.9,78.9821,1.0
MC-10808,2024-04-20,US,Chicago,Physician,premium,English,search,acquisition,8928,670,38,668.18,178037.36,266.4512,2.0
MC-12561,2024-04-20,GB,Leeds,Consultant,mid,English,influencer,awareness,35805,1101,32,4514.59,27637.44,6.1218,9.0
MC-12375,2024-04-20,US,New York,Architect,mid,English,search,acquisition,7326,620,44,7175.16,44348.12,6.1808,2.0
MC-11577,2024-04-20,NL,Amsterdam,Consultant,mid,Dutch,search,re_engagement,24550,2081,154,490.28,104730.96,213.6146,2.0
MC-12955,2024-04-21,IN,Chennai,Architect,budget,Hindi,email,awareness,5151,164,1,4769.53,189.56,0.0397,10.0
MC-11619,2024-04-21,IN,Chennai,Writer,budget,Hindi,email,awareness,9492,263,18,8923.18,2264.91,0.2538,9.0
MC-10957,2024-04-21,ZA,Port Elizabeth,Accountant,mid,Afrikaans,search,retention,285930,17966,370,3011.31,253477.85,84.1753,5.0
MC-10463,2024-04-21,US,Seattle,Lawyer,mid,English,search,acquisition,37894,3039,90,4371.95,85937.33,19.6565,9.0
MC-10387,2024-04-21,US,New York,Lawyer,budget,English,influencer,retention,152749,4172,130,610.25,24111.87,39.5115,7.0
MC-12954,2024-04-21,US,Phoenix,Lawyer,premium,English,search,re_engagement,54412,4080,273,3635.08,1641586.9,451.5958,7.0
MC-11383,2024-04-21,NL,Amsterdam,HR Manager,mid,Dutch,social_media,awareness,27910,722,16,914.34,9180.01,10.04,7.0
MC-10564,2024-04-21,GB,Bristol,Sales Rep,premium,English,content_marketing,acquisition,35946,674,22,2127.59,66355.48,31.1881,8.0
MC-10165,2024-04-21,IN,Hyderabad,Designer,mid,Hindi,social_media,awareness,45135,1068,43,5321.32,27528.33,5.1732,9.0
MC-11276,2024-04-21,US,Chicago,Researcher,mid,English,email,acquisition,12863,412,25,291.93,17572.3,60.1935,1.0
MC-10008,2024-04-21,AU,Brisbane,Product Manager,mid,English,search,retention,121272,9348,324,1040.5,252395.85,242.5717,6.0
MC-10169,2024-04-21,NL,Eindhoven,Marketing Manager,budget,Dutch,search,retention,207549,15065,1171,1805.76,185143.8,102.5296,10.0
MC-11207,2024-04-21,NL,Rotterdam,Writer,mid,Dutch,social_media,retention,18557,314,20,5861.82,12512.51,2.1346,6.0
MC-11029,2024-04-21,NL,Utrecht,Lawyer,mid,Dutch,email,retention,15341,347,25,2172.04,22537.34,10.3761,5.0
MC-11142,2024-04-21,IN,Kolkata,Teacher,mid,Hindi,search,acquisition,54439,4663,355,7776.23,188092.07,24.1881,2.0
MC-10769,2024-04-21,IN,Hyderabad,Writer,budget,Hindi,search,acquisition,187997,11263,231,254.66,20489.74,80.4592,8.0
MC-10204,2024-04-21,US,New York,Writer,mid,English,email,awareness,3930,121,3,1215.96,1945.15,1.5997,4.0
MC-11339,2024-04-21,FR,Nice,HR Manager,premium,French,social_media,re_engagement,243682,5036,137,1606.44,347309.21,216.1981,2.0
MC-11247,2024-04-21,CA,Vancouver,Product Manager,premium,English,email,re_engagement,27713,888,51,1241.13,180979.51,145.8183,2.0
MC-12919,2024-04-21,IN,Kolkata,Designer,mid,Hindi,content_marketing,retention,25393,460,11,120.63,5039.21,41.7741,4.0
MC-10100,2024-04-22,AU,Adelaide,Physician,mid,English,search,awareness,63299,4287,255,681.02,286777.98,421.1007,
MC-11469,2024-04-22,GB,Glasgow,HR Manager,mid,English,display,acquisition,500000,6541,260,11233.26,156878.91,13.9656,8.0
MC-11601,2024-04-22,DE,Cologne,Product Manager,premium,German,email,awareness,8403,282,3,7179.95,13738.54,1.9135,9.0
MC-12400,2024-04-22,GB,Birmingham,Consultant,budget,English,email,retention,33461,1032,77,72148.59999999999,12288.52,0.1703,9.0
MC-11330,2024-04-22,IN,Bangalore,Physician,mid,Hindi,display,awareness,157599,2455,133,251.41,137536.09,547.0589,5.0
MC-10190,2024-04-22,IN,Bangalore,Researcher,budget,Hindi,search,acquisition,7189,438,13,3766.65,1999.74,0.5309,6.0
MC-12313,2024-04-22,IL,Beer Sheva,Consultant,mid,Hebrew,display,acquisition,64224,708,23,416.38,15218.86,36.5504,8.0
MC-12614,2024-04-22,GB,Birmingham,Physician,mid,English,email,re_engagement,37061,1021,38,6810.17,42328.42,6.2155,4.0
MC-11117,2024-04-22,MX,Mexico City,Consultant,budget,Spanish,social_media,acquisition,27040,662,49,2113.61,8402.45,3.9754,3.0
MC-10106,2024-04-22,GB,Leeds,Consultant,mid,English,email,re_engagement,20878,529,15,5565.3,11419.32,2.0519,
MC-12283,2024-04-22,FR,Paris,Designer,budget,French,email,awareness,87518,2767,195,5385.24,20568.9,3.8195,
MC-10876,2024-04-22,MX,Guadalajara,Consultant,budget,Spanish,social_media,retention,143635,3312,157,40710.63,25573.63,0.6282,8.0
MC-10181,2024-04-22,GB,Leeds,Architect,premium,English,display,acquisition,124218,1369,44,582.49,263818.32,452.9148,
MC-11314,2024-04-22,DE,Stuttgart,Consultant,budget,German,social_media,awareness,62595,1458,46,2505.78,7935.59,3.1669,6.0
MC-12284,2024-04-22,FR,Bordeaux,Marketing Manager,mid,French,email,acquisition,16376,440,27,542.11,20437.03,37.699,3.0
MC-11876,2024-04-22,ZA,Cape Town,Designer,budget,Afrikaans,social_media,retention,72627,1635,104,439.12,9937.1,22.6296,8.0
MC-11809,2024-04-22,MX,Monterrey,Designer,mid,Spanish,search,retention,16994,1156,76,1715.03,47898.5,27.9287,5.0
MC-11399,2024-04-22,CA,Ottawa,Product Manager,premium,English,influencer,awareness,93328,2233,48,21752.83,178240.73,8.1939,9.0
MC-11512,2024-04-22,GB,Birmingham,Marketing Manager,mid,English,search,awareness,11205,647,38,556.38,25100.13,45.1133,4.0
MC-12947,2024-04-22,FR,Marseille,Teacher,mid,French,social_media,retention,19792,415,6,12304.07,3502.9,0.2847,10.0
MC-11453,2024-04-22,FR,Toulouse,Consultant,premium,French,social_media,retention,77165,1088,75,466.93,270813.71,579.9878,10.0
MC-10044,2024-04-22,GB,Birmingham,Marketing Manager,mid,English,display,acquisition,99045,1181,51,5318.86,45255.58,8.5085,6.0
MC-12616,2024-04-22,GB,Glasgow,Accountant,mid,English,social_media,awareness,500000,9288,143,303.31,134394.39,443.0925,7.0
MC-12069,2024-04-22,IN,Mumbai,HR Manager,mid,Hindi,display,awareness,70128,769,9,5877.67,4158.24,0.7075,7.0
MC-12281,2024-04-22,GB,Leeds,Marketing Manager,premium,English,email,awareness,22208,764,21,13555.14,75045.54,5.5363,7.0
MC-12296,2024-04-22,NL,Amsterdam,Designer,mid,Dutch,social_media,acquisition,15092,259,15,678.81,7832.82,11.539,2.0
MC-12056,2024-04-22,BR,Salvador,Software Engineer,mid,Portuguese,influencer,acquisition,21241,506,39,5791.2,51313.03,8.8605,5.0
MC-11791,2024-04-22,AU,Sydney,Marketing Manager,mid,English,social_media,retention,40450,595,14,2579.66,12167.74,4.7168,9.0
MC-10475,2024-04-22,GB,Birmingham,Accountant,mid,English,social_media,acquisition,485637,8455,508,804.77,466830.81,580.0798,8.0
MC-11221,2024-04-22,IL,Haifa,Physician,mid,Hebrew,social_media,acquisition,71802,1554,61,734.85,55615.86,75.6833,3.0
MC-12586,2024-04-22,US,Houston,Accountant,mid,English,social_media,retention,421887,9806,646,1779.94,512955.08,288.1867,10.0
MC-12496,2024-04-22,FR,Bordeaux,Researcher,premium,French,email,retention,29615,941,17,3240.21,69637.4,21.4916,7.0
MC-10198,2024-04-22,AU,Sydney,Designer,mid,English,email,re_engagement,196726,6355,98,2324.61,48883.36,21.0286,8.0
MC-12640,2024-04-22,US,San Francisco,Lawyer,mid,English,social_media,awareness,238462,3727,246,1292.83,237361.29,183.5982,2.0
MC-11296,2024-04-23,GB,Manchester,Physician,budget,English,email,re_engagement,63242,1393,66,490.7,12275.14,25.0156,8.0
MC-12656,2024-04-23,MX,Tijuana,Physician,premium,Spanish,email,awareness,4843,176,3,3301.56,14288.54,4.3278,1.0
MC-12511,2024-04-23,BR,Fortaleza,Data Scientist,mid,Portuguese,search,awareness,104594,9181,193,841.64,207898.78,247.0163,8.0
MC-12476,2024-04-23,IN,Pune,Teacher,mid,Hindi,social_media,re_engagement,16042,251,8,2655.56,4764.09,1.794,2.0
MC-11257,2024-04-23,IN,Kolkata,Researcher,premium,Hindi,search,retention,75256,6998,290,9614.72,1213436.52,126.2061,4.0
MC-10472,2024-04-23,IN,Bangalore,Physician,budget,Hindi,search,re_engagement,33152,1923,78,3272.64,16610.55,5.0756,9.0
MC-10890,2024-04-23,AU,Brisbane,Data Scientist,budget,English,email,retention,100878,3871,220,1253.5,50109.39,39.9756,1.0
MC-11595,2024-04-23,IN,Kolkata,Marketing Manager,mid,Hindi,email,retention,42477,902,36,356.66,28249.93,79.2069,5.0
MC-12905,2024-04-23,FR,Paris,Architect,mid,French,social_media,retention,106477,2208,73,1235.03,80553.18,65.2237,9.0
MC-10882,2024-04-23,US,Phoenix,Marketing Manager,budget,English,influencer,awareness,70522,1920,74,4329.69,11728.41,2.7088,6.0
MC-12342,2024-04-23,US,Houston,Researcher,budget,English,email,acquisition,8936,277,7,7728.6,902.95,0.1168,7.0
MC-10487,2024-04-23,US,Chicago,Accountant,budget,English,display,acquisition,337839,4370,300,2818.01,51769.34,18.3709,
MC-11585,2024-04-23,IN,Delhi,Architect,budget,Hindi,influencer,awareness,81387,1897,101,141.06,21618.61,153.2583,10.0
MC-10793,2024-04-23,GB,Birmingham,HR Manager,mid,English,influencer,awareness,116433,3405,218,1490.55,130996.61,87.8847,6.0
MC-10479,2024-04-23,CA,Toronto,Designer,budget,English,email,acquisition,21931,731,18,4851.68,1614.68,0.3328,9.0
MC-10477,2024-04-23,US,Chicago,Data Scientist,premium,English,email,re_engagement,43450,1536,58,1829.1,382050.97,208.8737,5.0
MC-10551,2024-04-23,IL,Beer Sheva,Data Scientist,budget,Hebrew,search,retention,123953,10848,492,775.58,102382.09,132.0071,7.0
MC-12040,2024-04-23,US,Los Angeles,HR Manager,premium,English,search,acquisition,500000,44069,1710,539.4,5697473.91,10562.6138,6.0
MC-12164,2024-04-23,JP,Sapporo,Physician,mid,Japanese,search,retention,104198,8896,217,446.22,260744.74,584.3412,9.0
MC-12753,2024-04-23,US,Los Angeles,Accountant,premium,English,social_media,acquisition,235417,4235,72,345.09,286671.87,830.7162,7.0
MC-10533,2024-04-23,US,Los Angeles,Designer,budget,English,influencer,acquisition,345294,8466,195,649.15,21744.29,33.4966,4.0
MC-11010,2024-04-23,DE,Munich,Designer,mid,German,social_media,re_engagement,41662,639,19,1807.73,10692.39,5.9148,3.0
MC-11980,2024-04-23,NL,Utrecht,Writer,budget,Dutch,search,retention,127370,7970,557,293.9,64513.16,219.5072,9.0
MC-11359,2024-04-23,US,Seattle,Architect,premium,English,search,retention,64758,6231,101,2681.37,641073.65,239.0844,7.0
MC-10695,2024-04-23,BR,Salvador,Researcher,mid,Portuguese,display,acquisition,18879,249,17,12605.18,14018.73,1.1121,10.0
MC-11701,2024-04-23,FR,Paris,Researcher,budget,French,social_media,acquisition,80710,1706,84,890.02,12265.78,13.7815,4.0
MC-11558,2024-04-23,DE,Cologne,Data Scientist,mid,German,search,retention,12192,646,19,4079.6,18713.46,4.5871,3.0
MC-10904,2024-04-23,US,Houston,HR Manager,premium,English,search,awareness,4839,403,11,13505.48,26733.12,1.9794,
MC-12778,2024-04-23,FR,Paris,Researcher,budget,French,search,awareness,75151,6516,475,6957.7,65069.1,9.3521,3.0
MC-10628,2024-04-23,GB,London,Sales Rep,premium,English,search,retention,8708,546,19,1936.43,44761.46,23.1155,2.0
MC-12312,2024-04-23,DE,Cologne,Accountant,budget,German,search,acquisition,2773,230,6,1459.09,831.53,0.5699,1.0
MC-12531,2024-04-23,IN,Chennai,Marketing Manager,budget,Hindi,influencer,acquisition,24442,567,27,377.51,3506.87,9.2895,4.0
MC-10738,2024-04-23,US,Chicago,Architect,budget,English,email,retention,6594,148,5,911.79,1017.58,1.116,4.0
MC-11637,2024-04-23,US,Houston,Product Manager,mid,English,search,awareness,4564,316,15,484.86,13862.12,28.5899,2.0
MC-12977,2024-04-23,IN,Mumbai,HR Manager,budget,Hindi,display,acquisition,266175,2933,61,8334.91,6554.35,0.7864,4.0
MC-12707,2024-04-23,US,San Francisco,Data Scientist,mid,English,social_media,acquisition,13950,294,22,1459.01,28437.04,19.4906,5.0
MC-12001,2024-04-23,CA,Calgary,Software Engineer,mid,English,social_media,retention,51515,748,27,1356.79,35159.7,25.9139,2.0
MC-10647,2024-04-23,FR,Bordeaux,Designer,mid,French,social_media,retention,41857,851,28,1084.06,14703.59,13.5634,3.0
MC-12921,2024-04-23,IN,Delhi,Marketing Manager,mid,Hindi,email,acquisition,17999,420,33,2159.31,25212.81,11.6763,10.0
MC-11560,2024-04-23,DE,Hamburg,Product Manager,premium,German,display,acquisition,117093,1136,47,592.52,212531.22,358.6904,2.0
MC-12011,2024-04-23,GB,Leeds,Marketing Manager,mid,English,search,retention,74812,6219,414,11179.23,278814.71,24.9404,6.0
MC-10186,2024-04-23,ES,Madrid,Architect,budget,Spanish,email,awareness,4345,98,1,50000.0,176.86,0.0035,2.0
MC-12617,2024-04-23,DE,Frankfurt,Consultant,premium,German,social_media,retention,80697,2077,98,3654.45,449566.45,123.0189,2.0
MC-12933,2024-04-23,JP,Osaka,Lawyer,mid,Japanese,email,acquisition,6139,190,5,12570.58,4523.06,0.3598,10.0
MC-12809,2024-04-23,IN,Hyderabad,Writer,mid,Hindi,email,acquisition,4081,102,3,8185.46,1954.5,0.2388,6.0
MC-10822,2024-04-24,GB,Birmingham,Physician,budget,English,influencer,awareness,103762,2402,43,902.98,8415.67,9.3199,10.0
MC-10185,2024-04-24,FR,Lyon,Researcher,budget,French,email,retention,115654,2885,96,1176.19,12242.31,10.4084,7.0
MC-10250,2024-04-24,US,Phoenix,Accountant,budget,English,influencer,retention,82245,2233,149,3139.04,23651.25,7.5345,8.0
MC-10528,2024-04-24,GB,Leeds,Marketing Manager,budget,English,search,acquisition,3702,199,10,2025.04,1372.54,0.6778,4.0
MC-12587,2024-04-24,DE,Stuttgart,Researcher,budget,German,email,acquisition,16017,568,13,1605.98,2153.06,1.3407,6.0
MC-11899,2024-04-24,CA,Toronto,Data Scientist,premium,English,email,acquisition,15408,364,15,3415.87,95800.4,28.0457,9.0
MC-11721,2024-04-24,BR,Brasília,HR Manager,mid,Portuguese,social_media,acquisition,129002,2482,183,2689.72,118583.98,44.0879,10.0
MC-11860,2024-04-24,GB,Leeds,Accountant,mid,English,social_media,retention,500000,11631,668,2665.74,548895.62,205.9074,9.0
MC-10039,2024-04-24,FR,Toulouse,Product Manager,mid,French,search,acquisition,60003,3843,197,400.06,140777.04,351.8898,5.0
MC-11166,2024-04-24,AU,Melbourne,Physician,budget,English,search,retention,24790,1515,82,3673.08,15720.65,4.28,10.0
MC-11434,2024-04-24,JP,Osaka,Architect,mid,Japanese,email,acquisition,55190,1384,73,3687.06,88121.21,23.9001,3.0
MC-10432,2024-04-24,GB,Manchester,Writer,budget,English,email,acquisition,4714,183,6,447.22,710.71,1.5892,10.0
MC-11843,2024-04-24,ZA,Port Elizabeth,Researcher,budget,Afrikaans,influencer,awareness,365472,6810,413,7991.0,57692.76,7.2197,7.0
MC-10274,2024-04-24,US,Los Angeles,Researcher,mid,English,email,acquisition,13705,376,17,665.11,15115.11,22.7257,1.0
MC-10080,2024-04-24,IL,Netanya,Designer,mid,Hebrew,search,acquisition,59358,5432,286,961.46,141337.46,147.003,1.0
MC-11385,2024-04-24,MX,Guadalajara,Lawyer,mid,Spanish,email,retention,28640,947,16,1510.51,14704.0,9.7345,2.0
MC-11432,2024-04-24,US,Phoenix,Data Scientist,mid,English,search,awareness,38476,2973,95,1290.21,90215.14,69.9228,1.0
MC-10264,2024-04-24,DE,Berlin,Software Engineer,premium,German,search,retention,13734,1262,45,5280.36,287426.65,54.4332,9.0
MC-10588,2024-04-24,US,Seattle,Writer,mid,English,social_media,retention,21415,363,28,2904.97,17764.62,6.1153,6.0
MC-12972,2024-04-24,BR,Rio de Janeiro,Product Manager,mid,Portuguese,display,acquisition,35550,333,4,5430.8,3474.64,0.6398,
MC-11004,2024-04-24,BR,Rio de Janeiro,Sales Rep,budget,Portuguese,social_media,acquisition,26050,388,28,1076.05,2969.43,2.7596,1.0
MC-10612,2024-04-24,GB,London,Lawyer,mid,English,email,retention,70566,2720,122,2410.77,153129.48,63.5189,8.0
MC-11764,2024-04-24,CA,Vancouver,Architect,mid,English,social_media,awareness,61290,1399,24,3440.56,24885.22,7.2329,9.0
MC-10335,2024-04-24,US,Houston,Accountant,premium,English,influencer,retention,20062,610,21,7150.05,89037.95,12.4528,10.0
MC-10053,2024-04-24,DE,Cologne,Sales Rep,mid,German,influencer,retention,28958,750,17,606.38,8070.85,13.3099,3.0
MC-12928,2024-04-24,GB,Bristol,Designer,budget,English,social_media,acquisition,15135,326,13,4831.77,1355.73,0.2806,2.0
MC-11963,2024-04-24,US,Chicago,Teacher,budget,English,search,awareness,101311,6610,163,5081.39,15183.91,2.9881,5.0
MC-11942,2024-04-24,GB,Glasgow,Accountant,budget,English,influencer,acquisition,38068,757,51,1412.33,8170.85,5.7854,8.0
MC-12442,2024-04-24,US,Phoenix,Consultant,mid,English,search,acquisition,58489,4077,204,1946.47,187118.71,96.1323,7.0
MC-12673,2024-04-24,GB,Leeds,Data Scientist,mid,English,email,acquisition,32969,711,25,2728.85,31840.17,11.668,1.0
MC-10771,2024-04-24,CA,Toronto,Product Manager,premium,English,social_media,acquisition,255010,6620,497,6012.74,2311249.4,384.392,10.0
MC-12016,2024-04-24,IL,Jerusalem,Lawyer,mid,Hebrew,email,awareness,92765,3092,217,9593.2,244305.91,25.4666,1.0
MC-10296,2024-04-24,NL,The Hague,Sales Rep,budget,Dutch,social_media,awareness,135345,3293,262,434.67,24375.66,56.0785,2.0
MC-12450,2024-04-24,SG,Singapore,Physician,budget,English,search,acquisition,120063,7530,531,3770.87,115120.19,30.5288,7.0
MC-12441,2024-04-24,US,Chicago,Product Manager,budget,English,content_marketing,re_engagement,39956,607,41,1903.48,6007.46,3.156,8.0
MC-12078,2024-04-24,IN,Delhi,Designer,mid,Hindi,email,acquisition,44839,1404,77,1618.1,48376.36,29.897,1.0
MC-10383,2024-04-24,US,Phoenix,Physician,mid,English,social_media,re_engagement,18707,288,18,2156.38,21888.8,10.1507,
MC-11765,2024-04-24,DE,Berlin,Accountant,mid,German,content_marketing,acquisition,177674,2833,65,604.77,42897.65,70.9322,7.0
MC-10480,2024-04-24,US,Chicago,Sales Rep,budget,English,search,re_engagement,297560,23083,414,2546.23,43974.36,17.2704,9.0
MC-11436,2024-04-25,SG,Singapore,Product Manager,premium,English,search,re_engagement,36941,3371,186,891.89,756090.5,847.7396,5.0
MC-11430,2024-04-25,GB,London,Consultant,budget,English,email,acquisition,29767,910,29,2684.26,3807.08,1.4183,2.0
MC-11788,2024-04-25,US,New York,Writer,premium,English,search,retention,11886,1093,48,1079.27,116364.08,107.8174,8.0
MC-10486,2024-04-25,FR,Bordeaux,Physician,premium,French,social_media,acquisition,42020,903,67,858.45,401611.11,467.8328,3.0
MC-11624,2024-04-25,ES,Seville,Consultant,budget,Spanish,social_media,acquisition,97325,1519,73,869.08,9557.62,10.9974,10.0
MC-11711,2024-04-25,DE,Frankfurt,Writer,budget,German,social_media,retention,162957,2910,111,421.16,11406.49,27.0835,1.0
MC-11478,2024-04-25,IN,Kolkata,Teacher,budget,Hindi,social_media,retention,7617,176,12,6366.98,1080.23,0.1697,2.0
MC-11087,2024-04-25,IN,Chennai,Accountant,mid,Hindi,search,retention,88547,7778,204,10817.06,157206.39,14.5332,
MC-10223,2024-04-25,IN,Chennai,Consultant,mid,Hindi,display,awareness,21948,239,7,1232.15,6708.3,5.4444,4.0
MC-12452,2024-04-25,DE,Frankfurt,Accountant,mid,German,search,awareness,18958,1280,32,2445.41,23826.05,9.7432,2.0
MC-10875,2024-04-25,IN,Kolkata,Marketing Manager,premium,Hindi,email,retention,48866,1486,85,650.16,325742.15,501.0184,9.0
MC-11972,2024-04-25,IN,Mumbai,Product Manager,mid,Hindi,social_media,acquisition,97005,1428,110,521.55,99944.32,191.6294,3.0
MC-10043,2024-04-25,DE,Frankfurt,HR Manager,budget,German,social_media,retention,500000,8022,323,2240.39,-457.44594550966184,-0.2042,7.0
MC-12182,2024-04-25,DE,Frankfurt,Writer,budget,German,email,retention,65350,2475,116,562.59,9815.66,17.4473,4.0
MC-12004,2024-04-25,GB,London,Sales Rep,mid,English,search,awareness,32802,2791,153,3136.79,77638.07,24.7508,8.0
MC-10902,2024-04-25,MX,Guadalajara,Writer,premium,Spanish,search,acquisition,62613,3311,244,721.62,707479.07,980.4039,4.0
MC-10780,2024-04-25,CA,Montreal,Sales Rep,mid,English,email,retention,33665,1017,55,742.65,35715.2,48.0916,6.0
MC-12648,2024-04-25,US,San Francisco,Product Manager,budget,English,content_marketing,re_engagement,34657,549,31,16606.46,5215.13,0.314,2.0
MC-10213,2024-04-25,DE,Munich,Architect,mid,German,email,acquisition,6309,232,7,4569.84,9357.6,2.0477,2.0
MC-11203,2024-04-25,US,Chicago,Researcher,budget,English,display,acquisition,37509,348,18,2068.38,2400.31,1.1605,6.0
MC-11620,2024-04-25,MX,Guadalajara,Software Engineer,budget,Spanish,social_media,acquisition,169557,3080,153,3796.91,36421.59,9.5924,1.0
MC-11929,2024-04-25,GB,Glasgow,Researcher,premium,English,display,acquisition,31047,426,7,384.71,32957.97,85.6696,2.0
MC-12427,2024-04-25,GB,London,Data Scientist,budget,English,search,acquisition,13987,946,55,1561.52,10065.98,6.4463,7.0
MC-11920,2024-04-25,DE,Frankfurt,HR Manager,mid,German,social_media,acquisition,95890,2325,59,694.14,36630.94,52.7717,8.0
MC-10016,2024-04-25,US,Phoenix,Researcher,budget,English,social_media,retention,28562,441,23,3324.65,3154.05,0.9487,4.0
MC-10799,2024-04-25,US,Seattle,Sales Rep,budget,English,social_media,awareness,103490,2433,81,4916.06,9328.1,1.8975,1.0
MC-12841,2024-04-25,DE,Frankfurt,Sales Rep,mid,German,email,acquisition,236591,6524,439,10344.91,284923.25,27.5424,3.0
MC-12661,2024-04-25,MX,Guadalajara,Accountant,mid,Spanish,influencer,acquisition,30555,911,50,1514.69,36977.04,24.4123,5.0
MC-12145,2024-04-25,CA,Vancouver,Data Scientist,budget,English,social_media,acquisition,18012,295,21,1168.84,4850.82,4.1501,10.0
MC-10823,2024-04-25,US,Seattle,Sales Rep,premium,English,influencer,acquisition,20633,642,30,794.48,82950.12,104.4081,2.0
MC-11660,2024-04-25,US,Phoenix,Architect,mid,English,email,awareness,26409,893,30,1222.95,36202.6,29.6027,10.0
MC-12177,2024-04-25,US,Houston,Sales Rep,premium,English,influencer,acquisition,42168,1301,85,1890.22,285494.22,151.0376,3.0
MC-10708,2024-04-25,US,Phoenix,HR Manager,mid,English,social_media,acquisition,22407,405,29,2848.12,13373.04,4.6954,4.0
MC-11462,2024-04-25,GB,Leeds,Accountant,premium,English,search,retention,14439,1117,45,5007.47,185940.29,37.1326,10.0
MC-10248,2024-04-25,IN,Pune,Sales Rep,budget,Hindi,influencer,acquisition,108986,3430,188,4811.23,17586.47,3.6553,3.0
MC-12173,2024-04-25,MX,Mexico City,Accountant,budget,Spanish,social_media,retention,500000,7327,586,1099.72,98130.36,89.2321,8.0
MC-11907,2024-04-25,FR,Marseille,HR Manager,mid,French,social_media,acquisition,370347,8619,264,1171.06,132574.05,113.2086,5.0
MC-10913,2024-04-25,US,Seattle,Consultant,mid,English,social_media,awareness,500000,7752,529,3755.74,378470.35,100.7712,3.0
MC-12946,2024-04-26,US,Chicago,Teacher,premium,English,social_media,acquisition,354070,5470,119,5807.23,349507.19,60.1848,3.0
MC-11397,2024-04-26,US,Seattle,Product Manager,budget,English,display,acquisition,29244,308,5,1003.47,613.85,0.6117,5.0
MC-10349,2024-04-26,MX,Guadalajara,Teacher,budget,Spanish,social_media,acquisition,54652,1339,36,879.75,3976.13,4.5196,3.0
MC-10975,2024-04-26,US,Chicago,Architect,mid,English,social_media,acquisition,52262,1119,22,1489.05,20829.15,13.9882,2.0
MC-12583,2024-04-26,IN,Delhi,Software Engineer,budget,Hindi,display,retention,203913,2497,80,3268.93,18183.39,5.5625,4.0
MC-12913,2024-04-26,JP,Osaka,Architect,premium,Japanese,email,awareness,29626,921,66,1603.4,322542.44,201.1616,6.0
MC-12548,2024-04-26,NL,Amsterdam,Software Engineer,mid,Dutch,social_media,awareness,53917,1076,83,433.97,87729.02,202.1546,9.0
MC-11706,2024-04-26,US,Seattle,Consultant,mid,English,search,acquisition,203689,16887,742,2656.2,703041.9,264.6796,1.0
MC-11613,2024-04-26,CA,Montreal,Accountant,mid,English,social_media,acquisition,410852,10544,160,357.64,139551.8,390.2019,10.0
MC-12366,2024-04-26,SG,Singapore,HR Manager,budget,English,social_media,retention,189485,4566,163,1402.43,16670.85,11.8871,2.0
MC-10640,2024-04-26,US,Chicago,Accountant,mid,English,email,acquisition,10794,326,17,2408.89,12229.6,5.0769,5.0
MC-10800,2024-04-26,US,Houston,Writer,budget,English,social_media,retention,466807,7738,129,630.19,10978.26,17.4206,2.0
MC-11225,2024-04-26,US,Seattle,Designer,mid,English,display,awareness,57798,871,11,2303.77,5248.49,2.2782,7.0
MC-11580,2024-04-26,US,Phoenix,Product Manager,budget,English,search,acquisition,500000,44786,3099,3068.95,466478.81,151.9995,4.0
MC-12989,2024-04-26,CA,Calgary,Physician,budget,English,social_media,acquisition,500000,11174,378,1805.94,71699.45,39.702,10.0
MC-10376,2024-04-26,US,Phoenix,Writer,budget,English,email,acquisition,20769,589,29,682.49,2806.02,4.1114,6.0
MC-10595,2024-04-26,US,San Francisco,Teacher,mid,English,email,retention,165921,4073,127,1174.75,64691.5,55.0683,7.0
MC-10596,2024-04-26,BR,São Paulo,Accountant,mid,Portuguese,search,awareness,7959,480,27,9082.42,20544.72,2.262,10.0
MC-12739,2024-04-26,NL,Utrecht,Physician,mid,Dutch,email,acquisition,9772,347,9,775.41,10918.25,14.0806,5.0
MC-11932,2024-04-26,GB,London,Lawyer,premium,English,search,acquisition,86393,6722,441,607.71,2292123.26,3771.7386,6.0
MC-10424,2024-04-26,MX,Tijuana,Teacher,mid,Spanish,email,awareness,66767,1693,53,2459.69,31395.97,12.7642,10.0
MC-12750,2024-04-26,IN,Hyderabad,Architect,budget,Hindi,search,acquisition,15143,1000,52,520.86,10484.66,20.1295,9.0
MC-10867,2024-04-26,US,San Francisco,Architect,mid,English,influencer,retention,13348,266,5,675.0,5233.7,7.7536,9.0
MC-10023,2024-04-26,US,New York,Data Scientist,mid,English,social_media,awareness,500000,10312,659,4453.87,645871.23,145.0135,1.0
MC-11568,2024-04-26,ES,Barcelona,Designer,mid,Spanish,social_media,awareness,274290,4319,216,1253.31,122240.99,97.5345,2.0
MC-11243,2024-04-26,US,San Francisco,Writer,budget,English,influencer,acquisition,20367,437,23,27554.83,2624.28,0.0952,10.0
MC-12767,2024-04-26,DE,Berlin,Marketing Manager,budget,German,social_media,acquisition,105720,1812,130,1055.82,22318.07,21.1381,7.0
MC-12367,2024-04-26,NL,Amsterdam,Data Scientist,premium,Dutch,search,retention,23793,2262,166,4673.12,933420.0,199.7424,7.0
MC-12420,2024-04-26,IN,Mumbai,Software Engineer,mid,Hindi,email,acquisition,13393,371,25,1252.66,23611.62,18.8492,1.0
MC-11670,2024-04-26,GB,Glasgow,Marketing Manager,budget,English,social_media,acquisition,45297,998,56,3967.89,9850.84,2.4826,9.0
MC-12075,2024-04-26,MX,Monterrey,Sales Rep,budget,Spanish,email,re_engagement,22562,631,11,1067.11,1085.54,1.0173,1.0
MC-10571,2024-04-26,US,Houston,Teacher,premium,English,search,acquisition,25236,2147,139,623.76,364186.73,583.8571,3.0
MC-10804,2024-04-26,US,Seattle,Software Engineer,mid,English,social_media,awareness,55712,1208,20,8367.47,21305.74,2.5463,3.0
MC-10079,2024-04-26,GB,Bristol,Writer,mid,English,display,acquisition,94818,842,45,8218.11,20189.0,2.4566,4.0
MC-10859,2024-04-26,ZA,Johannesburg,Consultant,mid,Afrikaans,social_media,acquisition,397775,9079,458,9051.09,390360.73,43.1286,5.0
MC-12593,2024-04-26,GB,London,Consultant,premium,English,social_media,acquisition,148960,2356,44,1733.88,163181.32,94.1134,9.0
MC-10465,2024-04-26,GB,London,Software Engineer,premium,English,social_media,acquisition,23412,487,30,1627.1,193758.99,119.0824,7.0
MC-11168,2024-04-26,DE,Frankfurt,Accountant,budget,German,content_marketing,re_engagement,6152,126,3,2391.21,386.74,0.1617,9.0
MC-12491,2024-04-26,US,Seattle,Accountant,premium,English,email,re_engagement,5934,208,11,323.1,50726.73,157.0001,3.0
MC-11063,2024-04-26,IN,Hyderabad,Researcher,budget,Hindi,influencer,acquisition,132258,3623,198,1083.43,24769.61,22.8622,4.0
MC-11305,2024-04-26,GB,Glasgow,Software Engineer,premium,English,email,acquisition,4437,109,7,7190.54,39633.11,5.5118,
MC-10305,2024-04-26,IN,Mumbai,Accountant,mid,Hindi,influencer,acquisition,145994,3702,107,3805.33,92210.56,24.2319,2.0
MC-10270,2024-04-26,IN,Kolkata,Writer,mid,Hindi,social_media,acquisition,45982,979,25,765.68,15054.36,19.6614,6.0
MC-10539,2024-04-26,CA,Vancouver,Consultant,budget,English,search,acquisition,63343,3576,250,947.18,33449.03,35.3143,1.0
MC-10819,2024-04-26,IN,Kolkata,Writer,budget,Hindi,social_media,acquisition,191895,4116,231,1505.71,22695.3,15.0728,2.0
MC-12248,2024-04-26,DE,Berlin,Writer,mid,German,content_marketing,acquisition,18766,303,20,570.13,10625.87,18.6376,6.0
MC-12851,2024-04-26,NL,Rotterdam,Architect,mid,Dutch,social_media,awareness,43222,758,41,974.7,50381.66,51.6894,4.0
MC-12244,2024-04-26,GB,London,Teacher,mid,English,search,acquisition,110539,10122,626,5055.56,339870.0,67.227,2.0
MC-12681,2024-04-26,CA,Montreal,Marketing Manager,budget,English,search,acquisition,24821,2269,29,804.18,4811.05,5.9826,3.0
MC-12036,2024-04-26,US,New York,Teacher,premium,English,influencer,re_engagement,35638,809,57,2091.95,178166.5,85.1677,7.0
MC-12285,2024-04-27,ZA,Johannesburg,HR Manager,mid,Afrikaans,display,re_engagement,451182,4245,193,6497.03,112954.74,17.3856,7.0
MC-11151,2024-04-27,US,Los Angeles,Teacher,premium,English,content_marketing,re_engagement,8290,142,1,2124.0,3156.75,1.4862,7.0
MC-10340,2024-04-27,FR,Toulouse,Sales Rep,budget,French,email,retention,18471,521,25,1168.46,2658.43,2.2752,7.0
MC-11849,2024-04-27,US,Chicago,Writer,mid,English,display,re_engagement,26334,263,16,2796.08,8101.09,2.8973,5.0
MC-10155,2024-04-27,FR,Toulouse,Lawyer,mid,French,email,re_engagement,13674,447,16,1052.53,21284.82,20.2225,7.0
MC-10072,2024-04-27,FR,Nice,Lawyer,budget,French,email,re_engagement,35497,758,14,11466.86,3133.2,0.2732,8.0
MC-11602,2024-04-27,US,New York,Data Scientist,mid,English,search,awareness,10166,881,51,2391.04,63618.64,26.6071,10.0
MC-10313,2024-04-27,JP,Yokohama,Accountant,budget,Japanese,influencer,acquisition,139833,3214,249,3813.63,40500.25,10.6199,1.0
MC-12890,2024-04-27,NL,The Hague,Software Engineer,mid,Dutch,email,awareness,1000,35,1,1719.73,986.59,0.5737,4.0
MC-12015,2024-04-27,US,Houston,Data Scientist,budget,English,email,retention,7604,241,19,2038.19,3791.31,1.8601,10.0
MC-11733,2024-04-28,NL,Utrecht,Researcher,mid,Dutch,search,re_engagement,4641,385,11,3633.8,9408.11,2.5891,10.0
MC-12385,2024-04-28,CA,Toronto,Software Engineer,mid,English,search,acquisition,500000,41033,2920,2738.81,3452042.43,1260.4169,9.0
MC-11917,2024-04-28,IN,Delhi,Architect,mid,Hindi,search,awareness,9366,531,41,4270.82,38267.47,8.9602,2.0
MC-12256,2024-04-28,CA,Ottawa,Accountant,mid,English,social_media,re_engagement,500000,10676,518,12222.83,492550.11,40.2976,3.0
MC-10160,2024-04-28,GB,Glasgow,Sales Rep,premium,English,influencer,acquisition,85813,1836,54,698.01,148244.52,212.3817,8.0
MC-12260,2024-04-28,IN,Chennai,Lawyer,premium,Hindi,email,retention,8114,252,12,1241.26,74442.45,59.9733,7.0
MC-12217,2024-04-28,US,Phoenix,Product Manager,premium,English,email,retention,38765,1163,34,662.9,138072.98,208.2863,1.0
MC-12723,2024-04-28,DE,Cologne,Software Engineer,premium,German,email,awareness,30446,708,31,7246.94,198064.96,27.3308,5.0
MC-11253,2024-04-28,DE,Cologne,Lawyer,mid,German,email,awareness,10729,279,21,3717.42,27492.6,7.3956,4.0
MC-12398,2024-04-28,GB,Manchester,Software Engineer,mid,English,social_media,retention,71990,1162,29,4809.08,30490.45,6.3402,4.0
MC-11038,2024-04-28,FR,Bordeaux,Sales Rep,budget,French,social_media,retention,38262,836,22,21924.24,2008.56,0.0916,8.0
MC-11692,2024-04-28,US,Phoenix,Designer,mid,English,content_marketing,retention,35194,713,24,764.7,12210.67,15.9679,6.0
MC-11504,2024-04-28,US,New York,Designer,budget,English,search,awareness,176626,12646,503,2607.51,45418.38,17.4183,8.0
MC-10711,2024-04-28,IN,Mumbai,Accountant,premium,Hindi,email,acquisition,44795,1653,107,2220.98,409885.15,184.5515,4.0
MC-11277,2024-04-28,IL,Tel Aviv,Marketing Manager,budget,Hebrew,content_marketing,retention,6426,144,7,336.34,1099.97,3.2704,5.0
MC-10325,2024-04-28,GB,London,Data Scientist,premium,English,email,acquisition,16635,497,36,7698.49,211895.59,27.5243,4.0
MC-11507,2024-04-28,GB,Manchester,Teacher,mid,English,search,acquisition,83125,6080,477,13291.08,236054.61,17.7604,
MC-10664,2024-04-28,GB,Bristol,Researcher,mid,English,display,acquisition,124206,1654,119,654.57,88869.93,135.7684,7.0
MC-10469,2024-04-28,US,Houston,Accountant,mid,English,content_marketing,retention,7636,115,8,280.87,5224.13,18.5998,
MC-12306,2024-04-29,US,Phoenix,Lawyer,mid,English,social_media,retention,26195,675,35,1116.89,40828.6,36.5556,7.0
MC-10272,2024-04-29,US,San Francisco,Product Manager,budget,English,email,retention,5296,133,9,821.64,1500.86,1.8267,2.0
MC-10959,2024-04-29,IN,Chennai,HR Manager,premium,Hindi,email,retention,8361,275,11,2752.99,35825.29,13.0132,9.0
MC-11870,2024-04-29,US,Phoenix,Lawyer,premium,English,email,retention,32420,686,46,1477.81,258497.88,174.9196,4.0
MC-10536,2024-04-29,FR,Paris,HR Manager,budget,French,email,acquisition,23923,635,25,796.79,3031.94,3.8052,3.0
MC-10474,2024-04-29,US,Chicago,Designer,premium,English,social_media,retention,89460,2180,146,1962.12,385301.0,196.3697,
MC-10490,2024-04-29,US,Houston,Sales Rep,budget,English,email,re_engagement,67257,1977,51,856.08,4475.12,5.2275,1.0
MC-11451,2024-04-29,IN,Pune,Data Scientist,budget,Hindi,social_media,acquisition,80087,1474,54,3695.45,9395.63,2.5425,1.0
MC-11167,2024-04-29,GB,Manchester,HR Manager,budget,English,content_marketing,acquisition,10365,135,1,2441.21,93.99,0.0385,10.0
MC-12883,2024-04-29,SG,Singapore,Consultant,mid,English,social_media,retention,14142,262,18,32084.25,12187.09,0.3798,7.0
MC-12290,2024-04-29,US,Houston,Sales Rep,mid,English,search,acquisition,48638,2764,220,721.9,138074.66,191.2656,3.0
MC-11900,2024-04-29,US,Los Angeles,Sales Rep,mid,English,social_media,re_engagement,34292,551,29,3946.01,17569.98,4.4526,10.0
MC-12251,2024-04-29,US,Los Angeles,Consultant,budget,English,content_marketing,awareness,7103,93,6,528.69,1050.39,1.9868,4.0
MC-11396,2024-04-29,US,New York,Researcher,budget,English,content_marketing,retention,17270,327,9,3841.2,1285.67,0.3347,7.0
MC-10523,2024-04-29,BR,Rio de Janeiro,Marketing Manager,mid,Portuguese,search,acquisition,26135,1961,139,3754.22,124310.77,33.1123,5.0
MC-10700,2024-04-29,FR,Lyon,HR Manager,budget,French,social_media,acquisition,237497,5736,112,3433.19,12730.56,3.7081,9.0
MC-12708,2024-04-29,FR,Paris,Sales Rep,budget,French,display,acquisition,291651,3648,225,1777.79,25537.98,14.365,10.0
MC-11666,2024-04-29,US,San Francisco,Lawyer,mid,English,email,acquisition,33579,1139,80,1668.81,91471.58,54.8125,3.0
MC-11341,2024-04-29,SG,Singapore,Marketing Manager,mid,English,email,acquisition,63298,2241,88,35110.76,66781.91,1.902,9.0
MC-10178,2024-04-29,IN,Pune,Physician,mid,Hindi,content_marketing,acquisition,13092,195,14,2419.15,14934.87,6.1736,7.0
MC-11780,2024-04-29,US,Houston,Designer,mid,English,search,awareness,34989,3319,255,5367.55,135696.32,25.2809,4.0
MC-11295,2024-04-29,IL,Haifa,Product Manager,premium,Hebrew,email,retention,49819,1656,30,16036.5,132744.18,8.2776,7.0
MC-10188,2024-04-29,US,Seattle,Physician,budget,English,social_media,re_engagement,227450,4940,336,253.12,64546.02,255.0017,3.0
MC-10733,2024-04-29,DE,Cologne,Sales Rep,mid,German,search,awareness,16165,1352,102,9241.83,66215.29,7.1647,3.0
MC-11571,2024-04-29,AU,Brisbane,Researcher,mid,English,influencer,acquisition,184683,3893,206,1466.41,177664.15,121.1559,8.0
MC-11232,2024-04-29,MX,Mexico City,Accountant,mid,Spanish,social_media,acquisition,97952,2184,169,2267.37,156343.52,68.9537,10.0
MC-11482,2024-04-29,US,Houston,Data Scientist,mid,English,email,acquisition,6841,229,6,1337.04,5452.63,4.0781,4.0
MC-11080,2024-04-29,FR,Bordeaux,Software Engineer,mid,French,search,acquisition,128389,9516,218,688.56,220192.69,319.7872,5.0
MC-11976,2024-04-29,US,Los Angeles,Software Engineer,mid,English,social_media,awareness,476700,8941,637,1056.33,624988.42,591.6602,7.0
MC-12181,2024-04-29,FR,Marseille,Marketing Manager,budget,French,social_media,awareness,61755,1283,31,1100.97,4233.6,3.8453,2.0
MC-12603,2024-04-29,IN,Bangalore,Marketing Manager,budget,Hindi,social_media,acquisition,43057,688,20,869.07,2423.87,2.789,
MC-11686,2024-04-29,US,Seattle,HR Manager,budget,English,search,acquisition,110405,9163,128,4500.0,14656.8,3.2571,2.0
MC-12205,2024-04-29,DE,Stuttgart,Marketing Manager,budget,German,email,awareness,74456,2700,69,1759.3,9270.17,5.2692,6.0
MC-10228,2024-04-29,IN,Kolkata,Consultant,premium,Hindi,search,retention,7346,429,8,2962.2,36011.09,12.1569,8.0
MC-11797,2024-04-29,CA,Montreal,Data Scientist,mid,English,social_media,re_engagement,114205,2699,134,13106.45,126073.68,9.6192,9.0
MC-12907,2024-04-29,US,Houston,Teacher,mid,English,search,acquisition,17561,1254,39,17397.31,25939.08,1.491,10.0
MC-11173,2024-04-29,FR,Marseille,Writer,budget,French,influencer,acquisition,37346,1106,56,297.02,5496.82,18.5066,7.0
MC-10806,2024-04-29,SG,Singapore,Researcher,mid,English,search,acquisition,35587,3160,144,5066.01,120170.32,23.7209,1.0
MC-12245,2024-04-29,MX,Mexico City,Physician,budget,Spanish,social_media,acquisition,500000,12907,129,1740.7,27080.5,15.5572,1.0
MC-11922,2024-04-29,GB,Leeds,Physician,budget,English,search,acquisition,70172,5257,174,1335.99,30353.52,22.7199,4.0
MC-11214,2024-04-29,IN,Kolkata,Sales Rep,budget,Hindi,search,retention,28532,1904,119,862.04,11914.23,13.821,7.0
MC-10719,2024-04-29,IN,Delhi,Architect,mid,Hindi,email,awareness,3464,130,7,3454.29,7727.97,2.2372,2.0
MC-12997,2024-04-30,ZA,Port Elizabeth,Designer,budget,Afrikaans,social_media,awareness,9325,161,3,1235.19,282.05,0.2283,8.0
MC-11656,2024-04-30,BR,São Paulo,Architect,budget,Portuguese,email,retention,12507,372,12,170.9,2853.58,16.6974,2.0
MC-11120,2024-04-30,US,San Francisco,Designer,budget,English,email,acquisition,14801,521,26,1135.7,3266.2,2.8759,6.0
MC-12378,2024-04-30,IN,Hyderabad,Product Manager,premium,Hindi,email,acquisition,5492,137,3,4104.47,14080.3,3.4305,4.0
MC-11188,2024-04-30,US,Chicago,Physician,premium,English,influencer,awareness,20336,391,17,4203.54,82304.47,19.5798,6.0
MC-11158,2024-04-30,US,Los Angeles,Marketing Manager,budget,English,email,acquisition,3747,131,8,3720.05,1351.87,0.3634,10.0
MC-10504,2024-04-30,US,New York,Researcher,budget,English,search,retention,14574,823,34,2798.85,4094.46,1.4629,9.0
MC-12270,2024-04-30,GB,Leeds,Researcher,mid,English,email,acquisition,6989,155,9,827.04,7619.65,9.2132,3.0
MC-11224,2024-04-30,DE,Munich,Marketing Manager,budget,German,social_media,awareness,362755,5710,116,2714.9,14188.28,5.2261,1.0
MC-10562,2024-04-30,GB,Bristol,Lawyer,mid,English,email,awareness,7382,159,6,832.21,8054.02,9.6779,1.0
MC-10569,2024-04-30,ZA,Durban,Designer,budget,Afrikaans,email,acquisition,33428,798,12,1115.09,1124.09,1.0081,10.0
MC-10578,2024-04-30,IN,Bangalore,Lawyer,mid,Hindi,influencer,awareness,24838,602,42,139.98,45407.21,324.3836,8.0
MC-12731,2024-04-30,US,Chicago,Architect,mid,English,social_media,retention,70642,1249,95,1674.68,88194.3,52.6634,10.0
MC-10205,2024-04-30,ZA,Johannesburg,Writer,premium,Afrikaans,social_media,awareness,121107,2590,202,2033.77,547917.22,269.4096,4.0
MC-10032,2024-04-30,MX,Mexico City,Researcher,mid,Spanish,display,acquisition,151227,1972,134,2213.62,110091.91,49.7339,4.0
MC-11537,2024-04-30,US,New York,Researcher,premium,English,search,acquisition,13016,988,72,978.3,236995.0,242.2519,10.0
MC-12788,2024-04-30,ES,Seville,Accountant,mid,Spanish,influencer,re_engagement,38158,874,20,1998.63,13946.89,6.9782,2.0
MC-12610,2024-04-30,ZA,Durban,Writer,premium,Afrikaans,influencer,acquisition,435153,12502,471,398.21,1242804.28,3120.9771,3.0
MC-10154,2024-04-30,IN,Kolkata,Data Scientist,mid,Hindi,email,awareness,57631,1846,145,1043.86,172538.11,165.2886,7.0
MC-12804,2024-04-30,US,New York,Writer,mid,English,social_media,acquisition,4415,86,6,462.3,2850.05,6.1649,10.0
MC-12529,2024-04-30,BR,Salvador,Product Manager,premium,Portuguese,influencer,awareness,40033,1001,48,1630.55,161103.94,98.8034,10.0
MC-12562,2024-04-30,DE,Stuttgart,Sales Rep,budget,German,social_media,acquisition,51862,867,60,3721.45,7124.87,1.9145,4.0
MC-11964,2024-04-30,IN,Bangalore,HR Manager,mid,Hindi,search,re_engagement,3076,287,13,526.07,6415.63,12.1954,10.0
MC-10788,2024-04-30,AU,Melbourne,Teacher,mid,English,search,retention,32811,1880,144,818.81,74368.42,90.825,5.0
MC-11940,2024-04-30,FR,Nice,Software Engineer,mid,French,social_media,acquisition,466812,9890,171,599.48,170693.12,284.7353,3.0
MC-11255,2024-04-30,GB,Glasgow,Marketing Manager,mid,English,email,acquisition,46541,1010,33,3753.23,30316.77,8.0775,6.0
MC-11260,2024-04-30,ZA,Johannesburg,Consultant,premium,Afrikaans,influencer,retention,63671,1886,49,2162.03,198926.86,92.0093,5.0
MC-11059,2024-04-30,US,Phoenix,Physician,premium,English,email,awareness,65913,1491,99,484.83,653291.25,1347.4646,8.0
MC-11874,2024-04-30,IN,Pune,Designer,budget,Hindi,search,acquisition,6629,511,23,1943.24,2804.16,1.443,6.0
MC-10070,2024-04-30,AU,Brisbane,Accountant,mid,English,display,acquisition,108024,1626,29,1945.86,25244.11,12.9732,8.0
MC-11769,2024-04-30,FR,Toulouse,Consultant,budget,French,email,awareness,5836,125,4,446.78,685.92,1.5353,9.0
MC-12935,2024-04-30,DE,Berlin,Teacher,mid,German,search,acquisition,43738,3443,184,879.96,97478.99,110.7766,5.0
MC-10049,2024-04-30,US,Los Angeles,Architect,budget,English,search,retention,25519,1933,87,291.65,19911.27,68.2711,4.0
MC-10341,2024-04-30,US,Seattle,Software Engineer,mid,English,email,retention,117554,3083,246,97.39,318341.11,3268.7248,10.0
MC-12468,2024-04-30,IN,Pune,Accountant,mid,Hindi,email,retention,23344,658,42,2322.02,30861.47,13.2908,4.0
MC-11043,2024-05-01,US,San Francisco,Architect,mid,English,content_marketing,acquisition,16622,275,17,2870.21,20798.13,7.2462,
MC-11242,2024-05-01,GB,Manchester,Writer,mid,English,email,retention,3146,84,3,1447.27,1464.1,1.0116,2.0
MC-11085,2024-05-01,IL,Haifa,Lawyer,mid,Hebrew,content_marketing,acquisition,15880,337,14,653.0,12969.7,19.8617,3.0
MC-11076,2024-05-01,CA,Montreal,Researcher,mid,English,email,retention,28448,951,58,6949.31,50945.15,7.331,
MC-11441,2024-05-01,MX,Guadalajara,Accountant,mid,Spanish,search,retention,2334,131,3,4775.93,2879.12,0.6028,9.0
MC-11391,2024-05-01,IN,Pune,Designer,premium,Hindi,search,acquisition,9420,571,43,5100.26,113222.44,22.1993,8.0
MC-11279,2024-05-01,US,New York,Teacher,mid,English,social_media,re_engagement,483817,7021,372,2385.43,226726.33,95.0463,7.0
MC-12412,2024-05-01,NL,The Hague,Consultant,budget,Dutch,social_media,retention,389565,6900,459,310.25,68562.77,220.992,7.0
MC-10139,2024-05-01,US,Los Angeles,Researcher,premium,English,email,awareness,3469,109,3,2596.09,10567.7,4.0706,5.0
MC-12519,2024-05-01,MX,Tijuana,Sales Rep,mid,Spanish,influencer,acquisition,71056,1726,119,801.15,79140.04,98.783,2.0
MC-10599,2024-05-01,DE,Stuttgart,Architect,premium,German,search,awareness,22064,1706,55,860.23,258392.23,300.3757,9.0
MC-10609,2024-05-01,GB,Glasgow,HR Manager,mid,English,search,retention,65148,4075,194,3168.14,126837.95,40.0355,7.0
MC-10621,2024-05-01,NL,Utrecht,Marketing Manager,mid,Dutch,social_media,retention,50875,1101,82,3108.89,57309.87,18.4342,4.0
MC-12826,2024-05-01,IL,Beer Sheva,Product Manager,budget,Hebrew,email,awareness,41540,1081,51,176.38,6738.93,38.2069,10.0
MC-12737,2024-05-01,SG,Singapore,Data Scientist,mid,English,social_media,retention,178207,3840,127,4864.43,164523.78,33.8218,3.0
MC-12923,2024-05-01,FR,Nice,Consultant,budget,French,content_marketing,acquisition,11704,267,3,799.74,446.65,0.5585,8.0
MC-10227,2024-05-01,US,Seattle,Data Scientist,premium,English,search,retention,4520,343,10,7149.92,46145.45,6.454,8.0
MC-10682,2024-05-01,IL,Tel Aviv,Architect,budget,Hebrew,social_media,retention,46315,875,19,4013.72,3290.24,0.8197,2.0
MC-12053,2024-05-01,FR,Toulouse,Physician,mid,French,social_media,acquisition,420490,8498,324,3353.39,409071.07,121.9873,9.0
MC-12048,2024-05-01,SG,Singapore,Architect,premium,English,social_media,acquisition,5787,82,5,3131.57,23403.05,7.4733,2.0
MC-10715,2024-05-01,GB,Birmingham,Consultant,mid,English,display,awareness,251337,2391,144,654.42,134773.44,205.9433,7.0
MC-10730,2024-05-01,FR,Marseille,Teacher,premium,French,social_media,acquisition,13997,335,7,1276.27,17882.35,14.0114,6.0
MC-12012,2024-05-01,US,Phoenix,Marketing Manager,mid,English,social_media,retention,208630,4778,290,701.47,188862.29,269.2379,6.0
MC-10299,2024-05-01,BR,Brasília,Architect,mid,Portuguese,search,re_engagement,7009,496,30,1177.8,33709.74,28.6209,8.0
MC-10845,2024-05-01,IN,Kolkata,HR Manager,budget,Hindi,social_media,acquisition,160045,3791,46,5389.28,4880.16,0.9055,1.0
MC-12222,2024-05-01,BR,São Paulo,Architect,budget,Portuguese,content_marketing,acquisition,2328,48,2,2410.9,426.81,0.177,9.0
MC-12216,2024-05-01,IL,Netanya,Consultant,mid,Hebrew,social_media,awareness,98425,2198,81,617.22,66172.95,107.2113,10.0
MC-10189,2024-05-01,US,Houston,Marketing Manager,mid,English,display,awareness,48765,639,14,2366.34,13390.2,5.6586,10.0
MC-10972,2024-05-01,DE,Cologne,Lawyer,mid,German,email,acquisition,25392,886,62,1387.93,56940.41,41.0254,2.0
MC-12790,2024-05-01,GB,Bristol,Accountant,mid,English,search,re_engagement,46371,2786,157,3594.11,107161.11,29.8158,8.0
MC-12671,2024-05-01,CA,Toronto,Teacher,mid,English,search,retention,97514,6726,179,661.52,80910.67,122.3102,7.0
MC-10447,2024-05-01,US,Houston,Accountant,budget,English,display,acquisition,500000,6781,435,15211.11,65377.31,4.298,4.0
MC-10519,2024-05-01,BR,Brasília,Software Engineer,premium,Portuguese,influencer,awareness,51800,977,51,1105.04,330625.28,299.1976,6.0
MC-10404,2024-05-01,MX,Guadalajara,HR Manager,premium,Spanish,search,awareness,27189,2629,185,1425.17,608854.58,427.2154,5.0
MC-12478,2024-05-01,MX,Tijuana,Researcher,budget,Spanish,email,re_engagement,38601,1323,47,1178.26,7013.59,5.9525,3.0
MC-12712,2024-05-01,US,San Francisco,Physician,budget,English,search,retention,42490,3324,105,193.78,22920.58,118.2815,2.0
MC-12426,2024-05-01,ZA,Pretoria,Teacher,budget,Afrikaans,email,retention,135643,3941,280,1150.56,31363.36,27.2592,2.0
MC-12021,2024-05-02,US,Chicago,Writer,budget,English,display,acquisition,41247,480,7,7884.95,777.27,0.0986,3.0
MC-12395,2024-05-02,IN,Chennai,Consultant,budget,Hindi,social_media,re_engagement,298022,6504,159,18678.76,20355.99,1.0898,
MC-12041,2024-05-02,GB,Manchester,Sales Rep,budget,English,search,re_engagement,76728,7128,298,2307.57,27180.19,11.7787,1.0
MC-12594,2024-05-02,DE,Munich,Researcher,mid,German,content_marketing,awareness,15426,347,5,2018.51,4555.19,2.2567,10.0
MC-11424,2024-05-02,US,Phoenix,Writer,mid,English,social_media,acquisition,50850,910,55,3712.55,25685.36,6.9185,1.0
MC-12606,2024-05-02,DE,Hamburg,Data Scientist,mid,German,search,acquisition,63181,5920,427,6318.64,406591.64,64.348,5.0
MC-10435,2024-05-02,US,Phoenix,Lawyer,mid,English,search,awareness,8853,539,13,9331.73,16015.4,1.7162,3.0
MC-11470,2024-05-02,IN,Hyderabad,Product Manager,mid,Hindi,search,acquisition,228283,18649,594,167639.19999999998,478270.05,2.853,2.0
MC-12345,2024-05-02,US,Houston,Marketing Manager,budget,English,influencer,acquisition,10207,182,8,1442.54,1128.47,0.7823,4.0
MC-10644,2024-05-02,DE,Munich,Researcher,budget,German,display,acquisition,500000,7065,95,744.32,11768.48,15.811,4.0
MC-12439,2024-05-02,US,Houston,Writer,mid,English,search,awareness,22985,1222,18,349.43,10968.51,31.3897,10.0
MC-12524,2024-05-02,US,Seattle,Teacher,mid,English,email,retention,1373,29,1,1780.11,666.45,0.3744,6.0
MC-12171,2024-05-02,AU,Sydney,Architect,premium,English,email,retention,61305,1456,100,2562.32,551156.59,215.1006,7.0
MC-12803,2024-05-02,GB,Leeds,Physician,budget,English,social_media,awareness,46237,890,30,2292.26,5366.97,2.3413,9.0
MC-12276,2024-05-02,JP,Osaka,Product Manager,mid,Japanese,search,acquisition,208910,13942,357,1857.25,255299.3,137.4609,4.0
MC-12265,2024-05-02,DE,Frankfurt,Marketing Manager,mid,German,influencer,retention,375868,7563,507,4920.12,420210.84,85.4066,9.0
MC-11967,2024-05-02,CA,Toronto,Marketing Manager,mid,English,search,re_engagement,61681,5457,179,452.07,166763.69,368.8891,5.0
MC-10573,2024-05-02,IN,Kolkata,Accountant,mid,Hindi,email,awareness,21450,749,26,790.13,19941.02,25.2376,4.0
MC-10356,2024-05-02,US,Seattle,Marketing Manager,budget,English,search,re_engagement,52717,3783,268,7763.3,45915.92,5.9145,10.0
MC-11463,2024-05-02,IN,Pune,Architect,mid,Hindi,search,retention,19709,1321,32,26330.01,30214.74,1.1475,9.0
MC-12229,2024-05-02,US,New York,Designer,mid,English,social_media,acquisition,109212,2405,73,1078.59,34741.35,32.21,6.0
MC-12231,2024-05-02,US,Houston,Writer,budget,English,email,acquisition,8194,294,7,955.8,700.55,0.7329,5.0
MC-11965,2024-05-02,AU,Brisbane,Accountant,mid,English,email,acquisition,7339,195,4,446.47,3698.53,8.2839,2.0
MC-10619,2024-05-02,AU,Melbourne,Data Scientist,budget,English,social_media,retention,500000,7296,105,2994.12,25374.89,8.4749,7.0
MC-11949,2024-05-02,GB,Manchester,Designer,mid,English,content_marketing,awareness,7743,159,12,859.51,7385.9,8.5932,5.0
MC-10935,2024-05-02,JP,Tokyo,Writer,budget,Japanese,social_media,retention,111415,1865,21,4216.53,1916.1,0.4544,6.0
MC-12642,2024-05-02,IN,Mumbai,Accountant,mid,Hindi,email,retention,61211,1669,76,15484.62,49205.41,3.1777,4.0
MC-11610,2024-05-02,AU,Perth,Writer,budget,English,social_media,acquisition,187587,3480,84,1407.04,9094.13,6.4633,
MC-11731,2024-05-02,IL,Haifa,Sales Rep,budget,Hebrew,display,acquisition,121350,1398,54,3713.88,6350.85,1.71,9.0
MC-11294,2024-05-02,US,Houston,Software Engineer,budget,English,search,acquisition,1433,129,8,7081.56,1821.96,0.2573,5.0
MC-10944,2024-05-02,US,Los Angeles,Architect,premium,English,email,acquisition,7693,170,5,917.17,29058.3,31.6826,5.0
MC-12634,2024-05-02,US,Chicago,Product Manager,premium,English,social_media,acquisition,82622,1489,61,7002.51,234401.16,33.4739,3.0
MC-11880,2024-05-02,ES,Seville,Lawyer,mid,Spanish,social_media,retention,33045,854,55,3344.91,58844.71,17.5923,1.0
MC-11889,2024-05-02,GB,Glasgow,Teacher,budget,English,search,re_engagement,88438,7677,257,2034.53,26142.74,12.8495,4.0
MC-11710,2024-05-02,GB,Leeds,Software Engineer,premium,English,email,awareness,9074,207,12,4462.53,64214.64,14.3897,9.0
MC-12902,2024-05-02,US,San Francisco,Data Scientist,mid,English,email,acquisition,12194,428,20,6590.5,18131.04,2.7511,10.0
MC-12927,2024-05-02,US,Seattle,Software Engineer,mid,English,social_media,awareness,118557,3036,94,987.06,102433.37,103.7762,5.0
MC-11707,2024-05-03,FR,Bordeaux,Software Engineer,mid,French,email,retention,31340,1191,87,3740.24,103750.61,27.739,
MC-11629,2024-05-03,US,Los Angeles,Physician,mid,English,search,retention,50022,4401,81,8713.76,80596.72,9.2494,7.0
MC-12132,2024-05-03,DE,Frankfurt,Lawyer,budget,German,search,re_engagement,39994,2698,110,753.59,27621.86,36.6537,5.0
MC-12827,2024-05-03,FR,Nice,Data Scientist,premium,French,email,acquisition,35651,921,56,733.33,269649.98,367.7062,1.0
MC-11851,2024-05-03,GB,Birmingham,Architect,mid,English,display,acquisition,500000,4841,308,5034.23,358719.72,71.2561,7.0
MC-12149,2024-05-03,US,Seattle,Physician,budget,English,email,re_engagement,5373,140,8,949.73,1781.61,1.8759,3.0
MC-10622,2024-05-03,IL,Beer Sheva,Designer,mid,Hebrew,email,awareness,5937,148,9,2563.39,4711.92,1.8382,5.0
MC-10452,2024-05-03,US,Seattle,HR Manager,premium,English,social_media,retention,31095,782,54,858.62,142112.72,165.5129,
MC-10362,2024-05-03,CA,Vancouver,Physician,mid,English,social_media,acquisition,81572,1174,16,1669.59,19130.92,11.4585,4.0
MC-10968,2024-05-03,IN,Mumbai,Architect,mid,Hindi,email,re_engagement,49986,1145,43,3381.73,57698.54,17.0618,1.0
MC-12944,2024-05-03,US,Houston,Physician,budget,English,social_media,awareness,315152,7720,336,157.28,61279.74,389.6219,8.0
MC-12387,2024-05-03,BR,Brasília,Physician,budget,Portuguese,email,awareness,12139,418,33,5819.42,6444.55,1.1074,7.0
MC-12672,2024-05-03,IN,Chennai,Physician,mid,Hindi,influencer,awareness,26715,787,10,543.28,12591.53,23.1769,2.0
MC-10077,2024-05-03,NL,Utrecht,Teacher,mid,Dutch,search,retention,24373,1722,21,2359.82,13807.6,5.8511,9.0
MC-11218,2024-05-03,US,Houston,Marketing Manager,budget,English,search,retention,153207,12816,686,1572.3,121819.28,77.4784,4.0
MC-11787,2024-05-03,SG,Singapore,Sales Rep,mid,English,display,awareness,295569,2556,153,392.17,70145.2,178.8643,5.0
MC-11352,2024-05-03,US,Chicago,Teacher,mid,English,email,re_engagement,5661,207,3,746.4,2005.41,2.6868,8.0
MC-11738,2024-05-03,IN,Chennai,Data Scientist,budget,Hindi,social_media,acquisition,146065,3701,193,2029.35,37561.04,18.5089,9.0
MC-11179,2024-05-03,GB,Birmingham,Teacher,premium,English,social_media,retention,151975,3371,53,5977.73,136870.44,22.8967,4.0
MC-12167,2024-05-03,US,Chicago,Accountant,mid,English,social_media,acquisition,140740,2230,68,2634.19,62429.41,23.6997,6.0
MC-10954,2024-05-03,IL,Jerusalem,Writer,budget,Hebrew,social_media,awareness,65985,945,37,2095.14,3573.48,1.7056,9.0
MC-11725,2024-05-03,US,San Francisco,Accountant,budget,English,display,acquisition,500000,5960,68,5600.58,11342.88,2.0253,1.0
MC-10661,2024-05-03,MX,Monterrey,Sales Rep,budget,Spanish,social_media,retention,10485,206,11,232.3,1059.5,4.5609,7.0
MC-10220,2024-05-03,US,Houston,Physician,budget,English,display,awareness,79035,738,33,681.18,8219.82,12.067,9.0
MC-12901,2024-05-03,BR,Rio de Janeiro,Marketing Manager,budget,Portuguese,email,awareness,5827,136,10,24024.42,1604.48,0.0668,8.0
MC-10483,2024-05-03,FR,Toulouse,Sales Rep,mid,French,email,acquisition,20701,514,22,1438.14,11511.3,8.0043,3.0
MC-10699,2024-05-03,JP,Tokyo,Marketing Manager,budget,Japanese,social_media,re_engagement,326735,7991,286,3877.38,44716.38,11.5326,6.0
MC-10693,2024-05-03,NL,Utrecht,Writer,premium,Dutch,social_media,retention,45905,1113,67,13671.21,207486.18,15.1769,8.0
MC-10171,2024-05-03,BR,Fortaleza,Physician,budget,Portuguese,search,awareness,72971,6572,87,3085.46,18221.87,5.9057,3.0
MC-12332,2024-05-03,US,Phoenix,Architect,premium,English,email,acquisition,12527,448,22,1119.84,108410.31,96.8087,6.0
MC-11550,2024-05-03,US,Phoenix,Product Manager,premium,English,search,awareness,27502,1495,69,5288.11,242795.88,45.9135,7.0
MC-12898,2024-05-03,JP,Nagoya,Lawyer,mid,Japanese,social_media,acquisition,44537,734,36,2623.2,47150.05,17.9742,2.0
MC-11452,2024-05-03,MX,Guadalajara,Physician,premium,Spanish,content_marketing,acquisition,24168,557,16,1712.91,81203.77,47.4069,4.0
MC-12292,2024-05-03,ES,Barcelona,HR Manager,budget,Spanish,social_media,awareness,42192,1063,11,690.78,1115.59,1.615,6.0
MC-10107,2024-05-03,US,Seattle,Marketing Manager,mid,English,social_media,acquisition,59240,1282,98,1615.13,85877.25,53.1705,1.0
MC-11538,2024-05-03,DE,Hamburg,Accountant,mid,German,email,retention,32409,873,24,1498.28,18152.12,12.1153,5.0
MC-11286,2024-05-03,US,Houston,Teacher,mid,English,content_marketing,awareness,276108,4845,255,544.53,150278.55,275.9785,4.0
MC-11473,2024-05-03,US,Phoenix,Data Scientist,budget,English,email,acquisition,23192,748,8,397.27,1386.88,3.491,7.0
MC-12938,2024-05-03,IN,Kolkata,Accountant,mid,Hindi,email,retention,2009,42,0,3857.15,0.0,0.0,5.0
MC-10147,2024-05-03,NL,The Hague,Marketing Manager,mid,Dutch,email,awareness,2455,70,1,2629.86,947.83,0.3604,5.0
MC-10982,2024-05-04,US,San Francisco,Lawyer,budget,English,influencer,acquisition,86650,2639,189,675.09,37249.08,55.1765,10.0
MC-12374,2024-05-04,US,Seattle,Consultant,premium,English,email,retention,6965,174,2,327.77,9347.99,28.52,
MC-11732,2024-05-04,US,Seattle,Writer,mid,English,email,awareness,4933,139,11,193.39,5715.69,29.5553,4.0
MC-12770,2024-05-04,CA,Vancouver,Teacher,mid,English,social_media,retention,221720,3518,222,378.68,139241.39,367.702,6.0
MC-12305,2024-05-04,DE,Munich,Sales Rep,premium,German,social_media,retention,70147,1607,59,425.87,148036.63,347.6099,3.0
MC-11163,2024-05-04,DE,Berlin,Designer,mid,German,email,awareness,84029,2103,72,1712.85,47297.25,27.6132,3.0
MC-12570,2024-05-04,GB,Leeds,Data Scientist,mid,English,influencer,retention,232808,7471,469,5189.11,612688.66,118.072,
MC-10798,2024-05-04,US,Houston,Writer,mid,English,display,awareness,139605,1318,67,2495.36,37058.35,14.8509,9.0
MC-12658,2024-05-04,AU,Adelaide,Sales Rep,mid,English,email,acquisition,119396,3868,122,933.7,70319.09,75.3123,4.0
MC-11491,2024-05-04,DE,Berlin,Writer,mid,German,social_media,acquisition,66440,1511,120,675.54,62340.8,92.2829,10.0
MC-10813,2024-05-04,US,Los Angeles,Software Engineer,premium,English,influencer,retention,50419,1407,30,3555.09,196906.5,55.3872,4.0
MC-10650,2024-05-04,DE,Munich,Architect,premium,German,social_media,awareness,67390,1590,73,855.78,337625.97,394.5243,7.0
MC-11936,2024-05-04,BR,Salvador,Software Engineer,mid,Portuguese,email,retention,20798,751,46,1062.81,48860.02,45.9725,5.0
MC-10839,2024-05-04,IN,Kolkata,Architect,mid,Hindi,email,re_engagement,12477,360,7,319.53,9353.3,29.2721,6.0
MC-10678,2024-05-04,IN,Delhi,Designer,mid,Hindi,search,awareness,10113,565,14,12833.96,8360.95,0.6515,1.0
MC-12885,2024-05-04,GB,Manchester,Accountant,mid,English,search,awareness,31132,1780,82,21757.6,54299.46,2.4957,2.0
MC-10287,2024-05-04,IN,Kolkata,Physician,premium,Hindi,email,retention,6955,225,15,2272.18,73543.75,32.367,5.0
MC-11702,2024-05-05,JP,Osaka,Accountant,mid,Japanese,content_marketing,retention,21987,409,28,327.87,19903.24,60.7047,3.0
MC-12028,2024-05-05,CA,Calgary,Teacher,mid,English,social_media,retention,95295,1843,98,782.7,58085.36,74.2115,8.0
MC-10746,2024-05-05,DE,Frankfurt,Designer,budget,German,influencer,retention,58132,1088,75,477.87,6376.38,13.3433,3.0
MC-11981,2024-05-05,US,Houston,Accountant,mid,English,influencer,retention,53415,1205,67,1651.15,58139.07,35.2113,4.0
MC-11472,2024-05-05,ES,Barcelona,Marketing Manager,mid,Spanish,display,retention,43290,464,5,251.64,4139.01,16.4481,6.0
MC-10996,2024-05-05,IN,Kolkata,Marketing Manager,premium,Hindi,social_media,awareness,12927,223,15,508.48,65904.74,129.6113,8.0
MC-12920,2024-05-05,GB,Glasgow,Marketing Manager,mid,English,social_media,re_engagement,259517,3867,186,267.35,170559.52,637.9634,1.0
MC-10735,2024-05-05,CA,Vancouver,Architect,mid,English,social_media,awareness,44055,928,18,19970.19,17821.49,0.8924,6.0
MC-12464,2024-05-05,US,San Francisco,Consultant,budget,English,display,acquisition,10158,101,3,1749.68,503.87,0.288,2.0
MC-11315,2024-05-05,AU,Perth,Writer,budget,English,social_media,awareness,500000,11256,829,1112.08,90798.07,81.6471,10.0
MC-10108,2024-05-05,US,San Francisco,Physician,mid,English,search,awareness,2535,214,13,2449.29,13642.52,5.57,7.0
MC-12558,2024-05-05,DE,Stuttgart,Sales Rep,budget,German,social_media,awareness,17835,405,31,690.3,3294.69,4.7728,5.0
MC-10654,2024-05-05,GB,Manchester,Architect,budget,English,content_marketing,awareness,33478,651,16,890.65,3136.39,3.5215,6.0
MC-12469,2024-05-05,IN,Delhi,Lawyer,budget,Hindi,email,retention,30070,731,34,1550.93,8505.58,5.4842,1.0
MC-11979,2024-05-05,US,Seattle,HR Manager,mid,English,influencer,re_engagement,45703,1389,35,1279.49,22745.84,17.7773,1.0
MC-12527,2024-05-05,US,Chicago,Consultant,budget,English,email,awareness,50680,1480,19,1535.97,2841.69,1.8501,10.0
MC-11213,2024-05-05,US,Phoenix,Writer,budget,English,email,acquisition,5133,151,8,3001.51,760.19,0.2533,3.0
MC-12691,2024-05-05,MX,Mexico City,Lawyer,mid,Spanish,display,acquisition,79752,1153,33,1782.27,42183.46,23.6684,5.0
MC-10514,2024-05-05,US,Chicago,Lawyer,budget,English,social_media,acquisition,7237,134,8,712.11,1643.51,2.3079,10.0
MC-10428,2024-05-05,US,Los Angeles,Lawyer,budget,English,search,acquisition,5330,505,20,2769.44,3760.25,1.3578,1.0
MC-11345,2024-05-06,US,San Francisco,Designer,mid,English,email,awareness,15553,427,24,1785.25,11637.09,6.5185,4.0
MC-11220,2024-05-06,US,Los Angeles,Sales Rep,mid,English,social_media,acquisition,12625,225,17,955.33,10357.95,10.8423,5.0
MC-10351,2024-05-06,GB,London,HR Manager,budget,English,email,retention,2422,63,3,476.93,361.92,0.7589,1.0
MC-12621,2024-05-06,NL,Utrecht,Product Manager,mid,Dutch,email,re_engagement,6684,173,6,1935.11,4305.79,2.2251,6.0
MC-10307,2024-05-06,IN,Pune,HR Manager,budget,Hindi,email,retention,10001,312,17,597.87,1739.56,2.9096,3.0
MC-12571,2024-05-06,FR,Lyon,Product Manager,budget,French,email,retention,9977,217,4,1576.65,570.7,0.362,10.0
MC-10391,2024-05-06,US,Houston,Designer,mid,English,email,awareness,30734,879,23,4223.84,12244.05,2.8988,6.0
MC-12458,2024-05-06,NL,Rotterdam,Architect,budget,Dutch,social_media,awareness,46335,1136,41,9551.28,9514.38,0.9961,2.0
MC-11199,2024-05-06,DE,Berlin,Architect,premium,German,search,acquisition,27647,1496,51,2559.39,313194.4,122.3707,5.0
MC-10371,2024-05-06,BR,Fortaleza,Software Engineer,mid,Portuguese,content_marketing,re_engagement,500000,10935,609,1174.34,798590.15,680.0332,
MC-10294,2024-05-06,CA,Calgary,HR Manager,premium,English,display,re_engagement,140307,1797,18,906.84,45550.24,50.2296,1.0
MC-12653,2024-05-06,AU,Melbourne,Accountant,mid,English,display,retention,36897,565,40,2761.24,32316.61,11.7037,2.0
MC-13000,2024-05-06,US,Phoenix,Designer,premium,English,content_marketing,awareness,18890,415,13,960.43,38306.52,39.8848,9.0
MC-11234,2024-05-06,US,Chicago,Accountant,mid,English,social_media,acquisition,294612,7473,294,750.72,210160.75,279.9456,10.0
MC-12896,2024-05-06,IN,Hyderabad,HR Manager,mid,Hindi,search,acquisition,143390,13920,796,14543.76,480575.14,33.0434,9.0
MC-12018,2024-05-06,GB,Glasgow,Data Scientist,premium,English,email,acquisition,16876,538,19,4331.19,124992.8,28.8588,1.0
MC-11984,2024-05-06,SG,Singapore,Lawyer,budget,English,social_media,awareness,338662,6275,119,6901.65,25705.41,3.7245,6.0
MC-10789,2024-05-06,US,Seattle,Software Engineer,premium,English,influencer,retention,5731,153,11,1811.98,63212.64,34.8859,1.0
MC-11934,2024-05-06,CA,Montreal,Lawyer,budget,English,social_media,acquisition,137972,2935,216,1243.48,37380.11,30.0609,6.0
MC-10076,2024-05-06,IN,Pune,Writer,mid,Hindi,email,acquisition,5954,166,2,1032.37,1163.94,1.1274,3.0
MC-10818,2024-05-06,DE,Hamburg,Designer,budget,German,social_media,acquisition,173387,3024,157,960.54,14840.93,15.4506,7.0
MC-11862,2024-05-06,US,Chicago,Lawyer,budget,English,email,retention,60715,2225,24,1472.0,4209.02,2.8594,1.0
MC-10191,2024-05-06,US,Chicago,Software Engineer,mid,English,social_media,acquisition,500000,12051,195,1919.61,242633.52,126.3973,
MC-11840,2024-05-06,DE,Berlin,Data Scientist,mid,German,display,retention,87630,1222,21,5801.87,26314.08,4.5354,6.0
MC-11796,2024-05-06,BR,Salvador,Researcher,budget,Portuguese,email,re_engagement,49941,1393,37,4962.21,5681.29,1.1449,6.0
MC-11789,2024-05-06,ES,Barcelona,Researcher,budget,Spanish,social_media,re_engagement,228060,5330,72,2841.34,10665.1,3.7535,9.0
MC-11774,2024-05-06,FR,Bordeaux,Architect,budget,French,social_media,acquisition,308935,7957,318,6281.62,66905.73,10.651,4.0
MC-11044,2024-05-06,GB,Leeds,Researcher,premium,English,search,acquisition,61407,4456,227,1727.39,845791.55,489.6355,3.0
MC-11030,2024-05-06,IL,Jerusalem,Lawyer,budget,Hebrew,email,acquisition,21419,776,8,619.77,1906.12,3.0755,10.0
MC-11640,2024-05-06,US,New York,Physician,mid,English,social_media,acquisition,115282,1768,140,8671.35,153330.47,17.6824,4.0
MC-12986,2024-05-06,US,Los Angeles,Teacher,mid,English,content_marketing,awareness,186040,3841,189,264.83,122095.3,461.0327,9.0
MC-12996,2024-05-06,IN,Hyderabad,Lawyer,budget,Hindi,display,acquisition,62205,691,36,2505.55,6840.37,2.7301,
MC-11826,2024-05-06,IN,Delhi,Marketing Manager,premium,Hindi,search,retention,8690,555,38,1524.3,163615.93,107.3384,10.0
MC-12054,2024-05-06,FR,Marseille,Writer,premium,French,social_media,awareness,73320,1433,95,2089.01,227494.27,108.9005,10.0
MC-11091,2024-05-06,US,Seattle,Accountant,budget,English,search,awareness,31366,2616,208,3199.26,33958.54,10.6145,4.0
MC-12096,2024-05-06,BR,Brasília,Lawyer,budget,Portuguese,search,acquisition,52473,3460,257,1655.19,54221.13,32.7583,6.0
MC-10430,2024-05-06,ZA,Durban,Product Manager,budget,Afrikaans,content_marketing,acquisition,36108,585,35,1698.99,4316.96,2.5409,2.0
MC-12351,2024-05-06,IN,Delhi,Architect,mid,Hindi,email,retention,114565,3803,260,15306.57,233738.7,15.2705,8.0
MC-12792,2024-05-06,MX,Puebla,Writer,mid,Spanish,email,retention,184875,5696,300,1033.52,173532.56,167.9044,4.0
MC-10158,2024-05-06,GB,Manchester,HR Manager,budget,English,influencer,acquisition,83502,1918,126,692.76,15134.48,21.8466,3.0
MC-10515,2024-05-06,IN,Delhi,Architect,budget,Hindi,social_media,awareness,108310,1682,109,11460.74,18895.97,1.6488,4.0
MC-12802,2024-05-06,IL,Jerusalem,Product Manager,mid,Hebrew,social_media,retention,159470,2899,76,1108.28,72828.75,65.7133,7.0
MC-10143,2024-05-06,US,Chicago,Physician,budget,English,email,acquisition,18325,577,6,6909.85,1442.1,0.2087,1.0
MC-11144,2024-05-06,JP,Sapporo,Writer,budget,Japanese,display,acquisition,35895,384,8,1165.18,849.07,0.7287,8.0
MC-12076,2024-05-06,US,New York,Designer,premium,English,influencer,acquisition,28936,567,8,521.17,22043.16,42.2955,2.0
MC-12812,2024-05-06,US,Phoenix,Consultant,mid,English,social_media,acquisition,299985,5841,228,848.28,218809.43,257.9448,7.0
MC-11474,2024-05-06,IN,Hyderabad,Accountant,premium,Hindi,email,awareness,26933,898,51,5085.13,226531.84,44.5479,8.0
MC-10590,2024-05-06,US,Chicago,HR Manager,mid,English,email,retention,15259,435,32,330.21,18745.71,56.7691,1.0
MC-12824,2024-05-06,IN,Bangalore,Lawyer,premium,Hindi,search,retention,15085,1367,40,1800.14,263186.56,146.2034,4.0
MC-10129,2024-05-06,NL,Amsterdam,Teacher,budget,Dutch,influencer,awareness,32266,959,41,6530.49,4210.82,0.6448,5.0
MC-10663,2024-05-06,US,Los Angeles,Software Engineer,budget,English,email,retention,4998,131,8,2213.56,1821.0,0.8227,7.0
MC-10553,2024-05-06,DE,Stuttgart,Designer,premium,German,display,retention,500000,5943,372,2256.27,952251.41,422.0467,10.0
MC-10241,2024-05-06,US,Phoenix,Data Scientist,mid,English,email,retention,72814,2425,76,2129.51,79514.18,37.3392,3.0
MC-10061,2024-05-07,BR,Rio de Janeiro,Consultant,budget,Portuguese,email,acquisition,14758,557,31,133.43,4693.51,35.1758,2.0
MC-12820,2024-05-07,IN,Mumbai,Data Scientist,budget,Hindi,email,acquisition,223166,6763,79,701.11,15368.08,21.9196,9.0
MC-12837,2024-05-07,GB,Bristol,Physician,premium,English,search,awareness,10239,592,19,6384.67,116399.7,18.2311,6.0
MC-12776,2024-05-07,NL,Eindhoven,Marketing Manager,budget,Dutch,search,awareness,13696,1243,85,939.36,14197.58,15.1141,5.0
MC-12721,2024-05-07,DE,Cologne,Designer,mid,German,influencer,awareness,415933,12831,471,2782.08,272884.34,98.0864,1.0
MC-10521,2024-05-07,IN,Hyderabad,Marketing Manager,premium,Hindi,social_media,acquisition,13640,278,21,18235.24,76949.48,4.2198,1.0
MC-12662,2024-05-07,US,Houston,Physician,mid,English,influencer,awareness,82339,2563,60,1270.16,74761.25,58.8597,8.0
MC-10529,2024-05-07,US,Phoenix,Architect,premium,English,social_media,acquisition,55927,1365,90,1292.4,591883.02,457.972,
MC-12259,2024-05-07,ZA,Pretoria,Accountant,mid,Afrikaans,social_media,awareness,19067,336,7,477.72,4575.88,9.5786,6.0
MC-12200,2024-05-07,IN,Bangalore,Lawyer,premium,Hindi,email,retention,6624,169,12,9830.24,73431.3,7.4699,4.0
MC-10591,2024-05-07,US,Seattle,Software Engineer,mid,English,social_media,acquisition,272877,5639,443,841.19,550279.85,654.1683,1.0
MC-11493,2024-05-07,DE,Hamburg,HR Manager,budget,German,content_marketing,re_engagement,8293,184,14,1324.84,1504.67,1.1357,9.0
MC-10632,2024-05-07,US,Phoenix,Data Scientist,budget,English,email,retention,88926,1994,131,2933.54,25018.91,8.5286,5.0
MC-10809,2024-05-07,JP,Sapporo,Marketing Manager,mid,Japanese,social_media,retention,341872,5793,359,636.61,327907.63,515.084,8.0
MC-12677,2024-05-07,US,New York,Teacher,budget,English,email,awareness,22648,557,37,44168.4,3625.67,0.0821,1.0
MC-10660,2024-05-07,DE,Cologne,Architect,mid,German,social_media,acquisition,2953200,62978,1753,4717.86,2300604.7,487.6373,7.0
MC-11893,2024-05-07,GB,Birmingham,HR Manager,budget,English,content_marketing,acquisition,37228,784,60,7339.84,6263.42,0.8533,1.0
MC-11544,2024-05-07,US,Phoenix,Consultant,mid,English,search,acquisition,79457,5481,187,304.85,146609.68,480.924,1.0
MC-10714,2024-05-07,DE,Frankfurt,Product Manager,premium,German,content_marketing,awareness,5608,129,5,19469.61,22675.96,1.1647,5.0
MC-10724,2024-05-07,IN,Pune,HR Manager,budget,Hindi,email,re_engagement,6374,189,6,1754.21,729.3,0.4157,8.0
MC-11075,2024-05-07,IL,Tel Aviv,Sales Rep,budget,Hebrew,social_media,retention,85082,1738,31,719.1,3052.66,4.2451,6.0
MC-12130,2024-05-07,GB,Manchester,Teacher,budget,English,content_marketing,retention,14576,216,13,650.65,1434.27,2.2044,5.0
MC-10524,2024-05-07,IN,Chennai,Physician,mid,Hindi,email,re_engagement,2868,92,3,3542.17,3796.7,1.0719,
MC-11901,2024-05-07,FR,Paris,Product Manager,mid,French,social_media,acquisition,24440,473,15,675.5,12959.03,19.1844,3.0
MC-12291,2024-05-07,IN,Delhi,Sales Rep,mid,Hindi,social_media,acquisition,452202,11296,734,2460.38,372021.02,151.2047,5.0
MC-11675,2024-05-07,ES,Madrid,Consultant,budget,Spanish,email,retention,2722,98,0,504.37,0.0,0.0,3.0
MC-10308,2024-05-07,US,Seattle,Product Manager,budget,English,search,retention,60017,5445,98,220.15,13044.64,59.2534,3.0
MC-12418,2024-05-07,US,New York,Physician,mid,English,social_media,acquisition,30387,666,20,1547.61,22830.68,14.7522,
MC-11021,2024-05-07,IN,Pune,Product Manager,mid,Hindi,social_media,retention,365115,5217,373,1367.13,354061.05,258.9813,9.0
MC-10429,2024-05-07,US,San Francisco,Lawyer,budget,English,email,acquisition,12032,423,31,3006.09,7524.73,2.5032,10.0
MC-11176,2024-05-07,IN,Kolkata,Product Manager,mid,Hindi,search,acquisition,405720,25170,1652,4696.55,1169676.84,249.0502,3.0
MC-11036,2024-05-07,ZA,Pretoria,Sales Rep,premium,Afrikaans,email,re_engagement,50056,1701,23,2210.0,74062.78,33.5126,8.0
MC-10468,2024-05-07,ZA,Johannesburg,Lawyer,budget,Afrikaans,email,retention,121727,2638,42,1488.54,9281.7,6.2354,2.0
MC-11440,2024-05-07,MX,Guadalajara,Physician,budget,Spanish,email,acquisition,3206,88,5,1855.91,1209.99,0.652,3.0
MC-10937,2024-05-07,US,Chicago,Marketing Manager,mid,English,social_media,re_engagement,151237,3748,193,2879.69,167501.31,58.1664,7.0
MC-12381,2024-05-07,ZA,Cape Town,Lawyer,mid,Afrikaans,social_media,retention,167590,2830,186,11499.19,206778.04,17.982,9.0
MC-11293,2024-05-08,MX,Mexico City,Consultant,mid,Spanish,display,acquisition,142362,1716,121,208.54,81895.4,392.7084,5.0
MC-11650,2024-05-08,IN,Pune,Software Engineer,mid,Hindi,email,retention,8444,259,6,916.35,5418.34,5.913,8.0
MC-11836,2024-05-08,IN,Kolkata,Architect,mid,Hindi,email,retention,5501,179,8,2848.96,10675.09,3.747,9.0
MC-11885,2024-05-08,US,San Francisco,Marketing Manager,mid,English,social_media,retention,26232,483,11,2607.34,9751.8,3.7401,10.0
MC-12960,2024-05-08,GB,Birmingham,Lawyer,budget,English,search,retention,67712,6382,93,7451.18,15719.43,2.1097,7.0
MC-11677,2024-05-08,US,Phoenix,Writer,premium,English,social_media,awareness,12825,215,2,677.5,5652.34,8.3429,2.0
MC-11714,2024-05-08,US,Seattle,Designer,premium,English,content_marketing,acquisition,50809,932,30,306.22,73342.44,239.509,1.0
MC-11763,2024-05-08,US,San Francisco,Architect,budget,English,influencer,acquisition,5439,135,6,764.8,1192.86,1.5597,10.0
MC-12830,2024-05-08,ES,Barcelona,Designer,mid,Spanish,social_media,retention,15940,256,9,1296.66,4801.98,3.7033,7.0
MC-12085,2024-05-08,BR,Brasília,HR Manager,premium,Portuguese,email,retention,7980,173,10,1903.43,31584.45,16.5934,7.0
MC-12101,2024-05-08,MX,Mexico City,Researcher,mid,Spanish,influencer,acquisition,40125,858,61,187.53,52307.3,278.9276,9.0
MC-12103,2024-05-08,GB,London,Software Engineer,budget,English,email,acquisition,49756,1053,64,1800.79,12218.15,6.7849,10.0
MC-11505,2024-05-08,MX,Tijuana,Software Engineer,premium,Spanish,search,retention,38725,2470,39,2320.23,229022.85,98.707,4.0
MC-11456,2024-05-08,ES,Bilbao,Physician,mid,Spanish,email,awareness,32478,1035,78,393.08,96117.43,244.5238,6.0
MC-12307,2024-05-08,FR,Toulouse,Software Engineer,mid,French,search,acquisition,9304,868,67,778.07,76184.84,97.9151,9.0
MC-11445,2024-05-08,US,Chicago,Designer,budget,English,social_media,awareness,32420,550,23,634.85,2402.05,3.7836,7.0
MC-12370,2024-05-08,FR,Bordeaux,Teacher,mid,French,influencer,retention,25462,780,49,929.34,25423.44,27.3564,3.0
MC-12749,2024-05-08,US,Chicago,Physician,budget,English,social_media,retention,44012,634,7,1373.55,1215.8,0.8852,6.0
MC-12546,2024-05-08,IN,Kolkata,Designer,mid,Hindi,search,re_engagement,7849,429,27,1167.97,12218.44,10.4613,4.0
MC-12573,2024-05-08,DE,Berlin,Software Engineer,mid,German,influencer,re_engagement,104661,2625,199,1344.42,199109.81,148.1009,4.0
MC-11373,2024-05-08,US,New York,Consultant,budget,English,email,acquisition,13356,338,15,545.68,1991.04,3.6487,2.0
MC-11596,2024-05-08,GB,Bristol,Architect,budget,English,email,retention,7830,183,10,633.57,2337.3,3.6891,1.0
MC-11664,2024-05-08,ES,Valencia,HR Manager,premium,Spanish,email,awareness,335528,8935,143,698.59,365639.05,523.3958,1.0
MC-10001,2024-05-08,IN,Chennai,Data Scientist,budget,Hindi,social_media,acquisition,236072,5648,168,777.23,34109.39,43.8858,4.0
MC-10836,2024-05-08,US,Houston,Designer,budget,English,social_media,acquisition,327362,6270,375,4249.84,46292.59,10.8928,5.0
MC-10627,2024-05-08,BR,Salvador,Physician,budget,Portuguese,search,retention,52541,3355,164,1471.94,30866.51,20.97,2.0
MC-10488,2024-05-08,GB,Bristol,Physician,budget,English,search,awareness,13829,929,49,2000.14,9386.09,4.6927,1.0
MC-11185,2024-05-08,IN,Mumbai,Teacher,mid,Hindi,search,acquisition,15511,1189,25,578.52,16403.43,28.3541,2.0
MC-10841,2024-05-08,BR,Brasília,Software Engineer,mid,Portuguese,social_media,retention,125655,2720,43,1269.99,51222.48,40.333,2.0
MC-10501,2024-05-08,IN,Kolkata,Accountant,mid,Hindi,email,acquisition,6650,226,6,791.94,4249.61,5.3661,1.0
MC-10114,2024-05-08,US,Houston,Marketing Manager,premium,English,email,acquisition,24481,884,31,2144.19,146136.63,68.1547,2.0
MC-11259,2024-05-08,DE,Cologne,Designer,mid,German,email,acquisition,29781,1124,31,652.23,19315.67,29.6148,7.0
MC-10067,2024-05-08,MX,Puebla,Researcher,mid,Spanish,social_media,retention,151120,2701,143,1160.51,112030.98,96.536,2.0
MC-10279,2024-05-08,IN,Hyderabad,Consultant,budget,Hindi,email,acquisition,10621,254,15,1734.29,2480.93,1.4305,6.0
MC-10244,2024-05-08,IN,Hyderabad,Marketing Manager,budget,Hindi,search,retention,95093,5094,59,2241.62,7457.95,3.327,8.0
MC-11061,2024-05-08,US,Los Angeles,Software Engineer,mid,English,content_marketing,retention,94352,1588,104,1733.73,124687.67,71.9187,10.0
MC-10399,2024-05-08,SG,Singapore,Product Manager,premium,English,email,re_engagement,22391,849,37,960.5,154998.81,161.373,10.0
MC-10739,2024-05-08,GB,Bristol,Researcher,premium,English,display,acquisition,55194,802,34,16435.29,122884.52,7.4769,6.0
MC-10633,2024-05-08,IN,Pune,Accountant,premium,Hindi,content_marketing,retention,39185,725,40,547.1,171860.46,314.1299,6.0
MC-11154,2024-05-08,GB,London,Teacher,mid,English,content_marketing,acquisition,21594,340,23,2371.67,14061.04,5.9288,9.0
MC-11006,2024-05-08,GB,Birmingham,Writer,budget,English,social_media,acquisition,229105,3903,241,2194.92,20412.52,9.2999,8.0
MC-10864,2024-05-08,SG,Singapore,Architect,mid,English,search,acquisition,218667,18288,327,1801.11,398002.01,220.976,1.0
MC-10555,2024-05-08,GB,Glasgow,Physician,mid,English,influencer,re_engagement,33188,634,18,1192.35,21915.92,18.3804,7.0
MC-10538,2024-05-08,DE,Berlin,Data Scientist,mid,German,influencer,awareness,125643,2932,184,632.94,203357.28,321.29,6.0
MC-10126,2024-05-08,AU,Sydney,Product Manager,premium,English,display,acquisition,109986,1129,24,7662.31,81345.93,10.6164,9.0
MC-12604,2024-05-09,NL,Rotterdam,Data Scientist,premium,Dutch,social_media,awareness,59407,1237,24,787.46,121036.35,153.7048,10.0
MC-12953,2024-05-09,IN,Delhi,Architect,mid,Hindi,email,awareness,13768,535,26,1667.61,26363.95,15.8094,2.0
MC-10231,2024-05-09,IN,Delhi,Marketing Manager,premium,Hindi,social_media,re_engagement,500000,12748,347,442.01,1172061.71,2651.6633,7.0
MC-10124,2024-05-09,US,Los Angeles,Researcher,budget,English,email,acquisition,1000,35,1,1041.43,159.54,0.1532,2.0
MC-11783,2024-05-09,BR,Brasília,Designer,mid,Portuguese,social_media,acquisition,43952,729,40,4278.17,19365.51,4.5266,7.0
MC-11700,2024-05-09,US,Seattle,Designer,budget,English,search,acquisition,19060,1147,21,5829.04,2307.63,0.3959,3.0
MC-12113,2024-05-09,BR,São Paulo,Writer,premium,Portuguese,email,acquisition,26379,803,28,3021.26,84523.03,27.9761,3.0
MC-11148,2024-05-09,GB,Bristol,Software Engineer,mid,English,social_media,acquisition,77427,1728,73,2622.6,92217.63,35.1627,9.0
MC-12080,2024-05-09,US,Phoenix,Lawyer,premium,English,social_media,retention,68125,1195,53,2114.09,266005.92,125.8253,10.0
MC-12945,2024-05-09,US,New York,Architect,mid,English,social_media,re_engagement,152955,3187,240,1608.84,301530.61,187.4211,6.0
MC-12074,2024-05-09,GB,Manchester,Product Manager,mid,English,social_media,awareness,318790,7946,554,2373.59,398416.83,167.8541,9.0
MC-10837,2024-05-09,US,Seattle,Software Engineer,premium,English,social_media,re_engagement,102265,1737,57,1071.83,312121.68,291.2045,3.0
MC-12107,2024-05-09,US,New York,Teacher,mid,English,social_media,acquisition,199160,4630,287,8458.75,183839.8,21.7337,4.0
MC-10069,2024-05-09,IL,Jerusalem,Marketing Manager,budget,Hebrew,search,acquisition,13464,1257,70,3360.22,10450.49,3.1101,7.0
MC-10999,2024-05-09,ZA,Cape Town,Consultant,budget,Afrikaans,social_media,acquisition,33940,666,41,660.36,6153.22,9.318,1.0
MC-12070,2024-05-09,DE,Berlin,Writer,budget,German,social_media,acquisition,43087,629,20,750.29,1798.02,2.3964,6.0
MC-12599,2024-05-09,SG,Singapore,Software Engineer,mid,English,email,retention,18275,385,21,636.58,23335.78,36.658,9.0
MC-10363,2024-05-09,US,Seattle,Data Scientist,mid,English,social_media,awareness,35292,617,28,7781.02,28860.04,3.709,8.0
MC-12365,2024-05-09,FR,Nice,Researcher,premium,French,social_media,retention,332630,5418,150,2104.25,675741.99,321.132,5.0
MC-12854,2024-05-09,FR,Toulouse,Marketing Manager,mid,French,content_marketing,acquisition,16441,319,4,8712.86,3577.49,0.4106,1.0
MC-10626,2024-05-09,FR,Bordeaux,Software Engineer,budget,French,search,retention,10566,730,42,2444.67,8732.4,3.572,6.0
MC-11068,2024-05-09,ZA,Durban,Software Engineer,budget,Afrikaans,email,acquisition,23295,621,28,5939.44,4803.82,0.8088,7.0
MC-11197,2024-05-09,IN,Mumbai,Architect,premium,Hindi,email,acquisition,16051,564,22,300.82,105340.71,350.1785,7.0
MC-10180,2024-05-09,GB,Leeds,Product Manager,mid,English,influencer,retention,86776,2568,55,1060.49,46783.09,44.1146,8.0
MC-11872,2024-05-09,MX,Puebla,Teacher,premium,Spanish,content_marketing,retention,63232,1035,69,1595.68,174530.82,109.3771,3.0
MC-10084,2024-05-09,CA,Montreal,Architect,premium,English,social_media,retention,12770,206,11,9532.08,60224.54,6.3181,10.0
MC-10740,2024-05-09,US,Chicago,HR Manager,budget,English,display,retention,347559,5027,218,869.42,19944.05,22.9395,5.0
MC-12460,2024-05-09,US,Seattle,Researcher,budget,English,social_media,acquisition,61315,1585,47,2567.91,5794.71,2.2566,9.0
MC-12267,2024-05-09,US,Phoenix,Accountant,premium,English,search,retention,95458,6649,245,3618.11,808775.27,223.5353,1.0
MC-10520,2024-05-09,US,New York,Writer,premium,English,social_media,retention,500000,12577,436,967.01,1038579.61,1074.0112,10.0
MC-11743,2024-05-09,IN,Mumbai,Marketing Manager,mid,Hindi,influencer,acquisition,335545,6261,258,6558.94,217033.08,33.0897,2.0
MC-10328,2024-05-09,US,Houston,Architect,mid,English,search,retention,5447,332,10,320.66,11022.22,34.3735,3.0
MC-11157,2024-05-09,US,Houston,Marketing Manager,mid,English,email,acquisition,8880,274,17,4476.43,13132.14,2.9336,6.0
MC-11050,2024-05-09,DE,Frankfurt,Researcher,budget,German,influencer,acquisition,88417,1606,69,122.93,11254.82,91.5547,2.0
MC-12479,2024-05-09,ES,Barcelona,Designer,mid,Spanish,email,re_engagement,5752,135,10,1771.67,5172.65,2.9196,9.0
MC-10721,2024-05-09,IN,Bangalore,Architect,budget,Hindi,email,re_engagement,88876,2240,68,619.87,12119.79,19.5521,6.0
MC-12903,2024-05-09,US,Seattle,Data Scientist,budget,English,email,acquisition,24149,601,8,3621.53,1359.68,0.3754,4.0
MC-11768,2024-05-09,IN,Kolkata,Designer,mid,Hindi,search,acquisition,14019,1081,33,1014.6,21624.17,21.313,8.0
MC-12162,2024-05-09,GB,Bristol,Sales Rep,budget,English,search,retention,73022,6335,464,1231.92,53231.49,43.2102,8.0
MC-12964,2024-05-09,IN,Hyderabad,Lawyer,mid,Hindi,search,re_engagement,109694,10608,585,3579.07,666842.84,186.3174,9.0
MC-10280,2024-05-09,US,Seattle,Writer,mid,English,content_marketing,awareness,24433,380,20,16101.27,10948.83,0.68,
MC-11944,2024-05-10,FR,Paris,Data Scientist,mid,French,display,retention,299889,3336,137,3486.81,142914.06,40.9871,7.0
MC-10781,2024-05-10,US,Chicago,Lawyer,mid,English,social_media,acquisition,138935,2495,192,433.05,194187.46,448.4181,2.0
MC-10365,2024-05-10,US,Chicago,Data Scientist,budget,English,social_media,retention,7275,140,8,86.88,1430.77,16.4683,1.0
MC-12840,2024-05-10,GB,London,Software Engineer,mid,English,email,awareness,12262,344,13,6585.11,15103.07,2.2935,8.0
MC-11226,2024-05-10,US,San Francisco,Data Scientist,mid,English,social_media,re_engagement,196295,4619,261,8430.44,327613.35,38.8608,10.0
MC-12831,2024-05-10,US,Phoenix,HR Manager,budget,English,content_marketing,awareness,6384,86,2,810.86,190.89,0.2354,4.0
MC-12432,2024-05-10,BR,São Paulo,Product Manager,budget,Portuguese,email,acquisition,20703,477,34,2604.64,4469.04,1.7158,2.0
MC-10969,2024-05-10,IN,Kolkata,Consultant,budget,Hindi,social_media,awareness,177850,3451,269,2482.73,38137.93,15.3613,
MC-11351,2024-05-10,IN,Pune,Sales Rep,budget,Hindi,search,awareness,240966,21270,1496,2422.53,174669.46,72.1021,4.0
MC-10929,2024-05-10,US,Houston,Lawyer,budget,English,social_media,acquisition,500000,10670,767,1325.88,141141.48,106.4512,1.0
MC-10679,2024-05-10,IL,Jerusalem,Consultant,premium,Hebrew,social_media,retention,29127,684,18,5280.82,75380.98,14.2745,8.0
MC-10505,2024-05-10,US,Seattle,Consultant,premium,English,search,retention,16352,1183,88,3375.14,319541.22,94.675,7.0
MC-10507,2024-05-10,JP,Osaka,Designer,premium,Japanese,email,awareness,26042,763,50,3190.89,155261.06,48.6576,2.0
MC-11035,2024-05-10,ES,Valencia,Designer,mid,Spanish,email,retention,123953,3122,178,317.19,117231.17,369.5929,3.0
MC-10224,2024-05-10,US,Los Angeles,Product Manager,budget,English,social_media,acquisition,19842,411,20,2294.98,2648.23,1.1539,6.0
MC-11101,2024-05-10,IN,Chennai,Physician,mid,Hindi,social_media,awareness,86145,1737,125,9351.15,112681.45,12.05,10.0
MC-12568,2024-05-10,SG,Singapore,Physician,mid,English,search,re_engagement,43920,3995,81,1209.57,81570.26,67.4374,6.0
MC-10886,2024-05-10,ES,Barcelona,Marketing Manager,budget,Spanish,social_media,acquisition,55637,854,54,1599.68,7422.33,4.6399,8.0
MC-12191,2024-05-10,DE,Cologne,Physician,mid,German,social_media,retention,276737,5815,373,919.25,344418.05,374.6729,1.0
MC-10197,2024-05-10,IN,Chennai,HR Manager,premium,Hindi,email,re_engagement,19207,410,22,168.21,64070.26,380.8945,7.0
MC-11095,2024-05-10,IN,Kolkata,Architect,budget,Hindi,social_media,acquisition,51515,941,20,1809.62,4913.3,2.7151,2.0
MC-12261,2024-05-10,SG,Singapore,Product Manager,mid,English,social_media,acquisition,500000,11968,526,176.51,415379.36,2353.2908,2.0
MC-12230,2024-05-10,US,Phoenix,Data Scientist,premium,English,search,awareness,85578,7797,81,2240.76,481644.82,214.9471,10.0
MC-11272,2024-05-10,US,San Francisco,Product Manager,mid,English,email,awareness,135797,3797,149,3622.15,111818.01,30.8706,
MC-12754,2024-05-10,IN,Delhi,Architect,mid,Hindi,influencer,awareness,64180,1219,31,1036.31,30155.87,29.0993,3.0
MC-11603,2024-05-10,ES,Seville,Writer,budget,Spanish,email,awareness,35428,928,69,7175.15,7683.78,1.0709,6.0
MC-12340,2024-05-10,ES,Valencia,Writer,mid,Spanish,display,re_engagement,63423,944,28,1201.48,16355.5,13.6128,10.0
MC-10321,2024-05-10,US,New York,Data Scientist,budget,English,display,retention,207351,3033,35,1048.57,7833.07,7.4702,1.0
MC-10840,2024-05-10,FR,Bordeaux,Marketing Manager,premium,French,email,acquisition,18700,424,19,1535.84,72005.15,46.8832,
MC-10892,2024-05-10,IN,Mumbai,Designer,premium,Hindi,search,acquisition,13030,802,61,720.23,159449.43,221.3868,9.0
MC-10439,2024-05-10,DE,Hamburg,Designer,mid,German,social_media,acquisition,24560,351,10,3420.75,5711.47,1.6697,2.0
MC-11239,2024-05-10,US,Seattle,Consultant,premium,English,social_media,acquisition,35980,927,48,3827.85,203127.37,53.0657,2.0
MC-11655,2024-05-10,BR,Rio de Janeiro,Physician,mid,Portuguese,search,acquisition,125450,9210,267,3963.38,268838.46,67.8306,8.0
MC-12362,2024-05-10,DE,Stuttgart,Data Scientist,mid,German,display,acquisition,160395,2139,147,3331.71,141041.25,42.333,6.0
MC-11531,2024-05-10,GB,London,Sales Rep,premium,English,search,acquisition,318431,17800,909,206.29,2729799.12,13232.8233,3.0
MC-12122,2024-05-10,US,New York,HR Manager,mid,English,social_media,awareness,9312,197,13,737.9,7372.75,9.9915,8.0
MC-10459,2024-05-10,IN,Kolkata,Sales Rep,mid,Hindi,display,retention,93423,1069,65,593.61,36395.63,61.3124,2.0
MC-10932,2024-05-11,GB,Bristol,Product Manager,mid,English,search,acquisition,8134,455,23,10060.77,18922.61,1.8808,10.0
MC-11998,2024-05-11,AU,Melbourne,Architect,budget,English,display,re_engagement,18696,245,7,1302.8,1557.09,1.1952,3.0
MC-12932,2024-05-11,GB,Bristol,Software Engineer,budget,English,social_media,retention,23490,549,11,595.12,2319.75,3.898,1.0
MC-10635,2024-05-11,US,Houston,Marketing Manager,budget,English,email,acquisition,3616,111,4,3124.94,715.37,0.2289,6.0
MC-11011,2024-05-11,US,Houston,Consultant,mid,English,social_media,acquisition,10567,174,1,1462.4,849.22,0.5807,5.0
MC-10816,2024-05-11,IN,Hyderabad,Consultant,budget,Hindi,display,acquisition,126726,1522,20,744.25,2777.99,3.7326,9.0
MC-11908,2024-05-11,FR,Marseille,HR Manager,premium,French,search,acquisition,391645,23059,1673,569.52,4360519.09,7656.4811,10.0
MC-11425,2024-05-11,GB,Birmingham,HR Manager,budget,English,social_media,re_engagement,83072,2105,89,5489.49,9974.41,1.817,5.0
MC-11426,2024-05-11,SG,Singapore,HR Manager,mid,English,content_marketing,acquisition,9702,159,2,1179.09,1047.75,0.8886,3.0
MC-12429,2024-05-11,DE,Stuttgart,Teacher,mid,German,search,acquisition,49358,3186,254,1597.68,157670.99,98.6875,
MC-10137,2024-05-11,NL,Utrecht,Teacher,mid,Dutch,social_media,retention,13660,331,4,5177.64,1987.31,0.3838,6.0
MC-12024,2024-05-11,BR,Rio de Janeiro,Writer,budget,Portuguese,display,retention,168141,2520,143,221.25,13840.98,62.5581,6.0
MC-10526,2024-05-11,ZA,Pretoria,Writer,budget,Afrikaans,email,re_engagement,2941,74,4,4450.34,450.09,0.1011,2.0
MC-11149,2024-05-11,US,Phoenix,Software Engineer,mid,English,social_media,awareness,14117,307,11,50000.0,11698.01,0.234,5.0
MC-11161,2024-05-12,US,Phoenix,Data Scientist,mid,English,email,awareness,24318,861,26,1103.73,34381.21,31.15,5.0
MC-11698,2024-05-12,ES,Valencia,Software Engineer,mid,Spanish,display,awareness,394089,3410,101,3231.14,102176.15,31.6223,9.0
MC-11354,2024-05-12,BR,Salvador,HR Manager,budget,Portuguese,search,awareness,40628,3579,43,860.05,4793.67,5.5737,8.0
MC-10945,2024-05-12,IN,Kolkata,Architect,budget,Hindi,social_media,acquisition,14855,294,19,1405.77,4236.21,3.0134,3.0
MC-11593,2024-05-12,US,Seattle,Consultant,budget,English,email,re_engagement,145362,5598,184,1853.88,22531.78,12.1539,1.0
MC-10148,2024-05-12,US,Phoenix,HR Manager,budget,English,display,acquisition,72300,968,10,6476.88,876.56,0.1353,1.0
MC-11523,2024-05-12,ES,Barcelona,Physician,mid,Spanish,social_media,acquisition,157305,2393,145,2340.64,148456.57,63.4256,2.0
MC-11647,2024-05-12,GB,Birmingham,Teacher,mid,English,social_media,retention,22562,452,10,7045.91,5705.33,0.8097,
MC-10410,2024-05-12,ES,Seville,Architect,budget,Spanish,social_media,acquisition,16472,292,7,6096.3,1233.33,0.2023,2.0
MC-10254,2024-05-12,FR,Lyon,Product Manager,premium,French,email,retention,32944,705,22,1937.01,94951.37,49.0196,4.0
MC-10718,2024-05-12,IN,Delhi,Accountant,mid,Hindi,search,retention,20639,1092,56,555.08,40871.64,73.632,1.0
MC-11246,2024-05-12,FR,Lyon,HR Manager,premium,French,email,acquisition,2376,52,2,1037.5,5830.73,5.62,9.0
MC-12448,2024-05-13,AU,Sydney,Product Manager,budget,English,social_media,awareness,106145,2565,164,1250.29,26142.91,20.9095,7.0
MC-11140,2024-05-13,DE,Stuttgart,Architect,budget,German,social_media,acquisition,20212,509,26,4428.49,4653.09,1.0507,1.0
MC-11241,2024-05-13,DE,Frankfurt,Teacher,mid,German,display,re_engagement,149163,2191,26,1197.96,13618.88,11.3684,3.0
MC-11536,2024-05-13,GB,Birmingham,Designer,budget,English,search,acquisition,18475,1010,56,812.4,5737.31,7.0622,9.0
MC-10085,2024-05-13,IN,Hyderabad,Writer,premium,Hindi,display,awareness,138051,1595,67,1602.0,152873.58,95.4267,8.0
MC-12397,2024-05-13,US,Chicago,Architect,premium,English,social_media,retention,133945,1917,68,40784.21,456180.83,11.1852,
MC-11438,2024-05-13,AU,Sydney,Designer,budget,English,search,acquisition,1936,153,4,1023.31,424.42,0.4148,5.0
MC-11541,2024-05-13,DE,Stuttgart,Researcher,premium,German,social_media,retention,224897,5335,184,1819.07,873310.96,480.0865,7.0
MC-11636,2024-05-13,IN,Hyderabad,Researcher,budget,Hindi,social_media,acquisition,85967,1912,65,939.05,11564.28,12.3149,9.0
MC-10601,2024-05-13,FR,Marseille,Data Scientist,mid,French,search,re_engagement,50014,4527,305,1641.52,367705.64,224.0031,10.0
MC-11631,2024-05-13,ES,Madrid,Designer,mid,Spanish,social_media,acquisition,39655,841,32,4840.48,14663.79,3.0294,10.0
MC-12566,2024-05-13,US,Phoenix,Designer,premium,English,social_media,re_engagement,57680,1414,112,2430.27,275154.47,113.2197,5.0
MC-12565,2024-05-13,MX,Tijuana,Writer,premium,Spanish,influencer,re_engagement,481053,9113,563,384.39,1683148.81,4378.7529,4.0
MC-11875,2024-05-13,IN,Kolkata,Researcher,budget,Hindi,influencer,acquisition,133261,2890,120,7918.39,19284.9,2.4355,2.0
MC-11104,2024-05-13,IN,Kolkata,Researcher,mid,Hindi,email,acquisition,92673,2908,153,234.61,115461.82,492.1436,3.0
MC-12159,2024-05-13,US,Seattle,Writer,budget,English,social_media,acquisition,48540,1066,23,761.25,2203.91,2.8951,6.0
MC-11423,2024-05-13,IN,Mumbai,Architect,budget,Hindi,social_media,acquisition,123840,1975,87,1757.33,18233.78,10.3758,4.0
MC-10277,2024-05-13,AU,Melbourne,Designer,mid,English,social_media,acquisition,56612,1137,83,4813.44,39342.33,8.1734,7.0
MC-10720,2024-05-13,GB,Birmingham,Writer,mid,English,social_media,retention,82067,1515,107,1014.4,52405.03,51.6611,3.0
MC-12433,2024-05-13,GB,Glasgow,HR Manager,premium,English,email,retention,157053,3623,284,225.02,944147.25,4195.837,3.0
MC-11353,2024-05-13,DE,Frankfurt,Sales Rep,budget,German,search,acquisition,11152,1040,25,345.81,3088.97,8.9326,3.0
MC-11202,2024-05-13,AU,Adelaide,Architect,mid,English,search,awareness,18046,1398,30,773.48,39737.46,51.3749,10.0
MC-10258,2024-05-13,US,Seattle,Designer,budget,English,content_marketing,awareness,16482,243,14,1574.82,1758.79,1.1168,7.0
MC-11952,2024-05-13,ES,Bilbao,HR Manager,budget,Spanish,search,retention,8790,762,32,7731.66,3776.66,0.4885,3.0
MC-10723,2024-05-13,ES,Bilbao,Architect,mid,Spanish,social_media,awareness,27442,646,39,4555.97,45811.28,10.0552,3.0
MC-11950,2024-05-13,IN,Mumbai,Software Engineer,mid,Hindi,influencer,retention,58818,1635,109,562.9,137398.4,244.0902,1.0
MC-10065,2024-05-13,US,Houston,Data Scientist,mid,English,search,re_engagement,35973,2481,75,1258.02,91588.35,72.8036,5.0
MC-12068,2024-05-13,ZA,Pretoria,Lawyer,budget,Afrikaans,display,acquisition,362655,4763,157,178.12,39008.35,219.0004,6.0
MC-12917,2024-05-13,IN,Pune,Teacher,mid,Hindi,content_marketing,awareness,96611,2223,124,621.22,81404.18,131.0392,4.0
MC-10794,2024-05-13,US,Chicago,HR Manager,budget,English,social_media,retention,2297,37,2,1789.56,225.8,0.1262,10.0
MC-10286,2024-05-13,DE,Frankfurt,Lawyer,mid,German,content_marketing,acquisition,39715,607,42,2479.82,46617.52,18.7988,6.0
MC-10965,2024-05-13,US,Los Angeles,Accountant,mid,English,social_media,awareness,46395,1125,80,10336.35,72293.93,6.9941,3.0
MC-12730,2024-05-14,DE,Cologne,HR Manager,mid,German,social_media,re_engagement,35370,767,28,1427.65,15842.21,11.0967,4.0
MC-11718,2024-05-14,US,Seattle,Data Scientist,premium,English,social_media,awareness,500000,9171,502,6741.88,3230732.37,479.2035,3.0
MC-11067,2024-05-14,SG,Singapore,Accountant,premium,English,social_media,acquisition,67907,1106,53,1403.89,225766.86,160.8152,2.0
MC-11753,2024-05-14,US,New York,Product Manager,budget,English,social_media,acquisition,500000,8358,203,1518.16,30143.35,19.8552,4.0
MC-11587,2024-05-14,FR,Paris,Product Manager,premium,French,email,acquisition,130141,4673,243,8758.16,1023700.04,116.8853,7.0
MC-10127,2024-05-14,US,Los Angeles,Researcher,mid,English,social_media,retention,436445,6287,408,3167.05,286585.21,90.4896,6.0
MC-11486,2024-05-14,US,Chicago,Physician,mid,English,social_media,retention,500000,9393,360,38331.95,395516.01,10.3182,8.0
MC-10225,2024-05-14,NL,Amsterdam,Designer,mid,Dutch,social_media,acquisition,166580,2800,178,7878.14,99590.45,12.6414,6.0
MC-11827,2024-05-14,US,Los Angeles,Accountant,mid,English,social_media,awareness,103092,1591,74,394.33,64418.75,163.3625,10.0
MC-10314,2024-05-14,DE,Cologne,Writer,budget,German,search,awareness,6418,420,31,2647.4,2673.25,1.0098,7.0
MC-11659,2024-05-14,AU,Melbourne,Researcher,mid,English,email,retention,17101,566,23,2514.46,19986.5,7.9486,3.0
MC-10152,2024-05-14,GB,Leeds,Software Engineer,budget,English,social_media,acquisition,37047,942,34,25416.88,7732.26,0.3042,4.0
MC-11000,2024-05-14,DE,Cologne,Researcher,mid,German,email,retention,5650,148,4,5606.97,2582.65,0.4606,2.0
MC-11713,2024-05-14,US,Los Angeles,Sales Rep,mid,English,email,retention,20397,437,8,1081.18,4513.2,4.1743,5.0
MC-12717,2024-05-14,US,Houston,Data Scientist,premium,English,email,acquisition,25690,632,33,575.97,180299.84,313.0369,6.0
MC-12761,2024-05-14,US,Chicago,Accountant,budget,English,social_media,re_engagement,134020,2111,105,897.36,15054.38,16.7763,4.0
MC-11856,2024-05-14,ES,Seville,Lawyer,budget,Spanish,search,acquisition,1299,72,4,1090.7,736.8,0.6755,10.0
MC-12998,2024-05-14,GB,London,Product Manager,mid,English,email,retention,59223,1574,59,3433.5,40518.86,11.801,4.0
MC-10516,2024-05-14,FR,Paris,Software Engineer,mid,French,email,acquisition,7082,170,5,305.03,5139.41,16.8489,6.0
MC-10020,2024-05-14,US,San Francisco,Designer,mid,English,display,acquisition,28251,284,15,1350.95,8591.25,6.3594,6.0
MC-12126,2024-05-14,ZA,Port Elizabeth,Sales Rep,budget,Afrikaans,search,retention,36134,3503,42,9358.29,4678.24,0.4999,7.0
MC-12368,2024-05-14,US,Houston,Physician,mid,English,content_marketing,awareness,15403,262,5,1183.33,4937.57,4.1726,1.0
MC-10052,2024-05-14,US,New York,Physician,premium,English,email,retention,4362,108,2,7400.83,11200.25,1.5134,2.0
MC-10423,2024-05-14,IN,Delhi,Marketing Manager,budget,Hindi,email,acquisition,29569,623,44,3993.36,7200.52,1.8031,9.0
MC-11208,2024-05-14,BR,Rio de Janeiro,Teacher,mid,Portuguese,social_media,retention,58570,1208,14,4768.08,7324.96,1.5362,3.0
MC-12444,2024-05-14,FR,Marseille,Designer,budget,French,email,awareness,11262,401,31,432.13,3300.34,7.6374,10.0
MC-12446,2024-05-14,GB,Manchester,Marketing Manager,mid,English,social_media,retention,296080,7664,76,1013.12,50521.65,49.8674,7.0
MC-10372,2024-05-14,CA,Vancouver,Marketing Manager,mid,English,email,retention,119509,4288,287,498.53,264755.66,531.0727,7.0
MC-10759,2024-05-14,AU,Sydney,Software Engineer,mid,English,email,re_engagement,8225,211,9,2311.43,9383.58,4.0596,10.0
MC-11372,2024-05-14,FR,Paris,Physician,mid,French,content_marketing,acquisition,58081,905,34,2174.67,45239.27,20.8028,7.0
MC-11887,2024-05-14,IL,Beer Sheva,Sales Rep,mid,Hebrew,content_marketing,retention,25818,568,14,1745.78,6626.2,3.7956,7.0
MC-11164,2024-05-14,GB,Birmingham,Lawyer,budget,English,social_media,acquisition,296305,5380,245,349.63,50082.85,143.2453,2.0
MC-10104,2024-05-14,DE,Hamburg,Lawyer,budget,German,content_marketing,awareness,38632,758,48,1804.47,8219.08,4.5548,3.0
MC-11744,2024-05-15,US,Seattle,Product Manager,premium,English,search,retention,24788,2264,68,1068.77,295913.9,276.8733,9.0
MC-11977,2024-05-15,IN,Delhi,HR Manager,mid,Hindi,email,re_engagement,18454,502,18,910.41,9304.6,10.2202,9.0
MC-11393,2024-05-15,ZA,Pretoria,Consultant,premium,Afrikaans,search,awareness,32363,1917,90,5384.17,346636.26,64.3806,5.0
MC-12651,2024-05-15,IN,Mumbai,Consultant,mid,Hindi,email,retention,125957,3203,78,3081.88,52387.61,16.9986,9.0
MC-11545,2024-05-15,AU,Sydney,Sales Rep,budget,English,search,retention,150907,10485,670,1744.81,56632.95,32.4579,10.0
MC-11261,2024-05-15,IN,Kolkata,Consultant,budget,Hindi,influencer,acquisition,15485,457,18,39585.37,2233.69,0.0564,6.0
MC-12663,2024-05-15,US,San Francisco,Consultant,premium,English,email,re_engagement,14652,504,7,4832.09,27896.1,5.7731,4.0
MC-11501,2024-05-15,CA,Toronto,Software Engineer,premium,English,email,awareness,18817,523,36,571.13,163301.79,285.9275,4.0
MC-12664,2024-05-15,BR,Fortaleza,Sales Rep,budget,Portuguese,search,re_engagement,17576,1523,77,721.37,9282.48,12.8678,8.0
MC-10247,2024-05-15,DE,Cologne,Sales Rep,premium,German,search,acquisition,11612,786,58,23336.02,178938.74,7.6679,3.0
MC-11309,2024-05-15,IL,Jerusalem,Sales Rep,premium,Hebrew,search,retention,179873,12151,639,254.57,1716110.7,6741.2134,2.0
MC-12161,2024-05-15,DE,Berlin,Consultant,mid,German,social_media,acquisition,110497,2435,65,10398.69,60454.8,5.8137,3.0
MC-12346,2024-05-15,IN,Delhi,Data Scientist,mid,Hindi,search,acquisition,12736,750,21,1268.19,23872.6,18.8242,10.0
MC-11442,2024-05-15,DE,Frankfurt,Researcher,mid,German,social_media,awareness,24122,377,9,5243.8,6987.37,1.3325,4.0
MC-11511,2024-05-15,CA,Toronto,Data Scientist,mid,English,search,re_engagement,150142,9525,200,1529.28,253305.78,165.6373,9.0
MC-11646,2024-05-15,IN,Kolkata,Sales Rep,budget,Hindi,social_media,awareness,44322,1106,27,3318.49,2438.27,0.7348,8.0
MC-12038,2024-05-15,AU,Perth,Sales Rep,budget,English,social_media,acquisition,155785,3695,177,7538.56,19976.11,2.6499,2.0
MC-10105,2024-05-15,US,Chicago,HR Manager,premium,English,social_media,acquisition,62352,1434,22,660.06,49573.79,75.105,6.0
MC-12372,2024-05-15,US,New York,Accountant,budget,English,display,acquisition,213258,2632,38,2161.82,6674.3,3.0874,4.0
MC-11443,2024-05-15,IN,Chennai,Product Manager,budget,Hindi,influencer,acquisition,60148,1353,92,1593.07,12829.19,8.0531,2.0
MC-12537,2024-05-15,FR,Nice,Researcher,budget,French,social_media,awareness,326970,7661,391,3545.41,48669.55,13.7275,8.0
MC-12453,2024-05-15,US,San Francisco,Lawyer,premium,English,email,acquisition,2216,67,3,662.59,16494.4,24.8938,3.0
MC-11235,2024-05-15,IN,Hyderabad,Software Engineer,mid,Hindi,social_media,awareness,251082,5369,91,2142.26,114254.99,53.3339,2.0
MC-10835,2024-05-15,US,San Francisco,Lawyer,budget,English,social_media,acquisition,131145,2128,155,1723.87,37017.7,21.4736,7.0
MC-11579,2024-05-15,US,Houston,HR Manager,budget,English,email,awareness,3833,142,2,153.39,191.05,1.2455,1.0
MC-11598,2024-05-15,IN,Kolkata,HR Manager,budget,Hindi,content_marketing,awareness,51621,985,24,2350.95,2841.43,1.2086,10.0
MC-10101,2024-05-15,US,Los Angeles,Sales Rep,mid,English,search,retention,130644,10728,725,776.49,485987.69,625.8776,1.0
MC-11468,2024-05-15,MX,Guadalajara,Sales Rep,premium,Spanish,email,retention,6310,152,9,11876.49,21664.93,1.8242,1.0
MC-11060,2024-05-15,IN,Mumbai,HR Manager,budget,Hindi,display,awareness,51360,672,48,3069.82,5234.81,1.7052,1.0
MC-11918,2024-05-15,IN,Kolkata,Data Scientist,mid,Hindi,social_media,acquisition,95085,2222,173,14754.1,218168.65,14.787,7.0
MC-12991,2024-05-15,IN,Mumbai,Writer,mid,Hindi,content_marketing,re_engagement,27416,538,20,2436.21,12190.12,5.0037,9.0
MC-12882,2024-05-15,CA,Toronto,HR Manager,budget,English,social_media,awareness,27965,703,32,4413.12,3332.15,0.7551,7.0
MC-11784,2024-05-15,GB,Leeds,Researcher,budget,English,social_media,retention,500000,8720,176,1497.86,22017.73,14.6995,8.0
MC-12886,2024-05-15,DE,Stuttgart,Lawyer,budget,German,influencer,acquisition,14554,448,5,3786.08,1210.77,0.3198,7.0
MC-10784,2024-05-15,GB,London,Teacher,premium,English,display,re_engagement,33912,450,6,666.12,17035.12,25.5737,4.0
MC-12486,2024-05-15,IN,Pune,Software Engineer,mid,Hindi,influencer,awareness,500000,12045,509,2293.9,574431.58,250.417,3.0
MC-12724,2024-05-15,US,San Francisco,Product Manager,mid,English,social_media,awareness,55462,1193,23,3256.34,17668.98,5.426,1.0
MC-10897,2024-05-15,US,Houston,Lawyer,premium,English,social_media,awareness,24260,399,8,559.43,43841.35,78.3679,5.0
MC-12087,2024-05-16,US,Chicago,Architect,mid,English,email,retention,16276,365,11,2086.06,14153.57,6.7848,10.0
MC-11566,2024-05-16,US,Chicago,Physician,mid,English,social_media,retention,425277,9186,567,342.79,725808.73,2117.3568,2.0
MC-10668,2024-05-16,US,Phoenix,Consultant,mid,English,social_media,awareness,322592,5054,181,817.3,145190.36,177.6463,
MC-10237,2024-05-16,CA,Vancouver,Architect,budget,English,social_media,retention,56280,1276,68,7924.84,16475.01,2.0789,4.0
MC-12695,2024-05-16,ES,Seville,Product Manager,mid,Spanish,email,acquisition,66836,2276,103,8298.57,68472.3,8.2511,4.0
MC-12696,2024-05-16,IL,Haifa,Writer,mid,Hebrew,display,acquisition,53121,695,9,820.05,5424.09,6.6143,3.0
MC-12189,2024-05-16,IL,Netanya,Researcher,mid,Hebrew,social_media,acquisition,302050,6953,515,2485.39,406001.4,163.3552,5.0
MC-12335,2024-05-16,GB,Leeds,Product Manager,budget,English,social_media,acquisition,18525,336,7,558.28,905.64,1.6222,10.0
MC-12186,2024-05-16,US,Los Angeles,Lawyer,budget,English,search,acquisition,54514,3000,122,3036.15,24067.84,7.9271,8.0
MC-12985,2024-05-16,GB,Manchester,Software Engineer,mid,English,social_media,retention,4922,112,2,210.32,2644.47,12.5736,10.0
MC-11298,2024-05-16,GB,Bristol,Writer,mid,English,content_marketing,retention,99663,1749,51,811.67,27333.37,33.6755,4.0
MC-10853,2024-05-16,IL,Tel Aviv,Data Scientist,premium,Hebrew,search,acquisition,262022,24751,464,7352.62,2971442.96,404.1339,9.0
MC-11618,2024-05-16,IN,Mumbai,Designer,mid,Hindi,display,acquisition,113754,1573,124,9846.34,66880.78,6.7925,10.0
MC-10513,2024-05-16,US,Chicago,Sales Rep,mid,English,email,awareness,17453,643,33,99.83,21056.75,210.9261,7.0
MC-11333,2024-05-16,JP,Osaka,Writer,mid,Japanese,social_media,retention,237010,3961,103,2629.41,48793.55,18.5568,5.0
MC-12152,2024-05-16,US,New York,Lawyer,mid,English,search,awareness,185473,14243,276,1468.95,332755.6,226.5262,
MC-11467,2024-05-16,GB,London,Sales Rep,premium,English,email,retention,19709,674,33,2480.73,92591.66,37.3244,7.0
MC-12521,2024-05-16,DE,Munich,Data Scientist,mid,German,email,acquisition,4183,149,6,305.48,7074.61,23.159,1.0
MC-10824,2024-05-16,GB,Leeds,HR Manager,budget,English,email,retention,8628,187,10,1410.17,1242.91,0.8814,10.0
MC-11921,2024-05-16,US,Seattle,Accountant,mid,English,email,retention,6231,200,8,1503.43,5166.6,3.4365,10.0
MC-10123,2024-05-16,US,Seattle,Architect,budget,English,display,acquisition,122025,1457,41,2235.9,9678.02,4.3285,5.0
MC-11954,2024-05-16,DE,Munich,HR Manager,premium,German,social_media,acquisition,307802,5159,133,2076.22,424288.36,204.3562,3.0
MC-10764,2024-05-16,BR,Fortaleza,Data Scientist,budget,Portuguese,display,re_engagement,500000,6071,191,5093.32,32976.77,6.4745,8.0
MC-12633,2024-05-16,IN,Chennai,Teacher,premium,Hindi,email,awareness,6435,146,3,1615.57,6966.95,4.3124,7.0
MC-10744,2024-05-16,JP,Sapporo,Marketing Manager,budget,Japanese,search,awareness,14545,1358,35,447.89,5550.58,12.3927,
MC-10938,2024-05-16,US,Seattle,Software Engineer,mid,English,influencer,awareness,92804,2256,132,412.94,158475.31,383.7732,6.0
MC-10883,2024-05-16,AU,Perth,Sales Rep,mid,English,display,retention,33312,458,32,835.46,19975.16,23.9092,7.0
MC-11200,2024-05-16,ES,Bilbao,Accountant,budget,Spanish,influencer,acquisition,69418,1640,63,2412.51,10697.15,4.434,10.0
MC-11170,2024-05-16,US,Phoenix,Researcher,mid,English,influencer,acquisition,7056,201,12,4241.77,9895.33,2.3328,8.0
MC-10728,2024-05-16,US,Houston,Accountant,mid,English,social_media,re_engagement,44620,652,31,2645.14,25189.89,9.5231,7.0
MC-11709,2024-05-16,SG,Singapore,Teacher,budget,English,email,retention,14613,556,27,3959.06,3204.61,0.8094,4.0
MC-11704,2024-05-16,IN,Kolkata,Consultant,budget,Hindi,email,acquisition,7684,282,21,7900.38,3221.28,0.4077,9.0
MC-12396,2024-05-16,IN,Delhi,Software Engineer,budget,Hindi,social_media,acquisition,105800,2172,132,2741.98,25915.59,9.4514,10.0
MC-10058,2024-05-16,MX,Mexico City,Lawyer,mid,Spanish,email,acquisition,5431,131,1,818.03,957.33,1.1703,6.0
MC-10323,2024-05-16,US,San Francisco,Consultant,mid,English,social_media,awareness,19850,383,26,5802.81,17417.0,3.0015,3.0
MC-10416,2024-05-16,ES,Bilbao,Physician,budget,Spanish,social_media,awareness,88555,2077,86,1439.26,16573.42,11.5152,9.0
MC-12067,2024-05-16,SG,Singapore,Researcher,premium,English,email,awareness,31172,792,9,1992.31,34550.27,17.3418,4.0
MC-10415,2024-05-16,US,Chicago,Designer,budget,English,display,awareness,62700,976,70,904.34,6768.9,7.4849,7.0
MC-12563,2024-05-17,IN,Kolkata,Accountant,mid,Hindi,display,retention,138354,1899,141,3532.43,96337.07,27.2722,3.0
MC-10540,2024-05-17,MX,Tijuana,Accountant,mid,Spanish,search,re_engagement,119915,8975,715,1553.45,552284.93,355.5215,10.0
MC-12242,2024-05-17,US,Chicago,Architect,premium,English,content_marketing,retention,5532,96,3,878.53,19855.85,22.6012,9.0
MC-12243,2024-05-17,US,Phoenix,Teacher,mid,English,social_media,retention,44017,986,75,398.87,50182.49,125.8116,10.0
MC-11582,2024-05-17,DE,Berlin,Consultant,premium,German,display,acquisition,46317,460,17,13966.94,58047.78,4.1561,7.0
MC-12596,2024-05-17,US,Seattle,Designer,mid,English,social_media,acquisition,17165,333,8,35948.71,3998.72,0.1112,9.0
MC-10537,2024-05-17,US,Los Angeles,Consultant,budget,English,display,acquisition,178533,1958,32,6538.97,4109.61,0.6285,7.0
MC-12239,2024-05-17,US,Seattle,Designer,budget,English,search,awareness,109711,8384,137,374.67,14611.67,38.9988,7.0
MC-10893,2024-05-17,IN,Chennai,Researcher,budget,Hindi,social_media,awareness,65435,1267,64,477.27,10149.85,21.2665,1.0
MC-11912,2024-05-17,IN,Kolkata,Writer,budget,Hindi,content_marketing,acquisition,296743,4365,344,1131.5,42767.17,37.7969,2.0
MC-11009,2024-05-17,NL,The Hague,Data Scientist,premium,Dutch,email,awareness,6241,227,9,9182.96,48701.75,5.3035,4.0
MC-12287,2024-05-17,GB,London,Designer,mid,English,social_media,acquisition,23937,621,14,417.87,8195.56,19.6127,4.0
MC-10894,2024-05-17,FR,Nice,Physician,premium,French,search,acquisition,58414,4999,145,1497.76,867950.01,579.4987,2.0
MC-10304,2024-05-17,NL,Amsterdam,Software Engineer,mid,Dutch,social_media,awareness,293942,7445,492,737.29,660459.23,895.793,6.0
MC-11008,2024-05-17,US,Phoenix,Product Manager,mid,English,social_media,retention,16900,388,22,1687.36,15950.97,9.4532,9.0
MC-10402,2024-05-17,CA,Vancouver,Architect,premium,English,display,awareness,500000,4976,327,1990.92,1534421.83,770.7099,9.0
MC-11703,2024-05-17,ES,Seville,Writer,mid,Spanish,social_media,acquisition,24200,372,16,885.4,8610.44,9.7249,1.0
MC-12591,2024-05-17,DE,Berlin,Writer,mid,German,display,re_engagement,88704,942,41,833.61,24412.9,29.2858,4.0
MC-10443,2024-05-17,ZA,Johannesburg,Lawyer,budget,Afrikaans,email,awareness,45435,1539,46,6050.81,9343.92,1.5442,6.0
MC-10878,2024-05-17,IN,Hyderabad,Data Scientist,budget,Hindi,email,awareness,10077,330,17,4002.22,3630.58,0.9071,3.0
MC-12073,2024-05-17,DE,Berlin,HR Manager,budget,German,social_media,retention,171030,2502,67,537.37,7426.38,13.8199,5.0
MC-11062,2024-05-17,IN,Mumbai,Software Engineer,premium,Hindi,influencer,re_engagement,500000,11569,388,7766.19,2157976.93,277.8682,10.0
MC-12638,2024-05-17,IN,Hyderabad,Consultant,budget,Hindi,email,awareness,24016,889,44,181.13,7330.89,40.4731,2.0
MC-12140,2024-05-17,IN,Delhi,Software Engineer,budget,Hindi,influencer,acquisition,63349,1491,29,472.39,6409.0,13.5672,
MC-10547,2024-05-17,US,New York,Data Scientist,premium,English,social_media,acquisition,21210,379,6,2097.83,35429.94,16.8889,10.0
MC-10121,2024-05-17,JP,Osaka,Accountant,budget,Japanese,social_media,awareness,7992,170,12,4193.9,1825.76,0.4353,
MC-12793,2024-05-17,US,Seattle,Architect,budget,English,search,retention,91887,5201,230,1407.17,50212.73,35.6835,2.0
MC-12926,2024-05-17,US,San Francisco,HR Manager,mid,English,email,retention,25095,956,44,1316.37,23189.2,17.616,5.0
MC-11358,2024-05-17,AU,Melbourne,Marketing Manager,mid,English,email,re_engagement,28209,800,55,127.92,38845.62,303.6712,2.0
MC-12968,2024-05-17,US,Chicago,Writer,premium,English,email,re_engagement,12397,365,16,273.35,36190.13,132.3948,
MC-11564,2024-05-17,US,Los Angeles,Teacher,mid,English,search,awareness,36043,2534,161,1601.6,106043.95,66.2113,2.0
MC-10025,2024-05-17,AU,Brisbane,Data Scientist,mid,English,email,retention,16499,400,11,4932.74,12380.37,2.5098,8.0
MC-11366,2024-05-17,IN,Chennai,Marketing Manager,premium,Hindi,email,awareness,59050,1386,74,2410.31,300616.84,124.7212,7.0
MC-11369,2024-05-17,AU,Adelaide,Sales Rep,mid,English,search,acquisition,28028,1923,93,1337.76,60372.14,45.1293,7.0
MC-12846,2024-05-17,IN,Pune,Product Manager,mid,Hindi,search,awareness,42173,3078,86,851.02,75262.97,88.4385,2.0
MC-12983,2024-05-17,SG,Singapore,HR Manager,mid,English,social_media,awareness,332015,6568,492,1004.16,318429.66,317.1105,5.0
MC-11266,2024-05-17,ES,Bilbao,Consultant,mid,Spanish,social_media,acquisition,31895,572,17,730.11,11934.29,16.3459,2.0
MC-11287,2024-05-17,GB,Manchester,Accountant,mid,English,search,awareness,72605,5437,197,737.81,166136.74,225.1755,4.0
MC-12889,2024-05-17,IL,Netanya,Researcher,mid,Hebrew,email,retention,27265,1052,45,5472.47,33502.24,6.122,10.0
MC-11119,2024-05-17,US,Houston,Product Manager,premium,English,social_media,retention,434932,6149,125,2141.35,509827.68,238.087,10.0
MC-10324,2024-05-18,BR,Brasília,Architect,budget,Portuguese,email,re_engagement,3425,116,1,983.47,194.15,0.1974,7.0
MC-10779,2024-05-18,ZA,Pretoria,HR Manager,mid,Afrikaans,email,retention,25317,596,30,3247.33,18855.56,5.8065,3.0
MC-12581,2024-05-18,US,Seattle,Consultant,budget,English,search,acquisition,122264,6767,527,1814.72,79065.15,43.5688,3.0
MC-11611,2024-05-18,ES,Valencia,Lawyer,mid,Spanish,email,retention,91169,3409,73,4023.68,83533.58,20.7605,4.0
MC-12690,2024-05-18,FR,Paris,Researcher,budget,French,email,acquisition,19750,680,28,418.4,3795.42,9.0713,2.0
MC-11023,2024-05-18,US,San Francisco,Writer,premium,English,social_media,acquisition,24592,596,27,1000.67,89350.98,89.2912,2.0
MC-12914,2024-05-18,IN,Pune,Writer,mid,Hindi,social_media,re_engagement,24782,611,38,9188.87,20278.9,2.2069,
MC-10829,2024-05-18,BR,Salvador,Software Engineer,mid,Portuguese,social_media,acquisition,204542,3965,310,3516.68,413472.74,117.5747,3.0
MC-11380,2024-05-18,SG,Singapore,Product Manager,mid,English,email,acquisition,97583,2988,39,448.12,34019.66,75.9164,1.0
MC-12564,2024-05-18,CA,Montreal,Architect,mid,English,social_media,re_engagement,127602,2369,186,1081.56,204079.06,188.6895,3.0
MC-10649,2024-05-18,US,San Francisco,Writer,budget,English,email,retention,5514,208,2,2195.3,241.42,0.11,4.0
MC-11378,2024-05-18,US,Phoenix,Teacher,budget,English,display,acquisition,43995,649,20,2229.4,2387.72,1.071,
MC-10112,2024-05-18,CA,Ottawa,Consultant,mid,English,social_media,retention,36082,808,21,472.63,16801.07,35.548,8.0
MC-10756,2024-05-18,US,Houston,Product Manager,mid,English,display,retention,19011,267,17,1415.47,13886.61,9.8106,5.0
MC-12344,2024-05-18,ZA,Cape Town,Writer,mid,Afrikaans,content_marketing,retention,10268,142,7,408.64,3688.18,9.0255,9.0
MC-12232,2024-05-18,IL,Tel Aviv,Researcher,budget,Hebrew,display,awareness,394164,4060,126,2626.16,20358.26,7.7521,8.0
MC-12756,2024-05-18,GB,Bristol,Researcher,budget,English,display,acquisition,134586,1379,17,565.62,2883.73,5.0984,7.0
MC-11576,2024-05-18,GB,London,Sales Rep,mid,English,display,acquisition,84267,1029,48,6442.13,22707.58,3.5249,8.0
MC-12337,2024-05-18,AU,Perth,Lawyer,budget,English,content_marketing,acquisition,99752,2174,28,726.73,6752.3,9.2913,7.0
MC-11250,2024-05-18,AU,Brisbane,Teacher,mid,English,email,re_engagement,11000,417,8,3579.74,4554.95,1.2724,7.0
MC-11559,2024-05-18,US,New York,Lawyer,budget,English,display,retention,57297,862,65,6449.68,14576.17,2.26,6.0
MC-10473,2024-05-19,BR,Rio de Janeiro,Product Manager,premium,Portuguese,display,awareness,69783,1025,54,876.59,214849.95,245.0974,2.0
MC-10722,2024-05-19,CA,Vancouver,Sales Rep,premium,English,search,awareness,47028,3473,274,914.19,828392.19,906.1488,6.0
MC-12272,2024-05-19,IN,Mumbai,Researcher,mid,Hindi,email,retention,12038,258,4,550.55,3612.18,6.561,1.0
MC-10110,2024-05-19,ZA,Pretoria,Consultant,mid,Afrikaans,social_media,retention,21080,536,38,243.89,27132.83,111.2503,9.0
MC-11490,2024-05-19,GB,Leeds,Lawyer,premium,English,social_media,awareness,500000,10165,609,306.67,2772346.57,9040.1623,10.0
MC-11891,2024-05-19,IN,Pune,Writer,budget,Hindi,search,retention,131591,12628,445,7589.64,38260.69,5.0412,10.0
MC-12822,2024-05-19,US,New York,Software Engineer,mid,English,display,awareness,85482,789,45,4102.75,60011.59,14.6272,8.0
MC-10352,2024-05-19,CA,Calgary,Architect,mid,English,social_media,retention,63635,1260,44,2809.25,51988.86,18.5063,7.0
MC-11002,2024-05-19,DE,Hamburg,Marketing Manager,budget,German,social_media,retention,109577,2619,133,1993.36,20559.73,10.3141,5.0
MC-10285,2024-05-19,DE,Hamburg,Lawyer,budget,German,email,retention,9538,241,4,3211.5,748.7,0.2331,2.0
MC-11303,2024-05-19,FR,Nice,Product Manager,mid,French,social_media,awareness,115987,2658,144,2499.55,113480.69,45.4004,7.0
MC-10301,2024-05-19,FR,Lyon,Consultant,mid,French,influencer,acquisition,96343,1835,146,1330.99,133158.47,100.0447,6.0
MC-10048,2024-05-19,US,Seattle,Architect,budget,English,social_media,acquisition,117920,2882,99,1686.83,18218.52,10.8004,6.0
MC-12597,2024-05-19,IN,Pune,Teacher,budget,Hindi,search,acquisition,5140,399,7,1053.86,637.02,0.6045,9.0
MC-12390,2024-05-19,SG,Singapore,Designer,budget,English,social_media,acquisition,242937,3928,136,1107.54,11757.94,10.6163,1.0
MC-11337,2024-05-19,US,Phoenix,HR Manager,mid,English,social_media,awareness,73730,1797,103,2476.92,52529.13,21.2074,2.0
MC-11829,2024-05-19,DE,Cologne,Accountant,premium,German,social_media,acquisition,75972,1331,40,2248.28,176669.02,78.5796,3.0
MC-12835,2024-05-19,IN,Kolkata,Writer,mid,Hindi,search,retention,32702,2368,186,394.88,89771.23,227.338,2.0
MC-12590,2024-05-19,IN,Hyderabad,Sales Rep,premium,Hindi,email,acquisition,16391,511,19,4922.24,47213.63,9.5919,1.0
MC-10445,2024-05-19,BR,Rio de Janeiro,Lawyer,mid,Portuguese,social_media,awareness,165620,4274,320,1831.87,422159.04,230.4525,3.0
MC-10991,2024-05-20,CA,Vancouver,Teacher,mid,English,email,acquisition,20375,454,35,427.18,21854.34,51.1596,6.0
MC-10088,2024-05-20,CA,Calgary,Software Engineer,mid,English,influencer,retention,278800,7874,610,915.93,606223.07,661.8662,6.0
MC-12825,2024-05-20,GB,Leeds,Marketing Manager,budget,English,email,retention,13758,449,35,440.39,5883.79,13.3604,6.0
MC-10983,2024-05-20,US,Seattle,Physician,mid,English,social_media,acquisition,20082,387,26,853.73,33338.11,39.0499,3.0
MC-11751,2024-05-20,GB,London,Physician,budget,English,influencer,retention,32365,617,43,907.19,7381.9,8.1371,6.0
MC-10985,2024-05-20,JP,Sapporo,Lawyer,mid,Japanese,search,re_engagement,24204,1644,112,1976.81,110439.67,55.8676,5.0
MC-11180,2024-05-20,FR,Nice,Lawyer,budget,French,search,acquisition,77657,4252,229,3028.23,46141.73,15.2372,10.0
MC-12556,2024-05-20,MX,Tijuana,Consultant,mid,Spanish,search,retention,30674,2187,68,780.51,58697.0,75.2034,
MC-12554,2024-05-20,NL,Rotterdam,HR Manager,budget,Dutch,search,retention,54580,4034,118,1238.58,13455.89,10.864,9.0
MC-10302,2024-05-20,BR,Salvador,Physician,budget,Portuguese,email,retention,23366,867,36,1420.8,6568.8,4.6233,2.0
MC-10978,2024-05-20,IN,Chennai,Data Scientist,budget,Hindi,email,acquisition,15732,426,11,430.64,2675.74,6.2134,7.0
MC-10326,2024-05-20,GB,Bristol,Writer,premium,English,email,retention,54438,1357,85,924.4,262192.24,283.635,7.0
MC-10276,2024-05-20,CA,Montreal,Data Scientist,premium,English,social_media,awareness,500000,7364,213,7521.05,1215124.08,161.5631,10.0
MC-12639,2024-05-20,NL,Eindhoven,Physician,mid,Dutch,email,acquisition,9358,347,8,2571.96,8891.75,3.4572,8.0
MC-10149,2024-05-20,GB,Leeds,Designer,mid,English,influencer,re_engagement,60631,1940,84,7311.91,49382.81,6.7537,1.0
MC-10300,2024-05-20,ES,Seville,Marketing Manager,mid,Spanish,search,acquisition,60455,5120,100,1264.98,86376.45,68.2829,3.0
MC-10880,2024-05-20,US,Seattle,Data Scientist,premium,English,content_marketing,acquisition,28714,405,12,10097.71,58083.13,5.7521,
MC-11869,2024-05-20,ZA,Port Elizabeth,Software Engineer,premium,Afrikaans,email,awareness,57659,1899,66,2816.56,300316.34,106.6252,10.0
MC-12584,2024-05-20,DE,Frankfurt,Data Scientist,mid,German,social_media,acquisition,30187,702,14,4226.08,13251.17,3.1356,6.0
MC-11542,2024-05-20,IN,Chennai,HR Manager,mid,Hindi,email,acquisition,47670,1507,52,5241.7,32089.31,6.1219,9.0
MC-11365,2024-05-20,US,New York,Designer,budget,English,content_marketing,acquisition,173276,3924,44,1888.46,5032.48,2.6649,
MC-11392,2024-05-20,FR,Nice,Consultant,budget,French,content_marketing,awareness,12416,285,18,767.47,2222.12,2.8954,1.0
MC-11249,2024-05-20,GB,Leeds,Marketing Manager,mid,English,influencer,awareness,97140,2943,65,1049.88,48900.81,46.5775,7.0
MC-12009,2024-05-20,SG,Singapore,Sales Rep,budget,English,social_media,acquisition,500000,9685,579,8756.23,56280.7,6.4275,10.0
MC-10398,2024-05-20,NL,Amsterdam,Physician,mid,Dutch,display,retention,67107,838,20,395.93,26092.21,65.9011,1.0
MC-11626,2024-05-20,DE,Munich,Consultant,premium,German,email,retention,4918,111,4,454.98,16192.47,35.5894,8.0
MC-12363,2024-05-20,BR,Salvador,Sales Rep,mid,Portuguese,search,retention,63095,6081,237,737.55,146857.81,199.1157,3.0
MC-11252,2024-05-20,US,Los Angeles,Designer,premium,English,email,retention,30422,997,38,3567.14,112865.22,31.6403,
MC-12431,2024-05-20,FR,Paris,Teacher,mid,French,search,retention,10776,768,48,3217.67,31917.59,9.9195,1.0
MC-11645,2024-05-20,US,Seattle,HR Manager,budget,English,social_media,re_engagement,197415,3451,124,710.68,12670.51,17.8287,9.0
MC-10047,2024-05-20,US,Phoenix,Lawyer,budget,English,influencer,re_engagement,256964,7504,463,12367.1,115850.08,9.3676,2.0
MC-12066,2024-05-20,ZA,Cape Town,Designer,budget,Afrikaans,email,awareness,33101,1197,47,727.92,4853.9,6.6682,7.0
MC-10436,2024-05-20,JP,Osaka,Data Scientist,budget,Japanese,display,acquisition,30792,452,11,2326.58,2319.52,0.997,4.0
MC-12389,2024-05-20,ES,Seville,Marketing Manager,mid,Spanish,social_media,retention,30452,431,13,1059.98,10225.18,9.6466,8.0
MC-12386,2024-05-20,AU,Adelaide,Architect,premium,English,social_media,retention,101692,2331,67,378.85,399123.72,1053.5138,3.0
MC-10689,2024-05-20,NL,The Hague,Architect,premium,Dutch,email,retention,62022,1547,108,3023.37,543939.79,179.9118,8.0
MC-12146,2024-05-20,US,Los Angeles,Researcher,mid,English,influencer,acquisition,354877,8068,391,1867.68,342254.65,183.2512,9.0
MC-11092,2024-05-20,DE,Munich,HR Manager,mid,German,social_media,acquisition,43110,1035,66,1905.16,40860.74,21.4474,8.0
MC-12310,2024-05-20,JP,Yokohama,Sales Rep,mid,Japanese,social_media,acquisition,79955,2002,66,573.09,43709.16,76.2693,3.0
MC-11543,2024-05-20,US,Chicago,Physician,premium,English,display,retention,500000,5298,361,165.36,1730983.09,10467.9674,7.0
MC-10607,2024-05-20,US,Chicago,Lawyer,mid,English,search,re_engagement,97675,8847,440,2728.2,587648.83,215.398,1.0
MC-12720,2024-05-20,IN,Hyderabad,Writer,budget,Hindi,display,awareness,230400,3430,86,55386.3,10122.51,0.1828,1.0
MC-10163,2024-05-20,GB,Glasgow,Writer,mid,English,influencer,acquisition,188803,4609,73,5353.66,39991.43,7.4699,2.0
MC-12190,2024-05-20,BR,Fortaleza,HR Manager,mid,Portuguese,email,awareness,140997,4122,119,376.3,-75.81627325772475,-0.2015,10.0
MC-11240,2024-05-20,CA,Toronto,Designer,mid,English,social_media,re_engagement,53307,1070,17,202.37,9009.25,44.5187,5.0
MC-11395,2024-05-20,CA,Calgary,Consultant,budget,English,search,awareness,43165,3505,191,1323.87,26956.26,20.3617,5.0
MC-12987,2024-05-20,ES,Bilbao,Consultant,premium,Spanish,display,re_engagement,500000,6225,77,3474.42,332250.56,95.6276,9.0
MC-11574,2024-05-20,DE,Cologne,Lawyer,premium,German,email,acquisition,21286,690,13,993.63,80639.34,81.1563,5.0
MC-12457,2024-05-20,IN,Pune,Physician,budget,Hindi,influencer,acquisition,102981,3276,123,6252.19,24402.4,3.903,9.0
MC-11283,2024-05-21,US,New York,Marketing Manager,premium,English,content_marketing,retention,4771,106,7,995.54,23115.31,23.2189,10.0
MC-11723,2024-05-21,MX,Puebla,HR Manager,budget,Spanish,social_media,acquisition,96065,2423,42,34326.53,3854.54,0.1123,5.0
MC-12295,2024-05-21,IN,Mumbai,Consultant,budget,Hindi,social_media,acquisition,140132,2883,59,2262.56,10058.77,4.4457,6.0
MC-12188,2024-05-21,ZA,Johannesburg,Accountant,premium,Afrikaans,influencer,awareness,63381,1719,122,1019.34,496059.76,486.648,10.0
MC-10509,2024-05-21,BR,Rio de Janeiro,HR Manager,mid,Portuguese,social_media,re_engagement,44765,797,34,199.18,18812.82,94.4514,4.0
MC-10271,2024-05-21,GB,Manchester,Teacher,budget,English,search,awareness,71081,5197,65,1259.48,6870.5,5.455,6.0
MC-12364,2024-05-21,US,Houston,Physician,budget,English,social_media,retention,28287,684,41,5441.93,9854.59,1.8109,6.0
MC-11192,2024-05-21,GB,Manchester,Writer,mid,English,display,retention,163863,1539,56,5289.14,30151.67,5.7007,7.0
MC-12943,2024-05-21,JP,Osaka,Product Manager,mid,Japanese,search,retention,52018,3218,183,5158.05,126822.7,24.5873,6.0
MC-11401,2024-05-21,GB,London,Designer,premium,English,search,awareness,31565,2924,111,2451.7,318147.0,129.7659,9.0
MC-10087,2024-05-21,US,Seattle,Product Manager,mid,English,email,acquisition,42121,1551,117,4918.39,95713.75,19.4604,8.0
MC-11962,2024-05-21,US,Houston,Product Manager,mid,English,social_media,awareness,269100,6269,67,3633.99,57838.98,15.9161,6.0
MC-10390,2024-05-21,US,Los Angeles,Teacher,budget,English,influencer,retention,15429,482,23,365.92,2164.68,5.9157,4.0
MC-12888,2024-05-21,IN,Pune,Accountant,budget,Hindi,display,awareness,153552,1377,38,1036.96,6577.5,6.3431,2.0
MC-12490,2024-05-21,MX,Puebla,Architect,premium,Spanish,social_media,awareness,500000,12498,243,1188.84,1473872.58,1239.7569,5.0
MC-10792,2024-05-21,IN,Mumbai,Product Manager,premium,Hindi,influencer,acquisition,500000,14789,824,739.52,3357756.46,4540.4539,8.0
MC-11418,2024-05-21,GB,Bristol,Lawyer,budget,English,search,re_engagement,15634,823,40,5422.09,7666.07,1.4139,2.0
MC-10086,2024-05-21,GB,Leeds,Data Scientist,premium,English,content_marketing,acquisition,103412,2060,141,406.92,760448.4,1868.7909,
MC-10338,2024-05-21,US,New York,Data Scientist,premium,English,email,retention,34987,821,36,784.87,190479.6,242.6894,5.0
MC-10847,2024-05-21,US,Phoenix,Researcher,budget,English,search,acquisition,17569,1523,80,4396.21,13270.47,3.0186,6.0
MC-12534,2024-05-21,US,Los Angeles,Designer,premium,English,email,awareness,34064,830,36,2701.36,103828.37,38.4356,7.0
MC-12000,2024-05-21,FR,Marseille,Sales Rep,budget,French,social_media,acquisition,337290,7319,556,1140.71,60374.54,52.9272,10.0
MC-10856,2024-05-21,DE,Munich,Accountant,budget,German,display,acquisition,226959,1994,48,748.46,7688.6,10.2726,9.0
MC-10394,2024-05-21,GB,Glasgow,Software Engineer,budget,English,influencer,awareness,53805,1182,24,6645.27,5485.72,0.8255,7.0
MC-12027,2024-05-21,US,San Francisco,Physician,premium,English,search,acquisition,112273,5969,120,376.18,715867.78,1902.9927,6.0
MC-12409,2024-05-21,US,Phoenix,Consultant,budget,English,display,awareness,289425,4402,127,2709.06,16223.08,5.9885,9.0
MC-10665,2024-05-21,NL,Amsterdam,Consultant,mid,Dutch,email,acquisition,5903,137,4,640.41,2789.23,4.3554,3.0
MC-10962,2024-05-21,US,Phoenix,Architect,mid,English,social_media,re_engagement,377440,7728,141,13059.06,185468.06,14.2023,9.0
MC-11422,2024-05-21,SG,Singapore,Teacher,mid,English,social_media,acquisition,500000,11514,264,965.17,160763.2,166.5646,9.0
MC-10253,2024-05-21,GB,Birmingham,Designer,mid,English,email,re_engagement,20639,601,38,5015.05,19083.35,3.8052,3.0
MC-12685,2024-05-21,IN,Delhi,Lawyer,premium,Hindi,social_media,awareness,114220,2491,76,1250.92,365435.47,292.1334,7.0
MC-11081,2024-05-21,BR,Rio de Janeiro,Teacher,mid,Portuguese,social_media,awareness,500000,10846,166,1144.7,108834.67,95.077,5.0
MC-10193,2024-05-21,JP,Osaka,Physician,budget,Japanese,social_media,retention,104287,1822,127,3987.21,29103.92,7.2993,8.0
MC-12687,2024-05-21,IN,Mumbai,Researcher,mid,Hindi,email,awareness,6883,257,14,466.83,10850.66,23.2433,2.0
MC-10218,2024-05-21,JP,Sapporo,Software Engineer,budget,Japanese,social_media,acquisition,44050,945,57,288.55,13205.31,45.7644,
MC-10568,2024-05-22,DE,Munich,Marketing Manager,mid,German,content_marketing,acquisition,6219,107,2,755.39,1697.83,2.2476,9.0
MC-10672,2024-05-22,DE,Cologne,Writer,mid,German,email,awareness,59814,1772,29,2223.1,19389.8,8.722,
MC-11134,2024-05-22,DE,Berlin,Architect,budget,German,display,awareness,107277,1087,58,255.83,12986.16,50.7609,
MC-10862,2024-05-22,US,San Francisco,Writer,premium,English,search,acquisition,25043,1544,83,280.95,191504.88,681.6333,3.0
MC-11697,2024-05-22,US,Phoenix,Consultant,mid,English,email,retention,12490,372,10,3085.97,8028.64,2.6017,7.0
MC-12555,2024-05-22,GB,Birmingham,Sales Rep,mid,English,social_media,retention,473895,7290,469,1049.85,215255.69,205.0347,
MC-12957,2024-05-22,AU,Brisbane,Data Scientist,mid,English,search,awareness,13582,971,23,1645.28,25444.91,15.4654,9.0
MC-11648,2024-05-22,CA,Ottawa,Teacher,budget,English,email,acquisition,15467,591,11,2390.07,1148.87,0.4807,3.0
MC-10211,2024-05-22,GB,Manchester,Marketing Manager,budget,English,content_marketing,acquisition,48528,919,17,914.79,3030.57,3.3129,10.0
MC-11994,2024-05-22,GB,London,Data Scientist,mid,English,search,retention,168138,11703,562,4504.29,726482.94,161.2869,1.0
MC-12692,2024-05-22,GB,London,Physician,premium,English,email,acquisition,21037,804,22,4372.72,145555.95,33.2873,4.0
MC-11522,2024-05-22,FR,Lyon,Consultant,premium,French,email,retention,86634,3094,122,1592.45,503630.94,316.2617,5.0
MC-12196,2024-05-22,SG,Singapore,Designer,budget,English,search,re_engagement,147135,11242,447,3190.29,47774.78,14.9751,1.0
MC-12522,2024-05-22,IL,Netanya,Physician,budget,Hebrew,email,awareness,38542,1177,88,667.03,15497.06,23.2329,7.0
MC-11335,2024-05-22,US,Houston,Teacher,mid,English,email,awareness,6560,192,11,3456.78,6943.06,2.0085,9.0
MC-12517,2024-05-22,DE,Cologne,Sales Rep,premium,German,social_media,awareness,92242,1580,40,1581.84,114420.09,72.3335,4.0
MC-12083,2024-05-22,IN,Chennai,Sales Rep,mid,Hindi,search,retention,8740,652,12,2954.27,5484.4,1.8564,9.0
MC-11487,2024-05-22,IN,Bangalore,Writer,mid,Hindi,email,retention,4819,170,7,1658.73,3989.39,2.4051,5.0
MC-12144,2024-05-22,SG,Singapore,Accountant,mid,English,influencer,acquisition,14184,385,8,2964.91,7196.12,2.4271,3.0
MC-12509,2024-05-22,DE,Frankfurt,Data Scientist,mid,German,content_marketing,acquisition,44616,632,34,2230.86,36983.13,16.578,8.0
MC-10889,2024-05-22,US,Phoenix,Marketing Manager,budget,English,email,retention,50107,1379,48,551.22,6772.51,12.2864,6.0
MC-10710,2024-05-22,US,San Francisco,Product Manager,premium,English,social_media,acquisition,56190,804,52,7939.87,242030.64,30.4829,5.0
MC-12552,2024-05-22,NL,The Hague,Physician,premium,Dutch,search,acquisition,6596,407,9,8091.04,58064.67,7.1764,6.0
MC-10359,2024-05-22,ZA,Cape Town,Physician,budget,Afrikaans,influencer,acquisition,28870,883,48,2374.15,11156.53,4.6992,6.0
MC-10136,2024-05-22,ZA,Johannesburg,Data Scientist,mid,Afrikaans,search,retention,85955,8181,160,3331.68,178724.04,53.6438,5.0
MC-12032,2024-05-22,FR,Paris,Marketing Manager,budget,French,display,retention,8553,115,3,429.69,527.33,1.2272,1.0
MC-12257,2024-05-22,US,New York,Data Scientist,mid,English,email,acquisition,3076,111,3,2026.91,3730.13,1.8403,7.0
MC-12166,2024-05-22,IN,Kolkata,Architect,budget,Hindi,display,acquisition,303753,3437,231,220.79,54109.09,245.0704,5.0
MC-12925,2024-05-22,GB,Birmingham,Sales Rep,budget,English,email,retention,11329,329,15,834.77,1789.53,2.1437,3.0
MC-11818,2024-05-22,US,Los Angeles,Architect,budget,English,search,retention,25163,2352,88,496.32,21338.28,42.993,5.0
MC-10498,2024-05-22,US,New York,Researcher,premium,English,search,acquisition,143530,10612,476,7797.82,2174045.01,278.8016,2.0
MC-10259,2024-05-22,ES,Barcelona,Researcher,mid,Spanish,email,retention,2762,84,5,2820.86,4245.14,1.5049,10.0
MC-10153,2024-05-22,ES,Barcelona,Lawyer,mid,Spanish,social_media,acquisition,3975,87,6,4206.33,7583.65,1.8029,8.0
MC-11573,2024-05-22,GB,Bristol,Researcher,mid,English,email,awareness,12790,397,31,1131.43,22910.99,20.2496,7.0
MC-10194,2024-05-22,CA,Montreal,Teacher,budget,English,email,awareness,18306,394,13,7632.43,1497.41,0.1962,10.0
MC-12120,2024-05-22,IN,Pune,Data Scientist,mid,Hindi,display,acquisition,500000,6510,510,328.32,595764.18,1814.5839,4.0
MC-12875,2024-05-22,IN,Pune,Data Scientist,premium,Hindi,email,acquisition,64759,2367,159,1600.75,994702.3,621.3977,3.0
MC-10440,2024-05-22,US,Houston,HR Manager,mid,English,email,retention,10575,334,25,7205.47,13432.83,1.8643,1.0
MC-12089,2024-05-22,ES,Valencia,Product Manager,budget,Spanish,email,acquisition,41814,1186,58,298.98,7161.38,23.9527,2.0
MC-10976,2024-05-22,IL,Tel Aviv,HR Manager,mid,Hebrew,search,awareness,57793,3392,65,1168.56,31241.97,26.7354,2.0
MC-10306,2024-05-22,CA,Vancouver,Physician,mid,English,email,acquisition,53951,1979,152,20543.26,167949.21,8.1754,4.0
MC-10368,2024-05-23,DE,Berlin,Marketing Manager,mid,German,email,re_engagement,18767,716,11,598.69,7383.54,12.3328,8.0
MC-11775,2024-05-23,ZA,Port Elizabeth,Software Engineer,premium,Afrikaans,search,awareness,25263,2433,39,271.92,183322.27,674.1772,8.0
MC-12579,2024-05-23,IN,Pune,Sales Rep,mid,Hindi,email,awareness,168492,4049,140,7000.96,93870.09,13.4082,5.0
MC-12187,2024-05-23,FR,Lyon,Writer,budget,French,social_media,awareness,34827,587,11,4230.88,1349.44,0.319,8.0
MC-12402,2024-05-23,FR,Bordeaux,Product Manager,mid,French,social_media,re_engagement,68992,980,68,1549.13,60952.94,39.3466,8.0
MC-11349,2024-05-23,US,Seattle,Product Manager,budget,English,social_media,re_engagement,478012,9126,283,142.92,40550.65,283.7297,3.0
MC-11088,2024-05-23,FR,Nice,Accountant,premium,French,social_media,acquisition,30570,452,12,1391.57,48301.18,34.7098,3.0
MC-11681,2024-05-23,NL,Eindhoven,Architect,budget,Dutch,content_marketing,awareness,4356,75,1,6155.38,171.35,0.0278,2.0
MC-11690,2024-05-23,US,Chicago,HR Manager,budget,English,social_media,acquisition,52992,1339,36,1824.63,3853.03,2.1117,1.0
MC-10210,2024-05-23,ZA,Port Elizabeth,Product Manager,budget,Afrikaans,email,awareness,17820,465,6,3359.82,1057.28,0.3147,7.0
MC-12471,2024-05-23,DE,Stuttgart,Marketing Manager,mid,German,influencer,awareness,241939,6365,489,1318.48,427530.88,324.2604,3.0
MC-12322,2024-05-23,US,San Francisco,Designer,premium,English,email,retention,140093,3345,219,1575.02,693299.18,440.1844,5.0
MC-10502,2024-05-23,BR,Brasília,Physician,mid,Portuguese,display,acquisition,218151,3081,43,775.61,49450.91,63.7574,9.0
MC-12326,2024-05-23,MX,Monterrey,HR Manager,premium,Spanish,influencer,acquisition,19431,564,9,8804.81,25768.56,2.9266,10.0
MC-12416,2024-05-23,US,Chicago,Marketing Manager,premium,English,display,re_engagement,19764,290,14,1611.16,57967.11,35.9785,2.0
MC-12589,2024-05-23,US,San Francisco,Teacher,budget,English,email,acquisition,5340,145,8,5086.5,745.87,0.1466,3.0
MC-10303,2024-05-23,US,Los Angeles,Sales Rep,mid,English,email,awareness,3632,80,5,2638.38,3314.86,1.2564,1.0
MC-12772,2024-05-23,GB,Manchester,Teacher,premium,English,email,awareness,5107,174,7,2048.18,19472.49,9.5072,7.0
MC-11786,2024-05-23,FR,Toulouse,Software Engineer,premium,French,social_media,awareness,170877,2593,133,2398.34,701217.68,292.3763,6.0
MC-12782,2024-05-23,US,San Francisco,Software Engineer,budget,English,content_marketing,acquisition,10107,196,11,1606.33,2211.64,1.3768,5.0
MC-10686,2024-05-23,DE,Berlin,Writer,mid,German,email,acquisition,10418,278,4,1709.08,2498.1,1.4617,6.0
MC-10358,2024-05-23,FR,Toulouse,Designer,mid,French,social_media,re_engagement,17962,425,5,6752.38,3032.15,0.449,6.0
MC-10755,2024-05-23,IN,Pune,Data Scientist,mid,Hindi,email,retention,2657,97,2,4004.37,2391.89,0.5973,6.0
MC-11510,2024-05-23,NL,The Hague,Software Engineer,budget,Dutch,email,awareness,19267,463,17,1724.49,4197.07,2.4338,6.0
MC-10643,2024-05-23,US,San Francisco,Consultant,budget,English,search,re_engagement,24223,2337,108,2347.69,14718.68,6.2694,1.0
MC-11323,2024-05-23,JP,Yokohama,Product Manager,mid,Japanese,social_media,retention,59957,1065,46,2694.86,42379.88,15.7262,4.0
MC-12818,2024-05-23,US,Los Angeles,Product Manager,premium,English,content_marketing,awareness,2968,51,2,931.83,6718.63,7.2101,2.0
MC-10002,2024-05-23,US,San Francisco,Writer,mid,English,content_marketing,acquisition,72620,1479,52,1237.01,26011.59,21.0278,10.0
MC-12034,2024-05-23,NL,Rotterdam,Teacher,premium,Dutch,social_media,acquisition,27212,680,11,1420.88,35704.13,25.1282,8.0
MC-12022,2024-05-23,SG,Singapore,Writer,mid,English,social_media,re_engagement,14112,278,13,15398.08,6866.22,0.4459,8.0
MC-11896,2024-05-23,IN,Chennai,Consultant,mid,Hindi,email,acquisition,22876,654,36,2426.85,28395.23,11.7004,4.0
MC-11390,2024-05-23,ES,Seville,Researcher,budget,Spanish,search,retention,16962,1421,41,313.31,6272.36,20.0197,2.0
MC-10861,2024-05-23,US,Seattle,Marketing Manager,budget,English,search,re_engagement,45404,2596,100,2527.35,16258.28,6.4329,1.0
MC-10917,2024-05-23,DE,Munich,Consultant,mid,German,email,acquisition,12891,448,5,2870.82,4278.58,1.4904,3.0
MC-11530,2024-05-23,US,Phoenix,Physician,mid,English,email,awareness,25651,632,28,2392.85,26304.12,10.9928,6.0
MC-12895,2024-05-23,US,New York,Product Manager,premium,English,email,acquisition,68274,2155,130,584.12,483651.42,828.0001,8.0
MC-12641,2024-05-23,IN,Chennai,Accountant,mid,Hindi,content_marketing,awareness,25851,378,19,1590.72,15331.55,9.6381,9.0
MC-11641,2024-05-24,FR,Bordeaux,Designer,premium,French,search,acquisition,24610,1806,110,9371.37,319704.29,34.115,4.0
MC-10262,2024-05-24,BR,Brasília,Software Engineer,mid,Portuguese,content_marketing,acquisition,91151,1807,46,9985.32,53616.24,5.3695,
MC-11384,2024-05-24,US,Chicago,Software Engineer,mid,English,social_media,acquisition,500000,11014,374,2899.96,356630.64,122.9778,5.0
MC-12227,2024-05-24,JP,Nagoya,Software Engineer,mid,Japanese,display,acquisition,67278,913,57,2347.99,63580.56,27.0787,10.0
MC-11040,2024-05-24,CA,Montreal,Accountant,budget,English,search,retention,81977,7656,478,1364.74,62496.93,45.794,3.0
MC-11410,2024-05-24,US,Chicago,HR Manager,budget,English,display,acquisition,186696,2067,104,463.24,12502.52,26.9893,4.0
MC-11720,2024-05-24,IN,Delhi,Consultant,budget,Hindi,email,awareness,6834,228,13,887.38,1624.39,1.8305,4.0
MC-12237,2024-05-24,SG,Singapore,Architect,mid,English,display,acquisition,81285,1044,29,3667.5,30949.42,8.4388,4.0
MC-10512,2024-05-24,SG,Singapore,Software Engineer,budget,English,display,retention,14556,158,11,2363.47,2010.85,0.8508,9.0
MC-12294,2024-05-24,IN,Mumbai,Designer,mid,Hindi,email,retention,16358,397,23,2231.24,12391.68,5.5537,7.0
MC-10385,2024-05-24,IN,Mumbai,HR Manager,mid,Hindi,social_media,awareness,92530,2262,36,5037.94,22863.52,4.5383,8.0
MC-11227,2024-05-24,US,Los Angeles,Teacher,budget,English,search,re_engagement,18127,992,44,750.45,4577.12,6.0992,1.0
MC-12557,2024-05-24,GB,Leeds,Marketing Manager,premium,English,social_media,acquisition,31645,684,51,2301.71,190639.55,82.8252,10.0
MC-11054,2024-05-24,ZA,Port Elizabeth,Researcher,mid,Afrikaans,social_media,acquisition,112295,1798,69,3583.0,62605.74,17.473,8.0
MC-11758,2024-05-24,IN,Chennai,Architect,mid,Hindi,social_media,acquisition,32847,679,8,677.89,10190.62,15.0329,4.0
MC-10613,2024-05-24,US,Los Angeles,Writer,budget,English,display,awareness,500000,7440,448,6671.55,49292.6,7.3885,5.0
MC-10243,2024-05-24,US,San Francisco,Accountant,budget,English,display,awareness,17163,204,9,10073.82,1251.97,0.1243,8.0
MC-11804,2024-05-24,GB,Glasgow,Writer,premium,English,email,retention,55443,2111,68,1211.88,222810.49,183.8552,8.0
MC-10709,2024-05-24,DE,Munich,Sales Rep,mid,German,email,re_engagement,1000,24,1,388.31,591.11,1.5223,4.0
MC-12567,2024-05-24,GB,Manchester,Designer,mid,English,email,acquisition,9042,208,3,5321.77,1693.6,0.3182,6.0
MC-12605,2024-05-24,DE,Cologne,Architect,mid,German,influencer,retention,38476,1225,52,957.09,63791.78,66.6518,9.0
MC-11790,2024-05-24,ES,Seville,Sales Rep,mid,Spanish,email,re_engagement,9814,338,15,2713.23,9430.71,3.4758,3.0
MC-12037,2024-05-24,US,New York,Researcher,premium,English,social_media,awareness,10160,155,5,1221.44,22490.64,18.4132,5.0
MC-11265,2024-05-24,MX,Tijuana,Architect,budget,Spanish,display,acquisition,500000,5018,205,6045.7,41192.1,6.8135,
MC-10522,2024-05-24,AU,Perth,Consultant,mid,English,social_media,acquisition,180740,3360,237,591.24,174308.51,294.8185,5.0
MC-10460,2024-05-24,US,Chicago,Sales Rep,premium,English,email,re_engagement,31556,882,9,1780.74,24113.69,13.5414,8.0
MC-12891,2024-05-24,GB,London,Lawyer,mid,English,email,retention,60725,2008,132,1841.67,160709.68,87.263,7.0
MC-11767,2024-05-24,NL,Amsterdam,Marketing Manager,mid,Dutch,search,awareness,27193,2313,41,684.4,38587.04,56.3808,9.0
MC-11127,2024-05-24,NL,Eindhoven,Teacher,mid,Dutch,search,retention,20116,1313,45,2934.79,23250.0,7.9222,3.0
MC-12415,2024-05-24,IN,Hyderabad,Writer,mid,Hindi,search,re_engagement,54122,4415,69,1357.87,38659.27,28.4705,7.0
MC-12007,2024-05-24,IN,Bangalore,HR Manager,premium,Hindi,display,retention,26622,252,14,2067.12,35643.7,17.2432,1.0
MC-10530,2024-05-24,US,San Francisco,Physician,budget,English,search,acquisition,43399,4046,266,483.66,62746.9,129.7335,6.0
MC-12758,2024-05-24,NL,Rotterdam,Designer,budget,Dutch,search,acquisition,163098,14943,827,10591.79,84087.73,7.939,1.0
MC-12847,2024-05-24,US,New York,Sales Rep,budget,English,email,retention,3681,103,7,8040.03,784.5,0.0976,4.0
MC-10928,2024-05-24,CA,Montreal,Designer,mid,English,email,retention,5838,221,8,8546.14,4224.54,0.4943,9.0
MC-11878,2024-05-25,US,San Francisco,Marketing Manager,mid,English,search,acquisition,74281,4482,200,1357.32,185358.88,136.5624,5.0
MC-12725,2024-05-25,IN,Kolkata,HR Manager,premium,Hindi,social_media,awareness,12242,185,5,4942.27,14871.26,3.009,10.0
MC-10103,2024-05-25,IN,Hyderabad,Sales Rep,mid,Hindi,content_marketing,acquisition,39328,814,10,1347.94,4696.23,3.484,8.0
MC-11844,2024-05-25,IL,Haifa,Lawyer,budget,Hebrew,email,acquisition,32359,728,41,807.96,9648.52,11.9418,2.0
MC-11007,2024-05-25,US,Seattle,Data Scientist,mid,English,email,awareness,6917,263,12,1906.81,11984.99,6.2854,10.0
MC-12501,2024-05-25,US,Chicago,Researcher,mid,English,content_marketing,acquisition,12112,279,19,4803.42,12722.99,2.6487,3.0
MC-10448,2024-05-25,IN,Pune,Data Scientist,mid,Hindi,email,retention,14385,425,23,968.16,26852.07,27.7352,6.0
MC-12752,2024-05-25,IN,Pune,Accountant,premium,Hindi,search,re_engagement,5333,391,4,662.89,15166.65,22.8796,2.0
MC-12194,2024-05-25,US,Houston,HR Manager,budget,English,search,acquisition,9778,734,47,5641.68,4294.84,0.7613,4.0
MC-10222,2024-05-25,US,Chicago,Teacher,mid,English,influencer,acquisition,5243,106,1,4129.38,474.64,0.1149,8.0
MC-10245,2024-05-25,DE,Berlin,Marketing Manager,budget,German,display,re_engagement,10422,114,1,1585.96,143.68,0.0906,5.0
MC-10377,2024-05-25,DE,Munich,Physician,mid,German,search,re_engagement,96965,8900,304,213.47,304179.45,1424.9283,5.0
MC-12980,2024-05-25,US,Los Angeles,Accountant,budget,English,influencer,retention,17634,384,14,1560.71,2333.51,1.4952,6.0
MC-11112,2024-05-25,US,Los Angeles,Teacher,mid,English,social_media,retention,17482,411,11,283.1,7229.31,25.5362,2.0
MC-12481,2024-05-25,US,Los Angeles,Marketing Manager,budget,English,display,re_engagement,15474,193,2,100.52,246.71,2.4543,9.0
MC-10614,2024-05-25,US,Houston,HR Manager,mid,English,social_media,retention,39025,969,34,898.65,22038.32,24.5238,6.0
MC-10691,2024-05-25,US,Chicago,Researcher,mid,English,display,awareness,22203,263,15,1794.09,13275.32,7.3995,4.0
MC-11387,2024-05-25,DE,Munich,Researcher,premium,German,display,awareness,156720,1322,84,2320.6,389789.25,167.9692,6.0
MC-12674,2024-05-25,US,San Francisco,Accountant,mid,English,content_marketing,acquisition,44597,907,61,8037.06,41889.67,5.2121,7.0
MC-12740,2024-05-25,FR,Bordeaux,Marketing Manager,budget,French,search,re_engagement,22745,1608,26,518.33,3337.28,6.4385,8.0
MC-11377,2024-05-25,IN,Chennai,Sales Rep,premium,Hindi,email,retention,45470,1380,37,1121.94,120412.19,107.325,2.0
MC-12489,2024-05-25,US,Houston,HR Manager,mid,English,search,awareness,43752,2766,51,1288.43,29384.16,22.8062,10.0
MC-11941,2024-05-26,ES,Seville,Teacher,mid,Spanish,search,re_engagement,44816,2909,100,2306.61,65300.86,28.3103,1.0
MC-11389,2024-05-26,JP,Nagoya,Consultant,mid,Japanese,social_media,acquisition,366665,7757,120,877.92,101388.63,115.4873,1.0
MC-10525,2024-05-26,US,Seattle,Data Scientist,budget,English,search,re_engagement,88119,7925,269,1601.47,65753.93,41.0585,10.0
MC-12650,2024-05-26,MX,Guadalajara,HR Manager,premium,Spanish,content_marketing,acquisition,47092,778,11,1975.55,28155.94,14.2522,5.0
MC-10565,2024-05-26,GB,Leeds,Consultant,mid,English,social_media,awareness,242730,4885,291,493.86,275139.73,557.1209,9.0
MC-11727,2024-05-26,DE,Stuttgart,Sales Rep,mid,German,social_media,re_engagement,189450,4807,312,560.11,198285.0,354.0108,7.0
MC-10734,2024-05-26,JP,Yokohama,Marketing Manager,budget,Japanese,search,retention,301253,24606,1273,1127.86,181201.59,160.6596,8.0
MC-10403,2024-05-26,US,Phoenix,HR Manager,mid,English,display,retention,239157,3682,158,4960.58,104319.48,21.0297,1.0
MC-11048,2024-05-26,CA,Toronto,Physician,mid,English,email,awareness,6407,233,4,585.21,5135.9,8.7762,10.0
MC-12659,2024-05-26,SG,Singapore,Data Scientist,mid,English,search,awareness,55441,4744,197,34604.72,214457.49,6.1973,4.0
MC-11605,2024-05-26,US,Chicago,Data Scientist,budget,English,social_media,awareness,500000,7311,465,2741.29,97807.86,35.6795,10.0
MC-11147,2024-05-26,US,Phoenix,Accountant,mid,English,email,acquisition,78541,2563,108,1618.33,85024.75,52.5386,6.0
MC-10128,2024-05-26,JP,Yokohama,Marketing Manager,budget,Japanese,social_media,acquisition,77975,1869,35,2156.39,6051.24,2.8062,5.0
MC-11689,2024-05-26,FR,Marseille,Software Engineer,mid,French,search,retention,20752,1723,76,2445.36,78915.66,32.2716,2.0
MC-10814,2024-05-26,US,Seattle,Data Scientist,premium,English,search,awareness,292551,22764,1710,4100.22,10043132.15,2449.413,9.0
MC-12755,2024-05-26,ES,Bilbao,Sales Rep,mid,Spanish,search,retention,6518800,534033,20809,2250.72,9447345.46,4197.477,
MC-11795,2024-05-26,FR,Toulouse,Data Scientist,budget,French,social_media,acquisition,1995,32,2,306.3,480.39,1.5684,4.0
MC-12576,2024-05-26,IN,Delhi,Data Scientist,mid,Hindi,social_media,acquisition,104195,1657,83,9199.48,102075.75,11.0958,5.0
MC-10173,2024-05-26,IN,Pune,Product Manager,mid,Hindi,email,acquisition,33818,1028,71,4823.16,50483.99,10.467,7.0
MC-10727,2024-05-27,BR,Brasília,Marketing Manager,budget,Portuguese,social_media,awareness,269062,6692,367,8121.97,55209.36,6.7975,6.0
MC-10651,2024-05-27,NL,The Hague,Accountant,premium,Dutch,content_marketing,re_engagement,30928,420,18,494.2,83164.63,168.2813,4.0
MC-11245,2024-05-27,US,New York,Consultant,mid,English,social_media,retention,65632,1489,37,1944.98,33612.24,17.2815,5.0
MC-11892,2024-05-27,IN,Bangalore,Product Manager,budget,Hindi,email,awareness,17103,564,22,2047.86,3405.41,1.6629,2.0
MC-11201,2024-05-27,MX,Guadalajara,Marketing Manager,budget,Spanish,display,acquisition,29550,325,19,4330.33,2622.39,0.6056,5.0
MC-10438,2024-05-27,US,San Francisco,Accountant,mid,English,social_media,awareness,122627,2037,59,190.75,46886.11,245.7987,9.0
MC-10655,2024-05-27,DE,Stuttgart,Architect,mid,German,influencer,retention,153320,4559,280,4811.78,373930.96,77.7116,8.0
MC-10388,2024-05-27,US,Houston,Lawyer,premium,English,social_media,acquisition,407727,5995,65,1686.36,318975.87,189.1505,1.0
MC-12523,2024-05-27,NL,The Hague,Software Engineer,premium,Dutch,social_media,awareness,270300,5811,199,507.19,1264089.69,2492.3395,10.0
MC-10703,2024-05-27,US,Phoenix,Sales Rep,mid,English,social_media,awareness,252735,3941,314,1688.09,169344.59,100.3173,5.0
MC-10694,2024-05-27,US,New York,Designer,mid,English,display,retention,8016,97,5,3136.12,2570.55,0.8197,2.0
MC-10373,2024-05-27,US,San Francisco,Accountant,mid,English,search,acquisition,39404,2248,130,2218.73,97138.83,43.7813,9.0
MC-10457,2024-05-27,GB,Glasgow,Software Engineer,budget,English,email,acquisition,2874,86,4,8579.11,951.73,0.1109,6.0
MC-12401,2024-05-27,IN,Mumbai,Lawyer,mid,Hindi,social_media,re_engagement,16100,378,7,4159.49,8554.67,2.0567,6.0
MC-12487,2024-05-27,NL,Rotterdam,Lawyer,mid,Dutch,email,re_engagement,89483,3215,199,755.13,197169.36,261.1065,8.0
MC-12941,2024-05-27,ZA,Pretoria,Architect,mid,Afrikaans,search,retention,10848,1018,58,7801.11,54364.1,6.9688,2.0
MC-10393,2024-05-27,BR,Brasília,Consultant,mid,Portuguese,social_media,acquisition,95162,1805,140,17886.42,100817.25,5.6365,3.0
MC-12538,2024-05-27,BR,Salvador,Consultant,mid,Portuguese,search,retention,29956,2815,191,1826.13,162337.9,88.8972,10.0
MC-12434,2024-05-27,CA,Montreal,Writer,budget,English,search,acquisition,22311,1865,67,10961.06,7805.44,0.7121,2.0
MC-10623,2024-05-27,DE,Cologne,Product Manager,premium,German,influencer,acquisition,124875,2540,197,497.71,782797.6,1572.7986,5.0
MC-12976,2024-05-27,US,Chicago,Designer,budget,English,influencer,acquisition,23419,632,47,4992.67,4548.1,0.911,7.0
MC-10119,2024-05-27,US,Houston,Lawyer,budget,English,display,re_engagement,112041,963,47,10420.39,7970.77,0.7649,5.0
MC-11465,2024-05-27,ZA,Johannesburg,HR Manager,premium,Afrikaans,social_media,awareness,285565,4060,227,3021.03,587537.61,194.4825,10.0
MC-11496,2024-05-27,US,New York,Consultant,budget,English,content_marketing,retention,44416,733,45,288.29,7382.17,25.6068,5.0
MC-11567,2024-05-27,CA,Ottawa,Physician,premium,English,social_media,acquisition,95680,2226,155,1545.8,791051.27,511.7423,10.0
MC-11122,2024-05-27,FR,Toulouse,Sales Rep,premium,French,display,acquisition,131454,1467,37,2671.68,105719.55,39.5704,2.0
MC-12757,2024-05-27,US,Phoenix,Accountant,budget,English,email,retention,4196,144,3,7432.13,379.84,0.0511,4.0
MC-12178,2024-05-27,GB,Manchester,Data Scientist,mid,English,content_marketing,awareness,15855,369,16,4895.9,15132.0,3.0907,9.0
MC-12331,2024-05-27,NL,Eindhoven,Designer,premium,Dutch,content_marketing,retention,24305,507,31,596.06,72572.39,121.7535,2.0
MC-12862,2024-05-27,US,Chicago,Designer,budget,English,email,re_engagement,2971,87,6,3193.83,736.39,0.2306,10.0
MC-12828,2024-05-27,IN,Mumbai,Lawyer,budget,Hindi,social_media,awareness,322740,8107,443,3787.41,101882.36,26.9003,3.0
MC-10567,2024-05-27,IL,Tel Aviv,Teacher,mid,Hebrew,email,acquisition,21621,782,44,3512.87,29194.28,8.3107,5.0
MC-11498,2024-05-27,IN,Bangalore,Physician,budget,Hindi,social_media,retention,177527,3847,121,711.19,29380.51,41.3118,2.0
MC-12550,2024-05-27,ES,Seville,Product Manager,mid,Spanish,search,awareness,2193600,175651,10707,15181.92,9997251.43,658.4972,1.0
MC-10914,2024-05-27,JP,Sapporo,Accountant,mid,Japanese,email,acquisition,21831,514,40,699.61,28213.72,40.3278,1.0
MC-12582,2024-05-27,GB,Manchester,Consultant,mid,English,content_marketing,acquisition,42014,583,10,2014.97,6702.82,3.3265,5.0
MC-11524,2024-05-27,US,Chicago,Teacher,mid,English,content_marketing,retention,10369,218,3,2797.28,1400.09,0.5005,5.0
MC-11256,2024-05-27,US,Los Angeles,Product Manager,mid,English,search,acquisition,27952,2640,39,390.91,27823.83,71.1771,7.0
MC-10605,2024-05-27,GB,Manchester,Designer,mid,English,search,retention,12859,985,66,861.85,33463.35,38.8273,4.0
MC-12136,2024-05-27,MX,Tijuana,Product Manager,mid,Spanish,search,awareness,71413,5106,243,96.63,232995.1,2411.2087,3.0
MC-11268,2024-05-27,IL,Haifa,Product Manager,mid,Hebrew,search,retention,38718,2635,59,138.99,50289.98,361.8244,6.0
MC-12682,2024-05-28,FR,Paris,Consultant,budget,French,content_marketing,awareness,103155,1361,77,10056.04,9788.76,0.9734,9.0
MC-10494,2024-05-28,US,Houston,Marketing Manager,mid,English,social_media,awareness,33125,786,19,705.12,14108.35,20.0084,5.0
MC-12153,2024-05-28,AU,Sydney,Data Scientist,mid,English,email,re_engagement,35106,952,35,3781.62,42684.49,11.2874,4.0
MC-10885,2024-05-28,CA,Ottawa,HR Manager,mid,English,social_media,acquisition,51892,991,38,863.29,18426.74,21.3448,7.0
MC-11982,2024-05-28,US,San Francisco,Physician,mid,English,email,awareness,24924,699,9,5257.65,9940.35,1.8906,5.0
MC-11355,2024-05-28,CA,Ottawa,Lawyer,budget,English,social_media,acquisition,152572,2365,56,2720.6,12713.19,4.6729,5.0
MC-12744,2024-05-28,IL,Beer Sheva,Lawyer,mid,Hebrew,search,acquisition,32535,2115,53,558.17,49618.11,88.8943,6.0
MC-11217,2024-05-28,IN,Kolkata,Data Scientist,budget,Hindi,content_marketing,awareness,8570,181,11,6346.34,1872.88,0.2951,2.0
MC-10872,2024-05-28,GB,Manchester,Data Scientist,budget,English,email,re_engagement,128017,4130,86,2986.99,21417.48,7.1703,6.0
MC-11756,2024-05-28,DE,Munich,Designer,mid,German,social_media,awareness,28097,494,33,1190.46,16658.55,13.9934,10.0
MC-12887,2024-05-28,GB,London,Lawyer,budget,English,email,retention,15346,425,5,1271.5,1104.97,0.869,3.0
MC-10293,2024-05-28,US,Seattle,Software Engineer,mid,English,social_media,retention,46787,1091,69,1123.65,79188.59,70.4744,3.0
MC-11343,2024-05-28,GB,Leeds,Writer,mid,English,social_media,re_engagement,26097,530,31,578.14,14220.74,24.5974,9.0
MC-11183,2024-05-28,GB,Manchester,Marketing Manager,budget,English,display,awareness,168300,2195,49,2709.73,7919.08,2.9225,2.0
MC-10997,2024-05-28,US,Los Angeles,Marketing Manager,mid,English,display,retention,59109,885,45,8946.72,36789.43,4.1121,4.0
MC-11281,2024-05-28,US,Chicago,Researcher,premium,English,display,retention,320283,4197,110,1039.41,507181.35,487.9512,6.0
MC-11886,2024-05-28,US,Houston,Software Engineer,mid,English,search,acquisition,42022,2682,134,2781.0,165518.23,59.5175,6.0
MC-11079,2024-05-28,DE,Berlin,Marketing Manager,budget,German,search,retention,69179,4390,131,180.86,19584.55,108.2857,8.0
MC-10731,2024-05-28,US,Seattle,Writer,mid,English,social_media,awareness,31197,806,18,6282.31,10938.28,1.7411,4.0
MC-10844,2024-05-28,IN,Chennai,Researcher,budget,Hindi,search,acquisition,48333,4063,77,128.8,11464.18,89.0076,8.0
MC-11206,2024-05-28,US,Seattle,Architect,premium,English,email,acquisition,55308,1981,95,9403.5,590679.33,62.8148,10.0
MC-10653,2024-05-28,ES,Barcelona,Marketing Manager,mid,Spanish,influencer,acquisition,44737,1041,40,1703.95,32096.59,18.8366,6.0
MC-10857,2024-05-28,ZA,Johannesburg,Designer,premium,Afrikaans,influencer,awareness,303066,5735,379,377.09,885215.96,2347.4925,4.0
MC-12480,2024-05-28,US,Los Angeles,Teacher,budget,English,content_marketing,acquisition,65008,1316,97,301.15,12023.94,39.9267,9.0
MC-11097,2024-05-28,IN,Chennai,Lawyer,premium,Hindi,influencer,retention,40024,913,12,1625.69,67718.29,41.6551,4.0
MC-10397,2024-05-28,ZA,Johannesburg,Accountant,budget,Afrikaans,display,retention,108648,1645,38,2369.83,5076.67,2.1422,2.0
MC-10045,2024-05-28,IN,Delhi,Accountant,budget,Hindi,social_media,acquisition,45985,683,14,429.18,2461.26,5.7348,
MC-11857,2024-05-28,NL,The Hague,Researcher,mid,Dutch,search,awareness,3175,229,11,2720.14,9139.76,3.36,8.0
MC-10931,2024-05-28,US,Chicago,Writer,mid,English,social_media,re_engagement,205735,3946,234,453.45,120338.01,265.3832,5.0
MC-12787,2024-05-28,IN,Bangalore,Product Manager,budget,Hindi,content_marketing,re_engagement,96096,2146,130,5966.93,22397.4,3.7536,8.0
MC-11516,2024-05-28,IN,Delhi,Sales Rep,mid,Hindi,social_media,acquisition,10792,197,5,1254.92,2976.67,2.372,
MC-11592,2024-05-28,US,Chicago,Accountant,budget,English,social_media,acquisition,90685,1712,99,436.61,12005.67,27.4975,5.0
MC-11913,2024-05-28,NL,The Hague,Sales Rep,mid,Dutch,content_marketing,acquisition,20512,389,10,287.34,6526.73,22.7143,6.0
MC-11105,2024-05-28,ZA,Cape Town,Writer,mid,Afrikaans,social_media,acquisition,18390,279,9,2592.56,5373.1,2.0725,3.0
MC-10235,2024-05-28,US,Seattle,Writer,premium,English,email,acquisition,19984,610,45,4379.99,121323.02,27.6994,8.0
MC-11793,2024-05-28,IN,Kolkata,Researcher,budget,Hindi,display,retention,134646,1392,59,5722.84,9026.43,1.5773,4.0
MC-11859,2024-05-28,US,Seattle,Accountant,budget,English,social_media,re_engagement,6455,165,6,3412.61,774.28,0.2269,4.0
MC-11914,2024-05-28,SG,Singapore,Writer,mid,English,email,retention,1328,41,1,2610.27,529.73,0.2029,9.0
MC-12483,2024-05-29,FR,Paris,Writer,mid,French,search,retention,20497,1208,48,1389.71,28005.39,20.152,7.0
MC-11810,2024-05-29,BR,Salvador,HR Manager,premium,Portuguese,search,retention,29792,1657,27,8051.15,86815.84,10.783,9.0
MC-12046,2024-05-29,US,Houston,Software Engineer,premium,English,social_media,retention,43882,952,45,439.69,272244.92,619.1747,6.0
MC-12911,2024-05-29,US,Los Angeles,HR Manager,budget,English,email,awareness,625200,24311,1533,1759.12,143703.38,81.6905,10.0
MC-10745,2024-05-29,US,San Francisco,Software Engineer,budget,English,social_media,awareness,218320,3931,64,2836.89,13075.27,4.609,8.0
MC-12451,2024-05-29,SG,Singapore,Teacher,mid,English,email,awareness,19717,578,27,4881.33,13241.7,2.7127,5.0
MC-12601,2024-05-29,US,Phoenix,Architect,mid,English,email,retention,35124,1369,90,1562.67,81137.92,51.9226,10.0
MC-11996,2024-05-29,MX,Monterrey,Researcher,budget,Spanish,display,awareness,14862,136,3,1718.57,362.11,0.2107,4.0
MC-10517,2024-05-29,DE,Stuttgart,Lawyer,premium,German,search,acquisition,308109,21428,637,761.75,4200889.1,5514.7871,5.0
MC-10273,2024-05-29,GB,Glasgow,Researcher,budget,English,influencer,retention,38984,837,64,19766.81,10345.18,0.5234,
MC-11633,2024-05-29,US,Houston,Researcher,budget,English,social_media,re_engagement,87700,1662,98,1700.45,15521.36,9.1278,8.0
MC-10712,2024-05-29,US,Houston,Accountant,budget,English,social_media,acquisition,19382,336,18,669.22,2624.41,3.9216,5.0
MC-12014,2024-05-29,US,San Francisco,Teacher,budget,English,social_media,acquisition,22620,443,20,965.02,1777.43,1.8419,6.0
MC-10133,2024-05-29,IN,Delhi,Lawyer,budget,Hindi,email,awareness,14610,419,11,16158.81,2692.67,0.1666,
MC-10754,2024-05-29,FR,Marseille,Accountant,premium,French,email,acquisition,68764,1489,66,3611.82,303240.01,83.9577,5.0
MC-12688,2024-05-29,IN,Kolkata,Product Manager,mid,Hindi,display,acquisition,143421,1612,51,708.24,38820.45,54.8126,3.0
MC-12763,2024-05-29,US,Seattle,Writer,premium,English,email,re_engagement,8442,252,5,1545.82,15019.97,9.7165,7.0
MC-12598,2024-05-29,DE,Hamburg,Designer,mid,German,email,awareness,24728,738,8,456.76,4055.5,8.8788,4.0
MC-10610,2024-05-29,US,Phoenix,Consultant,premium,English,search,acquisition,18924,1496,41,2272.58,172864.5,76.0653,9.0
MC-10355,2024-05-29,IN,Hyderabad,HR Manager,budget,Hindi,email,retention,41302,1366,30,1573.93,2636.54,1.6751,5.0
MC-11518,2024-05-29,US,Houston,Consultant,mid,English,display,awareness,24048,244,4,3735.48,3386.29,0.9065,7.0
MC-10805,2024-05-29,DE,Cologne,Data Scientist,mid,German,social_media,re_engagement,272670,4532,210,572.91,255243.53,445.5212,8.0
MC-12106,2024-05-29,IN,Hyderabad,Accountant,premium,Hindi,email,awareness,45289,1076,77,394.97,277967.84,703.7695,9.0
MC-11554,2024-05-29,US,Seattle,Product Manager,premium,English,email,acquisition,12405,365,21,3313.78,85341.71,25.7536,1.0
MC-10636,2024-05-29,IL,Beer Sheva,Writer,budget,Hebrew,search,awareness,45255,3589,158,1168.39,15779.75,13.5056,10.0
MC-11066,2024-05-29,MX,Monterrey,Researcher,budget,Spanish,email,re_engagement,48884,1072,62,2566.3,9505.42,3.7039,9.0
MC-11329,2024-05-29,NL,Amsterdam,Physician,premium,Dutch,social_media,acquisition,88442,1731,111,1165.32,541906.97,465.0285,5.0
MC-12114,2024-05-29,US,Los Angeles,Marketing Manager,mid,English,email,awareness,3094,66,2,1012.97,1656.4,1.6352,
MC-12339,2024-05-29,BR,Rio de Janeiro,Marketing Manager,mid,Portuguese,social_media,awareness,46612,777,57,1532.73,52158.1,34.0295,5.0
MC-11825,2024-05-29,AU,Adelaide,Researcher,premium,English,content_marketing,acquisition,14878,286,18,1257.21,67589.73,53.7617,3.0
MC-12163,2024-05-29,AU,Melbourne,Sales Rep,mid,English,social_media,awareness,118472,2339,97,3839.92,56766.31,14.7832,5.0
MC-12585,2024-05-29,ES,Valencia,Sales Rep,mid,Spanish,display,acquisition,70365,842,44,1328.88,20809.89,15.6597,6.0
MC-10887,2024-05-29,IN,Kolkata,Software Engineer,premium,Hindi,search,retention,109295,9482,230,169.73,1083525.3,6383.8172,6.0
MC-12801,2024-05-29,IN,Delhi,Lawyer,premium,Hindi,social_media,acquisition,341515,6876,477,1730.19,2721450.14,1572.9198,7.0
MC-12135,2024-05-29,US,New York,Accountant,premium,English,social_media,acquisition,22342,546,11,3819.87,37947.61,9.9343,5.0
MC-12703,2024-05-29,FR,Paris,Designer,mid,French,email,acquisition,12599,328,4,1458.42,2343.93,1.6072,7.0
MC-12850,2024-05-29,ZA,Durban,Consultant,premium,Afrikaans,display,retention,15897,196,6,21223.11,26481.48,1.2478,8.0
MC-10310,2024-05-29,US,San Francisco,HR Manager,mid,English,social_media,awareness,15860,222,6,414.0,3308.86,7.9924,1.0
MC-12869,2024-05-29,GB,Glasgow,Teacher,budget,English,social_media,re_engagement,110307,1778,20,888.78,2162.38,2.433,4.0
MC-11026,2024-05-29,IN,Kolkata,Physician,budget,Hindi,influencer,retention,438283,12413,291,1006.15,62192.11,61.812,7.0
MC-10842,2024-05-29,GB,Birmingham,HR Manager,budget,English,email,acquisition,58737,1760,83,2054.15,9617.94,4.6822,7.0
MC-11594,2024-05-30,NL,Eindhoven,Writer,budget,Dutch,display,acquisition,266844,3850,208,1054.74,20453.91,19.3924,10.0
MC-10925,2024-05-30,FR,Toulouse,Product Manager,budget,French,search,acquisition,30775,2892,164,443.35,25660.51,57.8787,6.0
MC-12676,2024-05-30,GB,Glasgow,Researcher,budget,English,content_marketing,acquisition,267855,6255,248,1008.73,35413.13,35.1066,1.0
MC-11881,2024-05-30,US,Phoenix,Teacher,mid,English,influencer,acquisition,48209,1175,27,3174.08,17515.23,5.5182,7.0
MC-11074,2024-05-30,JP,Tokyo,Data Scientist,premium,Japanese,social_media,awareness,123235,2644,134,8234.78,735542.57,89.3215,9.0
MC-12647,2024-05-30,US,San Francisco,Software Engineer,mid,English,search,retention,107209,8218,541,1347.53,648190.51,481.0212,3.0
MC-10242,2024-05-30,US,Chicago,Data Scientist,mid,English,email,awareness,68295,1461,44,648.5,51399.59,79.2592,8.0
MC-11271,2024-05-30,US,New York,Accountant,budget,English,social_media,retention,22232,369,9,2197.93,1107.46,0.5039,9.0
MC-10557,2024-05-30,IN,Pune,Designer,premium,Hindi,content_marketing,re_engagement,81804,1539,82,1966.0,227982.22,115.9625,5.0
MC-10017,2024-05-30,SG,Singapore,Accountant,budget,English,content_marketing,acquisition,19348,283,12,4435.91,1718.72,0.3875,1.0
MC-10203,2024-05-30,IN,Delhi,Data Scientist,budget,Hindi,email,acquisition,13109,336,17,160.19,3916.72,24.4505,3.0
MC-10073,2024-05-30,MX,Puebla,Architect,premium,Spanish,influencer,acquisition,160482,4093,158,652.23,1009697.45,1548.0696,4.0
MC-10151,2024-05-30,ES,Valencia,Architect,budget,Spanish,email,acquisition,23269,660,14,415.64,2555.75,6.149,3.0
MC-10449,2024-05-30,BR,São Paulo,Researcher,mid,Portuguese,social_media,acquisition,50285,943,41,7424.41,30308.54,4.0823,8.0
MC-10907,2024-05-30,AU,Melbourne,Teacher,mid,English,email,acquisition,57732,2056,118,4438.11,57261.33,12.9022,6.0
MC-11539,2024-05-30,US,Chicago,Accountant,budget,English,social_media,acquisition,104542,2453,53,169.02,-64.72385599397784,-0.3829,10.0
MC-12852,2024-05-30,US,Phoenix,Data Scientist,mid,English,email,retention,32963,1137,68,1627.94,83901.87,51.5387,7.0
MC-12833,2024-05-30,IN,Pune,Consultant,mid,Hindi,search,retention,4171,348,5,5074.52,3550.14,0.6996,4.0
MC-11683,2024-05-30,US,Chicago,Marketing Manager,mid,English,influencer,acquisition,28906,889,23,7208.92,19307.55,2.6783,10.0
MC-12839,2024-05-30,MX,Puebla,Writer,premium,Spanish,content_marketing,acquisition,34976,571,8,16407.98,20940.41,1.2762,2.0
MC-11781,2024-05-30,DE,Stuttgart,Lawyer,mid,German,email,retention,32961,815,59,339.53,68124.19,200.6426,5.0
MC-10184,2024-05-30,DE,Stuttgart,Writer,mid,German,email,awareness,54111,1770,60,12632.12,27706.27,2.1933,3.0
MC-12542,2024-05-30,US,Houston,Designer,mid,English,search,awareness,21020,1181,49,3064.61,25882.92,8.4457,6.0
MC-11988,2024-05-30,DE,Frankfurt,Researcher,mid,German,email,retention,4899,148,6,720.95,4491.81,6.2304,6.0
MC-12304,2024-05-30,SG,Singapore,Researcher,budget,English,social_media,acquisition,10105,185,9,1072.31,1176.99,1.0976,5.0
MC-10322,2024-05-30,IN,Mumbai,Marketing Manager,budget,Hindi,content_marketing,acquisition,82621,1586,77,693.97,9253.78,13.3346,6.0
MC-11492,2024-05-30,AU,Melbourne,Writer,mid,English,social_media,acquisition,121047,1800,60,1345.63,29906.06,22.2246,4.0
MC-11657,2024-05-30,MX,Tijuana,Teacher,mid,Spanish,email,awareness,25644,589,14,4118.27,8044.33,1.9533,2.0
MC-10366,2024-05-30,FR,Paris,Accountant,mid,French,display,acquisition,33012,334,8,1193.75,5926.9,4.9649,4.0
MC-12636,2024-05-30,SG,Singapore,Researcher,mid,English,display,acquisition,96447,1227,92,4674.56,70373.41,15.0546,3.0
MC-12392,2024-05-30,BR,Brasília,Writer,budget,Portuguese,email,awareness,100232,2728,161,14311.7,14287.3,0.9983,
MC-10405,2024-05-31,US,Chicago,Sales Rep,mid,English,influencer,awareness,500000,13440,771,1957.79,399632.91,204.1245,9.0
MC-10172,2024-05-31,GB,Bristol,Product Manager,premium,English,search,retention,36480,2157,161,4217.22,733408.67,173.9081,10.0
MC-10556,2024-05-31,IN,Chennai,Writer,mid,Hindi,display,retention,22695,317,19,3018.87,12523.68,4.1485,4.0
MC-11073,2024-05-31,AU,Perth,Writer,budget,English,search,acquisition,49485,4257,141,362.64,16047.81,44.2527,4.0
MC-12115,2024-05-31,GB,London,Product Manager,budget,English,content_marketing,awareness,27182,488,15,1674.95,2690.59,1.6064,2.0
MC-11254,2024-05-31,ZA,Durban,Consultant,mid,Afrikaans,content_marketing,retention,10239,203,7,685.1,6059.66,8.8449,4.0
MC-12050,2024-05-31,GB,London,Data Scientist,premium,English,search,awareness,63890,4045,194,6031.28,1027385.34,170.3428,3.0
MC-11332,2024-05-31,FR,Nice,Researcher,mid,French,display,retention,113142,1031,21,1413.42,18900.71,13.3723,1.0
MC-12318,2024-05-31,DE,Stuttgart,Lawyer,budget,German,search,retention,38738,3316,80,709.59,19821.84,27.9342,5.0
MC-10033,2024-05-31,IN,Mumbai,Accountant,budget,Hindi,search,awareness,11214,1053,77,814.8,11700.7,14.3602,8.0
MC-12327,2024-05-31,US,Houston,Data Scientist,budget,English,display,acquisition,43962,455,14,3286.53,2482.82,0.7555,3.0
MC-12736,2024-05-31,DE,Frankfurt,Accountant,mid,German,display,retention,64428,837,44,1593.7,33890.23,21.2651,6.0
MC-12343,2024-05-31,US,Seattle,Lawyer,mid,English,email,acquisition,1270,48,1,1576.77,1315.86,0.8345,10.0
MC-12789,2024-05-31,IN,Pune,Architect,mid,Hindi,display,retention,19497,303,13,2426.48,13132.4,5.4121,7.0
MC-10116,2024-05-31,GB,Manchester,Teacher,mid,English,display,acquisition,13533,156,5,262.81,2443.08,9.296,4.0
MC-11823,2024-05-31,IN,Mumbai,Data Scientist,mid,Hindi,social_media,retention,163312,3680,281,3410.01,311225.56,91.2682,10.0
MC-10987,2024-05-31,DE,Cologne,Writer,mid,German,search,acquisition,7103,510,39,12614.17,23164.72,1.8364,4.0
MC-11873,2024-05-31,NL,Eindhoven,Software Engineer,budget,Dutch,influencer,awareness,43435,1041,82,2287.89,17730.61,7.7498,3.0
MC-12719,2024-05-31,IN,Delhi,Designer,premium,Hindi,content_marketing,awareness,228669,4068,316,429.95,938518.99,2182.8561,5.0
MC-10135,2024-05-31,MX,Tijuana,Consultant,budget,Spanish,email,re_engagement,31822,809,29,371.77,4299.66,11.5654,6.0
MC-10953,2024-05-31,IN,Delhi,HR Manager,mid,Hindi,email,retention,33820,961,71,5734.64,46958.84,8.1886,
MC-10344,2024-05-31,IN,Kolkata,Sales Rep,budget,Hindi,email,acquisition,3299,101,5,406.23,539.02,1.3269,5.0
MC-11481,2024-05-31,US,Chicago,Teacher,budget,English,social_media,awareness,30187,593,29,7590.26,2753.05,0.3627,8.0
MC-10742,2024-05-31,FR,Marseille,Marketing Manager,mid,French,social_media,retention,38405,988,42,4625.88,26883.49,5.8115,10.0
MC-11181,2024-05-31,BR,São Paulo,Teacher,budget,Portuguese,social_media,awareness,135470,2062,60,1213.28,6850.1,5.6459,9.0
MC-10790,2024-05-31,GB,Glasgow,Data Scientist,budget,English,email,retention,6660,219,3,1818.52,563.93,0.3101,6.0
MC-12819,2024-05-31,US,Chicago,Accountant,mid,English,social_media,awareness,500000,10757,220,777.51,159702.05,205.4019,2.0
MC-10922,2024-05-31,FR,Bordeaux,Accountant,mid,French,social_media,retention,49222,726,55,1191.09,40153.3,33.7114,3.0
MC-10357,2024-05-31,US,San Francisco,Software Engineer,premium,English,display,retention,500000,7358,363,1131.08,2008876.39,1776.0692,7.0
MC-10269,2024-05-31,IN,Chennai,Accountant,mid,Hindi,content_marketing,re_engagement,25920,353,24,1843.1,20678.92,11.2196,6.0
MC-11049,2024-06-01,US,Houston,Product Manager,mid,English,email,acquisition,15685,342,14,1860.38,11171.44,6.0049,4.0
MC-12702,2024-06-01,GB,Bristol,Data Scientist,mid,English,influencer,awareness,84105,1519,112,535.87,138899.26,259.2033,7.0
MC-11186,2024-06-01,US,Seattle,Writer,mid,English,email,retention,20665,786,34,495.49,19925.92,40.2146,10.0
MC-12273,2024-06-01,DE,Berlin,Teacher,premium,German,content_marketing,acquisition,108231,1989,96,3166.53,258300.07,81.572,3.0
MC-11455,2024-06-01,IN,Delhi,Data Scientist,budget,Hindi,social_media,awareness,118262,2791,75,649.1,15022.57,23.1437,10.0
MC-12097,2024-06-01,US,Houston,Physician,premium,English,email,awareness,37700,998,16,919.74,91696.0,99.6977,2.0
MC-11056,2024-06-01,ES,Madrid,HR Manager,mid,Spanish,email,acquisition,26409,648,37,924.76,18337.6,19.8296,4.0
MC-10611,2024-06-01,IN,Pune,Researcher,premium,Hindi,social_media,acquisition,160662,3416,211,655.23,1009740.01,1541.0467,10.0
MC-10354,2024-06-01,JP,Tokyo,Teacher,mid,Japanese,social_media,retention,109997,2301,126,536.17,73815.6,137.672,1.0
MC-12250,2024-06-01,US,New York,Teacher,premium,English,email,acquisition,16134,608,16,4612.51,45221.19,9.804,4.0
MC-11053,2024-06-01,DE,Munich,Accountant,premium,German,search,acquisition,49757,4224,322,1339.97,1520167.19,1134.4785,
MC-10921,2024-06-01,IN,Pune,Teacher,budget,Hindi,email,awareness,3919,92,6,2325.15,548.87,0.2361,5.0
MC-12745,2024-06-01,IN,Pune,Accountant,mid,Hindi,email,retention,74807,1683,50,10944.78,36907.91,3.3722,6.0
MC-11175,2024-06-01,US,Chicago,Lawyer,mid,English,email,awareness,8168,300,19,1740.69,24570.33,14.1153,1.0
MC-12982,2024-06-01,ZA,Durban,Lawyer,mid,Afrikaans,influencer,re_engagement,500000,10609,345,810.06,429358.35,530.0328,6.0
MC-12116,2024-06-01,SG,Singapore,Teacher,mid,English,influencer,acquisition,310890,7219,220,1486.87,122026.95,82.0697,1.0
MC-10263,2024-06-01,US,Los Angeles,Designer,premium,English,search,retention,7434,659,46,385.5,125099.82,324.5132,8.0
MC-12219,2024-06-01,FR,Paris,Marketing Manager,budget,French,search,awareness,24432,2310,108,10021.03,15585.33,1.5553,9.0
MC-10317,2024-06-01,US,Seattle,Marketing Manager,premium,English,search,acquisition,99740,9289,101,768.4,413861.53,538.6017,10.0
MC-11115,2024-06-01,AU,Brisbane,Architect,budget,English,social_media,awareness,137965,2808,128,457.53,24198.33,52.8891,6.0
MC-11312,2024-06-01,IN,Hyderabad,Teacher,budget,Hindi,social_media,acquisition,177670,4280,329,13947.75,31102.51,2.2299,7.0
MC-11865,2024-06-01,US,Seattle,Designer,mid,English,content_marketing,re_engagement,38731,840,9,3649.73,5819.11,1.5944,2.0
MC-10068,2024-06-01,IN,Mumbai,Teacher,budget,Hindi,influencer,acquisition,179497,5429,63,1909.9,7505.08,3.9296,10.0
MC-10970,2024-06-01,IN,Chennai,Writer,mid,Hindi,display,awareness,10449,114,6,1160.07,3327.16,2.8681,10.0
MC-12560,2024-06-02,IN,Hyderabad,Software Engineer,mid,Hindi,display,awareness,500000,6654,506,1123.93,475954.77,423.4737,3.0
MC-11152,2024-06-02,IN,Delhi,Architect,mid,Hindi,email,awareness,39120,908,25,241.98,29868.24,123.4327,1.0
MC-10865,2024-06-02,CA,Calgary,Consultant,budget,English,email,awareness,5017,165,13,19947.8,1672.16,0.0838,8.0
MC-10111,2024-06-02,ES,Madrid,Product Manager,premium,Spanish,email,awareness,29020,834,19,3715.46,89730.93,24.1507,1.0
MC-11375,2024-06-02,DE,Munich,Product Manager,mid,German,search,retention,4085,284,21,1936.11,16114.21,8.323,4.0
MC-10031,2024-06-02,GB,Manchester,Writer,budget,English,display,awareness,208311,1893,23,1746.44,2569.5,1.4713,10.0
MC-12525,2024-06-02,SG,Singapore,Marketing Manager,budget,English,social_media,acquisition,228355,5337,201,16182.27,27900.35,1.7241,4.0
MC-11419,2024-06-02,CA,Vancouver,Teacher,premium,English,social_media,awareness,41830,974,51,213.54,169668.35,794.5507,5.0
MC-11302,2024-06-02,US,Houston,Designer,premium,English,display,awareness,19875,174,3,418.22,7580.33,18.1252,3.0
MC-11125,2024-06-02,DE,Hamburg,Marketing Manager,mid,German,display,retention,123864,1753,78,3876.29,58351.39,15.0534,7.0
MC-11824,2024-06-02,US,Seattle,Software Engineer,mid,English,display,retention,317736,4762,288,702.53,326938.84,465.3735,
MC-11812,2024-06-02,IN,Hyderabad,Sales Rep,mid,Hindi,social_media,acquisition,398232,9288,626,34857.21,281406.94,8.0731,1.0
MC-10192,2024-06-02,GB,Leeds,Data Scientist,budget,English,display,acquisition,65148,555,44,664.03,8692.39,13.0904,7.0
MC-11807,2024-06-02,US,New York,Researcher,premium,English,social_media,retention,117995,2966,145,4115.02,677935.55,164.7466,8.0
MC-12578,2024-06-02,GB,Bristol,Consultant,mid,English,social_media,re_engagement,178310,4492,80,471.66,58294.88,123.5951,10.0
MC-12358,2024-06-02,US,Los Angeles,Software Engineer,mid,English,content_marketing,acquisition,13025,211,5,9644.63,6066.38,0.629,4.0
MC-12030,2024-06-02,JP,Sapporo,Researcher,mid,Japanese,email,awareness,260916,7415,339,517.8,271001.05,523.3701,1.0
MC-12413,2024-06-02,SG,Singapore,HR Manager,mid,English,content_marketing,awareness,158779,2921,223,2263.78,104990.71,46.3785,
MC-12060,2024-06-02,IN,Kolkata,Data Scientist,premium,Hindi,influencer,acquisition,98960,2173,28,10518.15,148723.82,14.1397,4.0
MC-11946,2024-06-02,IN,Delhi,Lawyer,mid,Hindi,social_media,retention,44155,1089,51,1457.88,58378.71,40.0436,2.0
MC-12461,2024-06-02,US,Chicago,Researcher,budget,English,social_media,re_engagement,212197,4772,49,2975.05,7185.35,2.4152,2.0
MC-12044,2024-06-02,DE,Berlin,Architect,mid,German,email,retention,44783,1715,67,20274.1,61723.86,3.0445,3.0
MC-12071,2024-06-02,IN,Delhi,Physician,premium,Hindi,search,awareness,18990,1120,87,1335.93,475622.38,356.0234,5.0
MC-11121,2024-06-02,US,Houston,Architect,mid,English,content_marketing,acquisition,44824,708,36,1819.6,42610.83,23.4177,3.0
MC-11948,2024-06-02,US,Phoenix,Sales Rep,mid,English,display,retention,287790,3104,108,1189.1,59443.14,49.99,5.0
MC-10940,2024-06-02,US,Los Angeles,Architect,budget,English,social_media,re_engagement,65402,1138,35,2218.22,7615.52,3.4332,1.0
MC-11400,2024-06-02,US,Chicago,Data Scientist,premium,English,search,re_engagement,38331,2487,106,278.18,701826.83,2522.9234,9.0
MC-10762,2024-06-02,US,Chicago,Software Engineer,budget,English,search,retention,8478,483,12,6283.14,2850.29,0.4536,4.0
MC-12215,2024-06-02,FR,Marseille,HR Manager,mid,French,email,re_engagement,207194,7491,555,1519.8,268730.44,176.8196,1.0
MC-12798,2024-06-02,ZA,Johannesburg,Product Manager,mid,Afrikaans,display,retention,291324,4262,196,15316.77,159605.17,10.4203,1.0
MC-10311,2024-06-03,FR,Bordeaux,Writer,mid,French,search,retention,31921,2592,115,2510.14,63160.41,25.1621,3.0
MC-12125,2024-06-03,US,Phoenix,Physician,mid,English,search,awareness,64987,3801,57,579.48,72958.65,125.9037,1.0
MC-12796,2024-06-03,GB,Bristol,Writer,budget,English,influencer,acquisition,64591,1472,110,5961.64,12393.21,2.0788,5.0
MC-10946,2024-06-03,US,Los Angeles,HR Manager,budget,English,search,retention,73982,5192,407,1426.93,46795.51,32.7945,4.0
MC-10796,2024-06-03,IN,Mumbai,Product Manager,premium,Hindi,display,awareness,62691,695,36,181.61,146569.66,807.0572,9.0
MC-11172,2024-06-03,NL,The Hague,HR Manager,mid,Dutch,email,acquisition,46165,1461,116,1437.34,53173.69,36.9945,9.0
MC-12547,2024-06-03,FR,Toulouse,HR Manager,budget,French,email,acquisition,42822,1150,59,1367.36,5272.24,3.8558,9.0
MC-10988,2024-06-03,JP,Yokohama,Physician,mid,Japanese,social_media,awareness,35880,567,41,12755.44,41522.22,3.2553,3.0
MC-12258,2024-06-03,ES,Valencia,Software Engineer,budget,Spanish,content_marketing,acquisition,191122,3622,214,594.21,46832.75,78.8151,5.0
MC-12008,2024-06-03,IN,Mumbai,Consultant,budget,Hindi,email,acquisition,15131,585,21,525.36,3080.38,5.8634,5.0
MC-11251,2024-06-03,US,Los Angeles,Consultant,budget,English,search,retention,116277,7250,387,9099.72,56368.05,6.1945,4.0
MC-10492,2024-06-03,US,Los Angeles,Product Manager,mid,English,email,re_engagement,74347,1656,98,420.79,66832.35,158.8259,9.0
MC-10554,2024-06-03,DE,Cologne,Physician,budget,German,email,acquisition,14161,414,10,3699.92,1740.65,0.4705,7.0
MC-10552,2024-06-03,GB,Birmingham,Accountant,premium,English,display,retention,170517,2201,57,7277.36,196911.44,27.0581,4.0
MC-11001,2024-06-03,FR,Toulouse,Marketing Manager,mid,French,search,awareness,2051,123,8,725.85,6667.59,9.1859,6.0
MC-12667,2024-06-03,IN,Hyderabad,Product Manager,budget,Hindi,display,retention,329811,3685,253,3553.5,33455.97,9.4149,6.0
MC-11291,2024-06-03,US,Chicago,Consultant,mid,English,influencer,acquisition,16295,297,9,649.93,5878.02,9.0441,4.0
MC-10986,2024-06-03,IN,Chennai,Sales Rep,mid,Hindi,social_media,retention,16460,246,7,1639.36,4655.84,2.84,5.0
MC-10577,2024-06-03,US,Los Angeles,Sales Rep,premium,English,social_media,acquisition,500000,7552,255,2461.24,805570.43,327.3027,6.0
MC-10585,2024-06-03,ZA,Johannesburg,HR Manager,mid,Afrikaans,social_media,acquisition,11682,266,8,483.69,4077.29,8.4296,10.0
MC-12741,2024-06-03,US,San Francisco,Consultant,mid,English,social_media,acquisition,66280,1406,105,6164.59,84997.93,13.7881,9.0
MC-10811,2024-06-03,US,San Francisco,Marketing Manager,mid,English,social_media,acquisition,106782,1925,85,452.95,66875.81,147.645,5.0
MC-10239,2024-06-03,ZA,Johannesburg,Software Engineer,budget,Afrikaans,content_marketing,acquisition,104811,1665,36,2837.32,6549.29,2.3083,5.0
MC-10361,2024-06-03,MX,Tijuana,Teacher,mid,Spanish,search,awareness,171445,15285,1081,5917.08,508922.42,86.009,8.0
MC-11494,2024-06-03,ES,Valencia,HR Manager,mid,Spanish,search,awareness,110033,6935,359,808.92,181120.09,223.9036,3.0
MC-12512,2024-06-03,US,Los Angeles,Lawyer,mid,English,display,retention,210078,2495,187,7208.99,180217.62,24.999,
MC-12193,2024-06-03,SG,Singapore,Marketing Manager,mid,English,social_media,retention,268062,6686,428,25971.89,325984.57,12.5514,3.0
MC-12202,2024-06-03,US,San Francisco,Software Engineer,mid,English,search,awareness,121186,7304,92,3161.75,95716.52,30.2733,4.0
MC-10785,2024-06-03,ES,Madrid,Designer,mid,Spanish,influencer,retention,34741,756,32,586.13,18030.41,30.7618,4.0
MC-11773,2024-06-03,SG,Singapore,Product Manager,premium,English,search,acquisition,4564,357,21,3449.0,74913.87,21.7205,10.0
MC-10297,2024-06-03,US,Chicago,Architect,mid,English,social_media,awareness,402315,9466,166,153.38,168590.22,1099.1669,1.0
MC-11740,2024-06-03,US,Phoenix,Marketing Manager,mid,English,social_media,retention,10622,152,4,820.23,2787.17,3.398,7.0
MC-10527,2024-06-03,US,Seattle,Physician,mid,English,social_media,acquisition,80450,1641,70,6211.94,64879.02,10.4442,8.0
MC-10174,2024-06-03,NL,Rotterdam,Data Scientist,premium,Dutch,search,acquisition,31903,1986,137,12393.24,807140.4,65.1275,2.0
MC-10900,2024-06-03,GB,Manchester,Software Engineer,premium,English,influencer,acquisition,292287,7589,496,3790.46,3182877.07,839.7073,
MC-11263,2024-06-03,US,Phoenix,Teacher,mid,English,content_marketing,awareness,3593,51,2,1008.49,1260.52,1.2499,10.0
MC-12105,2024-06-03,MX,Monterrey,Physician,budget,Spanish,email,awareness,15473,342,21,4094.35,3777.98,0.9227,3.0
MC-12999,2024-06-04,GB,Manchester,Physician,budget,English,email,acquisition,44186,1309,38,4563.58,8119.86,1.7793,7.0
MC-11842,2024-06-04,AU,Adelaide,HR Manager,mid,English,search,acquisition,146907,13933,369,4770.18,210597.47,44.1487,6.0
MC-11776,2024-06-04,US,New York,Physician,mid,English,display,retention,96282,833,45,393.82,41520.86,105.4311,8.0
MC-10497,2024-06-04,ZA,Port Elizabeth,Software Engineer,mid,Afrikaans,social_media,acquisition,108580,1977,123,9910.61,145711.06,14.7025,5.0
MC-12675,2024-06-04,IN,Delhi,Writer,budget,Hindi,social_media,awareness,78240,1361,81,686.11,9358.59,13.6401,2.0
MC-11798,2024-06-04,IL,Haifa,Physician,premium,Hebrew,email,awareness,60726,2148,89,1247.17,477033.38,382.4927,2.0
MC-12637,2024-06-04,DE,Cologne,Teacher,premium,German,email,acquisition,1728,63,3,2852.25,7555.29,2.6489,8.0
MC-11722,2024-06-04,FR,Toulouse,Designer,budget,French,search,retention,92589,7873,209,1249.63,20046.71,16.0421,4.0
MC-10131,2024-06-04,DE,Munich,Designer,budget,German,influencer,acquisition,114001,3150,142,2570.37,15961.65,6.2099,2.0
MC-11741,2024-06-04,IN,Delhi,Software Engineer,mid,Hindi,email,retention,27173,970,34,3109.58,38309.61,12.3199,6.0
MC-10257,2024-06-04,US,Chicago,Writer,mid,English,social_media,retention,13477,192,11,3805.25,5727.63,1.5052,9.0
MC-11705,2024-06-04,ZA,Port Elizabeth,Lawyer,budget,Afrikaans,social_media,acquisition,359525,6483,163,2594.44,31884.58,12.2896,9.0
MC-11189,2024-06-04,IN,Bangalore,Architect,mid,Hindi,display,retention,39966,474,19,2502.88,22161.66,8.8545,8.0
MC-10749,2024-06-04,US,Chicago,Physician,premium,English,social_media,retention,96822,2338,127,13003.25,657628.1,50.5741,1.0
MC-10343,2024-06-04,MX,Mexico City,Teacher,budget,Spanish,email,retention,6613,154,4,6455.2,442.47,0.0685,5.0
MC-10752,2024-06-04,IN,Delhi,Sales Rep,budget,Hindi,email,retention,1000,24,0,229.72,0.0,0.0,5.0
MC-10652,2024-06-04,GB,Manchester,Researcher,budget,English,influencer,awareness,65196,2056,152,2126.64,21810.63,10.2559,2.0
MC-10441,2024-06-04,NL,Rotterdam,Accountant,premium,Dutch,email,awareness,3406,117,8,1011.58,31084.9,30.7291,3.0
MC-12694,2024-06-04,FR,Nice,Architect,mid,French,influencer,acquisition,11653,253,8,576.43,9006.97,15.6254,4.0
MC-10113,2024-06-04,US,Chicago,HR Manager,mid,English,social_media,retention,28232,726,53,924.05,30315.59,32.8073,5.0
MC-11096,2024-06-04,FR,Lyon,Physician,premium,French,display,acquisition,500000,5179,144,969.45,839684.54,866.1453,5.0
MC-10462,2024-06-04,NL,The Hague,Writer,mid,Dutch,social_media,awareness,10054200,256343,13978,272.97,7790068.68,28538.1862,6.0
MC-11915,2024-06-04,CA,Montreal,Writer,budget,English,email,awareness,41941,952,11,1004.53,1083.89,1.079,5.0
MC-11435,2024-06-04,IN,Bangalore,Product Manager,budget,Hindi,email,acquisition,42741,1597,19,3410.13,3395.05,0.9956,9.0
MC-11609,2024-06-04,ES,Barcelona,Researcher,budget,Spanish,email,retention,1409,31,1,675.96,131.83,0.195,10.0
MC-11548,2024-06-04,BR,Fortaleza,Software Engineer,mid,Portuguese,search,awareness,34653,2515,165,3701.11,210210.02,56.7965,6.0
MC-11960,2024-06-04,IN,Pune,Lawyer,budget,Hindi,email,awareness,1782,45,2,6694.89,-1988.6629765582193,-0.297,
MC-11374,2024-06-04,AU,Brisbane,Architect,premium,English,email,re_engagement,30773,1109,71,250.5,423999.37,1692.6123,6.0
MC-11627,2024-06-04,US,New York,Researcher,budget,English,search,acquisition,103341,7447,218,1735.66,27701.36,15.9601,10.0
MC-11597,2024-06-04,US,Phoenix,Lawyer,budget,English,email,re_engagement,36634,1351,71,2226.31,17809.68,7.9996,5.0
MC-12410,2024-06-04,US,Chicago,Sales Rep,mid,English,email,acquisition,20889,482,35,2748.07,21647.41,7.8773,1.0
MC-10826,2024-06-04,NL,Amsterdam,Marketing Manager,premium,Dutch,search,acquisition,29665,1921,51,8560.33,235885.56,27.5557,7.0
MC-10229,2024-06-04,US,Seattle,HR Manager,mid,English,influencer,acquisition,273546,5095,140,2106.07,86919.59,41.271,3.0
MC-10096,2024-06-05,IN,Pune,Accountant,premium,Hindi,email,retention,118296,2972,65,3737.99,288153.43,77.0878,9.0
MC-12197,2024-06-05,US,Seattle,HR Manager,premium,English,email,acquisition,8553,295,21,2422.1,68433.41,28.2538,6.0
MC-12084,2024-06-05,US,Chicago,Architect,mid,English,content_marketing,re_engagement,13884,284,21,2100.41,27940.92,13.3026,6.0
MC-11191,2024-06-05,GB,Bristol,Physician,budget,English,display,awareness,90186,771,29,698.16,6515.73,9.3327,4.0
MC-11184,2024-06-05,US,New York,Software Engineer,mid,English,content_marketing,retention,4301,58,4,2527.09,5271.41,2.086,3.0
MC-12942,2024-06-05,IN,Mumbai,Product Manager,budget,Hindi,display,acquisition,60120,550,18,6220.53,3214.52,0.5168,9.0
MC-10353,2024-06-05,AU,Sydney,Designer,budget,English,social_media,awareness,82745,1544,118,608.76,10400.43,17.0846,1.0
MC-12505,2024-06-05,US,Chicago,Architect,budget,English,social_media,acquisition,500000,10930,522,842.18,122045.78,144.9165,3.0
MC-12051,2024-06-05,JP,Yokohama,Physician,budget,Japanese,influencer,acquisition,28285,708,18,149.37,4469.72,29.9238,4.0
MC-12504,2024-06-05,IN,Kolkata,Teacher,budget,Hindi,influencer,awareness,83282,1887,148,239.95,16939.87,70.5975,10.0
MC-12876,2024-06-05,IN,Delhi,Lawyer,mid,Hindi,search,retention,32323,3096,127,2975.11,164068.12,55.1469,8.0
MC-10810,2024-06-05,US,Seattle,Product Manager,budget,English,display,awareness,113826,1269,84,1739.92,11202.42,6.4385,5.0
MC-12474,2024-06-05,IN,Delhi,Architect,budget,Hindi,social_media,awareness,73035,1443,57,4577.62,13655.93,2.9832,4.0
MC-12303,2024-06-05,IN,Delhi,Consultant,premium,Hindi,social_media,acquisition,95990,2474,110,320.26,394011.56,1230.2865,
MC-11586,2024-06-05,IN,Chennai,Architect,mid,Hindi,email,awareness,2435,61,4,1418.21,4163.42,2.9357,8.0
MC-12549,2024-06-05,AU,Melbourne,Designer,mid,English,content_marketing,retention,90273,1922,125,585.2,74973.62,128.1162,2.0
MC-11145,2024-06-05,US,New York,Accountant,mid,English,email,retention,35254,770,24,15052.15,20950.89,1.3919,8.0
MC-12727,2024-06-05,IL,Jerusalem,Architect,mid,Hebrew,search,acquisition,24632,1626,48,969.68,62628.81,64.5871,
MC-11634,2024-06-05,FR,Paris,Designer,budget,French,social_media,acquisition,37112,762,16,8775.62,2003.61,0.2283,5.0
MC-10179,2024-06-05,AU,Perth,Designer,premium,English,search,re_engagement,3431,310,24,1555.44,74787.93,48.0815,7.0
MC-10230,2024-06-05,US,Los Angeles,Physician,mid,English,social_media,awareness,39750,700,24,263.28,31220.57,118.5831,9.0
MC-12952,2024-06-05,IN,Chennai,HR Manager,premium,Hindi,social_media,awareness,6460,111,7,11779.58,17708.4,1.5033,6.0
MC-11526,2024-06-05,FR,Nice,Lawyer,budget,French,display,acquisition,43488,634,49,8232.97,9396.53,1.1413,4.0
MC-12764,2024-06-05,US,Houston,Marketing Manager,budget,English,social_media,awareness,63805,1494,72,2815.12,12805.99,4.549,3.0
MC-10333,2024-06-05,NL,Utrecht,Accountant,mid,Dutch,social_media,retention,11287,231,12,1654.57,8466.28,5.1169,4.0
MC-12170,2024-06-05,US,Chicago,Physician,premium,English,email,awareness,2267,58,2,1506.97,9706.01,6.4407,10.0
MC-10364,2024-06-05,IN,Hyderabad,Software Engineer,mid,Hindi,search,retention,45599,2799,184,630.09,231861.33,367.9813,7.0
MC-12264,2024-06-05,BR,Rio de Janeiro,Writer,budget,Portuguese,email,awareness,14691,544,21,1946.45,1899.17,0.9757,9.0
MC-10406,2024-06-06,IL,Haifa,Physician,mid,Hebrew,content_marketing,retention,44115,683,30,3762.81,31157.42,8.2804,10.0
MC-10558,2024-06-06,US,San Francisco,Architect,mid,English,social_media,retention,190082,3584,267,1171.65,247576.23,211.3056,1.0
MC-10950,2024-06-06,MX,Guadalajara,Data Scientist,mid,Spanish,social_media,retention,314170,7114,282,235.89,360253.02,1527.2077,6.0
MC-10701,2024-06-06,DE,Hamburg,Accountant,mid,German,search,acquisition,55712,4178,159,12823.16,144339.39,11.2561,2.0
MC-10941,2024-06-06,IL,Beer Sheva,Software Engineer,premium,Hebrew,email,retention,95760,3182,98,838.72,646425.45,770.7286,5.0
MC-10407,2024-06-06,IL,Netanya,Accountant,budget,Hebrew,social_media,awareness,467045,7002,435,2852.09,62586.02,21.9439,6.0
MC-11717,2024-06-06,ES,Valencia,Teacher,mid,Spanish,email,acquisition,61073,2225,50,315.62,30264.19,95.8881,3.0
MC-10561,2024-06-06,US,Phoenix,Accountant,premium,English,search,re_engagement,23019,1756,50,56.72,190802.58,3363.9383,5.0
MC-12993,2024-06-06,BR,Fortaleza,Marketing Manager,premium,Portuguese,email,retention,4177,115,5,1499.98,21694.39,14.4631,1.0
MC-10170,2024-06-06,US,New York,Sales Rep,mid,English,email,acquisition,176359,5529,170,2310.22,79265.85,34.311,5.0
MC-12224,2024-06-06,CA,Calgary,Software Engineer,budget,English,email,awareness,7197,178,9,786.45,2146.39,2.7292,10.0
MC-12266,2024-06-06,FR,Marseille,Consultant,mid,French,display,retention,44997,518,13,3074.6,10348.28,3.3657,5.0
MC-11978,2024-06-06,US,Houston,Physician,mid,English,search,acquisition,153639,10245,615,54.85,636490.24,11604.1976,8.0
MC-12864,2024-06-06,IN,Mumbai,Designer,budget,Hindi,social_media,awareness,91457,1998,81,2015.79,6918.33,3.4321,3.0
MC-11866,2024-06-06,US,Seattle,Marketing Manager,mid,English,social_media,acquisition,500000,10569,263,2676.72,246614.33,92.133,10.0
MC-10347,2024-06-06,US,Houston,Software Engineer,budget,English,search,awareness,3331,296,13,1409.65,3189.36,2.2625,5.0
MC-12317,2024-06-06,US,San Francisco,Data Scientist,premium,English,search,acquisition,113339,10458,560,2651.22,2978876.82,1123.5872,9.0
MC-11527,2024-06-06,US,Phoenix,Lawyer,premium,English,social_media,re_engagement,150502,3121,178,4091.24,1062324.48,259.6583,10.0
MC-10102,2024-06-06,US,San Francisco,Lawyer,premium,English,email,acquisition,15712,590,43,13012.29,248376.46,19.0878,3.0
MC-12275,2024-06-06,IN,Chennai,Designer,premium,Hindi,influencer,awareness,115358,3453,62,2080.07,174720.45,83.9974,5.0
MC-10891,2024-06-06,GB,Leeds,Lawyer,budget,English,social_media,awareness,63030,1267,40,1166.23,7020.54,6.0199,4.0
MC-11126,2024-06-06,DE,Munich,Lawyer,budget,German,search,re_engagement,7059,564,17,1118.61,4261.0,3.8092,10.0
MC-11069,2024-06-06,IL,Netanya,Lawyer,mid,Hebrew,social_media,retention,38055,603,40,6862.08,50021.71,7.2896,8.0
MC-12874,2024-06-06,CA,Ottawa,Writer,budget,English,social_media,re_engagement,87212,2168,130,2000.36,13194.64,6.5961,8.0
MC-12853,2024-06-06,ES,Barcelona,Lawyer,mid,Spanish,email,awareness,40339,1074,62,1455.75,68712.28,47.2006,2.0
MC-11830,2024-06-06,FR,Nice,Lawyer,mid,French,influencer,acquisition,90491,2532,162,7184.33,184755.56,25.7165,9.0
MC-12133,2024-06-06,MX,Mexico City,Product Manager,mid,Spanish,email,acquisition,7722,286,13,8647.64,11947.19,1.3816,2.0
MC-11444,2024-06-06,FR,Marseille,Researcher,budget,French,social_media,re_engagement,29397,585,19,560.01,3030.85,5.4121,7.0
MC-10284,2024-06-06,CA,Ottawa,Lawyer,budget,English,search,awareness,85693,4999,160,5370.43,32863.79,6.1194,7.0
MC-12834,2024-06-06,US,Chicago,Product Manager,mid,English,display,retention,50421,566,44,267.05,38134.14,142.7978,9.0
MC-11694,2024-06-06,FR,Nice,Accountant,mid,French,email,re_engagement,20620,498,7,3240.79,5804.87,1.7912,10.0
MC-12319,2024-06-06,IL,Haifa,Architect,mid,Hebrew,email,acquisition,84785,2920,181,3307.85,232107.5,70.1687,6.0
MC-11413,2024-06-06,IN,Pune,Physician,mid,Hindi,display,awareness,500000,6423,463,2057.14,521999.66,253.7502,6.0
MC-12811,2024-06-06,BR,Brasília,HR Manager,premium,Portuguese,social_media,retention,158322,3820,197,740.0,452168.56,611.0386,6.0
MC-10081,2024-06-07,MX,Puebla,Software Engineer,mid,Spanish,social_media,acquisition,15997,386,26,1762.11,30268.62,17.1775,7.0
MC-10319,2024-06-07,IN,Mumbai,Lawyer,budget,Hindi,email,acquisition,39638,912,67,1057.03,16283.65,15.4051,10.0
MC-12958,2024-06-07,IN,Mumbai,Accountant,budget,Hindi,email,retention,1000,33,1,2753.37,168.16,0.0611,
MC-12447,2024-06-07,FR,Paris,HR Manager,premium,French,social_media,awareness,30767,734,8,4591.89,24242.53,5.2794,5.0
MC-12916,2024-06-07,NL,Eindhoven,Architect,mid,Dutch,email,retention,11881,369,24,2462.03,29317.43,11.9078,
MC-12813,2024-06-07,GB,Manchester,Product Manager,mid,English,content_marketing,acquisition,15148,211,12,8597.96,10720.32,1.2468,1.0
MC-12348,2024-06-07,GB,Bristol,Designer,budget,English,social_media,acquisition,30685,500,9,2534.99,1108.46,0.4373,3.0
MC-12966,2024-06-07,ZA,Johannesburg,Consultant,budget,Afrikaans,display,acquisition,110964,1704,87,6011.08,10459.62,1.7401,8.0
MC-10510,2024-06-07,US,Seattle,Physician,mid,English,social_media,retention,283845,6166,475,1649.87,464129.8,281.313,4.0
MC-12699,2024-06-07,US,Houston,Data Scientist,mid,English,search,acquisition,136127,11562,490,1985.39,657692.24,331.266,9.0
MC-10282,2024-06-07,BR,São Paulo,Lawyer,premium,Portuguese,social_media,awareness,410885,6930,352,3452.97,1672993.83,484.5086,1.0
MC-12288,2024-06-07,DE,Cologne,Accountant,budget,German,display,retention,107469,926,63,546.97,9199.14,16.8184,5.0
MC-12485,2024-06-07,GB,London,Consultant,budget,English,influencer,awareness,132919,2339,150,1238.01,20004.71,16.1588,3.0
MC-12936,2024-06-07,US,San Francisco,Researcher,budget,English,search,retention,103311,6648,168,618.67,24483.98,39.5752,5.0
MC-12315,2024-06-07,US,New York,Designer,mid,English,search,awareness,35323,3405,161,826.25,84864.93,102.711,2.0
MC-10511,2024-06-07,US,Phoenix,Sales Rep,mid,English,display,acquisition,307890,3947,54,4527.46,31089.04,6.8668,6.0
MC-11500,2024-06-07,GB,Bristol,Lawyer,mid,English,search,retention,123049,10910,729,406.32,691105.06,1700.8886,7.0
MC-10692,2024-06-07,MX,Monterrey,HR Manager,budget,Spanish,content_marketing,acquisition,10748,143,9,5323.27,958.6,0.1801,3.0
MC-10909,2024-06-07,CA,Calgary,Teacher,premium,English,social_media,retention,131572,2992,121,4153.21,321871.82,77.4995,6.0
MC-10648,2024-06-07,IL,Beer Sheva,Writer,mid,Hebrew,search,acquisition,5868,561,8,495.85,4089.42,8.2473,10.0
MC-11803,2024-06-07,US,New York,Researcher,premium,English,social_media,acquisition,264535,5586,432,4865.36,1902796.06,391.0905,10.0
MC-11146,2024-06-07,FR,Lyon,Physician,budget,French,social_media,acquisition,168957,3837,264,1538.22,47787.77,31.0669,8.0
MC-11160,2024-06-07,FR,Bordeaux,Lawyer,mid,French,search,retention,52919,4820,194,643.55,219727.19,341.4299,3.0
MC-11971,2024-06-07,JP,Tokyo,Designer,mid,Japanese,email,retention,36554,1111,30,2775.41,18645.54,6.7181,5.0
MC-10634,2024-06-07,IN,Kolkata,Marketing Manager,mid,Hindi,display,acquisition,69195,818,16,683.22,11504.85,16.8392,
MC-11884,2024-06-07,GB,Birmingham,Writer,budget,English,search,acquisition,56924,4488,358,1960.13,31220.03,15.9275,2.0
MC-12209,2024-06-07,GB,Bristol,Researcher,premium,English,influencer,retention,99689,3098,204,3263.31,912210.18,279.5353,4.0
MC-11815,2024-06-07,US,New York,Writer,budget,English,email,acquisition,31383,1014,13,3376.39,1331.0,0.3942,7.0
MC-11882,2024-06-07,IN,Chennai,Researcher,premium,Hindi,social_media,awareness,183817,4370,233,12820.17,1071214.53,83.557,5.0
MC-11871,2024-06-07,MX,Guadalajara,Software Engineer,budget,Spanish,social_media,awareness,11197,171,7,8805.67,1402.92,0.1593,3.0
MC-11402,2024-06-07,DE,Stuttgart,HR Manager,premium,German,social_media,re_engagement,61552,1417,51,579.27,129497.72,223.5533,7.0
MC-11379,2024-06-07,US,New York,Writer,premium,English,email,acquisition,5680,142,9,229.66,25865.79,112.6264,7.0
MC-11210,2024-06-07,IN,Kolkata,Architect,budget,Hindi,social_media,retention,8617,152,4,3780.9,978.95,0.2589,3.0
MC-11760,2024-06-07,ES,Barcelona,Architect,budget,Spanish,email,retention,9582,218,9,1430.7,1573.36,1.0997,3.0
MC-11928,2024-06-07,US,San Francisco,HR Manager,mid,English,social_media,acquisition,62890,947,20,16035.46,10367.07,0.6465,10.0
MC-11130,2024-06-07,IL,Tel Aviv,Researcher,mid,Hebrew,display,acquisition,155082,1778,40,886.07,33709.04,38.0433,10.0
MC-12246,2024-06-07,CA,Toronto,Architect,mid,English,search,acquisition,54947,5114,360,1423.74,339013.23,238.1146,3.0
MC-10815,2024-06-07,GB,Leeds,Researcher,mid,English,social_media,awareness,43055,913,11,2013.1,10409.53,5.1709,10.0
MC-11897,2024-06-07,US,Seattle,Lawyer,premium,English,content_marketing,acquisition,106646,2197,83,690.01,505837.1,733.0866,2.0
MC-11549,2024-06-07,ES,Seville,Writer,mid,Spanish,social_media,retention,14752,286,9,731.73,4915.87,6.7181,4.0
MC-11086,2024-06-07,NL,The Hague,Sales Rep,mid,Dutch,social_media,awareness,500000,7409,335,2730.79,190526.84,69.7699,4.0
MC-11285,2024-06-07,US,Seattle,Consultant,mid,English,content_marketing,acquisition,383180,6516,159,16426.05,106423.73,6.479,3.0
MC-12017,2024-06-07,US,San Francisco,Writer,mid,English,content_marketing,retention,341093,7447,308,897.92,138373.3,154.1043,4.0
MC-12019,2024-06-07,BR,Salvador,Sales Rep,budget,Portuguese,social_media,awareness,37740,783,50,648.26,4956.48,7.6458,1.0
MC-11533,2024-06-07,US,Chicago,Consultant,mid,English,social_media,awareness,13922,337,20,365.78,13531.42,36.9933,10.0
MC-11680,2024-06-07,US,Houston,Teacher,mid,English,display,acquisition,30309,320,7,2062.14,3629.13,1.7599,3.0
MC-10927,2024-06-08,US,Houston,Designer,mid,English,search,awareness,8681,783,19,808.14,10118.32,12.5205,3.0
MC-10064,2024-06-08,GB,Glasgow,Marketing Manager,mid,English,influencer,acquisition,5214,117,9,2922.42,5811.07,1.9884,1.0
MC-11632,2024-06-08,NL,Amsterdam,Writer,premium,Dutch,content_marketing,acquisition,1000,21,1,1664.24,2791.52,1.6774,2.0
MC-11412,2024-06-08,CA,Montreal,Architect,mid,English,email,acquisition,46621,1034,21,227.14,22498.43,99.0509,3.0
MC-11676,2024-06-08,US,Phoenix,Sales Rep,premium,English,search,acquisition,279189,15602,743,585.69,1855316.87,3167.7455,5.0
MC-12320,2024-06-08,IN,Chennai,Consultant,budget,Hindi,search,acquisition,29919,1987,60,25434.699999999997,8434.19,0.3316,6.0
MC-10766,2024-06-08,ES,Madrid,Sales Rep,budget,Spanish,social_media,acquisition,19750,470,31,1150.64,3833.48,3.3316,6.0
MC-10425,2024-06-08,US,Phoenix,Teacher,budget,English,search,acquisition,87348,5681,118,656.32,14767.35,22.5002,8.0
MC-12324,2024-06-08,GB,Manchester,Marketing Manager,premium,English,social_media,awareness,22220,407,4,481.77,15840.92,32.8807,7.0
MC-11100,2024-06-08,NL,Amsterdam,Writer,mid,Dutch,search,retention,30468,2731,39,1176.7,20013.86,17.0085,10.0
MC-10168,2024-06-08,FR,Toulouse,Architect,budget,French,search,awareness,324087,28016,1539,925.94,282551.16,305.1506,4.0
MC-10597,2024-06-08,US,Phoenix,HR Manager,mid,English,display,awareness,26901,280,21,746.19,11014.96,14.7616,3.0
MC-10134,2024-06-08,MX,Puebla,Product Manager,mid,Spanish,search,retention,19558,1859,24,476.6,16265.27,34.1277,3.0
MC-10200,2024-06-08,ZA,Durban,Product Manager,budget,Afrikaans,social_media,acquisition,104902,1797,118,11848.09,16058.7,1.3554,10.0
MC-11222,2024-06-08,DE,Frankfurt,Data Scientist,mid,German,social_media,acquisition,52790,793,43,6158.73,38763.09,6.294,10.0
MC-10175,2024-06-08,JP,Tokyo,Physician,mid,Japanese,influencer,retention,500000,12089,190,24138.68,243364.82,10.0819,5.0
MC-10010,2024-06-08,AU,Perth,Writer,budget,English,social_media,re_engagement,83237,1506,55,1818.81,5162.7,2.8385,10.0
MC-12274,2024-06-08,IL,Beer Sheva,Accountant,mid,Hebrew,influencer,acquisition,343009,8586,416,1490.82,311675.53,209.0632,7.0
MC-11244,2024-06-08,FR,Toulouse,Researcher,mid,French,search,acquisition,121368,7991,294,1167.92,238457.7,204.173,3.0
MC-11937,2024-06-08,FR,Bordeaux,Architect,premium,French,display,awareness,78237,1175,84,2569.48,499124.96,194.2514,1.0
MC-10541,2024-06-08,JP,Yokohama,Accountant,premium,Japanese,email,retention,1000,27,1,3599.09,4113.52,1.1429,9.0
MC-12994,2024-06-08,IN,Mumbai,Writer,budget,Hindi,email,awareness,6189,141,7,3060.91,589.04,0.1924,7.0
MC-10851,2024-06-08,IL,Jerusalem,Physician,budget,Hebrew,search,acquisition,34088,2636,28,2849.82,4929.6,1.7298,4.0
MC-12203,2024-06-08,GB,Birmingham,Accountant,premium,English,social_media,awareness,500000,8740,653,5311.58,2199226.01,414.0437,5.0
MC-12539,2024-06-09,IN,Delhi,Lawyer,mid,Hindi,social_media,acquisition,107437,1774,96,743.67,120066.84,161.4518,3.0
MC-11925,2024-06-09,JP,Osaka,Accountant,premium,Japanese,email,retention,9944,210,10,2326.9,39668.37,17.0477,1.0
MC-12979,2024-06-09,IN,Kolkata,Software Engineer,mid,Hindi,display,re_engagement,341859,4535,248,4253.58,289789.73,68.1284,9.0
MC-11447,2024-06-09,IN,Delhi,Architect,mid,Hindi,social_media,acquisition,246865,4744,213,368.62,216279.99,586.7289,1.0
MC-12002,2024-06-09,US,Houston,Consultant,budget,English,social_media,retention,106030,2027,96,3555.82,15050.29,4.2326,9.0
MC-12277,2024-06-09,BR,Fortaleza,HR Manager,mid,Portuguese,search,acquisition,347452,22742,565,4198.51,263029.25,62.6482,8.0
MC-12951,2024-06-09,IN,Hyderabad,Teacher,mid,Hindi,social_media,acquisition,68175,1030,79,3974.44,47251.31,11.8888,2.0
MC-11278,2024-06-09,IL,Haifa,Designer,budget,Hebrew,email,acquisition,1948,48,1,18879.21,89.2,0.0047,3.0
MC-11651,2024-06-09,US,Los Angeles,Architect,budget,English,search,acquisition,10596,869,29,14474.85,5593.75,0.3864,5.0
MC-12269,2024-06-09,IN,Chennai,Data Scientist,budget,Hindi,content_marketing,retention,37649,513,39,881.33,7593.6,8.6161,6.0
MC-10027,2024-06-09,IN,Hyderabad,Consultant,budget,Hindi,social_media,awareness,43452,1054,16,1487.14,1923.09,1.2931,
MC-12615,2024-06-09,IN,Delhi,Architect,budget,Hindi,email,acquisition,3862,147,5,5709.31,1189.9,0.2084,7.0
MC-12843,2024-06-09,DE,Hamburg,Accountant,mid,German,display,acquisition,159255,2222,30,1285.79,25055.63,19.4866,5.0
MC-12086,2024-06-09,US,Phoenix,Product Manager,premium,English,search,awareness,60417,4477,70,452.49,254693.03,562.87,10.0
MC-12098,2024-06-09,US,Houston,Software Engineer,budget,English,social_media,awareness,35220,667,52,9241.21,11759.1,1.2725,4.0
MC-10848,2024-06-09,US,San Francisco,Marketing Manager,budget,English,social_media,awareness,63657,1334,85,1694.52,12783.13,7.5438,5.0
MC-11841,2024-06-09,US,San Francisco,Sales Rep,mid,English,social_media,re_engagement,140472,3616,120,3513.27,63975.19,18.2096,1.0
MC-12065,2024-06-09,GB,Manchester,HR Manager,premium,English,influencer,retention,33307,647,27,8262.91,75714.35,9.1632,3.0
MC-12407,2024-06-09,GB,Glasgow,Physician,mid,English,email,acquisition,135890,3535,67,2077.52,85651.12,41.2276,8.0
MC-12575,2024-06-09,MX,Mexico City,Architect,budget,Spanish,search,retention,138492,8186,225,3945.8,40143.98,10.1739,1.0
MC-12406,2024-06-09,DE,Cologne,Physician,premium,German,social_media,acquisition,44095,1000,55,1059.39,316570.0,298.8229,7.0
MC-12438,2024-06-09,CA,Vancouver,HR Manager,mid,English,influencer,retention,17146,472,27,2133.11,17316.41,8.1179,1.0
MC-10401,2024-06-10,FR,Bordeaux,Architect,budget,French,social_media,acquisition,144572,2869,73,8254.42,15762.62,1.9096,6.0
MC-12728,2024-06-10,US,San Francisco,Product Manager,mid,English,social_media,retention,40145,686,9,500.31,8458.81,16.9071,5.0
MC-11258,2024-06-10,BR,São Paulo,Product Manager,budget,Portuguese,social_media,awareness,89500,2298,54,10993.99,9238.63,0.8403,
MC-10216,2024-06-10,IN,Hyderabad,Product Manager,budget,Hindi,search,awareness,36543,2165,84,1862.36,10142.46,5.446,6.0
MC-12253,2024-06-10,ZA,Durban,Physician,budget,Afrikaans,email,retention,124152,2715,102,1600.14,21117.39,13.1972,7.0
MC-11770,2024-06-10,GB,Leeds,Sales Rep,premium,English,email,acquisition,5610,184,2,1701.47,6129.89,3.6027,2.0
MC-10007,2024-06-10,US,Chicago,Marketing Manager,mid,English,display,awareness,449457,5446,179,416.14,171363.85,411.7937,4.0
MC-12816,2024-06-10,US,Phoenix,Software Engineer,budget,English,email,acquisition,3237,80,5,3308.89,855.57,0.2586,2.0
MC-10687,2024-06-10,IL,Haifa,Data Scientist,budget,Hebrew,social_media,awareness,105477,2595,196,1678.85,34609.04,20.6147,9.0
MC-12815,2024-06-10,US,Seattle,Marketing Manager,premium,English,display,awareness,311292,3887,255,754.26,912556.89,1209.8705,6.0
MC-10458,2024-06-10,GB,Leeds,Consultant,mid,English,influencer,acquisition,208119,4632,100,4898.88,94967.37,19.3855,4.0
MC-12643,2024-06-10,DE,Berlin,Architect,mid,German,social_media,acquisition,64217,1253,67,1958.01,60853.33,31.0792,9.0
MC-12399,2024-06-10,US,Phoenix,Data Scientist,mid,English,influencer,acquisition,286767,7634,326,653.89,297263.68,454.6081,10.0
MC-11606,2024-06-10,BR,Rio de Janeiro,Lawyer,budget,Portuguese,display,retention,6510,73,5,1927.43,934.57,0.4849,8.0
MC-12039,2024-06-10,GB,Leeds,Researcher,mid,English,email,awareness,56704,2099,89,138.68,77630.75,559.7833,5.0
MC-11716,2024-06-10,US,Los Angeles,Product Manager,budget,English,influencer,acquisition,292422,6785,317,2270.88,53069.3,23.3695,6.0
MC-12241,2024-06-10,IN,Delhi,Designer,budget,Hindi,influencer,awareness,148685,3121,43,2128.1,4561.41,2.1434,1.0
MC-12817,2024-06-10,FR,Bordeaux,Marketing Manager,budget,French,display,awareness,407979,4590,146,891.37,19397.49,21.7614,7.0
MC-10933,2024-06-10,US,Phoenix,Data Scientist,premium,English,social_media,awareness,15680,277,4,793.63,25939.02,32.684,9.0
MC-12357,2024-06-10,FR,Toulouse,Researcher,budget,French,search,awareness,7570,697,45,1166.15,5470.44,4.691,4.0
MC-11811,2024-06-10,ES,Barcelona,Architect,mid,Spanish,content_marketing,re_engagement,51175,896,57,18915.55,68674.92,3.6306,2.0
MC-10641,2024-06-10,ES,Valencia,Writer,mid,Spanish,search,retention,146447,13634,307,3084.77,185198.78,60.0365,10.0
MC-12884,2024-06-10,SG,Singapore,HR Manager,mid,English,display,awareness,58020,863,17,4996.55,10823.32,2.1662,1.0
MC-10092,2024-06-10,US,Chicago,Consultant,budget,English,social_media,awareness,13012,335,20,1883.14,2571.33,1.3654,1.0
MC-12477,2024-06-10,GB,Leeds,Writer,mid,English,email,retention,3344,113,5,5453.27,2546.69,0.467,9.0
MC-12544,2024-06-10,AU,Brisbane,Accountant,budget,English,email,retention,1000,32,0,1589.69,0.0,0.0,9.0
MC-11814,2024-06-10,FR,Marseille,Researcher,budget,French,search,re_engagement,202910,13887,167,5290.77,22188.51,4.1938,1.0
MC-12192,2024-06-10,DE,Munich,Data Scientist,mid,German,email,awareness,25703,597,34,5938.43,37065.78,6.2417,1.0
MC-12924,2024-06-10,CA,Ottawa,Consultant,mid,English,social_media,retention,500000,12780,974,487.86,792349.93,1624.1338,
MC-12139,2024-06-10,GB,Manchester,Writer,budget,English,influencer,acquisition,60346,1788,81,904.85,9713.2,10.7346,4.0
MC-12169,2024-06-10,US,Seattle,HR Manager,mid,English,search,retention,21141,1205,38,16783.81,24451.41,1.4568,9.0
MC-10615,2024-06-10,GB,Bristol,Software Engineer,budget,English,social_media,re_engagement,108567,2663,208,743.41,36825.45,49.5359,8.0
MC-11454,2024-06-10,NL,The Hague,Data Scientist,budget,Dutch,search,re_engagement,45484,3074,80,474.97,16934.48,35.6538,4.0
MC-12279,2024-06-10,GB,Leeds,Sales Rep,mid,English,social_media,acquisition,131545,2053,69,31145.4,31933.16,1.0253,2.0
MC-11834,2024-06-10,US,Chicago,Accountant,budget,English,social_media,awareness,353765,9035,379,3438.15,57673.52,16.7746,4.0
MC-12910,2024-06-10,IN,Bangalore,Data Scientist,budget,Hindi,email,re_engagement,6329,173,11,1809.2,2621.07,1.4487,8.0
MC-12572,2024-06-10,DE,Cologne,Designer,budget,German,influencer,retention,43407,1284,14,3946.16,1683.82,0.4267,4.0
MC-12184,2024-06-10,JP,Nagoya,Product Manager,premium,Japanese,search,retention,24261,1836,81,6997.15,267179.92,38.1841,9.0
MC-10370,2024-06-10,BR,Salvador,Data Scientist,premium,Portuguese,search,awareness,204933,19847,1161,5021.27,6387850.21,1272.1583,1.0
MC-11728,2024-06-11,IN,Delhi,Marketing Manager,budget,Hindi,email,acquisition,20885,526,12,431.0,2145.36,4.9776,5.0
MC-11292,2024-06-11,US,Seattle,Product Manager,budget,English,email,acquisition,2625,63,2,1692.44,263.9,0.1559,1.0
MC-11553,2024-06-11,FR,Lyon,Researcher,mid,French,email,acquisition,15088,414,6,2170.47,4774.91,2.1999,3.0
MC-10906,2024-06-11,IN,Delhi,Product Manager,premium,Hindi,display,retention,42165,424,23,1780.32,99611.66,55.9515,
MC-12059,2024-06-11,ZA,Cape Town,Writer,mid,Afrikaans,content_marketing,retention,173058,3305,199,2786.74,131205.52,47.0821,3.0
MC-11089,2024-06-11,CA,Toronto,Product Manager,budget,English,email,awareness,4420,166,4,5827.42,662.87,0.1138,2.0
MC-10812,2024-06-11,ZA,Pretoria,Consultant,budget,Afrikaans,email,acquisition,19509,670,31,1065.65,5092.15,4.7784,
MC-11342,2024-06-11,GB,Glasgow,Physician,premium,English,social_media,retention,116790,2050,163,7647.84,796634.38,104.1646,
MC-11407,2024-06-11,BR,Salvador,HR Manager,premium,Portuguese,email,awareness,180604,4660,356,2983.68,881778.97,295.534,
MC-11855,2024-06-11,NL,Utrecht,Accountant,budget,Dutch,display,acquisition,39225,522,33,628.85,5311.34,8.4461,10.0
MC-10964,2024-06-11,US,Los Angeles,Sales Rep,premium,English,influencer,acquisition,32461,842,33,9611.34,79549.7,8.2767,6.0
MC-12769,2024-06-11,US,Seattle,Teacher,premium,English,email,re_engagement,16477,354,7,2658.05,17452.34,6.5658,10.0
MC-12236,2024-06-11,FR,Bordeaux,HR Manager,mid,French,social_media,awareness,201802,4162,175,3615.72,109186.75,30.1978,2.0
MC-10450,2024-06-11,US,San Francisco,Designer,mid,English,search,awareness,66991,6212,301,1349.08,190127.41,140.9312,1.0
MC-11347,2024-06-11,US,Los Angeles,Accountant,mid,English,social_media,acquisition,31517,675,50,50000.0,44501.12,0.89,1.0
MC-11027,2024-06-11,US,New York,Marketing Manager,budget,English,search,awareness,500000,44674,903,6784.32,140580.72,20.7214,2.0
MC-12214,2024-06-11,DE,Stuttgart,Software Engineer,mid,German,influencer,acquisition,119764,3516,134,5600.4,125400.92,22.3914,5.0
MC-10115,2024-06-11,US,Los Angeles,Writer,budget,English,email,re_engagement,11349,434,32,235.14,3948.45,16.7919,5.0
MC-11458,2024-06-11,FR,Lyon,Designer,premium,French,email,retention,110217,3345,267,1911.85,697819.47,364.997,2.0
MC-11772,2024-06-11,IN,Delhi,Accountant,mid,Hindi,social_media,retention,119632,2615,175,7011.37,167218.05,23.8496,1.0
MC-10639,2024-06-11,DE,Berlin,HR Manager,mid,German,display,acquisition,64041,827,22,1634.98,12430.67,7.6029,6.0
MC-11503,2024-06-11,JP,Yokohama,Data Scientist,premium,Japanese,social_media,acquisition,101467,1937,46,1155.94,272201.27,235.4804,9.0
MC-11805,2024-06-11,NL,Utrecht,Sales Rep,premium,Dutch,social_media,awareness,37887,565,9,960.56,23855.45,24.8349,6.0
MC-11506,2024-06-11,CA,Toronto,Product Manager,budget,English,social_media,re_engagement,152160,3522,59,337.7,7244.03,21.4511,2.0
MC-12421,2024-06-11,GB,Glasgow,Data Scientist,budget,English,search,acquisition,25056,1480,67,1826.32,12917.05,7.0727,5.0
MC-12459,2024-06-11,GB,Glasgow,HR Manager,budget,English,search,acquisition,66609,5850,128,2816.14,11797.49,4.1892,3.0
MC-12652,2024-06-11,IN,Mumbai,Accountant,mid,Hindi,social_media,acquisition,352410,8054,310,1584.73,219983.06,138.8142,3.0
MC-10919,2024-06-11,CA,Toronto,Data Scientist,mid,English,search,retention,65896,4731,342,1877.28,424155.45,225.9415,1.0
MC-10109,2024-06-11,DE,Cologne,Software Engineer,budget,German,email,awareness,30543,965,25,2550.32,5752.26,2.2555,6.0
MC-10657,2024-06-11,CA,Calgary,Physician,mid,English,social_media,acquisition,10030,232,6,15904.3,6776.53,0.4261,7.0
MC-11762,2024-06-11,US,Seattle,Researcher,premium,English,display,acquisition,51636,628,11,867.13,49979.82,57.6382,1.0
MC-10146,2024-06-11,IN,Chennai,Teacher,mid,Hindi,social_media,retention,68065,1650,98,4571.89,65854.82,14.4043,9.0
MC-11311,2024-06-11,US,Phoenix,Marketing Manager,budget,English,email,awareness,41141,1156,33,1060.05,5627.32,5.3085,9.0
MC-12423,2024-06-11,US,Chicago,Writer,mid,English,email,retention,12152,449,32,861.53,18907.48,21.9464,1.0
MC-11529,2024-06-11,DE,Stuttgart,Designer,mid,German,influencer,acquisition,21589,543,10,1778.55,4945.35,2.7806,1.0
MC-11991,2024-06-11,ZA,Johannesburg,HR Manager,budget,Afrikaans,search,awareness,35260,2597,130,3809.94,13163.32,3.455,3.0
MC-11182,2024-06-11,US,Houston,Lawyer,premium,English,display,acquisition,276885,3528,179,213.51,983628.26,4606.9423,5.0
MC-10022,2024-06-11,US,San Francisco,Physician,budget,English,search,acquisition,12960,1113,42,897.92,9688.6,10.79,1.0
MC-12974,2024-06-11,CA,Toronto,Lawyer,budget,English,social_media,acquisition,74222,1199,15,8373.94,3575.13,0.4269,9.0
MC-11644,2024-06-11,GB,London,Sales Rep,budget,English,search,awareness,9766,610,28,236.04,2769.84,11.7346,5.0
MC-11956,2024-06-11,MX,Guadalajara,Designer,mid,Spanish,search,retention,37171,3254,48,3995.84,21701.74,5.4311,10.0
MC-10408,2024-06-12,MX,Puebla,Sales Rep,mid,Spanish,search,awareness,62986,3397,146,2130.96,70579.07,33.1208,4.0
MC-11668,2024-06-12,IN,Kolkata,Writer,mid,Hindi,influencer,awareness,93994,2048,24,296.06,11734.9,39.6369,7.0
MC-10261,2024-06-12,GB,Birmingham,Lawyer,budget,English,social_media,retention,263957,5519,402,4656.99,74377.39,15.9711,7.0
MC-11693,2024-06-12,US,San Francisco,Product Manager,premium,English,email,acquisition,12857,400,20,3071.29,79593.63,25.9154,1.0
MC-10318,2024-06-12,GB,Birmingham,Product Manager,budget,English,search,re_engagement,3137,205,9,2557.42,1564.81,0.6119,6.0
MC-11819,2024-06-12,AU,Adelaide,Data Scientist,mid,English,search,acquisition,92593,6314,234,5714.85,241828.53,42.3158,7.0
MC-10255,2024-06-12,ZA,Port Elizabeth,Data Scientist,budget,Afrikaans,social_media,retention,88315,1610,30,1022.63,5769.19,5.6415,6.0
MC-10367,2024-06-12,IL,Jerusalem,Writer,premium,Hebrew,influencer,awareness,20552,615,48,2094.38,158676.32,75.7629,9.0
MC-10770,2024-06-12,ES,Madrid,Software Engineer,budget,Spanish,social_media,awareness,136402,3119,183,924.62,39266.75,42.468,6.0
MC-12665,2024-06-12,JP,Yokohama,Accountant,mid,Japanese,email,acquisition,23492,555,42,3563.91,28422.53,7.9751,3.0
MC-11759,2024-06-12,FR,Toulouse,Lawyer,premium,French,email,retention,15769,335,26,5001.42,128796.1,25.7519,10.0
MC-11973,2024-06-12,AU,Sydney,Product Manager,mid,English,social_media,awareness,5647,102,1,822.11,883.41,1.0746,2.0
MC-11945,2024-06-12,US,Chicago,Teacher,mid,English,email,acquisition,4465,111,3,523.29,1501.21,2.8688,2.0
MC-11806,2024-06-12,US,Los Angeles,Marketing Manager,budget,English,email,awareness,6956,192,6,244.34,784.76,3.2118,6.0
MC-10298,2024-06-12,SG,Singapore,Consultant,premium,English,email,re_engagement,32201,1069,52,4410.26,174070.09,39.4693,8.0
MC-10702,2024-06-12,JP,Nagoya,Researcher,mid,Japanese,search,acquisition,500000,26620,1847,1490.28,1640187.72,1100.5903,9.0
MC-10782,2024-06-12,US,Seattle,Architect,budget,English,email,acquisition,29053,1024,38,578.35,9565.72,16.5397,1.0
MC-11275,2024-06-12,GB,Bristol,Designer,budget,English,email,retention,17601,465,17,4140.08,1914.77,0.4625,7.0
MC-12131,2024-06-12,IL,Netanya,Physician,budget,Hebrew,search,retention,152612,14390,397,2916.74,93657.91,32.1105,2.0
MC-12797,2024-06-12,IN,Delhi,Physician,premium,Hindi,social_media,retention,225210,4987,396,908.59,2030779.2,2235.0887,3.0
MC-12099,2024-06-12,US,San Francisco,Designer,premium,English,content_marketing,retention,100509,1656,38,1851.05,88174.49,47.6349,8.0
MC-11102,2024-06-12,IL,Tel Aviv,Designer,premium,Hebrew,display,retention,376989,4552,296,4326.78,719037.85,166.1831,5.0
MC-11416,2024-06-12,GB,London,Lawyer,mid,English,social_media,retention,59550,1079,27,10176.96,26387.26,2.5928,8.0
MC-10624,2024-06-12,ES,Seville,Software Engineer,mid,Spanish,search,awareness,188049,16965,1109,1568.65,1421984.03,906.5018,6.0
MC-12168,2024-06-12,FR,Nice,Software Engineer,budget,French,search,awareness,13969,788,7,7729.46,1394.05,0.1804,7.0
MC-12119,2024-06-12,ES,Seville,Sales Rep,premium,Spanish,email,acquisition,114559,3838,200,5054.6,619556.05,122.5727,9.0
MC-10071,2024-06-12,ZA,Port Elizabeth,Consultant,mid,Afrikaans,email,acquisition,39643,1124,49,581.42,31452.5,54.096,2.0
MC-10060,2024-06-12,ZA,Durban,Teacher,mid,Afrikaans,content_marketing,awareness,3605,48,1,2548.42,594.25,0.2332,
MC-12081,2024-06-12,ES,Valencia,Product Manager,mid,Spanish,display,retention,162093,1993,60,2931.46,56007.66,19.1057,4.0
MC-12199,2024-06-12,US,Phoenix,Sales Rep,budget,English,social_media,acquisition,10227,204,13,14474.23,1197.35,0.0827,10.0
MC-10608,2024-06-12,IN,Pune,Accountant,budget,Hindi,social_media,acquisition,12950,194,1,1140.6,138.76,0.1217,1.0
MC-12112,2024-06-12,IN,Delhi,Designer,budget,Hindi,social_media,acquisition,20560,523,23,2163.67,2116.12,0.978,1.0
MC-11612,2024-06-12,US,Houston,Physician,mid,English,social_media,acquisition,33972,824,27,837.41,32532.9,38.8494,8.0
MC-12278,2024-06-12,IN,Chennai,Physician,budget,Hindi,influencer,acquisition,21087,631,43,1440.6,8733.27,6.0622,10.0
MC-11290,2024-06-12,IN,Pune,Researcher,mid,Hindi,search,re_engagement,208253,15594,522,572.55,410099.08,716.2677,2.0
MC-12733,2024-06-12,GB,London,Lawyer,budget,English,influencer,awareness,1000,22,1,317.12,169.94,0.5359,6.0
MC-11317,2024-06-12,NL,Amsterdam,Product Manager,budget,Dutch,social_media,awareness,500000,7571,161,624.34,24526.01,39.2831,10.0
MC-11324,2024-06-12,US,Seattle,Consultant,budget,English,search,acquisition,12894,804,47,14985.67,6535.67,0.4361,3.0
MC-11987,2024-06-13,FR,Nice,Consultant,premium,French,display,acquisition,294672,4395,205,2872.81,660343.43,229.8598,4.0
MC-10467,2024-06-13,GB,Birmingham,Accountant,mid,English,email,retention,11437,286,11,4706.66,9240.28,1.9632,8.0
MC-11477,2024-06-13,CA,Toronto,Researcher,budget,English,social_media,acquisition,59335,1515,114,1481.39,16937.75,11.4337,1.0
MC-10642,2024-06-13,US,Houston,Marketing Manager,mid,English,social_media,acquisition,96992,2222,52,13543.85,45231.41,3.3396,5.0
MC-11460,2024-06-13,ZA,Cape Town,Accountant,budget,Afrikaans,content_marketing,retention,381694,7755,101,2796.99,13446.12,4.8074,
MC-11155,2024-06-13,IL,Netanya,Writer,mid,Hebrew,search,acquisition,76495,6616,143,4444.18,83653.78,18.8232,5.0
MC-10783,2024-06-13,ES,Bilbao,Architect,mid,Spanish,search,acquisition,64869,3898,56,562.04,66340.04,118.0344,2.0
MC-12595,2024-06-13,CA,Toronto,Marketing Manager,budget,English,influencer,acquisition,271949,5288,376,8015.95,66419.58,8.2859,9.0
MC-10638,2024-06-13,US,New York,Sales Rep,budget,English,search,acquisition,46382,2646,62,3368.93,7287.96,2.1633,4.0
MC-12881,2024-06-13,JP,Sapporo,Teacher,premium,Japanese,search,acquisition,5306,414,25,4345.71,56811.24,13.0729,9.0
MC-10041,2024-06-13,GB,Leeds,Writer,mid,English,search,retention,32357,1951,33,19438.03,15082.36,0.7759,3.0
MC-11338,2024-06-13,IN,Delhi,Consultant,mid,Hindi,display,acquisition,91953,1395,102,5602.99,88655.11,15.8228,3.0
MC-10586,2024-06-13,IN,Delhi,Teacher,budget,Hindi,influencer,awareness,34718,1021,25,851.01,2221.03,2.6099,10.0
MC-12934,2024-06-13,ES,Seville,HR Manager,premium,Spanish,search,awareness,8749,737,20,1434.59,61001.02,42.5216,6.0
MC-10051,2024-06-13,NL,Utrecht,Designer,budget,Dutch,social_media,awareness,35150,629,16,1130.68,1570.46,1.389,6.0
MC-12141,2024-06-13,GB,Birmingham,Accountant,premium,English,display,retention,88473,1001,57,5393.95,210312.52,38.9904,2.0
MC-11905,2024-06-13,US,Los Angeles,HR Manager,budget,English,search,acquisition,370862,32060,2193,389.32,227553.88,584.4906,8.0
MC-10981,2024-06-13,DE,Hamburg,Writer,budget,German,search,awareness,140430,11855,843,28928.0,71842.96,2.4835,9.0
MC-11072,2024-06-13,US,San Francisco,Teacher,budget,English,content_marketing,retention,125872,1941,130,572.87,12102.48,21.126,6.0
MC-12751,2024-06-13,US,New York,Architect,premium,English,display,awareness,59142,743,28,1690.87,180415.41,106.6998,10.0
MC-12006,2024-06-13,DE,Munich,Teacher,mid,German,social_media,awareness,12295,305,18,2316.74,9349.87,4.0358,4.0
MC-10268,2024-06-13,NL,Utrecht,Researcher,premium,Dutch,email,acquisition,177704,5935,290,4795.19,1229113.02,256.3221,8.0
MC-12768,2024-06-13,FR,Bordeaux,Architect,premium,French,social_media,re_engagement,32152,695,32,143.39,197229.96,1375.4792,10.0
MC-11746,2024-06-13,IN,Hyderabad,Product Manager,premium,Hindi,search,retention,27467,2383,150,394.28,575099.49,1458.6068,6.0
MC-10419,2024-06-13,SG,Singapore,Accountant,budget,English,social_media,acquisition,500000,11189,672,5460.99,81022.55,14.8366,
MC-12759,2024-06-13,US,Chicago,Consultant,premium,English,search,awareness,7367,593,22,3740.61,74448.02,19.9026,2.0
MC-12369,2024-06-13,CA,Vancouver,Sales Rep,mid,English,email,retention,2343,64,1,3162.35,480.47,0.1519,3.0
MC-12713,2024-06-13,SG,Singapore,Sales Rep,mid,English,email,awareness,11088,245,19,2677.89,12399.53,4.6303,2.0
MC-11616,2024-06-14,GB,Glasgow,Software Engineer,mid,English,social_media,acquisition,31690,455,7,260.46,7079.75,27.1817,5.0
MC-10593,2024-06-14,US,New York,Designer,budget,English,search,awareness,115616,8551,101,2504.36,10337.32,4.1277,6.0
MC-12492,2024-06-14,GB,Leeds,Data Scientist,mid,English,email,awareness,35252,1121,11,145.48,11536.42,79.299,6.0
MC-11284,2024-06-14,DE,Stuttgart,Physician,budget,German,search,retention,103037,9443,524,1606.85,119702.7,74.4953,8.0
MC-10871,2024-06-14,DE,Cologne,Researcher,budget,German,content_marketing,acquisition,33696,481,31,439.26,4085.47,9.3008,3.0
MC-10543,2024-06-14,US,Seattle,HR Manager,mid,English,email,acquisition,1556,53,1,2662.38,456.57,0.1715,9.0
MC-12498,2024-06-14,US,Seattle,Researcher,budget,English,email,awareness,17678,407,15,303.21,1991.7,6.5687,5.0
MC-10684,2024-06-14,US,San Francisco,HR Manager,budget,English,search,acquisition,29858,1637,87,843.67,10563.0,12.5203,
MC-11861,2024-06-14,DE,Berlin,Data Scientist,budget,German,influencer,awareness,500000,12982,1037,479.08,176762.7,368.9628,9.0
MC-10208,2024-06-14,US,New York,Data Scientist,mid,English,influencer,retention,85316,2167,80,3309.26,85028.23,25.694,7.0
MC-12228,2024-06-14,SG,Singapore,Designer,mid,English,influencer,retention,53181,1001,65,8644.52,35570.25,4.1148,9.0
MC-11310,2024-06-14,US,Houston,Software Engineer,budget,English,search,awareness,321779,21106,629,2269.95,137940.41,60.768,5.0
MC-12428,2024-06-14,US,Seattle,Product Manager,budget,English,search,retention,13746,1269,27,523.86,3791.3,7.2372,1.0
MC-12716,2024-06-14,US,San Francisco,Researcher,premium,English,influencer,retention,68943,2125,168,1560.29,561891.49,360.1199,1.0
MC-11107,2024-06-14,DE,Cologne,Designer,budget,German,search,acquisition,45427,2661,117,1937.74,12936.25,6.6759,
MC-11649,2024-06-14,BR,Rio de Janeiro,Lawyer,mid,Portuguese,email,acquisition,44599,1189,44,943.67,39650.26,42.0171,3.0
MC-11433,2024-06-14,US,Chicago,Software Engineer,budget,English,social_media,retention,124417,1945,140,385.16,27853.52,72.3168,8.0
MC-11995,2024-06-14,IN,Bangalore,Consultant,mid,Hindi,email,acquisition,28918,890,51,12183.87,43116.81,3.5388,7.0
MC-10951,2024-06-14,US,Phoenix,Designer,mid,English,email,acquisition,21518,685,36,2186.79,22676.71,10.3699,3.0
MC-10690,2024-06-14,US,Chicago,Consultant,budget,English,search,awareness,15331,1374,59,4769.41,9058.32,1.8993,2.0
MC-10098,2024-06-14,IN,Kolkata,Sales Rep,budget,Hindi,email,awareness,33432,1283,19,456.8,1981.08,4.3369,1.0
MC-10908,2024-06-14,BR,Salvador,HR Manager,mid,Portuguese,search,acquisition,500000,26606,1853,1003.92,1135588.16,1131.154,9.0
MC-12779,2024-06-14,IL,Netanya,Researcher,premium,Hebrew,content_marketing,re_engagement,10088,197,8,5949.85,32828.06,5.5175,1.0
MC-10491,2024-06-14,CA,Calgary,Software Engineer,mid,English,influencer,awareness,148132,4409,81,5916.03,96098.76,16.2438,4.0
MC-11757,2024-06-14,GB,Glasgow,Writer,budget,English,social_media,retention,500000,12737,468,3285.2999999999997,57586.94,17.5287,2.0
MC-10466,2024-06-14,NL,The Hague,Product Manager,mid,Dutch,social_media,acquisition,421960,10516,241,1324.61,218769.23,165.1575,8.0
MC-10176,2024-06-14,IN,Bangalore,Lawyer,premium,Hindi,social_media,acquisition,41767,1048,14,1545.92,88121.89,57.0029,9.0
MC-12309,2024-06-14,ZA,Durban,Designer,mid,Afrikaans,social_media,awareness,115997,2429,96,1364.34,59027.75,43.2647,5.0
MC-12155,2024-06-14,BR,Rio de Janeiro,Designer,budget,Portuguese,social_media,acquisition,33422,833,63,546.63,5486.73,10.0374,2.0
MC-10166,2024-06-14,BR,Salvador,Software Engineer,budget,Portuguese,email,retention,5271,195,13,1148.9,3009.23,2.6192,1.0
MC-11750,2024-06-15,US,Houston,Designer,mid,English,influencer,awareness,72676,1465,82,1394.87,48676.76,34.897,10.0
MC-10288,2024-06-15,FR,Lyon,Consultant,premium,French,content_marketing,acquisition,48453,832,12,2160.93,39585.47,18.3187,3.0
MC-11116,2024-06-15,IN,Pune,Researcher,mid,Hindi,social_media,re_engagement,26767,666,10,1947.61,7083.54,3.637,4.0
MC-10150,2024-06-15,US,Chicago,Software Engineer,premium,English,email,re_engagement,4661,144,7,1198.09,40237.21,33.5845,1.0
MC-11575,2024-06-15,FR,Toulouse,Writer,mid,French,display,acquisition,482937,4080,202,2296.26,124849.63,54.3709,5.0
MC-12553,2024-06-15,GB,London,Teacher,mid,English,social_media,retention,100625,2378,166,10833.85,90998.21,8.3994,3.0
MC-11421,2024-06-15,US,Houston,Writer,mid,English,social_media,awareness,139062,3549,155,2064.22,84303.35,40.8403,2.0
MC-11858,2024-06-15,IN,Hyderabad,Product Manager,budget,Hindi,email,retention,6150,183,13,1815.78,2239.76,1.2335,1.0
MC-11854,2024-06-15,DE,Frankfurt,Marketing Manager,budget,German,social_media,acquisition,1179700,16845,296,6572.27,45915.76,6.9863,9.0
MC-12526,2024-06-15,DE,Munich,Software Engineer,premium,German,influencer,awareness,13195,323,24,567.81,128267.96,225.8994,3.0
MC-11415,2024-06-15,ZA,Cape Town,Software Engineer,mid,Afrikaans,content_marketing,awareness,9620,210,6,6561.94,6696.35,1.0205,9.0
MC-11348,2024-06-15,GB,Manchester,Data Scientist,mid,English,social_media,acquisition,74662,1237,28,412.4,32376.68,78.508,2.0
MC-11583,2024-06-15,JP,Tokyo,Writer,budget,Japanese,influencer,acquisition,48274,1406,108,1406.93,13429.88,9.5455,2.0
MC-10144,2024-06-15,GB,Glasgow,HR Manager,mid,English,email,awareness,119109,2781,217,6486.26,135919.75,20.955,5.0
MC-11334,2024-06-15,JP,Yokohama,Writer,mid,Japanese,search,acquisition,51763,4620,191,1685.87,94589.23,56.1071,6.0
MC-12918,2024-06-15,US,Los Angeles,Data Scientist,budget,English,influencer,retention,67410,1635,60,981.0,13940.99,14.211,6.0
MC-10550,2024-06-15,ES,Valencia,Researcher,premium,Spanish,content_marketing,acquisition,38906,754,39,1714.52,129270.66,75.3976,3.0
MC-12355,2024-06-15,FR,Bordeaux,Researcher,premium,French,search,re_engagement,24592,1328,101,229.02,435857.33,1903.1409,9.0
MC-12440,2024-06-15,IL,Beer Sheva,HR Manager,premium,Hebrew,display,retention,96303,1389,32,7987.09,81114.36,10.1557,10.0
MC-10600,2024-06-15,BR,Rio de Janeiro,Data Scientist,mid,Portuguese,email,acquisition,76063,2306,95,4090.27,107878.9,26.3745,2.0
MC-12506,2024-06-15,IN,Hyderabad,Writer,mid,Hindi,search,retention,30213,2083,143,452.15,70977.1,156.9769,7.0
MC-10658,2024-06-15,BR,Rio de Janeiro,Architect,premium,Portuguese,social_media,awareness,26895,596,19,1382.38,98646.8,71.3601,5.0
MC-11306,2024-06-16,DE,Munich,Writer,premium,German,social_media,awareness,71835,1740,71,2410.68,178398.8,74.0035,4.0
MC-12984,2024-06-16,MX,Guadalajara,Data Scientist,budget,Spanish,display,acquisition,204402,1839,41,3984.99,8694.41,2.1818,7.0
MC-10182,2024-06-16,US,New York,HR Manager,mid,English,display,awareness,12828,137,6,1471.68,3411.84,2.3183,9.0
MC-12414,2024-06-16,IN,Pune,Software Engineer,premium,Hindi,email,awareness,6213,175,3,692.88,20151.58,29.0838,7.0
MC-11034,2024-06-16,US,San Francisco,Accountant,premium,English,social_media,acquisition,271577,4080,118,1095.98,480736.13,438.6359,10.0
MC-12234,2024-06-16,DE,Cologne,Product Manager,premium,German,search,awareness,22685,1444,59,1160.4,235251.35,202.733,9.0
MC-11022,2024-06-16,BR,Brasília,Data Scientist,mid,Portuguese,search,retention,89923,5952,462,1070.7,501872.0,468.7326,5.0
MC-11927,2024-06-16,IL,Haifa,Software Engineer,budget,Hebrew,display,re_engagement,500000,4578,359,2781.11,90055.21,32.381,6.0
MC-11687,2024-06-16,US,San Francisco,Data Scientist,mid,English,content_marketing,re_engagement,5152,105,5,810.7,4948.61,6.1041,
MC-12718,2024-06-16,US,New York,Data Scientist,mid,English,email,awareness,9410,243,14,1124.66,13065.16,11.617,8.0
MC-10584,2024-06-16,NL,Eindhoven,Lawyer,mid,Dutch,search,re_engagement,27586,1845,104,413.19,108885.59,263.5243,2.0
MC-11847,2024-06-16,US,Seattle,Writer,mid,English,display,acquisition,85011,1220,90,18578.3,58274.24,3.1367,10.0
MC-10265,2024-06-16,US,New York,Teacher,mid,English,social_media,acquisition,41872,727,18,5365.74,10721.15,1.9981,10.0
MC-10758,2024-06-16,AU,Perth,Accountant,budget,English,social_media,re_engagement,42200,762,32,554.16,4631.9,8.3584,9.0
MC-12150,2024-06-16,US,Los Angeles,Accountant,budget,English,content_marketing,acquisition,16675,211,10,5101.3,1619.93,0.3176,7.0
MC-10674,2024-06-16,BR,Salvador,Designer,mid,Portuguese,search,retention,155702,9187,661,1096.93,408083.44,372.0232,9.0
MC-10369,2024-06-16,US,Los Angeles,Marketing Manager,budget,English,email,re_engagement,16314,497,37,1724.95,4463.25,2.5875,2.0
MC-10057,2024-06-17,IN,Delhi,Data Scientist,mid,Hindi,social_media,re_engagement,159260,3133,214,1154.8,261702.41,226.6214,1.0
MC-12735,2024-06-17,US,Los Angeles,Marketing Manager,budget,English,email,acquisition,35087,1209,79,7668.56,10367.66,1.352,3.0
MC-10858,2024-06-17,AU,Sydney,Researcher,mid,English,social_media,awareness,62885,1625,122,3282.05,112377.85,34.2401,2.0
MC-11137,2024-06-17,GB,Bristol,Software Engineer,budget,English,content_marketing,retention,20236,463,28,2667.51,5491.32,2.0586,8.0
MC-12165,2024-06-17,US,Phoenix,Designer,mid,English,social_media,retention,77785,1219,97,4687.27,49536.5,10.5683,4.0
MC-12201,2024-06-17,US,Chicago,Physician,mid,English,search,awareness,93189,6257,253,14114.05,275330.63,19.5076,3.0
MC-12151,2024-06-17,US,San Francisco,Designer,premium,English,influencer,awareness,10321,234,13,1581.58,35973.13,22.7451,8.0
MC-12388,2024-06-17,US,Los Angeles,Accountant,mid,English,email,acquisition,19888,570,27,3175.83,20092.5,6.3267,2.0
MC-10673,2024-06-17,IN,Chennai,Marketing Manager,mid,Hindi,email,acquisition,2586,62,1,1985.69,649.14,0.3269,3.0
MC-10040,2024-06-17,US,Houston,Product Manager,mid,English,social_media,awareness,500000,9217,565,5237.28,365457.91,69.7801,8.0
MC-10911,2024-06-17,IN,Pune,HR Manager,budget,Hindi,email,retention,6970,190,11,5656.2,1253.38,0.2216,10.0
MC-12611,2024-06-17,US,New York,Marketing Manager,premium,English,social_media,acquisition,500000,8662,235,716.58,1093720.48,1526.3062,7.0
MC-12456,2024-06-17,DE,Munich,Product Manager,budget,German,search,re_engagement,176156,15350,713,1725.79,107086.77,62.0509,2.0
MC-11540,2024-06-17,US,San Francisco,Researcher,mid,English,search,awareness,66885,4963,322,4982.06,280787.1,56.3596,4.0
MC-11906,2024-06-17,GB,Glasgow,Product Manager,mid,English,email,retention,8382,234,9,2982.75,8038.88,2.6951,1.0
MC-10961,2024-06-17,US,Seattle,Designer,premium,English,display,acquisition,64569,882,40,8065.81,128658.23,15.9511,10.0
MC-12353,2024-06-17,US,Chicago,HR Manager,premium,English,content_marketing,awareness,4215,59,1,34114.1,2732.12,0.0801,4.0
MC-11371,2024-06-17,US,Seattle,Writer,premium,English,social_media,acquisition,37047,919,68,2778.75,207473.72,74.6644,7.0
MC-12043,2024-06-17,DE,Frankfurt,Marketing Manager,premium,German,email,awareness,18754,545,26,1997.18,88792.01,44.4587,9.0
MC-10267,2024-06-17,US,San Francisco,Physician,mid,English,social_media,awareness,140042,1968,151,550.25,156223.68,283.914,8.0
MC-12003,2024-06-17,AU,Perth,Designer,mid,English,social_media,retention,97372,1851,143,3762.11,80703.79,21.4517,5.0
MC-12403,2024-06-17,DE,Hamburg,Sales Rep,budget,German,social_media,awareness,151625,2659,149,969.65,18591.53,19.1734,7.0
MC-10374,2024-06-17,DE,Berlin,Researcher,mid,German,influencer,awareness,23349,676,37,2112.17,28841.0,13.6547,5.0
MC-11014,2024-06-17,CA,Calgary,Data Scientist,premium,English,email,acquisition,27952,676,6,8572.32,28088.75,3.2767,2.0
MC-12747,2024-06-17,IN,Bangalore,Teacher,budget,Hindi,email,awareness,80412,2983,212,1317.42,22664.01,17.2033,5.0
MC-12922,2024-06-17,GB,Birmingham,Designer,mid,English,social_media,retention,347122,6659,193,1219.33,114594.98,93.9819,10.0
MC-11150,2024-06-17,US,New York,Researcher,mid,English,search,awareness,28007,2677,107,1073.5,91659.91,85.3842,
MC-11046,2024-06-17,NL,Rotterdam,Physician,mid,Dutch,social_media,retention,117592,2680,138,4255.68,150934.09,35.4665,6.0
MC-12300,2024-06-17,IN,Hyderabad,Teacher,budget,Hindi,search,awareness,67846,6519,497,5946.3,45287.58,7.6161,3.0
MC-10375,2024-06-17,FR,Toulouse,Sales Rep,budget,French,social_media,awareness,52412,991,42,926.03,4724.83,5.1022,8.0
MC-10400,2024-06-18,DE,Hamburg,HR Manager,mid,German,search,retention,66554,5110,142,1664.15,82367.82,49.4954,8.0
MC-10518,2024-06-18,NL,Amsterdam,Product Manager,premium,Dutch,social_media,acquisition,13467,342,11,1164.14,46190.69,39.678,
MC-12726,2024-06-18,US,San Francisco,HR Manager,mid,English,content_marketing,acquisition,4324,85,5,749.75,3229.58,4.3075,7.0
MC-12600,2024-06-18,IN,Kolkata,Marketing Manager,mid,Hindi,search,acquisition,15749,1062,38,2734.46,33654.74,12.3076,9.0
MC-11428,2024-06-18,CA,Ottawa,Researcher,mid,English,email,acquisition,84836,1931,26,1499.9,17389.71,11.5939,3.0
MC-11581,2024-06-18,BR,São Paulo,Researcher,budget,Portuguese,email,re_engagement,51235,1338,13,2218.53,2064.58,0.9306,3.0
MC-10289,2024-06-18,BR,Brasília,HR Manager,premium,Portuguese,social_media,acquisition,22845,472,9,152.98,26675.42,174.3719,1.0
MC-10384,2024-06-18,US,Chicago,Teacher,budget,English,email,awareness,27508,883,59,3778.96,5411.61,1.432,2.0
MC-10918,2024-06-18,JP,Nagoya,Product Manager,mid,Japanese,search,acquisition,19373,1023,24,2098.39,18489.93,8.8115,7.0
MC-11017,2024-06-18,FR,Lyon,HR Manager,mid,French,search,retention,6924,544,43,1905.76,23959.92,12.5724,6.0
MC-10747,2024-06-18,IN,Hyderabad,Teacher,premium,Hindi,social_media,acquisition,15280,314,5,4244.95,11331.43,2.6694,
MC-11357,2024-06-18,FR,Marseille,Lawyer,budget,French,search,acquisition,90474,5634,385,6886.59,78630.59,11.4179,4.0
MC-11194,2024-06-18,IN,Delhi,Marketing Manager,budget,Hindi,social_media,re_engagement,220037,4435,221,3590.29,34252.67,9.5404,3.0
MC-10389,2024-06-18,IN,Mumbai,Consultant,budget,Hindi,display,retention,135774,1461,115,1322.99,16642.82,12.5797,2.0
MC-11661,2024-06-18,DE,Stuttgart,Accountant,mid,German,influencer,awareness,356045,7657,150,1533.55,107991.25,70.4191,4.0
MC-11999,2024-06-18,US,San Francisco,Marketing Manager,mid,English,email,acquisition,18290,505,38,1867.22,28562.37,15.2967,9.0
MC-11198,2024-06-18,US,Phoenix,Physician,premium,English,content_marketing,acquisition,13318,303,21,7124.93,140001.79,19.6496,8.0
MC-10266,2024-06-18,IN,Hyderabad,Architect,budget,Hindi,social_media,re_engagement,38100,685,43,1372.49,10168.18,7.4086,
MC-11028,2024-06-18,US,New York,Accountant,mid,English,social_media,acquisition,219377,3564,188,6312.4,171278.75,27.1337,8.0
MC-11816,2024-06-18,IN,Delhi,Writer,mid,Hindi,social_media,awareness,24555,561,34,706.03,22064.6,31.2516,8.0
MC-11219,2024-06-18,DE,Frankfurt,Sales Rep,budget,German,influencer,acquisition,500000,12851,464,718.02,43988.71,61.2639,10.0
MC-10667,2024-06-18,FR,Paris,Designer,mid,French,search,awareness,44177,3619,109,3173.49,67860.81,21.3837,3.0
MC-11532,2024-06-18,FR,Paris,Software Engineer,mid,French,email,retention,8521,187,4,199.53,5154.51,25.8333,7.0
MC-12838,2024-06-18,GB,London,HR Manager,budget,English,social_media,retention,19087,340,14,985.16,1374.03,1.3947,6.0
MC-10868,2024-06-18,JP,Nagoya,Data Scientist,budget,Japanese,email,awareness,82051,2183,103,1516.56,24465.55,16.1323,4.0
MC-12213,2024-06-18,BR,São Paulo,Software Engineer,budget,Portuguese,influencer,acquisition,72957,2326,182,6817.5,32743.94,4.8029,3.0
MC-10177,2024-06-18,BR,São Paulo,Accountant,mid,Portuguese,influencer,acquisition,81696,2004,121,466.38,79094.08,169.5915,4.0
MC-11621,2024-06-18,US,Phoenix,Data Scientist,budget,English,email,awareness,4002,106,5,6846.04,1116.39,0.1631,8.0
MC-12134,2024-06-18,ES,Bilbao,Lawyer,mid,Spanish,influencer,retention,148174,4555,128,1961.51,119754.91,61.0524,9.0
MC-12760,2024-06-18,US,Houston,Accountant,mid,English,search,awareness,44321,3239,96,1059.0,88193.39,83.2799,3.0
MC-12981,2024-06-18,IN,Pune,Designer,mid,Hindi,social_media,acquisition,216807,3584,182,4574.18,82230.84,17.9772,10.0
MC-10161,2024-06-18,AU,Perth,Product Manager,mid,English,social_media,acquisition,26097,629,38,85.22,33946.64,398.3412,6.0
MC-11883,2024-06-18,ES,Madrid,Software Engineer,mid,Spanish,email,awareness,63138,1739,94,429.26,113211.57,263.7366,3.0
MC-12975,2024-06-18,AU,Brisbane,Designer,premium,English,email,acquisition,34805,818,13,404.49,39248.97,97.0332,7.0
MC-11489,2024-06-18,US,Seattle,Writer,budget,English,email,retention,33694,1004,80,2822.34,8297.41,2.9399,9.0
MC-11877,2024-06-18,GB,Birmingham,Software Engineer,mid,English,display,retention,378444,5758,351,2470.41,350365.75,141.8249,8.0
MC-11499,2024-06-18,US,Seattle,Researcher,mid,English,content_marketing,retention,71050,1287,60,1570.63,55523.08,35.3508,9.0
MC-11058,2024-06-18,FR,Lyon,Marketing Manager,premium,French,email,retention,2082,44,2,420.44,7300.66,17.3643,5.0
MC-11273,2024-06-18,FR,Bordeaux,Software Engineer,mid,French,social_media,acquisition,74965,1127,67,819.12,64297.31,78.4956,3.0
MC-11114,2024-06-18,DE,Stuttgart,Accountant,budget,German,search,acquisition,2237,142,7,330.19,1068.53,3.2361,5.0
MC-11052,2024-06-18,AU,Adelaide,Accountant,premium,English,display,acquisition,100575,1100,81,4230.76,279039.64,65.955,3.0
MC-10009,2024-06-18,FR,Toulouse,Designer,mid,French,display,re_engagement,55893,743,44,1515.38,21452.24,14.1563,4.0
MC-11534,2024-06-18,IN,Chennai,Marketing Manager,premium,Hindi,search,awareness,23479,1886,110,371.07,423708.21,1141.8552,8.0
MC-12791,2024-06-19,SG,Singapore,Product Manager,mid,English,email,awareness,29406,910,61,871.71,57603.8,66.0814,8.0
MC-12698,2024-06-19,CA,Calgary,Data Scientist,mid,English,email,acquisition,10918,316,21,803.58,20206.59,25.1457,10.0
MC-12701,2024-06-19,GB,Leeds,Marketing Manager,premium,English,content_marketing,retention,5180,83,2,3169.61,6955.47,2.1944,2.0
MC-12373,2024-06-19,IN,Mumbai,Data Scientist,budget,Hindi,social_media,acquisition,133877,2136,42,716.13,8450.74,11.8006,9.0
MC-11187,2024-06-19,AU,Sydney,HR Manager,premium,English,content_marketing,awareness,15027,308,19,1820.28,57444.98,31.5583,2.0
MC-11174,2024-06-19,US,Phoenix,Accountant,mid,English,search,acquisition,20758,1462,53,921.03,36838.59,39.9972,
MC-10130,2024-06-19,FR,Bordeaux,Lawyer,mid,French,search,re_engagement,30831,2150,159,307.38,174681.9,568.293,9.0
MC-11388,2024-06-19,US,Houston,Sales Rep,premium,English,influencer,acquisition,142291,2667,138,2227.39,430031.64,193.0653,3.0
MC-11288,2024-06-19,ZA,Port Elizabeth,Designer,mid,Afrikaans,email,retention,12726,486,25,664.32,11200.84,16.8606,8.0
MC-10339,2024-06-19,ZA,Pretoria,Lawyer,budget,Afrikaans,display,acquisition,500000,5320,69,827.17,14401.55,17.4106,6.0
MC-10820,2024-06-19,IL,Netanya,Sales Rep,budget,Hebrew,email,awareness,8465,283,6,967.64,704.89,0.7285,6.0
MC-12832,2024-06-19,CA,Vancouver,Software Engineer,premium,English,content_marketing,awareness,43357,891,28,1966.92,178440.17,90.7206,5.0
MC-12010,2024-06-19,US,Seattle,Architect,budget,English,email,retention,21163,770,57,7010.76,10647.84,1.5188,10.0
MC-12042,2024-06-19,NL,Rotterdam,Consultant,premium,Dutch,content_marketing,acquisition,119742,2492,195,1555.66,784149.52,504.0623,8.0
MC-12180,2024-06-19,US,Seattle,Architect,premium,English,email,awareness,12941,427,23,5749.31,132091.4,22.9752,6.0
MC-11521,2024-06-19,DE,Munich,Lawyer,mid,German,content_marketing,acquisition,3012,64,3,7900.54,3839.53,0.486,4.0
MC-11196,2024-06-19,US,Phoenix,Product Manager,premium,English,display,awareness,500000,7714,264,4433.44,883927.01,199.3772,6.0
MC-12063,2024-06-19,US,Houston,Teacher,premium,English,search,acquisition,19392,1606,29,1900.19,81806.64,43.0518,6.0
MC-11778,2024-06-19,DE,Frankfurt,Consultant,mid,German,social_media,retention,500000,11770,475,475.88,451024.61,947.7696,9.0
MC-11071,2024-06-19,CA,Calgary,Physician,budget,English,social_media,re_engagement,101460,1951,54,2643.11,10282.92,3.8905,7.0
MC-10775,2024-06-19,DE,Frankfurt,Lawyer,premium,German,social_media,acquisition,43437,822,43,960.13,274860.26,286.274,
MC-12472,2024-06-19,BR,Fortaleza,Lawyer,mid,Portuguese,search,awareness,21676,1293,84,2406.37,95238.39,39.5776,6.0
MC-11055,2024-06-19,GB,Manchester,Accountant,budget,English,display,retention,79569,879,11,1037.35,1833.1,1.7671,8.0
MC-12321,2024-06-19,FR,Toulouse,HR Manager,mid,French,search,awareness,36097,2998,167,11237.29,104853.43,9.3308,8.0
MC-12204,2024-06-19,GB,London,Lawyer,premium,English,email,re_engagement,6540,141,9,4216.39,51491.83,12.2123,1.0
MC-10901,2024-06-19,GB,London,Writer,mid,English,email,acquisition,16437,620,31,1570.59,18771.58,11.9519,7.0
MC-10589,2024-06-19,JP,Nagoya,Teacher,budget,Japanese,search,retention,15252,1402,40,1106.19,3366.84,3.0436,9.0
MC-10751,2024-06-19,US,Seattle,Software Engineer,budget,English,search,awareness,13133,1107,72,1679.77,15606.99,9.2911,3.0
MC-10054,2024-06-19,NL,Eindhoven,Data Scientist,premium,Dutch,social_media,retention,367255,5793,305,1569.41,1655260.7,1054.7025,5.0
MC-12950,2024-06-19,IN,Hyderabad,Software Engineer,mid,Hindi,search,acquisition,10287,952,12,726.07,12872.95,17.7296,2.0
MC-12626,2024-06-19,CA,Montreal,Teacher,mid,English,social_media,acquisition,58005,1123,59,425.63,26659.9,62.6363,
MC-10531,2024-06-19,FR,Toulouse,Physician,budget,French,social_media,retention,101527,2560,93,261.83,20771.54,79.3322,4.0
MC-10753,2024-06-19,GB,Manchester,Teacher,mid,English,search,awareness,429675,31970,1945,52433.7,1300698.92,24.8065,8.0
MC-11064,2024-06-20,US,Phoenix,Software Engineer,budget,English,email,acquisition,35536,1092,58,871.08,11241.42,12.9052,2.0
MC-12394,2024-06-20,BR,São Paulo,Consultant,premium,Portuguese,email,retention,4221,89,5,1509.46,18324.02,12.1395,10.0
MC-12706,2024-06-20,GB,Bristol,Accountant,mid,English,social_media,acquisition,196135,4391,104,11480.08,69107.0,6.0197,8.0
MC-10489,2024-06-20,ES,Madrid,Accountant,mid,Spanish,search,acquisition,34465,1843,50,4317.36,33753.45,7.8181,3.0
MC-12062,2024-06-20,FR,Bordeaux,Product Manager,budget,French,social_media,awareness,120725,3070,216,2922.82,32674.41,11.1791,2.0
MC-10461,2024-06-20,US,San Francisco,Consultant,mid,English,content_marketing,acquisition,350377,7977,327,587.48,214648.23,365.3711,6.0
MC-11118,2024-06-20,US,New York,Accountant,mid,English,email,awareness,21062,504,14,3155.6,10113.07,3.2048,7.0
MC-10422,2024-06-20,ZA,Cape Town,Product Manager,premium,Afrikaans,social_media,re_engagement,9325,225,14,13212.93,65658.58,4.9693,5.0
MC-11599,2024-06-20,US,Seattle,Marketing Manager,budget,English,social_media,awareness,23757,395,17,6864.16,2469.7,0.3598,1.0
MC-11688,2024-06-20,DE,Hamburg,Teacher,budget,German,social_media,acquisition,127300,2357,70,490.17,6458.45,13.1759,6.0
MC-11485,2024-06-20,US,New York,Consultant,mid,English,influencer,retention,7608,241,17,5409.88,12256.58,2.2656,4.0
MC-10219,2024-06-20,IN,Delhi,Teacher,mid,Hindi,email,re_engagement,3017,94,1,1588.03,654.92,0.4124,8.0
MC-12425,2024-06-20,IN,Delhi,Product Manager,premium,Hindi,social_media,retention,31442,812,64,1859.94,301651.85,162.1836,8.0
MC-12158,2024-06-20,SG,Singapore,Physician,mid,English,email,awareness,55061,1285,88,3077.65,89568.73,29.103,9.0
MC-11642,2024-06-20,NL,Rotterdam,Sales Rep,budget,Dutch,social_media,retention,15252,361,19,7548.09,2196.27,0.291,2.0
MC-11662,2024-06-20,US,Houston,Writer,mid,English,search,acquisition,23828,1631,47,1372.54,31048.74,22.6214,4.0
MC-12124,2024-06-20,IN,Delhi,Accountant,budget,Hindi,influencer,awareness,82609,2305,48,17695.26,8387.81,0.474,
MC-11562,2024-06-20,GB,London,HR Manager,mid,English,content_marketing,acquisition,10474,235,8,7121.25,3803.74,0.5341,9.0
MC-10455,2024-06-20,IN,Chennai,Architect,mid,Hindi,email,acquisition,139826,4547,83,4524.14,104441.12,23.0853,2.0
MC-11464,2024-06-20,IN,Bangalore,Product Manager,mid,Hindi,search,retention,19120,1532,73,1360.14,66924.05,49.2038,2.0
MC-11138,2024-06-20,IN,Hyderabad,Physician,budget,Hindi,email,acquisition,27375,781,36,473.45,8516.19,17.9875,8.0
MC-10234,2024-06-20,US,Phoenix,Sales Rep,premium,English,email,awareness,66165,2220,136,1098.49,319638.37,290.9798,10.0
MC-11591,2024-06-20,IN,Bangalore,Data Scientist,mid,Hindi,content_marketing,acquisition,45834,642,21,3161.51,26350.06,8.3346,5.0
MC-10125,2024-06-20,IL,Jerusalem,Architect,budget,Hebrew,social_media,awareness,265192,6861,458,2120.44,97561.46,46.01,7.0
MC-12029,2024-06-20,IN,Kolkata,Product Manager,mid,Hindi,email,retention,14880,532,19,4219.92,16922.83,4.0102,9.0
MC-10260,2024-06-20,US,Houston,Consultant,mid,English,social_media,acquisition,39567,661,45,3267.33,34569.56,10.5804,1.0
MC-10026,2024-06-20,ES,Madrid,Consultant,budget,Spanish,content_marketing,acquisition,69126,1116,57,6780.75,9148.54,1.3492,5.0
MC-10508,2024-06-20,US,Houston,Architect,mid,English,email,acquisition,6218,137,1,3576.24,924.79,0.2586,6.0
MC-11955,2024-06-20,US,Houston,HR Manager,mid,English,email,retention,15214,451,8,2658.48,3676.65,1.383,6.0
MC-12455,2024-06-20,FR,Marseille,Accountant,premium,French,social_media,awareness,155737,3530,42,1775.07,142518.69,80.2891,
MC-10386,2024-06-20,CA,Toronto,Physician,budget,English,social_media,awareness,500000,9334,546,544.87,104963.49,192.6395,2.0
MC-11822,2024-06-20,DE,Hamburg,Accountant,budget,German,influencer,acquisition,55467,1116,88,4848.57,14757.45,3.0437,4.0
MC-11361,2024-06-20,BR,Brasília,Teacher,mid,Portuguese,search,retention,25468,1900,71,942.61,41447.81,43.9713,8.0
MC-11821,2024-06-20,MX,Guadalajara,Sales Rep,premium,Spanish,social_media,awareness,26805,432,23,4528.06,66042.45,14.5852,2.0
MC-10773,2024-06-20,GB,Bristol,Architect,budget,English,search,awareness,38729,2442,150,16807.53,26802.85,1.5947,
MC-11817,2024-06-20,GB,Bristol,Designer,mid,English,display,acquisition,95457,1257,29,9607.91,14266.8,1.4849,8.0
MC-10888,2024-06-20,US,Chicago,Accountant,mid,English,social_media,retention,245802,5663,118,3291.7,96980.01,29.462,3.0
MC-11238,2024-06-20,GB,Glasgow,Designer,budget,English,social_media,re_engagement,15792,302,11,11812.71,1241.77,0.1051,1.0
MC-12286,2024-06-20,AU,Adelaide,Marketing Manager,mid,English,content_marketing,acquisition,86018,1559,118,9665.31,86388.0,8.9379,5.0
MC-11231,2024-06-20,IL,Jerusalem,Software Engineer,budget,Hebrew,influencer,acquisition,500000,14858,858,2807.55,147241.94,52.445,4.0
MC-11820,2024-06-20,DE,Stuttgart,Sales Rep,budget,German,search,retention,128510,11002,148,1700.92,17482.69,10.2784,8.0
MC-12655,2024-06-20,BR,Rio de Janeiro,Physician,premium,Portuguese,email,acquisition,15872,439,14,2274.18,82726.27,36.3763,5.0
MC-12649,2024-06-20,IN,Delhi,Software Engineer,mid,Hindi,social_media,retention,316922,7093,520,1854.13,563529.3,303.9319,5.0
MC-11264,2024-06-20,DE,Stuttgart,Software Engineer,mid,German,search,awareness,8164,576,42,38732.05,44486.18,1.1486,6.0
MC-12254,2024-06-20,ES,Valencia,Data Scientist,mid,Spanish,email,awareness,42853,1496,33,3196.24,30956.42,9.6853,
MC-11301,2024-06-20,GB,London,Product Manager,budget,English,email,acquisition,19399,561,10,12858.25,1316.08,0.1024,7.0
MC-10342,2024-06-20,IN,Chennai,Lawyer,budget,Hindi,social_media,awareness,179982,4572,191,1441.91,37565.79,26.0528,10.0
MC-11362,2024-06-20,US,Phoenix,Researcher,mid,English,search,awareness,32101,2422,137,6513.0,122332.57,18.7828,7.0
MC-12532,2024-06-20,ES,Bilbao,Teacher,mid,Spanish,display,acquisition,25731,221,8,1116.14,4378.22,3.9226,10.0
MC-12988,2024-06-20,SG,Singapore,Consultant,premium,English,email,awareness,4313,157,11,2966.85,48777.14,16.4407,7.0
MC-10803,2024-06-20,GB,Birmingham,Software Engineer,mid,English,search,acquisition,78997,5366,194,904.19,193964.29,214.5172,9.0
MC-11785,2024-06-21,IN,Hyderabad,Product Manager,budget,Hindi,search,re_engagement,60398,5408,380,174.58,50581.36,289.7317,5.0
MC-12518,2024-06-21,BR,São Paulo,Writer,budget,Portuguese,email,awareness,4912,129,1,1847.61,95.87,0.0519,1.0
MC-11041,2024-06-21,ZA,Pretoria,Researcher,mid,Afrikaans,email,retention,16048,419,6,453.85,5253.64,11.5757,5.0
MC-10825,2024-06-21,BR,Fortaleza,Sales Rep,budget,Portuguese,email,acquisition,145719,5464,304,399.2,37337.02,93.5296,3.0
MC-11177,2024-06-21,ZA,Port Elizabeth,Consultant,budget,Afrikaans,influencer,acquisition,16633,337,9,1752.58,1134.66,0.6474,
MC-10843,2024-06-21,DE,Stuttgart,Architect,mid,German,display,retention,19017,200,6,9058.3,6377.53,0.7041,9.0
MC-11098,2024-06-21,IN,Hyderabad,Marketing Manager,premium,Hindi,email,re_engagement,14040,531,15,1563.79,58987.4,37.7208,3.0
MC-12328,2024-06-21,US,New York,Accountant,mid,English,social_media,awareness,384525,8163,314,6123.2,278531.28,45.4879,3.0
MC-10884,2024-06-21,GB,London,Lawyer,budget,English,social_media,acquisition,97932,2178,148,408.84,35203.26,86.1052,1.0
MC-12795,2024-06-21,IN,Pune,Accountant,mid,Hindi,email,retention,16553,441,5,438.51,3965.36,9.0428,5.0
MC-12127,2024-06-21,US,Houston,Software Engineer,budget,English,display,re_engagement,134571,1633,89,4790.41,17631.12,3.6805,5.0
MC-12137,2024-06-21,BR,Rio de Janeiro,Lawyer,mid,Portuguese,influencer,awareness,135181,3746,114,1542.9,135309.97,87.6985,5.0
MC-10035,2024-06-21,FR,Toulouse,Product Manager,mid,French,email,re_engagement,54984,1164,49,6109.8,45897.18,7.5121,2.0
MC-10470,2024-06-21,GB,Manchester,Designer,mid,English,social_media,re_engagement,14987,316,7,609.27,4578.06,7.514,3.0
MC-12467,2024-06-21,BR,Salvador,Researcher,budget,Portuguese,search,acquisition,11033,881,31,835.14,4715.71,5.6466,7.0
MC-10563,2024-06-21,IN,Pune,Designer,budget,Hindi,search,awareness,13678,1262,41,1419.69,4432.19,3.1219,5.0
MC-12226,2024-06-21,FR,Paris,Product Manager,mid,French,display,acquisition,93438,978,53,42409.74,45211.55,1.0661,10.0
MC-12092,2024-06-21,BR,Fortaleza,Accountant,premium,Portuguese,content_marketing,retention,76712,1416,30,4834.06,135214.23,27.9712,8.0
MC-12502,2024-06-21,BR,Salvador,Designer,mid,Portuguese,social_media,retention,500000,12810,220,7079.24,135954.95,19.2047,5.0
MC-11346,2024-06-21,CA,Toronto,Accountant,mid,English,social_media,awareness,254772,6616,263,1789.58,194821.49,108.8644,1.0
MC-12823,2024-06-21,US,San Francisco,Consultant,budget,English,social_media,retention,22362,525,30,5847.41,4902.85,0.8385,2.0
MC-12679,2024-06-21,ES,Seville,Software Engineer,budget,Spanish,search,awareness,7588,542,25,2441.73,5942.95,2.4339,5.0
MC-11997,2024-06-21,IL,Tel Aviv,Physician,mid,Hebrew,social_media,acquisition,25777,405,12,10298.88,11751.36,1.141,10.0
MC-10743,2024-06-21,IN,Kolkata,HR Manager,mid,Hindi,search,re_engagement,26634,1516,41,2786.63,18516.35,6.6447,5.0
MC-10737,2024-06-21,BR,São Paulo,Software Engineer,mid,Portuguese,search,acquisition,60520,3913,275,5334.29,289867.74,54.3405,6.0
MC-11745,2024-06-21,ES,Seville,Sales Rep,mid,Spanish,email,acquisition,15902,407,7,1662.56,3798.59,2.2848,7.0
MC-10090,2024-06-21,US,Phoenix,Software Engineer,budget,English,social_media,retention,14007,217,10,2648.41,2075.68,0.7837,7.0
MC-12172,2024-06-21,IN,Chennai,Designer,premium,Hindi,display,retention,8427,95,3,1162.61,7488.28,6.4409,4.0
MC-10094,2024-06-21,IL,Jerusalem,HR Manager,premium,Hebrew,social_media,acquisition,76415,1909,40,1482.81,113911.72,76.8215,9.0
MC-10283,2024-06-21,US,San Francisco,Lawyer,budget,English,social_media,acquisition,6842,97,4,964.78,911.45,0.9447,4.0
MC-11307,2024-06-22,US,Phoenix,Data Scientist,premium,English,social_media,acquisition,26567,583,39,6089.7,238908.05,39.2315,3.0
MC-12072,2024-06-22,IN,Delhi,Product Manager,budget,Hindi,social_media,acquisition,52562,806,50,6929.62,6495.35,0.9373,6.0
MC-10948,2024-06-22,AU,Perth,Data Scientist,budget,English,social_media,retention,23205,422,26,1907.99,5071.37,2.658,1.0
MC-12612,2024-06-22,DE,Cologne,Product Manager,premium,German,display,awareness,49191,664,22,4538.48,71548.65,15.7649,10.0
MC-11135,2024-06-22,GB,Manchester,Sales Rep,mid,English,search,awareness,1133,97,7,196.52,3392.55,17.2631,6.0
MC-10444,2024-06-22,IL,Haifa,Lawyer,mid,Hebrew,social_media,awareness,96885,2144,21,6850.41,21487.22,3.1366,10.0
MC-12208,2024-06-22,DE,Stuttgart,Researcher,premium,German,social_media,awareness,108055,2248,46,628.31,153118.7,243.6993,1.0
MC-12210,2024-06-22,FR,Bordeaux,Lawyer,budget,French,email,retention,161818,3693,145,472.76,36409.94,77.0157,3.0
MC-10196,2024-06-22,US,Los Angeles,Teacher,budget,English,email,acquisition,24221,904,71,2273.87,8275.61,3.6394,10.0
MC-10476,2024-06-22,US,San Francisco,Physician,budget,English,social_media,acquisition,85335,1678,72,704.99,13519.37,19.1767,8.0
MC-10122,2024-06-22,NL,Eindhoven,Writer,budget,Dutch,email,retention,222295,5368,128,291.75,13076.98,44.8226,9.0
MC-12657,2024-06-22,ZA,Pretoria,Sales Rep,budget,Afrikaans,email,acquisition,61732,1427,19,1252.81,1633.33,1.3037,1.0
MC-12569,2024-06-22,US,Seattle,Consultant,budget,English,display,retention,458592,5500,82,3955.95,12325.17,3.1156,5.0
MC-10979,2024-06-22,IN,Bangalore,Consultant,budget,Hindi,search,acquisition,500000,46939,752,1678.06,114120.51,68.0074,4.0
MC-10379,2024-06-22,MX,Tijuana,Researcher,mid,Spanish,email,acquisition,7623,184,6,693.33,5723.56,8.2552,9.0
MC-10827,2024-06-22,FR,Bordeaux,Designer,mid,French,influencer,acquisition,54075,1640,81,1367.78,50480.49,36.9069,8.0
MC-10141,2024-06-22,GB,Birmingham,Researcher,mid,English,display,awareness,144306,1806,142,3345.24,126918.12,37.9399,7.0
MC-11846,2024-06-22,IN,Delhi,Architect,budget,Hindi,social_media,re_engagement,25340,564,23,853.85,4030.46,4.7203,2.0
MC-10534,2024-06-22,FR,Bordeaux,HR Manager,mid,French,display,awareness,78030,695,47,2550.74,28406.97,11.1368,4.0
MC-11974,2024-06-22,IL,Jerusalem,Marketing Manager,premium,Hebrew,social_media,awareness,43037,1105,56,2718.19,194580.22,71.5845,3.0
MC-10659,2024-06-22,IL,Jerusalem,Writer,mid,Hebrew,email,retention,19014,650,41,3265.15,19117.04,5.8549,8.0
MC-10281,2024-06-22,US,Chicago,Consultant,budget,English,social_media,retention,47112,1061,78,3283.28,10825.62,3.2972,2.0
MC-10312,2024-06-22,US,San Francisco,Lawyer,mid,English,display,acquisition,500000,4612,123,447.82,158558.14,354.0667,9.0
MC-10420,2024-06-22,IN,Delhi,Data Scientist,mid,Hindi,influencer,awareness,81797,2321,52,1489.61,67458.61,45.2861,5.0
MC-12100,2024-06-22,CA,Ottawa,Software Engineer,premium,English,search,awareness,115422,10965,684,758.16,4305378.57,5678.7203,5.0
MC-12541,2024-06-23,FR,Lyon,Data Scientist,mid,French,content_marketing,acquisition,18818,300,15,1655.56,17290.04,10.4436,5.0
MC-12503,2024-06-23,FR,Bordeaux,Product Manager,premium,French,email,retention,40953,1446,109,3861.6,424821.71,110.0118,10.0
MC-12380,2024-06-23,NL,Eindhoven,Data Scientist,budget,Dutch,email,acquisition,1964,74,2,1286.84,365.78,0.2842,
MC-12969,2024-06-23,SG,Singapore,Consultant,mid,English,email,awareness,7872,217,11,4712.17,7274.65,1.5438,7.0
MC-12235,2024-06-23,US,Houston,Writer,premium,English,email,acquisition,25508,664,40,3133.08,127053.32,40.5522,
MC-11216,2024-06-23,CA,Calgary,Consultant,budget,English,search,awareness,196169,10591,410,2069.49,49444.43,23.8921,
MC-10063,2024-06-23,MX,Puebla,Teacher,mid,Spanish,social_media,acquisition,500000,8105,366,7562.85,164552.69,21.758,10.0
MC-12956,2024-06-23,FR,Toulouse,Lawyer,mid,French,search,retention,13561,759,56,6335.43,73209.55,11.5556,3.0
MC-11535,2024-06-23,US,Phoenix,Consultant,mid,English,search,acquisition,23370,2188,47,1395.57,35150.31,25.1871,6.0
MC-11313,2024-06-23,US,Seattle,Product Manager,mid,English,influencer,retention,54658,1042,73,2403.24,61720.36,25.6821,2.0
MC-11420,2024-06-23,IN,Chennai,Researcher,mid,Hindi,social_media,acquisition,90870,1315,77,13429.33,52698.5,3.9241,8.0
MC-11039,2024-06-23,US,Seattle,Physician,mid,English,influencer,retention,80274,2375,127,2903.76,124648.34,42.9265,1.0
MC-12627,2024-06-23,IN,Delhi,HR Manager,premium,Hindi,email,awareness,7148,272,3,2440.36,7007.07,2.8713,8.0
MC-11766,2024-06-23,US,New York,Designer,premium,English,display,retention,196059,2117,39,4337.23,125636.02,28.9669,5.0
MC-12949,2024-06-23,BR,Brasília,Consultant,mid,Portuguese,content_marketing,acquisition,30034,700,8,8320.7,5495.94,0.6605,6.0
MC-12738,2024-06-23,US,San Francisco,Lawyer,budget,English,email,acquisition,6310,157,11,520.53,2299.84,4.4183,6.0
MC-11457,2024-06-24,CA,Vancouver,Researcher,budget,English,influencer,retention,26190,833,64,3382.73,10613.52,3.1376,3.0
MC-11615,2024-06-24,BR,São Paulo,Architect,budget,Portuguese,email,awareness,27136,743,41,803.45,7461.65,9.287,8.0
MC-11734,2024-06-24,NL,The Hague,Designer,mid,Dutch,search,awareness,93748,8478,356,3000.83,186810.76,62.253,4.0
MC-10506,2024-06-24,GB,Birmingham,Accountant,premium,English,search,retention,42378,3894,141,2120.55,624333.18,294.4204,3.0
MC-10456,2024-06-24,MX,Puebla,Writer,budget,Spanish,search,awareness,13623,1272,15,985.75,1751.02,1.7763,9.0
MC-11808,2024-06-24,DE,Hamburg,Researcher,premium,German,email,awareness,56478,1247,47,12037.06,153162.19,12.7242,5.0
MC-12323,2024-06-24,JP,Sapporo,Teacher,mid,Japanese,display,acquisition,97155,950,31,94.61,14783.48,156.2571,2.0
MC-11123,2024-06-24,MX,Guadalajara,HR Manager,mid,Spanish,content_marketing,retention,2647,44,2,1376.26,963.46,0.7001,7.0
MC-10934,2024-06-24,BR,Rio de Janeiro,Marketing Manager,budget,Portuguese,search,retention,37010,2775,30,2900.54,5333.11,1.8387,6.0
MC-10145,2024-06-24,US,San Francisco,Writer,mid,English,display,retention,50139,664,41,301.95,27244.47,90.2284,8.0
MC-10741,2024-06-24,IN,Chennai,Consultant,mid,Hindi,social_media,re_engagement,67975,1125,55,1777.03,50809.6,28.5924,7.0
MC-10142,2024-06-24,SG,Singapore,Marketing Manager,premium,English,social_media,re_engagement,25622,563,35,1288.2,133659.85,103.7571,6.0
MC-12939,2024-06-24,US,Chicago,Architect,mid,English,email,acquisition,2225,65,4,707.14,4168.13,5.8943,3.0
MC-11517,2024-06-24,ES,Seville,Architect,budget,Spanish,email,awareness,7939,289,10,172.5,1857.94,10.7707,
MC-11712,2024-06-24,GB,Glasgow,Writer,mid,English,social_media,awareness,18962,478,16,2599.03,7618.22,2.9312,
MC-10291,2024-06-24,US,Seattle,Consultant,budget,English,email,acquisition,14870,329,7,1019.5,901.62,0.8844,7.0
MC-10380,2024-06-24,IL,Haifa,Software Engineer,budget,Hebrew,email,awareness,3793,82,3,2009.29,505.47,0.2516,
MC-11113,2024-06-24,US,Chicago,Software Engineer,budget,English,social_media,acquisition,185240,4155,64,932.62,10902.63,11.6903,9.0
MC-11364,2024-06-24,GB,London,Designer,budget,English,email,re_engagement,21267,664,7,3094.47,699.94,0.2262,8.0
MC-10967,2024-06-24,GB,Leeds,HR Manager,premium,English,email,awareness,7433,248,5,11766.45,16728.26,1.4217,1.0
MC-10852,2024-06-24,AU,Melbourne,Researcher,budget,English,social_media,acquisition,500000,10349,380,11306.22,53605.84,4.7413,5.0
MC-12629,2024-06-24,IL,Netanya,Product Manager,budget,Hebrew,social_media,re_engagement,122847,2866,158,5545.48,27304.47,4.9237,3.0
MC-10082,2024-06-24,CA,Toronto,Designer,mid,English,email,retention,4939,129,4,8702.38,1887.16,0.2169,6.0
MC-12860,2024-06-24,DE,Frankfurt,Marketing Manager,premium,German,search,re_engagement,119242,11361,587,1023.39,2638349.13,2578.0486,1.0
MC-11993,2024-06-24,SG,Singapore,Researcher,mid,English,influencer,acquisition,15471,303,13,2612.79,8505.97,3.2555,9.0
MC-10062,2024-06-24,MX,Monterrey,Researcher,mid,Spanish,email,retention,37998,1268,39,598.01,33961.82,56.7914,3.0
MC-10484,2024-06-24,US,San Francisco,Lawyer,mid,English,display,awareness,281379,3400,78,689.82,73401.68,106.407,5.0
MC-12090,2024-06-24,DE,Munich,Teacher,mid,German,social_media,retention,56202,862,18,2427.07,11561.35,4.7635,4.0
MC-12061,2024-06-24,US,San Francisco,Marketing Manager,budget,English,search,awareness,12483,1037,16,1749.27,2786.35,1.5929,6.0
MC-11557,2024-06-24,FR,Lyon,Researcher,mid,French,search,retention,9108,597,45,1532.03,32372.62,21.1305,1.0
MC-11837,2024-06-24,US,New York,Software Engineer,mid,English,social_media,re_engagement,280607,4120,286,2448.8,269292.63,109.9692,2.0
MC-11162,2024-06-24,US,Phoenix,Designer,mid,English,email,awareness,27215,931,40,1723.58,19428.62,11.2722,3.0
MC-10698,2024-06-24,ES,Madrid,Consultant,mid,Spanish,social_media,re_engagement,500000,12016,676,3492.97,482925.74,138.2565,2.0
MC-10920,2024-06-24,US,Houston,Lawyer,premium,English,influencer,retention,76912,1402,53,857.26,348983.01,407.0912,7.0
MC-11356,2024-06-24,IN,Delhi,Marketing Manager,mid,Hindi,social_media,acquisition,89932,1755,76,6001.31,50966.67,8.4926,3.0
MC-11828,2024-06-24,NL,Rotterdam,Designer,mid,Dutch,email,awareness,10292,247,9,2452.1,4483.45,1.8284,10.0
MC-12377,2024-06-24,IN,Hyderabad,Software Engineer,budget,Hindi,content_marketing,retention,3136,53,1,2008.61,210.25,0.1047,9.0
MC-12867,2024-06-24,FR,Toulouse,Marketing Manager,premium,French,influencer,retention,218480,6117,217,1120.54,959927.92,856.6655,
MC-12705,2024-06-24,BR,Brasília,Marketing Manager,mid,Portuguese,email,retention,111595,3689,192,2765.02,148461.95,53.6929,2.0
MC-10795,2024-06-24,ES,Bilbao,Designer,premium,Spanish,email,acquisition,5824,185,5,1064.55,14438.18,13.5627,9.0
MC-11831,2024-06-24,US,Chicago,Software Engineer,premium,English,social_media,retention,32620,803,57,964.78,286025.94,296.4675,7.0
MC-12325,2024-06-25,ZA,Pretoria,Teacher,mid,Afrikaans,content_marketing,awareness,213416,3508,187,5470.22,103467.57,18.9147,8.0
MC-10046,2024-06-25,US,Chicago,Designer,budget,English,social_media,acquisition,388155,8136,547,373.89,54138.04,144.7967,2.0
MC-12354,2024-06-25,US,Phoenix,Writer,mid,English,email,retention,5344,172,8,1778.08,3758.11,2.1136,7.0
MC-10581,2024-06-25,FR,Marseille,Accountant,premium,French,display,retention,63090,856,34,1582.37,160216.52,101.251,7.0
MC-11299,2024-06-25,IN,Chennai,Marketing Manager,mid,Hindi,social_media,re_engagement,66872,1179,20,752.43,14216.21,18.8937,9.0
MC-10545,2024-06-25,SG,Singapore,Teacher,budget,English,display,retention,134217,1167,57,2863.07,4908.74,1.7145,9.0
MC-11326,2024-06-25,US,New York,Data Scientist,budget,English,content_marketing,retention,69064,1238,40,1075.52,8696.64,8.086,4.0
MC-12271,2024-06-25,IL,Netanya,Accountant,budget,Hebrew,display,awareness,26748,250,16,1514.47,2489.93,1.6441,8.0
MC-11131,2024-06-25,US,Houston,Consultant,mid,English,social_media,acquisition,174607,3637,182,3958.8,147511.51,37.2617,
MC-11461,2024-06-25,IN,Delhi,Architect,mid,Hindi,email,awareness,45364,1231,15,2395.63,18242.08,7.6147,8.0
MC-10075,2024-06-25,DE,Stuttgart,Product Manager,budget,German,social_media,awareness,59655,886,15,1399.47,2181.75,1.559,6.0
MC-11466,2024-06-25,IN,Mumbai,Product Manager,premium,Hindi,influencer,re_engagement,5657,152,11,1126.79,47044.27,41.7507,6.0
MC-11409,2024-06-25,US,Chicago,Sales Rep,mid,English,email,acquisition,60944,1915,128,1479.1,81684.21,55.2256,4.0
MC-11267,2024-06-25,IN,Delhi,Teacher,budget,Hindi,search,awareness,9646,775,59,2446.15,6315.0,2.5816,7.0
MC-11497,2024-06-25,NL,Rotterdam,Sales Rep,budget,Dutch,email,awareness,47671,1161,20,902.94,1765.34,1.9551,1.0
MC-10625,2024-06-25,US,San Francisco,Accountant,mid,English,email,awareness,6474,232,7,1402.0,4517.2,3.222,4.0
MC-11916,2024-06-25,US,Seattle,HR Manager,mid,English,content_marketing,acquisition,14120,248,13,534.06,8585.91,16.0767,1.0
MC-11111,2024-06-25,AU,Brisbane,Accountant,premium,English,email,re_engagement,27884,998,67,2607.96,276455.87,106.0046,8.0
MC-10787,2024-06-25,IN,Chennai,Lawyer,budget,Hindi,content_marketing,awareness,20783,344,25,618.67,5970.82,9.6511,1.0
MC-10870,2024-06-25,US,New York,HR Manager,budget,English,social_media,retention,218077,3992,148,1189.71,15205.29,12.7807,3.0
MC-11569,2024-06-25,US,Houston,Product Manager,budget,English,search,awareness,25346,2245,173,4590.39,23257.57,5.0666,9.0
MC-11943,2024-06-25,IL,Beer Sheva,Writer,premium,Hebrew,email,retention,10124,339,15,3490.05,43619.87,12.4984,8.0
MC-12516,2024-06-25,JP,Sapporo,Lawyer,mid,Japanese,social_media,retention,500000,9946,282,1537.02,321076.16,208.8952,4.0
MC-10777,2024-06-25,US,New York,Product Manager,budget,English,search,awareness,175691,10740,381,3324.07,58378.35,17.5623,6.0
MC-12784,2024-06-25,US,Phoenix,Consultant,mid,English,social_media,retention,500000,9588,702,226.0,538821.67,2384.1667,9.0
MC-10251,2024-06-25,SG,Singapore,Consultant,mid,English,social_media,re_engagement,295360,7583,197,1986.37,157044.57,79.0611,8.0
MC-10898,2024-06-25,US,Los Angeles,Data Scientist,mid,English,display,acquisition,162180,1576,71,699.45,93691.74,133.9506,8.0
MC-11755,2024-06-25,IN,Mumbai,Marketing Manager,mid,Hindi,search,acquisition,124844,10496,145,990.48,94329.42,95.2361,9.0
MC-12668,2024-06-25,JP,Nagoya,Architect,mid,Japanese,display,acquisition,500000,4611,288,13849.92,312784.61,22.5839,4.0
MC-11025,2024-06-25,IN,Chennai,Consultant,budget,Hindi,social_media,acquisition,104397,1616,126,563.19,19436.77,34.5119,1.0
MC-10256,2024-06-25,CA,Ottawa,Lawyer,budget,English,search,retention,60249,4419,342,128.5,65321.44,508.3381,4.0
MC-10246,2024-06-25,IN,Mumbai,Sales Rep,mid,Hindi,email,retention,6156,203,13,7940.66,7822.12,0.9851,1.0
MC-10209,2024-06-25,IN,Kolkata,Accountant,mid,Hindi,social_media,acquisition,33760,844,38,2227.43,35896.32,16.1156,1.0
MC-10162,2024-06-25,US,Phoenix,HR Manager,premium,English,social_media,acquisition,107557,2234,49,4714.89,131876.89,27.9703,7.0
MC-11835,2024-06-25,IN,Pune,Consultant,mid,Hindi,email,awareness,34810,899,66,2622.75,57981.91,22.1073,4.0
MC-11939,2024-06-25,IN,Hyderabad,Researcher,budget,Hindi,social_media,re_engagement,362777,5178,198,753.18,27395.49,36.3731,10.0
MC-10140,2024-06-25,IL,Beer Sheva,HR Manager,budget,Hebrew,content_marketing,acquisition,453722,5830,169,959.29,15209.42,15.8549,2.0
MC-12536,2024-06-25,JP,Sapporo,Software Engineer,mid,Japanese,email,acquisition,63004,1730,69,6856.92,77150.74,11.2515,6.0
MC-10330,2024-06-25,ES,Madrid,Lawyer,budget,Spanish,social_media,acquisition,500000,10618,660,5235.26,127076.59,24.2732,5.0
MC-12680,2024-06-25,IN,Bangalore,Researcher,mid,Hindi,search,acquisition,13120,1126,14,1154.61,12659.88,10.9646,10.0
MC-12619,2024-06-26,FR,Lyon,Researcher,premium,French,display,retention,74751,976,42,7354.43,175312.79,23.8377,10.0
MC-10669,2024-06-26,SG,Singapore,Software Engineer,budget,English,display,retention,53469,665,53,1157.64,13047.88,11.2711,7.0
MC-12930,2024-06-26,ZA,Johannesburg,Product Manager,mid,Afrikaans,social_media,retention,500000,11878,514,5879.8,394231.84,67.0485,9.0
MC-12293,2024-06-26,US,Seattle,Teacher,mid,English,content_marketing,awareness,78010,1089,63,929.86,36350.59,39.0925,10.0
MC-12297,2024-06-26,GB,Manchester,HR Manager,premium,English,social_media,re_engagement,24880,483,34,24659.82,103507.84,4.1974,1.0
MC-12299,2024-06-26,US,Houston,Designer,premium,English,search,acquisition,4990,386,19,527.13,48153.62,91.3506,3.0
MC-10834,2024-06-26,BR,Brasília,Marketing Manager,premium,Portuguese,search,re_engagement,23393,1338,22,1752.95,81182.19,46.3118,4.0
MC-12710,2024-06-26,CA,Vancouver,Software Engineer,budget,English,search,acquisition,68281,5372,251,13564.12,62822.39,4.6315,4.0
MC-12316,2024-06-26,US,New York,Architect,mid,English,search,retention,58119,3532,103,2127.47,117718.0,55.3324,5.0
MC-11047,2024-06-26,US,Chicago,Consultant,budget,English,search,acquisition,78376,5925,305,5438.29,45160.09,8.3041,9.0
MC-12645,2024-06-26,US,Houston,Product Manager,mid,English,social_media,awareness,48680,695,13,360.48,8373.93,23.2299,10.0
MC-12829,2024-06-26,US,San Francisco,Marketing Manager,mid,English,influencer,retention,48130,942,26,15055.87,24165.14,1.605,6.0
MC-10005,2024-06-26,BR,São Paulo,Writer,budget,Portuguese,social_media,retention,117575,2119,150,782.38,16159.75,20.6546,3.0
MC-10499,2024-06-26,US,Seattle,Software Engineer,mid,English,email,re_engagement,22529,537,36,3077.43,47993.79,15.5954,
MC-11016,2024-06-26,IN,Delhi,Product Manager,mid,Hindi,display,awareness,42174,568,14,859.08,11849.01,13.7927,10.0
MC-12424,2024-06-26,MX,Mexico City,Physician,premium,Spanish,search,awareness,123785,8169,130,4334.86,767254.91,176.9965,1.0
MC-12031,2024-06-26,BR,Rio de Janeiro,Consultant,budget,Portuguese,email,retention,1088,37,2,3913.15,359.66,0.0919,4.0
MC-11215,2024-06-26,IN,Bangalore,Writer,mid,Hindi,search,re_engagement,60999,4072,49,889.34,31692.29,35.6357,9.0
MC-10348,2024-06-26,US,Los Angeles,Sales Rep,mid,English,content_marketing,awareness,41572,682,11,2655.51,6490.58,2.4442,2.0
MC-12704,2024-06-26,IN,Hyderabad,Designer,mid,Hindi,email,awareness,45365,1175,16,1082.63,9052.39,8.3615,8.0
MC-12255,2024-06-26,US,Phoenix,Lawyer,mid,English,email,acquisition,1344,39,1,3150.57,1072.55,0.3404,3.0
MC-12609,2024-06-26,MX,Mexico City,HR Manager,premium,Spanish,social_media,acquisition,15335,301,7,3474.97,23507.17,6.7647,9.0
MC-12102,2024-06-26,US,San Francisco,Data Scientist,budget,English,email,re_engagement,20554,489,36,3085.54,6385.8,2.0696,8.0
MC-11318,2024-06-26,BR,Rio de Janeiro,Accountant,budget,Portuguese,social_media,retention,28645,714,34,369.96,4904.87,13.2578,4.0
MC-10854,2024-06-26,US,Los Angeles,Lawyer,mid,English,social_media,awareness,72785,1431,57,1038.03,74106.41,71.3914,1.0
MC-11171,2024-06-26,US,San Francisco,Accountant,mid,English,social_media,acquisition,11482,207,8,2764.41,6996.53,2.5309,10.0
MC-11078,2024-06-26,US,Houston,Marketing Manager,premium,English,email,acquisition,109852,3535,110,6873.29,380677.1,55.385,10.0
MC-11519,2024-06-26,US,Phoenix,Consultant,premium,English,search,awareness,77709,7156,465,4438.29,1882864.62,424.232,9.0
MC-10582,2024-06-26,GB,Birmingham,Accountant,mid,English,email,awareness,6867,220,14,8973.01,10508.37,1.1711,9.0
MC-10334,2024-06-26,IN,Hyderabad,Marketing Manager,premium,Hindi,email,acquisition,5323,132,9,234.87,34924.42,148.6968,
MC-10037,2024-06-26,IN,Mumbai,Consultant,mid,Hindi,search,awareness,51437,3547,169,19264.88,110329.59,5.727,8.0
MC-12376,2024-06-26,DE,Frankfurt,Architect,budget,German,email,acquisition,178588,5737,129,15756.07,22858.55,1.4508,3.0
MC-10029,2024-06-26,ES,Valencia,Architect,budget,Spanish,social_media,acquisition,500000,7212,125,714.18,24183.61,33.8621,2.0
MC-10309,2024-06-26,AU,Perth,Marketing Manager,budget,English,email,acquisition,67006,2486,134,2324.43,23791.24,10.2353,8.0
MC-11799,2024-06-26,IN,Chennai,Software Engineer,mid,Hindi,search,awareness,39847,3087,209,243.01,192865.39,793.6521,2.0
MC-11933,2024-06-26,US,Seattle,Accountant,premium,English,influencer,acquisition,53857,1626,119,5621.15,452593.44,80.5162,2.0
MC-12334,2024-06-26,IL,Jerusalem,Designer,budget,Hebrew,content_marketing,acquisition,72526,1260,36,15113.3,4449.29,0.2944,5.0
MC-11513,2024-06-27,DE,Munich,Researcher,budget,German,content_marketing,acquisition,91009,2078,158,849.89,20885.78,24.5747,8.0
MC-11850,2024-06-27,BR,Rio de Janeiro,Accountant,budget,Portuguese,social_media,acquisition,88795,1718,90,780.05,15716.95,20.1486,7.0
MC-10831,2024-06-27,GB,Manchester,Physician,budget,English,email,retention,39094,931,52,430.95,12416.78,28.8126,10.0
MC-12559,2024-06-27,FR,Bordeaux,Teacher,budget,French,search,awareness,10940,695,54,4857.67,5917.63,1.2182,9.0
MC-10866,2024-06-27,DE,Stuttgart,Architect,mid,German,email,retention,17911,481,18,799.32,23971.56,29.9899,5.0
MC-10956,2024-06-27,US,San Francisco,Marketing Manager,mid,English,email,awareness,11161,323,21,396.66,18666.12,47.0582,7.0
MC-12940,2024-06-27,MX,Mexico City,Consultant,budget,Spanish,email,retention,38753,872,25,757.85,3059.14,4.0366,8.0
MC-11729,2024-06-27,IN,Pune,Data Scientist,mid,Hindi,search,acquisition,37839,3235,156,1130.72,185602.99,164.1458,4.0
MC-11737,2024-06-27,GB,Bristol,Physician,mid,English,search,acquisition,12775,1016,72,10904.41,86769.33,7.9573,1.0
MC-10278,2024-06-27,IN,Chennai,Marketing Manager,budget,Hindi,social_media,awareness,76815,1469,78,3251.8,12932.83,3.9771,3.0
MC-10748,2024-06-27,US,Houston,Lawyer,premium,English,search,acquisition,28628,2626,186,748.09,1033409.55,1381.3974,9.0
MC-11331,2024-06-27,US,New York,Lawyer,mid,English,influencer,re_engagement,500000,11903,683,1625.2,910632.63,560.3203,3.0
MC-12198,2024-06-27,US,San Francisco,Designer,budget,English,content_marketing,re_engagement,36295,743,8,3981.39,761.91,0.1914,8.0
MC-10024,2024-06-27,DE,Frankfurt,Architect,mid,German,display,retention,105006,987,41,1302.88,41562.67,31.9006,2.0
MC-12528,2024-06-27,DE,Berlin,Teacher,budget,German,search,acquisition,41088,3407,111,3039.23,12961.21,4.2646,3.0
MC-12494,2024-06-27,IN,Hyderabad,Lawyer,mid,Hindi,search,awareness,32090,1836,146,422.33,164535.04,389.5888,10.0
MC-12268,2024-06-27,US,Seattle,Data Scientist,budget,English,email,acquisition,5101,147,11,1673.3,2442.24,1.4595,2.0
MC-12624,2024-06-27,US,Seattle,Product Manager,mid,English,content_marketing,awareness,31504,482,23,4428.03,15820.1,3.5727,1.0
MC-10252,2024-06-27,AU,Sydney,Consultant,budget,English,social_media,acquisition,47437,963,28,1507.54,4309.08,2.8584,4.0
MC-12748,2024-06-27,GB,Birmingham,Accountant,mid,English,social_media,awareness,194380,2727,73,2171.03,46889.14,21.5976,9.0
MC-10206,2024-06-27,AU,Brisbane,Teacher,premium,English,social_media,awareness,32547,771,10,563.69,28697.71,50.9104,7.0
MC-10074,2024-06-27,US,Houston,Teacher,mid,English,search,acquisition,42681,3034,43,584.36,23609.2,40.4018,7.0
MC-10631,2024-06-27,US,San Francisco,Software Engineer,budget,English,search,retention,99217,6589,470,3685.49,88130.06,23.9127,10.0
MC-12341,2024-06-27,IL,Jerusalem,Software Engineer,mid,Hebrew,search,acquisition,233775,14731,996,467.01,1320323.71,2827.1851,5.0
MC-10215,2024-06-27,ES,Seville,Data Scientist,budget,Spanish,social_media,acquisition,52117,1266,47,691.47,9353.37,13.5268,
MC-12088,2024-06-27,US,Seattle,Product Manager,budget,English,social_media,acquisition,157310,3549,252,78.25,42780.97,546.7217,9.0
MC-11141,2024-06-27,ZA,Cape Town,Teacher,mid,Afrikaans,search,retention,13018,713,11,6045.31,5577.71,0.9227,9.0
MC-11625,2024-06-27,BR,São Paulo,Lawyer,budget,Portuguese,email,acquisition,27030,764,47,2275.51,8606.07,3.782,5.0
MC-10418,2024-06-27,CA,Vancouver,Physician,budget,English,email,acquisition,4090,86,3,2192.37,717.3,0.3272,6.0
MC-11094,2024-06-27,IN,Kolkata,Teacher,premium,Hindi,social_media,retention,68757,1494,35,6652.0,108381.05,16.293,9.0
MC-11556,2024-06-27,US,Los Angeles,Architect,mid,English,social_media,retention,63632,1234,15,1528.12,18680.46,12.2245,3.0
MC-11552,2024-06-27,US,Los Angeles,HR Manager,mid,English,social_media,acquisition,171585,2706,112,2478.99,53379.73,21.5329,2.0
MC-12079,2024-06-27,US,Houston,Writer,mid,English,social_media,retention,90127,1621,81,3132.6,41148.6,13.1356,8.0
MC-12058,2024-06-27,NL,Eindhoven,Product Manager,budget,Dutch,content_marketing,re_engagement,500000,6544,444,2398.92,53690.89,22.3813,4.0
MC-11133,2024-06-27,ZA,Johannesburg,Marketing Manager,budget,Afrikaans,email,retention,20219,474,21,661.63,3570.72,5.3969,8.0
MC-11106,2024-06-27,NL,The Hague,Accountant,budget,Dutch,search,retention,53620,2965,143,166.14,25715.22,154.7804,2.0
MC-12361,2024-06-27,DE,Stuttgart,Marketing Manager,budget,German,influencer,acquisition,29437,766,44,2223.19,5959.04,2.6804,1.0
MC-11525,2024-06-27,US,Los Angeles,Consultant,mid,English,search,acquisition,244330,16245,535,588.05,418805.53,712.1937,9.0
MC-12419,2024-06-27,IN,Kolkata,Sales Rep,premium,Hindi,content_marketing,acquisition,36899,582,34,1421.69,80253.7,56.4495,
MC-11404,2024-06-27,ES,Barcelona,Physician,premium,Spanish,email,acquisition,13301,287,13,4715.11,71446.56,15.1527,9.0
MC-11109,2024-06-27,ZA,Cape Town,Researcher,budget,Afrikaans,email,awareness,3950,88,1,4785.61,126.08,0.0263,1.0
MC-11488,2024-06-27,US,Chicago,Marketing Manager,premium,English,search,awareness,1853,152,3,2507.48,9798.34,3.9076,8.0
MC-10863,2024-06-28,BR,Brasília,Designer,budget,Portuguese,search,acquisition,67941,4523,115,2454.98,12100.06,4.9288,5.0
MC-10656,2024-06-28,GB,Glasgow,Physician,budget,English,email,awareness,3052,103,5,21914.01,1156.28,0.0528,8.0
MC-12352,2024-06-28,IL,Tel Aviv,Researcher,mid,Hebrew,content_marketing,acquisition,32547,685,31,18203.66,25910.15,1.4233,4.0
MC-10138,2024-06-28,US,Seattle,Accountant,budget,English,search,acquisition,23062,1921,144,5343.77,19571.61,3.6625,9.0
MC-10320,2024-06-28,GB,Bristol,Designer,budget,English,email,retention,16569,365,3,1286.94,275.33,0.2139,3.0
MC-11083,2024-06-28,US,Houston,Product Manager,budget,English,email,acquisition,4480,169,3,2487.19,501.27,0.2015,
MC-11495,2024-06-28,US,Chicago,Software Engineer,mid,English,search,retention,50708,4599,152,790.45,143739.47,181.8451,
MC-10331,2024-06-28,DE,Munich,Researcher,mid,German,search,retention,34357,2283,80,1314.06,65936.98,50.1781,10.0
MC-12384,2024-06-28,CA,Vancouver,Accountant,budget,English,social_media,acquisition,45077,1041,40,1044.25,5643.52,5.4044,8.0
MC-10018,2024-06-28,MX,Puebla,Software Engineer,budget,Spanish,email,awareness,14593,551,37,2357.47,6959.55,2.9521,6.0
MC-10801,2024-06-28,US,San Francisco,Designer,mid,English,influencer,acquisition,46852,894,44,204.21,22591.13,110.627,6.0
MC-11852,2024-06-28,GB,Manchester,Physician,mid,English,social_media,acquisition,73322,1864,111,775.82,111646.54,143.9078,3.0
MC-10670,2024-06-28,IN,Bangalore,Sales Rep,budget,Hindi,social_media,acquisition,169985,3755,45,7012.06,5557.56,0.7926,8.0
MC-12545,2024-06-28,AU,Brisbane,Physician,budget,English,display,acquisition,61557,584,41,8876.56,9616.96,1.0834,10.0
MC-10329,2024-06-28,GB,Manchester,Consultant,premium,English,social_media,awareness,164450,2335,115,4222.73,503180.88,119.1601,6.0
MC-11308,2024-06-28,IN,Hyderabad,Designer,mid,Hindi,influencer,re_engagement,40865,867,62,5875.66,28648.12,4.8757,6.0
MC-12225,2024-06-28,IN,Delhi,Physician,mid,Hindi,social_media,awareness,105565,2198,161,5927.35,206961.9,34.9164,5.0
MC-11319,2024-06-28,US,Los Angeles,Physician,mid,English,search,acquisition,59405,4033,222,8863.51,227486.77,25.6655,8.0
MC-10675,2024-06-28,IN,Hyderabad,Designer,premium,Hindi,search,retention,14413,808,15,1403.2,44411.17,31.6499,7.0
MC-12912,2024-06-28,US,Los Angeles,Data Scientist,mid,English,social_media,retention,22810,374,25,3342.81,31358.71,9.3809,2.0
MC-11754,2024-06-28,US,Seattle,Sales Rep,premium,English,email,awareness,27421,973,43,1140.38,117721.01,103.2296,8.0
MC-11360,2024-06-28,MX,Monterrey,Lawyer,budget,Spanish,search,awareness,49719,3265,119,129.75,23326.03,179.7767,10.0
MC-10411,2024-06-28,US,Seattle,Lawyer,mid,English,social_media,retention,36225,751,58,1435.58,66168.37,46.0917,8.0
MC-12880,2024-06-28,BR,São Paulo,Accountant,mid,Portuguese,search,retention,159233,10362,104,2144.04,82420.76,38.4418,9.0
MC-12894,2024-06-28,GB,Bristol,Product Manager,budget,English,content_marketing,awareness,473324,8404,466,2023.29,62073.52,30.6795,9.0
MC-12878,2024-06-28,IN,Pune,Lawyer,budget,Hindi,email,awareness,9106,272,16,1190.87,3740.64,3.1411,10.0
MC-10768,2024-06-28,DE,Berlin,Sales Rep,mid,German,email,acquisition,104791,2287,110,1460.83,69708.33,47.7183,1.0
MC-12622,2024-06-28,ZA,Port Elizabeth,HR Manager,mid,Afrikaans,social_media,re_engagement,74842,1414,55,3606.29,28017.51,7.7691,3.0
MC-11045,2024-06-28,IN,Hyderabad,Sales Rep,premium,Hindi,social_media,re_engagement,500000,10712,517,747.77,1190689.91,1592.321,10.0
MC-10992,2024-06-28,US,San Francisco,Teacher,budget,English,email,acquisition,22743,622,9,286.29,780.05,2.7247,5.0
MC-12937,2024-06-28,DE,Frankfurt,Teacher,budget,German,social_media,acquisition,62472,1032,52,2824.51,6176.48,2.1867,2.0
MC-10676,2024-06-28,MX,Mexico City,Sales Rep,mid,Spanish,social_media,awareness,232415,4338,325,15537.16,159815.6,10.286,7.0
MC-12904,2024-06-28,US,Seattle,Writer,premium,English,display,acquisition,174765,1982,119,431.24,335498.1,777.9846,2.0
MC-11211,2024-06-28,FR,Nice,Marketing Manager,premium,French,social_media,awareness,15490,392,29,3087.8,97465.98,31.5649,8.0
MC-11678,2024-06-28,DE,Cologne,Accountant,mid,German,search,re_engagement,21671,1860,90,2484.73,70907.53,28.5373,2.0
MC-12644,2024-06-28,GB,Birmingham,Sales Rep,budget,English,display,acquisition,480255,5317,364,489.37,35316.42,72.1671,8.0
MC-12405,2024-06-28,CA,Montreal,Teacher,budget,English,influencer,acquisition,11734,240,14,29608.28,1405.5,0.0475,6.0
MC-11794,2024-06-28,BR,Salvador,Researcher,budget,Portuguese,content_marketing,acquisition,9889,150,8,1140.3,1130.74,0.9916,3.0
MC-10014,2024-06-29,GB,Glasgow,Sales Rep,budget,English,email,acquisition,18547,513,11,965.51,1106.96,1.1465,4.0
MC-10559,2024-06-29,DE,Cologne,Physician,mid,German,social_media,acquisition,181702,2888,178,894.6,172192.76,192.4802,9.0
MC-12508,2024-06-29,JP,Tokyo,HR Manager,budget,Japanese,search,retention,140653,13432,261,422.73,31524.73,74.5741,5.0
MC-10617,2024-06-29,ZA,Cape Town,Consultant,budget,Afrikaans,email,awareness,15747,360,8,1693.63,1080.14,0.6378,5.0
MC-11124,2024-06-29,MX,Puebla,Architect,budget,Spanish,influencer,retention,258685,5678,122,4770.02,25930.27,5.4361,5.0
MC-10705,2024-06-29,DE,Frankfurt,Product Manager,budget,German,display,acquisition,311715,4085,152,953.77,27009.51,28.3187,1.0
MC-12909,2024-06-29,ES,Seville,Architect,mid,Spanish,influencer,retention,500000,10327,494,15272.63,531838.55,34.823,2.0
MC-10924,2024-06-29,GB,London,HR Manager,premium,English,content_marketing,awareness,83492,1657,112,243.8,330489.14,1355.5748,3.0
MC-10327,2024-06-29,MX,Guadalajara,Teacher,budget,Spanish,social_media,acquisition,185095,4429,183,2889.24,20025.38,6.931,9.0
MC-11695,2024-06-29,US,Houston,Designer,budget,English,social_media,acquisition,37082,637,35,4670.33,3935.31,0.8426,7.0
MC-12338,2024-06-29,GB,London,Designer,mid,English,email,retention,27254,826,15,1517.44,9276.75,6.1134,8.0
MC-11476,2024-06-29,US,San Francisco,Architect,budget,English,social_media,awareness,236415,5196,389,29523.74,81031.69,2.7446,
MC-10760,2024-06-29,IN,Hyderabad,Software Engineer,budget,Hindi,social_media,awareness,73475,1703,115,1405.63,26304.57,18.7137,6.0
MC-11643,2024-06-29,US,New York,Lawyer,mid,English,search,acquisition,73254,5537,203,726.12,193306.81,266.2188,5.0
MC-12574,2024-06-29,JP,Nagoya,Researcher,premium,Japanese,content_marketing,awareness,68373,1597,49,734.52,170109.44,231.5927,8.0
MC-12967,2024-06-29,ZA,Johannesburg,Data Scientist,mid,Afrikaans,social_media,acquisition,373650,6902,496,1569.79,615186.59,391.891,9.0
MC-12781,2024-06-29,US,Chicago,Accountant,budget,English,social_media,awareness,15155,261,4,670.24,598.68,0.8932,10.0
MC-11031,2024-06-29,SG,Singapore,Software Engineer,premium,English,search,acquisition,30624,2211,105,6855.94,595932.53,86.9221,3.0
MC-12500,2024-06-29,FR,Lyon,Accountant,premium,French,display,awareness,70671,724,21,2981.15,80961.64,27.1579,1.0
MC-10576,2024-06-29,IN,Pune,Data Scientist,budget,Hindi,social_media,retention,37755,728,53,1388.15,10853.53,7.8187,5.0
MC-10910,2024-06-29,US,Chicago,Designer,budget,English,email,acquisition,7934,275,4,379.19,392.55,1.0352,4.0
MC-10549,2024-06-29,US,Los Angeles,Physician,mid,English,social_media,retention,262392,6194,296,4092.76,275328.29,67.272,2.0
MC-10157,2024-06-30,US,Phoenix,Marketing Manager,mid,English,search,retention,27586,1624,45,1821.3,41992.99,23.0566,9.0
MC-10895,2024-06-30,ES,Seville,Architect,premium,Spanish,social_media,awareness,98957,1809,130,3344.82,743964.5,222.4229,1.0
MC-10873,2024-06-30,GB,Bristol,Teacher,budget,English,social_media,retention,140850,2543,70,10311.99,6252.58,0.6063,3.0
MC-10050,2024-06-30,IN,Chennai,Designer,premium,Hindi,email,awareness,166709,6177,406,690.11,1288967.04,1867.7704,8.0
MC-11898,2024-06-30,US,San Francisco,Physician,premium,English,social_media,acquisition,217342,5591,295,4535.11,1322957.16,291.7145,8.0
MC-11394,2024-06-30,FR,Nice,Accountant,budget,French,email,acquisition,15299,461,23,1330.44,3457.42,2.5987,4.0
MC-11990,2024-06-30,IL,Haifa,Marketing Manager,mid,Hebrew,social_media,awareness,500000,11028,715,977.95,553926.91,566.4164,8.0
MC-10666,2024-06-30,JP,Sapporo,Teacher,mid,Japanese,social_media,awareness,159910,3704,156,4267.84,99237.55,23.2524,9.0
MC-12543,2024-06-30,US,Phoenix,Teacher,premium,English,search,awareness,28117,2176,35,81.84,83261.93,1017.3745,10.0
MC-10360,2024-06-30,IN,Pune,Sales Rep,mid,Hindi,display,retention,99921,1528,103,234.55,46611.3,198.7265,9.0
MC-12970,2024-06-30,US,Seattle,Researcher,premium,English,search,acquisition,65853,4591,296,2685.41,1002348.78,373.2573,6.0
MC-12057,2024-06-30,ES,Madrid,Product Manager,mid,Spanish,influencer,acquisition,293365,8531,537,14822.32,355355.6,23.9744,9.0
MC-11638,2024-06-30,MX,Mexico City,Teacher,mid,Spanish,social_media,retention,60790,1411,19,4237.71,12027.26,2.8382,8.0
MC-11961,2024-06-30,AU,Adelaide,Accountant,mid,English,social_media,awareness,496390,8163,620,2011.61,553750.33,275.2772,5.0
