campaign_id,date,geo,city,profession,price_range,language,channel,campaign_type,impressions,clicks,conversions,spend_usd,revenue_usd,roi,quality_score
MC-20251,2024-07-01,US,Los Angeles,Sales Rep,budget,English,content_marketing,awareness,17380,261,7,2867.72,731.81,0.2552,10.0
MC-21800,2024-07-01,AU,Perth,Product Manager,premium,English,display,awareness,10692,105,1,4911.16,3879.75,0.79,8.0
MC-21798,2024-07-01,IN,Mumbai,Software Engineer,mid,Hindi,search,acquisition,56374,3711,209,2627.69,235290.47,89.5427,4.0
MC-20069,2024-07-01,IL,Haifa,Data Scientist,mid,Hebrew,search,awareness,65207,5532,215,4065.03,214555.4,52.7808,3.0
MC-22584,2024-07-01,ZA,Pretoria,Software Engineer,budget,Afrikaans,email,retention,22499,501,7,620.21,1650.76,2.6616,5.0
MC-21670,2024-07-01,FR,Toulouse,Architect,mid,French,content_marketing,retention,138668,3115,193,534.82,209500.01,391.7206,10.0
MC-20475,2024-07-01,US,Phoenix,Software Engineer,mid,English,email,retention,18943,665,26,3280.14,30939.36,9.4323,7.0
MC-20142,2024-07-01,SG,Singapore,Physician,budget,English,influencer,acquisition,43194,769,54,1927.6,11304.14,5.8644,9.0
MC-21593,2024-07-01,FR,Marseille,Product Manager,mid,French,social_media,retention,91542,1341,24,1720.18,19518.5,11.3468,8.0
MC-20134,2024-07-01,US,Houston,Product Manager,budget,English,social_media,retention,500000,12883,277,601.69,36544.27,60.736,8.0
MC-22900,2024-07-01,ZA,Port Elizabeth,Consultant,budget,Afrikaans,email,acquisition,10096,333,8,2618.19,1004.74,0.3838,3.0
MC-20502,2024-07-01,US,Los Angeles,Consultant,mid,English,search,retention,75717,7109,232,2037.63,172541.17,84.6774,4.0
MC-22520,2024-07-01,DE,Berlin,Product Manager,budget,German,social_media,retention,80837,2066,67,31517.95,10795.27,0.3425,6.0
MC-21588,2024-07-01,MX,Tijuana,Accountant,premium,Spanish,search,retention,2070,183,6,554.05,23947.35,43.2224,2.0
MC-21087,2024-07-01,BR,Brasília,Consultant,budget,Portuguese,display,acquisition,50610,628,13,1285.36,2325.58,1.8093,1.0
MC-21516,2024-07-01,FR,Paris,Sales Rep,mid,French,search,acquisition,79780,5419,380,6075.5,241853.34,39.808,7.0
MC-21479,2024-07-01,DE,Berlin,Researcher,mid,German,display,acquisition,8724,120,1,2944.19,759.78,0.2581,2.0
MC-20588,2024-07-01,SG,Singapore,Architect,mid,English,search,awareness,14757,1388,78,3871.18,98469.8,25.4366,5.0
MC-21203,2024-07-01,NL,The Hague,Sales Rep,mid,Dutch,social_media,re_engagement,36757,585,14,426.75,7502.21,17.5799,9.0
MC-20592,2024-07-01,FR,Bordeaux,Consultant,mid,French,search,re_engagement,90134,7776,394,580.98,258589.44,445.0918,3.0
MC-21387,2024-07-01,IN,Mumbai,Teacher,mid,Hindi,social_media,acquisition,8310,117,1,981.97,468.77,0.4774,5.0
MC-21240,2024-07-01,GB,Bristol,Accountant,budget,English,display,retention,37707,323,19,10915.52,2667.45,0.2444,3.0
MC-20603,2024-07-01,US,New York,Software Engineer,premium,English,social_media,retention,5242,98,4,1336.3,18846.47,14.1035,8.0
MC-21375,2024-07-01,IN,Chennai,Consultant,mid,Hindi,content_marketing,awareness,66696,1235,63,693.44,57322.06,82.6633,8.0
MC-20076,2024-07-01,FR,Marseille,Accountant,premium,French,social_media,retention,150712,2876,217,858.64,979143.7,1140.3425,5.0
MC-21080,2024-07-01,IN,Pune,Product Manager,premium,Hindi,content_marketing,acquisition,91978,1778,61,534.18,250922.39,469.7338,4.0
MC-22517,2024-07-01,NL,Utrecht,Marketing Manager,mid,Dutch,search,retention,24954,2062,107,962.97,92007.16,95.5452,10.0
MC-21347,2024-07-01,BR,Fortaleza,Designer,mid,Portuguese,search,re_engagement,4021,218,12,1450.25,7441.1,5.1309,6.0
MC-20737,2024-07-01,US,Chicago,Architect,budget,English,search,acquisition,186206,10909,147,2170.29,28693.57,13.2211,2.0
MC-20905,2024-07-01,IN,Mumbai,Designer,mid,Hindi,display,awareness,161538,1866,98,610.95,56068.77,91.7731,3.0
MC-22226,2024-07-01,MX,Mexico City,HR Manager,mid,Spanish,social_media,awareness,500000,8628,631,2811.62,345841.75,123.0044,5.0
MC-22501,2024-07-01,FR,Bordeaux,Data Scientist,budget,French,search,awareness,37672,3360,126,1762.6,27888.86,15.8226,8.0
MC-22020,2024-07-01,US,Los Angeles,Consultant,budget,English,email,acquisition,5934,129,6,1572.79,1063.02,0.6759,6.0
MC-22191,2024-07-01,IN,Chennai,Physician,budget,Hindi,social_media,acquisition,500000,8736,688,7153.74,130373.43,18.2245,7.0
MC-20345,2024-07-01,GB,London,Researcher,mid,English,email,acquisition,20056,492,6,1172.56,5452.31,4.6499,1.0
MC-22452,2024-07-01,CA,Toronto,Product Manager,mid,English,social_media,retention,356265,6498,453,499.31,352641.94,706.2585,7.0
MC-20208,2024-07-01,FR,Toulouse,Accountant,premium,French,display,acquisition,74787,1063,16,1381.34,69085.53,50.0134,9.0
MC-20761,2024-07-01,DE,Hamburg,Physician,premium,German,display,acquisition,404088,5870,214,6864.1,999258.05,145.5774,10.0
MC-22153,2024-07-01,DE,Cologne,HR Manager,budget,German,email,acquisition,27715,599,37,2455.11,3937.66,1.6039,9.0
MC-22934,2024-07-01,GB,Leeds,Lawyer,mid,English,social_media,retention,95355,1848,34,240.99,42183.63,175.0431,7.0
MC-22494,2024-07-01,US,Phoenix,Marketing Manager,premium,English,social_media,re_engagement,241377,3658,130,1981.88,457112.04,230.6457,2.0
MC-22276,2024-07-01,JP,Osaka,Writer,mid,Japanese,email,re_engagement,3530,97,0,814.45,0.0,0.0,8.0
MC-20981,2024-07-01,US,Houston,Accountant,budget,English,influencer,retention,55861,1173,40,2172.35,5126.15,2.3597,2.0
MC-20795,2024-07-01,NL,Amsterdam,Physician,mid,Dutch,social_media,acquisition,30272,541,43,2101.42,57308.44,27.2713,6.0
MC-21444,2024-07-02,IN,Bangalore,Product Manager,budget,Hindi,social_media,acquisition,31882,738,47,1575.64,6367.93,4.0415,3.0
MC-22725,2024-07-02,IN,Delhi,Software Engineer,mid,Hindi,email,acquisition,8279,265,8,406.76,10735.89,26.3937,3.0
MC-20284,2024-07-02,IN,Mumbai,Accountant,budget,Hindi,email,retention,44126,1489,91,1205.39,12674.99,10.5153,8.0
MC-21377,2024-07-02,IN,Chennai,Researcher,mid,Hindi,content_marketing,re_engagement,67786,1204,56,2959.07,39068.99,13.2031,6.0
MC-22263,2024-07-02,DE,Cologne,Designer,budget,German,search,retention,138556,13004,665,5193.55,79351.09,15.2788,1.0
MC-22333,2024-07-02,US,Houston,Writer,mid,English,social_media,acquisition,18932,389,15,493.25,7294.82,14.7893,5.0
MC-22274,2024-07-02,FR,Lyon,Designer,mid,French,social_media,acquisition,153710,3823,184,5283.21,117142.74,22.1726,7.0
MC-22785,2024-07-02,IN,Pune,Teacher,mid,Hindi,search,awareness,81588,7334,321,4114.31,173399.88,42.1456,9.0
MC-22199,2024-07-02,CA,Calgary,Physician,premium,English,influencer,retention,23092,609,38,5093.64,238167.0,46.7577,9.0
MC-21488,2024-07-02,AU,Perth,Accountant,budget,English,content_marketing,re_engagement,500000,8058,572,218.08,99817.4,457.71,3.0
MC-21524,2024-07-02,ES,Bilbao,Teacher,premium,Spanish,email,acquisition,50956,1239,77,338.25,200652.28,593.207,7.0
MC-22366,2024-07-02,CA,Vancouver,Data Scientist,budget,English,social_media,retention,24355,615,41,707.48,7401.2,10.4614,10.0
MC-22672,2024-07-02,AU,Adelaide,Product Manager,budget,English,social_media,retention,18552,281,8,1631.29,1320.56,0.8095,7.0
MC-21519,2024-07-02,IN,Pune,Architect,mid,Hindi,influencer,acquisition,22120,469,9,1932.94,9865.84,5.1041,6.0
MC-20331,2024-07-02,BR,Salvador,Designer,budget,Portuguese,social_media,acquisition,91340,1866,55,13876.01,6820.35,0.4915,4.0
MC-22650,2024-07-02,IN,Kolkata,Data Scientist,mid,Hindi,display,acquisition,175737,2665,149,6363.79,140546.54,22.0854,10.0
MC-22421,2024-07-02,IN,Bangalore,Physician,mid,Hindi,email,awareness,12577,299,9,577.35,10683.33,18.5041,2.0
MC-22028,2024-07-02,DE,Frankfurt,Lawyer,mid,German,social_media,acquisition,451980,10179,626,2243.17,704777.62,314.1882,7.0
MC-20487,2024-07-02,NL,Amsterdam,Marketing Manager,mid,Dutch,social_media,awareness,98250,1706,17,6281.64,14789.15,2.3543,2.0
MC-22586,2024-07-02,MX,Monterrey,HR Manager,mid,Spanish,search,retention,77639,6111,87,2441.89,55753.07,22.8319,2.0
MC-20399,2024-07-02,IN,Chennai,Writer,mid,Hindi,search,awareness,122298,10410,182,316.09,87373.21,276.4188,1.0
MC-21888,2024-07-02,FR,Toulouse,Architect,budget,French,display,retention,500000,5944,221,11849.24,47172.45,3.9811,3.0
MC-21831,2024-07-02,IN,Bangalore,Product Manager,premium,Hindi,search,acquisition,17503,1134,29,2798.69,93130.63,33.2765,7.0
MC-22526,2024-07-02,US,Houston,Consultant,premium,English,email,re_engagement,46099,1197,19,1096.18,61441.96,56.051,5.0
MC-22707,2024-07-02,SG,Singapore,Data Scientist,mid,English,search,awareness,16591,1537,54,3801.6,69424.43,18.2619,2.0
MC-22566,2024-07-02,BR,Salvador,Researcher,mid,Portuguese,display,awareness,5613,76,1,427.3,881.92,2.0639,2.0
MC-20533,2024-07-02,IN,Hyderabad,Sales Rep,premium,Hindi,email,retention,14458,332,10,4411.98,23947.62,5.4279,5.0
MC-20054,2024-07-02,IN,Kolkata,Writer,premium,Hindi,search,retention,36770,3341,112,2463.93,360667.24,146.3789,3.0
MC-22886,2024-07-02,FR,Bordeaux,HR Manager,budget,French,search,re_engagement,96176,7423,167,4907.04,14377.47,2.93,2.0
MC-22964,2024-07-02,FR,Lyon,Teacher,mid,French,email,awareness,14942,341,20,2594.0,9568.41,3.6887,2.0
MC-21174,2024-07-02,US,Seattle,Writer,budget,English,influencer,awareness,75637,1681,66,985.92,6023.02,6.109,6.0
MC-21191,2024-07-02,IN,Pune,Writer,budget,Hindi,social_media,acquisition,269097,4312,200,2482.1,22271.2,8.9727,4.0
MC-22846,2024-07-02,US,Chicago,Data Scientist,premium,English,search,acquisition,29967,1642,39,2722.06,245054.39,90.0253,1.0
MC-20653,2024-07-02,ZA,Durban,Writer,budget,Afrikaans,email,acquisition,34372,987,77,3288.19,7258.57,2.2075,7.0
MC-20866,2024-07-02,GB,Birmingham,Writer,budget,English,email,retention,6838,254,7,4333.08,862.17,0.199,3.0
MC-20035,2024-07-02,NL,Rotterdam,HR Manager,budget,Dutch,email,acquisition,21342,453,8,1210.53,753.47,0.6224,10.0
MC-20745,2024-07-02,BR,Fortaleza,Accountant,budget,Portuguese,social_media,awareness,172635,4178,288,1201.1,38348.91,31.9282,9.0
MC-22901,2024-07-02,US,Phoenix,Data Scientist,premium,English,display,retention,146637,1552,66,2171.87,420406.01,193.5687,9.0
MC-20622,2024-07-02,US,New York,Lawyer,premium,English,search,retention,11882,852,17,1037.01,93178.18,89.8527,7.0
MC-22697,2024-07-03,IN,Bangalore,Researcher,budget,Hindi,search,retention,19052,1131,19,1412.12,2438.42,1.7268,2.0
MC-20308,2024-07-03,FR,Toulouse,Data Scientist,budget,French,search,awareness,115035,7308,75,1763.05,15164.2,8.6011,7.0
MC-20121,2024-07-03,IL,Haifa,Designer,mid,Hebrew,email,acquisition,115753,4491,358,1549.15,174075.23,112.3682,4.0
MC-20431,2024-07-03,CA,Montreal,Sales Rep,mid,English,influencer,acquisition,158598,3678,171,2323.63,114777.8,49.3959,9.0
MC-22700,2024-07-03,DE,Hamburg,Architect,premium,German,search,retention,79724,6497,195,2470.53,880166.76,356.2664,8.0
MC-21490,2024-07-03,MX,Mexico City,Lawyer,budget,Spanish,email,awareness,12550,266,3,12065.97,630.21,0.0522,5.0
MC-21513,2024-07-03,US,San Francisco,Researcher,mid,English,email,re_engagement,1000,36,2,6359.59,1541.51,0.2424,3.0
MC-21940,2024-07-03,GB,Birmingham,Writer,budget,English,email,re_engagement,6192,141,10,11884.53,1016.51,0.0855,10.0
MC-21530,2024-07-03,US,New York,Physician,budget,English,search,acquisition,25451,1393,107,6878.17,20250.96,2.9442,8.0
MC-21707,2024-07-03,FR,Paris,Software Engineer,mid,French,social_media,acquisition,500000,10784,122,1454.25,127251.84,87.5034,7.0
MC-22048,2024-07-03,FR,Toulouse,Lawyer,budget,French,social_media,awareness,156922,2742,74,243.16,16667.62,68.5459,10.0
MC-21011,2024-07-03,SG,Singapore,Marketing Manager,mid,English,email,acquisition,22514,849,33,2446.39,28269.62,11.5556,4.0
MC-20360,2024-07-03,AU,Perth,Marketing Manager,mid,English,email,acquisition,21881,694,39,1314.54,36280.35,27.5993,10.0
MC-21566,2024-07-03,AU,Sydney,Data Scientist,mid,English,social_media,awareness,50902,788,27,707.78,31896.4,45.0654,6.0
MC-21071,2024-07-03,US,San Francisco,Data Scientist,budget,English,social_media,acquisition,23997,574,23,4584.15,4409.64,0.9619,1.0
MC-22037,2024-07-03,US,Houston,Accountant,mid,English,social_media,retention,28085,448,18,2552.57,14507.3,5.6834,7.0
MC-21016,2024-07-03,US,Chicago,Consultant,budget,English,search,acquisition,20183,1158,30,3287.55,3886.91,1.1823,6.0
MC-21987,2024-07-03,IN,Bangalore,Marketing Manager,mid,Hindi,social_media,acquisition,52747,1084,56,5438.29,40773.74,7.4975,10.0
MC-22437,2024-07-03,CA,Vancouver,Sales Rep,mid,English,email,acquisition,8070,285,6,5578.4,3205.45,0.5746,2.0
MC-22600,2024-07-03,IL,Jerusalem,Designer,mid,Hebrew,influencer,re_engagement,18669,588,15,3323.66,7302.86,2.1972,1.0
MC-21738,2024-07-03,IN,Bangalore,Consultant,mid,Hindi,search,acquisition,10313,998,72,2320.43,61861.44,26.6595,4.0
MC-22918,2024-07-03,IN,Delhi,Lawyer,budget,Hindi,display,retention,49086,528,8,861.08,1879.98,2.1833,2.0
MC-21064,2024-07-03,CA,Ottawa,Teacher,mid,English,social_media,acquisition,59572,1290,81,3226.05,47763.94,14.8057,4.0
MC-20105,2024-07-03,GB,Birmingham,Data Scientist,mid,English,social_media,retention,37262,789,24,6905.43,29040.78,4.2055,7.0
MC-20832,2024-07-03,ES,Valencia,Researcher,premium,Spanish,email,acquisition,45493,1233,35,2578.55,127195.05,49.3281,4.0
MC-21867,2024-07-03,DE,Hamburg,Consultant,mid,German,social_media,retention,26797,377,12,572.22,11135.29,19.4598,1.0
MC-21846,2024-07-03,US,San Francisco,Software Engineer,premium,English,social_media,acquisition,25630,464,22,2492.81,125675.6,50.4152,7.0
MC-21374,2024-07-03,FR,Bordeaux,Data Scientist,budget,French,display,acquisition,24060,334,12,4242.44,2751.92,0.6487,2.0
MC-20401,2024-07-03,US,Houston,Software Engineer,premium,English,display,retention,230508,1987,105,3384.84,474049.72,140.0509,7.0
MC-20733,2024-07-03,DE,Frankfurt,Architect,mid,German,email,acquisition,168067,4838,93,2743.7,115006.44,41.9166,8.0
MC-20640,2024-07-03,FR,Paris,Consultant,premium,French,social_media,retention,83072,1533,85,4403.24,281337.21,63.8932,9.0
MC-21253,2024-07-03,US,Houston,Marketing Manager,budget,English,social_media,re_engagement,13180,328,18,3033.01,2553.37,0.8419,10.0
MC-22326,2024-07-03,US,Phoenix,Teacher,budget,English,display,retention,8367,103,5,2985.0,422.61,0.1416,10.0
MC-21233,2024-07-03,CA,Vancouver,Marketing Manager,mid,English,search,acquisition,58796,5205,217,2970.97,196877.11,66.2669,9.0
MC-20988,2024-07-03,GB,Glasgow,Accountant,budget,English,content_marketing,retention,277864,6260,376,168.82,56027.81,331.879,9.0
MC-22331,2024-07-03,GB,Manchester,Sales Rep,budget,English,email,awareness,4332,108,7,3053.43,675.02,0.2211,1.0
MC-22993,2024-07-03,NL,The Hague,Lawyer,budget,Dutch,email,re_engagement,36544,1115,52,274.99,11608.63,42.2147,7.0
MC-22753,2024-07-03,CA,Montreal,Consultant,mid,English,content_marketing,retention,53960,977,43,2139.44,32884.92,15.3708,10.0
MC-20911,2024-07-03,US,San Francisco,Data Scientist,mid,English,email,retention,67710,2453,118,649.43,114456.28,176.2411,4.0
MC-20571,2024-07-03,FR,Toulouse,Software Engineer,mid,French,social_media,acquisition,38862,571,37,2824.22,44717.74,15.8337,2.0
MC-20753,2024-07-03,FR,Nice,Marketing Manager,mid,French,social_media,retention,78347,1420,99,3377.99,94899.98,28.0936,9.0
MC-22338,2024-07-03,CA,Toronto,HR Manager,mid,English,search,acquisition,345562,25800,1979,3100.26,906242.92,292.3119,8.0
MC-20786,2024-07-03,BR,Rio de Janeiro,Consultant,mid,Portuguese,social_media,acquisition,69450,1604,50,304.08,47270.35,155.4537,7.0
MC-20098,2024-07-03,IN,Hyderabad,Architect,mid,Hindi,social_media,re_engagement,25595,612,36,3165.31,48034.96,15.1754,9.0
MC-22482,2024-07-03,GB,Leeds,HR Manager,mid,English,search,acquisition,17540,1520,94,4153.28,49347.7,11.8816,10.0
MC-22193,2024-07-03,IN,Chennai,Lawyer,mid,Hindi,email,retention,2982,94,3,3620.75,3262.29,0.901,4.0
MC-20890,2024-07-03,IN,Pune,Sales Rep,premium,Hindi,search,acquisition,38881,2925,85,3747.95,284132.8,75.8102,8.0
MC-22920,2024-07-04,ES,Seville,HR Manager,budget,Spanish,search,retention,30232,2013,99,1076.74,10147.13,9.4239,5.0
MC-22018,2024-07-04,IN,Mumbai,Sales Rep,budget,Hindi,social_media,acquisition,200845,4798,123,481.83,14230.35,29.534,10.0
MC-22553,2024-07-04,AU,Perth,Sales Rep,mid,English,display,awareness,410211,3453,164,476.06,78474.22,164.841,1.0
MC-20435,2024-07-04,MX,Tijuana,Designer,mid,Spanish,social_media,acquisition,127112,2107,148,4827.23,96891.56,20.0719,3.0
MC-21839,2024-07-04,US,Phoenix,Designer,mid,English,search,awareness,4518,415,13,2758.17,5828.81,2.1133,4.0
MC-21916,2024-07-04,IN,Chennai,Consultant,premium,Hindi,social_media,re_engagement,51430,991,55,1717.76,219598.14,127.8398,8.0
MC-22453,2024-07-04,US,Phoenix,Sales Rep,budget,English,search,awareness,7806,724,57,666.35,6334.92,9.5069,4.0
MC-22573,2024-07-04,IN,Mumbai,Lawyer,budget,Hindi,display,awareness,500000,6323,247,700.29,51477.95,73.5095,1.0
MC-20393,2024-07-04,BR,Brasília,Sales Rep,mid,Portuguese,email,awareness,1253,43,0,2151.56,0.0,0.0,1.0
MC-22807,2024-07-04,US,Seattle,Data Scientist,mid,English,social_media,awareness,58340,1151,54,1245.55,56070.17,45.0164,1.0
MC-22052,2024-07-04,FR,Nice,Software Engineer,mid,French,search,retention,51544,4028,126,214.42,114766.82,535.2431,1.0
MC-21628,2024-07-04,IN,Mumbai,Architect,budget,Hindi,search,awareness,62309,4642,136,2662.39,24127.94,9.0625,8.0
MC-20544,2024-07-04,JP,Tokyo,Product Manager,mid,Japanese,social_media,acquisition,4100,86,2,211.62,1751.82,8.2781,10.0
MC-20542,2024-07-04,GB,Glasgow,Software Engineer,budget,English,social_media,awareness,66207,1007,68,10279.87,16461.1,1.6013,4.0
MC-20103,2024-07-04,NL,Amsterdam,Physician,mid,Dutch,social_media,retention,68845,1468,48,12603.22,61325.02,4.8658,10.0
MC-22972,2024-07-04,US,San Francisco,Consultant,budget,English,influencer,retention,6679,186,5,8749.26,704.38,0.0805,7.0
MC-20230,2024-07-04,IL,Tel Aviv,Teacher,mid,Hebrew,email,re_engagement,11916,305,14,8929.1,7948.75,0.8902,1.0
MC-22375,2024-07-04,US,New York,Researcher,budget,English,email,acquisition,37141,1376,25,1419.46,3320.95,2.3396,2.0
MC-22387,2024-07-04,US,Los Angeles,Researcher,mid,English,email,re_engagement,9761,340,26,1539.16,18210.88,11.8317,4.0
MC-22167,2024-07-04,FR,Paris,Physician,mid,French,social_media,acquisition,70370,1269,40,318.06,43535.52,136.8783,2.0
MC-22188,2024-07-04,DE,Cologne,Researcher,mid,German,email,acquisition,15718,397,8,4518.39,7001.02,1.5495,4.0
MC-21329,2024-07-04,DE,Munich,Marketing Manager,premium,German,search,retention,39035,2473,62,180.64,285700.84,1581.6034,2.0
MC-22873,2024-07-04,US,Phoenix,Consultant,mid,English,email,retention,129792,4497,237,330.41,203618.04,616.2587,1.0
MC-20517,2024-07-04,BR,Rio de Janeiro,Designer,mid,Portuguese,display,retention,48120,613,48,5744.75,23644.39,4.1158,2.0
MC-20773,2024-07-04,JP,Sapporo,Architect,premium,Japanese,influencer,awareness,166474,3797,270,1876.42,1466380.07,781.4775,1.0
MC-20078,2024-07-04,GB,Glasgow,Teacher,mid,English,display,retention,43074,662,36,11044.36,21990.32,1.9911,1.0
MC-21068,2024-07-04,US,Chicago,Product Manager,mid,English,search,re_engagement,96506,7161,186,2084.32,139589.04,66.971,8.0
MC-20801,2024-07-04,MX,Mexico City,Researcher,mid,Spanish,display,retention,500000,5530,269,608.99,237669.79,390.2688,4.0
MC-20615,2024-07-04,GB,Bristol,Software Engineer,mid,English,content_marketing,acquisition,148109,2344,50,1379.56,61799.04,44.7962,7.0
MC-22329,2024-07-04,GB,Leeds,HR Manager,premium,English,social_media,retention,117130,2275,61,633.64,176342.26,278.3004,2.0
MC-22256,2024-07-05,IN,Chennai,Sales Rep,premium,Hindi,content_marketing,awareness,7280,113,5,329.32,14954.08,45.409,2.0
MC-22273,2024-07-05,IL,Netanya,Teacher,budget,Hebrew,email,acquisition,61519,1363,23,124.6,1932.35,15.5084,2.0
MC-20896,2024-07-05,IN,Hyderabad,Marketing Manager,mid,Hindi,social_media,awareness,132142,2772,86,1397.57,74597.75,53.3768,9.0
MC-22428,2024-07-05,IN,Kolkata,Lawyer,budget,Hindi,social_media,acquisition,214030,4631,82,1332.81,20405.31,15.31,3.0
MC-21934,2024-07-05,ZA,Johannesburg,Lawyer,budget,Afrikaans,social_media,acquisition,106350,1820,132,1299.37,23435.57,18.0361,7.0
MC-22142,2024-07-05,GB,Manchester,Consultant,mid,English,search,acquisition,9153,830,53,2460.61,37479.17,15.2317,10.0
MC-20915,2024-07-05,GB,Bristol,HR Manager,budget,English,search,retention,7357,454,16,5299.96,1679.99,0.317,3.0
MC-22089,2024-07-05,US,Houston,HR Manager,mid,English,email,acquisition,5804,142,2,2592.66,1125.45,0.4341,7.0
MC-22493,2024-07-05,FR,Lyon,Marketing Manager,budget,French,email,awareness,139630,5202,276,840.88,36314.42,43.1862,9.0
MC-21954,2024-07-05,IN,Pune,Designer,mid,Hindi,email,acquisition,73697,1650,84,9713.13,42981.61,4.4251,4.0
MC-20338,2024-07-05,US,Houston,HR Manager,premium,English,social_media,awareness,62882,1458,19,383.52,44215.6,115.2889,1.0
MC-20202,2024-07-05,GB,Glasgow,Writer,budget,English,content_marketing,retention,8360,151,3,2103.0,333.67,0.1587,9.0
MC-20017,2024-07-05,US,New York,Lawyer,mid,English,social_media,acquisition,19397,350,6,1208.93,7275.48,6.0181,6.0
MC-22961,2024-07-05,CA,Ottawa,Writer,budget,English,email,acquisition,7468,240,9,5878.32,815.13,0.1387,2.0
MC-20743,2024-07-05,ES,Madrid,Writer,budget,Spanish,display,acquisition,286512,3321,160,1908.71,15465.85,8.1028,4.0
MC-22565,2024-07-05,CA,Toronto,Accountant,premium,English,search,re_engagement,15255,1155,48,800.91,192310.45,240.1149,4.0
MC-22282,2024-07-05,US,Chicago,Accountant,mid,English,search,acquisition,23811,1686,102,1827.55,75843.6,41.5002,1.0
MC-22704,2024-07-05,BR,São Paulo,HR Manager,premium,Portuguese,social_media,retention,24010,479,10,1230.08,27255.47,22.1575,4.0
MC-20705,2024-07-05,US,Houston,Designer,mid,English,content_marketing,re_engagement,2640,59,0,2546.5,0.0,0.0,2.0
MC-22729,2024-07-05,FR,Toulouse,Consultant,mid,French,display,acquisition,500000,4506,320,756.73,277425.7,366.6112,6.0
MC-20498,2024-07-05,BR,Fortaleza,Researcher,budget,Portuguese,display,awareness,61731,823,31,1219.21,5403.63,4.4321,2.0
MC-22898,2024-07-05,FR,Paris,HR Manager,budget,French,social_media,acquisition,233645,4826,121,276.23,13890.29,50.2852,9.0
MC-22723,2024-07-05,IN,Bangalore,Lawyer,mid,Hindi,search,retention,47897,3340,177,439.09,207624.96,472.8529,8.0
MC-21461,2024-07-05,DE,Cologne,Writer,budget,German,search,awareness,10141,682,45,9572.09,4288.01,0.448,6.0
MC-21495,2024-07-05,ES,Bilbao,Researcher,mid,Spanish,social_media,acquisition,87162,1366,71,7273.53,65600.15,9.019,6.0
MC-20538,2024-07-05,CA,Vancouver,Lawyer,budget,English,influencer,acquisition,20489,655,32,9325.44,7058.03,0.7569,1.0
MC-21472,2024-07-05,US,Los Angeles,Software Engineer,budget,English,email,acquisition,3349,71,3,315.07,539.24,1.7115,10.0
MC-20567,2024-07-05,JP,Nagoya,Teacher,budget,Japanese,social_media,awareness,155755,2847,28,6414.75,2484.07,0.3872,1.0
MC-21537,2024-07-05,IN,Bangalore,Accountant,premium,Hindi,email,retention,1415,44,1,1545.31,4296.82,2.7806,2.0
MC-21873,2024-07-05,CA,Montreal,Physician,premium,English,influencer,retention,16660,468,24,1229.34,144996.22,117.9464,5.0
MC-21523,2024-07-05,GB,Bristol,Software Engineer,budget,English,search,acquisition,20058,1183,48,1507.41,9635.32,6.392,6.0
MC-20540,2024-07-05,GB,Glasgow,Accountant,mid,English,search,acquisition,11768,955,70,4274.17,52251.44,12.2249,8.0
MC-21175,2024-07-05,DE,Cologne,HR Manager,mid,German,email,acquisition,45767,1754,129,974.52,59263.74,60.8133,4.0
MC-20089,2024-07-05,ES,Bilbao,Lawyer,budget,Spanish,email,acquisition,37965,1256,15,351.24,2645.16,7.5309,10.0
MC-22804,2024-07-05,GB,Birmingham,Data Scientist,budget,English,search,acquisition,56391,3578,111,982.17,25323.69,25.7834,1.0
MC-22924,2024-07-05,GB,Glasgow,Marketing Manager,mid,English,social_media,acquisition,124092,3149,138,2564.71,120666.49,47.0488,4.0
MC-20102,2024-07-05,GB,Manchester,Marketing Manager,mid,English,email,awareness,29627,639,7,14350.62,6637.5,0.4625,8.0
MC-21756,2024-07-05,US,Houston,Lawyer,mid,English,social_media,re_engagement,14430,331,24,35223.42,25627.52,0.7276,5.0
MC-21775,2024-07-05,IN,Mumbai,Sales Rep,premium,Hindi,social_media,awareness,412827,8040,623,3127.33,1796965.99,574.6007,7.0
MC-22766,2024-07-05,GB,Bristol,Consultant,mid,English,social_media,acquisition,42032,1070,29,753.64,19741.13,26.1944,7.0
MC-20438,2024-07-05,US,San Francisco,Sales Rep,budget,English,display,awareness,22803,238,11,331.59,1033.26,3.1161,1.0
MC-20986,2024-07-05,GB,Birmingham,Accountant,mid,English,search,awareness,3965,316,4,6399.73,3644.61,0.5695,4.0
MC-21371,2024-07-05,DE,Stuttgart,Writer,budget,German,search,retention,500000,31553,2272,398.28,275449.28,691.5971,7.0
MC-20583,2024-07-05,IN,Mumbai,Designer,mid,Hindi,search,acquisition,97771,8189,253,568.8,160304.21,281.8288,9.0
MC-21357,2024-07-05,SG,Singapore,Consultant,budget,English,email,acquisition,22118,652,51,68.63,6772.2,98.677,6.0
MC-20434,2024-07-05,US,Chicago,Consultant,budget,English,search,retention,27949,1898,106,839.69,18469.05,21.9951,10.0
MC-21475,2024-07-05,FR,Marseille,Product Manager,mid,French,email,retention,81098,1767,101,234.45,66670.28,284.3689,2.0
MC-21009,2024-07-05,MX,Monterrey,Lawyer,budget,Spanish,social_media,awareness,70147,1150,51,871.14,11212.56,12.8711,1.0
MC-21171,2024-07-05,US,Phoenix,Sales Rep,mid,English,social_media,retention,70672,1124,67,1661.65,31460.21,18.9331,4.0
MC-20166,2024-07-05,IN,Hyderabad,Marketing Manager,mid,Hindi,display,retention,36357,467,22,1156.83,17602.96,15.2165,8.0
MC-22234,2024-07-06,FR,Paris,Software Engineer,budget,French,display,re_engagement,115641,1155,38,245.83,7452.11,30.3141,2.0
MC-21147,2024-07-06,US,New York,Architect,mid,English,search,acquisition,174402,14200,565,217.67,546067.07,2508.6924,1.0
MC-22703,2024-07-06,SG,Singapore,Accountant,mid,English,email,retention,109742,2451,142,2326.08,102168.82,43.9232,4.0
MC-22869,2024-07-06,CA,Calgary,Software Engineer,mid,English,display,retention,452694,4578,208,1491.8,189417.97,126.9728,7.0
MC-22609,2024-07-06,GB,Birmingham,Writer,mid,English,social_media,awareness,88052,1281,27,1487.94,16596.14,11.1538,8.0
MC-20319,2024-07-06,IN,Pune,Designer,premium,Hindi,email,acquisition,6324,212,13,3516.25,30329.86,8.6256,1.0
MC-22336,2024-07-06,ZA,Cape Town,Researcher,budget,Afrikaans,search,awareness,47111,3291,35,948.57,5072.12,5.3471,7.0
MC-22412,2024-07-06,IN,Chennai,Designer,mid,Hindi,email,acquisition,4499,163,6,1871.63,3372.44,1.8019,3.0
MC-20206,2024-07-06,IN,Bangalore,Physician,budget,Hindi,content_marketing,retention,5932,92,5,461.09,1068.82,2.318,6.0
MC-22620,2024-07-06,US,Phoenix,Marketing Manager,budget,English,content_marketing,re_engagement,15938,370,11,369.61,1834.31,4.9628,9.0
MC-22949,2024-07-06,CA,Ottawa,Physician,premium,English,social_media,retention,62160,1201,84,2716.38,537516.66,197.8798,1.0
MC-21061,2024-07-06,IN,Chennai,Product Manager,mid,Hindi,influencer,awareness,133678,3027,103,655.91,81298.54,123.9477,1.0
MC-21745,2024-07-06,CA,Toronto,Sales Rep,mid,English,social_media,acquisition,63890,911,49,1647.24,22629.91,13.7381,3.0
MC-20396,2024-07-06,ES,Barcelona,Writer,mid,Spanish,social_media,acquisition,59822,1367,73,1363.8,42165.84,30.9179,2.0
MC-21820,2024-07-06,US,Phoenix,Data Scientist,premium,English,social_media,re_engagement,201140,4828,324,3143.71,1923255.2,611.7788,10.0
MC-21114,2024-07-06,FR,Lyon,Sales Rep,mid,French,influencer,re_engagement,46132,1465,104,18735.05,47964.21,2.5601,7.0
MC-20228,2024-07-06,IN,Pune,Sales Rep,mid,Hindi,social_media,retention,11852,258,6,555.14,3177.42,5.7236,9.0
MC-20274,2024-07-07,GB,Leeds,Sales Rep,premium,English,email,retention,108108,4194,117,1589.52,308753.65,194.2433,7.0
MC-21869,2024-07-07,US,Seattle,Accountant,mid,English,search,acquisition,30219,2617,186,715.88,168920.45,235.962,7.0
MC-20556,2024-07-07,GB,Bristol,Writer,budget,English,search,awareness,246894,13576,882,8065.3,96426.24,11.9557,6.0
MC-20680,2024-07-07,AU,Sydney,Product Manager,premium,English,social_media,acquisition,68200,1716,129,1781.1,423421.63,237.7304,1.0
MC-22134,2024-07-07,AU,Sydney,Sales Rep,mid,English,search,acquisition,22395,2066,33,262.96,19603.87,74.5508,4.0
MC-20897,2024-07-07,FR,Nice,Product Manager,mid,French,social_media,retention,418677,7307,547,235.32,433367.5,1841.6093,1.0
MC-20516,2024-07-07,US,Los Angeles,Sales Rep,mid,English,email,awareness,9045,345,27,3967.78,17650.5,4.4485,1.0
MC-20908,2024-07-07,US,Seattle,Researcher,mid,English,search,awareness,119900,10862,800,1180.89,618751.85,523.9708,5.0
MC-20488,2024-07-07,US,Chicago,Architect,mid,English,email,acquisition,15733,505,9,3298.36,10055.56,3.0487,6.0
MC-20476,2024-07-07,NL,Utrecht,Teacher,budget,Dutch,influencer,re_engagement,4321,119,4,12847.35,378.61,0.0295,1.0
MC-21031,2024-07-07,CA,Toronto,Designer,mid,English,search,retention,43634,3225,173,3297.51,115176.02,34.9282,10.0
MC-21675,2024-07-07,IN,Pune,Marketing Manager,mid,Hindi,email,acquisition,10273,366,28,6898.9,18095.29,2.6229,8.0
MC-21718,2024-07-07,FR,Nice,Data Scientist,budget,French,search,retention,49715,3449,103,5990.75,24059.4,4.0161,8.0
MC-20378,2024-07-07,CA,Montreal,Data Scientist,budget,English,email,retention,25730,676,45,1471.42,8814.85,5.9907,2.0
MC-21923,2024-07-07,BR,São Paulo,Designer,budget,Portuguese,social_media,retention,191277,3139,106,6123.53,11098.15,1.8124,1.0
MC-21906,2024-07-07,IN,Hyderabad,Designer,mid,Hindi,content_marketing,acquisition,17289,369,25,3183.32,16677.61,5.2391,10.0
MC-22203,2024-07-07,BR,São Paulo,Teacher,mid,Portuguese,social_media,awareness,8442,126,6,4000.73,3935.51,0.9837,1.0
MC-21500,2024-07-07,FR,Bordeaux,Software Engineer,mid,French,influencer,acquisition,101554,2263,145,585.2,152789.75,261.0898,1.0
MC-20807,2024-07-07,IL,Jerusalem,Software Engineer,premium,Hebrew,email,awareness,10316,359,18,3828.63,103070.69,26.921,8.0
MC-22921,2024-07-07,IL,Beer Sheva,Sales Rep,budget,Hebrew,social_media,retention,245055,4550,220,1692.67,20817.39,12.2986,7.0
MC-20087,2024-07-07,ES,Madrid,Lawyer,mid,Spanish,email,acquisition,31442,781,56,907.96,59826.24,65.8908,2.0
MC-22862,2024-07-07,US,San Francisco,Consultant,mid,English,social_media,awareness,71272,1251,31,6509.88,27330.51,4.1983,6.0
MC-22347,2024-07-07,FR,Marseille,Teacher,mid,French,email,acquisition,4753,125,5,743.61,2519.02,3.3876,3.0
MC-22303,2024-07-08,JP,Osaka,Writer,budget,Japanese,social_media,awareness,65445,1677,130,775.18,16297.28,21.0239,2.0
MC-22733,2024-07-08,NL,The Hague,Writer,budget,Dutch,social_media,acquisition,123485,2239,41,232.13,3761.13,16.2027,9.0
MC-22212,2024-07-08,GB,Glasgow,Researcher,mid,English,display,retention,76347,1084,84,16107.41,56862.75,3.5302,8.0
MC-22621,2024-07-08,ES,Seville,HR Manager,budget,Spanish,email,acquisition,55935,1427,46,3966.17,4051.97,1.0216,3.0
MC-22754,2024-07-08,US,Seattle,Writer,mid,English,search,acquisition,74216,5221,224,1014.39,120629.09,118.9179,7.0
MC-20427,2024-07-08,US,Chicago,Designer,premium,English,content_marketing,acquisition,12736,224,14,839.35,31939.57,38.0527,9.0
MC-22434,2024-07-08,NL,Utrecht,HR Manager,budget,Dutch,influencer,acquisition,86504,1837,142,2884.25,14182.19,4.9171,6.0
MC-20409,2024-07-08,IN,Mumbai,Marketing Manager,budget,Hindi,social_media,acquisition,51775,1199,77,2214.88,10836.25,4.8925,10.0
MC-22936,2024-07-08,US,Los Angeles,Writer,premium,English,email,retention,26559,706,31,722.53,76842.73,106.3523,10.0
MC-20665,2024-07-08,IN,Kolkata,Designer,budget,Hindi,social_media,retention,214727,4923,200,857.76,22438.44,26.1593,8.0
MC-21754,2024-07-08,GB,Bristol,Writer,mid,English,search,awareness,2369,200,4,773.65,2430.13,3.1411,1.0
MC-22512,2024-07-08,GB,Leeds,Teacher,budget,English,content_marketing,acquisition,22354,360,18,1077.01,1812.3,1.6827,6.0
MC-20985,2024-07-08,IN,Pune,Software Engineer,mid,Hindi,display,retention,322449,4847,316,1787.28,331809.42,185.6505,5.0
MC-21403,2024-07-08,FR,Nice,Researcher,budget,French,email,awareness,1000,22,1,1913.79,162.23,0.0848,9.0
MC-20099,2024-07-08,IN,Kolkata,Architect,budget,Hindi,search,re_engagement,3840,352,8,2785.26,1723.49,0.6188,8.0
MC-20181,2024-07-08,US,Los Angeles,Lawyer,mid,English,social_media,retention,108567,2373,178,5490.44,167810.32,30.5641,6.0
MC-22847,2024-07-08,DE,Hamburg,Lawyer,budget,German,display,acquisition,500000,4403,269,555.3,56121.82,101.0658,8.0
MC-22289,2024-07-08,US,New York,Sales Rep,premium,English,search,awareness,68950,3935,182,7985.76,575402.89,72.0536,8.0
MC-20530,2024-07-08,GB,Leeds,Software Engineer,mid,English,email,acquisition,10151,304,5,447.8,4772.08,10.6567,8.0
MC-20849,2024-07-08,FR,Toulouse,Sales Rep,mid,French,social_media,awareness,41187,705,18,862.69,10464.32,12.1299,8.0
MC-22904,2024-07-08,GB,Glasgow,Writer,budget,English,email,acquisition,5415,174,7,543.7,745.32,1.3708,4.0
MC-20371,2024-07-08,FR,Lyon,Accountant,mid,French,email,acquisition,3735,116,3,1540.28,2705.13,1.7563,4.0
MC-20558,2024-07-08,ZA,Cape Town,Data Scientist,mid,Afrikaans,display,awareness,89955,784,42,258.22,53268.5,206.2911,1.0
MC-20185,2024-07-08,DE,Stuttgart,Architect,budget,German,social_media,acquisition,197012,4547,132,3909.24,26507.71,6.7808,6.0
MC-21499,2024-07-08,ES,Barcelona,Architect,premium,Spanish,social_media,awareness,42425,952,22,2929.75,106597.46,36.3845,9.0
MC-20623,2024-07-09,IL,Beer Sheva,Writer,budget,Hebrew,display,acquisition,254136,2762,31,821.32,2607.51,3.1748,8.0
MC-20859,2024-07-09,AU,Brisbane,Sales Rep,mid,English,social_media,acquisition,216645,4026,148,1304.47,89997.22,68.9914,3.0
MC-21299,2024-07-09,BR,Brasília,Lawyer,budget,Portuguese,search,retention,65353,4158,148,12387.68,27037.5,2.1826,6.0
MC-20201,2024-07-09,GB,Birmingham,Physician,budget,English,social_media,awareness,24717,527,11,1660.88,2290.02,1.3788,8.0
MC-20632,2024-07-09,IN,Chennai,Accountant,mid,Hindi,email,retention,34353,1212,49,11944.75,35337.37,2.9584,1.0
MC-22279,2024-07-09,US,Los Angeles,Teacher,budget,English,social_media,awareness,500000,12126,315,1417.39,26694.09,18.8333,3.0
MC-21533,2024-07-09,DE,Frankfurt,Product Manager,mid,German,social_media,acquisition,17197,398,4,2348.35,3584.06,1.5262,4.0
MC-20639,2024-07-09,US,Los Angeles,Consultant,mid,English,search,acquisition,20399,1686,123,3681.1000000000004,115046.55,31.2533,7.0
MC-21005,2024-07-09,DE,Frankfurt,Designer,premium,German,social_media,acquisition,211327,3257,218,5792.0,698208.21,120.547,3.0
MC-20944,2024-07-09,FR,Nice,Accountant,mid,French,search,retention,4404,384,23,3290.01,17106.88,5.1996,4.0
MC-21739,2024-07-09,FR,Toulouse,Physician,mid,French,content_marketing,acquisition,9835,126,9,10629.43,9887.95,0.9302,9.0
MC-20152,2024-07-09,IN,Delhi,Architect,premium,Hindi,email,acquisition,38941,914,24,2285.34,138781.55,60.7269,7.0
MC-21945,2024-07-09,IN,Delhi,Product Manager,budget,Hindi,search,acquisition,86161,5203,278,2298.39,47891.5,20.837,8.0
MC-22119,2024-07-09,FR,Nice,Designer,budget,French,search,acquisition,131319,12545,345,1072.7,32450.05,30.2508,5.0
MC-20313,2024-07-09,AU,Melbourne,Architect,budget,English,email,acquisition,23453,656,37,322.99,8291.12,25.6699,1.0
MC-20636,2024-07-09,MX,Tijuana,Accountant,mid,Spanish,search,awareness,283111,20485,1292,425.26,974218.46,2290.8773,1.0
MC-20407,2024-07-09,IL,Haifa,Physician,budget,Hebrew,search,awareness,45847,4202,99,2816.31,19641.0,6.974,8.0
MC-21885,2024-07-09,DE,Frankfurt,Lawyer,premium,German,social_media,retention,39505,787,57,1942.5,353926.5,182.2015,2.0
MC-21125,2024-07-09,US,San Francisco,Designer,premium,English,email,acquisition,13202,481,26,2028.86,80458.01,39.6568,6.0
MC-20739,2024-07-09,ZA,Cape Town,Writer,premium,Afrikaans,social_media,re_engagement,51442,1176,64,4145.7,193283.17,46.6226,2.0
MC-21052,2024-07-09,IN,Chennai,Physician,mid,Hindi,search,acquisition,317024,25094,1125,3758.1,1350445.64,359.3427,6.0
MC-22717,2024-07-09,DE,Stuttgart,Lawyer,mid,German,social_media,retention,48055,1094,48,478.86,53485.68,111.6938,6.0
MC-21892,2024-07-09,FR,Paris,Sales Rep,budget,French,search,awareness,47550,3869,40,728.97,4628.38,6.3492,5.0
MC-20129,2024-07-09,US,Seattle,Accountant,budget,English,influencer,acquisition,7543,170,2,3938.62,318.82,0.0809,9.0
MC-21562,2024-07-09,IN,Kolkata,Researcher,mid,Hindi,display,acquisition,29667,457,9,1978.66,6761.59,3.4173,1.0
MC-21986,2024-07-09,DE,Cologne,HR Manager,mid,German,social_media,retention,335530,8024,320,618.23,173520.77,280.6735,5.0
MC-20161,2024-07-09,IN,Kolkata,Accountant,mid,Hindi,search,acquisition,9327,761,18,1986.58,16929.78,8.5221,9.0
MC-21457,2024-07-09,FR,Nice,Product Manager,budget,French,search,awareness,7456,602,25,1149.23,3364.51,2.9276,6.0
MC-22202,2024-07-09,US,Houston,Researcher,budget,English,social_media,retention,329127,7788,587,434.68,81969.33,188.574,1.0
MC-21791,2024-07-09,US,Los Angeles,Researcher,mid,English,social_media,acquisition,7315,150,11,775.99,7624.53,9.8256,6.0
MC-22198,2024-07-09,IN,Chennai,Marketing Manager,premium,Hindi,search,acquisition,6368,449,26,507.16,96424.87,190.1271,8.0
MC-21441,2024-07-09,DE,Stuttgart,Physician,mid,German,social_media,awareness,135275,2107,34,209.33,38383.47,183.3634,5.0
MC-21231,2024-07-09,US,Los Angeles,Lawyer,mid,English,social_media,acquisition,24985,605,24,89.25,29270.54,327.9612,1.0
MC-22293,2024-07-09,IN,Mumbai,Architect,premium,Hindi,influencer,retention,25254,471,13,3989.84,63884.19,16.0117,3.0
MC-21931,2024-07-09,MX,Tijuana,HR Manager,mid,Spanish,social_media,awareness,245397,5819,384,629.52,219244.85,348.273,10.0
MC-20482,2024-07-09,ZA,Durban,Designer,premium,Afrikaans,email,acquisition,1000,21,1,973.64,2516.36,2.5845,8.0
MC-20440,2024-07-09,DE,Frankfurt,Researcher,mid,German,search,awareness,59901,3990,258,14420.96,235662.97,16.3417,8.0
MC-22092,2024-07-09,US,Houston,Architect,budget,English,social_media,retention,105790,1953,100,315.71,18235.97,57.7618,3.0
MC-22110,2024-07-09,AU,Sydney,HR Manager,premium,English,search,acquisition,3036,284,3,281.5,10014.96,35.5771,4.0
MC-20662,2024-07-10,GB,Leeds,Designer,mid,English,social_media,acquisition,86055,1398,80,1798.29,36434.8,20.2608,10.0
MC-22923,2024-07-10,IN,Kolkata,Physician,budget,Hindi,social_media,re_engagement,222407,4001,126,3007.35,28982.7,9.6373,6.0
MC-21058,2024-07-10,IN,Bangalore,Writer,mid,Hindi,search,retention,40159,2636,117,2145.43,56952.88,26.5461,4.0
MC-22496,2024-07-10,IN,Delhi,Sales Rep,budget,Hindi,influencer,acquisition,25853,546,11,6654.3,1126.85,0.1693,6.0
MC-20809,2024-07-10,BR,São Paulo,Teacher,budget,Portuguese,social_media,retention,85357,1832,138,4679.86,15928.1,3.4035,3.0
MC-21032,2024-07-10,GB,Birmingham,Writer,mid,English,search,acquisition,131147,12535,614,4227.99,305990.67,72.3726,4.0
MC-21917,2024-07-10,ZA,Johannesburg,Sales Rep,mid,Afrikaans,social_media,awareness,103040,1789,71,7172.54,37481.1,5.2256,8.0
MC-21963,2024-07-10,BR,Fortaleza,Teacher,mid,Portuguese,social_media,retention,203210,4083,141,2595.93,70966.28,27.3375,9.0
MC-21037,2024-07-10,IL,Netanya,Marketing Manager,budget,Hebrew,email,acquisition,11585,297,19,3749.14,3308.6,0.8825,2.0
MC-21106,2024-07-10,MX,Puebla,Writer,mid,Spanish,social_media,re_engagement,269982,6577,98,2533.92,64671.81,25.5224,6.0
MC-22663,2024-07-10,US,San Francisco,Marketing Manager,mid,English,email,re_engagement,13797,318,22,5659.43,16074.81,2.8404,10.0
MC-21101,2024-07-10,BR,Salvador,Architect,mid,Portuguese,search,acquisition,18789,1595,77,12189.88,77890.6,6.3898,8.0
MC-22470,2024-07-10,IN,Bangalore,Writer,mid,Hindi,display,retention,97836,1305,23,271.83,14931.95,54.9312,4.0
MC-22033,2024-07-10,IN,Pune,Software Engineer,budget,Hindi,influencer,retention,176027,4863,202,2133.11,37685.14,17.6668,2.0
MC-20700,2024-07-10,ZA,Pretoria,Designer,premium,Afrikaans,email,acquisition,45132,1657,65,175.68,189292.13,1077.4825,4.0
MC-21937,2024-07-10,ZA,Johannesburg,Marketing Manager,mid,Afrikaans,social_media,retention,500000,9253,413,2262.01,369089.23,163.1687,1.0
MC-22401,2024-07-10,IN,Chennai,Consultant,mid,Hindi,display,awareness,110259,1227,34,995.04,30168.64,30.319,1.0
MC-21550,2024-07-10,IN,Pune,Teacher,premium,Hindi,display,awareness,40869,603,46,2548.31,141814.39,55.6504,2.0
MC-20837,2024-07-10,BR,Fortaleza,Designer,mid,Portuguese,social_media,re_engagement,500000,7662,300,1464.71,150139.26,102.5044,1.0
MC-22259,2024-07-10,DE,Stuttgart,Data Scientist,mid,German,search,retention,465109,42857,3334,936.09,3040371.35,3247.9477,2.0
MC-20519,2024-07-10,US,Seattle,Accountant,premium,English,display,awareness,500000,6917,95,3639.21,404613.02,111.1816,3.0
MC-22976,2024-07-10,IN,Pune,Researcher,budget,Hindi,influencer,retention,500000,13845,210,8128.15,30792.19,3.7883,9.0
MC-20007,2024-07-10,US,Los Angeles,Physician,mid,English,email,retention,20761,705,12,1739.35,10888.78,6.2603,2.0
MC-20782,2024-07-10,US,San Francisco,Marketing Manager,mid,English,search,awareness,20544,1133,88,1973.46,68633.08,34.778,7.0
MC-21576,2024-07-10,SG,Singapore,HR Manager,mid,English,display,acquisition,306804,3473,84,5952.64,45513.21,7.6459,10.0
MC-21592,2024-07-10,US,New York,Physician,premium,English,search,acquisition,450010,30123,1292,2420.96,6558720.34,2709.1403,4.0
MC-22604,2024-07-10,IL,Beer Sheva,Data Scientist,premium,Hebrew,search,acquisition,439196,40482,1072,3780.92,4921362.01,1301.6308,5.0
MC-22757,2024-07-10,US,Seattle,Physician,mid,English,social_media,acquisition,144250,2844,134,3409.48,133648.44,39.1991,1.0
MC-20027,2024-07-10,FR,Lyon,Designer,budget,French,email,awareness,24556,656,31,4614.87,2829.08,0.613,7.0
MC-21369,2024-07-10,US,Phoenix,HR Manager,budget,English,email,acquisition,7750,250,12,776.03,1344.35,1.7323,4.0
MC-22800,2024-07-10,IL,Tel Aviv,Architect,premium,Hebrew,influencer,retention,27621,516,33,3928.79,184573.51,46.9797,2.0
MC-21629,2024-07-10,IN,Hyderabad,Writer,mid,Hindi,social_media,acquisition,9926700,243120,10056,659.83,6001915.87,9096.1549,7.0
MC-22823,2024-07-10,DE,Frankfurt,Designer,premium,German,email,awareness,8976,192,12,4685.66,32197.81,6.8716,8.0
MC-22152,2024-07-10,IN,Hyderabad,Writer,premium,Hindi,social_media,awareness,205992,5235,191,800.17,500252.93,625.1833,10.0
MC-22138,2024-07-10,GB,London,Data Scientist,premium,English,social_media,awareness,23642,509,25,1421.04,143761.34,101.1663,10.0
MC-21780,2024-07-10,US,Houston,Writer,budget,English,social_media,acquisition,120445,2280,111,1078.95,12261.02,11.3638,2.0
MC-22108,2024-07-10,IN,Pune,Teacher,mid,Hindi,email,awareness,151936,5526,191,493.07,107898.71,218.8304,9.0
MC-20955,2024-07-10,IN,Bangalore,Physician,premium,Hindi,display,acquisition,500000,7268,181,8502.36,940575.6,110.6252,6.0
MC-22166,2024-07-10,DE,Hamburg,Lawyer,mid,German,search,awareness,73900,4355,129,4245.42,168640.34,39.7229,8.0
MC-20322,2024-07-10,US,Chicago,Consultant,premium,English,content_marketing,acquisition,11604,214,4,7729.18,15300.59,1.9796,8.0
MC-21356,2024-07-11,ES,Madrid,Lawyer,mid,Spanish,social_media,retention,129857,2704,180,209.78,226875.71,1081.4935,7.0
MC-21511,2024-07-11,US,Houston,Teacher,budget,English,email,retention,1827,53,1,1045.96,102.33,0.0978,9.0
MC-20552,2024-07-11,DE,Stuttgart,Lawyer,mid,German,search,awareness,344077,28495,748,2152.09,870814.11,404.6365,5.0
MC-20104,2024-07-11,BR,São Paulo,Lawyer,budget,Portuguese,social_media,retention,500000,10894,714,411.06,173022.65,420.9182,3.0
MC-21797,2024-07-11,MX,Tijuana,HR Manager,mid,Spanish,email,acquisition,14042,380,11,367.08,7238.99,19.7205,9.0
MC-21078,2024-07-11,ES,Valencia,Software Engineer,premium,Spanish,social_media,acquisition,242877,4334,112,7155.17,658783.31,92.071,9.0
MC-21094,2024-07-11,US,Los Angeles,Lawyer,mid,English,social_media,re_engagement,20365,366,21,2514.47,23143.09,9.204,3.0
MC-20661,2024-07-11,US,San Francisco,Marketing Manager,premium,English,social_media,retention,76970,1951,72,10021.42,264811.91,26.4246,1.0
MC-22527,2024-07-11,FR,Lyon,Researcher,premium,French,social_media,acquisition,116640,2476,173,6227.27,594128.17,95.4075,6.0
MC-21485,2024-07-11,US,Chicago,Architect,premium,English,influencer,awareness,129297,3111,43,4410.88,256466.22,58.144,9.0
MC-21242,2024-07-11,BR,Salvador,HR Manager,budget,Portuguese,social_media,retention,30462,625,16,3454.6,1517.02,0.4391,6.0
MC-20514,2024-07-11,GB,Leeds,Sales Rep,mid,English,display,awareness,110610,1642,100,3773.66,59684.07,15.816,6.0
MC-21460,2024-07-11,US,Los Angeles,Sales Rep,budget,English,email,acquisition,24527,918,68,438.33,5960.14,13.5974,4.0
MC-20455,2024-07-11,NL,Rotterdam,Accountant,budget,Dutch,social_media,retention,14300,314,5,1223.91,622.7,0.5088,10.0
MC-20051,2024-07-11,FR,Lyon,Writer,budget,French,email,acquisition,37787,1222,21,3829.8,2203.28,0.5753,5.0
MC-20599,2024-07-11,IN,Mumbai,HR Manager,budget,Hindi,email,awareness,5489,190,6,2907.5,722.34,0.2484,6.0
MC-21364,2024-07-11,GB,London,Data Scientist,mid,English,social_media,acquisition,28330,713,39,3340.69,44365.82,13.2804,3.0
MC-20649,2024-07-11,IL,Beer Sheva,Writer,budget,Hebrew,social_media,retention,13170,266,11,4692.99,1184.24,0.2523,5.0
MC-21753,2024-07-11,US,New York,Marketing Manager,budget,English,search,awareness,7416,722,46,3769.95,7702.07,2.043,6.0
MC-21912,2024-07-11,MX,Guadalajara,Physician,mid,Spanish,search,awareness,42302,2697,191,4862.07,218925.05,45.0271,10.0
MC-20943,2024-07-11,DE,Berlin,Software Engineer,mid,German,social_media,retention,58760,958,46,18278.2,50972.06,2.7887,2.0
MC-22917,2024-07-11,GB,Leeds,Physician,budget,English,email,re_engagement,4284,136,2,385.29,490.11,1.2721,10.0
MC-20724,2024-07-11,DE,Munich,Writer,mid,German,influencer,acquisition,163332,4577,187,4301.5,120208.91,27.9458,9.0
MC-21008,2024-07-11,ES,Seville,Data Scientist,mid,Spanish,content_marketing,retention,2914,39,0,6189.59,0.0,0.0,4.0
MC-22034,2024-07-11,DE,Hamburg,Writer,budget,German,email,acquisition,16472,401,4,2341.62,489.51,0.209,8.0
MC-20993,2024-07-11,IN,Mumbai,Architect,budget,Hindi,search,retention,158284,12770,245,945.58,49876.01,52.7465,4.0
MC-22066,2024-07-11,DE,Berlin,Data Scientist,mid,German,search,retention,33606,2856,176,14880.34,226423.3,15.2163,9.0
MC-21994,2024-07-11,BR,Fortaleza,Sales Rep,budget,Portuguese,email,re_engagement,8835,340,4,1228.0,380.02,0.3095,8.0
MC-22126,2024-07-11,MX,Monterrey,Teacher,mid,Spanish,social_media,awareness,20932,511,38,1315.59,18864.12,14.3389,4.0
MC-22147,2024-07-11,ES,Barcelona,Product Manager,premium,Spanish,content_marketing,re_engagement,18213,387,28,11169.67,132143.22,11.8305,4.0
MC-20374,2024-07-11,ES,Bilbao,Data Scientist,mid,Spanish,social_media,acquisition,8847,130,1,1644.08,1255.06,0.7634,9.0
MC-22183,2024-07-11,GB,Glasgow,Teacher,mid,English,social_media,acquisition,33987,676,41,95.23,24463.08,256.8842,5.0
MC-20224,2024-07-11,US,Phoenix,Physician,budget,English,search,awareness,68225,4381,343,2306.5,82191.76,35.6348,3.0
MC-20883,2024-07-11,IN,Pune,Accountant,mid,Hindi,search,acquisition,37569,2223,40,4941.64,38195.56,7.7293,3.0
MC-20797,2024-07-11,MX,Tijuana,Lawyer,mid,Spanish,search,acquisition,5236,432,5,136.1,4543.55,33.3839,4.0
MC-20752,2024-07-11,BR,Brasília,Physician,mid,Portuguese,email,retention,19688,430,29,7482.59,36169.06,4.8338,3.0
MC-21042,2024-07-11,GB,Birmingham,Designer,budget,English,display,awareness,182001,1910,126,5981.96,15167.55,2.5355,1.0
MC-22676,2024-07-11,IN,Hyderabad,Researcher,budget,Hindi,email,awareness,98421,2624,74,2621.42,9317.54,3.5544,9.0
MC-21975,2024-07-11,IN,Bangalore,Product Manager,budget,Hindi,influencer,re_engagement,105517,3330,37,604.18,6556.44,10.8518,7.0
MC-21946,2024-07-11,US,Los Angeles,HR Manager,mid,English,influencer,acquisition,75429,1726,118,3682.81,60232.95,16.3552,5.0
MC-21959,2024-07-11,GB,Manchester,Software Engineer,budget,English,search,retention,243027,21227,1656,6833.18,388485.84,56.8529,4.0
MC-20708,2024-07-12,US,Houston,Teacher,budget,English,email,retention,71400,1635,17,6187.8,1537.75,0.2485,1.0
MC-20925,2024-07-12,CA,Calgary,Researcher,budget,English,display,retention,183276,1729,45,1650.17,7864.21,4.7657,10.0
MC-22887,2024-07-12,ES,Seville,Lawyer,premium,Spanish,email,re_engagement,27909,637,40,115.56,179337.09,1551.8959,5.0
MC-21647,2024-07-12,US,Chicago,Consultant,mid,English,search,acquisition,13987,748,55,3085.86,43787.28,14.1897,8.0
MC-21385,2024-07-12,ZA,Johannesburg,Designer,mid,Afrikaans,social_media,retention,44290,752,54,1056.15,29441.75,27.8765,6.0
MC-22400,2024-07-12,ZA,Durban,Researcher,budget,Afrikaans,email,awareness,13657,357,14,1751.88,1801.85,1.0285,4.0
MC-20291,2024-07-12,ZA,Durban,Product Manager,premium,Afrikaans,email,awareness,94508,2146,45,1789.98,169654.81,94.7803,10.0
MC-21652,2024-07-12,FR,Lyon,Product Manager,mid,French,email,retention,4368,163,9,7340.7,7504.57,1.0223,6.0
MC-22780,2024-07-12,DE,Frankfurt,Architect,mid,German,social_media,acquisition,3060700,67756,2257,2035.21,2348715.67,1154.0409,7.0
MC-20741,2024-07-12,JP,Osaka,Sales Rep,mid,Japanese,email,retention,7868,226,3,794.79,1401.01,1.7627,3.0
MC-22180,2024-07-12,IL,Netanya,Lawyer,mid,Hebrew,influencer,awareness,20376,440,30,1656.94,35500.35,21.4252,1.0
MC-20436,2024-07-12,GB,Leeds,Lawyer,mid,English,search,acquisition,357843,33637,1963,1213.67,1783419.97,1469.4439,3.0
MC-20020,2024-07-12,DE,Munich,Sales Rep,mid,German,social_media,awareness,63622,986,18,993.34,10498.85,10.5692,6.0
MC-21790,2024-07-12,IN,Mumbai,Researcher,budget,Hindi,display,retention,132003,1433,42,496.89,6330.82,12.7409,3.0
MC-20961,2024-07-12,US,New York,Product Manager,mid,English,email,retention,98667,2250,97,24223.86,72627.65,2.9982,7.0
MC-22821,2024-07-12,US,Chicago,Designer,mid,English,email,acquisition,69733,2119,129,2826.86,68002.06,24.0557,3.0
MC-21717,2024-07-12,BR,Brasília,Product Manager,mid,Portuguese,social_media,awareness,236667,4514,356,929.74,312656.43,336.2837,6.0
MC-20150,2024-07-12,DE,Stuttgart,Software Engineer,mid,German,social_media,awareness,17775,249,3,4339.55,3245.94,0.748,8.0
MC-20458,2024-07-12,GB,Bristol,Product Manager,mid,English,social_media,awareness,148260,2408,27,819.27,25266.07,30.8397,3.0
MC-21079,2024-07-12,GB,London,Data Scientist,budget,English,social_media,acquisition,87957,2225,103,765.06,21050.15,27.5144,8.0
MC-20630,2024-07-12,US,New York,Architect,mid,English,email,retention,58433,1503,110,554.15,112380.37,202.7977,2.0
MC-20756,2024-07-12,US,Los Angeles,Marketing Manager,budget,English,social_media,acquisition,500000,7540,152,2320.3,25263.07,10.8878,2.0
MC-20368,2024-07-12,US,Chicago,Product Manager,budget,English,search,re_engagement,43027,2939,163,4329.04,25089.93,5.7957,8.0
MC-20747,2024-07-12,US,Phoenix,Sales Rep,budget,English,email,acquisition,15502,588,11,1730.12,1020.32,0.5897,10.0
MC-21929,2024-07-12,IN,Bangalore,Software Engineer,mid,Hindi,social_media,acquisition,80087,1182,74,5439.14,95427.65,17.5446,2.0
MC-20139,2024-07-12,SG,Singapore,Architect,mid,English,display,retention,7398,99,2,728.25,2363.27,3.2451,3.0
MC-21004,2024-07-12,US,New York,Teacher,mid,English,search,retention,37628,2970,72,986.87,37520.81,38.02,1.0
MC-22298,2024-07-12,IN,Chennai,HR Manager,budget,Hindi,social_media,acquisition,10970,243,5,1349.49,452.24,0.3351,9.0
MC-22312,2024-07-12,DE,Cologne,Lawyer,mid,German,display,re_engagement,146994,1853,90,5549.5,114535.49,20.6389,1.0
MC-20397,2024-07-12,US,San Francisco,Teacher,budget,English,email,acquisition,48700,1240,61,1587.56,6927.01,4.3633,4.0
MC-21050,2024-07-12,IN,Bangalore,Writer,mid,Hindi,email,awareness,21531,597,42,7859.99,20677.15,2.6307,8.0
MC-21907,2024-07-12,US,Chicago,HR Manager,mid,English,email,retention,5559,187,4,264.09,2130.72,8.0682,6.0
MC-22913,2024-07-12,US,Los Angeles,Sales Rep,mid,English,social_media,retention,47535,791,46,1580.27,24778.3,15.6798,3.0
MC-22910,2024-07-12,US,Los Angeles,Teacher,premium,English,email,acquisition,48323,1023,59,2778.86,145473.47,52.3501,7.0
MC-20847,2024-07-12,FR,Lyon,Teacher,premium,French,social_media,awareness,52287,1274,97,662.78,219899.02,331.7828,3.0
MC-21563,2024-07-12,CA,Toronto,Researcher,premium,English,influencer,awareness,128352,3503,38,698.36,140506.68,201.1952,8.0
MC-21834,2024-07-12,US,San Francisco,Designer,premium,English,search,awareness,48390,3420,43,2529.31,97024.09,38.3599,8.0
MC-22013,2024-07-12,BR,Brasília,Consultant,mid,Portuguese,search,acquisition,19531,1302,75,1684.6,53788.68,31.9296,3.0
MC-20884,2024-07-12,DE,Frankfurt,Marketing Manager,mid,German,search,acquisition,180661,17533,402,1614.1,280701.41,173.9058,10.0
MC-20410,2024-07-12,US,Seattle,Designer,budget,English,social_media,acquisition,14400,269,19,6974.73,1838.95,0.2637,10.0
MC-22865,2024-07-12,IL,Netanya,HR Manager,mid,Hebrew,email,re_engagement,10842,365,23,3366.17,11488.47,3.4129,1.0
MC-20898,2024-07-12,IN,Delhi,Physician,premium,Hindi,search,awareness,59711,4111,141,2894.82,912156.83,315.0997,2.0
MC-20909,2024-07-12,FR,Toulouse,Designer,premium,French,email,acquisition,38211,1320,41,4442.08,133091.5,29.9615,4.0
MC-21618,2024-07-12,US,San Francisco,Software Engineer,mid,English,email,awareness,6054,213,6,841.16,5467.25,6.4997,5.0
MC-20763,2024-07-13,IN,Pune,Lawyer,premium,Hindi,email,awareness,97229,2710,155,666.57,952134.19,1428.4084,6.0
MC-22224,2024-07-13,US,Chicago,Data Scientist,mid,English,social_media,acquisition,169665,2717,106,3854.07,134272.8,34.8392,10.0
MC-22624,2024-07-13,US,Chicago,Researcher,budget,English,search,retention,13266,778,40,310.8,5235.48,16.8452,2.0
MC-21331,2024-07-13,FR,Toulouse,Writer,premium,French,social_media,acquisition,58660,1085,41,1118.67,97542.57,87.1951,8.0
MC-20508,2024-07-13,DE,Stuttgart,Researcher,budget,German,email,re_engagement,43395,1297,72,871.17,8749.03,10.0429,7.0
MC-20775,2024-07-13,US,Los Angeles,Teacher,mid,English,social_media,acquisition,116227,2330,130,527.78,64877.04,122.9244,6.0
MC-21456,2024-07-13,US,Los Angeles,Physician,premium,English,social_media,awareness,60575,1560,38,2326.06,206666.25,88.8482,7.0
MC-21508,2024-07-13,NL,Eindhoven,Lawyer,premium,Dutch,display,acquisition,102654,1108,33,4207.36,153225.76,36.4185,6.0
MC-21621,2024-07-13,SG,Singapore,Product Manager,mid,English,social_media,acquisition,500000,12253,205,910.25,159616.01,175.354,2.0
MC-20470,2024-07-13,US,Phoenix,Product Manager,mid,English,display,acquisition,135795,2046,151,1304.95,119095.06,91.2641,7.0
MC-20704,2024-07-13,DE,Frankfurt,Marketing Manager,mid,German,email,acquisition,3568,131,2,233.26,1454.05,6.2336,1.0
MC-22162,2024-07-13,IN,Bangalore,Designer,mid,Hindi,content_marketing,awareness,273020,5079,277,363.87,155487.11,427.315,10.0
MC-22132,2024-07-14,US,San Francisco,Accountant,premium,English,social_media,acquisition,121932,2682,161,5719.15,771961.07,134.9783,4.0
MC-20243,2024-07-14,MX,Puebla,Teacher,budget,Spanish,social_media,awareness,35375,596,15,354.26,1299.85,3.6692,1.0
MC-21547,2024-07-14,SG,Singapore,Consultant,premium,English,display,acquisition,151455,2270,76,906.47,266165.24,293.6283,1.0
MC-20828,2024-07-14,IN,Bangalore,Writer,budget,Hindi,email,retention,98917,2231,110,20241.42,10704.25,0.5288,5.0
MC-22978,2024-07-14,JP,Nagoya,Data Scientist,budget,Japanese,search,acquisition,338204,20350,1161,4322.35,251097.22,58.0928,1.0
MC-22244,2024-07-14,US,Chicago,Teacher,premium,English,email,retention,16488,546,25,1582.23,68690.31,43.4136,5.0
MC-22461,2024-07-14,IL,Tel Aviv,Accountant,budget,Hebrew,social_media,awareness,38402,586,23,1632.62,3412.91,2.0904,2.0
MC-22716,2024-07-14,US,San Francisco,Product Manager,mid,English,social_media,awareness,30435,730,55,911.62,50826.81,55.7544,5.0
MC-22213,2024-07-14,IL,Tel Aviv,Sales Rep,budget,Hebrew,influencer,acquisition,468756,12621,611,7199.96,71329.26,9.9069,5.0
MC-22200,2024-07-14,FR,Lyon,Physician,mid,French,email,awareness,13062,504,35,2598.98,45671.59,17.5729,2.0
MC-22451,2024-07-14,US,New York,Sales Rep,budget,English,display,acquisition,63354,534,17,436.74,1454.7,3.3308,1.0
MC-20904,2024-07-14,GB,London,Lawyer,mid,English,influencer,awareness,206632,4846,356,377.38,400842.01,1062.1708,7.0
MC-22362,2024-07-14,US,Los Angeles,Accountant,budget,English,influencer,acquisition,9171,266,15,2061.32,1954.95,0.9484,10.0
MC-21404,2024-07-14,NL,Utrecht,Marketing Manager,premium,Dutch,search,re_engagement,19073,1213,49,855.46,206432.82,241.3121,4.0
MC-22843,2024-07-14,US,Seattle,Researcher,premium,English,social_media,acquisition,62465,1236,53,690.44,240684.6,348.596,1.0
MC-20433,2024-07-14,US,Seattle,Consultant,premium,English,search,acquisition,500000,28141,345,652.21,1137188.54,1743.5926,8.0
MC-22031,2024-07-14,US,Phoenix,Consultant,budget,English,influencer,re_engagement,109765,2056,143,811.82,23282.34,28.6792,9.0
MC-20192,2024-07-14,IN,Chennai,Consultant,budget,Hindi,email,acquisition,199830,6300,187,841.09,23614.59,28.0762,6.0
MC-21672,2024-07-14,AU,Brisbane,Marketing Manager,mid,English,social_media,acquisition,103482,2552,198,1554.06,175226.31,112.7539,10.0
MC-21258,2024-07-14,JP,Osaka,Architect,budget,Japanese,email,awareness,43905,1488,101,9307.37,18403.72,1.9773,1.0
MC-21234,2024-07-14,SG,Singapore,Writer,budget,English,search,retention,9925,696,18,506.94,2047.41,4.0388,5.0
MC-20310,2024-07-14,CA,Vancouver,Lawyer,mid,English,email,awareness,5944,166,4,3389.21,4212.81,1.243,9.0
MC-21983,2024-07-15,US,Phoenix,Architect,budget,English,email,acquisition,53093,1634,49,1279.15,8314.46,6.5,9.0
MC-20113,2024-07-15,US,Seattle,Accountant,budget,English,social_media,acquisition,500000,9157,284,1459.7,44480.3,30.4722,7.0
MC-20505,2024-07-15,IN,Chennai,Writer,premium,Hindi,social_media,re_engagement,85325,1250,64,3085.72,186069.01,60.3,5.0
MC-21471,2024-07-15,SG,Singapore,Researcher,mid,English,search,retention,36438,2489,52,539.08,37106.47,68.833,4.0
MC-21155,2024-07-15,US,Houston,Designer,mid,English,social_media,awareness,26167,501,33,1261.14,16540.83,13.1158,1.0
MC-22827,2024-07-15,FR,Lyon,Accountant,budget,French,content_marketing,retention,14621,270,12,1893.04,1948.29,1.0292,8.0
MC-20033,2024-07-15,DE,Cologne,Product Manager,premium,German,social_media,awareness,500000,9925,313,5351.05,1117884.36,208.9093,1.0
MC-21871,2024-07-15,US,Seattle,Data Scientist,mid,English,email,acquisition,8138,208,14,4301.75,15453.85,3.5925,9.0
MC-21721,2024-07-15,DE,Munich,Architect,premium,German,social_media,retention,13127,279,13,2809.18,73136.2,26.0347,9.0
MC-22866,2024-07-15,MX,Puebla,Writer,budget,Spanish,email,acquisition,7322,200,10,1179.84,1014.15,0.8596,10.0
MC-22570,2024-07-15,IN,Hyderabad,Lawyer,mid,Hindi,display,retention,203745,3007,55,910.58,67988.07,74.6646,4.0
MC-20394,2024-07-15,IN,Kolkata,Data Scientist,premium,Hindi,email,re_engagement,21442,644,9,383.06,-94.16125212511665,-0.2458,9.0
MC-21302,2024-07-15,IN,Pune,Designer,mid,Hindi,email,acquisition,50756,1091,16,3754.5,9202.62,2.4511,6.0
MC-22002,2024-07-15,BR,Fortaleza,Product Manager,premium,Portuguese,influencer,acquisition,95481,1964,109,1108.83,445016.31,401.3386,2.0
MC-20940,2024-07-15,FR,Nice,Architect,budget,French,email,acquisition,32015,1131,80,326.71,16991.23,52.0071,3.0
MC-20066,2024-07-15,GB,London,Accountant,mid,English,search,awareness,12676,1075,55,5271.37,35346.83,6.7054,3.0
MC-20825,2024-07-15,US,New York,Physician,mid,English,display,awareness,457209,4949,64,1324.77,61623.98,46.5167,2.0
MC-20108,2024-07-15,AU,Adelaide,Designer,budget,English,influencer,acquisition,197213,3679,83,263.29,9592.33,36.4326,5.0
MC-21298,2024-07-15,FR,Bordeaux,Physician,mid,French,content_marketing,retention,372316,8560,439,6438.89,442885.93,68.783,7.0
MC-22480,2024-07-15,US,New York,Marketing Manager,mid,English,email,awareness,36493,816,20,723.71,15972.92,22.0709,4.0
MC-22310,2024-07-15,MX,Monterrey,Writer,mid,Spanish,display,acquisition,47097,657,47,444.79,22515.34,50.6202,5.0
MC-20314,2024-07-15,BR,Salvador,Designer,premium,Portuguese,search,re_engagement,28950,2233,54,1167.49,164623.77,141.0066,1.0
MC-20929,2024-07-15,FR,Toulouse,Writer,mid,French,social_media,retention,148385,2842,166,3434.68,99239.52,28.8934,6.0
MC-22568,2024-07-15,IN,Chennai,Accountant,premium,Hindi,social_media,retention,122265,2608,133,10628.73,477219.44,44.899,9.0
MC-22550,2024-07-15,FR,Paris,HR Manager,premium,French,email,awareness,14109,375,14,2245.34,38796.85,17.2788,3.0
MC-20209,2024-07-15,US,Los Angeles,Sales Rep,mid,English,email,acquisition,7098,254,5,914.55,3323.44,3.634,7.0
MC-21390,2024-07-15,GB,Glasgow,Accountant,budget,English,content_marketing,acquisition,20740,360,28,6235.26,4947.0,0.7934,5.0
MC-22111,2024-07-15,FR,Nice,Accountant,mid,French,social_media,awareness,39007,1010,54,1389.11,46282.62,33.3182,1.0
MC-22786,2024-07-15,US,Houston,Teacher,budget,English,search,acquisition,12963,968,48,435.95,4772.02,10.9463,9.0
MC-22535,2024-07-15,US,Houston,Writer,budget,English,content_marketing,acquisition,107489,2112,43,624.2,4018.97,6.4386,7.0
MC-21070,2024-07-15,SG,Singapore,Researcher,mid,English,content_marketing,acquisition,11191,198,2,3124.59,1900.66,0.6083,8.0
MC-20967,2024-07-15,BR,São Paulo,Lawyer,budget,Portuguese,search,awareness,500000,41561,1243,1326.05,275963.81,208.1097,10.0
MC-21627,2024-07-15,IN,Pune,Designer,premium,Hindi,social_media,acquisition,18270,290,17,1860.66,43235.94,23.2369,9.0
MC-21358,2024-07-15,GB,London,Teacher,mid,English,social_media,acquisition,83427,1269,16,3772.13,9870.19,2.6166,10.0
MC-20760,2024-07-15,ZA,Durban,Architect,mid,Afrikaans,email,awareness,28798,866,66,1037.71,62576.8,60.3028,4.0
MC-20953,2024-07-15,IN,Mumbai,Product Manager,mid,Hindi,email,acquisition,12560,345,19,164.9,13820.57,83.8118,7.0
MC-21439,2024-07-15,GB,London,Writer,mid,English,social_media,re_engagement,21577,491,33,1146.71,22099.27,19.2719,9.0
MC-21610,2024-07-15,GB,Bristol,Designer,budget,English,email,retention,10657,387,20,620.52,2503.24,4.0341,7.0
MC-21918,2024-07-15,US,San Francisco,Architect,mid,English,influencer,retention,204393,6313,261,340.64,344475.72,1011.2603,10.0
MC-21799,2024-07-15,JP,Osaka,Teacher,budget,Japanese,influencer,acquisition,300675,6387,167,1856.75,19771.96,10.6487,8.0
MC-21330,2024-07-16,IL,Jerusalem,Architect,mid,Hebrew,search,awareness,63830,5516,153,6791.82,195296.75,28.7547,6.0
MC-22935,2024-07-16,ES,Valencia,Writer,premium,Spanish,email,awareness,25243,919,54,1333.35,127501.0,95.6246,5.0
MC-21226,2024-07-16,US,Seattle,HR Manager,mid,English,social_media,re_engagement,70175,1235,32,2861.09,16066.57,5.6155,9.0
MC-20810,2024-07-16,JP,Tokyo,Lawyer,budget,Japanese,social_media,awareness,203320,3174,145,3483.26,34981.69,10.0428,10.0
MC-22884,2024-07-16,CA,Calgary,Architect,premium,English,search,re_engagement,31298,2856,198,1424.02,1160921.55,815.2424,10.0
MC-21378,2024-07-16,SG,Singapore,Data Scientist,budget,English,display,awareness,372702,4460,163,254.85,31866.55,125.0404,3.0
MC-20541,2024-07-16,IN,Delhi,Consultant,mid,Hindi,display,retention,75444,747,41,13062.65,37341.31,2.8586,4.0
MC-20758,2024-07-16,IN,Pune,Teacher,mid,Hindi,email,acquisition,170182,3976,176,1817.05,92970.74,51.1658,2.0
MC-21067,2024-07-16,IN,Chennai,Sales Rep,premium,Hindi,search,retention,198818,18058,848,1333.35,2058361.52,1543.7518,9.0
MC-21188,2024-07-16,US,San Francisco,Data Scientist,premium,English,email,acquisition,5066,134,9,470.48,57443.92,122.0964,6.0
MC-20735,2024-07-16,US,San Francisco,Architect,premium,English,search,acquisition,7488,477,34,399.23,224145.56,561.4447,10.0
MC-22870,2024-07-16,IN,Delhi,HR Manager,mid,Hindi,influencer,acquisition,103831,2736,79,2124.89,47231.69,22.2278,3.0
MC-22950,2024-07-16,FR,Nice,HR Manager,mid,French,email,retention,3796,138,2,893.3,947.91,1.0611,7.0
MC-21416,2024-07-16,IN,Hyderabad,Researcher,premium,Hindi,display,re_engagement,184782,1719,40,2061.15,147014.64,71.3265,9.0
MC-22957,2024-07-16,US,Phoenix,Data Scientist,mid,English,social_media,acquisition,15737,375,11,3457.56,14324.08,4.1428,9.0
MC-21158,2024-07-16,IN,Bangalore,Teacher,mid,Hindi,social_media,retention,31585,453,22,5526.17,11703.13,2.1178,9.0
MC-21166,2024-07-16,DE,Hamburg,Sales Rep,premium,German,influencer,awareness,211977,6574,407,995.34,1351511.2,1357.8387,9.0
MC-20772,2024-07-16,US,Seattle,Product Manager,mid,English,display,acquisition,26901,259,15,1791.4,13470.39,7.5195,4.0
MC-21453,2024-07-16,MX,Puebla,Writer,mid,Spanish,social_media,re_engagement,27200,487,22,1679.28,12678.17,7.5498,3.0
MC-20833,2024-07-16,IN,Chennai,Physician,premium,Hindi,email,retention,25965,743,32,1432.33,180517.35,126.0306,7.0
MC-21018,2024-07-16,US,Chicago,Software Engineer,premium,English,social_media,retention,156897,4043,288,6201.23,1773138.69,285.9334,8.0
MC-21874,2024-07-16,GB,Manchester,Teacher,budget,English,email,acquisition,19775,761,19,623.58,2257.44,3.6201,4.0
MC-22100,2024-07-16,BR,Fortaleza,Architect,mid,Portuguese,influencer,awareness,412390,8124,277,5150.06,289919.72,56.2944,6.0
MC-21810,2024-07-16,GB,Birmingham,Researcher,mid,English,email,awareness,12020,391,14,5974.53,9824.82,1.6445,7.0
MC-21860,2024-07-16,DE,Cologne,Marketing Manager,mid,German,social_media,retention,59800,1008,75,1556.21,59385.97,38.1606,10.0
MC-22364,2024-07-16,US,San Francisco,Software Engineer,mid,English,search,awareness,4947,344,8,3381.43,7973.96,2.3582,10.0
MC-20415,2024-07-16,IL,Haifa,Sales Rep,mid,Hebrew,email,retention,19516,429,25,4595.69,16061.59,3.4949,8.0
MC-20269,2024-07-16,US,Phoenix,Physician,mid,English,social_media,re_engagement,500000,10634,777,1329.35,725225.01,545.5486,1.0
MC-20382,2024-07-16,CA,Calgary,Marketing Manager,budget,English,search,retention,46275,3245,109,2333.85,13314.24,5.7048,4.0
MC-22170,2024-07-16,IN,Hyderabad,Data Scientist,budget,Hindi,social_media,retention,129805,2698,62,621.65,14696.16,23.6406,4.0
MC-21941,2024-07-16,US,Houston,Writer,premium,English,social_media,awareness,94377,1912,99,1216.4,299215.32,245.9843,8.0
MC-22447,2024-07-16,GB,Manchester,Software Engineer,mid,English,social_media,acquisition,44570,732,58,3475.47,54124.84,15.5734,3.0
MC-20355,2024-07-16,IN,Kolkata,Accountant,premium,Hindi,social_media,retention,47020,1015,51,261.83,175710.41,671.0859,4.0
MC-20295,2024-07-16,DE,Munich,Researcher,budget,German,social_media,awareness,17775,282,4,2945.41,647.34,0.2198,4.0
MC-21540,2024-07-16,US,San Francisco,Lawyer,budget,English,social_media,acquisition,93460,1773,82,305.41,15648.62,51.2381,6.0
MC-21635,2024-07-16,DE,Cologne,Designer,mid,German,social_media,retention,84062,1362,97,720.67,58213.17,80.7765,4.0
MC-21781,2024-07-16,US,Seattle,Teacher,premium,English,email,acquisition,18637,485,15,3277.83,35381.89,10.7943,7.0
MC-20219,2024-07-16,US,Houston,Product Manager,mid,English,email,re_engagement,4972,177,9,130357.5,6343.35,0.0487,9.0
MC-22368,2024-07-16,US,San Francisco,Lawyer,budget,English,social_media,acquisition,101682,1436,41,1798.5,7281.96,4.0489,4.0
MC-20332,2024-07-16,US,New York,Accountant,premium,English,email,re_engagement,10721,320,5,6117.32,23049.62,3.7679,1.0
MC-22994,2024-07-17,US,Los Angeles,Consultant,mid,English,email,re_engagement,13483,458,19,189.82,17020.8,89.6681,9.0
MC-22487,2024-07-17,SG,Singapore,HR Manager,mid,English,search,retention,27570,2270,53,1442.4,28162.3,19.5246,4.0
MC-20357,2024-07-17,US,Houston,Designer,budget,English,social_media,retention,74505,1384,68,2389.09,7090.0,2.9677,6.0
MC-21326,2024-07-17,IN,Mumbai,Teacher,premium,Hindi,display,awareness,41940,482,17,684.54,53621.53,78.3322,2.0
MC-21623,2024-07-17,GB,Birmingham,Teacher,mid,English,email,acquisition,11442,286,14,545.16,7659.54,14.0501,7.0
MC-21417,2024-07-17,GB,Glasgow,Software Engineer,budget,English,email,awareness,8421,183,12,1581.24,2547.08,1.6108,9.0
MC-21408,2024-07-17,US,Chicago,HR Manager,mid,English,email,acquisition,16306,543,41,8592.38,20993.65,2.4433,8.0
MC-20145,2024-07-17,US,Seattle,Software Engineer,mid,English,content_marketing,retention,63371,1469,14,2736.45,14286.89,5.221,2.0
MC-20887,2024-07-17,BR,Rio de Janeiro,Accountant,budget,Portuguese,content_marketing,acquisition,50028,1011,40,605.75,5026.53,8.298,3.0
MC-20862,2024-07-17,DE,Berlin,Lawyer,budget,German,email,acquisition,20122,596,39,637.4,8496.53,13.33,9.0
MC-20913,2024-07-17,DE,Cologne,Physician,mid,German,social_media,acquisition,75097,1656,21,4124.06,19404.87,4.7053,9.0
MC-20189,2024-07-17,US,Phoenix,Software Engineer,premium,English,search,re_engagement,30480,1898,122,826.84,626351.21,757.5241,3.0
MC-21660,2024-07-17,JP,Nagoya,Product Manager,budget,Japanese,email,acquisition,7969,238,18,3526.86,2421.19,0.6865,2.0
MC-22460,2024-07-17,GB,Birmingham,Software Engineer,premium,English,influencer,retention,14104,256,4,959.72,26208.23,27.3082,9.0
MC-22054,2024-07-17,US,Chicago,Architect,premium,English,search,acquisition,14338,991,70,1777.22,462374.64,260.1674,7.0
MC-22764,2024-07-17,CA,Montreal,Lawyer,mid,English,email,acquisition,6298,136,8,931.73,8624.84,9.2568,4.0
MC-21136,2024-07-17,IL,Haifa,Product Manager,mid,Hebrew,search,re_engagement,3171,235,17,182.13,14786.76,81.1879,7.0
MC-21595,2024-07-17,GB,London,Architect,mid,English,display,acquisition,90873,994,78,3134.33,78918.55,25.1788,10.0
MC-22610,2024-07-17,GB,Leeds,Researcher,budget,English,email,acquisition,8260,196,13,3693.77,2289.5,0.6198,3.0
MC-20578,2024-07-17,CA,Montreal,Designer,mid,English,email,retention,30444,865,49,14717.07,27575.85,1.8737,2.0
MC-21198,2024-07-17,ZA,Pretoria,Physician,mid,Afrikaans,email,acquisition,12943,295,15,893.69,14415.59,16.1304,4.0
MC-20446,2024-07-17,IN,Pune,HR Manager,mid,Hindi,email,retention,8931,318,14,2886.91,6492.88,2.2491,1.0
MC-21746,2024-07-17,US,San Francisco,Designer,budget,English,display,acquisition,119091,1601,116,378.59,13739.59,36.2915,3.0
MC-20236,2024-07-17,CA,Ottawa,Writer,mid,English,email,acquisition,9685,241,10,6247.23,5273.33,0.8441,7.0
MC-20999,2024-07-17,BR,São Paulo,Sales Rep,budget,Portuguese,email,awareness,11165,254,3,1342.85,373.54,0.2782,2.0
MC-22035,2024-07-17,ES,Seville,Lawyer,mid,Spanish,email,awareness,11859,404,8,657.96,7446.05,11.3169,9.0
MC-20838,2024-07-17,FR,Lyon,Physician,budget,French,search,acquisition,61539,4813,323,535.56,71682.78,133.8464,6.0
MC-22431,2024-07-17,DE,Berlin,Sales Rep,mid,German,display,acquisition,128094,1299,75,5371.42,45209.46,8.4167,1.0
MC-21201,2024-07-17,US,San Francisco,Marketing Manager,budget,English,search,retention,113494,9377,178,1240.83,24786.81,19.976,7.0
MC-22254,2024-07-17,IL,Beer Sheva,Consultant,budget,Hebrew,search,acquisition,311326,29235,1004,202.21,155846.66,770.7169,1.0
MC-22206,2024-07-17,US,Houston,Writer,mid,English,social_media,acquisition,62852,1543,28,951.15,13303.9,13.9872,2.0
MC-21117,2024-07-17,US,Houston,Sales Rep,budget,English,influencer,acquisition,126808,2322,149,3307.24,17959.77,5.4304,7.0
MC-21020,2024-07-17,US,San Francisco,Marketing Manager,budget,English,email,awareness,5901,225,16,2050.62,1962.52,0.957,8.0
MC-22246,2024-07-17,GB,London,Architect,premium,English,social_media,retention,89282,2136,56,765.18,348205.23,455.0632,3.0
MC-20457,2024-07-17,ES,Valencia,Architect,mid,Spanish,social_media,retention,326905,7871,240,1929.39,216390.86,112.1551,10.0
MC-21583,2024-07-17,IN,Mumbai,Consultant,premium,Hindi,search,retention,117598,10773,731,935.09,3243275.44,3468.4099,5.0
MC-22788,2024-07-18,US,New York,Designer,budget,English,email,acquisition,26283,739,58,2409.83,4953.95,2.0557,1.0
MC-22176,2024-07-18,IL,Tel Aviv,Lawyer,premium,Hebrew,display,acquisition,92595,1375,47,1881.33,292037.23,155.2291,1.0
MC-21852,2024-07-18,ES,Seville,Architect,premium,Spanish,search,acquisition,38383,3290,253,1256.84,1551798.16,1234.6823,3.0
MC-20279,2024-07-18,US,Phoenix,Researcher,mid,English,search,acquisition,7394,691,31,1520.27,23768.11,15.6341,5.0
MC-21318,2024-07-18,GB,Glasgow,Designer,premium,English,social_media,retention,79160,1716,120,4675.8,352664.65,75.4234,9.0
MC-20213,2024-07-18,NL,Rotterdam,Sales Rep,budget,Dutch,email,acquisition,33969,811,49,1161.33,4503.41,3.8778,10.0
MC-22335,2024-07-18,ES,Barcelona,HR Manager,budget,Spanish,email,retention,2212,70,3,3208.1,304.13,0.0948,6.0
MC-22365,2024-07-18,MX,Guadalajara,Marketing Manager,premium,Spanish,email,awareness,252780,9548,582,1938.37,2228419.26,1149.6357,3.0
MC-21149,2024-07-18,MX,Tijuana,Architect,premium,Spanish,social_media,acquisition,114675,1699,59,4808.31,349549.36,72.6969,4.0
MC-21277,2024-07-18,IN,Mumbai,Sales Rep,premium,Hindi,content_marketing,acquisition,12953,280,16,2089.68,44608.24,21.3469,6.0
MC-20015,2024-07-18,FR,Paris,Designer,budget,French,social_media,retention,97805,1659,116,3061.5,10115.89,3.3042,1.0
MC-22096,2024-07-18,US,New York,Sales Rep,budget,English,influencer,re_engagement,24919,688,22,992.9,1934.09,1.9479,7.0
MC-21196,2024-07-18,GB,Glasgow,Sales Rep,budget,English,search,acquisition,14520,1383,24,6788.200000000001,2289.52,0.3373,8.0
MC-21288,2024-07-18,DE,Stuttgart,Software Engineer,budget,German,email,acquisition,3921,90,2,783.61,359.86,0.4592,8.0
MC-20009,2024-07-18,GB,Leeds,Accountant,budget,English,content_marketing,re_engagement,11024,165,3,1050.79,374.68,0.3566,1.0
MC-22585,2024-07-18,FR,Lyon,Consultant,premium,French,social_media,retention,4280,108,2,3564.56,6999.83,1.9637,3.0
MC-21808,2024-07-18,ZA,Port Elizabeth,Physician,mid,Afrikaans,display,awareness,38793,478,11,6495.18,10707.45,1.6485,3.0
MC-20335,2024-07-18,US,New York,Physician,premium,English,email,acquisition,9368,252,5,1061.25,28819.6,27.1563,8.0
MC-21896,2024-07-18,JP,Nagoya,Writer,mid,Japanese,display,acquisition,245592,3602,254,8004.15,129893.9,16.2283,6.0
MC-22699,2024-07-18,JP,Nagoya,Architect,budget,Japanese,display,acquisition,33849,351,7,1523.29,1274.88,0.8369,9.0
MC-22161,2024-07-18,IN,Hyderabad,Data Scientist,budget,Hindi,influencer,acquisition,112910,3103,64,1561.8,12568.09,8.0472,3.0
MC-22427,2024-07-18,IL,Netanya,Lawyer,premium,Hebrew,search,re_engagement,86525,4742,193,4188.17,1167267.66,278.7059,5.0
MC-22012,2024-07-18,US,Chicago,Lawyer,mid,English,email,awareness,12001,388,25,1090.93,27666.97,25.3609,10.0
MC-22009,2024-07-18,JP,Yokohama,Marketing Manager,budget,Japanese,email,acquisition,97501,2273,53,366.91,9139.75,24.9101,2.0
MC-21582,2024-07-18,GB,Glasgow,Software Engineer,mid,English,search,retention,120419,11035,255,503.51,271519.89,539.2542,10.0
MC-21036,2024-07-18,US,Phoenix,Data Scientist,mid,English,social_media,acquisition,303420,7300,432,7551.16,403620.8,53.4515,8.0
MC-20715,2024-07-18,IN,Chennai,Data Scientist,budget,Hindi,social_media,retention,67520,1539,38,498.64,6715.39,13.4674,7.0
MC-22619,2024-07-18,NL,Amsterdam,Sales Rep,budget,Dutch,display,awareness,500000,6981,407,1726.56,39853.73,23.0827,9.0
MC-21501,2024-07-18,US,Seattle,Consultant,premium,English,influencer,awareness,69044,1855,122,281.53,527604.08,1874.0599,1.0
MC-20606,2024-07-18,SG,Singapore,Sales Rep,mid,English,search,acquisition,157988,14475,870,3916.76,516926.83,131.9782,8.0
MC-21612,2024-07-18,ES,Seville,Researcher,budget,Spanish,influencer,awareness,57857,1348,95,2431.55,12676.29,5.2133,6.0
MC-21047,2024-07-18,JP,Tokyo,Product Manager,premium,Japanese,search,acquisition,51693,4807,345,4415.54,1148508.08,260.1059,2.0
MC-20693,2024-07-18,IN,Bangalore,Marketing Manager,mid,Hindi,email,acquisition,35592,1222,16,992.86,11696.03,11.7801,10.0
MC-20387,2024-07-18,US,Houston,Data Scientist,mid,English,search,retention,65496,5238,167,5168.63,169123.22,32.7211,4.0
MC-20762,2024-07-18,GB,Manchester,HR Manager,premium,English,email,awareness,3714500,107312,1901,593.7,4301344.98,7244.9806,2.0
MC-20385,2024-07-18,US,New York,Product Manager,premium,English,social_media,awareness,29355,448,15,711.89,66619.47,93.5811,1.0
MC-21418,2024-07-18,US,Seattle,Designer,budget,English,search,awareness,17858,1058,46,5652.49,4554.72,0.8058,3.0
MC-21642,2024-07-18,NL,Rotterdam,Writer,budget,Dutch,search,re_engagement,12344,1201,95,1508.79,11418.38,7.5679,9.0
MC-20232,2024-07-18,GB,Manchester,Marketing Manager,mid,English,email,awareness,46573,1395,25,1501.0,19833.77,13.2137,10.0
MC-22268,2024-07-18,IN,Pune,HR Manager,mid,Hindi,content_marketing,acquisition,19344,348,12,676.71,6752.36,9.9782,8.0
MC-22563,2024-07-18,FR,Lyon,Data Scientist,mid,French,email,acquisition,3446,92,2,760.87,1826.82,2.401,6.0
MC-20369,2024-07-18,US,San Francisco,Researcher,mid,English,social_media,acquisition,54020,1223,61,1591.47,52193.08,32.7955,1.0
MC-22903,2024-07-19,US,Los Angeles,Physician,budget,English,display,re_engagement,59334,648,44,1904.81,7708.8,4.047,5.0
MC-20352,2024-07-19,ES,Valencia,Consultant,mid,Spanish,social_media,awareness,210960,3289,117,1448.86,94011.55,64.8866,9.0
MC-22148,2024-07-19,US,Phoenix,Writer,premium,English,email,awareness,38604,878,24,254.22,76284.69,300.0735,2.0
MC-20036,2024-07-19,JP,Osaka,Physician,budget,Japanese,email,acquisition,30779,1122,62,2664.68,12107.1,4.5435,1.0
MC-22030,2024-07-19,FR,Toulouse,HR Manager,mid,French,email,acquisition,50284,1804,25,3111.68,13903.65,4.4682,3.0
MC-21220,2024-07-19,MX,Puebla,Teacher,budget,Spanish,social_media,retention,74700,1277,93,3886.34,8020.92,2.0639,5.0
MC-22495,2024-07-19,SG,Singapore,Software Engineer,budget,English,search,awareness,305475,29076,1301,611.87,270254.36,441.6859,4.0
MC-22355,2024-07-19,GB,London,Consultant,premium,English,email,acquisition,500000,13800,917,546.73,3618761.96,6618.9197,7.0
MC-22386,2024-07-19,US,New York,HR Manager,budget,English,search,acquisition,13658,812,36,1338.78,4042.98,3.0199,7.0
MC-20029,2024-07-19,US,Houston,Designer,budget,English,social_media,re_engagement,74487,1601,111,89.47,-33.649436838767365,-0.3761,4.0
MC-21974,2024-07-19,US,San Francisco,Sales Rep,mid,English,search,retention,9773,889,24,1941.5,13203.49,6.8007,9.0
MC-21861,2024-07-19,DE,Frankfurt,Product Manager,mid,German,email,retention,8970,309,5,2339.93,3895.66,1.6649,6.0
MC-20039,2024-07-19,GB,Glasgow,Architect,budget,English,display,acquisition,78525,829,24,7147.92,5903.59,0.8259,7.0
MC-21272,2024-07-19,SG,Singapore,Researcher,mid,English,email,acquisition,11486,266,20,1311.56,14522.42,11.0726,10.0
MC-22698,2024-07-19,ZA,Durban,Architect,mid,Afrikaans,email,acquisition,22920,520,10,5307.27,12550.18,2.3647,2.0
MC-21433,2024-07-19,SG,Singapore,Lawyer,mid,English,social_media,re_engagement,206212,3467,48,1767.48,62573.71,35.4028,8.0
MC-20523,2024-07-19,IN,Bangalore,HR Manager,mid,Hindi,social_media,retention,120402,2380,109,552.73,69732.15,126.1595,1.0
MC-22228,2024-07-19,US,Seattle,Product Manager,mid,English,social_media,retention,90140,1837,117,246.07,80798.27,328.3548,8.0
MC-21447,2024-07-19,US,Houston,Accountant,budget,English,email,re_engagement,6167,158,6,11272.62,827.08,0.0734,9.0
MC-21539,2024-07-19,US,New York,Accountant,mid,English,search,retention,96147,7724,143,14745.6,93013.8,6.3079,7.0
MC-21609,2024-07-19,FR,Toulouse,Product Manager,budget,French,social_media,acquisition,67715,1682,81,7787.29,11335.92,1.4557,3.0
MC-20141,2024-07-19,IN,Mumbai,Data Scientist,mid,Hindi,search,retention,16091,1352,99,2367.7,91438.97,38.6193,1.0
MC-22349,2024-07-19,IN,Mumbai,Architect,mid,Hindi,email,retention,72422,2224,121,2448.49,130690.82,53.3761,3.0
MC-21312,2024-07-19,FR,Marseille,Teacher,mid,French,social_media,acquisition,110185,1935,46,657.45,27598.47,41.9781,8.0
MC-22574,2024-07-19,US,Chicago,Designer,mid,English,search,awareness,18451,1197,12,975.9,5528.32,5.6648,9.0
MC-22243,2024-07-19,IN,Chennai,Data Scientist,mid,Hindi,email,retention,34698,1024,27,1327.64,31454.81,23.6923,7.0
MC-20867,2024-07-19,SG,Singapore,Consultant,mid,English,display,acquisition,39918,622,19,3235.67,15598.61,4.8208,7.0
MC-21674,2024-07-19,US,San Francisco,Data Scientist,budget,English,influencer,retention,159458,4777,258,2721.65,46217.61,16.9815,2.0
MC-22342,2024-07-19,CA,Ottawa,Sales Rep,budget,English,display,acquisition,11319,174,6,2769.77,733.07,0.2647,8.0
MC-22583,2024-07-19,GB,Bristol,Writer,mid,English,email,acquisition,54070,1616,51,467.19,31762.45,67.9862,5.0
MC-20611,2024-07-20,US,New York,Architect,premium,English,social_media,acquisition,35492,731,26,364.79,165781.69,454.4579,2.0
MC-20709,2024-07-20,MX,Tijuana,Architect,mid,Spanish,display,awareness,139734,1936,116,1037.51,120000.71,115.6622,6.0
MC-21985,2024-07-20,AU,Perth,Designer,mid,English,search,acquisition,109773,10603,553,1432.72,295847.98,206.4939,7.0
MC-22860,2024-07-20,GB,Leeds,Data Scientist,mid,English,email,retention,6455,226,2,851.81,2521.03,2.9596,1.0
MC-20684,2024-07-20,NL,Rotterdam,Accountant,premium,Dutch,social_media,acquisition,94912,1769,51,1538.78,182396.3,118.5331,1.0
MC-20486,2024-07-20,US,Houston,Lawyer,budget,English,influencer,awareness,237409,6364,109,3036.7,20264.05,6.673,6.0
MC-22772,2024-07-20,US,San Francisco,Physician,budget,English,email,acquisition,10673,320,17,247.15,-48.41124280820086,-0.1959,5.0
MC-21376,2024-07-20,US,Houston,Physician,mid,English,email,retention,2213,62,2,2645.0,1807.72,0.6834,10.0
MC-20478,2024-07-20,DE,Cologne,Researcher,mid,German,search,retention,154203,9737,737,768.33,580527.15,755.5701,9.0
MC-21082,2024-07-20,FR,Paris,Sales Rep,budget,French,email,acquisition,53248,1206,76,1014.37,8045.25,7.9313,6.0
MC-21379,2024-07-20,ZA,Johannesburg,Marketing Manager,budget,Afrikaans,influencer,acquisition,34390,686,34,593.1,5100.97,8.6005,3.0
MC-21924,2024-07-20,US,Seattle,Marketing Manager,mid,English,email,awareness,48028,1135,20,5861.86,15349.86,2.6186,1.0
MC-20605,2024-07-20,IN,Bangalore,Data Scientist,mid,Hindi,email,awareness,16111,347,11,2620.5,12719.0,4.8537,2.0
MC-21442,2024-07-20,ES,Valencia,Consultant,budget,Spanish,email,acquisition,146470,4391,48,1674.89,5976.1,3.5681,3.0
MC-22455,2024-07-20,US,Phoenix,Architect,premium,English,search,re_engagement,39239,2327,91,902.47,602272.81,667.3605,7.0
MC-20056,2024-07-20,FR,Nice,Physician,mid,French,influencer,acquisition,43650,1248,32,1038.92,41525.21,39.9696,4.0
MC-22316,2024-07-20,DE,Frankfurt,Accountant,budget,German,social_media,acquisition,88460,1717,17,756.66,2825.99,3.7348,2.0
MC-20643,2024-07-20,DE,Cologne,Physician,budget,German,social_media,awareness,30255,566,6,1217.92,1357.45,1.1146,1.0
MC-20160,2024-07-20,CA,Toronto,Lawyer,mid,English,email,acquisition,124902,2824,53,411.72,50517.79,122.6994,7.0
MC-21665,2024-07-20,ZA,Port Elizabeth,Consultant,budget,Afrikaans,social_media,retention,53967,1020,33,7492.43,5465.59,0.7295,1.0
MC-22637,2024-07-20,GB,Manchester,Sales Rep,mid,English,email,acquisition,33361,955,33,12880.1,18399.14,1.4285,5.0
MC-22953,2024-07-20,US,Phoenix,Accountant,premium,English,search,re_engagement,93867,6845,306,1285.54,1066514.94,829.6241,5.0
MC-22996,2024-07-20,US,New York,Data Scientist,mid,English,display,acquisition,57174,480,31,5080.05,34673.14,6.8254,5.0
MC-20994,2024-07-20,ZA,Johannesburg,Physician,budget,Afrikaans,social_media,retention,500000,10819,607,922.24,146954.0,159.3446,10.0
MC-21478,2024-07-20,AU,Sydney,Software Engineer,mid,English,influencer,retention,18909,447,35,1547.08,34366.22,22.2136,8.0
MC-21572,2024-07-20,DE,Stuttgart,Marketing Manager,premium,German,social_media,awareness,178425,3148,220,942.56,970013.55,1029.1266,10.0
MC-20013,2024-07-20,DE,Cologne,Architect,mid,German,social_media,acquisition,171195,2954,84,9557.67,82883.6,8.6719,2.0
MC-21464,2024-07-20,GB,Bristol,Software Engineer,budget,English,social_media,re_engagement,1000,25,0,672.03,0.0,0.0,2.0
MC-20453,2024-07-20,DE,Stuttgart,Architect,mid,German,social_media,retention,80135,1731,91,1036.71,97726.32,94.2658,4.0
MC-20124,2024-07-21,GB,London,Architect,mid,English,search,awareness,100686,8964,547,28803.88,610074.3,21.1803,8.0
MC-22687,2024-07-21,IN,Chennai,Writer,budget,Hindi,display,acquisition,500000,6067,383,1041.82,45124.69,43.3133,6.0
MC-21024,2024-07-21,IN,Delhi,Consultant,mid,Hindi,email,acquisition,78192,2878,223,3111.43,201521.07,64.768,4.0
MC-20701,2024-07-21,FR,Marseille,Accountant,budget,French,display,awareness,61098,881,43,4087.29,6524.74,1.5963,7.0
MC-21402,2024-07-21,ES,Bilbao,Writer,mid,Spanish,influencer,re_engagement,90657,2652,211,1754.89,126715.4,72.207,8.0
MC-20537,2024-07-21,US,San Francisco,Researcher,premium,English,influencer,acquisition,56896,1037,58,795.47,251362.1,315.9919,3.0
MC-21448,2024-07-21,BR,São Paulo,Architect,premium,Portuguese,social_media,acquisition,107157,1652,62,5772.53,374712.42,64.913,5.0
MC-22831,2024-07-21,US,Los Angeles,HR Manager,budget,English,social_media,retention,44050,919,16,325.72,1798.63,5.522,1.0
MC-20014,2024-07-21,US,Phoenix,Researcher,mid,English,search,awareness,40218,2149,45,437.35,41644.47,95.22,2.0
MC-20182,2024-07-21,DE,Hamburg,Data Scientist,budget,German,email,awareness,3110,85,1,824.81,208.75,0.2531,7.0
MC-20456,2024-07-21,FR,Toulouse,Teacher,budget,French,social_media,acquisition,53165,1097,80,37180.28,8607.02,0.2315,5.0
MC-20561,2024-07-22,IN,Bangalore,Marketing Manager,mid,Hindi,content_marketing,awareness,34867,799,32,1310.16,29291.6,22.3573,8.0
MC-21570,2024-07-22,IN,Pune,Lawyer,budget,Hindi,search,retention,257842,22494,626,8337.32,133245.76,15.9818,6.0
MC-22630,2024-07-22,US,Phoenix,Physician,mid,English,social_media,retention,25082,536,6,678.71,6849.67,10.0922,5.0
MC-20235,2024-07-22,IN,Mumbai,Data Scientist,mid,Hindi,content_marketing,retention,5198,81,5,5232.95,6426.97,1.2282,4.0
MC-20101,2024-07-22,US,Seattle,Consultant,budget,English,search,retention,21654,1183,56,1804.05,10016.7,5.5523,5.0
MC-21497,2024-07-22,IL,Tel Aviv,Researcher,mid,Hebrew,social_media,acquisition,108407,2334,102,1189.35,74853.4,62.9364,5.0
MC-21498,2024-07-22,BR,Salvador,Teacher,premium,Portuguese,search,retention,43330,3023,188,138.95,498193.13,3585.413,6.0
MC-20635,2024-07-22,US,Phoenix,Marketing Manager,mid,English,search,acquisition,65278,4090,98,1461.72,78673.59,53.8226,2.0
MC-21208,2024-07-22,GB,Manchester,Data Scientist,mid,English,email,awareness,25163,608,46,3409.64,51214.33,15.0205,7.0
MC-21211,2024-07-22,US,Los Angeles,Architect,mid,English,social_media,acquisition,88462,1420,82,9626.92,101657.08,10.5597,5.0
MC-21278,2024-07-22,US,Phoenix,Software Engineer,mid,English,influencer,acquisition,40003,920,14,413.96,14887.34,35.9632,9.0
MC-22378,2024-07-22,FR,Marseille,Teacher,mid,French,social_media,awareness,177890,3233,144,3432.41,92410.71,26.923,9.0
MC-20746,2024-07-22,GB,Glasgow,Sales Rep,mid,English,social_media,awareness,35827,648,51,871.5,33165.87,38.0561,2.0
MC-20740,2024-07-22,IN,Hyderabad,Marketing Manager,mid,Hindi,social_media,awareness,463675,11782,158,2343.53,144940.79,61.8472,8.0
MC-22399,2024-07-22,GB,Manchester,Sales Rep,mid,English,social_media,retention,147467,3344,142,744.87,91802.79,123.2467,3.0
MC-21794,2024-07-22,US,Seattle,Product Manager,budget,English,social_media,acquisition,134782,2083,29,1686.38,4124.68,2.4459,1.0
MC-22102,2024-07-22,GB,Manchester,HR Manager,mid,English,social_media,retention,500000,7482,233,903.24,137507.55,152.2381,9.0
MC-20157,2024-07-22,AU,Brisbane,Sales Rep,budget,English,influencer,acquisition,4006,85,2,1832.07,173.67,0.0948,8.0
MC-22763,2024-07-22,IN,Pune,HR Manager,budget,Hindi,display,awareness,126942,1931,27,3419.71,2935.99,0.8585,2.0
MC-21300,2024-07-22,GB,Bristol,Teacher,premium,English,email,retention,6698,155,5,1067.13,13230.65,12.3983,2.0
MC-21648,2024-07-22,MX,Puebla,Teacher,mid,Spanish,email,acquisition,3722,120,8,1157.31,4052.94,3.502,8.0
MC-22722,2024-07-22,FR,Nice,Architect,mid,French,email,acquisition,144295,3206,36,5499.3,47181.64,8.5796,4.0
MC-20694,2024-07-22,ZA,Port Elizabeth,Architect,budget,Afrikaans,social_media,acquisition,50800,715,54,2062.53,11485.34,5.5686,9.0
MC-20479,2024-07-22,NL,Eindhoven,Writer,budget,Dutch,email,acquisition,16734,414,6,2785.29,634.23,0.2277,9.0
MC-22594,2024-07-22,IN,Chennai,Software Engineer,premium,Hindi,email,acquisition,12813,412,9,960.24,58937.78,61.3782,5.0
MC-21951,2024-07-22,GB,London,Teacher,mid,English,email,retention,14479,332,4,1103.3,2036.97,1.8463,1.0
MC-20870,2024-07-22,SG,Singapore,Data Scientist,mid,English,search,acquisition,70223,4945,174,3850.1,219096.12,56.9066,4.0
MC-21979,2024-07-22,DE,Cologne,Architect,mid,German,search,awareness,67309,6062,224,1090.35,246864.75,226.4087,6.0
MC-22227,2024-07-22,IN,Mumbai,Consultant,budget,Hindi,email,acquisition,4777,185,3,3216.21,417.24,0.1297,8.0
MC-22853,2024-07-22,ES,Bilbao,HR Manager,mid,Spanish,search,retention,60392,4476,299,927.22,193323.36,208.4978,1.0
MC-20851,2024-07-22,DE,Munich,Consultant,premium,German,email,awareness,5869,217,9,884.14,33166.94,37.5132,9.0
MC-22503,2024-07-22,NL,The Hague,Teacher,premium,Dutch,social_media,awareness,386787,8058,95,3450.64,288086.17,83.4878,10.0
MC-22671,2024-07-22,AU,Adelaide,Software Engineer,mid,English,social_media,acquisition,500000,8942,291,1016.46,366067.83,360.1399,4.0
MC-20670,2024-07-22,BR,Brasília,Sales Rep,mid,Portuguese,social_media,retention,218267,4562,351,11095.42,184927.32,16.667,9.0
MC-21181,2024-07-22,SG,Singapore,Sales Rep,budget,English,search,acquisition,24390,1613,79,10686.52,7253.74,0.6788,10.0
MC-22790,2024-07-22,US,Chicago,Consultant,mid,English,social_media,retention,317217,6984,274,2012.19,253264.24,125.865,9.0
MC-22267,2024-07-23,US,Seattle,Lawyer,budget,English,email,acquisition,5980,131,4,12858.64,746.46,0.0581,1.0
MC-20850,2024-07-23,IN,Pune,Lawyer,budget,Hindi,influencer,retention,98733,2392,74,1412.1,15919.78,11.2738,6.0
MC-22187,2024-07-23,IN,Hyderabad,Teacher,budget,Hindi,influencer,awareness,98964,2718,143,2279.16,15941.24,6.9943,6.0
MC-20872,2024-07-23,ZA,Durban,Marketing Manager,budget,Afrikaans,social_media,retention,392090,7640,570,9524.06,78147.35,8.2053,10.0
MC-22194,2024-07-23,CA,Ottawa,Physician,premium,English,social_media,re_engagement,19172,453,7,764.11,32864.76,43.0105,5.0
MC-22236,2024-07-23,GB,Manchester,Marketing Manager,mid,English,email,retention,231480,7629,321,2820.67,233634.94,82.8296,7.0
MC-20220,2024-07-23,IN,Bangalore,Marketing Manager,premium,Hindi,search,retention,138797,11749,928,2703.67,3847425.54,1423.0381,6.0
MC-20275,2024-07-23,GB,Manchester,Sales Rep,premium,English,social_media,retention,55075,1127,85,13167.15,241515.71,18.3423,5.0
MC-20938,2024-07-23,AU,Adelaide,Marketing Manager,premium,English,search,acquisition,43179,3589,193,17719.12,768689.74,43.3819,7.0
MC-20901,2024-07-23,FR,Lyon,Accountant,premium,French,email,acquisition,16170,574,25,4572.23,117580.42,25.7162,6.0
MC-22675,2024-07-23,NL,Eindhoven,Consultant,budget,Dutch,email,acquisition,9223,207,3,2512.92,430.45,0.1713,10.0
MC-22634,2024-07-23,CA,Toronto,Physician,budget,English,social_media,awareness,500000,7108,87,1269.3,21414.53,16.8711,2.0
MC-20163,2024-07-23,MX,Guadalajara,Designer,mid,Spanish,social_media,acquisition,91965,1687,29,2898.62,18169.36,6.2683,8.0
MC-21224,2024-07-23,IN,Kolkata,Teacher,budget,Hindi,social_media,acquisition,314495,6760,323,5998.67,33781.33,5.6315,7.0
MC-22834,2024-07-23,US,Phoenix,Teacher,mid,English,social_media,acquisition,78527,1567,28,2160.33,13651.13,6.319,3.0
MC-20566,2024-07-23,SG,Singapore,HR Manager,budget,English,social_media,acquisition,75745,1360,64,2618.21,8030.01,3.067,6.0
MC-21734,2024-07-23,IN,Mumbai,Designer,budget,Hindi,social_media,acquisition,500000,9697,664,582.59,56561.64,97.0865,3.0
MC-21725,2024-07-23,US,Phoenix,Lawyer,budget,English,social_media,re_engagement,500000,12793,179,401.86,42216.94,105.0538,1.0
MC-21706,2024-07-23,US,Houston,Architect,budget,English,display,retention,336696,3251,211,3017.02,39968.28,13.2476,10.0
MC-20656,2024-07-23,IL,Tel Aviv,Researcher,budget,Hebrew,social_media,re_engagement,200330,4433,241,1161.77,42811.75,36.8505,3.0
MC-22098,2024-07-23,US,San Francisco,Data Scientist,premium,English,search,acquisition,425861,31907,2364,783.27,14676388.56,18737.3301,5.0
MC-21584,2024-07-23,AU,Adelaide,Consultant,mid,English,search,acquisition,66927,4927,189,1751.43,169373.58,96.7059,9.0
MC-20074,2024-07-23,IN,Mumbai,Teacher,mid,Hindi,email,awareness,70008,1879,149,4539.46,93503.35,20.5979,6.0
MC-21361,2024-07-23,US,Seattle,Physician,budget,English,social_media,re_engagement,143655,3643,158,606.27,36329.92,59.9237,10.0
MC-21365,2024-07-23,CA,Montreal,Writer,budget,English,influencer,re_engagement,180363,5248,254,578.56,30782.53,53.2054,2.0
MC-21659,2024-07-23,AU,Brisbane,Software Engineer,budget,English,search,awareness,54126,3288,182,2033.69,37326.71,18.3542,8.0
MC-20144,2024-07-23,GB,London,Marketing Manager,mid,English,search,retention,78053,6711,525,2368.23,427534.57,180.5292,4.0
MC-21396,2024-07-23,US,Houston,Teacher,premium,English,content_marketing,acquisition,235345,3931,50,13082.71,159937.19,12.2251,5.0
MC-21684,2024-07-23,GB,Birmingham,Lawyer,budget,English,display,acquisition,500000,6602,237,282.89,41682.14,147.344,7.0
MC-20085,2024-07-23,US,New York,Marketing Manager,budget,English,influencer,awareness,222512,6899,322,2670.68,52508.29,19.661,6.0
MC-20510,2024-07-23,ES,Barcelona,Researcher,budget,Spanish,email,awareness,25727,577,39,1579.24,6194.27,3.9223,1.0
MC-21179,2024-07-23,SG,Singapore,HR Manager,mid,English,search,awareness,27278,1921,139,244.67,71393.55,291.7953,10.0
MC-22929,2024-07-23,IN,Hyderabad,Writer,mid,Hindi,email,retention,7001,253,18,2885.0,10869.52,3.7676,1.0
MC-22927,2024-07-23,GB,Glasgow,Data Scientist,mid,English,email,acquisition,25713,814,30,2371.02,35955.74,15.1647,4.0
MC-22664,2024-07-23,DE,Frankfurt,Data Scientist,premium,German,search,acquisition,43670,3026,221,332.31,1247335.54,3753.53,6.0
MC-22044,2024-07-23,NL,Utrecht,Architect,mid,Dutch,influencer,awareness,24624,581,19,13879.68,22112.47,1.5932,5.0
MC-22416,2024-07-23,DE,Frankfurt,Researcher,mid,German,email,awareness,1426,41,2,3541.12,1587.46,0.4483,3.0
MC-22544,2024-07-23,GB,Leeds,Teacher,premium,English,display,awareness,216603,3211,101,298.39,314108.26,1052.6769,9.0
MC-22306,2024-07-23,GB,Leeds,Product Manager,premium,English,social_media,awareness,120337,2448,140,1771.43,591653.9,333.9979,10.0
MC-20140,2024-07-23,IN,Mumbai,HR Manager,budget,Hindi,search,acquisition,95755,8044,464,446.22,39181.06,87.8066,1.0
MC-20377,2024-07-23,JP,Yokohama,Accountant,mid,Japanese,email,acquisition,15353,388,22,6390.56,17272.32,2.7028,3.0
MC-21494,2024-07-23,US,Houston,Marketing Manager,mid,English,search,awareness,15857,1167,31,977.6,26374.17,26.9785,2.0
MC-21089,2024-07-23,US,San Francisco,HR Manager,premium,English,social_media,re_engagement,196822,3695,133,374.26,417801.06,1116.3391,9.0
MC-21541,2024-07-23,US,Seattle,Data Scientist,budget,English,content_marketing,awareness,20342,461,36,4561.4,7274.89,1.5949,1.0
MC-20557,2024-07-23,IN,Delhi,Marketing Manager,mid,Hindi,email,acquisition,28296,634,47,1374.21,35191.98,25.6089,7.0
MC-20678,2024-07-23,FR,Marseille,Marketing Manager,budget,French,display,re_engagement,252663,3823,137,2323.68,22401.76,9.6406,10.0
MC-22440,2024-07-23,FR,Paris,Writer,mid,French,social_media,re_engagement,68845,1060,46,1663.93,26104.62,15.6885,6.0
MC-21529,2024-07-24,GB,Glasgow,Teacher,mid,English,content_marketing,retention,247073,4291,138,3348.02,76465.19,22.8389,4.0
MC-22693,2024-07-24,US,New York,Architect,budget,English,social_media,awareness,500000,11163,441,3330.81,92112.09,27.6546,10.0
MC-22736,2024-07-24,IN,Hyderabad,Consultant,premium,Hindi,search,acquisition,288403,19517,753,1032.9,2798689.1,2709.5451,1.0
MC-21554,2024-07-24,IN,Bangalore,Physician,budget,Hindi,social_media,awareness,248315,3869,80,975.95,15130.56,15.5034,8.0
MC-21600,2024-07-24,CA,Calgary,Researcher,budget,English,search,acquisition,8914,806,24,5469.14,2935.41,0.5367,5.0
MC-21512,2024-07-24,ES,Barcelona,Teacher,budget,Spanish,search,acquisition,313114,24695,1929,576.56,229146.95,397.4382,1.0
MC-20963,2024-07-24,ES,Madrid,Physician,mid,Spanish,content_marketing,re_engagement,267612,5676,259,720.47,325049.61,451.1633,6.0
MC-21399,2024-07-24,BR,São Paulo,Software Engineer,mid,Portuguese,social_media,awareness,43105,894,53,354.52,57404.75,161.9225,7.0
MC-21367,2024-07-24,MX,Puebla,Sales Rep,premium,Spanish,email,retention,97352,3749,270,17236.94,751148.59,43.5778,3.0
MC-21667,2024-07-24,DE,Cologne,Writer,premium,German,social_media,retention,179152,4458,278,7179.13,795983.94,110.8747,9.0
MC-21767,2024-07-24,US,Los Angeles,Teacher,mid,English,content_marketing,acquisition,22712,333,7,2672.55,3290.39,1.2312,4.0
MC-21206,2024-07-24,US,Chicago,Sales Rep,budget,English,email,retention,49421,1070,58,8201.42,6138.26,0.7484,5.0
MC-21866,2024-07-24,ZA,Port Elizabeth,Writer,mid,Afrikaans,social_media,acquisition,500000,7505,493,1772.77,299953.03,169.2002,9.0
MC-21868,2024-07-24,SG,Singapore,Physician,mid,English,social_media,acquisition,158492,3524,69,2621.29,76938.64,29.3514,9.0
MC-21877,2024-07-24,FR,Lyon,Product Manager,budget,French,social_media,acquisition,229222,4947,62,26354.18,10446.33,0.3964,1.0
MC-22941,2024-07-24,US,Chicago,Teacher,budget,English,search,retention,3890,300,19,4806.75,1771.82,0.3686,9.0
MC-21992,2024-07-24,AU,Sydney,Marketing Manager,premium,English,social_media,acquisition,500000,7283,469,661.51,1955019.02,2955.3885,1.0
MC-22436,2024-07-24,GB,Glasgow,HR Manager,mid,English,social_media,retention,96285,2181,140,279.45,64645.08,231.3297,5.0
MC-22036,2024-07-24,IN,Bangalore,Software Engineer,budget,Hindi,social_media,retention,193877,4369,105,1177.31,19988.07,16.9777,7.0
MC-22155,2024-07-24,US,New York,Software Engineer,mid,English,email,retention,50033,1856,71,2738.96,88278.35,32.2306,3.0
MC-22046,2024-07-24,US,Phoenix,Marketing Manager,mid,English,social_media,re_engagement,178942,3662,177,1122.21,125317.24,111.67,4.0
MC-20861,2024-07-24,US,Houston,Lawyer,budget,English,email,awareness,20588,692,36,3000.8,7720.43,2.5728,9.0
MC-21688,2024-07-24,ES,Barcelona,Architect,premium,Spanish,search,awareness,12878,1159,69,1738.44,313546.94,180.3611,8.0
MC-23000,2024-07-24,GB,Leeds,Marketing Manager,mid,English,social_media,awareness,140087,2638,188,3485.99,169346.92,48.5793,2.0
MC-20278,2024-07-24,AU,Perth,Software Engineer,budget,English,search,retention,47196,4071,292,261.41,66053.22,252.6805,1.0
MC-20058,2024-07-24,IN,Bangalore,Designer,budget,Hindi,social_media,awareness,135365,2467,191,1932.22,17616.81,9.1174,2.0
MC-20564,2024-07-24,ES,Madrid,Writer,mid,Spanish,display,retention,43464,524,30,41787.44,18623.93,0.4457,1.0
MC-20188,2024-07-24,ES,Madrid,Data Scientist,mid,Spanish,email,retention,2308,56,1,283.28,1171.41,4.1352,6.0
MC-20695,2024-07-24,ES,Bilbao,HR Manager,mid,Spanish,search,acquisition,367510,35482,2159,1462.8,1437280.73,982.5545,7.0
MC-20247,2024-07-24,US,Seattle,Sales Rep,mid,English,social_media,awareness,12192,186,3,1010.25,1797.01,1.7788,7.0
MC-20045,2024-07-24,US,Houston,Consultant,mid,English,email,acquisition,130459,3006,63,5065.29,49458.51,9.7642,3.0
MC-20203,2024-07-24,SG,Singapore,Software Engineer,mid,English,email,retention,2532,58,1,2785.25,963.05,0.3458,9.0
MC-20669,2024-07-24,IN,Hyderabad,Consultant,mid,Hindi,search,retention,139703,13118,151,1827.67,132639.45,72.573,10.0
MC-21152,2024-07-25,GB,Birmingham,Designer,premium,English,search,re_engagement,116298,6334,361,1298.06,1123212.55,865.3009,8.0
MC-20305,2024-07-25,BR,Salvador,Teacher,mid,Portuguese,search,acquisition,109388,7160,82,3969.73,52208.83,13.1517,5.0
MC-22691,2024-07-25,IN,Delhi,Researcher,mid,Hindi,email,acquisition,27241,709,44,1073.11,32777.59,30.5445,1.0
MC-20448,2024-07-25,US,Chicago,Architect,budget,English,search,retention,18059,972,65,2801.71,13742.48,4.905,2.0
MC-21160,2024-07-25,IN,Kolkata,Researcher,mid,Hindi,email,awareness,1941,71,2,609.49,1605.38,2.634,3.0
MC-22330,2024-07-25,GB,Glasgow,Lawyer,mid,English,search,retention,21490,1947,21,1969.53,24826.1,12.6051,1.0
MC-21322,2024-07-25,GB,London,Teacher,premium,English,influencer,awareness,76311,1924,136,1730.49,388416.51,224.4546,10.0
MC-20317,2024-07-25,US,Seattle,HR Manager,premium,English,social_media,awareness,80977,1375,18,11588.61,60224.62,5.1969,6.0
MC-21955,2024-07-25,US,Los Angeles,Researcher,mid,English,search,acquisition,47857,2799,146,463.79,116972.22,252.2094,9.0
MC-21195,2024-07-25,BR,São Paulo,Physician,budget,Portuguese,search,awareness,52430,4244,268,427.26,49584.96,116.0534,4.0
MC-21459,2024-07-25,IN,Chennai,HR Manager,premium,Hindi,search,retention,21025,1739,34,364.18,81340.26,223.3518,8.0
MC-20136,2024-07-25,US,New York,Lawyer,budget,English,social_media,retention,51575,825,35,1480.11,6175.59,4.1724,3.0
MC-20011,2024-07-25,CA,Vancouver,Sales Rep,mid,English,search,acquisition,173017,11912,731,3668.45,451324.14,123.0286,8.0
MC-21262,2024-07-25,US,Los Angeles,Designer,premium,English,social_media,retention,60537,1490,61,831.85,181311.06,217.9612,4.0
MC-22802,2024-07-25,BR,Rio de Janeiro,Lawyer,mid,Portuguese,email,acquisition,5182,155,1,4411.15,1289.13,0.2922,9.0
MC-22626,2024-07-25,CA,Ottawa,Consultant,premium,English,email,awareness,138546,2951,116,878.25,550390.36,626.6898,5.0
MC-21538,2024-07-25,US,Chicago,Teacher,budget,English,social_media,retention,151750,2940,163,62.03,14024.42,226.0909,3.0
MC-20881,2024-07-25,SG,Singapore,Sales Rep,budget,English,social_media,re_engagement,32617,607,33,645.36,3059.04,4.7401,8.0
MC-20634,2024-07-25,GB,Bristol,Accountant,budget,English,email,re_engagement,60566,1567,24,5241.68,3225.78,0.6154,6.0
MC-21200,2024-07-25,MX,Tijuana,Software Engineer,budget,Spanish,email,retention,30168,723,37,2538.82,7287.32,2.8704,3.0
MC-20784,2024-07-25,US,Seattle,Accountant,budget,English,influencer,acquisition,32563,744,40,656.35,4990.54,7.6035,1.0
MC-20328,2024-07-25,ZA,Cape Town,Physician,budget,Afrikaans,social_media,acquisition,46257,1085,67,1599.64,14174.89,8.8613,8.0
MC-20261,2024-07-25,FR,Toulouse,Sales Rep,mid,French,social_media,re_engagement,41340,588,40,1418.62,26293.65,18.5347,1.0
MC-22239,2024-07-25,FR,Nice,HR Manager,mid,French,email,acquisition,32175,970,64,622.52,31787.95,51.0633,5.0
MC-21034,2024-07-25,NL,Amsterdam,Teacher,mid,Dutch,search,retention,43593,3166,46,4312.98,22590.23,5.2377,5.0
MC-22207,2024-07-25,US,Houston,Researcher,premium,English,content_marketing,retention,13257,206,4,6498.71,18464.54,2.8413,9.0
MC-21824,2024-07-25,DE,Munich,Lawyer,mid,German,email,acquisition,7655,209,14,1329.35,13994.33,10.5272,7.0
MC-21811,2024-07-25,BR,Rio de Janeiro,Consultant,mid,Portuguese,search,acquisition,109238,9091,600,893.22,384250.57,430.1858,1.0
MC-20343,2024-07-25,FR,Toulouse,HR Manager,premium,French,influencer,awareness,233928,5152,384,571.26,1010674.64,1769.2025,8.0
MC-20712,2024-07-25,FR,Bordeaux,Architect,premium,French,email,awareness,5379,192,7,409.34,45148.08,110.2948,1.0
MC-20437,2024-07-25,US,Seattle,Lawyer,mid,English,search,acquisition,79687,4881,93,2444.34,103578.97,42.375,4.0
MC-21333,2024-07-25,BR,Rio de Janeiro,Lawyer,mid,Portuguese,social_media,retention,281730,4507,174,1178.77,174139.52,147.7299,7.0
MC-21763,2024-07-25,GB,Bristol,Designer,mid,English,display,awareness,13065,149,4,1823.97,1868.9,1.0246,10.0
MC-22510,2024-07-25,US,Seattle,Sales Rep,mid,English,social_media,retention,193790,3200,53,1799.77,24812.98,13.7868,4.0
MC-20751,2024-07-25,SG,Singapore,Designer,premium,English,display,acquisition,251793,3687,118,1034.76,382856.7,369.9957,2.0
MC-20803,2024-07-25,IN,Delhi,HR Manager,budget,Hindi,email,awareness,6623,166,4,259.03,434.58,1.6777,10.0
MC-20880,2024-07-26,GB,Glasgow,Writer,budget,English,social_media,awareness,313220,5401,344,1264.52,31018.91,24.5302,3.0
MC-20375,2024-07-26,JP,Nagoya,Software Engineer,mid,Japanese,email,awareness,23758,746,11,846.33,13090.1,15.4669,2.0
MC-21001,2024-07-26,US,Seattle,Lawyer,budget,English,search,retention,23748,1574,118,1459.42,29084.24,19.9286,1.0
MC-21914,2024-07-26,ZA,Johannesburg,Teacher,premium,Afrikaans,display,awareness,17262,262,12,1110.58,31655.66,28.5037,9.0
MC-22443,2024-07-26,SG,Singapore,Designer,premium,English,content_marketing,acquisition,25587,415,14,1898.43,42872.65,22.5832,9.0
MC-21978,2024-07-26,US,New York,Writer,budget,English,email,acquisition,6346,172,10,1777.08,1082.54,0.6092,7.0
MC-21557,2024-07-26,US,Los Angeles,Architect,budget,English,display,acquisition,30870,297,11,4230.96,2634.7,0.6227,1.0
MC-21558,2024-07-26,US,Seattle,Lawyer,mid,English,display,retention,86076,1054,74,2221.68,93573.99,42.1186,7.0
MC-20893,2024-07-26,IN,Kolkata,Designer,mid,Hindi,email,retention,27284,697,45,351.64,22370.77,63.6184,8.0
MC-20682,2024-07-26,IN,Pune,Teacher,premium,Hindi,social_media,acquisition,131262,3259,92,2318.7,280033.37,120.7717,3.0
MC-21696,2024-07-26,US,San Francisco,Architect,mid,English,email,retention,67299,1769,58,2884.85,68640.29,23.7934,9.0
MC-22811,2024-07-26,AU,Melbourne,Writer,mid,English,search,re_engagement,89969,5068,303,1545.62,135996.23,87.9881,9.0
MC-22123,2024-07-26,US,Seattle,Software Engineer,budget,English,display,awareness,94647,996,17,283.51,3328.51,11.7404,3.0
MC-20660,2024-07-26,DE,Frankfurt,Teacher,mid,German,email,acquisition,12483,326,10,1386.98,6405.26,4.6181,8.0
MC-20959,2024-07-26,DE,Munich,Sales Rep,premium,German,email,re_engagement,74261,2034,57,3472.54,138904.73,40.0009,7.0
MC-20958,2024-07-26,IN,Delhi,Sales Rep,budget,Hindi,display,re_engagement,221910,3171,231,1319.46,27930.17,21.1679,9.0
MC-20146,2024-07-26,IN,Bangalore,Product Manager,mid,Hindi,email,acquisition,9224,308,7,1458.06,5000.1,3.4293,5.0
MC-20779,2024-07-26,US,San Francisco,Lawyer,mid,English,email,awareness,31891,1062,41,3908.74,53621.27,13.7183,5.0
MC-20059,2024-07-26,GB,London,Physician,budget,English,social_media,awareness,91747,1764,76,245.41,14054.11,57.2679,7.0
MC-22505,2024-07-26,US,San Francisco,Marketing Manager,budget,English,search,retention,17450,1294,62,630.64,11022.34,17.478,4.0
MC-21394,2024-07-26,US,Los Angeles,Designer,mid,English,search,awareness,67974,3940,193,21201.53,93056.52,4.3891,6.0
MC-21269,2024-07-26,GB,Birmingham,Researcher,premium,English,influencer,retention,83831,1866,64,1334.76,238658.98,178.8029,5.0
MC-21339,2024-07-26,ZA,Port Elizabeth,Data Scientist,mid,Afrikaans,content_marketing,awareness,12857,275,19,920.26,25481.9,27.6899,4.0
MC-20253,2024-07-26,FR,Bordeaux,Accountant,budget,French,social_media,retention,22945,583,18,710.45,2771.14,3.9005,2.0
MC-20581,2024-07-26,IL,Netanya,Product Manager,budget,Hebrew,display,retention,26931,365,3,6019.02,445.04,0.0739,8.0
MC-21422,2024-07-26,FR,Toulouse,HR Manager,premium,French,search,acquisition,15676,1320,58,8697.52,163934.71,18.8484,8.0
MC-20548,2024-07-26,MX,Monterrey,Marketing Manager,premium,Spanish,search,acquisition,97766,7503,122,8300.96,402139.27,48.4449,9.0
MC-20844,2024-07-26,GB,London,Data Scientist,budget,English,social_media,acquisition,146020,3250,202,3426.05,49385.16,14.4146,10.0
MC-22999,2024-07-26,GB,Glasgow,Researcher,budget,English,search,acquisition,305428,27993,1192,2271.38,203332.26,89.5193,5.0
MC-20277,2024-07-26,CA,Vancouver,Teacher,mid,English,display,retention,226356,2174,86,2620.43,56715.21,21.6435,10.0
MC-22945,2024-07-27,BR,Salvador,Sales Rep,premium,Portuguese,social_media,awareness,159085,3628,222,8302.56,522157.85,62.8912,4.0
MC-20114,2024-07-27,DE,Berlin,Software Engineer,mid,German,social_media,awareness,146837,2347,84,4867.7,82477.96,16.9439,8.0
MC-20696,2024-07-27,US,Houston,Consultant,mid,English,display,retention,60903,918,62,946.35,52522.75,55.5003,2.0
MC-20037,2024-07-27,SG,Singapore,Lawyer,premium,English,email,acquisition,15309,508,31,1037.18,163387.93,157.5309,8.0
MC-21392,2024-07-27,US,San Francisco,Writer,budget,English,email,awareness,147625,3932,126,1613.39,15208.99,9.4267,8.0
MC-21334,2024-07-27,GB,Manchester,Lawyer,mid,English,social_media,acquisition,133965,2871,213,1550.47,276160.72,178.1142,10.0
MC-22486,2024-07-27,IN,Kolkata,Designer,premium,Hindi,social_media,retention,500000,8979,619,493.94,1750235.26,3543.4167,9.0
MC-20964,2024-07-27,SG,Singapore,Lawyer,mid,English,display,acquisition,251724,3122,238,5220.23,230642.92,44.1825,5.0
MC-20906,2024-07-27,NL,Utrecht,Physician,mid,Dutch,email,acquisition,7991,267,10,2730.83,10384.49,3.8027,2.0
MC-21103,2024-07-27,ZA,Durban,Software Engineer,mid,Afrikaans,social_media,re_engagement,163430,3548,217,6140.75,195721.72,31.8726,2.0
MC-22660,2024-07-27,SG,Singapore,Product Manager,budget,English,social_media,awareness,51650,1071,65,3842.63,9146.17,2.3802,1.0
MC-21863,2024-07-27,JP,Tokyo,Data Scientist,premium,Japanese,social_media,awareness,116755,1983,101,3052.31,651018.22,213.2871,5.0
MC-20234,2024-07-27,FR,Lyon,Marketing Manager,mid,French,search,retention,7760,450,17,3524.71,10912.82,3.0961,7.0
MC-20504,2024-07-27,US,Phoenix,Consultant,mid,English,email,retention,216932,5778,203,834.63,148913.34,178.4184,10.0
MC-22739,2024-07-27,FR,Marseille,Writer,premium,French,social_media,awareness,83307,1611,121,916.05,376967.82,411.5145,2.0
MC-22319,2024-07-27,GB,Manchester,Accountant,mid,English,email,awareness,45584,1168,57,2274.96,49380.77,21.7062,2.0
MC-21212,2024-07-27,FR,Nice,Lawyer,premium,French,content_marketing,acquisition,3581,55,4,1387.03,18777.23,13.5377,8.0
MC-22801,2024-07-27,IL,Beer Sheva,Accountant,mid,Hebrew,content_marketing,retention,13264,251,5,6025.71,4467.1,0.7413,9.0
MC-22906,2024-07-27,IN,Delhi,Accountant,mid,Hindi,social_media,awareness,86302,1933,108,1658.9,71367.82,43.0212,7.0
MC-20259,2024-07-27,US,Chicago,Writer,budget,English,social_media,acquisition,104132,2489,70,2519.06,7551.01,2.9976,9.0
MC-22269,2024-07-27,IN,Delhi,Sales Rep,mid,Hindi,influencer,retention,90439,2202,113,4601.77,62040.42,13.4819,9.0
MC-22450,2024-07-27,DE,Hamburg,Sales Rep,budget,German,display,acquisition,65550,957,59,1783.24,5906.88,3.3124,3.0
MC-22714,2024-07-27,US,Chicago,Architect,premium,English,display,acquisition,175068,2474,195,5008.52,876822.03,175.0661,7.0
MC-20876,2024-07-27,US,Phoenix,Physician,premium,English,content_marketing,retention,372670,6791,531,27969.48,3401036.11,121.5981,10.0
MC-21397,2024-07-27,CA,Toronto,Designer,budget,English,search,acquisition,17439,1177,41,949.09,4260.73,4.4893,10.0
MC-20732,2024-07-27,GB,Manchester,Sales Rep,budget,English,search,acquisition,7309,677,41,1777.37,4699.61,2.6441,5.0
MC-20329,2024-07-27,GB,Leeds,Physician,mid,English,email,re_engagement,14653,570,13,602.75,15706.52,26.0581,6.0
MC-22354,2024-07-28,IN,Kolkata,Product Manager,budget,Hindi,social_media,acquisition,30860,631,38,506.06,5967.13,11.7913,1.0
MC-22540,2024-07-28,GB,Birmingham,Writer,premium,English,email,acquisition,5187,197,12,2488.61,39177.55,15.7427,10.0
MC-21733,2024-07-28,BR,Brasília,Data Scientist,budget,Portuguese,social_media,re_engagement,160890,2309,142,1142.53,34896.66,30.5433,4.0
MC-21411,2024-07-28,US,New York,Accountant,mid,English,display,awareness,39852,433,14,2624.73,10840.78,4.1302,7.0
MC-21413,2024-07-28,MX,Monterrey,Marketing Manager,premium,Spanish,email,retention,172424,5622,427,764.31,1953877.29,2556.3937,9.0
MC-22223,2024-07-28,IN,Kolkata,Lawyer,mid,Hindi,search,acquisition,9883,631,8,1043.16,8426.25,8.0776,4.0
MC-22635,2024-07-28,AU,Sydney,Marketing Manager,mid,English,search,acquisition,31590,1872,127,1080.81,81911.96,75.7876,2.0
MC-21077,2024-07-28,JP,Yokohama,Physician,premium,Japanese,email,acquisition,43525,1244,70,1346.55,419784.95,311.7485,8.0
MC-21023,2024-07-28,US,Los Angeles,Teacher,premium,English,email,acquisition,4666,129,3,2121.91,9044.15,4.2623,3.0
MC-22912,2024-07-28,IN,Chennai,Teacher,budget,Hindi,email,acquisition,16388,556,28,3699.27,2718.1,0.7348,6.0
MC-22838,2024-07-28,US,San Francisco,Architect,premium,English,social_media,retention,10702,241,11,1555.76,67316.48,43.2692,9.0
MC-20320,2024-07-28,DE,Stuttgart,Consultant,mid,German,content_marketing,acquisition,31512,561,43,227.08,37534.24,165.2908,2.0
MC-22710,2024-07-28,AU,Sydney,Consultant,premium,English,influencer,acquisition,60273,1483,28,183.5,126927.82,691.7047,7.0
MC-21091,2024-07-28,MX,Guadalajara,HR Manager,mid,Spanish,search,acquisition,6571,552,36,817.16,19416.11,23.7605,10.0
MC-22690,2024-07-28,FR,Toulouse,Software Engineer,mid,French,social_media,acquisition,11135,183,6,2116.72,5495.97,2.5965,8.0
MC-22247,2024-07-28,US,Houston,Accountant,budget,English,content_marketing,acquisition,22045,391,14,4795.05,1729.29,0.3606,2.0
MC-22231,2024-07-28,US,San Francisco,Architect,mid,English,content_marketing,awareness,97341,1491,31,2721.0,38893.72,14.2939,8.0
MC-22371,2024-07-28,IL,Tel Aviv,Teacher,premium,Hebrew,email,acquisition,35787,1253,77,1562.56,209152.46,133.8524,9.0
MC-21458,2024-07-28,BR,Fortaleza,Architect,budget,Portuguese,email,retention,96570,2840,98,22162.59,18036.91,0.8138,1.0
MC-21853,2024-07-28,US,Houston,Physician,budget,English,content_marketing,awareness,4744,67,0,357.58,0.0,0.0,8.0
MC-20860,2024-07-28,US,Seattle,Lawyer,premium,English,email,awareness,55514,1239,61,1411.38,369550.81,261.8365,7.0
MC-21995,2024-07-28,GB,Bristol,Sales Rep,premium,English,search,awareness,34896,3046,152,760.54,390816.31,513.8669,1.0
MC-20156,2024-07-28,US,Chicago,Designer,budget,English,content_marketing,retention,10980,142,9,5498.71,864.14,0.1572,5.0
MC-21601,2024-07-28,JP,Nagoya,Architect,mid,Japanese,social_media,awareness,32572,477,19,1241.27,24689.42,19.8905,3.0
MC-22043,2024-07-29,GB,Manchester,Product Manager,mid,English,search,awareness,56137,3665,267,388.47,238520.74,614.0004,7.0
MC-20442,2024-07-29,AU,Melbourne,Researcher,budget,English,display,acquisition,240420,2554,105,1825.61,13716.19,7.5132,4.0
MC-21740,2024-07-29,GB,Glasgow,Accountant,mid,English,search,acquisition,274374,18999,1144,2090.86,818539.74,391.4847,4.0
MC-20424,2024-07-29,MX,Puebla,Writer,budget,Spanish,search,awareness,9103,790,22,77.65,2452.42,31.583,1.0
MC-22706,2024-07-29,GB,Glasgow,Physician,mid,English,social_media,acquisition,104727,2199,59,1624.25,65351.6,40.2349,10.0
MC-20607,2024-07-29,IL,Tel Aviv,Physician,mid,Hebrew,influencer,awareness,278242,6662,212,984.74,229048.3,232.5977,7.0
MC-20191,2024-07-29,NL,Utrecht,Architect,mid,Dutch,social_media,acquisition,129845,2887,94,11478.57,101324.58,8.8273,5.0
MC-20370,2024-07-29,IL,Beer Sheva,Marketing Manager,mid,Hebrew,social_media,awareness,118825,1979,112,1887.51,83086.72,44.0192,6.0
MC-20950,2024-07-29,IL,Jerusalem,Architect,mid,Hebrew,email,acquisition,20329,658,8,6942.43,8854.21,1.2754,3.0
MC-20002,2024-07-29,IL,Netanya,Data Scientist,mid,Hebrew,influencer,acquisition,24267,766,25,467.26,30693.4,65.6881,8.0
MC-20899,2024-07-29,DE,Hamburg,Lawyer,premium,German,email,awareness,1533,59,1,425.9,6158.37,14.4597,1.0
MC-22602,2024-07-29,DE,Hamburg,Consultant,mid,German,social_media,retention,429960,9384,192,392.14,138009.95,351.9405,8.0
MC-21769,2024-07-29,IN,Pune,Writer,premium,Hindi,content_marketing,acquisition,18705,397,4,5638.22,10431.15,1.8501,9.0
MC-22300,2024-07-29,IN,Chennai,Teacher,mid,Hindi,search,acquisition,2300,124,5,1571.46,2558.36,1.628,3.0
MC-22668,2024-07-29,FR,Nice,Consultant,mid,French,display,acquisition,500000,4651,226,3761.33,207859.8,55.2623,9.0
MC-20555,2024-07-29,GB,Glasgow,Lawyer,budget,English,search,acquisition,8565,508,20,918.14,4267.93,4.6485,2.0
MC-22798,2024-07-29,US,Houston,Researcher,mid,English,email,awareness,13511,342,7,1482.0,4748.08,3.2038,9.0
MC-21260,2024-07-29,US,Chicago,Writer,mid,English,social_media,acquisition,91907,1741,112,1593.89,56605.44,35.514,10.0
MC-22577,2024-07-29,US,Los Angeles,Writer,mid,English,social_media,acquisition,66857,1356,88,2980.83,51659.07,17.3304,1.0
MC-21709,2024-07-29,NL,Utrecht,Physician,budget,Dutch,email,re_engagement,8916,232,5,685.44,1128.91,1.647,8.0
MC-22149,2024-07-29,US,Chicago,HR Manager,budget,English,email,acquisition,16999,445,4,7739.28,454.9,0.0588,1.0
MC-20128,2024-07-29,NL,Amsterdam,Software Engineer,premium,Dutch,influencer,awareness,57853,1558,94,2252.47,601192.49,266.9037,4.0
MC-22541,2024-07-29,IN,Delhi,Architect,mid,Hindi,search,acquisition,147838,11173,837,7580.59,-2273.5541666158792,-0.2999,5.0
MC-20080,2024-07-29,US,Los Angeles,Product Manager,premium,English,influencer,acquisition,37765,975,17,2341.61,70326.13,30.0332,5.0
MC-20053,2024-07-29,US,San Francisco,Physician,mid,English,email,awareness,132072,4687,65,816.08,69912.76,85.669,9.0
MC-22789,2024-07-29,IN,Chennai,Data Scientist,premium,Hindi,search,awareness,5242,415,11,3083.07,64563.76,20.9414,7.0
MC-21750,2024-07-29,FR,Bordeaux,Writer,premium,French,search,awareness,13980,807,60,10070.64,151704.9,15.0641,4.0
MC-22702,2024-07-29,IN,Kolkata,HR Manager,mid,Hindi,social_media,awareness,86677,1375,75,2211.64,50251.86,22.7215,1.0
MC-20097,2024-07-30,US,Chicago,Architect,mid,English,search,acquisition,52166,3440,105,4337.88,113945.42,26.2675,8.0
MC-21270,2024-07-30,DE,Hamburg,Sales Rep,premium,German,display,acquisition,189666,2142,89,3102.15,229148.2,73.8675,3.0
MC-22778,2024-07-30,CA,Vancouver,Lawyer,mid,English,social_media,awareness,4645,94,6,7700.44,6557.92,0.8516,3.0
MC-22649,2024-07-30,US,Seattle,Software Engineer,mid,English,email,retention,8949,220,11,698.06,13486.19,19.3195,2.0
MC-22805,2024-07-30,US,Los Angeles,Accountant,mid,English,email,awareness,57499,2071,144,7730.09,125241.01,16.2018,9.0
MC-21574,2024-07-30,FR,Marseille,Accountant,mid,French,content_marketing,retention,53207,1196,20,1011.35,14804.47,14.6383,3.0
MC-20135,2024-07-30,IN,Kolkata,Researcher,premium,Hindi,display,awareness,290220,3319,230,7607.12,743410.31,97.7256,2.0
MC-20996,2024-07-30,US,Los Angeles,Physician,budget,English,social_media,awareness,138780,2219,137,6290.39,26914.36,4.2786,4.0
MC-20106,2024-07-30,AU,Adelaide,HR Manager,premium,English,search,acquisition,11401,929,49,2784.82,120101.23,43.1271,1.0
MC-22524,2024-07-30,US,Los Angeles,Product Manager,budget,English,influencer,retention,71062,1444,90,3113.42,11641.63,3.7392,10.0
MC-21038,2024-07-30,MX,Tijuana,HR Manager,budget,Spanish,social_media,awareness,113320,2824,67,430.23,6403.38,14.8836,8.0
MC-21107,2024-07-30,IN,Pune,Software Engineer,mid,Hindi,search,acquisition,44126,4272,335,389.61,326075.49,836.9279,8.0
MC-22782,2024-07-30,GB,Manchester,HR Manager,budget,English,social_media,acquisition,248260,6150,479,543.98,59722.84,109.7887,3.0
MC-20584,2024-07-30,US,Chicago,Sales Rep,premium,English,social_media,acquisition,82655,1655,112,3752.32,264528.67,70.4974,10.0
MC-22546,2024-07-30,IL,Haifa,Data Scientist,budget,Hebrew,search,awareness,143917,12009,754,1076.42,186062.55,172.8531,5.0
MC-21640,2024-07-30,IN,Pune,Marketing Manager,mid,Hindi,content_marketing,acquisition,24075,433,8,1393.39,6473.81,4.6461,7.0
MC-22678,2024-07-30,US,Houston,Teacher,mid,English,email,retention,3540,116,9,6252.98,4233.77,0.6771,1.0
MC-22673,2024-07-30,GB,Birmingham,Product Manager,budget,English,social_media,re_engagement,95980,2408,111,10211.72,15823.01,1.5495,10.0
MC-20178,2024-07-30,CA,Vancouver,Physician,budget,English,display,acquisition,48702,581,45,1208.79,10512.96,8.6971,7.0
MC-22818,2024-07-30,IN,Hyderabad,Consultant,mid,Hindi,display,acquisition,340857,4978,146,2980.04,120258.27,40.3546,7.0
MC-21193,2024-07-30,MX,Tijuana,HR Manager,premium,Spanish,search,acquisition,56516,3798,261,5413.9,861343.17,159.0985,3.0
MC-20418,2024-07-30,US,Phoenix,Marketing Manager,mid,English,social_media,retention,348540,6736,211,689.71,143485.62,208.0376,4.0
MC-21463,2024-07-30,US,San Francisco,Researcher,budget,English,social_media,retention,72850,1307,53,897.08,6410.66,7.1461,9.0
MC-22465,2024-07-30,IN,Pune,Teacher,budget,Hindi,search,retention,35131,2395,96,289.48,12045.08,41.6094,6.0
MC-21048,2024-07-30,DE,Cologne,Architect,budget,German,display,acquisition,208536,2314,175,422.88,41401.28,97.9031,9.0
MC-21484,2024-07-30,US,Houston,HR Manager,premium,English,email,re_engagement,11309,374,29,2068.35,95287.99,46.0696,7.0
MC-22734,2024-07-30,IN,Mumbai,Lawyer,premium,Hindi,email,acquisition,23516,867,18,14133.86,96400.51,6.8205,6.0
MC-21528,2024-07-30,US,Chicago,Sales Rep,mid,English,influencer,re_engagement,100875,2832,92,2253.45,57143.42,25.3582,4.0
MC-20806,2024-07-30,DE,Stuttgart,Consultant,mid,German,search,re_engagement,3275,180,6,809.03,4822.24,5.9605,8.0
MC-22146,2024-07-30,US,New York,Lawyer,mid,English,content_marketing,retention,500000,9374,475,1386.92,539957.03,389.321,10.0
MC-22345,2024-07-30,GB,London,Physician,mid,English,email,retention,10524,322,8,2286.4,9023.14,3.9464,1.0
MC-20843,2024-07-30,US,San Francisco,Data Scientist,budget,English,search,retention,14975,1303,64,540.0,11705.67,21.6772,4.0
MC-22118,2024-07-30,DE,Cologne,Writer,mid,German,email,retention,7102,225,2,14212.02,1273.07,0.0896,8.0
MC-21999,2024-07-30,IN,Mumbai,Marketing Manager,budget,Hindi,social_media,retention,128067,2767,193,6121.12,23799.17,3.888,9.0
MC-22210,2024-07-30,US,New York,Architect,budget,English,search,acquisition,189145,13801,1053,4408.72,184689.95,41.892,4.0
MC-22946,2024-07-30,IN,Hyderabad,Marketing Manager,premium,Hindi,display,acquisition,500000,4784,227,831.44,802785.61,965.5364,4.0
MC-20276,2024-07-30,IN,Delhi,HR Manager,mid,Hindi,display,re_engagement,99246,1252,28,1026.65,13868.08,13.5081,10.0
MC-20215,2024-07-30,IN,Pune,Architect,premium,Hindi,social_media,acquisition,314085,6832,209,32642.0,937369.14,28.7167,5.0
MC-20248,2024-07-30,BR,Fortaleza,HR Manager,premium,Portuguese,display,acquisition,195168,2558,120,2601.35,334711.59,128.6684,3.0
MC-20755,2024-07-30,US,Chicago,Writer,budget,English,email,acquisition,7454,253,3,3016.01,291.09,0.0965,6.0
MC-22178,2024-07-30,GB,London,Researcher,budget,English,content_marketing,acquisition,11870,165,7,488.07,1213.81,2.487,4.0
MC-22947,2024-07-30,SG,Singapore,Physician,mid,English,search,awareness,8663,673,8,428.9,9277.83,21.6317,3.0
MC-20262,2024-07-30,IN,Hyderabad,Architect,premium,Hindi,search,acquisition,278121,20978,401,3605.35,2107108.47,584.4394,6.0
MC-22116,2024-07-30,FR,Paris,Designer,budget,French,email,awareness,1000,38,0,4476.74,0.0,0.0,9.0
MC-20512,2024-07-31,ES,Madrid,Sales Rep,mid,Spanish,social_media,acquisition,14707,322,15,6251.55,8737.36,1.3976,6.0
MC-21279,2024-07-31,SG,Singapore,Writer,budget,English,email,awareness,26170,663,26,336.56,3119.99,9.2702,10.0
MC-22168,2024-07-31,GB,Bristol,Physician,premium,English,social_media,awareness,169377,2935,214,4681.82,1366554.29,291.8853,8.0
MC-21144,2024-07-31,ES,Barcelona,Lawyer,budget,Spanish,social_media,re_engagement,85602,2123,103,5641.0,25510.41,4.5223,8.0
MC-21878,2024-07-31,GB,Glasgow,Consultant,premium,English,email,re_engagement,96760,2261,135,10670.47,459618.31,43.0739,5.0
MC-20082,2024-07-31,DE,Hamburg,Marketing Manager,premium,German,search,awareness,12421,1120,39,1092.81,157672.84,144.282,2.0
MC-20323,2024-07-31,US,Phoenix,Teacher,budget,English,search,retention,23553,2018,66,15638.75,6585.28,0.4211,3.0
MC-22783,2024-07-31,JP,Osaka,Designer,premium,Japanese,search,acquisition,34495,2953,200,2802.02,557302.08,198.893,2.0
MC-21045,2024-07-31,IN,Pune,Architect,mid,Hindi,content_marketing,acquisition,21305,469,16,5552.48,19999.45,3.6019,7.0
MC-20240,2024-07-31,FR,Toulouse,Teacher,premium,French,social_media,re_engagement,312332,6607,73,1072.01,186282.76,173.7696,3.0
MC-20183,2024-07-31,US,Phoenix,Researcher,mid,English,email,retention,10844,333,14,2012.8,12570.4,6.2452,1.0
MC-21518,2024-07-31,IN,Pune,Designer,mid,Hindi,content_marketing,awareness,13334,245,14,2531.23,7848.92,3.1008,6.0
MC-22314,2024-07-31,US,New York,Researcher,mid,English,social_media,awareness,243892,4383,309,4407.12,206485.36,46.8527,9.0
MC-21598,2024-07-31,BR,Rio de Janeiro,Sales Rep,mid,Portuguese,social_media,retention,177097,4516,54,659.24,26212.05,39.761,5.0
MC-20547,2024-07-31,GB,Glasgow,Sales Rep,budget,English,display,retention,353055,3820,195,1044.48,18532.96,17.7437,3.0
MC-22938,2024-07-31,BR,São Paulo,Accountant,mid,Portuguese,social_media,acquisition,29340,519,29,2164.19,24830.65,11.4734,4.0
MC-20307,2024-07-31,BR,Fortaleza,Researcher,mid,Portuguese,email,acquisition,76080,2532,104,20848.6,67024.74,3.2148,4.0
MC-20652,2024-07-31,US,Phoenix,Physician,mid,English,social_media,acquisition,36200,579,46,662.0,55046.86,83.1524,1.0
MC-20462,2024-07-31,US,Phoenix,Writer,mid,English,email,acquisition,27326,746,13,2830.58,5926.78,2.0938,7.0
MC-20817,2024-07-31,IN,Chennai,Marketing Manager,premium,Hindi,social_media,acquisition,72322,1331,80,737.77,358969.4,486.56,3.0
MC-21380,2024-07-31,US,San Francisco,Architect,budget,English,search,acquisition,21993,1524,90,17191.18,21588.14,1.2558,4.0
MC-22022,2024-07-31,DE,Cologne,Sales Rep,budget,German,display,re_engagement,500000,4913,246,5182.67,28021.88,5.4068,7.0
MC-21337,2024-07-31,IN,Kolkata,Sales Rep,mid,Hindi,influencer,retention,221990,4974,359,1971.17,238139.81,120.8114,9.0
MC-20699,2024-07-31,IL,Netanya,Accountant,premium,Hebrew,social_media,re_engagement,88112,1415,54,1039.33,216059.67,207.8836,1.0
MC-21932,2024-07-31,BR,Fortaleza,Sales Rep,premium,Portuguese,social_media,acquisition,124995,2450,97,18975.5,269955.77,14.2265,10.0
MC-22914,2024-07-31,FR,Toulouse,Writer,budget,French,social_media,awareness,85812,1219,58,395.26,5239.68,13.2563,7.0
MC-20489,2024-07-31,GB,Birmingham,Researcher,budget,English,search,retention,20416,1607,103,743.61,16566.14,22.278,5.0
MC-21944,2024-07-31,IN,Delhi,Product Manager,budget,Hindi,social_media,acquisition,72030,1526,40,1892.2,6962.14,3.6794,5.0
MC-22087,2024-07-31,IN,Pune,Consultant,premium,Hindi,content_marketing,awareness,70935,1121,54,1275.13,244264.04,191.5601,10.0
MC-22537,2024-07-31,US,Chicago,Data Scientist,mid,English,social_media,acquisition,161872,2321,61,4442.51,81359.32,18.3138,7.0
MC-22103,2024-07-31,NL,Amsterdam,Data Scientist,budget,Dutch,email,acquisition,4195,123,4,10379.5,923.49,0.089,6.0
MC-20697,2024-07-31,US,Phoenix,Researcher,budget,English,social_media,acquisition,29407,729,38,461.44,5176.75,11.2187,6.0
MC-21321,2024-07-31,US,Phoenix,Writer,budget,English,influencer,acquisition,43578,1004,10,5348.08,1079.81,0.2019,10.0
MC-20492,2024-07-31,ZA,Durban,Teacher,mid,Afrikaans,social_media,retention,67880,1428,39,4201.32,22938.18,5.4598,7.0
MC-20116,2024-07-31,IN,Kolkata,Consultant,mid,Hindi,search,acquisition,36464,2228,154,1502.85,120549.22,80.2137,9.0
MC-22680,2024-07-31,IN,Pune,Teacher,budget,Hindi,social_media,awareness,80572,2039,115,9067.51,13679.85,1.5087,2.0
MC-21178,2024-07-31,GB,Birmingham,Marketing Manager,budget,English,content_marketing,awareness,39877,801,25,2301.28,3903.31,1.6961,5.0
MC-21167,2024-07-31,ES,Seville,Sales Rep,budget,Spanish,search,re_engagement,37866,3369,58,1964.86,6795.72,3.4586,7.0
MC-21156,2024-08-01,IN,Bangalore,Teacher,premium,Hindi,search,acquisition,12029,1113,53,1671.14,125844.25,75.3044,2.0
MC-22325,2024-08-01,US,New York,Teacher,mid,English,search,awareness,79097,6628,253,1689.99,142315.52,84.2109,8.0
MC-22038,2024-08-01,SG,Singapore,Data Scientist,mid,English,email,retention,9401,212,5,2261.26,4864.0,2.151,1.0
MC-21837,2024-08-01,MX,Monterrey,Marketing Manager,budget,Spanish,email,retention,13382,371,26,2040.41,3264.84,1.6001,6.0
MC-21651,2024-08-01,GB,Glasgow,Lawyer,premium,English,search,acquisition,15168,1126,40,1494.01,244128.4,163.4048,4.0
MC-20667,2024-08-01,IN,Hyderabad,Sales Rep,mid,Hindi,social_media,awareness,207840,4835,168,9318.41,102304.65,10.9788,8.0
MC-22589,2024-08-01,IN,Hyderabad,Software Engineer,budget,Hindi,email,retention,83630,2860,190,103.57,44113.84,425.9326,6.0
MC-20012,2024-08-01,IN,Mumbai,Marketing Manager,mid,Hindi,email,retention,12653,354,4,389.41,2754.08,7.0724,4.0
MC-21620,2024-08-01,SG,Singapore,Product Manager,budget,English,email,retention,8788,306,6,4447.79,1045.72,0.2351,10.0
MC-20783,2024-08-01,FR,Lyon,Designer,premium,French,social_media,acquisition,207270,4165,92,665.66,274647.74,412.5946,7.0
MC-20888,2024-08-01,IN,Chennai,Physician,mid,Hindi,display,acquisition,232548,2206,30,206.61,30692.43,148.5525,6.0
MC-21958,2024-08-01,FR,Marseille,Software Engineer,mid,French,email,acquisition,43411,1642,84,8404.5,89988.55,10.7072,9.0
MC-20609,2024-08-01,IN,Pune,Writer,premium,Hindi,email,awareness,2803,63,3,5799.31,9754.19,1.682,1.0
MC-20257,2024-08-01,BR,São Paulo,Data Scientist,budget,Portuguese,social_media,awareness,55425,1208,89,2680.02,16201.48,6.0453,9.0
MC-22235,2024-08-01,BR,São Paulo,Architect,premium,Portuguese,content_marketing,re_engagement,12992,270,10,8297.07,51658.61,6.2261,2.0
MC-20597,2024-08-01,IL,Haifa,Designer,premium,Hebrew,content_marketing,acquisition,59211,1334,43,606.96,141737.22,233.5199,6.0
MC-20939,2024-08-01,DE,Cologne,Data Scientist,budget,German,display,re_engagement,12132,110,2,649.18,354.02,0.5453,4.0
MC-22222,2024-08-01,ZA,Pretoria,Consultant,budget,Afrikaans,search,retention,204641,14747,214,1780.69,32574.82,18.2934,8.0
MC-20252,2024-08-01,IN,Kolkata,Physician,mid,Hindi,social_media,retention,346107,4932,382,8923.86,388274.51,43.5097,6.0
MC-21328,2024-08-01,US,New York,Data Scientist,mid,English,social_media,re_engagement,101567,2093,89,2042.96,92673.36,45.3623,2.0
MC-21977,2024-08-01,US,Chicago,Physician,mid,English,social_media,awareness,62842,993,77,1675.26,76775.99,45.8293,8.0
MC-20287,2024-08-01,GB,Leeds,Data Scientist,premium,English,social_media,retention,58315,1155,39,2602.79,243373.47,93.5048,10.0
MC-22806,2024-08-01,US,San Francisco,Accountant,premium,English,email,acquisition,11502,370,13,2192.93,53913.47,24.5851,6.0
MC-20574,2024-08-01,IN,Kolkata,Software Engineer,mid,Hindi,search,awareness,34974,2610,44,5595.78,58059.51,10.3756,3.0
MC-20586,2024-08-01,NL,Rotterdam,Designer,budget,Dutch,email,re_engagement,1414,36,1,12167.84,90.18,0.0074,3.0
MC-21762,2024-08-01,NL,The Hague,Software Engineer,budget,Dutch,search,acquisition,45149,3283,69,6116.3,15226.87,2.4896,1.0
MC-20787,2024-08-01,US,Los Angeles,Consultant,budget,English,email,retention,4034,150,5,1368.31,730.36,0.5338,4.0
MC-21035,2024-08-01,ZA,Port Elizabeth,Product Manager,mid,Afrikaans,search,retention,182608,12518,688,849.37,615336.21,724.4619,1.0
MC-20432,2024-08-01,DE,Frankfurt,Architect,mid,German,influencer,awareness,15904,485,25,225.29,26568.19,117.9288,4.0
MC-21039,2024-08-01,CA,Ottawa,Designer,premium,English,display,re_engagement,110466,1370,50,1206.74,131113.95,108.6514,6.0
MC-21043,2024-08-01,IN,Mumbai,Sales Rep,budget,Hindi,influencer,acquisition,426852,13134,889,1468.61,106089.41,72.238,9.0
MC-22967,2024-08-01,US,Houston,Product Manager,mid,English,search,acquisition,21452,1770,111,938.66,74712.28,79.5946,4.0
MC-22140,2024-08-01,GB,Manchester,Writer,budget,English,search,retention,14848,1215,78,28207.25,9610.77,0.3407,2.0
MC-22001,2024-08-01,NL,Rotterdam,Researcher,mid,Dutch,email,acquisition,36572,1183,16,2009.3,15061.21,7.4957,6.0
MC-21737,2024-08-01,IN,Kolkata,Lawyer,budget,Hindi,search,acquisition,12907,1144,21,752.72,4587.68,6.0948,4.0
MC-20164,2024-08-01,JP,Sapporo,Accountant,mid,Japanese,influencer,awareness,61752,1872,83,326.6,74565.58,228.3086,8.0
MC-22872,2024-08-01,US,Los Angeles,Teacher,premium,English,influencer,acquisition,71026,1684,101,898.78,290007.45,322.6679,1.0
MC-21130,2024-08-02,FR,Nice,Data Scientist,budget,French,content_marketing,re_engagement,114382,1781,73,2763.82,17737.75,6.4178,4.0
MC-21705,2024-08-02,JP,Sapporo,Software Engineer,mid,Japanese,social_media,retention,373320,7824,572,679.16,697817.1,1027.4708,6.0
MC-21732,2024-08-02,AU,Perth,Teacher,mid,English,social_media,retention,107007,2661,88,748.15,56669.89,75.7467,2.0
MC-22064,2024-08-02,IN,Bangalore,Designer,mid,Hindi,email,retention,10816,272,10,6460.98,4664.86,0.722,2.0
MC-22426,2024-08-02,IN,Kolkata,Teacher,premium,Hindi,search,awareness,23750,2046,30,1504.34,86756.53,57.6708,4.0
MC-21646,2024-08-02,IN,Kolkata,Accountant,budget,Hindi,display,awareness,381501,4140,222,1114.28,32498.21,29.1652,6.0
MC-21341,2024-08-02,US,Seattle,Data Scientist,premium,English,email,acquisition,23817,610,26,483.6,138983.25,287.393,8.0
MC-20268,2024-08-02,US,Phoenix,Lawyer,mid,English,social_media,acquisition,348740,5220,402,1936.57,453322.33,234.0852,2.0
MC-21336,2024-08-02,US,Houston,Teacher,mid,English,search,retention,42174,3567,224,5126.89,148513.45,28.9676,5.0
MC-22285,2024-08-02,IN,Chennai,Researcher,premium,Hindi,content_marketing,retention,17392,236,11,2477.57,48151.0,19.4348,2.0
MC-21324,2024-08-02,US,Los Angeles,Architect,budget,English,email,awareness,44591,1145,19,334.37,3455.57,10.3346,1.0
MC-21291,2024-08-02,IN,Delhi,Designer,mid,Hindi,content_marketing,acquisition,37718,605,36,472.47,23625.05,50.0033,1.0
MC-21289,2024-08-02,GB,Manchester,Software Engineer,mid,English,email,re_engagement,36046,1360,108,1010.8,122432.96,121.1248,10.0
MC-22659,2024-08-02,US,San Francisco,Software Engineer,budget,English,email,acquisition,39450,1457,54,64.19,10683.52,166.4359,7.0
MC-22654,2024-08-02,ZA,Johannesburg,Physician,budget,Afrikaans,email,acquisition,18098,699,47,2683.57,10822.78,4.033,7.0
MC-22156,2024-08-02,DE,Hamburg,Accountant,premium,German,display,acquisition,500000,6505,483,795.85,2150221.31,2701.7922,3.0
MC-20869,2024-08-02,US,Seattle,HR Manager,budget,English,search,awareness,191637,12613,138,3970.37,13693.69,3.449,10.0
MC-22258,2024-08-02,US,Seattle,Accountant,mid,English,social_media,re_engagement,186685,2728,165,21998.22,145651.19,6.621,2.0
MC-20889,2024-08-02,US,New York,Researcher,budget,English,social_media,retention,183322,2846,158,588.71,23241.99,39.4795,9.0
MC-21207,2024-08-02,GB,London,HR Manager,mid,English,search,awareness,28929,1718,83,452.98,46483.88,102.618,10.0
MC-20770,2024-08-02,US,Seattle,Researcher,mid,English,email,acquisition,58926,1454,86,1232.6,71065.64,57.6551,6.0
MC-20664,2024-08-02,US,Houston,Teacher,mid,English,social_media,retention,41060,691,31,1215.05,16210.42,13.3414,4.0
MC-20493,2024-08-02,GB,Leeds,Data Scientist,budget,English,social_media,retention,46200,899,20,1595.49,3967.29,2.4866,4.0
MC-21664,2024-08-02,GB,Birmingham,Product Manager,budget,English,email,re_engagement,2826,105,4,1197.72,533.72,0.4456,7.0
MC-20932,2024-08-02,GB,Leeds,Designer,budget,English,email,acquisition,17407,477,35,1731.62,3782.27,2.1842,2.0
MC-20484,2024-08-02,AU,Sydney,Physician,budget,English,influencer,acquisition,7713300,238350,10647,3329.22,2558753.84,768.5746,10.0
MC-22473,2024-08-02,IN,Pune,Consultant,mid,Hindi,search,re_engagement,16894,1179,77,3532.34,51225.49,14.5019,6.0
MC-21801,2024-08-02,IN,Kolkata,Teacher,mid,Hindi,content_marketing,acquisition,29034,662,49,2543.01,25296.99,9.9477,3.0
MC-22457,2024-08-02,IN,Hyderabad,Data Scientist,budget,Hindi,search,awareness,165359,10464,773,339.83,164020.17,482.6536,1.0
MC-20205,2024-08-02,MX,Mexico City,Architect,premium,Spanish,social_media,re_engagement,383542,9558,343,242.01,1593933.09,6586.2282,10.0
MC-21821,2024-08-02,NL,Utrecht,Lawyer,mid,Dutch,social_media,awareness,38650,546,40,2637.52,46123.73,17.4875,8.0
MC-21026,2024-08-02,US,Chicago,Product Manager,mid,English,influencer,re_engagement,3249,93,5,1209.11,4374.07,3.6176,3.0
MC-20405,2024-08-02,IN,Bangalore,HR Manager,premium,Hindi,social_media,acquisition,52685,855,59,2447.95,172860.46,70.6144,7.0
MC-22433,2024-08-02,BR,Salvador,Product Manager,budget,Portuguese,influencer,acquisition,187592,5082,116,697.39,18173.06,26.0587,5.0
MC-22417,2024-08-02,FR,Marseille,Software Engineer,mid,French,search,awareness,34311,2257,64,1546.25,67314.46,43.534,7.0
MC-22133,2024-08-03,IN,Chennai,Writer,budget,Hindi,display,acquisition,166950,1955,132,2890.14,15775.28,5.4583,9.0
MC-20506,2024-08-03,DE,Cologne,Teacher,budget,German,email,awareness,25736,696,25,1492.7,2747.17,1.8404,3.0
MC-20633,2024-08-03,FR,Bordeaux,Architect,mid,French,social_media,retention,180397,3170,190,5774.29,240770.97,41.6971,4.0
MC-20292,2024-08-03,IN,Bangalore,Sales Rep,premium,Hindi,email,retention,9411,356,23,1433.89,53063.2,37.0065,10.0
MC-21389,2024-08-03,FR,Bordeaux,Consultant,mid,French,influencer,acquisition,131630,3353,141,783.16,110607.18,141.2319,5.0
MC-22171,2024-08-03,ES,Barcelona,Software Engineer,budget,Spanish,social_media,acquisition,8557,141,10,2007.55,2338.3,1.1648,8.0
MC-20525,2024-08-03,US,Seattle,Lawyer,mid,English,email,awareness,64291,1473,39,812.9,44239.35,54.4216,9.0
MC-22701,2024-08-03,ZA,Durban,Lawyer,mid,Afrikaans,social_media,awareness,136402,2224,135,794.54,142067.12,178.8042,5.0
MC-20342,2024-08-03,US,Los Angeles,Physician,mid,English,influencer,awareness,49131,1065,69,659.26,92384.62,140.1338,10.0
MC-21884,2024-08-03,US,New York,Data Scientist,mid,English,social_media,acquisition,458747,8803,351,758.8,320720.81,422.6684,5.0
MC-21653,2024-08-03,IN,Pune,Marketing Manager,budget,Hindi,display,acquisition,25422,284,8,2515.74,1235.09,0.4909,3.0
MC-22813,2024-08-04,GB,Glasgow,Architect,mid,English,email,acquisition,7683,241,14,1964.2,16097.72,8.1956,6.0
MC-21643,2024-08-04,MX,Guadalajara,Marketing Manager,budget,Spanish,social_media,acquisition,324477,6309,334,30410.13,43834.82,1.4415,8.0
MC-22513,2024-08-04,ES,Bilbao,Product Manager,mid,Spanish,email,acquisition,3199,70,5,5619.94,4316.79,0.7681,10.0
MC-22557,2024-08-04,IL,Jerusalem,Designer,mid,Hebrew,search,acquisition,1903600,179758,11102,3725.01,5975315.77,1604.1073,10.0
MC-20748,2024-08-04,ES,Bilbao,Marketing Manager,mid,Spanish,influencer,acquisition,7794,143,2,41512.1,1495.09,0.036,3.0
MC-21227,2024-08-04,US,Seattle,Software Engineer,mid,English,search,retention,5246,375,16,381.4,20733.94,54.3627,1.0
MC-21247,2024-08-04,ZA,Pretoria,Sales Rep,mid,Afrikaans,content_marketing,awareness,14606,294,5,3318.42,2947.75,0.8883,8.0
MC-22894,2024-08-04,SG,Singapore,Designer,mid,English,social_media,awareness,50120,1171,55,1730.68,31484.85,18.1922,4.0
MC-22907,2024-08-04,GB,Glasgow,Researcher,premium,English,email,awareness,9089,323,12,106.93,44460.19,415.7878,8.0
MC-20064,2024-08-04,GB,Glasgow,Product Manager,budget,English,email,retention,500000,11036,860,1015.66,151009.47,148.6811,10.0
MC-21710,2024-08-04,US,Seattle,Writer,mid,English,search,retention,62232,3930,157,4619.57,77749.34,16.8304,6.0
MC-20402,2024-08-04,US,New York,Designer,premium,English,social_media,retention,154550,2849,36,554.9,84292.51,151.9058,5.0
MC-20914,2024-08-04,US,Los Angeles,Physician,budget,English,email,retention,150125,4294,233,340.9,55163.96,161.8186,5.0
MC-21991,2024-08-04,IN,Pune,Lawyer,budget,Hindi,search,awareness,133576,9722,202,2320.55,48887.5,21.0672,8.0
MC-22830,2024-08-04,BR,Fortaleza,Marketing Manager,budget,Portuguese,email,retention,3661,89,2,1897.25,259.72,0.1369,3.0
MC-21185,2024-08-04,US,Chicago,Designer,premium,English,social_media,acquisition,33462,803,60,2894.92,172557.33,59.6069,9.0
MC-21760,2024-08-04,US,New York,Consultant,mid,English,display,acquisition,29544,346,16,39869.11,12724.7,0.3192,3.0
MC-21243,2024-08-04,ZA,Durban,Researcher,budget,Afrikaans,email,awareness,6202,234,13,800.74,2263.45,2.8267,2.0
MC-21527,2024-08-04,US,San Francisco,HR Manager,mid,English,influencer,awareness,34034,867,22,947.73,13649.79,14.4026,3.0
MC-20421,2024-08-05,SG,Singapore,Consultant,budget,English,email,acquisition,23139,892,15,1866.87,2427.19,1.3001,9.0
MC-22189,2024-08-05,FR,Bordeaux,Sales Rep,mid,French,content_marketing,acquisition,50238,1169,32,5727.7,15033.01,2.6246,2.0
MC-22593,2024-08-05,NL,Utrecht,Teacher,mid,Dutch,influencer,acquisition,483204,12505,279,1001.14,130399.59,130.2511,2.0
MC-22590,2024-08-05,US,San Francisco,Writer,budget,English,search,acquisition,8558,560,31,1261.9,3829.11,3.0344,6.0
MC-21017,2024-08-05,JP,Osaka,Lawyer,mid,Japanese,email,awareness,24654,889,52,734.7,60886.43,82.8725,2.0
MC-20194,2024-08-05,DE,Hamburg,HR Manager,mid,German,email,retention,7474,202,10,399.39,4733.67,11.8522,2.0
MC-22824,2024-08-05,US,Chicago,Architect,budget,English,social_media,awareness,93275,2118,145,378.49,25916.48,68.4734,3.0
MC-20886,2024-08-05,SG,Singapore,Lawyer,mid,English,content_marketing,retention,18154,336,17,449.34,19770.47,43.9989,4.0
MC-22605,2024-08-05,ZA,Johannesburg,Designer,mid,Afrikaans,social_media,acquisition,11380,161,9,991.88,4365.58,4.4013,2.0
MC-20718,2024-08-05,US,San Francisco,HR Manager,mid,English,search,retention,35338,3084,90,782.23,47156.11,60.2842,4.0
MC-20789,2024-08-05,IN,Pune,Data Scientist,budget,Hindi,social_media,acquisition,65362,1220,87,13771.71,19982.54,1.451,6.0
MC-20125,2024-08-05,IN,Kolkata,Accountant,budget,Hindi,social_media,acquisition,27142,531,31,8266.84,5466.56,0.6613,1.0
MC-21474,2024-08-05,IN,Chennai,Writer,mid,Hindi,email,retention,31067,1206,25,2617.88,11374.55,4.3449,3.0
MC-22150,2024-08-05,IN,Hyderabad,Designer,mid,Hindi,social_media,retention,35600,682,11,4489.31,7313.09,1.629,10.0
MC-21470,2024-08-05,IN,Bangalore,Designer,mid,Hindi,content_marketing,acquisition,20684,322,15,2726.23,9745.12,3.5746,10.0
MC-21280,2024-08-05,US,Chicago,Teacher,mid,English,social_media,re_engagement,284300,6279,109,7926.76,61614.89,7.773,9.0
MC-20771,2024-08-05,ES,Seville,Teacher,premium,Spanish,social_media,acquisition,140987,3201,174,11089.11,510581.72,46.0435,5.0
MC-22464,2024-08-05,ZA,Johannesburg,Software Engineer,mid,Afrikaans,email,re_engagement,49715,1702,93,15344.11,121521.47,7.9197,3.0
MC-21282,2024-08-05,US,Chicago,Writer,budget,English,search,retention,61627,4901,148,756.48,13228.69,17.4872,2.0
MC-20526,2024-08-05,US,Chicago,Accountant,mid,English,search,acquisition,13056,1094,72,6479.27,51146.45,7.8939,9.0
MC-20130,2024-08-05,NL,Rotterdam,Teacher,mid,Dutch,social_media,acquisition,48217,1081,72,5493.62,38954.15,7.0908,10.0
MC-21889,2024-08-05,DE,Frankfurt,Teacher,mid,German,email,re_engagement,7937,237,15,16172.53,9078.43,0.5613,2.0
MC-20147,2024-08-05,IN,Delhi,HR Manager,premium,Hindi,influencer,retention,151124,2715,97,21192.57,318078.2,15.0089,10.0
MC-20579,2024-08-05,US,Seattle,Consultant,mid,English,search,awareness,468877,40959,769,4683.91,669453.03,142.9261,5.0
MC-22756,2024-08-05,US,New York,Software Engineer,mid,English,social_media,acquisition,153332,3667,44,2973.04,45864.47,15.4268,4.0
MC-22000,2024-08-05,US,New York,Accountant,budget,English,email,retention,59353,2119,111,251.6,17676.65,70.257,7.0
MC-20671,2024-08-05,US,New York,Designer,mid,English,email,awareness,93126,2184,70,2178.63,38305.65,17.5824,3.0
MC-21189,2024-08-05,BR,Brasília,Researcher,mid,Portuguese,search,acquisition,27981,1715,123,5457.78,95488.16,17.4958,5.0
MC-22351,2024-08-05,GB,Glasgow,Architect,mid,English,display,acquisition,30789,428,24,1301.43,25349.78,19.4784,2.0
MC-21793,2024-08-05,FR,Marseille,Physician,mid,French,email,retention,23298,661,20,5397.47,20294.98,3.7601,7.0
MC-22844,2024-08-05,GB,Birmingham,Software Engineer,budget,English,display,awareness,500000,6973,255,3216.6,52759.23,16.4022,9.0
MC-20445,2024-08-05,DE,Frankfurt,Product Manager,budget,German,social_media,retention,45777,981,14,3651.02,1715.2,0.4698,8.0
MC-21393,2024-08-05,GB,Bristol,Software Engineer,budget,English,search,awareness,17175,1067,48,1812.44,9548.04,5.2681,7.0
MC-20267,2024-08-05,CA,Ottawa,Writer,budget,English,social_media,retention,14540,282,16,1132.85,1650.36,1.4568,10.0
MC-20109,2024-08-05,ZA,Pretoria,Teacher,mid,Afrikaans,social_media,acquisition,31340,512,13,2896.28,6866.53,2.3708,7.0
MC-20820,2024-08-05,BR,São Paulo,Product Manager,budget,Portuguese,social_media,acquisition,29375,600,21,3050.21,3109.03,1.0193,7.0
MC-22514,2024-08-05,US,Los Angeles,Sales Rep,mid,English,social_media,retention,87552,1808,133,3866.7,87890.6,22.7301,5.0
MC-21691,2024-08-05,US,Houston,Data Scientist,mid,English,influencer,awareness,52572,1144,25,841.63,30743.59,36.5286,8.0
MC-21714,2024-08-05,SG,Singapore,Architect,budget,English,search,retention,164061,11189,171,2561.85,34532.17,13.4794,2.0
MC-20364,2024-08-05,IN,Delhi,Architect,budget,Hindi,social_media,retention,487372,11176,543,1364.49,132849.04,97.3617,9.0
MC-22498,2024-08-05,US,Los Angeles,Marketing Manager,premium,English,social_media,retention,206852,3088,46,3148.42,173614.7,55.1434,2.0
MC-20372,2024-08-05,BR,Fortaleza,Teacher,mid,Portuguese,social_media,acquisition,67347,1330,49,1652.71,30238.43,18.2963,1.0
MC-22502,2024-08-05,FR,Marseille,Accountant,mid,French,search,retention,176837,9631,363,3771.33,264998.59,70.2666,5.0
MC-22837,2024-08-05,AU,Perth,HR Manager,budget,English,display,retention,1611,23,0,7113.13,0.0,0.0,1.0
MC-20021,2024-08-05,JP,Yokohama,Data Scientist,mid,Japanese,influencer,acquisition,220213,6572,288,2191.91,322329.84,147.0543,8.0
MC-22539,2024-08-05,US,Chicago,Marketing Manager,premium,English,social_media,retention,52390,1251,65,3190.25,278544.69,87.3112,1.0
MC-21942,2024-08-05,ES,Madrid,Physician,budget,Spanish,display,retention,34335,320,22,4695.99,3825.25,0.8146,4.0
MC-21711,2024-08-06,FR,Toulouse,HR Manager,premium,French,email,acquisition,12313,470,9,723.3,22322.98,30.8627,8.0
MC-21564,2024-08-06,IN,Chennai,Consultant,mid,Hindi,content_marketing,retention,53508,1108,45,518.41,29497.3,56.8996,2.0
MC-20949,2024-08-06,BR,Fortaleza,Consultant,budget,Portuguese,email,re_engagement,10991,384,21,4502.14,3443.86,0.7649,5.0
MC-20088,2024-08-06,DE,Berlin,Teacher,mid,German,display,acquisition,17343,166,12,1446.91,7727.75,5.3409,9.0
MC-22026,2024-08-06,US,Los Angeles,Data Scientist,mid,English,search,retention,22972,2021,93,662.51,119504.99,180.3822,6.0
MC-21724,2024-08-06,US,Houston,Physician,premium,English,display,acquisition,35742,458,33,1534.46,196269.97,127.9082,10.0
MC-20460,2024-08-06,BR,São Paulo,Accountant,mid,Portuguese,email,awareness,33057,911,9,477.96,7040.12,14.7295,8.0
MC-20966,2024-08-06,DE,Cologne,Consultant,budget,German,email,retention,15523,494,32,3041.76,5319.72,1.7489,7.0
MC-20005,2024-08-06,IN,Chennai,Lawyer,premium,Hindi,social_media,retention,121547,2772,33,273.01,166607.51,610.2616,6.0
MC-20874,2024-08-06,GB,Manchester,Sales Rep,mid,English,email,acquisition,8804,193,11,609.5,5079.01,8.3331,9.0
MC-21526,2024-08-06,NL,The Hague,Software Engineer,budget,Dutch,social_media,retention,174920,3274,50,1216.4,11223.47,9.2268,1.0
MC-21872,2024-08-06,IL,Haifa,Architect,mid,Hebrew,display,acquisition,20214,218,15,2538.21,14035.44,5.5297,8.0
MC-21735,2024-08-06,US,Houston,Researcher,budget,English,social_media,awareness,33295,649,12,4585.23,2059.47,0.4492,1.0
MC-21264,2024-08-06,IN,Mumbai,Architect,mid,Hindi,content_marketing,retention,20563,369,27,2510.93,36001.64,14.338,3.0
MC-22265,2024-08-06,IN,Hyderabad,HR Manager,mid,Hindi,social_media,acquisition,392997,9957,494,7615.46,267632.66,35.1433,10.0
MC-21353,2024-08-06,FR,Bordeaux,Accountant,mid,French,social_media,awareness,257802,4363,264,208.41,213197.31,1022.9706,8.0
MC-20167,2024-08-06,IN,Hyderabad,Software Engineer,budget,Hindi,influencer,acquisition,101134,2966,74,6798.91,16853.2,2.4788,6.0
MC-20919,2024-08-06,US,Los Angeles,Designer,budget,English,search,acquisition,32336,1887,25,1122.97,2498.41,2.2248,10.0
MC-21030,2024-08-06,FR,Marseille,Consultant,mid,French,search,acquisition,25719,2161,23,693.58,15830.06,22.8237,2.0
MC-20348,2024-08-06,GB,Glasgow,Accountant,premium,English,display,retention,94107,1400,66,2865.93,232134.28,80.9979,2.0
MC-20028,2024-08-06,US,Los Angeles,Product Manager,budget,English,social_media,retention,95397,1966,120,934.31,15654.76,16.7554,10.0
MC-20468,2024-08-06,ES,Madrid,Architect,budget,Spanish,social_media,retention,119765,2100,164,1071.44,40039.51,37.3698,6.0
MC-20856,2024-08-06,BR,São Paulo,Researcher,premium,Portuguese,content_marketing,retention,33422,721,52,3244.67,186132.06,57.3655,8.0
MC-21319,2024-08-06,GB,Manchester,Product Manager,premium,English,display,acquisition,7926,89,3,4001.67,11430.68,2.8565,2.0
MC-22828,2024-08-06,DE,Cologne,Sales Rep,mid,German,social_media,retention,117427,2948,137,4546.88,72635.87,15.9749,2.0
MC-22580,2024-08-06,CA,Toronto,Architect,budget,English,social_media,retention,54580,1359,22,749.17,3794.9,5.0655,9.0
MC-20674,2024-08-06,IN,Bangalore,Writer,mid,Hindi,content_marketing,acquisition,8467,165,8,510.15,5299.12,10.3874,1.0
MC-21976,2024-08-06,DE,Munich,Writer,mid,German,social_media,retention,47007,968,59,1353.1,36723.09,27.14,10.0
MC-21438,2024-08-06,AU,Melbourne,Writer,premium,English,social_media,re_engagement,43822,824,48,3910.14,119306.18,30.512,5.0
MC-20481,2024-08-06,JP,Osaka,Researcher,mid,Japanese,display,retention,45894,572,43,3459.54,29288.09,8.4659,5.0
MC-20960,2024-08-06,US,San Francisco,Writer,premium,English,display,acquisition,145413,1960,139,593.56,320743.41,540.3723,3.0
MC-22208,2024-08-06,DE,Munich,Software Engineer,mid,German,email,acquisition,22063,632,48,752.62,47741.32,63.4335,2.0
MC-22449,2024-08-06,US,Houston,Product Manager,mid,English,search,acquisition,42966,4053,148,6953.17,141719.42,20.382,7.0
MC-22477,2024-08-06,AU,Perth,HR Manager,mid,English,search,awareness,160224,13081,803,2025.01,390155.28,192.6683,4.0
MC-22488,2024-08-06,GB,Bristol,Teacher,premium,English,email,acquisition,14216,546,39,2569.02,106143.45,41.3167,4.0
MC-20593,2024-08-07,US,Phoenix,Teacher,premium,English,email,acquisition,18089,465,28,3540.92,63297.72,17.8761,6.0
MC-21641,2024-08-07,DE,Munich,Data Scientist,budget,German,social_media,awareness,500000,9361,192,1982.66,40342.57,20.3477,3.0
MC-22743,2024-08-07,IN,Chennai,Product Manager,mid,Hindi,email,awareness,60675,1692,17,511.23,11292.26,22.0884,9.0
MC-21731,2024-08-07,MX,Tijuana,Physician,premium,Spanish,social_media,retention,29935,729,42,1880.53,270550.87,143.8695,10.0
MC-22868,2024-08-07,GB,Leeds,Accountant,mid,English,search,awareness,19288,1872,95,2787.18,74741.41,26.8161,5.0
MC-20543,2024-08-07,IN,Kolkata,Architect,premium,Hindi,content_marketing,acquisition,3706,65,3,2247.66,15131.99,6.7323,4.0
MC-20187,2024-08-07,CA,Calgary,Marketing Manager,mid,English,social_media,acquisition,49815,868,24,646.35,17007.19,26.3127,8.0
MC-21655,2024-08-07,FR,Toulouse,Consultant,budget,French,email,awareness,8850,240,17,431.3,3050.72,7.0733,3.0
MC-20769,2024-08-07,AU,Melbourne,Physician,mid,English,social_media,acquisition,32135,833,31,3030.08,38800.09,12.805,7.0
MC-21496,2024-08-07,US,San Francisco,Teacher,mid,English,social_media,acquisition,211945,4200,105,992.44,53672.59,54.0814,3.0
MC-20218,2024-08-07,US,Chicago,Physician,mid,English,social_media,acquisition,52955,1116,28,2726.53,29981.93,10.9964,3.0
MC-21122,2024-08-07,SG,Singapore,Writer,mid,English,influencer,acquisition,7664,154,7,1006.13,4669.23,4.6408,4.0
MC-21876,2024-08-07,GB,Manchester,Data Scientist,budget,English,email,retention,9914,296,9,4054.35,1518.61,0.3746,2.0
MC-22292,2024-08-07,US,Chicago,Product Manager,mid,English,email,retention,36140,1240,33,1545.61,27976.3,18.1005,6.0
MC-22618,2024-08-07,ZA,Port Elizabeth,Sales Rep,budget,Afrikaans,search,acquisition,108929,9942,630,4558.61,58224.48,12.7724,10.0
MC-22125,2024-08-07,US,Houston,Physician,mid,English,display,acquisition,161205,1439,36,1962.56,37236.48,18.9734,4.0
MC-22475,2024-08-07,US,Los Angeles,Physician,budget,English,email,acquisition,7506,187,10,1264.85,2180.52,1.7239,8.0
MC-22612,2024-08-07,US,Houston,Architect,mid,English,search,acquisition,36682,3193,248,11940.17,320638.12,26.8537,10.0
MC-20040,2024-08-07,FR,Nice,Physician,mid,French,email,awareness,9282,227,14,8405.65,14847.66,1.7664,2.0
MC-22814,2024-08-07,JP,Tokyo,Data Scientist,budget,Japanese,influencer,awareness,113313,3597,173,454.24,31686.22,69.7566,5.0
MC-22120,2024-08-07,ZA,Pretoria,Product Manager,mid,Afrikaans,display,acquisition,63984,873,13,542.57,10161.04,18.7276,1.0
MC-21594,2024-08-07,IL,Tel Aviv,Marketing Manager,premium,Hebrew,search,retention,204495,15390,257,2235.87,1164358.69,520.7631,5.0
MC-20198,2024-08-07,US,New York,Writer,mid,English,search,awareness,4116,255,5,1315.67,2349.31,1.7856,4.0
MC-22745,2024-08-07,DE,Hamburg,Marketing Manager,budget,German,email,retention,6845,176,2,2055.86,279.4,0.1359,9.0
MC-21569,2024-08-07,IN,Mumbai,Data Scientist,mid,Hindi,search,acquisition,34715,2160,30,430.9,33646.15,78.0834,3.0
MC-22816,2024-08-07,IN,Chennai,Sales Rep,budget,Hindi,email,awareness,44940,1452,39,5876.0,3847.65,0.6548,10.0
MC-22692,2024-08-07,CA,Calgary,Consultant,premium,English,social_media,re_engagement,22242,574,26,6272.63,87224.47,13.9056,7.0
MC-22321,2024-08-07,NL,The Hague,Designer,budget,Dutch,social_media,retention,230212,5542,433,1050.22,50024.14,47.6321,2.0
MC-21543,2024-08-07,US,New York,Product Manager,mid,English,search,re_engagement,13984,978,40,1249.46,30170.21,24.1466,5.0
MC-20306,2024-08-07,US,Los Angeles,Sales Rep,budget,English,search,acquisition,15387,1293,72,2891.88,8136.37,2.8135,1.0
MC-20975,2024-08-08,US,Phoenix,HR Manager,mid,English,influencer,acquisition,62602,1905,32,13263.15,20312.29,1.5315,6.0
MC-20398,2024-08-08,IN,Delhi,Designer,mid,Hindi,social_media,retention,133197,3268,223,1025.46,140068.12,136.5905,3.0
MC-20846,2024-08-08,IN,Delhi,Software Engineer,budget,Hindi,search,acquisition,24292,1299,31,1232.35,5817.31,4.7205,1.0
MC-21939,2024-08-08,IN,Bangalore,Software Engineer,mid,Hindi,email,awareness,7889,249,4,976.5,5244.14,5.3703,4.0
MC-21430,2024-08-08,US,New York,Designer,mid,English,email,awareness,21324,491,30,2205.48,17186.01,7.7924,9.0
MC-22762,2024-08-08,IN,Delhi,Sales Rep,premium,Hindi,email,retention,39162,924,41,3154.25,118467.35,37.558,8.0
MC-21013,2024-08-08,US,Seattle,Sales Rep,budget,English,social_media,retention,20962,330,8,1498.08,729.45,0.4869,6.0
MC-20196,2024-08-08,GB,Birmingham,HR Manager,premium,English,social_media,acquisition,71770,1819,139,202.21,366910.39,1814.5017,4.0
MC-22731,2024-08-08,DE,Stuttgart,Software Engineer,premium,German,search,retention,8566,829,59,2498.11,327421.8,131.0678,3.0
MC-22186,2024-08-08,BR,São Paulo,Software Engineer,budget,Portuguese,content_marketing,retention,5404,85,6,2691.53,1260.39,0.4683,10.0
MC-20212,2024-08-08,AU,Adelaide,HR Manager,budget,English,email,acquisition,3852,88,5,5251.87,479.7,0.0913,4.0
MC-21398,2024-08-08,GB,Birmingham,Consultant,mid,English,content_marketing,retention,101980,1699,59,2562.47,48987.17,19.1172,2.0
MC-20222,2024-08-08,NL,Amsterdam,Teacher,premium,Dutch,email,acquisition,6559,249,11,5839.98,31859.41,5.4554,7.0
MC-20094,2024-08-08,JP,Yokohama,Data Scientist,budget,Japanese,social_media,retention,76810,1378,26,3492.69,6502.29,1.8617,9.0
MC-21669,2024-08-08,US,Houston,Architect,mid,English,email,acquisition,50879,1141,59,424.16,55908.19,131.8092,5.0
MC-21360,2024-08-08,US,Los Angeles,Marketing Manager,budget,English,email,acquisition,2510,82,2,720.21,243.52,0.3381,5.0
MC-20334,2024-08-08,US,Houston,Writer,mid,English,social_media,retention,134082,2723,83,775.54,41596.35,53.6353,9.0
MC-20703,2024-08-08,AU,Adelaide,Writer,premium,English,display,acquisition,472524,4874,304,634.96,818998.96,1289.8434,6.0
MC-22094,2024-08-08,BR,São Paulo,HR Manager,premium,Portuguese,search,retention,27294,1809,75,1177.61,174015.92,147.7704,9.0
MC-22536,2024-08-08,DE,Munich,Sales Rep,premium,German,search,retention,7586,518,40,4740.41,125676.18,26.5117,4.0
MC-22542,2024-08-08,US,Houston,Lawyer,mid,English,search,retention,28312,2575,69,7762.86,77530.74,9.9874,10.0
MC-20016,2024-08-08,GB,Manchester,HR Manager,mid,English,search,retention,55528,4691,342,1105.02,224065.97,202.771,7.0
MC-21832,2024-08-08,DE,Stuttgart,Teacher,mid,German,email,retention,20729,619,43,5743.43,27457.45,4.7807,2.0
MC-20420,2024-08-08,SG,Singapore,Software Engineer,premium,English,content_marketing,acquisition,6380,125,4,1922.9,20806.23,10.8202,4.0
MC-21221,2024-08-08,US,Los Angeles,Teacher,mid,English,display,retention,114954,1521,74,607.5,45578.39,75.0262,9.0
MC-21848,2024-08-08,US,Chicago,Product Manager,premium,English,search,awareness,30915,2593,61,1341.88,258519.19,192.6545,1.0
MC-22008,2024-08-08,US,Seattle,HR Manager,budget,English,email,awareness,38853,1109,12,1772.99,1455.12,0.8207,3.0
MC-21858,2024-08-08,DE,Frankfurt,Designer,budget,German,search,retention,19671,1802,110,3724.75,13408.46,3.5998,8.0
MC-21859,2024-08-08,FR,Paris,Consultant,premium,French,display,acquisition,144744,2167,60,427.47,239192.94,559.5549,2.0
MC-21059,2024-08-08,FR,Nice,Physician,premium,French,social_media,acquisition,150240,3306,33,1110.27,169317.18,152.5009,6.0
MC-20790,2024-08-08,FR,Bordeaux,Product Manager,mid,French,social_media,retention,79087,1881,115,1554.45,110013.53,70.7733,1.0
MC-22165,2024-08-08,IL,Tel Aviv,Physician,mid,Hebrew,search,re_engagement,99764,7012,507,989.84,657153.24,663.8984,4.0
MC-20131,2024-08-08,US,New York,Architect,mid,English,email,retention,12752,473,35,827.48,42532.14,51.3996,7.0
MC-20529,2024-08-08,BR,Fortaleza,Sales Rep,mid,Portuguese,social_media,acquisition,219257,3639,146,8414.03,94490.0,11.2301,4.0
MC-22538,2024-08-08,NL,The Hague,Product Manager,mid,Dutch,search,acquisition,6749,622,30,1568.63,19437.38,12.3913,6.0
MC-20585,2024-08-09,IN,Bangalore,HR Manager,budget,Hindi,social_media,awareness,15950,373,18,950.45,1612.96,1.697,2.0
MC-20296,2024-08-09,IN,Chennai,Writer,mid,Hindi,social_media,awareness,136492,3366,186,1550.57,123466.82,79.6267,2.0
MC-21973,2024-08-09,GB,Manchester,Product Manager,premium,English,email,acquisition,23755,875,38,964.38,180644.52,187.3167,3.0
MC-21414,2024-08-09,FR,Paris,Product Manager,mid,French,search,retention,112234,9296,598,233.05,392006.14,1682.0688,2.0
MC-20840,2024-08-09,IL,Netanya,Data Scientist,premium,Hebrew,social_media,awareness,98787,2430,25,2362.97,119466.32,50.5577,4.0
MC-22374,2024-08-09,IN,Delhi,Designer,budget,Hindi,search,awareness,51201,3542,167,1917.66,17843.19,9.3047,6.0
MC-20702,2024-08-09,NL,Utrecht,Lawyer,budget,Dutch,email,acquisition,35382,801,36,6002.26,6450.0,1.0746,3.0
MC-22981,2024-08-09,GB,Manchester,Sales Rep,mid,English,content_marketing,retention,83447,1512,72,912.55,41215.26,45.1649,1.0
MC-21704,2024-08-09,GB,Leeds,HR Manager,budget,English,social_media,acquisition,307210,5396,89,883.13,8289.46,9.3865,6.0
MC-22021,2024-08-09,US,Houston,Product Manager,mid,English,content_marketing,retention,8331,143,6,823.3,5634.98,6.8444,9.0
MC-21703,2024-08-09,GB,Bristol,Teacher,mid,English,search,acquisition,28717,2589,194,2588.84,121728.64,47.0205,10.0
MC-20316,2024-08-09,IN,Kolkata,Teacher,premium,Hindi,email,awareness,38333,1110,74,5813.79,213896.61,36.7913,8.0
MC-20365,2024-08-09,US,San Francisco,Designer,mid,English,search,acquisition,171593,14181,563,5229.58,359325.64,68.7102,7.0
MC-21666,2024-08-09,FR,Bordeaux,Product Manager,mid,French,search,acquisition,28028,2698,101,495.6,71143.16,143.5496,6.0
MC-20389,2024-08-09,ZA,Durban,Sales Rep,premium,Afrikaans,email,acquisition,3562,114,7,2254.63,17132.71,7.5989,3.0
MC-22951,2024-08-09,SG,Singapore,Marketing Manager,budget,English,email,awareness,31623,755,28,2289.42,3689.0,1.6113,3.0
MC-20143,2024-08-09,NL,Amsterdam,Teacher,premium,Dutch,email,re_engagement,8189,269,14,2093.81,40880.51,19.5245,2.0
MC-20717,2024-08-09,US,Phoenix,Marketing Manager,mid,English,email,retention,1978,44,2,739.1,1543.68,2.0886,1.0
MC-22943,2024-08-09,ES,Madrid,Lawyer,mid,Spanish,display,re_engagement,56142,748,15,1035.02,14478.84,13.9889,4.0
MC-20719,2024-08-09,BR,Fortaleza,Researcher,premium,Portuguese,social_media,acquisition,500000,10137,284,6074.43,1238175.53,203.834,1.0
MC-22857,2024-08-09,US,Los Angeles,Data Scientist,premium,English,social_media,awareness,18030,259,12,1732.98,57190.0,33.001,6.0
MC-20353,2024-08-09,DE,Munich,Product Manager,budget,German,display,acquisition,33795,506,12,1053.43,1994.03,1.8929,5.0
MC-21102,2024-08-09,US,Phoenix,Lawyer,premium,English,social_media,retention,67512,1205,46,1912.93,222360.11,116.2406,6.0
MC-20687,2024-08-09,US,Los Angeles,Lawyer,mid,English,search,awareness,38796,2309,92,5996.21,122312.47,20.3983,8.0
MC-21749,2024-08-09,US,Phoenix,Researcher,mid,English,email,acquisition,3452,97,4,418.36,2925.01,6.9916,7.0
MC-21217,2024-08-09,DE,Cologne,HR Manager,budget,German,email,acquisition,34720,972,39,201.61,3874.36,19.2171,2.0
MC-22302,2024-08-09,IN,Bangalore,Architect,budget,Hindi,email,acquisition,5913,208,11,3364.74,2691.83,0.8,3.0
MC-20241,2024-08-09,US,San Francisco,Data Scientist,premium,English,email,awareness,11801,332,21,5098.89,99670.24,19.5474,7.0
MC-20777,2024-08-09,JP,Osaka,Writer,budget,Japanese,display,awareness,359241,4366,142,1363.06,15646.48,11.4789,6.0
MC-22809,2024-08-09,IN,Chennai,Sales Rep,mid,Hindi,email,awareness,209941,5249,90,5128.87,47576.48,9.2762,3.0
MC-21678,2024-08-09,US,San Francisco,Physician,mid,English,search,retention,5190,456,33,2405.45,38214.32,15.8866,8.0
MC-22751,2024-08-09,US,Chicago,Teacher,mid,English,email,retention,141108,3869,138,550.18,70233.18,127.6549,6.0
MC-22398,2024-08-09,ES,Seville,Consultant,mid,Spanish,social_media,retention,500000,9428,120,1869.03,83387.07,44.6152,10.0
MC-21514,2024-08-09,NL,Rotterdam,Designer,mid,Dutch,social_media,acquisition,24215,470,6,1129.99,3586.08,3.1736,5.0
MC-22599,2024-08-09,FR,Toulouse,Sales Rep,budget,French,email,retention,9601,305,18,1965.7,1651.87,0.8403,3.0
MC-22715,2024-08-09,SG,Singapore,Consultant,premium,English,email,awareness,7253,209,12,1458.26,56254.56,38.5765,7.0
MC-21213,2024-08-09,MX,Monterrey,Researcher,premium,Spanish,email,re_engagement,42500,1205,32,1051.88,109599.76,104.1942,3.0
MC-21680,2024-08-09,US,New York,Marketing Manager,premium,English,email,acquisition,23737,833,52,517.72,221363.01,427.5728,2.0
MC-21683,2024-08-10,IN,Pune,Data Scientist,budget,Hindi,content_marketing,acquisition,85551,1402,70,5509.67,12569.83,2.2814,5.0
MC-20768,2024-08-10,ZA,Johannesburg,Architect,budget,Afrikaans,influencer,re_engagement,176274,4272,181,989.37,44777.9,45.259,10.0
MC-21909,2024-08-10,US,Los Angeles,Accountant,budget,English,social_media,acquisition,146842,3487,136,585.2,21301.97,36.4012,3.0
MC-20337,2024-08-10,IN,Chennai,Writer,premium,Hindi,influencer,retention,28659,806,31,339.41,88364.68,260.3479,3.0
MC-20972,2024-08-10,CA,Ottawa,Teacher,budget,English,social_media,retention,274155,5652,378,494.44,45863.94,92.7594,8.0
MC-22313,2024-08-10,US,Los Angeles,HR Manager,budget,English,email,retention,14132,316,14,1082.83,1244.05,1.1489,10.0
MC-20767,2024-08-10,GB,Leeds,Accountant,mid,English,email,retention,79760,1826,131,1431.22,97785.54,68.3232,9.0
MC-20839,2024-08-10,DE,Frankfurt,HR Manager,mid,German,content_marketing,retention,12043,219,3,1432.62,1891.83,1.3205,1.0
MC-20970,2024-08-10,SG,Singapore,Lawyer,mid,English,email,acquisition,4529,110,1,1878.2,1219.07,0.6491,10.0
MC-22592,2024-08-10,GB,Bristol,Software Engineer,premium,English,search,acquisition,96964,5642,339,2017.94,1578890.44,782.4269,4.0
MC-21419,2024-08-10,BR,São Paulo,Software Engineer,budget,Portuguese,social_media,awareness,32067,766,51,21974.05,10004.76,0.4553,2.0
MC-21420,2024-08-10,AU,Adelaide,Data Scientist,mid,English,search,retention,117172,9756,509,15448.45,551775.95,35.7172,7.0
MC-22215,2024-08-10,GB,Glasgow,Product Manager,premium,English,social_media,retention,73402,1171,19,2173.13,72323.4,33.2808,5.0
MC-22139,2024-08-10,US,San Francisco,Architect,mid,English,social_media,awareness,130890,2850,207,9392.71,245009.9,26.0851,7.0
MC-21446,2024-08-10,GB,Leeds,Software Engineer,budget,English,social_media,acquisition,500000,9976,142,2180.32,27693.29,12.7015,10.0
MC-22983,2024-08-10,US,Chicago,Sales Rep,mid,English,social_media,acquisition,78807,1525,104,488.16,57617.71,118.0304,1.0
MC-20221,2024-08-10,US,Houston,Product Manager,mid,English,influencer,retention,22212,508,27,521.32,25889.93,49.6623,3.0
MC-22063,2024-08-11,DE,Hamburg,Software Engineer,mid,German,email,re_engagement,86354,3128,247,7962.44,244019.63,30.6463,8.0
MC-20289,2024-08-11,JP,Nagoya,Software Engineer,mid,Japanese,display,acquisition,500000,5033,221,1840.28,269520.16,146.4561,3.0
MC-21716,2024-08-11,US,Phoenix,Software Engineer,premium,English,email,awareness,41989,1376,77,1601.79,419163.21,261.6842,5.0
MC-21388,2024-08-11,US,Chicago,Accountant,budget,English,search,acquisition,111602,9364,241,899.09,31820.53,35.3919,9.0
MC-21815,2024-08-11,MX,Tijuana,Consultant,mid,Spanish,influencer,acquisition,17006,308,19,5917.1,17010.41,2.8748,6.0
MC-21656,2024-08-11,FR,Toulouse,Physician,mid,French,social_media,acquisition,66147,959,50,6966.01,64639.37,9.2793,8.0
MC-22010,2024-08-11,FR,Toulouse,Designer,premium,French,search,acquisition,81138,6006,457,3512.7,1511250.24,430.2247,2.0
MC-22656,2024-08-11,NL,Eindhoven,Lawyer,budget,Dutch,email,awareness,9449,353,22,2588.18,4459.13,1.7229,9.0
MC-21534,2024-08-11,US,Chicago,Writer,mid,English,social_media,acquisition,62367,1613,85,491.03,42914.3,87.3965,8.0
MC-22835,2024-08-11,CA,Ottawa,Writer,premium,English,content_marketing,awareness,15378,215,8,1152.53,21256.62,18.4434,6.0
MC-22968,2024-08-11,DE,Cologne,Lawyer,premium,German,influencer,acquisition,38376,1158,17,1023.72,111857.35,109.2656,1.0
MC-22728,2024-08-11,FR,Nice,Sales Rep,premium,French,display,awareness,142212,1667,63,1703.28,150529.28,88.3761,9.0
MC-21164,2024-08-11,IN,Kolkata,HR Manager,budget,Hindi,search,awareness,66505,4530,250,7904.91,28593.7,3.6172,2.0
MC-22740,2024-08-11,US,Seattle,Physician,mid,English,social_media,awareness,106560,2229,43,892.74,51757.1,57.9756,10.0
MC-20454,2024-08-12,IN,Bangalore,Data Scientist,premium,Hindi,social_media,re_engagement,27342,589,40,929.14,253260.02,272.5747,7.0
MC-21249,2024-08-12,CA,Montreal,Writer,budget,English,display,acquisition,419289,5192,136,32174.8,12388.44,0.385,5.0
MC-22112,2024-08-12,IL,Beer Sheva,Teacher,mid,Hebrew,social_media,retention,35677,775,36,8899.0,21516.54,2.4179,6.0
MC-20595,2024-08-12,US,Chicago,Architect,premium,English,social_media,acquisition,67010,1660,73,2168.19,332557.54,153.3803,2.0
MC-22567,2024-08-12,SG,Singapore,Architect,mid,English,email,awareness,7692,173,3,1439.01,3420.18,2.3768,3.0
MC-20237,2024-08-12,DE,Stuttgart,Software Engineer,budget,German,email,awareness,4598,128,7,8213.31,1744.56,0.2124,10.0
MC-21662,2024-08-12,BR,Salvador,Marketing Manager,mid,Portuguese,email,re_engagement,30097,857,60,1384.73,51556.12,37.2319,5.0
MC-21440,2024-08-12,AU,Adelaide,HR Manager,mid,English,email,retention,25814,652,49,1998.67,21954.35,10.9845,10.0
MC-20133,2024-08-12,IN,Delhi,Teacher,premium,Hindi,content_marketing,retention,229120,3392,265,2485.64,751875.85,302.4878,5.0
MC-20518,2024-08-12,IN,Chennai,Marketing Manager,budget,Hindi,email,retention,17237,534,33,2476.66,5068.01,2.0463,6.0
MC-22339,2024-08-12,FR,Toulouse,Sales Rep,premium,French,display,acquisition,47358,431,11,403.91,27443.99,67.9458,8.0
MC-20948,2024-08-12,US,Phoenix,Architect,mid,English,search,acquisition,15737,1038,28,434.65,27153.65,62.4724,5.0
MC-22042,2024-08-12,CA,Calgary,Designer,budget,English,social_media,acquisition,14137,220,17,245.17,1465.5,5.9775,4.0
MC-22049,2024-08-12,US,San Francisco,Researcher,premium,English,social_media,retention,9615,139,4,2368.2,18780.65,7.9303,9.0
MC-20079,2024-08-12,JP,Sapporo,Researcher,budget,Japanese,search,retention,78168,5287,250,132.55,33676.5,254.0664,5.0
MC-22987,2024-08-12,DE,Hamburg,Writer,premium,German,social_media,re_engagement,243505,4221,92,32340.67,226580.53,7.0061,4.0
MC-20031,2024-08-12,US,Los Angeles,Accountant,premium,English,social_media,retention,14185,281,10,1441.26,46289.26,32.1172,10.0
MC-22965,2024-08-12,US,Los Angeles,Teacher,budget,English,email,acquisition,66413,1883,112,1091.21,11544.41,10.5795,5.0
MC-21893,2024-08-12,DE,Hamburg,Architect,premium,German,social_media,acquisition,70185,1299,58,753.52,359314.29,476.8477,5.0
MC-21882,2024-08-12,DE,Hamburg,Architect,budget,German,social_media,acquisition,500000,12803,676,3814.38,139013.93,36.4447,5.0
MC-20406,2024-08-12,NL,The Hague,Product Manager,mid,Dutch,social_media,retention,138772,2494,192,391.83,150104.73,383.0864,6.0
MC-22249,2024-08-12,GB,London,Consultant,premium,English,search,re_engagement,124657,11694,291,1113.89,1129962.64,1014.4293,3.0
MC-21492,2024-08-12,IN,Delhi,Software Engineer,mid,Hindi,search,acquisition,172801,10894,647,4008.99,594200.6,148.217,3.0
MC-21845,2024-08-12,SG,Singapore,Accountant,budget,English,social_media,awareness,10632,258,4,6717.27,547.27,0.0815,1.0
MC-21843,2024-08-12,US,New York,Lawyer,mid,English,search,retention,117180,9935,760,1305.5,981497.86,751.8176,9.0
MC-21785,2024-08-12,US,Houston,Marketing Manager,mid,English,display,re_engagement,70830,867,10,1237.12,8668.31,7.0068,4.0
MC-22882,2024-08-12,GB,London,Software Engineer,mid,English,search,acquisition,78961,4544,282,13207.74,326992.66,24.7577,5.0
MC-22483,2024-08-12,ES,Valencia,Lawyer,mid,Spanish,email,awareness,194248,7065,380,692.07,442501.44,639.3883,4.0
MC-21611,2024-08-12,IL,Haifa,HR Manager,mid,Hebrew,search,re_engagement,45624,2966,58,1424.11,28520.21,20.0267,4.0
MC-21086,2024-08-12,CA,Montreal,Marketing Manager,premium,English,search,acquisition,19482,1464,39,1323.25,142700.34,107.8408,1.0
MC-20998,2024-08-12,FR,Lyon,Data Scientist,premium,French,social_media,awareness,38337,724,56,1023.6,277240.75,270.8487,6.0
MC-21816,2024-08-12,US,Chicago,Designer,mid,English,search,retention,7891,534,7,3802.94,4121.25,1.0837,9.0
MC-20174,2024-08-12,US,Seattle,Consultant,premium,English,email,awareness,11080,342,7,690.99,23193.96,33.5663,8.0
MC-20637,2024-08-13,US,Houston,Consultant,mid,English,search,awareness,18658,1583,75,6244.05,69021.66,11.054,6.0
MC-22143,2024-08-13,ZA,Pretoria,Software Engineer,mid,Afrikaans,social_media,acquisition,176667,4433,228,1940.22,218407.55,112.5684,1.0
MC-22071,2024-08-13,ZA,Cape Town,Architect,mid,Afrikaans,search,re_engagement,30340,2805,191,729.88,227230.46,311.3258,6.0
MC-22810,2024-08-13,ES,Bilbao,Software Engineer,premium,Spanish,email,retention,3828,134,5,4807.98,22663.21,4.7137,6.0
MC-20539,2024-08-13,ES,Seville,Software Engineer,mid,Spanish,social_media,acquisition,343797,5882,155,3233.62,159626.48,49.3646,4.0
MC-22629,2024-08-13,FR,Marseille,Researcher,mid,French,social_media,retention,276645,5864,304,4359.2,242482.9,55.6256,2.0
MC-21259,2024-08-13,BR,São Paulo,Consultant,mid,Portuguese,search,awareness,6742,506,27,5403.1,23862.2,4.4164,2.0
MC-22595,2024-08-13,IN,Chennai,Lawyer,premium,Hindi,social_media,awareness,30845,446,25,759.2,119106.81,156.8846,4.0
MC-22122,2024-08-13,JP,Yokohama,Researcher,mid,Japanese,social_media,acquisition,99320,2295,141,271.83,119222.3,438.5914,9.0
MC-22324,2024-08-13,JP,Sapporo,Product Manager,budget,Japanese,social_media,awareness,22577,328,13,724.99,1976.89,2.7268,9.0
MC-20646,2024-08-13,AU,Brisbane,Researcher,budget,English,search,retention,7487,612,17,1102.15,2727.09,2.4743,3.0
MC-22808,2024-08-13,AU,Sydney,Sales Rep,budget,English,display,awareness,150408,1442,87,8113.56,8991.1,1.1082,2.0
MC-22646,2024-08-13,GB,London,Physician,mid,English,email,acquisition,3157,104,1,431.3,1187.28,2.7528,3.0
MC-22875,2024-08-13,FR,Lyon,Physician,budget,French,email,retention,7930,298,16,5076.94,3238.25,0.6378,3.0
MC-21190,2024-08-13,IN,Pune,Physician,mid,Hindi,search,acquisition,50238,3136,84,1787.83,91590.24,51.2298,3.0
MC-21890,2024-08-13,CA,Toronto,Software Engineer,budget,English,social_media,awareness,259227,5628,144,15674.43,30195.12,1.9264,3.0
MC-21021,2024-08-13,NL,Amsterdam,Software Engineer,mid,Dutch,social_media,acquisition,74722,1578,64,4863.76,79425.16,16.33,3.0
MC-21887,2024-08-13,AU,Sydney,Researcher,mid,English,social_media,awareness,69172,1489,21,6941.29,19247.51,2.7729,6.0
MC-22469,2024-08-13,ES,Seville,Writer,premium,Spanish,display,awareness,500000,6251,440,1798.33,1246418.89,693.098,5.0
MC-22911,2024-08-13,DE,Munich,Data Scientist,budget,German,search,retention,65707,5456,161,2912.96,36023.74,12.3667,9.0
MC-21825,2024-08-13,ES,Seville,HR Manager,budget,Spanish,social_media,re_engagement,49535,1270,90,4320.15,8342.92,1.9312,10.0
MC-22915,2024-08-13,ES,Valencia,Lawyer,budget,Spanish,social_media,retention,112227,1814,48,3447.9,9031.85,2.6195,4.0
MC-21966,2024-08-13,US,Chicago,Data Scientist,budget,English,content_marketing,re_engagement,163437,2168,93,3414.79,23392.09,6.8502,4.0
MC-21968,2024-08-13,US,San Francisco,Physician,budget,English,display,retention,246390,2594,191,2377.1,38751.22,16.3019,5.0
MC-21764,2024-08-13,US,San Francisco,Lawyer,mid,English,social_media,re_engagement,500000,10248,707,13120.3,875598.74,66.7362,4.0
MC-20354,2024-08-13,US,Los Angeles,Sales Rep,mid,English,social_media,awareness,181150,4637,200,295.28,126652.99,428.9251,9.0
MC-20450,2024-08-13,IN,Bangalore,Physician,mid,Hindi,email,acquisition,84555,2536,97,1365.16,101694.31,74.4926,7.0
MC-22552,2024-08-13,GB,Leeds,Consultant,mid,English,content_marketing,retention,305959,4230,208,2320.76,149500.77,64.4189,8.0
MC-21713,2024-08-13,IN,Mumbai,Consultant,mid,Hindi,email,re_engagement,32474,989,44,2586.5,35982.16,13.9115,6.0
MC-21686,2024-08-13,BR,Fortaleza,Writer,budget,Portuguese,email,acquisition,6935,249,9,1402.35,1095.89,0.7815,9.0
MC-22383,2024-08-13,US,San Francisco,Software Engineer,mid,English,social_media,re_engagement,92407,2235,75,2215.27,92156.75,41.6007,7.0
MC-21153,2024-08-13,SG,Singapore,Product Manager,premium,English,email,acquisition,17723,447,24,314.62,114571.37,364.1579,10.0
MC-20477,2024-08-13,IN,Chennai,HR Manager,mid,Hindi,social_media,acquisition,53165,1013,46,2930.55,25969.93,8.8618,3.0
MC-21168,2024-08-13,IN,Pune,Writer,budget,Hindi,social_media,re_engagement,500000,7188,377,1488.45,40046.98,26.9052,10.0
MC-21650,2024-08-13,US,San Francisco,Sales Rep,premium,English,email,acquisition,18088,598,35,3405.35,79016.01,23.2035,4.0
MC-20480,2024-08-13,US,Los Angeles,Software Engineer,premium,English,social_media,acquisition,55180,884,70,32034.56,393342.36,12.2787,4.0
MC-20946,2024-08-13,BR,São Paulo,Software Engineer,budget,Portuguese,social_media,acquisition,191617,4829,103,4161.76,17756.16,4.2665,3.0
MC-22373,2024-08-13,US,Houston,Teacher,budget,English,search,re_engagement,75643,5536,248,1688.54,26640.8,15.7774,9.0
MC-21194,2024-08-13,NL,The Hague,Sales Rep,mid,Dutch,email,awareness,11593,404,29,17398.25,13727.09,0.789,3.0
MC-21437,2024-08-13,IN,Chennai,Teacher,mid,Hindi,email,acquisition,68623,1604,82,19857.44,38978.92,1.9629,10.0
MC-22899,2024-08-13,SG,Singapore,Designer,mid,English,social_media,awareness,171212,3764,228,1022.12,105704.97,103.4174,2.0
MC-21301,2024-08-13,FR,Lyon,Researcher,premium,French,search,acquisition,40867,3831,76,851.76,258226.96,303.1687,3.0
MC-21391,2024-08-13,ES,Bilbao,Product Manager,premium,Spanish,email,acquisition,44874,1039,68,864.01,323316.98,374.2051,4.0
MC-21327,2024-08-13,ES,Seville,Consultant,mid,Spanish,email,awareness,36155,1272,62,12252.82,51418.59,4.1965,4.0
MC-22685,2024-08-13,US,Houston,HR Manager,mid,English,search,awareness,6990,568,23,491.21,12627.93,25.7078,9.0
MC-21386,2024-08-13,US,Seattle,Marketing Manager,budget,English,email,awareness,6996,214,2,1851.42,303.74,0.1641,10.0
MC-22277,2024-08-13,ZA,Port Elizabeth,Teacher,mid,Afrikaans,search,acquisition,18330,1002,19,1699.81,8736.9,5.1399,2.0
MC-20254,2024-08-13,CA,Ottawa,Marketing Manager,budget,English,influencer,awareness,24415,571,31,4482.1,5131.07,1.1448,9.0
MC-20626,2024-08-13,ZA,Cape Town,Product Manager,budget,Afrikaans,email,awareness,20666,465,5,536.14,672.25,1.2539,4.0
MC-21363,2024-08-13,US,Phoenix,Sales Rep,mid,English,display,acquisition,70707,749,39,452.51,18647.69,41.2095,8.0
MC-21325,2024-08-13,MX,Monterrey,Lawyer,mid,Spanish,email,awareness,11332,397,4,8250.96,3950.37,0.4788,8.0
MC-22317,2024-08-14,US,Chicago,Consultant,mid,English,influencer,retention,40527,0,0,2658.81,0.0,0.0,5.0
MC-22569,2024-08-14,IN,Kolkata,Architect,premium,Hindi,email,awareness,10155,0,0,709.03,0.0,0.0,2.0
MC-21412,2024-08-14,BR,Salvador,Writer,budget,Portuguese,social_media,awareness,252142,0,0,850.29,0.0,0.0,4.0
MC-20511,2024-08-14,MX,Monterrey,HR Manager,budget,Spanish,influencer,retention,80881,0,0,342.48,0.0,0.0,9.0
MC-21581,2024-08-14,DE,Frankfurt,Physician,budget,German,influencer,awareness,49534,0,0,444.32,0.0,0.0,7.0
MC-20691,2024-08-14,AU,Adelaide,Architect,budget,English,search,re_engagement,25975,0,0,272.75,0.0,0.0,6.0
MC-20679,2024-08-14,IN,Delhi,Marketing Manager,premium,Hindi,search,awareness,22323,0,0,1184.41,0.0,0.0,10.0
MC-21960,2024-08-14,IN,Delhi,Sales Rep,budget,Hindi,email,awareness,18315,0,0,821.23,0.0,0.0,10.0
MC-20465,2024-08-14,CA,Montreal,Writer,budget,English,social_media,retention,114590,0,0,3570.91,0.0,0.0,2.0
MC-20689,2024-08-14,FR,Paris,Physician,premium,French,search,acquisition,210551,0,0,3337.52,0.0,0.0,2.0
MC-22876,2024-08-14,AU,Adelaide,Consultant,mid,English,search,retention,60541,0,0,769.69,0.0,0.0,9.0
MC-22746,2024-08-14,JP,Osaka,Writer,premium,Japanese,search,retention,500000,0,0,1663.1,0.0,0.0,6.0
MC-21535,2024-08-14,CA,Toronto,Marketing Manager,mid,English,email,acquisition,39164,0,0,7214.31,0.0,0.0,2.0
MC-22792,2024-08-14,US,San Francisco,Accountant,mid,English,influencer,acquisition,443250,0,0,50.0,0.0,0.0,5.0
MC-21120,2024-08-14,FR,Toulouse,Sales Rep,mid,French,social_media,re_engagement,471927,0,0,385.74,0.0,0.0,9.0
MC-22633,2024-08-14,IN,Hyderabad,HR Manager,budget,Hindi,social_media,re_engagement,241332,0,0,9915.66,0.0,0.0,9.0
MC-20449,2024-08-14,FR,Nice,Accountant,mid,French,influencer,acquisition,71942,0,0,481.6,0.0,0.0,2.0
MC-22511,2024-08-14,BR,Brasília,Product Manager,budget,Portuguese,content_marketing,awareness,11218,0,0,794.93,0.0,0.0,8.0
MC-21127,2024-08-14,US,New York,Designer,budget,English,email,acquisition,500000,0,0,2550.41,0.0,0.0,1.0
MC-21095,2024-08-14,MX,Mexico City,Designer,premium,Spanish,social_media,re_engagement,30890,0,0,575.75,0.0,0.0,10.0
MC-21423,2024-08-14,US,Los Angeles,HR Manager,mid,English,search,retention,4479,0,0,12167.4,0.0,0.0,1.0
MC-22204,2024-08-14,IN,Pune,Physician,mid,Hindi,search,awareness,134151,0,0,833.21,0.0,0.0,1.0
MC-21223,2024-08-14,AU,Perth,Writer,mid,English,email,retention,120142,0,0,358.89,0.0,0.0,9.0
MC-22130,2024-08-14,SG,Singapore,HR Manager,mid,English,search,acquisition,3853,0,0,2794.72,0.0,0.0,2.0
MC-21141,2024-08-14,IN,Hyderabad,Software Engineer,budget,Hindi,email,re_engagement,74249,0,0,2802.91,0.0,0.0,7.0
MC-22533,2024-08-14,AU,Sydney,Physician,budget,English,social_media,acquisition,38287,0,0,2635.8,0.0,0.0,6.0
MC-21276,2024-08-14,ES,Barcelona,Architect,budget,Spanish,social_media,retention,140815,0,0,1228.35,0.0,0.0,7.0
MC-20685,2024-08-14,US,San Francisco,Software Engineer,premium,English,influencer,awareness,500000,0,0,1806.15,0.0,0.0,9.0
MC-20727,2024-08-14,US,Houston,Consultant,mid,English,influencer,acquisition,374565,0,0,1483.51,0.0,0.0,2.0
MC-22027,2024-08-14,FR,Lyon,HR Manager,mid,French,social_media,acquisition,464230,0,0,569.17,0.0,0.0,9.0
MC-20857,2024-08-14,NL,Utrecht,Product Manager,budget,Dutch,search,awareness,73292,0,0,4133.33,0.0,0.0,5.0
MC-21290,2024-08-14,MX,Puebla,Writer,mid,Spanish,social_media,retention,79280,0,0,827.14,0.0,0.0,7.0
MC-21049,2024-08-14,NL,Eindhoven,Writer,mid,Dutch,content_marketing,retention,11185,0,0,633.12,0.0,0.0,7.0
MC-21829,2024-08-14,US,Los Angeles,Designer,budget,English,social_media,retention,126070,0,0,1592.48,0.0,0.0,1.0
MC-22880,2024-08-14,MX,Mexico City,Designer,mid,Spanish,email,acquisition,35963,0,0,5455.57,0.0,0.0,10.0
MC-20672,2024-08-14,IN,Hyderabad,Software Engineer,mid,Hindi,social_media,acquisition,112967,0,0,4354.77,0.0,0.0,8.0
MC-20659,2024-08-14,IN,Mumbai,Accountant,budget,Hindi,influencer,awareness,293002,0,0,512.22,0.0,0.0,10.0
MC-20842,2024-08-14,IN,Delhi,Sales Rep,budget,Hindi,content_marketing,acquisition,18501,0,0,3926.54,0.0,0.0,4.0
MC-21323,2024-08-14,ZA,Johannesburg,Researcher,mid,Afrikaans,influencer,re_engagement,24690,0,0,2806.83,0.0,0.0,9.0
MC-22888,2024-08-14,IN,Delhi,Data Scientist,budget,Hindi,display,awareness,427002,0,0,3436.3,0.0,0.0,5.0
MC-22050,2024-08-14,US,Houston,Accountant,mid,English,social_media,retention,137407,0,0,1254.26,0.0,0.0,1.0
MC-21948,2024-08-14,CA,Montreal,Lawyer,budget,English,display,awareness,53826,0,0,1427.27,0.0,0.0,10.0
MC-20997,2024-08-14,ZA,Pretoria,HR Manager,budget,Afrikaans,influencer,awareness,128574,0,0,386.98,0.0,0.0,4.0
MC-20937,2024-08-14,DE,Stuttgart,Designer,mid,German,social_media,acquisition,87107,0,0,3008.86,0.0,0.0,10.0
MC-20416,2024-08-15,US,Phoenix,Designer,mid,English,influencer,acquisition,53938,1267,59,1181.94,30026.21,25.4042,5.0
MC-22328,2024-08-15,ES,Madrid,Sales Rep,budget,Spanish,content_marketing,awareness,34759,480,28,2761.0,3012.19,1.091,10.0
MC-22390,2024-08-15,US,Seattle,Lawyer,budget,English,search,acquisition,27400,2540,90,982.49,18212.87,18.5375,7.0
MC-21671,2024-08-15,DE,Munich,Consultant,budget,German,social_media,retention,82690,1569,48,1270.35,6268.78,4.9347,2.0
MC-21720,2024-08-15,NL,Amsterdam,Accountant,mid,Dutch,social_media,retention,90437,1765,122,885.94,102703.53,115.9261,4.0
MC-22369,2024-08-15,US,Seattle,Physician,budget,English,email,acquisition,39784,1139,27,3927.86,4694.46,1.1952,6.0
MC-21308,2024-08-15,NL,Utrecht,Sales Rep,mid,Dutch,email,retention,49902,1464,62,6964.24,36801.67,5.2844,3.0
MC-22852,2024-08-15,GB,Glasgow,Product Manager,premium,English,social_media,retention,113280,1891,26,1358.17,102427.19,75.4156,7.0
MC-22045,2024-08-15,IN,Chennai,Physician,budget,Hindi,email,retention,52738,1922,136,4037.68,28757.57,7.1223,9.0
MC-22931,2024-08-15,AU,Brisbane,Architect,budget,English,influencer,re_engagement,421257,10920,713,2262.86,123948.36,54.7751,3.0
MC-20805,2024-08-15,IN,Bangalore,Marketing Manager,mid,Hindi,display,acquisition,258813,2996,205,6863.6,195213.31,28.4418,5.0
MC-22007,2024-08-15,US,San Francisco,Writer,mid,English,social_media,retention,28765,471,30,548.57,19535.9,35.6124,3.0
MC-21857,2024-08-15,US,Houston,Product Manager,premium,English,email,awareness,14715,473,7,6493.96,31128.56,4.7935,2.0
MC-22079,2024-08-15,US,Houston,Software Engineer,budget,English,influencer,retention,8397,262,20,1671.54,4701.01,2.8124,4.0
MC-22648,2024-08-15,GB,Manchester,Physician,mid,English,email,acquisition,3460,120,7,4636.03,7189.71,1.5508,8.0
MC-22516,2024-08-15,US,San Francisco,Lawyer,premium,English,social_media,retention,28190,584,19,476.93,116902.61,245.1148,10.0
MC-22023,2024-08-15,US,New York,Sales Rep,budget,English,influencer,acquisition,15913,498,12,3362.55,1240.99,0.3691,2.0
MC-22611,2024-08-15,ES,Valencia,Teacher,budget,Spanish,email,retention,5351,161,4,4472.91,376.87,0.0843,9.0
MC-22061,2024-08-15,US,Chicago,Consultant,premium,English,content_marketing,acquisition,27673,503,9,1563.44,31609.61,20.218,6.0
MC-22842,2024-08-15,US,Los Angeles,Physician,budget,English,influencer,acquisition,174544,4542,98,5781.69,24083.32,4.1654,7.0
MC-20367,2024-08-15,ZA,Cape Town,Software Engineer,mid,Afrikaans,display,acquisition,108657,1651,27,8299.03,33918.89,4.0871,6.0
MC-22840,2024-08-15,US,New York,Sales Rep,premium,English,influencer,awareness,93295,2820,36,4626.5,113435.22,24.5186,6.0
MC-22973,2024-08-15,DE,Frankfurt,Accountant,budget,German,social_media,retention,500000,11350,527,48949.22,84367.57,1.7236,8.0
MC-20871,2024-08-15,GB,Manchester,Writer,mid,English,social_media,awareness,500000,12380,685,1316.88,372199.15,282.6371,7.0
MC-20184,2024-08-15,ZA,Pretoria,Lawyer,budget,Afrikaans,influencer,acquisition,66778,1330,75,890.93,14716.72,16.5184,5.0
MC-21142,2024-08-15,IL,Jerusalem,Researcher,budget,Hebrew,social_media,awareness,67850,1288,40,224.08,4946.18,22.0733,3.0
MC-20780,2024-08-15,BR,Salvador,Designer,premium,Portuguese,email,acquisition,52553,1639,84,2318.28,213916.75,92.2739,1.0
MC-21476,2024-08-15,IL,Netanya,Marketing Manager,budget,Hebrew,search,acquisition,6021,548,8,1330.02,1242.72,0.9344,4.0
MC-22562,2024-08-15,US,Los Angeles,Writer,budget,English,email,acquisition,10291,297,17,3982.53,1443.27,0.3624,5.0
MC-21615,2024-08-16,GB,Bristol,Writer,mid,English,social_media,re_engagement,38715,810,43,4714.23,24922.56,5.2867,9.0
MC-21187,2024-08-16,AU,Perth,Accountant,budget,English,social_media,awareness,500000,8213,503,2485.88,76904.83,30.9367,8.0
MC-22603,2024-08-16,US,New York,Accountant,premium,English,influencer,awareness,8661,236,12,1372.05,54394.72,39.6449,1.0
MC-22628,2024-08-16,BR,Brasília,Marketing Manager,mid,Portuguese,social_media,acquisition,39462,1013,69,598.81,46286.48,77.2974,4.0
MC-20749,2024-08-16,GB,Bristol,Researcher,mid,English,display,awareness,84903,1168,33,428.29,30827.4,71.9779,7.0
MC-20138,2024-08-16,US,Houston,Product Manager,premium,English,search,retention,67197,4244,319,996.94,1304510.48,1308.5145,2.0
MC-20110,2024-08-16,BR,São Paulo,Architect,mid,Portuguese,email,awareness,13927,538,31,3418.46,33331.5,9.7504,1.0
MC-21115,2024-08-16,US,Chicago,Data Scientist,mid,English,search,retention,353576,27130,882,16308.62,1084920.55,66.5244,5.0
MC-22394,2024-08-16,FR,Paris,Lawyer,premium,French,search,retention,1684,146,5,2258.5,31465.65,13.9321,3.0
MC-21128,2024-08-16,DE,Cologne,HR Manager,premium,German,email,acquisition,12615,288,9,2877.65,24855.21,8.6373,10.0
MC-22940,2024-08-16,US,Los Angeles,Designer,mid,English,email,acquisition,7228,239,3,2126.89,1641.62,0.7718,7.0
MC-22705,2024-08-16,US,Chicago,Researcher,budget,English,social_media,acquisition,232172,3554,97,1340.19,17038.8,12.7137,10.0
MC-20132,2024-08-16,IN,Mumbai,Writer,mid,Hindi,social_media,retention,107842,1996,112,644.33,67486.65,104.7393,3.0
MC-20935,2024-08-16,IN,Kolkata,Architect,mid,Hindi,content_marketing,awareness,212126,3324,127,1907.25,117952.48,61.8443,6.0
MC-21139,2024-08-16,ZA,Port Elizabeth,Software Engineer,premium,Afrikaans,display,awareness,29835,419,8,807.69,52396.05,64.8715,2.0
MC-21415,2024-08-16,GB,London,Physician,mid,English,email,acquisition,22025,689,13,1023.18,12124.37,11.8497,5.0
MC-22944,2024-08-16,FR,Paris,Sales Rep,mid,French,email,retention,8472,238,11,3009.44,5127.18,1.7037,9.0
MC-21701,2024-08-16,FR,Bordeaux,Software Engineer,budget,French,display,acquisition,61416,908,51,732.77,10287.5,14.0392,1.0
MC-20971,2024-08-16,GB,Leeds,Writer,mid,English,email,acquisition,13646,505,12,2463.05,6932.19,2.8145,9.0
MC-20764,2024-08-16,IN,Kolkata,Marketing Manager,mid,Hindi,social_media,retention,476560,9692,212,835.17,171079.46,204.8439,7.0
MC-22859,2024-08-16,US,Seattle,Consultant,mid,English,email,awareness,1694,58,1,535.85,665.72,1.2424,9.0
MC-21957,2024-08-16,IN,Delhi,Data Scientist,budget,Hindi,social_media,acquisition,149900,3151,92,1853.81,18944.03,10.219,8.0
MC-20644,2024-08-16,IN,Mumbai,Architect,mid,Hindi,email,re_engagement,13906,538,32,992.86,41679.62,41.9794,1.0
MC-22767,2024-08-16,IN,Kolkata,Data Scientist,premium,Hindi,email,acquisition,45771,1291,26,410.07,134785.71,328.6895,10.0
MC-21950,2024-08-16,JP,Sapporo,Product Manager,mid,Japanese,email,acquisition,193880,7075,544,13471.87,510880.77,37.922,4.0
MC-20781,2024-08-16,FR,Toulouse,Physician,mid,French,search,acquisition,22863,1457,55,1976.07,52954.02,26.7976,1.0
MC-22709,2024-08-16,US,San Francisco,Lawyer,premium,English,search,retention,14532,956,41,2471.68,249108.8,100.7852,10.0
MC-21343,2024-08-16,FR,Bordeaux,Designer,premium,French,influencer,awareness,38761,954,16,4124.65,44492.15,10.7869,8.0
MC-20179,2024-08-16,DE,Munich,HR Manager,premium,German,social_media,acquisition,500000,7536,163,1659.39,453786.2,273.4657,5.0
MC-21926,2024-08-16,DE,Frankfurt,Marketing Manager,premium,German,social_media,acquisition,9747,194,10,2107.43,37671.58,17.8756,2.0
MC-20546,2024-08-16,US,Phoenix,Consultant,budget,English,email,acquisition,23508,682,42,828.09,6110.62,7.3792,7.0
MC-22639,2024-08-16,GB,Glasgow,Software Engineer,mid,English,search,acquisition,6547,614,7,3109.63,7322.49,2.3548,6.0
MC-21956,2024-08-16,MX,Tijuana,Software Engineer,mid,Spanish,email,awareness,42913,1067,33,390.14,40754.03,104.46,3.0
MC-21427,2024-08-16,ES,Madrid,Marketing Manager,budget,Spanish,social_media,awareness,38442,652,20,1830.39,2822.49,1.542,7.0
MC-20265,2024-08-16,US,San Francisco,Marketing Manager,mid,English,social_media,awareness,14592,280,20,622.79,15339.77,24.6307,7.0
MC-21895,2024-08-16,ZA,Johannesburg,HR Manager,mid,Afrikaans,social_media,acquisition,500000,8947,614,793.54,305593.57,385.1017,5.0
MC-21029,2024-08-16,US,San Francisco,Product Manager,budget,English,email,awareness,39567,1282,15,1873.07,2312.96,1.2348,10.0
MC-21962,2024-08-16,DE,Hamburg,Product Manager,budget,German,influencer,acquisition,85089,2447,129,1713.03,16004.82,9.343,8.0
MC-21961,2024-08-16,IN,Pune,Marketing Manager,premium,Hindi,influencer,awareness,29379,720,45,2981.59,195673.88,65.6274,3.0
MC-20169,2024-08-16,BR,Brasília,Marketing Manager,budget,Portuguese,influencer,retention,56820,1716,44,1227.37,6673.11,5.4369,7.0
MC-20238,2024-08-17,US,Seattle,Lawyer,mid,English,email,acquisition,172332,5344,59,149.57,64075.19,428.396,6.0
MC-20815,2024-08-17,US,Los Angeles,HR Manager,mid,English,display,re_engagement,160233,2441,86,1926.43,54998.51,28.5494,6.0
MC-21792,2024-08-17,IN,Hyderabad,Designer,mid,Hindi,influencer,re_engagement,154429,3469,126,1702.83,57117.15,33.5425,3.0
MC-22382,2024-08-17,US,Phoenix,Sales Rep,mid,English,content_marketing,awareness,55197,1055,14,1248.54,7543.08,6.0415,7.0
MC-22158,2024-08-17,AU,Sydney,Lawyer,mid,English,email,re_engagement,6661,211,9,3688.64,10148.0,2.7511,1.0
MC-21658,2024-08-17,GB,Birmingham,Teacher,mid,English,email,awareness,43510,1190,31,1200.87,20529.75,17.0957,5.0
MC-21351,2024-08-17,ZA,Durban,Lawyer,budget,Afrikaans,email,awareness,7198,223,8,227.02,1571.4,6.9219,7.0
MC-20952,2024-08-17,US,Chicago,Product Manager,mid,English,social_media,re_engagement,27592,580,44,898.57,35212.13,39.1869,6.0
MC-22977,2024-08-17,IN,Pune,Lawyer,mid,Hindi,social_media,acquisition,113877,2348,181,335.79,208776.8,621.7481,3.0
MC-21899,2024-08-17,US,New York,Product Manager,budget,English,email,acquisition,10114,300,8,1770.56,1310.45,0.7401,2.0
MC-21176,2024-08-17,US,Los Angeles,Researcher,mid,English,social_media,acquisition,327202,5494,388,1116.7,352134.35,315.3348,8.0
MC-20193,2024-08-17,IN,Chennai,Writer,budget,Hindi,email,acquisition,20365,713,11,173.09,1083.07,6.2573,3.0
MC-21025,2024-08-17,AU,Adelaide,Software Engineer,mid,English,display,awareness,11634,180,6,3156.61,7149.68,2.265,4.0
MC-20400,2024-08-17,ES,Bilbao,Sales Rep,premium,Spanish,email,acquisition,9846,287,5,1174.93,14181.69,12.0702,9.0
MC-21076,2024-08-17,NL,Eindhoven,Physician,budget,Dutch,content_marketing,retention,18962,414,7,4747.05,1650.35,0.3477,8.0
MC-20816,2024-08-17,DE,Cologne,Accountant,premium,German,email,acquisition,11956,443,27,7772.18,106159.75,13.6589,7.0
MC-20974,2024-08-17,DE,Hamburg,Physician,mid,German,social_media,retention,115460,2107,82,11015.56,107824.95,9.7884,8.0
MC-20312,2024-08-17,US,New York,Software Engineer,premium,English,search,acquisition,49002,3665,154,595.53,820017.97,1376.9549,9.0
MC-22104,2024-08-17,US,New York,Product Manager,mid,English,search,awareness,38740,2676,86,5679.45,60151.64,10.5911,5.0
MC-21565,2024-08-17,IN,Delhi,Product Manager,premium,Hindi,email,acquisition,49247,1040,47,5883.98,153252.36,26.0457,1.0
MC-20168,2024-08-17,FR,Paris,Product Manager,budget,French,content_marketing,acquisition,97366,2232,164,3006.62,25524.59,8.4895,7.0
MC-20900,2024-08-17,MX,Guadalajara,Data Scientist,mid,Spanish,email,re_engagement,3981,83,3,2495.46,3125.99,1.2527,6.0
MC-22294,2024-08-18,IN,Hyderabad,Physician,mid,Hindi,social_media,awareness,23117,324,22,14902.97,19919.1,1.3366,10.0
MC-22727,2024-08-18,JP,Osaka,Accountant,mid,Japanese,search,acquisition,74948,7299,514,881.59,365794.98,414.9264,1.0
MC-20818,2024-08-18,IN,Hyderabad,Physician,mid,Hindi,social_media,acquisition,59695,1071,18,3563.22,17396.88,4.8823,9.0
MC-21757,2024-08-18,US,Phoenix,Teacher,mid,English,display,acquisition,100542,1036,73,2127.19,48638.44,22.8651,9.0
MC-21429,2024-08-18,US,Seattle,Marketing Manager,budget,English,social_media,awareness,91937,2333,65,13111.88,8928.69,0.681,9.0
MC-20180,2024-08-18,US,San Francisco,Lawyer,budget,English,social_media,acquisition,51020,820,56,648.63,12380.02,19.0864,8.0
MC-22575,2024-08-18,IN,Pune,Researcher,mid,Hindi,email,acquisition,2876,79,3,1378.08,2754.0,1.9984,4.0
MC-20814,2024-08-18,FR,Toulouse,Sales Rep,budget,French,search,retention,86925,4722,331,7459.82,35367.06,4.741,9.0
MC-22803,2024-08-18,US,San Francisco,Software Engineer,budget,English,social_media,acquisition,5490,103,7,3878.17,1636.23,0.4219,1.0
MC-22137,2024-08-18,US,Los Angeles,HR Manager,mid,English,search,re_engagement,87173,7164,259,6637.02,145296.56,21.8918,1.0
MC-20211,2024-08-18,FR,Paris,Researcher,mid,French,social_media,acquisition,89790,2085,131,2409.17,100260.49,41.6162,2.0
MC-22011,2024-08-18,AU,Sydney,Physician,mid,English,content_marketing,acquisition,7810,120,8,9093.16,7657.31,0.8421,2.0
MC-20765,2024-08-18,DE,Stuttgart,HR Manager,mid,German,social_media,acquisition,63010,1580,68,2967.43,35687.68,12.0265,8.0
MC-20091,2024-08-18,US,New York,Lawyer,budget,English,social_media,retention,21147,369,28,6246.46,6126.49,0.9808,6.0
MC-21506,2024-08-18,ES,Bilbao,Consultant,premium,Spanish,content_marketing,awareness,6181,138,4,2169.42,17788.2,8.1995,10.0
MC-21742,2024-08-18,MX,Puebla,Designer,budget,Spanish,social_media,retention,18790,438,10,1824.06,1251.62,0.6862,8.0
MC-20734,2024-08-18,GB,Leeds,Architect,premium,English,email,awareness,7169,185,2,4235.73,13101.57,3.0931,6.0
MC-20965,2024-08-18,US,Houston,Consultant,budget,English,social_media,re_engagement,83717,1634,108,414.27,13835.92,33.3983,10.0
MC-21989,2024-08-19,US,New York,Data Scientist,premium,English,influencer,awareness,102366,2664,31,4450.74,182973.42,41.1108,5.0
MC-22856,2024-08-19,ES,Barcelona,Product Manager,mid,Spanish,email,awareness,23731,761,47,443.08,33662.38,75.9736,8.0
MC-22896,2024-08-19,US,Phoenix,Product Manager,budget,English,social_media,re_engagement,62090,1437,106,880.22,13960.2,15.8599,4.0
MC-21988,2024-08-19,IN,Mumbai,Lawyer,mid,Hindi,email,retention,20650,763,54,5008.48,60975.27,12.1744,8.0
MC-20754,2024-08-19,US,Chicago,Accountant,premium,English,email,acquisition,6346,162,7,5027.15,26653.22,5.3019,10.0
MC-21636,2024-08-19,IN,Hyderabad,Writer,mid,Hindi,search,acquisition,96546,5101,279,5938.57,172951.35,29.1234,5.0
MC-20713,2024-08-19,IN,Bangalore,Sales Rep,mid,Hindi,social_media,awareness,500000,11465,553,3860.69,314750.9,81.5271,6.0
MC-20023,2024-08-19,US,Chicago,Teacher,premium,English,email,acquisition,43476,1160,29,583.0,73943.23,126.8323,6.0
MC-21054,2024-08-19,US,Phoenix,HR Manager,budget,English,email,awareness,6786,210,8,3105.32,945.38,0.3044,9.0
MC-22376,2024-08-19,US,San Francisco,Marketing Manager,mid,English,email,awareness,9868,253,20,995.23,16576.84,16.6563,6.0
MC-21100,2024-08-19,US,Phoenix,Physician,premium,English,social_media,acquisition,271697,5658,91,893.98,586139.91,655.6522,8.0
MC-22413,2024-08-19,US,Los Angeles,Product Manager,mid,English,email,retention,4343,115,3,7796.5,2247.71,0.2883,9.0
MC-21661,2024-08-19,US,New York,Sales Rep,mid,English,social_media,acquisition,500000,8453,587,7933.97,270581.76,34.1042,9.0
MC-20982,2024-08-19,FR,Nice,Writer,budget,French,email,awareness,13277,485,13,364.95,1312.51,3.5964,3.0
MC-21134,2024-08-19,US,Chicago,Marketing Manager,budget,English,email,retention,1000,25,1,2077.14,167.37,0.0806,5.0
MC-22724,2024-08-19,IN,Hyderabad,Accountant,budget,Hindi,content_marketing,awareness,60231,1084,41,213.33,5583.27,26.172,6.0
MC-22418,2024-08-19,IN,Hyderabad,Sales Rep,premium,Hindi,social_media,re_engagement,163230,3496,120,951.74,302102.21,317.4209,5.0
MC-21676,2024-08-19,US,Los Angeles,Accountant,budget,English,email,acquisition,3349,103,6,4335.47,1014.33,0.234,1.0
MC-20987,2024-08-19,BR,Salvador,Data Scientist,budget,Portuguese,search,retention,140741,10400,582,2038.2,109659.61,53.8022,10.0
MC-21679,2024-08-19,IN,Bangalore,Accountant,budget,Hindi,email,retention,36722,1401,90,3654.74,12619.23,3.4528,1.0
MC-21366,2024-08-19,NL,Utrecht,Sales Rep,budget,Dutch,social_media,acquisition,195192,4400,254,979.42,21996.01,22.4582,2.0
MC-20491,2024-08-19,US,San Francisco,Physician,premium,English,email,retention,2208,70,2,7908.58,10826.07,1.3689,6.0
MC-20063,2024-08-19,US,Chicago,Software Engineer,budget,English,social_media,acquisition,11117,219,4,826.74,739.06,0.8939,4.0
MC-21521,2024-08-19,US,New York,Consultant,mid,English,email,acquisition,8819,286,9,526.05,7505.76,14.2681,4.0
MC-21197,2024-08-19,IN,Delhi,Accountant,mid,Hindi,social_media,acquisition,45425,694,36,7451.29,31282.24,4.1982,4.0
MC-22141,2024-08-19,IN,Kolkata,Architect,mid,Hindi,social_media,re_engagement,333530,7947,285,1516.42,318214.48,209.8459,1.0
MC-22748,2024-08-19,FR,Lyon,Teacher,budget,French,email,retention,5521,141,10,645.25,1112.28,1.7238,8.0
MC-21263,2024-08-19,US,Chicago,Sales Rep,mid,English,content_marketing,acquisition,20128,406,29,122.41,13699.82,111.9175,2.0
MC-22090,2024-08-19,DE,Frankfurt,Designer,mid,German,email,retention,6721,206,12,1756.66,5387.53,3.0669,9.0
MC-21428,2024-08-19,NL,Rotterdam,Accountant,premium,Dutch,email,acquisition,29914,897,71,617.46,290780.4,470.9299,5.0
MC-22361,2024-08-19,IN,Delhi,HR Manager,mid,Hindi,social_media,awareness,16372,309,22,974.02,12600.87,12.937,3.0
MC-22988,2024-08-19,CA,Vancouver,Sales Rep,mid,English,social_media,acquisition,34355,542,5,5579.79,3126.03,0.5602,9.0
MC-20077,2024-08-19,MX,Mexico City,Researcher,mid,Spanish,email,acquisition,3193,91,4,661.36,3195.57,4.8318,10.0
MC-22952,2024-08-19,US,Houston,Physician,budget,English,display,acquisition,119610,1707,116,1174.15,21256.21,18.1035,6.0
MC-22113,2024-08-19,US,Seattle,Software Engineer,mid,English,social_media,awareness,125080,2759,166,4308.09,168590.94,39.1336,5.0
MC-22353,2024-08-19,US,San Francisco,Sales Rep,budget,English,social_media,acquisition,183820,4217,187,1677.06,16720.74,9.9703,3.0
MC-20318,2024-08-19,BR,Salvador,Data Scientist,mid,Portuguese,email,re_engagement,70810,2415,91,99.61,118369.27,1188.3272,10.0
MC-22797,2024-08-19,US,San Francisco,HR Manager,mid,English,social_media,re_engagement,49650,1028,81,6191.54,49309.3,7.964,9.0
MC-20923,2024-08-19,US,New York,Designer,premium,English,influencer,acquisition,7911,170,1,960.99,2936.43,3.0556,9.0
MC-21486,2024-08-19,FR,Marseille,Writer,budget,French,display,re_engagement,228138,1962,83,2034.95,7913.26,3.8887,5.0
MC-22363,2024-08-19,BR,Fortaleza,HR Manager,budget,Portuguese,social_media,re_engagement,24850,454,20,6858.08,1914.57,0.2792,3.0
MC-22741,2024-08-19,DE,Stuttgart,Data Scientist,mid,German,search,retention,173869,11371,448,7137.87,421135.53,59.0002,2.0
MC-22670,2024-08-19,NL,Eindhoven,Physician,mid,Dutch,social_media,acquisition,157532,3225,112,2779.33,113722.69,40.9173,1.0
MC-22281,2024-08-19,NL,Eindhoven,Researcher,premium,Dutch,search,acquisition,76542,6462,152,1472.84,489391.76,332.2776,1.0
MC-22819,2024-08-19,US,San Francisco,Software Engineer,budget,English,email,acquisition,9731,258,17,254.52,3904.14,15.3392,2.0
MC-21287,2024-08-19,IN,Kolkata,HR Manager,mid,Hindi,content_marketing,awareness,50039,1107,34,3036.84,17489.68,5.7592,7.0
MC-20577,2024-08-19,DE,Hamburg,Lawyer,premium,German,social_media,retention,229860,3644,262,32740.45,1464554.72,44.7323,8.0
MC-22661,2024-08-19,MX,Monterrey,Researcher,budget,Spanish,email,acquisition,18539,570,23,649.89,3645.21,5.609,8.0
MC-22173,2024-08-19,GB,Bristol,Writer,mid,English,content_marketing,acquisition,265388,5930,148,5882.57,81372.36,13.8328,1.0
MC-22793,2024-08-20,ZA,Johannesburg,Marketing Manager,budget,Afrikaans,email,re_engagement,14973,358,8,11980.57,1011.44,0.0844,9.0
MC-20451,2024-08-20,SG,Singapore,Data Scientist,premium,English,social_media,retention,27475,553,18,1270.02,118635.69,93.4125,8.0
MC-22105,2024-08-20,IL,Haifa,Lawyer,mid,Hebrew,social_media,re_engagement,15760,380,7,1812.16,8684.15,4.7922,1.0
MC-22622,2024-08-20,ZA,Pretoria,Researcher,mid,Afrikaans,email,acquisition,45457,1750,115,960.8,96056.73,99.9758,4.0
MC-20391,2024-08-20,US,Los Angeles,Writer,budget,English,email,acquisition,87543,1886,89,2641.52,9562.51,3.6201,6.0
MC-20562,2024-08-20,CA,Toronto,Teacher,budget,English,search,acquisition,56198,5200,295,4907.61,26217.69,5.3423,6.0
MC-21920,2024-08-20,IN,Pune,Product Manager,mid,Hindi,content_marketing,re_engagement,84376,1367,76,2008.05,56180.64,27.9777,8.0
MC-20802,2024-08-20,FR,Bordeaux,HR Manager,mid,French,content_marketing,acquisition,73195,1073,78,3298.59,41786.73,12.6681,8.0
MC-20463,2024-08-20,US,Chicago,Software Engineer,mid,English,search,retention,7644,450,28,5329.48,36385.66,6.8272,3.0
MC-22561,2024-08-20,ES,Seville,Consultant,budget,Spanish,content_marketing,awareness,67388,1405,103,213.42,15288.12,71.634,5.0
MC-22344,2024-08-20,US,Phoenix,Data Scientist,mid,English,email,awareness,65963,1681,71,1971.75,87701.8,44.4792,7.0
MC-20158,2024-08-20,BR,Brasília,Writer,premium,Portuguese,search,acquisition,73551,5320,270,4396.72,871346.63,198.1811,9.0
MC-21145,2024-08-20,ZA,Port Elizabeth,Consultant,premium,Afrikaans,social_media,retention,143507,3696,89,1133.63,330463.36,291.509,1.0
MC-22290,2024-08-20,GB,Leeds,Writer,mid,English,social_media,awareness,106085,2723,78,1308.73,46347.42,35.414,8.0
MC-21132,2024-08-20,US,San Francisco,Data Scientist,mid,English,email,retention,4590,168,3,3928.4,3257.31,0.8292,8.0
MC-20363,2024-08-20,IN,Delhi,Marketing Manager,mid,Hindi,social_media,awareness,377897,7683,146,1265.12,113180.3,89.4621,2.0
MC-20570,2024-08-20,MX,Mexico City,Product Manager,mid,Spanish,social_media,acquisition,13637,337,23,969.78,16929.05,17.4566,10.0
MC-20628,2024-08-20,IN,Mumbai,Product Manager,mid,Hindi,email,awareness,10148,283,6,362.34,4047.56,11.1706,1.0
MC-22708,2024-08-20,IL,Beer Sheva,Designer,mid,Hebrew,email,acquisition,17790,477,8,4742.52,4302.65,0.9072,7.0
MC-20878,2024-08-20,US,San Francisco,Researcher,mid,English,search,acquisition,26845,1718,32,507.19,22042.97,43.461,8.0
MC-20730,2024-08-20,US,Los Angeles,Data Scientist,premium,English,display,acquisition,32622,465,13,1029.59,59660.51,57.9459,4.0
MC-21268,2024-08-20,CA,Toronto,HR Manager,mid,English,social_media,acquisition,19712,490,23,2608.97,13218.65,5.0666,2.0
MC-20995,2024-08-20,IL,Beer Sheva,HR Manager,budget,Hebrew,social_media,retention,13955,204,13,7634.12,1121.01,0.1468,2.0
MC-20698,2024-08-20,GB,Bristol,Sales Rep,mid,English,social_media,acquisition,18595,434,27,134.56,14337.43,106.5505,4.0
MC-22287,2024-08-20,IN,Pune,HR Manager,mid,Hindi,social_media,acquisition,34390,572,14,1612.31,7910.32,4.9062,4.0
MC-22975,2024-08-20,US,New York,Software Engineer,premium,English,email,acquisition,45019,1319,35,20298.5,158426.53,7.8048,3.0
MC-20380,2024-08-20,AU,Perth,Product Manager,premium,English,email,awareness,18817,620,24,1394.06,83842.12,60.1424,6.0
MC-21786,2024-08-20,US,New York,Product Manager,budget,English,email,awareness,4699,166,4,2138.79,631.79,0.2954,3.0
MC-20264,2024-08-20,SG,Singapore,Data Scientist,mid,English,social_media,awareness,11627,276,3,562.01,2991.9,5.3236,2.0
MC-21964,2024-08-20,DE,Frankfurt,Sales Rep,mid,German,social_media,acquisition,79935,1900,91,2851.06,45766.01,16.0523,10.0
MC-21381,2024-08-20,DE,Munich,Sales Rep,budget,German,search,retention,19794,1703,75,6727.75,6319.22,0.9393,2.0
MC-21503,2024-08-20,IN,Bangalore,Teacher,premium,Hindi,search,retention,58356,3918,41,6667.56,102725.85,15.4068,1.0
MC-22644,2024-08-20,US,Phoenix,Accountant,mid,English,search,retention,221546,20856,958,920.19,724396.75,787.2252,10.0
MC-20038,2024-08-20,US,New York,Writer,mid,English,social_media,awareness,500000,11212,528,11179.59,310548.97,27.7782,4.0
MC-22647,2024-08-20,DE,Hamburg,Software Engineer,premium,German,email,acquisition,110170,2673,86,2531.96,522707.48,206.4438,6.0
MC-22939,2024-08-20,US,San Francisco,Lawyer,budget,English,email,awareness,61020,1510,100,3215.69,17379.25,5.4045,2.0
MC-21163,2024-08-20,US,Houston,Writer,budget,English,email,acquisition,8695,287,3,2197.21,260.86,0.1187,2.0
MC-20590,2024-08-20,FR,Toulouse,Writer,budget,French,email,re_engagement,197748,7701,380,1054.62,36592.61,34.6974,5.0
MC-20022,2024-08-20,US,New York,HR Manager,budget,English,search,re_engagement,54555,3710,192,2342.03,18005.79,7.6881,4.0
MC-21624,2024-08-20,FR,Bordeaux,Sales Rep,mid,French,social_media,awareness,35555,635,41,2131.08,26261.85,12.3233,6.0
MC-20024,2024-08-20,IN,Chennai,Researcher,premium,Hindi,social_media,acquisition,66500,977,73,567.73,279944.7,493.0948,5.0
MC-21645,2024-08-20,GB,Glasgow,Software Engineer,budget,English,content_marketing,acquisition,7768,105,4,16361.99,953.51,0.0583,10.0
MC-22072,2024-08-21,GB,Glasgow,Sales Rep,budget,English,content_marketing,acquisition,30411,489,7,1250.53,798.2,0.6383,10.0
MC-22467,2024-08-21,CA,Montreal,Consultant,mid,English,influencer,retention,92102,2429,108,2937.64,96685.33,32.9126,6.0
MC-21405,2024-08-21,US,Phoenix,Data Scientist,mid,English,social_media,awareness,91890,1601,57,2813.23,69528.84,24.715,3.0
MC-22545,2024-08-21,GB,Glasgow,Software Engineer,mid,English,search,acquisition,21804,1841,34,1572.82,40083.83,25.4853,7.0
MC-20742,2024-08-21,FR,Bordeaux,Designer,premium,French,influencer,acquisition,105242,2108,36,244.52,88755.59,362.9789,5.0
MC-22995,2024-08-21,BR,Brasília,Physician,budget,Portuguese,email,awareness,4480,149,10,1974.93,1691.02,0.8562,2.0
MC-21546,2024-08-21,IN,Mumbai,Researcher,mid,Hindi,search,acquisition,134396,8480,538,1553.16,490557.35,315.8447,5.0
MC-21123,2024-08-21,ES,Seville,Product Manager,budget,Spanish,search,awareness,14834,895,59,3374.67,9106.59,2.6985,10.0
MC-21053,2024-08-21,DE,Hamburg,Marketing Manager,mid,German,social_media,retention,138552,2128,137,52.64,87753.49,1667.0496,1.0
MC-22784,2024-08-21,IL,Haifa,Writer,mid,Hebrew,email,acquisition,3054,74,4,2827.89,2561.73,0.9059,7.0
MC-20197,2024-08-21,FR,Bordeaux,Marketing Manager,mid,French,social_media,awareness,13907,281,21,4881.95,15418.97,3.1584,2.0
MC-21131,2024-08-21,DE,Stuttgart,Lawyer,premium,German,social_media,acquisition,14767,349,10,4039.2,50527.35,12.5092,1.0
MC-20204,2024-08-21,IN,Mumbai,Product Manager,budget,Hindi,display,retention,296934,3932,108,1016.21,18014.9,17.7275,9.0
MC-21281,2024-08-21,GB,Glasgow,Sales Rep,mid,English,email,acquisition,4136,126,4,4006.53,2360.21,0.5891,1.0
MC-22713,2024-08-21,IL,Haifa,Writer,premium,Hebrew,social_media,awareness,49377,866,47,453.4,129223.15,285.0092,7.0
MC-21465,2024-08-21,NL,Eindhoven,Lawyer,mid,Dutch,search,awareness,91324,5486,382,5140.65,440712.24,85.7308,8.0
MC-21349,2024-08-21,SG,Singapore,Sales Rep,premium,English,email,awareness,58959,1261,36,441.23,86305.05,195.601,10.0
MC-20050,2024-08-21,NL,Rotterdam,Lawyer,budget,Dutch,social_media,acquisition,491725,10138,569,2462.68,109142.93,44.3188,1.0
MC-21637,2024-08-21,BR,Fortaleza,Product Manager,mid,Portuguese,social_media,re_engagement,416740,8385,255,5348.78,213521.53,39.9197,2.0
MC-20483,2024-08-21,IN,Hyderabad,Product Manager,premium,Hindi,email,retention,6878,179,7,1039.24,32897.66,31.6555,6.0
MC-21996,2024-08-21,ZA,Durban,Sales Rep,mid,Afrikaans,social_media,acquisition,104320,1666,104,166.41,57639.31,346.3693,10.0
MC-21199,2024-08-21,US,Phoenix,Teacher,budget,English,search,acquisition,23897,1438,67,312.81,6894.44,22.0403,4.0
MC-21116,2024-08-21,GB,Glasgow,Software Engineer,premium,English,search,retention,58276,4571,264,1540.85,1758110.13,1141.0002,7.0
MC-21690,2024-08-21,JP,Yokohama,Consultant,mid,Japanese,search,awareness,56411,5401,370,50.0,329859.09,6597.1818,10.0
MC-22752,2024-08-21,AU,Perth,Writer,budget,English,email,acquisition,6329,239,16,1006.88,1630.81,1.6197,2.0
MC-22216,2024-08-21,AU,Adelaide,Consultant,budget,English,email,acquisition,16189,446,26,268.5,3404.28,12.6789,3.0
MC-22985,2024-08-21,DE,Berlin,Architect,premium,German,influencer,re_engagement,56692,1050,75,91.65,466112.19,5085.7849,1.0
MC-20926,2024-08-21,BR,São Paulo,Marketing Manager,budget,Portuguese,influencer,retention,54277,1007,56,6799.38,9640.02,1.4178,1.0
MC-22932,2024-08-21,US,Los Angeles,Accountant,premium,English,content_marketing,retention,9901,126,2,7024.33,7936.3,1.1298,8.0
MC-22607,2024-08-21,MX,Mexico City,Lawyer,budget,Spanish,email,retention,38847,962,14,4712.46,2828.22,0.6002,10.0
MC-21911,2024-08-21,MX,Puebla,Consultant,mid,Spanish,influencer,acquisition,37081,680,30,1156.85,23043.47,19.9192,4.0
MC-20490,2024-08-22,JP,Nagoya,Teacher,budget,Japanese,content_marketing,acquisition,3613,67,1,2146.67,103.78,0.0483,4.0
MC-22955,2024-08-22,GB,Glasgow,Writer,mid,English,email,acquisition,227244,7911,205,2206.89,114347.45,51.8138,10.0
MC-21062,2024-08-22,US,Houston,Sales Rep,budget,English,content_marketing,retention,4642,97,7,4970.13,688.57,0.1385,2.0
MC-21883,2024-08-22,IL,Jerusalem,Marketing Manager,budget,Hebrew,influencer,awareness,34943,694,42,4104.15,6121.87,1.4916,2.0
MC-22014,2024-08-22,US,Los Angeles,Sales Rep,premium,English,social_media,re_engagement,278062,6014,166,1114.88,407815.92,365.7936,3.0
MC-22159,2024-08-22,IN,Hyderabad,HR Manager,premium,Hindi,social_media,acquisition,75357,1722,80,1350.81,229402.92,169.8262,4.0
MC-22410,2024-08-22,CA,Vancouver,Teacher,premium,English,influencer,acquisition,222181,6165,406,710.68,1303307.02,1833.8873,9.0
MC-22091,2024-08-22,MX,Tijuana,HR Manager,mid,Spanish,email,retention,27143,685,25,1317.5,16517.7,12.5372,10.0
MC-22241,2024-08-22,BR,Rio de Janeiro,Data Scientist,mid,Portuguese,search,awareness,153054,8331,248,1183.87,294858.43,249.0632,1.0
MC-22874,2024-08-22,SG,Singapore,Lawyer,budget,English,search,acquisition,24633,1540,73,652.76,14303.36,21.9121,9.0
MC-22578,2024-08-22,US,San Francisco,Architect,mid,English,social_media,retention,500000,7599,595,702.66,566601.53,806.3666,9.0
MC-21639,2024-08-22,MX,Monterrey,Consultant,mid,Spanish,email,acquisition,41483,1018,15,907.37,12787.76,14.0932,1.0
MC-22863,2024-08-22,US,Phoenix,HR Manager,budget,English,display,acquisition,500000,4982,130,14028.5,14183.75,1.0111,2.0
MC-22195,2024-08-22,CA,Vancouver,Consultant,mid,English,search,retention,44271,2570,199,1566.14,133629.31,85.324,10.0
MC-20148,2024-08-22,US,Seattle,Lawyer,budget,English,email,acquisition,18136,425,16,6903.83,3285.66,0.4759,9.0
MC-20034,2024-08-22,IN,Pune,Software Engineer,mid,Hindi,social_media,acquisition,112457,1835,32,668.19,36581.84,54.7477,1.0
MC-22776,2024-08-22,IN,Mumbai,HR Manager,mid,Hindi,email,acquisition,232579,8070,139,1507.35,75288.01,49.9473,8.0
MC-21431,2024-08-22,IL,Tel Aviv,Data Scientist,budget,Hebrew,search,retention,14358,826,61,4040.62,12490.33,3.0912,6.0
MC-22232,2024-08-22,CA,Vancouver,Researcher,mid,English,email,acquisition,51223,1316,86,4275.01,66796.82,15.625,1.0
MC-21969,2024-08-22,DE,Berlin,Sales Rep,mid,German,email,retention,8137,259,7,2758.73,4112.91,1.4909,2.0
MC-20692,2024-08-22,MX,Monterrey,Researcher,budget,Spanish,content_marketing,retention,3562,56,4,1509.34,500.6,0.3317,6.0
MC-22425,2024-08-22,US,Houston,Product Manager,budget,English,social_media,awareness,500000,11694,231,1739.03,32184.08,18.5069,3.0
MC-22172,2024-08-22,ES,Barcelona,Writer,budget,Spanish,social_media,acquisition,19512,299,18,2079.66,2255.03,1.0843,2.0
MC-20019,2024-08-22,US,Los Angeles,Architect,mid,English,social_media,acquisition,222477,3497,83,1202.29,95624.05,79.5349,8.0
MC-21921,2024-08-22,IL,Haifa,Lawyer,budget,Hebrew,social_media,re_engagement,28195,506,17,1012.49,3309.45,3.2686,3.0
MC-20720,2024-08-22,US,Phoenix,Software Engineer,mid,English,social_media,retention,23140,575,25,1216.49,28118.65,23.1146,4.0
MC-22435,2024-08-22,CA,Toronto,Writer,budget,English,email,acquisition,3374,93,2,4223.02,172.74,0.0409,3.0
MC-22004,2024-08-22,IN,Mumbai,Designer,mid,Hindi,social_media,awareness,354042,5109,169,2354.68,102448.15,43.5083,1.0
MC-21677,2024-08-22,IN,Pune,Researcher,budget,Hindi,email,awareness,68564,2045,103,484.86,17453.9,35.9978,5.0
MC-21897,2024-08-22,IN,Kolkata,Consultant,mid,Hindi,display,acquisition,83628,1069,29,910.74,19080.69,20.9508,1.0
MC-22669,2024-08-22,ES,Bilbao,Data Scientist,mid,Spanish,email,retention,6740,190,4,385.2,4860.5,12.6181,6.0
MC-22613,2024-08-22,GB,Manchester,Researcher,budget,English,social_media,retention,24335,353,21,6916.65,3392.32,0.4905,2.0
MC-22107,2024-08-22,IN,Chennai,Writer,premium,Hindi,social_media,acquisition,48237,694,37,1479.1,106487.53,71.9948,5.0
MC-22990,2024-08-22,IN,Pune,HR Manager,budget,Hindi,search,awareness,1170,75,4,741.99,419.72,0.5657,4.0
MC-20469,2024-08-22,DE,Berlin,Lawyer,mid,German,social_media,re_engagement,43280,804,57,2572.99,69872.63,27.1562,6.0
MC-20710,2024-08-22,IN,Hyderabad,Marketing Manager,premium,Hindi,display,awareness,116043,1009,42,935.1,161366.11,172.5656,5.0
MC-20384,2024-08-22,FR,Toulouse,Designer,budget,French,search,acquisition,35397,1884,101,3381.67,11964.09,3.5379,4.0
MC-22795,2024-08-22,US,Chicago,Writer,premium,English,email,re_engagement,11356,418,4,1843.8,9292.43,5.0398,4.0
MC-22266,2024-08-22,US,New York,Sales Rep,budget,English,search,retention,165956,13369,976,9353.19,87179.78,9.3209,3.0
MC-20855,2024-08-22,US,Seattle,Sales Rep,premium,English,email,acquisition,5499,152,3,2453.59,6957.47,2.8356,6.0
MC-20721,2024-08-22,GB,Glasgow,Lawyer,premium,English,search,re_engagement,44721,2950,191,253.92,949847.66,3740.7359,9.0
MC-21006,2024-08-22,NL,The Hague,Sales Rep,mid,Dutch,search,acquisition,47067,3221,209,744.25,105508.77,141.7652,8.0
MC-21183,2024-08-23,ES,Seville,Marketing Manager,budget,Spanish,email,re_engagement,36563,1201,66,6712.22,9546.52,1.4223,2.0
MC-21489,2024-08-23,DE,Munich,Sales Rep,premium,German,email,acquisition,79840,1850,46,6908.01,139596.2,20.2079,2.0
MC-20118,2024-08-23,NL,Amsterdam,Designer,mid,Dutch,influencer,awareness,500000,10813,530,2616.89,315359.7,120.5093,3.0
MC-20725,2024-08-23,CA,Calgary,Product Manager,mid,English,social_media,acquisition,8640,190,9,1025.65,7271.99,7.0901,5.0
MC-21803,2024-08-23,US,Houston,Consultant,budget,English,email,re_engagement,189281,6218,441,1098.21,59014.03,53.7366,7.0
MC-21482,2024-08-23,GB,Birmingham,HR Manager,mid,English,email,acquisition,8982,288,20,1157.09,11836.61,10.2296,5.0
MC-21802,2024-08-23,NL,Amsterdam,Consultant,budget,Dutch,search,retention,46817,2772,148,2919.07,23799.69,8.1532,8.0
MC-21295,2024-08-23,BR,Salvador,Data Scientist,budget,Portuguese,social_media,retention,16157,248,18,788.78,3690.51,4.6788,5.0
MC-20008,2024-08-23,ES,Bilbao,Sales Rep,mid,Spanish,social_media,awareness,58400,910,67,2883.78,39947.13,13.8524,3.0
MC-22658,2024-08-23,FR,Lyon,Researcher,budget,French,social_media,acquisition,270770,4768,354,8638.96,45835.95,5.3057,9.0
MC-21809,2024-08-23,GB,Bristol,Consultant,mid,English,social_media,retention,185447,4095,177,386.7,168979.59,436.9785,2.0
MC-21473,2024-08-23,CA,Montreal,Teacher,premium,English,social_media,retention,32372,675,26,12289.85,66912.59,5.4445,1.0
MC-20625,2024-08-23,US,Seattle,Marketing Manager,mid,English,social_media,retention,500000,11326,860,2269.62,702800.84,309.6557,10.0
MC-20496,2024-08-23,GB,Bristol,Consultant,mid,English,display,awareness,13800,126,4,3330.33,3804.74,1.1425,4.0
MC-20812,2024-08-23,JP,Tokyo,HR Manager,budget,Japanese,display,awareness,228336,3489,175,776.09,20392.19,26.2755,1.0
MC-21285,2024-08-23,US,Houston,Data Scientist,premium,English,search,re_engagement,57952,4960,185,2100.36,1023630.81,487.3597,9.0
MC-20568,2024-08-23,US,Chicago,HR Manager,mid,English,content_marketing,acquisition,22880,518,12,642.43,7039.33,10.9573,1.0
MC-21294,2024-08-23,ZA,Johannesburg,Accountant,budget,Afrikaans,email,acquisition,42630,927,61,640.96,7889.96,12.3096,10.0
MC-20271,2024-08-23,US,Chicago,Marketing Manager,mid,English,social_media,retention,500000,8299,324,738.47,213872.26,289.6154,1.0
MC-21881,2024-08-23,US,Los Angeles,Data Scientist,budget,English,social_media,re_engagement,66970,1209,41,560.32,9591.76,17.1184,6.0
MC-21350,2024-08-23,BR,Rio de Janeiro,Writer,premium,Portuguese,email,awareness,43928,1710,128,2172.23,424168.2,195.2685,7.0
MC-20731,2024-08-23,IN,Hyderabad,Writer,premium,Hindi,email,acquisition,23327,691,17,156.36,47988.02,306.9073,6.0
MC-20706,2024-08-23,ZA,Durban,Data Scientist,mid,Afrikaans,email,acquisition,4940,109,7,2884.04,7226.81,2.5058,9.0
MC-20957,2024-08-23,IN,Hyderabad,Lawyer,mid,Hindi,search,acquisition,161705,10154,420,8702.62,389262.69,44.7294,5.0
MC-20499,2024-08-23,US,New York,Researcher,budget,English,social_media,acquisition,52630,758,52,835.9,7816.53,9.351,7.0
MC-22101,2024-08-23,IN,Mumbai,Marketing Manager,premium,Hindi,email,acquisition,29495,871,21,3764.73,96641.2,25.6702,8.0
MC-21585,2024-08-23,CA,Toronto,Marketing Manager,premium,English,email,retention,57945,2148,53,2547.62,235225.83,92.3316,2.0
MC-21104,2024-08-23,IN,Chennai,Designer,mid,Hindi,search,awareness,43586,2726,32,381.13,14590.0,38.2809,4.0
MC-20892,2024-08-23,CA,Montreal,Product Manager,mid,English,display,awareness,53187,785,53,2225.52,44913.43,20.1811,3.0
MC-22395,2024-08-23,DE,Cologne,Teacher,premium,German,influencer,acquisition,67010,1476,103,941.9,329357.87,349.6739,8.0
MC-20521,2024-08-23,GB,Leeds,Software Engineer,budget,English,email,retention,71508,2009,116,4854.86,22961.88,4.7297,1.0
MC-20347,2024-08-23,IN,Chennai,Teacher,mid,Hindi,email,re_engagement,2285,72,2,1291.96,1004.36,0.7774,6.0
MC-22849,2024-08-23,GB,London,Teacher,mid,English,content_marketing,awareness,264713,6076,78,861.5,49703.53,57.6942,1.0
MC-22554,2024-08-23,US,Houston,Accountant,budget,English,display,acquisition,49884,652,7,272.81,996.01,3.6509,5.0
MC-21222,2024-08-23,MX,Tijuana,Designer,mid,Spanish,email,awareness,44295,1364,82,1797.32,46851.36,26.0673,9.0
MC-21515,2024-08-23,ES,Valencia,Accountant,mid,Spanish,email,re_engagement,10872,383,18,6055.16,16974.85,2.8034,1.0
MC-20891,2024-08-23,CA,Calgary,Physician,budget,English,social_media,re_engagement,18475,424,10,1044.7,1744.25,1.6696,6.0
MC-22515,2024-08-23,US,Phoenix,Product Manager,budget,English,content_marketing,retention,9905,162,3,791.2,375.62,0.4747,6.0
MC-22559,2024-08-23,GB,Glasgow,Sales Rep,mid,English,social_media,retention,71347,1295,79,1945.3,40882.54,21.0161,9.0
MC-21571,2024-08-23,IN,Mumbai,Architect,mid,Hindi,social_media,re_engagement,122350,3067,154,552.62,153156.9,277.1469,3.0
MC-20800,2024-08-23,GB,London,Designer,premium,English,social_media,acquisition,500000,11775,206,260.13,627103.68,2410.7319,3.0
MC-22571,2024-08-23,IN,Bangalore,Designer,budget,Hindi,social_media,acquisition,91470,1534,92,3970.97,8782.45,2.2117,8.0
MC-22320,2024-08-23,SG,Singapore,Data Scientist,mid,English,search,acquisition,18610,1535,32,2225.02,33716.8,15.1535,7.0
MC-22015,2024-08-23,DE,Cologne,Writer,mid,German,social_media,acquisition,276815,6903,239,24879.76,117185.5,4.7101,4.0
MC-22832,2024-08-23,GB,Manchester,Designer,mid,English,email,awareness,32386,922,53,2103.24,34842.92,16.5663,7.0
MC-20534,2024-08-23,MX,Guadalajara,Marketing Manager,mid,Spanish,social_media,acquisition,125840,3191,214,1579.87,140949.48,89.2159,1.0
MC-21311,2024-08-24,AU,Brisbane,Software Engineer,mid,English,social_media,retention,478645,11054,300,1647.05,330195.09,200.4767,3.0
MC-20006,2024-08-24,BR,São Paulo,Physician,budget,Portuguese,social_media,awareness,41575,902,34,2976.15,7056.68,2.3711,10.0
MC-21235,2024-08-24,GB,Leeds,Software Engineer,mid,English,search,retention,3945,319,16,3746.27,17956.33,4.7931,7.0
MC-21830,2024-08-24,US,Seattle,Lawyer,premium,English,social_media,acquisition,21410,482,36,6863.96,225165.28,32.804,6.0
MC-20535,2024-08-24,GB,Leeds,Writer,mid,English,content_marketing,retention,71534,1116,53,16255.32,32135.9,1.9769,3.0
MC-21997,2024-08-24,SG,Singapore,Teacher,premium,English,social_media,re_engagement,70055,1181,24,11463.72,73059.23,6.3731,5.0
MC-22077,2024-08-24,GB,London,Architect,premium,English,email,re_engagement,4032,115,1,18154.18,5130.72,0.2826,3.0
MC-20330,2024-08-24,DE,Stuttgart,Sales Rep,budget,German,email,retention,14284,532,18,14136.15,2062.71,0.1459,2.0
MC-20824,2024-08-24,IN,Hyderabad,Physician,mid,Hindi,search,acquisition,42941,4041,272,947.24,337606.45,356.4107,1.0
MC-22388,2024-08-24,GB,Birmingham,Accountant,budget,English,email,acquisition,43496,940,21,809.66,3323.58,4.1049,8.0
MC-21027,2024-08-24,US,Houston,Designer,mid,English,social_media,re_engagement,31232,593,13,1522.62,7030.45,4.6173,1.0
MC-20172,2024-08-24,US,New York,Architect,mid,English,influencer,acquisition,166064,3473,253,3961.62,273147.04,68.9483,4.0
MC-20933,2024-08-24,US,Houston,Software Engineer,premium,English,email,acquisition,18830,589,45,1816.68,212257.2,116.838,5.0
MC-21180,2024-08-24,IN,Hyderabad,Sales Rep,mid,Hindi,search,awareness,10445,792,53,992.39,32220.71,32.4678,7.0
MC-21137,2024-08-24,ES,Seville,Researcher,mid,Spanish,influencer,awareness,5556,104,2,2666.79,1861.33,0.698,10.0
MC-20681,2024-08-24,US,Seattle,Sales Rep,mid,English,email,awareness,43060,1299,60,3174.27,30164.1,9.5027,1.0
MC-22909,2024-08-24,ES,Seville,HR Manager,mid,Spanish,email,retention,35134,880,62,693.91,31615.96,45.562,10.0
MC-21772,2024-08-24,GB,Birmingham,Data Scientist,mid,English,social_media,awareness,130197,2793,105,1872.05,104159.53,55.6393,10.0
MC-21041,2024-08-25,IN,Mumbai,HR Manager,mid,Hindi,email,awareness,3469,91,6,883.67,2770.15,3.1348,3.0
MC-22192,2024-08-25,DE,Stuttgart,Data Scientist,budget,German,social_media,acquisition,108030,1999,39,5479.92,8687.43,1.5853,8.0
MC-21229,2024-08-25,DE,Munich,Teacher,premium,German,search,awareness,48658,4182,94,1218.98,265966.53,218.1878,1.0
MC-20930,2024-08-25,BR,São Paulo,Physician,mid,Portuguese,influencer,awareness,11802,333,10,4976.25,9323.99,1.8737,1.0
MC-22688,2024-08-25,IN,Chennai,Physician,mid,Hindi,email,acquisition,19636,488,27,644.13,31397.61,48.7442,5.0
MC-22024,2024-08-25,JP,Osaka,Data Scientist,budget,Japanese,search,acquisition,36634,2480,87,673.4,19709.77,29.269,7.0
MC-20413,2024-08-25,US,Chicago,Product Manager,budget,English,search,awareness,7778,498,33,2758.83,4352.24,1.5776,4.0
MC-20501,2024-08-25,US,Los Angeles,Sales Rep,budget,English,email,acquisition,7305,198,3,743.54,350.94,0.472,9.0
MC-20217,2024-08-25,AU,Melbourne,Designer,mid,English,social_media,re_engagement,95917,2046,66,4973.21,31802.59,6.3948,2.0
MC-20107,2024-08-25,US,New York,Accountant,budget,English,social_media,awareness,348825,8978,144,511.82,20254.84,39.5741,7.0
MC-22409,2024-08-25,NL,Rotterdam,Teacher,budget,Dutch,influencer,acquisition,42573,1264,27,639.27,2496.44,3.9051,3.0
MC-20052,2024-08-25,IN,Chennai,Sales Rep,mid,Hindi,email,retention,6805,249,12,196.33,7970.17,40.5958,1.0
MC-20729,2024-08-25,NL,Amsterdam,HR Manager,mid,Dutch,search,awareness,137805,11594,279,2282.64,159893.0,70.0474,4.0
MC-21936,2024-08-25,IN,Pune,HR Manager,mid,Hindi,display,acquisition,173364,2642,145,3456.01,78389.01,22.6819,2.0
MC-20494,2024-08-25,US,Seattle,Sales Rep,budget,English,search,retention,378669,25393,1943,5541.65,189243.66,34.1493,3.0
MC-22506,2024-08-26,IN,Hyderabad,Software Engineer,premium,Hindi,email,acquisition,6462,158,6,1787.48,34141.59,19.1004,8.0
MC-21814,2024-08-26,GB,Glasgow,Data Scientist,budget,English,social_media,re_engagement,69000,1496,84,2693.75,21033.62,7.8083,3.0
MC-20177,2024-08-26,ZA,Pretoria,Product Manager,mid,Afrikaans,email,awareness,28565,990,19,523.12,12535.64,23.9632,4.0
MC-22531,2024-08-26,US,Chicago,Researcher,mid,English,display,re_engagement,9363,102,1,4400.74,804.47,0.1828,5.0
MC-22998,2024-08-26,US,San Francisco,Architect,mid,English,search,retention,30979,2267,137,181.98,139709.84,767.7208,5.0
MC-22833,2024-08-26,IN,Delhi,Accountant,budget,Hindi,search,retention,13048,765,36,1622.05,5668.69,3.4948,5.0
MC-21093,2024-08-26,MX,Monterrey,Architect,mid,Spanish,influencer,retention,100614,2268,91,852.0,83456.45,97.9536,2.0
MC-21214,2024-08-26,US,Los Angeles,Data Scientist,mid,English,email,acquisition,34139,1030,12,997.42,13052.1,13.0859,7.0
MC-20992,2024-08-26,US,Los Angeles,Sales Rep,mid,English,search,retention,15737,1468,32,719.29,14716.52,20.4598,4.0
MC-22286,2024-08-26,CA,Vancouver,Designer,mid,English,social_media,retention,23050,579,18,2156.65,8806.51,4.0834,4.0
MC-20170,2024-08-26,NL,Eindhoven,Product Manager,premium,Dutch,email,acquisition,41127,1366,88,6663.69,288227.37,43.2534,1.0
MC-22463,2024-08-26,GB,Bristol,Physician,budget,English,content_marketing,acquisition,14684,226,4,583.08,945.36,1.6213,3.0
MC-21695,2024-08-26,FR,Paris,Researcher,budget,French,influencer,acquisition,28875,708,21,16323.71,2923.83,0.1791,2.0
MC-21215,2024-08-26,IL,Jerusalem,Marketing Manager,budget,Hebrew,search,awareness,39727,2444,164,2811.25,26038.78,9.2623,4.0
MC-21603,2024-08-26,SG,Singapore,Teacher,budget,English,influencer,acquisition,151590,3006,211,862.85,19870.35,23.0287,4.0
MC-22025,2024-08-26,JP,Tokyo,Researcher,mid,Japanese,display,acquisition,500000,5732,248,2275.57,175297.47,77.0345,6.0
MC-21267,2024-08-26,GB,Bristol,HR Manager,mid,English,email,acquisition,17404,413,19,743.04,10498.59,14.1292,8.0
MC-22229,2024-08-26,ZA,Johannesburg,Physician,mid,Afrikaans,display,acquisition,44157,645,7,6140.17,7365.02,1.1995,9.0
MC-22032,2024-08-26,IL,Beer Sheva,Physician,budget,Hebrew,content_marketing,retention,22102,476,7,1757.99,1539.78,0.8759,7.0
MC-22881,2024-08-26,GB,Birmingham,Software Engineer,budget,English,search,re_engagement,15851,1382,104,2006.92,21434.83,10.6805,9.0
MC-21545,2024-08-26,US,Chicago,Designer,premium,English,social_media,awareness,142725,3012,222,8143.88,534241.02,65.6003,8.0
MC-22359,2024-08-26,CA,Calgary,Physician,premium,English,email,retention,33302,1147,32,414.09,201062.25,485.5521,3.0
MC-20624,2024-08-26,ZA,Port Elizabeth,Consultant,mid,Afrikaans,content_marketing,awareness,80801,1397,36,6894.62,29926.07,4.3405,1.0
MC-20528,2024-08-26,GB,Glasgow,Lawyer,budget,English,social_media,acquisition,66000,1684,70,1587.45,12693.18,7.996,4.0
MC-22405,2024-08-26,DE,Munich,Teacher,budget,German,email,re_engagement,2881,101,1,1141.36,119.81,0.105,2.0
MC-20255,2024-08-26,US,Seattle,Data Scientist,budget,English,display,acquisition,50853,612,46,2158.93,11109.63,5.1459,2.0
MC-22992,2024-08-26,DE,Frankfurt,HR Manager,premium,German,social_media,retention,19165,332,9,2461.69,21871.63,8.8848,5.0
MC-21066,2024-08-26,DE,Stuttgart,Lawyer,budget,German,social_media,re_engagement,51907,1300,97,606.01,19285.77,31.8242,9.0
MC-21712,2024-08-26,FR,Lyon,Researcher,mid,French,search,retention,9972,777,22,2047.74,14150.6,6.9103,9.0
MC-22372,2024-08-26,US,San Francisco,Product Manager,mid,English,email,acquisition,40301,1403,86,7701.97,58197.21,7.5561,5.0
MC-21373,2024-08-26,SG,Singapore,Researcher,budget,English,search,re_engagement,56726,4505,59,472.68,7892.24,16.6968,6.0
MC-21682,2024-08-26,NL,Rotterdam,Software Engineer,mid,Dutch,search,re_engagement,6785,609,40,2488.92,51955.35,20.8747,4.0
MC-21919,2024-08-26,GB,Leeds,Consultant,mid,English,search,acquisition,142859,12155,502,1865.67,356529.18,191.0998,4.0
MC-22121,2024-08-26,US,New York,HR Manager,budget,English,social_media,acquisition,500000,12160,540,448.28,46814.97,104.4324,7.0
MC-22466,2024-08-26,US,Houston,Teacher,premium,English,search,awareness,89556,4798,239,1935.54,715734.53,369.7855,6.0
MC-22237,2024-08-26,AU,Brisbane,Researcher,mid,English,display,acquisition,71748,1028,53,1055.01,38550.24,36.5402,6.0
MC-22492,2024-08-26,IN,Hyderabad,Researcher,budget,Hindi,email,acquisition,9601,274,11,1059.78,1624.19,1.5326,1.0
MC-20417,2024-08-26,IN,Chennai,HR Manager,mid,Hindi,content_marketing,retention,12067,188,7,1713.21,3657.09,2.1346,1.0
MC-20536,2024-08-26,US,Phoenix,Product Manager,mid,English,influencer,acquisition,248247,5471,239,1043.23,192363.44,184.3922,1.0
MC-20032,2024-08-27,US,Seattle,HR Manager,mid,English,social_media,retention,38005,961,51,17947.65,31019.89,1.7284,3.0
MC-22062,2024-08-27,SG,Singapore,HR Manager,mid,English,social_media,acquisition,43157,969,64,3589.07,41801.56,11.6469,3.0
MC-20018,2024-08-27,US,New York,Data Scientist,mid,English,email,awareness,2459,59,1,935.72,1073.8,1.1476,2.0
MC-20813,2024-08-27,GB,Leeds,Teacher,budget,English,display,acquisition,41064,565,28,4543.65,3120.52,0.6868,10.0
MC-20390,2024-08-27,DE,Berlin,Teacher,budget,German,search,retention,34115,3133,247,1815.9,24631.02,13.5641,8.0
MC-22393,2024-08-27,US,Seattle,Physician,budget,English,search,awareness,44708,3746,265,3117.23,51096.59,16.3917,6.0
MC-22348,2024-08-27,IN,Bangalore,Researcher,mid,Hindi,social_media,acquisition,60142,1530,61,1828.4,41153.87,22.5081,5.0
MC-20288,2024-08-27,US,San Francisco,Software Engineer,mid,English,email,awareness,26824,836,37,2419.99,44703.77,18.4727,9.0
MC-22047,2024-08-27,GB,Bristol,Data Scientist,mid,English,search,awareness,115528,11142,374,3222.69,483491.2,150.0272,10.0
MC-20297,2024-08-27,US,Phoenix,Lawyer,mid,English,social_media,acquisition,103925,1705,99,4750.74,92657.78,19.5039,1.0
MC-20388,2024-08-27,IL,Beer Sheva,Data Scientist,mid,Hebrew,email,retention,5563,187,13,2319.15,14686.53,6.3327,9.0
MC-20260,2024-08-27,FR,Bordeaux,Architect,mid,French,influencer,acquisition,38867,1202,61,345.35,77405.76,224.1371,2.0
MC-21057,2024-08-27,JP,Nagoya,Accountant,budget,Japanese,search,acquisition,12359,1181,31,2598.87,4031.66,1.5513,2.0
MC-21649,2024-08-27,IN,Hyderabad,Architect,budget,Hindi,display,acquisition,476388,7191,390,2935.06,70239.55,23.9312,2.0
MC-21113,2024-08-27,AU,Brisbane,Sales Rep,budget,English,social_media,retention,500000,11903,565,1944.48,63734.57,32.7772,5.0
MC-21616,2024-08-27,ES,Seville,Marketing Manager,budget,Spanish,email,retention,6541,141,9,847.49,1610.8,1.9007,2.0
MC-22683,2024-08-27,US,Houston,Sales Rep,budget,English,display,re_engagement,28776,369,24,2626.0,2628.56,1.001,8.0
MC-20598,2024-08-27,IN,Hyderabad,Architect,mid,Hindi,display,retention,25128,294,17,974.66,18791.18,19.2797,10.0
MC-20084,2024-08-27,MX,Tijuana,Data Scientist,mid,Spanish,email,awareness,22133,796,52,4943.74,68546.81,13.8654,7.0
MC-22892,2024-08-27,BR,Rio de Janeiro,Researcher,mid,Portuguese,search,acquisition,12588,864,45,2088.29,36711.68,17.5798,4.0
MC-20600,2024-08-27,US,Houston,Teacher,budget,English,influencer,retention,36068,1008,61,1971.7,6682.77,3.3893,4.0
MC-21783,2024-08-27,SG,Singapore,HR Manager,budget,English,email,acquisition,3419,127,5,604.63,624.45,1.0328,3.0
MC-20560,2024-08-27,US,San Francisco,Accountant,mid,English,email,acquisition,13850,338,25,1777.39,19469.96,10.9542,6.0
MC-20657,2024-08-27,AU,Brisbane,Product Manager,mid,English,search,acquisition,215035,15454,655,16371.09,502403.19,30.6884,2.0
MC-20589,2024-08-27,US,Houston,HR Manager,mid,English,content_marketing,re_engagement,397347,5434,278,3157.66,155818.54,49.3462,9.0
MC-21525,2024-08-27,US,Phoenix,Writer,budget,English,social_media,acquisition,134875,3347,194,1482.29,17093.48,11.5318,9.0
MC-21255,2024-08-27,IN,Mumbai,Teacher,premium,Hindi,social_media,retention,189787,4170,235,737.28,527654.31,715.677,8.0
MC-22522,2024-08-27,MX,Guadalajara,Accountant,premium,Spanish,influencer,retention,64580,1491,72,726.96,299467.56,411.945,10.0
MC-20515,2024-08-27,BR,São Paulo,Physician,mid,Portuguese,content_marketing,acquisition,1634,37,1,276.07,1068.4,3.87,8.0
MC-21668,2024-08-28,IL,Netanya,HR Manager,premium,Hebrew,email,acquisition,14211,322,24,2142.26,58045.45,27.0954,8.0
MC-21283,2024-08-28,MX,Monterrey,Data Scientist,mid,Spanish,social_media,acquisition,7398200,144826,6037,4888.84,7001333.12,1432.1052,8.0
MC-22370,2024-08-28,BR,Brasília,Lawyer,mid,Portuguese,display,acquisition,341376,4195,73,1496.24,95692.74,63.9555,6.0
MC-21505,2024-08-28,US,New York,Lawyer,mid,English,search,re_engagement,67317,4203,237,1797.18,225143.24,125.2758,6.0
MC-22877,2024-08-28,NL,Amsterdam,Writer,mid,Dutch,search,re_engagement,306281,19873,263,561.47,118003.29,210.1685,1.0
MC-21096,2024-08-28,NL,Amsterdam,Consultant,budget,Dutch,social_media,retention,137610,1935,134,699.4,18654.27,26.6718,1.0
MC-22689,2024-08-28,GB,Manchester,Researcher,mid,English,social_media,awareness,56137,997,56,231.54,38259.42,165.2389,4.0
MC-21443,2024-08-28,BR,Brasília,Architect,mid,Portuguese,social_media,retention,211022,3805,179,5211.35,233238.92,44.7559,6.0
MC-22759,2024-08-28,AU,Adelaide,Architect,mid,English,search,retention,150332,8972,447,4925.25,595261.24,120.8591,5.0
MC-22260,2024-08-28,AU,Melbourne,Writer,mid,English,display,acquisition,20529,208,8,3114.06,4790.88,1.5385,7.0
MC-22596,2024-08-28,CA,Vancouver,Data Scientist,premium,English,content_marketing,awareness,3246,52,3,3135.34,19372.38,6.1787,4.0
MC-20969,2024-08-28,ZA,Pretoria,Lawyer,mid,Afrikaans,search,retention,500000,45767,709,3325.83,729657.49,219.3911,9.0
MC-21410,2024-08-28,US,New York,Writer,budget,English,content_marketing,awareness,225396,5218,147,7517.43,13044.68,1.7353,5.0
MC-22826,2024-08-28,US,Seattle,Designer,premium,English,content_marketing,retention,28037,443,29,3966.7,68786.65,17.341,6.0
MC-22296,2024-08-28,BR,Salvador,Researcher,premium,Portuguese,social_media,awareness,88615,1984,20,4636.91,64222.66,13.8503,10.0
MC-22508,2024-08-28,US,Los Angeles,Teacher,mid,English,search,acquisition,4786,404,26,4321.13,12075.6,2.7945,2.0
MC-20973,2024-08-28,IN,Pune,Writer,budget,Hindi,email,awareness,1725,58,1,3092.34,97.25,0.0314,6.0
MC-22415,2024-08-28,US,Los Angeles,Designer,budget,English,email,re_engagement,4555,111,1,514.53,100.95,0.1962,1.0
MC-22472,2024-08-28,CA,Toronto,Teacher,budget,English,social_media,acquisition,93592,1666,49,9880.58,4789.35,0.4847,1.0
MC-20186,2024-08-28,DE,Stuttgart,Data Scientist,mid,German,social_media,acquisition,500000,7031,334,1325.93,362386.7,273.3076,5.0
MC-21755,2024-08-28,IN,Bangalore,Consultant,premium,Hindi,influencer,acquisition,58122,1086,12,5283.89,56508.11,10.6944,5.0
MC-20612,2024-08-28,MX,Mexico City,Software Engineer,budget,Spanish,email,acquisition,16073,350,22,1066.04,4628.58,4.3418,6.0
MC-21110,2024-08-28,DE,Stuttgart,Researcher,budget,German,content_marketing,retention,58179,1058,43,5227.799999999999,5506.33,1.0533,5.0
MC-22214,2024-08-28,US,Seattle,Accountant,budget,English,email,awareness,15021,409,22,331.23,2851.16,8.6078,7.0
MC-22308,2024-08-28,IN,Hyderabad,Data Scientist,budget,Hindi,display,acquisition,151782,1943,101,836.31,19146.03,22.8935,6.0
MC-22264,2024-08-28,IN,Kolkata,Teacher,budget,Hindi,social_media,acquisition,15482,304,16,2869.31,1406.96,0.4903,1.0
MC-21927,2024-08-28,MX,Mexico City,Writer,budget,Spanish,search,awareness,12305,708,50,6068.23,4882.43,0.8046,1.0
MC-22163,2024-08-28,GB,Birmingham,HR Manager,mid,English,email,retention,20684,463,30,907.82,15047.36,16.5753,6.0
MC-21886,2024-08-28,US,New York,Accountant,mid,English,search,acquisition,24569,2255,62,1484.72,44829.38,30.1938,1.0
MC-22890,2024-08-28,AU,Melbourne,Marketing Manager,budget,English,social_media,awareness,29447,501,37,3786.39,5701.14,1.5057,6.0
MC-22075,2024-08-28,JP,Nagoya,Lawyer,premium,Japanese,search,re_engagement,19110,1653,50,40121.7,247475.78,6.1681,9.0
MC-21244,2024-08-28,FR,Marseille,Teacher,mid,French,search,acquisition,183944,15352,836,2341.13,424313.38,181.243,1.0
MC-21306,2024-08-28,AU,Sydney,Researcher,mid,English,display,retention,15408,163,3,655.65,2382.13,3.6332,6.0
MC-20864,2024-08-28,DE,Hamburg,Data Scientist,mid,German,content_marketing,retention,55748,1109,74,561.75,96696.18,172.1338,5.0
MC-22357,2024-08-28,CA,Montreal,Marketing Manager,budget,English,email,awareness,53554,1631,36,3057.69,6034.4,1.9735,6.0
MC-21305,2024-08-28,FR,Bordeaux,Marketing Manager,premium,French,email,awareness,1718,40,1,4992.42,3606.06,0.7223,7.0
MC-22078,2024-08-28,GB,Manchester,Designer,mid,English,email,retention,105483,3711,99,2353.53,58071.45,24.6742,2.0
MC-22190,2024-08-29,US,Chicago,Sales Rep,budget,English,influencer,acquisition,9264,210,3,5863.83,293.86,0.0501,1.0
MC-22551,2024-08-29,ZA,Durban,Teacher,budget,Afrikaans,social_media,retention,23735,575,17,3487.94,1477.59,0.4236,8.0
MC-20025,2024-08-29,ZA,Johannesburg,Marketing Manager,mid,Afrikaans,email,awareness,4818,117,5,1685.59,4376.2,2.5962,10.0
MC-22076,2024-08-29,JP,Yokohama,HR Manager,premium,Japanese,search,awareness,8640,476,16,3695.33,36719.03,9.9366,9.0
MC-20962,2024-08-29,US,Houston,Writer,budget,English,content_marketing,re_engagement,130236,2050,31,874.16,3593.96,4.1113,2.0
MC-20545,2024-08-29,US,Houston,Teacher,mid,English,social_media,awareness,300482,7113,533,1871.29,343661.51,183.6495,2.0
MC-22962,2024-08-29,ZA,Durban,Physician,mid,Afrikaans,display,awareness,82602,842,59,1734.18,62741.77,36.1795,7.0
MC-20522,2024-08-29,SG,Singapore,Sales Rep,premium,English,search,acquisition,61659,5739,404,971.81,1183687.24,1218.0233,2.0
MC-20520,2024-08-29,IN,Bangalore,Software Engineer,premium,Hindi,influencer,awareness,113625,3467,205,333.37,982927.63,2948.4586,7.0
MC-21218,2024-08-29,GB,Bristol,Data Scientist,premium,English,email,acquisition,72035,1564,60,2765.34,354058.7,128.0344,9.0
MC-21577,2024-08-29,US,Houston,Software Engineer,premium,English,email,acquisition,21545,587,37,19278.65,239404.7,12.4181,7.0
MC-22080,2024-08-29,IL,Tel Aviv,Designer,budget,Hebrew,social_media,retention,11777,243,18,28917.93,1709.18,0.0591,4.0
MC-22073,2024-08-29,US,San Francisco,Physician,budget,English,content_marketing,acquisition,3894,49,3,812.14,681.32,0.8389,1.0
MC-20497,2024-08-29,MX,Tijuana,Physician,budget,Spanish,influencer,awareness,408232,11202,425,20261.9,89844.8,4.4342,1.0
MC-21617,2024-08-29,IN,Delhi,Data Scientist,budget,Hindi,social_media,awareness,81617,1193,82,3094.15,14882.92,4.81,9.0
MC-22760,2024-08-29,IL,Tel Aviv,Physician,budget,Hebrew,email,retention,16750,387,24,2136.1,5191.61,2.4304,6.0
MC-22588,2024-08-29,US,New York,Designer,budget,English,influencer,awareness,86248,2048,65,330.22,7843.42,23.7521,5.0
MC-20945,2024-08-29,GB,London,Designer,budget,English,email,retention,21714,588,25,2107.61,2770.55,1.3145,4.0
MC-20852,2024-08-29,IN,Delhi,Data Scientist,mid,Hindi,social_media,awareness,37700,548,37,2386.45,47422.67,19.8716,6.0
MC-21170,2024-08-29,US,New York,Software Engineer,mid,English,social_media,retention,94105,2365,92,3309.54,115355.86,34.8556,10.0
MC-20216,2024-08-29,IN,Kolkata,Software Engineer,budget,Hindi,search,acquisition,150289,13104,853,973.81,173298.35,177.9591,3.0
MC-21165,2024-08-29,MX,Guadalajara,Marketing Manager,budget,Spanish,social_media,acquisition,35460,567,24,7077.22,4096.42,0.5788,3.0
MC-22579,2024-08-29,US,Los Angeles,Software Engineer,budget,English,social_media,acquisition,500000,7953,106,5486.96,21448.47,3.909,1.0
MC-21692,2024-08-29,GB,Manchester,Writer,mid,English,search,retention,5249,489,8,3097.95,5340.6,1.7239,1.0
MC-21510,2024-08-29,ES,Seville,Accountant,mid,Spanish,display,acquisition,23457,230,8,235.31,7628.45,32.4187,7.0
MC-22529,2024-08-29,GB,Manchester,Lawyer,budget,English,email,acquisition,7331,190,4,5571.38,708.05,0.1271,3.0
MC-21140,2024-08-29,FR,Lyon,Consultant,budget,French,social_media,acquisition,141772,2404,129,9613.5,18258.47,1.8993,3.0
MC-22468,2024-08-29,DE,Stuttgart,Researcher,budget,German,influencer,awareness,102060,2958,64,666.48,8979.79,13.4735,6.0
MC-22908,2024-08-29,BR,Salvador,Accountant,mid,Portuguese,social_media,acquisition,71555,1546,87,1737.48,62702.62,36.0883,1.0
MC-22432,2024-08-29,GB,Bristol,Marketing Manager,budget,English,influencer,awareness,13642,355,7,3455.5,1138.83,0.3296,6.0
MC-21947,2024-08-29,IN,Mumbai,Accountant,budget,Hindi,social_media,acquisition,124817,2060,59,3486.46,7660.15,2.1971,3.0
MC-21092,2024-08-29,FR,Lyon,Accountant,budget,French,influencer,acquisition,115468,3118,77,2852.39,9437.59,3.3087,9.0
MC-22442,2024-08-29,US,Los Angeles,Accountant,premium,English,search,acquisition,50464,3443,271,3696.21,918827.64,248.5864,2.0
MC-22095,2024-08-30,US,New York,Teacher,premium,English,email,re_engagement,22701,581,45,14004.25,147360.19,10.5225,10.0
MC-20070,2024-08-30,DE,Hamburg,Consultant,mid,German,email,acquisition,5301,157,6,4315.21,5147.76,1.1929,10.0
MC-20083,2024-08-30,AU,Melbourne,Marketing Manager,mid,English,social_media,retention,418975,8410,450,3946.24,344663.58,87.3397,6.0
MC-22848,2024-08-30,MX,Puebla,Designer,premium,Spanish,email,acquisition,36150,778,41,1209.78,125579.99,103.804,6.0
MC-22081,2024-08-30,US,Seattle,HR Manager,budget,English,email,acquisition,44786,1114,26,961.84,3268.44,3.3981,4.0
MC-20895,2024-08-30,IN,Bangalore,Software Engineer,budget,Hindi,email,retention,5472,209,15,10387.55,2582.11,0.2486,10.0
MC-20250,2024-08-30,SG,Singapore,Accountant,budget,English,search,retention,129327,7009,383,4513.9,51383.73,11.3834,1.0
MC-20931,2024-08-30,FR,Marseille,Designer,budget,French,influencer,awareness,161969,3214,249,312.13,30618.77,98.0962,2.0
MC-20485,2024-08-30,JP,Osaka,Writer,premium,Japanese,content_marketing,acquisition,117899,2280,131,591.69,303608.35,513.1206,7.0
MC-21630,2024-08-30,GB,Leeds,HR Manager,budget,English,social_media,retention,9642,222,15,2673.63,1547.88,0.5789,3.0
MC-21631,2024-08-30,GB,Bristol,Teacher,mid,English,search,acquisition,177346,14711,170,3506.73,109288.7,31.1654,8.0
MC-22997,2024-08-30,US,Phoenix,Product Manager,mid,English,influencer,acquisition,138661,2984,61,19482.98,53912.78,2.7672,2.0
MC-22275,2024-08-30,GB,London,HR Manager,mid,English,search,awareness,26191,1911,72,3117.95,37175.53,11.9231,4.0
MC-20046,2024-08-30,IN,Bangalore,HR Manager,mid,Hindi,content_marketing,acquisition,6824,111,4,783.32,2489.84,3.1786,9.0
MC-21083,2024-08-30,US,Seattle,Marketing Manager,mid,English,content_marketing,acquisition,62857,1282,57,2914.9,44942.85,15.4183,7.0
MC-22280,2024-08-30,CA,Montreal,Product Manager,mid,English,influencer,retention,31807,918,42,3082.19,31043.86,10.072,9.0
MC-20673,2024-08-30,FR,Nice,Architect,mid,French,display,awareness,110748,1128,81,1125.12,96385.01,85.6664,6.0
MC-22117,2024-08-30,US,Phoenix,Accountant,mid,English,email,acquisition,57332,1269,26,12354.86,19621.08,1.5881,10.0
MC-22893,2024-08-30,BR,Rio de Janeiro,Architect,budget,Portuguese,email,acquisition,2124,70,2,3047.86,355.04,0.1165,8.0
MC-22781,2024-08-30,GB,London,HR Manager,premium,English,email,acquisition,4655,118,8,1677.83,19464.3,11.6009,9.0
MC-22696,2024-08-30,DE,Frankfurt,Consultant,budget,German,content_marketing,acquisition,12700,281,9,520.53,1444.43,2.7749,7.0
MC-22640,2024-08-30,US,San Francisco,Software Engineer,premium,English,email,retention,12167,392,31,11231.03,144571.72,12.8725,2.0
MC-22956,2024-08-30,US,Houston,HR Manager,budget,English,social_media,awareness,193225,4841,116,2436.18,13718.55,5.6312,2.0
MC-21559,2024-08-30,IL,Tel Aviv,Software Engineer,mid,Hebrew,email,awareness,8105,222,7,1149.46,7394.42,6.433,6.0
MC-20549,2024-08-30,ZA,Johannesburg,Software Engineer,premium,Afrikaans,search,re_engagement,37489,2528,75,3402.31,375795.68,110.4531,3.0
MC-22719,2024-08-30,FR,Paris,Designer,mid,French,social_media,retention,149707,2317,147,379.93,71963.72,189.4131,1.0
MC-22895,2024-08-30,US,Phoenix,Designer,budget,English,email,acquisition,3607,122,2,1012.48,243.93,0.2409,3.0
MC-22283,2024-08-30,US,Phoenix,Product Manager,budget,English,search,acquisition,55946,4867,373,522.42,49991.2,95.6916,7.0
MC-22209,2024-08-30,BR,Salvador,Teacher,premium,Portuguese,social_media,retention,407677,10215,325,14982.83,1029377.52,68.7038,3.0
MC-22878,2024-08-31,US,New York,Accountant,mid,English,email,retention,36362,1141,67,6137.01,49737.05,8.1044,9.0
MC-20750,2024-08-31,US,Phoenix,Marketing Manager,budget,English,social_media,acquisition,109192,2798,145,3496.8,24290.28,6.9464,1.0
MC-20199,2024-08-31,FR,Toulouse,Data Scientist,premium,French,search,retention,109910,5914,260,5837.65,1459035.41,249.9354,1.0
MC-20381,2024-08-31,FR,Lyon,Architect,premium,French,email,acquisition,31185,1212,96,723.17,529918.1,732.7711,7.0
MC-22744,2024-08-31,US,Houston,Consultant,budget,English,email,acquisition,57307,1530,100,1822.35,16737.24,9.1844,5.0
MC-21150,2024-08-31,GB,Glasgow,Physician,budget,English,social_media,acquisition,11492,212,7,530.07,1390.12,2.6225,5.0
MC-22735,2024-08-31,US,New York,Data Scientist,premium,English,email,acquisition,6254,137,7,2372.55,32626.45,13.7516,3.0
MC-21743,2024-08-31,US,New York,Designer,premium,English,email,acquisition,6306,177,4,638.38,9559.82,14.9751,1.0
MC-22471,2024-08-31,US,Seattle,Designer,budget,English,search,awareness,3837,357,11,11593.02,1362.8,0.1176,8.0
MC-20766,2024-08-31,BR,Salvador,Researcher,mid,Portuguese,social_media,awareness,61727,1016,11,635.4,7047.17,11.0909,1.0
MC-21805,2024-08-31,NL,Rotterdam,Sales Rep,mid,Dutch,social_media,retention,55547,1320,79,1807.45,38653.0,21.3854,3.0
MC-22979,2024-08-31,DE,Hamburg,Data Scientist,budget,German,social_media,re_engagement,500000,12703,179,4878.95,32323.93,6.6252,3.0
MC-21266,2024-08-31,US,Houston,Accountant,premium,English,content_marketing,awareness,4396,92,4,220.51,15768.6,71.5097,6.0
MC-21728,2024-08-31,US,Phoenix,Consultant,budget,English,display,awareness,85848,769,58,5344.64,7224.3,1.3517,10.0
MC-20299,2024-08-31,IN,Mumbai,Data Scientist,budget,Hindi,content_marketing,retention,3820,85,6,1816.92,1467.13,0.8075,5.0
MC-20532,2024-08-31,US,Seattle,Product Manager,mid,English,email,retention,3472,91,3,150.94,2055.93,13.6208,2.0
MC-22082,2024-09-01,IN,Hyderabad,Product Manager,budget,Hindi,email,awareness,19778,598,38,1733.8,5832.08,3.3638,10.0
MC-21579,2024-09-01,DE,Frankfurt,Writer,premium,German,search,acquisition,29178,2528,195,315.47,459950.45,1457.9848,6.0
MC-21286,2024-09-01,ZA,Johannesburg,Teacher,mid,Afrikaans,search,awareness,13185,1204,58,18920.22,34174.49,1.8062,8.0
MC-21910,2024-09-01,DE,Cologne,Software Engineer,mid,German,search,awareness,32314,1778,98,1300.18,104698.03,80.5258,6.0
MC-20778,2024-09-01,US,Chicago,Writer,mid,English,email,awareness,11985,452,32,202.26,16942.32,83.7651,1.0
MC-21219,2024-09-01,DE,Cologne,Marketing Manager,budget,German,email,retention,96291,3125,131,319.7,17766.36,55.572,7.0
MC-22655,2024-09-01,US,Phoenix,Data Scientist,premium,English,content_marketing,re_engagement,8932,137,4,6154.66,22896.94,3.7203,3.0
MC-20918,2024-09-01,IN,Mumbai,Teacher,budget,Hindi,display,awareness,404244,5307,391,3719.95,48599.12,13.0645,8.0
MC-20688,2024-09-01,IN,Hyderabad,Teacher,budget,Hindi,email,acquisition,14015,338,12,2282.66,1232.96,0.5401,3.0
MC-22205,2024-09-01,CA,Montreal,Marketing Manager,budget,English,social_media,acquisition,500000,12790,844,352.05,101946.58,289.5798,7.0
MC-21316,2024-09-01,CA,Toronto,Consultant,budget,English,search,acquisition,71752,4468,163,871.92,27792.41,31.875,4.0
MC-22737,2024-09-01,IN,Kolkata,Software Engineer,mid,Hindi,display,acquisition,163242,1491,24,3026.55,25522.47,8.4329,3.0
MC-20841,2024-09-01,IN,Hyderabad,Researcher,budget,Hindi,search,retention,24015,1441,110,173.77,18452.8,106.1909,5.0
MC-21685,2024-09-01,GB,Glasgow,Sales Rep,mid,English,email,awareness,73073,2648,180,1172.22,108336.74,92.4201,5.0
MC-22614,2024-09-02,US,Phoenix,Sales Rep,premium,English,display,retention,101556,1474,28,1008.79,67867.16,67.2758,7.0
MC-22796,2024-09-02,ES,Bilbao,Software Engineer,budget,Spanish,search,re_engagement,19571,1055,67,356.83,15348.72,43.0141,9.0
MC-21608,2024-09-02,ES,Bilbao,Teacher,mid,Spanish,display,re_engagement,47298,447,21,4071.72,10181.37,2.5005,1.0
MC-22019,2024-09-02,GB,Birmingham,Designer,mid,English,content_marketing,retention,65482,1296,70,2151.76,45327.2,21.0652,6.0
MC-20245,2024-09-02,US,Los Angeles,Product Manager,mid,English,influencer,acquisition,77261,1749,41,431.69,28183.37,65.2861,2.0
MC-21855,2024-09-02,US,New York,Accountant,mid,English,email,retention,39463,919,73,7281.2,60722.7,8.3397,9.0
MC-22726,2024-09-02,US,Houston,Product Manager,premium,English,search,acquisition,55914,5358,179,812.79,633736.01,779.7045,9.0
MC-20798,2024-09-02,US,Phoenix,Lawyer,budget,English,search,retention,251305,20981,1158,452.2,264894.66,585.7909,4.0
MC-21784,2024-09-02,JP,Nagoya,Consultant,budget,Japanese,social_media,acquisition,191297,4339,137,621.05,18504.01,29.7947,10.0
MC-21553,2024-09-02,US,Chicago,Architect,premium,English,search,awareness,86783,8140,536,1925.25,2487478.97,1292.0291,2.0
MC-22185,2024-09-02,US,New York,Data Scientist,mid,English,social_media,acquisition,321070,8130,239,457.14,239386.06,523.6603,7.0
MC-21590,2024-09-02,IN,Kolkata,Accountant,mid,Hindi,content_marketing,retention,6700,101,2,719.11,1282.15,1.783,3.0
MC-22773,2024-09-02,AU,Melbourne,Designer,mid,English,email,retention,3430,113,7,1001.14,3395.0,3.3911,8.0
MC-20464,2024-09-02,IN,Delhi,Designer,mid,Hindi,search,awareness,27794,1745,94,2565.57,52927.45,20.6299,10.0
MC-21395,2024-09-02,US,Chicago,Writer,budget,English,email,awareness,3660,133,2,3281.16,250.56,0.0764,5.0
MC-22218,2024-09-02,IL,Netanya,Marketing Manager,budget,Hebrew,social_media,acquisition,41970,1044,81,3901.25,12964.97,3.3233,8.0
MC-21355,2024-09-02,US,Houston,Architect,premium,English,content_marketing,re_engagement,278675,5498,249,1700.0,1411272.33,830.1602,1.0
MC-22177,2024-09-02,IN,Chennai,HR Manager,budget,Hindi,email,awareness,32168,822,56,2182.57,6240.67,2.8593,5.0
MC-20227,2024-09-02,DE,Berlin,Lawyer,budget,German,social_media,retention,17200,283,8,588.42,1632.08,2.7737,6.0
MC-21807,2024-09-02,IN,Delhi,Researcher,premium,Hindi,email,acquisition,6415,199,11,10318.37,49883.77,4.8345,6.0
MC-22174,2024-09-02,BR,São Paulo,Data Scientist,budget,Portuguese,social_media,awareness,215797,4826,264,5363.87,50288.65,9.3754,7.0
MC-20339,2024-09-02,BR,Rio de Janeiro,Writer,budget,Portuguese,email,acquisition,3905,137,9,2060.3,811.4,0.3938,2.0
MC-22643,2024-09-02,US,Houston,HR Manager,mid,English,social_media,acquisition,123772,2958,163,1753.19,97438.83,55.578,8.0
MC-21072,2024-09-02,DE,Hamburg,Architect,mid,German,social_media,retention,384300,9440,307,3776.24,356527.2,94.4133,7.0
MC-21835,2024-09-02,DE,Stuttgart,Accountant,mid,German,email,awareness,19303,593,45,2213.67,41275.0,18.6455,6.0
MC-22406,2024-09-02,IN,Pune,Sales Rep,mid,Hindi,social_media,re_engagement,77830,1793,31,2309.67,16648.42,7.2081,1.0
MC-20270,2024-09-02,US,Houston,Writer,premium,English,email,acquisition,142740,3845,274,1939.79,793332.32,408.9785,4.0
MC-21908,2024-09-02,US,New York,Architect,budget,English,search,acquisition,5493,401,11,1203.91,2691.82,2.2359,3.0
MC-22323,2024-09-02,DE,Stuttgart,Consultant,mid,German,email,acquisition,12263,433,16,2252.1,12164.28,5.4013,7.0
MC-20044,2024-09-02,IN,Pune,Teacher,mid,Hindi,email,acquisition,39375,1020,71,1805.69,40256.94,22.2945,6.0
MC-20258,2024-09-03,US,New York,Marketing Manager,budget,English,search,acquisition,492278,42354,573,4177.83,97144.1,23.2523,10.0
MC-22548,2024-09-03,FR,Nice,Product Manager,mid,French,search,awareness,10492,697,54,1168.57,36275.49,31.0426,10.0
MC-21340,2024-09-03,DE,Hamburg,Data Scientist,budget,German,social_media,awareness,13497,323,14,1044.69,2895.2,2.7713,3.0
MC-20551,2024-09-03,IN,Bangalore,Consultant,mid,Hindi,email,awareness,20452,672,7,263.4,5918.09,22.4681,1.0
MC-21362,2024-09-03,DE,Cologne,Data Scientist,mid,German,search,retention,21811,1797,103,38207.97,112936.43,2.9558,1.0
MC-21782,2024-09-03,SG,Singapore,Consultant,mid,English,email,awareness,9729,362,14,928.74,10179.32,10.9604,5.0
MC-22109,2024-09-03,ZA,Cape Town,Sales Rep,mid,Afrikaans,display,retention,14325,172,4,4968.29,1893.93,0.3812,7.0
MC-22332,2024-09-03,BR,Fortaleza,Consultant,budget,Portuguese,email,awareness,120344,4025,158,1931.87,23283.37,12.0522,8.0
MC-21752,2024-09-03,DE,Cologne,Software Engineer,budget,German,search,retention,104551,6775,367,3030.56,64846.34,21.3975,6.0
MC-21245,2024-09-03,GB,Glasgow,Consultant,mid,English,social_media,retention,67772,1670,34,1127.28,31153.06,27.6356,6.0
MC-22424,2024-09-03,US,Houston,Lawyer,budget,English,search,acquisition,20304,1911,107,7419.54,26624.53,3.5884,2.0
MC-21981,2024-09-03,US,Houston,Designer,budget,English,email,acquisition,15357,545,34,9471.84,3237.82,0.3418,7.0
MC-22989,2024-09-03,DE,Frankfurt,Marketing Manager,budget,German,social_media,acquisition,151652,3752,171,2020.4,24684.15,12.2175,6.0
MC-21310,2024-09-03,AU,Sydney,HR Manager,budget,English,search,acquisition,170611,12228,227,1330.27,22700.7,17.0647,8.0
MC-22966,2024-09-03,BR,Salvador,Accountant,mid,Portuguese,search,awareness,4555,342,12,4297.98,8430.94,1.9616,9.0
MC-20229,2024-09-03,IN,Pune,Physician,premium,Hindi,search,retention,18782,1733,41,936.53,269963.15,288.2589,9.0
MC-22240,2024-09-03,BR,São Paulo,Consultant,budget,Portuguese,email,acquisition,4149,108,5,2004.03,655.29,0.327,6.0
MC-22057,2024-09-03,US,Phoenix,Sales Rep,premium,English,email,retention,162230,5760,322,1894.16,817711.43,431.7014,1.0
MC-20757,2024-09-03,IN,Chennai,Architect,mid,Hindi,influencer,awareness,25297,567,31,1144.92,28343.56,24.7559,9.0
MC-20294,2024-09-03,US,Houston,Lawyer,budget,English,email,awareness,42743,1546,109,939.51,19403.2,20.6525,2.0
MC-21930,2024-09-03,US,Los Angeles,Consultant,mid,English,social_media,awareness,379042,9609,308,1609.1,250734.86,155.823,2.0
MC-21935,2024-09-03,GB,London,Software Engineer,premium,English,social_media,retention,34922,770,45,695.27,301993.73,434.3546,10.0
MC-22242,2024-09-03,US,New York,Data Scientist,budget,English,search,awareness,123716,8361,287,1641.69,70232.81,42.7808,4.0
MC-22825,2024-09-03,FR,Lyon,HR Manager,budget,French,email,acquisition,17746,514,6,4824.47,700.23,0.1451,5.0
MC-20472,2024-09-03,JP,Nagoya,Writer,mid,Japanese,social_media,re_engagement,75295,1632,85,3169.17,45985.37,14.5102,2.0
MC-21450,2024-09-03,US,Los Angeles,Marketing Manager,budget,English,email,acquisition,2490,87,6,4089.35,734.08,0.1795,5.0
MC-21847,2024-09-03,IL,Beer Sheva,Marketing Manager,mid,Hebrew,email,acquisition,25245,889,68,1677.01,57224.07,34.1227,10.0
MC-20565,2024-09-03,US,San Francisco,Researcher,budget,English,social_media,acquisition,68037,1001,28,1324.51,3411.98,2.576,4.0
MC-21384,2024-09-03,ZA,Johannesburg,Product Manager,mid,Afrikaans,search,acquisition,61121,3502,57,3292.76,39918.94,12.1232,2.0
MC-21587,2024-09-03,MX,Guadalajara,Writer,mid,Spanish,influencer,acquisition,199314,5929,243,1242.99,121363.03,97.638,4.0
MC-21346,2024-09-03,BR,Rio de Janeiro,Data Scientist,premium,Portuguese,social_media,retention,214065,4530,346,2395.06,1912393.15,798.474,9.0
MC-21938,2024-09-03,US,Houston,Physician,mid,English,email,retention,57980,1492,98,2771.82,97301.81,35.1039,4.0
MC-20412,2024-09-03,ES,Barcelona,Software Engineer,budget,Spanish,email,awareness,73446,2296,174,528.98,36423.52,68.8561,2.0
MC-21702,2024-09-03,AU,Adelaide,Product Manager,budget,English,social_media,retention,70552,1309,70,2806.7,10537.77,3.7545,9.0
MC-21400,2024-09-03,DE,Frankfurt,Software Engineer,mid,German,display,re_engagement,104103,942,42,5647.84,48837.2,8.6471,9.0
MC-21922,2024-09-03,ZA,Pretoria,Accountant,premium,Afrikaans,content_marketing,awareness,74588,1303,15,1820.68,52116.34,28.6247,5.0
MC-21007,2024-09-03,SG,Singapore,Marketing Manager,mid,English,email,awareness,6877,180,13,3121.52,8859.85,2.8383,9.0
MC-22305,2024-09-03,US,Seattle,Data Scientist,mid,English,email,retention,26812,741,48,1407.54,62234.06,44.2148,9.0
MC-20836,2024-09-04,CA,Toronto,Physician,mid,English,search,awareness,9393,559,9,33577.43,10961.49,0.3265,2.0
MC-21314,2024-09-04,US,Seattle,Designer,mid,English,search,retention,78250,4315,48,114.2,26517.77,232.2046,5.0
MC-22747,2024-09-04,JP,Osaka,Software Engineer,mid,Japanese,email,awareness,12182,385,4,200.74,4092.33,20.3862,8.0
MC-21338,2024-09-04,US,Seattle,Designer,mid,English,email,awareness,34540,797,28,2037.0,13213.83,6.4869,1.0
MC-21342,2024-09-04,IN,Pune,Product Manager,premium,Hindi,influencer,retention,247253,6947,470,4720.53,2233164.54,473.075,9.0
MC-21449,2024-09-04,US,Chicago,Data Scientist,mid,English,influencer,retention,15638,275,13,16359.97,16947.64,1.0359,2.0
MC-20293,2024-09-04,US,Phoenix,Teacher,mid,English,content_marketing,acquisition,32820,545,39,3990.87,25340.78,6.3497,7.0
MC-20244,2024-09-04,ES,Madrid,Marketing Manager,mid,Spanish,social_media,retention,21675,420,19,1232.49,16059.42,13.0301,4.0
MC-22169,2024-09-04,US,Seattle,Marketing Manager,budget,English,social_media,re_engagement,142962,3109,170,1093.99,23631.85,21.6015,2.0
MC-21462,2024-09-04,GB,Bristol,Software Engineer,budget,English,search,acquisition,62250,4612,81,3989.84,15690.27,3.9326,6.0
MC-21320,2024-09-04,FR,Bordeaux,Designer,budget,French,content_marketing,acquisition,28152,560,40,1464.49,4659.16,3.1814,6.0
MC-20122,2024-09-04,GB,Glasgow,Software Engineer,budget,English,social_media,retention,132352,2975,212,7719.55,35774.61,4.6343,1.0
MC-22974,2024-09-04,NL,Utrecht,Sales Rep,budget,Dutch,email,acquisition,1816,64,4,400.15,393.55,0.9835,3.0
MC-20799,2024-09-04,US,Chicago,Consultant,budget,English,display,retention,45336,408,8,8555.16,1227.12,0.1434,4.0
MC-22662,2024-09-04,US,San Francisco,Software Engineer,mid,English,content_marketing,awareness,8201,159,11,707.29,10238.73,14.476,3.0
MC-20100,2024-09-04,GB,Glasgow,Designer,mid,English,influencer,re_engagement,26884,661,49,1386.07,29263.41,21.1125,1.0
MC-20629,2024-09-04,ZA,Johannesburg,Accountant,mid,Afrikaans,influencer,acquisition,22649,709,48,1629.46,42732.34,26.2248,1.0
MC-20286,2024-09-04,FR,Toulouse,Product Manager,mid,French,email,acquisition,2220,72,3,1583.4,2540.55,1.6045,7.0
MC-22991,2024-09-04,MX,Puebla,Accountant,budget,Spanish,social_media,awareness,352135,9145,647,1376.28,86071.39,62.5392,9.0
MC-20796,2024-09-04,BR,Brasília,Data Scientist,budget,Portuguese,social_media,awareness,157800,2928,122,5085.53,20838.7,4.0976,5.0
MC-22986,2024-09-04,IN,Hyderabad,Data Scientist,budget,Hindi,social_media,awareness,57787,1474,16,1238.56,2844.79,2.2969,8.0
MC-21879,2024-09-04,IN,Chennai,Product Manager,mid,Hindi,social_media,acquisition,353497,6865,533,22392.34,429452.07,19.1785,2.0
MC-21172,2024-09-04,CA,Toronto,Teacher,budget,English,email,acquisition,21514,539,10,461.83,1050.71,2.2751,7.0
MC-21900,2024-09-04,FR,Toulouse,Software Engineer,mid,French,content_marketing,retention,22304,409,17,1323.62,22355.17,16.8894,8.0
MC-22867,2024-09-04,US,Houston,Lawyer,mid,English,email,acquisition,102271,3183,180,1375.26,209306.77,152.1943,1.0
MC-20928,2024-09-04,NL,Amsterdam,Sales Rep,budget,Dutch,display,awareness,196659,2792,223,1000.71,21043.74,21.0288,4.0
MC-21586,2024-09-04,US,Phoenix,Product Manager,budget,English,influencer,re_engagement,322457,9327,176,943.83,24513.41,25.9723,5.0
MC-21758,2024-09-04,BR,Salvador,HR Manager,mid,Portuguese,content_marketing,retention,20382,442,24,2481.58,15988.01,6.4427,8.0
MC-21741,2024-09-04,MX,Guadalajara,Consultant,mid,Spanish,display,awareness,37986,573,36,413.11,26888.69,65.0885,4.0
MC-22871,2024-09-04,US,Phoenix,Lawyer,premium,English,email,acquisition,16995,494,38,1028.57,231702.6,225.2667,9.0
MC-22817,2024-09-04,IN,Delhi,Software Engineer,budget,Hindi,search,awareness,23712,1910,147,2078.59,32523.02,15.6467,3.0
MC-20736,2024-09-04,IN,Mumbai,Writer,mid,Hindi,social_media,acquisition,500000,7386,246,1411.31,126875.34,89.899,2.0
MC-20325,2024-09-04,ES,Barcelona,Software Engineer,budget,Spanish,search,retention,50772,2674,33,6640.04,7754.44,1.1678,2.0
MC-21795,2024-09-04,IL,Netanya,Researcher,budget,Hebrew,social_media,awareness,8210,181,2,4650.5,273.83,0.0589,7.0
MC-22601,2024-09-04,US,Seattle,Writer,mid,English,search,acquisition,52590,4094,258,3647.48,136945.62,37.5453,8.0
MC-22497,2024-09-04,FR,Nice,Software Engineer,budget,French,search,retention,67035,5057,389,2384.47,91609.72,38.4193,4.0
MC-20459,2024-09-04,ZA,Johannesburg,Data Scientist,budget,Afrikaans,search,awareness,17280,1372,108,18684.12,26688.31,1.4284,5.0
MC-22623,2024-09-04,US,New York,Physician,mid,English,email,acquisition,34445,1113,81,725.47,94733.97,130.5829,5.0
MC-21913,2024-09-04,IN,Bangalore,Architect,budget,Hindi,email,awareness,1292,39,1,2528.38,242.46,0.0959,6.0
MC-21823,2024-09-04,IL,Beer Sheva,Designer,mid,Hebrew,social_media,retention,278855,5683,241,7370.32,126660.84,17.1853,9.0
MC-20466,2024-09-04,MX,Mexico City,Teacher,mid,Spanish,email,awareness,86724,2810,102,7631.78,51164.16,6.7041,6.0
MC-22845,2024-09-04,US,San Francisco,Accountant,budget,English,social_media,re_engagement,385980,7530,199,1101.78,25447.43,23.0967,8.0
MC-20916,2024-09-04,BR,São Paulo,Data Scientist,mid,Portuguese,social_media,retention,62285,1079,69,4358.24,63533.76,14.5778,3.0
MC-22430,2024-09-04,US,San Francisco,Data Scientist,budget,English,display,acquisition,83646,1158,42,884.62,8544.15,9.6586,8.0
MC-22334,2024-09-04,FR,Nice,Marketing Manager,mid,French,social_media,acquisition,500000,7403,148,4013.12,123168.45,30.6914,7.0
MC-20668,2024-09-04,MX,Puebla,Data Scientist,budget,Spanish,display,awareness,119481,1526,105,916.85,17741.73,19.3507,3.0
MC-21812,2024-09-04,MX,Tijuana,Lawyer,mid,Spanish,social_media,acquisition,71895,1465,30,592.92,39625.84,66.8317,6.0
MC-22448,2024-09-05,BR,São Paulo,Sales Rep,premium,Portuguese,email,retention,52094,1987,50,1923.42,149401.09,77.6747,6.0
MC-22682,2024-09-05,GB,Manchester,Data Scientist,budget,English,email,acquisition,11382,410,12,1178.03,2440.03,2.0713,2.0
MC-21708,2024-09-05,BR,São Paulo,Lawyer,mid,Portuguese,social_media,acquisition,57932,871,56,7185.78,52676.43,7.3306,8.0
MC-22182,2024-09-05,BR,Brasília,Accountant,mid,Portuguese,search,acquisition,143268,10448,763,16590.73,700577.96,42.2271,7.0
MC-20283,2024-09-05,US,San Francisco,Product Manager,mid,English,email,acquisition,9908,342,6,3017.31,4011.06,1.3293,7.0
MC-20968,2024-09-05,US,Houston,Writer,mid,English,influencer,retention,157375,3245,117,2884.1,61987.97,21.493,8.0
MC-21744,2024-09-05,US,New York,Accountant,mid,English,social_media,acquisition,292702,4678,299,2852.93,229065.49,80.2913,6.0
MC-21119,2024-09-05,US,Los Angeles,HR Manager,premium,English,content_marketing,acquisition,68596,1305,31,2796.95,93265.01,33.3453,5.0
MC-20280,2024-09-05,IN,Chennai,Product Manager,budget,Hindi,email,retention,59521,2255,73,8785.82,13101.79,1.4912,9.0
MC-21990,2024-09-05,DE,Berlin,Consultant,mid,German,social_media,acquisition,47402,1122,17,11079.5,11854.16,1.0699,4.0
MC-22836,2024-09-05,FR,Toulouse,Physician,mid,French,display,acquisition,67158,921,14,228.22,17560.06,76.9436,1.0
MC-22284,2024-09-05,US,San Francisco,Physician,premium,English,content_marketing,retention,49793,990,42,3181.14,250291.47,78.6798,3.0
MC-20392,2024-09-05,NL,The Hague,Teacher,premium,Dutch,email,acquisition,12870,377,25,1818.58,62647.33,34.4485,10.0
MC-21088,2024-09-05,DE,Frankfurt,Teacher,budget,German,social_media,acquisition,451492,9682,213,290.61,21739.61,74.8068,1.0
MC-21796,2024-09-05,DE,Berlin,Software Engineer,premium,German,search,acquisition,420830,33594,2120,1168.4,13172947.36,11274.3473,3.0
MC-20804,2024-09-05,US,Phoenix,Researcher,premium,English,email,retention,65072,1563,49,2922.19,168873.8,57.7902,7.0
MC-20175,2024-09-05,US,San Francisco,Researcher,premium,English,social_media,acquisition,8912,129,3,482.54,13868.88,28.7414,4.0
MC-21949,2024-09-05,US,Los Angeles,Physician,budget,English,social_media,retention,18912,332,13,91.51,2274.69,24.8573,6.0
MC-22233,2024-09-05,US,Chicago,Researcher,mid,English,display,awareness,500000,6707,525,1331.42,345326.77,259.3673,5.0
MC-20821,2024-09-05,IL,Jerusalem,Lawyer,mid,Hebrew,email,acquisition,15699,594,20,4636.1,19640.57,4.2364,5.0
MC-20048,2024-09-05,US,Chicago,Sales Rep,budget,English,content_marketing,awareness,35760,718,36,3276.1,4276.35,1.3053,4.0
MC-22201,2024-09-05,DE,Berlin,Sales Rep,budget,German,email,retention,37072,1437,112,787.74,12822.0,16.2769,3.0
MC-21759,2024-09-05,DE,Hamburg,Sales Rep,budget,German,email,acquisition,12920,342,8,5504.81,690.08,0.1254,7.0
MC-20062,2024-09-05,ES,Barcelona,Data Scientist,mid,Spanish,display,acquisition,24996,263,13,675.06,13603.82,20.152,8.0
MC-21925,2024-09-05,NL,Eindhoven,Teacher,mid,Dutch,display,retention,125385,1279,99,528.48,66137.58,125.1468,5.0
MC-20868,2024-09-05,US,Chicago,Sales Rep,budget,English,social_media,retention,41867,750,52,6118.8,5521.79,0.9024,9.0
MC-21275,2024-09-05,BR,Salvador,Designer,mid,Portuguese,social_media,re_engagement,6720,161,10,807.68,6665.92,8.2532,10.0
MC-20927,2024-09-05,BR,São Paulo,Software Engineer,mid,Portuguese,search,awareness,95466,8450,419,2567.85,530174.23,206.4662,4.0
MC-22084,2024-09-05,DE,Cologne,Teacher,mid,German,email,acquisition,40144,1479,90,591.09,53998.48,91.3541,2.0
MC-22608,2024-09-05,IN,Pune,Physician,budget,Hindi,content_marketing,retention,11252,214,15,2158.09,3574.74,1.6564,7.0
MC-22352,2024-09-05,ZA,Port Elizabeth,Lawyer,mid,Afrikaans,email,retention,313600,11577,296,2247.76,329089.78,146.4079,6.0
MC-21202,2024-09-05,FR,Toulouse,HR Manager,mid,French,social_media,acquisition,83275,2107,87,1004.35,45839.97,45.6414,9.0
MC-22598,2024-09-05,GB,Glasgow,Physician,premium,English,social_media,acquisition,187157,3486,76,487.15,469060.45,962.8666,6.0
MC-21604,2024-09-05,ES,Seville,Designer,mid,Spanish,search,retention,49650,4206,55,243.81,31507.66,129.2304,4.0
MC-20785,2024-09-05,IL,Netanya,Accountant,budget,Hebrew,social_media,retention,400590,6115,88,4179.16,13742.99,3.2885,8.0
MC-22625,2024-09-05,DE,Munich,Writer,mid,German,influencer,acquisition,369543,7818,291,2337.3,151018.95,64.6126,2.0
MC-22963,2024-09-05,CA,Toronto,Consultant,premium,English,search,awareness,435906,42297,3339,3762.01,15958214.95,4241.9385,2.0
MC-22299,2024-09-05,US,Chicago,Teacher,mid,English,email,awareness,4406,111,7,892.66,3579.44,4.0099,5.0
MC-20714,2024-09-05,FR,Lyon,Consultant,mid,French,influencer,acquisition,10036,292,12,479.58,8478.49,17.679,6.0
MC-21173,2024-09-05,DE,Munich,Data Scientist,mid,German,search,awareness,17201,1413,76,856.29,93599.49,109.3082,1.0
MC-21901,2024-09-05,BR,Fortaleza,Designer,budget,Portuguese,search,retention,24219,1748,57,1340.76,5450.76,4.0654,6.0
MC-20327,2024-09-05,ZA,Port Elizabeth,Designer,budget,Afrikaans,social_media,acquisition,16037,354,23,1650.07,2693.0,1.6321,3.0
MC-21504,2024-09-05,ZA,Cape Town,Physician,budget,Afrikaans,influencer,awareness,10987,220,2,13559.1,346.82,0.0256,10.0
MC-21633,2024-09-05,IN,Bangalore,Marketing Manager,budget,Hindi,email,retention,87194,3216,193,1243.14,31748.77,25.5392,5.0
MC-21182,2024-09-05,IN,Pune,Product Manager,budget,Hindi,social_media,acquisition,201347,4414,274,2361.2,34146.64,14.4616,7.0
MC-22491,2024-09-06,CA,Montreal,Architect,mid,English,email,acquisition,12505,293,9,575.26,8621.84,14.9877,10.0
MC-21383,2024-09-06,IN,Hyderabad,Marketing Manager,premium,Hindi,email,acquisition,8807,336,4,619.26,19011.68,30.7006,2.0
MC-21483,2024-09-06,IN,Chennai,Designer,premium,Hindi,social_media,retention,50390,1009,59,1377.52,167642.93,121.6991,3.0
MC-20408,2024-09-06,GB,Manchester,Sales Rep,premium,English,social_media,acquisition,23735,369,22,536.16,70261.64,131.046,5.0
MC-22476,2024-09-06,BR,Fortaleza,Consultant,mid,Portuguese,display,retention,500000,5586,396,1881.65,315724.97,167.7915,5.0
MC-21372,2024-09-06,GB,Leeds,HR Manager,budget,English,social_media,re_engagement,100775,1836,134,2033.22,14607.15,7.1842,3.0
MC-21228,2024-09-06,DE,Berlin,Teacher,mid,German,email,acquisition,13670,403,25,633.85,11674.18,18.4179,7.0
MC-21002,2024-09-06,US,Chicago,Marketing Manager,mid,English,social_media,acquisition,278137,4422,135,5789.54,107706.58,18.6037,5.0
MC-21238,2024-09-06,SG,Singapore,Physician,budget,English,email,retention,5387,133,6,1358.89,1359.73,1.0006,6.0
MC-22099,2024-09-06,SG,Singapore,Data Scientist,budget,English,social_media,awareness,466947,10966,149,6196.01,36412.12,5.8767,3.0
MC-21406,2024-09-06,DE,Frankfurt,Consultant,mid,German,search,retention,67646,4278,327,5082.29,234327.85,46.1067,6.0
MC-22632,2024-09-06,MX,Guadalajara,Data Scientist,budget,Spanish,influencer,retention,71398,1996,87,5781.85,19067.85,3.2979,1.0
MC-21502,2024-09-06,SG,Singapore,Architect,premium,English,email,acquisition,11740,296,20,3144.23,132392.23,42.1064,6.0
MC-20200,2024-09-06,US,New York,Software Engineer,mid,English,social_media,acquisition,201772,3023,78,2987.29,93295.13,31.2307,7.0
MC-21401,2024-09-06,IN,Kolkata,Designer,mid,Hindi,search,acquisition,16608,1337,47,2497.85,27956.79,11.1923,8.0
MC-20553,2024-09-06,DE,Munich,Software Engineer,budget,German,social_media,retention,192005,4350,197,2373.76,48102.1,20.2641,10.0
MC-20004,2024-09-06,GB,London,Consultant,premium,English,email,awareness,5792,210,14,5830.21,56510.65,9.6927,9.0
MC-22617,2024-09-06,BR,São Paulo,Designer,budget,Portuguese,social_media,retention,46587,988,77,1842.46,7843.26,4.2569,7.0
MC-22381,2024-09-06,BR,Fortaleza,Data Scientist,mid,Portuguese,social_media,retention,176362,4145,242,793.03,275297.07,347.1458,10.0
MC-20951,2024-09-06,ZA,Johannesburg,Designer,premium,Afrikaans,email,retention,39322,1139,20,1389.63,46499.15,33.4615,8.0
MC-20155,2024-09-06,AU,Sydney,Researcher,budget,English,social_media,awareness,43385,1090,82,300.12,11162.47,37.1934,1.0
MC-21638,2024-09-06,FR,Nice,Researcher,budget,French,search,acquisition,102027,6787,166,501.54,20363.98,40.6029,3.0
MC-21632,2024-09-06,IN,Hyderabad,Accountant,mid,Hindi,email,retention,11978,305,8,1320.16,5328.29,4.0361,1.0
MC-21693,2024-09-06,IN,Bangalore,Marketing Manager,budget,Hindi,email,acquisition,49857,1051,35,10178.62,6263.72,0.6154,1.0
MC-22245,2024-09-06,ES,Bilbao,Data Scientist,premium,Spanish,display,acquisition,43944,530,32,769.09,211530.63,275.0402,4.0
MC-21613,2024-09-06,IN,Chennai,Lawyer,mid,Hindi,search,acquisition,51758,4236,210,8116.09,281177.29,34.6444,10.0
MC-22056,2024-09-06,MX,Tijuana,Teacher,budget,Spanish,search,acquisition,34478,3221,50,7372.91,4357.68,0.591,2.0
MC-20580,2024-09-06,ZA,Cape Town,Physician,mid,Afrikaans,social_media,acquisition,177705,2826,143,1363.9,176583.37,129.4694,4.0
MC-20690,2024-09-06,GB,Manchester,Designer,mid,English,email,retention,12855,352,19,9870.02,12493.6,1.2658,3.0
MC-22127,2024-09-06,IN,Mumbai,Software Engineer,premium,Hindi,social_media,awareness,402237,7611,295,5816.76,1892584.71,325.3675,8.0
MC-21729,2024-09-06,IN,Mumbai,Writer,mid,Hindi,display,acquisition,500000,5053,136,265.57,69611.78,262.1222,4.0
MC-22196,2024-09-06,CA,Calgary,HR Manager,premium,English,search,retention,52892,5009,162,1089.67,379058.97,347.8658,2.0
MC-20210,2024-09-06,AU,Brisbane,Lawyer,premium,English,search,acquisition,32781,2377,88,3839.67,530015.34,138.0367,8.0
MC-20282,2024-09-06,IN,Delhi,Accountant,mid,Hindi,social_media,acquisition,10490,159,8,844.39,6395.0,7.5735,8.0
MC-22930,2024-09-06,FR,Paris,Physician,premium,French,email,acquisition,98610,2902,94,836.53,492796.5,589.096,1.0
MC-21204,2024-09-06,GB,Birmingham,Designer,mid,English,social_media,acquisition,243367,4493,254,19135.78,120592.84,6.302,7.0
MC-21099,2024-09-06,IN,Bangalore,Teacher,premium,Hindi,social_media,awareness,500000,11073,220,1151.67,548484.36,476.2513,8.0
MC-22307,2024-09-06,FR,Lyon,Product Manager,budget,French,social_media,retention,60837,1421,42,1142.24,6880.73,6.0239,2.0
MC-20043,2024-09-06,ZA,Cape Town,Product Manager,mid,Afrikaans,search,awareness,10035,652,36,1490.69,26208.82,17.5817,4.0
MC-22928,2024-09-06,IN,Pune,Teacher,mid,Hindi,email,acquisition,120168,3750,180,7690.74,107710.63,14.0052,3.0
MC-22665,2024-09-06,NL,Amsterdam,Software Engineer,mid,Dutch,search,awareness,62134,4511,120,421.32,141423.66,335.668,5.0
MC-22444,2024-09-06,US,New York,Writer,budget,English,social_media,awareness,166325,3539,135,7200.82,16188.41,2.2481,5.0
MC-22458,2024-09-07,IL,Jerusalem,Lawyer,premium,Hebrew,email,re_engagement,16135,569,23,6633.28,152422.3,22.9784,4.0
MC-20411,2024-09-07,GB,Birmingham,Architect,mid,English,email,awareness,40992,1530,25,851.44,31368.42,36.8416,5.0
MC-21252,2024-09-07,US,Los Angeles,Teacher,budget,English,social_media,awareness,2608200,44564,3564,781.81,301384.77,385.4962,8.0
MC-22885,2024-09-07,US,Houston,Writer,budget,English,social_media,retention,393030,9845,674,1333.16,70259.7,52.7016,9.0
MC-21063,2024-09-07,IN,Chennai,Physician,budget,Hindi,social_media,awareness,76252,1736,74,3421.95,15966.25,4.6658,1.0
MC-21828,2024-09-07,IN,Chennai,Teacher,mid,Hindi,email,re_engagement,25082,720,44,1890.3,29084.24,15.386,3.0
MC-21081,2024-09-07,IN,Delhi,Researcher,budget,Hindi,content_marketing,acquisition,22393,472,34,681.8,4377.72,6.4208,7.0
MC-20428,2024-09-07,BR,São Paulo,HR Manager,premium,Portuguese,social_media,acquisition,66505,1593,126,2822.51,298744.77,105.8437,3.0
MC-20171,2024-09-07,GB,London,Accountant,mid,English,influencer,acquisition,119779,3462,206,672.21,162547.68,241.8109,1.0
MC-22523,2024-09-07,IN,Delhi,Physician,budget,Hindi,social_media,awareness,135207,2193,158,11045.89,28201.57,2.5531,9.0
MC-22411,2024-09-07,US,Chicago,Physician,mid,English,social_media,awareness,37187,603,17,786.38,17259.54,21.9481,3.0
MC-22549,2024-09-07,BR,São Paulo,Architect,mid,Portuguese,social_media,acquisition,22515,528,20,4654.79,18389.56,3.9507,5.0
MC-22666,2024-09-07,IN,Mumbai,Teacher,budget,Hindi,display,acquisition,89904,790,30,3242.85,2636.08,0.8129,4.0
MC-21591,2024-09-07,DE,Cologne,Writer,premium,German,social_media,acquisition,11357,171,12,747.2,30890.98,41.3423,10.0
MC-21237,2024-09-07,IN,Chennai,Software Engineer,budget,Hindi,email,retention,188652,5543,67,828.62,13159.43,15.8811,7.0
MC-20527,2024-09-07,ES,Barcelona,Software Engineer,budget,Spanish,display,re_engagement,21252,207,5,3621.87,848.77,0.2343,6.0
MC-21854,2024-09-07,IN,Kolkata,Teacher,premium,Hindi,content_marketing,retention,38692,843,49,2648.92,134274.6,50.6903,8.0
MC-20096,2024-09-07,GB,London,Architect,budget,English,search,acquisition,34809,2294,60,1222.14,13102.93,10.7213,6.0
MC-21904,2024-09-08,DE,Cologne,Accountant,mid,German,social_media,re_engagement,95935,2134,60,8286.62,56318.01,6.7963,1.0
MC-21993,2024-09-08,BR,Salvador,Marketing Manager,premium,Portuguese,social_media,acquisition,74080,1650,41,616.46,161017.84,261.1975,4.0
MC-21697,2024-09-08,IN,Pune,Data Scientist,mid,Hindi,email,retention,28663,808,47,443.41,62968.03,142.0086,10.0
MC-20471,2024-09-08,BR,São Paulo,Sales Rep,budget,Portuguese,display,awareness,324588,5016,288,2476.13,29124.03,11.7619,9.0
MC-22151,2024-09-08,IN,Kolkata,Consultant,mid,Hindi,display,acquisition,106023,928,10,734.96,8055.69,10.9607,1.0
MC-22083,2024-09-08,IL,Netanya,Marketing Manager,premium,Hebrew,display,acquisition,183597,2628,133,1824.76,562785.75,308.4163,6.0
MC-21121,2024-09-08,AU,Perth,Teacher,mid,English,search,awareness,59193,4675,316,858.46,156706.52,182.5438,4.0
MC-21098,2024-09-08,NL,The Hague,Researcher,budget,Dutch,email,acquisition,47107,1415,64,12565.32,10838.35,0.8626,10.0
MC-21599,2024-09-08,IL,Tel Aviv,Researcher,mid,Hebrew,social_media,acquisition,12302,207,11,1757.96,9240.58,5.2564,6.0
MC-21241,2024-09-08,US,Houston,Consultant,budget,English,social_media,acquisition,102705,2207,81,1815.65,14309.07,7.881,4.0
MC-22058,2024-09-08,AU,Sydney,Physician,budget,English,social_media,acquisition,91667,1915,98,466.43,17158.76,36.7874,3.0
MC-21000,2024-09-08,FR,Marseille,Lawyer,premium,French,search,acquisition,11318,908,20,555.14,97963.6,176.4665,1.0
MC-20591,2024-09-08,GB,Bristol,Accountant,mid,English,social_media,acquisition,64097,1279,22,1158.36,19360.06,16.7133,10.0
MC-20921,2024-09-08,US,Los Angeles,Researcher,mid,English,email,retention,250059,5926,302,6313.57,221546.19,35.0905,6.0
MC-21251,2024-09-08,US,Los Angeles,Accountant,budget,English,email,retention,21068,739,8,8748.13,1384.95,0.1583,9.0
MC-22250,2024-09-08,MX,Mexico City,Writer,premium,Spanish,email,retention,11773,450,6,1499.52,17429.22,11.6232,1.0
MC-20830,2024-09-08,BR,Fortaleza,Writer,mid,Portuguese,social_media,acquisition,12565,296,13,6926.3,7107.45,1.0262,4.0
MC-21965,2024-09-09,GB,Glasgow,Architect,budget,English,search,retention,9218,490,16,1450.69,3864.95,2.6642,5.0
MC-22391,2024-09-09,US,Chicago,Accountant,budget,English,search,retention,7555,687,54,4724.34,7750.86,1.6406,10.0
MC-21770,2024-09-09,SG,Singapore,Sales Rep,budget,English,display,retention,33528,340,22,1734.55,2452.79,1.4141,2.0
MC-20379,2024-09-09,FR,Marseille,Teacher,budget,French,email,awareness,58532,1313,63,1277.05,7106.05,5.5644,5.0
MC-22755,2024-09-09,ZA,Cape Town,Lawyer,mid,Afrikaans,social_media,re_engagement,67532,1366,91,10133.15,99413.41,9.8107,3.0
MC-22534,2024-09-09,JP,Nagoya,Marketing Manager,mid,Japanese,email,awareness,20194,754,52,3645.74,40243.08,11.0384,3.0
MC-21841,2024-09-09,US,New York,Product Manager,mid,English,social_media,retention,7227,147,5,7997.42,4454.84,0.557,5.0
MC-21296,2024-09-09,NL,Rotterdam,Designer,budget,Dutch,email,acquisition,19503,502,15,874.51,1651.85,1.8889,3.0
MC-22758,2024-09-09,ZA,Port Elizabeth,HR Manager,mid,Afrikaans,social_media,awareness,166107,3337,170,3381.25,82902.73,24.5184,5.0
MC-21998,2024-09-09,ZA,Cape Town,Architect,budget,Afrikaans,email,awareness,20098,628,15,10098.7,3743.42,0.3707,8.0
MC-22318,2024-09-09,IN,Mumbai,HR Manager,budget,Hindi,search,retention,14494,1383,97,2212.14,9558.82,4.3211,10.0
MC-21261,2024-09-09,US,Chicago,HR Manager,mid,English,email,acquisition,64658,1770,49,2928.65,29106.02,9.9384,1.0
MC-20658,2024-09-09,US,New York,HR Manager,budget,English,display,acquisition,73476,719,35,1980.26,4139.53,2.0904,3.0
MC-20461,2024-09-09,IN,Bangalore,Product Manager,premium,Hindi,influencer,acquisition,87865,1806,105,508.65,403677.15,793.6246,1.0
MC-21236,2024-09-09,DE,Hamburg,Researcher,premium,German,search,retention,58125,3397,110,1864.37,446782.14,239.6424,1.0
MC-22402,2024-09-09,US,Seattle,Consultant,mid,English,email,retention,3131,88,3,2618.61,2015.61,0.7697,7.0
MC-22730,2024-09-09,US,Seattle,Software Engineer,premium,English,social_media,retention,77335,1113,41,3400.51,238145.33,70.0322,5.0
MC-22879,2024-09-09,NL,Rotterdam,Sales Rep,mid,Dutch,email,acquisition,82992,2278,82,7860.14,38069.54,4.8434,9.0
MC-20744,2024-09-09,US,San Francisco,Designer,mid,English,social_media,retention,500000,7530,435,371.46,271665.61,731.3455,3.0
MC-22360,2024-09-09,JP,Osaka,Sales Rep,premium,Japanese,search,acquisition,7271,524,30,7254.7,90390.02,12.4595,8.0
MC-21544,2024-09-09,IN,Chennai,Researcher,budget,Hindi,email,acquisition,7691,184,9,4915.02,1255.69,0.2555,8.0
MC-20707,2024-09-09,FR,Bordeaux,Physician,mid,French,search,acquisition,48121,2694,193,1979.4,222271.77,112.2925,1.0
MC-22288,2024-09-09,BR,Salvador,Product Manager,budget,Portuguese,social_media,awareness,289297,4062,59,699.79,7360.58,10.5183,5.0
MC-21771,2024-09-09,US,Seattle,Data Scientist,mid,English,social_media,retention,208685,4877,100,4022.29,117311.02,29.1652,1.0
MC-22219,2024-09-09,US,Seattle,HR Manager,mid,English,search,awareness,89631,6764,266,3310.86,136875.76,41.3415,4.0
MC-21875,2024-09-09,GB,Birmingham,Marketing Manager,budget,English,email,retention,30090,952,40,707.91,6241.53,8.8168,6.0
MC-20989,2024-09-09,US,Phoenix,Researcher,mid,English,search,retention,80946,6877,499,1474.8,452070.62,306.5301,3.0
MC-20095,2024-09-09,FR,Paris,Data Scientist,budget,French,email,acquisition,2981,74,4,5909.89,932.24,0.1577,5.0
MC-20618,2024-09-09,CA,Vancouver,Architect,budget,English,search,awareness,23504,2116,147,12783.78,29714.74,2.3244,2.0
MC-20341,2024-09-09,GB,Manchester,Software Engineer,mid,English,display,retention,105825,1276,87,2369.97,85795.28,36.201,8.0
MC-20430,2024-09-09,US,San Francisco,Marketing Manager,budget,English,influencer,awareness,78645,1664,59,4049.06,10381.39,2.5639,2.0
MC-22779,2024-09-10,DE,Munich,Consultant,premium,German,influencer,acquisition,24467,681,16,541.12,69130.13,127.7538,9.0
MC-22761,2024-09-10,US,Los Angeles,Software Engineer,premium,English,influencer,acquisition,402075,7594,584,2609.22,3292272.25,1261.7841,1.0
MC-21818,2024-09-10,DE,Stuttgart,Marketing Manager,mid,German,email,acquisition,7781,252,4,1102.51,2834.36,2.5708,7.0
MC-20507,2024-09-10,MX,Tijuana,Accountant,budget,Spanish,email,acquisition,49786,1424,55,1947.77,8796.24,4.5161,3.0
MC-22419,2024-09-10,IN,Delhi,Data Scientist,mid,Hindi,social_media,acquisition,108875,2487,84,642.67,107049.49,166.5699,4.0
MC-21589,2024-09-10,US,Phoenix,Consultant,mid,English,content_marketing,retention,25756,562,20,2762.24,16720.74,6.0533,8.0
MC-22616,2024-09-10,US,Phoenix,Researcher,budget,English,social_media,acquisition,233670,3422,199,723.39,33434.78,46.2196,1.0
MC-22389,2024-09-10,MX,Monterrey,HR Manager,budget,Spanish,social_media,acquisition,160145,3343,183,3371.67,19301.0,5.7245,6.0
MC-22341,2024-09-10,IN,Delhi,Teacher,mid,Hindi,email,awareness,8438,294,9,1726.48,4630.76,2.6822,1.0
MC-21359,2024-09-10,IL,Haifa,Researcher,premium,Hebrew,social_media,acquisition,500000,8122,234,6942.08,802625.15,115.6174,4.0
MC-22060,2024-09-10,GB,Bristol,Writer,budget,English,social_media,awareness,64547,1136,26,1975.72,2222.08,1.1247,6.0
MC-21625,2024-09-10,IL,Netanya,HR Manager,premium,Hebrew,display,acquisition,351621,3280,166,906.68,457183.85,504.2395,1.0
MC-22404,2024-09-10,IN,Bangalore,Marketing Manager,budget,Hindi,email,re_engagement,7600,248,19,754.7,3222.03,4.2693,4.0
MC-22742,2024-09-10,GB,London,Data Scientist,mid,English,email,acquisition,16747,544,31,797.1,39886.66,50.0397,6.0
MC-21602,2024-09-10,US,Seattle,Researcher,mid,English,search,acquisition,45640,2928,211,474.36,162994.92,343.6102,2.0
MC-21421,2024-09-10,ZA,Port Elizabeth,Writer,mid,Afrikaans,social_media,retention,65917,1201,76,514.97,48098.56,93.4007,3.0
MC-21982,2024-09-10,AU,Sydney,Researcher,budget,English,search,retention,219168,18813,1458,2733.84,201225.4,73.6054,8.0
MC-21348,2024-09-10,US,Los Angeles,Accountant,budget,English,email,retention,34724,1186,29,3851.56,4308.28,1.1186,9.0
MC-22684,2024-09-10,IN,Chennai,Teacher,mid,Hindi,content_marketing,acquisition,12526,280,13,3110.72,6431.62,2.0676,2.0
MC-21644,2024-09-10,MX,Mexico City,Data Scientist,budget,Spanish,email,retention,14486,344,13,754.06,3150.1,4.1775,1.0
MC-21257,2024-09-10,NL,Amsterdam,Accountant,budget,Dutch,search,acquisition,33906,1900,32,1416.04,5247.82,3.706,7.0
MC-21765,2024-09-10,IL,Haifa,Designer,budget,Hebrew,search,awareness,500000,33287,532,545.36,49023.27,89.8916,6.0
MC-22889,2024-09-10,US,San Francisco,HR Manager,mid,English,email,acquisition,5816,226,2,1391.75,1165.57,0.8375,9.0
MC-20403,2024-09-10,IL,Haifa,Accountant,mid,Hebrew,social_media,acquisition,232945,3814,204,70.03,137101.12,1957.7484,3.0
MC-22217,2024-09-10,SG,Singapore,Designer,mid,English,search,awareness,33065,2620,71,1095.66,36826.59,33.6113,5.0
MC-20984,2024-09-10,GB,Leeds,HR Manager,budget,English,email,acquisition,3381,73,2,5174.28,178.04,0.0344,10.0
MC-22456,2024-09-10,US,New York,Designer,budget,English,search,re_engagement,96670,5689,420,5808.19,47800.56,8.2299,2.0
MC-21880,2024-09-10,IN,Chennai,Teacher,premium,Hindi,email,acquisition,3871,128,5,5788.84,15432.37,2.6659,6.0
MC-21129,2024-09-10,IL,Netanya,Teacher,budget,Hebrew,search,acquisition,52154,3216,73,3541.34,8911.89,2.5165,8.0
MC-21157,2024-09-10,ES,Valencia,Consultant,budget,Spanish,email,awareness,8741,318,20,642.78,3382.11,5.2617,5.0
MC-21751,2024-09-10,BR,Rio de Janeiro,Sales Rep,premium,Portuguese,social_media,awareness,52282,1086,57,4546.98,153551.97,33.7701,2.0
MC-20159,2024-09-10,US,Chicago,Accountant,premium,English,email,acquisition,6761,232,11,2807.09,52714.26,18.779,2.0
MC-22970,2024-09-10,ES,Madrid,Architect,premium,Spanish,influencer,retention,31710,588,41,1251.98,225520.21,180.1308,5.0
MC-20176,2024-09-10,US,Houston,HR Manager,mid,English,display,awareness,86700,1159,16,3135.09,9542.29,3.0437,9.0
MC-20068,2024-09-10,US,New York,HR Manager,budget,English,social_media,retention,198585,4027,174,2894.24,17634.75,6.0931,1.0
MC-20776,2024-09-10,GB,Manchester,HR Manager,mid,English,social_media,awareness,35672,671,51,1644.15,22958.22,13.9636,7.0
MC-20423,2024-09-11,GB,Leeds,HR Manager,mid,English,search,acquisition,42943,3607,177,2623.27,94185.71,35.9039,2.0
MC-21487,2024-09-11,US,San Francisco,Writer,budget,English,social_media,awareness,18837,470,27,7419.47,3140.45,0.4233,8.0
MC-20524,2024-09-11,SG,Singapore,Product Manager,mid,English,influencer,acquisition,500000,9655,673,9675.01,560712.04,57.9547,7.0
MC-20990,2024-09-11,IL,Jerusalem,Marketing Manager,mid,Hebrew,display,retention,107466,1121,69,1591.69,59287.98,37.2484,7.0
MC-22053,2024-09-11,DE,Stuttgart,Product Manager,budget,German,email,retention,22972,784,44,3092.5,6854.99,2.2166,6.0
MC-20119,2024-09-11,IN,Mumbai,Lawyer,premium,Hindi,social_media,acquisition,90880,1993,53,689.6,290515.49,421.2812,9.0
MC-20587,2024-09-11,SG,Singapore,Marketing Manager,mid,English,search,awareness,92276,7679,313,281.81,231790.07,822.5048,5.0
MC-20885,2024-09-11,BR,São Paulo,Designer,budget,Portuguese,email,acquisition,21688,503,18,4806.47,1684.62,0.3505,8.0
MC-21971,2024-09-11,IN,Kolkata,Lawyer,mid,Hindi,search,retention,7994,665,10,1034.99,12312.38,11.8961,7.0
MC-21551,2024-09-11,US,Phoenix,Accountant,budget,English,search,acquisition,100910,9676,722,8081.1,124717.95,15.4333,8.0
MC-21409,2024-09-11,US,Phoenix,Product Manager,premium,English,search,retention,80752,5721,457,5670.07,2131718.34,375.9598,10.0
MC-20111,2024-09-11,US,Los Angeles,Sales Rep,premium,English,social_media,acquisition,50225,1292,67,3000.89,192692.38,64.2117,1.0
MC-20910,2024-09-11,US,New York,Writer,premium,English,influencer,re_engagement,19216,583,7,1305.56,21197.85,16.2366,9.0
MC-21789,2024-09-11,US,San Francisco,Researcher,mid,English,influencer,acquisition,101188,2708,185,2692.72,138087.89,51.2819,10.0
MC-22695,2024-09-11,GB,Leeds,Software Engineer,mid,English,search,re_engagement,74314,7162,447,4024.28,439636.13,109.2459,5.0
MC-22694,2024-09-11,FR,Paris,Product Manager,mid,French,social_media,awareness,147687,3672,37,4737.57,34665.25,7.3171,6.0
MC-22272,2024-09-11,SG,Singapore,Marketing Manager,budget,English,email,retention,23729,728,38,5001.11,6003.12,1.2004,3.0
MC-21436,2024-09-11,US,Phoenix,Product Manager,budget,English,search,awareness,35445,1943,102,5228.68,17090.53,3.2686,5.0
MC-22039,2024-09-11,US,Los Angeles,Marketing Manager,premium,English,display,acquisition,500000,6204,273,16469.21,1134693.39,68.8979,7.0
MC-22791,2024-09-11,NL,Rotterdam,Physician,budget,Dutch,influencer,awareness,67581,1970,110,1038.23,21462.61,20.6723,6.0
MC-20601,2024-09-11,FR,Marseille,Marketing Manager,budget,French,email,retention,38476,1393,94,3952.13,16053.8,4.0621,3.0
MC-21022,2024-09-11,SG,Singapore,Product Manager,budget,English,search,acquisition,23298,2138,101,2675.87,13815.41,5.163,5.0
MC-22794,2024-09-11,US,Los Angeles,Marketing Manager,premium,English,search,awareness,92874,7106,556,422.55,1927683.98,4562.0257,7.0
MC-21186,2024-09-11,US,Houston,Data Scientist,premium,English,email,re_engagement,23474,530,40,1062.45,243957.19,229.6176,2.0
MC-22438,2024-09-11,FR,Nice,Teacher,mid,French,display,re_engagement,500000,7712,238,2322.69,147368.34,63.4473,6.0
MC-20081,2024-09-11,AU,Brisbane,Accountant,mid,English,social_media,awareness,41782,810,42,189.89,36028.0,189.7309,8.0
MC-22315,2024-09-11,ES,Barcelona,Physician,mid,Spanish,social_media,acquisition,456890,8235,321,2668.69,409535.4,153.4593,6.0
MC-22093,2024-09-11,JP,Sapporo,Product Manager,mid,Japanese,social_media,awareness,29245,514,22,6848.36,15949.06,2.3289,3.0
MC-20065,2024-09-11,US,Houston,Teacher,budget,English,content_marketing,retention,28469,538,19,3030.29,1967.41,0.6492,10.0
MC-21774,2024-09-11,SG,Singapore,Product Manager,premium,English,content_marketing,acquisition,1079,16,0,916.95,0.0,0.0,4.0
MC-20324,2024-09-11,IN,Bangalore,Researcher,mid,Hindi,social_media,retention,29907,744,39,2170.29,30353.22,13.9858,1.0
MC-20631,2024-09-11,AU,Adelaide,Sales Rep,mid,English,search,awareness,3474,202,7,842.22,4615.46,5.4801,7.0
MC-22086,2024-09-11,US,New York,Writer,budget,English,social_media,acquisition,439992,6277,108,779.81,13584.06,17.4197,3.0
MC-20594,2024-09-11,IN,Bangalore,Lawyer,mid,Hindi,social_media,retention,234272,5666,82,1060.51,82552.36,77.8421,9.0
MC-21605,2024-09-11,ES,Madrid,Product Manager,mid,Spanish,email,retention,48316,1216,33,1294.85,27296.58,21.0809,10.0
MC-22854,2024-09-11,BR,Fortaleza,Product Manager,premium,Portuguese,influencer,retention,66472,1206,37,3224.02,156718.4,48.6096,8.0
MC-20290,2024-09-11,IN,Mumbai,Product Manager,mid,Hindi,display,retention,77142,1074,75,8023.35,51826.87,6.4595,1.0
MC-21084,2024-09-11,US,New York,Marketing Manager,mid,English,social_media,retention,7402,108,1,2325.25,736.0,0.3165,9.0
MC-20060,2024-09-11,AU,Perth,Marketing Manager,mid,English,social_media,retention,24560,616,41,6501.88,34105.3,5.2455,4.0
MC-21073,2024-09-11,US,New York,Software Engineer,mid,English,email,acquisition,4389,100,2,692.25,1928.78,2.7862,7.0
MC-22175,2024-09-11,GB,Leeds,Writer,mid,English,search,awareness,62988,3599,151,2743.07,93915.84,34.2375,5.0
MC-21804,2024-09-12,IN,Kolkata,Sales Rep,budget,Hindi,display,retention,162801,1969,83,515.0,10297.65,19.9954,3.0
MC-22439,2024-09-12,IN,Chennai,Marketing Manager,budget,Hindi,email,acquisition,41266,984,25,440.99,3804.2,8.6265,9.0
MC-21842,2024-09-12,US,Los Angeles,Lawyer,mid,English,content_marketing,acquisition,159140,2843,114,1827.35,138248.87,75.6554,6.0
MC-22652,2024-09-12,US,New York,Consultant,budget,English,search,acquisition,500000,34723,2599,1437.61,324722.23,225.8764,9.0
MC-20531,2024-09-12,US,Los Angeles,Writer,premium,English,email,acquisition,28272,716,10,872.77,29715.48,34.0473,9.0
MC-22257,2024-09-12,MX,Guadalajara,Architect,premium,Spanish,search,awareness,46895,3210,169,897.14,840499.22,936.8652,10.0
MC-22560,2024-09-12,US,Los Angeles,Software Engineer,budget,English,display,awareness,64419,934,12,2519.3,2805.05,1.1134,9.0
MC-20500,2024-09-12,IN,Pune,Marketing Manager,budget,Hindi,content_marketing,retention,47436,916,39,2178.85,5705.71,2.6187,9.0
MC-20207,2024-09-12,US,Phoenix,Consultant,mid,English,display,acquisition,70746,839,57,1353.04,51619.7,38.1509,2.0
MC-20165,2024-09-12,JP,Yokohama,Writer,mid,Japanese,social_media,retention,20557,304,4,2102.89,2023.38,0.9622,4.0
MC-21596,2024-09-12,NL,Amsterdam,Sales Rep,premium,Dutch,social_media,awareness,54872,1143,47,1910.25,144191.08,75.4828,10.0
MC-20429,2024-09-12,US,Seattle,Product Manager,mid,English,social_media,awareness,250600,3803,96,223.54,88179.3,394.4677,8.0
MC-22504,2024-09-12,US,Houston,Teacher,premium,English,social_media,retention,12880,205,3,920.38,9450.29,10.2678,6.0
MC-21972,2024-09-12,ZA,Cape Town,Marketing Manager,budget,Afrikaans,display,re_engagement,43734,442,11,3059.81,1922.35,0.6283,8.0
MC-22597,2024-09-12,BR,Salvador,Marketing Manager,premium,Portuguese,email,acquisition,7790,292,19,1810.66,74271.42,41.019,3.0
MC-21844,2024-09-12,MX,Tijuana,Physician,premium,Spanish,search,acquisition,33742,2011,39,1116.4,189446.42,169.694,5.0
MC-20395,2024-09-12,IN,Mumbai,Accountant,mid,Hindi,email,acquisition,27000,939,38,496.32,33082.56,66.6557,2.0
MC-22261,2024-09-12,US,Houston,Product Manager,mid,English,social_media,acquisition,18487,277,11,965.12,7876.82,8.1615,4.0
MC-21256,2024-09-12,DE,Frankfurt,Writer,premium,German,social_media,acquisition,32402,741,9,1784.7,29553.26,16.5592,2.0
MC-21303,2024-09-12,US,Chicago,Data Scientist,mid,English,email,re_engagement,5525,206,16,1129.2,20626.97,18.2669,10.0
MC-22085,2024-09-12,DE,Munich,Accountant,budget,German,email,retention,6208,172,4,489.08,626.54,1.2811,7.0
MC-22346,2024-09-12,GB,Leeds,Consultant,premium,English,influencer,re_engagement,103410,3032,216,8279.53,764045.96,92.2813,1.0
MC-20231,2024-09-12,IN,Kolkata,Marketing Manager,mid,Hindi,search,awareness,35787,2063,137,1180.63,90903.92,76.9961,3.0
MC-21480,2024-09-12,GB,Bristol,Researcher,budget,English,search,retention,68598,6039,201,6182.68,30993.14,5.0129,9.0
MC-21184,2024-09-12,IN,Bangalore,Teacher,mid,Hindi,search,acquisition,44131,4056,101,2086.98,48358.39,23.1715,7.0
MC-21169,2024-09-12,SG,Singapore,Physician,mid,English,social_media,acquisition,500000,12595,668,4513.6,713646.64,158.1103,4.0
MC-21332,2024-09-12,US,Chicago,Lawyer,mid,English,content_marketing,awareness,82647,1367,39,7406.44,35252.35,4.7597,1.0
MC-21146,2024-09-12,US,New York,Marketing Manager,premium,English,search,retention,84667,5195,318,5122.65,1166793.63,227.7715,7.0
MC-22861,2024-09-12,BR,São Paulo,Physician,budget,Portuguese,email,acquisition,25544,696,43,2051.46,9433.03,4.5982,6.0
MC-20049,2024-09-12,US,Houston,Writer,budget,English,social_media,awareness,40637,945,54,1223.71,5521.61,4.5122,4.0
MC-22897,2024-09-12,ZA,Durban,Teacher,budget,Afrikaans,social_media,acquisition,66927,1541,48,1869.87,4634.09,2.4783,7.0
MC-21012,2024-09-12,GB,Birmingham,HR Manager,mid,English,email,retention,4127,141,5,7134.54,3290.92,0.4613,3.0
MC-20281,2024-09-12,US,New York,Consultant,mid,English,email,awareness,49766,1933,83,9344.84,71729.55,7.6758,7.0
MC-20882,2024-09-12,JP,Osaka,Researcher,premium,Japanese,social_media,retention,62132,1267,53,2555.37,195441.23,76.4826,9.0
MC-22969,2024-09-12,US,Phoenix,Architect,mid,English,social_media,acquisition,25990,571,20,935.81,23010.4,24.5888,5.0
MC-21143,2024-09-12,IN,Hyderabad,Lawyer,mid,Hindi,content_marketing,acquisition,28789,399,12,2309.64,13672.52,5.9198,5.0
MC-20092,2024-09-12,US,Los Angeles,Data Scientist,premium,English,search,awareness,2700,169,2,355.92,9872.01,27.7366,6.0
MC-22479,2024-09-12,BR,Salvador,HR Manager,premium,Portuguese,email,re_engagement,8334,196,2,1134.55,-330.2260046178347,-0.2911,2.0
MC-20569,2024-09-12,GB,Bristol,Researcher,budget,English,content_marketing,retention,23176,523,22,855.32,3239.4,3.7874,9.0
MC-21382,2024-09-12,BR,Fortaleza,Sales Rep,mid,Portuguese,social_media,acquisition,27777,394,19,508.55,10406.34,20.4628,3.0
MC-20582,2024-09-12,ZA,Johannesburg,Researcher,premium,Afrikaans,social_media,acquisition,500000,9671,559,3281.19,2212747.1,674.3734,7.0
MC-22005,2024-09-12,IL,Tel Aviv,Marketing Manager,budget,Hebrew,email,acquisition,8642,194,7,2594.31,988.55,0.381,7.0
MC-22385,2024-09-12,DE,Munich,Physician,mid,German,search,acquisition,207631,20071,459,3065.61,482404.66,157.3601,8.0
MC-22396,2024-09-12,GB,Leeds,Architect,budget,English,social_media,retention,71232,1238,54,3994.95,9564.42,2.3941,4.0
MC-22040,2024-09-12,US,Chicago,Researcher,budget,English,search,retention,82883,7706,456,1829.65,55849.25,30.5246,5.0
MC-20576,2024-09-12,GB,Glasgow,Physician,mid,English,social_media,awareness,86742,1905,109,5166.78,111316.59,21.5447,4.0
MC-22919,2024-09-13,US,Phoenix,Designer,budget,English,social_media,acquisition,63807,1163,19,5520.61,2150.34,0.3895,8.0
MC-21469,2024-09-13,MX,Guadalajara,Architect,budget,Spanish,search,acquisition,3827,241,16,1587.56,2692.03,1.6957,2.0
MC-22839,2024-09-13,US,New York,Data Scientist,mid,English,display,re_engagement,57453,684,39,1622.56,42893.19,26.4355,8.0
MC-20575,2024-09-13,IL,Haifa,Data Scientist,mid,Hebrew,email,acquisition,14745,341,15,741.57,18337.82,24.7284,4.0
MC-22528,2024-09-13,US,Seattle,Teacher,budget,English,search,re_engagement,167728,10700,443,12155.39,44909.26,3.6946,4.0
MC-22674,2024-09-13,NL,The Hague,Architect,mid,Dutch,social_media,awareness,52110,1321,58,823.08,75003.43,91.1253,1.0
MC-22667,2024-09-13,US,Chicago,Teacher,mid,English,content_marketing,awareness,49662,637,32,3348.8,15655.73,4.675,3.0
MC-22225,2024-09-13,US,Houston,Writer,budget,English,display,awareness,74241,830,64,4597.93,7779.17,1.6919,5.0
MC-21467,2024-09-13,GB,Leeds,Marketing Manager,mid,English,email,retention,16832,422,22,3187.96,20926.19,6.5641,8.0
MC-20127,2024-09-13,US,Phoenix,Software Engineer,budget,English,social_media,acquisition,70492,1767,19,1151.24,4302.01,3.7368,9.0
MC-22521,2024-09-13,ZA,Johannesburg,Data Scientist,budget,Afrikaans,display,awareness,103512,1275,14,1420.7,3434.46,2.4174,4.0
MC-22230,2024-09-13,AU,Sydney,Data Scientist,budget,English,social_media,re_engagement,30540,575,37,927.21,6986.78,7.5353,8.0
MC-22518,2024-09-13,CA,Toronto,Teacher,premium,English,influencer,retention,12756,272,8,3367.14,24483.34,7.2713,5.0
MC-20426,2024-09-13,US,Seattle,Designer,budget,English,search,acquisition,31714,2211,139,3103.47,13768.49,4.4365,7.0
MC-20723,2024-09-13,DE,Frankfurt,Designer,mid,German,search,re_engagement,95628,7578,402,4524.85,261981.51,57.8984,2.0
MC-22960,2024-09-13,US,Chicago,Marketing Manager,premium,English,social_media,retention,31797,739,47,398.24,178547.79,448.3422,10.0
MC-21898,2024-09-13,US,Phoenix,Writer,premium,English,social_media,awareness,8990,128,5,1271.51,11693.03,9.1962,1.0
MC-20559,2024-09-13,IN,Chennai,Consultant,mid,Hindi,search,re_engagement,4739,411,24,5882.83,17593.73,2.9907,2.0
MC-21575,2024-09-13,US,New York,Sales Rep,budget,English,search,awareness,30706,2821,160,5793.34,19067.74,3.2913,4.0
MC-20336,2024-09-13,SG,Singapore,Product Manager,mid,English,email,retention,32227,1141,77,804.35,52254.73,64.9652,4.0
MC-20115,2024-09-13,US,Houston,Physician,mid,English,social_media,re_engagement,29320,734,16,1454.35,14400.38,9.9016,1.0
MC-20676,2024-09-13,BR,São Paulo,Architect,mid,Portuguese,social_media,retention,500000,11752,727,141.05,699971.59,4962.5777,8.0
MC-20620,2024-09-13,MX,Puebla,Designer,mid,Spanish,influencer,acquisition,32481,881,54,2357.35,28732.02,12.1883,8.0
MC-20383,2024-09-13,IN,Chennai,Sales Rep,budget,Hindi,email,acquisition,4993,170,5,689.3,575.09,0.8343,3.0
MC-21607,2024-09-13,BR,Rio de Janeiro,Architect,budget,Portuguese,search,acquisition,47452,3293,187,394.72,39109.43,99.0815,6.0
MC-20366,2024-09-13,GB,Leeds,Architect,budget,English,influencer,re_engagement,151520,3999,140,160.23,29519.47,184.2319,10.0
MC-21407,2024-09-13,BR,Rio de Janeiro,Teacher,mid,Portuguese,content_marketing,awareness,86765,1931,126,5525.52,60503.2,10.9498,1.0
MC-22799,2024-09-13,US,Seattle,Physician,premium,English,search,retention,70698,5771,254,203.4,1171093.53,5757.5886,1.0
MC-21216,2024-09-13,BR,Fortaleza,Software Engineer,mid,Portuguese,email,acquisition,138006,3804,260,2069.63,338964.07,163.78,5.0
MC-20655,2024-09-13,JP,Tokyo,Consultant,budget,Japanese,display,acquisition,326442,2790,134,9552.98,23829.91,2.4945,2.0
MC-20808,2024-09-13,GB,Bristol,Researcher,mid,English,social_media,acquisition,7390,121,9,5471.67,5840.39,1.0674,4.0
MC-22106,2024-09-13,DE,Berlin,Designer,budget,German,email,acquisition,2886,63,3,1823.65,315.91,0.1732,6.0
MC-22749,2024-09-13,ZA,Port Elizabeth,Data Scientist,premium,Afrikaans,search,retention,458110,28457,360,7777.02,2269284.56,291.7936,4.0
MC-20902,2024-09-14,IL,Jerusalem,Researcher,budget,Hebrew,social_media,acquisition,32272,701,52,1451.95,8794.83,6.0573,6.0
MC-20907,2024-09-14,NL,The Hague,Marketing Manager,mid,Dutch,search,awareness,10331,909,32,22809.49,26681.27,1.1697,10.0
MC-21335,2024-09-14,US,New York,Data Scientist,mid,English,email,acquisition,26022,569,25,2131.13,29027.24,13.6206,10.0
MC-21723,2024-09-14,DE,Berlin,Writer,premium,German,search,retention,7242,628,7,188.32,19371.36,102.8641,8.0
MC-21273,2024-09-14,BR,Brasília,Marketing Manager,mid,Portuguese,email,acquisition,5748,148,9,1542.55,5872.29,3.8069,4.0
MC-20041,2024-09-14,US,Houston,Accountant,mid,English,email,retention,100639,2904,191,8889.5,155085.88,17.446,4.0
MC-20467,2024-09-14,NL,Utrecht,Architect,budget,Dutch,email,awareness,26071,614,46,2096.88,9667.92,4.6106,6.0
MC-21056,2024-09-14,US,San Francisco,Researcher,premium,English,email,retention,81279,3110,145,2884.01,543269.45,188.3729,5.0
MC-22787,2024-09-14,DE,Berlin,Architect,budget,German,email,acquisition,10614,381,10,8805.3,2209.47,0.2509,5.0
MC-22530,2024-09-14,IN,Chennai,Writer,mid,Hindi,email,acquisition,67067,1741,122,2999.7,81120.2,27.0428,8.0
MC-20621,2024-09-14,US,Chicago,Data Scientist,premium,English,display,acquisition,500000,5947,464,4508.59,2828548.26,627.3687,4.0
MC-22606,2024-09-14,FR,Toulouse,Sales Rep,mid,French,social_media,awareness,121760,2406,68,855.54,44046.03,51.4833,2.0
MC-20001,2024-09-14,US,Phoenix,Teacher,mid,English,email,acquisition,6913,151,8,1626.06,4711.88,2.8977,7.0
MC-22135,2024-09-14,US,San Francisco,Architect,premium,English,content_marketing,acquisition,11452,214,4,389.38,21641.84,55.5803,7.0
MC-20256,2024-09-14,CA,Calgary,Designer,budget,English,search,retention,447912,43265,2327,4240.14,256075.03,60.3931,4.0
MC-22220,2024-09-14,DE,Stuttgart,Teacher,mid,German,email,awareness,6238,212,10,783.41,4929.85,6.2928,8.0
MC-22029,2024-09-14,IN,Chennai,Researcher,budget,Hindi,display,retention,457074,6119,159,2007.35,27408.87,13.6543,4.0
MC-20349,2024-09-14,SG,Singapore,Consultant,mid,English,display,awareness,111561,1102,19,641.62,15055.79,23.4653,4.0
MC-22144,2024-09-14,IN,Mumbai,Lawyer,mid,Hindi,social_media,awareness,139057,2247,29,497.32,33883.33,68.1318,3.0
MC-22252,2024-09-15,BR,São Paulo,Data Scientist,mid,Portuguese,search,acquisition,500000,29470,1669,5770.26,2041603.36,353.8148,6.0
MC-20608,2024-09-15,US,Chicago,Teacher,mid,English,email,retention,4091,107,4,1030.79,2513.49,2.4384,2.0
MC-20444,2024-09-15,US,Los Angeles,Consultant,premium,English,email,retention,12785,412,30,1214.2,140994.96,116.1217,7.0
MC-22638,2024-09-15,ES,Valencia,Designer,mid,Spanish,email,awareness,247108,7372,466,982.2,244963.67,249.403,6.0
MC-20126,2024-09-15,ZA,Johannesburg,Data Scientist,budget,Afrikaans,search,retention,113200,5989,471,1881.17,85085.37,45.23,3.0
MC-22128,2024-09-15,US,San Francisco,Sales Rep,budget,English,social_media,acquisition,171720,4451,215,4038.06,25091.04,6.2136,7.0
MC-21902,2024-09-15,US,Houston,Software Engineer,mid,English,search,acquisition,63408,5527,402,2788.12,433652.21,155.5357,4.0
MC-21424,2024-09-15,US,New York,Physician,premium,English,display,awareness,46563,504,21,2955.68,136265.98,46.1031,1.0
MC-22925,2024-09-15,SG,Singapore,Designer,mid,English,social_media,awareness,80260,1842,103,3706.17,55092.29,14.865,8.0
MC-20246,2024-09-15,JP,Sapporo,Product Manager,mid,Japanese,email,awareness,33597,1300,66,701.47,55326.05,78.8716,9.0
MC-21865,2024-09-15,US,Seattle,Lawyer,mid,English,search,acquisition,71046,4383,232,710.68,281253.19,395.7522,7.0
MC-22420,2024-09-15,MX,Guadalajara,Teacher,mid,Spanish,influencer,acquisition,39639,823,40,3693.56,19271.17,5.2175,3.0
MC-21452,2024-09-15,IN,Bangalore,Designer,mid,Hindi,email,acquisition,4856,138,10,456.77,5722.9,12.5291,9.0
MC-22179,2024-09-15,DE,Munich,Teacher,mid,German,search,awareness,10712,699,19,12837.03,9515.84,0.7413,2.0
MC-20654,2024-09-15,US,Seattle,Accountant,premium,English,display,acquisition,68748,929,20,2515.26,94566.82,37.5972,3.0
MC-22631,2024-09-15,US,San Francisco,HR Manager,budget,English,email,retention,54651,1313,63,1551.19,7695.6,4.9611,4.0
MC-20061,2024-09-15,GB,Leeds,Architect,premium,English,social_media,retention,28700,742,18,858.61,91240.37,106.2652,1.0
MC-21135,2024-09-16,US,Seattle,Data Scientist,budget,English,influencer,acquisition,72063,1925,24,3970.79,4626.95,1.1652,9.0
MC-22738,2024-09-16,US,Seattle,Marketing Manager,premium,English,influencer,retention,362469,6453,290,1098.64,1197872.93,1090.3234,1.0
MC-21727,2024-09-16,US,San Francisco,Accountant,mid,English,search,re_engagement,17116,983,23,1632.35,18709.44,11.4617,7.0
MC-21773,2024-09-16,DE,Berlin,Designer,mid,German,influencer,awareness,52758,1430,52,8891.14,34559.2,3.8869,3.0
MC-21124,2024-09-16,ES,Barcelona,Physician,mid,Spanish,email,re_engagement,22953,583,44,2460.81,50206.5,20.4024,9.0
MC-22407,2024-09-16,CA,Vancouver,HR Manager,mid,English,email,awareness,1679,55,1,1240.05,608.05,0.4903,1.0
MC-22558,2024-09-16,IN,Mumbai,Consultant,mid,Hindi,content_marketing,retention,70626,1614,86,1585.88,-729.1589807981196,-0.4598,5.0
MC-20361,2024-09-16,IN,Bangalore,Researcher,budget,Hindi,email,awareness,49509,1565,72,5749.64,12377.91,2.1528,2.0
MC-21090,2024-09-16,IN,Delhi,Data Scientist,budget,Hindi,social_media,acquisition,39010,795,52,831.23,10346.29,12.447,2.0
MC-22922,2024-09-16,SG,Singapore,Accountant,mid,English,email,acquisition,4369,157,5,13358.16,3777.65,0.2828,4.0
MC-21315,2024-09-16,DE,Stuttgart,Accountant,premium,German,influencer,retention,20685,368,16,711.3,52800.76,74.2314,8.0
MC-21580,2024-09-16,DE,Frankfurt,Data Scientist,mid,German,display,awareness,86493,1302,60,6571.99,55061.3,8.3782,6.0
MC-22221,2024-09-16,FR,Bordeaux,Researcher,premium,French,influencer,acquisition,13563,294,15,2037.38,64498.42,31.6575,5.0
MC-21654,2024-09-16,GB,Manchester,Lawyer,mid,English,display,retention,120144,1287,30,1679.09,27752.19,16.5281,5.0
MC-20042,2024-09-16,IN,Mumbai,HR Manager,premium,Hindi,social_media,acquisition,500000,11817,914,3027.8,2212566.56,730.7506,8.0
MC-20452,2024-09-16,SG,Singapore,Software Engineer,mid,English,social_media,retention,4797,77,1,372.26,1336.94,3.5914,4.0
MC-21722,2024-09-16,GB,Manchester,Physician,mid,English,email,acquisition,14537,552,16,3773.35,15635.76,4.1437,5.0
MC-22270,2024-09-16,US,Houston,Teacher,premium,English,social_media,retention,10747,233,10,567.74,29247.79,51.5162,5.0
MC-20010,2024-09-16,DE,Hamburg,Consultant,budget,German,social_media,awareness,56000,984,11,700.98,1650.37,2.3544,1.0
MC-20834,2024-09-16,IN,Kolkata,Marketing Manager,budget,Hindi,social_media,awareness,112742,2817,138,1385.36,24569.25,17.7349,2.0
MC-22980,2024-09-16,NL,Eindhoven,Consultant,mid,Dutch,influencer,re_engagement,124561,3486,206,375.91,134312.52,357.2997,6.0
MC-20647,2024-09-16,GB,Leeds,Designer,budget,English,email,acquisition,16753,440,5,910.46,485.46,0.5332,8.0
MC-20596,2024-09-16,CA,Ottawa,Designer,mid,English,display,acquisition,202788,3064,205,1476.79,101679.95,68.852,1.0
MC-20441,2024-09-16,US,New York,Consultant,premium,English,content_marketing,re_engagement,148436,2887,69,1260.99,308539.36,244.6803,3.0
MC-20614,2024-09-16,NL,Eindhoven,Consultant,mid,Dutch,email,awareness,16645,410,19,3741.94,12853.5,3.435,6.0
MC-20826,2024-09-16,US,Seattle,Consultant,budget,English,email,retention,14629,350,22,1618.52,3065.83,1.8942,2.0
MC-21293,2024-09-16,BR,São Paulo,Consultant,budget,Portuguese,influencer,retention,268324,8078,534,5718.32,84097.08,14.7066,9.0
MC-20641,2024-09-16,ZA,Durban,Writer,mid,Afrikaans,display,retention,52941,825,40,5222.58,18861.61,3.6116,9.0
MC-21719,2024-09-17,GB,Birmingham,Lawyer,budget,English,email,awareness,65766,2259,61,482.57,10322.58,21.3908,1.0
MC-22933,2024-09-17,BR,Brasília,Architect,budget,Portuguese,search,acquisition,112429,7933,542,2669.94,99804.65,37.3809,5.0
MC-20613,2024-09-17,AU,Perth,Software Engineer,budget,English,social_media,awareness,74172,1498,111,13211.29,25342.34,1.9182,1.0
MC-21699,2024-09-17,IN,Pune,Marketing Manager,mid,Hindi,search,acquisition,19476,1726,19,1787.82,15596.61,8.7238,6.0
MC-22858,2024-09-17,GB,Glasgow,Product Manager,mid,English,social_media,acquisition,500000,10507,223,1711.81,149482.17,87.324,6.0
MC-20827,2024-09-17,IN,Hyderabad,Architect,mid,Hindi,content_marketing,retention,35664,563,20,1661.16,26042.91,15.6775,2.0
MC-21552,2024-09-17,US,Phoenix,Consultant,budget,English,social_media,awareness,54285,1153,78,3549.62,12672.83,3.5702,3.0
MC-22851,2024-09-17,CA,Vancouver,Data Scientist,mid,English,social_media,acquisition,15340,295,21,4208.61,19817.3,4.7088,2.0
MC-21687,2024-09-17,IN,Bangalore,Writer,budget,Hindi,email,retention,20416,793,45,344.88,4553.23,13.2024,2.0
MC-21928,2024-09-17,DE,Frankfurt,Physician,budget,German,social_media,awareness,500000,7097,151,251.11,28714.02,114.3484,5.0
MC-20086,2024-09-17,BR,Brasília,Data Scientist,mid,Portuguese,email,acquisition,15855,612,12,1600.07,11349.0,7.0928,2.0
MC-20137,2024-09-17,US,Chicago,Lawyer,budget,English,social_media,retention,52937,1064,54,680.3,9193.2,13.5134,6.0
MC-22429,2024-09-17,IN,Kolkata,Sales Rep,budget,Hindi,display,acquisition,209598,2279,82,1087.53,7195.62,6.6165,7.0
MC-22068,2024-09-17,DE,Frankfurt,HR Manager,premium,German,influencer,retention,452381,14277,1015,1358.75,3197127.98,2352.9921,3.0
MC-22070,2024-09-17,US,Seattle,Data Scientist,budget,English,influencer,retention,69080,1493,43,4287.58,10289.57,2.3999,8.0
MC-22582,2024-09-17,DE,Berlin,Physician,budget,German,influencer,acquisition,57344,1137,67,7913.38,14576.71,1.842,6.0
MC-22489,2024-09-17,US,New York,Marketing Manager,mid,English,search,acquisition,32595,2279,156,539.82,129483.02,239.8633,7.0
MC-22850,2024-09-17,CA,Calgary,Physician,mid,English,display,acquisition,5469,79,2,3423.62,2634.66,0.7696,7.0
MC-20315,2024-09-17,US,San Francisco,Marketing Manager,budget,English,email,retention,498277,15758,669,10203.14,84910.6,8.322,9.0
MC-22712,2024-09-17,IL,Haifa,Researcher,budget,Hebrew,display,acquisition,40665,531,5,1497.56,857.04,0.5723,3.0
MC-22131,2024-09-17,US,Seattle,Lawyer,budget,English,display,acquisition,186612,1783,46,1398.59,9072.36,6.4868,1.0
MC-22942,2024-09-17,FR,Nice,Software Engineer,budget,French,social_media,acquisition,28172,630,16,4221.31,3975.73,0.9418,1.0
MC-20311,2024-09-17,IN,Chennai,Teacher,premium,Hindi,display,acquisition,134712,1649,127,1491.64,360438.81,241.6393,5.0
MC-20071,2024-09-17,US,Houston,Physician,mid,English,email,awareness,65081,1721,108,2324.07,123067.72,52.9535,2.0
MC-21870,2024-09-17,US,Seattle,Designer,mid,English,social_media,retention,152182,3629,235,1681.93,111683.12,66.4018,7.0
MC-22679,2024-09-17,GB,Bristol,Lawyer,budget,English,display,re_engagement,96168,944,20,497.24,4686.1,9.4242,8.0
MC-22454,2024-09-17,US,Chicago,Lawyer,mid,English,search,awareness,103664,7913,561,298.3,711939.79,2386.657,3.0
MC-21246,2024-09-17,FR,Marseille,Sales Rep,mid,French,social_media,awareness,121737,2065,161,672.22,102583.85,152.6046,10.0
MC-22253,2024-09-17,GB,Glasgow,Researcher,budget,English,display,awareness,101121,1045,60,7565.4,10439.39,1.3799,3.0
MC-21046,2024-09-17,NL,The Hague,Sales Rep,mid,Dutch,email,retention,1000,31,0,1616.87,0.0,0.0,6.0
MC-22041,2024-09-17,JP,Nagoya,Software Engineer,mid,Japanese,email,awareness,8598,313,18,2090.01,20861.65,9.9816,4.0
MC-21864,2024-09-17,US,Phoenix,Marketing Manager,premium,English,email,awareness,72430,1590,126,171.7,413377.36,2407.556,3.0
MC-22311,2024-09-17,DE,Munich,Marketing Manager,premium,German,influencer,retention,4368,119,5,2083.42,23709.72,11.3802,2.0
MC-22732,2024-09-18,GB,Leeds,Teacher,mid,English,search,awareness,118067,11073,356,1084.69,186256.74,171.7143,5.0
MC-20072,2024-09-18,JP,Nagoya,Physician,mid,Japanese,email,acquisition,53028,1770,126,1842.95,123877.57,67.217,7.0
MC-21953,2024-09-18,GB,Bristol,Data Scientist,budget,English,display,acquisition,170934,1830,24,335.04,4279.72,12.7738,5.0
MC-21060,2024-09-18,GB,Manchester,Researcher,mid,English,social_media,retention,14532,373,8,3149.83,5746.76,1.8245,9.0
MC-21614,2024-09-18,AU,Adelaide,Architect,budget,English,influencer,acquisition,36891,797,63,13339.93,14302.48,1.0722,10.0
MC-20047,2024-09-18,GB,Glasgow,Physician,mid,English,social_media,acquisition,94297,2214,68,1109.18,78007.14,70.3287,6.0
MC-21345,2024-09-18,US,Los Angeles,Consultant,budget,English,influencer,acquisition,173311,3647,96,949.25,13675.43,14.4066,2.0
MC-20503,2024-09-18,US,Phoenix,Product Manager,budget,English,search,re_engagement,66653,4264,320,333.24,40985.35,122.9905,5.0
MC-22006,2024-09-18,SG,Singapore,Writer,mid,English,search,acquisition,116972,6445,80,3329.99,36680.99,11.0153,7.0
MC-22129,2024-09-18,US,Chicago,Designer,mid,English,email,retention,35480,1378,41,1664.01,25322.74,15.2179,9.0
MC-20093,2024-09-18,US,San Francisco,Designer,mid,English,social_media,retention,13260,216,3,1597.29,1387.4,0.8686,10.0
MC-20300,2024-09-18,DE,Stuttgart,Marketing Manager,budget,German,social_media,awareness,277892,4119,233,858.41,35866.64,41.7826,6.0
MC-20326,2024-09-18,DE,Cologne,Lawyer,mid,German,display,retention,102939,1579,100,814.06,128995.86,158.4599,6.0
MC-21284,2024-09-18,GB,Leeds,Writer,budget,English,social_media,retention,29060,578,29,5428.07,3338.39,0.615,10.0
MC-21468,2024-09-18,CA,Calgary,Consultant,budget,English,social_media,awareness,56162,1157,41,2868.72,6351.16,2.2139,7.0
MC-20225,2024-09-18,US,Los Angeles,Sales Rep,mid,English,display,acquisition,412191,5075,207,10482.47,131713.61,12.5651,6.0
MC-20677,2024-09-18,BR,Brasília,HR Manager,mid,Portuguese,search,acquisition,42461,2378,134,1715.56,72895.86,42.491,7.0
MC-22408,2024-09-18,GB,Manchester,Architect,premium,English,social_media,acquisition,167285,2659,62,508.82,415893.99,817.3696,4.0
MC-22841,2024-09-18,ZA,Johannesburg,Architect,mid,Afrikaans,social_media,acquisition,84697,1223,58,3310.45,73952.77,22.3392,3.0
MC-21368,2024-09-18,IN,Hyderabad,Accountant,mid,Hindi,social_media,acquisition,52192,888,28,739.75,24478.34,33.09,4.0
MC-21133,2024-09-18,IN,Mumbai,Designer,premium,Hindi,social_media,awareness,70280,1680,85,1150.38,275304.1,239.3158,5.0
MC-20650,2024-09-18,IN,Hyderabad,Physician,mid,Hindi,display,awareness,100752,967,48,2333.15,47151.78,20.2095,5.0
MC-22114,2024-09-18,IN,Pune,Data Scientist,mid,Hindi,display,acquisition,109581,1272,64,976.85,72242.37,73.9544,5.0
MC-21192,2024-09-18,US,Los Angeles,HR Manager,mid,English,email,retention,5664,208,9,16325.61,5065.68,0.3103,5.0
MC-22587,2024-09-18,US,Seattle,Software Engineer,mid,English,email,acquisition,3412,100,3,456.91,3877.68,8.4867,6.0
MC-20627,2024-09-18,DE,Cologne,Designer,budget,German,social_media,awareness,101680,2508,121,522.67,14378.56,27.5098,8.0
MC-21033,2024-09-18,US,New York,Sales Rep,mid,English,social_media,retention,28295,491,29,1048.69,14212.17,13.5523,6.0
MC-22507,2024-09-18,US,Seattle,Data Scientist,budget,English,search,awareness,21792,1450,100,2130.31,17393.41,8.1647,4.0
MC-20875,2024-09-18,IN,Hyderabad,Consultant,premium,Hindi,search,acquisition,85769,5915,382,554.67,1642558.42,2961.3255,4.0
MC-20162,2024-09-18,GB,London,Lawyer,mid,English,email,re_engagement,115497,3280,88,548.11,102835.73,187.6188,8.0
MC-20877,2024-09-18,GB,Leeds,Lawyer,mid,English,social_media,awareness,221052,4762,240,2856.78,287193.61,100.5305,8.0
MC-20879,2024-09-18,FR,Paris,HR Manager,mid,French,content_marketing,awareness,15087,226,16,1032.62,7648.41,7.4068,5.0
MC-21776,2024-09-18,NL,Eindhoven,Designer,budget,Dutch,display,acquisition,318969,3874,290,1149.7,31852.9,27.7054,8.0
MC-21673,2024-09-18,US,San Francisco,Writer,mid,English,search,awareness,14321,817,33,2111.78,21364.72,10.1169,2.0
MC-22519,2024-09-18,FR,Paris,Marketing Manager,premium,French,email,re_engagement,3668,112,3,324.65,14088.69,43.3966,6.0
MC-20190,2024-09-18,JP,Osaka,Lawyer,mid,Japanese,social_media,awareness,51235,820,62,16165.48,82981.19,5.1332,3.0
MC-21747,2024-09-18,ES,Madrid,Physician,budget,Spanish,influencer,re_engagement,199348,3830,246,5455.69,51889.73,9.5111,6.0
MC-20917,2024-09-18,JP,Nagoya,Data Scientist,budget,Japanese,social_media,awareness,38107,578,40,785.16,8943.05,11.3901,4.0
MC-20979,2024-09-18,IN,Kolkata,Designer,premium,Hindi,search,acquisition,114621,10791,794,749.39,1905630.7,2542.9092,3.0
MC-20956,2024-09-18,FR,Bordeaux,Marketing Manager,mid,French,search,acquisition,75486,4304,145,2306.94,136654.51,59.2363,6.0
MC-22555,2024-09-18,GB,Leeds,Architect,budget,English,social_media,awareness,19622,507,23,960.02,5285.88,5.506,10.0
MC-20894,2024-09-18,BR,São Paulo,Software Engineer,mid,Portuguese,search,acquisition,9531,637,50,428.0,52624.23,122.9538,5.0
MC-20153,2024-09-18,NL,Amsterdam,Sales Rep,premium,Dutch,influencer,acquisition,33505,789,33,3486.8,81589.06,23.3994,7.0
MC-20976,2024-09-18,US,Chicago,Accountant,budget,English,social_media,acquisition,86155,1541,22,354.37,3306.0,9.3292,8.0
MC-21836,2024-09-18,ZA,Cape Town,Writer,premium,Afrikaans,display,re_engagement,3924,57,3,6223.26,8061.72,1.2954,1.0
MC-21028,2024-09-18,ES,Seville,Teacher,mid,Spanish,influencer,re_engagement,262420,4728,110,1253.43,58277.87,46.4947,3.0
MC-22291,2024-09-18,IN,Bangalore,Data Scientist,mid,Hindi,display,awareness,191463,2898,85,9956.43,96322.18,9.6744,8.0
MC-22485,2024-09-18,CA,Toronto,HR Manager,budget,English,search,acquisition,83613,6993,372,621.23,35028.72,56.3861,7.0
MC-22051,2024-09-19,GB,Leeds,Designer,budget,English,social_media,acquisition,18695,469,29,1973.51,2487.06,1.2602,9.0
MC-21905,2024-09-19,US,Seattle,Architect,budget,English,search,retention,13682,1021,21,8831.99,4087.52,0.4628,5.0
MC-22642,2024-09-19,CA,Calgary,Designer,premium,English,influencer,retention,135320,2679,41,3898.84,125789.78,32.2634,8.0
MC-21507,2024-09-19,US,Chicago,Researcher,mid,English,email,retention,11163,414,29,1809.91,24995.25,13.8102,3.0
MC-21833,2024-09-19,US,Phoenix,Teacher,premium,English,social_media,acquisition,40490,661,37,2328.6,107760.69,46.277,3.0
MC-22484,2024-09-19,DE,Cologne,Physician,budget,German,email,acquisition,19838,462,14,9750.3,2625.0,0.2692,6.0
MC-20351,2024-09-19,ZA,Johannesburg,Software Engineer,budget,Afrikaans,email,awareness,6757,150,8,1037.98,1673.29,1.6121,5.0
MC-20304,2024-09-19,CA,Ottawa,Data Scientist,mid,English,search,acquisition,36149,1907,141,2211.04,180207.81,81.5036,10.0
MC-22003,2024-09-19,CA,Toronto,HR Manager,budget,English,email,awareness,153258,5497,147,668.82,12920.32,19.3181,3.0
MC-20774,2024-09-19,DE,Frankfurt,Writer,mid,German,email,acquisition,52171,1122,89,4175.22,56298.73,13.484,6.0
MC-20263,2024-09-19,US,New York,Data Scientist,budget,English,search,re_engagement,51966,4250,102,4902.01,22031.96,4.4945,10.0
MC-20075,2024-09-19,US,Seattle,Researcher,budget,English,email,acquisition,10562,317,7,2691.66,932.19,0.3463,6.0
MC-21826,2024-09-19,BR,Brasília,Marketing Manager,premium,Portuguese,social_media,awareness,160305,4016,271,529.74,1044173.1,1971.1049,4.0
MC-21822,2024-09-19,FR,Toulouse,Consultant,premium,French,email,acquisition,103726,3473,207,6272.39,748535.8,119.3382,3.0
MC-21230,2024-09-19,MX,Tijuana,HR Manager,mid,Spanish,social_media,acquisition,50322,1244,89,73.87,54758.62,741.2836,4.0
MC-20638,2024-09-19,IN,Chennai,Accountant,mid,Hindi,email,acquisition,94690,3459,103,221.07,78944.88,357.1035,7.0
MC-21819,2024-09-19,SG,Singapore,Writer,premium,English,search,retention,20780,1544,61,4116.91,146696.0,35.6325,2.0
MC-21779,2024-09-19,US,San Francisco,Designer,premium,English,email,awareness,18013,560,18,2654.62,51531.32,19.4119,8.0
MC-22770,2024-09-19,DE,Stuttgart,Sales Rep,mid,German,display,awareness,110298,1665,58,2117.06,33450.21,15.8003,7.0
MC-21239,2024-09-19,US,Phoenix,Accountant,budget,English,social_media,awareness,99615,1483,21,1351.38,3362.69,2.4883,7.0
MC-22774,2024-09-19,US,San Francisco,Software Engineer,budget,English,search,re_engagement,8747,630,43,5538.69,10303.26,1.8602,10.0
MC-22474,2024-09-19,JP,Sapporo,Data Scientist,mid,Japanese,email,re_engagement,54612,1672,107,8489.3,135152.88,15.9204,5.0
MC-20794,2024-09-19,US,Chicago,Architect,budget,English,display,retention,205476,2840,101,837.89,24868.63,29.6801,10.0
MC-22971,2024-09-19,US,Houston,Software Engineer,budget,English,display,retention,46002,687,36,5359.03,6674.81,1.2455,9.0
MC-22377,2024-09-19,IN,Kolkata,Marketing Manager,mid,Hindi,search,retention,12184,1146,86,1053.53,64229.89,60.9664,5.0
MC-21254,2024-09-19,FR,Marseille,Designer,mid,French,influencer,acquisition,25824,707,11,426.09,5214.45,12.2379,10.0
MC-20173,2024-09-19,IL,Tel Aviv,Architect,premium,Hebrew,content_marketing,awareness,76392,1759,53,1097.5,300085.59,273.4265,3.0
MC-20404,2024-09-19,AU,Melbourne,HR Manager,mid,English,social_media,acquisition,118370,2126,62,2411.15,39494.3,16.3799,4.0
MC-20344,2024-09-19,GB,London,Lawyer,budget,English,search,awareness,94317,5167,263,4069.14,44378.99,10.9062,5.0
MC-22822,2024-09-19,US,New York,Physician,mid,English,social_media,awareness,44970,1129,68,459.82,82195.0,178.7547,3.0
MC-20154,2024-09-19,US,Los Angeles,Writer,budget,English,search,retention,63980,5874,68,3971.88,6028.37,1.5178,3.0
MC-22423,2024-09-19,BR,Salvador,HR Manager,mid,Portuguese,social_media,acquisition,106435,2347,49,1878.51,23618.76,12.5731,10.0
MC-22591,2024-09-19,IN,Kolkata,Data Scientist,mid,Hindi,search,awareness,33959,2698,74,8170.08,81047.94,9.9201,6.0
MC-22295,2024-09-19,GB,Manchester,Software Engineer,budget,English,influencer,awareness,75664,2235,166,3415.68,40113.67,11.744,5.0
MC-20513,2024-09-19,MX,Guadalajara,Architect,mid,Spanish,search,re_engagement,39434,2923,56,666.94,71370.4,107.0117,7.0
MC-21952,2024-09-19,AU,Brisbane,Designer,premium,English,email,retention,34490,1269,20,925.04,54607.23,59.0323,4.0
MC-21578,2024-09-19,US,Chicago,Marketing Manager,mid,English,social_media,awareness,61247,1461,50,2598.03,38681.83,14.8889,1.0
MC-22255,2024-09-20,BR,Salvador,HR Manager,budget,Portuguese,search,acquisition,70476,6641,175,4425.3,21463.28,4.8501,7.0
MC-22297,2024-09-20,US,San Francisco,Data Scientist,budget,English,social_media,awareness,84227,2097,92,1421.2,20227.46,14.2327,4.0
MC-22564,2024-09-20,US,New York,HR Manager,mid,English,email,acquisition,5316,116,2,14535.39,1188.54,0.0818,8.0
MC-20030,2024-09-20,US,Phoenix,Sales Rep,mid,English,social_media,acquisition,63537,1125,47,1517.6,24263.22,15.9879,9.0
MC-22615,2024-09-20,US,Los Angeles,HR Manager,mid,English,influencer,acquisition,345708,7123,206,1615.6,137557.44,85.1433,2.0
MC-20214,2024-09-20,IN,Pune,Consultant,budget,Hindi,social_media,awareness,500000,8130,103,704.15,13534.89,19.2216,2.0
MC-21105,2024-09-20,IN,Chennai,Marketing Manager,budget,Hindi,email,acquisition,49984,1555,61,958.51,10801.04,11.2686,6.0
MC-21768,2024-09-20,IN,Bangalore,Architect,premium,Hindi,email,acquisition,15372,335,16,655.77,76998.76,117.4173,9.0
MC-21568,2024-09-20,IN,Mumbai,Consultant,premium,Hindi,social_media,re_engagement,107965,1989,110,4211.05,481312.11,114.2974,8.0
MC-22278,2024-09-20,FR,Paris,Lawyer,mid,French,email,acquisition,23618,610,25,1699.08,23583.43,13.8801,9.0
MC-22304,2024-09-20,IN,Mumbai,Marketing Manager,mid,Hindi,email,awareness,20387,553,40,5438.21,32423.77,5.9622,10.0
MC-21210,2024-09-20,US,New York,Sales Rep,premium,English,display,awareness,138867,1784,140,6271.74,435172.3,69.3862,9.0
MC-20854,2024-09-20,MX,Puebla,Lawyer,budget,Spanish,search,acquisition,500000,43532,1608,2962.92,334019.89,112.7333,8.0
MC-20835,2024-09-20,JP,Nagoya,Software Engineer,budget,Japanese,search,acquisition,361492,20033,1458,1408.11,293858.6,208.6901,4.0
MC-21597,2024-09-20,IN,Hyderabad,Physician,mid,Hindi,influencer,acquisition,13561,391,28,1877.52,36635.63,19.5128,7.0
MC-21265,2024-09-20,AU,Adelaide,Lawyer,mid,English,email,re_engagement,10416,310,23,2242.76,29528.36,13.1661,3.0
MC-21003,2024-09-20,IN,Mumbai,Software Engineer,mid,Hindi,social_media,awareness,30237,484,6,5119.32,6730.91,1.3148,5.0
MC-22720,2024-09-20,US,Chicago,Consultant,mid,English,social_media,awareness,500000,11558,514,1340.22,422877.43,315.5284,9.0
MC-20473,2024-09-20,GB,London,HR Manager,budget,English,display,acquisition,373473,3814,83,1586.4,7460.46,4.7028,8.0
MC-22883,2024-09-20,DE,Hamburg,Software Engineer,budget,German,display,retention,145629,2168,82,734.98,20462.68,27.8411,9.0
MC-22356,2024-09-20,US,Los Angeles,Software Engineer,mid,English,content_marketing,awareness,27240,382,23,625.34,22116.75,35.3676,5.0
MC-22069,2024-09-20,US,Phoenix,HR Manager,budget,English,social_media,retention,80290,1210,42,6605.09,4984.99,0.7547,5.0
MC-21970,2024-09-20,DE,Berlin,Teacher,budget,German,search,acquisition,9258,720,11,195.79,1271.54,6.4944,8.0
MC-21694,2024-09-20,JP,Tokyo,Consultant,mid,Japanese,search,acquisition,5542,535,40,4337.58,33821.53,7.7973,3.0
MC-21426,2024-09-20,US,New York,HR Manager,budget,English,social_media,retention,75027,1679,118,3249.14,11910.62,3.6658,1.0
MC-20358,2024-09-20,US,Los Angeles,Writer,mid,English,social_media,retention,59960,1219,21,3250.47,10068.16,3.0974,7.0
MC-20942,2024-09-20,MX,Guadalajara,Software Engineer,budget,Spanish,social_media,acquisition,14472,348,26,470.48,6370.18,13.5397,8.0
MC-21984,2024-09-20,SG,Singapore,Researcher,mid,English,social_media,awareness,230725,5057,224,3324.7,159058.14,47.8414,6.0
MC-20550,2024-09-20,MX,Mexico City,Lawyer,mid,Spanish,social_media,acquisition,344665,6324,465,192.62,588787.72,3056.732,6.0
MC-21736,2024-09-20,ZA,Johannesburg,Researcher,mid,Afrikaans,email,acquisition,25954,780,20,19289.22,14304.06,0.7416,4.0
MC-21542,2024-09-20,US,Phoenix,Product Manager,budget,English,display,acquisition,34302,377,8,3273.67,1259.39,0.3847,1.0
MC-20447,2024-09-20,SG,Singapore,Teacher,budget,English,social_media,retention,18092,279,10,3432.48,948.58,0.2764,9.0
MC-22403,2024-09-20,ZA,Johannesburg,Marketing Manager,mid,Afrikaans,content_marketing,retention,18243,386,23,674.83,16027.5,23.7504,8.0
MC-21151,2024-09-20,ZA,Cape Town,Designer,mid,Afrikaans,social_media,retention,500000,9864,504,2929.5,233035.42,79.5478,5.0
MC-21761,2024-09-20,NL,Rotterdam,Designer,premium,Dutch,social_media,acquisition,77005,1296,72,2324.9,186001.68,80.0042,8.0
MC-21159,2024-09-20,SG,Singapore,HR Manager,mid,English,social_media,acquisition,411417,10290,738,11969.41,445513.2,37.221,6.0
MC-20509,2024-09-20,IN,Hyderabad,Data Scientist,mid,Hindi,email,retention,43857,959,35,1456.46,37338.97,25.6368,7.0
MC-20716,2024-09-20,US,New York,Physician,budget,English,social_media,acquisition,55707,1181,79,2078.82,15395.5,7.4059,5.0
MC-22343,2024-09-21,IN,Pune,Consultant,budget,Hindi,search,acquisition,297663,18243,192,1667.98,30598.01,18.3444,8.0
MC-22984,2024-09-21,FR,Nice,Physician,budget,French,content_marketing,re_engagement,208628,3361,211,2706.55,45872.62,16.9487,10.0
MC-22446,2024-09-21,CA,Toronto,Software Engineer,mid,English,influencer,acquisition,43129,996,69,6583.6,68365.17,10.3842,3.0
MC-22490,2024-09-21,JP,Nagoya,Writer,mid,Japanese,social_media,acquisition,477985,9286,111,7360.4,60985.01,8.2856,3.0
MC-20853,2024-09-21,IL,Haifa,Researcher,budget,Hebrew,social_media,awareness,230360,5066,187,2778.91,23203.82,8.35,8.0
MC-21748,2024-09-21,ES,Bilbao,Lawyer,mid,Spanish,social_media,re_engagement,130732,2734,137,3566.11,134206.83,37.634,1.0
MC-20726,2024-09-21,IL,Tel Aviv,HR Manager,budget,Hebrew,content_marketing,re_engagement,254210,4814,138,1410.39,15872.81,11.2542,10.0
MC-21555,2024-09-21,MX,Tijuana,Researcher,budget,Spanish,display,acquisition,33735,448,29,7563.97,3553.27,0.4698,1.0
MC-21014,2024-09-21,US,Los Angeles,Accountant,mid,English,display,retention,401886,6244,238,4140.09,212812.36,51.4028,2.0
MC-21813,2024-09-21,GB,London,Teacher,premium,English,email,acquisition,87677,2928,139,3921.55,399845.87,101.9612,9.0
MC-22016,2024-09-21,US,Chicago,Architect,budget,English,social_media,re_engagement,24465,460,31,356.15,5952.88,16.7145,7.0
MC-20829,2024-09-21,US,Phoenix,Designer,mid,English,email,awareness,7936,248,15,3353.19,8122.03,2.4222,3.0
MC-22271,2024-09-21,US,New York,Sales Rep,premium,English,influencer,acquisition,107056,2090,102,644.43,305702.1,474.376,4.0
MC-21477,2024-09-21,US,Seattle,Architect,budget,English,social_media,re_engagement,75872,1207,60,1246.71,12635.15,10.1348,3.0
MC-20563,2024-09-21,FR,Marseille,HR Manager,mid,French,social_media,acquisition,96672,1962,154,897.29,75313.03,83.9339,5.0
MC-21560,2024-09-21,DE,Berlin,Software Engineer,mid,German,search,retention,17955,1714,96,1471.7,103107.33,70.06,5.0
MC-22636,2024-09-21,IN,Hyderabad,Architect,budget,Hindi,social_media,acquisition,62962,1336,32,193.28,6812.7,35.2478,6.0
MC-21097,2024-09-21,US,Los Angeles,Marketing Manager,budget,English,search,awareness,47354,3965,140,172.12,23451.67,136.2519,10.0
MC-20026,2024-09-21,US,Houston,Designer,premium,English,social_media,acquisition,63805,1643,104,344.76,343064.87,995.0832,9.0
MC-20648,2024-09-21,US,Houston,Data Scientist,mid,English,influencer,acquisition,123580,2216,70,1995.38,73178.13,36.6738,6.0
MC-22750,2024-09-21,DE,Frankfurt,Researcher,mid,German,email,retention,14584,467,23,2468.26,20307.11,8.2273,10.0
MC-20823,2024-09-21,US,Chicago,Accountant,budget,English,social_media,retention,81335,1453,52,489.62,7326.65,14.964,10.0
MC-20978,2024-09-21,JP,Yokohama,Researcher,mid,Japanese,content_marketing,acquisition,2629,55,3,14423.45,2498.13,0.1732,2.0
MC-20819,2024-09-22,ZA,Port Elizabeth,Lawyer,budget,Afrikaans,email,retention,15807,489,27,4134.92,4585.93,1.1091,1.0
MC-20055,2024-09-22,JP,Tokyo,Accountant,mid,Japanese,social_media,acquisition,27897,520,35,806.78,29961.61,37.1373,1.0
MC-20359,2024-09-22,IN,Mumbai,Writer,premium,Hindi,display,awareness,216267,2592,137,871.0,393303.86,451.5544,1.0
MC-22088,2024-09-22,US,Houston,Designer,mid,English,email,acquisition,7942,307,21,1874.46,13615.44,7.2637,2.0
MC-21606,2024-09-22,CA,Vancouver,Product Manager,premium,English,content_marketing,acquisition,213642,4839,361,1092.33,1677360.18,1535.5801,10.0
MC-21532,2024-09-22,US,New York,Data Scientist,mid,English,influencer,retention,42843,846,29,12021.86,34554.69,2.8743,2.0
MC-21531,2024-09-22,IL,Haifa,Accountant,premium,Hebrew,content_marketing,acquisition,11943,263,6,694.77,23732.85,34.1593,4.0
MC-22097,2024-09-22,US,Seattle,Designer,mid,English,search,retention,82480,7857,118,1831.58,72980.61,39.8457,3.0
MC-21445,2024-09-22,US,San Francisco,Physician,mid,English,email,re_engagement,5335,207,14,1873.75,13098.41,6.9905,7.0
MC-20686,2024-09-22,SG,Singapore,HR Manager,budget,English,social_media,re_engagement,61097,1268,84,471.35,8434.79,17.895,1.0
MC-22525,2024-09-22,US,San Francisco,Lawyer,mid,English,search,awareness,25294,1920,61,379.25,79044.24,208.4225,5.0
MC-21561,2024-09-22,AU,Adelaide,Accountant,mid,English,content_marketing,awareness,30931,692,27,1346.41,25497.18,18.9372,7.0
MC-21232,2024-09-22,CA,Montreal,Writer,mid,English,display,re_engagement,500000,6730,421,1980.45,239488.9,120.9265,4.0
MC-22829,2024-09-22,US,Chicago,HR Manager,budget,English,social_media,retention,189537,3285,225,5410.75,27461.38,5.0753,2.0
MC-20738,2024-09-22,JP,Yokohama,Teacher,budget,Japanese,social_media,re_engagement,36420,672,47,1117.28,4316.36,3.8633,4.0
MC-20112,2024-09-22,CA,Toronto,Researcher,mid,English,email,awareness,10377,367,22,1432.54,18914.01,13.2031,5.0
MC-20057,2024-09-22,US,San Francisco,Sales Rep,mid,English,social_media,awareness,52470,1275,56,1638.22,32521.7,19.8519,10.0
MC-20340,2024-09-22,MX,Mexico City,Consultant,budget,Spanish,social_media,retention,156682,2715,105,6493.4,17809.98,2.7428,6.0
MC-21069,2024-09-22,US,Houston,HR Manager,mid,English,display,retention,34911,544,23,5128.37,13825.38,2.6959,5.0
MC-20865,2024-09-22,GB,Bristol,Writer,mid,English,influencer,retention,97210,2121,35,1846.41,18395.37,9.9628,10.0
MC-22711,2024-09-22,US,Houston,Architect,mid,English,search,acquisition,72632,5289,186,652.33,189900.17,291.1106,10.0
MC-20273,2024-09-22,IN,Pune,Physician,mid,Hindi,display,awareness,51735,524,19,2039.33,21813.7,10.6965,10.0
MC-22115,2024-09-22,GB,Leeds,HR Manager,mid,English,display,retention,58569,821,46,1068.81,24564.68,22.9832,4.0
MC-21225,2024-09-23,IN,Pune,Sales Rep,budget,Hindi,social_media,awareness,52425,1232,85,3478.85,8489.93,2.4404,5.0
MC-22160,2024-09-23,DE,Cologne,Architect,mid,German,email,awareness,11965,315,19,1583.29,21570.66,13.6239,9.0
MC-22959,2024-09-23,US,New York,Software Engineer,premium,English,email,acquisition,8890,332,26,1211.29,160507.1,132.5092,8.0
MC-21271,2024-09-23,US,Seattle,Designer,mid,English,email,acquisition,16585,401,18,712.45,9139.67,12.8285,9.0
MC-20090,2024-09-23,JP,Tokyo,Architect,budget,Japanese,email,retention,58422,1959,47,2168.23,9800.05,4.5198,6.0
MC-22145,2024-09-23,IN,Chennai,Accountant,mid,Hindi,email,retention,41199,1085,22,512.29,20886.62,40.7711,6.0
MC-21297,2024-09-23,IN,Delhi,Teacher,mid,Hindi,display,acquisition,65397,870,47,6726.41,25262.09,3.7557,4.0
MC-22891,2024-09-23,MX,Puebla,Software Engineer,budget,Spanish,search,retention,127738,7621,550,2283.87,124488.68,54.5078,6.0
MC-20934,2024-09-23,GB,Manchester,Sales Rep,premium,English,email,retention,7271,210,5,834.13,11714.75,14.0443,9.0
MC-20003,2024-09-23,GB,Birmingham,Accountant,mid,English,social_media,retention,40657,850,35,6003.22,26485.97,4.412,10.0
MC-22777,2024-09-23,US,Houston,HR Manager,mid,English,content_marketing,awareness,40884,520,6,652.63,2702.4,4.1408,7.0
MC-22815,2024-09-23,IN,Mumbai,Marketing Manager,premium,Hindi,influencer,acquisition,22881,710,25,17576.27,96384.83,5.4838,4.0
MC-21126,2024-09-23,AU,Melbourne,Sales Rep,mid,English,social_media,acquisition,82577,1307,54,34526.49,24666.51,0.7144,8.0
MC-20666,2024-09-23,IL,Netanya,Accountant,premium,Hebrew,display,acquisition,19959,180,11,8905.21,37170.24,4.174,6.0
MC-20831,2024-09-23,FR,Bordeaux,Designer,premium,French,social_media,acquisition,44622,945,62,1343.51,174830.36,130.1296,5.0
MC-21536,2024-09-23,GB,Manchester,Lawyer,budget,English,content_marketing,acquisition,9967,221,16,345.54,2718.64,7.8678,8.0
MC-21425,2024-09-23,US,Phoenix,Marketing Manager,budget,English,social_media,retention,23495,517,26,1954.09,4633.1,2.371,3.0
MC-20610,2024-09-23,CA,Calgary,Data Scientist,budget,English,search,awareness,20393,1713,88,411.95,16509.64,40.0768,4.0
MC-21730,2024-09-23,IL,Tel Aviv,Architect,mid,Hebrew,content_marketing,acquisition,32484,668,26,3746.24,29522.63,7.8806,10.0
MC-22556,2024-09-23,GB,London,Designer,mid,English,content_marketing,acquisition,6026,98,7,10228.59,4147.31,0.4055,3.0
MC-20195,2024-09-23,ZA,Durban,HR Manager,mid,Afrikaans,email,awareness,7694,216,6,1162.61,3446.15,2.9641,2.0
MC-20474,2024-09-23,US,Seattle,Teacher,premium,English,search,acquisition,205876,17637,1279,893.62,3158485.67,3534.4841,9.0
MC-22017,2024-09-23,GB,Birmingham,Data Scientist,premium,English,social_media,awareness,412860,5894,431,1609.44,2247626.64,1396.5271,4.0
MC-22677,2024-09-23,SG,Singapore,Product Manager,premium,English,influencer,retention,500000,13715,215,1335.2,831590.06,622.8206,6.0
MC-20149,2024-09-23,US,Chicago,Marketing Manager,budget,English,email,awareness,5662,193,13,1154.95,1644.35,1.4237,5.0
MC-20376,2024-09-23,IN,Pune,HR Manager,budget,Hindi,search,retention,32776,1730,34,3290.7,3585.84,1.0897,5.0
MC-21619,2024-09-23,FR,Toulouse,Marketing Manager,budget,French,social_media,acquisition,240200,4042,192,749.99,29175.46,38.9011,1.0
MC-20350,2024-09-23,US,Los Angeles,Product Manager,mid,English,search,retention,105558,5752,451,3565.07,346581.92,97.216,1.0
MC-22657,2024-09-23,DE,Berlin,Data Scientist,budget,German,email,acquisition,25191,604,34,2805.9,7544.49,2.6888,4.0
MC-21548,2024-09-23,BR,Rio de Janeiro,Consultant,budget,Portuguese,social_media,awareness,447495,7987,278,2062.41,45320.0,21.9743,5.0
MC-22627,2024-09-23,US,Los Angeles,Consultant,mid,English,email,re_engagement,21713,558,16,571.07,12144.62,21.2664,2.0
MC-20356,2024-09-23,DE,Cologne,Consultant,mid,German,social_media,awareness,259662,4405,163,665.02,149643.8,225.0215,7.0
MC-21520,2024-09-23,US,Los Angeles,Marketing Manager,premium,English,social_media,retention,58522,1515,110,3554.68,451421.87,126.9937,3.0
MC-22641,2024-09-23,DE,Hamburg,Sales Rep,mid,German,search,awareness,34153,3023,239,10440.65,135875.55,13.0141,1.0
MC-21891,2024-09-23,US,Houston,Physician,mid,English,social_media,acquisition,38197,815,28,2889.49,25507.03,8.8275,6.0
MC-20617,2024-09-23,GB,Leeds,Architect,mid,English,social_media,awareness,71882,1861,70,7055.95,71424.86,10.1226,8.0
MC-22651,2024-09-23,US,Houston,Researcher,budget,English,search,retention,76933,4653,160,11968.58,24257.56,2.0268,10.0
MC-21788,2024-09-23,AU,Brisbane,Sales Rep,mid,English,social_media,awareness,24185,484,26,3523.96,16965.94,4.8145,2.0
MC-21851,2024-09-23,GB,London,Data Scientist,budget,English,display,acquisition,181119,2261,94,8021.58,19012.34,2.3701,4.0
MC-20419,2024-09-23,BR,Brasília,Designer,mid,Portuguese,content_marketing,retention,21304,331,6,3341.23,3815.66,1.142,2.0
MC-22500,2024-09-23,IN,Bangalore,Software Engineer,budget,Hindi,email,retention,6476,195,9,5969.39,1737.13,0.291,7.0
MC-22478,2024-09-23,GB,Leeds,Lawyer,mid,English,email,acquisition,84957,2521,141,1263.38,177523.66,140.5149,3.0
MC-22481,2024-09-24,NL,Amsterdam,Sales Rep,mid,Dutch,search,re_engagement,39827,3360,225,17185.09,112996.2,6.5752,7.0
MC-21019,2024-09-24,JP,Osaka,Architect,budget,Japanese,influencer,retention,49113,1325,67,718.1,14313.0,19.9318,3.0
MC-22982,2024-09-24,US,Los Angeles,Marketing Manager,mid,English,email,awareness,101778,3666,271,12887.55,219936.31,17.0658,6.0
MC-22184,2024-09-24,US,Los Angeles,Teacher,budget,English,influencer,acquisition,135338,3536,38,1134.91,3375.94,2.9746,8.0
MC-20117,2024-09-24,US,Los Angeles,Accountant,mid,English,content_marketing,acquisition,35733,521,14,2433.32,9565.44,3.931,10.0
MC-22340,2024-09-24,IN,Pune,Accountant,premium,Hindi,social_media,awareness,237700,3901,301,258.73,1280949.01,4950.9103,5.0
MC-21626,2024-09-24,IN,Kolkata,Consultant,mid,Hindi,social_media,acquisition,329057,6546,225,800.13,170169.31,212.6771,5.0
MC-22812,2024-09-24,US,Seattle,Writer,budget,English,email,retention,26903,788,13,943.34,1153.76,1.2231,2.0
MC-22499,2024-09-24,US,Seattle,Lawyer,mid,English,email,acquisition,21596,832,9,830.44,10936.72,13.1698,9.0
MC-20249,2024-09-24,MX,Monterrey,Data Scientist,budget,Spanish,social_media,acquisition,126897,1810,74,3221.86,14704.61,4.564,1.0
MC-22645,2024-09-24,BR,Fortaleza,Teacher,premium,Portuguese,social_media,acquisition,66130,1024,64,1802.17,155849.63,86.4789,5.0
MC-21065,2024-09-24,GB,London,Data Scientist,budget,English,content_marketing,re_engagement,40228,883,24,2654.45,5501.4,2.0725,6.0
MC-21075,2024-09-24,IN,Mumbai,HR Manager,premium,Hindi,search,retention,156426,11326,365,3647.94,931346.68,255.3076,8.0
MC-22164,2024-09-24,US,Los Angeles,Accountant,mid,English,social_media,acquisition,119525,2054,63,4495.63,54987.11,12.2312,10.0
MC-22820,2024-09-24,GB,Manchester,Designer,mid,English,display,awareness,241959,2375,122,628.47,78139.26,124.3325,10.0
MC-20572,2024-09-24,DE,Munich,Data Scientist,premium,German,search,acquisition,25988000,2130648,163234,7218.49,859092611.06,119012.7868,8.0
MC-22902,2024-09-24,FR,Bordeaux,Product Manager,mid,French,social_media,awareness,20037,506,30,1330.65,20206.05,15.1851,9.0
MC-20242,2024-09-24,US,Seattle,Software Engineer,budget,English,search,acquisition,93722,6984,77,2399.75,14988.51,6.2459,2.0
MC-21177,2024-09-24,AU,Adelaide,Marketing Manager,premium,English,email,awareness,3967,113,8,5631.87,36041.91,6.3996,2.0
MC-22414,2024-09-24,US,Chicago,Physician,mid,English,email,retention,64567,2226,80,1033.33,85681.24,82.9176,1.0
MC-20303,2024-09-24,GB,London,Accountant,budget,English,display,acquisition,32505,326,11,4442.0,1844.18,0.4152,2.0
MC-21108,2024-09-24,GB,Bristol,Software Engineer,mid,English,influencer,retention,30877,826,14,4530.2,12570.04,2.7747,9.0
MC-20123,2024-09-24,DE,Munich,Software Engineer,mid,German,email,acquisition,1337,41,2,1811.67,2601.57,1.436,3.0
MC-21817,2024-09-24,NL,Rotterdam,Architect,mid,Dutch,content_marketing,acquisition,5620,74,3,1324.96,3712.34,2.8019,7.0
MC-20675,2024-09-24,GB,Manchester,Designer,premium,English,influencer,retention,7002,227,4,531.72,10841.92,20.3903,3.0
MC-22350,2024-09-24,IN,Kolkata,Marketing Manager,premium,Hindi,social_media,retention,122597,1850,30,1668.56,122690.64,73.5309,6.0
MC-21317,2024-09-24,ZA,Durban,Sales Rep,budget,Afrikaans,search,acquisition,31249,2612,186,5382.54,20803.57,3.865,10.0
MC-21118,2024-09-24,FR,Marseille,HR Manager,premium,French,email,acquisition,237952,7206,421,385.49,1140823.8,2959.4122,9.0
MC-22157,2024-09-24,DE,Stuttgart,Product Manager,mid,German,content_marketing,retention,17068,352,24,153.49,19380.74,126.2671,8.0
MC-21567,2024-09-24,IL,Jerusalem,Data Scientist,budget,Hebrew,social_media,acquisition,124667,1952,127,3242.62,24335.28,7.5048,4.0
MC-21015,2024-09-24,US,New York,Physician,mid,English,influencer,retention,500000,13199,388,3728.57,469730.47,125.9814,4.0
MC-22686,2024-09-24,IN,Delhi,Designer,mid,Hindi,content_marketing,acquisition,29038,429,28,2225.61,15747.68,7.0757,6.0
MC-20947,2024-09-24,ES,Barcelona,Lawyer,mid,Spanish,social_media,retention,77537,1288,61,862.63,68258.61,79.1285,2.0
MC-20759,2024-09-24,FR,Bordeaux,Accountant,budget,French,social_media,re_engagement,288607,7045,539,2188.78,96473.81,44.0765,7.0
MC-20920,2024-09-24,FR,Bordeaux,Architect,mid,French,social_media,awareness,343412,8547,331,2251.91,317120.93,140.8231,6.0
MC-20414,2024-09-24,US,New York,Designer,budget,English,social_media,acquisition,31110,637,36,1512.06,3903.8,2.5818,3.0
MC-20912,2024-09-24,US,Phoenix,Consultant,mid,English,search,acquisition,336300,17960,1318,17874.76,1230323.51,68.8302,8.0
MC-22532,2024-09-24,US,Chicago,Consultant,mid,English,display,awareness,19593,215,14,2139.49,12733.23,5.9515,4.0
MC-21862,2024-09-24,FR,Paris,Lawyer,premium,French,social_media,acquisition,396540,6259,353,1638.51,1660284.52,1013.2892,6.0
MC-22954,2024-09-24,CA,Montreal,Software Engineer,premium,English,social_media,retention,44887,744,31,738.82,174143.86,235.7054,10.0
MC-21274,2024-09-24,US,Houston,Lawyer,premium,English,email,re_engagement,88748,2194,127,617.39,671813.7,1088.1512,2.0
MC-20223,2024-09-24,IN,Hyderabad,Physician,budget,Hindi,display,awareness,289158,2565,43,3441.89,8120.39,2.3593,8.0
MC-22721,2024-09-24,GB,Manchester,Software Engineer,mid,English,social_media,acquisition,65420,1326,48,372.78,59496.91,159.6033,9.0
MC-22248,2024-09-24,JP,Nagoya,Data Scientist,premium,Japanese,email,retention,7267,220,4,2366.03,25276.28,10.683,8.0
MC-22771,2024-09-24,US,Seattle,Software Engineer,budget,English,social_media,acquisition,69575,1577,52,2132.29,12419.72,5.8246,2.0
MC-20616,2024-09-24,US,Chicago,HR Manager,mid,English,social_media,retention,30837,589,36,2515.13,23068.72,9.172,2.0
MC-20439,2024-09-24,DE,Frankfurt,Consultant,budget,German,search,acquisition,8197,541,12,2866.17,2009.76,0.7012,9.0
MC-22581,2024-09-24,GB,Manchester,Accountant,premium,English,search,acquisition,17627,1007,28,889.84,127437.66,143.2141,1.0
MC-20266,2024-09-24,CA,Calgary,Architect,mid,English,content_marketing,re_engagement,69736,980,17,5961.52,22409.17,3.759,1.0
MC-22124,2024-09-24,BR,Rio de Janeiro,Teacher,mid,Portuguese,display,retention,55893,749,41,748.61,20455.2,27.3242,7.0
MC-20298,2024-09-24,CA,Calgary,Architect,mid,English,display,awareness,201384,2479,157,254.4,176126.02,692.3193,9.0
MC-21700,2024-09-24,AU,Perth,Accountant,budget,English,email,acquisition,20316,556,18,582.17,3154.06,5.4178,3.0
MC-20272,2024-09-24,US,New York,Writer,mid,English,social_media,acquisition,31520,682,27,2818.63,15872.06,5.6311,10.0
MC-21657,2024-09-24,AU,Melbourne,Researcher,budget,English,influencer,acquisition,65718,1866,102,3051.02,16785.59,5.5016,3.0
MC-22379,2024-09-24,FR,Nice,Accountant,budget,French,social_media,acquisition,115990,1944,31,510.86,4135.1,8.0944,8.0
MC-20151,2024-09-24,FR,Lyon,Researcher,budget,French,email,retention,50773,1197,64,1202.23,8638.49,7.1854,7.0
MC-21248,2024-09-24,NL,The Hague,Writer,mid,Dutch,email,acquisition,102700,3216,163,372.86,108096.77,289.9125,6.0
MC-20991,2024-09-24,DE,Stuttgart,Lawyer,mid,German,content_marketing,retention,181562,2848,134,4912.05,164718.79,33.5336,3.0
MC-21663,2024-09-24,US,Phoenix,Sales Rep,premium,English,display,retention,92541,1433,79,1040.5,214328.14,205.9857,10.0
MC-20858,2024-09-24,US,New York,Data Scientist,mid,English,email,acquisition,6169,182,7,287.74,7644.48,26.5673,8.0
MC-20285,2024-09-25,IN,Chennai,Product Manager,mid,Hindi,social_media,acquisition,155610,4020,216,8285.26,191981.28,23.1714,10.0
MC-21517,2024-09-25,AU,Melbourne,Software Engineer,budget,English,search,awareness,51864,3014,156,3567.56,37388.36,10.4801,2.0
MC-20811,2024-09-25,US,Seattle,Sales Rep,budget,English,email,awareness,13707,478,37,10460.97,3244.5,0.3102,3.0
MC-21778,2024-09-25,US,Chicago,Teacher,budget,English,content_marketing,acquisition,9896,226,10,2938.38,916.11,0.3118,9.0
MC-20873,2024-09-25,NL,Rotterdam,Designer,budget,Dutch,search,retention,181041,13667,320,1960.61,34933.34,17.8176,9.0
MC-21085,2024-09-25,ZA,Cape Town,Consultant,budget,Afrikaans,social_media,retention,23220,506,28,3340.18,4981.18,1.4913,1.0
MC-21689,2024-09-25,NL,Utrecht,Marketing Manager,budget,Dutch,social_media,retention,476122,10172,398,2749.27,55056.87,20.026,9.0
MC-21051,2024-09-25,IN,Kolkata,Sales Rep,mid,Hindi,display,retention,69624,1053,81,4179.44,49775.57,11.9096,3.0
MC-20791,2024-09-25,FR,Toulouse,Consultant,budget,French,social_media,awareness,16952,299,18,8360.04,2269.82,0.2715,2.0
MC-22441,2024-09-25,IN,Pune,Teacher,premium,Hindi,search,acquisition,65056,4943,343,2727.18,998778.64,366.2313,3.0
MC-20863,2024-09-25,CA,Montreal,Physician,budget,English,email,acquisition,1150,33,1,572.4,240.16,0.4196,10.0
MC-21549,2024-09-25,US,New York,Marketing Manager,premium,English,search,retention,11912,953,12,3056.36,45489.36,14.8835,1.0
MC-21493,2024-09-25,BR,Rio de Janeiro,Marketing Manager,budget,Portuguese,email,retention,6270,206,11,1676.05,1485.22,0.8861,2.0
MC-21309,2024-09-25,ZA,Durban,Writer,budget,Afrikaans,social_media,acquisition,72417,1025,72,2028.1,6910.29,3.4073,9.0
MC-21838,2024-09-25,US,Los Angeles,Accountant,mid,English,social_media,acquisition,218360,3231,207,11143.73,179272.48,16.0873,8.0
MC-20309,2024-09-25,JP,Tokyo,HR Manager,mid,Japanese,display,retention,26904,290,19,1188.55,11553.97,9.7211,7.0
MC-22681,2024-09-25,GB,Birmingham,Sales Rep,premium,English,social_media,retention,46602,1152,79,2653.25,262824.85,99.0577,4.0
MC-22775,2024-09-25,NL,The Hague,Teacher,premium,Dutch,search,awareness,23208,2108,62,634.02,199509.95,314.6745,2.0
MC-21454,2024-09-25,IN,Mumbai,Accountant,budget,Hindi,display,awareness,194016,2796,196,2505.9,25905.45,10.3378,9.0
MC-22065,2024-09-25,US,Houston,Teacher,budget,English,email,acquisition,18963,474,14,2047.93,1326.92,0.6479,2.0
MC-22765,2024-09-25,DE,Stuttgart,Researcher,mid,German,display,acquisition,500000,5464,258,192.53,169006.25,877.8177,5.0
MC-22358,2024-09-25,US,Los Angeles,Researcher,premium,English,email,acquisition,56498,1374,32,300.99,144591.22,480.3855,5.0
MC-20067,2024-09-25,GB,Birmingham,Marketing Manager,mid,English,search,retention,179431,16053,1204,2556.18,874996.08,342.3061,10.0
MC-20233,2024-09-25,US,Phoenix,Marketing Manager,budget,English,display,acquisition,54123,588,26,5744.83,3757.79,0.6541,7.0
MC-21250,2024-09-25,CA,Ottawa,Physician,premium,English,influencer,retention,275545,8385,454,975.28,2233713.0,2290.33,10.0
MC-20683,2024-09-26,JP,Sapporo,Software Engineer,budget,Japanese,email,acquisition,22821,502,37,8458.45,8388.37,0.9917,5.0
MC-21055,2024-09-26,US,New York,Software Engineer,mid,English,content_marketing,re_engagement,123252,2510,88,7894.44,95917.26,12.15,7.0
MC-21622,2024-09-26,ES,Madrid,Writer,budget,Spanish,search,retention,80243,7062,472,1916.45,59432.78,31.0119,7.0
MC-21806,2024-09-26,SG,Singapore,Teacher,budget,English,email,re_engagement,34231,1125,52,232.48,5593.6,24.0606,10.0
MC-21634,2024-09-26,ES,Madrid,Marketing Manager,mid,Spanish,search,awareness,279205,17171,246,2144.15,182156.5,84.9551,6.0
MC-22958,2024-09-26,GB,Bristol,HR Manager,mid,English,search,acquisition,285091,27683,1556,475.92,731940.07,1537.9477,3.0
MC-22653,2024-09-26,DE,Berlin,Accountant,mid,German,search,acquisition,97218,8683,585,1136.3,462911.97,407.3853,4.0
MC-21509,2024-09-26,US,Chicago,Data Scientist,budget,English,social_media,acquisition,74007,1595,74,5392.15,16775.69,3.1111,4.0
MC-22905,2024-09-26,GB,Bristol,HR Manager,premium,English,email,awareness,9727,239,2,223.81,5584.08,24.9501,9.0
MC-20226,2024-09-26,US,Phoenix,Writer,mid,English,email,acquisition,319304,10372,239,856.22,112142.1,130.9735,10.0
MC-22211,2024-09-26,IN,Delhi,Consultant,budget,Hindi,email,acquisition,6838,181,8,2565.09,1254.44,0.489,8.0
MC-20602,2024-09-26,US,New York,Designer,mid,English,social_media,retention,36200,712,16,2350.3,8109.08,3.4502,8.0
MC-22543,2024-09-26,DE,Munich,Architect,premium,German,social_media,acquisition,14967,228,3,775.93,18997.6,24.4837,5.0
MC-20936,2024-09-26,US,Los Angeles,Marketing Manager,budget,English,social_media,acquisition,23547,520,33,562.77,5763.58,10.2414,1.0
MC-20941,2024-09-26,FR,Marseille,Data Scientist,mid,French,email,awareness,16483,425,6,1257.28,6289.67,5.0026,2.0
MC-21681,2024-09-26,DE,Frankfurt,Consultant,premium,German,content_marketing,retention,11888,168,3,783.58,12516.38,15.9733,10.0
MC-20554,2024-09-26,US,Los Angeles,Physician,budget,English,influencer,retention,31109,713,41,1703.16,9291.76,5.4556,7.0
MC-22937,2024-09-26,IN,Chennai,Physician,mid,Hindi,display,acquisition,33540,418,11,5832.75,11647.27,1.9969,6.0
MC-22055,2024-09-26,FR,Toulouse,Sales Rep,premium,French,search,acquisition,49797,3265,98,812.48,225365.99,277.3804,4.0
MC-20922,2024-09-26,US,Phoenix,Data Scientist,premium,English,social_media,awareness,27440,461,20,1225.1,132462.44,108.1238,5.0
MC-21943,2024-09-26,ES,Seville,Designer,mid,Spanish,search,awareness,63053,5920,156,1150.34,75928.58,66.0053,7.0
MC-21209,2024-09-26,US,New York,Accountant,premium,English,social_media,awareness,60210,1262,30,320.56,111836.47,348.8784,10.0
MC-20425,2024-09-26,AU,Perth,Writer,budget,English,social_media,retention,65870,1668,130,6871.36,12979.84,1.889,1.0
MC-22855,2024-09-26,IN,Kolkata,Physician,premium,Hindi,search,acquisition,29087,1709,127,565.54,686266.31,1213.4709,1.0
MC-21161,2024-09-26,AU,Sydney,Architect,mid,English,social_media,retention,51660,1029,76,11485.59,88964.05,7.7457,6.0
MC-22864,2024-09-26,GB,Glasgow,Software Engineer,budget,English,display,retention,31203,415,28,4121.88,5258.42,1.2757,2.0
MC-22422,2024-09-26,IN,Mumbai,Data Scientist,budget,Hindi,display,retention,500000,6310,474,4650.2,100905.56,21.6992,6.0
MC-21344,2024-09-26,SG,Singapore,Accountant,budget,English,email,awareness,3832,92,6,644.6,784.84,1.2176,4.0
MC-20793,2024-09-26,ZA,Pretoria,Researcher,premium,Afrikaans,influencer,retention,189016,5356,256,34783.06,899507.01,25.8605,2.0
MC-21352,2024-09-26,BR,Rio de Janeiro,Designer,mid,Portuguese,search,awareness,10725,876,67,822.65,39850.08,48.4411,4.0
MC-21307,2024-09-27,US,Seattle,Product Manager,premium,English,social_media,retention,87065,1443,15,19769.37,64750.06,3.2753,1.0
MC-22948,2024-09-27,US,Seattle,Researcher,mid,English,influencer,retention,11037,327,11,1544.0,10068.21,6.5209,1.0
MC-20239,2024-09-27,US,Los Angeles,Sales Rep,premium,English,social_media,awareness,322012,4865,331,1723.05,875300.2,507.9947,3.0
MC-20728,2024-09-27,US,New York,Designer,budget,English,search,retention,24715,1476,30,2137.45,3501.55,1.6382,9.0
MC-20977,2024-09-27,FR,Bordeaux,Accountant,mid,French,search,retention,91170,6323,226,692.7,212160.57,306.2806,10.0
MC-20346,2024-09-27,GB,Bristol,Writer,mid,English,social_media,acquisition,313197,7298,335,2058.29,158159.35,76.8402,5.0
MC-20924,2024-09-27,US,Chicago,Marketing Manager,premium,English,social_media,retention,196895,4697,284,4132.06,1172472.3,283.7501,4.0
MC-22059,2024-09-27,SG,Singapore,Physician,mid,English,search,re_engagement,22283,1760,107,1048.8,123816.31,118.0552,6.0
MC-21154,2024-09-27,GB,Birmingham,Software Engineer,mid,English,search,acquisition,133696,12313,598,813.52,645948.15,794.0163,8.0
MC-21726,2024-09-27,US,Phoenix,Product Manager,budget,English,search,retention,34545,3311,165,2350.12,22380.96,9.5233,4.0
MC-21698,2024-09-27,MX,Mexico City,Product Manager,mid,Spanish,social_media,retention,37392,846,62,404.86,52856.89,130.556,4.0
MC-22547,2024-09-27,IN,Kolkata,Consultant,premium,Hindi,search,re_engagement,153719,12535,693,7881.98,2298621.11,291.6299,5.0
MC-21980,2024-09-27,ZA,Cape Town,Designer,mid,Afrikaans,social_media,acquisition,143420,3255,234,2068.96,111735.28,54.0055,6.0
MC-22327,2024-09-27,AU,Sydney,Physician,budget,English,display,awareness,500000,5439,67,241.02,15322.62,63.5741,4.0
MC-21915,2024-09-27,CA,Montreal,Designer,mid,English,search,awareness,12411,818,48,3812.45,30806.16,8.0804,10.0
MC-22926,2024-09-27,IN,Bangalore,Product Manager,budget,Hindi,social_media,awareness,68885,1010,52,591.19,6481.37,10.9633,7.0
MC-21435,2024-09-27,DE,Munich,Accountant,mid,German,content_marketing,acquisition,68528,1351,55,312.15,42368.37,135.7308,6.0
MC-21967,2024-09-27,CA,Ottawa,Sales Rep,budget,English,email,awareness,25778,904,43,956.0,4448.72,4.6535,8.0
MC-21304,2024-09-27,BR,Fortaleza,Lawyer,budget,Portuguese,email,retention,5158,157,7,1626.87,1408.52,0.8658,3.0
MC-20788,2024-09-27,ES,Barcelona,Software Engineer,mid,Spanish,email,awareness,27399,1039,43,2091.83,53648.04,25.6465,8.0
MC-21354,2024-09-27,SG,Singapore,Consultant,mid,English,search,acquisition,148601,10766,745,1655.49,637257.68,384.936,1.0
MC-22509,2024-09-27,BR,São Paulo,Researcher,premium,Portuguese,display,awareness,82497,1005,28,2249.62,94432.83,41.9772,2.0
MC-21074,2024-09-27,GB,London,Architect,mid,English,social_media,acquisition,301747,6620,143,2032.72,185294.84,91.1561,4.0
MC-21455,2024-09-27,SG,Singapore,HR Manager,mid,English,content_marketing,retention,35823,657,20,11659.82,13284.32,1.1393,3.0
MC-21827,2024-09-27,DE,Frankfurt,Sales Rep,budget,German,social_media,awareness,124012,2458,191,1961.85,17602.37,8.9723,3.0
MC-22392,2024-09-27,IL,Beer Sheva,Researcher,mid,Hebrew,search,awareness,17447,1335,58,1045.68,38872.71,37.1746,1.0
MC-20954,2024-09-27,IN,Chennai,Architect,premium,Hindi,social_media,retention,66980,1350,51,928.82,333117.26,358.6457,3.0
MC-22718,2024-09-27,GB,Manchester,Designer,premium,English,social_media,acquisition,60137,1132,11,6734.03,36438.82,5.4111,8.0
MC-22462,2024-09-27,DE,Cologne,Writer,budget,German,social_media,retention,20257,507,23,802.18,2350.81,2.9305,8.0
MC-22768,2024-09-27,GB,Glasgow,Researcher,budget,English,display,acquisition,318420,3032,60,1324.42,9868.68,7.4513,10.0
MC-21856,2024-09-27,US,San Francisco,Architect,mid,English,email,acquisition,2977,86,2,1054.14,2583.67,2.451,3.0
MC-21573,2024-09-27,US,Phoenix,Data Scientist,budget,English,email,acquisition,6511,156,3,944.92,713.49,0.7551,4.0
MC-21148,2024-09-27,US,Phoenix,Sales Rep,budget,English,display,awareness,31839,431,23,3712.18,2892.08,0.7791,8.0
MC-22301,2024-09-27,FR,Nice,Consultant,mid,French,email,awareness,5505,189,3,4173.61,2784.81,0.6672,9.0
MC-21451,2024-09-27,CA,Toronto,Data Scientist,mid,English,display,acquisition,343590,3581,93,3496.79,117439.33,33.5849,8.0
MC-21894,2024-09-27,SG,Singapore,Teacher,premium,English,display,retention,326727,4807,217,1137.29,499946.25,439.5943,5.0
MC-20651,2024-09-27,US,Chicago,Physician,budget,English,display,acquisition,500000,7222,241,969.93,41361.9,42.6442,5.0
MC-20443,2024-09-27,GB,Manchester,HR Manager,mid,English,social_media,awareness,258965,6423,499,2091.17,297355.39,142.1957,4.0
MC-22262,2024-09-28,IN,Delhi,Accountant,mid,Hindi,social_media,acquisition,70717,1557,86,2568.41,55051.13,21.4339,7.0
MC-22067,2024-09-28,US,New York,Architect,mid,English,influencer,awareness,56638,1430,99,1846.66,106007.67,57.4051,4.0
MC-22337,2024-09-28,US,San Francisco,Data Scientist,mid,English,content_marketing,acquisition,40132,708,24,637.05,27423.9,43.0483,3.0
MC-21787,2024-09-28,US,Chicago,Teacher,budget,English,email,retention,2442,92,4,965.45,445.07,0.461,10.0
MC-20848,2024-09-28,IN,Pune,Writer,premium,Hindi,email,retention,10311,250,19,10573.22,60413.73,5.7138,2.0
MC-20792,2024-09-28,CA,Ottawa,Designer,premium,English,social_media,retention,76282,1222,45,1259.49,111180.63,88.2743,9.0
MC-21903,2024-09-28,US,New York,Product Manager,mid,English,email,retention,9822,315,4,481.84,3835.15,7.9594,8.0
MC-22769,2024-09-28,AU,Melbourne,Physician,premium,English,social_media,acquisition,77035,1749,104,3529.22,560345.36,158.7731,3.0
MC-20073,2024-09-28,IL,Tel Aviv,HR Manager,premium,Hebrew,social_media,acquisition,78990,1314,79,3278.75,240858.68,73.4605,5.0
MC-22367,2024-09-28,US,San Francisco,Designer,mid,English,social_media,awareness,94585,1807,133,743.21,76454.33,102.8704,8.0
MC-21138,2024-09-28,ZA,Pretoria,Accountant,mid,Afrikaans,social_media,retention,422585,6273,318,3141.93,262707.18,83.6133,2.0
MC-22309,2024-09-28,AU,Brisbane,Researcher,premium,English,email,awareness,8801,185,2,848.05,7877.08,9.2885,6.0
MC-22136,2024-09-28,US,New York,Lawyer,premium,English,email,awareness,1660,57,3,1763.15,18488.26,10.4859,8.0
MC-22916,2024-09-28,MX,Mexico City,Architect,mid,Spanish,email,acquisition,13741,352,15,2379.83,16648.97,6.9959,8.0
MC-20362,2024-09-28,ES,Barcelona,Designer,budget,Spanish,social_media,awareness,203902,4956,170,363.66,15160.62,41.689,1.0
MC-22397,2024-09-28,NL,The Hague,Sales Rep,budget,Dutch,search,retention,41691,3934,156,3173.31,19626.32,6.1848,4.0
MC-22445,2024-09-29,ES,Barcelona,Sales Rep,budget,Spanish,content_marketing,retention,53346,1051,77,2245.13,6839.05,3.0462,2.0
MC-22459,2024-09-29,CA,Calgary,Consultant,mid,English,search,acquisition,12325,961,49,1466.16,37196.53,25.37,6.0
MC-22251,2024-09-29,US,San Francisco,Consultant,mid,English,influencer,awareness,18532,577,8,4561.16,5862.92,1.2854,3.0
MC-21044,2024-09-29,US,San Francisco,Lawyer,mid,English,display,retention,45384,472,17,4737.67,20015.62,4.2248,6.0
MC-21205,2024-09-29,SG,Singapore,HR Manager,mid,English,email,retention,49149,1605,102,7031.23,61199.7,8.704,3.0
MC-20495,2024-09-29,US,San Francisco,Architect,mid,English,email,awareness,11241,361,9,6301.02,10047.79,1.5946,8.0
MC-21162,2024-09-29,DE,Frankfurt,HR Manager,mid,German,social_media,awareness,157500,3897,224,1511.15,112592.29,74.5077,3.0
MC-20321,2024-09-29,US,San Francisco,Architect,mid,English,social_media,retention,52987,1240,57,3292.37,53125.04,16.1358,10.0
MC-20302,2024-09-29,BR,São Paulo,Data Scientist,mid,Portuguese,search,re_engagement,21615,1443,75,2088.45,80616.45,38.6011,9.0
MC-21112,2024-09-29,US,New York,Architect,budget,English,social_media,awareness,9930,205,8,1638.76,1757.42,1.0724,4.0
MC-21522,2024-09-29,US,Seattle,Marketing Manager,mid,English,display,awareness,401670,4153,170,2495.78,149348.99,59.8406,2.0
MC-20422,2024-09-29,US,San Francisco,Lawyer,budget,English,search,retention,32639,1819,71,10222.86,17241.28,1.6865,5.0
MC-22074,2024-09-29,ES,Madrid,Marketing Manager,mid,Spanish,social_media,retention,185905,3318,189,3414.41,128824.53,37.7297,5.0
MC-22154,2024-09-29,US,Houston,Sales Rep,budget,English,social_media,acquisition,105150,1956,142,6779.65,15217.67,2.2446,5.0
MC-20573,2024-09-29,CA,Montreal,Consultant,mid,English,email,re_engagement,32955,711,28,2359.27,26607.62,11.2779,3.0
MC-21933,2024-09-29,BR,Fortaleza,Marketing Manager,mid,Portuguese,email,acquisition,15590,329,26,3203.77,23638.72,7.3784,9.0
MC-21491,2024-09-29,US,San Francisco,Teacher,budget,English,social_media,awareness,60420,1374,21,3860.71,2164.04,0.5605,2.0
MC-22238,2024-09-29,IN,Hyderabad,Software Engineer,mid,Hindi,influencer,acquisition,24724,590,46,1626.33,61628.82,37.8944,8.0
MC-22380,2024-09-29,CA,Montreal,Data Scientist,budget,English,search,awareness,24205,1453,39,1974.55,8551.57,4.3309,7.0
MC-21010,2024-09-29,ZA,Johannesburg,Lawyer,budget,Afrikaans,content_marketing,re_engagement,63189,825,46,9112.23,9150.58,1.0042,6.0
MC-20642,2024-09-29,DE,Munich,Software Engineer,mid,German,content_marketing,re_engagement,6980,143,9,2881.57,8487.17,2.9453,5.0
MC-20645,2024-09-29,US,Los Angeles,HR Manager,mid,English,email,re_engagement,17791,633,13,4555.99,6998.09,1.536,9.0
MC-20386,2024-09-29,AU,Perth,Designer,mid,English,social_media,awareness,69537,1155,87,302.16,50028.5,165.5696,8.0
MC-22576,2024-09-29,GB,Leeds,Data Scientist,mid,English,influencer,re_engagement,62267,1134,17,1254.78,22442.61,17.8857,5.0
MC-22384,2024-09-29,AU,Brisbane,HR Manager,mid,English,search,re_engagement,9760,797,55,1826.44,32275.52,17.6713,6.0
MC-20980,2024-09-29,JP,Yokohama,Product Manager,budget,Japanese,content_marketing,acquisition,16031,316,10,473.45,1388.38,2.9325,8.0
MC-20983,2024-09-29,DE,Stuttgart,Data Scientist,mid,German,social_media,awareness,12715,185,7,824.39,9389.23,11.3893,9.0
MC-20301,2024-09-30,IN,Chennai,Marketing Manager,premium,Hindi,display,re_engagement,44868,567,17,15796.73,70416.77,4.4577,4.0
MC-21840,2024-09-30,NL,Amsterdam,Accountant,mid,Dutch,influencer,awareness,57110,1718,96,4298.69,76069.28,17.6959,2.0
MC-20822,2024-09-30,GB,Glasgow,Designer,budget,English,email,acquisition,22028,571,20,224.12,1810.02,8.0761,8.0
MC-22572,2024-09-30,US,Los Angeles,Writer,budget,English,influencer,awareness,110080,3037,75,411.48,6684.06,16.2439,3.0
MC-21109,2024-09-30,GB,Bristol,Software Engineer,premium,English,search,awareness,26748,1745,117,1433.64,725564.92,506.0998,4.0
MC-21850,2024-09-30,IN,Delhi,Marketing Manager,mid,Hindi,influencer,acquisition,500000,8870,315,4296.29,282939.32,65.8567,5.0
MC-21481,2024-09-30,IN,Delhi,Accountant,mid,Hindi,email,acquisition,51176,1983,42,5056.18,34946.57,6.9117,2.0
MC-20845,2024-09-30,MX,Monterrey,Consultant,budget,Spanish,display,acquisition,285210,3841,69,3787.96,10396.92,2.7447,8.0
MC-20333,2024-09-30,US,Phoenix,Teacher,mid,English,display,acquisition,100812,1252,94,2507.88,56260.55,22.4335,4.0
MC-21111,2024-09-30,US,Houston,HR Manager,mid,English,social_media,awareness,17237,337,16,2268.15,7739.2,3.4121,1.0
MC-21432,2024-09-30,US,San Francisco,HR Manager,budget,English,email,awareness,4395,115,7,12222.32,770.92,0.0631,5.0
MC-20619,2024-09-30,BR,Brasília,Data Scientist,mid,Portuguese,influencer,awareness,17548,309,3,10792.08,2949.51,0.2733,7.0
MC-21849,2024-09-30,FR,Nice,HR Manager,premium,French,email,acquisition,27670,683,19,878.11,54629.74,62.2129,4.0
MC-22322,2024-09-30,US,Seattle,HR Manager,budget,English,influencer,acquisition,99000,2904,199,3644.9,17348.17,4.7596,10.0
MC-21556,2024-09-30,DE,Munich,Marketing Manager,budget,German,email,re_engagement,3909,124,8,6961.97,1063.91,0.1528,3.0
MC-21040,2024-09-30,GB,Manchester,Architect,budget,English,social_media,awareness,54082,1263,17,1951.69,3742.65,1.9176,5.0
MC-20722,2024-09-30,FR,Bordeaux,Marketing Manager,budget,French,social_media,acquisition,322207,5326,408,1825.21,60730.23,33.273,10.0
MC-20903,2024-09-30,ZA,Johannesburg,Data Scientist,mid,Afrikaans,social_media,acquisition,90707,1388,58,207.47,52533.92,253.2121,7.0
MC-21370,2024-09-30,GB,London,Lawyer,mid,English,search,acquisition,27815,1490,29,7981.23,28527.43,3.5743,4.0
MC-21777,2024-09-30,US,Seattle,Architect,budget,English,influencer,acquisition,17494,437,14,457.48,3301.49,7.2167,6.0
MC-22197,2024-09-30,IN,Hyderabad,Data Scientist,budget,Hindi,search,re_engagement,36868,3091,177,1189.29,32543.77,27.364,6.0
MC-20604,2024-09-30,US,Houston,Writer,budget,English,social_media,retention,114637,2896,201,2199.35,20590.17,9.3619,3.0
MC-21766,2024-09-30,US,Los Angeles,Product Manager,mid,English,search,awareness,17688,1350,48,1557.55,40035.36,25.7041,1.0
MC-21715,2024-09-30,AU,Brisbane,Sales Rep,budget,English,social_media,awareness,13710,351,27,1413.74,2980.63,2.1083,8.0
MC-22181,2024-09-30,IL,Beer Sheva,Architect,premium,Hebrew,search,acquisition,12697,1216,16,942.63,92451.79,98.0786,7.0
MC-20373,2024-09-30,GB,Manchester,Software Engineer,mid,English,email,retention,8150,203,6,841.92,6978.27,8.2885,9.0
MC-20120,2024-09-30,BR,Fortaleza,Sales Rep,mid,Portuguese,social_media,retention,500000,10750,123,1241.29,57591.3,46.3963,9.0
MC-21434,2024-09-30,DE,Cologne,Consultant,budget,German,social_media,retention,207280,3336,148,248.12,24381.12,98.2634,5.0
MC-21292,2024-09-30,MX,Tijuana,Designer,mid,Spanish,display,retention,374448,5102,264,1545.88,174224.61,112.7025,7.0
MC-21313,2024-09-30,AU,Brisbane,Researcher,mid,English,content_marketing,retention,129240,2588,165,2128.13,138366.07,65.0177,1.0
MC-21466,2024-09-30,IL,Tel Aviv,Marketing Manager,budget,Hebrew,social_media,retention,486982,11377,480,1659.25,77704.58,46.8311,8.0
MC-20663,2024-09-30,DE,Cologne,Researcher,budget,German,influencer,awareness,187333,5102,197,545.46,31608.91,57.9491,1.0
MC-20711,2024-09-30,IL,Jerusalem,Architect,mid,Hebrew,search,re_engagement,7149,574,21,4402.75,24799.87,5.6328,6.0
