campaign_id,date,geo,city,profession,price_range,language,channel,campaign_type,impressions,clicks,conversions,spend_usd,revenue_usd,roi,quality_score
MC-02539,2024-01-01,GB,Bristol,Writer,mid,English,influencer,awareness,19569,597,34,1858.33,18435.51,9.9205,6.0
MC-00052,2024-01-01,US,New York,Writer,premium,English,influencer,retention,42876,824,21,416.03,68660.23,165.0367,5.0
MC-01101,2024-01-01,US,Houston,Researcher,mid,English,content_marketing,awareness,159374,2151,36,642.95,34100.87,53.0381,6.0
MC-00841,2024-01-01,BR,Salvador,Product Manager,mid,Portuguese,search,acquisition,54868,4954,162,1381.44,144145.64,104.3445,5.0
MC-01837,2024-01-01,US,New York,Accountant,budget,English,email,acquisition,51758,1885,100,922.67,15034.5,16.2946,1.0
MC-00647,2024-01-01,GB,London,Data Scientist,mid,English,influencer,acquisition,96051,2000,117,251.59,112223.11,446.0555,9.0
MC-02958,2024-01-01,US,Chicago,Product Manager,premium,English,display,acquisition,224541,3396,132,1972.66,453780.59,230.0349,3.0
MC-01158,2024-01-01,US,Phoenix,Data Scientist,mid,English,email,re_engagement,193294,4712,144,725.72,190016.08,261.8311,7.0
MC-02394,2024-01-01,DE,Stuttgart,HR Manager,mid,German,content_marketing,acquisition,53955,1104,14,149.35,8680.38,58.1211,2.0
MC-00423,2024-01-01,IN,Bangalore,Marketing Manager,premium,Hindi,email,retention,205773,7214,479,1517.68,2275486.55,1499.3191,8.0
MC-02384,2024-01-01,US,Los Angeles,Physician,mid,English,email,awareness,5524,205,11,948.89,10513.1,11.0794,6.0
MC-00395,2024-01-01,CA,Montreal,Lawyer,budget,English,email,acquisition,43722,1695,123,5743.85,24275.51,4.2263,4.0
MC-02940,2024-01-01,SG,Singapore,Architect,budget,English,display,acquisition,419739,5618,211,1007.2,47072.43,46.7359,6.0
MC-01221,2024-01-01,US,San Francisco,Accountant,mid,English,influencer,retention,113065,2140,138,5555.85,106578.86,19.1832,10.0
MC-00741,2024-01-01,US,Houston,Researcher,budget,English,search,re_engagement,28892,1979,72,1354.63,11781.66,8.6973,1.0
MC-00595,2024-01-01,US,Seattle,Software Engineer,budget,English,email,acquisition,17454,610,23,582.12,4030.02,6.923,1.0
MC-01314,2024-01-01,IL,Beer Sheva,Lawyer,budget,Hebrew,search,acquisition,28121,2031,70,8046.33,15542.56,1.9316,8.0
MC-02922,2024-01-01,US,Los Angeles,HR Manager,mid,English,social_media,acquisition,111050,2552,133,13891.85,72617.13,5.2273,10.0
MC-00744,2024-01-01,FR,Paris,Writer,budget,French,email,acquisition,23277,728,10,3436.77,1027.43,0.299,3.0
MC-00811,2024-01-01,IN,Bangalore,Accountant,mid,Hindi,social_media,awareness,25487,531,5,711.93,3829.08,5.3785,6.0
MC-01323,2024-01-01,IN,Pune,Teacher,premium,Hindi,social_media,acquisition,500000,12221,544,551.91,1807517.95,3275.023,9.0
MC-01617,2024-01-01,US,New York,Sales Rep,mid,English,content_marketing,awareness,111947,1951,37,2702.72,18735.45,6.9321,4.0
MC-02585,2024-01-01,BR,Salvador,Lawyer,mid,Portuguese,search,awareness,500000,47144,1234,14441.87,1535027.41,106.2901,3.0
MC-02299,2024-01-01,US,Houston,Marketing Manager,budget,English,display,retention,51402,580,37,17038.11,5349.39,0.314,3.0
MC-00766,2024-01-01,AU,Melbourne,Accountant,budget,English,influencer,acquisition,183632,4571,297,2607.65,47333.4,18.1517,8.0
MC-00775,2024-01-01,AU,Melbourne,Product Manager,mid,English,content_marketing,retention,3772,70,2,1730.53,1705.76,0.9857,4.0
MC-01911,2024-01-01,US,Chicago,Physician,budget,English,email,retention,4880,132,5,165.63,1172.33,7.078,6.0
MC-00998,2024-01-01,DE,Munich,Product Manager,mid,German,content_marketing,acquisition,2862,65,2,2885.94,1311.51,0.4544,5.0
MC-02880,2024-01-01,US,Chicago,Designer,premium,English,social_media,awareness,19487,326,19,470.06,52849.18,112.4307,8.0
MC-01952,2024-01-01,CA,Calgary,Product Manager,mid,English,influencer,acquisition,32562,762,34,3194.07,23360.2,7.3136,3.0
MC-02719,2024-01-01,US,Seattle,Architect,mid,English,search,acquisition,14502,1104,62,1105.49,67595.15,61.145,1.0
MC-02731,2024-01-01,US,Phoenix,Architect,mid,English,social_media,awareness,165810,3430,92,1465.14,112161.47,76.5534,9.0
MC-00535,2024-01-01,BR,Fortaleza,Data Scientist,budget,Portuguese,influencer,retention,62793,1303,62,1329.32,10430.31,7.8464,9.0
MC-01929,2024-01-02,BR,Brasília,Writer,budget,Portuguese,social_media,retention,18012,372,11,6208.82,1238.4,0.1995,6.0
MC-00519,2024-01-02,IN,Bangalore,Accountant,mid,Hindi,email,acquisition,26255,643,31,10295.27,23698.35,2.3019,2.0
MC-02571,2024-01-02,US,Chicago,Accountant,budget,English,social_media,retention,91585,1866,106,569.57,16483.88,28.9409,10.0
MC-01949,2024-01-02,IN,Kolkata,Lawyer,premium,Hindi,email,retention,6664,249,4,1046.7,22387.47,21.3886,1.0
MC-00826,2024-01-02,IN,Bangalore,Physician,budget,Hindi,search,re_engagement,4567,388,17,11056.34,3659.75,0.331,8.0
MC-00590,2024-01-02,US,Los Angeles,Software Engineer,premium,English,email,retention,95027,2480,107,3760.47,603951.21,160.6052,6.0
MC-01721,2024-01-02,DE,Stuttgart,Software Engineer,premium,German,social_media,acquisition,76517,1481,101,2020.33,598041.97,296.012,1.0
MC-00136,2024-01-02,CA,Montreal,Sales Rep,mid,English,email,retention,22904,639,19,301.42,9170.74,30.4251,2.0
MC-02130,2024-01-02,ZA,Johannesburg,Software Engineer,mid,Afrikaans,email,awareness,6530,238,11,4183.75,10029.26,2.3972,7.0
MC-02350,2024-01-02,US,San Francisco,Designer,mid,English,social_media,retention,500000,10230,327,7685.49,183799.96,23.9152,2.0
MC-00150,2024-01-02,US,New York,Sales Rep,premium,English,email,awareness,78341,2947,60,2285.16,187984.63,82.2632,7.0
MC-00872,2024-01-02,US,Los Angeles,Accountant,mid,English,social_media,re_engagement,19939700,500174,37741,2383.25,32865149.6,13790.0554,9.0
MC-00812,2024-01-02,US,Phoenix,Product Manager,mid,English,search,retention,71085,6474,441,3212.57,290652.99,90.4737,3.0
MC-02534,2024-01-02,GB,Leeds,Sales Rep,mid,English,social_media,acquisition,95672,1704,102,2569.19,49040.4,19.0879,3.0
MC-01356,2024-01-02,BR,Rio de Janeiro,Accountant,budget,Portuguese,email,retention,12058,308,14,217.93,2366.61,10.8595,1.0
MC-01568,2024-01-02,US,Phoenix,Software Engineer,budget,English,search,awareness,22188,1807,81,968.13,18459.13,19.0668,1.0
MC-00205,2024-01-02,MX,Monterrey,Designer,mid,Spanish,social_media,awareness,34770,540,6,4678.27,2696.33,0.5764,3.0
MC-00797,2024-01-02,IN,Delhi,Physician,mid,Hindi,social_media,awareness,24437,391,24,919.38,23201.12,25.2356,6.0
MC-00270,2024-01-02,US,San Francisco,Researcher,budget,English,email,retention,1360,45,2,4233.97,344.46,0.0814,10.0
MC-02887,2024-01-02,US,New York,Writer,mid,English,email,awareness,47368,1627,116,401.72,63663.98,158.4785,9.0
MC-02873,2024-01-02,US,Los Angeles,Data Scientist,mid,English,social_media,awareness,327987,5749,363,4203.42,390991.69,93.0175,10.0
MC-00227,2024-01-02,IN,Hyderabad,Writer,mid,Hindi,social_media,retention,38942,940,42,3854.29,26870.45,6.9716,5.0
MC-00239,2024-01-02,GB,Leeds,Writer,mid,English,display,acquisition,68976,824,64,3003.4,34387.86,11.4496,5.0
MC-00085,2024-01-02,CA,Toronto,Marketing Manager,budget,English,search,retention,82226,4633,157,5500.58,20620.59,3.7488,1.0
MC-02052,2024-01-02,DE,Stuttgart,Consultant,mid,German,display,re_engagement,222717,3406,110,2320.34,80109.35,34.5248,8.0
MC-02115,2024-01-02,US,New York,Marketing Manager,budget,English,email,acquisition,2771,94,2,951.46,259.25,0.2725,9.0
MC-02038,2024-01-02,US,New York,Physician,mid,English,social_media,awareness,87160,2029,68,6582.53,69038.02,10.4881,1.0
MC-00683,2024-01-02,DE,Frankfurt,Physician,budget,German,social_media,awareness,86952,1402,65,14539.35,14738.09,1.0137,4.0
MC-01902,2024-01-02,US,Houston,Marketing Manager,budget,English,email,awareness,198441,6705,127,1620.4,18289.99,11.2873,6.0
MC-02023,2024-01-02,NL,Rotterdam,Physician,budget,Dutch,search,awareness,8161,724,37,2373.39,6496.88,2.7374,8.0
MC-02557,2024-01-02,GB,Leeds,Lawyer,mid,English,social_media,awareness,107832,1944,33,1935.97,40213.69,20.7719,7.0
MC-01045,2024-01-02,FR,Bordeaux,Architect,budget,French,search,re_engagement,7175,509,14,406.11,2820.78,6.9459,10.0
MC-01069,2024-01-02,ES,Bilbao,Software Engineer,mid,Spanish,email,acquisition,34592,1215,75,282.44,100285.15,355.0671,9.0
MC-02031,2024-01-02,US,Phoenix,Data Scientist,mid,English,social_media,acquisition,500000,9703,621,4360.3,679412.28,155.8178,2.0
MC-01894,2024-01-02,US,Phoenix,Product Manager,premium,English,social_media,retention,297307,4780,126,493.23,590583.8,1197.3801,6.0
MC-02919,2024-01-03,NL,Amsterdam,Lawyer,mid,Dutch,display,acquisition,61668,767,48,7197.64,62991.89,8.7517,5.0
MC-02815,2024-01-03,FR,Lyon,Accountant,budget,French,social_media,acquisition,238037,5508,158,2682.17,27584.35,10.2843,6.0
MC-00422,2024-01-03,GB,Birmingham,Data Scientist,mid,English,display,retention,17301,220,16,2398.13,21370.27,8.9112,7.0
MC-02870,2024-01-03,US,Chicago,Consultant,budget,English,email,retention,4333,130,7,1343.24,896.05,0.6671,1.0
MC-01382,2024-01-03,GB,Glasgow,Data Scientist,budget,English,social_media,acquisition,12147,271,20,5210.17,4800.48,0.9214,8.0
MC-00795,2024-01-03,IN,Hyderabad,Data Scientist,mid,Hindi,display,acquisition,431565,3726,225,631.47,255569.72,404.7219,4.0
MC-01433,2024-01-03,SG,Singapore,HR Manager,mid,English,social_media,re_engagement,25827,366,18,6599.89,10675.69,1.6176,4.0
MC-02122,2024-01-03,GB,London,Data Scientist,budget,English,email,acquisition,30970,1074,18,132.45,3276.28,24.736,3.0
MC-02080,2024-01-03,BR,Brasília,Architect,premium,Portuguese,search,acquisition,4361,329,23,19321.7,116510.03,6.03,5.0
MC-02276,2024-01-03,CA,Toronto,HR Manager,mid,English,content_marketing,retention,29268,672,8,1272.84,4065.59,3.1941,9.0
MC-02750,2024-01-03,JP,Tokyo,Writer,mid,Japanese,social_media,re_engagement,90390,1277,33,3027.53,21526.16,7.1101,7.0
MC-01205,2024-01-03,CA,Toronto,Teacher,premium,English,search,awareness,3117700,269952,19858,5198.4,55651499.41,10705.5054,5.0
MC-02581,2024-01-03,BR,Brasília,Sales Rep,budget,Portuguese,content_marketing,awareness,10719,183,4,1850.37,338.46,0.1829,8.0
MC-00485,2024-01-03,BR,Fortaleza,Teacher,budget,Portuguese,social_media,acquisition,500000,12771,761,2017.95,83668.63,41.4622,1.0
MC-02698,2024-01-03,ES,Seville,Architect,budget,Spanish,email,acquisition,10791,327,7,665.47,1601.28,2.4062,6.0
MC-01743,2024-01-03,AU,Perth,HR Manager,mid,English,email,retention,30901,903,71,9412.11,41620.54,4.422,7.0
MC-02560,2024-01-03,US,Seattle,Accountant,mid,English,email,acquisition,22892,713,48,1911.16,35561.66,18.6074,2.0
MC-02605,2024-01-03,IN,Kolkata,Product Manager,mid,Hindi,email,acquisition,15383,435,9,4253.25,7810.08,1.8363,7.0
MC-00415,2024-01-03,US,Houston,Writer,budget,English,social_media,acquisition,163037,2359,89,756.31,7986.27,10.5595,5.0
MC-00768,2024-01-03,GB,Manchester,Sales Rep,mid,English,email,re_engagement,21768,845,57,1531.09,32213.72,21.0397,8.0
MC-01729,2024-01-03,IN,Kolkata,Architect,premium,Hindi,email,retention,32136,805,46,4180.93,251815.78,60.2296,10.0
MC-01161,2024-01-03,FR,Nice,Marketing Manager,budget,French,email,re_engagement,7624,198,4,1258.0,624.4,0.4963,9.0
MC-01318,2024-01-03,AU,Brisbane,Writer,budget,English,email,retention,17651,636,15,885.23,1546.49,1.747,8.0
MC-01841,2024-01-03,NL,Amsterdam,Consultant,budget,Dutch,display,acquisition,51738,702,34,920.85,4432.29,4.8133,2.0
MC-01660,2024-01-03,US,San Francisco,Researcher,mid,English,search,retention,19334,1778,65,2387.48,50590.33,21.1898,1.0
MC-02321,2024-01-03,US,San Francisco,Researcher,mid,English,social_media,re_engagement,71012,1106,45,1234.39,38541.16,31.2228,8.0
MC-00650,2024-01-03,SG,Singapore,Physician,premium,English,search,awareness,9188,841,17,2073.84,109588.28,52.8432,2.0
MC-00069,2024-01-03,CA,Toronto,Architect,budget,English,email,acquisition,24078,753,23,264.03,4125.41,15.6248,2.0
MC-00633,2024-01-03,IN,Mumbai,Data Scientist,mid,Hindi,email,acquisition,391713,12662,404,3034.5,501971.68,165.4215,3.0
MC-02018,2024-01-03,FR,Bordeaux,Lawyer,mid,French,content_marketing,re_engagement,139953,3020,225,610.16,250267.98,410.1678,7.0
MC-00164,2024-01-03,BR,Fortaleza,Data Scientist,premium,Portuguese,content_marketing,acquisition,25268,525,10,4337.16,56783.62,13.0924,4.0
MC-02152,2024-01-03,US,Seattle,Physician,budget,English,email,awareness,65791,1795,66,1156.84,15521.91,13.4175,3.0
MC-02501,2024-01-03,US,Seattle,Sales Rep,mid,English,search,acquisition,8326,764,19,864.82,11086.34,12.8192,1.0
MC-00723,2024-01-03,SG,Singapore,Teacher,budget,English,social_media,retention,225432,4858,219,5018.88,23923.98,4.7668,9.0
MC-00972,2024-01-03,US,Houston,Lawyer,mid,English,email,awareness,54462,1609,78,1820.57,88550.68,48.639,9.0
MC-01390,2024-01-04,IN,Mumbai,Product Manager,budget,Hindi,search,awareness,14374,1238,75,3325.19,12180.94,3.6632,7.0
MC-00125,2024-01-04,US,Seattle,Accountant,budget,English,display,retention,171873,2081,70,233.69,12403.69,53.0775,10.0
MC-00759,2024-01-04,MX,Monterrey,Product Manager,budget,Spanish,social_media,retention,106850,2526,135,325.14,17900.01,55.0532,10.0
MC-01620,2024-01-04,FR,Marseille,Physician,mid,French,email,retention,4286,166,8,1137.76,7980.82,7.0145,8.0
MC-01315,2024-01-04,US,New York,Writer,budget,English,content_marketing,awareness,34752,482,31,1589.52,3583.5,2.2545,6.0
MC-02296,2024-01-04,IN,Kolkata,HR Manager,budget,Hindi,social_media,acquisition,87442,1490,47,2650.43,5844.48,2.2051,2.0
MC-02160,2024-01-04,GB,Glasgow,Designer,premium,English,email,acquisition,15612,408,7,2249.24,16070.57,7.1449,2.0
MC-01386,2024-01-04,ES,Valencia,Consultant,mid,Spanish,display,acquisition,142620,2036,150,325.19,125237.19,385.1201,1.0
MC-00176,2024-01-04,US,San Francisco,Product Manager,mid,English,email,awareness,8466,178,8,723.89,5602.69,7.7397,10.0
MC-01364,2024-01-04,ZA,Port Elizabeth,Writer,budget,Afrikaans,search,awareness,24640,2212,155,490.31,18513.76,37.7593,6.0
MC-02298,2024-01-04,US,Chicago,Architect,mid,English,email,acquisition,54448,1716,26,2362.95,31023.52,13.1291,10.0
MC-02840,2024-01-04,US,Seattle,Marketing Manager,mid,English,social_media,acquisition,42702,963,56,1719.36,52101.4,30.3028,1.0
MC-00635,2024-01-04,IN,Mumbai,Architect,mid,Hindi,search,awareness,47661,3491,113,2029.41,110102.89,54.2536,8.0
MC-01261,2024-01-04,JP,Tokyo,Writer,mid,Japanese,search,acquisition,17748,1531,88,2053.44,46786.59,22.7845,6.0
MC-02476,2024-01-04,US,Chicago,Teacher,budget,English,social_media,acquisition,171522,3552,175,4497.34,16228.34,3.6084,9.0
MC-01669,2024-01-04,NL,Utrecht,Sales Rep,mid,Dutch,email,awareness,14062,483,13,2156.38,8119.71,3.7654,9.0
MC-01019,2024-01-04,US,Houston,Software Engineer,budget,English,display,re_engagement,95508,1386,25,1916.08,4596.64,2.399,9.0
MC-02118,2024-01-04,CA,Calgary,Software Engineer,budget,English,email,retention,53840,1592,67,495.74,14635.99,29.5235,10.0
MC-00763,2024-01-04,US,Seattle,Product Manager,mid,English,content_marketing,retention,154703,3337,116,6338.9,94937.87,14.977,2.0
MC-02811,2024-01-04,FR,Bordeaux,Consultant,mid,French,search,acquisition,43701,3122,111,3215.38,91046.68,28.316,1.0
MC-01732,2024-01-04,ES,Seville,Physician,budget,Spanish,social_media,acquisition,31915,782,59,715.8,10344.68,14.4519,8.0
MC-00726,2024-01-04,AU,Perth,Accountant,premium,English,search,re_engagement,25277,1890,29,3957.94,125365.73,31.6745,10.0
MC-02011,2024-01-04,US,Seattle,Consultant,premium,English,social_media,re_engagement,500000,12786,414,269.28,1441898.73,5354.6447,10.0
MC-01442,2024-01-04,GB,Manchester,Researcher,mid,English,email,retention,12428,269,15,494.21,10385.56,21.0145,6.0
MC-00435,2024-01-04,US,Chicago,Researcher,mid,English,email,re_engagement,14745,330,18,4616.57,14156.05,3.0664,2.0
MC-02567,2024-01-04,IN,Chennai,Sales Rep,mid,Hindi,influencer,retention,133099,2390,173,1353.64,96954.13,71.6248,4.0
MC-02493,2024-01-04,US,Houston,Designer,budget,English,search,awareness,10074,726,57,597.54,6521.36,10.9137,8.0
MC-00903,2024-01-04,BR,Rio de Janeiro,Marketing Manager,premium,Portuguese,social_media,re_engagement,224845,4526,48,1909.01,158990.63,83.2843,7.0
MC-00620,2024-01-04,JP,Sapporo,Accountant,mid,Japanese,social_media,awareness,31667,628,48,2863.09,36710.75,12.8221,1.0
MC-02774,2024-01-04,FR,Paris,Data Scientist,premium,French,search,re_engagement,45091,2965,236,268.51,1273954.59,4744.5331,5.0
MC-01940,2024-01-04,US,Chicago,Marketing Manager,budget,English,email,awareness,43958,1354,96,235.79,14095.29,59.779,8.0
MC-01926,2024-01-04,GB,London,HR Manager,mid,English,content_marketing,retention,45562,979,69,2894.99,35189.87,12.1554,2.0
MC-00451,2024-01-04,BR,Brasília,Physician,mid,Portuguese,display,retention,53715,740,36,22226.21,36037.01,1.6214,2.0
MC-01486,2024-01-04,US,Chicago,Sales Rep,premium,English,content_marketing,acquisition,193388,4444,188,24281.79,601767.43,24.7827,10.0
MC-00988,2024-01-04,DE,Hamburg,HR Manager,mid,German,social_media,awareness,36047,598,13,4718.28,8289.24,1.7568,7.0
MC-02046,2024-01-04,ZA,Durban,Lawyer,premium,Afrikaans,influencer,retention,352476,11147,631,2470.42,3691800.37,1494.4019,7.0
MC-00643,2024-01-04,IL,Netanya,Product Manager,mid,Hebrew,social_media,awareness,270820,4456,201,10756.27,160521.4,14.9235,6.0
MC-00281,2024-01-04,IN,Kolkata,Researcher,mid,Hindi,social_media,retention,48877,1172,31,6103.46,21983.62,3.6018,9.0
MC-02097,2024-01-04,BR,São Paulo,Researcher,budget,Portuguese,email,re_engagement,16629,378,28,396.87,3686.3,9.2884,9.0
MC-00732,2024-01-04,ES,Valencia,Architect,mid,Spanish,content_marketing,acquisition,42890,765,18,378.02,16408.16,43.4055,2.0
MC-02385,2024-01-04,US,Seattle,Researcher,mid,English,email,acquisition,52277,1894,60,2205.96,47317.84,21.45,5.0
MC-02814,2024-01-04,BR,Brasília,Physician,budget,Portuguese,display,retention,500000,4205,157,560.05,35828.28,63.9734,10.0
MC-00028,2024-01-04,SG,Singapore,Writer,budget,English,content_marketing,acquisition,483537,9310,170,1453.75,17278.35,11.8854,7.0
MC-02447,2024-01-04,IL,Haifa,Physician,mid,Hebrew,search,acquisition,9497,922,25,3322.73,26626.82,8.0135,4.0
MC-02229,2024-01-04,US,San Francisco,Researcher,mid,English,display,awareness,48750,448,29,1366.47,26135.31,19.1261,9.0
MC-00287,2024-01-04,IN,Pune,Teacher,mid,Hindi,search,acquisition,16521,1509,58,233.19,29040.31,124.535,9.0
MC-02388,2024-01-04,US,Houston,Data Scientist,mid,English,content_marketing,awareness,36280,610,46,534.04,43576.23,81.5973,3.0
MC-00555,2024-01-04,US,San Francisco,Accountant,premium,English,search,acquisition,43309,3144,173,768.05,664490.96,865.1663,4.0
MC-00821,2024-01-04,CA,Montreal,Software Engineer,mid,English,search,acquisition,41707,2235,145,5514.6,154078.59,27.9401,6.0
MC-01206,2024-01-04,CA,Ottawa,HR Manager,premium,English,social_media,acquisition,206007,3880,174,1626.66,429790.69,264.2167,1.0
MC-01402,2024-01-05,CA,Ottawa,Teacher,budget,English,email,retention,3874,143,5,1678.93,475.74,0.2834,9.0
MC-02242,2024-01-05,US,Seattle,Designer,mid,English,influencer,retention,30846,789,35,8874.16,19131.45,2.1559,7.0
MC-01491,2024-01-05,FR,Paris,Writer,premium,French,search,retention,98848,7987,569,7655.19,1465592.78,191.4509,1.0
MC-01394,2024-01-05,IN,Kolkata,HR Manager,mid,Hindi,display,retention,500000,4579,258,2992.59,149488.68,49.9529,6.0
MC-02194,2024-01-05,IN,Mumbai,Architect,budget,Hindi,email,re_engagement,1696,44,3,30843.97,704.6,0.0228,3.0
MC-02259,2024-01-05,DE,Hamburg,HR Manager,mid,German,social_media,acquisition,500000,8042,130,7139.59,81669.82,11.439,7.0
MC-02908,2024-01-05,IN,Chennai,Lawyer,budget,Hindi,email,retention,12283,407,7,1119.1,1573.36,1.4059,6.0
MC-01001,2024-01-05,BR,Brasília,Marketing Manager,mid,Portuguese,search,acquisition,28724,1983,136,2108.95,122536.44,58.1031,7.0
MC-01444,2024-01-05,ES,Valencia,Architect,budget,Spanish,social_media,acquisition,98272,2021,132,629.36,32279.98,51.2902,1.0
MC-00271,2024-01-05,JP,Osaka,Architect,mid,Japanese,influencer,retention,92088,2166,119,1690.62,118369.84,70.0156,5.0
MC-01592,2024-01-05,FR,Bordeaux,Teacher,premium,French,social_media,retention,94262,1825,143,1147.95,412936.76,359.7167,6.0
MC-00292,2024-01-05,BR,Salvador,Sales Rep,mid,Portuguese,display,retention,56607,675,9,4003.11,5647.14,1.4107,1.0
MC-00273,2024-01-05,IN,Delhi,Product Manager,premium,Hindi,social_media,acquisition,24222,547,12,1641.81,55473.32,33.7879,1.0
MC-02506,2024-01-05,GB,Manchester,Designer,mid,English,social_media,awareness,500000,12384,393,3815.04,197703.19,51.822,10.0
MC-01900,2024-01-05,AU,Brisbane,Researcher,mid,English,email,retention,32310,891,11,231.35,9854.42,42.5953,6.0
MC-01726,2024-01-05,GB,Glasgow,Lawyer,premium,English,email,re_engagement,2956,98,2,314.98,9748.37,30.9492,9.0
MC-01230,2024-01-05,US,Chicago,Designer,premium,English,social_media,acquisition,102397,2495,51,63.43,152465.45,2403.6804,7.0
MC-02362,2024-01-05,US,San Francisco,Consultant,mid,English,influencer,re_engagement,42447,947,73,1108.44,54114.42,48.8203,10.0
MC-00568,2024-01-05,FR,Lyon,Data Scientist,premium,French,search,acquisition,218386,16564,1210,1984.42,7977227.0,4019.9287,1.0
MC-02803,2024-01-05,CA,Toronto,Writer,budget,English,social_media,acquisition,39097,722,13,151.16,1548.88,10.2466,3.0
MC-02823,2024-01-05,BR,Rio de Janeiro,Architect,mid,Portuguese,display,re_engagement,59514,687,21,3793.51,21561.41,5.6838,5.0
MC-01244,2024-01-05,FR,Bordeaux,Product Manager,mid,French,email,acquisition,55480,1568,83,1190.73,72397.06,60.8006,3.0
MC-02351,2024-01-05,ES,Valencia,Consultant,mid,Spanish,social_media,awareness,11072,270,11,1536.19,9862.39,6.42,7.0
MC-00018,2024-01-05,US,San Francisco,Product Manager,mid,English,social_media,retention,494352,7922,183,4290.14,167602.59,39.0669,6.0
MC-00424,2024-01-05,DE,Berlin,Lawyer,mid,German,search,awareness,51361,3888,299,244.86,350098.66,1429.7911,6.0
MC-00429,2024-01-05,MX,Tijuana,Consultant,budget,Spanish,display,awareness,29724,448,27,1710.92,4059.01,2.3724,10.0
MC-00735,2024-01-05,US,Chicago,Marketing Manager,mid,English,display,retention,52410,566,8,4185.05,7582.98,1.8119,8.0
MC-01157,2024-01-05,ES,Bilbao,Designer,mid,Spanish,content_marketing,re_engagement,48115,986,12,21787.47,6435.87,0.2954,2.0
MC-00513,2024-01-05,ZA,Johannesburg,Teacher,budget,Afrikaans,social_media,retention,57902,850,26,1761.71,2722.13,1.5452,10.0
MC-02987,2024-01-05,US,Phoenix,Researcher,mid,English,email,acquisition,92635,3563,143,4225.69,107711.75,25.4897,7.0
MC-00075,2024-01-05,NL,Eindhoven,Consultant,budget,Dutch,influencer,awareness,119977,2288,73,620.23,9907.25,15.9735,10.0
MC-02060,2024-01-05,US,Chicago,Writer,mid,English,search,acquisition,9190,639,19,1440.63,10199.43,7.0798,4.0
MC-01309,2024-01-05,MX,Puebla,Designer,budget,Spanish,display,retention,133575,1644,115,3068.84,12700.23,4.1384,9.0
MC-01139,2024-01-05,BR,São Paulo,Teacher,budget,Portuguese,email,re_engagement,11722,306,22,3529.17,2441.89,0.6919,4.0
MC-00449,2024-01-05,GB,Birmingham,Software Engineer,mid,English,search,awareness,56181,4467,247,2357.74,244609.01,103.7472,2.0
MC-02925,2024-01-05,IN,Chennai,Software Engineer,mid,Hindi,search,acquisition,6928,374,28,2316.33,26127.32,11.2796,5.0
MC-01156,2024-01-06,US,Houston,Researcher,premium,English,email,awareness,135610,4232,111,5786.19,488798.75,84.4768,3.0
MC-02419,2024-01-06,US,Seattle,Architect,budget,English,email,acquisition,8520,200,7,3244.26,1208.51,0.3725,6.0
MC-01482,2024-01-06,IN,Bangalore,Marketing Manager,premium,Hindi,email,awareness,1410,50,3,754.26,10544.56,13.98,5.0
MC-00728,2024-01-06,US,Houston,Teacher,budget,English,social_media,acquisition,52387,756,44,1417.26,3847.43,2.7147,2.0
MC-02985,2024-01-06,IN,Bangalore,Product Manager,mid,Hindi,email,retention,11677,449,23,4999.57,14804.8,2.9612,6.0
MC-02427,2024-01-06,JP,Sapporo,Marketing Manager,mid,Japanese,email,retention,11950,260,6,1238.99,5554.61,4.4832,2.0
MC-01535,2024-01-06,FR,Paris,Marketing Manager,premium,French,email,acquisition,10715,370,13,427.0,52831.71,123.7277,10.0
MC-00259,2024-01-06,IN,Kolkata,Accountant,budget,Hindi,search,acquisition,3709,324,7,3446.45,1213.48,0.3521,1.0
MC-02228,2024-01-06,US,Chicago,Accountant,budget,English,search,awareness,19847,1594,75,1681.34,11600.19,6.8994,3.0
MC-01220,2024-01-06,BR,Fortaleza,Software Engineer,premium,Portuguese,email,re_engagement,240136,6148,415,1488.56,2319214.68,1558.0257,2.0
MC-02668,2024-01-06,ES,Seville,Teacher,budget,Spanish,search,re_engagement,46860,2752,174,846.38,18386.75,21.724,2.0
MC-01116,2024-01-06,US,Houston,Product Manager,mid,English,email,awareness,34461,1265,44,6306.65,34520.87,5.4737,9.0
MC-02197,2024-01-06,DE,Cologne,Product Manager,premium,German,influencer,re_engagement,46063,924,37,716.25,170199.37,237.6256,8.0
MC-02848,2024-01-06,US,Houston,Marketing Manager,budget,English,search,awareness,256565,15857,752,527.2,103507.7,196.3348,4.0
MC-02322,2024-01-06,IN,Pune,Marketing Manager,mid,Hindi,search,re_engagement,89688,8586,200,536.46,131504.72,245.1343,4.0
MC-02340,2024-01-06,US,Los Angeles,Data Scientist,mid,English,content_marketing,acquisition,9627,207,7,1841.04,6512.53,3.5374,4.0
MC-02342,2024-01-06,US,Phoenix,Product Manager,premium,English,search,acquisition,372306,27146,1214,534.18,5263249.37,9852.951,1.0
MC-01899,2024-01-06,NL,The Hague,Sales Rep,mid,Dutch,influencer,retention,69163,1747,67,3499.93,32037.21,9.1537,1.0
MC-00681,2024-01-06,CA,Ottawa,Marketing Manager,budget,English,email,acquisition,7177,240,6,5606.84,1068.31,0.1905,8.0
MC-02346,2024-01-06,US,Chicago,Architect,budget,English,social_media,acquisition,33737,670,6,1318.93,1278.48,0.9693,1.0
MC-02765,2024-01-07,DE,Berlin,Marketing Manager,budget,German,search,retention,26262,2343,124,1810.01,16057.66,8.8716,10.0
MC-01966,2024-01-07,US,New York,Accountant,mid,English,email,re_engagement,39110,1008,54,3518.69,39018.64,11.089,2.0
MC-00917,2024-01-07,FR,Lyon,Architect,premium,French,social_media,re_engagement,113150,2146,60,461.43,388180.62,841.2557,2.0
MC-01826,2024-01-07,DE,Cologne,Architect,mid,German,search,acquisition,25710,1889,57,13231.45,65374.52,4.9408,1.0
MC-02583,2024-01-07,GB,Bristol,Accountant,premium,English,influencer,acquisition,500000,13777,623,1879.36,2143967.79,1140.7968,5.0
MC-01908,2024-01-07,US,Houston,Product Manager,mid,English,social_media,awareness,369285,7515,313,3289.15,247391.38,75.2144,10.0
MC-02792,2024-01-07,BR,Salvador,Product Manager,mid,Portuguese,email,re_engagement,136205,3499,60,1150.25,51699.42,44.9462,10.0
MC-00511,2024-01-07,JP,Osaka,Software Engineer,budget,Japanese,social_media,acquisition,33560,604,27,685.8,4577.13,6.6741,9.0
MC-01766,2024-01-07,US,Chicago,Architect,mid,English,email,re_engagement,1000,36,2,892.16,1989.01,2.2294,7.0
MC-01768,2024-01-07,IN,Delhi,Teacher,mid,Hindi,social_media,retention,337010,6617,99,4442.34,65872.74,14.8284,5.0
MC-01994,2024-01-07,GB,Glasgow,Product Manager,premium,English,content_marketing,acquisition,42528,662,15,1055.13,64895.95,61.5052,1.0
MC-01807,2024-01-07,DE,Munich,Writer,mid,German,email,retention,36565,801,24,530.84,12443.63,23.4414,1.0
MC-02390,2024-01-07,MX,Monterrey,Product Manager,budget,Spanish,social_media,acquisition,151562,2431,179,661.9,30614.99,46.2532,1.0
MC-00794,2024-01-08,US,Seattle,Product Manager,mid,English,influencer,acquisition,57301,1854,147,5998.89,131297.23,21.8869,6.0
MC-00561,2024-01-08,BR,Fortaleza,Consultant,mid,Portuguese,search,acquisition,159558,11894,354,994.39,327251.03,329.0973,3.0
MC-02597,2024-01-08,ES,Valencia,Writer,premium,Spanish,display,retention,28140,292,20,2483.7,48176.81,19.3972,3.0
MC-02349,2024-01-08,IN,Delhi,Designer,budget,Hindi,email,re_engagement,201072,6166,387,1762.88,41118.27,23.3245,5.0
MC-01376,2024-01-08,US,Seattle,Marketing Manager,mid,English,social_media,awareness,119850,2437,178,445.55,158306.32,355.3054,1.0
MC-00364,2024-01-08,IN,Bangalore,Software Engineer,mid,Hindi,email,re_engagement,109058,2626,47,1104.98,46725.26,42.2861,8.0
MC-02324,2024-01-08,US,Chicago,Designer,premium,English,email,re_engagement,12770,322,4,1222.53,10916.26,8.9292,2.0
MC-02312,2024-01-08,US,Seattle,Lawyer,premium,English,influencer,acquisition,69024,1267,57,519.23,299582.01,576.9736,7.0
MC-00548,2024-01-08,ZA,Johannesburg,Designer,mid,Afrikaans,influencer,awareness,105697,2260,93,4504.67,44417.39,9.8603,1.0
MC-01183,2024-01-08,BR,Brasília,Lawyer,budget,Portuguese,display,re_engagement,252702,2177,161,2080.74,32215.72,15.4828,9.0
MC-00664,2024-01-08,IN,Delhi,Physician,mid,Hindi,content_marketing,awareness,15352,271,16,2629.05,19720.37,7.5009,5.0
MC-00339,2024-01-08,US,Phoenix,Physician,budget,English,social_media,re_engagement,476027,10324,430,159.22,85614.08,537.7093,8.0
MC-02754,2024-01-08,CA,Montreal,Product Manager,premium,English,search,acquisition,125413,8716,160,361.38,581630.36,1609.4703,1.0
MC-01428,2024-01-08,US,Houston,Marketing Manager,budget,English,email,retention,57833,1713,43,3530.72,6079.0,1.7217,1.0
MC-01567,2024-01-08,CA,Montreal,Writer,mid,English,social_media,awareness,500000,7167,296,2839.95,135189.39,47.6027,7.0
MC-02129,2024-01-08,ES,Valencia,Marketing Manager,mid,Spanish,social_media,retention,423402,9879,448,399.53,298543.92,747.2378,3.0
MC-00140,2024-01-08,GB,London,Sales Rep,budget,English,social_media,acquisition,98415,1879,39,3432.04,4160.45,1.2122,6.0
MC-00123,2024-01-08,GB,Leeds,Writer,budget,English,search,retention,166061,13274,353,161.5,31140.69,192.8216,3.0
MC-02938,2024-01-08,GB,Bristol,Sales Rep,mid,English,social_media,retention,135900,3234,171,400.89,106754.24,266.2931,2.0
MC-02896,2024-01-08,AU,Melbourne,Architect,budget,English,search,retention,61038,5426,271,5647.24,46273.26,8.194,3.0
MC-00098,2024-01-08,GB,London,Software Engineer,budget,English,email,retention,15958,471,35,9909.11,7153.83,0.7219,10.0
MC-01790,2024-01-08,BR,Brasília,HR Manager,budget,Portuguese,search,awareness,105060,7960,185,1145.09,19600.77,17.1172,2.0
MC-01624,2024-01-08,ES,Seville,Product Manager,mid,Spanish,email,re_engagement,24967,595,22,458.97,18310.11,39.8939,8.0
MC-01810,2024-01-08,IN,Kolkata,Architect,budget,Hindi,content_marketing,re_engagement,20040,314,17,1886.33,4047.69,2.1458,3.0
MC-02216,2024-01-08,DE,Cologne,Physician,mid,German,email,acquisition,42705,1196,89,280.95,117708.23,418.965,6.0
MC-02631,2024-01-08,DE,Berlin,Marketing Manager,budget,German,content_marketing,acquisition,11687,237,16,1502.93,1998.94,1.33,4.0
MC-00628,2024-01-08,IN,Mumbai,Product Manager,mid,Hindi,email,awareness,6329,229,9,11265.07,7695.15,0.6831,3.0
MC-01958,2024-01-08,US,Phoenix,Marketing Manager,premium,English,email,awareness,3171,102,4,876.6,16813.48,19.1803,4.0
MC-01991,2024-01-08,US,Los Angeles,Designer,premium,English,display,retention,85974,821,29,4013.85,70057.52,17.4539,3.0
MC-00869,2024-01-09,IN,Chennai,Writer,mid,Hindi,social_media,awareness,41080,1054,33,1000.38,18477.66,18.4706,3.0
MC-00086,2024-01-09,GB,Leeds,Writer,budget,English,search,awareness,60153,4750,52,1769.19,6408.6,3.6223,4.0
MC-00921,2024-01-09,US,New York,HR Manager,budget,English,search,acquisition,198801,19211,277,679.25,33333.62,49.0742,10.0
MC-02233,2024-01-09,DE,Frankfurt,Software Engineer,mid,German,influencer,acquisition,43196,1321,105,539.23,104502.03,193.7986,7.0
MC-02741,2024-01-09,BR,Brasília,Software Engineer,mid,Portuguese,search,re_engagement,397807,28046,1588,2122.27,1725867.65,813.2178,2.0
MC-01408,2024-01-09,GB,Manchester,Architect,mid,English,search,acquisition,67506,5629,334,8539.59,369004.81,43.2111,6.0
MC-00290,2024-01-09,DE,Berlin,Software Engineer,budget,German,social_media,retention,44655,1011,75,14998.85,16302.41,1.0869,6.0
MC-00413,2024-01-09,FR,Lyon,Lawyer,premium,French,social_media,acquisition,69027,1178,70,4069.81,416080.85,102.2359,8.0
MC-00894,2024-01-09,FR,Toulouse,Researcher,budget,French,content_marketing,re_engagement,55376,1272,20,3792.17,3069.35,0.8094,1.0
MC-01764,2024-01-09,FR,Lyon,Writer,premium,French,display,retention,48111,612,34,6526.24,76589.69,11.7357,3.0
MC-00294,2024-01-09,FR,Toulouse,Marketing Manager,premium,French,social_media,awareness,237355,6010,166,1257.45,720829.0,573.2466,3.0
MC-02286,2024-01-09,US,Seattle,Writer,budget,English,search,awareness,152307,12920,217,460.8,23204.93,50.3579,8.0
MC-00109,2024-01-09,US,San Francisco,Sales Rep,budget,English,search,acquisition,5416,468,31,1179.66,2821.36,2.3917,9.0
MC-00005,2024-01-09,US,Phoenix,Software Engineer,budget,English,social_media,retention,79937,2064,93,2638.81,19504.5,7.3914,4.0
MC-01236,2024-01-09,US,Los Angeles,Consultant,budget,English,influencer,acquisition,107838,3459,61,1151.11,7861.71,6.8297,8.0
MC-01707,2024-01-09,US,San Francisco,Product Manager,budget,English,influencer,acquisition,85552,1728,43,1090.65,5395.64,4.9472,1.0
MC-01251,2024-01-09,GB,London,Physician,mid,English,email,acquisition,5424,147,10,3218.7,9104.05,2.8285,2.0
MC-00188,2024-01-09,NL,Amsterdam,HR Manager,mid,Dutch,social_media,acquisition,117470,1688,55,939.26,27759.22,29.5544,5.0
MC-02882,2024-01-09,US,Houston,Accountant,mid,English,email,retention,26027,938,16,2663.47,11197.13,4.204,8.0
MC-01371,2024-01-09,US,San Francisco,Teacher,premium,English,email,acquisition,67908,2306,86,2434.68,262738.67,107.9151,5.0
MC-02147,2024-01-09,ES,Valencia,Architect,mid,Spanish,social_media,awareness,39635,917,70,3956.18,70897.42,17.9207,9.0
MC-02150,2024-01-09,US,Los Angeles,HR Manager,mid,English,content_marketing,acquisition,10633,239,6,284.29,3879.01,13.6446,10.0
MC-00350,2024-01-09,GB,Birmingham,Sales Rep,budget,English,influencer,acquisition,208560,5656,133,1673.36,12507.76,7.4746,7.0
MC-02157,2024-01-09,GB,Manchester,Designer,mid,English,social_media,awareness,180615,3245,190,408.58,109241.71,267.3692,6.0
MC-01297,2024-01-09,DE,Berlin,HR Manager,mid,German,search,awareness,101507,8837,514,307.38,286135.44,930.885,2.0
MC-01341,2024-01-09,US,Phoenix,HR Manager,mid,English,influencer,retention,21067,501,37,15449.45,21876.07,1.416,1.0
MC-00337,2024-01-09,FR,Bordeaux,Software Engineer,premium,French,social_media,awareness,33190,752,48,8045.84,236722.21,29.4217,10.0
MC-01642,2024-01-09,US,Seattle,Software Engineer,premium,English,email,awareness,28391,1009,60,514.34,302659.34,588.4422,5.0
MC-01427,2024-01-09,US,Chicago,Teacher,mid,English,display,acquisition,111285,937,39,8360.84,25547.33,3.0556,8.0
MC-00940,2024-01-09,US,San Francisco,Lawyer,budget,English,social_media,awareness,67295,1105,67,962.38,15402.89,16.005,1.0
MC-01170,2024-01-09,DE,Munich,Lawyer,premium,German,search,awareness,120495,11235,537,3834.33,2418836.46,630.8368,1.0
MC-02963,2024-01-09,FR,Nice,Designer,mid,French,social_media,acquisition,197252,4218,298,2125.9,175273.25,82.4466,10.0
MC-02983,2024-01-09,IL,Jerusalem,Consultant,budget,Hebrew,social_media,awareness,8265,143,8,297.92,1169.8,3.9266,7.0
MC-01456,2024-01-09,GB,Glasgow,Consultant,mid,English,influencer,acquisition,28398,665,8,8556.88,7620.75,0.8906,2.0
MC-01041,2024-01-09,DE,Munich,Writer,mid,German,search,acquisition,80380,7424,285,2901.57,142415.03,49.0821,2.0
MC-02463,2024-01-09,US,San Francisco,Product Manager,budget,English,content_marketing,awareness,45120,851,24,173.57,4143.57,23.8726,4.0
MC-02458,2024-01-09,IN,Mumbai,Designer,premium,Hindi,email,awareness,30443,793,23,764.14,68656.65,89.8483,4.0
MC-02514,2024-01-09,GB,Glasgow,Teacher,budget,English,email,acquisition,106197,3624,96,12919.24,8791.71,0.6805,2.0
MC-02035,2024-01-09,IN,Mumbai,Accountant,premium,Hindi,social_media,awareness,36530,682,28,475.59,123210.72,259.0692,1.0
MC-00845,2024-01-09,JP,Tokyo,Product Manager,premium,Japanese,social_media,retention,18085,426,11,1899.12,39168.25,20.6244,9.0
MC-02763,2024-01-09,CA,Calgary,Marketing Manager,budget,English,search,acquisition,53091,3132,51,5562.05,9136.27,1.6426,10.0
MC-00455,2024-01-09,ZA,Durban,Sales Rep,mid,Afrikaans,content_marketing,awareness,23783,475,35,34708.82,19562.91,0.5636,2.0
MC-02424,2024-01-09,US,Chicago,HR Manager,budget,English,social_media,awareness,79537,1689,118,2097.54,11022.82,5.2551,8.0
MC-03000,2024-01-09,IL,Haifa,Accountant,mid,Hebrew,social_media,acquisition,426000,8050,597,435.39,383230.14,880.1997,6.0
MC-02264,2024-01-09,NL,Eindhoven,Writer,budget,Dutch,email,retention,42542,948,22,972.87,2072.93,2.1307,2.0
MC-01133,2024-01-09,DE,Berlin,Writer,mid,German,display,awareness,500000,4626,59,2881.76,27445.72,9.5239,3.0
MC-01153,2024-01-09,DE,Hamburg,Accountant,premium,German,social_media,re_engagement,25622,413,13,1114.67,50881.3,45.647,6.0
MC-01836,2024-01-09,IL,Netanya,Accountant,budget,Hebrew,social_media,acquisition,500000,12696,760,1862.05,112158.88,60.2341,3.0
MC-00718,2024-01-09,IL,Beer Sheva,Sales Rep,mid,Hebrew,social_media,retention,30795,724,34,425.3,21816.97,51.2978,8.0
MC-02568,2024-01-09,US,Houston,Physician,mid,English,social_media,acquisition,30492,622,37,2025.24,35079.45,17.3211,8.0
MC-02064,2024-01-09,US,Houston,Architect,budget,English,search,awareness,55415,3493,162,857.42,31282.32,36.4842,10.0
MC-00155,2024-01-10,US,New York,Physician,premium,English,email,acquisition,166595,5249,414,2112.29,2342799.02,1109.1275,2.0
MC-02489,2024-01-10,DE,Stuttgart,Consultant,mid,German,search,acquisition,126011,7292,536,5198.76,380074.6,73.1087,10.0
MC-00865,2024-01-10,MX,Guadalajara,Designer,budget,Spanish,display,acquisition,33171,311,6,8867.62,576.75,0.065,8.0
MC-02022,2024-01-10,SG,Singapore,Data Scientist,budget,English,display,awareness,2631,29,1,7491.51,193.68,0.0259,7.0
MC-02483,2024-01-10,GB,Birmingham,Teacher,budget,English,social_media,retention,371857,7384,392,474.82,43684.24,92.0017,5.0
MC-00742,2024-01-10,US,Chicago,Accountant,premium,English,search,acquisition,15944,1067,83,1496.74,312595.83,208.8511,1.0
MC-01278,2024-01-10,SG,Singapore,Data Scientist,mid,English,social_media,awareness,313440,6192,78,6462.46,95783.11,14.8215,10.0
MC-00725,2024-01-10,IL,Tel Aviv,Product Manager,budget,Hebrew,email,acquisition,21744,827,22,169.37,3669.33,21.6646,3.0
MC-00583,2024-01-10,DE,Berlin,Product Manager,mid,German,email,acquisition,49294,1452,57,2198.5,38855.53,17.6737,10.0
MC-00161,2024-01-10,ZA,Port Elizabeth,Researcher,premium,Afrikaans,search,acquisition,34433,2984,227,1860.37,767764.33,412.6944,1.0
MC-00409,2024-01-10,FR,Paris,Marketing Manager,mid,French,social_media,acquisition,31967,597,8,1944.9,5695.75,2.9286,7.0
MC-00636,2024-01-10,US,Phoenix,HR Manager,budget,English,content_marketing,awareness,74198,1712,100,749.68,9940.47,13.2596,7.0
MC-01253,2024-01-10,US,San Francisco,Researcher,mid,English,email,awareness,3836,85,6,18110.0,4120.24,0.2275,2.0
MC-01252,2024-01-10,US,Houston,Architect,budget,English,email,awareness,21682,778,54,566.37,12355.2,21.8147,10.0
MC-02782,2024-01-10,ZA,Durban,Marketing Manager,premium,Afrikaans,display,awareness,44562,496,19,3870.34,88753.27,22.9316,7.0
MC-02119,2024-01-10,US,Seattle,Designer,mid,English,search,awareness,36724,3295,37,2934.6,17495.32,5.9617,1.0
MC-00129,2024-01-10,BR,Fortaleza,Marketing Manager,mid,Portuguese,search,acquisition,10624,810,25,2769.24,20485.71,7.3976,9.0
MC-00908,2024-01-10,NL,Eindhoven,Architect,budget,Dutch,social_media,acquisition,20992,355,24,13099.89,4786.14,0.3654,6.0
MC-00060,2024-01-10,US,Los Angeles,Marketing Manager,budget,English,social_media,retention,18692,339,18,4786.11,2866.9,0.599,5.0
MC-00733,2024-01-10,IN,Bangalore,Lawyer,budget,Hindi,social_media,retention,413302,8127,254,9105.26,58795.57,6.4573,4.0
MC-02416,2024-01-10,DE,Berlin,Product Manager,premium,German,social_media,re_engagement,79450,1372,78,271.38,270148.6,995.4625,8.0
MC-01122,2024-01-10,AU,Sydney,Teacher,budget,English,social_media,retention,70837,1004,42,1439.44,5068.05,3.5208,1.0
MC-00404,2024-01-10,ES,Madrid,Architect,mid,Spanish,content_marketing,retention,104700,1425,95,5507.34,122746.59,22.2878,5.0
MC-02659,2024-01-10,US,Phoenix,Physician,budget,English,social_media,awareness,24232,530,16,1735.07,3971.86,2.2892,3.0
MC-01936,2024-01-10,US,Seattle,Teacher,budget,English,email,retention,16730,366,25,2173.89,2680.01,1.2328,5.0
MC-01517,2024-01-10,DE,Stuttgart,Accountant,mid,German,search,acquisition,59285,4726,134,1735.65,127498.5,73.4586,3.0
MC-02210,2024-01-10,US,Chicago,Accountant,budget,English,display,retention,83985,724,27,4023.95,3994.4,0.9927,3.0
MC-01575,2024-01-10,SG,Singapore,Designer,budget,English,email,awareness,7200,252,17,2027.75,1678.97,0.828,8.0
MC-00258,2024-01-10,GB,Manchester,Product Manager,mid,English,content_marketing,awareness,38924,539,12,1776.05,10542.75,5.9361,10.0
MC-00608,2024-01-10,US,Chicago,Consultant,budget,English,content_marketing,acquisition,68093,1300,89,1262.93,14613.15,11.5708,4.0
MC-02217,2024-01-10,GB,Manchester,Sales Rep,mid,English,display,retention,33351,456,25,1596.6,11363.33,7.1172,1.0
MC-02191,2024-01-10,IN,Mumbai,Marketing Manager,budget,Hindi,email,awareness,3665,96,3,9053.97,364.4,0.0402,6.0
MC-01473,2024-01-10,IN,Chennai,HR Manager,mid,Hindi,search,re_engagement,32318,2592,129,1568.97,61860.05,39.4272,8.0
MC-02889,2024-01-10,SG,Singapore,Researcher,budget,English,social_media,acquisition,32442,542,41,1590.43,5154.95,3.2412,4.0
MC-00769,2024-01-10,IN,Chennai,Designer,premium,Hindi,search,re_engagement,123842,8875,690,3657.1,1829543.61,500.2717,1.0
MC-00240,2024-01-10,GB,London,Marketing Manager,budget,English,influencer,awareness,123859,2982,107,296.88,15027.56,50.6183,8.0
MC-00230,2024-01-10,FR,Lyon,Architect,mid,French,search,awareness,41597,2407,116,40330.29,134135.86,3.3259,7.0
MC-02864,2024-01-10,CA,Ottawa,Sales Rep,mid,English,email,acquisition,56530,1342,80,763.5,45088.55,59.0551,7.0
MC-02594,2024-01-11,US,Los Angeles,Consultant,mid,English,search,awareness,35937,3084,161,2373.73,138674.89,58.4207,3.0
MC-00392,2024-01-11,BR,Fortaleza,Data Scientist,budget,Portuguese,email,retention,2996,105,3,1580.16,555.87,0.3518,10.0
MC-02099,2024-01-11,IL,Haifa,Physician,budget,Hebrew,social_media,acquisition,235045,5298,322,883.44,59420.09,67.2599,3.0
MC-02579,2024-01-11,SG,Singapore,Teacher,premium,English,display,retention,29052,368,4,3106.46,12286.44,3.9551,5.0
MC-02421,2024-01-11,GB,Bristol,Designer,budget,English,email,acquisition,7627,201,15,6305.14,1631.04,0.2587,9.0
MC-01393,2024-01-11,FR,Bordeaux,Architect,mid,French,search,retention,17994,977,38,36398.59,42756.71,1.1747,9.0
MC-00389,2024-01-11,DE,Stuttgart,Data Scientist,budget,German,social_media,acquisition,146815,3637,238,2687.99,53090.48,19.751,2.0
MC-02875,2024-01-11,US,Seattle,Product Manager,premium,English,email,retention,44016,975,37,4697.8,120195.37,25.5855,9.0
MC-02805,2024-01-11,FR,Bordeaux,Physician,budget,French,display,acquisition,104646,1006,54,6250.73,12606.32,2.0168,9.0
MC-00619,2024-01-11,GB,Birmingham,Sales Rep,budget,English,email,acquisition,8344,188,6,4226.93,600.17,0.142,10.0
MC-01182,2024-01-11,US,Los Angeles,Writer,budget,English,social_media,awareness,147767,3302,221,1019.48,26724.73,26.2141,9.0
MC-00510,2024-01-11,US,Phoenix,Lawyer,mid,English,search,awareness,9959,674,17,587.38,16631.49,28.3147,8.0
MC-00973,2024-01-11,FR,Toulouse,Architect,budget,French,search,re_engagement,50473,3826,81,1476.9,18843.77,12.759,1.0
MC-02973,2024-01-11,IN,Chennai,Software Engineer,mid,Hindi,social_media,re_engagement,500000,8848,142,4315.96,180183.46,41.7482,6.0
MC-02866,2024-01-11,GB,Bristol,Data Scientist,mid,English,display,awareness,121014,1177,17,2427.92,18629.47,7.673,1.0
MC-00269,2024-01-11,JP,Osaka,HR Manager,mid,Japanese,search,retention,49912,4041,204,5885.29,94089.91,15.9873,5.0
MC-02890,2024-01-11,US,San Francisco,Sales Rep,budget,English,search,acquisition,9977,969,39,17529.62,4900.71,0.2796,8.0
MC-00218,2024-01-11,US,Seattle,Accountant,mid,English,email,acquisition,27320,758,13,2374.24,10534.86,4.4372,1.0
MC-01107,2024-01-11,BR,Fortaleza,Writer,premium,Portuguese,display,retention,194970,2230,70,1020.71,177338.39,173.7402,4.0
MC-02399,2024-01-11,BR,Salvador,Accountant,budget,Portuguese,email,retention,1841,70,3,7722.56,403.67,0.0523,1.0
MC-00473,2024-01-11,IN,Hyderabad,Product Manager,mid,Hindi,content_marketing,retention,89285,1829,71,1173.62,-454.0121986747157,-0.3868,3.0
MC-00209,2024-01-11,US,Houston,Product Manager,budget,English,search,retention,114724,8441,287,4147.04,50749.93,12.2376,1.0
MC-01765,2024-01-11,DE,Munich,Sales Rep,premium,German,content_marketing,acquisition,36866,670,46,19814.55,110661.25,5.5848,1.0
MC-00437,2024-01-11,GB,Glasgow,Architect,premium,English,email,acquisition,221869,6099,257,1381.26,1445993.42,1046.8655,2.0
MC-01887,2024-01-11,US,Chicago,Physician,budget,English,social_media,awareness,67135,1049,58,1030.04,14395.46,13.9756,1.0
MC-02781,2024-01-11,ZA,Johannesburg,Writer,mid,Afrikaans,email,retention,16479,583,24,509.37,10955.14,21.5072,9.0
MC-01415,2024-01-11,US,Chicago,Researcher,mid,English,influencer,retention,91535,1660,18,882.87,16312.99,18.4772,9.0
MC-01532,2024-01-11,GB,Bristol,Physician,premium,English,display,acquisition,110106,1673,99,4080.95,580329.3,142.2045,9.0
MC-01040,2024-01-11,IL,Netanya,Sales Rep,mid,Hebrew,email,retention,252423,7459,351,1937.27,190918.8,98.5504,4.0
MC-00099,2024-01-11,US,Chicago,Teacher,premium,English,email,awareness,3324,126,8,1992.6,24206.43,12.1482,4.0
MC-00525,2024-01-11,FR,Bordeaux,Software Engineer,budget,French,search,retention,252030,14511,190,3993.7,38840.26,9.7254,6.0
MC-02266,2024-01-11,US,San Francisco,Writer,budget,English,social_media,acquisition,500000,11050,311,3238.76,26165.54,8.0789,3.0
MC-00964,2024-01-11,US,Seattle,Designer,budget,English,content_marketing,acquisition,1392,18,0,9748.2,0.0,0.0,6.0
MC-02201,2024-01-11,US,Chicago,Product Manager,mid,English,search,acquisition,94885,6092,477,5337.09,416557.32,78.0495,9.0
MC-02513,2024-01-11,DE,Frankfurt,Marketing Manager,budget,German,social_media,acquisition,69950,1720,87,2280.14,12635.74,5.5417,10.0
MC-01275,2024-01-11,US,Chicago,Consultant,budget,English,social_media,awareness,38962,936,51,2430.25,6799.23,2.7977,5.0
MC-02005,2024-01-11,US,Chicago,HR Manager,budget,English,content_marketing,retention,638600,14716,759,1566.09,71134.11,45.4215,10.0
MC-01685,2024-01-11,ZA,Johannesburg,Data Scientist,budget,Afrikaans,display,acquisition,50727,651,51,526.72,11572.87,21.9716,3.0
MC-00805,2024-01-11,US,Houston,Designer,mid,English,social_media,acquisition,71562,1041,32,1264.59,21466.21,16.9748,6.0
MC-01350,2024-01-11,SG,Singapore,Software Engineer,budget,English,search,retention,55564,4514,198,2512.22,42066.39,16.7447,7.0
MC-00938,2024-01-11,IN,Hyderabad,Data Scientist,mid,Hindi,display,awareness,39150,333,15,1385.01,16661.33,12.0298,5.0
MC-01255,2024-01-11,SG,Singapore,Marketing Manager,mid,English,social_media,retention,28087,650,30,2170.54,27548.25,12.6919,10.0
MC-00362,2024-01-11,GB,Birmingham,Sales Rep,budget,English,social_media,acquisition,136850,3099,174,5927.32,21462.47,3.6209,2.0
MC-00363,2024-01-11,IN,Kolkata,Architect,mid,Hindi,email,awareness,27117,977,12,6293.96,13690.96,2.1753,5.0
MC-00815,2024-01-11,DE,Hamburg,Marketing Manager,budget,German,social_media,retention,27085,615,26,1789.16,4201.08,2.3481,9.0
MC-00009,2024-01-11,US,Houston,Researcher,mid,English,email,re_engagement,35464,1159,52,733.76,34291.87,46.7344,6.0
MC-00193,2024-01-11,IN,Delhi,Product Manager,premium,Hindi,email,awareness,9070,314,3,1140.08,12272.95,10.765,7.0
MC-01654,2024-01-12,US,Houston,Writer,mid,English,influencer,acquisition,23396,649,21,1487.02,12936.3,8.6995,2.0
MC-01602,2024-01-12,MX,Guadalajara,Software Engineer,premium,Spanish,display,awareness,28689,339,22,1950.4,122447.82,62.7809,9.0
MC-00963,2024-01-12,BR,Salvador,Writer,budget,Portuguese,social_media,acquisition,95040,1934,37,615.94,3216.33,5.2218,1.0
MC-00217,2024-01-12,GB,Manchester,Architect,mid,English,influencer,awareness,38390,783,22,675.46,26700.2,39.5289,3.0
MC-01769,2024-01-12,US,Los Angeles,Physician,premium,English,influencer,retention,134645,2839,209,5086.09,1295710.59,254.7557,10.0
MC-00671,2024-01-12,GB,Bristol,Lawyer,premium,English,search,acquisition,83064,5283,422,4976.44,2114716.66,424.9457,8.0
MC-02714,2024-01-12,BR,São Paulo,Teacher,budget,Portuguese,content_marketing,retention,60728,837,11,413.57,1141.3,2.7596,9.0
MC-00153,2024-01-12,GB,London,Consultant,mid,English,social_media,re_engagement,199815,2840,226,6337.38,214804.86,33.8949,6.0
MC-00050,2024-01-12,US,New York,Software Engineer,mid,English,content_marketing,awareness,446582,6317,347,3170.9,446640.0,140.8559,5.0
MC-01052,2024-01-12,IN,Delhi,Physician,budget,Hindi,content_marketing,retention,41292,790,14,1454.63,2813.37,1.9341,5.0
MC-01054,2024-01-12,DE,Cologne,HR Manager,premium,German,social_media,acquisition,146760,3490,159,6437.68,364239.31,56.5793,6.0
MC-00474,2024-01-12,DE,Stuttgart,Sales Rep,mid,German,search,awareness,122400,9303,250,2421.24,146719.16,60.5967,10.0
MC-02237,2024-01-12,US,San Francisco,HR Manager,budget,English,email,awareness,85908,2463,106,869.72,9591.22,11.0279,10.0
MC-00207,2024-01-12,US,San Francisco,Accountant,budget,English,content_marketing,retention,17744,286,12,4599.05,1559.29,0.339,6.0
MC-00059,2024-01-12,US,Seattle,Software Engineer,premium,English,social_media,acquisition,71977,1572,53,302.16,322065.24,1065.8765,1.0
MC-01511,2024-01-12,IN,Hyderabad,Software Engineer,mid,Hindi,search,retention,13112,1097,52,1064.56,47574.94,44.6898,4.0
MC-01551,2024-01-12,US,Seattle,Designer,mid,English,email,awareness,51940,1499,93,137.99,42017.16,304.4942,6.0
MC-02728,2024-01-12,GB,Birmingham,Researcher,mid,English,display,retention,366894,4288,167,3144.36,131376.89,41.7818,3.0
MC-00335,2024-01-12,GB,Manchester,Architect,mid,English,display,awareness,491802,4704,258,2485.44,336521.78,135.3973,10.0
MC-02059,2024-01-12,IN,Pune,Sales Rep,mid,Hindi,display,acquisition,50559,451,33,186.98,19963.48,106.768,10.0
MC-01105,2024-01-12,ES,Madrid,Sales Rep,premium,Spanish,social_media,re_engagement,476797,11895,304,1255.98,891882.15,710.1086,1.0
MC-01803,2024-01-12,US,Houston,Architect,premium,English,email,awareness,12033,354,25,1518.74,153277.54,100.9241,3.0
MC-02334,2024-01-12,US,Chicago,HR Manager,mid,English,email,awareness,18794,521,35,3398.07,17310.66,5.0943,4.0
MC-00341,2024-01-12,GB,Leeds,Consultant,mid,English,email,awareness,2055,55,1,4199.66,711.57,0.1694,2.0
MC-00918,2024-01-12,IN,Chennai,Product Manager,budget,Hindi,search,acquisition,1624,123,1,9958.32,142.41,0.0143,2.0
MC-02780,2024-01-12,US,Phoenix,Product Manager,mid,English,search,awareness,26339,1779,20,1086.55,19164.77,17.6382,10.0
MC-01117,2024-01-12,IN,Chennai,Product Manager,budget,Hindi,display,acquisition,42096,637,42,4750.97,5689.88,1.1976,5.0
MC-00679,2024-01-12,US,Houston,Product Manager,budget,English,email,acquisition,33118,808,58,1180.35,10106.96,8.5627,10.0
MC-00764,2024-01-12,US,Los Angeles,Sales Rep,mid,English,social_media,re_engagement,18797,475,29,4487.31,15440.18,3.4409,5.0
MC-00310,2024-01-12,US,Chicago,Architect,budget,English,influencer,acquisition,46150,1419,92,7384.06,17304.94,2.3436,8.0
MC-02013,2024-01-12,US,San Francisco,Writer,mid,English,email,awareness,21117,468,15,1831.29,9476.11,5.1746,1.0
MC-01189,2024-01-12,US,Seattle,Researcher,mid,English,social_media,awareness,111280,1736,31,219.64,22241.49,101.2634,1.0
MC-02102,2024-01-12,US,Houston,Product Manager,budget,English,display,retention,11694,133,4,446.76,678.74,1.5192,8.0
MC-00302,2024-01-12,GB,Bristol,Software Engineer,mid,English,email,acquisition,8114,284,19,2965.39,19828.43,6.6866,8.0
MC-00037,2024-01-12,IN,Pune,Accountant,mid,Hindi,email,awareness,3030,90,2,942.96,1768.5,1.8755,6.0
MC-02379,2024-01-12,US,Seattle,HR Manager,budget,English,email,awareness,94919,2605,181,386.29,16729.37,43.3078,7.0
MC-01003,2024-01-12,SG,Singapore,Data Scientist,premium,English,display,re_engagement,224400,3153,94,3564.86,615500.9,172.6578,9.0
MC-00231,2024-01-12,DE,Munich,Researcher,budget,German,social_media,acquisition,64380,944,29,2283.71,5048.0,2.2104,8.0
MC-01240,2024-01-12,IN,Pune,HR Manager,mid,Hindi,display,awareness,229731,3424,220,2622.07,102695.42,39.1658,1.0
MC-01674,2024-01-12,US,Chicago,Software Engineer,mid,English,display,acquisition,500000,7479,462,385.76,543086.72,1407.8358,10.0
MC-01368,2024-01-12,IN,Pune,Lawyer,mid,Hindi,social_media,awareness,297215,4703,205,1809.86,251435.93,138.9256,2.0
MC-00888,2024-01-12,SG,Singapore,Consultant,mid,English,social_media,re_engagement,66640,1648,85,2721.13,67192.06,24.6927,9.0
MC-00264,2024-01-13,FR,Paris,Architect,budget,French,social_media,acquisition,34407,706,13,8997.17,3154.74,0.3506,1.0
MC-02606,2024-01-13,IN,Chennai,Marketing Manager,mid,Hindi,search,awareness,7162,607,15,3351.26,11927.28,3.559,9.0
MC-02008,2024-01-13,IN,Mumbai,Data Scientist,mid,Hindi,social_media,awareness,10150,161,8,2813.13,10596.38,3.7668,7.0
MC-00462,2024-01-13,AU,Adelaide,Designer,mid,English,email,acquisition,50306,1581,77,13980.19,48624.45,3.4781,9.0
MC-00128,2024-01-13,US,Los Angeles,Product Manager,mid,English,social_media,awareness,84860,1424,98,768.03,93692.4,121.9905,5.0
MC-02891,2024-01-13,JP,Yokohama,Data Scientist,budget,Japanese,search,acquisition,4714,306,6,280.94,1029.17,3.6633,9.0
MC-02049,2024-01-13,US,San Francisco,Lawyer,premium,English,search,acquisition,14020,838,57,2593.07,379337.98,146.2891,8.0
MC-02184,2024-01-13,IN,Hyderabad,Data Scientist,budget,Hindi,search,retention,28480,2547,164,3588.31,30619.42,8.5331,7.0
MC-01151,2024-01-13,US,Houston,Physician,budget,English,social_media,acquisition,146030,3454,161,1236.62,31900.64,25.7966,10.0
MC-02477,2024-01-13,US,Phoenix,Marketing Manager,budget,English,search,acquisition,15005,791,31,1167.78,4828.71,4.1349,9.0
MC-02517,2024-01-13,US,San Francisco,Consultant,premium,English,display,acquisition,70224,988,44,1486.47,201250.89,135.3885,9.0
MC-00417,2024-01-13,IN,Bangalore,HR Manager,budget,Hindi,influencer,awareness,17676,316,6,1160.89,686.45,0.5913,4.0
MC-00806,2024-01-13,US,Phoenix,Architect,budget,English,social_media,awareness,248170,6270,125,219.36,29852.12,136.0873,8.0
MC-01165,2024-01-13,IN,Hyderabad,Physician,budget,Hindi,social_media,retention,44775,991,18,2430.74,3594.98,1.479,4.0
MC-01529,2024-01-13,US,New York,Product Manager,mid,English,content_marketing,acquisition,71138,921,33,2357.84,26528.15,11.251,4.0
MC-00261,2024-01-13,US,Seattle,Writer,budget,English,email,acquisition,24460,836,26,758.58,2938.42,3.8736,7.0
MC-00204,2024-01-13,IN,Mumbai,Designer,mid,Hindi,social_media,acquisition,24427,436,25,673.99,14863.58,22.0531,2.0
MC-01757,2024-01-13,DE,Hamburg,Accountant,mid,German,social_media,acquisition,338875,8689,139,3179.1,100189.24,31.515,7.0
MC-00545,2024-01-13,GB,Bristol,Writer,mid,English,social_media,retention,186975,3893,209,390.61,124024.96,317.5161,10.0
MC-00523,2024-01-14,US,Phoenix,Physician,mid,English,display,awareness,135129,1518,97,2442.91,111970.73,45.835,3.0
MC-01990,2024-01-14,US,San Francisco,Consultant,mid,English,influencer,retention,25673,637,35,1127.79,29912.79,26.5234,3.0
MC-00469,2024-01-14,GB,Birmingham,Data Scientist,premium,English,email,retention,7166,172,9,4876.31,44972.82,9.2227,9.0
MC-02526,2024-01-14,ES,Barcelona,Product Manager,premium,Spanish,social_media,acquisition,348017,8568,462,1785.63,1757423.09,984.2034,3.0
MC-01964,2024-01-14,US,Chicago,Software Engineer,budget,English,search,retention,12940,877,29,1582.23,5175.33,3.2709,10.0
MC-02683,2024-01-14,US,New York,Product Manager,mid,English,search,retention,64049,5809,454,3993.3,344835.43,86.3535,1.0
MC-00849,2024-01-14,US,Houston,Software Engineer,mid,English,social_media,awareness,500000,8166,646,2986.44,755161.64,252.8635,7.0
MC-00552,2024-01-14,IN,Mumbai,Teacher,budget,Hindi,social_media,re_engagement,84395,1930,60,1158.03,5650.25,4.8792,9.0
MC-01004,2024-01-14,US,Los Angeles,Product Manager,budget,English,email,acquisition,24673,756,15,4724.29,2397.38,0.5075,7.0
MC-01443,2024-01-14,NL,Utrecht,Lawyer,mid,Dutch,search,acquisition,75470,4412,109,743.38,142422.46,191.5877,10.0
MC-01915,2024-01-14,GB,Manchester,Physician,mid,English,social_media,awareness,319652,4480,242,601.81,265722.34,441.5386,5.0
MC-00985,2024-01-14,GB,Leeds,Architect,budget,English,email,awareness,36957,1071,27,12920.82,6467.15,0.5005,10.0
MC-02009,2024-01-14,BR,Salvador,HR Manager,mid,Portuguese,display,acquisition,67845,835,30,2615.03,19005.63,7.2678,4.0
MC-02376,2024-01-14,BR,Salvador,Accountant,budget,Portuguese,email,re_engagement,35683,1319,94,2732.68,15070.04,5.5147,9.0
MC-00195,2024-01-14,IN,Pune,Product Manager,premium,Hindi,social_media,retention,280192,4152,56,635.93,211677.33,332.8626,2.0
MC-01784,2024-01-14,IN,Hyderabad,Sales Rep,mid,Hindi,search,awareness,33955,2520,120,2901.65,63882.45,22.0159,6.0
MC-00376,2024-01-14,DE,Cologne,Researcher,mid,German,social_media,acquisition,21507,446,5,6199.06,3696.58,0.5963,10.0
MC-02903,2024-01-14,US,San Francisco,Consultant,premium,English,social_media,acquisition,21807,525,39,5151.17,143119.01,27.7838,8.0
MC-02953,2024-01-14,DE,Berlin,Data Scientist,budget,German,email,re_engagement,34904,823,35,352.16,6848.08,19.4459,6.0
MC-01154,2024-01-14,FR,Paris,Software Engineer,budget,French,social_media,awareness,380007,7989,316,1114.83,60929.71,54.6538,8.0
MC-02360,2024-01-14,IL,Beer Sheva,Designer,mid,Hebrew,search,awareness,180310,9825,692,2414.01,392449.48,162.5716,2.0
MC-00268,2024-01-14,CA,Calgary,Data Scientist,mid,English,influencer,awareness,500000,9174,290,602.31,377037.45,625.9857,5.0
MC-02951,2024-01-14,GB,Birmingham,Researcher,premium,English,email,retention,30102,1111,75,6842.65,255934.04,37.4028,4.0
MC-02383,2024-01-14,AU,Sydney,Researcher,budget,English,email,acquisition,500000,16049,930,1363.79,155452.23,113.9855,8.0
MC-02912,2024-01-14,US,Los Angeles,Sales Rep,mid,English,influencer,acquisition,269751,5966,343,864.96,157625.09,182.234,4.0
MC-00762,2024-01-14,GB,Birmingham,Accountant,mid,English,social_media,retention,87640,1708,34,1036.82,26346.22,25.4106,3.0
MC-02174,2024-01-14,US,New York,Architect,mid,English,search,acquisition,20600,1299,57,2023.4,60887.67,30.0918,5.0
MC-00091,2024-01-14,NL,The Hague,Lawyer,mid,Dutch,social_media,retention,10415,203,3,193.81,3762.0,19.4108,1.0
MC-01396,2024-01-15,DE,Berlin,Lawyer,mid,German,social_media,retention,126757,2415,149,5341.97,187452.08,35.0904,5.0
MC-02588,2024-01-15,US,San Francisco,Product Manager,budget,English,social_media,acquisition,34950,844,17,1078.53,2763.03,2.5618,10.0
MC-02110,2024-01-15,SG,Singapore,Software Engineer,premium,English,search,re_engagement,82018,5601,157,159.67,773713.42,4845.7031,5.0
MC-02989,2024-01-15,JP,Sapporo,Consultant,mid,Japanese,email,retention,25198,822,50,658.05,43277.42,65.7662,6.0
MC-00968,2024-01-15,US,Phoenix,Consultant,mid,English,social_media,acquisition,43010,612,6,3499.45,5253.16,1.5011,8.0
MC-00778,2024-01-15,US,Los Angeles,Software Engineer,mid,English,email,awareness,97624,2323,82,3476.57,74538.57,21.4403,7.0
MC-02810,2024-01-15,CA,Montreal,Consultant,mid,English,social_media,re_engagement,349777,6844,106,1363.09,90902.17,66.6883,4.0
MC-00266,2024-01-15,US,Chicago,Software Engineer,premium,English,social_media,acquisition,18225,358,5,399.02,25871.55,64.8377,3.0
MC-00954,2024-01-15,BR,Brasília,Lawyer,budget,Portuguese,social_media,re_engagement,28807,481,31,3329.26,5275.72,1.5847,3.0
MC-02881,2024-01-15,GB,Leeds,Marketing Manager,premium,English,email,acquisition,17976,622,41,2237.64,137578.96,61.484,2.0
MC-01519,2024-01-15,CA,Vancouver,Physician,premium,English,content_marketing,acquisition,77014,1215,18,1576.41,83033.03,52.6722,3.0
MC-00889,2024-01-15,MX,Guadalajara,Researcher,budget,Spanish,search,re_engagement,101213,5927,189,960.08,29399.27,30.6217,10.0
MC-00538,2024-01-15,IN,Chennai,Writer,premium,Hindi,social_media,acquisition,485625,8736,601,618.62,1769469.6,2860.3498,10.0
MC-00539,2024-01-15,US,New York,Marketing Manager,budget,English,social_media,awareness,229307,5243,293,176.48,49018.82,277.7585,2.0
MC-02521,2024-01-15,DE,Stuttgart,Physician,mid,German,search,awareness,140409,8245,259,1180.07,325351.98,275.7057,5.0
MC-00927,2024-01-15,IN,Mumbai,Teacher,mid,Hindi,social_media,awareness,58895,1488,56,3326.31,25544.77,7.6796,9.0
MC-01360,2024-01-15,CA,Calgary,Marketing Manager,premium,English,social_media,retention,157030,2277,101,324.51,453171.99,1396.4808,5.0
MC-00925,2024-01-15,US,New York,Physician,premium,English,display,acquisition,42213,413,12,2392.28,72926.2,30.484,2.0
MC-01298,2024-01-15,IN,Chennai,Writer,mid,Hindi,social_media,retention,59842,889,12,426.56,5658.92,13.2664,2.0
MC-01661,2024-01-15,BR,Salvador,Lawyer,mid,Portuguese,search,acquisition,10978,803,60,156.67,55243.14,352.6083,4.0
MC-02923,2024-01-15,CA,Toronto,Lawyer,premium,English,social_media,awareness,467647,6691,205,279.91,1273618.84,4550.1012,6.0
MC-02916,2024-01-15,IN,Hyderabad,Marketing Manager,mid,Hindi,influencer,awareness,98244,2953,74,758.52,55860.48,73.644,3.0
MC-00375,2024-01-15,FR,Toulouse,Writer,premium,French,email,awareness,94340,2942,229,4148.44,588410.59,141.839,9.0
MC-00703,2024-01-15,IN,Kolkata,Teacher,premium,Hindi,search,acquisition,208817,17372,892,272.62,2623182.01,9622.1187,4.0
MC-00029,2024-01-15,IN,Chennai,Writer,mid,Hindi,search,retention,37241,2049,161,1013.33,89261.1,88.0869,5.0
MC-00175,2024-01-15,IN,Chennai,Software Engineer,mid,Hindi,email,acquisition,8893,204,15,5723.27,13619.01,2.3796,9.0
MC-00089,2024-01-15,IN,Kolkata,Consultant,mid,Hindi,search,re_engagement,5046,391,6,12850.69,4721.55,0.3674,5.0
MC-02442,2024-01-15,IL,Tel Aviv,Writer,budget,Hebrew,influencer,acquisition,6069,185,8,6643.49,734.8,0.1106,4.0
MC-02209,2024-01-15,US,Chicago,Accountant,mid,English,display,awareness,500000,6983,200,264.98,190300.42,718.169,3.0
MC-01434,2024-01-15,GB,Birmingham,Data Scientist,mid,English,social_media,awareness,194802,5048,398,3902.47,527429.79,135.1528,2.0
MC-00442,2024-01-15,US,Phoenix,HR Manager,mid,English,search,awareness,47762,4328,319,463.55,182832.0,394.417,1.0
MC-00798,2024-01-15,AU,Sydney,Software Engineer,budget,English,email,retention,45717,1295,24,4091.26,4543.26,1.1105,7.0
MC-02957,2024-01-15,IN,Delhi,Accountant,mid,Hindi,social_media,acquisition,500000,9781,205,3046.44,175811.81,57.7106,2.0
MC-02771,2024-01-15,IL,Jerusalem,Teacher,mid,Hebrew,social_media,awareness,23297,479,11,4536.02,6019.33,1.327,8.0
MC-01904,2024-01-15,NL,Rotterdam,Writer,mid,Dutch,social_media,retention,181625,3708,208,1285.23,106133.21,82.5792,4.0
MC-01330,2024-01-15,MX,Guadalajara,Software Engineer,budget,Spanish,display,acquisition,287286,3062,243,6462.08,59528.06,9.2119,5.0
MC-01111,2024-01-15,GB,Manchester,Data Scientist,premium,English,social_media,acquisition,407900,10487,658,682.29,3602331.58,5279.7661,9.0
MC-02696,2024-01-15,US,Chicago,Data Scientist,budget,English,content_marketing,acquisition,4602,105,1,1564.44,193.49,0.1237,10.0
MC-01843,2024-01-15,US,New York,Teacher,budget,English,search,retention,31908,2649,102,2639.53,8886.15,3.3666,3.0
MC-01267,2024-01-16,DE,Munich,Researcher,budget,German,email,retention,1804,44,1,487.54,176.69,0.3624,10.0
MC-00352,2024-01-16,US,Chicago,Sales Rep,budget,English,social_media,acquisition,27122,429,26,309.36,3086.68,9.9776,1.0
MC-00851,2024-01-16,DE,Stuttgart,Writer,mid,German,search,acquisition,358972,29931,481,556.34,227798.03,409.4583,4.0
MC-01845,2024-01-16,GB,Bristol,Designer,mid,English,social_media,re_engagement,481180,12212,938,258.32,627668.65,2429.8105,5.0
MC-00454,2024-01-16,US,Los Angeles,Writer,premium,English,search,awareness,137592,7794,244,742.75,693271.22,933.3843,6.0
MC-01100,2024-01-16,ES,Madrid,Product Manager,premium,Spanish,email,acquisition,88965,2173,42,718.21,141306.75,196.7485,6.0
MC-01598,2024-01-16,US,San Francisco,Software Engineer,premium,English,influencer,acquisition,42724,755,19,2919.62,104678.94,35.8536,6.0
MC-01975,2024-01-16,IN,Kolkata,Sales Rep,budget,Hindi,email,acquisition,16979,625,16,293.64,1875.86,6.3883,7.0
MC-02317,2024-01-16,US,Seattle,Marketing Manager,budget,English,social_media,acquisition,66760,1529,49,1546.18,6131.35,3.9655,7.0
MC-02725,2024-01-16,IL,Tel Aviv,HR Manager,premium,Hebrew,influencer,acquisition,143863,4628,311,8216.39,850719.24,103.5393,7.0
MC-02341,2024-01-16,GB,Manchester,Consultant,premium,English,search,acquisition,27586,2645,112,538.55,434571.05,806.928,10.0
MC-00808,2024-01-16,IN,Bangalore,Designer,mid,Hindi,search,acquisition,11286,726,18,3217.84,9663.91,3.0032,1.0
MC-01124,2024-01-16,GB,Glasgow,Product Manager,mid,English,email,retention,1529,52,1,984.72,939.27,0.9538,6.0
MC-02186,2024-01-16,NL,Eindhoven,Teacher,budget,Dutch,email,retention,40158,1285,24,1046.65,2076.35,1.9838,5.0
MC-00272,2024-01-16,IN,Delhi,HR Manager,mid,Hindi,social_media,acquisition,71877,1215,81,2487.62,51907.37,20.8663,8.0
MC-01590,2024-01-16,NL,Eindhoven,Lawyer,premium,Dutch,social_media,awareness,4095,91,7,2992.68,34302.62,11.4622,7.0
MC-01470,2024-01-16,US,Phoenix,Marketing Manager,budget,English,content_marketing,retention,9825,204,2,135.89,259.11,1.9068,2.0
MC-01185,2024-01-16,ES,Seville,Architect,premium,Spanish,social_media,awareness,359125,6016,111,263.02,667832.42,2539.0937,6.0
MC-01184,2024-01-16,FR,Bordeaux,Researcher,mid,French,email,retention,29670,1038,47,1540.82,36023.26,23.3793,4.0
MC-01762,2024-01-16,FR,Marseille,Data Scientist,budget,French,search,acquisition,453281,31573,403,3128.23,79284.27,25.3448,9.0
MC-00587,2024-01-16,GB,Glasgow,Physician,mid,English,social_media,acquisition,30197,618,9,3209.22,12002.22,3.7399,5.0
MC-02944,2024-01-16,IL,Beer Sheva,Software Engineer,budget,Hebrew,email,retention,10549,266,11,247.8,1851.63,7.4723,6.0
MC-01016,2024-01-16,IN,Mumbai,Physician,mid,Hindi,search,acquisition,2378,159,4,1743.86,4475.77,2.5666,5.0
MC-02743,2024-01-16,AU,Adelaide,Teacher,mid,English,social_media,awareness,190177,3596,102,4694.23,59675.9,12.7126,2.0
MC-00115,2024-01-16,DE,Stuttgart,Sales Rep,budget,German,content_marketing,acquisition,77525,1347,84,20747.09,9627.36,0.464,3.0
MC-01912,2024-01-16,DE,Berlin,HR Manager,premium,German,influencer,acquisition,75918,1406,83,948.96,260186.73,274.1809,4.0
MC-01526,2024-01-16,IN,Mumbai,Designer,budget,Hindi,email,acquisition,25473,811,21,1254.76,2290.0,1.8251,5.0
MC-01944,2024-01-16,ZA,Cape Town,Accountant,budget,Afrikaans,social_media,acquisition,28737,555,42,219.07,7555.14,34.4873,7.0
MC-02548,2024-01-16,IN,Hyderabad,Researcher,premium,Hindi,search,retention,20404,1687,52,8382.31,209217.99,24.9595,9.0
MC-01544,2024-01-16,FR,Lyon,HR Manager,mid,French,social_media,acquisition,11970,219,5,8271.61,2317.62,0.2802,8.0
MC-00516,2024-01-16,CA,Vancouver,Lawyer,mid,English,search,acquisition,9893,657,29,809.72,33065.74,40.836,2.0
MC-01225,2024-01-16,US,Seattle,Data Scientist,budget,English,social_media,awareness,43617,911,70,588.66,15888.49,26.9909,8.0
MC-01896,2024-01-16,FR,Paris,Physician,mid,French,influencer,awareness,30886,643,25,1045.26,24471.19,23.4116,7.0
MC-02113,2024-01-16,CA,Vancouver,Architect,budget,English,search,acquisition,39509,2325,113,413.17,22534.15,54.5397,1.0
MC-02709,2024-01-16,US,New York,Researcher,mid,English,social_media,retention,113590,2142,127,6361.31,91425.26,14.3721,1.0
MC-01781,2024-01-16,GB,Manchester,Architect,mid,English,search,acquisition,115633,10919,756,1106.44,807379.53,729.7093,7.0
MC-00131,2024-01-16,DE,Cologne,Data Scientist,mid,German,social_media,acquisition,153152,2627,161,4490.79,144878.8,32.2613,5.0
MC-01164,2024-01-16,GB,Leeds,Teacher,budget,English,content_marketing,acquisition,34496,681,15,18617.7,1464.33,0.0787,5.0
MC-01239,2024-01-16,IN,Pune,Researcher,premium,Hindi,email,acquisition,3071,101,3,2575.07,13956.59,5.4199,1.0
MC-00196,2024-01-16,GB,Birmingham,HR Manager,mid,English,display,acquisition,284562,2964,179,1176.62,81035.06,68.8711,7.0
MC-00084,2024-01-16,AU,Perth,Teacher,budget,English,social_media,acquisition,269215,4736,65,5901.1,7749.59,1.3132,5.0
MC-00767,2024-01-17,FR,Bordeaux,Teacher,budget,French,search,retention,39857,3463,270,1119.22,31262.51,27.9324,4.0
MC-00589,2024-01-17,AU,Brisbane,Accountant,budget,English,email,retention,8412,245,19,19239.74,2677.19,0.1391,2.0
MC-00716,2024-01-17,SG,Singapore,Writer,mid,English,social_media,retention,17627,398,7,433.66,4314.42,9.9489,5.0
MC-00663,2024-01-17,ES,Bilbao,Consultant,mid,Spanish,search,retention,37454,3551,255,2155.33,169566.74,78.6732,4.0
MC-00899,2024-01-17,US,Seattle,Writer,mid,English,search,re_engagement,5369,411,29,550.33,18854.08,34.2596,4.0
MC-02398,2024-01-17,GB,Leeds,Physician,budget,English,social_media,acquisition,72910,1458,41,2452.73,9082.93,3.7032,5.0
MC-01472,2024-01-17,US,San Francisco,Sales Rep,budget,English,email,retention,16085,533,41,4839.22,4179.76,0.8637,4.0
MC-01196,2024-01-17,FR,Nice,Architect,mid,French,email,acquisition,95217,3084,124,1463.37,146913.85,100.3942,9.0
MC-02809,2024-01-17,US,San Francisco,Designer,budget,English,email,acquisition,7976,245,7,3965.09,812.68,0.205,5.0
MC-01697,2024-01-17,DE,Hamburg,Writer,mid,German,email,awareness,97585,2350,135,741.32,89086.92,120.1734,8.0
MC-01645,2024-01-17,US,Houston,Writer,budget,English,search,awareness,91040,6136,107,902.21,9843.06,10.9099,1.0
MC-01628,2024-01-17,GB,Birmingham,Architect,budget,English,search,retention,75366,5788,163,699.96,33332.55,47.6206,6.0
MC-02084,2024-01-17,US,Phoenix,Lawyer,mid,English,display,retention,500000,4405,107,3167.26,101723.32,32.1171,4.0
MC-01597,2024-01-17,DE,Hamburg,Lawyer,budget,German,content_marketing,acquisition,67833,955,24,785.56,5063.08,6.4452,6.0
MC-01337,2024-01-17,US,San Francisco,HR Manager,mid,English,social_media,re_engagement,500000,8476,188,1298.29,110616.21,85.2015,4.0
MC-02314,2024-01-17,IN,Bangalore,Writer,budget,Hindi,email,awareness,39567,1420,65,421.16,7093.06,16.8417,6.0
MC-01369,2024-01-17,US,San Francisco,HR Manager,premium,English,email,awareness,158142,5425,218,185.79,707922.49,3810.3369,3.0
MC-02224,2024-01-17,US,San Francisco,Researcher,budget,English,influencer,acquisition,363760,10956,211,955.62,30771.81,32.2009,8.0
MC-01405,2024-01-17,DE,Berlin,Data Scientist,budget,German,social_media,awareness,69875,1328,47,1032.95,9232.6,8.9381,5.0
MC-02282,2024-01-17,GB,Birmingham,Lawyer,mid,English,display,awareness,61038,768,46,1465.59,52609.6,35.8965,10.0
MC-00282,2024-01-17,US,Los Angeles,Designer,budget,English,email,awareness,7997,209,15,10299.23,1670.99,0.1622,8.0
MC-02204,2024-01-17,DE,Berlin,Researcher,premium,German,social_media,retention,419272,6751,466,5986.35,1894197.64,316.4195,6.0
MC-00456,2024-01-17,AU,Sydney,HR Manager,mid,English,influencer,acquisition,263109,7671,266,2083.32,142356.78,68.3317,5.0
MC-01463,2024-01-17,GB,Glasgow,Physician,budget,English,email,acquisition,21720,740,23,4050.15,5046.71,1.2461,7.0
MC-02078,2024-01-17,US,Phoenix,Writer,mid,English,display,awareness,168369,2353,96,2932.74,57348.6,19.5546,5.0
MC-02737,2024-01-17,IN,Hyderabad,Marketing Manager,mid,Hindi,display,retention,95532,1203,86,6559.05,63979.41,9.7544,7.0
MC-00036,2024-01-17,BR,Brasília,Writer,premium,Portuguese,social_media,acquisition,500000,9696,589,6185.68,1907086.96,308.3068,6.0
MC-00943,2024-01-17,US,New York,Teacher,mid,English,content_marketing,re_engagement,35349,608,41,1449.38,25878.17,17.8546,7.0
MC-02748,2024-01-17,JP,Yokohama,Physician,mid,Japanese,email,retention,1000,22,0,640.77,0.0,0.0,9.0
MC-02970,2024-01-17,AU,Perth,Consultant,mid,English,social_media,acquisition,443190,6974,510,1032.26,363707.93,352.3414,3.0
MC-00980,2024-01-17,IN,Bangalore,Researcher,premium,Hindi,search,acquisition,17238,1383,62,30292.64,236680.49,7.8131,8.0
MC-00553,2024-01-17,GB,Manchester,Lawyer,premium,English,search,acquisition,81631,6591,203,39570.66,1332490.95,33.6737,7.0
MC-01834,2024-01-17,CA,Montreal,Marketing Manager,budget,English,social_media,retention,56480,1019,57,3201.26,7305.83,2.2822,3.0
MC-01888,2024-01-17,BR,São Paulo,Sales Rep,mid,Portuguese,influencer,awareness,23835,743,41,831.09,27039.33,32.5348,2.0
MC-02640,2024-01-18,IN,Kolkata,Product Manager,premium,Hindi,search,acquisition,21543,1653,66,5946.36,299579.02,50.3802,7.0
MC-00682,2024-01-18,US,Los Angeles,HR Manager,premium,English,email,acquisition,6871,249,10,1598.34,26998.58,16.8916,3.0
MC-01947,2024-01-18,IN,Pune,HR Manager,budget,Hindi,email,retention,19373,632,15,754.38,1430.04,1.8956,7.0
MC-01512,2024-01-18,FR,Paris,Sales Rep,mid,French,social_media,awareness,500000,8632,279,1138.03,128734.01,113.12,4.0
MC-00026,2024-01-18,US,New York,Physician,budget,English,social_media,retention,162147,2707,215,364.7,42610.51,116.8372,9.0
MC-02246,2024-01-18,IN,Chennai,Product Manager,mid,Hindi,display,retention,39009,566,23,429.28,21234.07,49.4644,9.0
MC-00213,2024-01-18,AU,Perth,Software Engineer,budget,English,search,retention,76786,5475,312,2928.33,54021.56,18.4479,2.0
MC-01520,2024-01-18,US,San Francisco,Researcher,premium,English,email,retention,246167,8411,486,5245.51,2224919.19,424.1569,6.0
MC-01591,2024-01-18,US,Houston,Data Scientist,budget,English,display,acquisition,248796,2932,97,1122.69,18476.34,16.4572,9.0
MC-02898,2024-01-18,SG,Singapore,Sales Rep,mid,English,social_media,awareness,38555,733,50,1596.53,23909.14,14.9757,3.0
MC-02082,2024-01-18,IN,Kolkata,Physician,mid,Hindi,search,awareness,65503,3704,83,307.94,108487.38,352.3004,9.0
MC-01916,2024-01-18,IL,Haifa,Marketing Manager,budget,Hebrew,social_media,retention,500000,7185,385,1573.57,47593.18,30.2454,3.0
MC-01629,2024-01-18,US,Chicago,Product Manager,mid,English,email,acquisition,102572,3679,211,6547.21,200366.25,30.6033,10.0
MC-01644,2024-01-18,US,New York,Accountant,mid,English,social_media,acquisition,62390,1314,60,1776.34,50503.45,28.4312,8.0
MC-02131,2024-01-18,US,Houston,Physician,budget,English,search,re_engagement,53416,2845,137,2086.45,24617.21,11.7986,3.0
MC-00051,2024-01-18,NL,Eindhoven,Lawyer,mid,Dutch,social_media,acquisition,279427,5085,295,4832.21,311370.87,64.4365,7.0
MC-01868,2024-01-18,US,San Francisco,Accountant,mid,English,email,retention,5555,179,11,1988.58,10502.4,5.2814,1.0
MC-00112,2024-01-18,US,New York,Software Engineer,mid,English,email,awareness,47661,1791,118,4315.06,147615.25,34.2093,7.0
MC-01752,2024-01-18,FR,Bordeaux,Product Manager,mid,French,content_marketing,acquisition,364264,7010,203,1913.1,162795.69,85.0952,7.0
MC-02617,2024-01-18,DE,Cologne,Teacher,budget,German,social_media,awareness,149295,3817,68,142.97,6377.53,44.6075,3.0
MC-00199,2024-01-18,US,New York,Architect,mid,English,content_marketing,awareness,76166,1632,93,2094.41,88946.73,42.4686,4.0
MC-02124,2024-01-18,IN,Delhi,Lawyer,budget,Hindi,search,retention,130458,9403,751,1820.31,129382.91,71.0774,10.0
MC-00332,2024-01-18,US,Chicago,Marketing Manager,mid,English,social_media,retention,33257,743,36,7043.24,28677.15,4.0716,3.0
MC-00898,2024-01-18,DE,Frankfurt,Marketing Manager,mid,German,display,retention,102453,1541,24,1364.18,21134.22,15.4923,8.0
MC-01110,2024-01-18,FR,Bordeaux,Teacher,mid,French,search,awareness,70723,4039,188,1202.7,123653.14,102.813,5.0
MC-00436,2024-01-18,IN,Chennai,Data Scientist,mid,Hindi,social_media,retention,500000,11895,157,21253.5,184936.43,8.7015,5.0
MC-00419,2024-01-18,US,San Francisco,Consultant,budget,English,social_media,retention,35815,816,49,9234.66,8388.99,0.9084,6.0
MC-01450,2024-01-18,US,Seattle,Designer,mid,English,display,awareness,159777,1911,40,501.74,18964.88,37.7982,6.0
MC-02443,2024-01-18,IL,Haifa,HR Manager,budget,Hebrew,search,awareness,453348,39181,418,1096.58,41274.49,37.6393,6.0
MC-00852,2024-01-18,US,Houston,Lawyer,mid,English,social_media,acquisition,214155,3390,143,3256.07,138910.38,42.662,6.0
MC-01058,2024-01-18,JP,Tokyo,Consultant,budget,Japanese,email,retention,4422,117,7,3722.54,917.19,0.2464,8.0
MC-01233,2024-01-18,CA,Ottawa,Software Engineer,mid,English,email,retention,4195,91,5,3192.29,5246.98,1.6436,3.0
MC-01047,2024-01-18,US,San Francisco,Researcher,premium,English,email,awareness,15491,517,10,1443.78,38312.92,26.5365,1.0
MC-02478,2024-01-18,DE,Frankfurt,Data Scientist,mid,German,email,awareness,5705,159,1,2485.83,1045.32,0.4205,3.0
MC-02422,2024-01-18,FR,Bordeaux,Software Engineer,mid,French,search,re_engagement,500000,35739,2064,835.3,1979778.11,2370.1402,10.0
MC-00870,2024-01-18,DE,Hamburg,Lawyer,mid,German,email,retention,3797,132,7,1031.86,7569.07,7.3354,6.0
MC-00444,2024-01-18,GB,Birmingham,Teacher,mid,English,content_marketing,acquisition,29054,397,23,825.28,12483.2,15.126,1.0
MC-02328,2024-01-18,MX,Puebla,Sales Rep,mid,Spanish,email,acquisition,49958,1059,75,760.18,50062.87,65.8566,6.0
MC-00885,2024-01-18,ZA,Durban,Researcher,mid,Afrikaans,email,acquisition,2139,69,3,662.3,2065.23,3.1183,10.0
MC-02584,2024-01-18,BR,Fortaleza,Physician,mid,Portuguese,social_media,acquisition,45810,1061,34,2573.67,38590.1,14.9942,9.0
MC-02289,2024-01-18,GB,Leeds,HR Manager,mid,English,email,retention,31143,1132,47,4700.16,30486.22,6.4862,3.0
MC-02285,2024-01-18,US,Seattle,Product Manager,mid,English,search,acquisition,46210,2669,95,1512.85,87841.44,58.0635,3.0
MC-01445,2024-01-18,US,Seattle,Consultant,budget,English,email,acquisition,16372,370,26,1639.93,3920.26,2.3905,6.0
MC-01277,2024-01-18,DE,Munich,Accountant,budget,German,search,acquisition,83668,4832,289,1644.12,47744.54,29.0396,5.0
MC-00970,2024-01-19,US,Seattle,Marketing Manager,budget,English,search,acquisition,79364,5526,59,1372.58,8324.48,6.0648,6.0
MC-00855,2024-01-19,IN,Delhi,Data Scientist,budget,Hindi,email,retention,5001,171,6,4842.58,1419.99,0.2932,3.0
MC-00936,2024-01-19,US,San Francisco,Data Scientist,mid,English,social_media,awareness,30290,768,28,393.14,26994.51,68.6639,8.0
MC-01835,2024-01-19,GB,Manchester,Physician,mid,English,search,acquisition,11423,1085,21,9520.38,23140.04,2.4306,2.0
MC-01793,2024-01-19,US,Chicago,Sales Rep,budget,English,social_media,retention,102530,2332,41,4159.19,4814.94,1.1577,3.0
MC-02638,2024-01-19,BR,Fortaleza,Software Engineer,mid,Portuguese,email,awareness,22191,638,35,1157.18,40184.53,34.7263,3.0
MC-02520,2024-01-19,IN,Bangalore,Accountant,mid,Hindi,display,acquisition,153078,2048,80,1216.99,73947.17,60.7623,1.0
MC-01980,2024-01-19,ES,Seville,Researcher,mid,Spanish,display,retention,144471,2197,51,8633.47,34744.08,4.0243,2.0
MC-02498,2024-01-19,GB,Leeds,Marketing Manager,premium,English,search,retention,63036,4782,312,2098.55,1468572.47,699.8034,8.0
MC-01738,2024-01-19,US,Chicago,Lawyer,premium,English,social_media,retention,52180,1040,29,1473.32,178966.9,121.4718,6.0
MC-02094,2024-01-19,GB,Glasgow,HR Manager,budget,English,email,acquisition,19874,477,20,1392.01,1796.33,1.2905,3.0
MC-01435,2024-01-19,IN,Mumbai,Teacher,mid,Hindi,influencer,acquisition,7133,193,5,7094.38,2307.33,0.3252,7.0
MC-01509,2024-01-19,CA,Vancouver,Data Scientist,budget,English,social_media,acquisition,138125,3268,93,1058.43,16973.75,16.0367,8.0
MC-02278,2024-01-19,BR,Salvador,Software Engineer,mid,Portuguese,search,acquisition,20228,1158,60,2916.78,72818.33,24.9653,6.0
MC-01367,2024-01-19,FR,Lyon,Writer,budget,French,social_media,acquisition,227367,4690,91,1050.42,8849.25,8.4245,4.0
MC-02327,2024-01-19,IN,Hyderabad,Sales Rep,premium,Hindi,social_media,retention,150192,2436,41,698.03,94834.59,135.8603,9.0
MC-01301,2024-01-19,FR,Toulouse,Product Manager,premium,French,social_media,retention,94045,2294,67,1871.16,278083.15,148.6154,6.0
MC-01616,2024-01-19,US,Phoenix,HR Manager,mid,English,email,awareness,3941,111,5,159.16,2842.35,17.8584,4.0
MC-01763,2024-01-19,MX,Puebla,Teacher,budget,Spanish,search,awareness,49219,4184,263,5138.29,24784.93,4.8236,10.0
MC-01621,2024-01-19,US,Phoenix,Consultant,mid,English,social_media,retention,500000,11576,651,1337.55,540075.28,403.7795,2.0
MC-01237,2024-01-19,GB,Birmingham,Researcher,mid,English,display,acquisition,19227,266,15,535.51,12615.83,23.5585,3.0
MC-01235,2024-01-19,US,Seattle,Data Scientist,premium,English,email,acquisition,25158,760,10,1481.0,46271.79,31.2436,4.0
MC-01664,2024-01-19,US,Seattle,Designer,mid,English,social_media,awareness,51737,1181,92,218.17,51722.76,237.0755,10.0
MC-01231,2024-01-19,ZA,Durban,Consultant,budget,Afrikaans,content_marketing,awareness,4866,94,1,3250.5,159.92,0.0492,3.0
MC-01222,2024-01-19,US,Chicago,Marketing Manager,budget,English,social_media,acquisition,246472,4428,326,836.44,55343.05,66.165,8.0
MC-01180,2024-01-19,ES,Barcelona,Architect,budget,Spanish,search,acquisition,3888,343,6,5154.87,1470.5,0.2853,2.0
MC-00737,2024-01-19,US,New York,Physician,mid,English,display,awareness,132993,1357,15,12034.46,14059.98,1.1683,2.0
MC-01248,2024-01-19,US,Houston,Lawyer,budget,English,email,acquisition,8888,214,8,6622.68,1519.28,0.2294,4.0
MC-00791,2024-01-19,US,Phoenix,Lawyer,premium,English,social_media,retention,262595,4313,189,4152.19,1026937.25,247.3242,2.0
MC-00994,2024-01-19,GB,Bristol,Accountant,mid,English,influencer,acquisition,194266,4750,309,3328.67,215772.32,64.8224,2.0
MC-02876,2024-01-19,FR,Toulouse,Researcher,mid,French,search,awareness,193868,11905,530,1948.68,398727.93,204.6144,4.0
MC-00482,2024-01-19,BR,Salvador,Software Engineer,mid,Portuguese,email,retention,2331,75,1,287.82,1052.89,3.6582,5.0
MC-02785,2024-01-19,US,San Francisco,Marketing Manager,premium,English,display,acquisition,67434,629,38,24608.28,154933.1,6.296,10.0
MC-02845,2024-01-19,DE,Munich,HR Manager,mid,German,search,re_engagement,5462,415,8,923.57,4906.5,5.3125,3.0
MC-00536,2024-01-19,AU,Brisbane,Architect,budget,English,email,retention,33677,1206,32,855.6,7831.39,9.1531,7.0
MC-02932,2024-01-19,US,Seattle,Data Scientist,mid,English,social_media,re_engagement,319657,6656,342,885.77,392494.39,443.111,7.0
MC-02747,2024-01-19,US,Seattle,Teacher,budget,English,email,awareness,31426,860,23,1254.1,2672.62,2.1311,4.0
MC-00071,2024-01-19,US,Seattle,Lawyer,premium,English,search,acquisition,500000,47679,3443,1956.83,17711952.72,9051.3497,9.0
MC-02998,2024-01-19,IL,Jerusalem,HR Manager,mid,Hebrew,influencer,retention,142182,3234,219,1812.54,112922.65,62.3008,1.0
MC-01857,2024-01-20,DE,Cologne,Accountant,mid,German,display,awareness,22830,251,3,421.61,2608.25,6.1864,3.0
MC-01197,2024-01-20,US,Los Angeles,Sales Rep,mid,English,email,retention,22756,496,15,1394.33,9049.53,6.4902,2.0
MC-01097,2024-01-20,IN,Hyderabad,Physician,mid,Hindi,search,retention,34589,3159,227,31891.81,214093.04,6.7131,2.0
MC-02828,2024-01-20,US,New York,Writer,mid,English,email,retention,1672,48,3,1472.13,1654.16,1.1237,10.0
MC-01976,2024-01-20,DE,Munich,Product Manager,mid,German,influencer,retention,110932,1998,157,2112.87,120128.79,56.8557,4.0
MC-02942,2024-01-20,IN,Chennai,Physician,mid,Hindi,social_media,re_engagement,83550,1737,38,1518.86,43190.05,28.4358,10.0
MC-01437,2024-01-20,IL,Beer Sheva,Teacher,mid,Hebrew,email,acquisition,2783,84,1,11629.37,500.38,0.043,10.0
MC-01722,2024-01-20,IN,Delhi,Software Engineer,premium,Hindi,social_media,acquisition,6762,140,10,1549.5,65305.38,42.1461,4.0
MC-01179,2024-01-20,IN,Hyderabad,Sales Rep,budget,Hindi,display,re_engagement,68934,639,38,5031.58,4325.89,0.8597,3.0
MC-01941,2024-01-20,SG,Singapore,Software Engineer,budget,English,search,awareness,33657,2532,181,1196.9,44934.5,37.5424,5.0
MC-02465,2024-01-20,US,New York,Software Engineer,mid,English,email,re_engagement,3712,137,1,2250.03,972.21,0.4321,4.0
MC-02886,2024-01-20,US,New York,Sales Rep,mid,English,social_media,re_engagement,36610,937,73,334.87,40756.65,121.7089,1.0
MC-01811,2024-01-20,FR,Paris,Researcher,budget,French,email,re_engagement,1475,54,2,421.1,313.38,0.7442,4.0
MC-02831,2024-01-20,IN,Bangalore,Product Manager,mid,Hindi,display,awareness,303159,3573,90,5497.66,83863.66,15.2544,2.0
MC-02660,2024-01-21,CA,Ottawa,Physician,mid,English,search,awareness,38610,2410,96,7519.9,95648.52,12.7194,3.0
MC-00756,2024-01-21,GB,Manchester,Writer,budget,English,email,awareness,3650,105,2,2716.07,187.63,0.0691,8.0
MC-01668,2024-01-21,GB,Leeds,Accountant,premium,English,influencer,awareness,16954,302,21,672.84,90736.76,134.8564,2.0
MC-00163,2024-01-21,US,New York,Writer,budget,English,content_marketing,retention,56226,990,74,280.79,7142.52,25.4372,2.0
MC-02518,2024-01-21,US,New York,Researcher,mid,English,social_media,acquisition,500000,11809,359,7021.78,300477.92,42.7923,2.0
MC-02623,2024-01-21,IN,Bangalore,Researcher,mid,Hindi,search,acquisition,22291,1345,76,648.93,60259.35,92.8596,5.0
MC-01576,2024-01-21,US,Phoenix,Consultant,mid,English,search,acquisition,57709,4656,57,556.52,46260.93,83.1254,6.0
MC-01851,2024-01-21,US,Seattle,Writer,mid,English,search,re_engagement,19781,1142,91,2479.99,60957.26,24.5796,9.0
MC-00206,2024-01-21,DE,Frankfurt,Software Engineer,mid,German,email,awareness,8548,213,8,15688.62,10478.56,0.6679,9.0
MC-02751,2024-01-21,US,Phoenix,Designer,budget,English,search,acquisition,21234,1254,57,2809.06,6849.42,2.4383,10.0
MC-02708,2024-01-21,SG,Singapore,Teacher,mid,English,social_media,acquisition,68127,1332,80,4410.43,37184.05,8.4309,2.0
MC-01484,2024-01-21,US,Chicago,Physician,mid,English,email,awareness,129613,4504,171,477.8,220742.72,461.9982,1.0
MC-01891,2024-01-21,US,Los Angeles,Physician,mid,English,email,acquisition,99629,3716,181,1948.6,174408.6,89.5046,10.0
MC-00488,2024-01-21,CA,Ottawa,Software Engineer,budget,English,display,re_engagement,84792,872,55,21540.44,9946.0,0.4617,4.0
MC-01457,2024-01-21,US,Phoenix,HR Manager,budget,English,email,retention,13588,442,8,2769.22,694.67,0.2509,4.0
MC-01468,2024-01-21,IN,Chennai,Physician,mid,Hindi,social_media,awareness,216780,4607,134,2783.04,120378.5,43.2543,8.0
MC-00016,2024-01-21,BR,Fortaleza,Researcher,budget,Portuguese,social_media,acquisition,269992,5118,179,12235.68,23602.56,1.929,1.0
MC-02716,2024-01-21,US,New York,Data Scientist,budget,English,search,retention,7467,676,45,6261.06,10361.8,1.655,9.0
MC-00039,2024-01-21,US,San Francisco,Architect,mid,English,search,retention,41875,2883,170,1293.06,192887.97,149.1717,8.0
MC-01925,2024-01-21,FR,Nice,HR Manager,budget,French,search,acquisition,18667,1668,68,19300.4,7455.23,0.3863,5.0
MC-01657,2024-01-21,NL,Amsterdam,Writer,mid,Dutch,content_marketing,retention,1000,17,0,1522.14,0.0,0.0,8.0
MC-01742,2024-01-21,US,New York,Designer,budget,English,social_media,awareness,137982,3552,113,439.09,10549.3,24.0254,4.0
MC-00771,2024-01-22,MX,Guadalajara,Product Manager,mid,Spanish,social_media,acquisition,48682,1168,30,7102.16,23394.11,3.2939,3.0
MC-01814,2024-01-22,MX,Tijuana,Product Manager,budget,Spanish,influencer,acquisition,500000,12728,439,2103.89,61225.82,29.1012,5.0
MC-00074,2024-01-22,BR,Brasília,Sales Rep,mid,Portuguese,email,retention,18043,591,43,3312.99,28550.84,8.6178,5.0
MC-02120,2024-01-22,FR,Bordeaux,Consultant,mid,French,email,retention,500000,11595,443,936.53,306131.66,326.8786,6.0
MC-02608,2024-01-22,IN,Delhi,Physician,mid,Hindi,social_media,awareness,500000,8212,632,2037.37,814907.44,399.9801,3.0
MC-00753,2024-01-22,DE,Hamburg,Data Scientist,mid,German,email,retention,159416,5488,289,821.73,314249.08,382.4238,4.0
MC-00427,2024-01-22,US,New York,Accountant,premium,English,search,awareness,76141,6073,185,148.73,667616.28,4488.7802,7.0
MC-00255,2024-01-22,US,Los Angeles,Researcher,mid,English,social_media,acquisition,27195,564,13,3921.34,11450.02,2.9199,8.0
MC-02687,2024-01-22,US,New York,Data Scientist,budget,English,display,acquisition,310830,3992,184,4151.14,42720.43,10.2913,3.0
MC-02417,2024-01-22,US,Chicago,Teacher,budget,English,search,retention,27102,2619,174,2307.19,15160.21,6.5709,4.0
MC-01441,2024-01-22,US,Los Angeles,Data Scientist,budget,English,email,acquisition,106370,3779,296,1185.19,70021.86,59.0807,5.0
MC-00283,2024-01-22,US,Los Angeles,Researcher,budget,English,display,re_engagement,215364,3296,239,2160.8,30506.08,14.118,5.0
MC-00313,2024-01-22,IN,Pune,Product Manager,mid,Hindi,social_media,retention,296280,7063,491,842.22,434184.09,515.5234,5.0
MC-01555,2024-01-22,US,New York,Consultant,budget,English,influencer,acquisition,30823,566,33,5369.94,4389.64,0.8174,1.0
MC-02100,2024-01-22,NL,The Hague,Product Manager,mid,Dutch,social_media,re_engagement,26872,453,10,9927.8,7926.78,0.7984,5.0
MC-00556,2024-01-22,AU,Brisbane,Data Scientist,premium,English,email,acquisition,47127,1678,32,2252.96,195791.28,86.904,2.0
MC-00192,2024-01-22,US,Phoenix,Software Engineer,mid,English,display,retention,42873,604,29,4767.61,35294.15,7.4029,3.0
MC-02482,2024-01-22,US,Los Angeles,Data Scientist,budget,English,social_media,acquisition,171705,3031,116,1512.97,24590.11,16.2529,3.0
MC-01091,2024-01-22,US,Seattle,Sales Rep,budget,English,display,acquisition,122571,1427,49,1424.92,5761.97,4.0437,5.0
MC-02382,2024-01-22,BR,São Paulo,HR Manager,budget,Portuguese,email,awareness,10771,301,15,2311.21,1321.24,0.5717,3.0
MC-00644,2024-01-22,US,Los Angeles,Accountant,budget,English,social_media,acquisition,34497,683,13,3475.3,1923.51,0.5535,6.0
MC-00693,2024-01-22,US,Chicago,Lawyer,mid,English,search,acquisition,10541,770,37,5493.07,34999.54,6.3716,3.0
MC-00701,2024-01-22,NL,Eindhoven,Designer,mid,Dutch,email,acquisition,24310,882,20,50000.0,12506.87,0.2501,8.0
MC-00828,2024-01-22,GB,London,Accountant,budget,English,display,acquisition,40011,458,16,2376.57,2195.94,0.924,4.0
MC-00654,2024-01-22,US,Seattle,Architect,budget,English,social_media,acquisition,500000,9957,753,348.25,128567.07,369.1804,7.0
MC-02630,2024-01-22,GB,Leeds,Software Engineer,mid,English,influencer,retention,36266,670,31,686.24,39444.6,57.4793,6.0
MC-02515,2024-01-22,US,Phoenix,Software Engineer,budget,English,display,retention,500000,7649,497,5168.79,123246.19,23.8443,4.0
MC-02986,2024-01-22,GB,London,Marketing Manager,budget,English,social_media,acquisition,43257,777,14,2680.1,1924.12,0.7179,2.0
MC-00243,2024-01-22,ES,Valencia,Physician,mid,Spanish,influencer,retention,17663,558,22,3635.33,26158.01,7.1955,8.0
MC-01605,2024-01-22,BR,Salvador,Physician,mid,Portuguese,search,retention,25467,1937,40,1111.4,38674.71,34.7982,3.0
MC-01547,2024-01-22,ZA,Cape Town,HR Manager,budget,Afrikaans,display,awareness,95757,898,18,554.85,1533.75,2.7643,6.0
MC-02353,2024-01-22,IN,Pune,Data Scientist,budget,Hindi,email,re_engagement,12915,344,19,699.11,3780.0,5.4069,4.0
MC-01984,2024-01-22,US,Phoenix,Researcher,premium,English,social_media,re_engagement,25920,648,42,1594.97,154509.15,96.8728,2.0
MC-02847,2024-01-22,MX,Monterrey,Software Engineer,mid,Spanish,social_media,retention,170912,4430,205,7534.4,242978.51,32.2492,7.0
MC-01686,2024-01-22,GB,London,Teacher,mid,English,search,retention,5891,567,10,21413.94,6513.99,0.3042,8.0
MC-01542,2024-01-22,US,New York,Teacher,budget,English,search,awareness,21027,1328,40,934.25,4758.63,5.0935,4.0
MC-00416,2024-01-22,US,Los Angeles,Accountant,premium,English,social_media,re_engagement,25452,549,14,2916.79,56227.31,19.2771,9.0
MC-00562,2024-01-23,FR,Paris,Lawyer,budget,French,content_marketing,acquisition,474964,6361,89,589.15,16617.34,28.2056,7.0
MC-00893,2024-01-23,FR,Toulouse,HR Manager,budget,French,social_media,acquisition,67605,1162,40,5092.84,4861.15,0.9545,9.0
MC-02939,2024-01-23,IN,Kolkata,Writer,premium,Hindi,search,acquisition,24938,1974,110,5347.09,290168.91,54.2667,7.0
MC-00971,2024-01-23,JP,Nagoya,Data Scientist,mid,Japanese,search,acquisition,885800,59921,2262,817.12,2773245.03,3393.9263,6.0
MC-00952,2024-01-23,JP,Osaka,Marketing Manager,premium,Japanese,social_media,acquisition,11285,169,3,5749.33,10660.36,1.8542,9.0
MC-02374,2024-01-23,IN,Pune,Designer,budget,Hindi,social_media,awareness,150110,2805,112,1989.18,10412.88,5.2348,3.0
MC-01939,2024-01-23,IN,Hyderabad,Teacher,budget,Hindi,search,acquisition,26559,1820,109,1693.26,10056.5,5.9391,9.0
MC-00953,2024-01-23,MX,Mexico City,Data Scientist,budget,Spanish,influencer,acquisition,64206,1148,61,1786.74,13892.82,7.7755,5.0
MC-02024,2024-01-23,IN,Bangalore,Physician,mid,Hindi,content_marketing,acquisition,54147,900,39,1393.96,36491.32,26.1782,4.0
MC-00830,2024-01-23,IN,Mumbai,Researcher,budget,Hindi,search,retention,72747,6535,447,2344.25,56846.57,24.2494,3.0
MC-01611,2024-01-23,NL,The Hague,Researcher,mid,Dutch,social_media,retention,407280,7352,339,516.63,221809.44,429.3391,5.0
MC-02806,2024-01-23,BR,São Paulo,Accountant,mid,Portuguese,social_media,acquisition,105520,2016,114,316.8,94625.31,298.691,9.0
MC-00781,2024-01-23,US,Houston,Teacher,mid,English,social_media,acquisition,13077,201,10,4843.79,6217.16,1.2835,7.0
MC-02874,2024-01-23,US,San Francisco,Teacher,budget,English,influencer,acquisition,500000,9658,661,357.88,77170.27,215.6317,1.0
MC-00254,2024-01-23,FR,Paris,HR Manager,budget,French,email,acquisition,151726,5450,148,654.18,16674.24,25.4888,10.0
MC-01741,2024-01-23,US,San Francisco,Marketing Manager,mid,English,email,awareness,4712,168,11,291.51,7425.54,25.4727,1.0
MC-00727,2024-01-23,JP,Osaka,Data Scientist,premium,Japanese,social_media,acquisition,7870,194,11,556.72,62915.17,113.0104,7.0
MC-01653,2024-01-23,US,Chicago,Accountant,budget,English,search,retention,1307,102,5,1993.33,701.42,0.3519,1.0
MC-00926,2024-01-23,IN,Bangalore,Researcher,mid,Hindi,email,re_engagement,17607,471,32,5343.26,22142.95,4.1441,2.0
MC-02226,2024-01-23,DE,Munich,Consultant,premium,German,email,acquisition,11833,453,8,1467.28,36034.69,24.5588,6.0
MC-01639,2024-01-23,US,Houston,Product Manager,premium,English,search,retention,37873,2083,165,146.83,693248.44,4721.4359,6.0
MC-02244,2024-01-23,US,Chicago,Product Manager,budget,English,influencer,awareness,60517,1921,39,695.17,6661.85,9.5831,5.0
MC-02544,2024-01-23,IN,Hyderabad,Teacher,premium,Hindi,search,acquisition,41065,2483,63,2233.13,186289.81,83.4209,9.0
MC-01859,2024-01-23,US,Chicago,Teacher,mid,English,display,retention,500000,4480,296,711.38,181263.22,254.8051,3.0
MC-02844,2024-01-23,IN,Mumbai,Physician,mid,Hindi,search,awareness,53125,4184,239,1763.83,302206.56,171.3354,10.0
MC-02959,2024-01-23,IN,Kolkata,Researcher,mid,Hindi,email,acquisition,3595,126,9,1579.74,7823.22,4.9522,4.0
MC-02917,2024-01-23,AU,Melbourne,Architect,budget,English,email,re_engagement,7520,161,4,5954.25,947.28,0.1591,1.0
MC-02712,2024-01-23,IN,Bangalore,Consultant,mid,Hindi,email,acquisition,31524,833,55,284.27,40165.82,141.2946,8.0
MC-01693,2024-01-23,BR,Fortaleza,Sales Rep,budget,Portuguese,email,acquisition,20439,527,6,442.18,722.53,1.634,9.0
MC-00909,2024-01-23,IN,Chennai,Architect,premium,Hindi,social_media,re_engagement,237362,3881,288,317.31,1692986.55,5335.434,7.0
MC-02689,2024-01-23,CA,Vancouver,Lawyer,premium,English,search,retention,19360,1262,65,3278.95,392803.38,119.7955,9.0
MC-02406,2024-01-23,BR,Brasília,Writer,budget,Portuguese,influencer,re_engagement,75452,1401,104,908.32,10539.12,11.6029,7.0
MC-01785,2024-01-23,JP,Nagoya,Physician,mid,Japanese,influencer,acquisition,112150,3449,36,2965.08,35928.5,12.1172,7.0
MC-02713,2024-01-23,ZA,Cape Town,Physician,mid,Afrikaans,email,acquisition,12221,271,21,4714.81,23837.76,5.0559,8.0
MC-00173,2024-01-23,BR,Fortaleza,Consultant,mid,Portuguese,display,acquisition,166965,2135,22,3169.36,20261.66,6.393,5.0
MC-01081,2024-01-23,GB,Manchester,Teacher,mid,English,email,acquisition,8537,258,17,2020.52,9837.45,4.8688,9.0
MC-00348,2024-01-23,IN,Kolkata,Writer,budget,Hindi,search,acquisition,7340,444,8,1586.37,826.72,0.5211,7.0
MC-00284,2024-01-23,US,Houston,Software Engineer,mid,English,influencer,retention,113911,2549,128,622.04,168727.87,271.2492,3.0
MC-02664,2024-01-23,US,New York,Marketing Manager,premium,English,content_marketing,re_engagement,26809,508,30,1742.02,119145.6,68.3951,1.0
MC-00946,2024-01-23,NL,Rotterdam,Lawyer,mid,Dutch,display,acquisition,22932,215,6,629.67,6703.73,10.6464,4.0
MC-01063,2024-01-23,US,Phoenix,Researcher,premium,English,social_media,acquisition,49960,818,20,2520.95,72344.03,28.6971,2.0
MC-01050,2024-01-23,BR,São Paulo,Lawyer,mid,Portuguese,email,acquisition,42668,1257,66,1007.21,64802.87,64.339,9.0
MC-01987,2024-01-24,IN,Hyderabad,Researcher,premium,Hindi,social_media,acquisition,276747,6611,454,320.06,1651676.33,5160.5209,8.0
MC-01651,2024-01-24,SG,Singapore,Marketing Manager,budget,English,email,acquisition,101460,2777,212,228.15,34216.39,149.9732,4.0
MC-02162,2024-01-24,MX,Guadalajara,Teacher,mid,Spanish,email,acquisition,155305,5444,99,3224.74,59628.57,18.491,8.0
MC-02172,2024-01-24,IN,Mumbai,Physician,budget,Hindi,display,re_engagement,88005,877,24,308.8,5591.39,18.1068,4.0
MC-02199,2024-01-24,CA,Ottawa,Architect,budget,English,content_marketing,acquisition,15379,200,11,563.51,2653.13,4.7082,2.0
MC-01584,2024-01-24,ZA,Cape Town,Physician,budget,Afrikaans,social_media,re_engagement,500000,8403,362,1876.05,65757.93,35.0513,7.0
MC-02179,2024-01-24,FR,Paris,HR Manager,budget,French,display,awareness,429699,6230,413,3700.61,37670.5,10.1795,5.0
MC-01608,2024-01-24,US,Chicago,Architect,budget,English,email,re_engagement,10701,284,18,3957.16,3516.37,0.8886,6.0
MC-01600,2024-01-24,GB,London,Consultant,budget,English,social_media,retention,14660,205,2,2177.72,269.44,0.1237,1.0
MC-02189,2024-01-24,ES,Barcelona,Lawyer,mid,Spanish,display,awareness,66576,767,39,1687.31,44654.35,26.4648,3.0
MC-02558,2024-01-24,GB,Bristol,Lawyer,budget,English,social_media,acquisition,20622,403,5,835.86,1033.25,1.2362,6.0
MC-00146,2024-01-24,IN,Mumbai,Sales Rep,budget,Hindi,search,acquisition,187653,16868,620,2277.74,76560.6,33.6125,1.0
MC-00751,2024-01-24,US,Seattle,Writer,mid,English,social_media,acquisition,176690,2474,55,178.87,25078.2,140.2035,5.0
MC-02062,2024-01-24,US,New York,Teacher,premium,English,search,awareness,104691,8902,213,2194.45,567575.57,258.6414,3.0
MC-01209,2024-01-24,DE,Munich,Researcher,budget,German,social_media,re_engagement,190915,3979,107,698.15,15837.42,22.6848,1.0
MC-02367,2024-01-24,DE,Berlin,Product Manager,budget,German,social_media,acquisition,233400,5380,407,2487.71,55054.6,22.1306,10.0
MC-01246,2024-01-24,US,Los Angeles,HR Manager,mid,English,email,re_engagement,1682,42,1,2218.5,532.99,0.2402,10.0
MC-00941,2024-01-24,US,San Francisco,Product Manager,budget,English,search,acquisition,5583,451,5,8695.61,610.41,0.0702,6.0
MC-01173,2024-01-24,ZA,Durban,Sales Rep,premium,Afrikaans,email,awareness,58675,1329,31,2451.78,89777.94,36.6175,7.0
MC-01877,2024-01-24,US,Phoenix,Researcher,mid,English,email,acquisition,108863,2609,160,2903.23,108856.08,37.4948,10.0
MC-01304,2024-01-24,GB,Birmingham,Architect,budget,English,social_media,re_engagement,500000,9767,581,1812.0,103156.88,56.9298,10.0
MC-01860,2024-01-24,US,New York,Designer,premium,English,content_marketing,acquisition,24440,445,11,1298.53,25676.85,19.7738,10.0
MC-02325,2024-01-24,US,Seattle,Marketing Manager,budget,English,social_media,awareness,15805,352,6,2134.07,991.45,0.4646,4.0
MC-02965,2024-01-24,BR,Salvador,Designer,budget,Portuguese,search,acquisition,4166,350,12,3584.53,1496.94,0.4176,6.0
MC-02779,2024-01-24,BR,Salvador,Researcher,mid,Portuguese,display,acquisition,206823,2249,69,626.56,46090.68,73.5615,8.0
MC-02069,2024-01-24,US,Seattle,HR Manager,premium,English,display,retention,114024,1065,68,416.92,167252.14,401.1612,2.0
MC-02397,2024-01-24,GB,Birmingham,Teacher,premium,English,content_marketing,acquisition,9066,180,8,5357.28,26658.98,4.9762,1.0
MC-00190,2024-01-24,US,Phoenix,Architect,budget,English,social_media,awareness,202190,4606,58,475.52,10658.76,22.415,8.0
MC-00902,2024-01-24,IL,Netanya,Marketing Manager,budget,Hebrew,social_media,acquisition,190907,3185,159,1908.47,22898.73,11.9985,8.0
MC-02247,2024-01-24,FR,Toulouse,Software Engineer,mid,French,content_marketing,awareness,9157,194,6,768.73,5893.61,7.6667,6.0
MC-02117,2024-01-24,IN,Chennai,Teacher,mid,Hindi,email,retention,23928,696,13,1165.55,8046.26,6.9034,2.0
MC-00309,2024-01-24,IN,Delhi,Accountant,premium,Hindi,social_media,awareness,500000,12282,692,2255.2,2316993.65,1027.4005,4.0
MC-01094,2024-01-24,US,Phoenix,Data Scientist,premium,English,social_media,acquisition,39122,809,19,1417.49,118067.69,83.2935,7.0
MC-01734,2024-01-24,US,Seattle,Software Engineer,mid,English,social_media,retention,8992,170,13,4297.99,15725.52,3.6588,3.0
MC-02086,2024-01-24,DE,Hamburg,Architect,premium,German,content_marketing,awareness,18576,305,17,2962.87,76892.19,25.9519,5.0
MC-01783,2024-01-24,ES,Barcelona,Architect,premium,Spanish,search,acquisition,34845,2289,113,310.03,584677.51,1885.874,3.0
MC-00103,2024-01-24,JP,Nagoya,Teacher,mid,Japanese,display,awareness,241191,2770,70,1150.93,41062.15,35.6774,9.0
MC-01550,2024-01-25,US,Phoenix,Software Engineer,mid,English,email,acquisition,112983,3635,83,1472.38,77656.33,52.742,8.0
MC-00897,2024-01-25,GB,London,Consultant,mid,English,social_media,awareness,151635,3598,185,791.39,167230.88,211.3129,1.0
MC-02838,2024-01-25,FR,Marseille,Writer,budget,French,display,awareness,195666,2525,124,523.6,14306.13,27.3226,1.0
MC-01530,2024-01-25,IN,Pune,Accountant,budget,Hindi,social_media,acquisition,17697,313,15,2932.95,2475.65,0.8441,10.0
MC-00445,2024-01-25,NL,Utrecht,Accountant,mid,Dutch,search,retention,43459,3028,61,2429.47,55588.07,22.8807,6.0
MC-00514,2024-01-25,ZA,Port Elizabeth,Data Scientist,mid,Afrikaans,search,acquisition,351892,19105,1175,2373.59,1236358.31,520.8812,6.0
MC-02735,2024-01-25,US,New York,Researcher,premium,English,search,re_engagement,26015,2013,109,259.19,375930.45,1450.4049,2.0
MC-01329,2024-01-25,SG,Singapore,Researcher,budget,English,content_marketing,acquisition,191331,4213,177,10996.19,29191.11,2.6547,3.0
MC-00372,2024-01-25,US,San Francisco,Consultant,mid,English,search,awareness,80188,5338,56,4476.66,40599.91,9.0692,2.0
MC-01215,2024-01-25,IN,Bangalore,Accountant,mid,Hindi,social_media,retention,329975,6382,453,4847.25,327259.37,67.5144,4.0
MC-02877,2024-01-25,IN,Bangalore,Product Manager,premium,Hindi,email,acquisition,133109,3327,45,3325.71,210919.97,63.421,3.0
MC-02505,2024-01-25,NL,Rotterdam,Lawyer,mid,Dutch,search,acquisition,43120,3600,235,1849.96,243088.92,131.4023,6.0
MC-01516,2024-01-25,GB,London,Designer,mid,English,email,retention,19384,680,44,453.24,26534.16,58.5433,2.0
MC-00820,2024-01-25,SG,Singapore,Physician,budget,English,social_media,awareness,335867,7744,330,1976.67,75986.12,38.4415,2.0
MC-00108,2024-01-25,IN,Pune,Consultant,mid,Hindi,social_media,awareness,148467,3159,40,2234.33,25839.42,11.5647,4.0
MC-02459,2024-01-25,US,Chicago,Physician,premium,English,social_media,acquisition,500000,9737,264,911.28,1274988.83,1399.1186,5.0
MC-01053,2024-01-25,IN,Delhi,Researcher,budget,Hindi,social_media,awareness,368975,9565,679,3335.01,121793.33,36.5196,10.0
MC-01119,2024-01-25,GB,London,HR Manager,mid,English,content_marketing,awareness,3756,84,4,1919.61,1886.57,0.9828,5.0
MC-00475,2024-01-25,IN,Pune,Physician,mid,Hindi,email,acquisition,5151,132,7,1095.12,9404.59,8.5877,2.0
MC-01898,2024-01-25,FR,Toulouse,Sales Rep,mid,French,email,awareness,36083,1175,89,2062.9,53711.08,26.0367,9.0
MC-00076,2024-01-25,ES,Madrid,Teacher,premium,Spanish,email,retention,19099,544,17,474.47,44332.8,93.4365,2.0
MC-02982,2024-01-25,IN,Chennai,Software Engineer,budget,Hindi,search,awareness,34469,3104,138,707.58,23614.64,33.3738,6.0
MC-02615,2024-01-25,IN,Delhi,Researcher,budget,Hindi,social_media,acquisition,21065,303,17,4505.9,2296.13,0.5096,10.0
MC-02017,2024-01-25,FR,Toulouse,Consultant,budget,French,content_marketing,retention,4449,67,4,2723.83,634.04,0.2328,7.0
MC-02121,2024-01-25,IN,Pune,HR Manager,mid,Hindi,social_media,acquisition,30107,559,9,723.19,4295.85,5.9401,9.0
MC-01000,2024-01-25,US,Phoenix,Sales Rep,mid,English,social_media,retention,25095,407,19,831.76,8780.91,10.557,2.0
MC-02158,2024-01-25,IN,Bangalore,Marketing Manager,mid,Hindi,search,re_engagement,176262,16058,438,634.99,289562.66,456.0114,1.0
MC-00157,2024-01-25,US,Phoenix,Designer,mid,English,search,re_engagement,14426,1259,37,809.76,19082.62,23.5658,6.0
MC-02123,2024-01-25,DE,Frankfurt,Writer,mid,German,email,re_engagement,85502,2807,168,7577.63,92627.68,12.2238,10.0
MC-01652,2024-01-25,IL,Beer Sheva,Marketing Manager,premium,Hebrew,search,awareness,155882,11215,643,1710.66,2154518.34,1259.4661,7.0
MC-00596,2024-01-25,ZA,Durban,Product Manager,mid,Afrikaans,social_media,retention,106082,1671,43,1052.88,40166.34,38.149,3.0
MC-01606,2024-01-25,GB,Manchester,Accountant,budget,English,email,awareness,243685,8688,611,2732.79,73357.45,26.8434,7.0
MC-02073,2024-01-25,DE,Cologne,Marketing Manager,mid,German,email,acquisition,6710,214,11,821.96,9373.65,11.404,5.0
MC-02166,2024-01-25,CA,Vancouver,Researcher,mid,English,email,acquisition,20550,560,40,1294.8,32196.11,24.8657,9.0
MC-00661,2024-01-25,US,Chicago,Sales Rep,mid,English,display,acquisition,19206,267,17,2887.5,8417.26,2.9151,1.0
MC-02629,2024-01-26,US,Los Angeles,Sales Rep,budget,English,email,awareness,13598,445,30,3419.3,3678.43,1.0758,9.0
MC-01710,2024-01-26,GB,Leeds,Consultant,budget,English,influencer,re_engagement,233879,6125,448,1150.96,64565.63,56.0972,9.0
MC-02290,2024-01-26,IN,Chennai,HR Manager,mid,Hindi,search,acquisition,88291,6530,403,113.78,199812.29,1756.1284,7.0
MC-02041,2024-01-26,US,New York,Software Engineer,budget,English,search,awareness,2264,169,5,1823.9,1150.01,0.6305,2.0
MC-02685,2024-01-26,DE,Cologne,Designer,budget,German,influencer,awareness,89276,2588,61,9505.57,7105.27,0.7475,5.0
MC-01858,2024-01-26,IN,Pune,Teacher,budget,Hindi,social_media,re_engagement,77010,1297,89,14518.4,9770.95,0.673,1.0
MC-00615,2024-01-26,IN,Kolkata,Writer,mid,Hindi,email,acquisition,7273,253,8,4094.29,4759.15,1.1624,5.0
MC-01055,2024-01-26,IL,Jerusalem,Researcher,budget,Hebrew,social_media,awareness,82912,1879,61,1460.23,7517.2,5.148,6.0
MC-02945,2024-01-26,US,San Francisco,Marketing Manager,mid,English,search,awareness,77054,7284,496,3249.42,432534.38,133.1113,10.0
MC-00267,2024-01-26,US,Chicago,Physician,mid,English,email,retention,29919,631,16,949.55,19195.64,20.2155,2.0
MC-00557,2024-01-26,FR,Paris,Designer,mid,French,email,acquisition,17197,669,39,3307.44,19283.77,5.8304,4.0
MC-00330,2024-01-26,US,Houston,Writer,mid,English,search,retention,22083,1186,23,748.01,15171.24,20.2821,5.0
MC-00077,2024-01-26,GB,Manchester,HR Manager,mid,English,email,awareness,1363,33,1,1947.37,453.37,0.2328,8.0
MC-01406,2024-01-26,IN,Pune,Product Manager,mid,Hindi,email,acquisition,33456,1215,32,3282.88,22884.4,6.9708,6.0
MC-01353,2024-01-26,IN,Kolkata,Teacher,premium,Hindi,display,re_engagement,47460,545,23,1229.35,66054.02,53.7308,1.0
MC-01093,2024-01-26,SG,Singapore,Teacher,mid,English,email,retention,7971,286,8,860.95,5215.9,6.0583,2.0
MC-02316,2024-01-26,GB,Bristol,Physician,budget,English,search,re_engagement,382052,20994,1559,151.46,280489.63,1851.9057,5.0
MC-01798,2024-01-26,FR,Marseille,Software Engineer,premium,French,social_media,acquisition,304060,7769,558,563.23,3661861.43,6501.5383,5.0
MC-00407,2024-01-26,FR,Bordeaux,Researcher,premium,French,social_media,acquisition,75377,1154,43,27263.58,192395.81,7.0569,5.0
MC-00910,2024-01-26,IL,Netanya,Lawyer,budget,Hebrew,influencer,awareness,25862,765,37,183.69,6730.53,36.6407,10.0
MC-02821,2024-01-26,BR,Fortaleza,Teacher,mid,Portuguese,search,retention,88000,5737,135,524.11,81636.99,155.7631,1.0
MC-01997,2024-01-26,US,San Francisco,HR Manager,mid,English,email,acquisition,28934,975,10,1287.97,4931.5,3.8289,1.0
MC-02012,2024-01-26,IN,Delhi,Software Engineer,premium,Hindi,social_media,retention,117157,2537,83,4498.45,435862.25,96.8917,8.0
MC-02817,2024-01-26,GB,Bristol,Accountant,budget,English,social_media,acquisition,500000,10100,664,5037.43,89856.09,17.8377,1.0
MC-00823,2024-01-26,IN,Pune,Software Engineer,budget,Hindi,email,awareness,30913,775,57,4164.0,12699.34,3.0498,7.0
MC-00705,2024-01-26,US,Houston,Sales Rep,mid,English,email,retention,18349,564,39,1745.98,25855.03,14.8083,6.0
MC-02555,2024-01-26,IN,Mumbai,Writer,mid,Hindi,search,acquisition,336323,17864,1327,201.16,867992.93,4314.938,8.0
MC-00691,2024-01-26,US,Chicago,Sales Rep,premium,English,display,retention,57135,571,38,9733.26,119135.33,12.24,7.0
MC-01647,2024-01-26,ES,Madrid,Consultant,premium,Spanish,content_marketing,acquisition,81796,1160,16,1207.19,59895.69,49.6158,9.0
MC-00225,2024-01-26,US,Phoenix,Designer,premium,English,email,acquisition,26092,651,30,743.96,83129.28,111.7389,4.0
MC-00048,2024-01-26,IN,Chennai,Writer,mid,Hindi,display,acquisition,500000,7150,452,38101.33,209233.72,5.4915,9.0
MC-02968,2024-01-26,US,San Francisco,Architect,mid,English,email,acquisition,29193,905,61,3010.06,78539.7,26.0924,2.0
MC-01521,2024-01-26,US,Chicago,Product Manager,budget,English,social_media,retention,19947,347,13,345.73,2129.9,6.1606,7.0
MC-01684,2024-01-26,CA,Toronto,Researcher,mid,English,social_media,acquisition,123217,2118,146,1594.6,110293.92,69.1671,5.0
MC-02344,2024-01-26,IN,Delhi,Writer,mid,Hindi,content_marketing,retention,42044,549,11,987.08,6502.19,6.5873,7.0
MC-02645,2024-01-26,IN,Bangalore,Researcher,budget,Hindi,display,acquisition,93141,930,47,202.98,6325.97,31.1655,2.0
MC-00171,2024-01-26,ZA,Pretoria,Product Manager,mid,Afrikaans,social_media,awareness,431270,7310,527,2618.08,454905.63,173.7554,5.0
MC-02550,2024-01-26,DE,Munich,Designer,budget,German,content_marketing,retention,48657,1052,70,4405.97,7571.01,1.7184,10.0
MC-01199,2024-01-26,US,Chicago,Architect,mid,English,social_media,re_engagement,16262,283,19,9636.33,18663.98,1.9368,10.0
MC-00669,2024-01-27,GB,Manchester,HR Manager,mid,English,search,acquisition,22842,1701,94,4278.8,56235.77,13.1429,10.0
MC-01796,2024-01-27,US,Houston,Accountant,premium,English,content_marketing,acquisition,42156,834,32,445.85,111257.55,249.5403,7.0
MC-02732,2024-01-27,NL,The Hague,Software Engineer,budget,Dutch,search,re_engagement,43867,2424,179,2750.87,41190.25,14.9735,4.0
MC-00658,2024-01-27,DE,Stuttgart,Researcher,mid,German,social_media,awareness,13135,318,19,425.4,17835.19,41.9257,5.0
MC-01922,2024-01-27,US,Phoenix,Software Engineer,mid,English,email,acquisition,151090,4741,237,371.13,270974.83,730.1345,9.0
MC-00931,2024-01-27,IN,Hyderabad,Marketing Manager,mid,Hindi,display,acquisition,40356,509,10,769.4,7851.05,10.2041,4.0
MC-02295,2024-01-27,CA,Montreal,Lawyer,budget,English,content_marketing,acquisition,79503,1434,113,670.4,21077.0,31.4394,10.0
MC-00700,2024-01-27,DE,Stuttgart,Lawyer,mid,German,content_marketing,re_engagement,19596,249,6,2484.96,6866.94,2.7634,5.0
MC-00319,2024-01-27,US,Houston,Physician,premium,English,search,re_engagement,19731,1784,37,573.56,232636.09,405.6003,10.0
MC-01589,2024-01-27,IN,Chennai,Sales Rep,mid,Hindi,social_media,acquisition,41852,971,73,3441.38,36526.94,10.614,4.0
MC-00398,2024-01-27,US,New York,Accountant,mid,English,influencer,retention,61952,1804,106,2647.19,74450.42,28.1243,4.0
MC-00221,2024-01-27,US,New York,HR Manager,budget,English,display,retention,129159,1994,94,401.06,9148.15,22.8099,2.0
MC-02241,2024-01-27,US,Los Angeles,Teacher,budget,English,influencer,awareness,307783,7774,546,3221.17,65062.34,20.1984,8.0
MC-02595,2024-01-27,IN,Mumbai,Marketing Manager,mid,Hindi,search,awareness,54999,3395,127,2401.67,103858.56,43.2443,1.0
MC-02408,2024-01-27,US,Houston,Physician,mid,English,content_marketing,acquisition,10372,191,13,224.1,17249.61,76.9728,6.0
MC-02079,2024-01-28,GB,Glasgow,Software Engineer,premium,English,email,retention,1803,42,1,9989.12,4966.27,0.4972,3.0
MC-01792,2024-01-28,US,Phoenix,Designer,mid,English,influencer,acquisition,188699,4640,295,4858.02,162771.09,33.5056,10.0
MC-00464,2024-01-28,US,Los Angeles,Consultant,mid,English,social_media,acquisition,17920,449,7,2986.66,5245.36,1.7563,1.0
MC-01671,2024-01-28,US,Phoenix,Accountant,budget,English,influencer,awareness,24327,617,47,1558.41,8007.47,5.1382,10.0
MC-01715,2024-01-28,IN,Mumbai,Architect,mid,Hindi,content_marketing,re_engagement,109960,2011,36,2850.02,40877.39,14.3428,4.0
MC-01553,2024-01-28,US,Houston,Architect,mid,English,email,retention,10679,225,17,1163.03,15572.4,13.3895,2.0
MC-01871,2024-01-28,DE,Hamburg,Teacher,budget,German,social_media,retention,500000,8865,290,3618.37,33735.21,9.3233,4.0
MC-00476,2024-01-28,DE,Cologne,Data Scientist,budget,German,social_media,acquisition,224152,4243,196,2920.44,35836.67,12.271,6.0
MC-00068,2024-01-28,US,Los Angeles,Software Engineer,budget,English,email,retention,35999,1229,57,979.53,11941.08,12.1906,1.0
MC-00401,2024-01-28,US,San Francisco,Accountant,mid,English,email,acquisition,28821,650,14,2819.25,11370.88,4.0333,8.0
MC-01026,2024-01-28,MX,Puebla,Sales Rep,premium,Spanish,influencer,retention,330465,7369,574,1343.65,1474529.13,1097.4057,5.0
MC-02373,2024-01-28,US,Seattle,Sales Rep,mid,English,social_media,retention,39297,729,45,7977.46,28249.78,3.5412,3.0
MC-00593,2024-01-28,IL,Jerusalem,Designer,budget,Hebrew,email,retention,74022,2415,57,5770.34,5036.06,0.8727,8.0
MC-00095,2024-01-28,DE,Cologne,Physician,premium,German,search,retention,65310,3463,78,581.79,411536.1,707.3619,4.0
MC-01388,2024-01-28,US,Phoenix,Data Scientist,mid,English,search,re_engagement,33920,3102,196,43458.41,245647.16,5.6525,10.0
MC-01354,2024-01-28,US,Houston,Designer,mid,English,social_media,awareness,102065,2182,54,1375.37,26766.33,19.4612,10.0
MC-00919,2024-01-28,IN,Hyderabad,Accountant,mid,Hindi,email,retention,28717,703,24,1544.14,15584.18,10.0925,9.0
MC-00738,2024-01-28,BR,Brasília,Teacher,budget,Portuguese,display,acquisition,81000,723,50,677.96,4580.88,6.7569,7.0
MC-02294,2024-01-28,IN,Pune,Software Engineer,mid,Hindi,influencer,retention,19182,424,9,3491.02,9457.76,2.7092,7.0
MC-00113,2024-01-28,BR,Rio de Janeiro,Architect,mid,Portuguese,social_media,acquisition,39522,606,16,9606.58,21216.95,2.2086,4.0
MC-00044,2024-01-29,DE,Frankfurt,Software Engineer,budget,German,social_media,acquisition,112242,2427,149,4139.49,34363.43,8.3014,6.0
MC-01531,2024-01-29,AU,Sydney,Marketing Manager,mid,English,display,awareness,22053,284,17,534.72,11564.27,21.6268,10.0
MC-02220,2024-01-29,US,Chicago,Writer,budget,English,email,retention,7517,282,8,3235.78,744.88,0.2302,5.0
MC-01242,2024-01-29,IL,Tel Aviv,Sales Rep,mid,Hebrew,email,acquisition,4190,107,6,384.88,3490.93,9.0702,1.0
MC-01582,2024-01-29,AU,Adelaide,Designer,budget,English,social_media,acquisition,273270,6834,540,1053.55,66406.34,63.031,5.0
MC-00517,2024-01-29,IN,Hyderabad,Lawyer,mid,Hindi,search,retention,90655,4845,198,5395.34,187854.62,34.8179,5.0
MC-00374,2024-01-29,US,Phoenix,Writer,mid,English,social_media,awareness,26030,382,23,3375.22,13758.0,4.0762,7.0
MC-00169,2024-01-29,US,New York,Teacher,mid,English,influencer,acquisition,159229,3335,129,340.41,72411.11,212.7173,3.0
MC-01549,2024-01-29,BR,Salvador,Architect,mid,Portuguese,display,awareness,38301,536,19,1543.7,17134.86,11.0999,7.0
MC-00200,2024-01-29,MX,Monterrey,Architect,budget,Spanish,social_media,awareness,113975,1702,83,250.07,14795.14,59.164,9.0
MC-02764,2024-01-29,MX,Monterrey,Writer,budget,Spanish,social_media,acquisition,24227,358,15,1580.23,1333.74,0.844,2.0
MC-01217,2024-01-29,IN,Bangalore,Designer,mid,Hindi,email,retention,109201,2598,62,84000.9,37792.24,0.4499,8.0
MC-02145,2024-01-29,GB,Manchester,Marketing Manager,budget,English,email,acquisition,24161,654,23,3524.19,3762.4,1.0676,5.0
MC-01971,2024-01-29,IN,Hyderabad,Software Engineer,mid,Hindi,search,awareness,182772,9637,563,499.11,602635.36,1207.4199,1.0
MC-00802,2024-01-29,US,Los Angeles,Architect,mid,English,email,acquisition,8983,189,5,69.72,5402.94,77.4948,3.0
MC-02993,2024-01-29,JP,Nagoya,Sales Rep,premium,Japanese,email,acquisition,85870,2201,153,1928.94,375589.89,194.7131,3.0
MC-00184,2024-01-29,US,San Francisco,Sales Rep,budget,English,email,acquisition,5361,118,3,804.75,307.24,0.3818,8.0
MC-01895,2024-01-29,BR,Salvador,Sales Rep,budget,Portuguese,search,acquisition,64249,6070,304,1722.28,33614.08,19.5172,9.0
MC-01404,2024-01-29,US,Phoenix,Marketing Manager,budget,English,email,acquisition,14768,532,17,319.95,2337.03,7.3044,9.0
MC-02863,2024-01-29,IN,Kolkata,Sales Rep,mid,Hindi,influencer,retention,111538,3147,134,4677.14,60946.4,13.0307,1.0
MC-01065,2024-01-29,US,Los Angeles,Designer,budget,English,social_media,re_engagement,153432,3348,153,2053.83,17741.49,8.6382,6.0
MC-00277,2024-01-29,FR,Lyon,Accountant,mid,French,social_media,acquisition,12627,258,8,1464.06,7488.48,5.1149,10.0
MC-01008,2024-01-29,US,Phoenix,Consultant,budget,English,social_media,awareness,220475,4222,182,897.64,22141.09,24.6659,1.0
MC-00731,2024-01-29,MX,Tijuana,Data Scientist,budget,Spanish,search,awareness,76393,7102,508,1368.45,118543.11,86.6258,2.0
MC-00494,2024-01-29,IN,Mumbai,HR Manager,mid,Hindi,email,awareness,7451,275,19,2194.34,9261.93,4.2208,10.0
MC-00263,2024-01-29,US,New York,Architect,mid,English,search,acquisition,31569,2033,147,1050.36,159401.17,151.7586,8.0
MC-02967,2024-01-29,AU,Sydney,Lawyer,mid,English,display,re_engagement,500000,7187,403,1721.72,509961.05,296.1928,8.0
MC-02238,2024-01-29,US,Los Angeles,Software Engineer,budget,English,content_marketing,acquisition,425260,6934,267,5741.9,57649.31,10.0401,2.0
MC-00484,2024-01-29,IN,Bangalore,Researcher,mid,Hindi,email,re_engagement,38963,1435,62,611.31,41500.56,67.8879,1.0
MC-00788,2024-01-29,US,Phoenix,Software Engineer,premium,English,email,acquisition,21658,706,20,429.6,101989.95,237.4068,5.0
MC-00878,2024-01-29,JP,Osaka,Physician,premium,Japanese,email,re_engagement,108090,4047,271,4855.07,1591808.73,327.8652,8.0
MC-00793,2024-01-29,US,Los Angeles,Marketing Manager,budget,English,social_media,acquisition,216920,3525,117,965.23,20303.74,21.0351,2.0
MC-01136,2024-01-29,US,New York,Product Manager,budget,English,social_media,acquisition,38367,806,51,4266.43,9155.23,2.1459,8.0
MC-02137,2024-01-29,US,Los Angeles,Lawyer,mid,English,social_media,acquisition,9785,185,3,5299.55,3023.7,0.5706,3.0
MC-02549,2024-01-29,IN,Mumbai,Lawyer,budget,Hindi,influencer,awareness,500000,9108,306,1975.49,69058.54,34.9577,7.0
MC-00530,2024-01-29,FR,Bordeaux,Researcher,mid,French,social_media,retention,207872,4478,304,170.86,290649.37,1701.0966,6.0
MC-00507,2024-01-29,FR,Toulouse,Data Scientist,mid,French,social_media,awareness,214185,4648,208,1143.11,273541.1,239.2955,2.0
MC-02409,2024-01-30,US,Los Angeles,Designer,premium,English,influencer,acquisition,92714,2590,205,8780.51,589372.73,67.1228,1.0
MC-01076,2024-01-30,DE,Berlin,Marketing Manager,premium,German,content_marketing,awareness,29012,389,17,1276.31,73166.24,57.3264,7.0
MC-01046,2024-01-30,US,Phoenix,Writer,mid,English,search,retention,14703,850,27,250.11,12424.27,49.6752,1.0
MC-01146,2024-01-30,US,Phoenix,Physician,budget,English,influencer,awareness,63997,1707,66,911.98,12543.73,13.7544,7.0
MC-02434,2024-01-30,DE,Berlin,Data Scientist,premium,German,search,acquisition,33089,3080,197,4974.54,1163859.28,233.9632,1.0
MC-02205,2024-01-30,US,Phoenix,Architect,mid,English,email,retention,4474,107,2,3165.18,2225.25,0.703,9.0
MC-00975,2024-01-30,US,New York,Accountant,budget,English,social_media,awareness,107575,2133,163,383.09,23518.55,61.3917,1.0
MC-00747,2024-01-30,US,Houston,Sales Rep,premium,English,social_media,re_engagement,261030,4951,68,392.61,192649.64,490.6896,2.0
MC-00757,2024-01-30,US,Los Angeles,Lawyer,budget,English,search,retention,32281,2460,109,1844.45,21240.38,11.5158,2.0
MC-02947,2024-01-30,US,New York,Researcher,premium,English,social_media,retention,500000,10628,845,1712.37,3974480.1,2321.0405,8.0
MC-01761,2024-01-30,FR,Paris,Marketing Manager,budget,French,social_media,retention,161925,2986,218,619.86,32951.9,53.1602,6.0
MC-02055,2024-01-30,IL,Jerusalem,Software Engineer,mid,Hebrew,email,awareness,28775,901,24,1533.3,28233.34,18.4134,8.0
MC-01847,2024-01-30,US,New York,Product Manager,budget,English,email,awareness,77854,2901,82,13463.1,10891.29,0.809,9.0
MC-00127,2024-01-30,IN,Delhi,Marketing Manager,premium,Hindi,social_media,retention,97722,2374,184,20012.35,874717.54,43.7089,7.0
MC-02937,2024-01-30,US,Seattle,Writer,budget,English,social_media,awareness,132840,2887,102,336.74,8641.23,25.6614,1.0
MC-02807,2024-01-30,BR,Fortaleza,Teacher,mid,Portuguese,email,acquisition,1246,31,0,7975.64,0.0,0.0,10.0
MC-02128,2024-01-30,US,New York,Writer,premium,English,email,acquisition,133560,4915,319,972.08,1052558.74,1082.7902,6.0
MC-00147,2024-01-30,CA,Toronto,Software Engineer,mid,English,social_media,awareness,500000,7995,393,1898.48,517608.38,272.6436,9.0
MC-02169,2024-01-30,US,Seattle,Writer,mid,English,social_media,awareness,132582,2369,149,281.04,95718.94,340.5883,3.0
MC-01878,2024-01-30,BR,Brasília,Architect,budget,Portuguese,email,acquisition,15920,564,24,1400.89,4617.6,3.2962,1.0
MC-00752,2024-01-30,FR,Bordeaux,Data Scientist,premium,French,search,acquisition,15093,1100,83,1924.66,463159.4,240.6448,1.0
MC-00702,2024-01-30,US,New York,Physician,budget,English,search,re_engagement,28121,2684,188,277.09,40436.36,145.9322,7.0
MC-02884,2024-01-30,JP,Yokohama,Marketing Manager,mid,Japanese,social_media,retention,86730,2121,145,1000.03,132894.59,132.8906,8.0
MC-01886,2024-01-30,SG,Singapore,Consultant,mid,English,display,acquisition,97446,1070,50,3056.04,40899.15,13.3831,1.0
MC-02372,2024-01-30,ZA,Durban,HR Manager,mid,Afrikaans,social_media,awareness,500000,10721,680,2015.79,419106.57,207.9118,1.0
MC-01263,2024-01-30,US,San Francisco,Software Engineer,mid,English,social_media,retention,369105,5329,63,3496.99,74634.05,21.3424,4.0
MC-01276,2024-01-30,US,Los Angeles,Writer,premium,English,social_media,retention,72822,1097,54,1281.63,163646.27,127.686,3.0
MC-01288,2024-01-30,US,Houston,Data Scientist,budget,English,influencer,acquisition,38106,1117,12,798.1,2165.42,2.7132,9.0
MC-01294,2024-01-30,IN,Chennai,Researcher,mid,Hindi,search,awareness,31870,2567,37,1316.52,25659.85,19.4907,7.0
MC-01464,2024-01-30,JP,Sapporo,Software Engineer,mid,Japanese,email,retention,17451,607,30,2877.22,33605.65,11.6799,2.0
MC-00323,2024-01-30,BR,Rio de Janeiro,Lawyer,budget,Portuguese,social_media,retention,121762,2315,49,1370.76,10811.61,7.8873,8.0
MC-01325,2024-01-30,US,New York,Sales Rep,budget,English,search,retention,99981,5931,145,220.23,14777.27,67.0993,6.0
MC-02854,2024-01-30,US,Los Angeles,Data Scientist,mid,English,social_media,retention,24687,639,7,1337.26,8981.91,6.7167,10.0
MC-00316,2024-01-30,US,New York,Marketing Manager,premium,English,content_marketing,awareness,10966,161,2,14446.14,7121.62,0.493,8.0
MC-00033,2024-01-30,US,New York,Consultant,mid,English,email,acquisition,20475,695,29,2167.59,23062.59,10.6397,3.0
MC-02306,2024-01-30,IN,Bangalore,Physician,mid,Hindi,display,awareness,419604,6296,447,447.4,512336.01,1145.1408,9.0
MC-00694,2024-01-30,IN,Hyderabad,Sales Rep,premium,Hindi,social_media,awareness,91810,1842,53,964.8,147132.01,152.5,6.0
MC-01787,2024-01-30,GB,Birmingham,Marketing Manager,premium,English,email,re_engagement,35664,1158,61,10027.87,235833.89,23.5178,7.0
MC-02033,2024-01-31,US,San Francisco,Lawyer,budget,English,email,retention,3104,72,5,153.68,867.97,5.6479,10.0
MC-01998,2024-01-31,FR,Nice,Sales Rep,mid,French,display,retention,211056,2745,111,41591.38,63980.79,1.5383,4.0
MC-01885,2024-01-31,SG,Singapore,Teacher,premium,English,social_media,awareness,111755,2281,146,5987.81,361632.18,60.3947,1.0
MC-01993,2024-01-31,BR,Brasília,Researcher,mid,Portuguese,display,retention,213426,2787,119,2016.78,96517.02,47.857,2.0
MC-02956,2024-01-31,IN,Mumbai,Teacher,mid,Hindi,display,acquisition,110037,1409,40,3475.75,18369.42,5.285,2.0
MC-02050,2024-01-31,ZA,Johannesburg,Sales Rep,mid,Afrikaans,influencer,awareness,500000,16134,574,85.87,280052.86,3261.3586,6.0
MC-01102,2024-01-31,IN,Mumbai,Teacher,premium,Hindi,search,acquisition,14639,961,43,729.58,128031.43,175.4865,9.0
MC-01779,2024-01-31,US,Houston,Software Engineer,mid,English,search,retention,43616,2697,128,759.5,159944.88,210.5923,10.0
MC-02096,2024-01-31,IN,Hyderabad,Data Scientist,budget,Hindi,email,retention,7592,208,7,1093.26,1311.69,1.1998,1.0
MC-02109,2024-01-31,FR,Paris,Writer,mid,French,search,awareness,75907,5767,240,1024.78,143446.4,139.9778,7.0
MC-01717,2024-01-31,GB,Leeds,Product Manager,mid,English,email,acquisition,41077,1544,28,914.44,18595.96,20.3359,4.0
MC-02127,2024-01-31,DE,Hamburg,Accountant,mid,German,social_media,acquisition,97027,1833,56,6106.3,48874.44,8.0039,1.0
MC-01587,2024-01-31,FR,Marseille,Physician,mid,French,social_media,acquisition,500000,9604,678,812.78,654723.88,805.5364,7.0
MC-01037,2024-01-31,GB,London,Architect,budget,English,email,acquisition,14085,392,5,1169.17,1176.54,1.0063,7.0
MC-02231,2024-01-31,IL,Jerusalem,Consultant,budget,Hebrew,display,acquisition,500000,5509,360,1548.96,54229.71,35.0104,3.0
MC-02250,2024-01-31,IL,Haifa,Teacher,mid,Hebrew,display,retention,46857,457,33,844.15,17640.73,20.8976,1.0
MC-02283,2024-01-31,ZA,Durban,Software Engineer,mid,Afrikaans,social_media,retention,31027,794,29,868.83,36920.07,42.494,3.0
MC-01370,2024-01-31,DE,Cologne,HR Manager,mid,German,social_media,acquisition,144945,2302,110,674.02,65702.53,97.4786,3.0
MC-01295,2024-01-31,IL,Beer Sheva,Physician,budget,Hebrew,social_media,awareness,125732,2992,194,5000.58,46750.99,9.3491,5.0
MC-00369,2024-01-31,US,Seattle,Sales Rep,mid,English,search,acquisition,34049,2374,99,404.34,61711.07,152.6217,10.0
MC-01080,2024-01-31,DE,Munich,Researcher,budget,German,content_marketing,re_engagement,115929,2483,146,2245.32,23621.32,10.5202,9.0
MC-02470,2024-01-31,US,New York,Teacher,budget,English,email,awareness,45386,1001,64,2680.37,7081.95,2.6422,4.0
MC-00665,2024-01-31,US,New York,Marketing Manager,mid,English,search,acquisition,47706,2824,175,1340.74,128111.46,95.5528,8.0
MC-00686,2024-01-31,US,San Francisco,Sales Rep,mid,English,social_media,acquisition,457705,10883,820,453.32,471390.66,1039.8629,3.0
MC-01015,2024-01-31,IN,Pune,Physician,budget,Hindi,social_media,acquisition,159627,2988,57,2596.0,12523.6,4.8242,5.0
MC-02680,2024-01-31,GB,Leeds,Marketing Manager,mid,English,search,retention,30431,2669,213,479.83,196025.51,408.5312,7.0
MC-02587,2024-01-31,IN,Mumbai,Physician,budget,Hindi,social_media,retention,36927,909,19,780.75,4499.16,5.7626,6.0
MC-02484,2024-01-31,GB,Glasgow,Consultant,budget,English,search,retention,4964,449,30,235.28,4973.65,21.1393,9.0
MC-00989,2024-01-31,ZA,Port Elizabeth,Physician,mid,Afrikaans,display,retention,15888,158,2,2774.24,2089.49,0.7532,9.0
MC-00987,2024-01-31,US,New York,Software Engineer,budget,English,email,acquisition,23467,760,54,336.77,9889.11,29.3646,4.0
MC-02543,2024-01-31,IN,Pune,Consultant,mid,Hindi,influencer,acquisition,53413,990,31,1889.89,23709.27,12.5453,6.0
MC-02734,2024-01-31,ES,Barcelona,Consultant,budget,Spanish,display,acquisition,18915,268,4,1808.54,592.74,0.3277,6.0
MC-00950,2024-01-31,US,San Francisco,Software Engineer,budget,English,email,re_engagement,43147,1472,108,1879.33,25768.79,13.7117,8.0
MC-00515,2024-01-31,ES,Madrid,Physician,premium,Spanish,search,acquisition,6706,570,16,2345.7,104212.71,44.4271,2.0
MC-02628,2024-01-31,CA,Calgary,Designer,budget,English,search,acquisition,14612,1176,26,2317.66,2572.73,1.1101,8.0
MC-00571,2024-01-31,CA,Calgary,Teacher,mid,English,search,re_engagement,334536,27478,1547,3709.84,714068.21,192.4795,7.0
MC-00891,2024-01-31,US,Phoenix,Marketing Manager,mid,English,content_marketing,acquisition,37303,669,37,203.57,33781.49,165.9453,9.0
MC-00588,2024-01-31,FR,Nice,Architect,mid,French,social_media,retention,87602,1423,42,4472.26,52838.0,11.8146,10.0
MC-00580,2024-01-31,US,San Francisco,Accountant,premium,English,email,acquisition,53365,1889,54,5995.07,253717.87,42.3211,6.0
MC-02315,2024-02-01,GB,Bristol,Sales Rep,mid,English,search,acquisition,27030,2277,150,6179.9,67590.19,10.9371,1.0
MC-00022,2024-02-01,CA,Calgary,Researcher,mid,English,email,re_engagement,19994,614,9,4198.16,6640.24,1.5817,9.0
MC-01727,2024-02-01,IL,Jerusalem,Researcher,premium,Hebrew,email,acquisition,28501,765,40,1138.64,147936.7,129.924,8.0
MC-01141,2024-02-01,GB,Birmingham,Teacher,mid,English,social_media,acquisition,34082,739,47,2270.88,23254.51,10.2403,1.0
MC-01755,2024-02-01,MX,Monterrey,Designer,budget,Spanish,social_media,awareness,82280,1336,86,854.86,7469.78,8.738,6.0
MC-02776,2024-02-01,US,Los Angeles,Lawyer,premium,English,search,awareness,4329,231,7,1951.26,33558.61,17.1984,2.0
MC-00656,2024-02-01,US,Phoenix,Sales Rep,budget,English,search,re_engagement,7050,631,41,2852.02,3813.6,1.3372,2.0
MC-02723,2024-02-01,US,Houston,Accountant,premium,English,search,retention,43356,2904,42,160.49,163562.12,1019.1421,6.0
MC-01455,2024-02-01,FR,Marseille,Accountant,premium,French,social_media,retention,500000,12397,468,413.19,1994473.46,4827.0129,7.0
MC-00796,2024-02-01,IN,Delhi,Lawyer,mid,Hindi,social_media,acquisition,500000,10319,287,1739.21,257432.19,148.0167,6.0
MC-01281,2024-02-01,US,Chicago,Marketing Manager,budget,English,email,retention,27163,604,39,1534.86,6079.29,3.9608,9.0
MC-02221,2024-02-01,US,New York,HR Manager,budget,English,display,acquisition,166626,2334,74,4657.4,6781.47,1.4561,4.0
MC-02784,2024-02-01,NL,Rotterdam,Data Scientist,mid,Dutch,content_marketing,acquisition,6226,143,7,1832.88,8966.76,4.8922,3.0
MC-02798,2024-02-01,ES,Bilbao,Product Manager,budget,Spanish,social_media,awareness,46970,683,44,7108.07,6895.94,0.9702,1.0
MC-01703,2024-02-01,GB,Leeds,Product Manager,mid,English,email,acquisition,9543,242,15,293.8,13293.63,45.2472,6.0
MC-01927,2024-02-01,US,Seattle,Researcher,premium,English,influencer,retention,305922,9227,591,3347.5,2341554.5,699.4935,9.0
MC-02610,2024-02-01,BR,Brasília,Lawyer,premium,Portuguese,content_marketing,acquisition,29744,621,18,2190.06,119381.45,54.5106,7.0
MC-01245,2024-02-01,BR,São Paulo,Designer,mid,Portuguese,email,acquisition,8233,197,15,588.78,10044.23,17.0594,6.0
MC-01499,2024-02-01,SG,Singapore,Researcher,mid,English,email,acquisition,2895,100,1,402.99,796.5,1.9765,4.0
MC-01527,2024-02-01,BR,Rio de Janeiro,Architect,budget,Portuguese,social_media,re_engagement,20802,420,22,957.16,4101.01,4.2846,8.0
MC-00618,2024-02-01,US,Seattle,Researcher,budget,English,social_media,acquisition,98005,1887,103,4176.11,14942.81,3.5782,2.0
MC-02175,2024-02-01,US,Chicago,Teacher,premium,English,email,re_engagement,24841,726,50,843.55,128669.61,152.5335,8.0
MC-02088,2024-02-01,DE,Cologne,Accountant,mid,German,email,acquisition,11444,308,19,2911.74,16265.6,5.5862,10.0
MC-00134,2024-02-01,US,Seattle,Sales Rep,budget,English,email,acquisition,13082,331,21,6206.16,2454.67,0.3955,10.0
MC-02087,2024-02-01,AU,Perth,Teacher,mid,English,content_marketing,retention,6051,121,9,2156.62,5234.65,2.4272,8.0
MC-01348,2024-02-02,NL,Rotterdam,Physician,mid,Dutch,social_media,re_engagement,500000,8687,219,3203.42,280568.81,87.5841,3.0
MC-00932,2024-02-02,IN,Delhi,Product Manager,budget,Hindi,social_media,acquisition,289047,6117,212,3879.17,35410.92,9.1285,9.0
MC-00499,2024-02-02,GB,Leeds,HR Manager,premium,English,social_media,acquisition,19665,460,28,2967.97,71755.1,24.1765,8.0
MC-02523,2024-02-02,DE,Cologne,Consultant,mid,German,social_media,acquisition,33145,704,23,333.39,16685.07,50.0467,10.0
MC-00034,2024-02-02,US,Seattle,Accountant,mid,English,social_media,retention,253840,3839,285,5160.31,270118.24,52.3454,5.0
MC-00373,2024-02-02,SG,Singapore,Software Engineer,mid,English,email,acquisition,41331,1519,95,538.2,96674.53,179.6257,10.0
MC-02839,2024-02-02,FR,Toulouse,Consultant,budget,French,search,retention,39018,3775,172,1068.66,29193.65,27.318,8.0
MC-00569,2024-02-02,SG,Singapore,Lawyer,budget,English,social_media,acquisition,12030,237,15,342.05,3317.04,9.6975,2.0
MC-02091,2024-02-02,DE,Stuttgart,Product Manager,mid,German,display,acquisition,149664,2200,144,1015.0,126344.42,124.4773,6.0
MC-02745,2024-02-02,BR,São Paulo,Designer,mid,Portuguese,social_media,acquisition,58557,946,42,862.65,21607.81,25.0482,6.0
MC-00097,2024-02-02,US,Phoenix,HR Manager,premium,English,influencer,retention,9855,250,6,13413.27,17285.73,1.2887,9.0
MC-02393,2024-02-02,ZA,Johannesburg,Marketing Manager,budget,Afrikaans,social_media,awareness,328165,5442,333,10165.04,57387.06,5.6455,3.0
MC-01178,2024-02-02,ZA,Cape Town,Consultant,mid,Afrikaans,social_media,awareness,222882,4517,242,1154.36,178516.25,154.6452,5.0
MC-01243,2024-02-02,FR,Toulouse,HR Manager,mid,French,social_media,retention,299862,5995,363,291.45,187124.64,642.0471,10.0
MC-01503,2024-02-02,IN,Chennai,Researcher,mid,Hindi,social_media,awareness,162882,2398,60,11235.49,45177.45,4.021,3.0
MC-02239,2024-02-02,DE,Munich,Marketing Manager,budget,German,search,re_engagement,122254,7575,272,5175.69,46418.32,8.9685,3.0
MC-02375,2024-02-02,IN,Mumbai,Data Scientist,budget,Hindi,social_media,retention,79360,1443,94,2224.11,19660.24,8.8396,5.0
MC-02243,2024-02-02,GB,Manchester,Writer,budget,English,search,awareness,22595,1637,112,6371.5,13684.14,2.1477,4.0
MC-00526,2024-02-02,DE,Frankfurt,Teacher,mid,German,social_media,awareness,71200,1596,24,1576.95,12916.49,8.1908,2.0
MC-02369,2024-02-02,IL,Tel Aviv,Product Manager,premium,Hebrew,social_media,awareness,172557,2984,185,3965.68,627055.81,158.1206,3.0
MC-02338,2024-02-02,IN,Mumbai,Physician,mid,Hindi,social_media,acquisition,41860,1049,41,595.68,37721.24,63.3247,9.0
MC-01554,2024-02-02,IN,Pune,Product Manager,premium,Hindi,social_media,awareness,147780,3534,252,242.6,956664.5,3943.3821,10.0
MC-00786,2024-02-02,MX,Tijuana,Architect,mid,Spanish,influencer,acquisition,9995,183,4,481.45,3873.5,8.0455,3.0
MC-00166,2024-02-02,BR,São Paulo,Data Scientist,budget,Portuguese,social_media,retention,145355,3237,85,529.01,17998.06,34.0222,8.0
MC-01974,2024-02-02,NL,Rotterdam,HR Manager,mid,Dutch,display,acquisition,63966,871,20,2867.46,13074.1,4.5595,2.0
MC-02475,2024-02-02,BR,Fortaleza,Writer,mid,Portuguese,display,retention,102699,1133,75,17909.97,36315.19,2.0277,9.0
MC-01425,2024-02-02,IN,Kolkata,Teacher,budget,Hindi,email,acquisition,2631,65,0,39206.95,0.0,0.0,8.0
MC-02929,2024-02-02,NL,The Hague,Accountant,budget,Dutch,email,acquisition,13878,427,14,6459.73,1971.78,0.3052,5.0
MC-01028,2024-02-02,IN,Mumbai,Data Scientist,budget,Hindi,search,awareness,19282,1226,12,12708.38,2964.06,0.2332,10.0
MC-01543,2024-02-02,ZA,Pretoria,Data Scientist,mid,Afrikaans,social_media,retention,41067,1046,29,2332.86,33960.99,14.5577,1.0
MC-00680,2024-02-02,US,New York,Researcher,mid,English,search,awareness,86171,5459,70,1251.95,58837.79,46.9969,9.0
MC-00315,2024-02-02,US,Los Angeles,Sales Rep,budget,English,email,retention,2789,101,7,960.66,609.01,0.6339,8.0
MC-01627,2024-02-02,SG,Singapore,Sales Rep,premium,English,display,re_engagement,500000,6632,202,31683.24,545599.35,17.2204,1.0
MC-00011,2024-02-02,US,Los Angeles,Software Engineer,mid,English,social_media,retention,30315,644,7,405.11,9299.39,22.9552,5.0
MC-00314,2024-02-02,IN,Bangalore,Consultant,mid,Hindi,search,acquisition,43212,2819,128,764.26,88476.24,115.7672,10.0
MC-01924,2024-02-02,NL,Amsterdam,Consultant,premium,Dutch,email,acquisition,14114,511,13,652.47,46983.88,72.0093,2.0
MC-02028,2024-02-03,GB,Bristol,Marketing Manager,budget,English,display,acquisition,500000,7298,114,4986.87,17506.73,3.5106,6.0
MC-01982,2024-02-03,US,Houston,Teacher,mid,English,search,awareness,16593,1143,27,2789.48,16708.82,5.9899,6.0
MC-02020,2024-02-03,DE,Stuttgart,Product Manager,budget,German,search,retention,33536,3128,149,1196.37,21978.92,18.3713,1.0
MC-02546,2024-02-03,US,San Francisco,Lawyer,mid,English,display,acquisition,142179,2058,43,605.46,39189.79,64.7273,6.0
MC-01327,2024-02-03,US,New York,Marketing Manager,premium,English,content_marketing,acquisition,30120,490,31,2049.21,116058.84,56.6359,4.0
MC-02332,2024-02-03,CA,Montreal,Physician,budget,English,search,re_engagement,35919,2826,87,2160.3,20109.56,9.3087,8.0
MC-02850,2024-02-03,AU,Sydney,Lawyer,premium,English,influencer,retention,254721,7769,485,10311.23,3252931.33,315.4746,8.0
MC-01340,2024-02-03,IL,Netanya,Architect,budget,Hebrew,search,awareness,7386,481,26,2973.32,5862.72,1.9718,3.0
MC-00249,2024-02-03,NL,Amsterdam,Teacher,mid,Dutch,social_media,retention,61427,1151,52,4210.7,25807.59,6.129,9.0
MC-00522,2024-02-03,NL,Eindhoven,Teacher,premium,Dutch,social_media,acquisition,63020,1312,39,7601.02,130408.89,17.1568,8.0
MC-00187,2024-02-03,BR,São Paulo,Data Scientist,mid,Portuguese,display,re_engagement,23466,240,7,1524.13,7884.1,5.1729,5.0
MC-00288,2024-02-03,DE,Berlin,Accountant,mid,German,email,acquisition,4882,105,4,9463.83,2622.61,0.2771,2.0
MC-00634,2024-02-03,DE,Hamburg,Accountant,mid,German,search,acquisition,14609,1310,30,2872.09,20456.99,7.1227,2.0
MC-01362,2024-02-03,IN,Bangalore,Product Manager,budget,Hindi,display,awareness,16716,216,15,2454.49,2647.69,1.0787,3.0
MC-02538,2024-02-03,IN,Pune,Researcher,mid,Hindi,email,awareness,10665,242,7,396.48,6661.23,16.8009,6.0
MC-02479,2024-02-03,IN,Mumbai,Designer,premium,Hindi,search,retention,301882,28685,1577,2876.56,3534057.4,1228.5707,1.0
MC-00874,2024-02-03,US,Seattle,Marketing Manager,premium,English,social_media,awareness,138655,3273,204,1672.5,676889.03,404.7169,8.0
MC-00886,2024-02-03,US,Phoenix,Writer,premium,English,email,acquisition,52157,1695,60,4601.09,166056.81,36.0908,6.0
MC-00385,2024-02-03,US,Phoenix,Consultant,mid,English,email,re_engagement,40889,1581,86,266.32,68416.49,256.8958,9.0
MC-01614,2024-02-04,DE,Berlin,Researcher,premium,German,email,re_engagement,1000,35,1,9400.24,3640.23,0.3872,6.0
MC-02486,2024-02-04,ES,Valencia,Sales Rep,mid,Spanish,search,acquisition,33872,2861,126,942.98,80124.13,84.9691,7.0
MC-01296,2024-02-04,DE,Frankfurt,Marketing Manager,premium,German,email,acquisition,13246,342,25,803.29,85009.92,105.8272,3.0
MC-00094,2024-02-04,JP,Osaka,Sales Rep,premium,Japanese,influencer,retention,202365,5877,396,2055.78,955046.93,464.5667,6.0
MC-02253,2024-02-04,US,Phoenix,Marketing Manager,budget,English,social_media,re_engagement,383402,9199,579,6395.6,88728.52,13.8734,4.0
MC-02692,2024-02-04,US,Houston,Lawyer,mid,English,email,awareness,1630,60,0,8716.32,0.0,0.0,2.0
MC-00859,2024-02-04,BR,Rio de Janeiro,HR Manager,premium,Portuguese,email,retention,5461,148,10,2578.2,26779.48,10.3869,3.0
MC-00379,2024-02-04,DE,Cologne,Sales Rep,budget,German,search,acquisition,20098,1070,35,1189.72,3616.34,3.0397,10.0
MC-01460,2024-02-04,IL,Tel Aviv,Marketing Manager,budget,Hebrew,email,re_engagement,24225,607,13,5163.09,2306.42,0.4467,10.0
MC-01272,2024-02-04,FR,Lyon,Accountant,budget,French,search,awareness,55559,5105,68,1815.88,11819.92,6.5092,8.0
MC-02901,2024-02-04,SG,Singapore,Writer,premium,English,search,retention,63831,5591,285,8365.03,916568.33,109.5714,9.0
MC-01712,2024-02-04,US,Houston,Writer,budget,English,social_media,awareness,22900,320,13,1110.77,1105.85,0.9956,8.0
MC-02905,2024-02-04,DE,Berlin,HR Manager,mid,German,social_media,acquisition,318362,7643,326,694.63,152937.33,220.1709,7.0
MC-00317,2024-02-04,CA,Montreal,Sales Rep,budget,English,search,retention,10250,943,70,1186.24,8385.85,7.0693,3.0
MC-02851,2024-02-04,ZA,Durban,Marketing Manager,mid,Afrikaans,social_media,retention,279070,6713,423,1559.87,291979.07,187.1817,10.0
MC-02125,2024-02-04,IN,Delhi,Researcher,premium,Hindi,email,acquisition,39852,997,23,6107.22,92713.42,15.181,5.0
MC-00734,2024-02-04,IN,Bangalore,Accountant,mid,Hindi,email,retention,9180,326,18,4017.06,13073.13,3.2544,3.0
MC-02245,2024-02-05,DE,Hamburg,Teacher,budget,German,social_media,retention,469275,6646,312,4058.49,28551.25,7.0349,2.0
MC-01625,2024-02-05,US,Los Angeles,Researcher,mid,English,content_marketing,awareness,53370,1137,72,539.59,46157.57,85.5419,1.0
MC-01214,2024-02-05,US,Phoenix,Accountant,budget,English,social_media,re_engagement,239532,3687,283,5632.31,50568.68,8.9783,4.0
MC-00847,2024-02-05,CA,Calgary,Sales Rep,budget,English,influencer,awareness,87422,1991,122,1946.37,13875.47,7.1289,9.0
MC-00276,2024-02-05,IL,Jerusalem,Consultant,mid,Hebrew,search,retention,16281,1154,17,3904.84,16108.7,4.1253,4.0
MC-02790,2024-02-05,DE,Munich,HR Manager,premium,German,social_media,acquisition,39595,568,13,3293.13,31262.45,9.4932,2.0
MC-01424,2024-02-05,US,Seattle,Data Scientist,mid,English,search,acquisition,137634,11550,551,940.79,669584.64,711.7259,3.0
MC-01171,2024-02-05,JP,Nagoya,Data Scientist,budget,Japanese,display,retention,198750,2559,85,843.99,19736.38,23.3846,6.0
MC-00660,2024-02-05,US,Los Angeles,Writer,budget,English,search,retention,81241,7811,372,9872.85,34290.28,3.4732,8.0
MC-02081,2024-02-05,US,New York,Software Engineer,budget,English,display,retention,78750,675,24,431.5,5829.38,13.5096,2.0
MC-02075,2024-02-05,ZA,Johannesburg,Architect,premium,Afrikaans,search,retention,99197,5896,62,1746.43,346186.24,198.2251,3.0
MC-01192,2024-02-05,BR,Fortaleza,Software Engineer,budget,Portuguese,email,acquisition,19972,558,29,1691.5,5419.75,3.2041,10.0
MC-01426,2024-02-05,GB,Leeds,Marketing Manager,mid,English,social_media,awareness,241922,4412,57,4242.58,41247.58,9.7223,3.0
MC-02163,2024-02-05,US,Seattle,Software Engineer,budget,English,email,re_engagement,3985,125,4,9132.35,953.15,0.1044,5.0
MC-01400,2024-02-05,AU,Perth,Sales Rep,premium,English,social_media,awareness,405415,9839,274,5380.09,760874.94,141.4242,6.0
MC-00877,2024-02-05,US,New York,Researcher,mid,English,social_media,retention,50837,1171,16,7910.46,12890.4,1.6295,10.0
MC-01300,2024-02-05,BR,Salvador,Teacher,premium,Portuguese,email,awareness,159989,6236,347,3217.96,886891.86,275.6069,6.0
MC-00047,2024-02-05,DE,Berlin,Lawyer,mid,German,influencer,re_engagement,402890,12202,304,1434.89,291168.02,202.9201,1.0
MC-02026,2024-02-05,IN,Kolkata,Lawyer,budget,Hindi,social_media,awareness,217702,5623,230,3599.62,51509.55,14.3097,6.0
MC-02249,2024-02-05,US,San Francisco,Physician,budget,English,social_media,retention,214770,4359,297,4114.34,54785.91,13.3158,9.0
MC-02663,2024-02-05,FR,Paris,Physician,mid,French,search,retention,221205,20830,645,540.53,777921.95,1439.1837,9.0
MC-01730,2024-02-05,DE,Stuttgart,Lawyer,premium,German,social_media,awareness,376347,7810,536,1765.23,2646390.1,1499.1758,4.0
MC-01690,2024-02-05,BR,Rio de Janeiro,Physician,mid,Portuguese,display,acquisition,339324,4254,112,1076.74,128888.84,119.7028,9.0
MC-01311,2024-02-05,FR,Nice,Researcher,premium,French,search,re_engagement,2615,178,2,2517.65,7210.39,2.8639,8.0
MC-02729,2024-02-05,ES,Madrid,Architect,mid,Spanish,influencer,acquisition,322599,8854,154,9013.58,172042.06,19.087,5.0
MC-02657,2024-02-05,ES,Valencia,Product Manager,budget,Spanish,search,awareness,500000,38426,2431,1279.52,328672.19,256.8715,1.0
MC-01108,2024-02-05,BR,Salvador,Data Scientist,budget,Portuguese,social_media,acquisition,8267,130,6,3784.37,1358.04,0.3589,1.0
MC-01546,2024-02-05,US,Houston,Product Manager,mid,English,social_media,acquisition,73505,1360,37,1420.96,24340.14,17.1294,10.0
MC-00887,2024-02-05,ZA,Durban,HR Manager,mid,Afrikaans,display,awareness,500000,5838,236,2021.54,116376.42,57.5682,4.0
MC-00739,2024-02-05,AU,Adelaide,Marketing Manager,budget,English,email,awareness,166487,5809,204,391.47,33698.66,86.0824,5.0
MC-00533,2024-02-05,FR,Lyon,Designer,mid,French,display,acquisition,40236,532,41,5967.86,27364.47,4.5853,6.0
MC-00547,2024-02-05,FR,Paris,Data Scientist,budget,French,email,retention,13284,462,35,3544.04,8337.86,2.3526,7.0
MC-00676,2024-02-05,NL,Amsterdam,Software Engineer,mid,Dutch,social_media,retention,60275,1394,47,526.2,61627.64,117.1183,1.0
MC-01006,2024-02-05,US,Chicago,Architect,mid,English,search,acquisition,17929,1232,15,299.32,16187.53,54.081,1.0
MC-02566,2024-02-05,US,Phoenix,Sales Rep,budget,English,content_marketing,re_engagement,59512,1171,25,9203.22,2421.53,0.2631,10.0
MC-02662,2024-02-05,US,Phoenix,Data Scientist,mid,English,content_marketing,retention,21553,348,27,868.74,25780.62,29.6759,6.0
MC-02703,2024-02-05,US,Los Angeles,Researcher,mid,English,email,retention,13995,360,27,1333.41,19158.53,14.3681,9.0
MC-02699,2024-02-05,SG,Singapore,Architect,premium,English,social_media,awareness,383985,9790,354,718.0,1742035.94,2426.2339,4.0
MC-00307,2024-02-05,US,Chicago,Accountant,premium,English,social_media,awareness,133537,3437,252,15136.04,1026088.37,67.7911,9.0
MC-00833,2024-02-05,DE,Munich,HR Manager,budget,German,social_media,awareness,143420,2724,139,3247.05,13730.96,4.2287,9.0
MC-01287,2024-02-05,ES,Seville,Sales Rep,mid,Spanish,social_media,awareness,55677,1209,39,1199.79,23172.06,19.3134,6.0
MC-02126,2024-02-05,US,Los Angeles,Consultant,mid,English,social_media,acquisition,327942,8315,216,3576.76,180083.41,50.3482,9.0
MC-02313,2024-02-05,GB,Manchester,Teacher,budget,English,content_marketing,retention,7988,166,7,9683.18,809.92,0.0836,1.0
MC-01594,2024-02-06,US,New York,HR Manager,mid,English,influencer,retention,49671,1316,35,930.68,15999.98,17.1917,8.0
MC-01630,2024-02-06,US,San Francisco,HR Manager,budget,English,social_media,retention,112345,2585,165,1006.77,18587.97,18.463,1.0
MC-02590,2024-02-06,IN,Hyderabad,Architect,budget,Hindi,social_media,acquisition,164040,3754,68,243.93,13130.57,53.8293,8.0
MC-01571,2024-02-06,GB,Leeds,Marketing Manager,budget,English,social_media,awareness,390687,5551,312,432.77,55759.65,128.8436,1.0
MC-01659,2024-02-06,IN,Delhi,Data Scientist,mid,Hindi,search,retention,36158,2746,70,18474.56,77711.7,4.2064,9.0
MC-00933,2024-02-06,FR,Lyon,Marketing Manager,premium,French,social_media,retention,74277,1186,63,4982.64,202028.58,40.5465,7.0
MC-01637,2024-02-06,GB,Glasgow,Architect,mid,English,display,awareness,288102,4096,230,370.94,247179.24,666.3591,3.0
MC-02673,2024-02-06,GB,Glasgow,Consultant,budget,English,display,re_engagement,41955,549,16,1655.34,2664.93,1.6099,4.0
MC-02598,2024-02-06,DE,Berlin,Data Scientist,mid,German,social_media,awareness,196780,3962,267,3342.13,286438.05,85.7052,7.0
MC-00584,2024-02-06,BR,Fortaleza,Marketing Manager,mid,Portuguese,email,retention,168915,5003,106,3319.92,72958.79,21.9761,6.0
MC-00844,2024-02-06,IN,Bangalore,Designer,budget,Hindi,search,retention,14433,1081,31,1887.36,3737.56,1.9803,2.0
MC-00881,2024-02-06,BR,Brasília,Writer,budget,Portuguese,email,acquisition,42494,1010,28,35192.51,2805.43,0.0797,2.0
MC-01373,2024-02-06,FR,Marseille,Data Scientist,budget,French,email,retention,1857,58,2,935.23,499.86,0.5345,8.0
MC-01583,2024-02-06,SG,Singapore,Marketing Manager,mid,English,social_media,retention,37342,751,59,3555.76,47946.74,13.4842,10.0
MC-01262,2024-02-06,NL,Eindhoven,Lawyer,mid,Dutch,search,acquisition,67416,3690,247,3432.4,284255.5,82.8154,2.0
MC-01656,2024-02-06,NL,Rotterdam,Designer,budget,Dutch,social_media,acquisition,26847,512,6,2162.58,663.72,0.3069,3.0
MC-01273,2024-02-06,IL,Haifa,Designer,budget,Hebrew,search,acquisition,113215,7075,125,1796.92,11595.13,6.4528,7.0
MC-00082,2024-02-06,US,Chicago,Teacher,mid,English,influencer,awareness,81478,1975,69,814.28,32735.75,40.2021,5.0
MC-01282,2024-02-06,GB,Glasgow,Lawyer,budget,English,content_marketing,retention,51556,1188,70,10502.63,15995.44,1.523,9.0
MC-02323,2024-02-06,NL,The Hague,HR Manager,budget,Dutch,search,awareness,74786,4164,100,3091.46,10950.93,3.5423,5.0
MC-00072,2024-02-06,JP,Osaka,Architect,mid,Japanese,display,awareness,78813,921,34,4203.97,36604.83,8.7072,4.0
MC-01070,2024-02-06,US,Los Angeles,Designer,mid,English,social_media,re_engagement,24165,505,31,3580.92,14772.17,4.1252,2.0
MC-01067,2024-02-06,US,Chicago,Physician,budget,English,email,re_engagement,6453,230,9,434.76,1948.54,4.4819,7.0
MC-02878,2024-02-06,US,Los Angeles,Architect,mid,English,email,acquisition,105301,3895,86,25110.35,99262.78,3.9531,10.0
MC-02492,2024-02-06,IN,Chennai,Teacher,mid,Hindi,social_media,re_engagement,23140,330,7,341.43,3527.48,10.3315,9.0
MC-01096,2024-02-06,GB,London,Accountant,budget,English,social_media,retention,107765,2655,176,1344.34,21227.52,15.7903,7.0
MC-00481,2024-02-06,DE,Berlin,Marketing Manager,premium,German,search,re_engagement,44173,3021,194,1325.87,918091.96,692.4449,9.0
MC-00220,2024-02-06,GB,London,Designer,mid,English,email,acquisition,32570,1129,61,376.51,38021.29,100.9835,2.0
MC-02448,2024-02-06,GB,Manchester,Accountant,mid,English,email,re_engagement,28165,1060,37,5296.44,25842.82,4.8793,1.0
MC-00978,2024-02-06,US,San Francisco,Accountant,mid,English,display,retention,70689,607,24,5107.44,20720.9,4.057,1.0
MC-01187,2024-02-06,US,Seattle,Sales Rep,budget,English,social_media,awareness,35810,581,21,3967.02,1886.53,0.4756,5.0
MC-01883,2024-02-06,IN,Kolkata,Marketing Manager,premium,Hindi,search,retention,399749,26355,596,449.61,2559889.39,5693.5775,3.0
MC-00471,2024-02-06,DE,Stuttgart,Teacher,budget,German,influencer,retention,28765,763,20,1264.19,2239.4,1.7714,4.0
MC-00670,2024-02-06,IN,Pune,Marketing Manager,mid,Hindi,email,acquisition,9901,338,6,2449.62,3880.6,1.5842,6.0
MC-00651,2024-02-06,US,Houston,Researcher,mid,English,social_media,acquisition,72115,1706,25,2587.64,17786.85,6.8738,5.0
MC-01809,2024-02-06,DE,Cologne,Teacher,mid,German,email,awareness,67770,2596,147,812.89,80890.92,99.5103,4.0
MC-01030,2024-02-06,ES,Barcelona,Sales Rep,budget,Spanish,email,awareness,11479,265,20,460.12,2162.64,4.7002,8.0
MC-01038,2024-02-06,SG,Singapore,Writer,mid,English,display,retention,41550,403,8,10903.15,3792.24,0.3478,3.0
MC-00366,2024-02-07,GB,Birmingham,HR Manager,mid,English,search,acquisition,21841,1902,33,828.99,19123.16,23.068,10.0
MC-02861,2024-02-07,IN,Delhi,Lawyer,budget,Hindi,search,awareness,61257,4901,177,221.35,42313.08,191.1592,7.0
MC-02413,2024-02-07,GB,Bristol,Accountant,premium,English,social_media,acquisition,226405,4583,335,575.85,1537381.11,2669.7597,9.0
MC-02159,2024-02-07,DE,Hamburg,Data Scientist,mid,German,social_media,retention,435600,9748,278,572.35,254698.63,445.005,7.0
MC-01708,2024-02-07,DE,Frankfurt,Researcher,budget,German,search,acquisition,10579,743,11,5300.51,1439.04,0.2715,10.0
MC-01481,2024-02-07,DE,Stuttgart,Software Engineer,mid,German,social_media,re_engagement,500000,9930,480,493.26,610065.68,1236.8035,2.0
MC-02034,2024-02-07,FR,Paris,Accountant,premium,French,email,acquisition,10954,396,17,1573.01,70222.03,44.6418,2.0
MC-01035,2024-02-07,US,San Francisco,Researcher,mid,English,email,acquisition,33791,916,64,5110.75,51829.84,10.1413,5.0
MC-02652,2024-02-07,DE,Munich,Data Scientist,budget,German,email,acquisition,3887,92,5,2313.69,1004.83,0.4343,9.0
MC-02724,2024-02-07,NL,Rotterdam,Lawyer,premium,Dutch,email,acquisition,21896,731,14,6753.75,83583.29,12.3758,6.0
MC-01636,2024-02-07,US,Los Angeles,Lawyer,budget,English,email,acquisition,1955,60,3,944.68,718.13,0.7602,5.0
MC-01943,2024-02-07,IN,Kolkata,Software Engineer,mid,Hindi,email,retention,78670,1678,47,989.24,53456.92,54.0384,4.0
MC-00480,2024-02-07,IN,Mumbai,Researcher,mid,Hindi,display,acquisition,163995,1501,110,969.93,101217.33,104.3553,3.0
MC-02626,2024-02-07,IN,Chennai,Consultant,mid,Hindi,search,retention,25551,2008,64,2719.6,53734.95,19.7584,9.0
MC-02946,2024-02-07,US,Phoenix,Consultant,mid,English,search,acquisition,8665,589,37,10142.34,25233.12,2.4879,8.0
MC-00944,2024-02-07,IN,Chennai,Lawyer,mid,Hindi,social_media,retention,144797,2339,67,1315.54,68167.83,51.8174,1.0
MC-00626,2024-02-07,IN,Pune,Sales Rep,budget,Hindi,social_media,awareness,25015,498,32,1339.79,3497.22,2.6103,4.0
MC-01849,2024-02-07,US,Phoenix,Marketing Manager,premium,English,content_marketing,acquisition,11372,184,7,2980.27,25677.9,8.616,6.0
MC-01210,2024-02-07,US,Houston,Writer,mid,English,content_marketing,retention,11481,183,11,1233.86,5255.69,4.2596,3.0
MC-00312,2024-02-07,MX,Guadalajara,Writer,premium,Spanish,social_media,awareness,500000,9987,503,3031.47,1603880.95,529.077,5.0
MC-01145,2024-02-07,FR,Paris,Teacher,budget,French,search,acquisition,26755,2543,46,1926.77,5441.61,2.8242,10.0
MC-02512,2024-02-07,IN,Mumbai,Writer,budget,Hindi,social_media,acquisition,32300,452,26,457.43,2402.4,5.252,6.0
MC-01962,2024-02-07,US,Seattle,Sales Rep,mid,English,email,retention,1000,24,1,11396.53,633.08,0.0556,2.0
MC-00248,2024-02-07,IL,Jerusalem,Accountant,budget,Hebrew,email,acquisition,14448,385,15,912.8,1821.16,1.9951,6.0
MC-02865,2024-02-07,IN,Kolkata,Lawyer,budget,Hindi,display,retention,63798,774,27,3907.82,5021.77,1.2851,5.0
MC-01112,2024-02-07,IL,Jerusalem,Consultant,budget,Hebrew,search,acquisition,201905,11759,734,2514.3,125809.61,50.0376,10.0
MC-02223,2024-02-07,US,Seattle,Researcher,premium,English,email,awareness,15024,413,9,3539.79,38821.77,10.9673,8.0
MC-02867,2024-02-07,IL,Haifa,Data Scientist,budget,Hebrew,social_media,acquisition,63830,1252,34,1451.44,7881.81,5.4303,10.0
MC-02601,2024-02-07,IN,Bangalore,Teacher,mid,Hindi,influencer,retention,236662,4187,94,464.34,45136.92,97.2066,9.0
MC-02900,2024-02-07,US,Chicago,Physician,premium,English,social_media,retention,68185,1428,72,4171.87,407764.83,97.7415,6.0
MC-00486,2024-02-07,CA,Calgary,Architect,mid,English,search,acquisition,16276,1242,73,823.91,66276.14,80.441,1.0
MC-02368,2024-02-07,AU,Perth,Data Scientist,premium,English,content_marketing,awareness,47278,606,28,934.48,146158.02,156.4057,8.0
MC-00232,2024-02-07,US,Seattle,Teacher,mid,English,social_media,acquisition,61510,1589,110,413.87,63814.45,154.1896,1.0
MC-01349,2024-02-07,FR,Paris,Data Scientist,budget,French,email,re_engagement,94517,2455,38,2134.64,6687.78,3.133,3.0
MC-00740,2024-02-07,DE,Hamburg,Marketing Manager,budget,German,email,re_engagement,36320,1027,21,4567.48,3340.77,0.7314,3.0
MC-02171,2024-02-07,BR,São Paulo,Consultant,budget,Portuguese,content_marketing,awareness,51465,821,63,1541.07,9423.33,6.1148,2.0
MC-01238,2024-02-07,NL,Amsterdam,HR Manager,mid,Dutch,social_media,awareness,37067,863,65,839.55,40303.12,48.0056,4.0
MC-02177,2024-02-07,US,San Francisco,Lawyer,premium,English,content_marketing,awareness,90391,1284,69,2011.18,340211.68,169.1602,8.0
MC-02015,2024-02-07,US,New York,Consultant,budget,English,display,awareness,225039,2249,48,2333.06,8288.41,3.5526,8.0
MC-02281,2024-02-07,JP,Tokyo,Teacher,budget,Japanese,social_media,acquisition,27082,553,27,3489.79,2695.0,0.7723,1.0
MC-00792,2024-02-07,GB,Manchester,Product Manager,budget,English,search,acquisition,19256,1704,61,2911.72,10055.28,3.4534,7.0
MC-00286,2024-02-07,IN,Delhi,Accountant,mid,Hindi,email,retention,48370,1781,142,8246.36,94875.58,11.5051,1.0
MC-00839,2024-02-07,AU,Melbourne,Researcher,mid,English,search,re_engagement,60790,5082,188,1406.46,174769.01,124.2616,10.0
MC-00687,2024-02-07,GB,Leeds,Consultant,mid,English,email,retention,2978,93,3,4003.91,2760.9,0.6896,7.0
MC-00124,2024-02-07,DE,Frankfurt,Software Engineer,budget,German,influencer,acquisition,91578,1615,91,5580.93,19291.66,3.4567,2.0
MC-01467,2024-02-08,US,New York,Architect,mid,English,email,awareness,6907,241,19,810.56,23060.68,28.4503,6.0
MC-02636,2024-02-08,IN,Mumbai,Product Manager,mid,Hindi,social_media,awareness,10997,252,7,2558.26,5402.7,2.1119,4.0
MC-00477,2024-02-08,IL,Jerusalem,Designer,mid,Hebrew,social_media,acquisition,198232,4419,299,2813.24,169342.09,60.1947,7.0
MC-00119,2024-02-08,US,Los Angeles,Software Engineer,budget,English,email,awareness,38904,1377,53,290.73,10687.8,36.7619,6.0
MC-00550,2024-02-08,SG,Singapore,Consultant,mid,English,social_media,awareness,376865,6542,104,6839.88,67849.24,9.9197,3.0
MC-01138,2024-02-08,SG,Singapore,Physician,budget,English,display,acquisition,49593,668,10,1146.31,1982.16,1.7292,8.0
MC-00497,2024-02-08,BR,São Paulo,Writer,budget,Portuguese,email,acquisition,3391,99,6,1374.45,638.8,0.4648,5.0
MC-01125,2024-02-08,ZA,Johannesburg,Researcher,premium,Afrikaans,search,acquisition,19192,1732,50,499.59,199927.41,400.183,5.0
MC-02308,2024-02-08,US,New York,HR Manager,budget,English,search,retention,2766,210,15,1751.04,1751.35,1.0002,4.0
MC-02842,2024-02-08,GB,London,Product Manager,mid,English,social_media,acquisition,157897,2354,122,252.07,94559.99,375.1339,6.0
MC-02852,2024-02-08,NL,Amsterdam,Sales Rep,premium,Dutch,influencer,acquisition,52527,1563,51,1155.54,120202.22,104.0226,9.0
MC-02335,2024-02-08,GB,Birmingham,Architect,premium,English,influencer,re_engagement,61896,1361,47,1064.24,214895.33,201.9237,1.0
MC-01347,2024-02-08,CA,Ottawa,Physician,budget,English,social_media,acquisition,21717,427,7,812.46,1735.62,2.1363,6.0
MC-00250,2024-02-08,FR,Nice,Researcher,premium,French,display,retention,13389,193,11,939.45,49335.43,52.5152,8.0
MC-01495,2024-02-08,US,New York,Writer,mid,English,search,retention,500000,29848,446,284.5,234885.48,825.608,8.0
MC-01504,2024-02-08,DE,Cologne,Lawyer,budget,German,search,acquisition,17395,1072,26,2626.92,5251.22,1.999,3.0
MC-02858,2024-02-08,FR,Paris,Consultant,budget,French,email,acquisition,123219,3553,233,4312.06,36799.53,8.5341,6.0
MC-00962,2024-02-08,US,Seattle,Sales Rep,mid,English,social_media,awareness,6402,100,6,23663.9,3583.07,0.1514,10.0
MC-01838,2024-02-08,US,San Francisco,Writer,premium,English,social_media,acquisition,108950,1563,62,1104.5,171877.68,155.6158,6.0
MC-02168,2024-02-08,CA,Vancouver,Physician,budget,English,influencer,acquisition,86317,2134,48,6121.42,11071.98,1.8087,2.0
MC-01610,2024-02-08,ZA,Cape Town,Teacher,mid,Afrikaans,email,acquisition,2131,53,3,662.82,1807.78,2.7274,2.0
MC-00177,2024-02-08,NL,The Hague,Designer,mid,Dutch,display,awareness,93792,1320,57,2335.52,27049.99,11.582,10.0
MC-01609,2024-02-08,US,New York,HR Manager,premium,English,influencer,awareness,131995,3384,205,977.32,613067.67,627.2947,9.0
MC-02164,2024-02-08,DE,Stuttgart,Product Manager,premium,German,search,acquisition,72546,6953,502,727.78,2380216.4,3270.5164,4.0
MC-02065,2024-02-08,MX,Monterrey,Accountant,mid,Spanish,email,awareness,28983,991,14,1318.79,9963.31,7.5549,2.0
MC-02142,2024-02-08,IN,Mumbai,Accountant,mid,Hindi,influencer,retention,500000,13898,637,1600.0,533514.98,333.4469,9.0
MC-02819,2024-02-08,GB,Glasgow,HR Manager,premium,English,social_media,acquisition,460085,7044,278,3012.77,782508.96,259.7307,2.0
MC-01381,2024-02-08,FR,Lyon,Consultant,premium,French,social_media,retention,500000,11628,773,406.19,3305155.63,8136.9695,1.0
MC-01380,2024-02-08,US,Los Angeles,Teacher,mid,English,social_media,acquisition,384835,8888,328,650.56,216042.31,332.0867,4.0
MC-02260,2024-02-08,US,New York,Software Engineer,mid,English,email,retention,49472,1193,24,451.66,21739.01,48.1314,4.0
MC-00748,2024-02-08,NL,The Hague,Writer,mid,Dutch,email,acquisition,35125,871,11,6836.73,6390.16,0.9347,5.0
MC-01283,2024-02-08,IN,Mumbai,Marketing Manager,budget,Hindi,social_media,awareness,398535,10069,626,1289.33,93862.47,72.7994,6.0
MC-00722,2024-02-08,FR,Toulouse,HR Manager,premium,French,social_media,awareness,23560,552,28,9074.08,66732.69,7.3542,10.0
MC-02355,2024-02-08,ES,Valencia,Writer,budget,Spanish,social_media,retention,170390,3711,165,8520.64,19409.27,2.2779,6.0
MC-01458,2024-02-09,IN,Chennai,Accountant,budget,Hindi,social_media,acquisition,69697,1673,21,2064.85,2936.26,1.422,3.0
MC-02471,2024-02-09,IN,Hyderabad,Consultant,budget,Hindi,search,awareness,72807,4600,320,1784.47,52347.6,29.3351,9.0
MC-01039,2024-02-09,GB,Bristol,Accountant,mid,English,email,acquisition,3112,107,6,84.55,4667.65,55.2058,2.0
MC-00041,2024-02-09,GB,Bristol,Consultant,budget,English,email,awareness,188967,4017,197,4658.8,26021.2,5.5854,4.0
MC-00002,2024-02-09,IN,Hyderabad,Marketing Manager,mid,Hindi,display,awareness,82182,1018,52,6314.26,49291.73,7.8064,6.0
MC-00592,2024-02-09,GB,Manchester,Teacher,mid,English,search,acquisition,32240,2381,130,17047.55,75921.93,4.4535,8.0
MC-01430,2024-02-09,US,Los Angeles,Researcher,mid,English,display,retention,121368,1770,101,4841.26,67819.73,14.0087,5.0
MC-01401,2024-02-09,AU,Sydney,Writer,mid,English,social_media,acquisition,154595,3558,195,4336.1,99348.62,22.912,8.0
MC-02002,2024-02-09,IN,Delhi,Consultant,premium,Hindi,influencer,acquisition,13453,385,7,4231.56,32767.29,7.7435,2.0
MC-02305,2024-02-09,US,San Francisco,HR Manager,budget,English,search,acquisition,60651,3539,275,335.01,34285.43,102.3415,6.0
MC-00015,2024-02-09,US,Seattle,Marketing Manager,budget,English,social_media,retention,121235,2486,87,915.89,15305.99,16.7116,6.0
MC-01540,2024-02-09,GB,Leeds,Marketing Manager,mid,English,display,retention,223995,1965,90,1063.69,79329.57,74.5796,1.0
MC-00610,2024-02-09,US,Seattle,Product Manager,budget,English,search,acquisition,25660,1534,23,472.83,3856.71,8.1567,9.0
MC-00149,2024-02-09,SG,Singapore,Writer,mid,English,social_media,retention,197440,2880,72,1121.59,41140.7,36.6807,8.0
MC-02586,2024-02-09,JP,Osaka,Data Scientist,mid,Japanese,email,awareness,32715,817,52,838.97,61307.4,73.0746,9.0
MC-02014,2024-02-09,BR,Salvador,Software Engineer,mid,Portuguese,social_media,re_engagement,119942,2317,177,6088.95,236582.06,38.8543,6.0
MC-01907,2024-02-09,NL,Rotterdam,Product Manager,budget,Dutch,display,acquisition,46563,623,25,2233.88,3409.46,1.5263,9.0
MC-01678,2024-02-09,US,Houston,Designer,mid,English,influencer,awareness,164687,4443,121,1737.38,58532.07,33.6898,6.0
MC-02439,2024-02-09,MX,Puebla,Sales Rep,premium,Spanish,search,awareness,65753,4566,256,1023.74,721470.95,704.7404,3.0
MC-01930,2024-02-09,US,Phoenix,Product Manager,budget,English,influencer,awareness,389152,10284,813,129.69,139225.58,1073.5259,4.0
MC-01073,2024-02-09,DE,Berlin,Marketing Manager,budget,German,social_media,acquisition,74380,1870,59,5591.46,9848.47,1.7613,1.0
MC-02161,2024-02-09,ZA,Durban,Marketing Manager,mid,Afrikaans,social_media,acquisition,275415,4292,229,5519.26,214073.43,38.7866,6.0
MC-01906,2024-02-09,IN,Bangalore,HR Manager,budget,Hindi,search,acquisition,78553,6866,130,796.78,15306.32,19.2102,7.0
MC-02767,2024-02-09,GB,Leeds,Teacher,mid,English,social_media,re_engagement,257477,5339,259,1487.82,162650.46,109.3213,9.0
MC-00709,2024-02-09,DE,Frankfurt,Teacher,premium,German,influencer,acquisition,174780,5334,167,2990.06,464872.02,155.4725,9.0
MC-00070,2024-02-09,DE,Stuttgart,Sales Rep,budget,German,social_media,retention,337110,5089,378,928.94,34954.41,37.6283,2.0
MC-01778,2024-02-09,US,Chicago,Software Engineer,mid,English,content_marketing,retention,53911,1214,87,7174.85,97971.94,13.6549,5.0
MC-01477,2024-02-09,IN,Hyderabad,Accountant,premium,Hindi,email,re_engagement,89171,2013,77,2099.72,367794.5,175.1636,4.0
MC-01872,2024-02-09,US,Houston,HR Manager,budget,English,email,awareness,37004,849,62,1086.47,7157.16,6.5875,5.0
MC-00093,2024-02-09,SG,Singapore,Researcher,mid,English,email,acquisition,53225,1347,49,827.87,46529.31,56.2036,9.0
MC-00996,2024-02-09,US,Seattle,Accountant,mid,English,social_media,retention,57770,850,36,2770.41,27958.3,10.0918,6.0
MC-02208,2024-02-09,MX,Puebla,Teacher,mid,Spanish,email,retention,4140,115,8,8653.8,3812.17,0.4405,10.0
MC-02843,2024-02-09,US,Houston,Researcher,mid,English,social_media,retention,27135,469,19,623.68,16122.15,25.85,4.0
MC-02542,2024-02-09,IN,Chennai,Software Engineer,mid,Hindi,email,awareness,2685,79,6,779.96,6709.37,8.6022,1.0
MC-00378,2024-02-09,ES,Madrid,Researcher,mid,Spanish,search,retention,57840,4352,260,1922.7,247952.75,128.9607,10.0
MC-02047,2024-02-09,US,San Francisco,Teacher,mid,English,content_marketing,acquisition,26568,436,5,1620.59,2334.68,1.4406,9.0
MC-00400,2024-02-09,IN,Hyderabad,Lawyer,budget,Hindi,social_media,retention,183082,3831,212,5481.3,47983.08,8.754,10.0
MC-01159,2024-02-09,DE,Hamburg,Physician,budget,German,search,retention,148794,13932,954,3700.78,177741.29,48.0281,7.0
MC-00546,2024-02-09,FR,Lyon,HR Manager,mid,French,search,re_engagement,4636,327,3,1514.37,1907.42,1.2595,5.0
MC-01890,2024-02-09,ZA,Johannesburg,Researcher,mid,Afrikaans,email,retention,27215,603,9,16310.74,7305.09,0.4479,1.0
MC-01552,2024-02-09,BR,Brasília,Researcher,budget,Portuguese,display,acquisition,23973,343,19,1571.93,3283.52,2.0888,1.0
MC-02672,2024-02-09,NL,Utrecht,Consultant,budget,Dutch,display,awareness,66840,916,43,5793.85,5259.09,0.9077,4.0
MC-01812,2024-02-09,BR,Fortaleza,Physician,mid,Portuguese,search,re_engagement,123190,7305,342,7485.28,334143.38,44.6401,3.0
MC-02072,2024-02-09,GB,Bristol,Software Engineer,premium,English,social_media,acquisition,198592,3465,101,599.74,540481.6,901.1932,9.0
MC-01808,2024-02-09,IN,Pune,Writer,premium,Hindi,email,acquisition,5043,151,4,3796.31,13285.77,3.4997,1.0
MC-01020,2024-02-10,BR,Rio de Janeiro,Writer,budget,Portuguese,social_media,awareness,500000,7475,588,569.1,63428.02,111.4532,9.0
MC-00396,2024-02-10,MX,Puebla,Marketing Manager,premium,Spanish,content_marketing,awareness,13447,254,19,619.18,62870.8,101.5388,6.0
MC-00729,2024-02-10,BR,Salvador,Researcher,budget,Portuguese,search,re_engagement,14563,1195,19,1822.69,3263.7,1.7906,7.0
MC-01833,2024-02-10,BR,Salvador,Sales Rep,premium,Portuguese,search,acquisition,111514,9650,286,4964.31,664972.92,133.9507,4.0
MC-00945,2024-02-10,US,Seattle,Designer,mid,English,influencer,awareness,108154,2588,113,5322.78,67163.2,12.6181,4.0
MC-00010,2024-02-10,CA,Toronto,Writer,premium,English,display,retention,39144,354,8,1677.29,26415.42,15.7489,5.0
MC-01750,2024-02-10,US,Seattle,Product Manager,premium,English,social_media,awareness,88485,1635,93,1880.28,437947.29,232.916,3.0
MC-02655,2024-02-10,US,San Francisco,HR Manager,budget,English,social_media,retention,174807,4404,334,2159.57,32742.31,15.1615,6.0
MC-00684,2024-02-10,FR,Marseille,Architect,premium,French,email,retention,2848,101,1,962.55,4502.62,4.6778,1.0
MC-00107,2024-02-10,GB,London,Sales Rep,mid,English,content_marketing,retention,110157,1769,126,1082.27,70468.89,65.1121,6.0
MC-02832,2024-02-10,US,Chicago,Researcher,mid,English,influencer,acquisition,92043,2254,59,3179.77,54587.18,17.167,7.0
MC-01191,2024-02-10,US,San Francisco,Teacher,premium,English,display,awareness,192072,2691,140,946.93,327563.47,345.9215,10.0
MC-02053,2024-02-10,IN,Pune,Researcher,budget,Hindi,content_marketing,acquisition,4455,79,3,1523.19,431.3,0.2832,7.0
MC-02589,2024-02-10,FR,Bordeaux,Marketing Manager,mid,French,social_media,awareness,500000,12174,498,1011.61,439208.29,434.1676,6.0
MC-01942,2024-02-10,US,Phoenix,Data Scientist,mid,English,search,acquisition,163792,12214,514,1410.23,500923.04,355.2066,7.0
MC-02222,2024-02-10,IN,Delhi,Sales Rep,mid,Hindi,search,retention,28491,2606,117,1168.32,67000.76,57.348,7.0
MC-01289,2024-02-10,ZA,Durban,Sales Rep,premium,Afrikaans,social_media,retention,408912,7999,433,1788.07,1321435.99,739.0292,4.0
MC-00253,2024-02-10,US,Seattle,Marketing Manager,budget,English,influencer,retention,70891,1805,142,2141.38,20660.56,9.6482,9.0
MC-00783,2024-02-10,MX,Monterrey,Physician,mid,Spanish,search,acquisition,102726,7917,218,2511.45,225342.61,89.7261,2.0
MC-00760,2024-02-11,US,New York,Architect,mid,English,social_media,retention,136815,3291,207,666.99,248922.62,373.2029,6.0
MC-00458,2024-02-11,ES,Valencia,Accountant,mid,Spanish,search,acquisition,32655,2088,66,3890.63,61933.43,15.9186,1.0
MC-02860,2024-02-11,US,Los Angeles,Product Manager,mid,English,social_media,retention,108547,2109,149,2037.03,-723.5672031404166,-0.3552,10.0
MC-01423,2024-02-11,IN,Delhi,Sales Rep,premium,Hindi,social_media,awareness,43085,666,19,233.42,51526.5,220.7459,10.0
MC-00399,2024-02-11,BR,Brasília,Teacher,budget,Portuguese,content_marketing,acquisition,208853,3358,101,731.85,11603.17,15.8546,9.0
MC-01566,2024-02-11,IN,Delhi,Product Manager,premium,Hindi,search,awareness,146629,10972,522,619.77,2207778.54,3562.2546,2.0
MC-02736,2024-02-11,JP,Sapporo,Consultant,mid,Japanese,social_media,acquisition,103890,1864,138,3213.5,126758.55,39.4456,4.0
MC-02915,2024-02-11,US,Phoenix,Data Scientist,mid,English,search,awareness,51776,4082,85,597.35,108444.19,181.5421,1.0
MC-02263,2024-02-11,US,New York,Software Engineer,mid,English,content_marketing,acquisition,20326,308,21,1296.54,21812.72,16.8238,9.0
MC-02212,2024-02-11,US,Los Angeles,Sales Rep,premium,English,search,acquisition,103458,8799,431,4484.23,1027544.89,229.1463,8.0
MC-01508,2024-02-11,US,San Francisco,Data Scientist,mid,English,social_media,acquisition,31625,448,27,2201.21,31209.18,14.1782,4.0
MC-02872,2024-02-11,US,Seattle,Teacher,mid,English,influencer,acquisition,129409,4012,44,1975.5,22278.7,11.2775,9.0
MC-02603,2024-02-11,ES,Seville,Designer,budget,Spanish,display,acquisition,6366,68,1,2257.81,92.17,0.0408,8.0
MC-01090,2024-02-11,US,Chicago,Software Engineer,budget,English,social_media,retention,114362,1917,56,956.13,11935.11,12.4827,7.0
MC-01010,2024-02-11,IN,Bangalore,Marketing Manager,mid,Hindi,social_media,acquisition,211005,4192,243,995.12,201454.15,202.4421,4.0
MC-00057,2024-02-11,IN,Mumbai,Marketing Manager,mid,Hindi,influencer,retention,49033,1073,51,2008.07,33027.3,16.4473,8.0
MC-01137,2024-02-11,FR,Nice,Researcher,premium,French,social_media,awareness,31745,492,34,723.85,139186.66,192.2866,8.0
MC-02025,2024-02-11,IN,Pune,Accountant,budget,Hindi,email,acquisition,76695,2133,66,2850.36,9154.86,3.2118,5.0
MC-00111,2024-02-11,GB,Manchester,Consultant,budget,English,social_media,retention,9137,144,2,1065.2,312.17,0.2931,8.0
MC-01002,2024-02-11,GB,London,Product Manager,budget,English,display,acquisition,64683,685,44,1181.62,5561.3,4.7065,8.0
MC-01643,2024-02-12,FR,Lyon,Teacher,mid,French,social_media,awareness,500000,9352,646,450.33,321861.28,714.7232,8.0
MC-00088,2024-02-12,DE,Cologne,Researcher,premium,German,email,retention,23169,746,13,588.11,57882.6,98.4214,4.0
MC-01646,2024-02-12,ZA,Port Elizabeth,Designer,mid,Afrikaans,social_media,re_engagement,500000,9457,742,1430.5,470367.78,328.8135,6.0
MC-00472,2024-02-12,DE,Stuttgart,Product Manager,mid,German,social_media,re_engagement,36842,664,15,1442.41,12041.88,8.3484,10.0
MC-00487,2024-02-12,IN,Mumbai,HR Manager,mid,Hindi,search,acquisition,18872,1738,125,189.48,69893.89,368.8721,5.0
MC-00035,2024-02-12,ZA,Johannesburg,Product Manager,premium,Afrikaans,display,retention,85839,1296,14,1758.77,63788.21,36.2686,1.0
MC-02996,2024-02-12,GB,Bristol,Teacher,mid,English,social_media,retention,99767,1690,127,5982.96,78354.79,13.0963,3.0
MC-02559,2024-02-12,IN,Mumbai,HR Manager,mid,Hindi,search,retention,15331,806,18,515.43,8155.3,15.8223,9.0
MC-01488,2024-02-12,US,New York,Architect,budget,English,influencer,awareness,95353,2803,93,803.61,22056.18,27.4464,7.0
MC-02971,2024-02-12,GB,Glasgow,Sales Rep,mid,English,social_media,acquisition,93060,1700,95,1785.66,56628.12,31.7127,5.0
MC-01545,2024-02-12,GB,London,Architect,mid,English,search,retention,3220,239,15,2051.53,19237.41,9.3771,8.0
MC-01227,2024-02-12,IN,Bangalore,Accountant,budget,Hindi,social_media,retention,176912,3878,278,7269.36,37002.43,5.0902,4.0
MC-00884,2024-02-12,DE,Stuttgart,Lawyer,budget,German,social_media,re_engagement,20967,298,4,3876.41,786.99,0.203,8.0
MC-02637,2024-02-12,US,Los Angeles,Physician,mid,English,social_media,re_engagement,462992,10281,332,1295.77,362387.99,279.67,10.0
MC-00977,2024-02-12,US,Seattle,Product Manager,budget,English,email,acquisition,46302,1240,84,7251.17,11853.09,1.6346,3.0
MC-01322,2024-02-12,IN,Bangalore,Researcher,mid,Hindi,content_marketing,acquisition,15159,341,26,9141.93,21376.72,2.3383,4.0
MC-01818,2024-02-12,FR,Paris,Product Manager,mid,French,social_media,acquisition,500000,11121,350,2179.96,284604.83,130.5551,5.0
MC-01705,2024-02-12,US,Phoenix,Software Engineer,mid,English,email,awareness,17750,407,14,190.12,16840.92,88.5805,1.0
MC-02670,2024-02-12,SG,Singapore,Writer,mid,English,social_media,acquisition,53442,1119,85,6663.31,55823.97,8.3778,2.0
MC-02936,2024-02-12,IN,Chennai,Physician,budget,Hindi,social_media,re_engagement,26387,526,18,923.42,4253.73,4.6065,4.0
MC-00856,2024-02-12,US,New York,Data Scientist,budget,English,content_marketing,acquisition,16951,276,21,4972.69,4751.83,0.9556,3.0
MC-02371,2024-02-12,US,San Francisco,Writer,premium,English,search,acquisition,14104,1018,65,1314.79,148208.58,112.7241,5.0
MC-01977,2024-02-12,DE,Hamburg,Designer,mid,German,email,acquisition,4015,103,1,3753.21,477.26,0.1272,4.0
MC-00237,2024-02-12,JP,Yokohama,Software Engineer,budget,Japanese,social_media,awareness,295540,4482,246,1429.06,57671.22,40.3561,8.0
MC-02303,2024-02-12,BR,Rio de Janeiro,Sales Rep,budget,Portuguese,social_media,acquisition,18217,288,17,665.09,1968.86,2.9603,7.0
MC-02090,2024-02-12,US,San Francisco,Writer,budget,English,email,acquisition,44806,1704,54,5771.67,5622.86,0.9742,4.0
MC-00062,2024-02-12,DE,Hamburg,Accountant,premium,German,email,retention,11176,286,18,812.07,83553.09,102.889,8.0
MC-00624,2024-02-12,SG,Singapore,Lawyer,premium,English,search,retention,92864,8524,669,769.2,3431956.51,4461.7219,7.0
MC-00306,2024-02-12,US,San Francisco,Writer,mid,English,email,acquisition,6428,145,11,379.37,5890.75,15.5277,1.0
MC-01013,2024-02-12,MX,Mexico City,Consultant,budget,Spanish,display,acquisition,135372,1583,38,1134.29,4570.01,4.029,8.0
MC-00145,2024-02-12,IL,Netanya,Writer,mid,Hebrew,search,retention,218823,15748,588,3508.45,267556.4,76.2606,8.0
MC-00355,2024-02-12,FR,Nice,Researcher,premium,French,email,acquisition,20232,689,31,1325.56,123710.96,93.3273,8.0
MC-00551,2024-02-12,NL,The Hague,Writer,mid,Dutch,social_media,acquisition,226407,4474,162,15325.1,95537.84,6.2341,1.0
MC-02833,2024-02-12,GB,Birmingham,Architect,budget,English,display,awareness,500000,6780,520,3189.94,97673.81,30.6193,1.0
MC-02706,2024-02-12,DE,Berlin,Software Engineer,mid,German,social_media,acquisition,116927,1926,113,1225.8,129348.44,105.5217,6.0
MC-02674,2024-02-12,IN,Mumbai,Teacher,mid,Hindi,social_media,re_engagement,305735,5623,377,1681.2,244216.62,145.2633,2.0
MC-02677,2024-02-12,US,Houston,Marketing Manager,mid,English,search,awareness,7933,621,39,3966.43,29403.43,7.4131,7.0
MC-00027,2024-02-12,US,Los Angeles,Accountant,premium,English,social_media,acquisition,18410,435,18,1220.94,75370.74,61.7317,7.0
MC-01365,2024-02-12,CA,Ottawa,Product Manager,budget,English,search,acquisition,85087,5523,342,2834.79,41648.43,14.6919,7.0
MC-01358,2024-02-12,GB,Birmingham,Product Manager,premium,English,display,acquisition,500000,6793,106,695.34,500290.93,719.4911,9.0
MC-01780,2024-02-12,IN,Hyderabad,Sales Rep,premium,Hindi,email,retention,7952,217,6,1858.21,19563.0,10.5279,2.0
MC-00984,2024-02-12,US,Chicago,Product Manager,budget,English,email,awareness,47455,1749,95,1159.8,15735.84,13.5677,7.0
MC-00901,2024-02-12,US,Seattle,Researcher,mid,English,influencer,retention,13991,319,3,617.02,2835.34,4.5952,3.0
MC-02827,2024-02-12,BR,São Paulo,Lawyer,budget,Portuguese,influencer,awareness,44955,996,32,591.35,5910.12,9.9943,3.0
MC-01291,2024-02-12,US,Los Angeles,Software Engineer,premium,English,social_media,retention,500000,11995,243,7730.97,1545641.66,199.9286,10.0
MC-02511,2024-02-12,US,San Francisco,Software Engineer,budget,English,social_media,acquisition,173667,2482,182,6534.86,37137.52,5.683,5.0
MC-01831,2024-02-12,IN,Chennai,Teacher,premium,Hindi,influencer,acquisition,24132,462,20,2802.32,52053.23,18.575,1.0
MC-01969,2024-02-12,US,Chicago,Physician,mid,English,search,awareness,108571,9567,441,33559.13,502726.61,14.9803,6.0
MC-01177,2024-02-12,IN,Chennai,Teacher,mid,Hindi,social_media,awareness,64060,1019,61,2808.14,30843.58,10.9836,2.0
MC-01490,2024-02-13,IN,Bangalore,Researcher,mid,Hindi,email,retention,60360,1522,48,1499.48,45521.22,30.358,1.0
MC-00573,2024-02-13,GB,Leeds,Teacher,mid,English,email,re_engagement,36953,1156,51,1633.32,33393.63,20.4452,6.0
MC-01569,2024-02-13,IN,Kolkata,Researcher,mid,Hindi,search,awareness,16665,1167,23,766.85,16924.76,22.0705,5.0
MC-01480,2024-02-13,ZA,Durban,Product Manager,budget,Afrikaans,display,acquisition,362955,5023,90,4231.66,12388.9,2.9277,2.0
MC-02214,2024-02-13,ES,Barcelona,Architect,mid,Spanish,social_media,acquisition,51095,1106,56,3934.57,53883.06,13.6948,1.0
MC-01528,2024-02-13,BR,Rio de Janeiro,Data Scientist,premium,Portuguese,email,acquisition,5561,193,2,10961.0,13257.84,1.2095,5.0
MC-01479,2024-02-13,IL,Jerusalem,Data Scientist,mid,Hebrew,social_media,acquisition,14072,261,10,625.98,10818.01,17.2817,3.0
MC-01536,2024-02-13,US,Chicago,Software Engineer,budget,English,social_media,retention,273885,5428,145,1085.12,27365.56,25.2189,7.0
MC-01631,2024-02-13,US,Chicago,Writer,premium,English,search,retention,34322,1900,20,551.23,49199.69,89.2544,8.0
MC-01228,2024-02-13,US,New York,Lawyer,budget,English,social_media,re_engagement,150262,3566,145,5233.88,24968.76,4.7706,3.0
MC-02363,2024-02-13,US,Chicago,Researcher,premium,English,email,awareness,34771,995,44,24888.4,208428.51,8.3745,2.0
MC-00966,2024-02-13,US,Chicago,Data Scientist,mid,English,search,retention,73913,4273,261,7874.98,269682.35,34.2455,3.0
MC-01208,2024-02-13,US,Seattle,Accountant,premium,English,email,acquisition,13750,441,21,9065.82,78414.21,8.6494,6.0
MC-01828,2024-02-13,DE,Cologne,Data Scientist,budget,German,social_media,retention,134780,2424,161,2142.64,37380.45,17.446,4.0
MC-00754,2024-02-13,CA,Calgary,Data Scientist,budget,English,social_media,acquisition,20657,397,11,1881.38,2537.75,1.3489,8.0
MC-01749,2024-02-13,NL,Rotterdam,Data Scientist,mid,Dutch,social_media,acquisition,180257,3625,176,4307.23,211375.9,49.0747,1.0
MC-02058,2024-02-13,IN,Hyderabad,Designer,budget,Hindi,email,retention,11751,264,7,1362.28,734.61,0.5393,8.0
MC-02056,2024-02-13,US,Seattle,Product Manager,mid,English,email,retention,18722,518,28,334.6,22380.1,66.8861,2.0
MC-00710,2024-02-13,CA,Ottawa,Teacher,budget,English,social_media,retention,39927,854,40,994.18,4809.69,4.8378,4.0
MC-02415,2024-02-13,BR,São Paulo,Sales Rep,budget,Portuguese,email,retention,137611,3706,88,1487.5,7505.34,5.0456,6.0
MC-00038,2024-02-13,US,Houston,Writer,premium,English,display,acquisition,340392,4255,107,482.27,312126.35,647.2025,4.0
MC-00138,2024-02-13,US,San Francisco,Architect,mid,English,influencer,retention,39888,751,24,434.6,26898.55,61.8927,3.0
MC-00322,2024-02-13,DE,Berlin,Product Manager,mid,German,content_marketing,re_engagement,7209,162,11,1264.94,9133.46,7.2205,4.0
MC-01343,2024-02-13,IN,Hyderabad,Architect,mid,Hindi,influencer,acquisition,304000,8044,295,1107.38,344413.22,311.0163,10.0
MC-00384,2024-02-13,IN,Chennai,Accountant,mid,Hindi,display,acquisition,51861,611,43,759.73,41153.43,54.1685,9.0
MC-01422,2024-02-13,US,New York,Sales Rep,budget,English,social_media,retention,148850,3610,135,339.06,11930.62,35.1873,4.0
MC-00141,2024-02-13,GB,Manchester,Designer,mid,English,email,acquisition,57666,1455,111,2062.83,72727.75,35.2563,5.0
MC-00601,2024-02-13,US,Seattle,Writer,budget,English,email,re_engagement,9965,284,14,80.04,1227.66,15.3381,4.0
MC-01937,2024-02-13,GB,Birmingham,Researcher,mid,English,email,re_engagement,37597,1063,78,3083.91,51673.54,16.7559,4.0
MC-00311,2024-02-13,MX,Tijuana,Physician,mid,Spanish,social_media,retention,62800,1264,23,10329.66,25477.03,2.4664,2.0
MC-02304,2024-02-13,GB,Glasgow,Sales Rep,budget,English,search,retention,65784,6047,260,1076.69,28404.56,26.3814,10.0
MC-00904,2024-02-13,IN,Chennai,Sales Rep,budget,Hindi,search,retention,9241,768,13,49063.0,1191.44,0.0243,9.0
MC-01995,2024-02-13,IN,Pune,Architect,premium,Hindi,search,awareness,50402,4417,257,5833.12,1599261.18,274.1691,6.0
MC-02445,2024-02-13,JP,Osaka,Lawyer,mid,Japanese,influencer,acquisition,500000,10624,181,289.69,183601.52,633.7862,7.0
MC-01089,2024-02-13,US,Los Angeles,Lawyer,mid,English,social_media,retention,108555,2396,63,1522.91,68141.73,44.7444,4.0
MC-01923,2024-02-13,US,Phoenix,Physician,premium,English,email,acquisition,6723,213,4,2824.63,21070.16,7.4594,4.0
MC-00678,2024-02-14,IN,Hyderabad,Designer,mid,Hindi,email,acquisition,11901,361,24,2190.0,15363.06,7.0151,10.0
MC-02552,2024-02-14,US,Phoenix,Lawyer,mid,English,search,acquisition,6326,360,22,5613.95,21869.87,3.8956,8.0
MC-01819,2024-02-14,IN,Pune,Designer,mid,Hindi,search,awareness,120572,9983,699,260.29,354024.32,1360.1149,6.0
MC-01822,2024-02-14,US,San Francisco,Accountant,budget,English,search,awareness,41818,3456,229,515.38,33566.99,65.1306,1.0
MC-02665,2024-02-14,US,Phoenix,Product Manager,budget,English,social_media,retention,135605,2572,86,755.6,13357.75,17.6783,9.0
MC-02007,2024-02-14,AU,Adelaide,Physician,premium,English,search,acquisition,47371,2757,165,738.24,924724.17,1252.6064,8.0
MC-01921,2024-02-14,GB,Leeds,Product Manager,premium,English,social_media,awareness,55757,1054,34,669.7,112005.83,167.2478,8.0
MC-00509,2024-02-14,BR,Rio de Janeiro,Product Manager,budget,Portuguese,social_media,awareness,82807,1614,85,541.23,14846.46,27.431,8.0
MC-01558,2024-02-14,BR,Rio de Janeiro,Lawyer,mid,Portuguese,email,acquisition,67214,2402,43,8568.82,55631.96,6.4924,10.0
MC-02802,2024-02-14,IN,Delhi,Lawyer,budget,Hindi,search,re_engagement,7508,543,40,1522.27,8639.59,5.6755,10.0
MC-01830,2024-02-14,ES,Valencia,Teacher,premium,Spanish,email,acquisition,40121,1120,12,2571.63,38492.11,14.968,10.0
MC-01078,2024-02-14,IN,Delhi,HR Manager,mid,Hindi,social_media,acquisition,479755,10309,260,2450.07,148210.27,60.4923,5.0
MC-02616,2024-02-14,US,San Francisco,Designer,budget,English,search,retention,76152,7355,475,2508.18,47304.07,18.8599,8.0
MC-01149,2024-02-14,DE,Munich,Software Engineer,mid,German,social_media,re_engagement,119640,1722,21,7592.81,22297.06,2.9366,6.0
MC-01570,2024-02-14,IN,Kolkata,Writer,mid,Hindi,display,acquisition,386205,3776,67,974.92,36953.31,37.9039,7.0
MC-02749,2024-02-14,JP,Tokyo,Writer,mid,Japanese,search,retention,24571,1372,58,422.59,26269.66,62.1635,9.0
MC-02500,2024-02-14,US,San Francisco,HR Manager,mid,English,search,retention,10165,737,21,3380.72,10874.68,3.2167,6.0
MC-02632,2024-02-14,US,New York,Consultant,premium,English,display,awareness,22902,259,20,1652.68,92894.34,56.2083,1.0
MC-02613,2024-02-14,US,New York,Lawyer,premium,English,social_media,retention,500000,10500,582,1234.05,3481144.89,2820.9107,9.0
MC-00222,2024-02-14,IL,Jerusalem,Designer,mid,Hebrew,content_marketing,retention,20529,368,24,5172.04,11211.42,2.1677,10.0
MC-01321,2024-02-14,IL,Beer Sheva,Writer,premium,Hebrew,social_media,retention,214390,4854,102,34099.37,261143.64,7.6583,3.0
MC-01725,2024-02-14,US,Los Angeles,Software Engineer,mid,English,social_media,retention,107480,2583,34,3446.24,38430.92,11.1516,5.0
MC-00142,2024-02-14,US,Phoenix,Lawyer,mid,English,email,retention,25367,918,55,29471.56,60085.36,2.0388,2.0
MC-00126,2024-02-14,US,Chicago,Researcher,budget,English,search,awareness,6432,620,8,5022.92,1008.02,0.2007,7.0
MC-02330,2024-02-14,GB,London,Physician,premium,English,influencer,acquisition,8659,156,5,1408.79,30602.58,21.7226,10.0
MC-02098,2024-02-14,IN,Mumbai,Consultant,premium,Hindi,social_media,acquisition,50985,1158,44,2473.31,155125.79,62.7199,6.0
MC-01474,2024-02-14,US,San Francisco,Lawyer,budget,English,display,awareness,84681,917,60,3304.2,12953.55,3.9203,4.0
MC-00581,2024-02-14,CA,Vancouver,Physician,premium,English,search,acquisition,93337,7386,480,1971.42,2638961.97,1338.6097,6.0
MC-00622,2024-02-14,US,Phoenix,Data Scientist,budget,English,search,retention,2316,126,7,813.11,1443.71,1.7755,3.0
MC-01332,2024-02-14,MX,Tijuana,Accountant,premium,Spanish,search,acquisition,34626,2344,101,1259.99,476430.69,378.1226,6.0
MC-01270,2024-02-14,CA,Vancouver,Software Engineer,mid,English,email,awareness,19485,581,26,1464.21,30961.24,21.1454,8.0
MC-02319,2024-02-14,DE,Cologne,Sales Rep,budget,German,email,awareness,14061,298,16,880.16,1548.9,1.7598,2.0
MC-00359,2024-02-14,IN,Hyderabad,Writer,budget,Hindi,influencer,awareness,6735,155,8,802.38,763.86,0.952,5.0
MC-02357,2024-02-14,IN,Delhi,Teacher,budget,Hindi,search,awareness,66329,4405,155,1711.44,17491.16,10.2201,10.0
MC-00907,2024-02-14,IL,Beer Sheva,Architect,mid,Hebrew,search,awareness,33011,2861,34,1490.54,32861.43,22.0467,4.0
MC-00558,2024-02-14,MX,Guadalajara,Software Engineer,budget,Spanish,social_media,awareness,140177,2747,166,1480.6,29162.93,19.6967,1.0
MC-00959,2024-02-14,US,Seattle,HR Manager,premium,English,search,retention,48933,2741,219,4103.28,557028.93,135.7521,10.0
MC-00746,2024-02-14,BR,Fortaleza,Accountant,mid,Portuguese,social_media,acquisition,204397,3704,74,1523.78,65533.79,43.0074,7.0
MC-00560,2024-02-14,FR,Toulouse,Teacher,premium,French,email,awareness,42678,1177,93,20390.9,269024.99,13.1934,2.0
MC-01269,2024-02-14,AU,Adelaide,Software Engineer,mid,English,search,re_engagement,18373,1207,76,918.21,87054.72,94.8092,1.0
MC-02135,2024-02-15,NL,Eindhoven,Sales Rep,premium,Dutch,email,retention,91617,2368,87,3651.28,262344.5,71.85,9.0
MC-00809,2024-02-15,MX,Mexico City,Lawyer,budget,Spanish,social_media,retention,202845,3907,64,812.47,15932.89,19.6104,1.0
MC-02690,2024-02-15,ES,Barcelona,Data Scientist,mid,Spanish,search,awareness,57226,3181,82,3547.28,92180.12,25.9861,3.0
MC-01687,2024-02-15,US,New York,Accountant,premium,English,display,acquisition,71400,640,24,24927.34,77233.19,3.0983,4.0
MC-01688,2024-02-15,DE,Stuttgart,Lawyer,budget,German,social_media,retention,423280,7898,484,1438.48,88136.03,61.2703,6.0
MC-02170,2024-02-15,GB,Birmingham,Consultant,budget,English,influencer,re_engagement,250227,4653,161,16157.01,27334.09,1.6918,4.0
MC-01970,2024-02-15,IN,Kolkata,Lawyer,budget,Hindi,display,retention,500000,5616,61,1275.66,14639.76,11.4762,9.0
MC-02070,2024-02-15,FR,Nice,HR Manager,mid,French,email,retention,10781,392,20,5135.59,13279.84,2.5858,9.0
MC-00576,2024-02-15,GB,Birmingham,Software Engineer,premium,English,social_media,acquisition,209782,3938,66,5235.9,332465.09,63.4972,9.0
MC-01881,2024-02-15,US,San Francisco,Consultant,mid,English,search,acquisition,8628,679,13,240.1,11995.11,49.9588,4.0
MC-02173,2024-02-15,SG,Singapore,Lawyer,premium,English,search,awareness,13254,1182,79,843.76,438256.74,519.4092,3.0
MC-01853,2024-02-15,IL,Jerusalem,Researcher,mid,Hebrew,search,acquisition,404907,39339,2077,752.63,1599031.02,2124.5911,6.0
MC-00721,2024-02-15,IN,Pune,HR Manager,budget,Hindi,email,acquisition,11192,339,4,1141.84,417.29,0.3655,8.0
MC-00210,2024-02-15,US,San Francisco,Researcher,budget,English,email,acquisition,31588,959,39,2820.38,6394.97,2.2674,4.0
MC-00090,2024-02-15,ES,Seville,HR Manager,budget,Spanish,email,retention,11534,287,18,584.5,1663.72,2.8464,2.0
MC-02198,2024-02-15,GB,Glasgow,Architect,budget,English,search,re_engagement,136643,11917,280,835.67,52040.47,62.2739,3.0
MC-02063,2024-02-15,GB,Bristol,Architect,mid,English,email,retention,12899,447,13,661.66,13569.49,20.5083,4.0
MC-02067,2024-02-15,IN,Hyderabad,Architect,premium,Hindi,search,acquisition,103474,5708,407,452.36,2720358.74,6013.7031,9.0
MC-00203,2024-02-15,ES,Barcelona,Product Manager,mid,Spanish,search,acquisition,262546,14163,227,1373.73,181829.91,132.3622,2.0
MC-00745,2024-02-15,US,Phoenix,Designer,budget,English,display,awareness,112197,1743,132,2813.95,11831.53,4.2046,6.0
MC-02975,2024-02-15,JP,Osaka,Sales Rep,mid,Japanese,social_media,acquisition,70245,1634,76,4702.8,38584.76,8.2046,6.0
MC-02676,2024-02-15,ES,Bilbao,Product Manager,mid,Spanish,search,awareness,71136,4537,101,11606.21,87275.57,7.5197,2.0
MC-01033,2024-02-15,IN,Kolkata,Physician,budget,Hindi,social_media,acquisition,44337,999,13,3185.13,2369.83,0.744,6.0
MC-02268,2024-02-15,NL,Eindhoven,Data Scientist,mid,Dutch,display,re_engagement,73545,800,22,919.77,24215.36,26.3276,1.0
MC-00438,2024-02-15,GB,Bristol,Consultant,mid,English,social_media,re_engagement,500000,12545,155,2998.71,131020.64,43.6923,10.0
MC-01476,2024-02-15,IN,Pune,Accountant,budget,Hindi,email,acquisition,45919,1133,78,1829.04,10226.63,5.5913,3.0
MC-01175,2024-02-15,AU,Perth,Researcher,budget,English,content_marketing,retention,23822,508,8,791.76,1395.39,1.7624,2.0
MC-02540,2024-02-15,US,Chicago,Designer,mid,English,social_media,acquisition,442027,6284,165,928.03,86985.52,93.7314,6.0
MC-01506,2024-02-15,GB,Glasgow,Physician,mid,English,social_media,retention,66635,1536,22,10752.12,23060.05,2.1447,1.0
MC-02481,2024-02-15,US,Seattle,Product Manager,budget,English,search,awareness,78399,6729,393,7739.23,56782.97,7.337,5.0
MC-02541,2024-02-15,JP,Yokohama,Data Scientist,mid,Japanese,influencer,re_engagement,10276,180,2,17695.94,2374.44,0.1342,9.0
MC-00504,2024-02-15,IN,Mumbai,Sales Rep,premium,Hindi,display,retention,500000,6308,454,2161.81,1235659.19,571.5855,10.0
MC-02721,2024-02-15,CA,Ottawa,Writer,mid,English,display,acquisition,500000,5396,205,3854.99,118966.83,30.8605,3.0
MC-01127,2024-02-15,FR,Bordeaux,Accountant,premium,French,social_media,awareness,344680,6061,264,2379.35,1045179.02,439.2708,7.0
MC-00500,2024-02-15,SG,Singapore,Software Engineer,premium,English,display,retention,130911,1715,75,1758.0,340269.03,193.5546,6.0
MC-02717,2024-02-15,IL,Haifa,Lawyer,premium,Hebrew,search,acquisition,122806,9074,90,4797.99,537786.39,112.0858,2.0
MC-02358,2024-02-15,DE,Hamburg,Marketing Manager,mid,German,search,acquisition,11743,619,46,274.44,30546.58,111.3051,1.0
MC-00278,2024-02-15,IN,Kolkata,Accountant,mid,Hindi,content_marketing,retention,2598,59,0,902.6,0.0,0.0,5.0
MC-00470,2024-02-15,JP,Yokohama,Product Manager,mid,Japanese,social_media,retention,15877,267,16,3226.1,12582.43,3.9002,10.0
MC-01622,2024-02-16,MX,Puebla,Writer,mid,Spanish,search,awareness,26510,1706,60,6748.27,39208.43,5.8101,5.0
MC-00172,2024-02-16,IN,Mumbai,Consultant,mid,Hindi,email,retention,27156,964,68,878.96,55355.08,62.9779,4.0
MC-00183,2024-02-16,FR,Paris,Sales Rep,mid,French,social_media,acquisition,42672,956,24,277.53,14591.84,52.5775,8.0
MC-02032,2024-02-16,SG,Singapore,Consultant,mid,English,search,retention,9745,709,17,3583.07,13698.02,3.823,8.0
MC-01438,2024-02-16,US,Phoenix,Product Manager,premium,English,search,acquisition,98111,8983,675,1437.91,2621255.98,1822.9625,2.0
MC-00648,2024-02-16,GB,Glasgow,Data Scientist,premium,English,email,awareness,23915,562,43,1051.01,226521.63,215.5276,8.0
MC-02256,2024-02-16,NL,Utrecht,Teacher,premium,Dutch,influencer,acquisition,500000,11869,142,368.16,345626.66,938.7947,4.0
MC-02635,2024-02-16,US,San Francisco,Lawyer,budget,English,search,acquisition,53957,5200,202,2661.01,44637.38,16.7746,1.0
MC-00840,2024-02-16,US,Houston,Designer,budget,English,content_marketing,retention,108970,1534,86,7545.66,9125.22,1.2093,10.0
MC-00505,2024-02-16,BR,Rio de Janeiro,Accountant,budget,Portuguese,display,awareness,161976,2523,125,3201.12,16977.36,5.3036,4.0
MC-01132,2024-02-16,IN,Delhi,Sales Rep,budget,Hindi,email,awareness,1238,31,0,868.55,0.0,0.0,8.0
MC-02496,2024-02-16,US,New York,HR Manager,budget,English,social_media,retention,78785,1627,99,1036.35,8626.65,8.3241,8.0
MC-00900,2024-02-16,US,Chicago,Researcher,budget,English,search,acquisition,106644,5690,359,280.65,53265.29,189.7926,9.0
MC-00537,2024-02-16,US,New York,HR Manager,budget,English,email,acquisition,14710,336,17,1483.47,2113.7,1.4248,4.0
MC-00356,2024-02-16,GB,Birmingham,Teacher,premium,English,display,retention,55674,713,11,2610.62,-839.1987806316492,-0.3215,7.0
MC-01776,2024-02-16,US,New York,Marketing Manager,mid,English,email,retention,1130,37,2,28399.33,1764.25,0.0621,4.0
MC-02955,2024-02-16,DE,Hamburg,Software Engineer,premium,German,social_media,acquisition,500000,8542,100,137.19,635202.46,4630.093,1.0
MC-00958,2024-02-16,MX,Guadalajara,Designer,budget,Spanish,social_media,awareness,85915,2019,92,1300.46,11265.06,8.6624,5.0
MC-01696,2024-02-16,IN,Hyderabad,HR Manager,mid,Hindi,content_marketing,acquisition,14019,284,19,1911.5,8600.39,4.4993,6.0
MC-01357,2024-02-16,JP,Yokohama,Lawyer,mid,Japanese,email,acquisition,3170,93,1,2481.79,1072.44,0.4321,5.0
MC-02307,2024-02-16,ZA,Pretoria,Designer,mid,Afrikaans,display,acquisition,73434,972,44,681.85,22477.0,32.9647,6.0
MC-01366,2024-02-16,US,Seattle,Sales Rep,budget,English,influencer,acquisition,193896,5937,339,6334.42,30789.07,4.8606,5.0
MC-01216,2024-02-16,US,Houston,Physician,budget,English,email,retention,19591,628,33,2839.53,7964.18,2.8048,9.0
MC-02370,2024-02-16,GB,Bristol,Researcher,mid,English,social_media,acquisition,87852,1797,87,142.35,66269.11,465.5364,8.0
MC-00304,2024-02-16,ZA,Pretoria,Designer,budget,Afrikaans,search,awareness,21457,1493,76,1512.18,7114.21,4.7046,3.0
MC-00148,2024-02-16,BR,Brasília,Data Scientist,premium,Portuguese,email,acquisition,4550,168,2,2364.13,9372.8,3.9646,10.0
MC-00730,2024-02-16,CA,Vancouver,HR Manager,mid,English,email,awareness,2443000,91392,1612,14574.16,1077271.56,73.9165,4.0
MC-02862,2024-02-16,US,San Francisco,Designer,mid,English,email,acquisition,27885,765,50,1225.67,28253.07,23.0511,7.0
MC-01827,2024-02-16,US,Los Angeles,Accountant,budget,English,social_media,awareness,95070,1833,115,1763.6,18619.7,10.5578,1.0
MC-00289,2024-02-16,US,San Francisco,Architect,premium,English,email,awareness,9701,352,19,760.22,92188.77,121.2659,5.0
MC-02778,2024-02-16,IN,Kolkata,Marketing Manager,mid,Hindi,email,acquisition,7377,223,14,59.04,11077.4,187.6253,3.0
MC-01475,2024-02-16,FR,Marseille,Data Scientist,premium,French,email,retention,5284,161,12,2817.78,62131.23,22.0497,5.0
MC-02111,2024-02-16,US,Los Angeles,Teacher,budget,English,search,awareness,16534,1404,45,869.23,5354.78,6.1604,6.0
MC-00843,2024-02-16,IN,Delhi,Software Engineer,mid,Hindi,social_media,re_engagement,6625,116,3,668.4,3869.35,5.789,2.0
MC-02474,2024-02-16,US,Phoenix,Accountant,mid,English,social_media,acquisition,500000,11111,552,2937.69,488263.5,166.2066,10.0
MC-02000,2024-02-16,IN,Bangalore,Software Engineer,budget,Hindi,influencer,re_engagement,27565,603,29,5474.83,5500.73,1.0047,5.0
MC-00860,2024-02-16,US,New York,Designer,premium,English,social_media,retention,149715,2469,54,926.43,143414.55,154.8034,7.0
MC-02564,2024-02-16,US,San Francisco,Sales Rep,premium,English,content_marketing,retention,3021,51,3,7329.53,8459.67,1.1542,2.0
MC-02016,2024-02-16,US,Phoenix,Sales Rep,mid,English,social_media,awareness,293630,5838,168,1940.92,110954.65,57.166,4.0
MC-02760,2024-02-16,US,New York,Software Engineer,budget,English,influencer,retention,206503,5658,331,1118.65,75765.35,67.7293,7.0
MC-02418,2024-02-17,JP,Tokyo,Data Scientist,mid,Japanese,influencer,retention,329369,7111,114,3816.44,114523.76,30.008,8.0
MC-02076,2024-02-17,US,Los Angeles,Software Engineer,mid,English,influencer,re_engagement,5284,143,10,2398.34,12995.22,5.4184,6.0
MC-01869,2024-02-17,DE,Stuttgart,Software Engineer,mid,German,social_media,retention,83877,1627,99,661.18,108872.86,164.6645,9.0
MC-02460,2024-02-17,US,Seattle,Lawyer,mid,English,influencer,acquisition,211692,5385,57,1821.33,68059.37,37.368,7.0
MC-01680,2024-02-17,NL,Amsterdam,Researcher,mid,Dutch,social_media,acquisition,22460,562,44,1811.83,30145.93,16.6384,1.0
MC-01864,2024-02-17,AU,Melbourne,Writer,budget,English,social_media,awareness,450522,8083,545,5597.83,50294.84,8.9847,2.0
MC-01024,2024-02-17,ES,Barcelona,Consultant,mid,Spanish,email,acquisition,22275,841,46,1981.11,41285.18,20.8394,7.0
MC-02738,2024-02-17,IN,Bangalore,Sales Rep,premium,Hindi,email,retention,37201,961,50,5554.76,118177.81,21.2751,4.0
MC-01739,2024-02-17,US,Los Angeles,Consultant,premium,English,social_media,re_engagement,14250,260,17,2389.04,78518.01,32.8659,9.0
MC-01823,2024-02-17,IN,Kolkata,Teacher,budget,Hindi,social_media,awareness,182492,4381,341,1238.62,29093.39,23.4886,9.0
MC-00979,2024-02-17,FR,Lyon,Architect,mid,French,email,awareness,23845,789,38,1854.37,43532.56,23.4757,9.0
MC-02545,2024-02-17,IN,Bangalore,Writer,budget,Hindi,search,acquisition,10178,985,34,7005.15,3355.9,0.4791,2.0
MC-02879,2024-02-17,BR,São Paulo,Marketing Manager,budget,Portuguese,social_media,retention,261367,6559,91,1029.86,15434.13,14.9866,6.0
MC-00244,2024-02-17,US,New York,Teacher,budget,English,email,awareness,39870,1040,50,878.5,4856.85,5.5286,3.0
MC-00960,2024-02-17,GB,Leeds,Researcher,budget,English,search,awareness,107039,6385,290,1277.16,43059.06,33.7147,8.0
MC-01522,2024-02-17,DE,Munich,Researcher,mid,German,social_media,acquisition,138875,2023,129,3376.89,85372.07,25.2813,7.0
MC-02136,2024-02-17,FR,Nice,Researcher,budget,French,display,acquisition,95547,1070,47,587.2,8338.41,14.2003,7.0
MC-00696,2024-02-17,DE,Frankfurt,Product Manager,mid,German,social_media,awareness,31360,593,12,5911.26,10703.84,1.8108,9.0
MC-00951,2024-02-17,DE,Cologne,Product Manager,mid,German,social_media,acquisition,168052,2689,139,1596.14,120169.62,75.2876,8.0
MC-00582,2024-02-17,AU,Brisbane,Lawyer,mid,English,social_media,awareness,26557,669,18,731.6,22727.39,31.0653,3.0
MC-02029,2024-02-17,IN,Chennai,Product Manager,premium,Hindi,social_media,retention,303305,5727,260,446.92,1143555.83,2558.7484,6.0
MC-02185,2024-02-17,US,Los Angeles,Lawyer,mid,English,display,re_engagement,251952,2857,166,243.8,156392.4,641.4783,1.0
MC-01259,2024-02-17,JP,Tokyo,Designer,mid,Japanese,email,acquisition,253773,6977,280,698.22,153229.0,219.4566,5.0
MC-01748,2024-02-17,IN,Delhi,Marketing Manager,mid,Hindi,content_marketing,acquisition,76716,978,14,1271.75,10488.17,8.247,2.0
MC-01397,2024-02-18,US,New York,Data Scientist,mid,English,social_media,acquisition,121457,1984,89,445.6,95777.5,214.9405,6.0
MC-02456,2024-02-18,IN,Kolkata,Marketing Manager,mid,Hindi,influencer,awareness,12522,384,18,450.56,11791.55,26.1709,1.0
MC-00328,2024-02-18,SG,Singapore,Researcher,mid,English,content_marketing,retention,147872,2854,140,4852.16,101790.63,20.9784,9.0
MC-02240,2024-02-18,IN,Mumbai,Accountant,mid,Hindi,email,retention,30685,679,53,570.02,40549.47,71.1369,10.0
MC-01333,2024-02-18,US,Seattle,Accountant,budget,English,social_media,acquisition,180717,4000,217,9264.18,27358.65,2.9532,9.0
MC-00818,2024-02-18,US,Los Angeles,Sales Rep,mid,English,email,acquisition,6269,208,10,4832.25,5728.76,1.1855,9.0
MC-00303,2024-02-18,US,San Francisco,Lawyer,premium,English,social_media,acquisition,176062,3541,148,674.86,681855.11,1010.3653,5.0
MC-02251,2024-02-18,FR,Nice,Writer,mid,French,email,retention,40593,1482,80,1322.05,53502.03,40.469,9.0
MC-02702,2024-02-18,US,Phoenix,Writer,budget,English,display,awareness,168690,1494,60,5608.38,6126.81,1.0924,1.0
MC-02509,2024-02-18,AU,Sydney,Software Engineer,mid,English,content_marketing,awareness,11201,247,15,3393.33,18355.15,5.4092,5.0
MC-01383,2024-02-18,US,Houston,Consultant,premium,English,social_media,awareness,21535,371,23,1358.65,109159.21,80.3439,6.0
MC-01155,2024-02-18,IN,Mumbai,Consultant,mid,Hindi,display,acquisition,84915,1298,57,2481.27,45387.14,18.2919,5.0
MC-01448,2024-02-18,FR,Marseille,Teacher,mid,French,social_media,retention,54095,859,24,2042.22,12669.83,6.2039,7.0
MC-02414,2024-02-18,US,Chicago,Consultant,budget,English,social_media,acquisition,46657,975,13,9316.26,1861.27,0.1998,3.0
MC-02913,2024-02-18,FR,Paris,Teacher,budget,French,search,acquisition,63255,5446,272,2514.61,27353.87,10.878,3.0
MC-00961,2024-02-18,GB,Glasgow,Marketing Manager,mid,English,influencer,retention,8751,156,8,3128.26,7632.96,2.44,7.0
MC-02112,2024-02-18,IN,Hyderabad,HR Manager,premium,Hindi,email,awareness,14280,329,7,3317.56,21790.68,6.5683,6.0
MC-00324,2024-02-18,IL,Netanya,Accountant,mid,Hebrew,search,awareness,67895,4237,141,355.32,111453.23,313.67,5.0
MC-02519,2024-02-19,US,Los Angeles,Software Engineer,premium,English,email,acquisition,16751,610,22,736.23,138517.1,188.1438,7.0
MC-02994,2024-02-19,ES,Seville,Lawyer,premium,Spanish,search,re_engagement,16113,1036,58,4323.03,297066.48,68.7172,5.0
MC-00690,2024-02-19,GB,Manchester,Lawyer,premium,English,social_media,acquisition,500000,9879,507,560.94,3243355.05,5781.9999,8.0
MC-02551,2024-02-19,US,Houston,Product Manager,premium,English,content_marketing,awareness,112537,1990,80,4639.52,334616.62,72.1231,3.0
MC-01816,2024-02-19,US,Houston,Teacher,premium,English,email,retention,13814,508,31,456.44,78276.78,171.4941,10.0
MC-02883,2024-02-19,AU,Melbourne,Architect,mid,English,search,acquisition,32216,2238,166,4716.25,205113.07,43.4907,4.0
MC-01202,2024-02-19,IL,Jerusalem,Marketing Manager,mid,Hebrew,display,acquisition,268593,3642,214,270.41,192404.9,711.5303,4.0
MC-00924,2024-02-19,MX,Puebla,Physician,budget,Spanish,influencer,retention,27864,818,14,4758.32,3492.15,0.7339,5.0
MC-01168,2024-02-19,DE,Cologne,Accountant,budget,German,search,acquisition,99390,5550,371,515.85,62048.44,120.2839,7.0
MC-02354,2024-02-19,IN,Pune,Lawyer,budget,Hindi,content_marketing,acquisition,14695,296,23,1771.09,4666.71,2.6349,10.0
MC-00570,2024-02-19,GB,Glasgow,Sales Rep,mid,English,social_media,re_engagement,500000,9075,517,2360.29,285197.38,120.8315,8.0
MC-01533,2024-02-19,IN,Mumbai,Sales Rep,mid,Hindi,email,retention,21310,598,12,10960.45,7701.6,0.7027,9.0
MC-02788,2024-02-19,IL,Tel Aviv,Writer,budget,Hebrew,content_marketing,acquisition,11615,192,2,1632.36,197.54,0.121,4.0
MC-02885,2024-02-19,FR,Nice,Lawyer,mid,French,social_media,acquisition,500000,12931,650,725.52,718548.18,990.3906,7.0
MC-01077,2024-02-19,IN,Bangalore,Data Scientist,mid,Hindi,search,acquisition,43807,4130,74,2087.11,68097.45,32.6276,7.0
MC-02575,2024-02-19,GB,Leeds,Physician,budget,English,search,retention,252886,24017,1317,680.71,242206.57,355.8146,9.0
MC-01957,2024-02-19,SG,Singapore,Researcher,mid,English,search,awareness,41368,3623,259,9946.21,231886.68,23.3141,10.0
MC-02048,2024-02-19,SG,Singapore,Writer,budget,English,content_marketing,acquisition,5944,100,4,1429.56,356.88,0.2496,9.0
MC-01462,2024-02-19,DE,Berlin,Researcher,mid,German,content_marketing,acquisition,12295,233,2,331.0,1362.99,4.1178,5.0
MC-01879,2024-02-19,GB,Leeds,Lawyer,mid,English,email,retention,3119,90,3,1233.45,3567.74,2.8925,10.0
MC-01914,2024-02-19,MX,Puebla,Architect,premium,Spanish,email,retention,157543,3435,118,698.69,739256.23,1058.0604,4.0
MC-01059,2024-02-19,GB,Birmingham,Physician,mid,English,social_media,re_engagement,121495,2311,128,5636.62,164834.48,29.2435,3.0
MC-02444,2024-02-19,CA,Calgary,HR Manager,mid,English,influencer,acquisition,90856,2388,135,1172.07,67168.07,57.3072,4.0
MC-00496,2024-02-19,IL,Haifa,Teacher,budget,Hebrew,social_media,retention,500000,12689,425,31597.0,46783.38,1.4806,4.0
MC-01418,2024-02-19,US,Houston,Marketing Manager,mid,English,display,awareness,200982,2909,102,2970.76,89389.47,30.0898,1.0
MC-02988,2024-02-19,GB,Leeds,Sales Rep,mid,English,display,awareness,352587,3447,195,2976.21,116847.48,39.2605,4.0
MC-01417,2024-02-19,IN,Hyderabad,Data Scientist,budget,Hindi,search,acquisition,148078,12105,618,672.65,123063.27,182.9529,4.0
MC-02966,2024-02-19,US,San Francisco,Data Scientist,mid,English,email,acquisition,17270,566,22,1177.43,27061.53,22.9836,2.0
MC-00920,2024-02-20,DE,Hamburg,Teacher,budget,German,social_media,awareness,64125,1533,24,12664.27,2548.94,0.2013,7.0
MC-02933,2024-02-20,GB,Glasgow,Lawyer,mid,English,display,awareness,19275,247,17,2004.04,15695.1,7.8317,10.0
MC-00228,2024-02-20,US,Chicago,Software Engineer,mid,English,social_media,awareness,500000,9422,385,2278.38,481383.72,211.2833,3.0
MC-00832,2024-02-20,IN,Delhi,Software Engineer,budget,Hindi,email,re_engagement,25919,620,22,755.93,4417.19,5.8434,5.0
MC-02627,2024-02-20,CA,Montreal,Lawyer,budget,English,social_media,awareness,25970,631,50,16976.94,11670.08,0.6874,10.0
MC-02572,2024-02-20,US,San Francisco,Sales Rep,budget,English,search,awareness,30085,2185,73,1262.43,8993.18,7.1237,8.0
MC-01880,2024-02-20,GB,London,Accountant,mid,English,social_media,acquisition,67652,1395,70,2191.3,50588.84,23.0862,10.0
MC-00611,2024-02-20,IN,Chennai,Software Engineer,mid,Hindi,influencer,re_engagement,18610,360,13,5267.2,13660.54,2.5935,6.0
MC-00706,2024-02-20,US,Chicago,HR Manager,premium,English,social_media,retention,52385,1256,85,4323.72,268233.36,62.0376,7.0
MC-00629,2024-02-20,IN,Mumbai,Sales Rep,budget,Hindi,display,retention,259098,2462,171,13232.83,14993.17,1.133,9.0
MC-01126,2024-02-20,US,San Francisco,Designer,mid,English,email,acquisition,9800,354,6,3009.18,3309.66,1.0999,2.0
MC-00542,2024-02-20,IN,Pune,Physician,mid,Hindi,social_media,acquisition,12550,279,15,13946.91,18356.02,1.3161,6.0
MC-02192,2024-02-20,BR,Rio de Janeiro,Writer,budget,Portuguese,influencer,acquisition,95670,2950,198,1381.47,16858.69,12.2034,9.0
MC-02733,2024-02-20,BR,Brasília,Sales Rep,budget,Portuguese,social_media,acquisition,51367,882,56,1786.08,6427.88,3.5989,2.0
MC-01293,2024-02-20,US,Phoenix,Data Scientist,budget,English,social_media,awareness,256880,4488,339,12569.93,70065.87,5.5741,8.0
MC-01893,2024-02-20,DE,Frankfurt,Marketing Manager,mid,German,email,acquisition,4204,95,6,177.28,4457.27,25.1425,6.0
MC-02522,2024-02-20,US,Los Angeles,Product Manager,budget,English,influencer,awareness,14900,412,24,3384.78,3728.58,1.1016,9.0
MC-01724,2024-02-20,IN,Mumbai,Architect,mid,Hindi,email,acquisition,117317,2908,131,14045.6,153501.56,10.9288,9.0
MC-01302,2024-02-20,BR,Rio de Janeiro,HR Manager,budget,Portuguese,social_media,re_engagement,40352,988,53,1372.98,4830.74,3.5184,10.0
MC-01317,2024-02-20,MX,Tijuana,Writer,mid,Spanish,content_marketing,re_engagement,36410,486,5,2899.01,3286.18,1.1336,8.0
MC-01588,2024-02-20,ES,Madrid,Designer,mid,Spanish,email,awareness,55934,2046,113,3550.38,69234.2,19.5005,5.0
MC-01573,2024-02-20,US,Chicago,Marketing Manager,mid,English,influencer,retention,54727,1414,82,804.1,55567.28,69.1049,10.0
MC-02407,2024-02-20,GB,Manchester,Architect,premium,English,influencer,awareness,442776,13863,519,3002.13,3380902.67,1126.168,8.0
MC-00067,2024-02-20,DE,Berlin,Designer,premium,German,email,acquisition,87984,2696,155,324.7,491391.85,1513.3719,7.0
MC-02816,2024-02-20,AU,Sydney,Consultant,budget,English,display,acquisition,306906,3644,143,245.0,23160.96,94.5345,9.0
MC-00066,2024-02-20,DE,Munich,Designer,mid,German,influencer,acquisition,139359,4483,319,70341.0,163816.87,2.3289,8.0
MC-02277,2024-02-20,IN,Kolkata,Accountant,mid,Hindi,search,acquisition,12256,783,8,1654.81,6249.72,3.7767,4.0
MC-02497,2024-02-20,JP,Sapporo,Software Engineer,budget,Japanese,social_media,acquisition,500000,8357,535,2171.94,104956.12,48.3237,9.0
MC-01031,2024-02-20,FR,Toulouse,Architect,budget,French,email,re_engagement,4353,166,4,713.39,677.22,0.9493,4.0
MC-00165,2024-02-20,IN,Mumbai,HR Manager,premium,Hindi,display,acquisition,169032,2535,161,859.02,402740.16,468.8368,3.0
MC-02868,2024-02-20,BR,Rio de Janeiro,Marketing Manager,budget,Portuguese,email,acquisition,86671,2491,146,8050.83,17996.71,2.2354,5.0
MC-00154,2024-02-20,US,San Francisco,Writer,mid,English,search,awareness,39745,3544,196,970.69,97928.23,100.8852,9.0
MC-02265,2024-02-20,GB,Birmingham,Architect,budget,English,content_marketing,acquisition,49542,814,31,1766.74,5489.7,3.1072,6.0
MC-00381,2024-02-20,US,San Francisco,Physician,budget,English,content_marketing,re_engagement,48716,882,27,529.75,5602.01,10.5748,7.0
MC-00717,2024-02-20,CA,Montreal,Researcher,mid,English,search,awareness,37777,1986,133,6693.64,99877.31,14.9212,7.0
MC-00017,2024-02-20,MX,Guadalajara,Lawyer,premium,Spanish,email,acquisition,75498,2775,160,1737.7,808867.18,465.4815,10.0
MC-00969,2024-02-20,DE,Cologne,Teacher,mid,German,search,awareness,44064,4236,91,1531.4,54863.55,35.8257,5.0
MC-02995,2024-02-20,IN,Pune,HR Manager,mid,Hindi,email,awareness,5479,208,8,792.83,3874.74,4.8872,5.0
MC-00079,2024-02-20,IN,Delhi,Software Engineer,budget,Hindi,search,retention,120507,10204,645,1618.9,144935.7,89.5273,10.0
MC-02720,2024-02-20,US,Seattle,Software Engineer,mid,English,influencer,re_engagement,86090,2369,55,3978.37,57080.93,14.3478,5.0
MC-01218,2024-02-20,US,San Francisco,Data Scientist,budget,English,social_media,acquisition,11235,187,6,1677.27,1475.34,0.8796,10.0
MC-01799,2024-02-20,SG,Singapore,Marketing Manager,premium,English,email,retention,109745,3000,74,1608.99,268527.04,166.8917,2.0
MC-01213,2024-02-20,DE,Cologne,Designer,budget,German,email,awareness,90493,2755,136,3208.83,13768.14,4.2907,1.0
MC-02400,2024-02-20,US,Los Angeles,Product Manager,premium,English,social_media,re_engagement,177515,3012,152,12858.23,546676.12,42.5157,4.0
MC-01201,2024-02-21,US,San Francisco,HR Manager,mid,English,social_media,awareness,314865,5077,177,663.63,104445.09,157.3845,3.0
MC-01797,2024-02-21,US,New York,Architect,mid,English,email,acquisition,29138,848,44,6297.97,39574.51,6.2837,6.0
MC-00772,2024-02-21,JP,Nagoya,Designer,premium,Japanese,social_media,awareness,41985,945,49,1043.01,157671.05,151.1693,7.0
MC-00672,2024-02-21,IN,Pune,Software Engineer,budget,Hindi,content_marketing,awareness,55836,842,65,9739.78,13466.27,1.3826,1.0
MC-01842,2024-02-21,DE,Berlin,Designer,mid,German,social_media,awareness,27287,589,42,516.04,22179.01,42.9792,9.0
MC-00490,2024-02-21,FR,Toulouse,Lawyer,premium,French,social_media,acquisition,101997,2088,67,8881.84,439570.83,49.491,4.0
MC-00461,2024-02-21,DE,Berlin,Software Engineer,budget,German,social_media,awareness,136212,3084,212,534.98,51890.09,96.9944,9.0
MC-00058,2024-02-21,US,Houston,Designer,mid,English,search,awareness,55647,5103,75,1284.19,34193.84,26.6268,3.0
MC-01963,2024-02-21,FR,Toulouse,Product Manager,mid,French,content_marketing,retention,85900,1449,54,38539.34,51558.69,1.3378,4.0
MC-02339,2024-02-21,IL,Haifa,Physician,mid,Hebrew,search,awareness,32290,2761,139,4792.68,159547.83,33.2899,9.0
MC-02625,2024-02-21,US,Houston,Sales Rep,premium,English,email,re_engagement,7158,151,5,11739.3,13788.86,1.1746,9.0
MC-02093,2024-02-21,GB,Birmingham,Teacher,mid,English,display,acquisition,500000,5506,340,281.48,166739.97,592.3688,6.0
MC-02658,2024-02-21,AU,Perth,Physician,budget,English,email,re_engagement,49597,1378,55,5510.08,12986.43,2.3568,3.0
MC-00354,2024-02-21,GB,Birmingham,Lawyer,budget,English,search,acquisition,40808,3805,147,805.66,29759.05,36.9375,3.0
MC-00063,2024-02-21,US,Chicago,Researcher,mid,English,social_media,retention,500000,12909,300,425.38,258045.79,606.6242,8.0
MC-02740,2024-02-21,GB,Glasgow,Software Engineer,mid,English,content_marketing,retention,23352,503,28,1705.64,31294.25,18.3475,3.0
MC-02643,2024-02-21,AU,Adelaide,Marketing Manager,premium,English,influencer,awareness,24312,647,11,1522.01,43506.39,28.5848,9.0
MC-02669,2024-02-21,IN,Delhi,Teacher,mid,Hindi,email,retention,2634,88,5,3426.15,3228.2,0.9422,1.0
MC-01265,2024-02-21,BR,Rio de Janeiro,Data Scientist,mid,Portuguese,email,acquisition,20164,463,24,986.98,23947.89,24.2638,4.0
MC-02969,2024-02-21,IN,Mumbai,Lawyer,premium,Hindi,email,retention,141189,5324,123,1137.75,696612.03,612.2716,3.0
MC-02446,2024-02-21,US,Houston,Product Manager,mid,English,email,awareness,6397,164,12,3669.76,11098.97,3.0244,8.0
MC-01290,2024-02-21,IN,Bangalore,Consultant,mid,Hindi,display,awareness,21021,211,8,3728.72,6115.62,1.6401,8.0
MC-00489,2024-02-21,US,Houston,Accountant,budget,English,email,acquisition,25753,800,54,1401.68,8658.31,6.1771,3.0
MC-00353,2024-02-21,US,San Francisco,Consultant,mid,English,email,retention,5059,147,2,373.31,1305.32,3.4966,4.0
MC-01572,2024-02-21,NL,Utrecht,Consultant,budget,Dutch,social_media,retention,23835,597,42,974.43,5583.25,5.7298,8.0
MC-01446,2024-02-21,DE,Berlin,Data Scientist,mid,German,social_media,acquisition,435495,7572,333,445.25,426689.75,958.315,6.0
MC-00864,2024-02-21,GB,London,Accountant,mid,English,search,acquisition,27413,2524,32,2520.08,25643.64,10.1757,8.0
MC-01618,2024-02-21,IN,Hyderabad,Physician,budget,Hindi,influencer,acquisition,231157,7363,351,530.76,81943.59,154.3892,2.0
MC-00285,2024-02-21,US,Phoenix,Consultant,mid,English,search,re_engagement,46143,4311,264,685.87,188140.85,274.3098,1.0
MC-02176,2024-02-21,US,Chicago,Architect,premium,English,search,retention,15563,1288,29,190.06,133463.29,702.2166,5.0
MC-01344,2024-02-21,US,Houston,Software Engineer,premium,English,search,retention,33227,3072,239,393.2,1598911.7,4066.4082,10.0
MC-02329,2024-02-21,DE,Stuttgart,Writer,budget,German,email,acquisition,13067,468,16,4351.5,1382.91,0.3178,3.0
MC-01399,2024-02-21,US,Phoenix,Writer,mid,English,social_media,re_engagement,51202,1199,24,1380.13,15300.41,11.0862,8.0
MC-00144,2024-02-21,US,Chicago,Data Scientist,mid,English,search,acquisition,141468,10841,511,1447.24,610196.04,421.6274,2.0
MC-00836,2024-02-21,DE,Frankfurt,Software Engineer,budget,German,influencer,awareness,23589,719,20,1264.03,3423.22,2.7082,10.0
MC-01328,2024-02-21,CA,Toronto,Researcher,mid,English,search,awareness,142863,13194,454,487.06,336746.85,691.3868,4.0
MC-02910,2024-02-21,US,San Francisco,Researcher,budget,English,search,re_engagement,11998,892,51,713.05,7999.3,11.2184,7.0
MC-01274,2024-02-22,NL,Eindhoven,Physician,mid,Dutch,search,re_engagement,37498,2538,113,668.17,135149.91,202.2687,7.0
MC-01771,2024-02-22,IN,Bangalore,Consultant,budget,Hindi,email,acquisition,39574,1528,53,3081.85,8486.81,2.7538,10.0
MC-02188,2024-02-22,IN,Mumbai,Data Scientist,budget,Hindi,search,awareness,191295,12653,501,1271.37,95087.29,74.7912,4.0
MC-02254,2024-02-22,IL,Tel Aviv,Data Scientist,budget,Hebrew,email,awareness,27744,700,12,702.52,2958.96,4.2119,5.0
MC-00559,2024-02-22,IN,Chennai,Accountant,budget,Hindi,social_media,retention,287752,4325,198,1048.02,24798.09,23.6618,4.0
MC-02675,2024-02-22,FR,Bordeaux,HR Manager,mid,French,search,retention,124005,8287,118,165300.2,67577.07,0.4088,4.0
MC-00483,2024-02-22,SG,Singapore,Consultant,budget,English,social_media,acquisition,106265,2456,168,1584.69,23660.69,14.9308,2.0
MC-00814,2024-02-22,US,San Francisco,Architect,mid,English,email,acquisition,17120,661,18,501.52,21399.87,42.67,6.0
MC-02796,2024-02-22,IN,Pune,Researcher,premium,Hindi,social_media,acquisition,220122,4285,240,3565.97,982463.54,275.5109,8.0
MC-01232,2024-02-22,US,New York,Lawyer,budget,English,social_media,re_engagement,500000,8589,111,3747.17,23891.89,6.376,4.0
MC-01689,2024-02-22,SG,Singapore,Lawyer,budget,English,email,re_engagement,77383,2554,140,2948.93,31819.42,10.7902,5.0
MC-02928,2024-02-22,IL,Beer Sheva,Sales Rep,mid,Hebrew,influencer,retention,136164,4353,56,2944.18,27936.23,9.4886,4.0
MC-00578,2024-02-22,US,Phoenix,Teacher,mid,English,influencer,acquisition,155224,3550,152,749.73,93686.65,124.9605,10.0
MC-00212,2024-02-22,BR,Fortaleza,Researcher,budget,Portuguese,social_media,acquisition,126585,2529,188,7462.9,32293.69,4.3272,10.0
MC-02536,2024-02-22,CA,Calgary,Designer,budget,English,content_marketing,re_engagement,154963,3323,95,4596.41,11775.43,2.5619,8.0
MC-01861,2024-02-22,FR,Marseille,Sales Rep,budget,French,influencer,re_engagement,500000,10247,346,309.14,39715.11,128.4697,1.0
MC-00133,2024-02-22,US,Seattle,Lawyer,budget,English,email,retention,3335,129,6,1564.04,1203.6,0.7695,7.0
MC-00393,2024-02-22,ZA,Johannesburg,Lawyer,mid,Afrikaans,search,retention,295057,20888,1092,495.5,1317944.8,2659.8281,5.0
MC-02206,2024-02-22,US,San Francisco,Marketing Manager,budget,English,search,awareness,20920,1749,20,2077.22,3196.8,1.539,3.0
MC-00121,2024-02-22,US,New York,Software Engineer,mid,English,influencer,acquisition,121883,2284,73,930.25,95201.47,102.3397,7.0
MC-02331,2024-02-22,CA,Ottawa,Software Engineer,mid,English,email,awareness,34453,1115,70,570.73,91042.22,159.5189,6.0
MC-02450,2024-02-22,DE,Frankfurt,Lawyer,budget,German,email,retention,27248,672,30,4306.33,6595.49,1.5316,7.0
MC-02449,2024-02-22,IN,Chennai,Data Scientist,budget,Hindi,search,retention,56108,3295,160,5635.15,31779.45,5.6395,4.0
MC-00880,2024-02-22,DE,Berlin,Writer,mid,German,search,acquisition,123478,9043,612,17191.55,376636.37,21.9082,8.0
MC-01313,2024-02-22,US,Chicago,Teacher,mid,English,social_media,retention,66040,1102,81,9232.21,50044.47,5.4206,4.0
MC-01095,2024-02-22,US,San Francisco,Physician,budget,English,social_media,re_engagement,13320,278,5,3279.1,986.59,0.3009,9.0
MC-02846,2024-02-22,NL,Utrecht,Designer,mid,Dutch,email,awareness,68428,2376,115,6240.92,54650.64,8.7568,3.0
MC-02437,2024-02-22,IL,Netanya,Lawyer,mid,Hebrew,social_media,retention,172137,2999,67,1967.34,64799.59,32.9377,1.0
MC-02684,2024-02-22,IN,Pune,Lawyer,mid,Hindi,social_media,awareness,411042,9217,573,1685.89,613758.12,364.0559,10.0
MC-00130,2024-02-22,MX,Monterrey,Designer,mid,Spanish,email,acquisition,13919,335,6,1166.2,3134.8,2.688,1.0
MC-02433,2024-02-22,IN,Delhi,Lawyer,mid,Hindi,influencer,awareness,95074,1897,57,954.57,56645.14,59.341,10.0
MC-00114,2024-02-22,IN,Mumbai,Consultant,mid,Hindi,search,acquisition,8368,804,57,1969.04,47420.45,24.083,6.0
MC-01280,2024-02-22,BR,São Paulo,Lawyer,budget,Portuguese,social_media,acquisition,29772,536,33,964.99,7226.69,7.4889,2.0
MC-00929,2024-02-22,US,Seattle,Physician,premium,English,email,awareness,15106,347,16,4048.03,78887.42,19.4879,1.0
MC-01901,2024-02-22,FR,Toulouse,Sales Rep,mid,French,display,retention,38679,350,19,536.06,10884.97,20.3055,9.0
MC-01756,2024-02-22,IN,Chennai,Designer,mid,Hindi,search,acquisition,26644,1405,14,910.77,7176.17,7.8792,9.0
MC-00465,2024-02-22,CA,Vancouver,Accountant,mid,English,social_media,acquisition,14667,234,12,9786.04,8938.01,0.9133,4.0
MC-00659,2024-02-23,NL,Rotterdam,Data Scientist,mid,Dutch,content_marketing,acquisition,6136,84,3,6742.48,2829.16,0.4196,2.0
MC-02195,2024-02-23,NL,Eindhoven,Lawyer,budget,Dutch,display,acquisition,240015,2228,131,398.41,26943.45,67.6274,9.0
MC-01012,2024-02-23,US,Phoenix,Sales Rep,premium,English,display,retention,97341,1444,101,3899.17,337237.33,86.4895,7.0
MC-00882,2024-02-23,ES,Bilbao,Sales Rep,budget,Spanish,influencer,acquisition,6094,150,7,1066.19,650.61,0.6102,1.0
MC-02378,2024-02-23,BR,Fortaleza,Software Engineer,mid,Portuguese,email,acquisition,64219,2434,101,1187.87,134361.15,113.111,2.0
MC-00675,2024-02-23,AU,Brisbane,Architect,budget,English,search,re_engagement,4476,267,7,874.88,1403.54,1.6043,6.0
MC-02931,2024-02-23,ZA,Pretoria,Consultant,budget,Afrikaans,email,acquisition,10438,296,19,344.6,2729.77,7.9216,6.0
MC-02155,2024-02-23,US,Los Angeles,Researcher,mid,English,social_media,retention,500000,10700,492,524.25,345072.74,658.2217,1.0
MC-00804,2024-02-23,US,New York,Sales Rep,mid,English,email,acquisition,11839,345,25,10115.11,11492.49,1.1362,3.0
MC-02030,2024-02-23,US,Los Angeles,Writer,mid,English,search,acquisition,22638,1785,22,2411.47,11939.02,4.9509,6.0
MC-01824,2024-02-23,BR,Fortaleza,Product Manager,premium,Portuguese,display,acquisition,35424,439,33,3212.08,141647.75,44.0985,4.0
MC-02804,2024-02-23,IN,Mumbai,Researcher,premium,Hindi,social_media,awareness,308730,4495,255,311.19,1221211.23,3924.3267,2.0
MC-02926,2024-02-23,US,Houston,Designer,premium,English,search,retention,27794,1604,46,1261.62,134291.55,106.4437,8.0
MC-00197,2024-02-23,IN,Hyderabad,Physician,budget,Hindi,search,acquisition,17892,1072,70,1291.09,17140.93,13.2763,6.0
MC-00524,2024-02-23,GB,Bristol,Data Scientist,mid,English,search,awareness,78430,5997,441,4349.33,467594.2,107.5095,3.0
MC-02039,2024-02-23,NL,Eindhoven,Physician,premium,Dutch,email,acquisition,17977,441,15,474.02,84443.97,178.1443,8.0
MC-00594,2024-02-23,US,Chicago,Consultant,budget,English,content_marketing,retention,210576,3422,122,199.18,17194.53,86.3266,7.0
MC-00698,2024-02-23,US,Houston,Researcher,premium,English,content_marketing,retention,40220,924,40,1306.65,180470.57,138.117,9.0
MC-02395,2024-02-23,DE,Berlin,Consultant,budget,German,display,re_engagement,217353,1984,35,3031.08,5416.61,1.787,10.0
MC-01483,2024-02-23,AU,Sydney,Researcher,mid,English,display,retention,289854,3978,258,6737.94,175659.41,26.0702,2.0
MC-01919,2024-02-23,MX,Monterrey,Designer,mid,Spanish,email,acquisition,6397,212,12,13738.14,6089.42,0.4432,2.0
MC-00260,2024-02-23,US,New York,Software Engineer,premium,English,search,awareness,74849,4357,169,1150.01,999360.25,869.0014,6.0
MC-00274,2024-02-23,BR,Rio de Janeiro,Consultant,budget,Portuguese,influencer,awareness,99919,2204,136,4658.47,22647.94,4.8617,1.0
MC-00822,2024-02-23,IN,Hyderabad,Researcher,mid,Hindi,search,acquisition,4461,259,3,1493.73,2332.23,1.5613,6.0
MC-00827,2024-02-23,US,Los Angeles,Designer,mid,English,display,acquisition,454566,4287,74,8027.5,38472.65,4.7926,6.0
MC-02964,2024-02-23,GB,Bristol,Product Manager,budget,English,social_media,re_engagement,21792,501,23,17192.97,4120.3,0.2397,2.0
MC-02401,2024-02-23,BR,Brasília,Product Manager,mid,Portuguese,social_media,awareness,251222,3888,212,1296.66,189679.77,146.2834,10.0
MC-02391,2024-02-23,IN,Bangalore,Data Scientist,mid,Hindi,display,acquisition,159339,1390,59,409.02,73837.78,180.5236,1.0
MC-02818,2024-02-23,US,Seattle,Consultant,mid,English,influencer,awareness,85534,2638,179,2245.52,125078.05,55.7012,5.0
MC-00360,2024-02-23,IN,Chennai,Designer,mid,Hindi,email,retention,13876,355,8,1280.0,3784.58,2.9567,10.0
MC-00135,2024-02-23,BR,Rio de Janeiro,Lawyer,mid,Portuguese,email,re_engagement,10354,256,7,1713.41,9227.28,5.3853,8.0
MC-01207,2024-02-23,US,San Francisco,Lawyer,premium,English,email,retention,10568,385,18,5081.75,113894.71,22.4125,2.0
MC-02468,2024-02-23,US,Chicago,Designer,budget,English,email,acquisition,53056,2051,134,1902.47,11452.98,6.0201,10.0
MC-02469,2024-02-23,FR,Bordeaux,Lawyer,premium,French,search,acquisition,11220,641,49,6280.95,235932.51,37.5632,4.0
MC-00349,2024-02-23,AU,Melbourne,Designer,mid,English,email,acquisition,43629,1234,85,5431.23,40641.91,7.483,3.0
MC-02309,2024-02-23,US,Chicago,Designer,budget,English,email,retention,12260,318,21,469.89,2633.32,5.6041,7.0
MC-01338,2024-02-23,US,Phoenix,Researcher,mid,English,email,awareness,5014,177,7,2905.36,4929.06,1.6965,8.0
MC-02464,2024-02-23,CA,Calgary,Marketing Manager,budget,English,social_media,retention,500000,7673,146,495.1,25863.15,52.2382,5.0
MC-00344,2024-02-23,US,Chicago,Researcher,budget,English,search,awareness,4082,396,21,927.5,3130.89,3.3756,5.0
MC-00234,2024-02-23,US,Chicago,HR Manager,mid,English,social_media,acquisition,35962,648,7,2898.82,3443.17,1.1878,6.0
MC-00790,2024-02-23,BR,Salvador,Lawyer,premium,Portuguese,influencer,awareness,143436,4387,47,582.06,240870.15,413.8236,5.0
MC-01307,2024-02-23,IN,Mumbai,Sales Rep,budget,Hindi,email,awareness,29303,906,69,1792.13,8673.92,4.84,9.0
MC-00773,2024-02-23,BR,Rio de Janeiro,Consultant,budget,Portuguese,influencer,retention,43041,846,20,16443.3,2545.23,0.1548,3.0
MC-01585,2024-02-24,IN,Bangalore,Sales Rep,premium,Hindi,display,acquisition,500000,6502,424,4648.56,1401039.66,301.3922,3.0
MC-01938,2024-02-24,BR,Brasília,Teacher,budget,Portuguese,email,re_engagement,1035,24,0,2126.26,0.0,0.0,3.0
MC-02457,2024-02-24,US,Phoenix,Software Engineer,mid,English,search,retention,22999,2213,157,7311.4,186449.36,25.5012,8.0
MC-02565,2024-02-24,MX,Tijuana,Marketing Manager,mid,Spanish,search,acquisition,64337,5183,240,771.6,165464.03,214.4428,1.0
MC-00425,2024-02-24,US,Chicago,Researcher,mid,English,email,acquisition,59298,1384,103,18617.2,93340.59,5.0137,2.0
MC-02105,2024-02-24,IL,Jerusalem,Consultant,budget,Hebrew,search,acquisition,108320,9594,211,504.44,33839.31,67.0829,5.0
MC-00879,2024-02-24,US,Chicago,Product Manager,premium,English,content_marketing,retention,21251,317,6,1750.36,23990.26,13.7059,7.0
MC-00784,2024-02-24,US,Phoenix,Marketing Manager,premium,English,display,awareness,147585,1600,29,853.75,93467.13,109.4783,4.0
MC-02490,2024-02-24,CA,Calgary,Marketing Manager,premium,English,display,acquisition,261999,2201,48,6998.41,228000.24,32.5789,10.0
MC-01718,2024-02-24,IN,Kolkata,Lawyer,budget,Hindi,email,retention,3549,123,5,2168.76,858.46,0.3958,8.0
MC-01346,2024-02-24,MX,Monterrey,Marketing Manager,mid,Spanish,content_marketing,acquisition,28688,402,4,1307.48,3721.82,2.8466,2.0
MC-01905,2024-02-24,BR,São Paulo,HR Manager,budget,Portuguese,social_media,acquisition,140982,2061,35,2038.42,3185.87,1.5629,8.0
MC-00976,2024-02-24,US,New York,Architect,budget,English,email,re_engagement,15361,416,33,1853.65,6637.97,3.581,10.0
MC-00247,2024-02-24,GB,Glasgow,Lawyer,mid,English,email,retention,11350,410,8,3974.64,8154.45,2.0516,3.0
MC-00245,2024-02-24,US,Los Angeles,Marketing Manager,premium,English,search,retention,74928,5050,392,1052.33,1559009.47,1481.4834,1.0
MC-02984,2024-02-24,GB,Manchester,Consultant,budget,English,display,retention,500000,7088,434,732.01,75115.42,102.6153,8.0
MC-00831,2024-02-25,FR,Toulouse,Designer,budget,French,social_media,retention,110245,2757,166,1381.67,18044.23,13.0597,4.0
MC-01072,2024-02-25,IN,Bangalore,Writer,mid,Hindi,social_media,awareness,266177,6841,270,50000.0,163244.1,3.2649,3.0
MC-02607,2024-02-25,US,Chicago,HR Manager,mid,English,social_media,acquisition,11655,302,21,1020.78,-161.5225485079004,-0.1582,4.0
MC-01961,2024-02-25,US,New York,Lawyer,mid,English,email,retention,3371,74,3,1863.07,3275.34,1.758,1.0
MC-00478,2024-02-25,ES,Valencia,Data Scientist,mid,Spanish,email,re_engagement,4408,154,12,2265.77,12771.53,5.6367,1.0
MC-02019,2024-02-25,IN,Mumbai,Writer,mid,Hindi,influencer,re_engagement,291493,8254,353,10035.83,198844.06,19.8134,4.0
MC-02894,2024-02-25,SG,Singapore,Designer,budget,English,influencer,retention,24265,605,47,2310.35,4786.62,2.0718,4.0
MC-01562,2024-02-25,US,Seattle,Software Engineer,budget,English,email,retention,18018,555,39,977.56,7634.22,7.8095,1.0
MC-00336,2024-02-25,GB,Bristol,Researcher,budget,English,content_marketing,awareness,28058,598,41,67810.0,7332.48,0.1081,7.0
MC-01062,2024-02-25,BR,Fortaleza,Physician,budget,Portuguese,search,re_engagement,18046,1035,80,1441.74,13493.5,9.3592,10.0
MC-01932,2024-02-25,IN,Kolkata,Consultant,premium,Hindi,influencer,acquisition,47883,980,56,5639.51,252658.59,44.8015,8.0
MC-02990,2024-02-25,FR,Lyon,Sales Rep,premium,French,display,re_engagement,274266,4261,139,42479.799999999996,321508.72,7.5685,10.0
MC-02981,2024-02-25,FR,Lyon,Product Manager,mid,French,influencer,awareness,98852,1932,55,2319.91,47733.44,20.5756,4.0
MC-02114,2024-02-25,MX,Monterrey,Data Scientist,premium,Spanish,email,acquisition,12136,282,18,7411.72,119494.13,16.1223,3.0
MC-01960,2024-02-25,BR,Rio de Janeiro,Sales Rep,mid,Portuguese,display,awareness,66882,993,74,203.49,43126.63,211.9349,3.0
MC-02671,2024-02-25,IN,Hyderabad,Teacher,mid,Hindi,social_media,retention,20670,429,7,4040.61,4124.96,1.0209,3.0
MC-00448,2024-02-25,CA,Montreal,Lawyer,mid,English,search,acquisition,6952,439,21,1121.31,23296.11,20.7758,8.0
MC-02272,2024-02-25,NL,Utrecht,Researcher,budget,Dutch,display,retention,17874,182,6,464.87,847.57,1.8232,2.0
MC-02293,2024-02-25,NL,Utrecht,Data Scientist,budget,Dutch,social_media,awareness,87647,1360,23,1818.28,5718.39,3.1449,4.0
MC-01801,2024-02-25,DE,Munich,Marketing Manager,mid,German,email,retention,38085,1180,16,2657.49,10828.01,4.0745,1.0
MC-01247,2024-02-25,SG,Singapore,Teacher,budget,English,influencer,acquisition,18073,393,25,428.01,2758.81,6.4457,5.0
MC-01432,2024-02-25,ES,Barcelona,Sales Rep,mid,Spanish,display,acquisition,183372,1870,38,3033.78,21774.83,7.1775,1.0
MC-02524,2024-02-26,IN,Kolkata,Physician,budget,Hindi,email,re_engagement,13882,374,25,3600.12,5586.01,1.5516,2.0
MC-00450,2024-02-26,IL,Haifa,Sales Rep,budget,Hebrew,search,re_engagement,15813,932,44,12494.98,3973.88,0.318,3.0
MC-01363,2024-02-26,IN,Mumbai,Data Scientist,mid,Hindi,content_marketing,acquisition,26288,355,20,2989.29,18229.38,6.0982,7.0
MC-02455,2024-02-26,MX,Guadalajara,Data Scientist,mid,Spanish,search,acquisition,7792,442,18,539.28,23678.83,43.9082,7.0
MC-02248,2024-02-26,US,Houston,Consultant,premium,English,social_media,retention,120587,2786,206,592.21,820834.11,1386.0524,8.0
MC-00645,2024-02-26,US,New York,Consultant,premium,English,display,acquisition,97938,1073,66,2601.16,213347.51,82.0201,1.0
MC-01985,2024-02-26,GB,London,Marketing Manager,premium,English,display,retention,47610,475,30,2766.74,116804.65,42.2174,3.0
MC-01513,2024-02-26,NL,Utrecht,Physician,premium,Dutch,social_media,re_engagement,63677,1479,64,1516.29,327533.08,216.0095,6.0
MC-02899,2024-02-26,FR,Nice,Data Scientist,mid,French,email,retention,5710,157,2,8804.54,1975.52,0.2244,3.0
MC-00777,2024-02-26,BR,Fortaleza,Data Scientist,budget,Portuguese,content_marketing,re_engagement,5641,118,7,2136.44,1714.72,0.8026,4.0
MC-02893,2024-02-26,FR,Toulouse,Accountant,premium,French,social_media,awareness,84152,1444,83,813.6,357323.13,439.1877,5.0
MC-00351,2024-02-26,US,Houston,Software Engineer,mid,English,email,retention,33873,1313,25,4332.05,30863.84,7.1245,8.0
MC-02531,2024-02-26,GB,Glasgow,Architect,budget,English,search,retention,81925,6774,303,5368.87,51292.63,9.5537,4.0
MC-01064,2024-02-26,IN,Pune,Product Manager,budget,Hindi,social_media,re_engagement,20455,483,13,2943.51,1762.18,0.5987,1.0
MC-00600,2024-02-26,DE,Stuttgart,Physician,mid,German,social_media,awareness,500000,9439,179,4269.08,185198.4,43.3813,9.0
MC-00498,2024-02-26,CA,Toronto,Writer,mid,English,display,acquisition,77904,1208,90,4497.59,53855.68,11.9743,1.0
MC-00770,2024-02-26,IN,Pune,Software Engineer,budget,Hindi,content_marketing,acquisition,11203,161,8,174.48,1479.16,8.4775,4.0
MC-01820,2024-02-26,IN,Pune,Product Manager,mid,Hindi,email,acquisition,24165,802,25,292.92,23910.17,81.627,4.0
MC-01800,2024-02-26,CA,Toronto,Physician,budget,English,email,retention,23111,783,15,1228.49,2957.94,2.4078,3.0
MC-01802,2024-02-26,US,Chicago,Sales Rep,budget,English,social_media,acquisition,141732,2116,128,1060.84,13509.88,12.7351,9.0
MC-00120,2024-02-26,US,San Francisco,Architect,mid,English,influencer,acquisition,30146,568,33,831.51,36274.6,43.625,2.0
MC-01672,2024-02-26,GB,Manchester,Physician,premium,English,content_marketing,awareness,59391,780,47,825.1,294171.46,356.5283,4.0
MC-01113,2024-02-26,AU,Sydney,Lawyer,premium,English,social_media,acquisition,270450,6241,407,579.26,2282718.69,3940.7497,7.0
MC-02797,2024-02-26,FR,Nice,Data Scientist,budget,French,influencer,retention,20140,453,16,1656.17,2996.07,1.809,5.0
MC-02576,2024-02-26,US,Houston,Software Engineer,mid,English,email,retention,71131,2329,135,430.66,159395.95,370.1202,9.0
MC-01846,2024-02-26,GB,Glasgow,Physician,budget,English,social_media,acquisition,93385,1925,35,880.52,5996.3,6.81,5.0
MC-01254,2024-02-26,IN,Bangalore,Data Scientist,mid,Hindi,display,retention,201957,3124,194,2421.15,232600.23,96.0701,4.0
MC-02871,2024-02-26,IN,Chennai,Designer,budget,Hindi,search,awareness,3173,305,19,1433.32,1632.2,1.1388,3.0
MC-02561,2024-02-26,MX,Mexico City,Software Engineer,budget,Spanish,email,acquisition,10053,246,12,7920.71,2686.18,0.3391,4.0
MC-01449,2024-02-26,IN,Hyderabad,Writer,budget,Hindi,social_media,acquisition,246902,5542,421,1953.08,45296.89,23.1925,5.0
MC-00991,2024-02-26,ZA,Pretoria,Sales Rep,premium,Afrikaans,social_media,awareness,85467,1266,75,1304.07,251241.46,192.6595,7.0
MC-00819,2024-02-26,BR,São Paulo,Sales Rep,premium,Portuguese,display,acquisition,114198,1565,100,1580.49,276667.14,175.0515,1.0
MC-01452,2024-02-26,ZA,Durban,Researcher,budget,Afrikaans,search,retention,48855,3607,72,157.21,12225.51,77.7655,4.0
MC-00923,2024-02-26,GB,Birmingham,Writer,budget,English,influencer,retention,161971,3744,284,2321.09,34562.06,14.8904,1.0
MC-01775,2024-02-27,US,Chicago,Marketing Manager,mid,English,display,re_engagement,74553,747,58,10243.63,55247.59,5.3934,1.0
MC-01746,2024-02-27,US,Chicago,Sales Rep,premium,English,social_media,acquisition,75865,1141,75,1522.38,179976.19,118.2203,8.0
MC-00229,2024-02-27,IN,Hyderabad,Software Engineer,mid,Hindi,social_media,awareness,24615,509,23,252.74,28574.85,113.0603,10.0
MC-01005,2024-02-27,IN,Kolkata,Sales Rep,budget,Hindi,search,retention,7579,663,44,3139.1,5376.83,1.7129,2.0
MC-00391,2024-02-27,US,New York,Lawyer,mid,English,email,acquisition,1219,40,3,2345.81,3384.92,1.443,8.0
MC-02043,2024-02-27,GB,Leeds,Marketing Manager,premium,English,social_media,re_engagement,57177,828,22,6605.91,92320.15,13.9754,6.0
MC-00685,2024-02-27,US,Houston,Writer,mid,English,influencer,awareness,36878,1081,73,621.39,37195.57,59.8587,3.0
MC-01379,2024-02-27,ES,Barcelona,Designer,mid,Spanish,social_media,awareness,294642,5540,293,2594.81,175859.7,67.7736,4.0
MC-01662,2024-02-27,ES,Valencia,Researcher,premium,Spanish,display,retention,114504,1735,120,2908.13,388195.75,133.4864,6.0
MC-01865,2024-02-27,IN,Pune,Accountant,mid,Hindi,search,acquisition,36385,2858,213,6270.35,147317.24,23.4943,4.0
MC-00586,2024-02-27,IL,Tel Aviv,Teacher,mid,Hebrew,display,acquisition,500000,4910,309,596.81,151668.5,254.132,4.0
MC-01704,2024-02-27,GB,London,Product Manager,budget,English,display,retention,500000,6904,479,494.16,81358.8,164.6406,1.0
MC-00479,2024-02-27,MX,Guadalajara,Teacher,budget,Spanish,email,acquisition,16420,454,16,2309.46,1490.78,0.6455,5.0
MC-00440,2024-02-27,IN,Delhi,Writer,mid,Hindi,search,acquisition,500000,30722,1470,1817.49,810825.17,446.1236,9.0
MC-01079,2024-02-27,US,Seattle,Researcher,mid,English,content_marketing,awareness,139232,2004,70,208.26,58212.35,279.5177,3.0
MC-02532,2024-02-27,SG,Singapore,Architect,budget,English,influencer,retention,220186,4860,314,753.81,76040.03,100.8743,1.0
MC-00308,2024-02-27,US,San Francisco,Product Manager,premium,English,social_media,awareness,116222,2949,68,861.41,232455.79,269.855,6.0
MC-00020,2024-02-27,US,Seattle,Writer,mid,English,email,awareness,4497,157,2,534.17,1217.2,2.2787,4.0
MC-00065,2024-02-27,GB,Birmingham,Lawyer,mid,English,search,retention,166150,15427,403,2257.57,434687.34,192.5466,8.0
MC-02429,2024-02-27,MX,Guadalajara,Designer,budget,Spanish,social_media,re_engagement,86470,1435,57,1310.29,6426.01,4.9043,6.0
MC-00598,2024-02-27,NL,Eindhoven,Accountant,mid,Dutch,search,awareness,13212,1249,65,131.97,56721.95,429.8094,6.0
MC-02634,2024-02-27,US,Los Angeles,Marketing Manager,mid,English,social_media,re_engagement,49790,1046,73,1712.26,68288.71,39.8822,5.0
MC-00564,2024-02-27,US,New York,Teacher,budget,English,search,acquisition,20877,1602,51,4601.18,4364.59,0.9486,3.0
MC-01284,2024-02-27,US,Los Angeles,Accountant,budget,English,social_media,acquisition,40205,877,67,1889.13,10079.32,5.3354,4.0
MC-01773,2024-02-27,US,San Francisco,HR Manager,premium,English,display,acquisition,500000,4978,158,2028.66,468383.06,230.883,8.0
MC-01498,2024-02-27,FR,Paris,Product Manager,mid,French,search,retention,10975,661,32,1742.01,22547.8,12.9436,4.0
MC-01882,2024-02-27,IN,Pune,HR Manager,budget,Hindi,search,acquisition,6820,479,11,785.6,1039.39,1.3231,2.0
MC-02271,2024-02-27,JP,Tokyo,Lawyer,premium,Japanese,social_media,retention,90130,1684,124,809.9,632858.88,781.4037,10.0
MC-00329,2024-02-27,FR,Paris,Accountant,budget,French,email,acquisition,174934,3790,296,50.0,48392.95,967.859,7.0
MC-01751,2024-02-27,US,Chicago,Sales Rep,mid,English,search,acquisition,18360,1524,102,908.49,47741.43,52.5503,2.0
MC-02530,2024-02-27,IL,Tel Aviv,Accountant,budget,Hebrew,display,retention,102276,1574,76,8817.36,13188.34,1.4957,9.0
MC-02783,2024-02-27,DE,Stuttgart,Marketing Manager,budget,German,email,retention,143836,3227,113,739.65,14103.74,19.0681,9.0
MC-00460,2024-02-27,AU,Perth,Software Engineer,budget,English,social_media,retention,19270,415,13,1376.82,2498.74,1.8149,3.0
MC-01496,2024-02-27,GB,Manchester,Physician,mid,English,social_media,retention,459200,11867,744,663.69,864830.07,1303.0633,8.0
MC-00096,2024-02-27,US,Chicago,Lawyer,mid,English,email,retention,58009,1498,23,24342.13,28187.08,1.158,6.0
MC-01485,2024-02-27,NL,Rotterdam,Data Scientist,budget,Dutch,social_media,acquisition,32252,617,43,1386.1,7886.3,5.6896,9.0
MC-00534,2024-02-27,US,New York,Writer,budget,English,search,acquisition,47866,3845,107,4339.82,12547.04,2.8911,10.0
MC-00997,2024-02-27,US,Seattle,Designer,budget,English,email,retention,130625,4905,320,1001.75,37415.15,37.3498,1.0
MC-02230,2024-02-28,US,Seattle,Data Scientist,mid,English,social_media,acquisition,49857,1128,29,830.12,26179.27,31.5367,4.0
MC-02004,2024-02-28,US,Seattle,Teacher,mid,English,display,acquisition,78273,815,9,594.12,4590.8,7.7271,4.0
MC-00013,2024-02-28,CA,Calgary,Data Scientist,budget,English,email,retention,17757,435,30,722.22,7531.98,10.4289,3.0
MC-02453,2024-02-28,CA,Vancouver,Lawyer,mid,English,display,awareness,18327,192,12,4190.2,15440.52,3.6849,9.0
MC-01559,2024-02-28,US,Seattle,Writer,premium,English,search,retention,149893,8001,387,819.02,1200067.74,1465.2484,5.0
MC-00492,2024-02-28,US,Phoenix,Marketing Manager,premium,English,search,retention,9412,821,46,11706.83,204441.7,17.4635,6.0
MC-00493,2024-02-28,SG,Singapore,Marketing Manager,mid,English,search,awareness,58467,3820,245,509.35,221916.54,435.6858,5.0
MC-01493,2024-02-28,ZA,Cape Town,Writer,budget,Afrikaans,email,acquisition,102291,2634,75,562.06,8709.39,15.4955,2.0
MC-01036,2024-02-28,GB,Manchester,Accountant,budget,English,influencer,re_engagement,459819,10087,802,1605.09,115346.21,71.8628,2.0
MC-02553,2024-02-28,GB,Leeds,Teacher,budget,English,search,acquisition,6261,413,25,1193.15,3081.39,2.5826,8.0
MC-00122,2024-02-28,GB,Bristol,Teacher,budget,English,email,acquisition,12881,353,17,633.76,1830.6,2.8885,2.0
MC-01931,2024-02-28,CA,Toronto,Teacher,budget,English,influencer,acquisition,157545,4475,249,481.26,21770.53,45.2365,5.0
MC-01633,2024-02-28,GB,Leeds,Accountant,mid,English,social_media,awareness,500000,10120,319,1262.27,230361.66,182.4979,10.0
MC-01162,2024-02-28,US,San Francisco,Software Engineer,budget,English,email,awareness,7824,228,12,584.87,2563.61,4.3832,10.0
MC-02280,2024-02-28,CA,Montreal,Physician,mid,English,social_media,awareness,38387,893,43,6331.48,40117.22,6.3362,9.0
MC-00412,2024-02-28,US,Houston,Lawyer,mid,English,social_media,re_engagement,140997,2205,35,4342.11,44051.09,10.1451,3.0
MC-01190,2024-02-28,FR,Marseille,Software Engineer,mid,French,search,awareness,18202,1499,16,1482.56,15590.97,10.5162,9.0
MC-00300,2024-02-28,US,Chicago,Accountant,premium,English,email,acquisition,69982,2466,148,457.02,515035.48,1126.943,10.0
MC-00719,2024-02-28,MX,Puebla,Accountant,mid,Spanish,search,retention,20020,1485,36,4558.1,23169.61,5.0832,3.0
MC-00906,2024-02-28,IN,Hyderabad,Accountant,budget,Hindi,social_media,acquisition,500000,10224,429,3844.26,51855.49,13.4891,6.0
MC-01224,2024-02-28,US,Los Angeles,Researcher,budget,English,search,awareness,28240,2364,183,3716.05,28426.17,7.6496,4.0
MC-02510,2024-02-28,IN,Hyderabad,Sales Rep,mid,Hindi,email,re_engagement,70639,2487,26,190.9,15136.19,79.2886,6.0
MC-02836,2024-02-28,US,Chicago,HR Manager,mid,English,email,re_engagement,16929,476,33,558.83,15762.07,28.2055,7.0
MC-00326,2024-02-28,SG,Singapore,Sales Rep,premium,English,email,re_engagement,2262,71,2,9938.76,5439.81,0.5473,3.0
MC-02593,2024-02-28,IN,Hyderabad,Product Manager,budget,Hindi,display,acquisition,182688,2323,144,1473.74,22344.43,15.1617,6.0
MC-02837,2024-02-28,NL,Utrecht,Marketing Manager,budget,Dutch,social_media,acquisition,59790,1451,77,3942.25,13672.27,3.4681,5.0
MC-01377,2024-02-28,BR,Fortaleza,Physician,premium,Portuguese,influencer,retention,25299,695,25,7449.49,132566.93,17.7954,2.0
MC-02777,2024-02-28,BR,Brasília,Lawyer,premium,Portuguese,email,retention,14831,470,4,410.86,21471.59,52.2601,2.0
MC-01848,2024-02-28,IN,Kolkata,Teacher,budget,Hindi,search,retention,28081,2503,185,3614.68,18853.94,5.2159,8.0
MC-01129,2024-02-28,AU,Melbourne,Data Scientist,mid,English,display,acquisition,187575,2012,116,2985.74,135818.54,45.4891,2.0
MC-02906,2024-02-28,NL,The Hague,Lawyer,mid,Dutch,email,acquisition,19056,581,35,19886.73,44503.51,2.2378,4.0
MC-01092,2024-02-28,CA,Vancouver,Accountant,mid,English,social_media,re_engagement,35260,887,44,4045.53,29879.87,7.3859,2.0
MC-00699,2024-02-28,US,Seattle,Software Engineer,mid,English,social_media,retention,252347,4265,157,8397.65,207944.91,24.7623,5.0
MC-00565,2024-02-28,ZA,Cape Town,Physician,mid,Afrikaans,social_media,retention,167790,3186,142,6028.11,149710.08,24.8353,10.0
MC-01465,2024-02-28,US,Seattle,Designer,mid,English,email,awareness,55285,1851,114,6559.76,52586.81,8.0166,6.0
MC-00251,2024-02-28,ZA,Johannesburg,Writer,mid,Afrikaans,social_media,awareness,97712,1468,112,1401.7,57152.03,40.7734,8.0
MC-02972,2024-02-28,US,San Francisco,Researcher,budget,English,display,awareness,450951,6330,390,9614.23,50113.27,5.2124,4.0
MC-02021,2024-02-28,ES,Valencia,Accountant,budget,Spanish,social_media,awareness,78732,1289,17,1213.4,2197.97,1.8114,1.0
MC-02710,2024-02-28,IN,Hyderabad,Writer,mid,Hindi,email,acquisition,2474,82,4,1000.1,2012.11,2.0119,5.0
MC-02761,2024-02-28,US,Chicago,Marketing Manager,mid,English,social_media,awareness,44250,893,11,5791.31,9517.22,1.6434,8.0
MC-00467,2024-02-28,IN,Hyderabad,Data Scientist,mid,Hindi,influencer,retention,344338,10777,453,10166.88,512210.07,50.3803,4.0
MC-02438,2024-02-29,US,Los Angeles,Sales Rep,budget,English,social_media,retention,484825,11009,877,810.89,109810.14,135.4193,2.0
MC-02200,2024-02-29,IN,Bangalore,Architect,budget,Hindi,email,retention,6138,154,3,998.25,691.9,0.6931,10.0
MC-02649,2024-02-29,DE,Munich,Sales Rep,budget,German,content_marketing,acquisition,255465,4667,304,1538.86,33993.23,22.0899,10.0
MC-02609,2024-02-29,DE,Stuttgart,Writer,mid,German,content_marketing,retention,50638,783,19,1276.23,10652.56,8.3469,8.0
MC-02977,2024-02-29,CA,Montreal,Accountant,premium,English,social_media,acquisition,5022,81,3,2641.35,10133.72,3.8366,1.0
MC-02365,2024-02-29,NL,Rotterdam,Software Engineer,budget,Dutch,search,acquisition,13271,947,68,2625.05,15889.14,6.0529,3.0
MC-02857,2024-02-29,IN,Delhi,Lawyer,budget,Hindi,content_marketing,awareness,6437,90,5,1072.72,1015.92,0.9471,3.0
MC-02151,2024-02-29,IN,Mumbai,Data Scientist,mid,Hindi,email,retention,10555,227,15,18777.8,16869.68,0.8984,2.0
MC-02569,2024-02-29,US,Houston,Teacher,mid,English,social_media,acquisition,303587,7225,313,10066.64,148113.6,14.7133,3.0
MC-02451,2024-02-29,US,New York,Designer,budget,English,social_media,re_engagement,113467,1733,96,4510.79,8873.97,1.9673,4.0
MC-02997,2024-02-29,IN,Mumbai,Software Engineer,budget,Hindi,email,re_engagement,20523,619,45,3366.41,7662.46,2.2762,10.0
MC-02232,2024-02-29,ES,Bilbao,Sales Rep,mid,Spanish,search,acquisition,85287,7819,86,2144.78,41007.9,19.1199,8.0
MC-01500,2024-02-29,AU,Perth,Sales Rep,premium,English,social_media,acquisition,16030,340,5,2668.08,13562.66,5.0833,2.0
MC-01719,2024-02-29,FR,Lyon,Accountant,mid,French,social_media,acquisition,45700,1146,33,1042.18,31149.86,29.8891,9.0
MC-00158,2024-02-29,US,Phoenix,Data Scientist,mid,English,social_media,acquisition,10335,157,11,576.58,14049.26,24.3665,3.0
MC-00054,2024-02-29,AU,Perth,Physician,premium,English,email,acquisition,80729,2427,112,593.76,618604.6,1041.8428,3.0
MC-01011,2024-02-29,US,San Francisco,Physician,budget,English,email,retention,5387,170,7,5002.9,1235.15,0.2469,2.0
MC-00421,2024-02-29,NL,Utrecht,Researcher,mid,Dutch,email,acquisition,138923,3311,223,11810.49,212818.42,18.0194,2.0
MC-01292,2024-02-29,US,Chicago,Lawyer,premium,English,email,acquisition,8705,290,7,360.72,32746.3,90.7804,2.0
MC-01198,2024-02-29,NL,Amsterdam,Teacher,budget,Dutch,influencer,re_engagement,70016,1268,32,1915.01,2866.41,1.4968,4.0
MC-00186,2024-02-29,US,New York,HR Manager,budget,English,email,re_engagement,5454,135,9,4512.7,831.39,0.1842,5.0
MC-01025,2024-02-29,AU,Brisbane,Consultant,premium,English,search,awareness,5234,467,15,1296.3,60751.56,46.8654,9.0
MC-00223,2024-02-29,CA,Ottawa,Researcher,premium,English,search,acquisition,227409,14568,724,1780.17,2776414.18,1559.6343,3.0
MC-00612,2024-02-29,GB,Leeds,Physician,mid,English,search,acquisition,303160,26030,1073,2023.99,994196.41,491.2062,2.0
MC-01917,2024-02-29,CA,Calgary,Writer,mid,English,social_media,awareness,500000,8220,256,1773.92,126636.76,71.3881,4.0
MC-01121,2024-02-29,JP,Sapporo,Marketing Manager,budget,Japanese,email,retention,26643,945,22,27393.48,3804.91,0.1389,7.0
MC-01043,2024-02-29,US,Phoenix,Architect,budget,English,email,awareness,138501,3297,251,291.02,42392.81,145.6697,6.0
MC-00078,2024-02-29,IN,Pune,Consultant,mid,Hindi,search,acquisition,28560,1717,66,3604.22,50108.3,13.9027,2.0
MC-01897,2024-02-29,US,San Francisco,Architect,mid,English,email,retention,22592,794,49,2093.02,65687.83,31.3842,1.0
MC-00824,2024-02-29,US,Seattle,Researcher,mid,English,search,acquisition,11219,726,16,9183.14,13514.68,1.4717,1.0
MC-00081,2024-02-29,US,Chicago,Consultant,budget,English,display,retention,328977,5051,125,1617.96,20551.42,12.7021,3.0
MC-01044,2024-02-29,MX,Monterrey,Accountant,budget,Spanish,email,awareness,92433,2305,50,1138.93,6056.48,5.3177,8.0
MC-00411,2024-02-29,IN,Bangalore,Accountant,budget,Hindi,social_media,awareness,30207,601,26,3705.43,3356.94,0.906,7.0
MC-00365,2024-02-29,GB,Bristol,Product Manager,mid,English,social_media,acquisition,23825,422,12,17541.42,10697.72,0.6099,3.0
MC-02688,2024-03-01,US,Los Angeles,Writer,budget,English,influencer,acquisition,193987,6107,397,2729.8,42290.71,15.4922,7.0
MC-00637,2024-03-01,IL,Netanya,Data Scientist,budget,Hebrew,email,acquisition,5721,181,7,1147.55,1348.14,1.1748,2.0
MC-01042,2024-03-01,CA,Toronto,Marketing Manager,budget,English,display,awareness,47463,698,16,14200.78,2012.12,0.1417,6.0
MC-00040,2024-03-01,IN,Chennai,Consultant,premium,Hindi,email,acquisition,5350,182,11,3007.13,44909.13,14.9342,6.0
MC-02935,2024-03-01,US,Chicago,Researcher,budget,English,influencer,re_engagement,7153,146,7,90.0,891.61,9.9068,5.0
MC-01017,2024-03-01,US,New York,Designer,premium,English,email,retention,35264,927,51,6393.56,127903.03,20.005,3.0
MC-01603,2024-03-01,ZA,Cape Town,Designer,budget,Afrikaans,email,acquisition,54670,1578,18,1377.39,2133.6,1.549,10.0
MC-00653,2024-03-01,GB,Leeds,Sales Rep,budget,English,search,awareness,27029,1525,32,6610.72,2992.02,0.4526,3.0
MC-00368,2024-03-01,IN,Mumbai,Lawyer,budget,Hindi,social_media,acquisition,8565,134,10,8955.07,1695.37,0.1893,4.0
MC-01805,2024-03-01,IL,Tel Aviv,Consultant,budget,Hebrew,search,re_engagement,47000,4137,324,434.95,55512.91,127.6306,3.0
MC-02462,2024-03-01,US,Phoenix,Teacher,mid,English,email,acquisition,39785,1359,79,2747.92,42147.78,15.3381,8.0
MC-02822,2024-03-01,SG,Singapore,Marketing Manager,mid,English,search,acquisition,17049,923,72,1036.55,65496.03,63.1866,4.0
MC-02085,2024-03-01,MX,Mexico City,Marketing Manager,premium,Spanish,social_media,re_engagement,100207,1804,50,2269.01,225482.6,99.3749,10.0
MC-00061,2024-03-01,IN,Delhi,Researcher,premium,Hindi,email,re_engagement,73229,2249,74,260.23,261466.92,1004.7532,1.0
MC-02562,2024-03-01,GB,Manchester,Sales Rep,premium,English,social_media,acquisition,18950,401,7,1700.0,18272.32,10.7484,3.0
MC-00712,2024-03-01,CA,Montreal,Software Engineer,premium,English,social_media,acquisition,113242,1732,18,404.37,120861.22,298.8877,3.0
MC-02799,2024-03-01,IN,Bangalore,Data Scientist,mid,Hindi,email,awareness,8537,319,16,2224.57,16303.73,7.3289,5.0
MC-01219,2024-03-01,ZA,Port Elizabeth,Researcher,mid,Afrikaans,content_marketing,re_engagement,328911,7033,144,3201.44,126289.07,39.4476,7.0
MC-00834,2024-03-01,FR,Paris,Software Engineer,budget,French,social_media,acquisition,107150,2725,71,586.47,13075.93,22.296,5.0
MC-01695,2024-03-01,GB,Manchester,Sales Rep,budget,English,social_media,retention,30627,569,16,1732.56,1670.37,0.9641,8.0
MC-02602,2024-03-01,US,Chicago,Software Engineer,mid,English,content_marketing,retention,5029,67,1,516.95,1229.67,2.3787,1.0
MC-00649,2024-03-01,US,New York,Writer,mid,English,display,acquisition,283014,3030,84,336.96,48560.1,144.1124,4.0
MC-01051,2024-03-01,MX,Puebla,Data Scientist,mid,Spanish,search,acquisition,6988,632,22,3763.78,24627.34,6.5432,9.0
MC-02914,2024-03-01,US,Seattle,Researcher,mid,English,email,awareness,20047,548,33,3278.49,28056.11,8.5576,4.0
MC-01056,2024-03-01,SG,Singapore,Physician,mid,English,search,awareness,16289,945,10,5911.6,12653.89,2.1405,8.0
MC-02768,2024-03-01,IN,Hyderabad,Product Manager,mid,Hindi,content_marketing,re_engagement,9770,123,4,909.42,3536.41,3.8886,9.0
MC-01992,2024-03-01,SG,Singapore,Product Manager,mid,English,influencer,re_engagement,77682,2061,71,1424.38,48471.65,34.03,3.0
MC-02759,2024-03-01,US,Los Angeles,Sales Rep,premium,English,email,acquisition,18884,599,26,651.6,70363.98,107.9865,3.0
MC-01466,2024-03-01,US,Chicago,HR Manager,budget,English,content_marketing,acquisition,5816,73,4,457.6,481.24,1.0517,3.0
MC-01140,2024-03-01,AU,Sydney,Software Engineer,premium,English,social_media,retention,40992,725,30,405.78,164849.09,406.2524,5.0
MC-01501,2024-03-01,US,New York,Accountant,mid,English,email,retention,5922,201,14,3324.72,11457.93,3.4463,5.0
MC-02924,2024-03-01,GB,Manchester,Product Manager,budget,English,display,acquisition,482259,6169,267,5948.95,45227.13,7.6025,3.0
MC-01361,2024-03-01,US,Seattle,Product Manager,mid,English,social_media,retention,54687,1114,59,1218.6,39880.06,32.7261,3.0
MC-00566,2024-03-01,IL,Beer Sheva,HR Manager,mid,Hebrew,search,acquisition,63740,4485,69,2242.75,41015.84,18.2882,8.0
MC-00156,2024-03-01,GB,Glasgow,Designer,budget,English,email,awareness,3436,73,3,783.32,266.49,0.3402,6.0
MC-00208,2024-03-01,US,Los Angeles,Designer,budget,English,social_media,awareness,89090,1684,93,303.29,9057.63,29.8646,7.0
MC-01308,2024-03-01,GB,Bristol,Architect,mid,English,email,retention,21553,661,26,840.98,28144.82,33.4667,8.0
MC-01068,2024-03-02,BR,São Paulo,Consultant,premium,Portuguese,social_media,acquisition,36172,680,16,1388.15,75056.73,54.0696,5.0
MC-00755,2024-03-02,DE,Hamburg,Sales Rep,mid,German,social_media,acquisition,131602,2660,135,5102.73,68519.88,13.4281,3.0
MC-00275,2024-03-02,BR,Fortaleza,Sales Rep,budget,Portuguese,influencer,re_engagement,187869,3496,198,3202.91,24314.46,7.5914,4.0
MC-00030,2024-03-02,GB,Glasgow,Accountant,premium,English,influencer,re_engagement,230682,5275,142,926.33,608421.08,656.8081,2.0
MC-02411,2024-03-02,US,Los Angeles,HR Manager,mid,English,email,acquisition,35918,812,9,3459.69,5730.32,1.6563,4.0
MC-00049,2024-03-02,ES,Bilbao,Product Manager,budget,Spanish,email,acquisition,24961,558,8,4637.95,1216.13,0.2622,1.0
MC-00848,2024-03-02,BR,Brasília,Designer,mid,Portuguese,content_marketing,awareness,32148,679,28,18093.53,15915.94,0.8796,6.0
MC-00318,2024-03-02,US,Houston,Researcher,budget,English,email,retention,18969,583,45,2581.15,6792.79,2.6317,6.0
MC-02083,2024-03-02,DE,Stuttgart,Lawyer,budget,German,influencer,awareness,124632,2332,122,10931.08,28765.92,2.6316,5.0
MC-01806,2024-03-02,BR,Fortaleza,Accountant,budget,Portuguese,search,awareness,189989,16254,968,1803.14,132803.99,73.6515,7.0
MC-01316,2024-03-02,IN,Chennai,Data Scientist,mid,Hindi,email,awareness,13191,491,12,890.83,11694.48,13.1276,8.0
MC-02835,2024-03-02,IN,Hyderabad,Sales Rep,mid,Hindi,search,acquisition,18680,1004,74,3088.19,45058.62,14.5906,3.0
MC-00890,2024-03-02,US,New York,Writer,budget,English,search,acquisition,215679,11821,584,760.16,68241.74,89.7729,9.0
MC-02366,2024-03-02,JP,Yokohama,Marketing Manager,mid,Japanese,email,retention,10834,255,17,618.9,15417.14,24.9106,4.0
MC-01234,2024-03-02,AU,Sydney,Physician,budget,English,email,acquisition,9279,212,7,3034.92,1318.32,0.4344,8.0
MC-02927,2024-03-02,IL,Tel Aviv,Writer,budget,Hebrew,display,retention,106833,1197,77,2032.05,9373.6,4.6129,1.0
MC-01596,2024-03-02,ZA,Durban,HR Manager,mid,Afrikaans,email,awareness,10877,229,13,1611.71,6506.54,4.037,8.0
MC-02502,2024-03-02,FR,Lyon,Consultant,mid,French,search,re_engagement,94370,6574,387,1828.13,329970.88,180.4964,3.0
MC-02701,2024-03-03,IL,Jerusalem,Physician,mid,Hebrew,email,awareness,4998,158,8,795.64,8072.59,10.146,10.0
MC-00531,2024-03-03,US,Houston,Writer,premium,English,social_media,awareness,9295,147,2,842.87,6558.75,7.7814,2.0
MC-00394,2024-03-03,US,Houston,Researcher,mid,English,social_media,awareness,22890,582,38,1125.15,27385.82,24.3397,9.0
MC-02010,2024-03-03,DE,Cologne,Teacher,mid,German,display,retention,13365,122,1,1725.87,617.09,0.3576,4.0
MC-01794,2024-03-03,JP,Yokohama,Physician,mid,Japanese,social_media,acquisition,12560,250,12,3938.78,13337.59,3.3862,2.0
MC-02533,2024-03-03,FR,Marseille,Researcher,budget,French,influencer,awareness,500000,9204,646,8117.91,106956.45,13.1754,4.0
MC-01128,2024-03-03,FR,Lyon,Accountant,budget,French,influencer,acquisition,25547,774,23,307.59,3110.67,10.113,1.0
MC-01788,2024-03-03,CA,Calgary,Consultant,mid,English,social_media,acquisition,38222,838,54,533.27,42691.6,80.0563,4.0
MC-01634,2024-03-03,US,Phoenix,Physician,premium,English,display,acquisition,369051,5235,333,4368.01,2003471.62,458.6692,6.0
MC-02428,2024-03-03,IL,Haifa,Writer,budget,Hebrew,email,acquisition,20960,738,8,1873.34,912.57,0.4871,3.0
MC-02787,2024-03-03,NL,Rotterdam,Teacher,budget,Dutch,email,retention,13429,285,3,1592.29,281.15,0.1766,2.0
MC-02786,2024-03-03,CA,Calgary,Sales Rep,budget,English,email,re_engagement,20660,730,35,2057.42,3228.61,1.5693,10.0
MC-01359,2024-03-03,FR,Lyon,Product Manager,mid,French,social_media,acquisition,120730,3070,175,1245.46,154922.24,124.3896,7.0
MC-02336,2024-03-03,AU,Perth,Data Scientist,mid,English,social_media,acquisition,149790,3817,165,1660.16,157528.84,94.8877,7.0
MC-00736,2024-03-04,ZA,Port Elizabeth,Accountant,mid,Afrikaans,search,re_engagement,126178,11945,911,9295.26,601553.72,64.7162,2.0
MC-01060,2024-03-04,IL,Beer Sheva,Marketing Manager,budget,Hebrew,influencer,awareness,67399,1647,107,5030.28,16260.12,3.2324,6.0
MC-01421,2024-03-04,GB,Leeds,Researcher,mid,English,email,acquisition,12569,329,22,1946.99,18109.01,9.301,8.0
MC-00004,2024-03-04,CA,Toronto,Lawyer,mid,English,social_media,acquisition,200027,4585,187,12610.82,217010.38,17.2083,2.0
MC-02758,2024-03-04,FR,Bordeaux,Teacher,mid,French,social_media,awareness,29315,760,46,362.95,20899.33,57.5818,1.0
MC-00092,2024-03-04,ES,Valencia,Writer,premium,Spanish,social_media,acquisition,199810,3535,204,8119.14,566046.12,69.7175,3.0
MC-02577,2024-03-04,ZA,Pretoria,Lawyer,budget,Afrikaans,content_marketing,awareness,21362,398,31,645.86,5566.62,8.6189,3.0
MC-00807,2024-03-04,IN,Kolkata,Consultant,mid,Hindi,email,retention,1866,61,4,2963.91,2988.76,1.0084,7.0
MC-00466,2024-03-04,AU,Melbourne,Researcher,budget,English,search,retention,19068,1486,24,3180.09,3931.27,1.2362,7.0
MC-00433,2024-03-04,ZA,Pretoria,Data Scientist,budget,Afrikaans,social_media,acquisition,41060,917,62,824.27,14545.09,17.646,2.0
MC-02284,2024-03-04,GB,London,Data Scientist,premium,English,email,retention,36708,1104,65,5963.54,344770.04,57.813,6.0
MC-00211,2024-03-04,GB,Manchester,Architect,mid,English,display,retention,117198,1296,66,632.64,74247.22,117.3609,4.0
MC-00102,2024-03-04,US,Houston,Sales Rep,mid,English,search,acquisition,134845,10198,213,6213.14,110649.06,17.8089,1.0
MC-02556,2024-03-04,NL,The Hague,Software Engineer,premium,Dutch,search,acquisition,10808,690,30,605.23,188624.89,311.6582,8.0
MC-01534,2024-03-04,FR,Marseille,Marketing Manager,premium,French,search,awareness,57298,5522,84,4707.44,271889.94,57.7575,4.0
MC-00043,2024-03-04,CA,Ottawa,Architect,budget,English,content_marketing,retention,2411,35,0,2487.96,0.0,0.0,2.0
MC-01988,2024-03-04,US,Los Angeles,Consultant,mid,English,content_marketing,awareness,11180,228,17,1177.11,11670.36,9.9144,10.0
MC-02380,2024-03-04,IL,Netanya,Product Manager,mid,Hebrew,search,acquisition,119322,8223,530,312.94,381044.37,1217.6276,6.0
MC-02930,2024-03-04,US,Los Angeles,HR Manager,mid,English,content_marketing,awareness,25812,412,23,6103.49,12338.26,2.0215,7.0
MC-00491,2024-03-04,IN,Kolkata,Consultant,budget,Hindi,display,retention,224982,3135,244,1012.64,30579.78,30.1981,5.0
MC-02911,2024-03-04,JP,Yokohama,Data Scientist,mid,Japanese,content_marketing,re_engagement,3954,79,3,605.67,3429.71,5.6627,1.0
MC-01804,2024-03-04,DE,Stuttgart,Consultant,mid,German,search,re_engagement,5430,292,17,10729.53,14612.2,1.3619,7.0
MC-02435,2024-03-04,CA,Toronto,Sales Rep,mid,English,social_media,re_engagement,58915,1052,49,5216.27,28966.15,5.553,10.0
MC-00333,2024-03-04,US,Los Angeles,Researcher,budget,English,search,acquisition,77640,4472,327,4753.59,41610.84,8.7536,4.0
MC-02261,2024-03-04,IN,Delhi,Consultant,mid,Hindi,email,acquisition,5488,119,4,1402.02,2924.01,2.0856,4.0
MC-00674,2024-03-04,GB,Manchester,Architect,mid,English,social_media,retention,123177,2347,142,1663.34,179859.7,108.1317,5.0
MC-02813,2024-03-04,IN,Kolkata,Designer,mid,Hindi,social_media,awareness,12122,256,8,1733.01,4855.71,2.8019,10.0
MC-00597,2024-03-04,NL,Utrecht,Writer,mid,Dutch,email,awareness,43791,991,26,4545.57,13997.72,3.0794,8.0
MC-00387,2024-03-05,IN,Chennai,Software Engineer,premium,Hindi,social_media,acquisition,271597,6312,402,56.54,2098398.97,37113.5297,5.0
MC-00106,2024-03-05,IN,Hyderabad,Sales Rep,mid,Hindi,social_media,retention,113630,2178,24,1233.96,14264.99,11.5603,9.0
MC-00947,2024-03-05,US,Los Angeles,Marketing Manager,mid,English,search,awareness,52232,3536,259,1568.92,182802.54,116.5149,2.0
MC-02227,2024-03-05,US,San Francisco,Accountant,mid,English,email,re_engagement,13137,281,7,992.19,5875.71,5.922,3.0
MC-01525,2024-03-05,CA,Montreal,Product Manager,mid,English,influencer,re_engagement,289335,8355,91,410.57,68188.7,166.083,5.0
MC-02920,2024-03-05,US,New York,Consultant,mid,English,social_media,acquisition,500000,7636,520,295.61,497441.3,1682.7621,3.0
MC-01410,2024-03-05,US,Chicago,Accountant,budget,English,social_media,acquisition,100612,1748,134,2645.48,20846.55,7.8801,5.0
MC-00800,2024-03-05,US,Seattle,Lawyer,premium,English,display,acquisition,33987,332,13,7571.54,68786.96,9.0849,3.0
MC-01204,2024-03-05,IN,Mumbai,Marketing Manager,budget,Hindi,social_media,awareness,95357,2392,28,387.08,4329.71,11.1856,10.0
MC-00453,2024-03-05,US,Los Angeles,Consultant,premium,English,content_marketing,retention,18588,434,28,1102.78,117706.75,106.7364,4.0
MC-01745,2024-03-05,US,New York,Designer,mid,English,display,acquisition,42492,446,25,1905.15,11248.93,5.9045,6.0
MC-01777,2024-03-05,DE,Berlin,Software Engineer,mid,German,email,re_engagement,58727,1603,114,2369.11,114107.3,48.1646,10.0
MC-00215,2024-03-05,US,Seattle,HR Manager,premium,English,email,retention,65693,1459,101,562.49,243791.8,433.4153,4.0
MC-01928,2024-03-05,FR,Bordeaux,Marketing Manager,mid,French,search,awareness,5727,527,16,2376.91,11501.58,4.8389,1.0
MC-01935,2024-03-05,IN,Chennai,Data Scientist,premium,Hindi,display,retention,333054,4051,124,244.57,785460.26,3211.5969,10.0
MC-02089,2024-03-05,MX,Guadalajara,Sales Rep,budget,Spanish,social_media,awareness,212207,3328,62,1200.09,6318.35,5.2649,9.0
MC-00666,2024-03-05,DE,Frankfurt,Physician,budget,German,email,acquisition,5893,176,4,7958.29,867.7,0.109,2.0
MC-00446,2024-03-05,GB,Birmingham,Consultant,mid,English,email,awareness,44777,1461,101,2354.91,84586.7,35.9193,8.0
MC-00055,2024-03-05,IN,Delhi,Software Engineer,premium,Hindi,social_media,retention,35057,663,34,2865.42,163497.58,57.0589,9.0
MC-02705,2024-03-05,IN,Kolkata,Teacher,mid,Hindi,email,awareness,5391,145,5,521.48,2686.95,5.1525,9.0
MC-00532,2024-03-05,US,Phoenix,Architect,premium,English,email,retention,1763,41,0,2250.89,0.0,0.0,4.0
MC-02292,2024-03-05,DE,Frankfurt,Researcher,budget,German,search,re_engagement,38570,3023,79,6476.69,11962.13,1.847,6.0
MC-02739,2024-03-05,ES,Barcelona,Researcher,premium,Spanish,email,acquisition,3171,80,1,5146.6,3406.05,0.6618,9.0
MC-01387,2024-03-05,GB,Glasgow,Architect,mid,English,display,retention,113214,1609,114,1066.75,113235.65,106.1501,7.0
MC-02641,2024-03-05,GB,Birmingham,Teacher,budget,English,influencer,awareness,185549,5086,79,1296.37,8012.65,6.1808,9.0
MC-02979,2024-03-05,US,Houston,Marketing Manager,mid,English,social_media,retention,215520,3796,81,177.46,76474.67,430.9403,3.0
MC-01723,2024-03-05,US,Los Angeles,Teacher,premium,English,search,acquisition,179726,12445,295,507.19,842804.64,1661.7138,6.0
MC-00638,2024-03-05,US,Los Angeles,Consultant,mid,English,search,retention,5360,427,5,3810.41,4671.71,1.226,10.0
MC-02106,2024-03-05,DE,Stuttgart,Product Manager,premium,German,content_marketing,acquisition,77034,1596,123,1700.15,482384.84,283.7308,1.0
MC-02107,2024-03-05,US,Houston,Researcher,mid,English,display,acquisition,298311,3993,265,4447.32,235604.92,52.9768,4.0
MC-02978,2024-03-05,GB,Birmingham,Accountant,mid,English,display,acquisition,152532,1473,44,2389.85,41885.56,17.5264,2.0
MC-00761,2024-03-05,ZA,Pretoria,Architect,premium,Afrikaans,social_media,awareness,28815,476,16,6206.9,83564.95,13.4632,9.0
MC-02343,2024-03-06,NL,Eindhoven,Consultant,premium,Dutch,social_media,acquisition,317250,7894,92,1620.78,296627.84,183.0155,4.0
MC-02647,2024-03-06,IN,Kolkata,Data Scientist,mid,Hindi,email,awareness,12109,407,29,454.68,34039.87,74.8656,9.0
MC-00118,2024-03-06,IN,Hyderabad,HR Manager,budget,Hindi,social_media,acquisition,500000,9437,253,1690.33,27730.42,16.4053,3.0
MC-02193,2024-03-06,US,Chicago,Sales Rep,mid,English,social_media,acquisition,72657,1881,140,456.22,66253.42,145.2225,7.0
MC-01299,2024-03-06,IN,Kolkata,HR Manager,premium,Hindi,influencer,retention,32866,883,61,1256.33,191139.71,152.1413,3.0
MC-00338,2024-03-06,NL,Utrecht,Writer,mid,Dutch,social_media,awareness,91685,1986,21,1157.05,13735.94,11.8715,2.0
MC-02300,2024-03-06,US,Phoenix,Data Scientist,mid,English,email,acquisition,81054,2272,94,7593.51,101930.2,13.4233,5.0
MC-01032,2024-03-06,GB,Glasgow,Physician,mid,English,email,awareness,22132,788,52,1670.56,48856.48,29.2456,1.0
MC-02207,2024-03-06,US,Los Angeles,Data Scientist,premium,English,display,awareness,308151,4701,227,2451.13,1137972.58,464.2645,7.0
MC-02473,2024-03-06,MX,Tijuana,Marketing Manager,premium,Spanish,influencer,acquisition,169743,4075,252,5024.4,1190111.59,236.8664,4.0
MC-00604,2024-03-06,US,Phoenix,Lawyer,mid,English,email,acquisition,14918,344,4,712.43,4479.64,6.2878,4.0
MC-01918,2024-03-06,IN,Kolkata,Software Engineer,budget,Hindi,display,acquisition,71418,893,16,1004.09,3285.47,3.2721,6.0
MC-02297,2024-03-06,ZA,Durban,Data Scientist,mid,Afrikaans,email,acquisition,103391,2244,89,1815.52,111979.09,61.6788,7.0
MC-01640,2024-03-06,US,Houston,Consultant,mid,English,search,acquisition,31605,2897,125,1336.88,97456.8,72.8987,4.0
MC-02269,2024-03-06,ES,Valencia,Designer,mid,Spanish,email,retention,4660,104,7,950.0,3389.93,3.5683,5.0
MC-02452,2024-03-06,IN,Hyderabad,Accountant,premium,Hindi,social_media,awareness,42725,701,45,3537.15,147670.64,41.7485,6.0
MC-00799,2024-03-06,DE,Stuttgart,Lawyer,budget,German,email,acquisition,86925,2056,153,3669.41,31021.71,8.4541,7.0
MC-02345,2024-03-06,US,Phoenix,Software Engineer,mid,English,email,re_engagement,116875,2681,128,4146.7,158107.95,38.1286,4.0
MC-00875,2024-03-06,ZA,Johannesburg,Designer,budget,Afrikaans,social_media,retention,383852,5959,177,688.79,20146.32,29.2489,10.0
MC-01134,2024-03-06,FR,Bordeaux,Architect,premium,French,email,re_engagement,15330,508,34,10612.31,179062.81,16.8731,8.0
MC-00087,2024-03-06,US,San Francisco,Accountant,mid,English,email,acquisition,61447,1671,112,6216.28,97273.31,15.6482,10.0
MC-01700,2024-03-06,AU,Brisbane,Physician,budget,English,search,awareness,38718,2959,45,771.93,11309.75,14.6513,6.0
MC-01469,2024-03-06,ZA,Johannesburg,Architect,mid,Afrikaans,content_marketing,awareness,13482,313,3,639.72,3977.8,6.218,8.0
MC-02752,2024-03-06,GB,Bristol,Teacher,budget,English,influencer,re_engagement,500000,13552,317,2370.48,32649.62,13.7734,2.0
MC-01967,2024-03-06,GB,Birmingham,Accountant,premium,English,email,acquisition,47753,1688,68,15957.34,299165.42,18.7478,4.0
MC-02426,2024-03-06,IN,Delhi,Accountant,budget,Hindi,email,retention,18271,435,32,1191.66,5138.11,4.3117,5.0
MC-00380,2024-03-06,JP,Tokyo,Sales Rep,budget,Japanese,email,awareness,23269,508,7,1665.98,698.95,0.4195,5.0
MC-00835,2024-03-06,US,San Francisco,Lawyer,mid,English,search,retention,14585,1196,66,1245.87,73784.38,59.2232,5.0
MC-01009,2024-03-06,US,Phoenix,Marketing Manager,mid,English,email,acquisition,336515,9594,146,752.99,115207.12,152.9995,4.0
MC-01677,2024-03-06,US,San Francisco,Software Engineer,premium,English,social_media,retention,219680,3574,224,1619.34,1340128.19,827.5768,5.0
MC-02432,2024-03-06,DE,Hamburg,Software Engineer,mid,German,email,acquisition,17259,584,27,10148.89,24761.75,2.4398,10.0
MC-00159,2024-03-06,ES,Seville,Product Manager,premium,Spanish,email,acquisition,21598,663,9,5131.36,39116.86,7.6231,5.0
MC-01979,2024-03-07,IL,Tel Aviv,Lawyer,premium,Hebrew,influencer,awareness,11782,223,12,3822.53,71781.06,18.7784,8.0
MC-02686,2024-03-07,US,San Francisco,Researcher,mid,English,social_media,acquisition,68597,1248,82,2714.14,52705.59,19.4189,9.0
MC-01973,2024-03-07,GB,Birmingham,Accountant,mid,English,email,acquisition,26471,768,33,742.06,22671.16,30.5517,8.0
MC-00216,2024-03-07,CA,Ottawa,Designer,mid,English,email,acquisition,6735,212,2,2803.59,1014.53,0.3619,8.0
MC-00443,2024-03-07,US,Houston,Sales Rep,mid,English,email,retention,25865,946,39,15600.9,25375.93,1.6266,6.0
MC-00616,2024-03-07,BR,Fortaleza,Data Scientist,budget,Portuguese,email,re_engagement,28943,755,54,7477.22,11255.95,1.5054,7.0
MC-02726,2024-03-07,NL,Eindhoven,Lawyer,budget,Dutch,social_media,acquisition,375917,6120,407,2164.87,100259.79,46.3122,10.0
MC-00518,2024-03-07,US,Houston,Accountant,budget,English,content_marketing,awareness,19287,259,11,3254.85,1732.72,0.5324,4.0
MC-01507,2024-03-07,DE,Cologne,HR Manager,budget,German,search,re_engagement,94850,8197,110,1016.73,9475.75,9.3198,6.0
MC-01029,2024-03-07,FR,Lyon,Lawyer,budget,French,social_media,acquisition,62547,1569,16,517.55,2972.77,5.7439,1.0
MC-00331,2024-03-07,MX,Tijuana,Software Engineer,premium,Spanish,search,awareness,29590,2745,209,221.09,1201418.26,5434.0688,2.0
MC-00609,2024-03-07,US,San Francisco,HR Manager,mid,English,email,awareness,123981,3272,124,2302.05,58593.69,25.4528,4.0
MC-00501,2024-03-07,DE,Berlin,Accountant,budget,German,email,acquisition,63878,1838,50,3195.48,7326.15,2.2927,4.0
MC-01965,2024-03-07,US,San Francisco,Product Manager,budget,English,email,re_engagement,4081,124,7,2613.3,1045.84,0.4002,6.0
MC-01319,2024-03-07,SG,Singapore,Sales Rep,premium,English,search,awareness,7508,475,20,4787.09,64259.14,13.4234,2.0
MC-02466,2024-03-07,IL,Jerusalem,Sales Rep,premium,Hebrew,social_media,acquisition,55292,974,43,461.37,129266.21,280.1791,5.0
MC-02808,2024-03-07,SG,Singapore,Software Engineer,budget,English,social_media,acquisition,283120,4114,49,1976.64,8977.86,4.542,8.0
MC-01694,2024-03-07,SG,Singapore,Accountant,budget,English,email,awareness,4821,143,9,13746.85,1219.31,0.0887,4.0
MC-01200,2024-03-07,US,Houston,Designer,budget,English,social_media,awareness,500000,8661,683,1026.06,83151.28,81.0394,6.0
MC-00930,2024-03-07,ES,Valencia,Designer,mid,Spanish,search,acquisition,8351,643,33,1614.19,15237.8,9.4399,3.0
MC-00862,2024-03-07,US,Phoenix,Accountant,mid,English,social_media,acquisition,14415,309,20,3036.34,17097.49,5.631,7.0
MC-02793,2024-03-07,US,Phoenix,Architect,mid,English,influencer,acquisition,500000,12808,333,867.78,389965.68,449.3831,2.0
MC-00641,2024-03-07,US,New York,Lawyer,budget,English,influencer,awareness,43363,1133,43,1834.82,7950.5,4.3331,2.0
MC-01825,2024-03-07,DE,Hamburg,Data Scientist,premium,German,search,acquisition,4867,332,5,4125.19,27575.56,6.6847,7.0
MC-00857,2024-03-07,IL,Haifa,Sales Rep,budget,Hebrew,display,acquisition,107403,1474,94,694.99,8715.91,12.5411,4.0
MC-01813,2024-03-07,FR,Paris,Designer,mid,French,email,awareness,5839,123,4,1958.76,2649.86,1.3528,7.0
MC-02826,2024-03-07,US,Los Angeles,Software Engineer,mid,English,influencer,acquisition,97059,2416,37,1353.37,49531.42,36.5986,10.0
MC-01840,2024-03-07,US,Los Angeles,HR Manager,budget,English,email,acquisition,20065,586,43,548.95,5335.55,9.7196,1.0
MC-00983,2024-03-07,IN,Bangalore,HR Manager,mid,Hindi,display,retention,37140,438,25,366.66,14980.71,40.8572,3.0
MC-00801,2024-03-07,US,Chicago,HR Manager,budget,English,search,re_engagement,18212,1006,23,1980.85,2428.92,1.2262,6.0
MC-00697,2024-03-07,US,Phoenix,Researcher,budget,English,search,retention,118951,7769,209,3053.01,32429.79,10.6222,7.0
MC-00861,2024-03-07,DE,Stuttgart,Teacher,premium,German,social_media,acquisition,27167,669,39,1517.26,120880.73,79.6704,6.0
MC-01172,2024-03-07,BR,São Paulo,Sales Rep,mid,Portuguese,email,acquisition,76415,1795,119,50.34,72447.51,1439.1639,4.0
MC-02830,2024-03-07,AU,Adelaide,Physician,mid,English,display,retention,72009,813,21,491.38,25993.53,52.899,1.0
MC-01510,2024-03-08,GB,Leeds,Designer,budget,English,search,acquisition,52057,3761,138,3592.37,15743.6,4.3825,8.0
MC-01514,2024-03-08,US,Seattle,Marketing Manager,mid,English,email,acquisition,5516,213,15,1040.91,11704.34,11.2443,1.0
MC-02235,2024-03-08,BR,Salvador,Data Scientist,mid,Portuguese,display,retention,16218,230,9,1050.43,8078.96,7.6911,2.0
MC-02563,2024-03-08,US,San Francisco,HR Manager,budget,English,display,acquisition,22137,224,4,520.04,352.65,0.6781,9.0
MC-00180,2024-03-08,FR,Lyon,Product Manager,mid,French,email,acquisition,63943,1961,150,6247.42,96770.33,15.4896,1.0
MC-01747,2024-03-08,DE,Frankfurt,Teacher,mid,German,email,acquisition,5806,148,3,1526.66,1407.18,0.9217,6.0
MC-00617,2024-03-08,GB,Manchester,Researcher,mid,English,content_marketing,awareness,7788,147,4,1154.85,2917.96,2.5267,8.0
MC-00256,2024-03-08,IL,Jerusalem,Lawyer,premium,Hebrew,email,acquisition,8213,244,7,1341.48,37849.93,28.2151,2.0
MC-01683,2024-03-08,CA,Montreal,Writer,premium,English,social_media,retention,14710,218,6,4661.24,14971.1,3.2118,2.0
MC-01147,2024-03-08,US,Seattle,Product Manager,premium,English,email,retention,4699,175,7,494.76,29358.86,59.3396,2.0
MC-01257,2024-03-08,US,Chicago,Accountant,budget,English,search,acquisition,56987,4340,107,3020.59,14759.36,4.8863,6.0
MC-02101,2024-03-08,IN,Kolkata,Product Manager,mid,Hindi,social_media,awareness,61707,1101,51,5896.17,48378.84,8.2051,1.0
MC-02403,2024-03-08,GB,Birmingham,Product Manager,budget,English,search,awareness,203230,14732,546,7356.75,72409.82,9.8426,5.0
MC-02573,2024-03-08,FR,Marseille,Sales Rep,mid,French,social_media,awareness,41660,1008,80,1550.04,40123.54,25.8855,3.0
MC-01736,2024-03-08,CA,Calgary,HR Manager,mid,English,social_media,awareness,107350,2668,34,4587.37,16502.99,3.5975,3.0
MC-02604,2024-03-08,ES,Barcelona,Physician,budget,Spanish,search,acquisition,47545,2854,206,3255.72,42526.48,13.0621,5.0
MC-01996,2024-03-08,US,Houston,Teacher,premium,English,social_media,awareness,24885,489,10,6330.65,28898.68,4.5649,1.0
MC-01733,2024-03-08,GB,Glasgow,Sales Rep,budget,English,social_media,awareness,83387,1696,21,1277.78,2328.07,1.822,10.0
MC-02859,2024-03-08,IN,Mumbai,Software Engineer,mid,Hindi,email,acquisition,2994,106,2,2019.49,1930.6,0.956,10.0
MC-01681,2024-03-08,MX,Puebla,Sales Rep,premium,Spanish,search,acquisition,69095,5375,64,12118.88,190689.66,15.7349,7.0
MC-02775,2024-03-08,US,Phoenix,Teacher,premium,English,social_media,re_engagement,140645,3167,232,5010.4,655794.75,130.8867,3.0
MC-01538,2024-03-08,NL,Amsterdam,Accountant,mid,Dutch,social_media,re_engagement,192577,2995,101,958.26,91012.96,94.9773,1.0
MC-02440,2024-03-08,US,Chicago,Marketing Manager,mid,English,social_media,retention,71620,1721,120,2302.53,112143.84,48.7046,3.0
MC-01174,2024-03-08,US,Seattle,Data Scientist,mid,English,social_media,acquisition,81987,1952,38,1041.37,39444.38,37.8774,4.0
MC-01022,2024-03-08,US,Los Angeles,Data Scientist,premium,English,search,retention,50375,3212,111,404.71,511238.59,1263.222,2.0
MC-00992,2024-03-08,DE,Cologne,Writer,premium,German,social_media,acquisition,169732,2858,52,597.15,133639.95,223.7963,2.0
MC-02679,2024-03-08,CA,Montreal,Accountant,premium,English,influencer,retention,12979,250,14,4648.9,62677.58,13.4822,1.0
MC-02273,2024-03-08,IL,Jerusalem,HR Manager,premium,Hebrew,social_media,retention,93245,1832,49,13210.23,135082.64,10.2256,9.0
MC-01626,2024-03-08,IN,Pune,Sales Rep,mid,Hindi,email,retention,10451,277,18,254.2,10575.2,41.6019,1.0
MC-01176,2024-03-08,IN,Delhi,Product Manager,mid,Hindi,social_media,retention,500000,12564,874,784.28,765825.27,976.4692,2.0
MC-00031,2024-03-08,AU,Sydney,Consultant,budget,English,social_media,awareness,45262,1099,16,1052.23,2359.65,2.2425,8.0
MC-01181,2024-03-08,BR,Salvador,Writer,premium,Portuguese,social_media,acquisition,20815,394,14,1342.52,39051.69,29.0883,4.0
MC-01641,2024-03-08,US,San Francisco,Consultant,mid,English,social_media,awareness,16562,336,19,1784.72,17729.02,9.9338,7.0
MC-02392,2024-03-08,GB,Leeds,Marketing Manager,budget,English,search,acquisition,500000,38416,833,386.36,146806.82,379.9742,10.0
MC-01303,2024-03-08,ZA,Pretoria,Data Scientist,budget,Afrikaans,email,awareness,3036,100,1,6184.65,197.53,0.0319,8.0
MC-01884,2024-03-08,GB,Bristol,Sales Rep,budget,English,search,retention,23814,1660,127,1831.77,13482.03,7.3601,10.0
MC-02654,2024-03-08,GB,Leeds,Designer,premium,English,display,acquisition,500000,4949,338,1611.59,785898.84,487.6543,4.0
MC-00895,2024-03-08,MX,Puebla,Physician,budget,Spanish,search,re_engagement,103738,6630,69,2652.24,15709.67,5.9232,8.0
MC-01548,2024-03-08,US,New York,Architect,budget,English,social_media,acquisition,24660,449,31,6834.37,7379.08,1.0797,7.0
MC-02267,2024-03-08,GB,Manchester,Accountant,mid,English,email,acquisition,30605,1079,20,3179.75,17758.16,5.5848,10.0
MC-00689,2024-03-08,IN,Bangalore,Data Scientist,mid,Hindi,email,awareness,8920,311,17,940.27,19644.96,20.8929,10.0
MC-00871,2024-03-08,GB,Leeds,HR Manager,budget,English,email,acquisition,9100,226,2,333.31,170.71,0.5122,9.0
MC-01086,2024-03-08,MX,Guadalajara,Accountant,mid,Spanish,search,acquisition,36888,3150,102,1962.12,90884.68,46.3196,3.0
MC-00189,2024-03-08,US,New York,Sales Rep,budget,English,email,re_engagement,25061,809,39,328.93,4597.32,13.9766,6.0
MC-02389,2024-03-08,DE,Munich,Writer,premium,German,influencer,awareness,35436,1032,39,259.63,123354.86,475.1179,7.0
MC-00549,2024-03-08,US,San Francisco,Physician,budget,English,search,acquisition,64382,5580,146,3857.18,29990.64,7.7753,2.0
MC-00439,2024-03-08,US,Los Angeles,Researcher,mid,English,search,acquisition,357393,20664,340,37168.88,304926.91,8.2038,6.0
MC-01854,2024-03-08,US,San Francisco,Product Manager,budget,English,email,re_engagement,30761,883,57,1050.3,9175.64,8.7362,7.0
MC-02302,2024-03-09,IN,Delhi,Marketing Manager,mid,Hindi,social_media,awareness,500000,7670,330,4381.21,218482.02,49.868,8.0
MC-01211,2024-03-09,BR,Salvador,Marketing Manager,budget,Portuguese,social_media,awareness,45587,1000,61,7823.25,9656.39,1.2343,7.0
MC-02386,2024-03-09,AU,Brisbane,Accountant,mid,English,social_media,retention,135350,2731,83,2277.19,68849.98,30.2346,2.0
MC-01673,2024-03-09,US,New York,Sales Rep,mid,English,social_media,awareness,101697,1653,104,1163.93,57256.91,49.1927,2.0
MC-00602,2024-03-09,US,Seattle,Lawyer,budget,English,search,acquisition,101173,9186,380,4111.05,74572.02,18.1394,4.0
MC-00371,2024-03-09,ES,Barcelona,Data Scientist,budget,Spanish,search,retention,155876,8736,243,90.24,46174.12,511.6813,1.0
MC-00934,2024-03-09,US,Phoenix,Sales Rep,mid,English,search,retention,27865,2367,28,1062.18,17584.34,16.555,6.0
MC-02642,2024-03-09,AU,Perth,Accountant,budget,English,search,awareness,1049,88,5,2596.16,854.71,0.3292,10.0
MC-01817,2024-03-09,US,Chicago,Writer,mid,English,display,acquisition,189063,2505,167,919.17,96350.59,104.8235,7.0
MC-01850,2024-03-09,AU,Brisbane,Writer,mid,English,social_media,re_engagement,18932,449,13,870.72,7411.69,8.5121,3.0
MC-00117,2024-03-09,US,Phoenix,Writer,mid,English,content_marketing,retention,38396,863,58,18997.45,31574.17,1.662,7.0
MC-02132,2024-03-09,US,Phoenix,Software Engineer,mid,English,content_marketing,retention,4536,80,6,1082.47,6282.7,5.804,5.0
MC-01892,2024-03-09,US,Phoenix,Product Manager,mid,English,social_media,awareness,283002,4540,128,2252.34,101131.7,44.9007,4.0
MC-00837,2024-03-09,BR,Fortaleza,Researcher,budget,Portuguese,social_media,retention,80040,1464,99,402.71,15486.67,38.4561,1.0
MC-01524,2024-03-09,SG,Singapore,Writer,budget,English,email,re_engagement,457888,14469,755,1033.13,78534.13,76.0157,6.0
MC-00021,2024-03-09,GB,Birmingham,Marketing Manager,mid,English,social_media,retention,64132,1242,97,724.39,79521.66,109.7774,7.0
MC-01088,2024-03-09,IN,Bangalore,Physician,premium,Hindi,content_marketing,re_engagement,71062,1139,65,442.8,355821.78,803.5722,1.0
MC-02430,2024-03-09,IN,Chennai,Consultant,budget,Hindi,search,acquisition,5855,390,9,4049.61,1610.83,0.3978,9.0
MC-02855,2024-03-09,US,Seattle,Teacher,mid,English,email,acquisition,3611,99,1,7317.01,484.33,0.0662,5.0
MC-00007,2024-03-09,IN,Hyderabad,Architect,budget,Hindi,social_media,acquisition,166922,2470,155,1658.82,28551.54,17.212,1.0
MC-00574,2024-03-10,DE,Hamburg,Physician,premium,German,email,retention,13587,501,19,4117.08,109928.08,26.7005,1.0
MC-02040,2024-03-10,CA,Toronto,Designer,premium,English,search,acquisition,38971,3130,74,2778.61,238236.43,85.7394,3.0
MC-01953,2024-03-10,US,San Francisco,Accountant,mid,English,social_media,retention,211985,3214,249,5897.29,214007.94,36.2892,2.0
MC-01791,2024-03-10,FR,Toulouse,Lawyer,budget,French,email,acquisition,5501,133,5,2033.76,977.09,0.4804,3.0
MC-02744,2024-03-10,ES,Bilbao,Teacher,budget,Spanish,social_media,retention,145090,3634,265,9274.2,23455.5,2.5291,7.0
MC-00064,2024-03-10,NL,Amsterdam,Product Manager,mid,Dutch,search,retention,52301,3771,75,686.97,56068.15,81.6166,3.0
MC-02288,2024-03-10,IN,Chennai,Accountant,budget,Hindi,social_media,acquisition,204652,4293,45,813.25,5481.45,6.7402,2.0
MC-00567,2024-03-10,NL,Utrecht,Architect,budget,Dutch,social_media,retention,189567,2718,134,397.99,31812.28,79.9324,2.0
MC-02591,2024-03-10,DE,Cologne,Data Scientist,premium,German,social_media,awareness,46022,792,43,2104.42,229155.47,108.8925,2.0
MC-02318,2024-03-10,ES,Barcelona,Architect,mid,Spanish,search,acquisition,60868,5176,284,484.26,277204.01,572.4281,7.0
MC-02143,2024-03-10,GB,Glasgow,Software Engineer,mid,English,content_marketing,re_engagement,22786,287,20,3946.27,20095.84,5.0924,4.0
MC-02423,2024-03-10,AU,Brisbane,Writer,mid,English,social_media,retention,500000,10742,465,3275.08,241207.77,73.6494,3.0
MC-00160,2024-03-10,GB,Birmingham,Accountant,mid,English,email,acquisition,274707,7410,127,6692.17,106151.83,15.8621,5.0
MC-01087,2024-03-10,IN,Mumbai,Software Engineer,mid,Hindi,search,acquisition,86974,4723,225,1566.09,262829.96,167.8256,6.0
MC-02849,2024-03-10,US,San Francisco,Consultant,premium,English,social_media,retention,23772,455,20,1930.88,77007.93,39.8823,5.0
MC-01556,2024-03-10,CA,Vancouver,Teacher,budget,English,email,acquisition,6880,252,5,1003.48,491.75,0.49,1.0
MC-02139,2024-03-10,US,Los Angeles,Data Scientist,mid,English,email,re_engagement,21250,561,32,5963.17,39470.53,6.6191,4.0
MC-00911,2024-03-10,FR,Nice,Researcher,premium,French,social_media,re_engagement,9060,130,7,681.71,28838.48,42.3031,2.0
MC-00357,2024-03-10,IN,Delhi,Teacher,budget,Hindi,email,awareness,85546,2192,107,3642.54,11911.87,3.2702,6.0
MC-00749,2024-03-11,GB,London,HR Manager,mid,English,social_media,awareness,262250,5025,340,2395.33,181650.8,75.8354,5.0
MC-01331,2024-03-11,US,New York,Writer,mid,English,email,acquisition,9159,303,9,1341.25,5115.86,3.8142,7.0
MC-00383,2024-03-11,MX,Guadalajara,Data Scientist,budget,Spanish,influencer,awareness,110001,2598,178,1313.22,43116.94,32.833,10.0
MC-01106,2024-03-11,US,Houston,Designer,mid,English,display,awareness,500000,5722,430,6355.16,277497.76,43.665,10.0
MC-00529,2024-03-11,SG,Singapore,Physician,premium,English,social_media,retention,500000,7915,621,707.52,3126123.47,4418.4242,4.0
MC-00299,2024-03-11,FR,Nice,Architect,mid,French,display,awareness,34227,391,12,982.08,14519.77,14.7847,1.0
MC-01160,2024-03-11,US,Seattle,Teacher,budget,English,social_media,acquisition,119242,1749,116,3283.18,11933.99,3.6349,8.0
MC-00403,2024-03-11,FR,Toulouse,Researcher,mid,French,search,retention,16986,1624,120,24332.41,110953.46,4.5599,10.0
MC-00779,2024-03-11,CA,Vancouver,Sales Rep,mid,English,search,acquisition,17373,1081,11,190.78,7092.66,37.1772,1.0
MC-02537,2024-03-11,US,Phoenix,Designer,premium,English,social_media,retention,500000,9259,247,575.21,571824.06,994.1136,10.0
MC-02614,2024-03-11,IN,Kolkata,Architect,premium,Hindi,email,acquisition,4406,160,6,235.7,34578.19,146.7042,6.0
MC-01048,2024-03-11,US,San Francisco,HR Manager,budget,English,display,acquisition,30165,413,19,4520.61,1945.05,0.4303,5.0
MC-00432,2024-03-11,IN,Hyderabad,Product Manager,mid,Hindi,display,retention,14232,220,12,109.55,9451.21,86.273,10.0
MC-02487,2024-03-11,NL,Eindhoven,Writer,budget,Dutch,search,acquisition,17678,1291,45,9459.44,4452.73,0.4707,6.0
MC-00621,2024-03-11,IN,Hyderabad,Software Engineer,budget,Hindi,social_media,awareness,63102,1524,35,11438.72,7319.7,0.6399,2.0
MC-02800,2024-03-11,GB,Leeds,Teacher,mid,English,email,acquisition,9959,315,8,298.31,5340.75,17.9034,3.0
MC-00639,2024-03-11,IL,Jerusalem,Sales Rep,mid,Hebrew,email,retention,8826,213,13,1105.09,8702.94,7.8753,8.0
MC-00957,2024-03-11,ZA,Cape Town,Data Scientist,mid,Afrikaans,display,awareness,34821,536,28,1296.44,36242.0,27.955,4.0
MC-00367,2024-03-11,BR,São Paulo,Sales Rep,budget,Portuguese,social_media,awareness,500000,7981,101,5613.39,10042.2,1.789,5.0
MC-00935,2024-03-11,FR,Bordeaux,Accountant,premium,French,search,retention,129602,8217,190,1229.52,889293.43,723.285,6.0
MC-00418,2024-03-11,AU,Sydney,HR Manager,budget,English,display,acquisition,82803,1161,54,1064.77,6503.13,6.1075,9.0
MC-00606,2024-03-11,US,New York,Sales Rep,budget,English,email,retention,148746,3474,241,700.28,20954.53,29.9231,10.0
MC-00301,2024-03-11,MX,Puebla,Lawyer,budget,Spanish,email,re_engagement,18769,599,12,1434.36,2701.43,1.8834,6.0
MC-00001,2024-03-11,IL,Haifa,Consultant,mid,Hebrew,social_media,awareness,156222,3592,122,11768.09,97481.15,8.2835,1.0
MC-01613,2024-03-11,IN,Bangalore,Researcher,mid,Hindi,search,awareness,68141,4761,60,1064.63,56985.27,53.5259,10.0
MC-02252,2024-03-11,US,Seattle,Consultant,budget,English,social_media,acquisition,469005,10756,390,793.81,64704.28,81.511,4.0
MC-02138,2024-03-11,US,Seattle,Sales Rep,budget,English,influencer,retention,500000,13505,979,1798.86,82597.72,45.9167,7.0
MC-02149,2024-03-11,ES,Valencia,Lawyer,mid,Spanish,search,acquisition,30987,2529,150,9560.43,173528.05,18.1507,2.0
MC-01933,2024-03-11,AU,Melbourne,Lawyer,mid,English,email,awareness,140836,3871,53,9420.45,67710.72,7.1876,3.0
MC-02952,2024-03-11,DE,Stuttgart,Researcher,premium,German,search,acquisition,24199,1419,77,1744.48,349141.55,200.1408,8.0
MC-01675,2024-03-11,IN,Mumbai,Product Manager,budget,Hindi,social_media,acquisition,145015,2579,149,4489.91,25547.94,5.6901,2.0
MC-01461,2024-03-11,DE,Berlin,Sales Rep,budget,German,display,retention,103302,958,59,2018.0,6308.74,3.1262,4.0
MC-02153,2024-03-11,FR,Bordeaux,Designer,mid,French,social_media,retention,8477,212,11,893.39,6731.67,7.535,2.0
MC-00201,2024-03-11,CA,Toronto,Architect,premium,English,search,awareness,17999,1360,42,5150.35,217146.11,42.1614,6.0
MC-01772,2024-03-11,GB,Manchester,Product Manager,mid,English,email,retention,68238,2334,184,36193.24,153120.33,4.2306,1.0
MC-00056,2024-03-11,FR,Nice,Consultant,mid,French,content_marketing,acquisition,17768,362,26,1204.88,19267.29,15.991,2.0
MC-00025,2024-03-11,GB,Bristol,Writer,mid,English,email,retention,12601,385,10,11442.1,5671.89,0.4957,7.0
MC-01716,2024-03-11,US,Los Angeles,Lawyer,mid,English,email,retention,27955,831,14,4487.73,14897.71,3.3197,8.0
MC-01429,2024-03-11,US,New York,Designer,budget,English,content_marketing,acquisition,11386,159,1,2266.49,90.68,0.04,7.0
MC-01839,2024-03-11,US,Los Angeles,Accountant,premium,English,search,acquisition,211528,14638,527,1609.34,2227210.5,1383.9279,3.0
MC-01612,2024-03-11,GB,Glasgow,HR Manager,mid,English,content_marketing,retention,95758,1674,73,473.56,39545.87,83.5076,5.0
MC-00185,2024-03-11,US,Phoenix,Product Manager,mid,English,social_media,awareness,500000,11161,549,1525.32,520489.65,341.2331,1.0
MC-01740,2024-03-11,IN,Chennai,Product Manager,mid,Hindi,influencer,acquisition,361769,9924,255,805.73,229731.49,285.1222,6.0
MC-01494,2024-03-11,US,Chicago,Sales Rep,mid,English,social_media,awareness,89795,1669,36,3962.73,17567.05,4.4331,8.0
MC-00105,2024-03-11,IN,Delhi,Software Engineer,mid,Hindi,email,acquisition,5511,197,14,1089.03,17546.9,16.1124,8.0
MC-02727,2024-03-12,IN,Bangalore,Lawyer,budget,Hindi,search,awareness,22361,2094,107,2324.91,20355.27,8.7553,2.0
MC-02258,2024-03-12,DE,Munich,Researcher,mid,German,search,awareness,112243,9694,574,4198.37,369596.37,88.0333,4.0
MC-01142,2024-03-12,FR,Marseille,Sales Rep,premium,French,email,acquisition,4520,171,9,3111.2,24136.75,7.758,4.0
MC-02991,2024-03-12,US,Houston,Writer,mid,English,search,retention,9081,807,60,3443.74,29803.41,8.6544,1.0
MC-00990,2024-03-12,ZA,Port Elizabeth,Physician,budget,Afrikaans,email,acquisition,8867,267,14,4508.46,3135.19,0.6954,8.0
MC-00627,2024-03-12,NL,Eindhoven,Researcher,mid,Dutch,email,acquisition,35041,843,14,841.07,10854.21,12.9052,10.0
MC-02181,2024-03-12,IN,Chennai,HR Manager,budget,Hindi,social_media,awareness,33490,662,26,21756.82,2269.81,0.1043,1.0
MC-00008,2024-03-12,US,Los Angeles,Teacher,premium,English,email,retention,27553,965,43,10924.96,103711.22,9.4931,5.0
MC-00993,2024-03-12,US,New York,Writer,mid,English,email,awareness,21725,766,18,1477.36,9153.49,6.1958,7.0
MC-02746,2024-03-12,US,Phoenix,Teacher,mid,English,email,acquisition,2212,53,1,856.75,648.76,0.7572,2.0
MC-02402,2024-03-12,US,Houston,Writer,premium,English,content_marketing,awareness,8796,113,3,2957.85,10044.55,3.3959,8.0
MC-01663,2024-03-12,DE,Berlin,Researcher,mid,German,content_marketing,retention,43851,626,25,687.35,20939.23,30.4637,1.0
MC-00345,2024-03-12,FR,Paris,Architect,mid,French,email,retention,23987,743,12,25318.68,15936.61,0.6294,3.0
MC-00053,2024-03-12,IN,Kolkata,Data Scientist,budget,Hindi,social_media,retention,46790,1080,47,887.57,7936.69,8.942,3.0
MC-00495,2024-03-12,US,Los Angeles,Accountant,budget,English,influencer,re_engagement,55036,1699,31,543.75,-124.60687190563793,-0.2292,4.0
MC-00863,2024-03-12,IN,Chennai,Architect,mid,Hindi,search,acquisition,9447,691,17,862.52,21874.69,25.3614,2.0
MC-01577,2024-03-12,IL,Tel Aviv,Writer,mid,Hebrew,influencer,retention,28220,668,42,6068.62,28037.97,4.6202,10.0
MC-01711,2024-03-12,AU,Perth,Teacher,mid,English,influencer,re_engagement,382703,8212,394,2514.68,224714.43,89.361,5.0
MC-02454,2024-03-12,US,San Francisco,Lawyer,premium,English,social_media,retention,127525,3067,225,238.37,1128567.04,4734.5179,8.0
MC-00238,2024-03-12,US,Chicago,Physician,budget,English,email,awareness,39541,970,41,271.98,10273.46,37.7729,3.0
MC-00715,2024-03-12,SG,Singapore,HR Manager,budget,English,social_media,awareness,29927,572,27,463.43,2374.45,5.1236,7.0
MC-00707,2024-03-12,GB,Manchester,Data Scientist,premium,English,search,re_engagement,19552,1805,32,540.11,197259.16,365.2203,4.0
MC-00080,2024-03-12,US,San Francisco,Designer,budget,English,social_media,acquisition,36242,520,24,543.24,2986.77,5.4981,6.0
MC-02036,2024-03-12,US,New York,Software Engineer,budget,English,social_media,re_engagement,58592,1229,43,7437.94,8176.28,1.0993,5.0
MC-01565,2024-03-12,US,New York,Researcher,mid,English,social_media,acquisition,19912,298,20,2747.61,15082.68,5.4894,9.0
MC-00708,2024-03-12,IN,Kolkata,Physician,premium,Hindi,email,awareness,24151,551,27,1918.97,140893.2,73.4213,2.0
MC-01324,2024-03-12,US,Phoenix,Architect,budget,English,content_marketing,retention,144284,2910,196,1021.81,33538.62,32.8228,1.0
MC-02042,2024-03-12,US,Los Angeles,Physician,premium,English,search,awareness,5893,378,25,37815.57,144263.14,3.8149,2.0
MC-01351,2024-03-12,US,Phoenix,Accountant,mid,English,search,retention,13002,922,31,1290.3,23624.6,18.3094,4.0
MC-01118,2024-03-12,NL,Rotterdam,Teacher,mid,Dutch,search,awareness,213238,13500,682,2542.36,310115.78,121.9795,6.0
MC-01691,2024-03-12,FR,Toulouse,Designer,mid,French,social_media,retention,125412,2736,90,1285.21,46754.73,36.3791,2.0
MC-00459,2024-03-12,US,Houston,Writer,premium,English,social_media,awareness,109770,2322,81,20521.78,250789.8,12.2207,8.0
MC-02841,2024-03-12,GB,Manchester,Sales Rep,mid,English,search,retention,36692,3122,184,1537.79,89766.46,58.3737,8.0
MC-01537,2024-03-12,IN,Chennai,Researcher,mid,Hindi,email,retention,6455,185,5,2037.22,3965.42,1.9465,9.0
MC-00139,2024-03-12,AU,Melbourne,Marketing Manager,premium,English,search,awareness,21145,1250,64,1971.61,243743.07,123.6264,4.0
MC-01103,2024-03-13,IN,Kolkata,Sales Rep,budget,Hindi,content_marketing,acquisition,5210,100,4,3263.89,473.87,0.1452,9.0
MC-00327,2024-03-13,DE,Cologne,Marketing Manager,mid,German,display,awareness,79401,1016,53,707.44,50451.9,71.3162,9.0
MC-02681,2024-03-13,NL,The Hague,Marketing Manager,budget,Dutch,search,re_engagement,78976,4889,206,1730.88,26144.07,15.1045,10.0
MC-02722,2024-03-13,US,San Francisco,Designer,premium,English,content_marketing,acquisition,8709,117,7,2449.22,23199.27,9.4721,7.0
MC-00346,2024-03-13,IN,Chennai,HR Manager,premium,Hindi,email,acquisition,33324,1027,27,2825.12,68477.39,24.2388,4.0
MC-01148,2024-03-13,BR,Salvador,Accountant,premium,Portuguese,display,retention,118638,1020,80,1637.06,346685.42,211.7732,3.0
MC-00343,2024-03-13,US,Seattle,Sales Rep,mid,English,email,awareness,12991,372,28,1703.16,16426.11,9.6445,10.0
MC-02488,2024-03-13,US,San Francisco,Writer,mid,English,search,acquisition,26876,1499,56,9618.62,31795.2,3.3056,5.0
MC-02405,2024-03-13,IN,Delhi,Researcher,premium,Hindi,display,awareness,72231,1010,54,1381.05,195980.18,141.9067,6.0
MC-00430,2024-03-13,IL,Haifa,Software Engineer,mid,Hebrew,email,acquisition,15050,541,37,649.07,49143.37,75.7135,3.0
MC-00358,2024-03-13,FR,Bordeaux,Consultant,mid,French,email,acquisition,11225,273,11,27247.72,9963.57,0.3657,3.0
MC-00298,2024-03-13,FR,Nice,Lawyer,mid,French,email,awareness,5088,123,2,1257.89,2546.43,2.0244,5.0
MC-01876,2024-03-13,IN,Chennai,Architect,budget,Hindi,display,acquisition,71124,711,13,4241.26,2419.57,0.5705,7.0
MC-01451,2024-03-13,SG,Singapore,Architect,budget,English,social_media,retention,135080,2928,93,775.93,19496.9,25.1271,3.0
MC-00630,2024-03-13,US,Phoenix,Architect,mid,English,search,acquisition,31610,2053,112,1259.46,117658.16,93.4195,6.0
MC-01909,2024-03-13,BR,Fortaleza,Designer,premium,Portuguese,influencer,acquisition,57421,1432,105,1942.22,349026.72,179.705,6.0
MC-00242,2024-03-13,IN,Kolkata,Sales Rep,mid,Hindi,search,acquisition,9689,644,33,807.52,18297.8,22.6593,6.0
MC-00842,2024-03-13,IN,Mumbai,Accountant,mid,Hindi,social_media,acquisition,34310,791,16,1156.03,14598.09,12.6278,3.0
MC-02648,2024-03-13,US,Los Angeles,Consultant,budget,English,search,retention,119165,11461,643,2778.79,93792.52,33.753,7.0
MC-01266,2024-03-13,FR,Marseille,Architect,mid,French,search,re_engagement,20240,1719,131,932.85,168197.9,180.3054,10.0
MC-00214,2024-03-13,IN,Hyderabad,HR Manager,premium,Hindi,content_marketing,awareness,3860,88,2,7680.61,4650.9,0.6055,9.0
MC-00667,2024-03-13,US,Phoenix,Accountant,mid,English,social_media,acquisition,249022,5922,96,1591.56,66886.1,42.0255,8.0
MC-02772,2024-03-13,NL,Amsterdam,Sales Rep,premium,Dutch,social_media,retention,21982,455,5,7235.4,12984.01,1.7945,5.0
MC-02144,2024-03-13,MX,Mexico City,Architect,premium,Spanish,influencer,awareness,58028,1665,102,6135.61,601559.2,98.0439,5.0
MC-02948,2024-03-13,IN,Kolkata,HR Manager,mid,Hindi,email,retention,71313,2217,126,15075.11,71794.08,4.7624,3.0
MC-00789,2024-03-13,GB,Birmingham,Data Scientist,budget,English,email,acquisition,5522,166,10,1512.92,2410.53,1.5933,3.0
MC-02356,2024-03-13,MX,Puebla,Software Engineer,budget,Spanish,search,retention,10834,973,26,403.45,5557.99,13.7762,1.0
MC-00868,2024-03-13,US,Phoenix,Architect,mid,English,search,retention,72354,3937,285,2339.18,263088.55,112.4704,9.0
MC-02154,2024-03-13,US,Seattle,Data Scientist,mid,English,email,acquisition,24647,889,51,2529.34,60905.91,24.0798,2.0
MC-01698,2024-03-13,FR,Paris,Designer,mid,French,search,acquisition,132194,9891,545,2228.24,342024.67,153.4954,7.0
MC-00506,2024-03-13,IN,Kolkata,Data Scientist,budget,Hindi,social_media,retention,242745,4125,154,14861.7,27570.44,1.8551,5.0
MC-00236,2024-03-13,US,San Francisco,Sales Rep,mid,English,social_media,re_engagement,21387,395,27,5013.35,14340.64,2.8605,10.0
MC-00642,2024-03-13,US,Seattle,Data Scientist,mid,English,influencer,retention,49536,1402,59,565.34,66030.09,116.7971,10.0
MC-02103,2024-03-13,US,Seattle,Consultant,budget,English,email,acquisition,37052,956,10,1493.26,1526.0,1.0219,6.0
MC-00426,2024-03-13,FR,Bordeaux,HR Manager,premium,French,social_media,awareness,257375,3908,266,1796.21,618491.93,344.3316,7.0
MC-01416,2024-03-13,AU,Brisbane,Architect,mid,English,social_media,awareness,197562,4853,118,2225.25,135193.27,60.7542,7.0
MC-02961,2024-03-13,US,Seattle,Marketing Manager,mid,English,display,re_engagement,407184,5805,86,2508.85,55643.89,22.179,10.0
MC-02756,2024-03-13,IN,Delhi,Researcher,budget,Hindi,email,acquisition,182143,3929,150,1309.22,25188.94,19.2397,1.0
MC-01782,2024-03-13,ZA,Cape Town,Accountant,budget,Afrikaans,search,retention,26670,2461,111,227.27,16541.64,72.7841,5.0
MC-01648,2024-03-13,US,Houston,Teacher,premium,English,email,awareness,8375,287,22,2377.02,59655.89,25.0969,7.0
MC-00046,2024-03-13,ZA,Pretoria,Marketing Manager,budget,Afrikaans,social_media,acquisition,154250,2277,90,767.26,13943.61,18.1733,7.0
MC-02666,2024-03-13,BR,Fortaleza,Teacher,budget,Portuguese,display,acquisition,71517,978,26,8475.52,3034.33,0.358,3.0
MC-01650,2024-03-13,DE,Munich,HR Manager,budget,German,influencer,acquisition,116391,2563,113,1056.15,13692.69,12.9647,10.0
MC-00713,2024-03-14,ZA,Pretoria,Teacher,mid,Afrikaans,search,acquisition,55828,3045,139,2791.42,85139.19,30.5003,9.0
MC-01539,2024-03-14,US,Houston,HR Manager,mid,English,search,acquisition,46954,3764,142,29327.76,85565.77,2.9176,2.0
MC-02697,2024-03-14,US,San Francisco,Architect,mid,English,email,acquisition,7656,202,8,428.47,10442.15,24.3708,7.0
MC-00083,2024-03-14,IN,Hyderabad,Sales Rep,mid,Hindi,social_media,acquisition,72147,1434,81,3513.74,52436.86,14.9234,8.0
MC-02612,2024-03-14,BR,Rio de Janeiro,Designer,budget,Portuguese,social_media,acquisition,309515,6947,541,1037.53,50758.49,48.9224,3.0
MC-00787,2024-03-14,JP,Osaka,Consultant,premium,Japanese,email,retention,12250,428,32,1554.53,113977.81,73.3198,5.0
MC-02704,2024-03-14,CA,Ottawa,Writer,mid,English,social_media,awareness,234440,3476,102,7238.81,48284.63,6.6702,2.0
MC-02943,2024-03-14,US,Phoenix,Product Manager,budget,English,email,awareness,24523,795,7,16974.13,965.63,0.0569,4.0
MC-02196,2024-03-14,ZA,Port Elizabeth,Consultant,premium,Afrikaans,search,acquisition,3609,344,5,1624.38,20990.88,12.9224,10.0
MC-01599,2024-03-14,GB,Birmingham,Teacher,premium,English,search,awareness,23564,1505,73,1924.94,169904.07,88.2646,7.0
MC-02187,2024-03-14,US,New York,Sales Rep,budget,English,influencer,acquisition,14484,367,23,12852.88,2441.37,0.1899,2.0
MC-02485,2024-03-14,NL,The Hague,Data Scientist,budget,Dutch,email,acquisition,52907,1949,123,516.2,30673.22,59.4212,5.0
MC-01604,2024-03-14,IN,Hyderabad,Lawyer,mid,Hindi,search,re_engagement,15049,925,49,4262.02,48702.77,11.4272,7.0
MC-01342,2024-03-14,US,Phoenix,Architect,mid,English,content_marketing,acquisition,129789,1732,110,385.05,129571.01,336.5044,6.0
MC-02027,2024-03-14,DE,Munich,Software Engineer,premium,German,content_marketing,acquisition,26528,555,34,1587.36,199060.16,125.4033,9.0
MC-02976,2024-03-14,US,Phoenix,Writer,premium,English,email,awareness,21491,659,23,1825.17,73247.48,40.1319,1.0
MC-01623,2024-03-14,IN,Chennai,Marketing Manager,mid,Hindi,search,retention,316932,19906,901,3567.08,579388.02,162.4264,8.0
MC-02499,2024-03-14,US,Seattle,Writer,budget,English,email,awareness,44247,1709,21,846.75,2170.78,2.5637,10.0
MC-00982,2024-03-14,DE,Munich,Sales Rep,mid,German,search,acquisition,44615,4231,295,1643.63,178706.28,108.7266,4.0
MC-02829,2024-03-14,FR,Bordeaux,Software Engineer,budget,French,search,awareness,20969,1111,16,635.21,3548.57,5.5865,4.0
MC-02678,2024-03-14,IN,Bangalore,Product Manager,premium,Hindi,email,re_engagement,16140,426,14,6107.47,56047.14,9.1768,7.0
MC-01682,2024-03-14,US,Phoenix,Marketing Manager,mid,English,email,acquisition,19595,508,6,424.96,4563.52,10.7387,3.0
MC-02653,2024-03-14,IN,Mumbai,HR Manager,mid,Hindi,social_media,acquisition,222080,3620,75,1402.0,39989.05,28.5229,8.0
MC-01754,2024-03-14,FR,Marseille,Writer,mid,French,search,awareness,5689,471,34,3051.96,18265.62,5.9849,10.0
MC-01258,2024-03-14,DE,Frankfurt,Data Scientist,budget,German,search,acquisition,296641,24044,370,3222.66,66026.54,20.4882,9.0
MC-01098,2024-03-14,IN,Hyderabad,Marketing Manager,mid,Hindi,email,retention,45306,1023,75,2377.38,51465.49,21.648,7.0
MC-00168,2024-03-14,US,New York,Consultant,budget,English,social_media,awareness,81097,1586,115,1251.96,16149.23,12.8992,2.0
MC-01934,2024-03-14,US,Los Angeles,Teacher,mid,English,social_media,awareness,17645,440,7,464.61,4649.01,10.0063,10.0
MC-01505,2024-03-14,US,Houston,Sales Rep,premium,English,social_media,retention,77130,1791,48,598.64,122163.22,204.0679,5.0
MC-00257,2024-03-14,US,Houston,HR Manager,premium,English,email,retention,21300,816,53,3288.84,152665.51,46.4193,3.0
MC-01374,2024-03-14,US,New York,Researcher,budget,English,email,retention,15084,390,19,34075.18,2744.82,0.0806,6.0
MC-02853,2024-03-14,US,Houston,Software Engineer,premium,English,social_media,acquisition,57775,1238,42,4657.54,226652.28,48.6635,1.0
MC-01169,2024-03-14,IN,Kolkata,Architect,mid,Hindi,social_media,acquisition,28160,394,26,1845.23,32550.52,17.6404,4.0
MC-01167,2024-03-15,US,Phoenix,Accountant,premium,English,search,acquisition,38045,2012,44,1520.82,182784.23,120.1879,2.0
MC-01305,2024-03-15,US,Los Angeles,Researcher,mid,English,email,acquisition,9363,310,22,2459.62,17957.85,7.3011,8.0
MC-01770,2024-03-15,BR,São Paulo,Data Scientist,mid,Portuguese,search,awareness,51961,2814,178,757.63,208157.84,274.7487,7.0
MC-02639,2024-03-15,US,Los Angeles,Data Scientist,budget,English,search,acquisition,21318,1152,39,866.19,9316.53,10.7558,4.0
MC-01186,2024-03-15,IL,Haifa,Lawyer,budget,Hebrew,content_marketing,awareness,46460,1008,79,14846.42,13607.37,0.9165,2.0
MC-01123,2024-03-15,NL,Amsterdam,Data Scientist,premium,Dutch,search,retention,11966,916,71,2150.69,406142.41,188.8428,9.0
MC-00632,2024-03-15,JP,Sapporo,Accountant,premium,Japanese,display,acquisition,97668,1143,75,14042.86,251050.53,17.8775,10.0
MC-02992,2024-03-15,BR,Brasília,Data Scientist,budget,Portuguese,email,awareness,16477,414,27,1588.85,6408.23,4.0333,1.0
MC-00042,2024-03-15,MX,Monterrey,Data Scientist,mid,Spanish,social_media,acquisition,500000,7973,192,9011.5,190473.39,21.1367,8.0
MC-00045,2024-03-15,CA,Ottawa,Teacher,mid,English,social_media,awareness,211732,5227,271,8149.06,128987.71,15.8285,2.0
MC-01143,2024-03-15,US,San Francisco,Writer,premium,English,search,acquisition,97357,9455,326,1733.01,834793.7,481.7016,5.0
MC-01945,2024-03-15,IN,Pune,Architect,budget,Hindi,content_marketing,awareness,78092,1008,29,3439.94,4905.56,1.4261,9.0
MC-01144,2024-03-15,GB,Leeds,Marketing Manager,mid,English,email,acquisition,76742,2105,60,2569.1,50641.78,19.7119,8.0
MC-02333,2024-03-15,US,New York,Product Manager,mid,English,influencer,awareness,347252,8739,524,1973.23,360644.37,182.7685,8.0
MC-00019,2024-03-15,GB,London,Teacher,mid,English,influencer,acquisition,13492,392,30,6007.27,16662.0,2.7736,7.0
MC-02834,2024-03-15,IN,Bangalore,Software Engineer,mid,Hindi,email,retention,33893,1316,78,7364.51,84650.83,11.4944,10.0
MC-00520,2024-03-15,CA,Vancouver,Accountant,premium,English,influencer,awareness,57124,1040,60,4589.09,257178.37,56.0413,1.0
MC-02178,2024-03-15,US,Seattle,Lawyer,mid,English,social_media,acquisition,152107,3099,55,817.36,67267.37,82.2983,4.0
MC-00014,2024-03-15,BR,Salvador,Software Engineer,budget,Portuguese,social_media,awareness,48507,932,25,468.65,5944.39,12.6841,4.0
MC-01163,2024-03-15,NL,The Hague,Accountant,budget,Dutch,content_marketing,awareness,55076,828,61,2447.72,10785.8,4.4065,2.0
MC-02574,2024-03-15,NL,Utrecht,Lawyer,budget,Dutch,influencer,awareness,82319,1982,128,33066.53,29243.54,0.8844,7.0
MC-02504,2024-03-15,IN,Delhi,Writer,premium,Hindi,display,acquisition,445500,5287,162,5988.13,409943.24,68.4593,3.0
MC-00397,2024-03-15,US,New York,Marketing Manager,mid,English,social_media,acquisition,68065,1134,42,1971.87,29835.06,15.1303,10.0
MC-00194,2024-03-15,BR,Fortaleza,Teacher,mid,Portuguese,search,acquisition,250337,17758,970,6850.77,550228.59,80.3163,6.0
MC-01720,2024-03-15,US,Chicago,Researcher,mid,English,social_media,acquisition,6507,131,8,2444.08,6665.78,2.7273,1.0
MC-01541,2024-03-15,US,Houston,Data Scientist,budget,English,email,awareness,75000,2154,22,1723.85,4087.19,2.371,10.0
MC-02431,2024-03-15,GB,Birmingham,Sales Rep,mid,English,email,acquisition,24896,727,49,1002.66,29978.48,29.8989,10.0
MC-00241,2024-03-15,ES,Valencia,Data Scientist,premium,Spanish,display,acquisition,90141,1275,48,6882.72,233328.38,33.9006,5.0
MC-02361,2024-03-15,IN,Bangalore,Product Manager,budget,Hindi,search,retention,57746,4798,291,317.85,49223.71,154.8646,3.0
MC-01212,2024-03-15,GB,Manchester,Software Engineer,premium,English,display,acquisition,137391,1292,21,2226.4,131295.01,58.9719,9.0
MC-00151,2024-03-15,US,New York,Researcher,mid,English,email,acquisition,97312,2286,50,1036.87,39433.26,38.0311,5.0
MC-01492,2024-03-15,SG,Singapore,Sales Rep,mid,English,email,awareness,143846,4235,335,600.76,154479.37,257.1399,2.0
MC-01411,2024-03-15,GB,London,Sales Rep,budget,English,email,acquisition,1373,36,0,1824.4,0.0,0.0,2.0
MC-01815,2024-03-15,DE,Frankfurt,Lawyer,budget,German,email,retention,71982,1821,99,4500.61,21969.14,4.8814,2.0
MC-00262,2024-03-15,BR,Brasília,HR Manager,budget,Portuguese,search,retention,2854,219,12,2891.54,1057.73,0.3658,4.0
MC-02619,2024-03-15,IN,Delhi,Designer,mid,Hindi,social_media,acquisition,12825,256,17,1705.6,9015.71,5.2859,10.0
MC-02529,2024-03-15,JP,Nagoya,Consultant,mid,Japanese,social_media,retention,397032,8525,186,1766.68,134552.32,76.1611,8.0
MC-01203,2024-03-15,US,Houston,Data Scientist,mid,English,social_media,awareness,5922,84,5,1030.48,5280.72,5.1245,4.0
MC-01870,2024-03-15,IN,Chennai,Software Engineer,mid,Hindi,social_media,acquisition,90307,1630,126,3862.47,125840.46,32.5803,9.0
MC-00167,2024-03-15,US,Los Angeles,Researcher,mid,English,search,awareness,13165,881,29,1867.19,23776.65,12.7339,10.0
MC-02467,2024-03-15,AU,Melbourne,Software Engineer,budget,English,social_media,awareness,60722,963,22,7547.9,3981.9,0.5276,8.0
MC-00434,2024-03-16,US,Chicago,Teacher,mid,English,social_media,awareness,500000,7554,449,1300.7,256502.61,197.2035,10.0
MC-02753,2024-03-16,CA,Toronto,HR Manager,mid,English,social_media,acquisition,500000,8178,236,2668.09,141336.56,52.9729,8.0
MC-01615,2024-03-16,GB,Glasgow,Marketing Manager,mid,English,display,acquisition,79803,1158,53,891.0,42901.18,48.1495,4.0
MC-02516,2024-03-16,ZA,Johannesburg,Designer,budget,Afrikaans,email,retention,3750,98,6,351.1,547.79,1.5602,1.0
MC-01104,2024-03-16,GB,Glasgow,Designer,mid,English,email,acquisition,55478,1958,120,535.31,68888.43,128.6889,1.0
MC-01392,2024-03-16,CA,Montreal,Data Scientist,mid,English,search,acquisition,15382,922,44,1060.69,55916.46,52.7171,10.0
MC-02791,2024-03-16,IL,Jerusalem,Marketing Manager,budget,Hebrew,social_media,acquisition,28710,654,24,599.5,3228.81,5.3858,2.0
MC-00291,2024-03-16,GB,Birmingham,Researcher,budget,English,social_media,awareness,7742,139,9,1672.94,1236.15,0.7389,6.0
MC-02348,2024-03-16,CA,Calgary,Accountant,budget,English,email,retention,10448,301,22,710.89,3604.71,5.0707,10.0
MC-00508,2024-03-16,IL,Netanya,Data Scientist,mid,Hebrew,social_media,awareness,2877,51,3,235.27,2998.39,12.7445,4.0
MC-00540,2024-03-16,GB,Birmingham,Lawyer,mid,English,search,acquisition,39858,3193,42,330.41,43888.92,132.8317,4.0
MC-01395,2024-03-16,GB,Glasgow,Data Scientist,mid,English,search,acquisition,26849,2141,70,2699.3,68398.43,25.3393,10.0
MC-02183,2024-03-16,US,Chicago,HR Manager,budget,English,display,awareness,127332,1938,84,2245.03,8753.26,3.899,2.0
MC-01352,2024-03-16,US,San Francisco,Product Manager,mid,English,social_media,retention,69310,1672,130,1427.86,87238.05,61.0971,6.0
MC-00408,2024-03-16,US,Seattle,Consultant,mid,English,email,acquisition,10743,273,5,613.76,4356.44,7.098,4.0
MC-02582,2024-03-16,GB,Birmingham,Accountant,mid,English,search,acquisition,83142,5429,314,15363.08,285002.46,18.5511,6.0
MC-01574,2024-03-16,GB,Leeds,Lawyer,budget,English,search,acquisition,33835,2761,190,1780.11,35268.63,19.8126,3.0
MC-01595,2024-03-16,US,Houston,Data Scientist,premium,English,social_media,awareness,23007,481,4,717.56,21391.97,29.8121,1.0
MC-00825,2024-03-16,BR,São Paulo,Data Scientist,mid,Portuguese,email,awareness,3952,147,10,1053.66,13310.91,12.633,2.0
MC-00543,2024-03-16,NL,The Hague,Accountant,budget,Dutch,influencer,re_engagement,59023,1605,38,4143.66,5839.67,1.4093,7.0
MC-02661,2024-03-17,DE,Frankfurt,Architect,budget,German,email,awareness,94005,3600,198,1395.97,40077.57,28.7095,6.0
MC-00512,2024-03-17,BR,Rio de Janeiro,Software Engineer,budget,Portuguese,social_media,retention,500000,9260,394,712.23,73612.8,103.3554,5.0
MC-00922,2024-03-17,NL,Utrecht,Sales Rep,mid,Dutch,email,acquisition,29176,896,38,3103.35,24020.38,7.7401,3.0
MC-02140,2024-03-17,SG,Singapore,Teacher,premium,English,social_media,acquisition,27337,472,35,5245.25,108585.97,20.7018,6.0
MC-02742,2024-03-17,IN,Bangalore,HR Manager,budget,Hindi,search,awareness,119936,7775,398,6704.56,44523.51,6.6408,5.0
MC-01413,2024-03-17,CA,Ottawa,Sales Rep,budget,English,search,acquisition,65252,3564,54,884.78,6578.74,7.4355,8.0
MC-02001,2024-03-17,US,Phoenix,Architect,budget,English,social_media,retention,272390,4481,208,635.17,37468.45,58.9896,4.0
MC-00750,2024-03-17,US,Seattle,Accountant,premium,English,search,re_engagement,62420,3451,71,6183.43,307937.74,49.8005,2.0
MC-00572,2024-03-17,US,Los Angeles,Software Engineer,premium,English,email,awareness,35901,1019,62,5901.5,316041.95,53.5528,9.0
MC-01084,2024-03-17,GB,London,Researcher,budget,English,content_marketing,retention,151594,3200,133,778.91,23679.21,30.4004,7.0
MC-01999,2024-03-17,GB,Bristol,Teacher,premium,English,social_media,awareness,207525,4027,61,778.12,179394.47,230.5486,9.0
MC-01018,2024-03-17,DE,Frankfurt,Writer,budget,German,social_media,awareness,51257,730,25,873.56,3136.09,3.59,1.0
MC-00295,2024-03-17,FR,Nice,Software Engineer,budget,French,influencer,awareness,122761,3584,99,1234.44,22522.17,18.2448,4.0
MC-00563,2024-03-17,ES,Madrid,Accountant,mid,Spanish,social_media,awareness,211040,5143,61,11613.32,53876.14,4.6392,10.0
MC-01786,2024-03-17,NL,Amsterdam,Lawyer,mid,Dutch,influencer,awareness,16471,453,5,574.91,4547.0,7.9091,1.0
MC-02769,2024-03-17,GB,Glasgow,Lawyer,budget,English,email,acquisition,25771,702,20,351.16,4658.24,13.2653,10.0
MC-02054,2024-03-17,US,Houston,Lawyer,premium,English,display,retention,157434,1560,23,335.63,131658.81,392.2737,9.0
MC-02274,2024-03-17,SG,Singapore,Physician,mid,English,social_media,acquisition,27485,704,8,1155.61,7530.18,6.5162,1.0
MC-00655,2024-03-18,GB,Birmingham,Physician,mid,English,display,retention,74139,770,39,750.56,46298.32,61.685,10.0
MC-01983,2024-03-18,GB,Birmingham,Designer,mid,English,social_media,re_engagement,243017,5406,249,155.69,164630.19,1057.423,2.0
MC-00073,2024-03-18,IL,Netanya,Product Manager,premium,Hebrew,social_media,awareness,235672,5827,365,175.84,1514101.7,8610.6785,6.0
MC-01256,2024-03-18,US,Los Angeles,Teacher,mid,English,content_marketing,retention,10697,239,18,1682.89,11477.49,6.8201,6.0
MC-00003,2024-03-18,US,New York,Teacher,mid,English,social_media,re_engagement,49617,1169,46,1182.14,21872.49,18.5025,2.0
MC-00657,2024-03-18,US,Phoenix,Teacher,budget,English,email,awareness,8030,238,9,2417.12,1103.63,0.4566,3.0
MC-01336,2024-03-18,US,Chicago,Data Scientist,mid,English,email,awareness,9197,338,14,562.67,15275.67,27.1485,4.0
MC-02074,2024-03-18,FR,Paris,Marketing Manager,premium,French,search,acquisition,62607,4311,65,1135.35,244679.26,215.51,6.0
MC-01789,2024-03-18,US,Phoenix,Consultant,budget,English,search,acquisition,15947,1498,62,2399.45,10341.22,4.3098,9.0
MC-02795,2024-03-18,AU,Perth,Researcher,mid,English,display,retention,20187,255,6,13484.32,3956.23,0.2934,9.0
MC-00776,2024-03-18,FR,Nice,Accountant,budget,French,email,acquisition,4332,148,5,426.24,772.49,1.8123,8.0
MC-02352,2024-03-18,CA,Toronto,HR Manager,mid,English,display,awareness,500000,5445,302,984.11,191954.9,195.0543,4.0
MC-00390,2024-03-18,US,Los Angeles,Data Scientist,mid,English,influencer,awareness,7714,202,9,94.55,9529.09,100.7836,2.0
MC-00780,2024-03-18,JP,Sapporo,Data Scientist,mid,Japanese,influencer,acquisition,44168,1265,93,432.31,113554.81,262.6699,8.0
MC-02092,2024-03-18,CA,Montreal,Product Manager,premium,English,content_marketing,retention,56016,780,22,669.4,101899.66,152.2254,9.0
MC-02650,2024-03-18,US,Chicago,Marketing Manager,budget,English,social_media,awareness,203012,4482,140,355.6,24032.5,67.583,7.0
MC-02578,2024-03-18,IN,Mumbai,Lawyer,mid,Hindi,content_marketing,acquisition,5544800,87345,939,2334.02,1196972.15,512.8371,3.0
MC-01968,2024-03-18,GB,Manchester,Architect,premium,English,search,awareness,14121,746,53,613.22,241531.49,393.8741,5.0
MC-00774,2024-03-18,IL,Jerusalem,Architect,budget,Hebrew,display,retention,500000,5364,85,1660.0,15817.97,9.5289,5.0
MC-01320,2024-03-18,GB,Manchester,Writer,mid,English,email,re_engagement,28695,1043,14,2882.64,8580.27,2.9765,2.0
MC-02156,2024-03-18,US,Chicago,Lawyer,budget,English,influencer,acquisition,500000,10469,226,19285.82,43214.43,2.2407,7.0
MC-02381,2024-03-18,US,Houston,Product Manager,budget,English,email,acquisition,21938,747,32,3754.14,5479.45,1.4596,4.0
MC-01855,2024-03-18,US,Houston,Teacher,budget,English,content_marketing,acquisition,25902,455,29,1076.66,3498.41,3.2493,10.0
MC-02682,2024-03-18,GB,London,Researcher,mid,English,search,acquisition,119434,7156,338,9381.09,218178.83,23.2573,10.0
MC-00575,2024-03-18,GB,London,HR Manager,mid,English,content_marketing,awareness,29273,483,15,668.99,7871.4,11.7661,10.0
MC-01497,2024-03-18,FR,Lyon,HR Manager,budget,French,display,retention,208401,2715,127,1646.49,11034.0,6.7015,3.0
MC-01578,2024-03-18,US,San Francisco,Software Engineer,mid,English,social_media,acquisition,47475,1022,65,1516.98,83571.0,55.0904,6.0
MC-00948,2024-03-18,US,San Francisco,Data Scientist,budget,English,email,acquisition,53949,1326,48,990.18,11698.89,11.8149,6.0
MC-00280,2024-03-18,US,Los Angeles,Software Engineer,budget,English,search,acquisition,30133,1864,55,9961.41,9726.05,0.9764,9.0
MC-02918,2024-03-18,AU,Sydney,Architect,budget,English,social_media,awareness,61447,1037,40,11799.62,9263.24,0.785,7.0
MC-00942,2024-03-18,US,Houston,Designer,mid,English,display,retention,368751,3706,270,1442.91,161679.03,112.0507,7.0
MC-00428,2024-03-18,NL,Amsterdam,Writer,budget,Dutch,display,acquisition,500000,5991,133,5358.82,11685.89,2.1807,9.0
MC-01889,2024-03-18,GB,Glasgow,Architect,mid,English,social_media,acquisition,62537,1425,40,788.98,41065.37,52.0487,8.0
MC-00521,2024-03-18,FR,Lyon,Marketing Manager,mid,French,search,awareness,30604,2909,58,1230.92,51711.44,42.0104,7.0
MC-00928,2024-03-18,IL,Jerusalem,Designer,budget,Hebrew,influencer,re_engagement,325589,6607,417,544.35,37679.75,69.2197,4.0
MC-00441,2024-03-18,US,Los Angeles,Researcher,mid,English,display,acquisition,160944,2247,29,3026.07,22411.4,7.4061,1.0
MC-00305,2024-03-18,BR,Salvador,Sales Rep,mid,Portuguese,social_media,awareness,33230,761,11,8494.34,6790.3,0.7994,3.0
MC-01667,2024-03-18,IL,Netanya,Software Engineer,budget,Hebrew,email,acquisition,6380,210,7,668.01,1297.48,1.9423,3.0
MC-01959,2024-03-18,GB,Bristol,Marketing Manager,budget,English,content_marketing,awareness,81115,1816,44,2078.2,5831.16,2.8059,10.0
MC-00579,2024-03-18,CA,Vancouver,Physician,budget,English,search,re_engagement,77034,5567,102,3240.23,20669.24,6.3789,3.0
MC-01666,2024-03-18,DE,Hamburg,Lawyer,budget,German,search,acquisition,38919,3236,111,9224.25,26972.01,2.924,8.0
MC-00646,2024-03-18,CA,Calgary,Architect,mid,English,search,awareness,5904,426,29,3329.32,27651.87,8.3056,7.0
MC-01658,2024-03-18,US,Seattle,Lawyer,premium,English,social_media,acquisition,38007,596,23,3130.85,122577.39,39.1515,9.0
MC-00325,2024-03-18,IN,Delhi,Designer,budget,Hindi,social_media,awareness,4070,61,4,1667.64,376.19,0.2256,8.0
MC-01903,2024-03-18,US,Chicago,Consultant,budget,English,email,awareness,1793,50,0,887.01,0.0,0.0,5.0
MC-01075,2024-03-18,US,Los Angeles,Consultant,premium,English,search,retention,23594,2129,96,2393.2,419072.6,175.1097,8.0
MC-00116,2024-03-18,IN,Mumbai,Architect,premium,Hindi,email,acquisition,35529,1351,106,6249.66,622435.0,99.595,1.0
MC-02757,2024-03-19,US,Phoenix,Marketing Manager,mid,English,search,acquisition,76325,4725,180,1907.13,143052.82,75.0095,4.0
MC-02618,2024-03-19,SG,Singapore,HR Manager,mid,English,social_media,acquisition,406720,5803,234,4326.34,117253.39,27.1022,3.0
MC-01728,2024-03-19,US,Seattle,Consultant,mid,English,email,acquisition,169026,4907,194,321.71,179059.82,556.5877,8.0
MC-00607,2024-03-19,US,San Francisco,Product Manager,premium,English,email,acquisition,35283,1236,57,95.65,246200.02,2573.9678,10.0
MC-01241,2024-03-19,AU,Sydney,Data Scientist,mid,English,social_media,acquisition,375625,8573,669,4310.49,843397.43,195.6616,1.0
MC-02715,2024-03-19,US,San Francisco,Lawyer,budget,English,social_media,acquisition,151177,3671,164,2955.16,31221.34,10.565,8.0
MC-01560,2024-03-19,BR,Rio de Janeiro,Architect,premium,Portuguese,search,retention,15024,1144,84,8153.85,542844.78,66.5753,2.0
MC-01735,2024-03-19,ES,Madrid,Teacher,budget,Spanish,email,acquisition,274789,9478,517,5775.7,50024.02,8.6611,8.0
MC-01981,2024-03-19,ES,Valencia,Researcher,premium,Spanish,email,acquisition,20060,712,53,928.68,248733.18,267.8352,1.0
MC-02472,2024-03-19,US,Seattle,Data Scientist,mid,English,display,awareness,289128,3093,245,604.13,275172.34,455.4853,2.0
MC-02700,2024-03-19,US,Chicago,Researcher,mid,English,search,acquisition,19144,1178,41,1092.26,35950.19,32.9136,6.0
MC-00743,2024-03-19,SG,Singapore,Sales Rep,budget,English,search,retention,178405,17237,810,526.45,97963.17,186.0826,3.0
MC-01049,2024-03-19,GB,London,Lawyer,budget,English,email,retention,16170,549,18,6812.85,3697.42,0.5427,1.0
MC-01866,2024-03-19,US,San Francisco,Designer,mid,English,email,retention,10107,231,7,3600.16,4293.77,1.1927,9.0
MC-01453,2024-03-19,IN,Hyderabad,Writer,mid,Hindi,social_media,re_engagement,60875,1153,20,10716.99,11581.88,1.0807,10.0
MC-01378,2024-03-19,US,New York,Architect,budget,English,search,acquisition,75118,6086,372,455.67,73218.29,160.6827,1.0
MC-02071,2024-03-19,US,Houston,Consultant,budget,English,search,awareness,190851,17236,1192,5873.56,167483.76,28.5149,6.0
MC-00867,2024-03-19,IN,Hyderabad,Marketing Manager,mid,Hindi,social_media,retention,186617,3711,217,1978.68,153844.46,77.7511,4.0
MC-01409,2024-03-19,NL,Rotterdam,Writer,premium,Dutch,search,acquisition,54540,3921,244,3025.56,690283.56,228.1507,2.0
MC-02279,2024-03-19,US,Seattle,Accountant,budget,English,social_media,awareness,37172,590,12,1083.87,1663.34,1.5346,4.0
MC-00640,2024-03-19,IN,Pune,Designer,mid,Hindi,search,acquisition,90341,5515,72,2911.09,39068.48,13.4206,6.0
MC-00853,2024-03-19,GB,Glasgow,Product Manager,budget,English,social_media,re_engagement,334080,7643,562,589.83,88947.84,150.8025,3.0
MC-01632,2024-03-19,DE,Berlin,Physician,mid,German,search,acquisition,74173,5023,200,1851.44,268561.41,145.0554,8.0
MC-02347,2024-03-19,BR,Rio de Janeiro,HR Manager,premium,Portuguese,content_marketing,re_engagement,500000,8751,518,2523.37,1436239.31,569.1751,2.0
MC-02275,2024-03-19,GB,Birmingham,HR Manager,mid,English,email,awareness,10895,301,13,1229.95,8677.54,7.0552,3.0
MC-00252,2024-03-19,IN,Bangalore,Software Engineer,budget,Hindi,search,acquisition,67978,4470,260,1880.18,43981.87,23.3924,6.0
MC-02644,2024-03-19,GB,London,Teacher,budget,English,influencer,awareness,56662,1246,41,5818.97,4163.02,0.7154,2.0
MC-02270,2024-03-19,FR,Bordeaux,Product Manager,budget,French,influencer,awareness,269496,7785,467,1304.92,58342.6,44.7097,6.0
MC-01279,2024-03-19,US,New York,Architect,mid,English,social_media,re_engagement,76025,1785,34,3152.18,36993.94,11.736,1.0
MC-00246,2024-03-19,IN,Mumbai,Architect,mid,Hindi,email,acquisition,24276,924,24,749.15,27278.61,36.4127,5.0
MC-01670,2024-03-19,US,Los Angeles,Lawyer,budget,English,social_media,awareness,345377,6906,176,682.87,41989.92,61.4904,8.0
MC-02337,2024-03-19,BR,Brasília,Accountant,premium,Portuguese,email,acquisition,8870,311,10,2875.11,32976.26,11.4696,9.0
MC-00334,2024-03-19,US,Houston,Teacher,budget,English,search,re_engagement,227347,12699,231,579.54,26712.2,46.0921,8.0
MC-01166,2024-03-19,US,Phoenix,Architect,budget,English,search,retention,98683,6121,70,760.55,15262.61,20.0679,9.0
MC-01099,2024-03-19,BR,Brasília,Teacher,premium,Portuguese,search,acquisition,164861,12109,817,461.24,1924859.87,4173.2284,3.0
MC-00704,2024-03-20,BR,Rio de Janeiro,Sales Rep,budget,Portuguese,social_media,awareness,104380,1971,71,5397.48,7383.45,1.3679,5.0
MC-02646,2024-03-20,US,Phoenix,Marketing Manager,mid,English,social_media,retention,500000,7540,355,2523.16,321252.85,127.3216,8.0
MC-02695,2024-03-20,CA,Toronto,Lawyer,mid,English,social_media,retention,134612,2748,214,7318.13,234353.83,32.0237,3.0
MC-02755,2024-03-20,US,Houston,Sales Rep,premium,English,social_media,retention,29907,671,23,1066.29,68485.23,64.2276,6.0
MC-02621,2024-03-20,DE,Berlin,Designer,mid,German,email,re_engagement,59514,1522,31,585.25,19685.53,33.6361,6.0
MC-01774,2024-03-20,DE,Stuttgart,Lawyer,budget,German,display,acquisition,186381,2105,75,4993.28,13981.19,2.8,4.0
MC-02693,2024-03-20,IN,Delhi,Software Engineer,mid,Hindi,search,retention,61582,4013,289,1100.81,303720.71,275.9066,8.0
MC-02980,2024-03-20,IN,Hyderabad,Data Scientist,mid,Hindi,search,acquisition,43192,2856,35,63.3,40905.8,646.2212,8.0
MC-01339,2024-03-20,FR,Toulouse,Accountant,premium,French,search,acquisition,11735,980,41,1027.58,160624.14,156.313,2.0
MC-02377,2024-03-20,US,Chicago,Accountant,mid,English,display,acquisition,52680,449,24,7175.27,21062.71,2.9355,6.0
MC-01679,2024-03-20,US,Chicago,Writer,budget,English,social_media,acquisition,56380,1290,24,3612.2,2585.21,0.7157,5.0
MC-02236,2024-03-20,IN,Delhi,Product Manager,budget,Hindi,social_media,acquisition,473120,10490,582,2248.51,80560.93,35.8286,7.0
MC-02812,2024-03-20,US,Seattle,Writer,budget,English,email,retention,9250,324,23,2561.18,2769.29,1.0813,9.0
MC-02950,2024-03-20,IN,Bangalore,Consultant,premium,Hindi,social_media,retention,35222,541,31,8870.92,146068.18,16.466,5.0
MC-01071,2024-03-20,GB,Birmingham,Writer,mid,English,email,retention,5376,140,7,3327.85,4007.6,1.2043,1.0
MC-02165,2024-03-20,IN,Bangalore,Product Manager,budget,Hindi,content_marketing,re_engagement,44829,761,31,3731.6,5023.8,1.3463,9.0
MC-02213,2024-03-20,JP,Nagoya,Architect,premium,Japanese,search,acquisition,30250,2808,91,920.61,528679.07,574.2704,3.0
MC-00829,2024-03-20,MX,Mexico City,Teacher,premium,Spanish,social_media,retention,135440,2291,170,1109.54,482477.22,434.8444,2.0
MC-00817,2024-03-20,DE,Hamburg,Teacher,mid,German,social_media,re_engagement,500000,10304,487,9019.7,307486.83,34.0906,1.0
MC-01152,2024-03-20,IN,Hyderabad,Lawyer,budget,Hindi,social_media,retention,131495,2058,23,1208.68,4584.45,3.7929,2.0
MC-00896,2024-03-20,IN,Bangalore,Software Engineer,mid,Hindi,social_media,retention,158015,2724,37,143.36,45921.53,320.3232,2.0
MC-02461,2024-03-20,BR,Rio de Janeiro,Consultant,budget,Portuguese,search,acquisition,202776,12522,772,460.33,110595.37,240.2524,9.0
MC-01709,2024-03-20,US,New York,Data Scientist,budget,English,search,acquisition,41368,3969,108,1416.3,25930.67,18.3087,7.0
MC-00858,2024-03-20,DE,Munich,Consultant,mid,German,social_media,awareness,42722,1021,69,4982.16,45707.2,9.1742,10.0
MC-01193,2024-03-20,IN,Chennai,Teacher,budget,Hindi,search,acquisition,17570,1115,29,167.29,2741.07,16.3851,3.0
MC-00912,2024-03-20,FR,Nice,Sales Rep,mid,French,social_media,awareness,169397,2677,172,4417.84,102605.68,23.2253,1.0
MC-00406,2024-03-20,IL,Haifa,Sales Rep,mid,Hebrew,influencer,retention,190168,5783,117,1178.42,69659.5,59.1126,5.0
MC-01326,2024-03-20,IN,Mumbai,Architect,premium,Hindi,influencer,acquisition,177364,4564,73,172.17,428510.63,2488.8809,8.0
MC-01355,2024-03-20,ES,Seville,Software Engineer,premium,Spanish,social_media,re_engagement,131687,2472,192,2866.68,1110353.54,387.3308,1.0
MC-00198,2024-03-20,US,New York,Data Scientist,budget,English,social_media,acquisition,350582,8941,614,9724.03,144151.69,14.8243,9.0
MC-00949,2024-03-20,NL,Rotterdam,HR Manager,premium,Dutch,social_media,acquisition,356702,8487,320,974.84,796726.2,817.2892,6.0
MC-02495,2024-03-20,NL,Eindhoven,Software Engineer,budget,Dutch,social_media,re_engagement,19592,414,25,5309.400000000001,6293.12,1.1853,9.0
MC-00452,2024-03-20,IN,Kolkata,Lawyer,budget,Hindi,influencer,retention,55076,1069,66,1491.21,15037.65,10.0842,5.0
MC-01523,2024-03-20,AU,Melbourne,Lawyer,mid,English,social_media,awareness,35380,866,16,459.69,14933.37,32.4857,6.0
MC-01580,2024-03-20,US,Houston,Consultant,premium,English,social_media,re_engagement,15205,315,12,2357.11,52234.17,22.1603,2.0
MC-01195,2024-03-20,US,Phoenix,Product Manager,budget,English,display,retention,500000,5267,247,1150.03,43546.04,37.8651,2.0
MC-00279,2024-03-20,GB,Glasgow,Teacher,premium,English,display,acquisition,49008,620,10,3757.73,27593.18,7.343,5.0
MC-01714,2024-03-20,ES,Seville,Designer,premium,Spanish,search,acquisition,39126,2537,27,943.78,72856.3,77.1963,7.0
MC-02934,2024-03-20,US,Los Angeles,Sales Rep,budget,English,email,awareness,10872,280,18,10192.84,2101.07,0.2061,2.0
MC-00152,2024-03-21,IN,Delhi,HR Manager,mid,Hindi,search,re_engagement,14402,1282,71,224.57,39422.38,175.5461,6.0
MC-01581,2024-03-21,IN,Hyderabad,Writer,mid,Hindi,content_marketing,acquisition,2462,36,2,1950.84,1023.13,0.5245,3.0
MC-01021,2024-03-21,US,Houston,HR Manager,budget,English,social_media,awareness,19977,359,6,599.91,533.2,0.8888,10.0
MC-00956,2024-03-21,IN,Pune,Software Engineer,mid,Hindi,email,retention,70495,1987,93,8468.72,95219.11,11.2436,7.0
MC-02707,2024-03-21,ES,Bilbao,Researcher,premium,Spanish,display,acquisition,500000,7074,207,2027.8,762462.71,376.0049,9.0
MC-01563,2024-03-21,US,Los Angeles,Researcher,mid,English,social_media,awareness,27075,495,23,580.61,16087.82,27.7085,4.0
MC-02203,2024-03-21,US,Phoenix,Data Scientist,premium,English,search,awareness,22335,2096,28,7236.47,133335.05,18.4254,5.0
MC-01120,2024-03-21,FR,Bordeaux,HR Manager,mid,French,email,awareness,35850,915,35,13911.27,22337.89,1.6057,9.0
MC-01489,2024-03-21,US,Chicago,Product Manager,budget,English,social_media,acquisition,38300,761,17,970.29,2111.56,2.1762,2.0
MC-01249,2024-03-21,US,New York,Designer,mid,English,influencer,awareness,415729,8630,180,731.97,88906.73,121.4623,8.0
MC-02287,2024-03-21,AU,Brisbane,Researcher,mid,English,email,awareness,174712,4322,137,5558.99,119134.61,21.431,8.0
MC-00502,2024-03-21,IN,Delhi,Writer,budget,Hindi,social_media,retention,111287,2683,125,8063.4,14402.57,1.7862,4.0
MC-02364,2024-03-21,ES,Seville,Data Scientist,budget,Spanish,email,acquisition,3357,121,9,2088.61,2086.81,0.9991,10.0
MC-01226,2024-03-21,NL,Rotterdam,Writer,mid,Dutch,social_media,acquisition,85602,2061,117,527.86,64546.57,122.2797,5.0
MC-01223,2024-03-21,GB,Leeds,Teacher,budget,English,social_media,awareness,86740,2187,31,283.97,3698.15,13.023,7.0
MC-02006,2024-03-21,DE,Frankfurt,Writer,mid,German,email,acquisition,12810,455,13,14108.23,8421.46,0.5969,2.0
MC-01515,2024-03-21,US,New York,Teacher,budget,English,search,retention,101058,6458,174,5878.14,19684.89,3.3488,2.0
MC-02773,2024-03-21,US,New York,Physician,budget,English,search,awareness,25655,1528,28,772.42,6116.1,7.9181,1.0
MC-00181,2024-03-21,MX,Tijuana,Architect,premium,Spanish,search,re_engagement,15489,962,41,289.19,209636.01,724.9075,7.0
MC-02730,2024-03-21,US,Los Angeles,Teacher,budget,English,influencer,awareness,500000,15227,1017,2381.79,116551.47,48.9344,1.0
MC-01150,2024-03-21,DE,Berlin,Sales Rep,mid,German,email,retention,13954,311,15,5579.3,8358.12,1.4981,5.0
MC-00179,2024-03-21,US,New York,Software Engineer,budget,English,display,acquisition,177528,2681,31,907.92,5729.15,6.3102,7.0
MC-02404,2024-03-21,US,New York,Architect,mid,English,social_media,retention,38315,582,28,700.54,37256.74,53.1829,4.0
MC-00024,2024-03-21,IN,Chennai,Writer,mid,Hindi,social_media,retention,46775,764,21,3903.18,12927.44,3.312,3.0
MC-01910,2024-03-21,US,New York,Product Manager,mid,English,email,re_engagement,4373,118,3,3995.01,2874.77,0.7196,4.0
MC-00182,2024-03-21,US,Chicago,Teacher,budget,English,influencer,awareness,110188,3082,200,723.26,21077.31,29.1421,7.0
MC-00939,2024-03-21,FR,Paris,Sales Rep,premium,French,email,acquisition,24278,757,45,4321.08,144573.92,33.4578,4.0
MC-01753,2024-03-21,GB,Bristol,Physician,budget,English,email,acquisition,3806,91,6,443.5,1195.72,2.6961,10.0
MC-00816,2024-03-21,GB,Leeds,Physician,budget,English,email,awareness,51885,2012,57,807.28,10890.76,13.4907,10.0
MC-02667,2024-03-21,US,Chicago,Lawyer,premium,English,search,retention,43977,3403,184,693.44,1144229.98,1650.0778,4.0
MC-02611,2024-03-21,US,Seattle,Accountant,premium,English,email,awareness,253000,6551,432,1949.45,1584074.1,812.5749,2.0
MC-00803,2024-03-21,GB,Birmingham,Software Engineer,budget,English,search,acquisition,30966,2628,54,1125.57,12365.44,10.9859,4.0
MC-02141,2024-03-21,IN,Kolkata,HR Manager,budget,Hindi,social_media,retention,359045,6580,499,3846.53,42827.87,11.1342,7.0
MC-00692,2024-03-21,IN,Hyderabad,Consultant,budget,Hindi,social_media,retention,51047,961,41,366.71,6823.24,18.6066,6.0
MC-01737,2024-03-21,BR,São Paulo,Physician,mid,Portuguese,email,awareness,51378,1834,68,327.87,74584.79,227.4828,10.0
MC-00846,2024-03-21,FR,Marseille,Lawyer,mid,French,influencer,retention,27208,857,49,4088.54,50562.38,12.3669,8.0
MC-00652,2024-03-21,US,Chicago,Accountant,mid,English,social_media,acquisition,19575,297,17,2112.17,15075.33,7.1374,6.0
MC-02592,2024-03-21,AU,Adelaide,Data Scientist,mid,English,email,acquisition,14224,523,41,2295.34,45946.69,20.0174,3.0
MC-00876,2024-03-21,DE,Munich,Lawyer,budget,German,content_marketing,awareness,231398,3381,53,1944.46,9272.72,4.7688,5.0
MC-00662,2024-03-21,ES,Seville,Software Engineer,premium,Spanish,display,acquisition,158481,2166,57,343.79,371732.47,1081.2777,1.0
MC-00414,2024-03-21,US,Houston,Consultant,mid,English,social_media,retention,152355,2987,45,1859.26,42898.91,23.0731,10.0
MC-02633,2024-03-21,DE,Cologne,Accountant,mid,German,influencer,acquisition,500000,12302,950,3576.36,675740.1,188.9463,4.0
MC-02167,2024-03-21,GB,Glasgow,Researcher,budget,English,search,retention,36958,2423,107,2323.62,15915.29,6.8494,9.0
MC-00577,2024-03-22,IL,Beer Sheva,Product Manager,budget,Hebrew,email,awareness,38836,1420,70,3797.26,8877.36,2.3378,8.0
MC-00101,2024-03-22,JP,Yokohama,HR Manager,premium,Japanese,search,re_engagement,252584,21803,532,1705.55,1535657.84,900.3886,9.0
MC-01913,2024-03-22,GB,Bristol,Researcher,budget,English,influencer,re_engagement,9622,267,18,4824.99,3180.43,0.6592,3.0
MC-02425,2024-03-22,MX,Monterrey,Researcher,budget,Spanish,search,awareness,67766,5687,270,1561.82,33940.66,21.7315,8.0
MC-00296,2024-03-22,JP,Nagoya,Writer,mid,Japanese,search,retention,42529,3052,147,841.91,70326.91,83.5326,9.0
MC-00554,2024-03-22,FR,Paris,Software Engineer,budget,French,email,awareness,14260,321,21,195.99,4618.6,23.5655,9.0
MC-02225,2024-03-22,FR,Nice,Physician,mid,French,social_media,acquisition,81967,1457,52,1279.96,64792.88,50.621,4.0
MC-01955,2024-03-22,US,Seattle,Lawyer,premium,English,search,acquisition,12528,1174,76,1496.69,417427.1,278.9002,7.0
MC-01419,2024-03-22,US,Phoenix,Writer,budget,English,influencer,acquisition,96154,2323,111,3225.0,10148.99,3.147,1.0
MC-00695,2024-03-22,CA,Toronto,Writer,premium,English,email,acquisition,25110,932,55,2798.41,153153.58,54.7288,7.0
MC-01759,2024-03-22,US,Chicago,Lawyer,mid,English,social_media,acquisition,94062,1702,104,1228.91,123089.46,100.1615,6.0
MC-02310,2024-03-22,US,Seattle,Researcher,budget,English,influencer,awareness,50250,1150,41,1731.79,7152.34,4.13,5.0
MC-00714,2024-03-22,CA,Montreal,Writer,mid,English,email,awareness,2339,89,2,8866.12,1223.42,0.138,2.0
MC-02620,2024-03-22,US,San Francisco,Researcher,mid,English,display,awareness,253449,2861,169,645.16,158141.8,245.1203,8.0
MC-02257,2024-03-22,IN,Hyderabad,Consultant,mid,Hindi,search,retention,36993,3006,202,3877.81,182863.5,47.1564,7.0
MC-01795,2024-03-22,GB,Manchester,Designer,mid,English,influencer,acquisition,336097,7460,441,3422.65,252411.2,73.7473,6.0
MC-01389,2024-03-22,BR,São Paulo,HR Manager,premium,Portuguese,search,acquisition,3567,224,15,4524.7,37997.54,8.3978,9.0
MC-00110,2024-03-22,MX,Guadalajara,Lawyer,budget,Spanish,search,awareness,41172,3130,124,3090.17,24337.97,7.8759,5.0
MC-00370,2024-03-22,DE,Frankfurt,Designer,mid,German,social_media,retention,396722,6441,305,34131.7,185655.61,5.4394,7.0
MC-01034,2024-03-22,IN,Kolkata,Consultant,mid,Hindi,display,acquisition,243696,3405,69,3570.45,46639.89,13.0627,4.0
MC-00913,2024-03-22,NL,Eindhoven,Architect,budget,Dutch,display,retention,36267,307,18,2176.38,4178.65,1.92,5.0
MC-02528,2024-03-22,US,Los Angeles,Sales Rep,budget,English,email,acquisition,17324,495,20,3497.29,2167.65,0.6198,6.0
MC-01564,2024-03-22,IL,Netanya,Marketing Manager,premium,Hebrew,social_media,acquisition,63562,1248,25,168.87,101191.18,599.2253,6.0
MC-01649,2024-03-22,GB,Birmingham,Designer,mid,English,social_media,retention,120655,2094,58,970.87,34848.65,35.8942,8.0
MC-01852,2024-03-22,CA,Montreal,Marketing Manager,budget,English,search,retention,7923,472,8,1779.41,1297.89,0.7294,1.0
MC-02095,2024-03-22,ZA,Johannesburg,Data Scientist,mid,Afrikaans,social_media,awareness,468397,11948,859,7289.96,1012105.11,138.8355,6.0
MC-01875,2024-03-22,FR,Toulouse,Lawyer,budget,French,display,acquisition,25287,237,11,903.9,2134.99,2.362,8.0
MC-00603,2024-03-22,FR,Bordeaux,Researcher,mid,French,content_marketing,re_engagement,54470,998,52,4692.11,44445.23,9.4723,5.0
MC-00866,2024-03-22,GB,Glasgow,Sales Rep,premium,English,influencer,acquisition,49714,1474,91,5221.09,255233.2,48.885,2.0
MC-02960,2024-03-23,GB,Birmingham,HR Manager,mid,English,email,awareness,222047,6001,138,8049.38,66791.68,8.2977,3.0
MC-02527,2024-03-23,GB,London,Lawyer,premium,English,display,acquisition,291363,2745,209,1411.83,1337984.28,947.695,8.0
MC-01398,2024-03-23,CA,Montreal,Data Scientist,mid,English,email,acquisition,36835,1123,38,687.26,43917.57,63.9024,8.0
MC-02525,2024-03-23,US,Seattle,Sales Rep,mid,English,search,awareness,173780,10754,456,911.34,204782.74,224.7051,7.0
MC-01601,2024-03-23,IN,Hyderabad,Writer,mid,Hindi,social_media,acquisition,101287,1925,75,1338.31,38328.94,28.6398,10.0
MC-00677,2024-03-23,GB,Manchester,Writer,premium,English,display,awareness,95682,1170,31,123.37,76171.7,617.4248,7.0
MC-00321,2024-03-23,US,Los Angeles,Product Manager,premium,English,content_marketing,awareness,4407,84,4,1861.3,16578.84,8.9071,7.0
MC-02596,2024-03-23,IN,Pune,Marketing Manager,budget,Hindi,social_media,retention,500000,7944,628,425.06,102130.03,240.272,5.0
MC-01082,2024-03-23,US,Los Angeles,Software Engineer,mid,English,social_media,awareness,27780,408,32,12449.24,34541.88,2.7746,3.0
MC-02954,2024-03-23,US,Houston,Physician,premium,English,social_media,acquisition,58982,1436,76,600.7,437186.88,727.7957,2.0
MC-01692,2024-03-23,US,Seattle,Accountant,premium,English,social_media,retention,185580,3629,187,520.22,793407.57,1525.1385,1.0
MC-01447,2024-03-23,GB,London,Software Engineer,mid,English,search,acquisition,441642,31208,652,7495.32,792018.54,105.6684,8.0
MC-00420,2024-03-23,SG,Singapore,Consultant,mid,English,display,acquisition,37875,554,24,1189.04,16911.36,14.2227,6.0
MC-00854,2024-03-23,GB,Bristol,Writer,premium,English,social_media,awareness,59017,1339,34,3478.4,99974.14,28.7414,6.0
MC-01057,2024-03-23,US,Los Angeles,HR Manager,mid,English,email,retention,49210,1770,91,476.12,46190.53,97.0145,6.0
MC-00162,2024-03-23,JP,Tokyo,HR Manager,premium,Japanese,social_media,awareness,102490,2484,137,1001.92,437411.19,436.573,5.0
MC-00402,2024-03-24,SG,Singapore,Marketing Manager,mid,English,social_media,retention,430337,10194,402,1370.45,307070.95,224.0658,1.0
MC-00265,2024-03-24,GB,London,Physician,premium,English,social_media,acquisition,52695,1293,62,1947.73,300080.8,154.0669,3.0
MC-00585,2024-03-24,ES,Bilbao,Architect,budget,Spanish,display,awareness,105519,918,20,725.59,3819.0,5.2633,10.0
MC-02215,2024-03-24,DE,Hamburg,Accountant,mid,German,email,acquisition,17245,654,28,329.2,19560.06,59.417,6.0
MC-00765,2024-03-24,US,New York,Designer,premium,English,social_media,awareness,32577,668,43,4755.83,130091.1,27.354,3.0
MC-00503,2024-03-24,US,Houston,Lawyer,budget,English,social_media,awareness,78922,1828,69,3770.74,16916.5,4.4863,6.0
MC-00974,2024-03-24,US,New York,Software Engineer,premium,English,content_marketing,acquisition,14048,240,13,2230.81,61556.45,27.5938,6.0
MC-00782,2024-03-24,SG,Singapore,Sales Rep,mid,English,social_media,retention,66265,1323,32,3947.26,17050.29,4.3195,2.0
MC-02320,2024-03-24,GB,Birmingham,Designer,budget,English,email,awareness,2588,95,6,13242.28,747.73,0.0565,10.0
MC-01760,2024-03-24,MX,Mexico City,Consultant,budget,Spanish,email,awareness,33098,1074,57,6531.51,9016.18,1.3804,6.0
MC-00986,2024-03-24,US,San Francisco,Software Engineer,premium,English,social_media,awareness,36247,715,14,1209.51,85907.33,71.0266,10.0
MC-01665,2024-03-24,IN,Chennai,Accountant,mid,Hindi,search,retention,188356,15889,672,11699.69,482741.32,41.261,10.0
MC-01007,2024-03-24,FR,Lyon,Sales Rep,mid,French,social_media,awareness,90775,2218,127,625.63,71849.91,114.8441,9.0
MC-01829,2024-03-24,AU,Perth,HR Manager,budget,English,search,awareness,6609,470,21,1759.23,2615.86,1.4869,1.0
MC-02762,2024-03-24,ES,Barcelona,Writer,mid,Spanish,search,retention,42986,4125,167,2411.63,93007.64,38.5663,10.0
MC-01701,2024-03-24,ZA,Cape Town,Architect,mid,Afrikaans,search,re_engagement,22401,1415,39,483.11,38791.66,80.2957,4.0
MC-02909,2024-03-24,US,Chicago,Accountant,budget,English,social_media,retention,31215,586,9,224.12,-43.856516308871875,-0.1957,3.0
MC-00219,2024-03-25,US,New York,Researcher,budget,English,email,awareness,16586,511,21,9181.52,3056.82,0.3329,7.0
MC-00235,2024-03-25,US,New York,Software Engineer,budget,English,social_media,retention,377867,7578,469,5395.48,110824.69,20.5403,5.0
MC-00226,2024-03-25,IL,Tel Aviv,Data Scientist,mid,Hebrew,social_media,awareness,208420,4188,257,1912.77,342776.9,179.2045,3.0
MC-02974,2024-03-25,ZA,Cape Town,Architect,premium,Afrikaans,influencer,awareness,59371,1433,106,1152.3,572726.89,497.0293,2.0
MC-02902,2024-03-25,US,San Francisco,Product Manager,premium,English,email,awareness,12220,455,4,1724.25,15450.12,8.9605,3.0
MC-00012,2024-03-25,NL,The Hague,Sales Rep,premium,Dutch,content_marketing,acquisition,27603,571,38,482.39,123072.88,255.1315,10.0
MC-00293,2024-03-25,IN,Delhi,Lawyer,mid,Hindi,social_media,awareness,341842,7410,443,24923.12,477253.08,19.149,6.0
MC-02789,2024-03-25,IL,Tel Aviv,Teacher,mid,Hebrew,influencer,acquisition,7432,187,13,3774.1,8136.19,2.1558,3.0
MC-02820,2024-03-25,DE,Berlin,Lawyer,budget,German,search,awareness,20449,1625,61,101.64,11451.69,112.6691,6.0
MC-00132,2024-03-25,ES,Barcelona,Teacher,budget,Spanish,social_media,awareness,90315,2264,57,485.97,4825.12,9.9288,1.0
MC-00361,2024-03-25,GB,Glasgow,Software Engineer,budget,English,email,acquisition,32311,1148,40,827.39,7346.6,8.8792,10.0
MC-02869,2024-03-25,US,Phoenix,Writer,budget,English,influencer,acquisition,500000,13284,986,1244.1,82830.3,66.5785,8.0
MC-00431,2024-03-25,IN,Mumbai,Consultant,premium,Hindi,email,acquisition,6525,222,15,5035.67,63580.1,12.6259,3.0
MC-02494,2024-03-25,GB,Leeds,Teacher,mid,English,search,acquisition,89647,7117,294,192.81,163842.51,849.7615,2.0
MC-02190,2024-03-25,IN,Delhi,Physician,budget,Hindi,social_media,retention,500000,11975,301,1082.31,54317.56,50.1867,3.0
MC-01867,2024-03-25,US,San Francisco,Sales Rep,mid,English,search,awareness,31617,2379,177,2421.5,104976.34,43.3518,8.0
MC-02044,2024-03-25,GB,Bristol,Teacher,mid,English,social_media,acquisition,33015,711,47,6156.56,22202.36,3.6063,6.0
MC-01431,2024-03-25,GB,Leeds,Architect,premium,English,influencer,re_engagement,70300,1333,89,894.68,522136.33,583.6012,6.0
MC-02580,2024-03-25,CA,Vancouver,Consultant,premium,English,display,re_engagement,261630,2444,158,830.65,677687.65,815.8522,3.0
MC-02218,2024-03-25,US,Houston,Marketing Manager,premium,English,email,retention,4285,145,8,8769.92,27991.43,3.1918,8.0
MC-01821,2024-03-25,BR,Fortaleza,Accountant,mid,Portuguese,content_marketing,retention,500000,10334,323,732.61,221261.05,302.0175,4.0
MC-02066,2024-03-25,FR,Lyon,Software Engineer,budget,French,email,re_engagement,302039,8551,597,1114.73,138447.1,124.1979,3.0
MC-00883,2024-03-25,BR,São Paulo,HR Manager,mid,Portuguese,social_media,awareness,28475,618,17,1379.57,9468.24,6.8632,9.0
MC-01286,2024-03-25,US,Seattle,Software Engineer,budget,English,content_marketing,acquisition,71987,1632,89,2290.92,16224.05,7.0819,7.0
MC-01557,2024-03-25,CA,Calgary,Sales Rep,mid,English,social_media,acquisition,60497,1534,67,14546.79,34377.21,2.3632,9.0
MC-00995,2024-03-25,US,San Francisco,Data Scientist,mid,English,email,retention,5594,120,9,1669.77,12031.8,7.2057,5.0
MC-00758,2024-03-25,US,Chicago,Product Manager,premium,English,email,acquisition,9148,319,10,1833.64,39688.7,21.6448,5.0
MC-01083,2024-03-25,BR,São Paulo,Architect,mid,Portuguese,search,acquisition,90485,8001,319,1564.25,355487.52,227.2575,9.0
MC-01312,2024-03-25,AU,Sydney,Data Scientist,mid,English,influencer,awareness,84540,1898,140,2148.67,178509.58,83.0791,3.0
MC-01391,2024-03-25,US,Chicago,Researcher,mid,English,influencer,acquisition,57157,1746,80,3448.29,64609.9,18.7368,2.0
MC-01114,2024-03-25,FR,Bordeaux,Marketing Manager,budget,French,social_media,retention,44870,799,53,17617.05,7180.08,0.4076,3.0
MC-02420,2024-03-25,GB,Bristol,Designer,mid,English,search,re_engagement,53334,3662,97,1532.34,49473.37,32.2862,10.0
MC-02134,2024-03-25,FR,Paris,Data Scientist,budget,French,social_media,retention,118820,2054,43,2537.52,7239.48,2.853,3.0
MC-02146,2024-03-25,SG,Singapore,Researcher,mid,English,display,retention,28722,360,20,2259.41,14225.56,6.2961,9.0
MC-02410,2024-03-25,IL,Beer Sheva,Consultant,budget,Hebrew,search,acquisition,92024,5373,181,3252.49,32037.98,9.8503,9.0
MC-01638,2024-03-25,BR,São Paulo,Lawyer,budget,Portuguese,email,retention,3230,93,6,484.5,1358.77,2.8045,10.0
MC-01229,2024-03-25,IN,Mumbai,Researcher,budget,Hindi,display,awareness,500000,6565,209,1240.47,33277.47,26.8265,7.0
MC-01250,2024-03-25,IL,Jerusalem,Teacher,budget,Hebrew,search,retention,31509,2953,182,10424.79,16427.96,1.5759,8.0
MC-01285,2024-03-25,ES,Bilbao,Lawyer,mid,Spanish,influencer,acquisition,29331,813,61,3753.94,73359.51,19.542,2.0
MC-02116,2024-03-25,MX,Guadalajara,Researcher,budget,Spanish,social_media,awareness,20625,435,4,2237.45,484.8,0.2167,10.0
MC-02624,2024-03-25,IN,Chennai,Teacher,premium,Hindi,display,awareness,202995,2090,59,752.27,134240.1,178.4467,4.0
MC-01306,2024-03-25,US,Houston,Marketing Manager,mid,English,search,retention,431147,28866,1342,50000.0,860362.9,17.2073,6.0
MC-00591,2024-03-25,IL,Netanya,Architect,budget,Hebrew,email,acquisition,130017,2779,145,478.19,30854.96,64.5245,8.0
MC-01950,2024-03-25,BR,Salvador,HR Manager,mid,Portuguese,search,acquisition,93368,7550,377,1057.95,204402.33,193.206,1.0
MC-01948,2024-03-25,AU,Perth,Physician,premium,English,email,acquisition,39902,928,43,1473.55,214326.28,145.4489,6.0
MC-01946,2024-03-25,IL,Beer Sheva,Accountant,mid,Hebrew,email,acquisition,5517,156,4,4686.02,2620.14,0.5591,5.0
MC-00631,2024-03-25,US,Houston,Accountant,budget,English,influencer,awareness,4425100,85688,6129,401.76,801802.55,1995.7252,7.0
MC-01986,2024-03-25,GB,Bristol,Product Manager,premium,English,display,re_engagement,277962,2363,76,3056.29,272397.29,89.1268,7.0
MC-02656,2024-03-25,US,Los Angeles,Accountant,budget,English,email,re_engagement,79777,1697,50,6608.04,8285.38,1.2538,6.0
MC-02104,2024-03-26,IN,Pune,Lawyer,budget,Hindi,email,retention,81064,2123,86,787.77,15034.34,19.0847,1.0
MC-01471,2024-03-26,ES,Barcelona,Consultant,mid,Spanish,email,awareness,8941,256,4,2246.35,2560.34,1.1398,3.0
MC-01074,2024-03-26,US,Seattle,Consultant,premium,English,social_media,acquisition,285735,4384,297,2603.21,1387635.41,533.0478,2.0
MC-02888,2024-03-26,US,Seattle,Writer,budget,English,social_media,awareness,132722,2450,62,1144.18,5255.82,4.5935,3.0
MC-01731,2024-03-26,GB,Leeds,Data Scientist,mid,English,search,retention,20288,1392,19,1816.17,24072.28,13.2544,7.0
MC-01027,2024-03-26,IN,Kolkata,Software Engineer,premium,Hindi,social_media,acquisition,70450,1371,61,1301.04,275565.95,211.8044,2.0
MC-00191,2024-03-26,US,New York,Architect,mid,English,influencer,re_engagement,500000,10478,382,2543.32,506836.56,199.2815,6.0
MC-01459,2024-03-26,US,Houston,Physician,mid,English,email,awareness,7088,228,2,2628.83,1931.72,0.7348,10.0
MC-00937,2024-03-26,GB,Leeds,Software Engineer,mid,English,search,awareness,2484,155,8,248.34,7244.5,29.1717,2.0
MC-00955,2024-03-26,US,Chicago,Data Scientist,budget,English,content_marketing,awareness,135328,2406,80,2186.44,15027.75,6.8732,6.0
MC-02508,2024-03-26,DE,Munich,Writer,premium,German,email,retention,28964,1003,38,2190.46,99365.19,45.3627,5.0
MC-02507,2024-03-26,US,Houston,Sales Rep,mid,English,social_media,acquisition,51507,993,33,474.46,17614.23,37.1248,8.0
MC-00174,2024-03-26,ZA,Johannesburg,Product Manager,budget,Afrikaans,influencer,acquisition,160813,4341,91,2124.27,11191.05,5.2682,1.0
MC-00143,2024-03-26,ZA,Johannesburg,Designer,mid,Afrikaans,search,awareness,200322,17291,419,4052.93,200643.45,49.5058,6.0
MC-01439,2024-03-26,US,Houston,Writer,premium,English,social_media,acquisition,146742,2308,23,18572.95,54637.64,2.9418,6.0
MC-00340,2024-03-26,FR,Toulouse,Consultant,mid,French,social_media,awareness,56142,1364,24,672.91,20115.09,29.8927,6.0
MC-00347,2024-03-26,AU,Perth,Teacher,premium,English,display,retention,500000,7114,259,468.46,834860.87,1782.1391,7.0
MC-02856,2024-03-26,IL,Jerusalem,Physician,mid,Hebrew,display,acquisition,44226,408,11,939.91,10250.01,10.9053,9.0
MC-02480,2024-03-26,ZA,Johannesburg,Accountant,budget,Afrikaans,social_media,awareness,34260,798,58,6498.03,7044.54,1.0841,9.0
MC-01676,2024-03-26,US,New York,Researcher,premium,English,social_media,re_engagement,39277,735,12,6796.53,46469.56,6.8372,6.0
MC-02037,2024-03-26,ES,Valencia,Product Manager,mid,Spanish,email,retention,47314,1723,79,1176.45,72169.69,61.3453,8.0
MC-01655,2024-03-26,DE,Stuttgart,Architect,mid,German,social_media,retention,83470,1845,56,14809.4,72949.65,4.9259,7.0
MC-00463,2024-03-26,US,Houston,Accountant,budget,English,social_media,awareness,298137,4798,372,4883.6,47408.27,9.7076,5.0
MC-02219,2024-03-26,US,Seattle,Lawyer,mid,English,social_media,awareness,500000,8611,379,3261.4,453551.62,139.0665,6.0
MC-01264,2024-03-26,IL,Tel Aviv,Designer,mid,Hebrew,search,acquisition,2705,248,16,2166.78,7950.47,3.6693,8.0
MC-01586,2024-03-26,CA,Toronto,HR Manager,mid,English,content_marketing,acquisition,15820,214,9,10563.17,5053.16,0.4784,9.0
MC-00468,2024-03-26,GB,Birmingham,Writer,mid,English,content_marketing,awareness,37873,850,31,2371.44,15741.25,6.6378,7.0
MC-02599,2024-03-26,IN,Mumbai,Marketing Manager,mid,Hindi,email,acquisition,16636,474,12,312.06,11187.09,35.8492,6.0
MC-01844,2024-03-26,DE,Cologne,Product Manager,mid,German,search,awareness,91680,7978,411,2668.32,289341.79,108.4359,6.0
MC-02766,2024-03-26,DE,Hamburg,Architect,mid,German,email,awareness,5304,111,7,3130.61,7082.11,2.2622,3.0
MC-01310,2024-03-26,IN,Bangalore,Lawyer,mid,Hindi,email,re_engagement,259365,7370,472,4054.16,483553.56,119.2734,3.0
MC-02691,2024-03-26,IN,Bangalore,Teacher,mid,Hindi,social_media,retention,63772,1023,68,7552.56,42508.32,5.6283,8.0
MC-02061,2024-03-26,US,San Francisco,Data Scientist,premium,English,social_media,awareness,467650,11744,223,4841.3,1271401.25,262.6157,9.0
MC-01978,2024-03-26,US,Chicago,Product Manager,mid,English,search,retention,14425,834,52,9238.34,41939.83,4.5398,2.0
MC-01414,2024-03-26,US,Seattle,Teacher,mid,English,content_marketing,acquisition,8911,152,8,2692.0,4500.89,1.672,7.0
MC-02202,2024-03-26,US,New York,Accountant,budget,English,display,acquisition,80754,851,20,223.14,3444.88,15.4382,5.0
MC-01372,2024-03-26,US,Seattle,Architect,mid,English,email,re_engagement,32842,1167,62,5172.0,63600.73,12.2971,3.0
MC-00382,2024-03-26,NL,Amsterdam,Physician,premium,Dutch,social_media,acquisition,500000,12809,206,1432.45,1254749.27,875.9463,9.0
MC-00377,2024-03-26,US,Los Angeles,Product Manager,mid,English,email,awareness,4620,141,2,4813.78,1521.04,0.316,8.0
MC-00320,2024-03-27,GB,London,Teacher,premium,English,social_media,retention,500000,9958,399,506.75,1058918.89,2089.6278,1.0
MC-00527,2024-03-27,US,San Francisco,Writer,mid,English,email,acquisition,11321,435,32,2025.55,17565.45,8.6719,9.0
MC-02301,2024-03-27,IN,Kolkata,Marketing Manager,premium,Hindi,search,acquisition,1680,163,2,4320.79,9442.15,2.1853,6.0
MC-02436,2024-03-27,US,Chicago,Physician,premium,English,search,awareness,103765,10036,453,2169.93,2874294.27,1324.6023,6.0
MC-01699,2024-03-27,FR,Nice,Researcher,mid,French,social_media,acquisition,24845,633,40,345.79,32065.16,92.7302,3.0
MC-01454,2024-03-27,IN,Delhi,Sales Rep,budget,Hindi,social_media,acquisition,1227,24,1,380.13,100.05,0.2632,7.0
MC-02949,2024-03-27,GB,London,Physician,mid,English,search,re_engagement,8615,783,20,874.99,17935.0,20.4974,10.0
MC-01385,2024-03-27,SG,Singapore,Teacher,premium,English,display,awareness,365871,4213,170,590.09,483328.79,819.0764,9.0
MC-02003,2024-03-27,CA,Ottawa,HR Manager,mid,English,email,retention,10827,352,9,3883.55,4225.43,1.088,7.0
MC-00137,2024-03-27,SG,Singapore,Writer,mid,English,social_media,acquisition,100600,1946,27,7085.59,15045.93,2.1235,8.0
MC-00170,2024-03-27,IN,Chennai,Architect,budget,Hindi,email,retention,55334,1618,92,395.92,18593.97,46.964,2.0
MC-02491,2024-03-27,GB,Bristol,Accountant,premium,English,influencer,awareness,56064,1283,90,830.37,365103.78,439.6881,5.0
MC-01061,2024-03-27,JP,Nagoya,Teacher,budget,Japanese,email,retention,70093,1889,39,491.02,4284.66,8.726,9.0
MC-02622,2024-03-27,GB,Birmingham,Product Manager,budget,English,email,acquisition,55840,2155,135,848.06,20350.59,23.9966,7.0
MC-00720,2024-03-27,FR,Bordeaux,Sales Rep,mid,French,content_marketing,acquisition,6930,156,9,1921.54,5915.72,3.0786,4.0
MC-00724,2024-03-27,DE,Stuttgart,Architect,budget,German,social_media,awareness,161355,3266,41,2459.44,9271.37,3.7697,4.0
MC-00688,2024-03-27,JP,Sapporo,Designer,budget,Japanese,social_media,acquisition,60362,1099,76,6416.54,9425.74,1.469,1.0
MC-01518,2024-03-27,US,Phoenix,Lawyer,budget,English,display,retention,26289,272,6,1995.02,1185.23,0.5941,6.0
MC-02600,2024-03-27,FR,Bordeaux,Architect,premium,French,email,awareness,9976,368,6,9040.12,29795.9,3.296,6.0
MC-01920,2024-03-27,DE,Munich,Data Scientist,budget,German,search,awareness,1460,104,2,2477.83,391.3,0.1579,2.0
MC-02234,2024-03-27,DE,Cologne,HR Manager,mid,German,influencer,awareness,212302,4887,225,2861.79,148629.56,51.9359,3.0
MC-00388,2024-03-27,MX,Mexico City,Consultant,mid,Spanish,influencer,acquisition,70637,1770,95,1288.63,84484.42,65.5614,9.0
MC-02554,2024-03-27,US,San Francisco,Lawyer,budget,English,search,acquisition,63074,4736,308,885.52,63327.48,71.5145,1.0
MC-00892,2024-03-27,IN,Kolkata,Writer,mid,Hindi,social_media,retention,88070,1796,29,9258.15,17332.39,1.8721,2.0
MC-00905,2024-03-27,GB,Leeds,Accountant,mid,English,influencer,awareness,31519,737,58,17491.98,47481.41,2.7145,9.0
MC-01502,2024-03-27,DE,Frankfurt,Marketing Manager,budget,German,search,awareness,189617,14942,752,872.41,123115.91,141.1216,6.0
MC-02824,2024-03-27,US,Houston,Product Manager,mid,English,social_media,acquisition,101995,1775,60,640.92,55938.71,87.2788,2.0
MC-01593,2024-03-27,BR,Fortaleza,Lawyer,budget,Portuguese,content_marketing,re_engagement,48751,620,36,951.21,6932.79,7.2884,9.0
MC-00916,2024-03-27,GB,London,Physician,premium,English,display,retention,254550,3111,145,461.45,973542.59,2109.7466,3.0
MC-00965,2024-03-27,GB,Leeds,Sales Rep,premium,English,social_media,retention,109817,1616,126,1052.13,341713.37,324.7825,3.0
MC-00967,2024-03-27,FR,Paris,Consultant,budget,French,social_media,retention,400145,8816,330,3845.47,49894.28,12.9748,8.0
MC-02503,2024-03-27,US,Los Angeles,Designer,budget,English,social_media,awareness,64695,1389,80,533.27,7031.83,13.1862,2.0
MC-01744,2024-03-27,US,Los Angeles,Researcher,budget,English,social_media,acquisition,99212,2184,63,487.55,10243.46,21.0101,7.0
MC-01951,2024-03-27,US,Seattle,Lawyer,mid,English,social_media,acquisition,49505,822,62,3110.32,71763.28,23.0726,3.0
MC-01014,2024-03-27,US,Chicago,Teacher,mid,English,social_media,acquisition,48677,1224,12,3466.75,6094.91,1.7581,9.0
MC-00342,2024-03-27,IL,Haifa,Teacher,budget,Hebrew,influencer,retention,42436,947,56,18192.84,5288.21,0.2907,7.0
MC-00224,2024-03-27,BR,Salvador,HR Manager,mid,Portuguese,search,re_engagement,84938,7484,196,6557.66,121456.52,18.5213,10.0
MC-02535,2024-03-27,SG,Singapore,Writer,mid,English,search,acquisition,26499,1740,135,2179.55,62382.23,28.6216,2.0
MC-01334,2024-03-28,FR,Lyon,Lawyer,budget,French,social_media,acquisition,248097,5300,86,11921.13,16091.25,1.3498,1.0
MC-02291,2024-03-28,GB,London,Accountant,mid,English,social_media,retention,158925,2824,183,1205.28,136202.87,113.0052,6.0
MC-01407,2024-03-28,ES,Valencia,Data Scientist,mid,Spanish,email,acquisition,38891,1443,43,353.68,47125.27,133.2427,7.0
MC-01420,2024-03-28,FR,Marseille,Physician,mid,French,social_media,re_engagement,282777,4718,258,301.73,343247.53,1137.5983,10.0
MC-02907,2024-03-28,IN,Chennai,Accountant,mid,Hindi,social_media,awareness,98557,2134,148,547.6,138064.59,252.1267,1.0
MC-02255,2024-03-28,CA,Vancouver,Accountant,budget,English,email,acquisition,16287,504,35,384.38,4955.38,12.8919,3.0
MC-00202,2024-03-28,MX,Puebla,Designer,mid,Spanish,social_media,retention,103187,1775,70,13773.76,43326.03,3.1455,10.0
MC-01403,2024-03-28,US,Houston,Teacher,mid,English,content_marketing,acquisition,25536,488,6,1436.93,3449.14,2.4004,7.0
MC-02962,2024-03-28,US,San Francisco,Marketing Manager,mid,English,email,re_engagement,28653,718,46,982.29,31728.05,32.3001,10.0
MC-01335,2024-03-28,SG,Singapore,Sales Rep,mid,English,social_media,acquisition,82727,1665,100,648.16,46764.75,72.15,3.0
MC-01972,2024-03-28,US,New York,Designer,mid,English,search,acquisition,151640,13741,198,1278.21,125866.4,98.4708,1.0
MC-01956,2024-03-28,US,Phoenix,Accountant,mid,English,social_media,acquisition,316687,6999,367,41205.0,238796.64,5.7953,1.0
MC-02711,2024-03-28,AU,Perth,Product Manager,mid,English,social_media,acquisition,32620,827,47,5392.48,38964.91,7.2258,8.0
MC-01954,2024-03-28,ZA,Port Elizabeth,Writer,premium,Afrikaans,content_marketing,retention,10653,136,9,5763.63,22324.11,3.8733,10.0
MC-00605,2024-03-28,MX,Mexico City,Data Scientist,mid,Spanish,social_media,retention,118452,1821,108,508.46,100394.55,197.4483,6.0
MC-00613,2024-03-28,IN,Delhi,Sales Rep,mid,Hindi,social_media,retention,106950,2634,185,2406.72,96715.2,40.1855,6.0
MC-00023,2024-03-28,FR,Bordeaux,Physician,premium,French,social_media,acquisition,68197,1080,34,899.9,174013.02,193.3693,6.0
MC-00032,2024-03-28,US,San Francisco,Software Engineer,budget,English,influencer,awareness,130222,2820,32,1777.96,7929.44,4.4599,5.0
MC-01832,2024-03-28,US,Los Angeles,Data Scientist,mid,English,social_media,acquisition,188482,4517,55,4985.7,67199.8,13.4785,6.0
MC-00850,2024-03-28,US,Houston,HR Manager,budget,English,search,retention,64841,6040,437,610.62,49147.04,80.4871,9.0
MC-01607,2024-03-28,SG,Singapore,Researcher,premium,English,social_media,acquisition,62842,1099,41,429.66,170986.61,397.9579,3.0
MC-02068,2024-03-28,GB,London,Architect,mid,English,search,acquisition,98886,6948,224,1678.48,203613.59,121.3083,10.0
MC-02547,2024-03-28,ZA,Port Elizabeth,Consultant,budget,Afrikaans,social_media,awareness,124997,2895,36,306.96,6101.22,19.8763,1.0
MC-00233,2024-03-28,FR,Toulouse,Architect,budget,French,email,acquisition,10527,254,6,2554.52,1195.76,0.4681,3.0
MC-02182,2024-03-28,GB,Manchester,Writer,mid,English,search,acquisition,141955,12811,716,3181.13,328967.93,103.4123,1.0
MC-01271,2024-03-28,ZA,Johannesburg,Physician,mid,Afrikaans,search,retention,121749,10920,228,2348.47,217425.81,92.5819,10.0
MC-02180,2024-03-28,FR,Bordeaux,Writer,budget,French,email,retention,8436,265,7,558.23,852.95,1.528,4.0
MC-00100,2024-03-28,US,Los Angeles,Designer,premium,English,social_media,acquisition,59057,1424,42,5317.56,128576.83,24.1797,9.0
MC-01758,2024-03-28,ZA,Durban,Accountant,budget,Afrikaans,search,acquisition,78852,4235,338,1155.11,55127.1,47.7245,2.0
MC-00104,2024-03-28,CA,Montreal,Product Manager,budget,English,email,acquisition,14601,316,7,10333.79,1069.0,0.1034,3.0
MC-02077,2024-03-29,FR,Paris,Teacher,mid,French,email,awareness,6002,208,6,3008.98,3447.07,1.1456,5.0
MC-00006,2024-03-29,AU,Brisbane,Teacher,mid,English,search,retention,58937,5244,183,287.49,82092.42,285.5488,3.0
MC-02941,2024-03-29,BR,Fortaleza,HR Manager,mid,Portuguese,email,acquisition,92198,2739,103,138.79,50277.86,362.2585,3.0
MC-01635,2024-03-29,IN,Chennai,Lawyer,mid,Hindi,email,acquisition,21433,725,14,4428.53,16810.81,3.796,10.0
MC-01874,2024-03-29,IN,Delhi,Sales Rep,budget,Hindi,search,retention,2720,203,8,842.74,922.67,1.0948,6.0
MC-02045,2024-03-29,US,Los Angeles,Physician,budget,English,display,awareness,82491,1156,81,16824.45,18366.18,1.0916,5.0
MC-02057,2024-03-29,IN,Kolkata,Lawyer,mid,Hindi,social_media,acquisition,45810,832,35,12722.58,36823.5,2.8943,6.0
MC-01702,2024-03-29,DE,Frankfurt,Product Manager,premium,German,content_marketing,awareness,24118,547,25,7496.36,109758.82,14.6416,4.0
MC-01706,2024-03-29,US,Seattle,Marketing Manager,budget,English,search,retention,47069,4275,280,679.25,36801.92,54.1802,7.0
MC-01713,2024-03-29,IN,Chennai,Architect,mid,Hindi,social_media,acquisition,14675,206,12,25614.11,13393.92,0.5229,2.0
MC-02999,2024-03-29,NL,Utrecht,HR Manager,budget,Dutch,social_media,acquisition,17370,318,23,9743.54,2446.22,0.2511,6.0
MC-01873,2024-03-29,BR,Salvador,Teacher,mid,Portuguese,display,retention,500000,4616,77,3224.73,43511.58,13.4931,4.0
MC-01487,2024-03-29,AU,Sydney,Teacher,budget,English,social_media,awareness,73327,1383,80,5586.49,8662.68,1.5506,6.0
MC-00457,2024-03-29,MX,Mexico City,Writer,mid,Spanish,social_media,retention,11625000,198739,5775,6164.4,3734064.23,605.7466,8.0
MC-00625,2024-03-29,IN,Bangalore,Designer,premium,Hindi,email,acquisition,27558,970,77,4013.92,183614.39,45.7444,6.0
MC-00623,2024-03-29,DE,Berlin,Designer,premium,German,display,awareness,27084,320,15,1137.17,35321.48,31.0609,1.0
MC-02825,2024-03-29,GB,Glasgow,Software Engineer,budget,English,email,awareness,3967,83,3,29816.11,692.22,0.0232,1.0
MC-01194,2024-03-29,SG,Singapore,Writer,mid,English,influencer,acquisition,52803,1196,25,1075.49,13110.5,12.1903,9.0
MC-00785,2024-03-29,FR,Paris,Teacher,mid,French,social_media,awareness,79765,1878,137,3972.59,85539.89,21.5325,10.0
MC-01135,2024-03-29,FR,Bordeaux,Sales Rep,mid,French,email,acquisition,1000,23,1,2802.41,496.28,0.1771,7.0
MC-00297,2024-03-29,CA,Vancouver,Product Manager,premium,English,social_media,awareness,500000,10872,638,600.67,2099358.28,3495.0277,5.0
MC-00614,2024-03-29,ES,Valencia,Designer,budget,Spanish,search,acquisition,106119,8107,271,1161.89,31078.27,26.748,8.0
MC-02412,2024-03-29,AU,Perth,Accountant,budget,English,influencer,retention,135165,3082,161,134.34,27689.38,206.1142,9.0
MC-00838,2024-03-29,US,New York,Consultant,budget,English,search,awareness,31213,1933,114,3730.58,15633.16,4.1905,1.0
MC-01085,2024-03-29,IN,Hyderabad,Product Manager,mid,Hindi,display,acquisition,439764,5220,332,2429.37,247443.99,101.8552,4.0
MC-01066,2024-03-29,AU,Melbourne,Writer,premium,English,email,retention,10919,414,4,8708.94,10687.27,1.2272,1.0
MC-00386,2024-03-29,BR,Salvador,Researcher,mid,Portuguese,social_media,acquisition,33462,781,28,443.8,22042.88,49.6685,4.0
MC-00873,2024-03-29,US,New York,Teacher,mid,English,social_media,acquisition,263900,6656,324,3830.49,191916.43,50.1023,4.0
MC-00914,2024-03-29,GB,Manchester,Teacher,budget,English,email,re_engagement,26696,827,36,522.61,4022.64,7.6972,5.0
MC-01115,2024-03-29,CA,Calgary,Sales Rep,mid,English,influencer,acquisition,19011,485,18,297.88,9075.87,30.4682,8.0
MC-01268,2024-03-29,IL,Netanya,Accountant,budget,Hebrew,social_media,awareness,18245,335,17,3469.83,2695.29,0.7768,8.0
MC-00915,2024-03-29,GB,London,Software Engineer,mid,English,email,retention,6847,217,14,812.57,14112.52,17.3678,10.0
MC-01345,2024-03-29,CA,Vancouver,Physician,mid,English,social_media,retention,164697,2538,165,720.36,200613.08,278.49,1.0
MC-02694,2024-03-29,SG,Singapore,Software Engineer,budget,English,social_media,awareness,19202,382,25,2673.28,5536.69,2.0711,10.0
MC-01375,2024-03-29,IN,Delhi,Data Scientist,premium,Hindi,email,acquisition,6409,185,6,2553.65,39149.56,15.3308,4.0
MC-02892,2024-03-29,IN,Kolkata,Architect,mid,Hindi,search,awareness,65035,4697,112,2614.8,117861.87,45.0749,9.0
MC-00599,2024-03-29,JP,Sapporo,Teacher,mid,Japanese,social_media,re_engagement,103610,2596,45,1586.01,29441.93,18.5635,4.0
MC-01440,2024-03-29,GB,Bristol,Physician,premium,English,social_media,retention,156925,3689,112,3398.09,604588.17,177.92,10.0
MC-02262,2024-03-29,IN,Pune,Teacher,budget,Hindi,influencer,awareness,14778,293,9,26108.84,890.38,0.0341,2.0
MC-01436,2024-03-29,IN,Hyderabad,Lawyer,budget,Hindi,social_media,acquisition,40735,884,54,2210.25,9968.64,4.5102,1.0
MC-02895,2024-03-29,US,Houston,Physician,budget,English,search,acquisition,3822,219,9,983.82,2254.89,2.292,9.0
MC-02897,2024-03-29,US,San Francisco,Accountant,mid,English,social_media,acquisition,73702,1478,45,5608.9,41393.65,7.38,7.0
MC-00447,2024-03-29,IN,Delhi,Physician,budget,Hindi,social_media,awareness,51910,1299,56,1985.99,9466.32,4.7665,5.0
MC-02326,2024-03-29,US,Houston,HR Manager,premium,English,search,acquisition,78696,4617,143,661.23,461889.92,698.5314,7.0
MC-01412,2024-03-29,US,Seattle,Lawyer,budget,English,social_media,retention,230905,3599,114,543.73,22668.8,41.6913,7.0
MC-02770,2024-03-30,CA,Vancouver,Software Engineer,premium,English,search,acquisition,6848,560,43,936.63,277365.27,296.1311,6.0
MC-00813,2024-03-30,IN,Mumbai,Software Engineer,mid,Hindi,social_media,awareness,446202,9405,464,1924.19,621114.54,322.7927,10.0
MC-01862,2024-03-30,NL,Utrecht,Designer,budget,Dutch,email,retention,46610,1033,47,4365.37,5503.56,1.2607,8.0
MC-00810,2024-03-30,AU,Sydney,Lawyer,mid,English,search,re_engagement,70497,5253,298,1378.26,391941.62,284.3742,4.0
MC-02051,2024-03-30,US,San Francisco,Physician,premium,English,email,awareness,114215,4145,123,1812.67,797843.38,440.1482,3.0
MC-00544,2024-03-30,US,Chicago,Marketing Manager,mid,English,search,awareness,42830,3933,249,1696.01,183630.93,108.2723,5.0
MC-01863,2024-03-30,US,San Francisco,Accountant,mid,English,display,re_engagement,500000,7127,128,17828.03,110069.03,6.1739,10.0
MC-02718,2024-03-30,ZA,Cape Town,Sales Rep,mid,Afrikaans,social_media,acquisition,20435,322,15,297.94,9005.72,30.2266,3.0
MC-02794,2024-03-30,US,Houston,Software Engineer,mid,English,influencer,acquisition,61502,1807,79,1324.9,85677.82,64.6674,7.0
MC-02651,2024-03-30,NL,Rotterdam,Data Scientist,mid,Dutch,email,acquisition,8089,270,5,2621.24,4923.13,1.8782,4.0
MC-00541,2024-03-30,NL,Utrecht,HR Manager,mid,Dutch,social_media,re_engagement,358862,7608,393,8202.67,226446.59,27.6064,5.0
MC-02108,2024-03-30,US,Phoenix,Teacher,mid,English,search,awareness,84089,7013,433,1652.63,241893.91,146.3691,9.0
MC-01989,2024-03-30,ES,Valencia,Marketing Manager,budget,Spanish,email,awareness,23987,572,24,1372.19,3060.34,2.2303,10.0
MC-00981,2024-03-30,US,Houston,HR Manager,budget,English,email,acquisition,5892,194,4,958.06,426.1,0.4448,10.0
MC-00178,2024-03-30,GB,Birmingham,Sales Rep,budget,English,display,retention,23589,290,4,3648.61,424.35,0.1163,5.0
MC-01384,2024-03-30,FR,Marseille,Sales Rep,mid,French,social_media,acquisition,500000,9816,749,12067.11,390918.52,32.3954,10.0
MC-02359,2024-03-30,GB,Birmingham,Software Engineer,budget,English,email,re_engagement,22456,853,46,1151.17,8096.5,7.0333,7.0
MC-01188,2024-03-30,US,New York,Lawyer,mid,English,email,awareness,37049,1304,42,1085.9,51338.04,47.2769,7.0
MC-01767,2024-03-30,IN,Chennai,Writer,mid,Hindi,search,awareness,34920,2003,88,695.94,58654.31,84.2807,2.0
MC-02396,2024-03-30,DE,Hamburg,Software Engineer,mid,German,social_media,acquisition,500000,7050,534,4903.47,671912.88,137.028,5.0
MC-02133,2024-03-30,US,Los Angeles,Physician,mid,English,search,awareness,225516,14472,180,4092.8,203645.17,49.7569,8.0
MC-02387,2024-03-30,US,Chicago,Designer,budget,English,influencer,acquisition,60640,1713,123,3065.03,14298.86,4.6652,2.0
MC-00999,2024-03-30,GB,London,Researcher,budget,English,display,awareness,63339,824,48,1802.06,6279.62,3.4847,4.0
MC-01023,2024-03-30,GB,Birmingham,Marketing Manager,mid,English,search,awareness,94155,8097,577,611.28,459360.64,751.4734,5.0
MC-01130,2024-03-30,ES,Bilbao,Lawyer,mid,Spanish,email,acquisition,3851,97,1,2468.72,1097.13,0.4444,7.0
MC-01856,2024-03-31,MX,Puebla,Teacher,mid,Spanish,email,retention,143380,5465,223,351.59,111343.15,316.6846,2.0
MC-02904,2024-03-31,AU,Sydney,Product Manager,mid,English,social_media,re_engagement,84670,1638,128,776.59,98372.49,126.6724,1.0
MC-00528,2024-03-31,US,New York,Lawyer,premium,English,influencer,acquisition,34920,679,13,1564.76,59115.31,37.7792,6.0
MC-02211,2024-03-31,DE,Frankfurt,Writer,mid,German,social_media,retention,259295,6194,164,795.69,81995.5,103.0496,2.0
MC-01561,2024-03-31,ZA,Durban,Software Engineer,mid,Afrikaans,display,awareness,189333,2720,27,10631.71,32901.64,3.0947,6.0
MC-01579,2024-03-31,FR,Marseille,Software Engineer,premium,French,influencer,awareness,57882,1232,42,9439.74,255423.1,27.0583,9.0
MC-02311,2024-03-31,DE,Frankfurt,HR Manager,budget,German,display,acquisition,9315,133,8,1526.25,771.03,0.5052,7.0
MC-01260,2024-03-31,US,New York,Marketing Manager,premium,English,search,awareness,10427,750,38,1429.52,132622.38,92.7741,7.0
MC-01619,2024-03-31,DE,Berlin,Writer,budget,German,social_media,awareness,144625,2897,121,4430.59,10182.72,2.2983,8.0
MC-02921,2024-03-31,DE,Frankfurt,Accountant,premium,German,display,acquisition,370590,3661,139,6689.86,454081.25,67.876,7.0
MC-00668,2024-03-31,US,Chicago,Physician,premium,English,social_media,retention,39272,954,14,18306.23,88012.77,4.8078,2.0
MC-00673,2024-03-31,US,Phoenix,Data Scientist,budget,English,email,retention,1000,31,0,4860.79,0.0,0.0,8.0
MC-00711,2024-03-31,NL,Eindhoven,Product Manager,premium,Dutch,influencer,awareness,76089,1368,82,2333.24,385253.48,165.1152,2.0
MC-02570,2024-03-31,NL,The Hague,Sales Rep,mid,Dutch,social_media,retention,212017,3493,148,408.85,73268.86,179.2072,8.0
MC-00410,2024-03-31,US,Houston,HR Manager,premium,English,influencer,retention,24813,745,54,7002.99,151403.26,21.6198,2.0
MC-02801,2024-03-31,DE,Hamburg,Data Scientist,mid,German,email,acquisition,11863,383,25,11275.2,29014.65,2.5733,9.0
MC-00405,2024-03-31,NL,Eindhoven,HR Manager,budget,Dutch,influencer,retention,192787,5489,245,282.94,26783.17,94.6602,3.0
MC-02148,2024-03-31,FR,Paris,Software Engineer,mid,French,email,acquisition,154070,4652,295,1014.07,345145.66,340.3568,3.0
MC-01109,2024-03-31,ES,Barcelona,Software Engineer,budget,Spanish,search,awareness,56315,3450,243,283.93,59180.69,208.4341,2.0
MC-01131,2024-03-31,CA,Vancouver,Consultant,budget,English,search,re_engagement,64621,3396,92,933.21,16420.11,17.5953,3.0
MC-02441,2024-03-31,US,Chicago,Marketing Manager,mid,English,social_media,retention,190310,3720,235,1720.47,190206.6,110.555,2.0
MC-01478,2024-03-31,US,Phoenix,Researcher,premium,English,email,acquisition,1834,62,4,7974.88,14929.47,1.8721,5.0
